irn,district,distribution,counties,amount
000125,POLLY FOX ACADEMY,2015-08,2,2094.41
000130,PHOENIX ACADEMY,2015-08,3,12011.05
000131,GLASS CITY ACADEMY INC,2015-08,3,6156.85
000138,PATHWAY SCHOOL OF DISCOVERY,2015-08,6,18530.58
000139,ALLIANCE ACADEMY,2015-08,2,12462.6
000162,NEWARK DIGITAL ACADEMY,2015-08,8,9368.94
000197,HAMILTON ALTERNATIVE ACADEMY,2015-08,1,908.2
000222,WILDWOOD ENVIRONMENTAL ACADEMY,2015-08,3,8604.89
000236,OHIO CONNECTIONS ACADEMY INC,2015-08,88,81637.61
000241,QUAKER DIGITAL ACADEMY,2015-08,45,17238.9
000282,GREATER OHIO VIRTUAL SCHOOL,2015-08,16,11249.58
000288,AUGLAIZE COUNTY EDUCATIONAL,2015-08,7,1699.52
000296,SUMMIT ACAD. COMM. SCHOOL,2015-08,2,1412.75
000297,SUMMIT ACAD. COMM. SCHOOL DAY,2015-08,4,4014.15
000298,SUMMIT ACADEMY SECONDARY,2015-08,3,1539.3
000300,SUMMIT ACAD. SEC. SCHOOL,2015-08,4,2225.34
000301,SUMMIT ACAD. SEC. SCHOOL LOR,2015-08,1,1967.45
000302,SUMMIT ACAD. COMM. SCHOOL PAR,2015-08,4,4818
000303,SUMMIT ACAD. SEC. SCHOOL,2015-08,3,6349.43
000304,SUMMIT ACAD. COMM. SCHOOL TOL,2015-08,2,3103.68
000305,SUMMIT ACAD. COMM. SCHOOL WAR,2015-08,3,2726.44
000306,SUMMIT ACAD. COMM. SCHOOL,2015-08,4,3180.2
000311,BRIDGES COMMUNITY ACADEMY,2015-08,4,3699.62
000316,CONSTELLATION SCHOOLS WESTPARK,2015-08,3,4817.9
000318,MENLO PARK ACADEMY,2015-08,9,9157.59
000319,CONSTELLATION SCH MADISON,2015-08,1,8046.58
000320,CONSTELLATION SCHOOLS LORAIN,2015-08,1,3077.29
000321,CONSTELLATION SCH OLD BROOKLYN,2015-08,2,5120.55
000338,HORIZON SCI ACADEMY,2015-08,1,14130.43
000360,MIAMISBURG SECONDARY DIGITAL,2015-08,1,1817.36
000392,MANSFIELD ENHANCEMENT ACADEMY,2015-08,1,631.24
000396,MANSFIELD ELECTIVE ACADEMY,2015-08,1,807.99
000402,FINDLAY DIGITAL ACADEMY,2015-08,1,3592.32
000417,BUCKEYE ON-LINE SCH FOR SUCCS,2015-08,63,25113.27
000420,COLUMBUS BILINGUAL ACADEMY,2015-08,1,4389.63
000442,MANCHESTER LOCAL SCHOOL DIST,2015-08,3,21086.72
000509,WHITEHALL PREPARATORY &,2015-08,1,6130.35
000510,SPRINGFIELD PREPARATORY &,2015-08,1,4038.83
000511,NORTHLAND PREPARATORY &,2015-08,1,6988.09
000525,PROJECT REBUILD COMMUNITY SCHL,2015-08,1,2023.17
000527,CASTLE HIGH SCHOOL INC,2015-08,1,5120.55
000534,CONSTELLATION SCHOOLS PURITAS,2015-08,1,3657.53
000541,CONSTELLATION SCH OUTREACH,2015-08,12,757.39
000543,PINNACLE ACADEMY,2015-08,3,17909.33
000546,WINTERFIELD VENTURE ACADEMY,2015-08,1,13852.87
000553,COLUMBUS HUMANITIES ARTS &,2015-08,1,8804.49
000556,A+ ARTS ACADEMY,2015-08,1,11049.76
000557,COLUMBUS ARTS &,2015-08,1,13067.99
000558,COLUMBUS PREPARATORY ACADEMY,2015-08,2,15388.99
000559,ORION ACADEMY,2015-08,3,14001.35
000560,APEX ACADEMY,2015-08,2,14453.6
000564,VIRTUAL SCHOOLHOUSE INC,2015-08,3,10165.44
000575,HOPE ACADEMY NORTHWEST CAMPUS,2015-08,1,6558.34
000576,KING ACADEMY COMMUNITY SCHOOL,2015-08,1,3683.22
000577,EMERSON ACADEMY,2015-08,3,17568.16
000585,FCI ACADEMY INC,2015-08,1,7240.37
000598,COSHOCTON OPPORTUNITY SCHOOL,2015-08,1,985.59
000608,SUMMIT ACADEMY TRANSITION HIGH,2015-08,4,2195.73
000609,SUMMIT ACAD. MIDDLE SCH LORAIN,2015-08,2,2522.45
000610,SUMMIT ACAD. MIDDLE SCH COL.,2015-08,4,2447.07
000613,HEIR FORCE COMMUNITY SCHOOL,2015-08,2,7007.94
000614,SUMMIT ACADEMY TRANSITION HIGH,2015-08,4,4819
000616,SUMMIT ACAD. SCH FOR ALT.,2015-08,2,2524.33
000621,SUMMIT ACADEMY TRANSITION HIGH,2015-08,5,3307.79
000623,SUMMIT ACADEMY - YOUNGSTOWN,2015-08,3,5211.95
000629,SUMMIT ACADEMY COMMUNITY,2015-08,3,2119.32
000633,SUMMIT ACAD. TOLEDO LEARN,2015-08,3,4542.08
000634,SUMMIT ACADEMY SECONDARY,2015-08,4,2045.28
000640,RITTMAN ACADEMY,2015-08,3,858.65
000664,LIFE SKILLS CENTER OF COLUMBUS,2015-08,3,4263.56
000677,NEW DAY ACADEMY BOARDING,2015-08,2,4338.6
000679,OAKSTONE COMMUNITY SCHOOL,2015-08,9,6561.05
000725,ZENITH ACADEMY,2015-08,1,11226.36
000736,PHOENIX VILL. ACAD. PRIMARY 2,2015-08,1,2623.34
000738,PHOENIX VILL. ACAD. SEC. 1,2015-08,1,2875.58
000770,MARITIME ACADEMY OF TOLEDO INC,2015-08,2,5980.36
000779,EDUCATIONAL ACADEMY FOR BOYS,2015-08,1,2775.06
000780,MIDNIMO CROSS CULTURAL MIDDLE,2015-08,1,2875.97
000781,CINCINNATI SPEECH,2015-08,2,6761.17
000804,HORIZON SCIENCE ACADEMY,2015-08,1,10091
000808,HORIZON SCIENCE ADADEMY DAYTON,2015-08,1,4114.29
000813,LIFE SKILLS CENTER OF DAYTON,2015-08,3,5957.41
000825,HORIZON SCIENCE ACADEMY,2015-08,1,9916.53
000838,HORIZON SCIENCE ACADEMY-,2015-08,2,7365.54
000843,BENNETT VENTURE ACADEMY,2015-08,2,19076.12
000855,STAMBAUGH CHARTER ACADEMY,2015-08,3,12679.47
000858,HORIZON SCIENCE ACAD CLEVELAND,2015-08,1,7113.27
000875,WESTSIDE ACADEMY INC,2015-08,1,4768.05
000905,IMAC INC,2015-08,2,1313.02
000912,ACADEMIC ACCELERATION ACADEMY,2015-08,2,4969.89
000930,CLEVELAND ENTREPRENEURSHIP,2015-08,1,7264.62
000936,PROMISE ACADEMY,2015-08,1,7188.95
000938,PREMIER ACADEMY OF OHIO,2015-08,1,2144.36
000941,PAR EXCELLENCE ACADEMY,2015-08,1,3358.57
000942,LAKEWOOD CITY ACADEMY,2015-08,1,4035.9
000946,CLEVELAND LIGHTHOUSE COMM.,2015-08,1,4641.28
000949,VILLAVIEW LIGHTHOUSE COMM.,2015-08,1,3682.76
000951,TOLEDO PREP. AND FITNESS ACAD,2015-08,1,4592.39
000952,COLUMBUS PREPARATORY,2015-08,1,7038.55
000953,CINCINNATI PREPARATORY &,2015-08,2,6130.31
007984,YOUNGSTOWN ACAD OF EXCELLENCE,2015-08,1,3998.74
007995,CLEVELAND ARTS  SCI.,2015-08,1,8273.6
007998,CENTER FOR STUDENT ACHIEVEMENT,2015-08,1,1367.47
007999,CHARLES SCHOOL,2015-08,4,8703.74
008000,MANSFIELD PREPARATORY ACADEMY,2015-08,1,7390.53
008063,LIFE SKILLS CTR OF NORTH AKRON,2015-08,1,2876.64
008064,ACADEMY OF ARTS,2015-08,1,4691.6
008251,MAHONING VALLEY,2015-08,1,2556.16
008278,NOBLE ACADEMY-CLEVELAND INC,2015-08,2,9383.49
008280,NOBLE ACADEMY-COLUMBUS INC,2015-08,1,7391.74
008281,SOUTH SCIOTO ACADEMY,2015-08,1,4692.37
008282,LIFE SKILLS CTR OF COL. NORTH,2015-08,2,2825.53
008283,DAYTON TECH. DESIGN HIGH SCH,2015-08,1,3912.37
008286,HARVARD AVE COMMUNITY SCHOOL,2015-08,2,13949.09
008287,GROVEPORT COMMUNITY SCHOOL,2015-08,2,19955.37
008289,EAGLE LEARNING CENTER INC,2015-08,3,2221.38
009122,COLUMBUS COLLEGIATE,2015-08,4,5575.42
009147,NORTHPOINTE ACADEMY,2015-08,1,9184.78
009148,ZANESVILLE COMM. HIGH SCH,2015-08,1,2585.73
009149,CONSTELLATION SCHOOLS WESTSIDE,2015-08,2,8979.89
009154,CINCINNATI LEADERSHIP ACADEMY,2015-08,2,4288.73
009163,CM GRANT LEADERSHIP ACADEMY,2015-08,2,2346.26
009164,CENTRAL ACADEMY OF OHIO,2015-08,1,4693.32
009171,STAR ACADEMY OF TOLEDO,2015-08,1,4138.2
009179,HORIZON SCIENCE ACADEMY INC,2015-08,2,10873.17
009181,CLAY AVENUE COMMUNITY SCHOOL,2015-08,1,12666.92
009192,FOUNDATION ACADEMY,2015-08,2,9317.42
009283,DAYTON EARLY COLLEGE ACAD.,2015-08,2,10929.53
009953,SULLIVANT AVE COMM. SCHOOL,2015-08,2,10873.18
009954,HARRISBURG PIKE COMM. SCHOOL,2015-08,1,9233.37
009955,MADISON AVENUE SCHOOL OF ARTS,2015-08,2,14206.2
009957,KLEPINGER COMMUNITY SCHOOL,2015-08,2,10626.48
009964,SCIOTOVILLE ELEMENTARY ACADEMY,2015-08,2,3490.71
009971,ASHLAND CTY COMM. ACADEMY,2015-08,5,2920.43
009990,HORIZON SCI. ACAD. ELEMENTARY,2015-08,1,13421.18
009996,MAHONING COUNTY HIGH SCHOOL,2015-08,3,2024.51
009997,KIPP CENTRAL OHIO,2015-08,3,15540.45
010007,HORIZON SCI. ACAD. DENISON,2015-08,1,4515.16
010036,CESAR CHAVEZ COLLEGE PREP.,2015-08,1,5878.07
010180,MOUNT AUBURN INT. ACAD.,2015-08,1,14152.63
010182,PERFORMANCE ACADEMY EASTLAND,2015-08,1,8400.85
010205,L HOLLINGWORTH SCH FOR TAL.,2015-08,2,7746.54
011291,VILLAGE PREPARATORY SCHOOL,2015-08,1,10518.56
011324,HARDIN COMMUNITY SCHOOL,2015-08,1,1264.13
011381,GREATER SUMMIT CTY EARLY LEARN,2015-08,3,3230.12
011390,BELLA ACADEMY OF EXCELLENCE,2015-08,2,7163.73
011436,PLEASANT EDUCATION ACADEMY,2015-08,1,505.19
011439,RENAISSANCE ACADEMY,2015-08,2,4717.69
011444,RUSHMORE ACADEMY,2015-08,3,6163.52
011468,COLUMBUS BILINGUAL ACAD. - N.,2015-08,3,7896.32
011479,LIFELINKS COMMUNITY SCHOOL,2015-08,3,2121.3
011487,FALCON ACAD. OF CREATIVE ARTS,2015-08,4,4832.48
011506,DAYTON REGIONAL STEM SCHOOL,2015-08,7,15029.52
011507,ACHIEVE CAREER PREP. ACAD.,2015-08,1,4743.79
011511,NORTH CENTRAL ACADEMY,2015-08,3,1602.35
011533,HORIZON SCI. ACAD. OF LORAIN,2015-08,1,13696.45
011534,HORIZON SCIENCE ACADEMY DAYTON,2015-08,1,7244.19
011923,NORTHEAST OHIO COLLEGE PREP.,2015-08,3,14050.02
011947,IMAGINE AKRON ACADEMY,2015-08,1,1690.66
011948,IMAGINE CLEVELAND ACADEMY,2015-08,1,5549.36
011956,RCCS,2015-08,2,2548.15
011967,RICHLAND ACAD. SCH OF EXC.,2015-08,6,4797.99
011972,GRAHAM EXPED. MIDDLE SCHOOL,2015-08,4,3885.23
011976,HORIZON SCIENCE ACADEMY DAYTON,2015-08,1,5174.42
011986,HORIZON SCI. ACAD. YOUNGSTOWN,2015-08,2,10022.1
012000,CRUISER ACADEMY,2015-08,2,5096.04
012009,ZENITH ACADEMY-EAST,2015-08,1,7366.51
012010,CLEVELAND COLLEGE PREP.,2015-08,1,7037.6
012011,COLUMBUS PERFORMANCE ACADEMY,2015-08,1,3910.31
012025,CONSTELLATION SCH STOCKYARD,2015-08,1,2017.95
012026,CONSTELLATION SCHOOLS CENTRAL,2015-08,2,2724.24
012029,CITIZENS LEADERSHIP ACADEMY,2015-08,1,6533.11
012030,NEAR WEST SCHOOL,2015-08,1,3758.43
012031,ENTREPRENEURSHIP PREP. SCHOOL,2015-08,1,6255.65
012033,FOXFIRE INTERMEDIATE SCHOOL,2015-08,5,3573.72
012036,THURGOOD MARSHALL HIGH SCHOOL,2015-08,1,1387.34
012037,NEW BEGINNINGS ACADEMY,2015-08,1,983.88
012038,LANGSTON HUGHES HIGH SCHOOL,2015-08,1,1740.48
012040,ROAD TO SUCCESS ACADEMY,2015-08,1,3027.33
012041,THE ARCH ACADEMY,2015-08,1,1009.11
012042,GEORGE V VOINOVICH RECLAMATION,2015-08,1,2522.44
012043,FREDERICK DOUGLASS RECLAMATION,2015-08,1,2295.42
012044,CAPITAL HIGH SCHOOL,2015-08,1,5827.62
012045,PATRIOT PREPARATORY ACADEMY,2015-08,3,14279.64
012052,IMAGINE ON SUPERIOR,2015-08,1,3388.8
012054,NORTH CENTRAL ACADEMY FREMONT,2015-08,5,2382.52
012060,AKROS MIDDLE SCHOOL,2015-08,1,3128.98
012078,QUEST COMMUNITY SCHOOL,2015-08,2,1690.03
012105,SOUTHSIDE ACADEMY INC,2015-08,1,4732.69
012391,METRO EARLY COLLEGE HIGH SCH,2015-08,6,17534.4
012497,PICKERINGTON COMMUNITY SCHOOL,2015-08,2,1995.39
012501,BEACON HILL COMMUNITY SCHOOL,2015-08,3,1919.18
012513,CINCINNATI COLLEGE PREPARATORY,2015-08,1,6357.33
012528,ACADEMY FOR URBAN SOLUTIONS,2015-08,1,6861.95
012529,FOCUS NORTH HIGH SCHOOL,2015-08,2,4818.53
012536,UBAH MATH  ACADEMY,2015-08,1,4541
012541,UNIVERSITY OF CLEVELAND PREP.,2015-08,4,9913.19
012545,IMAGINE WOODBURY ACADEMY,2015-08,1,4190.02
012556,PEARL ACADEMY,2015-08,1,8853.76
012557,WOODLAND ACADEMY,2015-08,1,4893.53
012558,GLOBAL VILLAGE ACADEMY INC,2015-08,1,3657.53
012624,ACCELELERATED ACH. ACAD. OF,2015-08,1,3582.31
012626,DOW LEADERSHIP INSTITUTE,2015-08,1,2194.52
012627,STEAM ACADEMY OF YOUNGSTOWN,2015-08,1,3457.02
012628,IMAGINE INTEGRITY ACADEMY,2015-08,2,2093.95
012629,GREAT EXPECTATIONS ELEM. SCH,2015-08,1,4642.86
012631,IMPACT ACADEMY CINCINNATI,2015-08,1,2800.25
012644,STEAM ACADEMY OF WARREN,2015-08,2,5856.4
012668,GARFIELD ACADEMY INC,2015-08,1,5841.89
012671,CONSTELLATION SCH EASTSIDE,2015-08,1,2926.03
012684,BROADWAY ACADEMY,2015-08,1,8122.25
012852,CITIZENS ACADEMY EAST,2015-08,1,7718.66
012867,TOWNSEND NORTH COMM. SCH,2015-08,20,17051.14
012924,DECA PREP,2015-08,1,11055.59
012951,COLUMBUS COLLEGIATE ACAD. - W.,2015-08,1,5247.38
013030,GRAHAM PRIMARY SCHOOL,2015-08,1,4238.27
013034,VILLAGE PREP. SCH:WOODLA,2015-08,1,9534.81
013059,WEST CARROLTON SEC. ACAD.,2015-08,2,2448.42
013082,THE HALEY SCHOOL,2015-08,2,4338.6
013132,LAKE ERIE COLLEGE PREP.,2015-08,1,7188.95
013146,STEAM Academy of Dayton,2015-08,1,5098.7
013147,STEAM ACAD. OF WARRENSVILLE,2015-08,1,3480.96
013148,STEPSTONE ACADEMY,2015-08,2,6230.42
013170,HOPE ACADEMY FOR AUTISM,2015-08,1,1262.15
013173,IMAGINE HILL AVENUE,2015-08,3,5147.77
013174,YOUNG SCHOLARS PREP SCHOOL,2015-08,1,1463.21
013175,KIDS UNLIMITED ACADEMY,2015-08,1,6585.79
013195,ACADEMY OF EDU. EXCELLENCE,2015-08,1,2220.5
013198,BROOKWOOD ACADEMY,2015-08,3,3380.75
013199,NEXUS ACADEMY OF CLEVELAND,2015-08,2,4540.56
013200,NEXUS ACADEMY OF TOLEDO,2015-08,6,2725.64
013201,NEXUS ACADEMY OF COLUMBUS,2015-08,5,2699.95
013226,LIFE SKILLS HIGH SCH OF CLEVE,2015-08,2,2572.97
013232,A+ CHILDRENS ACADEMY,2015-08,3,3052.61
013233,SOUTHERN OHIO ACADEMY,2015-08,3,1770.68
013240,CINCINNATI STATE STEM ACADEMY,2015-08,3,3759.14
013249,ACADEMY FOR URB. SCH. YOUNGSTO,2015-08,2,3669.66
013253,OHIO COLLEGIATE ACADEMY,2015-08,2,7239.4
013254,AKRON PREPARATORY SCHOOL,2015-08,1,7393.47
013255,CANTON COLL. PREP. SCH,2015-08,2,4526.78
013864,CINCINNATI TECHNOLOGY ACADEMY,2015-08,1,4894.14
013892,FRANKLINTON PREP. ACAD.,2015-08,2,2951.65
013930,GLOBAL IMPACT STEM ACADEMY,2015-08,4,3458.82
013962,LIBERTY PREPARTORY SCHOOL,2015-08,2,1692.1
013967,CINCINNATI LEARNING SCHOOLS,2015-08,1,5171.64
013994,ALBERT EINSTEIN ACAD.,2015-08,3,5196.2
013999,Rise & Shine Academy,2015-08,1,1816.77
014051,NORTHMONT SECONDARY ACADEMY,2015-08,1,1186.33
014061,CHAPELSIDE CLEVELAND ACADEMY,2015-08,2,10165.5
014062,LIFE SKILLS HIGH SCH OF MIDDLE,2015-08,4,1792.67
014063,UNIVERSITY ACADEMY,2015-08,2,5172.98
014064,WINTON PREPARATORY ACADEMY,2015-08,2,6660.09
014065,LINCOLN PARK ACADEMY,2015-08,2,5625.03
014066,MAIN ST PREP. ACAD.,2015-08,1,3229.91
014067,OHIO CONSTRUCTION ACADEMY,2015-08,2,782.08
014080,ALADDIN ACADEMY,2015-08,3,1520.1
014081,INSIGHT SCHOOL OF OHIO,2015-08,85,34569.63
014090,BERWYN EAST ACADEMY,2015-08,2,3002.14
014091,HOPE LEARNING ACAD. OF TOLEDO,2015-08,2,1438.31
014094,LAWRENCE COUNTY ACADEMY,2015-08,3,3104.93
014121,IMAGINE LEADERSHIP ACADEMY,2015-08,2,5198.2
014130,THE NEXT FRONTIER ACADEMY,2015-08,1,933.65
014132,STEAM ACADEMY OF CINCINNATI,2015-08,2,1437.98
014139,IMAGINE COL. PRIMARY SCHOOL,2015-08,1,4086.9
014147,EAST PREPARATORY ACADEMY,2015-08,1,4262.92
014148,PROVOST ACADEMY OHIO,2015-08,39,4697.17
014149,DAYTON SMART ELEMENTARY SCHOOL,2015-08,2,2296.99
014158,CELERITY TENACIA CHARTER SCH,2015-08,1,1009.11
014187,EAST ACADEMY,2015-08,1,7315.07
014188,DISCOVERY ACADEMY,2015-08,1,5753.1
014189,WEST PARK ACADEMY,2015-08,1,7516.86
014194,WATKINS ACADEMY,2015-08,1,1943.56
014231,BIO-MED SCI. ACAD. STEM SCH,2015-08,6,5742.11
014467,UNITED PREPARATORY ACADEMY,2015-08,1,2522.78
014825,BUCKEYE PREP. ACADEMY,2015-08,1,3330.07
014830,UTICA SHALE ACAD. OF OHIO,2015-08,2,1060.88
014858,REACH ACADEMY,2015-08,2,7090.48
014864,TOLEDO SMART ELEM. SCH.,2015-08,1,857.92
014904,T2 HONORS ACADEMY,2015-08,1,1412.57
014912,NORWOOD CONVERSION COMM.,2015-08,1,731.6
014913,LAKESHORE INTERGENERATIONAL,2015-08,1,2547.66
014927,STEEL ACADEMY,2015-08,4,2675.01
014932,CINCINNATI GENERATION ACAD.,2015-08,1,3405.71
043489,AKRON CITY SCHOOLS,2015-08,1,525403.47
043497,ALLIANCE CITY BOARD OF EDU,2015-08,3,72961
043505,ASHLAND CITY BOARD OF,2015-08,2,82884.45
043513,ASHTABULA AREA CITY SCHOOL,2015-08,1,92536.78
043521,ATHENS CITY SCHOOL DISTRICT,2015-08,1,68702.45
043539,BARBERTON BOARD OF EDUCATION,2015-08,1,94374.04
043547,BAY VILLAGE CITY SCHOOL,2015-08,1,63590.65
043554,BEACHWOOD BOARD OF EDUCATION,2015-08,1,34380.82
043562,BEDFORD BOARD OF EDUCATION,2015-08,1,85460.19
043570,BELLAIRE CITY SCHOOL DISTRICT,2015-08,1,30815.33
043588,BELLEFONTAINE CITY SCHOOL,2015-08,1,64979.54
043596,BELLEVUE CITY SCHOOL DISTRICT,2015-08,4,50880.63
043604,BELPRE CITY SCHOOL DISTRICT,2015-08,1,26073.74
043612,BEREA CITY SCHOOL DISTRICT,2015-08,1,164185.46
043620,BEXLEY CITY SCHOOL DISTRICT,2015-08,1,56434.53
043638,BOWLING GREEN SCHOOL DISTRICT,2015-08,2,76740.05
043646,BRECKSVILLE BROADVIEW HEIGHTS,2015-08,2,101755.15
043653,BROOKLYN LOCAL SCHOOL DISTRICT,2015-08,1,33926.79
043661,BRUNSWICK CITY SCHOOL DISTRICT,2015-08,2,186998.82
043679,BRYAN CITY SCHOOLS,2015-08,1,50036.3
043687,BUCYRUS CITY SCHOOL DISTRICT,2015-08,1,34225.82
043695,CAMBRIDGE CITY BOARD OF,2015-08,2,53624.79
043703,CAMPBELL CITY SCHOOLS,2015-08,1,30648.6
043711,CANTON CITY SCHOOL DISTRICT,2015-08,1,226670.51
043729,CELINA CITY BOARD OF EDU,2015-08,2,65114.13
043737,CENTERVILLE CITY SCHOOL,2015-08,1,201486.81
043745,CHILLICOTHE CITY SCHOOL,2015-08,1,75246.11
043752,CINCINNATI PUBLIC SCHOOLS,2015-08,1,745611.58
043760,CIRCLEVILLE CITY SCHOOL,2015-08,2,53139.95
043778,CLAYMONT CITY BOARD OF EDU,2015-08,3,53780.53
043786,CLEVELAND CITY SCHOOL DISTRICT,2015-08,1,917902.4
043794,CLEVELAND HEIGHTS UNIVERSITY,2015-08,1,137876.44
043802,COLUMBUS PUBLIC SCHOOL,2015-08,1,1240563.16
043810,CONNEAUT AREA CITY SCHOOLS,2015-08,1,43463.47
043828,COSHOCTON CITY SCHOOL DISTRICT,2015-08,1,40219.85
043836,CUYAHOGA FALLS CITY SCHOOLS,2015-08,1,121626.44
043844,DAYTON CITY SCHOOL DISTRICT,2015-08,1,341448.52
043851,DEER PARK COMMUNITY CITY,2015-08,1,33678.72
043869,DEFIANCE CITY SCHOOLS,2015-08,2,65464.73
043877,DELAWARE CITY SCHOOLS,2015-08,1,134286.47
043885,DELPHOS CITY SCHOOL DISTRICT,2015-08,3,28617.01
043893,DOVER CITY SCHOOL DISTRICT,2015-08,1,71201.21
043901,EAST CLEVELAND CITY SCHOOL,2015-08,1,61005.15
043919,EAST LIVERPOOL CITY SCHOOLS,2015-08,1,54333.79
043927,EAST PALESTINE CITY SCHOOL,2015-08,2,29364.74
043935,EATON CITY SCHOOLS,2015-08,2,56421.91
043943,ELYRIA CITY SCHOOL DISTRICT,2015-08,1,157319.98
043950,EUCLID BOARD OF EDUCATION,2015-08,1,131784.75
043968,FAIRBORN CITY SCHOOLS,2015-08,3,106256.82
043976,FAIRVIEW PARK CITY SCHOOL DIST,2015-08,1,45000.28
043984,FINDLAY CITY SCHOOLS,2015-08,1,136786.55
043992,FOSTORIA CITY SCHOOLS,2015-08,3,46601.94
044008,FRANKLIN CITY SCHOOLS,2015-08,3,76936.42
044016,FREMONT CITY BOARD OF EDU,2015-08,3,105640.71
044024,GALION CITY SCHOOL DISTRICT,2015-08,3,48669.03
044032,GALLIPOLIS CITY SCHOOLS,2015-08,1,54582.59
044040,GARFIELD HEIGHTS CITY SCHOOL,2015-08,1,92913.99
044057,GENEVA AREA CITY SCHOOL DIST,2015-08,2,66647.14
044065,GIRARD CITY SCHOOL DISTRICT,2015-08,2,43824.48
044073,GRANDVIEW HEIGHTS CITY SCHOOL,2015-08,1,27170.31
044081,WINTONWOODS CITY SCHOOL,2015-08,2,90390.43
044099,GREENVILLE CITY SCHOOL,2015-08,1,66619.8
044107,HAMILTON BOARD OF EDUCATION,2015-08,1,247610.41
044115,HEATH CITY SCHOOL DISTRICT,2015-08,1,45025
044123,HILLSBORO CITY BOARD OF EDU,2015-08,1,63988.65
044131,HURON CITY SCHOOL DISTRICT,2015-08,1,35938.83
044149,IRONTON CITY BOARD OF,2015-08,1,37057.23
044156,JACKSON CITY SCHOOL DISTRICT,2015-08,5,63064.57
044164,KENT CITY BOARD OF EDUCATION,2015-08,2,78652.96
044172,KENTON CITY SCHOOLS,2015-08,3,50086.7
044180,KETTERING CITY SCHOOL,2015-08,2,186864.94
044198,LAKEWOOD CITY SCHOOL DISTRICT,2015-08,1,131494.67
044206,LANCASTER CITY SCHOOLS,2015-08,1,157367.22
044214,LEBANON CITY SCHOOL DISTRICT,2015-08,2,144933.46
044222,LIMA CITY BOARD OF EDU,2015-08,1,96111.25
044230,LOCKLAND CITY SCHOOLS,2015-08,1,14732.86
044248,LOGAN HOCKING LOCAL SCHOOLS,2015-08,5,99018.77
044255,LONDON CITY SCHOOL DISTRICT,2015-08,2,50950.88
044263,LORAIN CITY SCHOOLS,2015-08,1,163373.66
044271,LOVELAND CITY SCHOOL DISTRICT,2015-08,3,117874.61
044289,MADEIRA CITY SCHOOLS,2015-08,1,36251.93
044297,MANSFIELD BOARD OF EDUCATION,2015-08,1,87578.28
044305,MAPLE HEIGHTS BOARD OF,2015-08,1,88815.03
044313,MARIEMONT CITY SCHOOL DISTRICT,2015-08,2,43696.25
044321,MARIETTA CITY SCHOOL DISTRICT,2015-08,1,71674.41
044339,MARION CITY SCHOOLS,2015-08,1,105055.1
044347,MARTINS FERRY CITY SCHOOL,2015-08,2,36214.14
044354,MASSILLON CITY SCHOOL DISTRICT,2015-08,1,99615.66
044362,MAUMEE CITY SCHOOL DISTRICT,2015-08,2,63284.21
044370,MAYFIELD CITY SCHOOL DISTRICT,2015-08,3,98326.15
044388,MEDINA CITY SCHOOLS,2015-08,1,176512.67
044396,MIAMISBURG CITY SCHOOLS,2015-08,1,136579.41
044404,MIDDLETOWN CITY SCH DIST.,2015-08,2,157147.83
044412,MOUNT HEALTHY CITY SCH DIST.,2015-08,1,84461.69
044420,MOUNT VERNON CITY SCHOOL,2015-08,2,100250.91
044438,NAPOLEON CITY SCHOOL DISTRICT,2015-08,3,51279.81
044446,NELSONVILLE YORK CITY SCHOOL,2015-08,3,31684.42
044453,NEWARK CITY SCHOOL DISTRICT,2015-08,1,156362.77
044461,NEW BOSTON BOARD OF EDUCATION,2015-08,1,11939.32
044479,NEW LEXINGTON CITY SCHOOLS,2015-08,3,44848.24
044487,NEW PHILADELPHIA CITY SCHOOLS,2015-08,1,77031.58
044495,NILES CITY SCHOOLS,2015-08,1,62754.01
044503,NORTH CANTON CITY SCHOOLS,2015-08,2,111374.65
044511,NORTH COLLEGE HILL CITY SCH,2015-08,1,42029.03
044529,NORTH OLMSTED CITY SCHOOL,2015-08,2,96079.64
044537,NORTH RIDGEVILLE CITY SCH DIST,2015-08,2,103442.24
044545,NORTH ROYALTON CITY SCHOOL,2015-08,1,112349.37
044552,NORTON CITY SCHOOLS,2015-08,3,61470.49
044560,NORWALK BOARD OF EDUCATION,2015-08,2,73930.73
044578,NORWOOD CITY SCHOOL DISTRICT,2015-08,1,49420.69
044586,OAKWOOD CITY SCHOOLS,2015-08,1,53309.13
044594,OBERLIN CITY SCHOOL DISTRICT,2015-08,1,25627.24
044602,OREGON CITY SCHOOLS,2015-08,3,94069.96
044610,ORRVILLE CITY SCHOOL DISTRICT,2015-08,1,40635.23
044628,PAINESVILLE CITY LOCAL SCHOOLS,2015-08,1,77196.81
044636,PARMA CITY SCHOOL DISTRICT,2015-08,1,272347.58
044644,PIQUA CITY SCHOOL DISTRICT,2015-08,2,90504.45
044651,PORT CLINTON CITY SCHOOLS,2015-08,2,45594.13
044669,PORTSMOUTH CITY SCHOOL,2015-08,1,47706.7
044677,PRINCETON CITY SCHOOL DISTRICT,2015-08,3,140270.63
044685,RAVENNA CITY SCHOOL DISTRICT,2015-08,1,65725.46
044693,READING BOARD OF EDUCATION,2015-08,1,42407.44
044701,ROCKY RIVER CITY SCHOOL,2015-08,1,69114.79
044719,ST BERNARD ELMWOOD PLACE CITY,2015-08,1,25706.83
044727,ST MARYS CITY BOARD OF,2015-08,2,52147.57
044735,SALEM CITY SCHOOL DISTRICT,2015-08,2,52983.42
044743,SANDUSKY BOARD OF EDUCATION,2015-08,1,80305.56
044750,SHAKER HEIGHTS BOARD OF,2015-08,1,134899.96
044768,SHEFFIELD SHEFFLD LAKE CITY,2015-08,1,42993.73
044776,SHELBY CITY BOARD OF EDU,2015-08,2,49592.2
044784,SIDNEY CITY SCHOOL DISTRICT,2015-08,2,88100.2
044792,SOUTH EUCLID LYNDHURST CITY,2015-08,1,91223.95
044800,SOUTH-WESTERN CITY SCHOOLS,2015-08,2,524384.72
044818,SPRINGFIELD CITY SCHOOLS,2015-08,1,190557.13
044826,STEUBENVILLE CITY SCHOOL,2015-08,1,56496.65
044834,STOW-MUNROE FALLS CITY,2015-08,2,131247.48
044842,STRONGSVILLE CITY SCHOOLS,2015-08,3,141281.76
044859,STRUTHERS CITY SCHOOL DISTRICT,2015-08,1,48946.65
044867,SYCAMORE COMMUNITY SCHOOL DIST,2015-08,3,131460.85
044875,SYLVANIA CITY SCHOOL DISTRICT,2015-08,1,187606.67
044883,TALLMADGE CITY SCHOOL DISTRICT,2015-08,2,60675.62
044891,TIFFIN CITY SCHOOLS,2015-08,1,69390.08
044909,TOLEDO PUBLIC SCHOOLS,2015-08,2,534875.33
044917,TORONTO CITY SCHOOL DISTRICT,2015-08,1,21937.26
044925,TROY CITY SCHOOLS,2015-08,1,116884.89
044933,UPPER ARLINGTON CITY SCHOOLS,2015-08,1,148137.49
044941,URBANA CITY SCHOOLS,2015-08,2,51912.9
044958,VANDALIA-BUTLER CITY SCHOOLS,2015-08,2,76556.44
044966,VAN WERT CITY SCHOOLS,2015-08,2,50050.3
044974,WADSWORTH CITY SCHOOLS,2015-08,3,118428.24
044982,WAPAKONETA CITY SCHOOL,2015-08,3,79129.93
044990,WARREN CITY SCHOOL DISTRICT,2015-08,1,123640.05
045005,WARRENSVILLE HEIGHTS CITY,2015-08,1,36348.33
045013,WASHINGTON COURTHOUSE CITY,2015-08,1,56434.81
045021,WELLSTON CITY SCHOOLS,2015-08,2,37784.71
045039,WELLSVILLE LOCAL SCHOOL,2015-08,2,20182.51
045047,WESTERVILLE CITY SCHOOL,2015-08,2,369346.6
045054,WEST CARROLLTON CITY SCHOOL,2015-08,1,96597.56
045062,WESTLAKE CITY SCHOOL DISTRICT,2015-08,2,94767.97
045070,WHITEHALL CITY SCHOOL DISTRICT,2015-08,1,82065.95
045088,WICKLIFFE CITY SCHOOL DISTRICT,2015-08,2,36327.91
045096,WILLARD CITY SCHOOL DISTRICT,2015-08,4,39763.61
045104,WILLOUGHBY-EASTLAKE CITY,2015-08,2,205126.54
045112,WILMINGTON CITY SCHOOLS,2015-08,2,76323.5
045120,WOOSTER CITY SCHOOL DISTRICT,2015-08,1,95173.29
045138,WORTHINGTON BOARD OF EDUCATION,2015-08,2,241026.32
045146,WYOMING CITY SCHOOLS,2015-08,1,48285.45
045153,XENIA COMMUNITY SCHOOLS,2015-08,3,110039.4
045161,YOUNGSTOWN CITY SCHOOLS,2015-08,2,131452.24
045179,ZANESVILLE CITY SCHOOLS,2015-08,1,86888.1
045187,ADA EXEMPTED VILLAGE SCHOOLS,2015-08,3,22173.47
045195,AMHERST EXEMPTED VILLAGE,2015-08,1,96114.76
045203,BARNESVILLE EXEMPTED VILLAGE,2015-08,4,33793.85
045211,BLUFFTON EXEMPTED VILLAGE,2015-08,4,29499.42
045229,BRADFORD EXEMPTED VILLAGE,2015-08,3,14532.25
045237,BRIDGEPORT EXEMPTED VILLAGE,2015-08,1,19316.32
045245,HARRISON HILLS CITY SCHOOL,2015-08,6,42562.16
045252,CALDWELL EXEMPTED VILLAGE,2015-08,2,22127.46
045260,CAREY EXEMPT VILLAGE SCHOOL,2015-08,3,21287.28
045278,CARROLLTON EXEMPTED VILLAGE,2015-08,5,57703.79
045286,CHAGRIN FALLS EXEMPTED VILLAGE,2015-08,2,49037.6
045294,CHESAPEAKE UNION EXEMPTED,2015-08,1,35252.34
045302,CLYDE GREEN SPRINGS EXEMPTED,2015-08,2,55717.92
045310,COLDWATER EXEMPTED VILLAGE,2015-08,1,34658.97
045328,COLUMBIANA EXEMPTED VILLAGE,2015-08,2,26657.99
045336,COVINGTON EXEMPTED VILLAGE,2015-08,2,22169.61
045344,CRESTLINE EXEMPTED VILLAGE,2015-08,2,17300.67
045351,CROOKSVILLE EXEMPTED VILLAGE,2015-08,2,26594.23
045369,FAIRPORT HARBOR EXEMPTED,2015-08,1,15906.08
045377,GEORGETOWN EXEMPTED VILLAGE,2015-08,1,25686.23
045385,GIBSONBURG EXEMPTED VILLAGE,2015-08,2,24893.44
045393,GRANVILLE EXEMPTED VILLAGE,2015-08,1,61969.36
045401,GREENFIELD EXEMPTED VILLAGE,2015-08,3,50710.68
045419,HICKSVILLE EXEMPTED VILLAGE,2015-08,2,23821.36
045427,HUBBARD SCHOOL DISTRICT,2015-08,2,51276.46
045435,INDIAN HILL EXEMPTED VILLAGE,2015-08,1,48235
045443,LEETONIA EXEMPTED VILLAGE,2015-08,2,18378.83
045450,LISBON EXEMPTED VILLAGE,2015-08,1,23087.44
045468,LOUDONVILLE PERRYSVILLE,2015-08,4,31293.32
045476,MARYSVILLE EXEMPTED VILLAGE,2015-08,3,130723.53
045484,MECHANICSBURG EXEMPTED VILLAGE,2015-08,3,22623.57
045492,MENTOR EXEMPTED VILLAGE,2015-08,2,194607.06
045500,MILFORD EXEMPTED VILLAGE,2015-08,2,167951.17
045518,MILTON-UNION EXEMPTED VILLAGE,2015-08,3,37745.47
045526,MONTPELIER EXEMPTED VILLAGE,2015-08,1,24904.08
045534,MOUNT GILEAD EXEMPTED,2015-08,2,32157.85
045542,NEWCOMERSTOWN EXEMPTED VILLAGE,2015-08,3,26178.48
045559,NEW RICHMOND EXEMPTED,2015-08,1,61485.87
045567,NEWTON FALLS EXEMPTED VILLAGE,2015-08,3,30115.97
045575,PAULDING EXEMPTED VILLAGE SCH,2015-08,3,36220.24
045583,PERRYSBURG EXEMPTED VILLAGE,2015-08,2,124264.27
045591,RITTMAN EXEMPTED VILLAGE,2015-08,2,28109.03
045609,ROSSFORD EXEMPTED VILLAGE,2015-08,1,42268.16
045617,TIPP CITY EXEMPTED VILLAGE,2015-08,2,64329.21
045625,UPPER SANDUSKY E V SCHOOLS,2015-08,4,41887.52
045633,VERSAILLES EXEMPTED VILLAGE,2015-08,2,35068.2
045641,WAUSEON EXEMPTED VILLAGE,2015-08,2,46447.06
045658,WELLINGTON EXEMPTED VILLAGE,2015-08,2,31182.57
045666,WINDHAM EXEMPTED VILLAGE,2015-08,2,14829.25
045674,YELLOW SPRINGS EXEMPTED,2015-08,2,18154.46
045757,ALLEN EAST LOCAL SCHOOL,2015-08,2,27954.85
045765,BATH LOCAL SCHOOL DISTRICT,2015-08,1,46145.55
045773,ELIDA BOARD OF EDUCATION,2015-08,2,64942.91
045781,PERRY LOCAL SCHOOL DISTRICT,2015-08,2,21378.28
045799,SHAWNEE LOCAL SCHOOL DISTRICT,2015-08,2,65779.98
045807,SPENCERVILLE LOCAL SCHOOL,2015-08,4,24922.64
045823,HILLSDALE SCHOOLS,2015-08,3,22359.57
045831,MAPLETON LOCAL SCHOOL DISTRICT,2015-08,3,24411.06
045856,BUCKEYE LOCAL SCHOOL DISTRICT,2015-08,1,45788.26
045864,GRAND VALLEY LOCAL SCHOOL,2015-08,3,32950.6
045872,JEFFERSON AREA LOCAL SCHOOL,2015-08,1,45181.8
045880,PYMATUNING VALLEY LOCAL,2015-08,2,32951.14
045906,ALEXANDER LOCAL SCHOOL,2015-08,3,40575.8
045914,FEDERAL HOCKING LOCAL SCHOOL,2015-08,4,26563.55
045922,TRIMBLE LOCAL SCHOOL DISTRICT,2015-08,3,22097.02
045948,MINSTER LOCAL SCHOOL DISTRICT,2015-08,3,21818.2
045955,NEW BREMEN LOCAL SCHOOL,2015-08,3,20663.55
045963,NEW KNOXVILLE LOCAL SCHOOL,2015-08,2,10506.87
045971,WAYNESFIELD-GOSHEN LOCAL,2015-08,4,13883.05
045997,ST CLAIRSVILLE RICHLAND CITY,2015-08,3,43917.92
046003,SHADYSIDE LOCAL BOARD OF EDU,2015-08,1,20400.66
046011,UNION LOCAL SCHOOL DISTRICT,2015-08,2,38623.29
046037,EASTERN LOCAL SCHOOL DISTRICT,2015-08,3,34160.09
046045,FAYETTEVILLE-PERRY LOCAL,2015-08,4,22632.73
046060,WESTERN BROWN LOCAL SCHOOL,2015-08,3,81227.45
046078,RIPLEY UNION LEWIS HUNTINGTON,2015-08,3,24591.8
046094,EDGEWOOD CITY SCHOOL DISTRICT,2015-08,2,92650.91
046102,FAIRFIELD CITY SCHOOL DISTRICT,2015-08,2,250005.91
046110,LAKOTA LOCAL SCHOOL DISTRICT,2015-08,3,415355.81
046128,MADISON LOCAL SCHOOL DISTRICT,2015-08,2,39371.51
046136,NEW MIAMI LOCAL SCHOOL,2015-08,1,17035.68
046144,ROSS LOCAL SCHOOL DISTRICT,2015-08,2,70136.48
046151,TALAWANDA CITY SCHOOL DISTRICT,2015-08,2,76628.38
046177,BROWN LOCAL SCHOOL DISTRICT,2015-08,2,17339.89
046193,GRAHAM LOCAL SCHOOL DISTRICT,2015-08,5,51506.66
046201,TRIAD LOCAL SCHOOLS,2015-08,3,23230.98
046219,WEST LIBERTY SALEM LOCAL,2015-08,2,30485.4
046235,GREENON LOCAL SCHOOLS,2015-08,2,42332.76
046243,TECUMSEH LOCAL SCHOOL DISTRICT,2015-08,4,79503.74
046250,NORTHEASTERN LOCAL SCHOOL,2015-08,3,89060.89
046268,NORTHWESTERN LOCAL SCHOOL,2015-08,3,44051.07
046276,SOUTHEASTERN LOCAL SCHOOL,2015-08,3,18630.45
046284,CLARK-SHAWNEE LOCAL SCHOOL,2015-08,1,53161.13
046300,BATAVIA LOCAL SCHOOL DISTRICT,2015-08,1,55967.91
046318,BETHEL-TATE LOCAL SCHOOLS,2015-08,2,42783.45
046326,CLERMONT NORTHEASTERN SCHOOL,2015-08,2,39134.35
046334,FELICITY-FRANKLIN LOCAL,2015-08,2,24169.92
046342,GOSHEN LOCAL SCHOOLS,2015-08,2,68228.62
046359,WEST CLERMONT LOCAL SCH DIST.,2015-08,2,205822.03
046367,WILLIAMSBURG LOCAL SCHOOL,2015-08,2,25250.58
046383,BLANCHESTER LOCAL SCHOOL,2015-08,5,43828.47
046391,CLINTON-MASSIE LOCAL SCHOOL,2015-08,3,47201.04
046409,EAST CLINTON LOCAL SCHOOL,2015-08,4,35898.73
046425,BEAVER LOCAL SCHOOL DISTRICT,2015-08,1,47564.17
046433,CRESTVIEW LOCAL SCHOOL,2015-08,2,32776.04
046441,SOUTHERN LOCAL SCHOOL DISTRICT,2015-08,3,22455.47
046458,UNITED LOCAL SCHOOL DISTRICT,2015-08,2,31577.72
046474,RIDGEWOOD LOCAL BOARD OF,2015-08,4,33861.06
046482,RIVER VIEW LOCAL SCHOOL,2015-08,5,52139.63
046508,BUCKEYE CENTRAL LOCAL SCHOOL,2015-08,4,18525.32
046516,COLONEL CRAWFORD LOCAL SCHOOLS,2015-08,3,23373.6
046524,WYNFORD LOCAL SCHOOL DISTRICT,2015-08,4,28768.53
046557,CUYAHOGA HEIGHTS LOCAL SCHOOL,2015-08,2,20583.1
046565,INDEPENDENCE LOCAL SCHOOLS,2015-08,1,23181.2
046573,OLMSTED FALLS BOARD OF,2015-08,2,92674.28
046581,ORANGE CITY SCHOOL DISTRICT,2015-08,2,52972.17
046599,RICHMOND HEIGHTS LOCAL SCHOOL,2015-08,1,19120.08
046607,SOLON BOARD OF EDUCATION,2015-08,1,118504.12
046623,ANSONIA LOCAL SCHOOL DISTRICT,2015-08,1,18343.85
046631,ARCANUM BUTLER LOCAL SCHOOL,2015-08,1,26769.37
046649,FRANKLIN MONROE LOCAL SCHOOL,2015-08,2,17762.89
046672,MISSISSINAWA VALLEY LOCAL,2015-08,1,16851.04
046680,TRI-VILLAGE LOCAL SCHOOL DIST,2015-08,2,19941.37
046706,AYERSVILLE LOCAL SCH DIST.,2015-08,4,19960.76
046714,CENTRAL LOCAL SCHOOL DISTRICT,2015-08,3,28096.14
046722,NORTHEASTERN LOCAL SCHOOL,2015-08,3,29937.47
046748,BIG WALNUT LOCAL SCHOOLS,2015-08,4,82786.99
046755,BUCKEYE VALLEY LOCAL SCHOOL,2015-08,4,56066.57
046763,OLENTANGY LOCAL SCHOOLS,2015-08,2,481085.75
046789,EDISON LOCAL SCHOOLS,2015-08,2,37108.1
046797,KELLEYS ISLAND SCHOOL,2015-08,1,25.31
046805,MARGARETTA LOCAL SCHOOL DIST,2015-08,2,29476.7
046813,PERKINS LOCAL SCHOOL DISTRICT,2015-08,1,57324.96
046821,VERMILION LOCAL SCH DIST.,2015-08,2,49618.71
046847,AMANDA-CLEARCREEK LOCAL SCHOOL,2015-08,3,40671.24
046854,BERNE UNION LOCAL SCHOOLS,2015-08,2,21700.9
046862,BLOOM CARROLL LOCAL SCHOOL,2015-08,2,49859.56
046870,FAIRFIELD UNION LOCAL SCHOOL,2015-08,3,50577.95
046888,LIBERTY UNION THURSTON LOCAL,2015-08,1,34002.14
046896,PICKERINGTON LOCAL SCHOOL DIST,2015-08,3,258415.11
046904,WALNUT TOWNSHIP LOCAL SCHOOL,2015-08,3,14904.39
046920,MIAMI TRACE LOCAL SCH DIST.,2015-08,7,55377.89
046946,CANAL WINCHESTER LOCAL SCHOOL,2015-08,3,94925.44
046953,HAMILTON LOCAL SCHOOLS,2015-08,2,78029.55
046961,GAHANNA-JEFFERSON CITY SCHOOL,2015-08,1,185096.18
046979,GROVEPORT MADISON LOCAL,2015-08,2,144000.2
046995,NEW ALBANY PLAIN LOCAL SCHOOL,2015-08,3,122961.02
047001,REYNOLDSBURG CITY SCHOOLS,2015-08,3,172370.51
047019,HILLIARD CITY SCHOOL DISTRICT,2015-08,2,399002.58
047027,DUBLIN CITY SCHOOLS,2015-08,3,377990.14
047043,ARCHBOLD AREA LOCAL SCHOOLS,2015-08,4,32313.67
047050,EVERGREEN LOCAL SCHOOL,2015-08,2,30114.65
047068,FAYETTE LOCAL SCHOOL DISTRICT,2015-08,2,10676.1
047076,PETTISVILLE LOCAL SCHOOL,2015-08,2,12549.24
047084,PIKE DELTA YORK LOCAL SCHOOLS,2015-08,3,33139.26
047092,SWANTON LOCAL SCHOOL DISTRICT,2015-08,3,32462.1
047167,BERKSHIRE BOARD OF EDUCATION,2015-08,2,23218.86
047175,CARDINAL LOCAL SCHOOL DISTRICT,2015-08,4,29991.62
047183,CHARDON BOARD OF EDUCATION,2015-08,2,74773.44
047191,KENSTON LOCAL SCHOOL DISTRICT,2015-08,3,74571.92
047209,LEDGEMONT LOCAL SCHOOL,2015-08,3,9605.15
047217,NEWBURY BOARD OF EDUCATION,2015-08,1,11678.8
047225,WEST GEAUGA LOCAL SCHOOL,2015-08,3,52367.58
047241,BEAVERCREEK CITY SCHOOLS,2015-08,2,193028.89
047258,CEDARCLIFF LOCAL BOARD OF,2015-08,2,15322.54
047266,GREENEVIEW LOCAL SCHOOL,2015-08,4,35290.85
047274,SUGARCREEK LOCAL SCHOOL,2015-08,3,65551.26
047308,ROLLING HILLS LOCAL SCHOOL,2015-08,3,44780.62
047332,FINNEYTOWN LOCAL SCHOOL,2015-08,1,37967.4
047340,FOREST HILLS LOCAL SCHOOL,2015-08,2,185674.66
047365,NORTHWEST LOCAL SCHOOL,2015-08,2,225710.71
047373,OAK HILLS LOCAL SCHOOL DISTICT,2015-08,1,197052.05
047381,SOUTHWEST LOCAL SCHOOL DIST,2015-08,2,95260.22
047399,THREE RIVERS LOCAL SCHOOL DIST,2015-08,1,49824.33
047415,ARCADIA LOCAL SCHOOL DISTRICT,2015-08,3,15232.42
047423,ARLINGTON LOCAL SCHOOL,2015-08,2,14343.81
047431,CORY-RAWSON LOCAL SCHOOLS,2015-08,4,14470.61
047449,LIBERTY-BENTON LOCAL SCHOOL,2015-08,1,34582.43
047456,MCCOMB LOCAL SCHOOL DISTRICT,2015-08,4,17202.42
047464,VAN BUREN LOCAL SCHOOL,2015-08,2,26031.13
047472,VANLUE LOCAL SCHOOL DISTRICT,2015-08,3,6303.89
047498,HARDIN NORTHERN LOCAL SCHOOL,2015-08,2,11225.73
047506,RIDGEMONT LOCAL SCHOOL,2015-08,4,12137.05
047514,RIVERDALE LOCAL SCHOOL,2015-08,3,25390.23
047522,UPPER SCIOTO VALLEY LOCAL,2015-08,4,13527.39
047548,CONOTTON VALLEY LOCAL SCHOOL,2015-08,3,10345.9
047571,HOLGATE LOCAL SCHOOL DISTRICT,2015-08,3,12227.21
047589,LIBERTY CENTER LOCAL SCHOOL,2015-08,3,28121.25
047597,PATRICK HENRY LOCAL SCHOOL,2015-08,3,23792.58
047613,BRIGHT LOCAL SCHOOL DISTRICT,2015-08,3,17291.69
047621,FAIRFIELD LOCAL SCHOOL,2015-08,3,23828.01
047639,LYNCHBURG-CLAY LOCAL SCHOOL,2015-08,3,30277.42
047688,EAST HOLMES LOCAL SCHOOL,2015-08,5,46299.81
047696,WEST HOLMES LOCAL SCHOOL,2015-08,5,60466
047712,MONROEVILLE LOCAL SCHOOL,2015-08,2,16665.03
047720,NEW LONDON LOCAL SCHOOL,2015-08,3,23981.23
047738,SOUTH CENTRAL LOCAL SCHOOL,2015-08,3,20793.26
047746,WESTERN RESERVE BD OF EDUC,2015-08,3,29707.01
047761,OAK HILL UNION LOCAL SCHOOL,2015-08,5,32624.59
047787,BUCKEYE LOCAL SCHOOL DISTRICT,2015-08,3,46520.48
047795,EDISON LOCAL SCHOOLS,2015-08,4,40853.98
047803,INDIAN CREEK SCHOOL DISTRICT,2015-08,2,54033.35
047829,CENTERBURG LOCAL SCHOOL,2015-08,4,28728.75
047837,DANVILLE LOCAL SCHOOL DISTRICT,2015-08,4,16741.14
047845,EAST KNOX LOCAL SCHOOL,2015-08,2,25668.46
047852,FREDERICKTOWN LOCAL SCHOOL,2015-08,3,31914.75
047878,KIRTLAND LOCAL BOARD OF,2015-08,2,29920.23
047886,MADISON LOCAL SCHOOL DISTRICT,2015-08,3,78643.88
047894,RIVERSIDE LOCAL SCH DIST.,2015-08,2,110447.45
047902,PERRY LOCAL SCHOOL DISTRICT,2015-08,1,43618.72
047928,DAWSON BRYANT LOCAL SCHOOL,2015-08,1,30544.45
047936,FAIRLAND LOCAL SCHOOL DISTRICT,2015-08,2,43396.2
047944,ROCK HILL LOCAL SCHOOL,2015-08,2,36983.42
047951,SOUTH POINT LOCAL SCHOOLS,2015-08,1,41815.62
047969,SYMMES VALLEY LOCAL SCHOOLS,2015-08,2,20624.84
047985,JOHNSTOWN MONROE LOCAL SCHOOL,2015-08,2,41034.9
047993,LAKEWOOD LOCAL SCHOOL DISTRICT,2015-08,3,47247.91
048009,LICKING HEIGHTS LOCAL SCHOOLS,2015-08,2,96178.56
048017,LICKING VALLEY LOCAL SCHOOL,2015-08,2,50458.19
048025,NORTH FORK LOCAL SCHOOL,2015-08,2,42308.73
048033,NORTHRIDGE LOCAL SCHOOL,2015-08,3,31517.21
048041,SOUTHWEST LICKING LOCAL SCHOOL,2015-08,2,100934.89
048074,BENJAMIN LOGAN LOCAL SCHOOL,2015-08,4,44052.31
048082,INDIAN LAKE LOCAL SCHOOL,2015-08,4,43220.17
048090,RIVERSIDE LOCAL SCHOOL,2015-08,3,17636.56
048116,AVON LOCAL SCHOOL DISTRICT,2015-08,2,107541.1
048124,AVON LAKE CITY SCHOOLS,2015-08,1,92785.24
048132,CLEARVIEW BOARD OF EDUCATION,2015-08,1,42400.97
048140,COLUMBIA LOCAL SCHOOL DISTRICT,2015-08,3,23105.6
048157,FIRELANDS LOCAL SCHOOL,2015-08,3,44584.54
048165,KEYSTONE LOCAL SCHOOLS,2015-08,2,42616.4
048173,MIDVIEW LOCAL SCHOOL DISTRICT,2015-08,2,76655.83
048207,ANTHONY WAYNE LOCAL SCHOOLS,2015-08,3,109930.51
048215,OTTAWA HILLS LOCAL SCHOOL,2015-08,1,23794.63
048223,SPRINGFIELD LOCAL SCH DIST.,2015-08,1,99909.7
048231,WASHINGTON LOCAL SCHOOL,2015-08,1,173299.61
048256,JEFFERSON LOCAL SCHOOL,2015-08,2,32287.74
048264,JONATHAN ALDER LOCAL SCHOOL,2015-08,3,57335.91
048272,MADISON PLAINS LOCAL SCHOOL,2015-08,6,31554.32
048298,AUSTINTOWN LOCAL SCHOOL,2015-08,2,130970.13
048306,BOARDMAN LOCAL SCHOOL DISTRICT,2015-08,1,110142.61
048314,CANFIELD LOCAL SCHOOL DISTRICT,2015-08,1,69750.24
048322,JACKSON-MILTON LOCAL SCHOOL,2015-08,3,20240.25
048330,LOWELLVILLE LOCAL SCHOOLS,2015-08,1,14830.78
048348,POLAND LOCAL SCHOOL DISTRICT,2015-08,1,53071.93
048355,SEBRING LOCAL SCHOOL DISTICT,2015-08,1,13590.67
048363,SOUTH RANGE LOCAL SCHOOL,2015-08,2,34012.34
048371,SPRINGFIELD LOCAL BOARD OF EDU,2015-08,2,27965.7
048389,WEST BRANCH LOCAL SCHOOL,2015-08,4,54494.49
048397,WESTERN RESERVE LOCAL SCHOOLS,2015-08,2,17614.72
048413,ELGIN LOCAL SCHOOL DISTRICT,2015-08,4,27242.72
048421,PLEASANT LOCAL SCHOOL DISTRICT,2015-08,1,30589.5
048439,RIDGEDALE LOCAL SCHOOLS,2015-08,3,17901.07
048447,RIVER VALLEY LOCAL SCHOOL DIST,2015-08,4,51108.53
048462,BLACK RIVER LOCAL SCHOOL,2015-08,4,30005.53
048470,BUCKEYE LOCAL SCHOOL DISTRICT,2015-08,3,58322.29
048488,CLOVERLEAF LOCAL SCHOOL,2015-08,2,63352.39
048496,HIGHLAND LOCAL SCHOOL DISTRICT,2015-08,3,80409.14
048512,EASTERN LOCAL SCHOOL DISTRICT,2015-08,1,19512.99
048520,MEIGS LOCAL SCHOOL DISTRICT,2015-08,2,45249.05
048538,SOUTHERN LOCAL SCHOOL DISTRICT,2015-08,1,18522.1
048553,MARION LOCAL BOARD OF,2015-08,3,22320.84
048579,PARKWAY SCHOOL BOARD OF EDUC,2015-08,3,26585.73
048587,ST HENRY CONSOLIDATED LOCAL,2015-08,2,25004.19
048595,FORT RECOVERY LOCAL SCHOOL,2015-08,2,24141.54
048611,BETHEL LOCAL SCHOOL DISTRICT,2015-08,3,27687.57
048629,MIAMI EAST LOCAL SCHOOLS,2015-08,4,33216.77
048637,NEWTON LOCAL SCHOOL DISTRICT,2015-08,2,15075.73
048652,SWITZERLAND OF OHIO LOCAL,2015-08,4,58395.15
048678,BROOKVILLE LOCAL SCHOOL,2015-08,2,37339.44
048686,JEFFERSON TOWNSHIP LOCAL,2015-08,1,9112.02
048694,TROTWOOD MADISON CITY SCHOOLS,2015-08,1,63153.15
048702,MAD RIVER LOCAL SCHOOL,2015-08,2,95437.7
048710,NEW LEBANON LOCAL SCHOOLS,2015-08,2,29895.12
048728,NORTHMONT CITY SCHOOLS,2015-08,2,132314.26
048736,NORTHRIDGE LOCAL SCHOOL,2015-08,1,42001.14
048744,VALLEY VIEW LOCAL SCHOOL,2015-08,3,46999.87
048751,HUBER HEIGHTS CITY SCHOOLS,2015-08,4,148393.35
048777,MORGAN LOCAL SCHOOL DISTRICT,2015-08,5,48836.47
048793,CARDINGTON LINCOLN LOCAL,2015-08,2,28022.66
048801,HIGHLAND LOCAL SCHOOL DISTRICT,2015-08,3,45899.54
048819,NORTHMOR LOCAL SCHOOLS,2015-08,5,28383.03
048835,EAST MUSKINGUM SCHOOL DISTRICT,2015-08,3,55995.05
048843,FRANKLIN LOCAL SCHOOL DISTRICT,2015-08,3,53152.53
048850,MAYSVILLE LOCAL SCHOOL DIST,2015-08,2,56171.3
048876,TRI-VALLEY LOCAL SCHOOLS,2015-08,3,81101.39
048884,WEST MUSKINGUM LOCAL SCHOOL,2015-08,3,38533.08
048900,NOBLE LOCAL SCHOOL DISTRICT,2015-08,5,24836.26
048926,BENTON CARROLL SALEM LOCAL,2015-08,3,42000.09
048934,DANBURY LOCAL SCHOOLS,2015-08,1,13157.19
048942,GENOA AREA LOCAL SCHOOL,2015-08,4,36505.79
048975,PUT-IN-BAY LOCAL SCHOOL,2015-08,1,1518.14
048991,ANTWERP LOCAL SCHOOL DISTRICT,2015-08,2,17452
049031,WAYNE TRACE LOCAL SCHOOL,2015-08,3,24709.69
049056,NORTHERN LOCAL SCHOOL DISTRICT,2015-08,4,56878.39
049064,SOUTHERN LOCAL SCHOOL DISTRICT,2015-08,4,17125.59
049080,LOGAN ELM LOCAL SCHOOL DIST,2015-08,4,48627.2
049098,TEAYS VALLEY BOARD OF EDU,2015-08,3,99436.29
049106,WESTFALL LOCAL SCHOOL DISTRICT,2015-08,3,36933.47
049122,EASTERN LOCAL SCHOOL DISTRICT,2015-08,3,22083.56
049130,SCIOTO VALLEY LOCAL SCHOOL,2015-08,2,36772.99
049148,WAVERLY CITY SCHOOLS,2015-08,2,49370.36
049155,WESTERN LOCAL SCHOOL DISTRICT,2015-08,4,20033.61
049171,AURORA BOARD OF EDUCATION,2015-08,4,72193.44
049189,CRESTWOOD LOCAL SCHOOLS,2015-08,2,47882.95
049197,FIELD LOCAL SCHOOL DISTRICT,2015-08,3,51152.59
049205,JAMES A GARFIELD LOCAL SCHOOLS,2015-08,3,38364.51
049213,ROOTSTOWN LOCAL SCHOOL,2015-08,1,31205.04
049221,SOUTHEAST LOCAL SCHOOLS,2015-08,3,43833.13
049239,STREETSBORO CITY SCHOOLS,2015-08,2,56006.43
049247,WATERLOO LOCAL BOARD OF EDU,2015-08,2,29280.89
049270,NATIONAL TRAIL LOCAL SD,2015-08,2,27203.13
049288,PREBLE SHAWNEE LOCAL SCHOOLS,2015-08,3,35190.94
049296,TWIN VALLEY COMMUNITY LOCAL,2015-08,2,22865.54
049312,COLUMBUS GROVE LOCAL SCHOOL,2015-08,2,22874.66
049320,CONTINENTAL LOCAL SCHOOL,2015-08,3,12021.09
049338,JENNINGS LOCAL SCHOOL DISTRICT,2015-08,3,9584.56
049346,KALIDA LOCAL SCHOOL DISTRICT,2015-08,1,15902.93
049353,LEIPSIC LOCAL SCHOOL DISTRICT,2015-08,2,16080.4
049361,MILLER CITY-NEW CLEVELAND,2015-08,1,11667.22
049379,OTTAWA GLANDORF LOCAL SCHOOL,2015-08,1,38653.99
049387,OTTOVILLE LOCAL SCHOOL,2015-08,3,10448.14
049395,PANDORA-GILBOA LOCAL BOARD OF,2015-08,3,14202.02
049411,CLEARFORK VALLEY LOCAL SCHOOL,2015-08,3,44066.86
049429,CRESTVIEW LOCAL SCHOOL,2015-08,3,28941.32
049437,LEXINGTON LOCAL SCH DIST.,2015-08,2,62028.19
049445,LUCAS LOCAL SCHOOL DISTRICT,2015-08,2,15205.79
049452,MADISON LOCAL SCHOOLS,2015-08,2,77138.03
049460,PLYMOUTH-SHILOH LOCAL SCHOOLS,2015-08,3,20547.28
049478,ONTARIO LOCAL SCHOOLS,2015-08,2,49619.88
049494,ADENA LOCAL SCHOOL DISTRICT,2015-08,3,31265.62
049502,HUNTINGTON LOCAL SCH DIST.,2015-08,2,31957.29
049510,PAINT VALLEY LOCAL SCHOOL,2015-08,3,22629.73
049528,SOUTHEASTERN LOCAL SCHOOL,2015-08,4,31196.99
049536,UNION-SCIOTO LOCAL SCHOOL,2015-08,2,55682.3
049544,ZANE TRACE LOCAL SCHOOL,2015-08,3,36627.59
049569,LAKOTA LOCAL SCHOOLS,2015-08,3,26785.34
049577,WOODMORE LOCAL SCHOOL DISTRICT,2015-08,3,26701.27
049593,BLOOM-VERNON LOCAL SCHOOL,2015-08,2,22791.27
049601,CLAY LOCAL SCHOOL DISTRICT,2015-08,1,16264.8
049619,GREEN LOCAL SCHOOL DISTRICT,2015-08,2,14645.08
049627,MINFORD LOCAL SCHOOL DISTRICT,2015-08,2,35590.8
049635,NORTHWEST LOCAL SCHOOL DIST,2015-08,3,41464.09
049643,VALLEY LOCAL SCHOOL DISTRICT,2015-08,2,26665.99
049650,WASHINGTON NILES LOCAL SCHOOL,2015-08,2,38281.83
049668,WHEELERSBURG LOCAL SCHOOL,2015-08,1,38979.87
049684,SENECA EAST LOCAL SCHOOL,2015-08,3,24196.94
049700,HOPEWELL-LOUDON LOCAL SCHOOL,2015-08,2,21448.33
049718,NEW RIEGEL LOCAL SCHOOL,2015-08,1,9324.65
049726,OLD FORT LOCAL SCHOOL DISTRICT,2015-08,2,15473.95
049759,ANNA LOCAL BOARD OF EDUCAION,2015-08,1,32281.91
049767,BOTKINS LOCAL SCHOOL DISTRICT,2015-08,2,16390.45
049775,FAIRLAWN LOCAL SCHOOL DISTRICT,2015-08,4,16256.55
049783,FORT LORAMIE LOCAL SCHOOL,2015-08,2,21454.02
049791,HARDIN-HOUSTON LOCAL SCHOOL,2015-08,2,22465.33
049809,JACKSON CENTER LOCAL SCHOOL,2015-08,3,13544.71
049817,RUSSIA LOCAL SCHOOL DISTRICT,2015-08,2,11686.9
049833,CANTON LOCAL SCHOOL DISTRICT,2015-08,1,49352.62
049841,FAIRLESS LOCAL BOARD OF,2015-08,3,41271.65
049858,JACKSON LOCAL SCHOOL DISTRICT,2015-08,2,150523.43
049866,LAKE LOCAL SCHOOL DISTRICT,2015-08,3,87576.75
049874,LOUISVILLE CITY SCHOOLS,2015-08,1,76753.88
049882,MARLINGTON LOCAL SCHOOL,2015-08,4,59253.48
049890,MINERVA LOCAL SCHOOLS,2015-08,3,50289.16
049908,NORTHWEST LOCAL SCHOOL,2015-08,3,49185.11
049916,OSNABURG LOCAL SCHOOLS,2015-08,2,21116.95
049924,PERRY LOCAL SCHOOL DISTRICT,2015-08,1,120037
049932,PLAIN LOCAL SCHOOL DISTRICT,2015-08,1,149815.49
049940,SANDY VALLEY LOCAL SCHOOL,2015-08,3,36372.28
049957,TUSLAW LOCAL SCHOOLS,2015-08,2,37351.91
049973,WOODRIDGE LOCAL SCHOOL,2015-08,2,50164.58
049981,COPLEY-FAIRLAWN CITY SCHOOLS,2015-08,2,76483.56
049999,COVENTRY LOCAL SCHOOL DISTRICT,2015-08,1,55463.67
050005,MANCHESTER LOCAL SCHOOL,2015-08,2,34798.72
050013,GREEN LOCAL SCHOOLS,2015-08,2,103233.58
050021,HUDSON CITY SCHOOL DISTRICT,2015-08,2,113779.05
050039,MOGADORE LOCAL SCHOOL DISTRICT,2015-08,2,22954.65
050047,NORDONIA HILLS CITY SCHOOLS,2015-08,2,93692.7
050054,REVERE LOCAL SCHOOL DISTRICT,2015-08,3,66289.02
050062,SPRINGFIELD LOCAL SCH DIST.,2015-08,3,59553.85
050070,TWINSBURG BOARD OF EDUCATION,2015-08,3,104195.43
050096,BLOOMFIELD-MESPO LOCAL SCHOOL,2015-08,3,7371.25
050112,BRISTOL LOCAL SCHOOL DISTRICT,2015-08,1,17139.97
050120,BROOKFIELD LOCAL SCHOOL,2015-08,1,26656.57
050138,CHAMPION LOCAL SCHOOL DISTRICT,2015-08,1,37081.92
050153,MATHEWS LOCAL SCHOOL DISTRICT,2015-08,1,18906.98
050161,HOWLAND LOCAL SCHOOL DISTRICT,2015-08,1,72245.36
050179,JOSEPH BADGER LOCAL SCHOOL DIS,2015-08,2,21759.75
050187,LAKEVIEW LOCAL BOARD,2015-08,1,45866.47
050195,LIBERTY LOCAL BOARD OF EDU,2015-08,2,29513.22
050203,LORDSTOWN LOCAL SCHOOL,2015-08,2,13278.39
050211,MAPLEWOOD LOCAL BOARD OF EDU,2015-08,2,19487.73
050229,MCDONALD BOARD OF EDUCATION,2015-08,1,20118.64
050237,SOUTHINGTON LOCAL SCHOOL,2015-08,2,13782.79
050245,LABRAE LOCAL SCHOOL DISTRICT,2015-08,2,33497.87
050252,WEATHERSFIELD LOCAL SCHOOL,2015-08,2,24220.92
050278,GARAWAY LOCAL SCHOOLS,2015-08,4,31198.98
050286,INDIAN VALLEY LOCAL SCHOOLS,2015-08,2,45557.74
050294,STRASBURG-FRANKLIN LOCAL,2015-08,2,15801.31
050302,TUSCARAWAS VALLEY LOCAL SCHOOL,2015-08,3,36454.89
050328,FAIRBANKS LOCAL SCHOOLS,2015-08,4,26371.1
050336,NORTH UNION LOCAL SCHOOL,2015-08,5,39094.99
050351,CRESTVIEW LOCAL SCHOOL,2015-08,2,22171.34
050369,LINCOLNVIEW LOCAL SCH DIST.,2015-08,4,23712.11
050393,VINTON COUNTY LOCAL SCHOOLS,2015-08,7,55018.71
050419,CARLISLE LOCAL SCHOOLS,2015-08,3,41351.17
050427,SPRINGBORO COMMUNITY SCHOOLS,2015-08,2,150221.91
050435,KINGS LOCAL SCHOOL DISTRICT,2015-08,3,101402.01
050443,LITTLE MIAMI LOCAL SCHOOL,2015-08,2,103894.96
050450,MASON CITY SCHOOL DISTRICT,2015-08,3,268252.49
050468,WAYNE LOCAL SCHOOL DISTRICT,2015-08,4,39237.1
050484,FORT FRYE LOCAL SCHOOL,2015-08,4,25733.54
050492,FRONTIER LOCAL SCHOOL DISTRICT,2015-08,2,17666.82
050500,WARREN LOCAL SCHOOLS,2015-08,3,57114.09
050518,WOLF CREEK LOCAL SCHOOL BD,2015-08,2,16780.08
050534,CHIPPEWA LOCAL SCHOOLS,2015-08,4,35330.18
050542,DALTON LOCAL SCHOOL DISTRICT,2015-08,2,22932.26
050559,GREEN LOCAL SCHOOL DISTRICT,2015-08,1,27931.98
050567,NORTH CENTRAL LOCAL SCHOOLS,2015-08,2,35357.87
050575,NORTHWESTERN LOCAL SCH DIST.,2015-08,3,36234.18
050583,SOUTHEAST LOCAL SCH DIST.,2015-08,3,37880.51
050591,TRIWAY LOCAL SCHOOL DISTRICT,2015-08,3,43502.39
050617,EDGERTON LOCAL SCHOOL DISTRICT,2015-08,2,16777.55
050625,EDON NORTHWEST LOCAL SCHOOL,2015-08,1,13890.52
050633,MILLCREEK WEST UNITY LOCAL,2015-08,2,14663.18
050641,NORTH CENTRAL LOCAL SCHOOL,2015-08,1,14879.08
050658,STRYKER LOCAL SCHOOL DISTRICT,2015-08,4,9580.74
050674,EASTWOOD BOARD OF EDUCATION,2015-08,3,38490.05
050682,ELMWOOD LOCAL SCHOOL DISTRICT,2015-08,2,29720.57
050690,LAKE LOCAL SCHOOL DISTRICT,2015-08,2,41447.1
050708,NORTH BALTIMORE BOARD OF,2015-08,2,16907.52
050716,NORTHWOOD LOCAL SCHOOLS,2015-08,3,24621.82
050724,OTSEGO LOCAL SCHOOL DISTRICT,2015-08,3,38564.92
050740,MOHAWK BOARD OF EDUCATION,2015-08,3,24215.06
050773,APOLLO JOINT VOCATIONAL,2015-08,7,37383.28
050799,SOUTHERN HILLS JOINT,2015-08,4,17517.97
050815,ASHTABULA COUNTY TECHNICAL &,2015-08,4,23146.52
050856,BELMONT-HARRISON VOCATIONAL,2015-08,8,17843.47
050880,BUTLER TECHNOLOGY & CAREER,2015-08,4,253524.89
050906,COLUMBIANA COUNTY JOINT,2015-08,4,9725.78
050922,CUYAHOGA VALLEY CAREER CENTER,2015-08,2,22301.23
050948,POLARIS JOINT VOCATIONAL,2015-08,2,42250.82
050963,FOUR COUNTY JOINT VOCATIONAL,2015-08,9,33771.58
050989,DELAWARE AREA CAREER CENTER,2015-08,5,27519.4
051003,EASTLAND-FAIRFIELD CAREER &,2015-08,5,36292.45
051029,EHOVE JOINT VOCATIONAL SCHOOL,2015-08,8,19668.38
051045,GREENE COUNTY JOINT VOCATIONAL,2015-08,5,29033.36
051060,GREAT OAKS INSTITUTE OF TECH,2015-08,12,208219.73
051128,JEFFERSON COUNTY JOINT,2015-08,4,8419.42
051144,KNOX COUNTY CAREER CENTER,2015-08,7,16992.25
051169,AUBURN VOCATIONAL SCHOOL DIST,2015-08,6,14845.21
051185,LAWRENCE COUNTY JOINT,2015-08,3,28929.95
051201,LICKING CNTY JOINT VOCATIONAL,2015-08,6,27826.44
051227,LORAIN COUNTY JOINT,2015-08,5,32289.38
051243,MAHONING COUNTY CAREER &,2015-08,5,17966.95
051284,MIAMI VALLEY CAREER TECHNOLOGY,2015-08,10,68290.86
051300,MIDEAST CAREER & TECHNOLOGY,2015-08,13,25677.9
051334,OHIO HI POINT JOINT VOCATIONAL,2015-08,10,47663.86
051359,PENTA COUNTY VOCATIONAL SCHOOL,2015-08,7,97687.6
051375,PIKE COUNTY JOINT VOCATIONAL,2015-08,5,9646.37
051391,MAPLEWOOD CAREER CENTER,2015-08,6,14853.08
051417,PIONEER CAREER & TECHNOLOGY,2015-08,9,55353.25
051433,PICKAWAY-ROSS COUNTY JOINT,2015-08,9,70245.71
051458,VANGUARD SENTINEL CAREER CNTRS,2015-08,9,46033.96
051474,WARREN COUNTY VOCATIONAL,2015-08,7,48311.06
051490,SCIOTO COUNTY CAREER TECH CNTR,2015-08,4,19605.58
051532,SPRINGFIELD-CLARK CAREER,2015-08,5,23275.05
051607,TRI-COUNTY JOINT VOCATIONAL,2015-08,7,10150.79
051631,TRUMBULL COUNTY JOINT,2015-08,2,24234.56
051656,BUCKEYE JOINT VOCATIONAL,2015-08,9,26679.58
051672,VANTAGE CAREER CENTER,2015-08,6,17118.68
051698,WASHINGTON COUNTY JOINT,2015-08,5,11233.43
051714,WAYNE CNTY JOINT VOCATIONAL SC,2015-08,6,18336.16
061903,ADAMS CNTY-OH VALLEY SCHL DIST,2015-08,5,98905.79
062026,STARK COUNTY AREA JOINT,2015-08,6,17686.96
062042,ASHLAND CO WEST HOLMES JOINT,2015-08,7,7505.9
062067,GALLIA JACKSON VINTON JOINT,2015-08,6,33010.1
062109,MEDINA COUNTY CAREER CENTER,2015-08,5,29017.23
062125,UPPER VALLEY JOINT VOCATIONAL,2015-08,6,61473.98
062802,US GRANT JOINT VOCATIONAL,2015-08,2,11773.41
063495,PORTAGE LAKES JOINT VOCATIONAL,2015-08,3,15191.58
063511,TOLLES CAREER & TECH CENTER,2015-08,5,27301.36
064964,COLLEGE CORNER LOCAL SCHOOL,2015-08,2,2592.87
065227,COSHOCTON COUNTY JOINT,2015-08,5,6040.15
065268,TRI-RIVERS JOINT VOCATIONAL,2015-08,6,13781.83
065680,GALLIA COUNTY LOCAL SCHOOL,2015-08,5,56012.2
069682,EAST GUERNSEY LOCAL SCHOOL,2015-08,5,27672.53
091397,TRI-COUNTY NORTH LOCAL SCHOOL,2015-08,3,25038.68
132746,SUMMIT ACADEMY COMMUNITY SCH,2015-08,4,2348.32
132761,SUMMIT ACAD COMMU SCHL FOR,2015-08,3,4024.93
132779,SUMMIT ACADEMY AKRON MIDDLE,2015-08,1,1387.85
132787,SPRINGFIELD ACADEMY OF,2015-08,1,5553.39
132795,LIFE SKILLS CENTER OF CLARK,2015-08,4,3964.04
132803,LIFE SKILLS CENTER OF BUTLER,2015-08,4,6410.9
132944,MIAMI VALLEY ACADEMIES,2015-08,3,4468.24
132951,CONSTELLATN SCHLS LORAIN COMMU,2015-08,2,5322.19
132969,CONSTELLATN SCHLS ELYRIA COMMU,2015-08,3,12813.64
132985,YOUTH BUILD COLUMBUS,2015-08,1,4742.82
132993,CONSTELLATN SCHLS W.PARK COMM,2015-08,3,7945.72
133215,INTERGENERATIONAL SCHOOL,2015-08,1,5801.61
133256,CONSTELLTN SCHLS PARMA COMMU,2015-08,3,30244.07
133264,DOHN COMMUNITY HIGH SCHOOL,2015-08,2,8249.45
133280,WASHINGTON PARK COMMUNITY,2015-08,1,5599.81
133306,SUMMIT ACAD COMMU SCHL FOR,2015-08,4,3843.17
133322,SUMMIT ACAD COMMU SCHL  FOR,2015-08,1,3707.88
133330,TCP WORLD ACADEMY,2015-08,2,13042.75
133348,RICHARD ALLEN PREPARATORY,2015-08,2,3887.17
133389,LIGHTHOUSE COMMUNITY SCHOOL,2015-08,2,1513.85
133413,ELECTRONIC CLASSROOM OF,2015-08,88,418496.47
133421,GRAHAM SCHOOL,2015-08,3,6458.36
133439,CORNERSTONE ACADEMY,2015-08,5,15313.91
133454,DAYTON VIEW ACADEMY,2015-08,1,5679.24
133488,EDUCATIONAL DEVELOPMENT CENTER,2015-08,2,4139.91
133504,PHOENIX COMMUNITY LEARNING,2015-08,2,8779.28
133512,LKH VICTORY CORP,2015-08,2,23865.23
133520,CITIZENS ACADEMY,2015-08,1,10896.93
133538,EDGE LEARNING INC,2015-08,2,6459.81
133561,MILLENNIUM COMMUNITY SCHOOL,2015-08,2,15035.78
133587,SUMMIT ACAD AKRON ELEMENT SCH,2015-08,2,3457.39
133629,HORIZON SCIENCE ADADEMY -,2015-08,4,11477.74
133660,HORIZON EDUCATIONAL SERVICES,2015-08,1,11957.97
133678,RIVERSIDE COMMUNITY SCHOOL INC,2015-08,1,8123.26
133736,RICHARD ALLEN ACADEMY INC,2015-08,1,1943.56
133785,LIFE SKILLS CENTER OF,2015-08,2,3607.55
133801,LIFE SKILLS CENTER OF,2015-08,3,3087.39
133819,HOPE ACAD LINCOLN PARK CAMPUS,2015-08,1,5196.22
133835,LIFE SKILLS CENTER OF,2015-08,3,9812.31
133868,LIFE SKILLS CENTER OF AKRON,2015-08,3,6586.04
133942,TOLEDO SCHOOL FOR THE ARTS,2015-08,6,16807.96
133959,DAYTON LEADERSHIP ACAD.-DAYTON,2015-08,1,3104.65
134072,YOUNGSTOWN COMMUNITY SCHL INC,2015-08,1,8807.36
134098,CONSTELLATN SCHLS OLD BROOKLYN,2015-08,2,8021.35
134122,MULTIPLE OPTNS FOR DEVELOPMENT,2015-08,3,2750.75
134148,AURORA ACADEMY,2015-08,2,3986.87
134197,HOPE ACADEMY CHAPELSIDE CAMPUS,2015-08,2,4489.94
134213,HOPE ACADEMY UNIVERSITY,2015-08,1,7418.71
134221,HOPE ACADEMY BROWN ST CAMPUS,2015-08,1,5778.52
134247,CITY DAY COMMUNITY SCHOOL INC,2015-08,2,3887.11
139303,MONROE LOCAL SCHOOL DISTRICT,2015-08,2,65569.43
142901,LIFE SKILLS CENTER OF CANTON,2015-08,1,2579.54
142919,LIFE SKILLS CENTER OF ELYRIA,2015-08,2,3581.76
142927,FOCUS LEARNING ACADEMY OF,2015-08,2,7265.63
142935,FOCUS LEARNING ACADEMY OF,2015-08,3,5852.9
142943,FOCUS LEARNING ACADEMY OF,2015-08,1,8728.81
142950,OHIO VIRTUAL ACADEMY INC,2015-08,88,274974.08
142968,HOPE ACAD NORTHCOAST ACAD,2015-08,1,7516.86
143115,MOUND STREET IT ACADEMY,2015-08,1,1337.78
143123,MOUND STREET MILITARY ACADEMY,2015-08,1,1337.78
143131,MOUND STREET HEALTH CAREER,2015-08,2,1413.54
143164,LIFE SKILLS CENTER OF,2015-08,2,1866.84
143172,INTERNATIONAL ACADEMY OF,2015-08,1,5398.74
143198,GREAT WESTERN ACADEMY,2015-08,1,17911.72
143206,TROTWOOD FITNESS &,2015-08,1,8607.2
143214,MIDDLETOWN FITNESS &,2015-08,3,6360.38
143297,AUTISM ACADEMY OF LEARNING,2015-08,1,1362.58
143305,TRECA DIGITAL ACADEMY,2015-08,86,50700.27
143313,HOPE ACADEMY CUYAHOGA CAMPUS,2015-08,1,6129.52
143396,OHIO DISTANCE EDUCATION &,2015-08,82,45254.17
143479,CONSTELLATION SCHOOLS PURITAS,2015-08,2,4918.75
143487,CONSTELLATION SCHLS STOCKYARD,2015-08,1,7012.38
143503,LAKE ERIE ACADEMY,2015-08,1,5803.57
143529,NORTH DAYTON SCHOOL OF SCIENCE,2015-08,3,14289.21
143537,VIRTUAL COMMUNITY SCHOOL,2015-08,64,20614.81
143552,EAGLE ACADEMY,2015-08,1,5803.57
143560,RICHARD ALLEN ACADEMY II,2015-08,1,7950.94
143578,RICHARD ALLEN ACADEMY III,2015-08,3,4139.11
143602,HAMILTON COUNTY MATHEMATICS &,2015-08,3,14506.18
143610,ARTS & COLLEGE PREPARATORY,2015-08,9,8956.89
143644,SCIOTOVILLE COMMUNITY SCHOOL,2015-08,1,7790.92
147231,SCHNEE LEARNING CENTER,2015-08,2,3658.96
148916,MARION CITY DIGITAL ACADEMY,2015-08,1,3258.5
148932,FRANKLIN LOCAL COMMU SCHOOL,2015-08,2,1976.55
148981,TOMORROW CENTER,2015-08,8,2758.75
148999,MAHONING UNLIMITED CLASSROOM,2015-08,4,3694.87
149047,GOAL DIGITAL ACADEMY,2015-08,13,10840.13
149054,AKRON DIGITAL ACADEMY,2015-08,4,11153.63
149062,URBANA COMMUNITY SCHOOL,2015-08,1,734.79
149088,FAIRBORN DIGITAL ACADEMY,2015-08,5,4450.21
149302,LIFE SKILLS CENTER OF TOLEDO,2015-08,2,2144.87
149328,FOXFIRE HIGH SCHOOL,2015-08,3,6790.55
149336,SOUTHWEST LICKING DIGITAL,2015-08,2,530.31
149427,MASSILLON DIGITAL ACADEMY,2015-08,2,1517.32
151027,LONDON ACADEMY,2015-08,9,5382.99
151035,PLEASANT COMMUNITY DIGITAL,2015-08,1,2904.87
151142,LORAIN HIGH SCHOOL DIGITAL,2015-08,1,3304.3
151167,RIDGEDALE COMMUNITY SCHOOL,2015-08,1,707.27
151175,WEST CENTRAL LEARNING ACADEMY,2015-08,4,1771.25
151183,LIFE SKILLS CNTR OF LAKE ERIE,2015-08,1,5877.28
151191,LIFE SKILLS CENTER OF SUMMIT,2015-08,2,1564.51
151209,LIFE SKILLS CENTER OF,2015-08,1,2497.21
151233,LAKEWOOD DIGITAL ACADEMY,2015-08,5,2474.81
000125,POLLY FOX ACADEMY,2016-01,,2238.69
000130,PHOENIX ACADEMY,2016-01,,10862.33
000131,GLASS CITY ACADEMY INC,2016-01,,5952.62
000138,PATHWAY SCHOOL OF DISCOVERY,2016-01,,19849.78
000139,ALLIANCE ACADEMY,2016-01,,11592.94
000162,NEWARK DIGITAL ACADEMY,2016-01,,9566.04
000197,HAMILTON ALTERNATIVE ACADEMY,2016-01,,940.64
000222,WILDWOOD ENVIRONMENTAL ACADEMY,2016-01,,8267.7
000236,OHIO CONNECTIONS ACADEMY INC,2016-01,,87788.3
000241,QUAKER DIGITAL ACADEMY,2016-01,,17084.7
000282,GREATER OHIO VIRTUAL SCHOOL,2016-01,,9831.01
000288,AUGLAIZE COUNTY EDUCATIONAL,2016-01,,1149.64
000296,SUMMIT ACAD. COMM. SCHOOL,2016-01,,1220.43
000297,SUMMIT ACAD. COMM. SCHOOL DAY,2016-01,,3435.35
000298,SUMMIT ACADEMY SECONDARY,2016-01,,1627.13
000300,SUMMIT ACAD. SEC. SCHOOL,2016-01,,2752.2
000301,SUMMIT ACAD. SEC. SCHOOL LOR,2016-01,,2110.74
000302,SUMMIT ACAD. COMM. SCHOOL PAR,2016-01,,5033.2
000303,SUMMIT ACAD. SEC. SCHOOL,2016-01,,6426.24
000304,SUMMIT ACAD. COMM. SCHOOL TOL,2016-01,,2747.33
000305,SUMMIT ACAD. COMM. SCHOOL WAR,2016-01,,2621.12
000306,SUMMIT ACAD. COMM. SCHOOL,2016-01,,3076.29
000311,BRIDGES COMMUNITY ACADEMY,2016-01,,3231.26
000316,CONSTELLATION SCHOOLS WESTPARK,2016-01,,5210.95
000318,MENLO PARK ACADEMY,2016-01,,9305.45
000319,CONSTELLATION SCH MADISON,2016-01,,8375.63
000320,CONSTELLATION SCHOOLS LORAIN,2016-01,,3305.98
000321,CONSTELLATION SCH OLD BROOKLYN,2016-01,,6253.15
000338,HORIZON SCI ACADEMY,2016-01,,14728.77
000360,MIAMISBURG SECONDARY DIGITAL,2016-01,,1602.92
000392,MANSFIELD ENHANCEMENT ACADEMY,2016-01,,611.35
000396,MANSFIELD ELECTIVE ACADEMY,2016-01,,764.18
000402,FINDLAY DIGITAL ACADEMY,2016-01,,3854.85
000417,BUCKEYE ON-LINE SCH FOR SUCCS,2016-01,,21808.53
000420,COLUMBUS BILINGUAL ACADEMY,2016-01,,4499.82
000442,MANCHESTER LOCAL SCHOOL DIST,2016-01,,22569.69
000509,WHITEHALL PREPARATORY &,2016-01,,7067.52
000510,SPRINGFIELD PREPARATORY &,2016-01,,4502.7
000511,NORTHLAND PREPARATORY &,2016-01,,7906.47
000525,PROJECT REBUILD COMMUNITY SCHL,2016-01,,2242.07
000527,CASTLE HIGH SCHOOL INC,2016-01,,4982.16
000534,CONSTELLATION SCHOOLS PURITAS,2016-01,,3457.03
000541,CONSTELLATION SCH OUTREACH,2016-01,,712.63
000543,PINNACLE ACADEMY,2016-01,,18835.71
000546,WINTERFIELD VENTURE ACADEMY,2016-01,,13482.51
000553,COLUMBUS HUMANITIES ARTS &,2016-01,,9635.21
000556,A+ ARTS ACADEMY,2016-01,,17592.62
000557,COLUMBUS ARTS &,2016-01,,13779.15
000558,COLUMBUS PREPARATORY ACADEMY,2016-01,,17312.99
000559,ORION ACADEMY,2016-01,,13956.69
000560,APEX ACADEMY,2016-01,,16077.83
000564,VIRTUAL SCHOOLHOUSE INC,2016-01,,8490.11
000575,HOPE ACADEMY NORTHWEST CAMPUS,2016-01,,6354.8
000576,KING ACADEMY COMMUNITY SCHOOL,2016-01,,3203.17
000577,EMERSON ACADEMY,2016-01,,18294.1
000598,COSHOCTON OPPORTUNITY SCHOOL,2016-01,,1200.97
000608,SUMMIT ACADEMY TRANSITION HIGH,2016-01,,2186.54
000609,SUMMIT ACAD. MIDDLE SCH LORAIN,2016-01,,2314.28
000610,SUMMIT ACAD. MIDDLE SCH COL.,2016-01,,2847.98
000613,HEIR FORCE COMMUNITY SCHOOL,2016-01,,7698.59
000614,SUMMIT ACADEMY TRANSITION HIGH,2016-01,,5824.23
000616,SUMMIT ACAD. SCH FOR ALT.,2016-01,,2773.8
000621,SUMMIT ACADEMY TRANSITION HIGH,2016-01,,3079.68
000623,SUMMIT ACADEMY - YOUNGSTOWN,2016-01,,5355.6
000629,SUMMIT ACADEMY COMMUNITY,2016-01,,1856.75
000633,SUMMIT ACAD. TOLEDO LEARN,2016-01,,4833.66
000634,SUMMIT ACADEMY SECONDARY,2016-01,,2290.01
000640,RITTMAN ACADEMY,2016-01,,790.02
000664,LIFE SKILLS CENTER OF COLUMBUS,2016-01,,3686.47
000677,NEW DAY ACADEMY BOARDING,2016-01,,4092.51
000679,OAKSTONE COMMUNITY SCHOOL,2016-01,,7121.67
000725,ZENITH ACADEMY,2016-01,,10169.14
000736,PHOENIX VILL. ACAD. PRIMARY 2,2016-01,,3355.34
000738,PHOENIX VILL. ACAD. SEC. 1,2016-01,,2846.95
000770,MARITIME ACADEMY OF TOLEDO INC,2016-01,,6563.2
000779,EDUCATIONAL ACADEMY FOR BOYS,2016-01,,3254.11
000780,MIDNIMO CROSS CULTURAL MIDDLE,2016-01,,2593.12
000781,CINCINNATI SPEECH,2016-01,,6965.68
000804,HORIZON SCIENCE ACADEMY,2016-01,,8999.37
000808,HORIZON SCIENCE ADADEMY DAYTON,2016-01,,4249.02
000813,LIFE SKILLS CENTER OF DAYTON,2016-01,,5215.98
000825,HORIZON SCIENCE ACADEMY,2016-01,,9437.6
000838,HORIZON SCIENCE ACADEMY-,2016-01,,7346.17
000843,BENNETT VENTURE ACADEMY,2016-01,,18570.14
000855,STAMBAUGH CHARTER ACADEMY,2016-01,,11301.52
000858,HORIZON SCIENCE ACAD CLEVELAND,2016-01,,8286.66
000875,WESTSIDE ACADEMY INC,2016-01,,5211.66
000905,IMAC INC,2016-01,,1019.03
000912,ACADEMIC ACCELERATION ACADEMY,2016-01,,5008.3
000930,CLEVELAND ENTREPRENEURSHIP,2016-01,,7803.7
000936,PROMISE ACADEMY,2016-01,,7295.31
000938,PREMIER ACADEMY OF OHIO,2016-01,,1144.02
000941,PAR EXCELLENCE ACADEMY,2016-01,,3775.55
000942,LAKEWOOD CITY ACADEMY,2016-01,,3889.16
000951,TOLEDO PREP. AND FITNESS ACAD,2016-01,,5138.6
000952,COLUMBUS PREPARATORY,2016-01,,7601.4
000953,CINCINNATI PREPARATORY &,2016-01,,7601.16
007984,YOUNGSTOWN ACAD OF EXCELLENCE,2016-01,,3775.72
007995,CLEVELAND ARTS  SCI.,2016-01,,8490.02
007998,CENTER FOR STUDENT ACHIEVEMENT,2016-01,,1225.51
007999,CHARLES SCHOOL,2016-01,,10143.94
008000,MANSFIELD PREPARATORY ACADEMY,2016-01,,8036.07
008063,LIFE SKILLS CTR OF NORTH AKRON,2016-01,,3788.15
008064,ACADEMY OF ARTS,2016-01,,4323.21
008251,MAHONING VALLEY,2016-01,,1632.74
008278,NOBLE ACADEMY-CLEVELAND INC,2016-01,,10345.68
008280,NOBLE ACADEMY-COLUMBUS INC,2016-01,,8059.01
008281,SOUTH SCIOTO ACADEMY,2016-01,,5618.42
008282,LIFE SKILLS CTR OF COL. NORTH,2016-01,,2389.85
008283,DAYTON TECH. DESIGN HIGH SCH,2016-01,,4503.45
008286,HARVARD AVE COMMUNITY SCHOOL,2016-01,,14819.4
008287,GROVEPORT COMMUNITY SCHOOL,2016-01,,19804.53
008289,EAGLE LEARNING CENTER INC,2016-01,,2621.4
009122,COLUMBUS COLLEGIATE,2016-01,,5872.65
009147,NORTHPOINTE ACADEMY,2016-01,,9730.14
009148,ZANESVILLE COMM. HIGH SCH,2016-01,,2172.5
009149,CONSTELLATION SCHOOLS WESTSIDE,2016-01,,9354.28
009163,CM GRANT LEADERSHIP ACADEMY,2016-01,,2745.65
009164,CENTRAL ACADEMY OF OHIO,2016-01,,4553.45
009171,STAR ACADEMY OF TOLEDO,2016-01,,4680.64
009179,HORIZON SCIENCE ACADEMY INC,2016-01,,11872.41
009181,CLAY AVENUE COMMUNITY SCHOOL,2016-01,,13380.54
009192,FOUNDATION ACADEMY,2016-01,,10291.48
009283,DAYTON EARLY COLLEGE ACAD.,2016-01,,11525.79
009953,SULLIVANT AVE COMM. SCHOOL,2016-01,,9228.45
009954,HARRISBURG PIKE COMM. SCHOOL,2016-01,,8414.92
009955,MADISON AVENUE SCHOOL OF ARTS,2016-01,,15860.77
009957,KLEPINGER COMMUNITY SCHOOL,2016-01,,10966.02
009964,SCIOTOVILLE ELEMENTARY ACADEMY,2016-01,,3618.89
009971,ASHLAND CTY COMM. ACADEMY,2016-01,,2818.66
009990,HORIZON SCI. ACAD. ELEMENTARY,2016-01,,14135.2
009996,MAHONING COUNTY HIGH SCHOOL,2016-01,,1887.86
009997,KIPP CENTRAL OHIO,2016-01,,18431.73
010007,HORIZON SCI. ACAD. DENISON,2016-01,,3990.82
010036,CESAR CHAVEZ COLLEGE PREP.,2016-01,,8974.22
010180,MOUNT AUBURN INT. ACAD.,2016-01,,14299.85
010182,PERFORMANCE ACADEMY EASTLAND,2016-01,,8160.7
010205,L HOLLINGWORTH SCH FOR TAL.,2016-01,,8623.58
011291,VILLAGE PREPARATORY SCHOOL,2016-01,,11286.14
011324,HARDIN COMMUNITY SCHOOL,2016-01,,1100.5
011381,GREATER SUMMIT CTY EARLY LEARN,2016-01,,3178.32
011390,BELLA ACADEMY OF EXCELLENCE,2016-01,,7727.49
011436,PLEASANT EDUCATION ACADEMY,2016-01,,509.26
011439,RENAISSANCE ACADEMY,2016-01,,4500.14
011444,RUSHMORE ACADEMY,2016-01,,7410.74
011468,COLUMBUS BILINGUAL ACAD. - N.,2016-01,,9787.75
011479,LIFELINKS COMMUNITY SCHOOL,2016-01,,1962.88
011506,DAYTON REGIONAL STEM SCHOOL,2016-01,,16014.01
011507,ACHIEVE CAREER PREP. ACAD.,2016-01,,4604.33
011511,NORTH CENTRAL ACADEMY,2016-01,,1634.01
011533,HORIZON SCI. ACAD. OF LORAIN,2016-01,,16072.14
011534,HORIZON SCIENCE ACADEMY DAYTON,2016-01,,8370.83
011923,NORTHEAST OHIO COLLEGE PREP.,2016-01,,14133.09
011947,IMAGINE AKRON ACADEMY,2016-01,,1703.4
011956,RCCS,2016-01,,2491.89
011967,RICHLAND ACAD. SCH OF EXC.,2016-01,,4993.04
011972,GRAHAM EXPED. MIDDLE SCHOOL,2016-01,,3228.77
011976,HORIZON SCIENCE ACADEMY DAYTON,2016-01,,5750.17
011986,HORIZON SCI. ACAD. YOUNGSTOWN,2016-01,,10459.37
012000,CRUISER ACADEMY,2016-01,,4576.09
012009,ZENITH ACADEMY-EAST,2016-01,,8084.59
012010,CLEVELAND COLLEGE PREP.,2016-01,,7193.64
012011,COLUMBUS PERFORMANCE ACADEMY,2016-01,,4652.36
012025,CONSTELLATION SCH STOCKYARD,2016-01,,2211.47
012026,CONSTELLATION SCHOOLS CENTRAL,2016-01,,3482.44
012029,CITIZENS LEADERSHIP ACADEMY,2016-01,,6558.17
012030,NEAR WEST SCHOOL,2016-01,,4931.34
012031,ENTREPRENEURSHIP PREP. SCHOOL,2016-01,,7371.57
012033,FOXFIRE INTERMEDIATE SCHOOL,2016-01,,3092.6
012036,THURGOOD MARSHALL HIGH SCHOOL,2016-01,,965.93
012037,NEW BEGINNINGS ACADEMY,2016-01,,813.53
012038,LANGSTON HUGHES HIGH SCHOOL,2016-01,,1093.03
012040,ROAD TO SUCCESS ACADEMY,2016-01,,3228.69
012041,THE ARCH ACADEMY,2016-01,,1144.02
012042,GEORGE V VOINOVICH RECLAMATION,2016-01,,3533.28
012043,FREDERICK DOUGLASS RECLAMATION,2016-01,,3355.34
012044,CAPITAL HIGH SCHOOL,2016-01,,6508.22
012045,PATRIOT PREPARATORY ACADEMY,2016-01,,14695.35
012054,NORTH CENTRAL ACADEMY FREMONT,2016-01,,2772.46
012060,AKROS MIDDLE SCHOOL,2016-01,,3483.06
012078,QUEST COMMUNITY SCHOOL,2016-01,,1881.04
012105,SOUTHSIDE ACADEMY INC,2016-01,,3903.28
012391,METRO EARLY COLLEGE HIGH SCH,2016-01,,17695.93
012497,PICKERINGTON COMMUNITY SCHOOL,2016-01,,1755.96
012501,BEACON HILL COMMUNITY SCHOOL,2016-01,,1911.19
012513,CINCINNATI COLLEGE PREPARATORY,2016-01,,6228.38
012528,ACADEMY FOR URBAN SOLUTIONS,2016-01,,7830.23
012529,FOCUS NORTH HIGH SCHOOL,2016-01,,4728.63
012536,UBAH MATH  ACADEMY,2016-01,,4525.25
012541,UNIVERSITY OF CLEVELAND PREP.,2016-01,,9633.89
012545,IMAGINE WOODBURY ACADEMY,2016-01,,3231.29
012556,PEARL ACADEMY,2016-01,,5719.32
012558,GLOBAL VILLAGE ACADEMY INC,2016-01,,3863.72
012624,ACCELELERATED ACH. ACAD. OF,2016-01,,2491.37
012626,DOW LEADERSHIP INSTITUTE,2016-01,,2363.99
012627,STEAM ACADEMY OF YOUNGSTOWN,2016-01,,3457.64
012628,IMAGINE INTEGRITY ACADEMY,2016-01,,2059.24
012629,GREAT EXPECTATIONS ELEM. SCH,2016-01,,4095.56
012631,IMPACT ACADEMY CINCINNATI,2016-01,,3126.9
012644,STEAM ACADEMY OF WARREN,2016-01,,6310.77
012668,GARFIELD ACADEMY INC,2016-01,,5528.75
012671,CONSTELLATION SCH EASTSIDE,2016-01,,3482.43
012684,BROADWAY ACADEMY,2016-01,,8108.73
012852,CITIZENS ACADEMY EAST,2016-01,,9862.65
012867,TOWNSEND NORTH COMM. SCH,2016-01,,18443.37
012924,DECA PREP,2016-01,,14019.23
012951,COLUMBUS COLLEGIATE ACAD. - W.,2016-01,,5974.34
013030,GRAHAM PRIMARY SCHOOL,2016-01,,5694.69
013034,VILLAGE PREP. SCH:WOODLA,2016-01,,10447.29
013059,WEST CARROLTON SEC. ACAD.,2016-01,,1959.17
013082,THE HALEY SCHOOL,2016-01,,5338.06
013132,LAKE ERIE COLLEGE PREP.,2016-01,,7549.52
013146,STEAM Academy of Dayton,2016-01,,5343.08
013147,STEAM ACAD. OF WARRENSVILLE,2016-01,,4359.39
013148,STEPSTONE ACADEMY,2016-01,,7574.93
013170,HOPE ACADEMY FOR AUTISM,2016-01,,1526.72
013173,IMAGINE HILL AVENUE,2016-01,,4935.17
013175,KIDS UNLIMITED ACADEMY,2016-01,,7326.52
013195,ACADEMY OF EDU. EXCELLENCE,2016-01,,1806.12
013198,BROOKWOOD ACADEMY,2016-01,,3101.71
013199,NEXUS ACADEMY OF CLEVELAND,2016-01,,4651.94
013200,NEXUS ACADEMY OF TOLEDO,2016-01,,3154.71
013201,NEXUS ACADEMY OF COLUMBUS,2016-01,,3839.73
013226,LIFE SKILLS HIGH SCH OF CLEVE,2016-01,,2033.54
013232,A+ CHILDRENS ACADEMY,2016-01,,3228.71
013233,SOUTHERN OHIO ACADEMY,2016-01,,1631.28
013240,CINCINNATI STATE STEM ACADEMY,2016-01,,3533.74
013249,ACADEMY FOR URB. SCH. YOUNGSTO,2016-01,,4081.86
013253,OHIO COLLEGIATE ACADEMY,2016-01,,6761.51
013254,AKRON PREPARATORY SCHOOL,2016-01,,6788.16
013255,CANTON COLL. PREP. SCH,2016-01,,5809.01
013864,CINCINNATI TECHNOLOGY ACADEMY,2016-01,,5313.19
013892,FRANKLINTON PREP. ACAD.,2016-01,,3432.07
013930,GLOBAL IMPACT STEM ACADEMY,2016-01,,6615.15
013962,LIBERTY PREPARTORY SCHOOL,2016-01,,1860.81
013967,CINCINNATI LEARNING SCHOOLS,2016-01,,6126.69
013994,ALBERT EINSTEIN ACAD.,2016-01,,5720.39
013999,Rise & Shine Academy,2016-01,,1399.11
014051,NORTHMONT SECONDARY ACADEMY,2016-01,,941.4
014061,CHAPELSIDE CLEVELAND ACADEMY,2016-01,,8058.06
014062,LIFE SKILLS HIGH SCH OF MIDDLE,2016-01,,1425.46
014063,UNIVERSITY ACADEMY,2016-01,,4347.47
014064,WINTON PREPARATORY ACADEMY,2016-01,,8389.27
014065,LINCOLN PARK ACADEMY,2016-01,,5439.72
014066,MAIN ST PREP. ACAD.,2016-01,,4627.14
014067,OHIO CONSTRUCTION ACADEMY,2016-01,,610.17
014081,INSIGHT SCHOOL OF OHIO,2016-01,,25839.81
014090,BERWYN EAST ACADEMY,2016-01,,4474.56
014091,HOPE LEARNING ACAD. OF TOLEDO,2016-01,,1628.17
014094,LAWRENCE COUNTY ACADEMY,2016-01,,2086.99
014121,IMAGINE LEADERSHIP ACADEMY,2016-01,,5211.88
014139,IMAGINE COL. PRIMARY SCHOOL,2016-01,,5567.58
014147,EAST PREPARATORY ACADEMY,2016-01,,4982.27
014148,PROVOST ACADEMY OHIO,2016-01,,3385.25
014149,DAYTON SMART ELEMENTARY SCHOOL,2016-01,,2417.11
014187,EAST ACADEMY,2016-01,,6176.88
014188,DISCOVERY ACADEMY,2016-01,,6588.52
014189,WEST PARK ACADEMY,2016-01,,4855.07
014194,WATKINS ACADEMY,2016-01,,2875.09
014231,BIO-MED SCI. ACAD. STEM SCH,2016-01,,7778.52
014467,UNITED PREPARATORY ACADEMY,2016-01,,4118.48
014633,CITY PREP ACADEMY,2016-01,,1830.44
014825,BUCKEYE PREP. ACADEMY,2016-01,,4016.79
014830,UTICA SHALE ACAD. OF OHIO,2016-01,,1783.47
014858,REACH ACADEMY,2016-01,,6359.69
014864,TOLEDO SMART ELEM. SCH.,2016-01,,2111.38
014877,METRO INSTITUTE OF TECHNOLOGY,2016-01,,1754.37
014904,T2 HONORS ACADEMY,2016-01,,2440.24
014912,NORWOOD CONVERSION COMM.,2016-01,,737.24
014913,LAKESHORE INTERGENERATIONAL,2016-01,,3736.64
014927,STEEL ACADEMY,2016-01,,3610.6
014932,CINCINNATI GENERATION ACAD.,2016-01,,3381.12
015234,ZENITH ACADEMY WEST,2016-01,,5008.28
015236,CLARK PREPARATORY ACADEMY,2016-01,,3943.04
015237,FLEX HIGH SCHOOL,2016-01,,864.37
015238,FOXFIRE EAST ACADEMY,2016-01,,817.32
015239,STONEBROOK MONTESSORI,2016-01,,1499.73
015240,UTICA SHALE ACADEMY-BELMONT,2016-01,,814.49
015241,OHIO VALLEY ENERGY TECHNOLOGY,2016-01,,1408.96
015261,CITIZENS ACADEMY SOUTHEAST,2016-01,,4245.01
015329,ISTEM GEAUGA EARLY COLLEGE HS,2016-01,,1095.23
043489,AKRON CITY SCHOOLS,2016-01,,538031.79
043497,ALLIANCE CITY BOARD OF EDU,2016-01,,76657.31
043505,ASHLAND CITY BOARD OF,2016-01,,84763.58
043513,ASHTABULA AREA CITY SCHOOL,2016-01,,93552.94
043521,ATHENS CITY SCHOOL DISTRICT,2016-01,,66809.67
043539,BARBERTON BOARD OF EDUCATION,2016-01,,93890.2
043547,BAY VILLAGE CITY SCHOOL,2016-01,,63293.82
043554,BEACHWOOD BOARD OF EDUCATION,2016-01,,36120.69
043562,BEDFORD BOARD OF EDUCATION,2016-01,,84251.96
043570,BELLAIRE CITY SCHOOL DISTRICT,2016-01,,29416.52
043588,BELLEFONTAINE CITY SCHOOL,2016-01,,61772.31
043596,BELLEVUE CITY SCHOOL DISTRICT,2016-01,,50191.34
043604,BELPRE CITY SCHOOL DISTRICT,2016-01,,24165.5
043612,BEREA CITY SCHOOL DISTRICT,2016-01,,165987.41
043620,BEXLEY CITY SCHOOL DISTRICT,2016-01,,58014.67
043638,BOWLING GREEN SCHOOL DISTRICT,2016-01,,74407.09
043646,BRECKSVILLE BROADVIEW HEIGHTS,2016-01,,100304.19
043653,BROOKLYN LOCAL SCHOOL DISTRICT,2016-01,,34417.61
043661,BRUNSWICK CITY SCHOOL DISTRICT,2016-01,,187781.79
043679,BRYAN CITY SCHOOLS,2016-01,,51128.13
043687,BUCYRUS CITY SCHOOL DISTRICT,2016-01,,34163.91
043695,CAMBRIDGE CITY BOARD OF,2016-01,,54219.92
043703,CAMPBELL CITY SCHOOLS,2016-01,,29899.62
043711,CANTON CITY SCHOOL DISTRICT,2016-01,,230207.44
043729,CELINA CITY BOARD OF EDU,2016-01,,66235.83
043737,CENTERVILLE CITY SCHOOL,2016-01,,205327.42
043745,CHILLICOTHE CITY SCHOOL,2016-01,,75799.18
043752,CINCINNATI PUBLIC SCHOOLS,2016-01,,812777.81
043760,CIRCLEVILLE CITY SCHOOL,2016-01,,54359.58
043778,CLAYMONT CITY BOARD OF EDU,2016-01,,52959.8
043786,CLEVELAND CITY SCHOOL DISTRICT,2016-01,,976999.92
043794,CLEVELAND HEIGHTS UNIVERSITY,2016-01,,134238.83
043802,COLUMBUS PUBLIC SCHOOL,2016-01,,1255132.87
043810,CONNEAUT AREA CITY SCHOOLS,2016-01,,43530.76
043828,COSHOCTON CITY SCHOOL DISTRICT,2016-01,,37945.44
043836,CUYAHOGA FALLS CITY SCHOOLS,2016-01,,122619.13
043844,DAYTON CITY SCHOOL DISTRICT,2016-01,,353724.72
043851,DEER PARK COMMUNITY CITY,2016-01,,32489.25
043869,DEFIANCE CITY SCHOOLS,2016-01,,62024.64
043877,DELAWARE CITY SCHOOLS,2016-01,,136999.99
043885,DELPHOS CITY SCHOOL DISTRICT,2016-01,,26181.1
043893,DOVER CITY SCHOOL DISTRICT,2016-01,,72008.23
043901,EAST CLEVELAND CITY SCHOOL,2016-01,,58159.14
043919,EAST LIVERPOOL CITY SCHOOLS,2016-01,,53015.37
043927,EAST PALESTINE CITY SCHOOL,2016-01,,28049.19
043935,EATON CITY SCHOOLS,2016-01,,55716.88
043943,ELYRIA CITY SCHOOL DISTRICT,2016-01,,155698.83
043950,EUCLID BOARD OF EDUCATION,2016-01,,137276.45
043968,FAIRBORN CITY SCHOOLS,2016-01,,106523.71
043976,FAIRVIEW PARK CITY SCHOOL DIST,2016-01,,45932.51
043984,FINDLAY CITY SCHOOLS,2016-01,,139298.03
043992,FOSTORIA CITY SCHOOLS,2016-01,,46965.24
044008,FRANKLIN CITY SCHOOLS,2016-01,,73806.48
044016,FREMONT CITY BOARD OF EDU,2016-01,,106354.74
044024,GALION CITY SCHOOL DISTRICT,2016-01,,47619.86
044032,GALLIPOLIS CITY SCHOOLS,2016-01,,55560.75
044040,GARFIELD HEIGHTS CITY SCHOOL,2016-01,,92602.17
044057,GENEVA AREA CITY SCHOOL DIST,2016-01,,65448.33
044065,GIRARD CITY SCHOOL DISTRICT,2016-01,,44000.29
044073,GRANDVIEW HEIGHTS CITY SCHOOL,2016-01,,27126.05
044081,WINTONWOODS CITY SCHOOL,2016-01,,89663.69
044099,GREENVILLE CITY SCHOOL,2016-01,,65868.13
044107,HAMILTON BOARD OF EDUCATION,2016-01,,257740.27
044115,HEATH CITY SCHOOL DISTRICT,2016-01,,42245.32
044123,HILLSBORO CITY BOARD OF EDU,2016-01,,63364.61
044131,HURON CITY SCHOOL DISTRICT,2016-01,,34902.02
044149,IRONTON CITY BOARD OF,2016-01,,36394.76
044156,JACKSON CITY SCHOOL DISTRICT,2016-01,,64116.88
044164,KENT CITY BOARD OF EDUCATION,2016-01,,81283.34
044172,KENTON CITY SCHOOLS,2016-01,,47904.61
044180,KETTERING CITY SCHOOL,2016-01,,197389.28
044198,LAKEWOOD CITY SCHOOL DISTRICT,2016-01,,132967.87
044206,LANCASTER CITY SCHOOLS,2016-01,,159372.61
044214,LEBANON CITY SCHOOL DISTRICT,2016-01,,139774.04
044222,LIMA CITY BOARD OF EDU,2016-01,,94294.15
044230,LOCKLAND CITY SCHOOLS,2016-01,,13016.04
044248,LOGAN HOCKING LOCAL SCHOOLS,2016-01,,97052.39
044255,LONDON CITY SCHOOL DISTRICT,2016-01,,50762.91
044263,LORAIN CITY SCHOOLS,2016-01,,167295.18
044271,LOVELAND CITY SCHOOL DISTRICT,2016-01,,119053.57
044289,MADEIRA CITY SCHOOLS,2016-01,,37954.97
044297,MANSFIELD BOARD OF EDUCATION,2016-01,,87881.07
044305,MAPLE HEIGHTS BOARD OF,2016-01,,90606.76
044313,MARIEMONT CITY SCHOOL DISTRICT,2016-01,,44285.53
044321,MARIETTA CITY SCHOOL DISTRICT,2016-01,,71071.99
044339,MARION CITY SCHOOLS,2016-01,,105776.42
044347,MARTINS FERRY CITY SCHOOL,2016-01,,35343.37
044354,MASSILLON CITY SCHOOL DISTRICT,2016-01,,101886.94
044362,MAUMEE CITY SCHOOL DISTRICT,2016-01,,63672.33
044370,MAYFIELD CITY SCHOOL DISTRICT,2016-01,,96592.99
044388,MEDINA CITY SCHOOLS,2016-01,,173235.96
044396,MIAMISBURG CITY SCHOOLS,2016-01,,137342.64
044404,MIDDLETOWN CITY SCH DIST.,2016-01,,161953.02
044412,MOUNT HEALTHY CITY SCH DIST.,2016-01,,87044.75
044420,MOUNT VERNON CITY SCHOOL,2016-01,,96138.74
044438,NAPOLEON CITY SCHOOL DISTRICT,2016-01,,48255.99
044446,NELSONVILLE YORK CITY SCHOOL,2016-01,,32104.34
044453,NEWARK CITY SCHOOL DISTRICT,2016-01,,159134.27
044461,NEW BOSTON BOARD OF EDUCATION,2016-01,,11646.99
044479,NEW LEXINGTON CITY SCHOOLS,2016-01,,45666.33
044487,NEW PHILADELPHIA CITY SCHOOLS,2016-01,,76715.49
044495,NILES CITY SCHOOLS,2016-01,,63412.44
044503,NORTH CANTON CITY SCHOOLS,2016-01,,110880.45
044511,NORTH COLLEGE HILL CITY SCH,2016-01,,42378.39
044529,NORTH OLMSTED CITY SCHOOL,2016-01,,97863.95
044537,NORTH RIDGEVILLE CITY SCH DIST,2016-01,,106579.54
044545,NORTH ROYALTON CITY SCHOOL,2016-01,,111386.96
044552,NORTON CITY SCHOOLS,2016-01,,62774.6
044560,NORWALK BOARD OF EDUCATION,2016-01,,71875.33
044578,NORWOOD CITY SCHOOL DISTRICT,2016-01,,51695.53
044586,OAKWOOD CITY SCHOOLS,2016-01,,53456.26
044594,OBERLIN CITY SCHOOL DISTRICT,2016-01,,24845.69
044602,OREGON CITY SCHOOLS,2016-01,,93234.36
044610,ORRVILLE CITY SCHOOL DISTRICT,2016-01,,41257.74
044628,PAINESVILLE CITY LOCAL SCHOOLS,2016-01,,78076.36
044636,PARMA CITY SCHOOL DISTRICT,2016-01,,275658.58
044644,PIQUA CITY SCHOOL DISTRICT,2016-01,,76873.6
044651,PORT CLINTON CITY SCHOOLS,2016-01,,45763.46
044669,PORTSMOUTH CITY SCHOOL,2016-01,,46307.62
044677,PRINCETON CITY SCHOOL DISTRICT,2016-01,,142563.02
044685,RAVENNA CITY SCHOOL DISTRICT,2016-01,,63389.69
044693,READING BOARD OF EDUCATION,2016-01,,41717.42
044701,ROCKY RIVER CITY SCHOOL,2016-01,,69597.79
044719,ST BERNARD ELMWOOD PLACE CITY,2016-01,,25256.71
044727,ST MARYS CITY BOARD OF,2016-01,,51825.9
044735,SALEM CITY SCHOOL DISTRICT,2016-01,,52991
044743,SANDUSKY BOARD OF EDUCATION,2016-01,,84548.69
044750,SHAKER HEIGHTS BOARD OF,2016-01,,133476.26
044768,SHEFFIELD SHEFFLD LAKE CITY,2016-01,,42926.85
044776,SHELBY CITY BOARD OF EDU,2016-01,,50122.53
044784,SIDNEY CITY SCHOOL DISTRICT,2016-01,,82112.73
044792,SOUTH EUCLID LYNDHURST CITY,2016-01,,89399.35
044800,SOUTH-WESTERN CITY SCHOOLS,2016-01,,555862.22
044818,SPRINGFIELD CITY SCHOOLS,2016-01,,199568.93
044826,STEUBENVILLE CITY SCHOOL,2016-01,,60946.95
044834,STOW-MUNROE FALLS CITY,2016-01,,129556.41
044842,STRONGSVILLE CITY SCHOOLS,2016-01,,138815.47
044859,STRUTHERS CITY SCHOOL DISTRICT,2016-01,,49109.86
044867,SYCAMORE COMMUNITY SCHOOL DIST,2016-01,,134278.93
044875,SYLVANIA CITY SCHOOL DISTRICT,2016-01,,190850.71
044883,TALLMADGE CITY SCHOOL DISTRICT,2016-01,,59928.25
044891,TIFFIN CITY SCHOOLS,2016-01,,67001.72
044909,TOLEDO PUBLIC SCHOOLS,2016-01,,549099.19
044917,TORONTO CITY SCHOOL DISTRICT,2016-01,,23736.97
044925,TROY CITY SCHOOLS,2016-01,,109589.16
044933,UPPER ARLINGTON CITY SCHOOLS,2016-01,,151163.55
044941,URBANA CITY SCHOOLS,2016-01,,50165.44
044958,VANDALIA-BUTLER CITY SCHOOLS,2016-01,,75974.08
044966,VAN WERT CITY SCHOOLS,2016-01,,51010.28
044974,WADSWORTH CITY SCHOOLS,2016-01,,120015.93
044982,WAPAKONETA CITY SCHOOL,2016-01,,78015.74
044990,WARREN CITY SCHOOL DISTRICT,2016-01,,122575.32
045005,WARRENSVILLE HEIGHTS CITY,2016-01,,39781.06
045013,WASHINGTON COURTHOUSE CITY,2016-01,,56029.98
045021,WELLSTON CITY SCHOOLS,2016-01,,37123.46
045039,WELLSVILLE LOCAL SCHOOL,2016-01,,19463.57
045047,WESTERVILLE CITY SCHOOL,2016-01,,376108.96
045054,WEST CARROLLTON CITY SCHOOL,2016-01,,96684.33
045062,WESTLAKE CITY SCHOOL DISTRICT,2016-01,,93441.02
045070,WHITEHALL CITY SCHOOL DISTRICT,2016-01,,88712.62
045088,WICKLIFFE CITY SCHOOL DISTRICT,2016-01,,36418.67
045096,WILLARD CITY SCHOOL DISTRICT,2016-01,,41139
045104,WILLOUGHBY-EASTLAKE CITY,2016-01,,204422.5
045112,WILMINGTON CITY SCHOOLS,2016-01,,74358.96
045120,WOOSTER CITY SCHOOL DISTRICT,2016-01,,93973.83
045138,WORTHINGTON BOARD OF EDUCATION,2016-01,,251481.99
045146,WYOMING CITY SCHOOLS,2016-01,,48683.03
045153,XENIA COMMUNITY SCHOOLS,2016-01,,109538.05
045161,YOUNGSTOWN CITY SCHOOLS,2016-01,,133500.34
045179,ZANESVILLE CITY SCHOOLS,2016-01,,83947.98
045187,ADA EXEMPTED VILLAGE SCHOOLS,2016-01,,21141.84
045195,AMHERST EXEMPTED VILLAGE,2016-01,,95898.78
045203,BARNESVILLE EXEMPTED VILLAGE,2016-01,,34327.27
045211,BLUFFTON EXEMPTED VILLAGE,2016-01,,29194.52
045229,BRADFORD EXEMPTED VILLAGE,2016-01,,12547.63
045237,BRIDGEPORT EXEMPTED VILLAGE,2016-01,,20314.43
045245,HARRISON HILLS CITY SCHOOL,2016-01,,42687.88
045252,CALDWELL EXEMPTED VILLAGE,2016-01,,19969.73
045260,CAREY EXEMPT VILLAGE SCHOOL,2016-01,,21059.8
045278,CARROLLTON EXEMPTED VILLAGE,2016-01,,56655.48
045286,CHAGRIN FALLS EXEMPTED VILLAGE,2016-01,,50990.23
045294,CHESAPEAKE UNION EXEMPTED,2016-01,,34256.89
045302,CLYDE GREEN SPRINGS EXEMPTED,2016-01,,57810.22
045310,COLDWATER EXEMPTED VILLAGE,2016-01,,34289.76
045328,COLUMBIANA EXEMPTED VILLAGE,2016-01,,26297.42
045336,COVINGTON EXEMPTED VILLAGE,2016-01,,19862
045344,CRESTLINE EXEMPTED VILLAGE,2016-01,,15762.43
045351,CROOKSVILLE EXEMPTED VILLAGE,2016-01,,26221.64
045369,FAIRPORT HARBOR EXEMPTED,2016-01,,16836.01
045377,GEORGETOWN EXEMPTED VILLAGE,2016-01,,25920.93
045385,GIBSONBURG EXEMPTED VILLAGE,2016-01,,24123.65
045393,GRANVILLE EXEMPTED VILLAGE,2016-01,,63087.38
045401,GREENFIELD EXEMPTED VILLAGE,2016-01,,51503.61
045419,HICKSVILLE EXEMPTED VILLAGE,2016-01,,22347
045427,HUBBARD SCHOOL DISTRICT,2016-01,,51079.47
045435,INDIAN HILL EXEMPTED VILLAGE,2016-01,,49369.49
045443,LEETONIA EXEMPTED VILLAGE,2016-01,,18293.24
045450,LISBON EXEMPTED VILLAGE,2016-01,,23004.75
045468,LOUDONVILLE PERRYSVILLE,2016-01,,28728.15
045476,MARYSVILLE EXEMPTED VILLAGE,2016-01,,130313.45
045484,MECHANICSBURG EXEMPTED VILLAGE,2016-01,,22719.12
045492,MENTOR EXEMPTED VILLAGE,2016-01,,197030.31
045500,MILFORD EXEMPTED VILLAGE,2016-01,,166876.08
045518,MILTON-UNION EXEMPTED VILLAGE,2016-01,,35870.56
045526,MONTPELIER EXEMPTED VILLAGE,2016-01,,24223.97
045534,MOUNT GILEAD EXEMPTED,2016-01,,32501.68
045542,NEWCOMERSTOWN EXEMPTED VILLAGE,2016-01,,25238.15
045559,NEW RICHMOND EXEMPTED,2016-01,,62255.09
045567,NEWTON FALLS EXEMPTED VILLAGE,2016-01,,30155.56
045575,PAULDING EXEMPTED VILLAGE SCH,2016-01,,37604.52
045583,PERRYSBURG EXEMPTED VILLAGE,2016-01,,127418.49
045591,RITTMAN EXEMPTED VILLAGE,2016-01,,27683.33
045609,ROSSFORD EXEMPTED VILLAGE,2016-01,,39013.57
045617,TIPP CITY EXEMPTED VILLAGE,2016-01,,63130.16
045625,UPPER SANDUSKY E V SCHOOLS,2016-01,,42877.88
045633,VERSAILLES EXEMPTED VILLAGE,2016-01,,34157.98
045641,WAUSEON EXEMPTED VILLAGE,2016-01,,45862.86
045658,WELLINGTON EXEMPTED VILLAGE,2016-01,,28265.88
045666,WINDHAM EXEMPTED VILLAGE,2016-01,,13522.77
045674,YELLOW SPRINGS EXEMPTED,2016-01,,17149.62
045757,ALLEN EAST LOCAL SCHOOL,2016-01,,27838.16
045765,BATH LOCAL SCHOOL DISTRICT,2016-01,,45222.44
045773,ELIDA BOARD OF EDUCATION,2016-01,,61919.68
045781,PERRY LOCAL SCHOOL DISTRICT,2016-01,,21171.83
045799,SHAWNEE LOCAL SCHOOL DISTRICT,2016-01,,62605.16
045807,SPENCERVILLE LOCAL SCHOOL,2016-01,,24565.44
045823,HILLSDALE SCHOOLS,2016-01,,21058.94
045831,MAPLETON LOCAL SCHOOL DISTRICT,2016-01,,23911.78
045856,BUCKEYE LOCAL SCHOOL DISTRICT,2016-01,,45847.3
045864,GRAND VALLEY LOCAL SCHOOL,2016-01,,32278.98
045872,JEFFERSON AREA LOCAL SCHOOL,2016-01,,44854.5
045880,PYMATUNING VALLEY LOCAL,2016-01,,32253.41
045906,ALEXANDER LOCAL SCHOOL,2016-01,,39095.19
045914,FEDERAL HOCKING LOCAL SCHOOL,2016-01,,25253.5
045922,TRIMBLE LOCAL SCHOOL DISTRICT,2016-01,,21343.74
045948,MINSTER LOCAL SCHOOL DISTRICT,2016-01,,21842.66
045955,NEW BREMEN LOCAL SCHOOL,2016-01,,19726.12
045963,NEW KNOXVILLE LOCAL SCHOOL,2016-01,,10499.93
045971,WAYNESFIELD-GOSHEN LOCAL,2016-01,,13619.33
045997,ST CLAIRSVILLE RICHLAND CITY,2016-01,,43364.71
046003,SHADYSIDE LOCAL BOARD OF EDU,2016-01,,18941.49
046011,UNION LOCAL SCHOOL DISTRICT,2016-01,,37941.09
046037,EASTERN LOCAL SCHOOL DISTRICT,2016-01,,32614.85
046045,FAYETTEVILLE-PERRY LOCAL,2016-01,,22045.39
046060,WESTERN BROWN LOCAL SCHOOL,2016-01,,82844.5
046078,RIPLEY UNION LEWIS HUNTINGTON,2016-01,,24228.24
046094,EDGEWOOD CITY SCHOOL DISTRICT,2016-01,,91297.67
046102,FAIRFIELD CITY SCHOOL DISTRICT,2016-01,,249217.27
046110,LAKOTA LOCAL SCHOOL DISTRICT,2016-01,,416968.06
046128,MADISON LOCAL SCHOOL DISTRICT,2016-01,,38586.43
046136,NEW MIAMI LOCAL SCHOOL,2016-01,,17550.65
046144,ROSS LOCAL SCHOOL DISTRICT,2016-01,,71677.81
046151,TALAWANDA CITY SCHOOL DISTRICT,2016-01,,75154.81
046177,BROWN LOCAL SCHOOL DISTRICT,2016-01,,16958.22
046193,GRAHAM LOCAL SCHOOL DISTRICT,2016-01,,50674.88
046201,TRIAD LOCAL SCHOOLS,2016-01,,22084.2
046219,WEST LIBERTY SALEM LOCAL,2016-01,,30603.28
046235,GREENON LOCAL SCHOOLS,2016-01,,41287.99
046243,TECUMSEH LOCAL SCHOOL DISTRICT,2016-01,,78023
046250,NORTHEASTERN LOCAL SCHOOL,2016-01,,85537.16
046268,NORTHWESTERN LOCAL SCHOOL,2016-01,,44115.1
046276,SOUTHEASTERN LOCAL SCHOOL,2016-01,,19385.97
046284,CLARK-SHAWNEE LOCAL SCHOOL,2016-01,,52302.57
046300,BATAVIA LOCAL SCHOOL DISTRICT,2016-01,,56162.15
046318,BETHEL-TATE LOCAL SCHOOLS,2016-01,,40668.11
046326,CLERMONT NORTHEASTERN SCHOOL,2016-01,,37095.54
046334,FELICITY-FRANKLIN LOCAL,2016-01,,22822.55
046342,GOSHEN LOCAL SCHOOLS,2016-01,,66620.58
046359,WEST CLERMONT LOCAL SCH DIST.,2016-01,,206881.17
046367,WILLIAMSBURG LOCAL SCHOOL,2016-01,,26265.02
046383,BLANCHESTER LOCAL SCHOOL,2016-01,,41757.25
046391,CLINTON-MASSIE LOCAL SCHOOL,2016-01,,46362.99
046409,EAST CLINTON LOCAL SCHOOL,2016-01,,35659.44
046425,BEAVER LOCAL SCHOOL DISTRICT,2016-01,,49423.26
046433,CRESTVIEW LOCAL SCHOOL,2016-01,,33960.49
046441,SOUTHERN LOCAL SCHOOL DISTRICT,2016-01,,22138.79
046458,UNITED LOCAL SCHOOL DISTRICT,2016-01,,29836.91
046474,RIDGEWOOD LOCAL BOARD OF,2016-01,,32317.14
046482,RIVER VIEW LOCAL SCHOOL,2016-01,,52585.63
046508,BUCKEYE CENTRAL LOCAL SCHOOL,2016-01,,17230.49
046516,COLONEL CRAWFORD LOCAL SCHOOLS,2016-01,,23235.93
046524,WYNFORD LOCAL SCHOOL DISTRICT,2016-01,,29315.61
046557,CUYAHOGA HEIGHTS LOCAL SCHOOL,2016-01,,20640.41
046565,INDEPENDENCE LOCAL SCHOOLS,2016-01,,26385.14
046573,OLMSTED FALLS BOARD OF,2016-01,,93267.56
046581,ORANGE CITY SCHOOL DISTRICT,2016-01,,52967.74
046599,RICHMOND HEIGHTS LOCAL SCHOOL,2016-01,,19026.28
046607,SOLON BOARD OF EDUCATION,2016-01,,118097.63
046623,ANSONIA LOCAL SCHOOL DISTRICT,2016-01,,20382.89
046631,ARCANUM BUTLER LOCAL SCHOOL,2016-01,,26046.23
046649,FRANKLIN MONROE LOCAL SCHOOL,2016-01,,16453.99
046672,MISSISSINAWA VALLEY LOCAL,2016-01,,16990
046680,TRI-VILLAGE LOCAL SCHOOL DIST,2016-01,,18395.73
046706,AYERSVILLE LOCAL SCH DIST.,2016-01,,19260.88
046714,CENTRAL LOCAL SCHOOL DISTRICT,2016-01,,27654.11
046722,NORTHEASTERN LOCAL SCHOOL,2016-01,,29772.45
046748,BIG WALNUT LOCAL SCHOOLS,2016-01,,86924.65
046755,BUCKEYE VALLEY LOCAL SCHOOL,2016-01,,55630.1
046763,OLENTANGY LOCAL SCHOOLS,2016-01,,500454.37
046789,EDISON LOCAL SCHOOLS,2016-01,,37281.89
046797,KELLEYS ISLAND SCHOOL,2016-01,,25.53
046805,MARGARETTA LOCAL SCHOOL DIST,2016-01,,28772.16
046813,PERKINS LOCAL SCHOOL DISTRICT,2016-01,,54867.92
046821,VERMILION LOCAL SCH DIST.,2016-01,,46826.94
046847,AMANDA-CLEARCREEK LOCAL SCHOOL,2016-01,,39018.23
046854,BERNE UNION LOCAL SCHOOLS,2016-01,,22075.83
046862,BLOOM CARROLL LOCAL SCHOOL,2016-01,,50438.34
046870,FAIRFIELD UNION LOCAL SCHOOL,2016-01,,48954.44
046888,LIBERTY UNION THURSTON LOCAL,2016-01,,34180.36
046896,PICKERINGTON LOCAL SCHOOL DIST,2016-01,,259204.08
046904,WALNUT TOWNSHIP LOCAL SCHOOL,2016-01,,13899.13
046920,MIAMI TRACE LOCAL SCH DIST.,2016-01,,65361.41
046946,CANAL WINCHESTER LOCAL SCHOOL,2016-01,,96239.8
046953,HAMILTON LOCAL SCHOOLS,2016-01,,79497.15
046961,GAHANNA-JEFFERSON CITY SCHOOL,2016-01,,188509.54
046979,GROVEPORT MADISON LOCAL,2016-01,,143702.17
046995,NEW ALBANY PLAIN LOCAL SCHOOL,2016-01,,122900.54
047001,REYNOLDSBURG CITY SCHOOLS,2016-01,,173606.04
047019,HILLIARD CITY SCHOOL DISTRICT,2016-01,,405238.38
047027,DUBLIN CITY SCHOOLS,2016-01,,391470.13
047043,ARCHBOLD AREA LOCAL SCHOOLS,2016-01,,30917.1
047050,EVERGREEN LOCAL SCHOOL,2016-01,,30261.56
047068,FAYETTE LOCAL SCHOOL DISTRICT,2016-01,,10407.07
047076,PETTISVILLE LOCAL SCHOOL,2016-01,,12373.08
047084,PIKE DELTA YORK LOCAL SCHOOLS,2016-01,,32596.92
047092,SWANTON LOCAL SCHOOL DISTRICT,2016-01,,32698.91
047167,BERKSHIRE BOARD OF EDUCATION,2016-01,,30073.09
047175,CARDINAL LOCAL SCHOOL DISTRICT,2016-01,,27980.35
047183,CHARDON BOARD OF EDUCATION,2016-01,,71485.06
047191,KENSTON LOCAL SCHOOL DISTRICT,2016-01,,69154.22
047217,NEWBURY BOARD OF EDUCATION,2016-01,,10831.31
047225,WEST GEAUGA LOCAL SCHOOL,2016-01,,49792.46
047241,BEAVERCREEK CITY SCHOOLS,2016-01,,193323.84
047258,CEDARCLIFF LOCAL BOARD OF,2016-01,,15186.43
047266,GREENEVIEW LOCAL SCHOOL,2016-01,,35356.5
047274,SUGARCREEK LOCAL SCHOOL,2016-01,,68691.17
047308,ROLLING HILLS LOCAL SCHOOL,2016-01,,44350.31
047332,FINNEYTOWN LOCAL SCHOOL,2016-01,,36569.47
047340,FOREST HILLS LOCAL SCHOOL,2016-01,,187588.91
047365,NORTHWEST LOCAL SCHOOL,2016-01,,226320.27
047373,OAK HILLS LOCAL SCHOOL DISTICT,2016-01,,197706.49
047381,SOUTHWEST LOCAL SCHOOL DIST,2016-01,,94241.82
047399,THREE RIVERS LOCAL SCHOOL DIST,2016-01,,49801.6
047415,ARCADIA LOCAL SCHOOL DISTRICT,2016-01,,15276.15
047423,ARLINGTON LOCAL SCHOOL,2016-01,,14986.2
047431,CORY-RAWSON LOCAL SCHOOLS,2016-01,,13811.09
047449,LIBERTY-BENTON LOCAL SCHOOL,2016-01,,35370.18
047456,MCCOMB LOCAL SCHOOL DISTRICT,2016-01,,18348.88
047464,VAN BUREN LOCAL SCHOOL,2016-01,,26268.3
047472,VANLUE LOCAL SCHOOL DISTRICT,2016-01,,5760.7
047498,HARDIN NORTHERN LOCAL SCHOOL,2016-01,,10560.26
047506,RIDGEMONT LOCAL SCHOOL,2016-01,,12759.26
047514,RIVERDALE LOCAL SCHOOL,2016-01,,25294.18
047522,UPPER SCIOTO VALLEY LOCAL,2016-01,,12606.79
047548,CONOTTON VALLEY LOCAL SCHOOL,2016-01,,10369.65
047571,HOLGATE LOCAL SCHOOL DISTRICT,2016-01,,11047.29
047589,LIBERTY CENTER LOCAL SCHOOL,2016-01,,28068.28
047597,PATRICK HENRY LOCAL SCHOOL,2016-01,,22706.38
047613,BRIGHT LOCAL SCHOOL DISTRICT,2016-01,,17183.72
047621,FAIRFIELD LOCAL SCHOOL,2016-01,,24547.68
047639,LYNCHBURG-CLAY LOCAL SCHOOL,2016-01,,30128.2
047688,EAST HOLMES LOCAL SCHOOL,2016-01,,43949.38
047696,WEST HOLMES LOCAL SCHOOL,2016-01,,56549.76
047712,MONROEVILLE LOCAL SCHOOL,2016-01,,15207.39
047720,NEW LONDON LOCAL SCHOOL,2016-01,,24525.56
047738,SOUTH CENTRAL LOCAL SCHOOL,2016-01,,19934.49
047746,WESTERN RESERVE BD OF EDUC,2016-01,,27933.79
047761,OAK HILL UNION LOCAL SCHOOL,2016-01,,31462.54
047787,BUCKEYE LOCAL SCHOOL DISTRICT,2016-01,,45215.85
047795,EDISON LOCAL SCHOOLS,2016-01,,39697.67
047803,INDIAN CREEK SCHOOL DISTRICT,2016-01,,55048.11
047829,CENTERBURG LOCAL SCHOOL,2016-01,,28911.03
047837,DANVILLE LOCAL SCHOOL DISTRICT,2016-01,,17080.91
047845,EAST KNOX LOCAL SCHOOL,2016-01,,23482.37
047852,FREDERICKTOWN LOCAL SCHOOL,2016-01,,30568.89
047878,KIRTLAND LOCAL BOARD OF,2016-01,,29171.61
047886,MADISON LOCAL SCHOOL DISTRICT,2016-01,,81264.75
047894,RIVERSIDE LOCAL SCH DIST.,2016-01,,108497.82
047902,PERRY LOCAL SCHOOL DISTRICT,2016-01,,43437.92
047928,DAWSON BRYANT LOCAL SCHOOL,2016-01,,28097.77
047936,FAIRLAND LOCAL SCHOOL DISTRICT,2016-01,,41842.55
047944,ROCK HILL LOCAL SCHOOL,2016-01,,35861.02
047951,SOUTH POINT LOCAL SCHOOLS,2016-01,,39830.64
047969,SYMMES VALLEY LOCAL SCHOOLS,2016-01,,19496.41
047985,JOHNSTOWN MONROE LOCAL SCHOOL,2016-01,,41275.05
047993,LAKEWOOD LOCAL SCHOOL DISTRICT,2016-01,,46990.22
048009,LICKING HEIGHTS LOCAL SCHOOLS,2016-01,,102654.74
048017,LICKING VALLEY LOCAL SCHOOL,2016-01,,49184.94
048025,NORTH FORK LOCAL SCHOOL,2016-01,,42674.53
048033,NORTHRIDGE LOCAL SCHOOL,2016-01,,29258.27
048041,SOUTHWEST LICKING LOCAL SCHOOL,2016-01,,98925.89
048074,BENJAMIN LOGAN LOCAL SCHOOL,2016-01,,45858.31
048082,INDIAN LAKE LOCAL SCHOOL,2016-01,,40820.49
048090,RIVERSIDE LOCAL SCHOOL,2016-01,,17570.26
048116,AVON LOCAL SCHOOL DISTRICT,2016-01,,108690.28
048124,AVON LAKE CITY SCHOOLS,2016-01,,95415.59
048132,CLEARVIEW BOARD OF EDUCATION,2016-01,,40714.38
048140,COLUMBIA LOCAL SCHOOL DISTRICT,2016-01,,21234.82
048157,FIRELANDS LOCAL SCHOOL,2016-01,,41441.48
048165,KEYSTONE LOCAL SCHOOLS,2016-01,,38197.21
048173,MIDVIEW LOCAL SCHOOL DISTRICT,2016-01,,75223.98
048207,ANTHONY WAYNE LOCAL SCHOOLS,2016-01,,107003.47
048215,OTTAWA HILLS LOCAL SCHOOL,2016-01,,22792.7
048223,SPRINGFIELD LOCAL SCH DIST.,2016-01,,93154.99
048231,WASHINGTON LOCAL SCHOOL,2016-01,,179975.85
048256,JEFFERSON LOCAL SCHOOL,2016-01,,29584.86
048264,JONATHAN ALDER LOCAL SCHOOL,2016-01,,55682.44
048272,MADISON PLAINS LOCAL SCHOOL,2016-01,,29992.73
048298,AUSTINTOWN LOCAL SCHOOL,2016-01,,127147.36
048306,BOARDMAN LOCAL SCHOOL DISTRICT,2016-01,,106511
048314,CANFIELD LOCAL SCHOOL DISTRICT,2016-01,,69059.95
048322,JACKSON-MILTON LOCAL SCHOOL,2016-01,,18109.65
048330,LOWELLVILLE LOCAL SCHOOLS,2016-01,,14796.74
048348,POLAND LOCAL SCHOOL DISTRICT,2016-01,,51227.33
048355,SEBRING LOCAL SCHOOL DISTICT,2016-01,,13138.48
048363,SOUTH RANGE LOCAL SCHOOL,2016-01,,33852.02
048371,SPRINGFIELD LOCAL BOARD OF EDU,2016-01,,27144.18
048389,WEST BRANCH LOCAL SCHOOL,2016-01,,53287.31
048397,WESTERN RESERVE LOCAL SCHOOLS,2016-01,,16735.71
048413,ELGIN LOCAL SCHOOL DISTRICT,2016-01,,27820.04
048421,PLEASANT LOCAL SCHOOL DISTRICT,2016-01,,31396.81
048439,RIDGEDALE LOCAL SCHOOLS,2016-01,,16604.37
048447,RIVER VALLEY LOCAL SCHOOL DIST,2016-01,,49071.74
048462,BLACK RIVER LOCAL SCHOOL,2016-01,,30617.59
048470,BUCKEYE LOCAL SCHOOL DISTRICT,2016-01,,56579.66
048488,CLOVERLEAF LOCAL SCHOOL,2016-01,,62415.97
048496,HIGHLAND LOCAL SCHOOL DISTRICT,2016-01,,78464.41
048512,EASTERN LOCAL SCHOOL DISTRICT,2016-01,,19490.93
048520,MEIGS LOCAL SCHOOL DISTRICT,2016-01,,45858.25
048538,SOUTHERN LOCAL SCHOOL DISTRICT,2016-01,,19853.31
048553,MARION LOCAL BOARD OF,2016-01,,22339.57
048579,PARKWAY SCHOOL BOARD OF EDUC,2016-01,,27176.73
048587,ST HENRY CONSOLIDATED LOCAL,2016-01,,24743.15
048595,FORT RECOVERY LOCAL SCHOOL,2016-01,,24910.9
048611,BETHEL LOCAL SCHOOL DISTRICT,2016-01,,28300.04
048629,MIAMI EAST LOCAL SCHOOLS,2016-01,,34140.75
048637,NEWTON LOCAL SCHOOL DISTRICT,2016-01,,14559.45
048652,SWITZERLAND OF OHIO LOCAL,2016-01,,59116.59
048678,BROOKVILLE LOCAL SCHOOL,2016-01,,38246.07
048686,JEFFERSON TOWNSHIP LOCAL,2016-01,,9668.43
048694,TROTWOOD MADISON CITY SCHOOLS,2016-01,,62475.89
048702,MAD RIVER LOCAL SCHOOL,2016-01,,100471.97
048710,NEW LEBANON LOCAL SCHOOLS,2016-01,,29058.62
048728,NORTHMONT CITY SCHOOLS,2016-01,,128331.21
048736,NORTHRIDGE LOCAL SCHOOL,2016-01,,43686.05
048744,VALLEY VIEW LOCAL SCHOOL,2016-01,,46357.54
048751,HUBER HEIGHTS CITY SCHOOLS,2016-01,,144367.36
048777,MORGAN LOCAL SCHOOL DISTRICT,2016-01,,49646.41
048793,CARDINGTON LINCOLN LOCAL,2016-01,,27177.15
048801,HIGHLAND LOCAL SCHOOL DISTRICT,2016-01,,47081.83
048819,NORTHMOR LOCAL SCHOOLS,2016-01,,28500.32
048835,EAST MUSKINGUM SCHOOL DISTRICT,2016-01,,56826.56
048843,FRANKLIN LOCAL SCHOOL DISTRICT,2016-01,,53341.13
048850,MAYSVILLE LOCAL SCHOOL DIST,2016-01,,58312.39
048876,TRI-VALLEY LOCAL SCHOOLS,2016-01,,77337.07
048884,WEST MUSKINGUM LOCAL SCHOOL,2016-01,,38666.06
048900,NOBLE LOCAL SCHOOL DISTRICT,2016-01,,22225.16
048926,BENTON CARROLL SALEM LOCAL,2016-01,,41218.72
048934,DANBURY LOCAL SCHOOLS,2016-01,,11695.93
048942,GENOA AREA LOCAL SCHOOL,2016-01,,34264.01
048975,PUT-IN-BAY LOCAL SCHOOL,2016-01,,1787.59
048991,ANTWERP LOCAL SCHOOL DISTRICT,2016-01,,17859.88
049031,WAYNE TRACE LOCAL SCHOOL,2016-01,,23413.94
049056,NORTHERN LOCAL SCHOOL DISTRICT,2016-01,,55566.32
049064,SOUTHERN LOCAL SCHOOL DISTRICT,2016-01,,17250.37
049080,LOGAN ELM LOCAL SCHOOL DIST,2016-01,,48217.65
049098,TEAYS VALLEY BOARD OF EDU,2016-01,,98361.34
049106,WESTFALL LOCAL SCHOOL DISTRICT,2016-01,,36944.76
049122,EASTERN LOCAL SCHOOL DISTRICT,2016-01,,21743.1
049130,SCIOTO VALLEY LOCAL SCHOOL,2016-01,,36550.64
049148,WAVERLY CITY SCHOOLS,2016-01,,46917.02
049155,WESTERN LOCAL SCHOOL DISTRICT,2016-01,,19211.82
049171,AURORA BOARD OF EDUCATION,2016-01,,74562.6
049189,CRESTWOOD LOCAL SCHOOLS,2016-01,,44900.69
049197,FIELD LOCAL SCHOOL DISTRICT,2016-01,,54828.21
049205,JAMES A GARFIELD LOCAL SCHOOLS,2016-01,,38786.23
049213,ROOTSTOWN LOCAL SCHOOL,2016-01,,31414.13
049221,SOUTHEAST LOCAL SCHOOLS,2016-01,,41263.08
049239,STREETSBORO CITY SCHOOLS,2016-01,,54164.12
049247,WATERLOO LOCAL BOARD OF EDU,2016-01,,28069.76
049270,NATIONAL TRAIL LOCAL SD,2016-01,,25372.39
049288,PREBLE SHAWNEE LOCAL SCHOOLS,2016-01,,35311.29
049296,TWIN VALLEY COMMUNITY LOCAL,2016-01,,21249.81
049312,COLUMBUS GROVE LOCAL SCHOOL,2016-01,,22076.75
049320,CONTINENTAL LOCAL SCHOOL,2016-01,,11104.66
049338,JENNINGS LOCAL SCHOOL DISTRICT,2016-01,,9495.59
049346,KALIDA LOCAL SCHOOL DISTRICT,2016-01,,15828.53
049353,LEIPSIC LOCAL SCHOOL DISTRICT,2016-01,,16390.18
049361,MILLER CITY-NEW CLEVELAND,2016-01,,12024.57
049379,OTTAWA GLANDORF LOCAL SCHOOL,2016-01,,39698.96
049387,OTTOVILLE LOCAL SCHOOL,2016-01,,10542.49
049395,PANDORA-GILBOA LOCAL BOARD OF,2016-01,,13912.86
049411,CLEARFORK VALLEY LOCAL SCHOOL,2016-01,,43256.62
049429,CRESTVIEW LOCAL SCHOOL,2016-01,,29184.17
049437,LEXINGTON LOCAL SCH DIST.,2016-01,,61895.57
049445,LUCAS LOCAL SCHOOL DISTRICT,2016-01,,15161.76
049452,MADISON LOCAL SCHOOLS,2016-01,,79322.85
049460,PLYMOUTH-SHILOH LOCAL SCHOOLS,2016-01,,20452.2
049478,ONTARIO LOCAL SCHOOLS,2016-01,,50855.47
049494,ADENA LOCAL SCHOOL DISTRICT,2016-01,,30441.12
049502,HUNTINGTON LOCAL SCH DIST.,2016-01,,29992.46
049510,PAINT VALLEY LOCAL SCHOOL,2016-01,,21604.86
049528,SOUTHEASTERN LOCAL SCHOOL,2016-01,,28535.07
049536,UNION-SCIOTO LOCAL SCHOOL,2016-01,,54153.01
049544,ZANE TRACE LOCAL SCHOOL,2016-01,,35622.2
049569,LAKOTA LOCAL SCHOOLS,2016-01,,26024.46
049577,WOODMORE LOCAL SCHOOL DISTRICT,2016-01,,25793.85
049593,BLOOM-VERNON LOCAL SCHOOL,2016-01,,22351.28
049601,CLAY LOCAL SCHOOL DISTRICT,2016-01,,16412.82
049619,GREEN LOCAL SCHOOL DISTRICT,2016-01,,15443.56
049627,MINFORD LOCAL SCHOOL DISTRICT,2016-01,,34393.53
049635,NORTHWEST LOCAL SCHOOL DIST,2016-01,,40452.67
049643,VALLEY LOCAL SCHOOL DISTRICT,2016-01,,26082.28
049650,WASHINGTON NILES LOCAL SCHOOL,2016-01,,37897.98
049668,WHEELERSBURG LOCAL SCHOOL,2016-01,,40012.64
049684,SENECA EAST LOCAL SCHOOL,2016-01,,24477.73
049700,HOPEWELL-LOUDON LOCAL SCHOOL,2016-01,,22280.13
049718,NEW RIEGEL LOCAL SCHOOL,2016-01,,8743.82
049726,OLD FORT LOCAL SCHOOL DISTRICT,2016-01,,16224.71
049759,ANNA LOCAL BOARD OF EDUCAION,2016-01,,31084.48
049767,BOTKINS LOCAL SCHOOL DISTRICT,2016-01,,17352.61
049775,FAIRLAWN LOCAL SCHOOL DISTRICT,2016-01,,16410.35
049783,FORT LORAMIE LOCAL SCHOOL,2016-01,,21469.3
049791,HARDIN-HOUSTON LOCAL SCHOOL,2016-01,,22716.79
049809,JACKSON CENTER LOCAL SCHOOL,2016-01,,13037.51
049817,RUSSIA LOCAL SCHOOL DISTRICT,2016-01,,11040.71
049833,CANTON LOCAL SCHOOL DISTRICT,2016-01,,48230.05
049841,FAIRLESS LOCAL BOARD OF,2016-01,,42038.41
049858,JACKSON LOCAL SCHOOL DISTRICT,2016-01,,150725.76
049866,LAKE LOCAL SCHOOL DISTRICT,2016-01,,87439.84
049874,LOUISVILLE CITY SCHOOLS,2016-01,,75988.45
049882,MARLINGTON LOCAL SCHOOL,2016-01,,60689.42
049890,MINERVA LOCAL SCHOOLS,2016-01,,49765.89
049908,NORTHWEST LOCAL SCHOOL,2016-01,,46904.42
049916,OSNABURG LOCAL SCHOOLS,2016-01,,21046.25
049924,PERRY LOCAL SCHOOL DISTRICT,2016-01,,120256.66
049932,PLAIN LOCAL SCHOOL DISTRICT,2016-01,,152817.67
049940,SANDY VALLEY LOCAL SCHOOL,2016-01,,36545.41
049957,TUSLAW LOCAL SCHOOLS,2016-01,,35134.84
049973,WOODRIDGE LOCAL SCHOOL,2016-01,,50517.14
049981,COPLEY-FAIRLAWN CITY SCHOOLS,2016-01,,74364.91
049999,COVENTRY LOCAL SCHOOL DISTRICT,2016-01,,52627.33
050005,MANCHESTER LOCAL SCHOOL,2016-01,,33484.65
050013,GREEN LOCAL SCHOOLS,2016-01,,99027.71
050021,HUDSON CITY SCHOOL DISTRICT,2016-01,,115297.26
050039,MOGADORE LOCAL SCHOOL DISTRICT,2016-01,,21942.62
050047,NORDONIA HILLS CITY SCHOOLS,2016-01,,92135.82
050054,REVERE LOCAL SCHOOL DISTRICT,2016-01,,67398.72
050062,SPRINGFIELD LOCAL SCH DIST.,2016-01,,56656.56
050070,TWINSBURG BOARD OF EDUCATION,2016-01,,104034.31
050096,BLOOMFIELD-MESPO LOCAL SCHOOL,2016-01,,6768.92
050112,BRISTOL LOCAL SCHOOL DISTRICT,2016-01,,16234.81
050120,BROOKFIELD LOCAL SCHOOL,2016-01,,26413.37
050138,CHAMPION LOCAL SCHOOL DISTRICT,2016-01,,36337.46
050153,MATHEWS LOCAL SCHOOL DISTRICT,2016-01,,18881.23
050161,HOWLAND LOCAL SCHOOL DISTRICT,2016-01,,71313.54
050179,JOSEPH BADGER LOCAL SCHOOL DIS,2016-01,,21018.82
050187,LAKEVIEW LOCAL BOARD,2016-01,,45574.51
050195,LIBERTY LOCAL BOARD OF EDU,2016-01,,29980.17
050203,LORDSTOWN LOCAL SCHOOL,2016-01,,13487.11
050211,MAPLEWOOD LOCAL BOARD OF EDU,2016-01,,19746.46
050229,MCDONALD BOARD OF EDUCATION,2016-01,,20179
050237,SOUTHINGTON LOCAL SCHOOL,2016-01,,13384.96
050245,LABRAE LOCAL SCHOOL DISTRICT,2016-01,,32597.21
050252,WEATHERSFIELD LOCAL SCHOOL,2016-01,,25028.69
050278,GARAWAY LOCAL SCHOOLS,2016-01,,29610.52
050286,INDIAN VALLEY LOCAL SCHOOLS,2016-01,,45317.12
050294,STRASBURG-FRANKLIN LOCAL,2016-01,,14631.35
050302,TUSCARAWAS VALLEY LOCAL SCHOOL,2016-01,,35679.85
050328,FAIRBANKS LOCAL SCHOOLS,2016-01,,27301.26
050336,NORTH UNION LOCAL SCHOOL,2016-01,,38237.97
050351,CRESTVIEW LOCAL SCHOOL,2016-01,,21056.67
050369,LINCOLNVIEW LOCAL SCH DIST.,2016-01,,22892.16
050393,VINTON COUNTY LOCAL SCHOOLS,2016-01,,54004.45
050419,CARLISLE LOCAL SCHOOLS,2016-01,,39703.31
050427,SPRINGBORO COMMUNITY SCHOOLS,2016-01,,152300.49
050435,KINGS LOCAL SCHOOL DISTRICT,2016-01,,107492.56
050443,LITTLE MIAMI LOCAL SCHOOL,2016-01,,108436.19
050450,MASON CITY SCHOOL DISTRICT,2016-01,,268250.41
050468,WAYNE LOCAL SCHOOL DISTRICT,2016-01,,39313.25
050484,FORT FRYE LOCAL SCHOOL,2016-01,,23310.07
050492,FRONTIER LOCAL SCHOOL DISTRICT,2016-01,,16120.61
050500,WARREN LOCAL SCHOOLS,2016-01,,53075.77
050518,WOLF CREEK LOCAL SCHOOL BD,2016-01,,15011.45
050534,CHIPPEWA LOCAL SCHOOLS,2016-01,,34077.36
050542,DALTON LOCAL SCHOOL DISTRICT,2016-01,,22202.74
050559,GREEN LOCAL SCHOOL DISTRICT,2016-01,,25975.67
050567,NORTH CENTRAL LOCAL SCHOOLS,2016-01,,36655.53
050575,NORTHWESTERN LOCAL SCH DIST.,2016-01,,33904.95
050583,SOUTHEAST LOCAL SCH DIST.,2016-01,,37640.16
050591,TRIWAY LOCAL SCHOOL DISTRICT,2016-01,,41015.17
050617,EDGERTON LOCAL SCHOOL DISTRICT,2016-01,,15568.45
050625,EDON NORTHWEST LOCAL SCHOOL,2016-01,,12737.36
050633,MILLCREEK WEST UNITY LOCAL,2016-01,,14192.14
050641,NORTH CENTRAL LOCAL SCHOOL,2016-01,,14549.69
050658,STRYKER LOCAL SCHOOL DISTRICT,2016-01,,9163.46
050674,EASTWOOD BOARD OF EDUCATION,2016-01,,37689.73
050682,ELMWOOD LOCAL SCHOOL DISTRICT,2016-01,,29886.04
050690,LAKE LOCAL SCHOOL DISTRICT,2016-01,,38683.23
050708,NORTH BALTIMORE BOARD OF,2016-01,,15733.45
050716,NORTHWOOD LOCAL SCHOOLS,2016-01,,24774.62
050724,OTSEGO LOCAL SCHOOL DISTRICT,2016-01,,38396.21
050740,MOHAWK BOARD OF EDUCATION,2016-01,,24384.85
050773,APOLLO JOINT VOCATIONAL,2016-01,,40015.15
050799,SOUTHERN HILLS JOINT,2016-01,,25453.86
050815,ASHTABULA COUNTY TECHNICAL &,2016-01,,25100.48
050856,BELMONT-HARRISON VOCATIONAL,2016-01,,21138.27
050880,BUTLER TECHNOLOGY & CAREER,2016-01,,280161
050906,COLUMBIANA COUNTY JOINT,2016-01,,10598.7
050922,CUYAHOGA VALLEY CAREER CENTER,2016-01,,23539.62
050948,POLARIS JOINT VOCATIONAL,2016-01,,52211.44
050963,FOUR COUNTY JOINT VOCATIONAL,2016-01,,34031.61
050989,DELAWARE AREA CAREER CENTER,2016-01,,33692.83
051003,EASTLAND-FAIRFIELD CAREER &,2016-01,,38232
051029,EHOVE JOINT VOCATIONAL SCHOOL,2016-01,,19799.67
051045,GREENE COUNTY JOINT VOCATIONAL,2016-01,,39378.07
051060,GREAT OAKS INSTITUTE OF TECH,2016-01,,229444.97
051128,JEFFERSON COUNTY JOINT,2016-01,,7962.27
051144,KNOX COUNTY CAREER CENTER,2016-01,,17360.9
051169,AUBURN VOCATIONAL SCHOOL DIST,2016-01,,15678.3
051185,LAWRENCE COUNTY JOINT,2016-01,,37388.18
051201,LICKING CNTY JOINT VOCATIONAL,2016-01,,36322.96
051227,LORAIN COUNTY JOINT,2016-01,,37846.8
051243,MAHONING COUNTY CAREER &,2016-01,,18646.7
051284,MIAMI VALLEY CAREER TECHNOLOGY,2016-01,,76065.89
051300,MIDEAST CAREER & TECHNOLOGY,2016-01,,26563.53
051334,OHIO HI POINT JOINT VOCATIONAL,2016-01,,67080.43
051359,PENTA COUNTY VOCATIONAL SCHOOL,2016-01,,110088.66
051375,PIKE COUNTY JOINT VOCATIONAL,2016-01,,11704.83
051391,MAPLEWOOD CAREER CENTER,2016-01,,15104.4
051417,PIONEER CAREER & TECHNOLOGY,2016-01,,56588.11
051433,PICKAWAY-ROSS COUNTY JOINT,2016-01,,71217.59
051458,VANGUARD SENTINEL CAREER CNTRS,2016-01,,41738.8
051474,WARREN COUNTY VOCATIONAL,2016-01,,56455.34
051490,SCIOTO COUNTY CAREER TECH CNTR,2016-01,,34054.71
051532,SPRINGFIELD-CLARK CAREER,2016-01,,24551.06
051607,TRI-COUNTY JOINT VOCATIONAL,2016-01,,11012.03
051631,TRUMBULL COUNTY JOINT,2016-01,,27559.99
051656,BUCKEYE JOINT VOCATIONAL,2016-01,,27982.73
051672,VANTAGE CAREER CENTER,2016-01,,18454.66
051698,WASHINGTON COUNTY JOINT,2016-01,,11043.41
051714,WAYNE CNTY JOINT VOCATIONAL SC,2016-01,,19501.47
061903,ADAMS CNTY-OH VALLEY SCHL DIST,2016-01,,99278.8
062026,STARK COUNTY AREA JOINT,2016-01,,17950.5
062042,ASHLAND CO WEST HOLMES JOINT,2016-01,,8056.76
062067,GALLIA JACKSON VINTON JOINT,2016-01,,41353.42
062109,MEDINA COUNTY CAREER CENTER,2016-01,,28331.42
062125,UPPER VALLEY JOINT VOCATIONAL,2016-01,,76631.6
062802,US GRANT JOINT VOCATIONAL,2016-01,,15732.24
063495,PORTAGE LAKES JOINT VOCATIONAL,2016-01,,15204.2
063511,TOLLES CAREER & TECH CENTER,2016-01,,38462.3
065227,COSHOCTON COUNTY JOINT,2016-01,,7358.6
065268,TRI-RIVERS JOINT VOCATIONAL,2016-01,,10536.84
065680,GALLIA COUNTY LOCAL SCHOOL,2016-01,,54219.58
069682,EAST GUERNSEY LOCAL SCHOOL,2016-01,,26484.38
091397,TRI-COUNTY NORTH LOCAL SCHOOL,2016-01,,22046.84
132746,SUMMIT ACADEMY COMMUNITY SCH,2016-01,,2264.57
132761,SUMMIT ACAD COMMU SCHL FOR,2016-01,,4129.74
132779,SUMMIT ACADEMY AKRON MIDDLE,2016-01,,1042.53
132795,LIFE SKILLS CENTER OF CLARK,2016-01,,3918.67
132803,LIFE SKILLS CENTER OF BUTLER,2016-01,,6461.05
132944,MIAMI VALLEY ACADEMIES,2016-01,,4452.7
132951,CONSTELLATN SCHLS LORAIN COMMU,2016-01,,5442.15
132969,CONSTELLATN SCHLS ELYRIA COMMU,2016-01,,13605.36
132985,YOUTH BUILD COLUMBUS,2016-01,,5313.35
132993,CONSTELLATN SCHLS W.PARK COMM,2016-01,,8134.17
133215,INTERGENERATIONAL SCHOOL,2016-01,,6431.06
133256,CONSTELLTN SCHLS PARMA COMMU,2016-01,,32867.28
133264,DOHN COMMUNITY HIGH SCHOOL,2016-01,,9457.03
133280,WASHINGTON PARK COMMUNITY,2016-01,,5363.45
133306,SUMMIT ACAD COMMU SCHL FOR,2016-01,,3847.34
133322,SUMMIT ACAD COMMU SCHL  FOR,2016-01,,3509.41
133330,TCP WORLD ACADEMY,2016-01,,13626.26
133348,RICHARD ALLEN PREPARATORY,2016-01,,3383.95
133389,LIGHTHOUSE COMMUNITY SCHOOL,2016-01,,1627
133413,ELECTRONIC CLASSROOM OF,2016-01,,364267.42
133421,GRAHAM SCHOOL,2016-01,,6762.58
133439,CORNERSTONE ACADEMY,2016-01,,17034.31
133454,DAYTON VIEW ACADEMY,2016-01,,5953.72
133488,EDUCATIONAL DEVELOPMENT CENTER,2016-01,,3257.2
133504,PHOENIX COMMUNITY LEARNING,2016-01,,10448.65
133512,LKH VICTORY CORP,2016-01,,25167.81
133520,CITIZENS ACADEMY,2016-01,,11387.86
133538,EDGE LEARNING INC,2016-01,,6228.83
133561,MILLENNIUM COMMUNITY SCHOOL,2016-01,,15075.68
133587,SUMMIT ACAD AKRON ELEMENT SCH,2016-01,,3712.17
133629,HORIZON SCIENCE ADADEMY -,2016-01,,12074.65
133660,HORIZON EDUCATIONAL SERVICES,2016-01,,12762.24
133678,RIVERSIDE COMMUNITY SCHOOL INC,2016-01,,6584.28
133736,RICHARD ALLEN ACADEMY INC,2016-01,,1908.24
133785,LIFE SKILLS CENTER OF,2016-01,,3813.32
133801,LIFE SKILLS CENTER OF,2016-01,,2372.19
133819,HOPE ACAD LINCOLN PARK CAMPUS,2016-01,,5058.42
133835,LIFE SKILLS CENTER OF,2016-01,,10371.05
133868,LIFE SKILLS CENTER OF AKRON,2016-01,,7220.48
133942,TOLEDO SCHOOL FOR THE ARTS,2016-01,,17226.84
133959,DAYTON LEADERSHIP ACAD.-DAYTON,2016-01,,3485.72
134072,YOUNGSTOWN COMMUNITY SCHL INC,2016-01,,8648.44
134098,CONSTELLATN SCHLS OLD BROOKLYN,2016-01,,8540.93
134122,MULTIPLE OPTNS FOR DEVELOPMENT,2016-01,,2773.17
134148,AURORA ACADEMY,2016-01,,4502.58
134197,HOPE ACADEMY CHAPELSIDE CAMPUS,2016-01,,5160.1
134213,HOPE ACADEMY UNIVERSITY,2016-01,,7169.52
134221,HOPE ACADEMY BROWN ST CAMPUS,2016-01,,5110.19
134247,CITY DAY COMMUNITY SCHOOL INC,2016-01,,3536.61
139303,MONROE LOCAL SCHOOL DISTRICT,2016-01,,67202.44
142901,LIFE SKILLS CENTER OF CANTON,2016-01,,2420.42
142919,LIFE SKILLS CENTER OF ELYRIA,2016-01,,2975.49
142927,FOCUS LEARNING ACADEMY OF,2016-01,,6177.72
142935,FOCUS LEARNING ACADEMY OF,2016-01,,4169.48
142943,FOCUS LEARNING ACADEMY OF,2016-01,,10398.36
142950,OHIO VIRTUAL ACADEMY INC,2016-01,,243022.28
142968,HOPE ACAD NORTHCOAST ACAD,2016-01,,7269.89
143115,MOUND STREET IT ACADEMY,2016-01,,1501.23
143123,MOUND STREET MILITARY ACADEMY,2016-01,,1221.28
143131,MOUND STREET HEALTH CAREER,2016-01,,1450.26
143172,INTERNATIONAL ACADEMY OF,2016-01,,5516.76
143198,GREAT WESTERN ACADEMY,2016-01,,18126.41
143206,TROTWOOD FITNESS &,2016-01,,8828.81
143214,MIDDLETOWN FITNESS &,2016-01,,6308.23
143297,AUTISM ACADEMY OF LEARNING,2016-01,,1348.23
143305,TRECA DIGITAL ACADEMY,2016-01,,50127.29
143313,HOPE ACADEMY CUYAHOGA CAMPUS,2016-01,,6380.25
143396,OHIO DISTANCE EDUCATION &,2016-01,,40947.58
143479,CONSTELLATION SCHOOLS PURITAS,2016-01,,5160.13
143487,CONSTELLATION SCHLS STOCKYARD,2016-01,,7015.7
143529,NORTH DAYTON SCHOOL OF SCIENCE,2016-01,,15422.77
143537,VIRTUAL COMMUNITY SCHOOL,2016-01,,21653.72
143552,EAGLE ACADEMY,2016-01,,5672.74
143560,RICHARD ALLEN ACADEMY II,2016-01,,8116.49
143578,RICHARD ALLEN ACADEMY III,2016-01,,4273.21
143602,HAMILTON COUNTY MATHEMATICS &,2016-01,,16550.16
143610,ARTS & COLLEGE PREPARATORY,2016-01,,10042.93
143644,SCIOTOVILLE COMMUNITY SCHOOL,2016-01,,7441.84
147231,SCHNEE LEARNING CENTER,2016-01,,3076.28
148916,MARION CITY DIGITAL ACADEMY,2016-01,,3463.07
148932,FRANKLIN LOCAL COMMU SCHOOL,2016-01,,1916.83
148981,TOMORROW CENTER,2016-01,,2430.23
148999,MAHONING UNLIMITED CLASSROOM,2016-01,,3367.28
149047,GOAL DIGITAL ACADEMY,2016-01,,10153.49
149054,AKRON DIGITAL ACADEMY,2016-01,,8974.61
149062,URBANA COMMUNITY SCHOOL,2016-01,,1046.75
149088,FAIRBORN DIGITAL ACADEMY,2016-01,,4256.09
149302,LIFE SKILLS CENTER OF TOLEDO,2016-01,,1602.67
149328,FOXFIRE HIGH SCHOOL,2016-01,,5955.09
149336,SOUTHWEST LICKING DIGITAL,2016-01,,663.21
149427,MASSILLON DIGITAL ACADEMY,2016-01,,1834.37
151027,LONDON ACADEMY,2016-01,,6470.38
151035,PLEASANT COMMUNITY DIGITAL,2016-01,,993.09
151142,LORAIN HIGH SCHOOL DIGITAL,2016-01,,3255.12
151167,RIDGEDALE COMMUNITY SCHOOL,2016-01,,865.77
151175,WEST CENTRAL LEARNING ACADEMY,2016-01,,1300.19
151183,LIFE SKILLS CNTR OF LAKE ERIE,2016-01,,6888.62
151191,LIFE SKILLS CENTER OF SUMMIT,2016-01,,1855.61
151209,LIFE SKILLS CENTER OF,2016-01,,1906.44
151233,LAKEWOOD DIGITAL ACADEMY,2016-01,,739.95
000125,POLLY FOX ACADEMY,2016-08,,1892.03
000130,PHOENIX ACADEMY,2016-08,,11740.53
000131,GLASS CITY ACADEMY INC,2016-08,,4898.33
000138,PATHWAY SCHOOL OF DISCOVERY,2016-08,,19570.02
000139,ALLIANCE ACADEMY,2016-08,,11988.08
000162,NEWARK DIGITAL ACADEMY,2016-08,,11541.76
000197,HAMILTON ALTERNATIVE ACADEMY,2016-08,,802.8
000222,WILDWOOD ENVIRONMENTAL ACADEMY,2016-08,,8397.25
000236,OHIO CONNECTIONS ACADEMY INC,2016-08,,85478.94
000241,QUAKER DIGITAL ACADEMY,2016-08,,17433.71
000282,GREATER OHIO VIRTUAL SCHOOL,2016-08,,14136.3
000288,AUGLAIZE COUNTY EDUCATIONAL,2016-08,,1223.88
000296,SUMMIT ACAD. COMM. SCHOOL,2016-08,,1165.46
000297,SUMMIT ACAD. COMM. SCHOOL DAY,2016-08,,3706.77
000298,SUMMIT ACADEMY SECONDARY,2016-08,,1605.97
000300,SUMMIT ACAD. SEC. SCHOOL,2016-08,,2647.55
000301,SUMMIT ACAD. SEC. SCHOOL LOR,2016-08,,1967.82
000302,SUMMIT ACAD. COMM. SCHOOL PAR,2016-08,,4920.25
000303,SUMMIT ACAD. SEC. SCHOOL,2016-08,,6520.39
000304,SUMMIT ACAD. COMM. SCHOOL TOL,2016-08,,2643.52
000305,SUMMIT ACAD. COMM. SCHOOL WAR,2016-08,,2825.27
000306,SUMMIT ACAD. COMM. SCHOOL,2016-08,,3237.01
000311,BRIDGES COMMUNITY ACADEMY,2016-08,,3512.99
000316,CONSTELLATION SCHOOLS WESTPARK,2016-08,,5178.92
000318,MENLO PARK ACADEMY,2016-08,,9530.16
000319,CONSTELLATION SCH MADISON,2016-08,,7846.07
000320,CONSTELLATION SCHOOLS LORAIN,2016-08,,3288.34
000321,CONSTELLATION SCH OLD BROOKLYN,2016-08,,6266.49
000338,HORIZON SCI ACADEMY,2016-08,,13684.1
000360,MIAMISBURG SECONDARY DIGITAL,2016-08,,1943.8
000392,MANSFIELD ENHANCEMENT ACADEMY,2016-08,,648.39
000396,MANSFIELD ELECTIVE ACADEMY,2016-08,,907.79
000402,FINDLAY DIGITAL ACADEMY,2016-08,,4467.04
000417,BUCKEYE ON-LINE SCH FOR SUCCS,2016-08,,24637.13
000420,COLUMBUS BILINGUAL ACADEMY,2016-08,,4635.56
000442,MANCHESTER LOCAL SCHOOL DIST,2016-08,,22257.56
000509,WHITEHALL PREPARATORY &,2016-08,,7043.9
000510,SPRINGFIELD PREPARATORY &,2016-08,,4249.76
000511,NORTHLAND PREPARATORY &,2016-08,,7872.57
000525,PROJECT REBUILD COMMUNITY SCHL,2016-08,,2283.61
000527,CASTLE HIGH SCHOOL INC,2016-08,,4816.4
000534,CONSTELLATION SCHOOLS PURITAS,2016-08,,3443.98
000541,CONSTELLATION SCH OUTREACH,2016-08,,725.76
000543,PINNACLE ACADEMY,2016-08,,18928.99
000546,WINTERFIELD VENTURE ACADEMY,2016-08,,13684.18
000553,COLUMBUS HUMANITIES ARTS &,2016-08,,9581.75
000556,A+ ARTS ACADEMY,2016-08,,17117.66
000557,COLUMBUS ARTS &,2016-08,,13958.28
000558,COLUMBUS PREPARATORY ACADEMY,2016-08,,16936.41
000559,ORION ACADEMY,2016-08,,13178.8
000560,APEX ACADEMY,2016-08,,15329.67
000564,VIRTUAL SCHOOLHOUSE INC,2016-08,,9166.82
000575,HOPE ACADEMY NORTHWEST CAMPUS,2016-08,,6344.18
000576,KING ACADEMY COMMUNITY SCHOOL,2016-08,,3521.22
000577,EMERSON ACADEMY,2016-08,,17183.39
000598,COSHOCTON OPPORTUNITY SCHOOL,2016-08,,1037.18
000608,SUMMIT ACADEMY TRANSITION HIGH,2016-08,,2020.01
000609,SUMMIT ACAD. MIDDLE SCH LORAIN,2016-08,,2330.41
000610,SUMMIT ACAD. MIDDLE SCH COL.,2016-08,,2382.89
000613,HEIR FORCE COMMUNITY SCHOOL,2016-08,,7480.6
000614,SUMMIT ACADEMY TRANSITION HIGH,2016-08,,4170.35
000616,SUMMIT ACAD. SCH FOR ALT.,2016-08,,2669.51
000621,SUMMIT ACADEMY TRANSITION HIGH,2016-08,,3499.76
000623,SUMMIT ACADEMY - YOUNGSTOWN,2016-08,,5584.85
000629,SUMMIT ACADEMY COMMUNITY,2016-08,,1840.17
000633,SUMMIT ACAD. TOLEDO LEARN,2016-08,,4691.02
000634,SUMMIT ACADEMY SECONDARY,2016-08,,2151.11
000640,RITTMAN ACADEMY,2016-08,,804.92
000664,LIFE SKILLS CENTER OF COLUMBUS,2016-08,,3030.05
000677,NEW DAY ACADEMY BOARDING,2016-08,,4169.07
000679,OAKSTONE COMMUNITY SCHOOL,2016-08,,6993.79
000725,ZENITH ACADEMY,2016-08,,10462.29
000736,PHOENIX VILL. ACAD. PRIMARY 2,2016-08,,3469.88
000738,PHOENIX VILL. ACAD. SEC. 1,2016-08,,2822.51
000770,MARITIME ACADEMY OF TOLEDO INC,2016-08,,6505.18
000779,EDUCATIONAL ACADEMY FOR BOYS,2016-08,,3055.8
000780,MIDNIMO CROSS CULTURAL MIDDLE,2016-08,,2537.87
000781,CINCINNATI SPEECH,2016-08,,6731.93
000804,HORIZON SCIENCE ACADEMY,2016-08,,8725.39
000808,HORIZON SCIENCE ADADEMY DAYTON,2016-08,,4354.12
000813,LIFE SKILLS CENTER OF DAYTON,2016-08,,4121.04
000825,HORIZON SCIENCE ACADEMY,2016-08,,9148.74
000838,HORIZON SCIENCE ACADEMY-,2016-08,,6499.58
000843,BENNETT VENTURE ACADEMY,2016-08,,18141.83
000855,STAMBAUGH CHARTER ACADEMY,2016-08,,11668.94
000858,HORIZON SCIENCE ACAD CLEVELAND,2016-08,,7224.59
000875,WESTSIDE ACADEMY INC,2016-08,,5593.67
000905,IMAC INC,2016-08,,674.35
000912,ACADEMIC ACCELERATION ACADEMY,2016-08,,4583.71
000930,CLEVELAND ENTREPRENEURSHIP,2016-08,,7146.91
000936,PROMISE ACADEMY,2016-08,,6499.55
000938,PREMIER ACADEMY OF OHIO,2016-08,,958.2
000941,PAR EXCELLENCE ACADEMY,2016-08,,3475.45
000942,LAKEWOOD CITY ACADEMY,2016-08,,3495.76
000951,TOLEDO PREP. AND FITNESS ACAD,2016-08,,4924.29
000952,COLUMBUS PREPARATORY,2016-08,,7639.5
000953,CINCINNATI PREPARATORY &,2016-08,,7275.48
007984,YOUNGSTOWN ACAD OF EXCELLENCE,2016-08,,4002.33
007995,CLEVELAND ARTS  SCI.,2016-08,,8467.62
007998,CENTER FOR STUDENT ACHIEVEMENT,2016-08,,1274.82
007999,CHARLES SCHOOL,2016-08,,9659.68
008000,MANSFIELD PREPARATORY ACADEMY,2016-08,,8026.65
008063,LIFE SKILLS CTR OF NORTH AKRON,2016-08,,2978.82
008064,ACADEMY OF ARTS,2016-08,,4324.06
008251,MAHONING VALLEY,2016-08,,2416.99
008278,NOBLE ACADEMY-CLEVELAND INC,2016-08,,10280.28
008280,NOBLE ACADEMY-COLUMBUS INC,2016-08,,8209.23
008281,SOUTH SCIOTO ACADEMY,2016-08,,5153.51
008282,LIFE SKILLS CTR OF COL. NORTH,2016-08,,2175.36
008283,DAYTON TECH. DESIGN HIGH SCH,2016-08,,4302.48
008286,HARVARD AVE COMMUNITY SCHOOL,2016-08,,14423.3
008287,GROVEPORT COMMUNITY SCHOOL,2016-08,,19422.67
008289,EAGLE LEARNING CENTER INC,2016-08,,2954.96
009122,COLUMBUS COLLEGIATE,2016-08,,5153.43
009147,NORTHPOINTE ACADEMY,2016-08,,9692.91
009148,ZANESVILLE COMM. HIGH SCH,2016-08,,2940.56
009149,CONSTELLATION SCHOOLS WESTSIDE,2016-08,,9037.23
009163,CM GRANT LEADERSHIP ACADEMY,2016-08,,2253.01
009164,CENTRAL ACADEMY OF OHIO,2016-08,,4224.45
009171,STAR ACADEMY OF TOLEDO,2016-08,,4613.2
009179,HORIZON SCIENCE ACADEMY INC,2016-08,,11083.74
009181,CLAY AVENUE COMMUNITY SCHOOL,2016-08,,13476.77
009192,FOUNDATION ACADEMY,2016-08,,9855.64
009283,DAYTON EARLY COLLEGE ACAD.,2016-08,,11222.22
009953,SULLIVANT AVE COMM. SCHOOL,2016-08,,9452.26
009954,HARRISBURG PIKE COMM. SCHOOL,2016-08,,8390.5
009955,MADISON AVENUE SCHOOL OF ARTS,2016-08,,15653.79
009957,KLEPINGER COMMUNITY SCHOOL,2016-08,,10626.1
009964,SCIOTOVILLE ELEMENTARY ACADEMY,2016-08,,3401.89
009971,ASHLAND CTY COMM. ACADEMY,2016-08,,3154.64
009990,HORIZON SCI. ACAD. ELEMENTARY,2016-08,,14165.52
009996,MAHONING COUNTY HIGH SCHOOL,2016-08,,2053.14
009997,KIPP CENTRAL OHIO,2016-08,,18749.35
010007,HORIZON SCI. ACAD. DENISON,2016-08,,3935.98
010036,CESAR CHAVEZ COLLEGE PREP.,2016-08,,8416.4
010180,MOUNT AUBURN INT. ACAD.,2016-08,,12272.48
010182,PERFORMANCE ACADEMY EASTLAND,2016-08,,7613.6
010205,L HOLLINGWORTH SCH FOR TAL.,2016-08,,8319.31
011291,VILLAGE PREPARATORY SCHOOL,2016-08,,10461.44
011324,HARDIN COMMUNITY SCHOOL,2016-08,,1115.42
011381,GREATER SUMMIT CTY EARLY LEARN,2016-08,,3264.31
011390,BELLA ACADEMY OF EXCELLENCE,2016-08,,7897.98
011436,PLEASANT EDUCATION ACADEMY,2016-08,,440.56
011439,RENAISSANCE ACADEMY,2016-08,,3936.47
011444,RUSHMORE ACADEMY,2016-08,,8267.45
011468,COLUMBUS BILINGUAL ACAD. - N.,2016-08,,9633.53
011479,LIFELINKS COMMUNITY SCHOOL,2016-08,,1943.19
011506,DAYTON REGIONAL STEM SCHOOL,2016-08,,15945.74
011507,ACHIEVE CAREER PREP. ACAD.,2016-08,,4613.2
011511,NORTH CENTRAL ACADEMY,2016-08,,1577.1
011533,HORIZON SCI. ACAD. OF LORAIN,2016-08,,15690.9
011534,HORIZON SCIENCE ACADEMY DAYTON,2016-08,,7567.87
011923,NORTHEAST OHIO COLLEGE PREP.,2016-08,,14086.69
011947,IMAGINE AKRON ACADEMY,2016-08,,1528.27
011956,RCCS,2016-08,,2149.62
011967,RICHLAND ACAD. SCH OF EXC.,2016-08,,5083.53
011972,GRAHAM EXPED. MIDDLE SCHOOL,2016-08,,3211.18
011976,HORIZON SCIENCE ACADEMY DAYTON,2016-08,,5909.16
011986,HORIZON SCI. ACAD. YOUNGSTOWN,2016-08,,10213.28
012000,CRUISER ACADEMY,2016-08,,4894.46
012009,ZENITH ACADEMY-EAST,2016-08,,8028.1
012010,CLEVELAND COLLEGE PREP.,2016-08,,7302.28
012011,COLUMBUS PERFORMANCE ACADEMY,2016-08,,4402.42
012025,CONSTELLATION SCH STOCKYARD,2016-08,,2045.67
012026,CONSTELLATION SCHOOLS CENTRAL,2016-08,,3495.81
012029,CITIZENS LEADERSHIP ACADEMY,2016-08,,6499.56
012030,NEAR WEST SCHOOL,2016-08,,4945.89
012031,ENTREPRENEURSHIP PREP. SCHOOL,2016-08,,6447.76
012033,FOXFIRE INTERMEDIATE SCHOOL,2016-08,,3460.79
012036,THURGOOD MARSHALL HIGH SCHOOL,2016-08,,3159.16
012037,NEW BEGINNINGS ACADEMY,2016-08,,2045.83
012038,LANGSTON HUGHES HIGH SCHOOL,2016-08,,2667.14
012040,ROAD TO SUCCESS ACADEMY,2016-08,,2486.08
012041,THE ARCH ACADEMY,2016-08,,3366.56
012042,GEORGE V VOINOVICH RECLAMATION,2016-08,,2952
012043,FREDERICK DOUGLASS RECLAMATION,2016-08,,3418.1
012044,CAPITAL HIGH SCHOOL,2016-08,,6137.5
012045,PATRIOT PREPARATORY ACADEMY,2016-08,,14295.72
012054,NORTH CENTRAL ACADEMY FREMONT,2016-08,,2681.63
012060,AKROS MIDDLE SCHOOL,2016-08,,3289.66
012078,QUEST COMMUNITY SCHOOL,2016-08,,1916.2
012105,SOUTHSIDE ACADEMY INC,2016-08,,3898.38
012391,METRO EARLY COLLEGE HIGH SCH,2016-08,,18076.77
012497,PICKERINGTON COMMUNITY SCHOOL,2016-08,,2488.3
012501,BEACON HILL COMMUNITY SCHOOL,2016-08,,1972.75
012513,CINCINNATI COLLEGE PREPARATORY,2016-08,,5980.89
012528,ACADEMY FOR URBAN SOLUTIONS,2016-08,,7302.87
012529,FOCUS NORTH HIGH SCHOOL,2016-08,,5645.46
012536,UBAH MATH  ACADEMY,2016-08,,4790.87
012541,UNIVERSITY OF CLEVELAND PREP.,2016-08,,9089.02
012545,IMAGINE WOODBURY ACADEMY,2016-08,,3161.92
012556,PEARL ACADEMY,2016-08,,5360.18
012558,GLOBAL VILLAGE ACADEMY INC,2016-08,,3961.87
012624,ACCELELERATED ACH. ACAD. OF,2016-08,,1915.96
012626,DOW LEADERSHIP INSTITUTE,2016-08,,2175.15
012627,STEAM ACADEMY OF YOUNGSTOWN,2016-08,,3367.37
012628,IMAGINE INTEGRITY ACADEMY,2016-08,,1942.25
012629,GREAT EXPECTATIONS ELEM. SCH,2016-08,,3965.28
012631,IMPACT ACADEMY CINCINNATI,2016-08,,3314.09
012644,STEAM ACADEMY OF WARREN,2016-08,,5339.16
012668,GARFIELD ACADEMY INC,2016-08,,5786.88
012671,CONSTELLATION SCH EASTSIDE,2016-08,,3443.98
012684,BROADWAY ACADEMY,2016-08,,8286.27
012852,CITIZENS ACADEMY EAST,2016-08,,9606.9
012867,TOWNSEND NORTH COMM. SCH,2016-08,,22287.16
012924,DECA PREP,2016-08,,13969.46
012951,COLUMBUS COLLEGIATE ACAD. - W.,2016-08,,5231.12
013030,GRAHAM PRIMARY SCHOOL,2016-08,,5515.98
013034,VILLAGE PREP. SCH:WOODLA,2016-08,,9555.11
013059,WEST CARROLTON SEC. ACAD.,2016-08,,2280.75
013082,THE HALEY SCHOOL,2016-08,,5023.59
013132,LAKE ERIE COLLEGE PREP.,2016-08,,7328.19
013146,STEAM Academy of Dayton,2016-08,,5546.32
013147,STEAM ACAD. OF WARRENSVILLE,2016-08,,4169.04
013148,STEPSTONE ACADEMY,2016-08,,7871.96
013170,HOPE ACADEMY FOR AUTISM,2016-08,,1399.51
013173,IMAGINE HILL AVENUE,2016-08,,4976.09
013175,KIDS UNLIMITED ACADEMY,2016-08,,7230.81
013195,ACADEMY OF EDU. EXCELLENCE,2016-08,,1788.26
013198,BROOKWOOD ACADEMY,2016-08,,2382.49
013199,NEXUS ACADEMY OF CLEVELAND,2016-08,,4505.81
013200,NEXUS ACADEMY OF TOLEDO,2016-08,,2980.59
013201,NEXUS ACADEMY OF COLUMBUS,2016-08,,3600.18
013226,LIFE SKILLS HIGH SCH OF CLEVE,2016-08,,2149.25
013232,A+ CHILDRENS ACADEMY,2016-08,,3314.79
013233,SOUTHERN OHIO ACADEMY,2016-08,,1532.37
013240,CINCINNATI STATE STEM ACADEMY,2016-08,,3055.4
013249,ACADEMY FOR URB. SCH. YOUNGSTO,2016-08,,3820.41
013253,OHIO COLLEGIATE ACADEMY,2016-08,,6965.65
013254,AKRON PREPARATORY SCHOOL,2016-08,,6501.61
013255,CANTON COLL. PREP. SCH,2016-08,,5319.77
013864,CINCINNATI TECHNOLOGY ACADEMY,2016-08,,4375.63
013892,FRANKLINTON PREP. ACAD.,2016-08,,3133.48
013930,GLOBAL IMPACT STEM ACADEMY,2016-08,,6582.66
013962,LIBERTY PREPARTORY SCHOOL,2016-08,,1895.8
013967,CINCINNATI LEARNING SCHOOLS,2016-08,,4919.35
013994,ALBERT EINSTEIN ACAD.,2016-08,,5852.04
013999,Rise & Shine Academy,2016-08,,1399.51
014051,NORTHMONT SECONDARY ACADEMY,2016-08,,1036.69
014061,CHAPELSIDE CLEVELAND ACADEMY,2016-08,,8027.39
014062,LIFE SKILLS HIGH SCH OF MIDDLE,2016-08,,1115.04
014063,UNIVERSITY ACADEMY,2016-08,,4377.58
014064,WINTON PREPARATORY ACADEMY,2016-08,,7896.89
014065,LINCOLN PARK ACADEMY,2016-08,,5153.02
014066,MAIN ST PREP. ACAD.,2016-08,,3885.42
014067,OHIO CONSTRUCTION ACADEMY,2016-08,,466.15
014081,INSIGHT SCHOOL OF OHIO,2016-08,,39607.15
014090,BERWYN EAST ACADEMY,2016-08,,4376.68
014091,HOPE LEARNING ACAD. OF TOLEDO,2016-08,,1606.89
014094,LAWRENCE COUNTY ACADEMY,2016-08,,2021.15
014121,IMAGINE LEADERSHIP ACADEMY,2016-08,,5051.05
014139,IMAGINE COL. PRIMARY SCHOOL,2016-08,,5619.57
014147,EAST PREPARATORY ACADEMY,2016-08,,4635.27
014148,PROVOST ACADEMY OHIO,2016-08,,2929.16
014149,DAYTON SMART ELEMENTARY SCHOOL,2016-08,,2306.65
014187,EAST ACADEMY,2016-08,,5903.97
014188,DISCOVERY ACADEMY,2016-08,,6375.55
014189,WEST PARK ACADEMY,2016-08,,5645.02
014194,WATKINS ACADEMY,2016-08,,2539.9
014231,BIO-MED SCI. ACAD. STEM SCH,2016-08,,7879.71
014467,UNITED PREPARATORY ACADEMY,2016-08,,3625.53
014633,CITY PREP ACADEMY,2016-08,,1838.66
014825,BUCKEYE PREP. ACADEMY,2016-08,,5257.01
014830,UTICA SHALE ACAD. OF OHIO,2016-08,,1840.36
014858,REACH ACADEMY,2016-08,,6271.93
014864,TOLEDO SMART ELEM. SCH.,2016-08,,2125.18
014877,METRO INSTITUTE OF TECHNOLOGY,2016-08,,1812.95
014904,T2 HONORS ACADEMY,2016-08,,2537.67
014912,NORWOOD CONVERSION COMM.,2016-08,,750.85
014913,LAKESHORE INTERGENERATIONAL,2016-08,,3728.88
014927,STEEL ACADEMY,2016-08,,3056.83
014932,CINCINNATI GENERATION ACAD.,2016-08,,3158.74
015234,ZENITH ACADEMY WEST,2016-08,,4557.8
015236,CLARK PREPARATORY ACADEMY,2016-08,,3472.37
015237,FLEX HIGH SCHOOL,2016-08,,1916.35
015238,FOXFIRE EAST ACADEMY,2016-08,,985.69
015239,STONEBROOK MONTESSORI,2016-08,,1475.99
015240,UTICA SHALE ACADEMY-BELMONT,2016-08,,751.12
015241,OHIO VALLEY ENERGY TECHNOLOGY,2016-08,,1403.67
015261,CITIZENS ACADEMY SOUTHEAST,2016-08,,4479.77
015329,ISTEM GEAUGA EARLY COLLEGE HS,2016-08,,1063.79
043489,AKRON CITY SCHOOLS,2016-08,,534284.46
043497,ALLIANCE CITY BOARD OF EDU,2016-08,,74063.54
043505,ASHLAND CITY BOARD OF,2016-08,,86093.19
043513,ASHTABULA AREA CITY SCHOOL,2016-08,,95357.38
043521,ATHENS CITY SCHOOL DISTRICT,2016-08,,69067.02
043539,BARBERTON BOARD OF EDUCATION,2016-08,,96798.83
043547,BAY VILLAGE CITY SCHOOL,2016-08,,64373.99
043554,BEACHWOOD BOARD OF EDUCATION,2016-08,,35682.77
043562,BEDFORD BOARD OF EDUCATION,2016-08,,84403.47
043570,BELLAIRE CITY SCHOOL DISTRICT,2016-08,,31755.98
043588,BELLEFONTAINE CITY SCHOOL,2016-08,,64245.19
043596,BELLEVUE CITY SCHOOL DISTRICT,2016-08,,51612.23
043604,BELPRE CITY SCHOOL DISTRICT,2016-08,,27254.46
043612,BEREA CITY SCHOOL DISTRICT,2016-08,,162566.34
043620,BEXLEY CITY SCHOOL DISTRICT,2016-08,,59458.63
043638,BOWLING GREEN SCHOOL DISTRICT,2016-08,,78519.19
043646,BRECKSVILLE BROADVIEW HEIGHTS,2016-08,,101843.49
043653,BROOKLYN LOCAL SCHOOL DISTRICT,2016-08,,34336.25
043661,BRUNSWICK CITY SCHOOL DISTRICT,2016-08,,192262.41
043679,BRYAN CITY SCHOOLS,2016-08,,51812.74
043687,BUCYRUS CITY SCHOOL DISTRICT,2016-08,,35490.25
043695,CAMBRIDGE CITY BOARD OF,2016-08,,53421.91
043703,CAMPBELL CITY SCHOOLS,2016-08,,30147.43
043711,CANTON CITY SCHOOL DISTRICT,2016-08,,227686.38
043729,CELINA CITY BOARD OF EDU,2016-08,,67659.71
043737,CENTERVILLE CITY SCHOOL,2016-08,,207170.44
043745,CHILLICOTHE CITY SCHOOL,2016-08,,77567.73
043752,CINCINNATI PUBLIC SCHOOLS,2016-08,,853429.48
043760,CIRCLEVILLE CITY SCHOOL,2016-08,,54746.66
043778,CLAYMONT CITY BOARD OF EDU,2016-08,,54279.19
043786,CLEVELAND CITY SCHOOL DISTRICT,2016-08,,979605.88
043794,CLEVELAND HEIGHTS UNIVERSITY,2016-08,,135480.58
043802,COLUMBUS PUBLIC SCHOOL,2016-08,,1273737.96
043810,CONNEAUT AREA CITY SCHOOLS,2016-08,,43987.14
043828,COSHOCTON CITY SCHOOL DISTRICT,2016-08,,39879.57
043836,CUYAHOGA FALLS CITY SCHOOLS,2016-08,,125278.97
043844,DAYTON CITY SCHOOL DISTRICT,2016-08,,344752.73
043851,DEER PARK COMMUNITY CITY,2016-08,,33969.4
043869,DEFIANCE CITY SCHOOLS,2016-08,,66490.67
043877,DELAWARE CITY SCHOOLS,2016-08,,139600.37
043885,DELPHOS CITY SCHOOL DISTRICT,2016-08,,27372.31
043893,DOVER CITY SCHOOL DISTRICT,2016-08,,73693.73
043901,EAST CLEVELAND CITY SCHOOL,2016-08,,58236.97
043919,EAST LIVERPOOL CITY SCHOOLS,2016-08,,51651.65
043927,EAST PALESTINE CITY SCHOOL,2016-08,,29286.05
043935,EATON CITY SCHOOLS,2016-08,,55992.99
043943,ELYRIA CITY SCHOOL DISTRICT,2016-08,,157063.36
043950,EUCLID BOARD OF EDUCATION,2016-08,,135687.75
043968,FAIRBORN CITY SCHOOLS,2016-08,,106868.81
043976,FAIRVIEW PARK CITY SCHOOL DIST,2016-08,,46584.4
043984,FINDLAY CITY SCHOOLS,2016-08,,139049.57
043992,FOSTORIA CITY SCHOOLS,2016-08,,46241.45
044008,FRANKLIN CITY SCHOOLS,2016-08,,78172.45
044016,FREMONT CITY BOARD OF EDU,2016-08,,106721.46
044024,GALION CITY SCHOOL DISTRICT,2016-08,,48549.32
044032,GALLIPOLIS CITY SCHOOLS,2016-08,,55244.53
044040,GARFIELD HEIGHTS CITY SCHOOL,2016-08,,93246.48
044057,GENEVA AREA CITY SCHOOL DIST,2016-08,,67121.57
044065,GIRARD CITY SCHOOL DISTRICT,2016-08,,44451.09
044073,GRANDVIEW HEIGHTS CITY SCHOOL,2016-08,,27683.48
044081,WINTONWOODS CITY SCHOOL,2016-08,,95151.24
044099,GREENVILLE CITY SCHOOL,2016-08,,67729.5
044107,HAMILTON BOARD OF EDUCATION,2016-08,,256600.74
044115,HEATH CITY SCHOOL DISTRICT,2016-08,,44999.03
044123,HILLSBORO CITY BOARD OF EDU,2016-08,,64095.14
044131,HURON CITY SCHOOL DISTRICT,2016-08,,35742.34
044149,IRONTON CITY BOARD OF,2016-08,,37157.57
044156,JACKSON CITY SCHOOL DISTRICT,2016-08,,64706.41
044164,KENT CITY BOARD OF EDUCATION,2016-08,,81055.01
044172,KENTON CITY SCHOOLS,2016-08,,50227.83
044180,KETTERING CITY SCHOOL,2016-08,,196534.55
044198,LAKEWOOD CITY SCHOOL DISTRICT,2016-08,,131156.18
044206,LANCASTER CITY SCHOOLS,2016-08,,161416.04
044214,LEBANON CITY SCHOOL DISTRICT,2016-08,,145729.9
044222,LIMA CITY BOARD OF EDU,2016-08,,94702.69
044230,LOCKLAND CITY SCHOOLS,2016-08,,13955.42
044248,LOGAN HOCKING LOCAL SCHOOLS,2016-08,,100599.55
044255,LONDON CITY SCHOOL DISTRICT,2016-08,,52404.5
044263,LORAIN CITY SCHOOLS,2016-08,,167795.76
044271,LOVELAND CITY SCHOOL DISTRICT,2016-08,,120574.24
044289,MADEIRA CITY SCHOOLS,2016-08,,38422.71
044297,MANSFIELD BOARD OF EDUCATION,2016-08,,86728.46
044305,MAPLE HEIGHTS BOARD OF,2016-08,,89439.97
044313,MARIEMONT CITY SCHOOL DISTRICT,2016-08,,45725.59
044321,MARIETTA CITY SCHOOL DISTRICT,2016-08,,73084.42
044339,MARION CITY SCHOOLS,2016-08,,106200.67
044347,MARTINS FERRY CITY SCHOOL,2016-08,,35745.4
044354,MASSILLON CITY SCHOOL DISTRICT,2016-08,,102684.63
044362,MAUMEE CITY SCHOOL DISTRICT,2016-08,,64377.63
044370,MAYFIELD CITY SCHOOL DISTRICT,2016-08,,101611.35
044388,MEDINA CITY SCHOOLS,2016-08,,179200.91
044396,MIAMISBURG CITY SCHOOLS,2016-08,,138735.63
044404,MIDDLETOWN CITY SCH DIST.,2016-08,,161751.3
044412,MOUNT HEALTHY CITY SCH DIST.,2016-08,,89791.08
044420,MOUNT VERNON CITY SCHOOL,2016-08,,102016.86
044438,NAPOLEON CITY SCHOOL DISTRICT,2016-08,,46711.8
044446,NELSONVILLE YORK CITY SCHOOL,2016-08,,32621.78
044453,NEWARK CITY SCHOOL DISTRICT,2016-08,,158002.39
044461,NEW BOSTON BOARD OF EDUCATION,2016-08,,11790.26
044479,NEW LEXINGTON CITY SCHOOLS,2016-08,,45897.67
044487,NEW PHILADELPHIA CITY SCHOOLS,2016-08,,78368.39
044495,NILES CITY SCHOOLS,2016-08,,63068.77
044503,NORTH CANTON CITY SCHOOLS,2016-08,,113531.4
044511,NORTH COLLEGE HILL CITY SCH,2016-08,,43393.84
044529,NORTH OLMSTED CITY SCHOOL,2016-08,,98011.08
044537,NORTH RIDGEVILLE CITY SCH DIST,2016-08,,108307.97
044545,NORTH ROYALTON CITY SCHOOL,2016-08,,111968.27
044552,NORTON CITY SCHOOLS,2016-08,,63308.76
044560,NORWALK BOARD OF EDUCATION,2016-08,,74507.27
044578,NORWOOD CITY SCHOOL DISTRICT,2016-08,,51316.58
044586,OAKWOOD CITY SCHOOLS,2016-08,,54063.62
044594,OBERLIN CITY SCHOOL DISTRICT,2016-08,,25685.27
044602,OREGON CITY SCHOOLS,2016-08,,96100.72
044610,ORRVILLE CITY SCHOOL DISTRICT,2016-08,,41526.33
044628,PAINESVILLE CITY LOCAL SCHOOLS,2016-08,,77589.25
044636,PARMA CITY SCHOOL DISTRICT,2016-08,,278405.86
044644,PIQUA CITY SCHOOL DISTRICT,2016-08,,90761.71
044651,PORT CLINTON CITY SCHOOLS,2016-08,,46568.24
044669,PORTSMOUTH CITY SCHOOL,2016-08,,47083.14
044677,PRINCETON CITY SCHOOL DISTRICT,2016-08,,145931.1
044685,RAVENNA CITY SCHOOL DISTRICT,2016-08,,64161.89
044693,READING BOARD OF EDUCATION,2016-08,,43756.32
044701,ROCKY RIVER CITY SCHOOL,2016-08,,70666.38
044719,ST BERNARD ELMWOOD PLACE CITY,2016-08,,25761.86
044727,ST MARYS CITY BOARD OF,2016-08,,54049.14
044735,SALEM CITY SCHOOL DISTRICT,2016-08,,54401.42
044743,SANDUSKY BOARD OF EDUCATION,2016-08,,81596.5
044750,SHAKER HEIGHTS BOARD OF,2016-08,,135014.48
044768,SHEFFIELD SHEFFLD LAKE CITY,2016-08,,44509.05
044776,SHELBY CITY BOARD OF EDU,2016-08,,50549.5
044784,SIDNEY CITY SCHOOL DISTRICT,2016-08,,88702.04
044792,SOUTH EUCLID LYNDHURST CITY,2016-08,,91382.06
044800,SOUTH-WESTERN CITY SCHOOLS,2016-08,,554498.45
044818,SPRINGFIELD CITY SCHOOLS,2016-08,,197898.97
044826,STEUBENVILLE CITY SCHOOL,2016-08,,58929.76
044834,STOW-MUNROE FALLS CITY,2016-08,,133191.2
044842,STRONGSVILLE CITY SCHOOLS,2016-08,,140193.39
044859,STRUTHERS CITY SCHOOL DISTRICT,2016-08,,49457.39
044867,SYCAMORE COMMUNITY SCHOOL DIST,2016-08,,136991.65
044875,SYLVANIA CITY SCHOOL DISTRICT,2016-08,,192951.04
044883,TALLMADGE CITY SCHOOL DISTRICT,2016-08,,61496.7
044891,TIFFIN CITY SCHOOLS,2016-08,,68830.42
044909,TOLEDO PUBLIC SCHOOLS,2016-08,,563459.07
044917,TORONTO CITY SCHOOL DISTRICT,2016-08,,22727.09
044925,TROY CITY SCHOOLS,2016-08,,116667.54
044933,UPPER ARLINGTON CITY SCHOOLS,2016-08,,154771.12
044941,URBANA CITY SCHOOLS,2016-08,,52698.56
044958,VANDALIA-BUTLER CITY SCHOOLS,2016-08,,77557.88
044966,VAN WERT CITY SCHOOLS,2016-08,,51006.18
044974,WADSWORTH CITY SCHOOLS,2016-08,,121775.67
044982,WAPAKONETA CITY SCHOOL,2016-08,,81354.59
044990,WARREN CITY SCHOOL DISTRICT,2016-08,,123468.11
045005,WARRENSVILLE HEIGHTS CITY,2016-08,,39282.12
045013,WASHINGTON COURTHOUSE CITY,2016-08,,57066.72
045021,WELLSTON CITY SCHOOLS,2016-08,,38010.64
045039,WELLSVILLE LOCAL SCHOOL,2016-08,,20137.14
045047,WESTERVILLE CITY SCHOOL,2016-08,,381620.16
045054,WEST CARROLLTON CITY SCHOOL,2016-08,,97578.86
045062,WESTLAKE CITY SCHOOL DISTRICT,2016-08,,95887.72
045070,WHITEHALL CITY SCHOOL DISTRICT,2016-08,,87491.72
045088,WICKLIFFE CITY SCHOOL DISTRICT,2016-08,,36229.06
045096,WILLARD CITY SCHOOL DISTRICT,2016-08,,40829.25
045104,WILLOUGHBY-EASTLAKE CITY,2016-08,,208537.08
045112,WILMINGTON CITY SCHOOLS,2016-08,,76251.68
045120,WOOSTER CITY SCHOOL DISTRICT,2016-08,,95284.6
045138,WORTHINGTON BOARD OF EDUCATION,2016-08,,254822.8
045146,WYOMING CITY SCHOOLS,2016-08,,50073.8
045153,XENIA COMMUNITY SCHOOLS,2016-08,,114037.75
045161,YOUNGSTOWN CITY SCHOOLS,2016-08,,129828.23
045179,ZANESVILLE CITY SCHOOLS,2016-08,,85140.84
045187,ADA EXEMPTED VILLAGE SCHOOLS,2016-08,,22559.87
045195,AMHERST EXEMPTED VILLAGE,2016-08,,97588.5
045203,BARNESVILLE EXEMPTED VILLAGE,2016-08,,34994.76
045211,BLUFFTON EXEMPTED VILLAGE,2016-08,,30701.49
045229,BRADFORD EXEMPTED VILLAGE,2016-08,,14242.84
045237,BRIDGEPORT EXEMPTED VILLAGE,2016-08,,19664.63
045245,HARRISON HILLS CITY SCHOOL,2016-08,,43554.81
045252,CALDWELL EXEMPTED VILLAGE,2016-08,,22634.86
045260,CAREY EXEMPT VILLAGE SCHOOL,2016-08,,21893.84
045278,CARROLLTON EXEMPTED VILLAGE,2016-08,,57469.49
045286,CHAGRIN FALLS EXEMPTED VILLAGE,2016-08,,51692.71
045294,CHESAPEAKE UNION EXEMPTED,2016-08,,37300.08
045302,CLYDE GREEN SPRINGS EXEMPTED,2016-08,,59269.73
045310,COLDWATER EXEMPTED VILLAGE,2016-08,,35869.36
045328,COLUMBIANA EXEMPTED VILLAGE,2016-08,,27329.1
045336,COVINGTON EXEMPTED VILLAGE,2016-08,,22183.13
045344,CRESTLINE EXEMPTED VILLAGE,2016-08,,16225.45
045351,CROOKSVILLE EXEMPTED VILLAGE,2016-08,,27118.14
045369,FAIRPORT HARBOR EXEMPTED,2016-08,,17259.34
045377,GEORGETOWN EXEMPTED VILLAGE,2016-08,,27470.43
045385,GIBSONBURG EXEMPTED VILLAGE,2016-08,,24303.84
045393,GRANVILLE EXEMPTED VILLAGE,2016-08,,64425.13
045401,GREENFIELD EXEMPTED VILLAGE,2016-08,,51080.42
045419,HICKSVILLE EXEMPTED VILLAGE,2016-08,,24275.2
045427,HUBBARD SCHOOL DISTRICT,2016-08,,51869.03
045435,INDIAN HILL EXEMPTED VILLAGE,2016-08,,51264.8
045443,LEETONIA EXEMPTED VILLAGE,2016-08,,18818.38
045450,LISBON EXEMPTED VILLAGE,2016-08,,23428.54
045468,LOUDONVILLE PERRYSVILLE,2016-08,,31402.61
045476,MARYSVILLE EXEMPTED VILLAGE,2016-08,,136847.65
045484,MECHANICSBURG EXEMPTED VILLAGE,2016-08,,23073.47
045492,MENTOR EXEMPTED VILLAGE,2016-08,,198988.13
045500,MILFORD EXEMPTED VILLAGE,2016-08,,171780.57
045518,MILTON-UNION EXEMPTED VILLAGE,2016-08,,38689.78
045526,MONTPELIER EXEMPTED VILLAGE,2016-08,,25659.39
045534,MOUNT GILEAD EXEMPTED,2016-08,,32792.57
045542,NEWCOMERSTOWN EXEMPTED VILLAGE,2016-08,,26655.01
045559,NEW RICHMOND EXEMPTED,2016-08,,63511.98
045567,NEWTON FALLS EXEMPTED VILLAGE,2016-08,,30325.13
045575,PAULDING EXEMPTED VILLAGE SCH,2016-08,,37450.72
045583,PERRYSBURG EXEMPTED VILLAGE,2016-08,,130397.51
045591,RITTMAN EXEMPTED VILLAGE,2016-08,,28306.95
045609,ROSSFORD EXEMPTED VILLAGE,2016-08,,41606.92
045617,TIPP CITY EXEMPTED VILLAGE,2016-08,,65767.03
045625,UPPER SANDUSKY E V SCHOOLS,2016-08,,43212.05
045633,VERSAILLES EXEMPTED VILLAGE,2016-08,,35332.47
045641,WAUSEON EXEMPTED VILLAGE,2016-08,,47684.99
045658,WELLINGTON EXEMPTED VILLAGE,2016-08,,30094.03
045666,WINDHAM EXEMPTED VILLAGE,2016-08,,14366.3
045674,YELLOW SPRINGS EXEMPTED,2016-08,,17822.98
045757,ALLEN EAST LOCAL SCHOOL,2016-08,,28985.96
045765,BATH LOCAL SCHOOL DISTRICT,2016-08,,48234.48
045773,ELIDA BOARD OF EDUCATION,2016-08,,65533.55
045781,PERRY LOCAL SCHOOL DISTRICT,2016-08,,22650.73
045799,SHAWNEE LOCAL SCHOOL DISTRICT,2016-08,,67120.65
045807,SPENCERVILLE LOCAL SCHOOL,2016-08,,26027.88
045823,HILLSDALE SCHOOLS,2016-08,,22991.96
045831,MAPLETON LOCAL SCHOOL DISTRICT,2016-08,,24089.18
045856,BUCKEYE LOCAL SCHOOL DISTRICT,2016-08,,46958.55
045864,GRAND VALLEY LOCAL SCHOOL,2016-08,,32723.36
045872,JEFFERSON AREA LOCAL SCHOOL,2016-08,,45933.47
045880,PYMATUNING VALLEY LOCAL,2016-08,,32905.7
045906,ALEXANDER LOCAL SCHOOL,2016-08,,41245.85
045914,FEDERAL HOCKING LOCAL SCHOOL,2016-08,,27215.27
045922,TRIMBLE LOCAL SCHOOL DISTRICT,2016-08,,21832.13
045948,MINSTER LOCAL SCHOOL DISTRICT,2016-08,,22578.49
045955,NEW BREMEN LOCAL SCHOOL,2016-08,,20167.8
045963,NEW KNOXVILLE LOCAL SCHOOL,2016-08,,10836.66
045971,WAYNESFIELD-GOSHEN LOCAL,2016-08,,13702.72
045997,ST CLAIRSVILLE RICHLAND CITY,2016-08,,44286.19
046003,SHADYSIDE LOCAL BOARD OF EDU,2016-08,,21231.07
046011,UNION LOCAL SCHOOL DISTRICT,2016-08,,39787.67
046037,EASTERN LOCAL SCHOOL DISTRICT,2016-08,,35491.83
046045,FAYETTEVILLE-PERRY LOCAL,2016-08,,23440.6
046060,WESTERN BROWN LOCAL SCHOOL,2016-08,,84860.62
046078,RIPLEY UNION LEWIS HUNTINGTON,2016-08,,24022.39
046094,EDGEWOOD CITY SCHOOL DISTRICT,2016-08,,95786.91
046102,FAIRFIELD CITY SCHOOL DISTRICT,2016-08,,256727.34
046110,LAKOTA LOCAL SCHOOL DISTRICT,2016-08,,426043.46
046128,MADISON LOCAL SCHOOL DISTRICT,2016-08,,40210.6
046136,NEW MIAMI LOCAL SCHOOL,2016-08,,17721.62
046144,ROSS LOCAL SCHOOL DISTRICT,2016-08,,72155.9
046151,TALAWANDA CITY SCHOOL DISTRICT,2016-08,,79027.65
046177,BROWN LOCAL SCHOOL DISTRICT,2016-08,,17058.34
046193,GRAHAM LOCAL SCHOOL DISTRICT,2016-08,,51710.33
046201,TRIAD LOCAL SCHOOLS,2016-08,,23385.86
046219,WEST LIBERTY SALEM LOCAL,2016-08,,31458.38
046235,GREENON LOCAL SCHOOLS,2016-08,,42601.64
046243,TECUMSEH LOCAL SCHOOL DISTRICT,2016-08,,81550.75
046250,NORTHEASTERN LOCAL SCHOOL,2016-08,,89014.06
046268,NORTHWESTERN LOCAL SCHOOL,2016-08,,45790.59
046276,SOUTHEASTERN LOCAL SCHOOL,2016-08,,19772.93
046284,CLARK-SHAWNEE LOCAL SCHOOL,2016-08,,53329.32
046300,BATAVIA LOCAL SCHOOL DISTRICT,2016-08,,58582.3
046318,BETHEL-TATE LOCAL SCHOOLS,2016-08,,43742.47
046326,CLERMONT NORTHEASTERN SCHOOL,2016-08,,38838.01
046334,FELICITY-FRANKLIN LOCAL,2016-08,,23893.61
046342,GOSHEN LOCAL SCHOOLS,2016-08,,70247.87
046359,WEST CLERMONT LOCAL SCH DIST.,2016-08,,212433.77
046367,WILLIAMSBURG LOCAL SCHOOL,2016-08,,26241.14
046383,BLANCHESTER LOCAL SCHOOL,2016-08,,43899.07
046391,CLINTON-MASSIE LOCAL SCHOOL,2016-08,,47200.89
046409,EAST CLINTON LOCAL SCHOOL,2016-08,,36227.32
046425,BEAVER LOCAL SCHOOL DISTRICT,2016-08,,48386.16
046433,CRESTVIEW LOCAL SCHOOL,2016-08,,34264.05
046441,SOUTHERN LOCAL SCHOOL DISTRICT,2016-08,,22599.55
046458,UNITED LOCAL SCHOOL DISTRICT,2016-08,,30947.84
046474,RIDGEWOOD LOCAL BOARD OF,2016-08,,34950.45
046482,RIVER VIEW LOCAL SCHOOL,2016-08,,53367.76
046508,BUCKEYE CENTRAL LOCAL SCHOOL,2016-08,,18600.35
046516,COLONEL CRAWFORD LOCAL SCHOOLS,2016-08,,23495.68
046524,WYNFORD LOCAL SCHOOL DISTRICT,2016-08,,29379.69
046557,CUYAHOGA HEIGHTS LOCAL SCHOOL,2016-08,,20249.6
046565,INDEPENDENCE LOCAL SCHOOLS,2016-08,,26775.02
046573,OLMSTED FALLS BOARD OF,2016-08,,94437.39
046581,ORANGE CITY SCHOOL DISTRICT,2016-08,,53033.29
046599,RICHMOND HEIGHTS LOCAL SCHOOL,2016-08,,19550.43
046607,SOLON BOARD OF EDUCATION,2016-08,,120487.6
046623,ANSONIA LOCAL SCHOOL DISTRICT,2016-08,,18952.31
046631,ARCANUM BUTLER LOCAL SCHOOL,2016-08,,27759.48
046649,FRANKLIN MONROE LOCAL SCHOOL,2016-08,,18355.24
046672,MISSISSINAWA VALLEY LOCAL,2016-08,,16055.56
046680,TRI-VILLAGE LOCAL SCHOOL DIST,2016-08,,20475.83
046706,AYERSVILLE LOCAL SCH DIST.,2016-08,,20461.02
046714,CENTRAL LOCAL SCHOOL DISTRICT,2016-08,,28405.51
046722,NORTHEASTERN LOCAL SCHOOL,2016-08,,30196.78
046748,BIG WALNUT LOCAL SCHOOLS,2016-08,,88248.75
046755,BUCKEYE VALLEY LOCAL SCHOOL,2016-08,,57813.58
046763,OLENTANGY LOCAL SCHOOLS,2016-08,,509820.99
046789,EDISON LOCAL SCHOOLS,2016-08,,37903.31
046797,KELLEYS ISLAND SCHOOL,2016-08,,25.99
046805,MARGARETTA LOCAL SCHOOL DIST,2016-08,,29341.64
046813,PERKINS LOCAL SCHOOL DISTRICT,2016-08,,57161.74
046821,VERMILION LOCAL SCH DIST.,2016-08,,50665.12
046847,AMANDA-CLEARCREEK LOCAL SCHOOL,2016-08,,41345.41
046854,BERNE UNION LOCAL SCHOOLS,2016-08,,22475.75
046862,BLOOM CARROLL LOCAL SCHOOL,2016-08,,51321.01
046870,FAIRFIELD UNION LOCAL SCHOOL,2016-08,,52055.37
046888,LIBERTY UNION THURSTON LOCAL,2016-08,,35046.49
046896,PICKERINGTON LOCAL SCHOOL DIST,2016-08,,266029.41
046904,WALNUT TOWNSHIP LOCAL SCHOOL,2016-08,,14517
046920,MIAMI TRACE LOCAL SCH DIST.,2016-08,,67597.37
046946,CANAL WINCHESTER LOCAL SCHOOL,2016-08,,97540.17
046953,HAMILTON LOCAL SCHOOLS,2016-08,,79554.4
046961,GAHANNA-JEFFERSON CITY SCHOOL,2016-08,,191868.02
046979,GROVEPORT MADISON LOCAL,2016-08,,148426.47
046995,NEW ALBANY PLAIN LOCAL SCHOOL,2016-08,,126065.67
047001,REYNOLDSBURG CITY SCHOOLS,2016-08,,181519.41
047019,HILLIARD CITY SCHOOL DISTRICT,2016-08,,411212.41
047027,DUBLIN CITY SCHOOLS,2016-08,,398322.63
047043,ARCHBOLD AREA LOCAL SCHOOLS,2016-08,,33361.74
047050,EVERGREEN LOCAL SCHOOL,2016-08,,30610.04
047068,FAYETTE LOCAL SCHOOL DISTRICT,2016-08,,10764.12
047076,PETTISVILLE LOCAL SCHOOL,2016-08,,12533.27
047084,PIKE DELTA YORK LOCAL SCHOOLS,2016-08,,32759.61
047092,SWANTON LOCAL SCHOOL DISTRICT,2016-08,,35045.71
047167,BERKSHIRE BOARD OF EDUCATION,2016-08,,31824.87
047175,CARDINAL LOCAL SCHOOL DISTRICT,2016-08,,29252.97
047183,CHARDON BOARD OF EDUCATION,2016-08,,75250.73
047191,KENSTON LOCAL SCHOOL DISTRICT,2016-08,,73875.07
047217,NEWBURY BOARD OF EDUCATION,2016-08,,11239.71
047225,WEST GEAUGA LOCAL SCHOOL,2016-08,,51672.51
047241,BEAVERCREEK CITY SCHOOLS,2016-08,,198904.21
047258,CEDARCLIFF LOCAL BOARD OF,2016-08,,16266.29
047266,GREENEVIEW LOCAL SCHOOL,2016-08,,35938.77
047274,SUGARCREEK LOCAL SCHOOL,2016-08,,69537.41
047308,ROLLING HILLS LOCAL SCHOOL,2016-08,,45306.17
047332,FINNEYTOWN LOCAL SCHOOL,2016-08,,37982.56
047340,FOREST HILLS LOCAL SCHOOL,2016-08,,189783.52
047365,NORTHWEST LOCAL SCHOOL,2016-08,,230096.3
047373,OAK HILLS LOCAL SCHOOL DISTICT,2016-08,,200709.46
047381,SOUTHWEST LOCAL SCHOOL DIST,2016-08,,98854.84
047399,THREE RIVERS LOCAL SCHOOL DIST,2016-08,,52145.1
047415,ARCADIA LOCAL SCHOOL DISTRICT,2016-08,,15560.84
047423,ARLINGTON LOCAL SCHOOL,2016-08,,15426.12
047431,CORY-RAWSON LOCAL SCHOOLS,2016-08,,14544.07
047449,LIBERTY-BENTON LOCAL SCHOOL,2016-08,,35580.49
047456,MCCOMB LOCAL SCHOOL DISTRICT,2016-08,,18023.04
047464,VAN BUREN LOCAL SCHOOL,2016-08,,26204.08
047472,VANLUE LOCAL SCHOOL DISTRICT,2016-08,,6135.77
047498,HARDIN NORTHERN LOCAL SCHOOL,2016-08,,11539.01
047506,RIDGEMONT LOCAL SCHOOL,2016-08,,13032.14
047514,RIVERDALE LOCAL SCHOOL,2016-08,,26274.64
047522,UPPER SCIOTO VALLEY LOCAL,2016-08,,13692.53
047548,CONOTTON VALLEY LOCAL SCHOOL,2016-08,,10653.77
047571,HOLGATE LOCAL SCHOOL DISTRICT,2016-08,,10962.13
047589,LIBERTY CENTER LOCAL SCHOOL,2016-08,,28453.2
047597,PATRICK HENRY LOCAL SCHOOL,2016-08,,23925.95
047613,BRIGHT LOCAL SCHOOL DISTRICT,2016-08,,17780.86
047621,FAIRFIELD LOCAL SCHOOL,2016-08,,24874.08
047639,LYNCHBURG-CLAY LOCAL SCHOOL,2016-08,,31546.93
047688,EAST HOLMES LOCAL SCHOOL,2016-08,,44975.57
047696,WEST HOLMES LOCAL SCHOOL,2016-08,,60837.1
047712,MONROEVILLE LOCAL SCHOOL,2016-08,,16565.59
047720,NEW LONDON LOCAL SCHOOL,2016-08,,25038.96
047738,SOUTH CENTRAL LOCAL SCHOOL,2016-08,,21195.11
047746,WESTERN RESERVE BD OF EDUC,2016-08,,29125.08
047761,OAK HILL UNION LOCAL SCHOOL,2016-08,,32984.56
047787,BUCKEYE LOCAL SCHOOL DISTRICT,2016-08,,45072.72
047795,EDISON LOCAL SCHOOLS,2016-08,,40502.95
047803,INDIAN CREEK SCHOOL DISTRICT,2016-08,,55860.37
047829,CENTERBURG LOCAL SCHOOL,2016-08,,29090.96
047837,DANVILLE LOCAL SCHOOL DISTRICT,2016-08,,16478.11
047845,EAST KNOX LOCAL SCHOOL,2016-08,,25302.4
047852,FREDERICKTOWN LOCAL SCHOOL,2016-08,,33140.13
047878,KIRTLAND LOCAL BOARD OF,2016-08,,30294.67
047886,MADISON LOCAL SCHOOL DISTRICT,2016-08,,79671.33
047894,RIVERSIDE LOCAL SCH DIST.,2016-08,,110747.47
047902,PERRY LOCAL SCHOOL DISTRICT,2016-08,,44470
047928,DAWSON BRYANT LOCAL SCHOOL,2016-08,,30018.86
047936,FAIRLAND LOCAL SCHOOL DISTRICT,2016-08,,43987.38
047944,ROCK HILL LOCAL SCHOOL,2016-08,,37210.72
047951,SOUTH POINT LOCAL SCHOOLS,2016-08,,41640.32
047969,SYMMES VALLEY LOCAL SCHOOLS,2016-08,,20898.7
047985,JOHNSTOWN MONROE LOCAL SCHOOL,2016-08,,41964.16
047993,LAKEWOOD LOCAL SCHOOL DISTRICT,2016-08,,49122.93
048009,LICKING HEIGHTS LOCAL SCHOOLS,2016-08,,103980.6
048017,LICKING VALLEY LOCAL SCHOOL,2016-08,,51797.48
048025,NORTH FORK LOCAL SCHOOL,2016-08,,43706.59
048033,NORTHRIDGE LOCAL SCHOOL,2016-08,,31409.28
048041,SOUTHWEST LICKING LOCAL SCHOOL,2016-08,,103742.61
048074,BENJAMIN LOGAN LOCAL SCHOOL,2016-08,,45986.36
048082,INDIAN LAKE LOCAL SCHOOL,2016-08,,43499.04
048090,RIVERSIDE LOCAL SCHOOL,2016-08,,18904.6
048116,AVON LOCAL SCHOOL DISTRICT,2016-08,,112865.04
048124,AVON LAKE CITY SCHOOLS,2016-08,,97174.21
048132,CLEARVIEW BOARD OF EDUCATION,2016-08,,42890.77
048140,COLUMBIA LOCAL SCHOOL DISTRICT,2016-08,,23304.19
048157,FIRELANDS LOCAL SCHOOL,2016-08,,43631.66
048165,KEYSTONE LOCAL SCHOOLS,2016-08,,41454.6
048173,MIDVIEW LOCAL SCHOOL DISTRICT,2016-08,,79309.51
048207,ANTHONY WAYNE LOCAL SCHOOLS,2016-08,,112015.56
048215,OTTAWA HILLS LOCAL SCHOOL,2016-08,,23480.68
048223,SPRINGFIELD LOCAL SCH DIST.,2016-08,,100712.94
048231,WASHINGTON LOCAL SCHOOL,2016-08,,180018.55
048256,JEFFERSON LOCAL SCHOOL,2016-08,,32494.51
048264,JONATHAN ALDER LOCAL SCHOOL,2016-08,,57625.01
048272,MADISON PLAINS LOCAL SCHOOL,2016-08,,32286.12
048298,AUSTINTOWN LOCAL SCHOOL,2016-08,,132620.85
048306,BOARDMAN LOCAL SCHOOL DISTRICT,2016-08,,111142.68
048314,CANFIELD LOCAL SCHOOL DISTRICT,2016-08,,70599.57
048322,JACKSON-MILTON LOCAL SCHOOL,2016-08,,19875.07
048330,LOWELLVILLE LOCAL SCHOOLS,2016-08,,15463.55
048348,POLAND LOCAL SCHOOL DISTRICT,2016-08,,52186.25
048355,SEBRING LOCAL SCHOOL DISTICT,2016-08,,13332.44
048363,SOUTH RANGE LOCAL SCHOOL,2016-08,,34379.31
048371,SPRINGFIELD LOCAL BOARD OF EDU,2016-08,,28132.91
048389,WEST BRANCH LOCAL SCHOOL,2016-08,,54538.41
048397,WESTERN RESERVE LOCAL SCHOOLS,2016-08,,18296.85
048413,ELGIN LOCAL SCHOOL DISTRICT,2016-08,,27781.47
048421,PLEASANT LOCAL SCHOOL DISTRICT,2016-08,,31461.11
048439,RIDGEDALE LOCAL SCHOOLS,2016-08,,18016.57
048447,RIVER VALLEY LOCAL SCHOOL DIST,2016-08,,51839.42
048462,BLACK RIVER LOCAL SCHOOL,2016-08,,30641.73
048470,BUCKEYE LOCAL SCHOOL DISTRICT,2016-08,,59965.17
048488,CLOVERLEAF LOCAL SCHOOL,2016-08,,63352.82
048496,HIGHLAND LOCAL SCHOOL DISTRICT,2016-08,,81719.33
048512,EASTERN LOCAL SCHOOL DISTRICT,2016-08,,19944.47
048520,MEIGS LOCAL SCHOOL DISTRICT,2016-08,,45908.94
048538,SOUTHERN LOCAL SCHOOL DISTRICT,2016-08,,19162.32
048553,MARION LOCAL BOARD OF,2016-08,,22772.87
048579,PARKWAY SCHOOL BOARD OF EDUC,2016-08,,27457.08
048587,ST HENRY CONSOLIDATED LOCAL,2016-08,,24964.83
048595,FORT RECOVERY LOCAL SCHOOL,2016-08,,24015.78
048611,BETHEL LOCAL SCHOOL DISTRICT,2016-08,,30425.34
048629,MIAMI EAST LOCAL SCHOOLS,2016-08,,34561.06
048637,NEWTON LOCAL SCHOOL DISTRICT,2016-08,,15239.77
048652,SWITZERLAND OF OHIO LOCAL,2016-08,,56785.15
048678,BROOKVILLE LOCAL SCHOOL,2016-08,,39219.34
048686,JEFFERSON TOWNSHIP LOCAL,2016-08,,9096.99
048694,TROTWOOD MADISON CITY SCHOOLS,2016-08,,63912.21
048702,MAD RIVER LOCAL SCHOOL,2016-08,,98175.52
048710,NEW LEBANON LOCAL SCHOOLS,2016-08,,31159.44
048728,NORTHMONT CITY SCHOOLS,2016-08,,133163.89
048736,NORTHRIDGE LOCAL SCHOOL,2016-08,,42582.23
048744,VALLEY VIEW LOCAL SCHOOL,2016-08,,48051.37
048751,HUBER HEIGHTS CITY SCHOOLS,2016-08,,150580.32
048777,MORGAN LOCAL SCHOOL DISTRICT,2016-08,,49169.71
048793,CARDINGTON LINCOLN LOCAL,2016-08,,27805.24
048801,HIGHLAND LOCAL SCHOOL DISTRICT,2016-08,,47485.74
048819,NORTHMOR LOCAL SCHOOLS,2016-08,,28947.4
048835,EAST MUSKINGUM SCHOOL DISTRICT,2016-08,,57828.72
048843,FRANKLIN LOCAL SCHOOL DISTRICT,2016-08,,53486.38
048850,MAYSVILLE LOCAL SCHOOL DIST,2016-08,,59109.85
048876,TRI-VALLEY LOCAL SCHOOLS,2016-08,,83427.05
048884,WEST MUSKINGUM LOCAL SCHOOL,2016-08,,39729.63
048900,NOBLE LOCAL SCHOOL DISTRICT,2016-08,,24128.31
048926,BENTON CARROLL SALEM LOCAL,2016-08,,42181.49
048934,DANBURY LOCAL SCHOOLS,2016-08,,12524.57
048942,GENOA AREA LOCAL SCHOOL,2016-08,,36519.14
048975,PUT-IN-BAY LOCAL SCHOOL,2016-08,,1868.95
048991,ANTWERP LOCAL SCHOOL DISTRICT,2016-08,,17933.77
049031,WAYNE TRACE LOCAL SCHOOL,2016-08,,24964.85
049056,NORTHERN LOCAL SCHOOL DISTRICT,2016-08,,58274.93
049064,SOUTHERN LOCAL SCHOOL DISTRICT,2016-08,,17160.02
049080,LOGAN ELM LOCAL SCHOOL DIST,2016-08,,48691.67
049098,TEAYS VALLEY BOARD OF EDU,2016-08,,103843.81
049106,WESTFALL LOCAL SCHOOL DISTRICT,2016-08,,37362.96
049122,EASTERN LOCAL SCHOOL DISTRICT,2016-08,,23960.77
049130,SCIOTO VALLEY LOCAL SCHOOL,2016-08,,36965.77
049148,WAVERLY CITY SCHOOLS,2016-08,,50831.78
049155,WESTERN LOCAL SCHOOL DISTRICT,2016-08,,20213.05
049171,AURORA BOARD OF EDUCATION,2016-08,,75801.82
049189,CRESTWOOD LOCAL SCHOOLS,2016-08,,47580.39
049197,FIELD LOCAL SCHOOL DISTRICT,2016-08,,56023.54
049205,JAMES A GARFIELD LOCAL SCHOOLS,2016-08,,38830.7
049213,ROOTSTOWN LOCAL SCHOOL,2016-08,,32302.2
049221,SOUTHEAST LOCAL SCHOOLS,2016-08,,43948.29
049239,STREETSBORO CITY SCHOOLS,2016-08,,57419.45
049247,WATERLOO LOCAL BOARD OF EDU,2016-08,,28798.82
049270,NATIONAL TRAIL LOCAL SD,2016-08,,27186.2
049288,PREBLE SHAWNEE LOCAL SCHOOLS,2016-08,,36246.51
049296,TWIN VALLEY COMMUNITY LOCAL,2016-08,,23527.2
049312,COLUMBUS GROVE LOCAL SCHOOL,2016-08,,23764.24
049320,CONTINENTAL LOCAL SCHOOL,2016-08,,12754.98
049338,JENNINGS LOCAL SCHOOL DISTRICT,2016-08,,10072.05
049346,KALIDA LOCAL SCHOOL DISTRICT,2016-08,,16036.23
049353,LEIPSIC LOCAL SCHOOL DISTRICT,2016-08,,17337.81
049361,MILLER CITY-NEW CLEVELAND,2016-08,,12261.47
049379,OTTAWA GLANDORF LOCAL SCHOOL,2016-08,,39257.52
049387,OTTOVILLE LOCAL SCHOOL,2016-08,,11061.7
049395,PANDORA-GILBOA LOCAL BOARD OF,2016-08,,14525.02
049411,CLEARFORK VALLEY LOCAL SCHOOL,2016-08,,43911.88
049429,CRESTVIEW LOCAL SCHOOL,2016-08,,29743.54
049437,LEXINGTON LOCAL SCH DIST.,2016-08,,63270.92
049445,LUCAS LOCAL SCHOOL DISTRICT,2016-08,,15579.02
049452,MADISON LOCAL SCHOOLS,2016-08,,78169.86
049460,PLYMOUTH-SHILOH LOCAL SCHOOLS,2016-08,,20323.94
049478,ONTARIO LOCAL SCHOOLS,2016-08,,51147.53
049494,ADENA LOCAL SCHOOL DISTRICT,2016-08,,31804.92
049502,HUNTINGTON LOCAL SCH DIST.,2016-08,,32643.97
049510,PAINT VALLEY LOCAL SCHOOL,2016-08,,23641.9
049528,SOUTHEASTERN LOCAL SCHOOL,2016-08,,31707.01
049536,UNION-SCIOTO LOCAL SCHOOL,2016-08,,56398.41
049544,ZANE TRACE LOCAL SCHOOL,2016-08,,36060.97
049569,LAKOTA LOCAL SCHOOLS,2016-08,,27921.36
049577,WOODMORE LOCAL SCHOOL DISTRICT,2016-08,,26637.16
049593,BLOOM-VERNON LOCAL SCHOOL,2016-08,,23009.85
049601,CLAY LOCAL SCHOOL DISTRICT,2016-08,,17088.09
049619,GREEN LOCAL SCHOOL DISTRICT,2016-08,,15255.48
049627,MINFORD LOCAL SCHOOL DISTRICT,2016-08,,36124.48
049635,NORTHWEST LOCAL SCHOOL DIST,2016-08,,40206.05
049643,VALLEY LOCAL SCHOOL DISTRICT,2016-08,,27118.71
049650,WASHINGTON NILES LOCAL SCHOOL,2016-08,,39442.03
049668,WHEELERSBURG LOCAL SCHOOL,2016-08,,41369.79
049684,SENECA EAST LOCAL SCHOOL,2016-08,,24615.2
049700,HOPEWELL-LOUDON LOCAL SCHOOL,2016-08,,22326.46
049718,NEW RIEGEL LOCAL SCHOOL,2016-08,,9342.2
049726,OLD FORT LOCAL SCHOOL DISTRICT,2016-08,,15685.36
049759,ANNA LOCAL BOARD OF EDUCAION,2016-08,,32983.09
049767,BOTKINS LOCAL SCHOOL DISTRICT,2016-08,,17500.31
049775,FAIRLAWN LOCAL SCHOOL DISTRICT,2016-08,,16325.16
049783,FORT LORAMIE LOCAL SCHOOL,2016-08,,21479.31
049791,HARDIN-HOUSTON LOCAL SCHOOL,2016-08,,22932.07
049809,JACKSON CENTER LOCAL SCHOOL,2016-08,,13087.62
049817,RUSSIA LOCAL SCHOOL DISTRICT,2016-08,,11168.08
049833,CANTON LOCAL SCHOOL DISTRICT,2016-08,,49097.63
049841,FAIRLESS LOCAL BOARD OF,2016-08,,42453.69
049858,JACKSON LOCAL SCHOOL DISTRICT,2016-08,,156050.98
049866,LAKE LOCAL SCHOOL DISTRICT,2016-08,,89008.57
049874,LOUISVILLE CITY SCHOOLS,2016-08,,77357.31
049882,MARLINGTON LOCAL SCHOOL,2016-08,,60490.62
049890,MINERVA LOCAL SCHOOLS,2016-08,,50938.61
049908,NORTHWEST LOCAL SCHOOL,2016-08,,50435.38
049916,OSNABURG LOCAL SCHOOLS,2016-08,,21175.3
049924,PERRY LOCAL SCHOOL DISTRICT,2016-08,,123003.57
049932,PLAIN LOCAL SCHOOL DISTRICT,2016-08,,155090.91
049940,SANDY VALLEY LOCAL SCHOOL,2016-08,,37662.18
049957,TUSLAW LOCAL SCHOOLS,2016-08,,38692.15
049973,WOODRIDGE LOCAL SCHOOL,2016-08,,51041.49
049981,COPLEY-FAIRLAWN CITY SCHOOLS,2016-08,,76050.83
049999,COVENTRY LOCAL SCHOOL DISTRICT,2016-08,,55535.64
050005,MANCHESTER LOCAL SCHOOL,2016-08,,35591.7
050013,GREEN LOCAL SCHOOLS,2016-08,,106203.35
050021,HUDSON CITY SCHOOL DISTRICT,2016-08,,117936.16
050039,MOGADORE LOCAL SCHOOL DISTRICT,2016-08,,23133.48
050047,NORDONIA HILLS CITY SCHOOLS,2016-08,,94985.59
050054,REVERE LOCAL SCHOOL DISTRICT,2016-08,,68772.14
050062,SPRINGFIELD LOCAL SCH DIST.,2016-08,,59320.65
050070,TWINSBURG BOARD OF EDUCATION,2016-08,,106884.11
050096,BLOOMFIELD-MESPO LOCAL SCHOOL,2016-08,,6608.99
050112,BRISTOL LOCAL SCHOOL DISTRICT,2016-08,,16068.48
050120,BROOKFIELD LOCAL SCHOOL,2016-08,,26772.16
050138,CHAMPION LOCAL SCHOOL DISTRICT,2016-08,,37320.33
050153,MATHEWS LOCAL SCHOOL DISTRICT,2016-08,,19152.59
050161,HOWLAND LOCAL SCHOOL DISTRICT,2016-08,,71375.15
050179,JOSEPH BADGER LOCAL SCHOOL DIS,2016-08,,21433.65
050187,LAKEVIEW LOCAL BOARD,2016-08,,45924.74
050195,LIBERTY LOCAL BOARD OF EDU,2016-08,,30612.56
050203,LORDSTOWN LOCAL SCHOOL,2016-08,,13684.7
050211,MAPLEWOOD LOCAL BOARD OF EDU,2016-08,,20189.5
050229,MCDONALD BOARD OF EDUCATION,2016-08,,20474.35
050237,SOUTHINGTON LOCAL SCHOOL,2016-08,,13813.93
050245,LABRAE LOCAL SCHOOL DISTRICT,2016-08,,32889.11
050252,WEATHERSFIELD LOCAL SCHOOL,2016-08,,25778.59
050278,GARAWAY LOCAL SCHOOLS,2016-08,,32012.91
050286,INDIAN VALLEY LOCAL SCHOOLS,2016-08,,46604.18
050294,STRASBURG-FRANKLIN LOCAL,2016-08,,15851.13
050302,TUSCARAWAS VALLEY LOCAL SCHOOL,2016-08,,36499.2
050328,FAIRBANKS LOCAL SCHOOLS,2016-08,,28015.32
050336,NORTH UNION LOCAL SCHOOL,2016-08,,38938.92
050351,CRESTVIEW LOCAL SCHOOL,2016-08,,22744.13
050369,LINCOLNVIEW LOCAL SCH DIST.,2016-08,,23365.91
050393,VINTON COUNTY LOCAL SCHOOLS,2016-08,,53765.95
050419,CARLISLE LOCAL SCHOOLS,2016-08,,42015.24
050427,SPRINGBORO COMMUNITY SCHOOLS,2016-08,,156011.02
050435,KINGS LOCAL SCHOOL DISTRICT,2016-08,,106318.64
050443,LITTLE MIAMI LOCAL SCHOOL,2016-08,,114113.57
050450,MASON CITY SCHOOL DISTRICT,2016-08,,276337.4
050468,WAYNE LOCAL SCHOOL DISTRICT,2016-08,,39763.09
050484,FORT FRYE LOCAL SCHOOL,2016-08,,26160.26
050492,FRONTIER LOCAL SCHOOL DISTRICT,2016-08,,17285.15
050500,WARREN LOCAL SCHOOLS,2016-08,,57042.78
050518,WOLF CREEK LOCAL SCHOOL BD,2016-08,,16301.13
050534,CHIPPEWA LOCAL SCHOOLS,2016-08,,35806.42
050542,DALTON LOCAL SCHOOL DISTRICT,2016-08,,23372.76
050559,GREEN LOCAL SCHOOL DISTRICT,2016-08,,28359.44
050567,NORTH CENTRAL LOCAL SCHOOLS,2016-08,,36927.47
050575,NORTHWESTERN LOCAL SCH DIST.,2016-08,,36629.93
050583,SOUTHEAST LOCAL SCH DIST.,2016-08,,38783.66
050591,TRIWAY LOCAL SCHOOL DISTRICT,2016-08,,44564.1
050617,EDGERTON LOCAL SCHOOL DISTRICT,2016-08,,16715.41
050625,EDON NORTHWEST LOCAL SCHOOL,2016-08,,13804.6
050633,MILLCREEK WEST UNITY LOCAL,2016-08,,15858.41
050641,NORTH CENTRAL LOCAL SCHOOL,2016-08,,14818.5
050658,STRYKER LOCAL SCHOOL DISTRICT,2016-08,,9722.79
050674,EASTWOOD BOARD OF EDUCATION,2016-08,,38780.23
050682,ELMWOOD LOCAL SCHOOL DISTRICT,2016-08,,30141.96
050690,LAKE LOCAL SCHOOL DISTRICT,2016-08,,42203.7
050708,NORTH BALTIMORE BOARD OF,2016-08,,18106.19
050716,NORTHWOOD LOCAL SCHOOLS,2016-08,,25183.44
050724,OTSEGO LOCAL SCHOOL DISTRICT,2016-08,,39378.13
050740,MOHAWK BOARD OF EDUCATION,2016-08,,24311.44
050773,APOLLO JOINT VOCATIONAL,2016-08,,37262.7
050799,SOUTHERN HILLS JOINT,2016-08,,24615.57
050815,ASHTABULA COUNTY TECHNICAL &,2016-08,,24445.83
050856,BELMONT-HARRISON VOCATIONAL,2016-08,,20432.14
050880,BUTLER TECHNOLOGY & CAREER,2016-08,,269392.93
050906,COLUMBIANA COUNTY JOINT,2016-08,,10056.77
050922,CUYAHOGA VALLEY CAREER CENTER,2016-08,,23333.48
050948,POLARIS JOINT VOCATIONAL,2016-08,,50623.95
050963,FOUR COUNTY JOINT VOCATIONAL,2016-08,,33432.27
050989,DELAWARE AREA CAREER CENTER,2016-08,,32125.74
051003,EASTLAND-FAIRFIELD CAREER &,2016-08,,37871.68
051029,EHOVE JOINT VOCATIONAL SCHOOL,2016-08,,19287.21
051045,GREENE COUNTY JOINT VOCATIONAL,2016-08,,38607.14
051060,GREAT OAKS INSTITUTE OF TECH,2016-08,,221818.64
051128,JEFFERSON COUNTY JOINT,2016-08,,7497.81
051144,KNOX COUNTY CAREER CENTER,2016-08,,15778.17
051169,AUBURN VOCATIONAL SCHOOL DIST,2016-08,,15428.76
051185,LAWRENCE COUNTY JOINT,2016-08,,37029.22
051201,LICKING CNTY JOINT VOCATIONAL,2016-08,,36669.11
051227,LORAIN COUNTY JOINT,2016-08,,36589.05
051243,MAHONING COUNTY CAREER &,2016-08,,17929.37
051284,MIAMI VALLEY CAREER TECHNOLOGY,2016-08,,74398.31
051300,MIDEAST CAREER & TECHNOLOGY,2016-08,,24714.34
051334,OHIO HI POINT JOINT VOCATIONAL,2016-08,,68132.35
051359,PENTA COUNTY VOCATIONAL SCHOOL,2016-08,,100987.96
051375,PIKE COUNTY JOINT VOCATIONAL,2016-08,,10651.08
051391,MAPLEWOOD CAREER CENTER,2016-08,,14364.84
051417,PIONEER CAREER & TECHNOLOGY,2016-08,,54544.74
051433,PICKAWAY-ROSS COUNTY JOINT,2016-08,,65822.52
051458,VANGUARD SENTINEL CAREER CNTRS,2016-08,,40829.25
051474,WARREN COUNTY VOCATIONAL,2016-08,,54991.28
051490,SCIOTO COUNTY CAREER TECH CNTR,2016-08,,32101.46
051532,SPRINGFIELD-CLARK CAREER,2016-08,,23996.46
051607,TRI-COUNTY JOINT VOCATIONAL,2016-08,,10176.1
051631,TRUMBULL COUNTY JOINT,2016-08,,26851.49
051656,BUCKEYE JOINT VOCATIONAL,2016-08,,26338.79
051672,VANTAGE CAREER CENTER,2016-08,,17745.43
051698,WASHINGTON COUNTY JOINT,2016-08,,10782.75
051714,WAYNE CNTY JOINT VOCATIONAL SC,2016-08,,18516.97
061903,ADAMS CNTY-OH VALLEY SCHL DIST,2016-08,,100219.57
062026,STARK COUNTY AREA JOINT,2016-08,,17943.87
062042,ASHLAND CO WEST HOLMES JOINT,2016-08,,7833.5
062067,GALLIA JACKSON VINTON JOINT,2016-08,,39187.29
062109,MEDINA COUNTY CAREER CENTER,2016-08,,26826.87
062125,UPPER VALLEY JOINT VOCATIONAL,2016-08,,71931.49
062802,US GRANT JOINT VOCATIONAL,2016-08,,15468.05
063495,PORTAGE LAKES JOINT VOCATIONAL,2016-08,,14247.42
063511,TOLLES CAREER & TECH CENTER,2016-08,,39928.92
064964,COLLEGE CORNER LOCAL SCHOOL,2016-08,,2450.38
065227,COSHOCTON COUNTY JOINT,2016-08,,7027.18
065268,TRI-RIVERS JOINT VOCATIONAL,2016-08,,9757.16
065680,GALLIA COUNTY LOCAL SCHOOL,2016-08,,58411.04
069682,EAST GUERNSEY LOCAL SCHOOL,2016-08,,26992.93
091397,TRI-COUNTY NORTH LOCAL SCHOOL,2016-08,,24872.11
132746,SUMMIT ACADEMY COMMUNITY SCH,2016-08,,2332.63
132761,SUMMIT ACAD COMMU SCHL FOR,2016-08,,4203.99
132779,SUMMIT ACADEMY AKRON MIDDLE,2016-08,,1113.99
132795,LIFE SKILLS CENTER OF CLARK,2016-08,,4173.19
132803,LIFE SKILLS CENTER OF BUTLER,2016-08,,6892.23
132944,MIAMI VALLEY ACADEMIES,2016-08,,4380.11
132951,CONSTELLATN SCHLS LORAIN COMMU,2016-08,,5515.08
132969,CONSTELLATN SCHLS ELYRIA COMMU,2016-08,,13153.34
132985,YOUTH BUILD COLUMBUS,2016-08,,4324.73
132993,CONSTELLATN SCHLS W.PARK COMM,2016-08,,8182.69
133215,INTERGENERATIONAL SCHOOL,2016-08,,6370.07
133256,CONSTELLTN SCHLS PARMA COMMU,2016-08,,32472.07
133264,DOHN COMMUNITY HIGH SCHOOL,2016-08,,10045.83
133280,WASHINGTON PARK COMMUNITY,2016-08,,5360.18
133306,SUMMIT ACAD COMMU SCHL FOR,2016-08,,4126.46
133322,SUMMIT ACAD COMMU SCHL  FOR,2016-08,,3469.63
133330,TCP WORLD ACADEMY,2016-08,,13515.37
133348,RICHARD ALLEN PREPARATORY,2016-08,,3343.34
133389,LIGHTHOUSE COMMUNITY SCHOOL,2016-08,,1346.35
133413,ELECTRONIC CLASSROOM OF,2016-08,,442291.57
133421,GRAHAM SCHOOL,2016-08,,6629.64
133439,CORNERSTONE ACADEMY,2016-08,,16626.1
133454,DAYTON VIEW ACADEMY,2016-08,,5572.23
133488,EDUCATIONAL DEVELOPMENT CENTER,2016-08,,3550.72
133504,PHOENIX COMMUNITY LEARNING,2016-08,,9735.13
133512,LKH VICTORY CORP,2016-08,,25063
133520,CITIZENS ACADEMY,2016-08,,11290.11
133538,EDGE LEARNING INC,2016-08,,6682.91
133561,MILLENNIUM COMMUNITY SCHOOL,2016-08,,13777
133587,SUMMIT ACAD AKRON ELEMENT SCH,2016-08,,3678.45
133629,HORIZON SCIENCE ADADEMY -,2016-08,,11678.96
133660,HORIZON EDUCATIONAL SERVICES,2016-08,,12145.52
133678,RIVERSIDE COMMUNITY SCHOOL INC,2016-08,,6938.87
133736,RICHARD ALLEN ACADEMY INC,2016-08,,1995.64
133785,LIFE SKILLS CENTER OF,2016-08,,3728.37
133801,LIFE SKILLS CENTER OF,2016-08,,1636.81
133819,HOPE ACAD LINCOLN PARK CAMPUS,2016-08,,5411.97
133835,LIFE SKILLS CENTER OF,2016-08,,8907.76
133868,LIFE SKILLS CENTER OF AKRON,2016-08,,7019.75
133942,TOLEDO SCHOOL FOR THE ARTS,2016-08,,17263.12
133959,DAYTON LEADERSHIP ACAD.-DAYTON,2016-08,,3084.17
134072,YOUNGSTOWN COMMUNITY SCHL INC,2016-08,,8810.33
134098,CONSTELLATN SCHLS OLD BROOKLYN,2016-08,,8545.26
134122,MULTIPLE OPTNS FOR DEVELOPMENT,2016-08,,2773.43
134148,AURORA ACADEMY,2016-08,,4587.29
134197,HOPE ACADEMY CHAPELSIDE CAMPUS,2016-08,,5411.97
134213,HOPE ACADEMY UNIVERSITY,2016-08,,6320.29
134221,HOPE ACADEMY BROWN ST CAMPUS,2016-08,,5102.86
134247,CITY DAY COMMUNITY SCHOOL INC,2016-08,,3421.04
139303,MONROE LOCAL SCHOOL DISTRICT,2016-08,,69177.31
142901,LIFE SKILLS CENTER OF CANTON,2016-08,,2569.06
142919,LIFE SKILLS CENTER OF ELYRIA,2016-08,,3288.34
142927,FOCUS LEARNING ACADEMY OF,2016-08,,6292.9
142935,FOCUS LEARNING ACADEMY OF,2016-08,,5515.98
142943,FOCUS LEARNING ACADEMY OF,2016-08,,10047.94
142950,OHIO VIRTUAL ACADEMY INC,2016-08,,241596.18
142968,HOPE ACAD NORTHCOAST ACAD,2016-08,,7431.75
143115,MOUND STREET IT ACADEMY,2016-08,,1270.18
143123,MOUND STREET MILITARY ACADEMY,2016-08,,855.27
143131,MOUND STREET HEALTH CAREER,2016-08,,1347.7
143172,INTERNATIONAL ACADEMY OF,2016-08,,6059.82
143198,GREAT WESTERN ACADEMY,2016-08,,18464.29
143206,TROTWOOD FITNESS &,2016-08,,8682.32
143214,MIDDLETOWN FITNESS &,2016-08,,5959.18
143297,AUTISM ACADEMY OF LEARNING,2016-08,,1425.43
143305,TRECA DIGITAL ACADEMY,2016-08,,50256.67
143313,HOPE ACADEMY CUYAHOGA CAMPUS,2016-08,,6447.75
143396,OHIO DISTANCE EDUCATION &,2016-08,,43596.75
143479,CONSTELLATION SCHOOLS PURITAS,2016-08,,5308.39
143487,CONSTELLATION SCHLS STOCKYARD,2016-08,,6939.75
143529,NORTH DAYTON SCHOOL OF SCIENCE,2016-08,,15450.02
143537,VIRTUAL COMMUNITY SCHOOL,2016-08,,23338.56
143552,EAGLE ACADEMY,2016-08,,5157.46
143560,RICHARD ALLEN ACADEMY II,2016-08,,7775.26
143578,RICHARD ALLEN ACADEMY III,2016-08,,4223.11
143602,HAMILTON COUNTY MATHEMATICS &,2016-08,,15923.69
143610,ARTS & COLLEGE PREPARATORY,2016-08,,9919.03
143644,SCIOTOVILLE COMMUNITY SCHOOL,2016-08,,7245.56
147231,SCHNEE LEARNING CENTER,2016-08,,2978.82
148916,MARION CITY DIGITAL ACADEMY,2016-08,,4457.47
148932,FRANKLIN LOCAL COMMU SCHOOL,2016-08,,1950.59
148981,TOMORROW CENTER,2016-08,,3326.69
148999,MAHONING UNLIMITED CLASSROOM,2016-08,,5093.35
149047,GOAL DIGITAL ACADEMY,2016-08,,12012.63
149054,AKRON DIGITAL ACADEMY,2016-08,,10102.26
149062,URBANA COMMUNITY SCHOOL,2016-08,,1299.33
149088,FAIRBORN DIGITAL ACADEMY,2016-08,,5215.21
149302,LIFE SKILLS CENTER OF TOLEDO,2016-08,,1477.26
149328,FOXFIRE HIGH SCHOOL,2016-08,,6244.51
149336,SOUTHWEST LICKING DIGITAL,2016-08,,829.95
149427,MASSILLON DIGITAL ACADEMY,2016-08,,1712.66
151027,LONDON ACADEMY,2016-08,,6329.94
151035,PLEASANT COMMUNITY DIGITAL,2016-08,,2747.55
151142,LORAIN HIGH SCHOOL DIGITAL,2016-08,,1941.93
151167,RIDGEDALE COMMUNITY SCHOOL,2016-08,,751.54
151175,WEST CENTRAL LEARNING ACADEMY,2016-08,,2857.19
151183,LIFE SKILLS CNTR OF LAKE ERIE,2016-08,,7354.06
151191,LIFE SKILLS CENTER OF SUMMIT,2016-08,,1890.32
151209,LIFE SKILLS CENTER OF,2016-08,,2615.36
151233,LAKEWOOD DIGITAL ACADEMY,2016-08,,1037.67
000125,POLLY FOX ACADEMY,2017-01,,1526.13
000130,PHOENIX ACADEMY,2017-01,,9586.18
000131,GLASS CITY ACADEMY INC,2017-01,,5579.93
000138,PATHWAY SCHOOL OF DISCOVERY,2017-01,,18709.55
000139,ALLIANCE ACADEMY,2017-01,,12142.84
000162,NEWARK DIGITAL ACADEMY,2017-01,,9587.88
000197,HAMILTON ALTERNATIVE ACADEMY,2017-01,,571.59
000222,WILDWOOD ENVIRONMENTAL ACADEMY,2017-01,,8274.81
000236,OHIO CONNECTIONS ACADEMY INC,2017-01,,83596.09
000241,QUAKER DIGITAL ACADEMY,2017-01,,17083.63
000282,GREATER OHIO VIRTUAL SCHOOL,2017-01,,11185.49
000288,AUGLAIZE COUNTY EDUCATIONAL,2017-01,,1507.01
000296,SUMMIT ACAD. COMM. SCHOOL,2017-01,,1071.74
000297,SUMMIT ACAD. COMM. SCHOOL DAY,2017-01,,3360.26
000298,SUMMIT ACADEMY SECONDARY,2017-01,,1715.39
000300,SUMMIT ACAD. SEC. SCHOOL,2017-01,,2458.33
000301,SUMMIT ACAD. SEC. SCHOOL LOR,2017-01,,1357.5
000302,SUMMIT ACAD. COMM. SCHOOL PAR,2017-01,,4596.6
000303,SUMMIT ACAD. SEC. SCHOOL,2017-01,,6162.91
000304,SUMMIT ACAD. COMM. SCHOOL TOL,2017-01,,1621.52
000305,SUMMIT ACAD. COMM. SCHOOL WAR,2017-01,,2597.89
000306,SUMMIT ACAD. COMM. SCHOOL,2017-01,,2690.51
000311,BRIDGES COMMUNITY ACADEMY,2017-01,,3707.72
000316,CONSTELLATION SCHOOLS WESTPARK,2017-01,,5120.45
000318,MENLO PARK ACADEMY,2017-01,,9670.27
000319,CONSTELLATION SCH MADISON,2017-01,,7311.53
000320,CONSTELLATION SCHOOLS LORAIN,2017-01,,2881.51
000321,CONSTELLATION SCH OLD BROOKLYN,2017-01,,6025.46
000338,HORIZON SCI ACADEMY,2017-01,,13949.93
000360,MIAMISBURG SECONDARY DIGITAL,2017-01,,1405.98
000396,MANSFIELD ELECTIVE ACADEMY,2017-01,,739.54
000402,FINDLAY DIGITAL ACADEMY,2017-01,,4040.98
000417,BUCKEYE ON-LINE SCH FOR SUCCS,2017-01,,18745.46
000442,MANCHESTER LOCAL SCHOOL DIST,2017-01,,21691.74
000509,WHITEHALL PREPARATORY &,2017-01,,6906.87
000510,SPRINGFIELD PREPARATORY &,2017-01,,3406.98
000511,NORTHLAND PREPARATORY &,2017-01,,7502.18
000525,PROJECT REBUILD COMMUNITY SCHL,2017-01,,2815.6
000527,CASTLE HIGH SCHOOL INC,2017-01,,3167.54
000534,CONSTELLATION SCHOOLS PURITAS,2017-01,,3072.27
000541,CONSTELLATION SCH OUTREACH,2017-01,,643.58
000543,PINNACLE ACADEMY,2017-01,,17790.63
000546,WINTERFIELD VENTURE ACADEMY,2017-01,,12185.32
000553,COLUMBUS HUMANITIES ARTS &,2017-01,,12170.24
000556,A+ ARTS ACADEMY,2017-01,,14885.28
000557,COLUMBUS ARTS &,2017-01,,13599.23
000558,COLUMBUS PREPARATORY ACADEMY,2017-01,,17076.46
000559,ORION ACADEMY,2017-01,,13428.01
000560,APEX ACADEMY,2017-01,,14456.42
000575,HOPE ACADEMY NORTHWEST CAMPUS,2017-01,,6096.91
000576,KING ACADEMY COMMUNITY SCHOOL,2017-01,,3547.52
000577,EMERSON ACADEMY,2017-01,,16395.69
000598,COSHOCTON OPPORTUNITY SCHOOL,2017-01,,1002.83
000608,SUMMIT ACADEMY TRANSITION HIGH,2017-01,,1833.61
000609,SUMMIT ACAD. MIDDLE SCH LORAIN,2017-01,,2071.83
000610,SUMMIT ACAD. MIDDLE SCH COL.,2017-01,,1143.3
000613,HEIR FORCE COMMUNITY SCHOOL,2017-01,,6136.94
000614,SUMMIT ACADEMY TRANSITION HIGH,2017-01,,1548.49
000616,SUMMIT ACAD. SCH FOR ALT.,2017-01,,1978.21
000621,SUMMIT ACADEMY TRANSITION HIGH,2017-01,,3766.31
000623,SUMMIT ACADEMY - YOUNGSTOWN,2017-01,,5063.86
000629,SUMMIT ACADEMY COMMUNITY,2017-01,,1883.13
000633,SUMMIT ACAD. TOLEDO LEARN,2017-01,,3576.88
000634,SUMMIT ACADEMY SECONDARY,2017-01,,2597.62
000640,RITTMAN ACADEMY,2017-01,,812.23
000664,LIFE SKILLS CENTER OF COLUMBUS,2017-01,,2548.46
000677,NEW DAY ACADEMY BOARDING,2017-01,,3834.5
000679,OAKSTONE COMMUNITY SCHOOL,2017-01,,6360.36
000725,ZENITH ACADEMY,2017-01,,12289.29
000736,PHOENIX VILL. ACAD. PRIMARY 2,2017-01,,3000.82
000738,PHOENIX VILL. ACAD. SEC. 1,2017-01,,2453.05
000770,MARITIME ACADEMY OF TOLEDO INC,2017-01,,6629.14
000779,EDUCATIONAL ACADEMY FOR BOYS,2017-01,,3096.14
000780,MIDNIMO CROSS CULTURAL MIDDLE,2017-01,,2857.97
000804,HORIZON SCIENCE ACADEMY,2017-01,,7666.24
000808,HORIZON SCIENCE ADADEMY DAYTON,2017-01,,4003.47
000813,LIFE SKILLS CENTER OF DAYTON,2017-01,,3479.39
000825,HORIZON SCIENCE ACADEMY,2017-01,,8441.43
000838,HORIZON SCIENCE ACADEMY-,2017-01,,7644.98
000843,BENNETT VENTURE ACADEMY,2017-01,,16573.25
000855,STAMBAUGH CHARTER ACADEMY,2017-01,,10465.62
000858,HORIZON SCIENCE ACAD CLEVELAND,2017-01,,9050.1
000875,WESTSIDE ACADEMY INC,2017-01,,4715.66
000905,IMAC INC,2017-01,,1097.37
000912,ACADEMIC ACCELERATION ACADEMY,2017-01,,4429.87
000930,CLEVELAND ENTREPRENEURSHIP,2017-01,,7859.34
000936,PROMISE ACADEMY,2017-01,,6239.83
000938,PREMIER ACADEMY OF OHIO,2017-01,,1286.09
000941,PAR EXCELLENCE ACADEMY,2017-01,,3458.34
000942,LAKEWOOD CITY ACADEMY,2017-01,,2905.55
000951,TOLEDO PREP. AND FITNESS ACAD,2017-01,,5413.08
000952,COLUMBUS PREPARATORY,2017-01,,8002.33
000953,CINCINNATI PREPARATORY &,2017-01,,6690.13
007984,YOUNGSTOWN ACAD OF EXCELLENCE,2017-01,,4038.27
007995,CLEVELAND ARTS  SCI.,2017-01,,7835.48
007998,CENTER FOR STUDENT ACHIEVEMENT,2017-01,,932.26
007999,CHARLES SCHOOL,2017-01,,8931.53
008000,MANSFIELD PREPARATORY ACADEMY,2017-01,,8287.3
008063,LIFE SKILLS CTR OF NORTH AKRON,2017-01,,2668.3
008064,ACADEMY OF ARTS,2017-01,,3500.71
008251,MAHONING VALLEY,2017-01,,1672.65
008278,NOBLE ACADEMY-CLEVELAND INC,2017-01,,10217.4
008280,NOBLE ACADEMY-COLUMBUS INC,2017-01,,8192.86
008281,SOUTH SCIOTO ACADEMY,2017-01,,4548.94
008282,LIFE SKILLS CTR OF COL. NORTH,2017-01,,2310.23
008283,DAYTON TECH. DESIGN HIGH SCH,2017-01,,3765.17
008286,HARVARD AVE COMMUNITY SCHOOL,2017-01,,8692.86
008287,GROVEPORT COMMUNITY SCHOOL,2017-01,,19196.33
008289,EAGLE LEARNING CENTER INC,2017-01,,2480.15
009122,COLUMBUS COLLEGIATE,2017-01,,5596.87
009147,NORTHPOINTE ACADEMY,2017-01,,7821.44
009148,ZANESVILLE COMM. HIGH SCH,2017-01,,2682.77
009149,CONSTELLATION SCHOOLS WESTSIDE,2017-01,,9026.31
009164,CENTRAL ACADEMY OF OHIO,2017-01,,4196.87
009171,STAR ACADEMY OF TOLEDO,2017-01,,4888.4
009179,HORIZON SCIENCE ACADEMY INC,2017-01,,10931.75
009181,CLAY AVENUE COMMUNITY SCHOOL,2017-01,,11350.62
009192,FOUNDATION ACADEMY,2017-01,,9470.99
009283,DAYTON EARLY COLLEGE ACAD.,2017-01,,6958.42
009953,SULLIVANT AVE COMM. SCHOOL,2017-01,,8502.47
009954,HARRISBURG PIKE COMM. SCHOOL,2017-01,,7740.35
009955,MADISON AVENUE SCHOOL OF ARTS,2017-01,,13282.13
009957,KLEPINGER COMMUNITY SCHOOL,2017-01,,10080.16
009964,SCIOTOVILLE ELEMENTARY ACADEMY,2017-01,,3104.22
009971,ASHLAND CTY COMM. ACADEMY,2017-01,,2519.03
009990,HORIZON SCI. ACAD. ELEMENTARY,2017-01,,12265.51
009996,MAHONING COUNTY HIGH SCHOOL,2017-01,,2198.28
009997,KIPP CENTRAL OHIO,2017-01,,25769.73
010007,HORIZON SCI. ACAD. DENISON,2017-01,,3334.25
010036,CESAR CHAVEZ COLLEGE PREP.,2017-01,,7478.37
010180,MOUNT AUBURN INT. ACAD.,2017-01,,10666.07
010182,PERFORMANCE ACADEMY EASTLAND,2017-01,,7168.75
010205,L HOLLINGWORTH SCH FOR TAL.,2017-01,,8155.28
011291,VILLAGE PREPARATORY SCHOOL,2017-01,,9883.66
011324,HARDIN COMMUNITY SCHOOL,2017-01,,1027.04
011381,GREATER SUMMIT CTY EARLY LEARN,2017-01,,3097.2
011390,BELLA ACADEMY OF EXCELLENCE,2017-01,,6954.35
011439,RENAISSANCE ACADEMY,2017-01,,4477.66
011444,RUSHMORE ACADEMY,2017-01,,7768.93
011468,COLUMBUS BILINGUAL ACAD. - N.,2017-01,,8121.4
011479,LIFELINKS COMMUNITY SCHOOL,2017-01,,1359.83
011506,DAYTON REGIONAL STEM SCHOOL,2017-01,,15379.17
011507,ACHIEVE CAREER PREP. ACAD.,2017-01,,2933.04
011511,NORTH CENTRAL ACADEMY,2017-01,,1626.33
011533,HORIZON SCI. ACAD. OF LORAIN,2017-01,,15526.87
011534,HORIZON SCIENCE ACADEMY DAYTON,2017-01,,7840.14
011923,NORTHEAST OHIO COLLEGE PREP.,2017-01,,13551.34
011947,IMAGINE AKRON ACADEMY,2017-01,,1286.49
011956,RCCS,2017-01,,1977
011967,RICHLAND ACAD. SCH OF EXC.,2017-01,,6393.54
011972,GRAHAM EXPED. MIDDLE SCHOOL,2017-01,,3262.86
011976,HORIZON SCIENCE ACADEMY DAYTON,2017-01,,5052
011986,HORIZON SCI. ACAD. YOUNGSTOWN,2017-01,,9940.23
012000,CRUISER ACADEMY,2017-01,,3691.58
012009,ZENITH ACADEMY-EAST,2017-01,,7931.08
012010,CLEVELAND COLLEGE PREP.,2017-01,,6716.13
012011,COLUMBUS PERFORMANCE ACADEMY,2017-01,,4834.74
012025,CONSTELLATION SCH STOCKYARD,2017-01,,1929.1
012026,CONSTELLATION SCHOOLS CENTRAL,2017-01,,3072.3
012029,CITIZENS LEADERSHIP ACADEMY,2017-01,,6692.31
012030,NEAR WEST SCHOOL,2017-01,,5144.29
012031,ENTREPRENEURSHIP PREP. SCHOOL,2017-01,,7287.71
012033,FOXFIRE INTERMEDIATE SCHOOL,2017-01,,790.25
012036,THURGOOD MARSHALL HIGH SCHOOL,2017-01,,4096.39
012037,NEW BEGINNINGS ACADEMY,2017-01,,3358.12
012038,LANGSTON HUGHES HIGH SCHOOL,2017-01,,3524.78
012040,ROAD TO SUCCESS ACADEMY,2017-01,,1667.15
012041,THE ARCH ACADEMY,2017-01,,3310.52
012042,GEORGE V VOINOVICH RECLAMATION,2017-01,,1952.92
012043,FREDERICK DOUGLASS RECLAMATION,2017-01,,2214.91
012044,CAPITAL HIGH SCHOOL,2017-01,,4668.02
012045,PATRIOT PREPARATORY ACADEMY,2017-01,,13480.75
012054,NORTH CENTRAL ACADEMY FREMONT,2017-01,,2560.41
012060,AKROS MIDDLE SCHOOL,2017-01,,3025.62
012078,QUEST COMMUNITY SCHOOL,2017-01,,1714.75
012105,SOUTHSIDE ACADEMY INC,2017-01,,3990.48
012391,METRO EARLY COLLEGE HIGH SCH,2017-01,,16267.54
012497,PICKERINGTON COMMUNITY SCHOOL,2017-01,,2027.08
012501,BEACON HILL COMMUNITY SCHOOL,2017-01,,1575.44
012513,CINCINNATI COLLEGE PREPARATORY,2017-01,,5523.5
012528,ACADEMY FOR URBAN SOLUTIONS,2017-01,,7859.46
012529,FOCUS NORTH HIGH SCHOOL,2017-01,,5096.72
012536,UBAH MATH  ACADEMY,2017-01,,4644.21
012541,UNIVERSITY OF CLEVELAND PREP.,2017-01,,9454.98
012545,IMAGINE WOODBURY ACADEMY,2017-01,,2526
012558,GLOBAL VILLAGE ACADEMY INC,2017-01,,3667.67
012627,STEAM ACADEMY OF YOUNGSTOWN,2017-01,,4145.36
012644,STEAM ACADEMY OF WARREN,2017-01,,4291.36
012671,CONSTELLATION SCH EASTSIDE,2017-01,,2929.38
012684,BROADWAY ACADEMY,2017-01,,8002.2
012852,CITIZENS ACADEMY EAST,2017-01,,10240.91
012867,TOWNSEND NORTH COMM. SCH,2017-01,,20879.83
012924,DECA PREP,2017-01,,19993.54
012951,COLUMBUS COLLEGIATE ACAD. - W.,2017-01,,5263.44
013030,GRAHAM PRIMARY SCHOOL,2017-01,,5882.66
013034,VILLAGE PREP. SCH:WOODLA,2017-01,,10502.92
013059,WEST CARROLTON SEC. ACAD.,2017-01,,1954.08
013082,THE HALEY SCHOOL,2017-01,,5382.47
013132,LAKE ERIE COLLEGE PREP.,2017-01,,7430.61
013146,STEAM Academy of Dayton,2017-01,,6124.36
013147,STEAM ACAD. OF WARRENSVILLE,2017-01,,4953.79
013148,STEPSTONE ACADEMY,2017-01,,7192.44
013170,HOPE ACADEMY FOR AUTISM,2017-01,,1430.22
013173,IMAGINE HILL AVENUE,2017-01,,3696.11
013175,KIDS UNLIMITED ACADEMY,2017-01,,7272.98
013195,ACADEMY OF EDU. EXCELLENCE,2017-01,,2766.23
013198,BROOKWOOD ACADEMY,2017-01,,1929.17
013199,NEXUS ACADEMY OF CLEVELAND,2017-01,,4453.63
013200,NEXUS ACADEMY OF TOLEDO,2017-01,,2336.93
013201,NEXUS ACADEMY OF COLUMBUS,2017-01,,3334.84
013226,LIFE SKILLS HIGH SCH OF CLEVE,2017-01,,2381.63
013232,A+ CHILDRENS ACADEMY,2017-01,,2977.16
013233,SOUTHERN OHIO ACADEMY,2017-01,,1361.23
013249,ACADEMY FOR URB. SCH. YOUNGSTO,2017-01,,3966.58
013253,OHIO COLLEGIATE ACADEMY,2017-01,,7764.04
013254,AKRON PREPARATORY SCHOOL,2017-01,,5551.02
013255,CANTON COLL. PREP. SCH,2017-01,,5153.99
013864,CINCINNATI TECHNOLOGY ACADEMY,2017-01,,4118.82
013892,FRANKLINTON PREP. ACAD.,2017-01,,3810.69
013930,GLOBAL IMPACT STEM ACADEMY,2017-01,,8436.23
013962,LIBERTY PREPARTORY SCHOOL,2017-01,,1552.98
013967,CINCINNATI LEARNING SCHOOLS,2017-01,,5499.69
013994,ALBERT EINSTEIN ACAD.,2017-01,,5549.05
013999,Rise & Shine Academy,2017-01,,1979.2
014051,NORTHMONT SECONDARY ACADEMY,2017-01,,691.08
014061,CHAPELSIDE CLEVELAND ACADEMY,2017-01,,6382.7
014063,UNIVERSITY ACADEMY,2017-01,,4073.87
014064,WINTON PREPARATORY ACADEMY,2017-01,,10927.97
014065,LINCOLN PARK ACADEMY,2017-01,,5596.77
014066,MAIN ST PREP. ACAD.,2017-01,,2561.06
014067,OHIO CONSTRUCTION ACADEMY,2017-01,,857.4
014081,INSIGHT SCHOOL OF OHIO,2017-01,,30051.09
014090,BERWYN EAST ACADEMY,2017-01,,3643.98
014091,HOPE LEARNING ACAD. OF TOLEDO,2017-01,,1335.38
014094,LAWRENCE COUNTY ACADEMY,2017-01,,1453.79
014121,IMAGINE LEADERSHIP ACADEMY,2017-01,,3978.57
014139,IMAGINE COL. PRIMARY SCHOOL,2017-01,,5144.35
014147,EAST PREPARATORY ACADEMY,2017-01,,5120.57
014148,PROVOST ACADEMY OHIO,2017-01,,2312.31
014149,DAYTON SMART ELEMENTARY SCHOOL,2017-01,,3121.76
014187,EAST ACADEMY,2017-01,,6787.58
014188,DISCOVERY ACADEMY,2017-01,,6962.99
014189,WEST PARK ACADEMY,2017-01,,5620.61
014194,WATKINS ACADEMY,2017-01,,2716.67
014231,BIO-MED SCI. ACAD. STEM SCH,2017-01,,8264.52
014467,UNITED PREPARATORY ACADEMY,2017-01,,4620.39
014825,BUCKEYE PREP. ACADEMY,2017-01,,4977.64
014830,UTICA SHALE ACAD. OF OHIO,2017-01,,1597.68
014858,REACH ACADEMY,2017-01,,5889.93
014864,TOLEDO SMART ELEM. SCH.,2017-01,,3505.34
014877,METRO INSTITUTE OF TECHNOLOGY,2017-01,,4025.27
014904,T2 HONORS ACADEMY,2017-01,,2619.77
014912,NORWOOD CONVERSION COMM.,2017-01,,690.44
014913,LAKESHORE INTERGENERATIONAL,2017-01,,4263.09
014927,STEEL ACADEMY,2017-01,,2525.43
014932,CINCINNATI GENERATION ACAD.,2017-01,,2142.76
014943,VALLEY STEM+ME2 ACADEMY,2017-01,,2078.62
015234,ZENITH ACADEMY WEST,2017-01,,5287.25
015236,CLARK PREPARATORY ACADEMY,2017-01,,3311.68
015237,FLEX HIGH SCHOOL,2017-01,,2072.03
015238,FOXFIRE EAST ACADEMY,2017-01,,1433.03
015239,STONEBROOK MONTESSORI,2017-01,,2333.97
015241,OHIO VALLEY ENERGY TECHNOLOGY,2017-01,,1003.63
015261,CITIZENS ACADEMY SOUTHEAST,2017-01,,6525.77
015329,ISTEM GEAUGA EARLY COLLEGE HS,2017-01,,2361.62
015709,BEACON ACADEMY,2017-01,,3984.35
015710,BRIDGE GATE COMMUNITY SCHOOL,2017-01,,666.86
015713,EAST BRANCH PREPATORY ACAD.,2017-01,,2624.72
015714,URBAN EARLY COLLEGE NETWORK,2017-01,,1310.66
015722,VILLAGE PREP SCHOOL WILLIARD,2017-01,,1619.49
015736,iLEAD SPRING MEADOWS,2017-01,,1645.36
015737,GLOBAL AMBASS. LANG. ACAD.,2017-01,,1452.86
015741,WESTWOOD PREPARTORY ACAD,2017-01,,4680.77
043489,AKRON CITY SCHOOLS,2017-01,,499429.76
043497,ALLIANCE CITY BOARD OF EDU,2017-01,,67398.09
043505,ASHLAND CITY BOARD OF,2017-01,,78814.28
043513,ASHTABULA AREA CITY SCHOOL,2017-01,,85444.69
043521,ATHENS CITY SCHOOL DISTRICT,2017-01,,62578.4
043539,BARBERTON BOARD OF EDUCATION,2017-01,,88505.33
043547,BAY VILLAGE CITY SCHOOL,2017-01,,59206.73
043554,BEACHWOOD BOARD OF EDUCATION,2017-01,,33223.41
043562,BEDFORD BOARD OF EDUCATION,2017-01,,77521.28
043570,BELLAIRE CITY SCHOOL DISTRICT,2017-01,,28870.3
043588,BELLEFONTAINE CITY SCHOOL,2017-01,,59633.18
043596,BELLEVUE CITY SCHOOL DISTRICT,2017-01,,47539.91
043604,BELPRE CITY SCHOOL DISTRICT,2017-01,,24659.26
043612,BEREA CITY SCHOOL DISTRICT,2017-01,,146087.71
043620,BEXLEY CITY SCHOOL DISTRICT,2017-01,,56492.62
043638,BOWLING GREEN SCHOOL DISTRICT,2017-01,,72068.13
043646,BRECKSVILLE BROADVIEW HEIGHTS,2017-01,,91310.82
043653,BROOKLYN LOCAL SCHOOL DISTRICT,2017-01,,30484.56
043661,BRUNSWICK CITY SCHOOL DISTRICT,2017-01,,175973.37
043679,BRYAN CITY SCHOOLS,2017-01,,48675.75
043687,BUCYRUS CITY SCHOOL DISTRICT,2017-01,,31606.59
043695,CAMBRIDGE CITY BOARD OF,2017-01,,49348.09
043703,CAMPBELL CITY SCHOOLS,2017-01,,26762.47
043711,CANTON CITY SCHOOL DISTRICT,2017-01,,203618.24
043729,CELINA CITY BOARD OF EDU,2017-01,,61698.23
043737,CENTERVILLE CITY SCHOOL,2017-01,,189569.26
043745,CHILLICOTHE CITY SCHOOL,2017-01,,68978.51
043752,CINCINNATI PUBLIC SCHOOLS,2017-01,,777778.27
043760,CIRCLEVILLE CITY SCHOOL,2017-01,,50588.29
043778,CLAYMONT CITY BOARD OF EDU,2017-01,,49314.4
043786,CLEVELAND CITY SCHOOL DISTRICT,2017-01,,900187.56
043794,CLEVELAND HEIGHTS UNIVERSITY,2017-01,,122890.88
043802,COLUMBUS PUBLIC SCHOOL,2017-01,,1176711.28
043810,CONNEAUT AREA CITY SCHOOLS,2017-01,,39883.73
043828,COSHOCTON CITY SCHOOL DISTRICT,2017-01,,36961.35
043836,CUYAHOGA FALLS CITY SCHOOLS,2017-01,,115092.68
043844,DAYTON CITY SCHOOL DISTRICT,2017-01,,300069.85
043851,DEER PARK COMMUNITY CITY,2017-01,,30831.62
043869,DEFIANCE CITY SCHOOLS,2017-01,,61611.34
043877,DELAWARE CITY SCHOOLS,2017-01,,132299.17
043885,DELPHOS CITY SCHOOL DISTRICT,2017-01,,24274.59
043893,DOVER CITY SCHOOL DISTRICT,2017-01,,68012.61
043901,EAST CLEVELAND CITY SCHOOL,2017-01,,50394.79
043919,EAST LIVERPOOL CITY SCHOOLS,2017-01,,49306.42
043927,EAST PALESTINE CITY SCHOOL,2017-01,,26227.14
043935,EATON CITY SCHOOLS,2017-01,,50562.71
043943,ELYRIA CITY SCHOOL DISTRICT,2017-01,,144456.29
043950,EUCLID BOARD OF EDUCATION,2017-01,,119961.58
043968,FAIRBORN CITY SCHOOLS,2017-01,,100841.45
043976,FAIRVIEW PARK CITY SCHOOL DIST,2017-01,,42630.75
043984,FINDLAY CITY SCHOOLS,2017-01,,127589.88
043992,FOSTORIA CITY SCHOOLS,2017-01,,41773.83
044008,FRANKLIN CITY SCHOOLS,2017-01,,72619.65
044016,FREMONT CITY BOARD OF EDU,2017-01,,95850.5
044024,GALION CITY SCHOOL DISTRICT,2017-01,,43870.17
044032,GALLIPOLIS CITY SCHOOLS,2017-01,,50935.68
044040,GARFIELD HEIGHTS CITY SCHOOL,2017-01,,85999.8
044057,GENEVA AREA CITY SCHOOL DIST,2017-01,,60994.13
044065,GIRARD CITY SCHOOL DISTRICT,2017-01,,40758.89
044073,GRANDVIEW HEIGHTS CITY SCHOOL,2017-01,,25745.58
044081,WINTONWOODS CITY SCHOOL,2017-01,,88352.94
044099,GREENVILLE CITY SCHOOL,2017-01,,60523.65
044107,HAMILTON BOARD OF EDUCATION,2017-01,,236637.81
044115,HEATH CITY SCHOOL DISTRICT,2017-01,,41022.36
044123,HILLSBORO CITY BOARD OF EDU,2017-01,,57578.76
044131,HURON CITY SCHOOL DISTRICT,2017-01,,32856.48
044149,IRONTON CITY BOARD OF,2017-01,,33865.16
044156,JACKSON CITY SCHOOL DISTRICT,2017-01,,59885.49
044164,KENT CITY BOARD OF EDUCATION,2017-01,,74515.24
044172,KENTON CITY SCHOOLS,2017-01,,45088.39
044180,KETTERING CITY SCHOOL,2017-01,,182210.1
044198,LAKEWOOD CITY SCHOOL DISTRICT,2017-01,,119247.02
044206,LANCASTER CITY SCHOOLS,2017-01,,150204.16
044214,LEBANON CITY SCHOOL DISTRICT,2017-01,,133785.08
044222,LIMA CITY BOARD OF EDU,2017-01,,87635.7
044230,LOCKLAND CITY SCHOOLS,2017-01,,12499.31
044248,LOGAN HOCKING LOCAL SCHOOLS,2017-01,,91617.98
044255,LONDON CITY SCHOOL DISTRICT,2017-01,,48596.39
044263,LORAIN CITY SCHOOLS,2017-01,,153981.93
044271,LOVELAND CITY SCHOOL DISTRICT,2017-01,,112265.44
044289,MADEIRA CITY SCHOOLS,2017-01,,35402.8
044297,MANSFIELD BOARD OF EDUCATION,2017-01,,77866.15
044305,MAPLE HEIGHTS BOARD OF,2017-01,,81391.39
044313,MARIEMONT CITY SCHOOL DISTRICT,2017-01,,40498.97
044321,MARIETTA CITY SCHOOL DISTRICT,2017-01,,66925.45
044339,MARION CITY SCHOOLS,2017-01,,97466.54
044347,MARTINS FERRY CITY SCHOOL,2017-01,,34098.31
044354,MASSILLON CITY SCHOOL DISTRICT,2017-01,,93952.87
044362,MAUMEE CITY SCHOOL DISTRICT,2017-01,,57110.8
044370,MAYFIELD CITY SCHOOL DISTRICT,2017-01,,94383.83
044388,MEDINA CITY SCHOOLS,2017-01,,166021.35
044396,MIAMISBURG CITY SCHOOLS,2017-01,,129397.98
044404,MIDDLETOWN CITY SCH DIST.,2017-01,,150843.71
044412,MOUNT HEALTHY CITY SCH DIST.,2017-01,,80495.53
044420,MOUNT VERNON CITY SCHOOL,2017-01,,93083.96
044438,NAPOLEON CITY SCHOOL DISTRICT,2017-01,,47106.22
044446,NELSONVILLE YORK CITY SCHOOL,2017-01,,29401.95
044453,NEWARK CITY SCHOOL DISTRICT,2017-01,,148157.51
044461,NEW BOSTON BOARD OF EDUCATION,2017-01,,10196.48
044479,NEW LEXINGTON CITY SCHOOLS,2017-01,,42653.26
044487,NEW PHILADELPHIA CITY SCHOOLS,2017-01,,72180.05
044495,NILES CITY SCHOOLS,2017-01,,57368.19
044503,NORTH CANTON CITY SCHOOLS,2017-01,,102638.03
044511,NORTH COLLEGE HILL CITY SCH,2017-01,,40926.3
044529,NORTH OLMSTED CITY SCHOOL,2017-01,,89738.91
044537,NORTH RIDGEVILLE CITY SCH DIST,2017-01,,101590.93
044545,NORTH ROYALTON CITY SCHOOL,2017-01,,100456.15
044552,NORTON CITY SCHOOLS,2017-01,,58609.46
044560,NORWALK BOARD OF EDUCATION,2017-01,,67048.69
044578,NORWOOD CITY SCHOOL DISTRICT,2017-01,,47759.25
044586,OAKWOOD CITY SCHOOLS,2017-01,,48923.4
044594,OBERLIN CITY SCHOOL DISTRICT,2017-01,,23385.44
044602,OREGON CITY SCHOOLS,2017-01,,88099.17
044610,ORRVILLE CITY SCHOOL DISTRICT,2017-01,,38013.84
044628,PAINESVILLE CITY LOCAL SCHOOLS,2017-01,,69874.4
044636,PARMA CITY SCHOOL DISTRICT,2017-01,,253521.96
044644,PIQUA CITY SCHOOL DISTRICT,2017-01,,81850.52
044651,PORT CLINTON CITY SCHOOLS,2017-01,,42821.53
044669,PORTSMOUTH CITY SCHOOL,2017-01,,41848.53
044677,PRINCETON CITY SCHOOL DISTRICT,2017-01,,136309.92
044685,RAVENNA CITY SCHOOL DISTRICT,2017-01,,57648
044693,READING BOARD OF EDUCATION,2017-01,,39426.38
044701,ROCKY RIVER CITY SCHOOL,2017-01,,63184.01
044719,ST BERNARD ELMWOOD PLACE CITY,2017-01,,24284.37
044727,ST MARYS CITY BOARD OF,2017-01,,48699.65
044735,SALEM CITY SCHOOL DISTRICT,2017-01,,50500.54
044743,SANDUSKY BOARD OF EDUCATION,2017-01,,76210.78
044750,SHAKER HEIGHTS BOARD OF,2017-01,,120199.66
044768,SHEFFIELD SHEFFLD LAKE CITY,2017-01,,41793.73
044776,SHELBY CITY BOARD OF EDU,2017-01,,47091.74
044784,SIDNEY CITY SCHOOL DISTRICT,2017-01,,81930.18
044792,SOUTH EUCLID LYNDHURST CITY,2017-01,,81689.09
044800,SOUTH-WESTERN CITY SCHOOLS,2017-01,,523795.21
044818,SPRINGFIELD CITY SCHOOLS,2017-01,,181689.84
044826,STEUBENVILLE CITY SCHOOL,2017-01,,52575.18
044834,STOW-MUNROE FALLS CITY,2017-01,,123486.01
044842,STRONGSVILLE CITY SCHOOLS,2017-01,,129392.64
044859,STRUTHERS CITY SCHOOL DISTRICT,2017-01,,45137.77
044867,SYCAMORE COMMUNITY SCHOOL DIST,2017-01,,127612.77
044875,SYLVANIA CITY SCHOOL DISTRICT,2017-01,,179034.55
044883,TALLMADGE CITY SCHOOL DISTRICT,2017-01,,56345.45
044891,TIFFIN CITY SCHOOLS,2017-01,,64154.58
044909,TOLEDO PUBLIC SCHOOLS,2017-01,,519791.63
044917,TORONTO CITY SCHOOL DISTRICT,2017-01,,21111.08
044925,TROY CITY SCHOOLS,2017-01,,106498.7
044933,UPPER ARLINGTON CITY SCHOOLS,2017-01,,143089.23
044941,URBANA CITY SCHOOLS,2017-01,,48020.81
044958,VANDALIA-BUTLER CITY SCHOOLS,2017-01,,70978.25
044966,VAN WERT CITY SCHOOLS,2017-01,,47368.84
044974,WADSWORTH CITY SCHOOLS,2017-01,,111340.63
044982,WAPAKONETA CITY SCHOOL,2017-01,,74204.88
044990,WARREN CITY SCHOOL DISTRICT,2017-01,,115081.97
045005,WARRENSVILLE HEIGHTS CITY,2017-01,,35819.36
045013,WASHINGTON COURTHOUSE CITY,2017-01,,53289.59
045021,WELLSTON CITY SCHOOLS,2017-01,,33371.12
045039,WELLSVILLE LOCAL SCHOOL,2017-01,,18692.52
045047,WESTERVILLE CITY SCHOOL,2017-01,,356415.66
045054,WEST CARROLLTON CITY SCHOOL,2017-01,,88100.24
045062,WESTLAKE CITY SCHOOL DISTRICT,2017-01,,84070.69
045070,WHITEHALL CITY SCHOOL DISTRICT,2017-01,,80964.02
045088,WICKLIFFE CITY SCHOOL DISTRICT,2017-01,,32726.44
045096,WILLARD CITY SCHOOL DISTRICT,2017-01,,39126.44
045104,WILLOUGHBY-EASTLAKE CITY,2017-01,,188897.55
045112,WILMINGTON CITY SCHOOLS,2017-01,,70477.99
045120,WOOSTER CITY SCHOOL DISTRICT,2017-01,,86289.74
045138,WORTHINGTON BOARD OF EDUCATION,2017-01,,236187.78
045146,WYOMING CITY SCHOOLS,2017-01,,45902.21
045153,XENIA COMMUNITY SCHOOLS,2017-01,,103354.5
045161,YOUNGSTOWN CITY SCHOOLS,2017-01,,114337.44
045179,ZANESVILLE CITY SCHOOLS,2017-01,,76629.65
045187,ADA EXEMPTED VILLAGE SCHOOLS,2017-01,,21301.75
045195,AMHERST EXEMPTED VILLAGE,2017-01,,89731.5
045203,BARNESVILLE EXEMPTED VILLAGE,2017-01,,33599.96
045211,BLUFFTON EXEMPTED VILLAGE,2017-01,,28611.26
045229,BRADFORD EXEMPTED VILLAGE,2017-01,,12379.1
045237,BRIDGEPORT EXEMPTED VILLAGE,2017-01,,18143.65
045245,HARRISON HILLS CITY SCHOOL,2017-01,,39681.56
045252,CALDWELL EXEMPTED VILLAGE,2017-01,,21411.01
045260,CAREY EXEMPT VILLAGE SCHOOL,2017-01,,19903.91
045278,CARROLLTON EXEMPTED VILLAGE,2017-01,,50485.29
045286,CHAGRIN FALLS EXEMPTED VILLAGE,2017-01,,46769.46
045294,CHESAPEAKE UNION EXEMPTED,2017-01,,33888.99
045302,CLYDE GREEN SPRINGS EXEMPTED,2017-01,,53033.87
045310,COLDWATER EXEMPTED VILLAGE,2017-01,,32474.67
045328,COLUMBIANA EXEMPTED VILLAGE,2017-01,,24852.93
045336,COVINGTON EXEMPTED VILLAGE,2017-01,,19824.91
045344,CRESTLINE EXEMPTED VILLAGE,2017-01,,15051.96
045351,CROOKSVILLE EXEMPTED VILLAGE,2017-01,,24994.25
045369,FAIRPORT HARBOR EXEMPTED,2017-01,,16482.4
045377,GEORGETOWN EXEMPTED VILLAGE,2017-01,,25157.54
045385,GIBSONBURG EXEMPTED VILLAGE,2017-01,,21662.87
045393,GRANVILLE EXEMPTED VILLAGE,2017-01,,59482.43
045401,GREENFIELD EXEMPTED VILLAGE,2017-01,,45712.55
045419,HICKSVILLE EXEMPTED VILLAGE,2017-01,,22978.99
045427,HUBBARD SCHOOL DISTRICT,2017-01,,47724.08
045435,INDIAN HILL EXEMPTED VILLAGE,2017-01,,47759.25
045443,LEETONIA EXEMPTED VILLAGE,2017-01,,16310.73
045450,LISBON EXEMPTED VILLAGE,2017-01,,21601.36
045468,LOUDONVILLE PERRYSVILLE,2017-01,,28853.95
045476,MARYSVILLE EXEMPTED VILLAGE,2017-01,,125050.36
045484,MECHANICSBURG EXEMPTED VILLAGE,2017-01,,20779.73
045492,MENTOR EXEMPTED VILLAGE,2017-01,,181413.85
045500,MILFORD EXEMPTED VILLAGE,2017-01,,160189.64
045518,MILTON-UNION EXEMPTED VILLAGE,2017-01,,35770.08
045526,MONTPELIER EXEMPTED VILLAGE,2017-01,,22962.51
045534,MOUNT GILEAD EXEMPTED,2017-01,,29219.43
045542,NEWCOMERSTOWN EXEMPTED VILLAGE,2017-01,,24300.01
045559,NEW RICHMOND EXEMPTED,2017-01,,58029.76
045567,NEWTON FALLS EXEMPTED VILLAGE,2017-01,,27744.75
045575,PAULDING EXEMPTED VILLAGE SCH,2017-01,,33992.98
045583,PERRYSBURG EXEMPTED VILLAGE,2017-01,,119095.78
045591,RITTMAN EXEMPTED VILLAGE,2017-01,,25063.14
045609,ROSSFORD EXEMPTED VILLAGE,2017-01,,38037.1
045617,TIPP CITY EXEMPTED VILLAGE,2017-01,,60144.44
045625,UPPER SANDUSKY E V SCHOOLS,2017-01,,39302.13
045633,VERSAILLES EXEMPTED VILLAGE,2017-01,,32435.2
045641,WAUSEON EXEMPTED VILLAGE,2017-01,,43683.81
045658,WELLINGTON EXEMPTED VILLAGE,2017-01,,26653.06
045666,WINDHAM EXEMPTED VILLAGE,2017-01,,12355.23
045674,YELLOW SPRINGS EXEMPTED,2017-01,,17679.39
045757,ALLEN EAST LOCAL SCHOOL,2017-01,,26696.71
045765,BATH LOCAL SCHOOL DISTRICT,2017-01,,44199.91
045773,ELIDA BOARD OF EDUCATION,2017-01,,59840.81
045781,PERRY LOCAL SCHOOL DISTRICT,2017-01,,20847.15
045799,SHAWNEE LOCAL SCHOOL DISTRICT,2017-01,,61371.15
045807,SPENCERVILLE LOCAL SCHOOL,2017-01,,24240.44
045823,HILLSDALE SCHOOLS,2017-01,,20779.15
045831,MAPLETON LOCAL SCHOOL DISTRICT,2017-01,,22317.02
045856,BUCKEYE LOCAL SCHOOL DISTRICT,2017-01,,42793.9
045864,GRAND VALLEY LOCAL SCHOOL,2017-01,,28552.5
045872,JEFFERSON AREA LOCAL SCHOOL,2017-01,,43080.15
045880,PYMATUNING VALLEY LOCAL,2017-01,,30246.59
045906,ALEXANDER LOCAL SCHOOL,2017-01,,37562.88
045914,FEDERAL HOCKING LOCAL SCHOOL,2017-01,,25174.75
045922,TRIMBLE LOCAL SCHOOL DISTRICT,2017-01,,19422.09
045948,MINSTER LOCAL SCHOOL DISTRICT,2017-01,,20277.69
045955,NEW BREMEN LOCAL SCHOOL,2017-01,,18370.69
045963,NEW KNOXVILLE LOCAL SCHOOL,2017-01,,9768.86
045971,WAYNESFIELD-GOSHEN LOCAL,2017-01,,11638.87
045997,ST CLAIRSVILLE RICHLAND CITY,2017-01,,40914.76
046003,SHADYSIDE LOCAL BOARD OF EDU,2017-01,,19012.73
046011,UNION LOCAL SCHOOL DISTRICT,2017-01,,35721.9
046037,EASTERN LOCAL SCHOOL DISTRICT,2017-01,,32846.45
046045,FAYETTEVILLE-PERRY LOCAL,2017-01,,21548.91
046060,WESTERN BROWN LOCAL SCHOOL,2017-01,,76762.46
046078,RIPLEY UNION LEWIS HUNTINGTON,2017-01,,21195.75
046094,EDGEWOOD CITY SCHOOL DISTRICT,2017-01,,89276.6
046102,FAIRFIELD CITY SCHOOL DISTRICT,2017-01,,237349.37
046110,LAKOTA LOCAL SCHOOL DISTRICT,2017-01,,388788.27
046128,MADISON LOCAL SCHOOL DISTRICT,2017-01,,37597.15
046136,NEW MIAMI LOCAL SCHOOL,2017-01,,15653.55
046144,ROSS LOCAL SCHOOL DISTRICT,2017-01,,67403.07
046151,TALAWANDA CITY SCHOOL DISTRICT,2017-01,,73363.96
046177,BROWN LOCAL SCHOOL DISTRICT,2017-01,,16526.61
046193,GRAHAM LOCAL SCHOOL DISTRICT,2017-01,,44959.37
046201,TRIAD LOCAL SCHOOLS,2017-01,,21498.62
046219,WEST LIBERTY SALEM LOCAL,2017-01,,29090.15
046235,GREENON LOCAL SCHOOLS,2017-01,,38358.76
046243,TECUMSEH LOCAL SCHOOL DISTRICT,2017-01,,74931.8
046250,NORTHEASTERN LOCAL SCHOOL,2017-01,,79935.74
046268,NORTHWESTERN LOCAL SCHOOL,2017-01,,41839.43
046276,SOUTHEASTERN LOCAL SCHOOL,2017-01,,18275.26
046284,CLARK-SHAWNEE LOCAL SCHOOL,2017-01,,48769.87
046300,BATAVIA LOCAL SCHOOL DISTRICT,2017-01,,54915.04
046318,BETHEL-TATE LOCAL SCHOOLS,2017-01,,40206.14
046326,CLERMONT NORTHEASTERN SCHOOL,2017-01,,34430.64
046334,FELICITY-FRANKLIN LOCAL,2017-01,,21350.2
046342,GOSHEN LOCAL SCHOOLS,2017-01,,67144.28
046359,WEST CLERMONT LOCAL SCH DIST.,2017-01,,198246.43
046367,WILLIAMSBURG LOCAL SCHOOL,2017-01,,24777.64
046383,BLANCHESTER LOCAL SCHOOL,2017-01,,39377.17
046391,CLINTON-MASSIE LOCAL SCHOOL,2017-01,,42896.98
046409,EAST CLINTON LOCAL SCHOOL,2017-01,,31822.57
046425,BEAVER LOCAL SCHOOL DISTRICT,2017-01,,44847.87
046433,CRESTVIEW LOCAL SCHOOL,2017-01,,31259.28
046441,SOUTHERN LOCAL SCHOOL DISTRICT,2017-01,,20122.58
046458,UNITED LOCAL SCHOOL DISTRICT,2017-01,,28565.35
046474,RIDGEWOOD LOCAL BOARD OF,2017-01,,30915.48
046482,RIVER VIEW LOCAL SCHOOL,2017-01,,49020.85
046508,BUCKEYE CENTRAL LOCAL SCHOOL,2017-01,,16758.8
046516,COLONEL CRAWFORD LOCAL SCHOOLS,2017-01,,22565.99
046524,WYNFORD LOCAL SCHOOL DISTRICT,2017-01,,26946.92
046557,CUYAHOGA HEIGHTS LOCAL SCHOOL,2017-01,,17361.91
046565,INDEPENDENCE LOCAL SCHOOLS,2017-01,,24601.99
046573,OLMSTED FALLS BOARD OF,2017-01,,85642.35
046581,ORANGE CITY SCHOOL DISTRICT,2017-01,,46870.39
046599,RICHMOND HEIGHTS LOCAL SCHOOL,2017-01,,18243.1
046607,SOLON BOARD OF EDUCATION,2017-01,,108410.76
046623,ANSONIA LOCAL SCHOOL DISTRICT,2017-01,,17065.56
046631,ARCANUM BUTLER LOCAL SCHOOL,2017-01,,26440.28
046649,FRANKLIN MONROE LOCAL SCHOOL,2017-01,,16194.6
046672,MISSISSINAWA VALLEY LOCAL,2017-01,,14999.54
046680,TRI-VILLAGE LOCAL SCHOOL DIST,2017-01,,19230.47
046706,AYERSVILLE LOCAL SCH DIST.,2017-01,,18519.76
046714,CENTRAL LOCAL SCHOOL DISTRICT,2017-01,,26012.79
046722,NORTHEASTERN LOCAL SCHOOL,2017-01,,27872.21
046748,BIG WALNUT LOCAL SCHOOLS,2017-01,,83932.61
046755,BUCKEYE VALLEY LOCAL SCHOOL,2017-01,,51697.49
046763,OLENTANGY LOCAL SCHOOLS,2017-01,,480674.2
046789,EDISON LOCAL SCHOOLS,2017-01,,35918.31
046797,KELLEYS ISLAND SCHOOL,2017-01,,23.91
046805,MARGARETTA LOCAL SCHOOL DIST,2017-01,,27039.17
046813,PERKINS LOCAL SCHOOL DISTRICT,2017-01,,50839.07
046821,VERMILION LOCAL SCH DIST.,2017-01,,45264
046847,AMANDA-CLEARCREEK LOCAL SCHOOL,2017-01,,36727.78
046854,BERNE UNION LOCAL SCHOOLS,2017-01,,20845.42
046862,BLOOM CARROLL LOCAL SCHOOL,2017-01,,48051.6
046870,FAIRFIELD UNION LOCAL SCHOOL,2017-01,,47656.36
046888,LIBERTY UNION THURSTON LOCAL,2017-01,,31982.18
046896,PICKERINGTON LOCAL SCHOOL DIST,2017-01,,245319.14
046904,WALNUT TOWNSHIP LOCAL SCHOOL,2017-01,,13427.84
046920,MIAMI TRACE LOCAL SCH DIST.,2017-01,,62901.7
046946,CANAL WINCHESTER LOCAL SCHOOL,2017-01,,90401.84
046953,HAMILTON LOCAL SCHOOLS,2017-01,,73330.86
046961,GAHANNA-JEFFERSON CITY SCHOOL,2017-01,,179361.69
046979,GROVEPORT MADISON LOCAL,2017-01,,139588.22
046995,NEW ALBANY PLAIN LOCAL SCHOOL,2017-01,,116701.21
047001,REYNOLDSBURG CITY SCHOOLS,2017-01,,171389.55
047019,HILLIARD CITY SCHOOL DISTRICT,2017-01,,383802.1
047027,DUBLIN CITY SCHOOLS,2017-01,,372357.93
047043,ARCHBOLD AREA LOCAL SCHOOLS,2017-01,,30212.45
047050,EVERGREEN LOCAL SCHOOL,2017-01,,28284.99
047068,FAYETTE LOCAL SCHOOL DISTRICT,2017-01,,9712.87
047076,PETTISVILLE LOCAL SCHOOL,2017-01,,12415.59
047084,PIKE DELTA YORK LOCAL SCHOOLS,2017-01,,31649.68
047092,SWANTON LOCAL SCHOOL DISTRICT,2017-01,,31479.71
047167,BERKSHIRE BOARD OF EDUCATION,2017-01,,29519.04
047175,CARDINAL LOCAL SCHOOL DISTRICT,2017-01,,25628.33
047183,CHARDON BOARD OF EDUCATION,2017-01,,68415.31
047191,KENSTON LOCAL SCHOOL DISTRICT,2017-01,,66983.75
047217,NEWBURY BOARD OF EDUCATION,2017-01,,9760.1
047225,WEST GEAUGA LOCAL SCHOOL,2017-01,,46041.14
047241,BEAVERCREEK CITY SCHOOLS,2017-01,,185079.73
047258,CEDARCLIFF LOCAL BOARD OF,2017-01,,15174.75
047266,GREENEVIEW LOCAL SCHOOL,2017-01,,33530.36
047274,SUGARCREEK LOCAL SCHOOL,2017-01,,64288.5
047308,ROLLING HILLS LOCAL SCHOOL,2017-01,,39228.2
047332,FINNEYTOWN LOCAL SCHOOL,2017-01,,35355.18
047340,FOREST HILLS LOCAL SCHOOL,2017-01,,174038.57
047365,NORTHWEST LOCAL SCHOOL,2017-01,,211536.04
047373,OAK HILLS LOCAL SCHOOL DISTICT,2017-01,,185442.09
047381,SOUTHWEST LOCAL SCHOOL DIST,2017-01,,91734.64
047399,THREE RIVERS LOCAL SCHOOL DIST,2017-01,,49901.99
047415,ARCADIA LOCAL SCHOOL DISTRICT,2017-01,,13868.31
047423,ARLINGTON LOCAL SCHOOL,2017-01,,14202.77
047431,CORY-RAWSON LOCAL SCHOOLS,2017-01,,13461.92
047449,LIBERTY-BENTON LOCAL SCHOOL,2017-01,,32997.38
047456,MCCOMB LOCAL SCHOOL DISTRICT,2017-01,,16947.15
047464,VAN BUREN LOCAL SCHOOL,2017-01,,25559.37
047472,VANLUE LOCAL SCHOOL DISTRICT,2017-01,,5263.12
047498,HARDIN NORTHERN LOCAL SCHOOL,2017-01,,10531.8
047506,RIDGEMONT LOCAL SCHOOL,2017-01,,11966.51
047514,RIVERDALE LOCAL SCHOOL,2017-01,,24091.8
047522,UPPER SCIOTO VALLEY LOCAL,2017-01,,12204.1
047548,CONOTTON VALLEY LOCAL SCHOOL,2017-01,,9986.37
047571,HOLGATE LOCAL SCHOOL DISTRICT,2017-01,,10420.53
047589,LIBERTY CENTER LOCAL SCHOOL,2017-01,,26578.43
047597,PATRICK HENRY LOCAL SCHOOL,2017-01,,21652.48
047613,BRIGHT LOCAL SCHOOL DISTRICT,2017-01,,16154.55
047621,FAIRFIELD LOCAL SCHOOL,2017-01,,22530.8
047639,LYNCHBURG-CLAY LOCAL SCHOOL,2017-01,,29250.28
047688,EAST HOLMES LOCAL SCHOOL,2017-01,,39995.38
047696,WEST HOLMES LOCAL SCHOOL,2017-01,,55082.8
047712,MONROEVILLE LOCAL SCHOOL,2017-01,,15090.96
047720,NEW LONDON LOCAL SCHOOL,2017-01,,22656.5
047738,SOUTH CENTRAL LOCAL SCHOOL,2017-01,,18750.18
047746,WESTERN RESERVE BD OF EDUC,2017-01,,26306.19
047761,OAK HILL UNION LOCAL SCHOOL,2017-01,,29471.67
047787,BUCKEYE LOCAL SCHOOL DISTRICT,2017-01,,40662.1
047795,EDISON LOCAL SCHOOLS,2017-01,,36402.99
047803,INDIAN CREEK SCHOOL DISTRICT,2017-01,,51132.81
047829,CENTERBURG LOCAL SCHOOL,2017-01,,26787.68
047837,DANVILLE LOCAL SCHOOL DISTRICT,2017-01,,15184.63
047845,EAST KNOX LOCAL SCHOOL,2017-01,,22670.13
047852,FREDERICKTOWN LOCAL SCHOOL,2017-01,,31349.65
047878,KIRTLAND LOCAL BOARD OF,2017-01,,28078.47
047886,MADISON LOCAL SCHOOL DISTRICT,2017-01,,72966.72
047894,RIVERSIDE LOCAL SCH DIST.,2017-01,,100872.85
047902,PERRY LOCAL SCHOOL DISTRICT,2017-01,,41283.46
047928,DAWSON BRYANT LOCAL SCHOOL,2017-01,,27335.21
047936,FAIRLAND LOCAL SCHOOL DISTRICT,2017-01,,39897.54
047944,ROCK HILL LOCAL SCHOOL,2017-01,,33889.99
047951,SOUTH POINT LOCAL SCHOOLS,2017-01,,38750.69
047969,SYMMES VALLEY LOCAL SCHOOLS,2017-01,,18518.71
047985,JOHNSTOWN MONROE LOCAL SCHOOL,2017-01,,38374.76
047993,LAKEWOOD LOCAL SCHOOL DISTRICT,2017-01,,46150.67
048009,LICKING HEIGHTS LOCAL SCHOOLS,2017-01,,99102.78
048017,LICKING VALLEY LOCAL SCHOOL,2017-01,,48610.68
048025,NORTH FORK LOCAL SCHOOL,2017-01,,39932.78
048033,NORTHRIDGE LOCAL SCHOOL,2017-01,,29050.8
048041,SOUTHWEST LICKING LOCAL SCHOOL,2017-01,,96736.38
048074,BENJAMIN LOGAN LOCAL SCHOOL,2017-01,,42014.77
048082,INDIAN LAKE LOCAL SCHOOL,2017-01,,39699.18
048090,RIVERSIDE LOCAL SCHOOL,2017-01,,16581.46
048116,AVON LOCAL SCHOOL DISTRICT,2017-01,,104067.62
048124,AVON LAKE CITY SCHOOLS,2017-01,,90041.08
048132,CLEARVIEW BOARD OF EDUCATION,2017-01,,40031.49
048140,COLUMBIA LOCAL SCHOOL DISTRICT,2017-01,,21219.77
048157,FIRELANDS LOCAL SCHOOL,2017-01,,41178.13
048165,KEYSTONE LOCAL SCHOOLS,2017-01,,37650.99
048173,MIDVIEW LOCAL SCHOOL DISTRICT,2017-01,,73729.23
048207,ANTHONY WAYNE LOCAL SCHOOLS,2017-01,,103706.26
048215,OTTAWA HILLS LOCAL SCHOOL,2017-01,,21866.63
048223,SPRINGFIELD LOCAL SCH DIST.,2017-01,,93284.93
048231,WASHINGTON LOCAL SCHOOL,2017-01,,170020.83
048256,JEFFERSON LOCAL SCHOOL,2017-01,,30445.05
048264,JONATHAN ALDER LOCAL SCHOOL,2017-01,,52503.76
048272,MADISON PLAINS LOCAL SCHOOL,2017-01,,29656.17
048298,AUSTINTOWN LOCAL SCHOOL,2017-01,,121433.11
048306,BOARDMAN LOCAL SCHOOL DISTRICT,2017-01,,100753.52
048314,CANFIELD LOCAL SCHOOL DISTRICT,2017-01,,64683.94
048322,JACKSON-MILTON LOCAL SCHOOL,2017-01,,18250.15
048330,LOWELLVILLE LOCAL SCHOOLS,2017-01,,13333.44
048348,POLAND LOCAL SCHOOL DISTRICT,2017-01,,47288.33
048355,SEBRING LOCAL SCHOOL DISTICT,2017-01,,11923.64
048363,SOUTH RANGE LOCAL SCHOOL,2017-01,,31658.22
048371,SPRINGFIELD LOCAL BOARD OF EDU,2017-01,,25806.4
048389,WEST BRANCH LOCAL SCHOOL,2017-01,,50060.71
048397,WESTERN RESERVE LOCAL SCHOOLS,2017-01,,16726.61
048413,ELGIN LOCAL SCHOOL DISTRICT,2017-01,,25284.56
048421,PLEASANT LOCAL SCHOOL DISTRICT,2017-01,,29168.47
048439,RIDGEDALE LOCAL SCHOOLS,2017-01,,17376.32
048447,RIVER VALLEY LOCAL SCHOOL DIST,2017-01,,48096.31
048462,BLACK RIVER LOCAL SCHOOL,2017-01,,27526.18
048470,BUCKEYE LOCAL SCHOOL DISTRICT,2017-01,,56229.8
048488,CLOVERLEAF LOCAL SCHOOL,2017-01,,57377.49
048496,HIGHLAND LOCAL SCHOOL DISTRICT,2017-01,,75658.13
048512,EASTERN LOCAL SCHOOL DISTRICT,2017-01,,18477.04
048520,MEIGS LOCAL SCHOOL DISTRICT,2017-01,,42566.54
048538,SOUTHERN LOCAL SCHOOL DISTRICT,2017-01,,17829.14
048553,MARION LOCAL BOARD OF,2017-01,,20684.71
048579,PARKWAY SCHOOL BOARD OF EDUC,2017-01,,25169.76
048587,ST HENRY CONSOLIDATED LOCAL,2017-01,,23206.43
048595,FORT RECOVERY LOCAL SCHOOL,2017-01,,22261.1
048611,BETHEL LOCAL SCHOOL DISTRICT,2017-01,,30656.14
048629,MIAMI EAST LOCAL SCHOOLS,2017-01,,32691.79
048637,NEWTON LOCAL SCHOOL DISTRICT,2017-01,,13990.65
048652,SWITZERLAND OF OHIO LOCAL,2017-01,,51432.73
048678,BROOKVILLE LOCAL SCHOOL,2017-01,,34677.72
048686,JEFFERSON TOWNSHIP LOCAL,2017-01,,9389.1
048694,TROTWOOD MADISON CITY SCHOOLS,2017-01,,61505.74
048702,MAD RIVER LOCAL SCHOOL,2017-01,,92318.86
048710,NEW LEBANON LOCAL SCHOOLS,2017-01,,28600.58
048728,NORTHMONT CITY SCHOOLS,2017-01,,120831.87
048736,NORTHRIDGE LOCAL SCHOOL,2017-01,,38414.28
048744,VALLEY VIEW LOCAL SCHOOL,2017-01,,43752.37
048751,HUBER HEIGHTS CITY SCHOOLS,2017-01,,137429
048777,MORGAN LOCAL SCHOOL DISTRICT,2017-01,,44501.82
048793,CARDINGTON LINCOLN LOCAL,2017-01,,25078.28
048801,HIGHLAND LOCAL SCHOOL DISTRICT,2017-01,,43837.31
048819,NORTHMOR LOCAL SCHOOLS,2017-01,,26055.92
048835,EAST MUSKINGUM SCHOOL DISTRICT,2017-01,,53156.32
048843,FRANKLIN LOCAL SCHOOL DISTRICT,2017-01,,48908.2
048850,MAYSVILLE LOCAL SCHOOL DIST,2017-01,,54551.94
048876,TRI-VALLEY LOCAL SCHOOLS,2017-01,,75519.35
048884,WEST MUSKINGUM LOCAL SCHOOL,2017-01,,36423.15
048900,NOBLE LOCAL SCHOOL DISTRICT,2017-01,,22313.31
048926,BENTON CARROLL SALEM LOCAL,2017-01,,37865.96
048934,DANBURY LOCAL SCHOOLS,2017-01,,11618.88
048942,GENOA AREA LOCAL SCHOOL,2017-01,,32571.58
048975,PUT-IN-BAY LOCAL SCHOOL,2017-01,,1695.66
048991,ANTWERP LOCAL SCHOOL DISTRICT,2017-01,,17306.54
049031,WAYNE TRACE LOCAL SCHOOL,2017-01,,22700.91
049056,NORTHERN LOCAL SCHOOL DISTRICT,2017-01,,53684.22
049064,SOUTHERN LOCAL SCHOOL DISTRICT,2017-01,,15995.28
049080,LOGAN ELM LOCAL SCHOOL DIST,2017-01,,44504.86
049098,TEAYS VALLEY BOARD OF EDU,2017-01,,95081.94
049106,WESTFALL LOCAL SCHOOL DISTRICT,2017-01,,34227.83
049122,EASTERN LOCAL SCHOOL DISTRICT,2017-01,,21918.75
049130,SCIOTO VALLEY LOCAL SCHOOL,2017-01,,32410.7
049148,WAVERLY CITY SCHOOLS,2017-01,,46375.38
049155,WESTERN LOCAL SCHOOL DISTRICT,2017-01,,18888.78
049171,AURORA BOARD OF EDUCATION,2017-01,,69034.45
049189,CRESTWOOD LOCAL SCHOOLS,2017-01,,42208.02
049197,FIELD LOCAL SCHOOL DISTRICT,2017-01,,50573.81
049205,JAMES A GARFIELD LOCAL SCHOOLS,2017-01,,34820.07
049213,ROOTSTOWN LOCAL SCHOOL,2017-01,,29660.52
049221,SOUTHEAST LOCAL SCHOOLS,2017-01,,39112.2
049239,STREETSBORO CITY SCHOOLS,2017-01,,52652.27
049247,WATERLOO LOCAL BOARD OF EDU,2017-01,,26432.69
049270,NATIONAL TRAIL LOCAL SD,2017-01,,25317.16
049288,PREBLE SHAWNEE LOCAL SCHOOLS,2017-01,,32156.49
049296,TWIN VALLEY COMMUNITY LOCAL,2017-01,,21383.1
049312,COLUMBUS GROVE LOCAL SCHOOL,2017-01,,21618.19
049320,CONTINENTAL LOCAL SCHOOL,2017-01,,11349.12
049338,JENNINGS LOCAL SCHOOL DISTRICT,2017-01,,9312.17
049346,KALIDA LOCAL SCHOOL DISTRICT,2017-01,,14487.13
049353,LEIPSIC LOCAL SCHOOL DISTRICT,2017-01,,15588.55
049361,MILLER CITY-NEW CLEVELAND,2017-01,,11350.24
049379,OTTAWA GLANDORF LOCAL SCHOOL,2017-01,,36253.74
049387,OTTOVILLE LOCAL SCHOOL,2017-01,,10294.72
049395,PANDORA-GILBOA LOCAL BOARD OF,2017-01,,13551.9
049411,CLEARFORK VALLEY LOCAL SCHOOL,2017-01,,40487.83
049429,CRESTVIEW LOCAL SCHOOL,2017-01,,26480.85
049437,LEXINGTON LOCAL SCH DIST.,2017-01,,58600.05
049445,LUCAS LOCAL SCHOOL DISTRICT,2017-01,,13578.15
049452,MADISON LOCAL SCHOOLS,2017-01,,72785.1
049460,PLYMOUTH-SHILOH LOCAL SCHOOLS,2017-01,,18741.62
049478,ONTARIO LOCAL SCHOOLS,2017-01,,47926.63
049494,ADENA LOCAL SCHOOL DISTRICT,2017-01,,29814.01
049502,HUNTINGTON LOCAL SCH DIST.,2017-01,,29150.23
049510,PAINT VALLEY LOCAL SCHOOL,2017-01,,21593.87
049528,SOUTHEASTERN LOCAL SCHOOL,2017-01,,28387.96
049536,UNION-SCIOTO LOCAL SCHOOL,2017-01,,52258.41
049544,ZANE TRACE LOCAL SCHOOL,2017-01,,33393.04
049569,LAKOTA LOCAL SCHOOLS,2017-01,,26270.01
049577,WOODMORE LOCAL SCHOOL DISTRICT,2017-01,,25435.85
049593,BLOOM-VERNON LOCAL SCHOOL,2017-01,,21396.36
049601,CLAY LOCAL SCHOOL DISTRICT,2017-01,,15760.37
049619,GREEN LOCAL SCHOOL DISTRICT,2017-01,,13848.5
049627,MINFORD LOCAL SCHOOL DISTRICT,2017-01,,32810.44
049635,NORTHWEST LOCAL SCHOOL DIST,2017-01,,36041.24
049643,VALLEY LOCAL SCHOOL DISTRICT,2017-01,,24839.02
049650,WASHINGTON NILES LOCAL SCHOOL,2017-01,,35612.6
049668,WHEELERSBURG LOCAL SCHOOL,2017-01,,38075.61
049684,SENECA EAST LOCAL SCHOOL,2017-01,,22053.88
049700,HOPEWELL-LOUDON LOCAL SCHOOL,2017-01,,19997.31
049718,NEW RIEGEL LOCAL SCHOOL,2017-01,,8659.19
049726,OLD FORT LOCAL SCHOOL DISTRICT,2017-01,,14371.44
049759,ANNA LOCAL BOARD OF EDUCAION,2017-01,,29784.06
049767,BOTKINS LOCAL SCHOOL DISTRICT,2017-01,,16210.04
049775,FAIRLAWN LOCAL SCHOOL DISTRICT,2017-01,,15299.91
049783,FORT LORAMIE LOCAL SCHOOL,2017-01,,19443.15
049791,HARDIN-HOUSTON LOCAL SCHOOL,2017-01,,21088.62
049809,JACKSON CENTER LOCAL SCHOOL,2017-01,,11893.26
049817,RUSSIA LOCAL SCHOOL DISTRICT,2017-01,,9984.76
049833,CANTON LOCAL SCHOOL DISTRICT,2017-01,,45646.18
049841,FAIRLESS LOCAL BOARD OF,2017-01,,37818.93
049858,JACKSON LOCAL SCHOOL DISTRICT,2017-01,,144454.7
049866,LAKE LOCAL SCHOOL DISTRICT,2017-01,,82450.97
049874,LOUISVILLE CITY SCHOOLS,2017-01,,69889
049882,MARLINGTON LOCAL SCHOOL,2017-01,,55823.56
049890,MINERVA LOCAL SCHOOLS,2017-01,,46126.92
049908,NORTHWEST LOCAL SCHOOL,2017-01,,46138.59
049916,OSNABURG LOCAL SCHOOLS,2017-01,,19470.61
049924,PERRY LOCAL SCHOOL DISTRICT,2017-01,,112982.05
049932,PLAIN LOCAL SCHOOL DISTRICT,2017-01,,145039.37
049940,SANDY VALLEY LOCAL SCHOOL,2017-01,,33598.69
049957,TUSLAW LOCAL SCHOOLS,2017-01,,35625.47
049973,WOODRIDGE LOCAL SCHOOL,2017-01,,46694.6
049981,COPLEY-FAIRLAWN CITY SCHOOLS,2017-01,,68612.74
049999,COVENTRY LOCAL SCHOOL DISTRICT,2017-01,,49791.69
050005,MANCHESTER LOCAL SCHOOL,2017-01,,32353.51
050013,GREEN LOCAL SCHOOLS,2017-01,,97583.65
050021,HUDSON CITY SCHOOL DISTRICT,2017-01,,108279.46
050039,MOGADORE LOCAL SCHOOL DISTRICT,2017-01,,21005.55
050047,NORDONIA HILLS CITY SCHOOLS,2017-01,,86742.33
050054,REVERE LOCAL SCHOOL DISTRICT,2017-01,,62752
050062,SPRINGFIELD LOCAL SCH DIST.,2017-01,,53509.92
050070,TWINSBURG BOARD OF EDUCATION,2017-01,,96843.65
050096,BLOOMFIELD-MESPO LOCAL SCHOOL,2017-01,,6006.31
050112,BRISTOL LOCAL SCHOOL DISTRICT,2017-01,,14228.84
050120,BROOKFIELD LOCAL SCHOOL,2017-01,,24477.41
050138,CHAMPION LOCAL SCHOOL DISTRICT,2017-01,,34130.14
050153,MATHEWS LOCAL SCHOOL DISTRICT,2017-01,,17303.41
050161,HOWLAND LOCAL SCHOOL DISTRICT,2017-01,,65936.47
050179,JOSEPH BADGER LOCAL SCHOOL DIS,2017-01,,18662.18
050187,LAKEVIEW LOCAL BOARD,2017-01,,42472
050195,LIBERTY LOCAL BOARD OF EDU,2017-01,,27485.25
050203,LORDSTOWN LOCAL SCHOOL,2017-01,,12513.35
050211,MAPLEWOOD LOCAL BOARD OF EDU,2017-01,,17923.25
050229,MCDONALD BOARD OF EDUCATION,2017-01,,18304.43
050237,SOUTHINGTON LOCAL SCHOOL,2017-01,,12703.6
050245,LABRAE LOCAL SCHOOL DISTRICT,2017-01,,29256.44
050252,WEATHERSFIELD LOCAL SCHOOL,2017-01,,23872.41
050278,GARAWAY LOCAL SCHOOLS,2017-01,,29533.64
050286,INDIAN VALLEY LOCAL SCHOOLS,2017-01,,42031.77
050294,STRASBURG-FRANKLIN LOCAL,2017-01,,14504.1
050302,TUSCARAWAS VALLEY LOCAL SCHOOL,2017-01,,33131.89
050328,FAIRBANKS LOCAL SCHOOLS,2017-01,,26521.75
050336,NORTH UNION LOCAL SCHOOL,2017-01,,36709.88
050351,CRESTVIEW LOCAL SCHOOL,2017-01,,21060.66
050369,LINCOLNVIEW LOCAL SCH DIST.,2017-01,,21824
050393,VINTON COUNTY LOCAL SCHOOLS,2017-01,,48702.04
050419,CARLISLE LOCAL SCHOOLS,2017-01,,38084.61
050427,SPRINGBORO COMMUNITY SCHOOLS,2017-01,,142832.88
050435,KINGS LOCAL SCHOOL DISTRICT,2017-01,,101528.69
050443,LITTLE MIAMI LOCAL SCHOOL,2017-01,,107599.43
050450,MASON CITY SCHOOL DISTRICT,2017-01,,253115.51
050468,WAYNE LOCAL SCHOOL DISTRICT,2017-01,,36491.3
050484,FORT FRYE LOCAL SCHOOL,2017-01,,23970.82
050492,FRONTIER LOCAL SCHOOL DISTRICT,2017-01,,15659.63
050500,WARREN LOCAL SCHOOLS,2017-01,,52088.53
050518,WOLF CREEK LOCAL SCHOOL BD,2017-01,,15585.96
050534,CHIPPEWA LOCAL SCHOOLS,2017-01,,31413.31
050542,DALTON LOCAL SCHOOL DISTRICT,2017-01,,21096.85
050559,GREEN LOCAL SCHOOL DISTRICT,2017-01,,26258.46
050567,NORTH CENTRAL LOCAL SCHOOLS,2017-01,,33902.61
050575,NORTHWESTERN LOCAL SCH DIST.,2017-01,,33390.53
050583,SOUTHEAST LOCAL SCH DIST.,2017-01,,35128.17
050591,TRIWAY LOCAL SCHOOL DISTRICT,2017-01,,40211.59
050617,EDGERTON LOCAL SCHOOL DISTRICT,2017-01,,14924.19
050625,EDON NORTHWEST LOCAL SCHOOL,2017-01,,13203.45
050633,MILLCREEK WEST UNITY LOCAL,2017-01,,14064.56
050641,NORTH CENTRAL LOCAL SCHOOL,2017-01,,13825.35
050658,STRYKER LOCAL SCHOOL DISTRICT,2017-01,,8969.1
050674,EASTWOOD BOARD OF EDUCATION,2017-01,,35510.26
050682,ELMWOOD LOCAL SCHOOL DISTRICT,2017-01,,28189.09
050690,LAKE LOCAL SCHOOL DISTRICT,2017-01,,38825.09
050708,NORTH BALTIMORE BOARD OF,2017-01,,16122.05
050716,NORTHWOOD LOCAL SCHOOLS,2017-01,,23513.55
050724,OTSEGO LOCAL SCHOOL DISTRICT,2017-01,,36537.58
050740,MOHAWK BOARD OF EDUCATION,2017-01,,21936.96
050773,APOLLO JOINT VOCATIONAL,2017-01,,36549.61
050799,SOUTHERN HILLS JOINT,2017-01,,22437.77
050815,ASHTABULA COUNTY TECHNICAL &,2017-01,,24688.74
050856,BELMONT-HARRISON VOCATIONAL,2017-01,,23209.43
050880,BUTLER TECHNOLOGY & CAREER,2017-01,,281844.69
050906,COLUMBIANA COUNTY JOINT,2017-01,,9943.06
050922,CUYAHOGA VALLEY CAREER CENTER,2017-01,,20555.47
050948,POLARIS JOINT VOCATIONAL,2017-01,,62612.43
050963,FOUR COUNTY JOINT VOCATIONAL,2017-01,,33524
050989,DELAWARE AREA CAREER CENTER,2017-01,,33515
051003,EASTLAND-FAIRFIELD CAREER &,2017-01,,36952.72
051029,EHOVE JOINT VOCATIONAL SCHOOL,2017-01,,19341.67
051045,GREENE COUNTY JOINT VOCATIONAL,2017-01,,39850.18
051060,GREAT OAKS INSTITUTE OF TECH,2017-01,,239925.05
051128,JEFFERSON COUNTY JOINT,2017-01,,7270.22
051144,KNOX COUNTY CAREER CENTER,2017-01,,15447.29
051169,AUBURN VOCATIONAL SCHOOL DIST,2017-01,,15880.66
051185,LAWRENCE COUNTY JOINT,2017-01,,34175.71
051201,LICKING CNTY JOINT VOCATIONAL,2017-01,,38085.44
051227,LORAIN COUNTY JOINT,2017-01,,35580.62
051243,MAHONING COUNTY CAREER &,2017-01,,17417.05
051284,MIAMI VALLEY CAREER TECHNOLOGY,2017-01,,79810.43
051300,MIDEAST CAREER & TECHNOLOGY,2017-01,,28251.21
051334,OHIO HI POINT JOINT VOCATIONAL,2017-01,,67907.8
051359,PENTA COUNTY VOCATIONAL SCHOOL,2017-01,,103016.27
051375,PIKE COUNTY JOINT VOCATIONAL,2017-01,,10457.53
051391,MAPLEWOOD CAREER CENTER,2017-01,,14171.39
051417,PIONEER CAREER & TECHNOLOGY,2017-01,,57088.02
051433,PICKAWAY-ROSS COUNTY JOINT,2017-01,,70791.26
051458,VANGUARD SENTINEL CAREER CNTRS,2017-01,,38762.89
051474,WARREN COUNTY VOCATIONAL,2017-01,,60937.86
051490,SCIOTO COUNTY CAREER TECH CNTR,2017-01,,34652.18
051532,SPRINGFIELD-CLARK CAREER,2017-01,,22086.28
051607,TRI-COUNTY JOINT VOCATIONAL,2017-01,,10036.33
051631,TRUMBULL COUNTY JOINT,2017-01,,23715.82
051656,BUCKEYE JOINT VOCATIONAL,2017-01,,28103.33
051672,VANTAGE CAREER CENTER,2017-01,,13058.47
051698,WASHINGTON COUNTY JOINT,2017-01,,11392.47
051714,WAYNE CNTY JOINT VOCATIONAL SC,2017-01,,18660.13
061903,ADAMS CNTY-OH VALLEY SCHL DIST,2017-01,,90308.82
062026,STARK COUNTY AREA JOINT,2017-01,,17783.23
062042,ASHLAND CO WEST HOLMES JOINT,2017-01,,8576.65
062067,GALLIA JACKSON VINTON JOINT,2017-01,,38258.34
062109,MEDINA COUNTY CAREER CENTER,2017-01,,39526.39
062125,UPPER VALLEY JOINT VOCATIONAL,2017-01,,73097.39
062802,US GRANT JOINT VOCATIONAL,2017-01,,13945.54
063495,PORTAGE LAKES JOINT VOCATIONAL,2017-01,,15033.26
063511,TOLLES CAREER & TECH CENTER,2017-01,,36862.69
064964,COLLEGE CORNER LOCAL SCHOOL,2017-01,,2346.27
065227,COSHOCTON COUNTY JOINT,2017-01,,6255.77
065268,TRI-RIVERS JOINT VOCATIONAL,2017-01,,9233.1
065680,GALLIA COUNTY LOCAL SCHOOL,2017-01,,55759.28
069682,EAST GUERNSEY LOCAL SCHOOL,2017-01,,24359.22
091397,TRI-COUNTY NORTH LOCAL SCHOOL,2017-01,,22167.66
132746,SUMMIT ACADEMY COMMUNITY SCH,2017-01,,2121.15
132761,SUMMIT ACAD COMMU SCHL FOR,2017-01,,3723.53
132779,SUMMIT ACADEMY AKRON MIDDLE,2017-01,,1405.6
132795,LIFE SKILLS CENTER OF CLARK,2017-01,,4004.46
132803,LIFE SKILLS CENTER OF BUTLER,2017-01,,6004.31
132944,MIAMI VALLEY ACADEMIES,2017-01,,2359.19
132951,CONSTELLATN SCHLS LORAIN COMMU,2017-01,,4858.08
132969,CONSTELLATN SCHLS ELYRIA COMMU,2017-01,,12240.45
132985,YOUTH BUILD COLUMBUS,2017-01,,2786.52
132993,CONSTELLATN SCHLS W.PARK COMM,2017-01,,7335.35
133215,INTERGENERATIONAL SCHOOL,2017-01,,5787.3
133256,CONSTELLTN SCHLS PARMA COMMU,2017-01,,31723.2
133264,DOHN COMMUNITY HIGH SCHOOL,2017-01,,11880.29
133280,WASHINGTON PARK COMMUNITY,2017-01,,4763.21
133306,SUMMIT ACAD COMMU SCHL FOR,2017-01,,3699.18
133322,SUMMIT ACAD COMMU SCHL  FOR,2017-01,,2905.32
133330,TCP WORLD ACADEMY,2017-01,,11689.92
133348,RICHARD ALLEN PREPARATORY,2017-01,,2716.64
133389,LIGHTHOUSE COMMUNITY SCHOOL,2017-01,,1452.3
133413,ELECTRONIC CLASSROOM OF,2017-01,,331205.89
133421,GRAHAM SCHOOL,2017-01,,6168.46
133439,CORNERSTONE ACADEMY,2017-01,,16672.01
133454,DAYTON VIEW ACADEMY,2017-01,,5623.93
133488,EDUCATIONAL DEVELOPMENT CENTER,2017-01,,3599.01
133504,PHOENIX COMMUNITY LEARNING,2017-01,,12189.8
133512,LKH VICTORY CORP,2017-01,,22879.75
133520,CITIZENS ACADEMY,2017-01,,10074.22
133538,EDGE LEARNING INC,2017-01,,5884.47
133561,MILLENNIUM COMMUNITY SCHOOL,2017-01,,14790.01
133587,SUMMIT ACAD AKRON ELEMENT SCH,2017-01,,3121.07
133629,HORIZON SCIENCE ADADEMY -,2017-01,,11122.28
133660,HORIZON EDUCATIONAL SERVICES,2017-01,,11908.22
133678,RIVERSIDE COMMUNITY SCHOOL INC,2017-01,,7475.78
133736,RICHARD ALLEN ACADEMY INC,2017-01,,1691.94
133785,LIFE SKILLS CENTER OF,2017-01,,3309.35
133801,LIFE SKILLS CENTER OF,2017-01,,1672.35
133819,HOPE ACAD LINCOLN PARK CAMPUS,2017-01,,5239.53
133835,LIFE SKILLS CENTER OF,2017-01,,9002.52
133868,LIFE SKILLS CENTER OF AKRON,2017-01,,6384.8
133942,TOLEDO SCHOOL FOR THE ARTS,2017-01,,16478.48
133959,DAYTON LEADERSHIP ACAD.-DAYTON,2017-01,,3574.53
134072,YOUNGSTOWN COMMUNITY SCHL INC,2017-01,,7742
134098,CONSTELLATN SCHLS OLD BROOKLYN,2017-01,,8002.24
134122,MULTIPLE OPTNS FOR DEVELOPMENT,2017-01,,2623.2
134148,AURORA ACADEMY,2017-01,,5079.4
134197,HOPE ACADEMY CHAPELSIDE CAMPUS,2017-01,,5096.64
134213,HOPE ACADEMY UNIVERSITY,2017-01,,4907.7
134221,HOPE ACADEMY BROWN ST CAMPUS,2017-01,,5574.76
134247,CITY DAY COMMUNITY SCHOOL INC,2017-01,,3169.42
139303,MONROE LOCAL SCHOOL DISTRICT,2017-01,,65783.84
142901,LIFE SKILLS CENTER OF CANTON,2017-01,,2481.51
142919,LIFE SKILLS CENTER OF ELYRIA,2017-01,,3048.21
142927,FOCUS LEARNING ACADEMY OF,2017-01,,6382.85
142935,FOCUS LEARNING ACADEMY OF,2017-01,,4167.88
142943,FOCUS LEARNING ACADEMY OF,2017-01,,10193.44
142950,OHIO VIRTUAL ACADEMY INC,2017-01,,207145.39
142968,HOPE ACAD NORTHCOAST ACAD,2017-01,,6906.66
143115,MOUND STREET IT ACADEMY,2017-01,,1406.1
143123,MOUND STREET MILITARY ACADEMY,2017-01,,1382.15
143131,MOUND STREET HEALTH CAREER,2017-01,,1382.17
143172,INTERNATIONAL ACADEMY OF,2017-01,,7049.67
143198,GREAT WESTERN ACADEMY,2017-01,,17338.38
143206,TROTWOOD FITNESS &,2017-01,,7911.63
143214,MIDDLETOWN FITNESS &,2017-01,,5503.81
143297,AUTISM ACADEMY OF LEARNING,2017-01,,1287.68
143305,TRECA DIGITAL ACADEMY,2017-01,,44220.35
143313,HOPE ACADEMY CUYAHOGA CAMPUS,2017-01,,5834.94
143396,OHIO DISTANCE EDUCATION &,2017-01,,33296.49
143479,CONSTELLATION SCHOOLS PURITAS,2017-01,,4739.59
143487,CONSTELLATION SCHLS STOCKYARD,2017-01,,6501.78
143529,NORTH DAYTON SCHOOL OF SCIENCE,2017-01,,14156.41
143537,VIRTUAL COMMUNITY SCHOOL,2017-01,,16095.99
143552,EAGLE ACADEMY,2017-01,,3195.34
143560,RICHARD ALLEN ACADEMY II,2017-01,,6434.18
143578,RICHARD ALLEN ACADEMY III,2017-01,,3859.72
143602,HAMILTON COUNTY MATHEMATICS &,2017-01,,14761.54
143610,ARTS & COLLEGE PREPARATORY,2017-01,,9289.35
143644,SCIOTOVILLE COMMUNITY SCHOOL,2017-01,,6471.3
147231,SCHNEE LEARNING CENTER,2017-01,,2549.3
148916,MARION CITY DIGITAL ACADEMY,2017-01,,3455.39
148932,FRANKLIN LOCAL COMMU SCHOOL,2017-01,,1987.27
148981,TOMORROW CENTER,2017-01,,2819.6
148999,MAHONING UNLIMITED CLASSROOM,2017-01,,3583.87
149047,GOAL DIGITAL ACADEMY,2017-01,,10282.93
149054,AKRON DIGITAL ACADEMY,2017-01,,7480.81
149062,URBANA COMMUNITY SCHOOL,2017-01,,1171.89
149088,FAIRBORN DIGITAL ACADEMY,2017-01,,4652.91
149302,LIFE SKILLS CENTER OF TOLEDO,2017-01,,2265.34
149328,FOXFIRE HIGH SCHOOL,2017-01,,7449.24
149427,MASSILLON DIGITAL ACADEMY,2017-01,,811.28
151027,LONDON ACADEMY,2017-01,,5775.26
151035,PLEASANT COMMUNITY DIGITAL,2017-01,,2430.92
151142,LORAIN HIGH SCHOOL DIGITAL,2017-01,,2167.08
151167,RIDGEDALE COMMUNITY SCHOOL,2017-01,,548.1
151175,WEST CENTRAL LEARNING ACADEMY,2017-01,,2173.17
151183,LIFE SKILLS CNTR OF LAKE ERIE,2017-01,,6025.46
151191,LIFE SKILLS CENTER OF SUMMIT,2017-01,,1988.73
151209,LIFE SKILLS CENTER OF,2017-01,,2405.42
000125,POLLY FOX ACADEMY,2017-08,1,1453.79
000130,PHOENIX ACADEMY,2017-08,3,10837.56
000131,GLASS CITY ACADEMY INC,2017-08,1,5101.47
000138,PATHWAY SCHOOL OF DISCOVERY,2017-08,3,19891.63
000139,ALLIANCE ACADEMY,2017-08,2,13327.03
000162,NEWARK DIGITAL ACADEMY,2017-08,5,9493.11
000197,HAMILTON ALTERNATIVE ACADEMY,2017-08,1,501.46
000222,WILDWOOD ENVIRONMENTAL ACADEMY,2017-08,2,9278.13
000236,OHIO CONNECTIONS ACADEMY INC,2017-08,88,87688.25
000241,QUAKER DIGITAL ACADEMY,2017-08,43,20092.69
000282,GREATER OHIO VIRTUAL SCHOOL,2017-08,14,14644.33
000288,AUGLAIZE COUNTY EDUCATIONAL,2017-08,5,2492.7
000296,SUMMIT ACAD. COMM. SCHOOL,2017-08,1,976.53
000297,SUMMIT ACAD. COMM. SCHOOL DAY,2017-08,5,3857.08
000298,SUMMIT ACADEMY SECONDARY,2017-08,2,2006.83
000300,SUMMIT ACAD. SEC. SCHOOL,2017-08,2,2486.53
000301,SUMMIT ACAD. SEC. SCHOOL LOR,2017-08,1,1451.64
000302,SUMMIT ACAD. COMM. SCHOOL PAR,2017-08,3,5199.67
000303,SUMMIT ACAD. SEC. SCHOOL,2017-08,3,6300.42
000304,SUMMIT ACAD. COMM. SCHOOL TOL,2017-08,1,1770.98
000305,SUMMIT ACAD. COMM. SCHOOL WAR,2017-08,1,2853.29
000306,SUMMIT ACAD. COMM. SCHOOL,2017-08,3,3114.75
000311,BRIDGES COMMUNITY ACADEMY,2017-08,3,4191.24
000316,CONSTELLATION SCHOOLS WESTPARK,2017-08,1,5542.59
000318,MENLO PARK ACADEMY,2017-08,6,10716.88
000319,CONSTELLATION SCH MADISON,2017-08,1,7812.42
000320,CONSTELLATION SCHOOLS LORAIN,2017-08,2,3008.86
000321,CONSTELLATION SCH OLD BROOKLYN,2017-08,1,6598.33
000338,HORIZON SCI ACADEMY,2017-08,2,14273.63
000360,MIAMISBURG SECONDARY DIGITAL,2017-08,1,1479.2
000396,MANSFIELD ELECTIVE ACADEMY,2017-08,2,952.16
000402,FINDLAY DIGITAL ACADEMY,2017-08,1,4562.38
000417,BUCKEYE ON-LINE SCH FOR SUCCS,2017-08,56,20328.04
000442,MANCHESTER LOCAL SCHOOL DIST,2017-08,3,23277.82
000509,WHITEHALL PREPARATORY &,2017-08,3,7548.48
000510,SPRINGFIELD PREPARATORY &,2017-08,1,3802.43
000511,NORTHLAND PREPARATORY &,2017-08,1,7310.8
000525,PROJECT REBUILD COMMUNITY SCHL,2017-08,1,2485.88
000527,CASTLE HIGH SCHOOL INC,2017-08,1,3088.02
000534,CONSTELLATION SCHOOLS PURITAS,2017-08,2,3457.52
000541,CONSTELLATION SCH OUTREACH,2017-08,11,634.16
000543,PINNACLE ACADEMY,2017-08,3,19689.57
000546,WINTERFIELD VENTURE ACADEMY,2017-08,1,12687.6
000553,COLUMBUS HUMANITIES ARTS &,2017-08,2,13222.83
000556,A+ ARTS ACADEMY,2017-08,1,16020.42
000557,COLUMBUS ARTS &,2017-08,2,14489.69
000558,COLUMBUS PREPARATORY ACADEMY,2017-08,3,17762.51
000559,ORION ACADEMY,2017-08,1,14303.45
000560,APEX ACADEMY,2017-08,2,15360.96
000575,HOPE ACADEMY NORTHWEST CAMPUS,2017-08,1,6360.79
000576,KING ACADEMY COMMUNITY SCHOOL,2017-08,2,3562.81
000577,EMERSON ACADEMY,2017-08,2,16693.85
000598,COSHOCTON OPPORTUNITY SCHOOL,2017-08,1,1244.96
000608,SUMMIT ACADEMY TRANSITION HIGH,2017-08,4,1979.68
000609,SUMMIT ACAD. MIDDLE SCH LORAIN,2017-08,1,2190.66
000610,SUMMIT ACAD. MIDDLE SCH COL.,2017-08,2,1240.94
000613,HEIR FORCE COMMUNITY SCHOOL,2017-08,2,6799.87
000614,SUMMIT ACADEMY TRANSITION HIGH,2017-08,2,1557.49
000616,SUMMIT ACAD. SCH FOR ALT.,2017-08,1,2245.65
000621,SUMMIT ACADEMY TRANSITION HIGH,2017-08,5,3884.18
000623,SUMMIT ACADEMY - YOUNGSTOWN,2017-08,2,5532.22
000629,SUMMIT ACADEMY COMMUNITY,2017-08,4,1902.44
000633,SUMMIT ACAD. TOLEDO LEARN,2017-08,2,3568.39
000634,SUMMIT ACADEMY SECONDARY,2017-08,5,2852.55
000640,RITTMAN ACADEMY,2017-08,3,1032.45
000664,LIFE SKILLS CENTER OF COLUMBUS,2017-08,3,2164.35
000677,NEW DAY ACADEMY BOARDING,2017-08,2,3721.69
000679,OAKSTONE COMMUNITY SCHOOL,2017-08,8,7048.93
000725,ZENITH ACADEMY,2017-08,1,13777.03
000736,PHOENIX VILL. ACAD. PRIMARY 2,2017-08,1,3246.38
000738,PHOENIX VILL. ACAD. SEC. 1,2017-08,1,2797.69
000770,MARITIME ACADEMY OF TOLEDO INC,2017-08,1,7004.61
000779,EDUCATIONAL ACADEMY FOR BOYS,2017-08,1,3378.28
000780,MIDNIMO CROSS CULTURAL MIDDLE,2017-08,1,3114.35
000804,HORIZON SCIENCE ACADEMY,2017-08,1,8471.23
000808,HORIZON SCIENCE ADADEMY DAYTON,2017-08,1,4226.28
000813,LIFE SKILLS CENTER OF DAYTON,2017-08,5,3222.75
000825,HORIZON SCIENCE ACADEMY,2017-08,1,9039.91
000838,HORIZON SCIENCE ACADEMY-,2017-08,2,7574.91
000843,BENNETT VENTURE ACADEMY,2017-08,2,17842.34
000855,STAMBAUGH CHARTER ACADEMY,2017-08,2,10750.21
000858,HORIZON SCIENCE ACAD CLEVELAND,2017-08,1,9026.51
000875,WESTSIDE ACADEMY INC,2017-08,1,5410.52
000905,IMAC INC,2017-08,1,1031.54
000912,ACADEMIC ACCELERATION ACADEMY,2017-08,2,4565.98
000930,CLEVELAND ENTREPRENEURSHIP,2017-08,2,7759.69
000936,PROMISE ACADEMY,2017-08,3,5780.27
000938,PREMIER ACADEMY OF OHIO,2017-08,1,1504.39
000941,PAR EXCELLENCE ACADEMY,2017-08,2,3940.04
000942,LAKEWOOD CITY ACADEMY,2017-08,2,3325.55
000951,TOLEDO PREP. AND FITNESS ACAD,2017-08,2,5577.33
000952,COLUMBUS PREPARATORY,2017-08,1,8762.4
000953,CINCINNATI PREPARATORY &,2017-08,2,6782.29
007984,YOUNGSTOWN ACAD OF EXCELLENCE,2017-08,1,3892.43
007995,CLEVELAND ARTS  SCI.,2017-08,1,8604.22
007998,CENTER FOR STUDENT ACHIEVEMENT,2017-08,1,557.14
007999,CHARLES SCHOOL,2017-08,5,9026.84
008000,MANSFIELD PREPARATORY ACADEMY,2017-08,1,8789.05
008063,LIFE SKILLS CTR OF NORTH AKRON,2017-08,2,2455.81
008064,ACADEMY OF ARTS,2017-08,2,3932.71
008251,MAHONING VALLEY,2017-08,1,2065.37
008278,NOBLE ACADEMY-CLEVELAND INC,2017-08,3,11111.77
008280,NOBLE ACADEMY-COLUMBUS INC,2017-08,1,8920.76
008281,SOUTH SCIOTO ACADEMY,2017-08,1,5120.2
008282,LIFE SKILLS CTR OF COL. NORTH,2017-08,2,2322.57
008283,DAYTON TECH. DESIGN HIGH SCH,2017-08,1,3618.75
008286,HARVARD AVE COMMUNITY SCHOOL,2017-08,1,9871.1
008287,GROVEPORT COMMUNITY SCHOOL,2017-08,2,20190.82
008289,EAGLE LEARNING CENTER INC,2017-08,4,2167.66
009122,COLUMBUS COLLEGIATE,2017-08,1,5621.66
009147,NORTHPOINTE ACADEMY,2017-08,1,8881.32
009148,ZANESVILLE COMM. HIGH SCH,2017-08,2,3877.72
009149,CONSTELLATION SCHOOLS WESTSIDE,2017-08,2,9501.62
009164,CENTRAL ACADEMY OF OHIO,2017-08,1,3806.28
009171,STAR ACADEMY OF TOLEDO,2017-08,1,4995.74
009179,HORIZON SCIENCE ACADEMY INC,2017-08,2,11533.64
009181,CLAY AVENUE COMMUNITY SCHOOL,2017-08,1,12264.68
009192,FOUNDATION ACADEMY,2017-08,3,10024.63
009283,DAYTON EARLY COLLEGE ACAD.,2017-08,1,7316.75
009953,SULLIVANT AVE COMM. SCHOOL,2017-08,1,9158.3
009954,HARRISBURG PIKE COMM. SCHOOL,2017-08,1,7574.73
009955,MADISON AVENUE SCHOOL OF ARTS,2017-08,1,14432.14
009957,KLEPINGER COMMUNITY SCHOOL,2017-08,2,11120.38
009964,SCIOTOVILLE ELEMENTARY ACADEMY,2017-08,2,3493.02
009971,ASHLAND CTY COMM. ACADEMY,2017-08,5,2713.97
009990,HORIZON SCI. ACAD. ELEMENTARY,2017-08,1,13671.46
009996,MAHONING COUNTY HIGH SCHOOL,2017-08,2,2277.14
009997,KIPP CENTRAL OHIO,2017-08,4,27343.28
010007,HORIZON SCI. ACAD. DENISON,2017-08,1,3431.13
010036,CESAR CHAVEZ COLLEGE PREP.,2017-08,1,8392.91
010180,MOUNT AUBURN INT. ACAD.,2017-08,1,10503.27
010182,PERFORMANCE ACADEMY EASTLAND,2017-08,1,8472.08
010205,L HOLLINGWORTH SCH FOR TAL.,2017-08,1,8987.05
011291,VILLAGE PREPARATORY SCHOOL,2017-08,3,10293.39
011324,HARDIN COMMUNITY SCHOOL,2017-08,1,1191.12
011381,GREATER SUMMIT CTY EARLY LEARN,2017-08,3,3406.34
011390,BELLA ACADEMY OF EXCELLENCE,2017-08,2,7627.78
011439,RENAISSANCE ACADEMY,2017-08,3,4856.46
011444,RUSHMORE ACADEMY,2017-08,4,9226.6
011468,COLUMBUS BILINGUAL ACAD. - N.,2017-08,2,9263.86
011479,LIFELINKS COMMUNITY SCHOOL,2017-08,4,1930.27
011506,DAYTON REGIONAL STEM SCHOOL,2017-08,8,16834.27
011507,ACHIEVE CAREER PREP. ACAD.,2017-08,1,2643.25
011511,NORTH CENTRAL ACADEMY,2017-08,4,1798.13
011533,HORIZON SCI. ACAD. OF LORAIN,2017-08,1,16997.44
011534,HORIZON SCIENCE ACADEMY DAYTON,2017-08,1,8029.94
011923,NORTHEAST OHIO COLLEGE PREP.,2017-08,2,13988.48
011947,IMAGINE AKRON ACADEMY,2017-08,2,1478.66
011956,RCCS,2017-08,2,1926.72
011967,RICHLAND ACAD. SCH OF EXC.,2017-08,4,6956.42
011972,GRAHAM EXPED. MIDDLE SCHOOL,2017-08,2,3615.82
011976,HORIZON SCIENCE ACADEMY DAYTON,2017-08,1,5414.92
011986,HORIZON SCI. ACAD. YOUNGSTOWN,2017-08,2,10406.16
012000,CRUISER ACADEMY,2017-08,1,4513.17
012009,ZENITH ACADEMY-EAST,2017-08,2,9026.59
012010,CLEVELAND COLLEGE PREP.,2017-08,1,7310.95
012011,COLUMBUS PERFORMANCE ACADEMY,2017-08,1,4777.09
012025,CONSTELLATION SCH STOCKYARD,2017-08,1,2005.89
012026,CONSTELLATION SCHOOLS CENTRAL,2017-08,2,3378.37
012029,CITIZENS LEADERSHIP ACADEMY,2017-08,1,6915.05
012030,NEAR WEST SCHOOL,2017-08,4,5542.62
012031,ENTREPRENEURSHIP PREP. SCHOOL,2017-08,1,7205.37
012033,FOXFIRE INTERMEDIATE SCHOOL,2017-08,3,849.41
012036,THURGOOD MARSHALL HIGH SCHOOL,2017-08,2,4381.32
012037,NEW BEGINNINGS ACADEMY,2017-08,1,3510.24
012038,LANGSTON HUGHES HIGH SCHOOL,2017-08,1,3510.31
012040,ROAD TO SUCCESS ACADEMY,2017-08,1,2375.35
012041,THE ARCH ACADEMY,2017-08,1,4645.13
012042,GEORGE V VOINOVICH RECLAMATION,2017-08,1,2190.64
012043,FREDERICK DOUGLASS RECLAMATION,2017-08,3,3061.65
012044,CAPITAL HIGH SCHOOL,2017-08,1,4803.49
012045,PATRIOT PREPARATORY ACADEMY,2017-08,3,14252.94
012054,NORTH CENTRAL ACADEMY FREMONT,2017-08,5,2653.15
012060,AKROS MIDDLE SCHOOL,2017-08,1,3247.73
012078,QUEST COMMUNITY SCHOOL,2017-08,2,1926.71
012105,SOUTHSIDE ACADEMY INC,2017-08,1,4316.09
012391,METRO EARLY COLLEGE HIGH SCH,2017-08,7,17763.59
012497,PICKERINGTON COMMUNITY SCHOOL,2017-08,2,2431.89
012501,BEACON HILL COMMUNITY SCHOOL,2017-08,3,1719.66
012513,CINCINNATI COLLEGE PREPARATORY,2017-08,1,5278.03
012528,ACADEMY FOR URBAN SOLUTIONS,2017-08,1,7126.05
012529,FOCUS NORTH HIGH SCHOOL,2017-08,1,5727.23
012536,UBAH MATH  ACADEMY,2017-08,1,5595.27
012541,UNIVERSITY OF CLEVELAND PREP.,2017-08,1,9765.52
012545,IMAGINE WOODBURY ACADEMY,2017-08,1,2747.08
012558,GLOBAL VILLAGE ACADEMY INC,2017-08,1,4090.96
012627,STEAM ACADEMY OF YOUNGSTOWN,2017-08,2,4330.33
012644,STEAM ACADEMY OF WARREN,2017-08,3,4439.48
012671,CONSTELLATION SCH EASTSIDE,2017-08,1,3061.62
012684,BROADWAY ACADEMY,2017-08,1,7047.01
012852,CITIZENS ACADEMY EAST,2017-08,1,10398.96
012867,TOWNSEND NORTH COMM. SCH,2017-08,19,27403.09
012924,DECA PREP,2017-08,1,21316.31
012951,COLUMBUS COLLEGIATE ACAD. - W.,2017-08,1,5357.73
013030,GRAHAM PRIMARY SCHOOL,2017-08,1,6360.66
013034,VILLAGE PREP. SCH:WOODLA,2017-08,1,10478.14
013059,WEST CARROLTON SEC. ACAD.,2017-08,1,2007.48
013082,THE HALEY SCHOOL,2017-08,2,5832.95
013132,LAKE ERIE COLLEGE PREP.,2017-08,1,7706.85
013146,STEAM Academy of Dayton,2017-08,1,6841.3
013147,STEAM ACAD. OF WARRENSVILLE,2017-08,2,5278.73
013148,STEPSTONE ACADEMY,2017-08,2,7522.09
013170,HOPE ACADEMY FOR AUTISM,2017-08,3,1717.53
013173,IMAGINE HILL AVENUE,2017-08,1,3964.87
013175,KIDS UNLIMITED ACADEMY,2017-08,1,7982.61
013195,ACADEMY OF EDU. EXCELLENCE,2017-08,2,3145.6
013198,BROOKWOOD ACADEMY,2017-08,2,2454.58
013199,NEXUS ACADEMY OF CLEVELAND,2017-08,2,4117.38
013200,NEXUS ACADEMY OF TOLEDO,2017-08,2,2299.67
013201,NEXUS ACADEMY OF COLUMBUS,2017-08,4,2877.43
013226,LIFE SKILLS HIGH SCH OF CLEVE,2017-08,1,2692.12
013232,A+ CHILDRENS ACADEMY,2017-08,4,3220.05
013233,SOUTHERN OHIO ACADEMY,2017-08,2,1376.19
013249,ACADEMY FOR URB. SCH. YOUNGSTO,2017-08,1,4024.82
013253,OHIO COLLEGIATE ACADEMY,2017-08,1,7548.49
013254,AKRON PREPARATORY SCHOOL,2017-08,2,5333.77
013255,CANTON COLL. PREP. SCH,2017-08,1,5527.11
013864,CINCINNATI TECHNOLOGY ACADEMY,2017-08,1,4143.25
013892,FRANKLINTON PREP. ACAD.,2017-08,3,4090.97
013930,GLOBAL IMPACT STEM ACADEMY,2017-08,5,9033.7
013962,LIBERTY PREPARTORY SCHOOL,2017-08,2,1853.35
013967,CINCINNATI LEARNING SCHOOLS,2017-08,1,5647.49
013994,ALBERT EINSTEIN ACAD.,2017-08,3,5701.03
013999,Rise & Shine Academy,2017-08,1,1956
014051,NORTHMONT SECONDARY ACADEMY,2017-08,1,950.91
014061,CHAPELSIDE CLEVELAND ACADEMY,2017-08,1,6255.21
014063,UNIVERSITY ACADEMY,2017-08,1,4356.71
014064,WINTON PREPARATORY ACADEMY,2017-08,1,10160.2
014065,LINCOLN PARK ACADEMY,2017-08,1,5753.74
014066,MAIN ST PREP. ACAD.,2017-08,1,2534.81
014067,OHIO CONSTRUCTION ACADEMY,2017-08,2,580.65
014081,INSIGHT SCHOOL OF OHIO,2017-08,80,44703
014090,BERWYN EAST ACADEMY,2017-08,2,4196.54
014091,HOPE LEARNING ACAD. OF TOLEDO,2017-08,2,1533.1
014094,LAWRENCE COUNTY ACADEMY,2017-08,1,1214.65
014121,IMAGINE LEADERSHIP ACADEMY,2017-08,1,4647.15
014139,IMAGINE COL. PRIMARY SCHOOL,2017-08,1,5700.84
014147,EAST PREPARATORY ACADEMY,2017-08,3,5278.82
014148,PROVOST ACADEMY OHIO,2017-08,22,1743.8
014149,DAYTON SMART ELEMENTARY SCHOOL,2017-08,1,3169.71
014187,EAST ACADEMY,2017-08,1,7812.42
014188,DISCOVERY ACADEMY,2017-08,1,7506.83
014189,WEST PARK ACADEMY,2017-08,3,5885.73
014194,WATKINS ACADEMY,2017-08,1,2826.33
014231,BIO-MED SCI. ACAD. STEM SCH,2017-08,7,8846.05
014467,UNITED PREPARATORY ACADEMY,2017-08,1,4724.31
014825,BUCKEYE PREP. ACADEMY,2017-08,1,4354.81
014830,UTICA SHALE ACAD. OF OHIO,2017-08,3,1744.43
014858,REACH ACADEMY,2017-08,2,6475.98
014864,TOLEDO SMART ELEM. SCH.,2017-08,1,3806.28
014877,METRO INSTITUTE OF TECHNOLOGY,2017-08,6,4249.61
014904,T2 HONORS ACADEMY,2017-08,1,2692.12
014912,NORWOOD CONVERSION COMM.,2017-08,1,738.92
014913,LAKESHORE INTERGENERATIONAL,2017-08,2,4618.85
014927,STEEL ACADEMY,2017-08,3,2719.79
014932,CINCINNATI GENERATION ACAD.,2017-08,2,2216.78
014943,VALLEY STEM+ME2 ACADEMY,2017-08,5,2224.14
015234,ZENITH ACADEMY WEST,2017-08,1,5780.02
015236,CLARK PREPARATORY ACADEMY,2017-08,1,2693.39
015237,FLEX HIGH SCHOOL,2017-08,1,3246.31
015238,FOXFIRE EAST ACADEMY,2017-08,5,1589.27
015239,STONEBROOK MONTESSORI,2017-08,1,2533.76
015241,OHIO VALLEY ENERGY TECHNOLOGY,2017-08,2,1032.7
015261,CITIZENS ACADEMY SOUTHEAST,2017-08,2,6730.41
015329,ISTEM GEAUGA EARLY COLLEGE HS,2017-08,2,2484.88
015709,BEACON ACADEMY,2017-08,2,4204.18
015710,BRIDGE GATE COMMUNITY SCHOOL,2017-08,1,1240.46
015713,EAST BRANCH PREPATORY ACAD.,2017-08,1,3067.68
015714,URBAN EARLY COLLEGE NETWORK,2017-08,1,3196.13
015722,VILLAGE PREP SCHOOL WILLIARD,2017-08,1,1794.74
015736,iLEAD SPRING MEADOWS,2017-08,1,2061.73
015737,GLOBAL AMBASS. LANG. ACAD.,2017-08,4,1557.31
015741,WESTWOOD PREPARTORY ACAD,2017-08,3,5807.34
043489,AKRON CITY SCHOOLS,2017-08,1,553882.67
043497,ALLIANCE CITY BOARD OF EDU,2017-08,3,73560.54
043505,ASHLAND CITY BOARD OF,2017-08,2,86810.86
043513,ASHTABULA AREA CITY SCHOOL,2017-08,1,93985.09
043521,ATHENS CITY SCHOOL DISTRICT,2017-08,1,69047.07
043539,BARBERTON BOARD OF EDUCATION,2017-08,1,98408.77
043547,BAY VILLAGE CITY SCHOOL,2017-08,1,65640.16
043554,BEACHWOOD BOARD OF EDUCATION,2017-08,1,36633.91
043562,BEDFORD BOARD OF EDUCATION,2017-08,2,85487.93
043570,BELLAIRE CITY SCHOOL DISTRICT,2017-08,1,31547.5
043588,BELLEFONTAINE CITY SCHOOL,2017-08,1,65725.36
043596,BELLEVUE CITY SCHOOL DISTRICT,2017-08,4,52841.92
043604,BELPRE CITY SCHOOL DISTRICT,2017-08,1,27256.73
043612,BEREA CITY SCHOOL DISTRICT,2017-08,1,161685.4
043620,BEXLEY CITY SCHOOL DISTRICT,2017-08,1,62392.54
043638,BOWLING GREEN SCHOOL DISTRICT,2017-08,1,80213.01
043646,BRECKSVILLE BROADVIEW HEIGHTS,2017-08,2,101825.42
043653,BROOKLYN LOCAL SCHOOL DISTRICT,2017-08,1,34284.91
043661,BRUNSWICK CITY SCHOOL DISTRICT,2017-08,2,194459.2
043679,BRYAN CITY SCHOOLS,2017-08,1,54471.56
043687,BUCYRUS CITY SCHOOL DISTRICT,2017-08,1,34128.36
043695,CAMBRIDGE CITY BOARD OF,2017-08,2,54242.14
043703,CAMPBELL CITY SCHOOLS,2017-08,1,29868.41
043711,CANTON CITY SCHOOL DISTRICT,2017-08,1,226003.46
043729,CELINA CITY BOARD OF EDU,2017-08,2,68160.07
043737,CENTERVILLE CITY SCHOOL,2017-08,3,211367.02
043745,CHILLICOTHE CITY SCHOOL,2017-08,1,75321.57
043752,CINCINNATI PUBLIC SCHOOLS,2017-08,1,875888.51
043760,CIRCLEVILLE CITY SCHOOL,2017-08,2,55591.29
043778,CLAYMONT CITY BOARD OF EDU,2017-08,3,54268.72
043786,CLEVELAND CITY SCHOOL DISTRICT,2017-08,1,995977.82
043794,CLEVELAND HEIGHTS UNIVERSITY,2017-08,1,134421.11
043802,COLUMBUS PUBLIC SCHOOL,2017-08,1,1309913.41
043810,CONNEAUT AREA CITY SCHOOLS,2017-08,1,44427.39
043828,COSHOCTON CITY SCHOOL DISTRICT,2017-08,1,41772.42
043836,CUYAHOGA FALLS CITY SCHOOLS,2017-08,1,126265.29
043844,DAYTON CITY SCHOOL DISTRICT,2017-08,1,335593.27
043851,DEER PARK COMMUNITY CITY,2017-08,1,34175.22
043869,DEFIANCE CITY SCHOOLS,2017-08,2,68450.71
043877,DELAWARE CITY SCHOOLS,2017-08,1,146115.8
043885,DELPHOS CITY SCHOOL DISTRICT,2017-08,3,26818.88
043893,DOVER CITY SCHOOL DISTRICT,2017-08,1,75711.2
043901,EAST CLEVELAND CITY SCHOOL,2017-08,1,55478.73
043919,EAST LIVERPOOL CITY SCHOOLS,2017-08,1,54203.42
043927,EAST PALESTINE CITY SCHOOL,2017-08,2,28912.53
043935,EATON CITY SCHOOLS,2017-08,2,55647.71
043943,ELYRIA CITY SCHOOL DISTRICT,2017-08,1,158546.03
043950,EUCLID BOARD OF EDUCATION,2017-08,2,135410.91
043968,FAIRBORN CITY SCHOOLS,2017-08,3,110939.32
043976,FAIRVIEW PARK CITY SCHOOL DIST,2017-08,1,47349.59
043984,FINDLAY CITY SCHOOLS,2017-08,1,141380.64
043992,FOSTORIA CITY SCHOOLS,2017-08,3,46536.45
044008,FRANKLIN CITY SCHOOLS,2017-08,3,81810.52
044016,FREMONT CITY BOARD OF EDU,2017-08,3,104983.65
044024,GALION CITY SCHOOL DISTRICT,2017-08,3,48882.48
044032,GALLIPOLIS CITY SCHOOLS,2017-08,1,54937.47
044040,GARFIELD HEIGHTS CITY SCHOOL,2017-08,1,96124.42
044057,GENEVA AREA CITY SCHOOL DIST,2017-08,2,68042.27
044065,GIRARD CITY SCHOOL DISTRICT,2017-08,2,45787.32
044073,GRANDVIEW HEIGHTS CITY SCHOOL,2017-08,1,28504.21
044081,WINTONWOODS CITY SCHOOL,2017-08,2,98488.54
044099,GREENVILLE CITY SCHOOL,2017-08,1,66729.62
044107,HAMILTON BOARD OF EDUCATION,2017-08,1,261039.22
044115,HEATH CITY SCHOOL DISTRICT,2017-08,1,45640.82
044123,HILLSBORO CITY BOARD OF EDU,2017-08,1,61858.6
044131,HURON CITY SCHOOL DISTRICT,2017-08,1,36299.39
044149,IRONTON CITY BOARD OF,2017-08,1,36914.68
044156,JACKSON CITY SCHOOL DISTRICT,2017-08,5,66090.37
044164,KENT CITY BOARD OF EDUCATION,2017-08,2,81840.32
044172,KENTON CITY SCHOOLS,2017-08,3,49631.73
044180,KETTERING CITY SCHOOL,2017-08,2,201043.48
044198,LAKEWOOD CITY SCHOOL DISTRICT,2017-08,1,130013.43
044206,LANCASTER CITY SCHOOLS,2017-08,1,166302.55
044214,LEBANON CITY SCHOOL DISTRICT,2017-08,2,148402.63
044222,LIMA CITY BOARD OF EDU,2017-08,1,95752.53
044230,LOCKLAND CITY SCHOOLS,2017-08,1,13722.87
044248,LOGAN HOCKING LOCAL SCHOOLS,2017-08,5,101385.44
044255,LONDON CITY SCHOOL DISTRICT,2017-08,2,53626.15
044263,LORAIN CITY SCHOOLS,2017-08,1,168905.5
044271,LOVELAND CITY SCHOOL DISTRICT,2017-08,3,123765.92
044289,MADEIRA CITY SCHOOLS,2017-08,1,39031.01
044297,MANSFIELD BOARD OF EDUCATION,2017-08,1,85062.59
044305,MAPLE HEIGHTS BOARD OF,2017-08,1,91769.53
044313,MARIEMONT CITY SCHOOL DISTRICT,2017-08,2,45075.74
044321,MARIETTA CITY SCHOOL DISTRICT,2017-08,1,74322.13
044339,MARION CITY SCHOOLS,2017-08,1,108073.73
044347,MARTINS FERRY CITY SCHOOL,2017-08,2,37883.9
044354,MASSILLON CITY SCHOOL DISTRICT,2017-08,1,103402.01
044362,MAUMEE CITY SCHOOL DISTRICT,2017-08,2,62380.69
044370,MAYFIELD CITY SCHOOL DISTRICT,2017-08,3,104993.53
044388,MEDINA CITY SCHOOLS,2017-08,1,183904.05
044396,MIAMISBURG CITY SCHOOLS,2017-08,1,143455.88
044404,MIDDLETOWN CITY SCH DIST.,2017-08,2,163872.16
044412,MOUNT HEALTHY CITY SCH DIST.,2017-08,1,88802.8
044420,MOUNT VERNON CITY SCHOOL,2017-08,2,104060.75
044438,NAPOLEON CITY SCHOOL DISTRICT,2017-08,3,51775.09
044446,NELSONVILLE YORK CITY SCHOOL,2017-08,3,32646.46
044453,NEWARK CITY SCHOOL DISTRICT,2017-08,1,160536.14
044461,NEW BOSTON BOARD OF EDUCATION,2017-08,1,11088.06
044479,NEW LEXINGTON CITY SCHOOLS,2017-08,3,47154.3
044487,NEW PHILADELPHIA CITY SCHOOLS,2017-08,1,80119.76
044495,NILES CITY SCHOOLS,2017-08,1,62878.16
044503,NORTH CANTON CITY SCHOOLS,2017-08,2,114019.55
044511,NORTH COLLEGE HILL CITY SCH,2017-08,1,44731.27
044529,NORTH OLMSTED CITY SCHOOL,2017-08,2,99661.12
044537,NORTH RIDGEVILLE CITY SCH DIST,2017-08,2,112462.91
044545,NORTH ROYALTON CITY SCHOOL,2017-08,1,111274.18
044552,NORTON CITY SCHOOLS,2017-08,3,64905.24
044560,NORWALK BOARD OF EDUCATION,2017-08,2,74637.27
044578,NORWOOD CITY SCHOOL DISTRICT,2017-08,1,52173.29
044586,OAKWOOD CITY SCHOOLS,2017-08,1,54651.12
044594,OBERLIN CITY SCHOOL DISTRICT,2017-08,1,25707.31
044602,OREGON CITY SCHOOLS,2017-08,3,97140.25
044610,ORRVILLE CITY SCHOOL DISTRICT,2017-08,1,42523.82
044628,PAINESVILLE CITY LOCAL SCHOOLS,2017-08,1,78249.26
044636,PARMA CITY SCHOOL DISTRICT,2017-08,1,277406.85
044644,PIQUA CITY SCHOOL DISTRICT,2017-08,2,90220.21
044651,PORT CLINTON CITY SCHOOLS,2017-08,2,48000.85
044669,PORTSMOUTH CITY SCHOOL,2017-08,1,45728.31
044677,PRINCETON CITY SCHOOL DISTRICT,2017-08,3,151830.01
044685,RAVENNA CITY SCHOOL DISTRICT,2017-08,1,62738.71
044693,READING BOARD OF EDUCATION,2017-08,1,42567.28
044701,ROCKY RIVER CITY SCHOOL,2017-08,1,69836.69
044719,ST BERNARD ELMWOOD PLACE CITY,2017-08,1,25519.26
044727,ST MARYS CITY BOARD OF,2017-08,2,53999.01
044735,SALEM CITY SCHOOL DISTRICT,2017-08,2,56240.67
044743,SANDUSKY BOARD OF EDUCATION,2017-08,1,81693.51
044750,SHAKER HEIGHTS BOARD OF,2017-08,1,133312.59
044768,SHEFFIELD SHEFFLD LAKE CITY,2017-08,1,46228.3
044776,SHELBY CITY BOARD OF EDU,2017-08,2,51788.06
044784,SIDNEY CITY SCHOOL DISTRICT,2017-08,2,89697.69
044792,SOUTH EUCLID LYNDHURST CITY,2017-08,1,91083.3
044800,SOUTH-WESTERN CITY SCHOOLS,2017-08,2,575679.43
044818,SPRINGFIELD CITY SCHOOLS,2017-08,1,200208.56
044826,STEUBENVILLE CITY SCHOOL,2017-08,1,58619.31
044834,STOW-MUNROE FALLS CITY,2017-08,2,137998.52
044842,STRONGSVILLE CITY SCHOOLS,2017-08,2,143817.13
044859,STRUTHERS CITY SCHOOL DISTRICT,2017-08,1,49913.08
044867,SYCAMORE COMMUNITY SCHOOL DIST,2017-08,3,141452.33
044875,SYLVANIA CITY SCHOOL DISTRICT,2017-08,1,198983.8
044883,TALLMADGE CITY SCHOOL DISTRICT,2017-08,2,62343.45
044891,TIFFIN CITY SCHOOLS,2017-08,1,70291.45
044909,TOLEDO PUBLIC SCHOOLS,2017-08,2,574166.7
044917,TORONTO CITY SCHOOL DISTRICT,2017-08,1,23658.97
044925,TROY CITY SCHOOLS,2017-08,1,117672.84
044933,UPPER ARLINGTON CITY SCHOOLS,2017-08,1,159306.84
044941,URBANA CITY SCHOOLS,2017-08,2,53048.08
044958,VANDALIA-BUTLER CITY SCHOOLS,2017-08,2,79137.25
044966,VAN WERT CITY SCHOOLS,2017-08,2,52333.98
044974,WADSWORTH CITY SCHOOLS,2017-08,3,123421.61
044982,WAPAKONETA CITY SCHOOL,2017-08,3,82663.61
044990,WARREN CITY SCHOOL DISTRICT,2017-08,1,126628.15
045005,WARRENSVILLE HEIGHTS CITY,2017-08,1,40566.51
045013,WASHINGTON COURTHOUSE CITY,2017-08,1,58259.14
045021,WELLSTON CITY SCHOOLS,2017-08,2,37235.55
045039,WELLSVILLE LOCAL SCHOOL,2017-08,2,20032.21
045047,WESTERVILLE CITY SCHOOL,2017-08,2,394292.5
045054,WEST CARROLLTON CITY SCHOOL,2017-08,1,94827.22
045062,WESTLAKE CITY SCHOOL DISTRICT,2017-08,2,93590.66
045070,WHITEHALL CITY SCHOOL DISTRICT,2017-08,1,88890.89
045088,WICKLIFFE CITY SCHOOL DISTRICT,2017-08,1,36436.17
045096,WILLARD CITY SCHOOL DISTRICT,2017-08,3,41344.22
045104,WILLOUGHBY-EASTLAKE CITY,2017-08,2,208602.6
045112,WILMINGTON CITY SCHOOLS,2017-08,2,76984.31
045120,WOOSTER CITY SCHOOL DISTRICT,2017-08,1,93970.76
045138,WORTHINGTON BOARD OF EDUCATION,2017-08,2,262185.99
045146,WYOMING CITY SCHOOLS,2017-08,1,51170.47
045153,XENIA COMMUNITY SCHOOLS,2017-08,3,114993.28
045161,YOUNGSTOWN CITY SCHOOLS,2017-08,2,128846.81
045179,ZANESVILLE CITY SCHOOLS,2017-08,1,85020.42
045187,ADA EXEMPTED VILLAGE SCHOOLS,2017-08,3,23425.45
045195,AMHERST EXEMPTED VILLAGE,2017-08,1,99503.67
045203,BARNESVILLE EXEMPTED VILLAGE,2017-08,5,36501.68
045211,BLUFFTON EXEMPTED VILLAGE,2017-08,4,31308.3
045229,BRADFORD EXEMPTED VILLAGE,2017-08,3,13928.45
045237,BRIDGEPORT EXEMPTED VILLAGE,2017-08,1,20538.88
045245,HARRISON HILLS CITY SCHOOL,2017-08,5,43965.79
045252,CALDWELL EXEMPTED VILLAGE,2017-08,2,23658.67
045260,CAREY EXEMPT VILLAGE SCHOOL,2017-08,3,22209.86
045278,CARROLLTON EXEMPTED VILLAGE,2017-08,5,57307.03
045286,CHAGRIN FALLS EXEMPTED VILLAGE,2017-08,2,52168.75
045294,CHESAPEAKE UNION EXEMPTED,2017-08,1,37588.02
045302,CLYDE GREEN SPRINGS EXEMPTED,2017-08,2,58924.84
045310,COLDWATER EXEMPTED VILLAGE,2017-08,1,36040.3
045328,COLUMBIANA EXEMPTED VILLAGE,2017-08,2,27573.33
045336,COVINGTON EXEMPTED VILLAGE,2017-08,2,22195.48
045344,CRESTLINE EXEMPTED VILLAGE,2017-08,2,16337.9
045351,CROOKSVILLE EXEMPTED VILLAGE,2017-08,2,27296.98
045369,FAIRPORT HARBOR EXEMPTED,2017-08,1,18218.09
045377,GEORGETOWN EXEMPTED VILLAGE,2017-08,1,28116.83
045385,GIBSONBURG EXEMPTED VILLAGE,2017-08,2,23961.28
045393,GRANVILLE EXEMPTED VILLAGE,2017-08,1,66081.35
045401,GREENFIELD EXEMPTED VILLAGE,2017-08,3,50153.45
045419,HICKSVILLE EXEMPTED VILLAGE,2017-08,2,25692.07
045427,HUBBARD SCHOOL DISTRICT,2017-08,2,52318.94
045435,INDIAN HILL EXEMPTED VILLAGE,2017-08,2,52833.21
045443,LEETONIA EXEMPTED VILLAGE,2017-08,2,18369.84
045450,LISBON EXEMPTED VILLAGE,2017-08,1,23785.02
045468,LOUDONVILLE PERRYSVILLE,2017-08,4,32022.54
045476,MARYSVILLE EXEMPTED VILLAGE,2017-08,4,138246.86
045484,MECHANICSBURG EXEMPTED VILLAGE,2017-08,3,23561.73
045492,MENTOR EXEMPTED VILLAGE,2017-08,2,201310.68
045500,MILFORD EXEMPTED VILLAGE,2017-08,2,177599.51
045518,MILTON-UNION EXEMPTED VILLAGE,2017-08,3,40061.59
045526,MONTPELIER EXEMPTED VILLAGE,2017-08,1,25287.53
045534,MOUNT GILEAD EXEMPTED,2017-08,2,32285.55
045542,NEWCOMERSTOWN EXEMPTED VILLAGE,2017-08,3,26755.69
045559,NEW RICHMOND EXEMPTED,2017-08,1,63460.55
045567,NEWTON FALLS EXEMPTED VILLAGE,2017-08,3,30199.12
045575,PAULDING EXEMPTED VILLAGE SCH,2017-08,3,37603.58
045583,PERRYSBURG EXEMPTED VILLAGE,2017-08,2,133089.07
045591,RITTMAN EXEMPTED VILLAGE,2017-08,2,27536.63
045609,ROSSFORD EXEMPTED VILLAGE,2017-08,2,42512.07
045617,TIPP CITY EXEMPTED VILLAGE,2017-08,2,66721.04
045625,UPPER SANDUSKY E V SCHOOLS,2017-08,4,43486.01
045633,VERSAILLES EXEMPTED VILLAGE,2017-08,2,36207.88
045641,WAUSEON EXEMPTED VILLAGE,2017-08,2,48733.2
045658,WELLINGTON EXEMPTED VILLAGE,2017-08,2,29512.68
045666,WINDHAM EXEMPTED VILLAGE,2017-08,2,13833.94
045674,YELLOW SPRINGS EXEMPTED,2017-08,2,19514.1
045757,ALLEN EAST LOCAL SCHOOL,2017-08,2,29739.48
045765,BATH LOCAL SCHOOL DISTRICT,2017-08,1,48921.36
045773,ELIDA BOARD OF EDUCATION,2017-08,2,65034.65
045781,PERRY LOCAL SCHOOL DISTRICT,2017-08,2,22834.5
045799,SHAWNEE LOCAL SCHOOL DISTRICT,2017-08,2,68503.04
045807,SPENCERVILLE LOCAL SCHOOL,2017-08,4,26992.01
045823,HILLSDALE SCHOOLS,2017-08,3,23360.58
045831,MAPLETON LOCAL SCHOOL DISTRICT,2017-08,3,25037.53
045856,BUCKEYE LOCAL SCHOOL DISTRICT,2017-08,1,46701.66
045864,GRAND VALLEY LOCAL SCHOOL,2017-08,3,31706.4
045872,JEFFERSON AREA LOCAL SCHOOL,2017-08,1,47257
045880,PYMATUNING VALLEY LOCAL,2017-08,2,33082.28
045906,ALEXANDER LOCAL SCHOOL,2017-08,3,42065.01
045914,FEDERAL HOCKING LOCAL SCHOOL,2017-08,4,27985.93
045922,TRIMBLE LOCAL SCHOOL DISTRICT,2017-08,4,21425.13
045948,MINSTER LOCAL SCHOOL DISTRICT,2017-08,4,22790.23
045955,NEW BREMEN LOCAL SCHOOL,2017-08,3,20306.35
045963,NEW KNOXVILLE LOCAL SCHOOL,2017-08,2,10800.39
045971,WAYNESFIELD-GOSHEN LOCAL,2017-08,4,13138.63
045997,ST CLAIRSVILLE RICHLAND CITY,2017-08,3,45523.74
046003,SHADYSIDE LOCAL BOARD OF EDU,2017-08,1,21436.46
046011,UNION LOCAL SCHOOL DISTRICT,2017-08,2,39863.18
046037,EASTERN LOCAL SCHOOL DISTRICT,2017-08,3,35986.28
046045,FAYETTEVILLE-PERRY LOCAL,2017-08,4,23826.13
046060,WESTERN BROWN LOCAL SCHOOL,2017-08,3,85568.37
046078,RIPLEY UNION LEWIS HUNTINGTON,2017-08,3,23301.37
046094,EDGEWOOD CITY SCHOOL DISTRICT,2017-08,2,98254.28
046102,FAIRFIELD CITY SCHOOL DISTRICT,2017-08,2,263201.67
046110,LAKOTA LOCAL SCHOOL DISTRICT,2017-08,3,432961.11
046128,MADISON LOCAL SCHOOL DISTRICT,2017-08,2,40716.47
046136,NEW MIAMI LOCAL SCHOOL,2017-08,1,17374.45
046144,ROSS LOCAL SCHOOL DISTRICT,2017-08,2,74778.65
046151,TALAWANDA CITY SCHOOL DISTRICT,2017-08,2,80673.14
046177,BROWN LOCAL SCHOOL DISTRICT,2017-08,2,18344.05
046193,GRAHAM LOCAL SCHOOL DISTRICT,2017-08,5,49677.51
046201,TRIAD LOCAL SCHOOLS,2017-08,3,23695.16
046219,WEST LIBERTY SALEM LOCAL,2017-08,2,31697.31
046235,GREENON LOCAL SCHOOLS,2017-08,2,42804.21
046243,TECUMSEH LOCAL SCHOOL DISTRICT,2017-08,4,82547.24
046250,NORTHEASTERN LOCAL SCHOOL,2017-08,3,88225.12
046268,NORTHWESTERN LOCAL SCHOOL,2017-08,3,46583.64
046276,SOUTHEASTERN LOCAL SCHOOL,2017-08,3,20043.7
046284,CLARK-SHAWNEE LOCAL SCHOOL,2017-08,1,53946.99
046300,BATAVIA LOCAL SCHOOL DISTRICT,2017-08,1,60830.75
046318,BETHEL-TATE LOCAL SCHOOLS,2017-08,2,43911.45
046326,CLERMONT NORTHEASTERN SCHOOL,2017-08,2,38597.94
046334,FELICITY-FRANKLIN LOCAL,2017-08,2,24068.4
046342,GOSHEN LOCAL SCHOOLS,2017-08,2,73777.68
046359,WEST CLERMONT LOCAL SCH DIST.,2017-08,2,219660.39
046367,WILLIAMSBURG LOCAL SCHOOL,2017-08,2,27257.26
046383,BLANCHESTER LOCAL SCHOOL,2017-08,5,43998.98
046391,CLINTON-MASSIE LOCAL SCHOOL,2017-08,3,48030.75
046409,EAST CLINTON LOCAL SCHOOL,2017-08,4,35972.92
046425,BEAVER LOCAL SCHOOL DISTRICT,2017-08,1,48838.57
046433,CRESTVIEW LOCAL SCHOOL,2017-08,2,34992.15
046441,SOUTHERN LOCAL SCHOOL DISTRICT,2017-08,3,22119.07
046458,UNITED LOCAL SCHOOL DISTRICT,2017-08,2,31398.23
046474,RIDGEWOOD LOCAL BOARD OF,2017-08,4,34427.4
046482,RIVER VIEW LOCAL SCHOOL,2017-08,4,54302.09
046508,BUCKEYE CENTRAL LOCAL SCHOOL,2017-08,4,18231.88
046516,COLONEL CRAWFORD LOCAL SCHOOLS,2017-08,3,25008.16
046524,WYNFORD LOCAL SCHOOL DISTRICT,2017-08,4,29789.58
046557,CUYAHOGA HEIGHTS LOCAL SCHOOL,2017-08,2,19108.76
046565,INDEPENDENCE LOCAL SCHOOLS,2017-08,1,27660.19
046573,OLMSTED FALLS BOARD OF,2017-08,2,95675.76
046581,ORANGE CITY SCHOOL DISTRICT,2017-08,2,52549.45
046599,RICHMOND HEIGHTS LOCAL SCHOOL,2017-08,1,20533.99
046607,SOLON BOARD OF EDUCATION,2017-08,3,120406.32
046623,ANSONIA LOCAL SCHOOL DISTRICT,2017-08,1,19175.18
046631,ARCANUM BUTLER LOCAL SCHOOL,2017-08,1,29648.8
046649,FRANKLIN MONROE LOCAL SCHOOL,2017-08,2,17590.15
046672,MISSISSINAWA VALLEY LOCAL,2017-08,1,16477.43
046680,TRI-VILLAGE LOCAL SCHOOL DIST,2017-08,2,21217.11
046706,AYERSVILLE LOCAL SCH DIST.,2017-08,4,20430.7
046714,CENTRAL LOCAL SCHOOL DISTRICT,2017-08,3,28261.47
046722,NORTHEASTERN LOCAL SCHOOL,2017-08,3,31328.94
046748,BIG WALNUT LOCAL SCHOOLS,2017-08,4,93046.4
046755,BUCKEYE VALLEY LOCAL SCHOOL,2017-08,4,57459.54
046763,OLENTANGY LOCAL SCHOOLS,2017-08,2,535960.24
046789,EDISON LOCAL SCHOOLS,2017-08,2,39551.84
046797,KELLEYS ISLAND SCHOOL,2017-08,1,26.52
046805,MARGARETTA LOCAL SCHOOL DIST,2017-08,2,30722.36
046813,PERKINS LOCAL SCHOOL DISTRICT,2017-08,1,55761.6
046821,VERMILION LOCAL SCH DIST.,2017-08,2,50364.95
046847,AMANDA-CLEARCREEK LOCAL SCHOOL,2017-08,3,40973.8
046854,BERNE UNION LOCAL SCHOOLS,2017-08,2,23237.82
046862,BLOOM CARROLL LOCAL SCHOOL,2017-08,2,53762.33
046870,FAIRFIELD UNION LOCAL SCHOOL,2017-08,3,52555.37
046888,LIBERTY UNION THURSTON LOCAL,2017-08,1,35396.47
046896,PICKERINGTON LOCAL SCHOOL DIST,2017-08,3,274212.5
046904,WALNUT TOWNSHIP LOCAL SCHOOL,2017-08,3,14962.86
046920,MIAMI TRACE LOCAL SCH DIST.,2017-08,7,69235.06
046946,CANAL WINCHESTER LOCAL SCHOOL,2017-08,3,99762.07
046953,HAMILTON LOCAL SCHOOLS,2017-08,2,80102.1
046961,GAHANNA-JEFFERSON CITY SCHOOL,2017-08,1,199133.55
046979,GROVEPORT MADISON LOCAL,2017-08,1,152259.97
046995,NEW ALBANY PLAIN LOCAL SCHOOL,2017-08,3,128982.38
047001,REYNOLDSBURG CITY SCHOOLS,2017-08,3,191218.24
047019,HILLIARD CITY SCHOOL DISTRICT,2017-08,1,425425.27
047027,DUBLIN CITY SCHOOLS,2017-08,3,415248.13
047043,ARCHBOLD AREA LOCAL SCHOOLS,2017-08,4,34017.99
047050,EVERGREEN LOCAL SCHOOL,2017-08,2,31587.57
047068,FAYETTE LOCAL SCHOOL DISTRICT,2017-08,2,11029.8
047076,PETTISVILLE LOCAL SCHOOL,2017-08,2,13363.44
047084,PIKE DELTA YORK LOCAL SCHOOLS,2017-08,3,34865.09
047092,SWANTON LOCAL SCHOOL DISTRICT,2017-08,3,35155.58
047167,BERKSHIRE BOARD OF EDUCATION,2017-08,2,32654.31
047175,CARDINAL LOCAL SCHOOL DISTRICT,2017-08,4,27630.03
047183,CHARDON BOARD OF EDUCATION,2017-08,2,75963.12
047191,KENSTON LOCAL SCHOOL DISTRICT,2017-08,2,74165.25
047217,NEWBURY BOARD OF EDUCATION,2017-08,1,10734.87
047225,WEST GEAUGA LOCAL SCHOOL,2017-08,3,50670.12
047241,BEAVERCREEK CITY SCHOOLS,2017-08,2,205725.39
047258,CEDARCLIFF LOCAL BOARD OF,2017-08,2,16897.1
047266,GREENEVIEW LOCAL SCHOOL,2017-08,4,36948.92
047274,SUGARCREEK LOCAL SCHOOL,2017-08,3,71962.64
047308,ROLLING HILLS LOCAL SCHOOL,2017-08,3,43481.98
047332,FINNEYTOWN LOCAL SCHOOL,2017-08,1,39004.62
047340,FOREST HILLS LOCAL SCHOOL,2017-08,2,193493.14
047365,NORTHWEST LOCAL SCHOOL,2017-08,2,232787.5
047373,OAK HILLS LOCAL SCHOOL DISTICT,2017-08,1,204233.25
047381,SOUTHWEST LOCAL SCHOOL DIST,2017-08,2,102896.48
047399,THREE RIVERS LOCAL SCHOOL DIST,2017-08,1,54601.18
047415,ARCADIA LOCAL SCHOOL DISTRICT,2017-08,3,15170.95
047423,ARLINGTON LOCAL SCHOOL,2017-08,2,15861.43
047431,CORY-RAWSON LOCAL SCHOOLS,2017-08,3,14588.8
047449,LIBERTY-BENTON LOCAL SCHOOL,2017-08,1,36896.89
047456,MCCOMB LOCAL SCHOOL DISTRICT,2017-08,4,18984.26
047464,VAN BUREN LOCAL SCHOOL,2017-08,2,28592.16
047472,VANLUE LOCAL SCHOOL DISTRICT,2017-08,3,5678.96
047498,HARDIN NORTHERN LOCAL SCHOOL,2017-08,2,11488.28
047506,RIDGEMONT LOCAL SCHOOL,2017-08,4,13292.19
047514,RIVERDALE LOCAL SCHOOL,2017-08,3,27138.5
047522,UPPER SCIOTO VALLEY LOCAL,2017-08,4,13023.6
047548,CONOTTON VALLEY LOCAL SCHOOL,2017-08,3,11264.9
047571,HOLGATE LOCAL SCHOOL DISTRICT,2017-08,3,11988.9
047589,LIBERTY CENTER LOCAL SCHOOL,2017-08,3,29014.4
047597,PATRICK HENRY LOCAL SCHOOL,2017-08,3,23764.06
047613,BRIGHT LOCAL SCHOOL DISTRICT,2017-08,3,18336.45
047621,FAIRFIELD LOCAL SCHOOL,2017-08,3,24955.98
047639,LYNCHBURG-CLAY LOCAL SCHOOL,2017-08,3,32352.35
047688,EAST HOLMES LOCAL SCHOOL,2017-08,5,44624.73
047696,WEST HOLMES LOCAL SCHOOL,2017-08,5,61333.32
047712,MONROEVILLE LOCAL SCHOOL,2017-08,2,17004.65
047720,NEW LONDON LOCAL SCHOOL,2017-08,3,24630.06
047738,SOUTH CENTRAL LOCAL SCHOOL,2017-08,3,20685.76
047746,WESTERN RESERVE BD OF EDUC,2017-08,3,28709.98
047761,OAK HILL UNION LOCAL SCHOOL,2017-08,4,32867.18
047787,BUCKEYE LOCAL SCHOOL DISTRICT,2017-08,3,44871.05
047795,EDISON LOCAL SCHOOLS,2017-08,4,39800.35
047803,INDIAN CREEK SCHOOL DISTRICT,2017-08,2,55787.9
047829,CENTERBURG LOCAL SCHOOL,2017-08,4,29850.22
047837,DANVILLE LOCAL SCHOOL DISTRICT,2017-08,4,16434.55
047845,EAST KNOX LOCAL SCHOOL,2017-08,3,26014.43
047852,FREDERICKTOWN LOCAL SCHOOL,2017-08,3,34298.24
047878,KIRTLAND LOCAL BOARD OF,2017-08,2,31389.55
047886,MADISON LOCAL SCHOOL DISTRICT,2017-08,3,81491.07
047894,RIVERSIDE LOCAL SCH DIST.,2017-08,2,111897.95
047902,PERRY LOCAL SCHOOL DISTRICT,2017-08,1,46106.68
047928,DAWSON BRYANT LOCAL SCHOOL,2017-08,1,30379.36
047936,FAIRLAND LOCAL SCHOOL DISTRICT,2017-08,2,43652.7
047944,ROCK HILL LOCAL SCHOOL,2017-08,2,37074.21
047951,SOUTH POINT LOCAL SCHOOLS,2017-08,1,43119.93
047969,SYMMES VALLEY LOCAL SCHOOLS,2017-08,2,20413.52
047985,JOHNSTOWN MONROE LOCAL SCHOOL,2017-08,3,42890.3
047993,LAKEWOOD LOCAL SCHOOL DISTRICT,2017-08,3,51140.94
048009,LICKING HEIGHTS LOCAL SCHOOLS,2017-08,2,109712.08
048017,LICKING VALLEY LOCAL SCHOOL,2017-08,2,54450.37
048025,NORTH FORK LOCAL SCHOOL,2017-08,2,44457.34
048033,NORTHRIDGE LOCAL SCHOOL,2017-08,3,32261.5
048041,SOUTHWEST LICKING LOCAL SCHOOL,2017-08,2,107331.69
048074,BENJAMIN LOGAN LOCAL SCHOOL,2017-08,4,46274.47
048082,INDIAN LAKE LOCAL SCHOOL,2017-08,4,43708.24
048090,RIVERSIDE LOCAL SCHOOL,2017-08,3,18453.45
048116,AVON LOCAL SCHOOL DISTRICT,2017-08,2,114891.11
048124,AVON LAKE CITY SCHOOLS,2017-08,2,99899.58
048132,CLEARVIEW BOARD OF EDUCATION,2017-08,1,43602.14
048140,COLUMBIA LOCAL SCHOOL DISTRICT,2017-08,3,23597.35
048157,FIRELANDS LOCAL SCHOOL,2017-08,3,45403.79
048165,KEYSTONE LOCAL SCHOOLS,2017-08,2,42046
048173,MIDVIEW LOCAL SCHOOL DISTRICT,2017-08,2,81583.35
048207,ANTHONY WAYNE LOCAL SCHOOLS,2017-08,3,115986.79
048215,OTTAWA HILLS LOCAL SCHOOL,2017-08,1,24053.57
048223,SPRINGFIELD LOCAL SCH DIST.,2017-08,1,102544.85
048231,WASHINGTON LOCAL SCHOOL,2017-08,1,185225.68
048256,JEFFERSON LOCAL SCHOOL,2017-08,2,33435.9
048264,JONATHAN ALDER LOCAL SCHOOL,2017-08,3,58167.64
048272,MADISON PLAINS LOCAL SCHOOL,2017-08,6,32653.82
048298,AUSTINTOWN LOCAL SCHOOL,2017-08,2,132552.43
048306,BOARDMAN LOCAL SCHOOL DISTRICT,2017-08,1,111927.08
048314,CANFIELD LOCAL SCHOOL DISTRICT,2017-08,1,71970.14
048322,JACKSON-MILTON LOCAL SCHOOL,2017-08,3,20065.97
048330,LOWELLVILLE LOCAL SCHOOLS,2017-08,1,14537.02
048348,POLAND LOCAL SCHOOL DISTRICT,2017-08,1,51634.21
048355,SEBRING LOCAL SCHOOL DISTICT,2017-08,1,13133.63
048363,SOUTH RANGE LOCAL SCHOOL,2017-08,2,35426.35
048371,SPRINGFIELD LOCAL BOARD OF EDU,2017-08,2,29100.26
048389,WEST BRANCH LOCAL SCHOOL,2017-08,4,55719.52
048397,WESTERN RESERVE LOCAL SCHOOLS,2017-08,2,18456.24
048413,ELGIN LOCAL SCHOOL DISTRICT,2017-08,4,27705.53
048421,PLEASANT LOCAL SCHOOL DISTRICT,2017-08,1,32067.87
048439,RIDGEDALE LOCAL SCHOOLS,2017-08,3,18959.31
048447,RIVER VALLEY LOCAL SCHOOL DIST,2017-08,4,52850.7
048462,BLACK RIVER LOCAL SCHOOL,2017-08,4,30941.04
048470,BUCKEYE LOCAL SCHOOL DISTRICT,2017-08,3,62463.56
048488,CLOVERLEAF LOCAL SCHOOL,2017-08,2,63418.26
048496,HIGHLAND LOCAL SCHOOL DISTRICT,2017-08,2,84185.03
048512,EASTERN LOCAL SCHOOL DISTRICT,2017-08,1,20354.66
048520,MEIGS LOCAL SCHOOL DISTRICT,2017-08,3,46400.77
048538,SOUTHERN LOCAL SCHOOL DISTRICT,2017-08,1,19955.55
048553,MARION LOCAL BOARD OF,2017-08,3,22893.33
048579,PARKWAY SCHOOL BOARD OF EDUC,2017-08,3,27733.15
048587,ST HENRY CONSOLIDATED LOCAL,2017-08,2,25741.78
048595,FORT RECOVERY LOCAL SCHOOL,2017-08,2,24985.2
048611,BETHEL LOCAL SCHOOL DISTRICT,2017-08,3,34736.9
048629,MIAMI EAST LOCAL SCHOOLS,2017-08,4,36782.77
048637,NEWTON LOCAL SCHOOL DISTRICT,2017-08,2,15540.48
048652,SWITZERLAND OF OHIO LOCAL,2017-08,4,57048.91
048678,BROOKVILLE LOCAL SCHOOL,2017-08,2,38755.67
048686,JEFFERSON TOWNSHIP LOCAL,2017-08,1,10169.49
048694,TROTWOOD MADISON CITY SCHOOLS,2017-08,1,68782.75
048702,MAD RIVER LOCAL SCHOOL,2017-08,2,100665.44
048710,NEW LEBANON LOCAL SCHOOLS,2017-08,2,31332.72
048728,NORTHMONT CITY SCHOOLS,2017-08,3,134396.72
048736,NORTHRIDGE LOCAL SCHOOL,2017-08,1,42711.87
048744,VALLEY VIEW LOCAL SCHOOL,2017-08,3,48628.99
048751,HUBER HEIGHTS CITY SCHOOLS,2017-08,4,152476.71
048777,MORGAN LOCAL SCHOOL DISTRICT,2017-08,6,49483.5
048793,CARDINGTON LINCOLN LOCAL,2017-08,2,28019.06
048801,HIGHLAND LOCAL SCHOOL DISTRICT,2017-08,3,48167.49
048819,NORTHMOR LOCAL SCHOOLS,2017-08,4,28347.17
048835,EAST MUSKINGUM SCHOOL DISTRICT,2017-08,2,57646.76
048843,FRANKLIN LOCAL SCHOOL DISTRICT,2017-08,3,53583.79
048850,MAYSVILLE LOCAL SCHOOL DIST,2017-08,2,59858.89
048876,TRI-VALLEY LOCAL SCHOOLS,2017-08,3,83604.92
048884,WEST MUSKINGUM LOCAL SCHOOL,2017-08,3,39707.49
048900,NOBLE LOCAL SCHOOL DISTRICT,2017-08,5,24535.37
048926,BENTON CARROLL SALEM LOCAL,2017-08,3,42798.33
048934,DANBURY LOCAL SCHOOLS,2017-08,1,12840.81
048942,GENOA AREA LOCAL SCHOOL,2017-08,4,36253.99
048975,PUT-IN-BAY LOCAL SCHOOL,2017-08,1,1879.79
048991,ANTWERP LOCAL SCHOOL DISTRICT,2017-08,2,19185.07
049031,WAYNE TRACE LOCAL SCHOOL,2017-08,3,25250.97
049056,NORTHERN LOCAL SCHOOL DISTRICT,2017-08,4,60195.25
049064,SOUTHERN LOCAL SCHOOL DISTRICT,2017-08,3,17359.35
049080,LOGAN ELM LOCAL SCHOOL DIST,2017-08,5,49354.9
049098,TEAYS VALLEY BOARD OF EDU,2017-08,3,105403.93
049106,WESTFALL LOCAL SCHOOL DISTRICT,2017-08,3,37723.23
049122,EASTERN LOCAL SCHOOL DISTRICT,2017-08,3,23894.24
049130,SCIOTO VALLEY LOCAL SCHOOL,2017-08,2,36081.37
049148,WAVERLY CITY SCHOOLS,2017-08,2,51454.85
049155,WESTERN LOCAL SCHOOL DISTRICT,2017-08,4,20883.27
049171,AURORA BOARD OF EDUCATION,2017-08,4,77270.75
049189,CRESTWOOD LOCAL SCHOOLS,2017-08,2,47152.96
049197,FIELD LOCAL SCHOOL DISTRICT,2017-08,3,55724.94
049205,JAMES A GARFIELD LOCAL SCHOOLS,2017-08,3,38296.07
049213,ROOTSTOWN LOCAL SCHOOL,2017-08,1,32840.42
049221,SOUTHEAST LOCAL SCHOOLS,2017-08,3,43441.06
049239,STREETSBORO CITY SCHOOLS,2017-08,2,58629.63
049247,WATERLOO LOCAL BOARD OF EDU,2017-08,2,29657.59
049270,NATIONAL TRAIL LOCAL SD,2017-08,2,28162.58
049288,PREBLE SHAWNEE LOCAL SCHOOLS,2017-08,3,35321.2
049296,TWIN VALLEY COMMUNITY LOCAL,2017-08,2,23705.18
049312,COLUMBUS GROVE LOCAL SCHOOL,2017-08,2,24126.77
049320,CONTINENTAL LOCAL SCHOOL,2017-08,3,12530.49
049338,JENNINGS LOCAL SCHOOL DISTRICT,2017-08,3,10271.12
049346,KALIDA LOCAL SCHOOL DISTRICT,2017-08,1,15956.13
049353,LEIPSIC LOCAL SCHOOL DISTRICT,2017-08,2,17416.3
049361,MILLER CITY-NEW CLEVELAND,2017-08,1,12557.82
049379,OTTAWA GLANDORF LOCAL SCHOOL,2017-08,1,40089.46
049387,OTTOVILLE LOCAL SCHOOL,2017-08,3,11308.29
049395,PANDORA-GILBOA LOCAL BOARD OF,2017-08,3,14494.26
049411,CLEARFORK VALLEY LOCAL SCHOOL,2017-08,3,45100.84
049429,CRESTVIEW LOCAL SCHOOL,2017-08,3,29467.23
049437,LEXINGTON LOCAL SCH DIST.,2017-08,2,64781.64
049445,LUCAS LOCAL SCHOOL DISTRICT,2017-08,2,15186.81
049452,MADISON LOCAL SCHOOLS,2017-08,2,78159.53
049460,PLYMOUTH-SHILOH LOCAL SCHOOLS,2017-08,3,20480.28
049478,ONTARIO LOCAL SCHOOLS,2017-08,2,52792.54
049494,ADENA LOCAL SCHOOL DISTRICT,2017-08,3,33100.09
049502,HUNTINGTON LOCAL SCH DIST.,2017-08,2,32522.69
049510,PAINT VALLEY LOCAL SCHOOL,2017-08,3,23988.44
049528,SOUTHEASTERN LOCAL SCHOOL,2017-08,4,31335.56
049536,UNION-SCIOTO LOCAL SCHOOL,2017-08,2,57026.34
049544,ZANE TRACE LOCAL SCHOOL,2017-08,3,37833.94
049569,LAKOTA LOCAL SCHOOLS,2017-08,3,28887.18
049577,WOODMORE LOCAL SCHOOL DISTRICT,2017-08,3,26264.32
049593,BLOOM-VERNON LOCAL SCHOOL,2017-08,2,23738.65
049601,CLAY LOCAL SCHOOL DISTRICT,2017-08,1,17492.14
049619,GREEN LOCAL SCHOOL DISTRICT,2017-08,2,15796.3
049627,MINFORD LOCAL SCHOOL DISTRICT,2017-08,2,37049.35
049635,NORTHWEST LOCAL SCHOOL DIST,2017-08,3,39572.53
049643,VALLEY LOCAL SCHOOL DISTRICT,2017-08,2,27474.85
049650,WASHINGTON NILES LOCAL SCHOOL,2017-08,2,39811.09
049668,WHEELERSBURG LOCAL SCHOOL,2017-08,1,41944.09
049684,SENECA EAST LOCAL SCHOOL,2017-08,3,24503.87
049700,HOPEWELL-LOUDON LOCAL SCHOOL,2017-08,2,22307.59
049718,NEW RIEGEL LOCAL SCHOOL,2017-08,1,9787.75
049726,OLD FORT LOCAL SCHOOL DISTRICT,2017-08,2,15537.4
049759,ANNA LOCAL BOARD OF EDUCAION,2017-08,1,32900.49
049767,BOTKINS LOCAL SCHOOL DISTRICT,2017-08,2,17912.13
049775,FAIRLAWN LOCAL SCHOOL DISTRICT,2017-08,4,17088.01
049783,FORT LORAMIE LOCAL SCHOOL,2017-08,2,21572.88
049791,HARDIN-HOUSTON LOCAL SCHOOL,2017-08,2,23608.05
049809,JACKSON CENTER LOCAL SCHOOL,2017-08,3,12942.84
049817,RUSSIA LOCAL SCHOOL DISTRICT,2017-08,2,10958.68
049833,CANTON LOCAL SCHOOL DISTRICT,2017-08,1,49823.37
049841,FAIRLESS LOCAL BOARD OF,2017-08,3,42021.28
049858,JACKSON LOCAL SCHOOL DISTRICT,2017-08,2,159545.81
049866,LAKE LOCAL SCHOOL DISTRICT,2017-08,3,91434.52
049874,LOUISVILLE CITY SCHOOLS,2017-08,1,76982.93
049882,MARLINGTON LOCAL SCHOOL,2017-08,4,60627.48
049890,MINERVA LOCAL SCHOOLS,2017-08,3,51760.67
049908,NORTHWEST LOCAL SCHOOL,2017-08,3,51585.65
049916,OSNABURG LOCAL SCHOOLS,2017-08,1,21923.34
049924,PERRY LOCAL SCHOOL DISTRICT,2017-08,1,125563.36
049932,PLAIN LOCAL SCHOOL DISTRICT,2017-08,1,159492.97
049940,SANDY VALLEY LOCAL SCHOOL,2017-08,3,37186.73
049957,TUSLAW LOCAL SCHOOLS,2017-08,2,39854.29
049973,WOODRIDGE LOCAL SCHOOL,2017-08,2,51171.49
049981,COPLEY-FAIRLAWN CITY SCHOOLS,2017-08,2,76440.72
049999,COVENTRY LOCAL SCHOOL DISTRICT,2017-08,1,55105.74
050005,MANCHESTER LOCAL SCHOOL,2017-08,2,35672.97
050013,GREEN LOCAL SCHOOLS,2017-08,2,106754.22
050021,HUDSON CITY SCHOOL DISTRICT,2017-08,2,120403.94
050039,MOGADORE LOCAL SCHOOL DISTRICT,2017-08,2,23153.15
050047,NORDONIA HILLS CITY SCHOOLS,2017-08,2,96639.62
050054,REVERE LOCAL SCHOOL DISTRICT,2017-08,3,70262
050062,SPRINGFIELD LOCAL SCH DIST.,2017-08,3,59280.04
050070,TWINSBURG BOARD OF EDUCATION,2017-08,3,108205.13
050096,BLOOMFIELD-MESPO LOCAL SCHOOL,2017-08,3,6367.26
050112,BRISTOL LOCAL SCHOOL DISTRICT,2017-08,1,15772.38
050120,BROOKFIELD LOCAL SCHOOL,2017-08,1,27344.07
050138,CHAMPION LOCAL SCHOOL DISTRICT,2017-08,1,38096.77
050153,MATHEWS LOCAL SCHOOL DISTRICT,2017-08,1,19127.64
050161,HOWLAND LOCAL SCHOOL DISTRICT,2017-08,1,72785.42
050179,JOSEPH BADGER LOCAL SCHOOL DIS,2017-08,2,20607.4
050187,LAKEVIEW LOCAL BOARD,2017-08,1,47105.78
050195,LIBERTY LOCAL BOARD OF EDU,2017-08,2,30228.63
050203,LORDSTOWN LOCAL SCHOOL,2017-08,2,13738.68
050211,MAPLEWOOD LOCAL BOARD OF EDU,2017-08,2,19867.61
050229,MCDONALD BOARD OF EDUCATION,2017-08,1,20527.87
050237,SOUTHINGTON LOCAL SCHOOL,2017-08,2,13791.09
050245,LABRAE LOCAL SCHOOL DISTRICT,2017-08,2,32258.59
050252,WEATHERSFIELD LOCAL SCHOOL,2017-08,2,26037.67
050278,GARAWAY LOCAL SCHOOLS,2017-08,4,32819.88
050286,INDIAN VALLEY LOCAL SCHOOLS,2017-08,2,46725.75
050294,STRASBURG-FRANKLIN LOCAL,2017-08,2,15999.01
050302,TUSCARAWAS VALLEY LOCAL SCHOOL,2017-08,3,36912.68
050328,FAIRBANKS LOCAL SCHOOLS,2017-08,4,29592.8
050336,NORTH UNION LOCAL SCHOOL,2017-08,5,40831.44
050351,CRESTVIEW LOCAL SCHOOL,2017-08,2,23682.38
050369,LINCOLNVIEW LOCAL SCH DIST.,2017-08,2,24078.98
050393,VINTON COUNTY LOCAL SCHOOLS,2017-08,7,54125.53
050419,CARLISLE LOCAL SCHOOLS,2017-08,3,42212.07
050427,SPRINGBORO COMMUNITY SCHOOLS,2017-08,2,159264.35
050435,KINGS LOCAL SCHOOL DISTRICT,2017-08,3,112373.31
050443,LITTLE MIAMI LOCAL SCHOOL,2017-08,2,120568.96
050450,MASON CITY SCHOOL DISTRICT,2017-08,3,282449.88
050468,WAYNE LOCAL SCHOOL DISTRICT,2017-08,4,39758.4
050484,FORT FRYE LOCAL SCHOOL,2017-08,3,26763.76
050492,FRONTIER LOCAL SCHOOL DISTRICT,2017-08,2,17622.2
050500,WARREN LOCAL SCHOOLS,2017-08,3,57848.92
050518,WOLF CREEK LOCAL SCHOOL BD,2017-08,2,16934.79
050534,CHIPPEWA LOCAL SCHOOLS,2017-08,4,35474.23
050542,DALTON LOCAL SCHOOL DISTRICT,2017-08,2,23379.48
050559,GREEN LOCAL SCHOOL DISTRICT,2017-08,1,28861.13
050567,NORTH CENTRAL LOCAL SCHOOLS,2017-08,2,37782.95
050575,NORTHWESTERN LOCAL SCH DIST.,2017-08,3,37297.73
050583,SOUTHEAST LOCAL SCH DIST.,2017-08,3,38590.54
050591,TRIWAY LOCAL SCHOOL DISTRICT,2017-08,3,45012.91
050617,EDGERTON LOCAL SCHOOL DISTRICT,2017-08,2,16618.58
050625,EDON NORTHWEST LOCAL SCHOOL,2017-08,1,14393.22
050633,MILLCREEK WEST UNITY LOCAL,2017-08,2,15427.04
050641,NORTH CENTRAL LOCAL SCHOOL,2017-08,1,15373.97
050658,STRYKER LOCAL SCHOOL DISTRICT,2017-08,3,9992.57
050674,EASTWOOD BOARD OF EDUCATION,2017-08,3,38626.8
050682,ELMWOOD LOCAL SCHOOL DISTRICT,2017-08,2,31383.44
050690,LAKE LOCAL SCHOOL DISTRICT,2017-08,2,42645.39
050708,NORTH BALTIMORE BOARD OF,2017-08,2,18164.59
050716,NORTHWOOD LOCAL SCHOOLS,2017-08,3,26225.57
050724,OTSEGO LOCAL SCHOOL DISTRICT,2017-08,3,40084.13
050740,MOHAWK BOARD OF EDUCATION,2017-08,3,23821.35
050773,APOLLO JOINT VOCATIONAL,2017-08,7,36900.74
050799,SOUTHERN HILLS JOINT,2017-08,5,24067.31
050815,ASHTABULA COUNTY TECHNICAL &,2017-08,4,26153.89
050856,BELMONT-HARRISON VOCATIONAL,2017-08,7,24922.57
050880,BUTLER TECHNOLOGY & CAREER,2017-08,4,296628.59
050906,COLUMBIANA COUNTY JOINT,2017-08,4,10518.95
050922,CUYAHOGA VALLEY CAREER CENTER,2017-08,2,22331.76
050948,POLARIS JOINT VOCATIONAL,2017-08,1,64373.28
050963,FOUR COUNTY JOINT VOCATIONAL,2017-08,9,34630.96
050989,DELAWARE AREA CAREER CENTER,2017-08,5,35430.99
051003,EASTLAND-FAIRFIELD CAREER &,2017-08,7,39288.88
051029,EHOVE JOINT VOCATIONAL SCHOOL,2017-08,8,20691.08
051045,GREENE COUNTY JOINT VOCATIONAL,2017-08,6,42578.22
051060,GREAT OAKS INSTITUTE OF TECH,2017-08,11,251285
051128,JEFFERSON COUNTY JOINT,2017-08,3,7581.16
051144,KNOX COUNTY CAREER CENTER,2017-08,7,15878.37
051169,AUBURN VOCATIONAL SCHOOL DIST,2017-08,6,16914.02
051185,LAWRENCE COUNTY JOINT,2017-08,3,36994.7
051201,LICKING CNTY JOINT VOCATIONAL,2017-08,6,40928.41
051227,LORAIN COUNTY JOINT,2017-08,5,36399.76
051243,MAHONING COUNTY CAREER &,2017-08,5,18506.61
051284,MIAMI VALLEY CAREER TECHNOLOGY,2017-08,10,85529.37
051300,MIDEAST CAREER & TECHNOLOGY,2017-08,9,29893.07
051334,OHIO HI POINT JOINT VOCATIONAL,2017-08,12,74624.2
051359,PENTA COUNTY VOCATIONAL SCHOOL,2017-08,7,110180.78
051375,PIKE COUNTY JOINT VOCATIONAL,2017-08,5,11536.87
051391,MAPLEWOOD CAREER CENTER,2017-08,5,15053.04
051417,PIONEER CAREER & TECHNOLOGY,2017-08,8,59441.22
051433,PICKAWAY-ROSS COUNTY JOINT,2017-08,10,75000.76
051458,VANGUARD SENTINEL CAREER CNTRS,2017-08,8,41573.73
051474,WARREN COUNTY VOCATIONAL,2017-08,7,66484.52
051490,SCIOTO COUNTY CAREER TECH CNTR,2017-08,5,36734.65
051532,SPRINGFIELD-CLARK CAREER,2017-08,6,26433.07
051607,TRI-COUNTY JOINT VOCATIONAL,2017-08,6,10299.4
051631,TRUMBULL COUNTY JOINT,2017-08,4,25178.89
051656,BUCKEYE JOINT VOCATIONAL,2017-08,10,30146.07
051672,VANTAGE CAREER CENTER,2017-08,7,14027.24
051698,WASHINGTON COUNTY JOINT,2017-08,4,11942.75
051714,WAYNE CNTY JOINT VOCATIONAL SC,2017-08,6,19275.77
061903,ADAMS CNTY-OH VALLEY SCHL DIST,2017-08,5,100252.38
062026,STARK COUNTY AREA JOINT,2017-08,6,18651.54
062042,ASHLAND CO WEST HOLMES JOINT,2017-08,6,9032.36
062067,GALLIA JACKSON VINTON JOINT,2017-08,5,39633.41
062109,MEDINA COUNTY CAREER CENTER,2017-08,4,42731.04
062125,UPPER VALLEY JOINT VOCATIONAL,2017-08,6,77380.25
062802,US GRANT JOINT VOCATIONAL,2017-08,2,14159.2
063495,PORTAGE LAKES JOINT VOCATIONAL,2017-08,3,15816.74
063511,TOLLES CAREER & TECH CENTER,2017-08,6,40433.05
064964,COLLEGE CORNER LOCAL SCHOOL,2017-08,2,2707.88
065227,COSHOCTON COUNTY JOINT,2017-08,6,6463.05
065268,TRI-RIVERS JOINT VOCATIONAL,2017-08,7,9443.65
065680,GALLIA COUNTY LOCAL SCHOOL,2017-08,5,61769.54
069682,EAST GUERNSEY LOCAL SCHOOL,2017-08,4,26666.1
091397,TRI-COUNTY NORTH LOCAL SCHOOL,2017-08,3,24667.6
132746,SUMMIT ACADEMY COMMUNITY SCH,2017-08,4,2324.55
132761,SUMMIT ACAD COMMU SCHL FOR,2017-08,4,4047.15
132779,SUMMIT ACADEMY AKRON MIDDLE,2017-08,1,1531.45
132795,LIFE SKILLS CENTER OF CLARK,2017-08,3,4596.89
132803,LIFE SKILLS CENTER OF BUTLER,2017-08,3,6152.68
132944,MIAMI VALLEY ACADEMIES,2017-08,1,2694.26
132951,CONSTELLATN SCHLS LORAIN COMMU,2017-08,2,5305.1
132969,CONSTELLATN SCHLS ELYRIA COMMU,2017-08,2,13223.16
132985,YOUTH BUILD COLUMBUS,2017-08,1,1953.07
132993,CONSTELLATN SCHLS W.PARK COMM,2017-08,1,7944.39
133215,INTERGENERATIONAL SCHOOL,2017-08,1,6255.21
133256,CONSTELLTN SCHLS PARMA COMMU,2017-08,4,34338.08
133264,DOHN COMMUNITY HIGH SCHOOL,2017-08,1,13115.9
133280,WASHINGTON PARK COMMUNITY,2017-08,1,5305.05
133306,SUMMIT ACAD COMMU SCHL FOR,2017-08,4,3993.96
133322,SUMMIT ACAD COMMU SCHL  FOR,2017-08,1,3220.01
133330,TCP WORLD ACADEMY,2017-08,2,12772.89
133348,RICHARD ALLEN PREPARATORY,2017-08,1,2879.16
133389,LIGHTHOUSE COMMUNITY SCHOOL,2017-08,1,1557.02
133413,ELECTRONIC CLASSROOM OF,2017-08,88,402185.92
133421,GRAHAM SCHOOL,2017-08,2,6598.2
133439,CORNERSTONE ACADEMY,2017-08,4,17763.05
133454,DAYTON VIEW ACADEMY,2017-08,1,6022.45
133488,EDUCATIONAL DEVELOPMENT CENTER,2017-08,3,4200.77
133504,PHOENIX COMMUNITY LEARNING,2017-08,1,11875.56
133512,LKH VICTORY CORP,2017-08,3,24965.15
133520,CITIZENS ACADEMY,2017-08,3,11217.19
133538,EDGE LEARNING INC,2017-08,2,6521.84
133561,MILLENNIUM COMMUNITY SCHOOL,2017-08,2,14410.46
133587,SUMMIT ACAD AKRON ELEMENT SCH,2017-08,2,3195.12
133629,HORIZON SCIENCE ADADEMY -,2017-08,2,11718.68
133660,HORIZON EDUCATIONAL SERVICES,2017-08,2,12747.72
133678,RIVERSIDE COMMUNITY SCHOOL INC,2017-08,1,6755.87
133736,RICHARD ALLEN ACADEMY INC,2017-08,1,1796.17
133785,LIFE SKILLS CENTER OF,2017-08,2,3826.58
133801,LIFE SKILLS CENTER OF,2017-08,3,1826.84
133819,HOPE ACAD LINCOLN PARK CAMPUS,2017-08,1,5700.95
133835,LIFE SKILLS CENTER OF,2017-08,1,10319.78
133868,LIFE SKILLS CENTER OF AKRON,2017-08,2,6601.05
133942,TOLEDO SCHOOL FOR THE ARTS,2017-08,5,17843.17
133959,DAYTON LEADERSHIP ACAD.-DAYTON,2017-08,1,3724.41
134072,YOUNGSTOWN COMMUNITY SCHL INC,2017-08,1,8499.79
134098,CONSTELLATN SCHLS OLD BROOKLYN,2017-08,3,8709.85
134122,MULTIPLE OPTNS FOR DEVELOPMENT,2017-08,3,2907.76
134148,AURORA ACADEMY,2017-08,2,4520.2
134197,HOPE ACADEMY CHAPELSIDE CAMPUS,2017-08,1,5595.38
134213,HOPE ACADEMY UNIVERSITY,2017-08,1,4884.79
134221,HOPE ACADEMY BROWN ST CAMPUS,2017-08,1,5993.77
134247,CITY DAY COMMUNITY SCHOOL INC,2017-08,1,3645.17
139303,MONROE LOCAL SCHOOL DISTRICT,2017-08,2,72799.45
142901,LIFE SKILLS CENTER OF CANTON,2017-08,2,2697.2
142919,LIFE SKILLS CENTER OF ELYRIA,2017-08,2,3035.26
142927,FOCUS LEARNING ACADEMY OF,2017-08,2,7099.67
142935,FOCUS LEARNING ACADEMY OF,2017-08,1,4724.31
142943,FOCUS LEARNING ACADEMY OF,2017-08,1,10953
142950,OHIO VIRTUAL ACADEMY INC,2017-08,88,224584.37
142968,HOPE ACAD NORTHCOAST ACAD,2017-08,1,7548.49
143115,MOUND STREET IT ACADEMY,2017-08,3,1532.19
143123,MOUND STREET MILITARY ACADEMY,2017-08,1,1003.74
143131,MOUND STREET HEALTH CAREER,2017-08,1,1637.68
143172,INTERNATIONAL ACADEMY OF,2017-08,1,7891.44
143198,GREAT WESTERN ACADEMY,2017-08,1,19900.16
143206,TROTWOOD FITNESS &,2017-08,1,8373.32
143214,MIDDLETOWN FITNESS &,2017-08,3,6126.07
143297,AUTISM ACADEMY OF LEARNING,2017-08,1,1453.79
143305,TRECA DIGITAL ACADEMY,2017-08,82,49362.61
143313,HOPE ACADEMY CUYAHOGA CAMPUS,2017-08,1,5832.92
143396,OHIO DISTANCE EDUCATION &,2017-08,72,30875.81
143479,CONSTELLATION SCHOOLS PURITAS,2017-08,3,5278.92
143487,CONSTELLATION SCHLS STOCKYARD,2017-08,1,7047.01
143529,NORTH DAYTON SCHOOL OF SCIENCE,2017-08,1,15373.1
143537,VIRTUAL COMMUNITY SCHOOL,2017-08,60,17338.62
143552,EAGLE ACADEMY,2017-08,1,3674.12
143560,RICHARD ALLEN ACADEMY II,2017-08,2,6656.43
143578,RICHARD ALLEN ACADEMY III,2017-08,2,4066.35
143602,HAMILTON COUNTY MATHEMATICS &,2017-08,2,15992.81
143610,ARTS & COLLEGE PREPARATORY,2017-08,6,10347.31
143644,SCIOTOVILLE COMMUNITY SCHOOL,2017-08,1,6933.34
147231,SCHNEE LEARNING CENTER,2017-08,2,2587.82
148916,MARION CITY DIGITAL ACADEMY,2017-08,2,4150.52
148932,FRANKLIN LOCAL COMMU SCHOOL,2017-08,3,1883.77
148981,TOMORROW CENTER,2017-08,7,3520.71
148999,MAHONING UNLIMITED CLASSROOM,2017-08,4,5004.14
149047,GOAL DIGITAL ACADEMY,2017-08,10,13065.95
149054,AKRON DIGITAL ACADEMY,2017-08,4,8053.54
149062,URBANA COMMUNITY SCHOOL,2017-08,1,1220.82
149088,FAIRBORN DIGITAL ACADEMY,2017-08,4,5368.46
149302,LIFE SKILLS CENTER OF TOLEDO,2017-08,1,2246.76
149328,FOXFIRE HIGH SCHOOL,2017-08,4,9347.02
149427,MASSILLON DIGITAL ACADEMY,2017-08,1,1163.6
151027,LONDON ACADEMY,2017-08,11,4101.61
151035,PLEASANT COMMUNITY DIGITAL,2017-08,2,2564.61
151142,LORAIN HIGH SCHOOL DIGITAL,2017-08,1,2269.84
151167,RIDGEDALE COMMUNITY SCHOOL,2017-08,1,528.74
151175,WEST CENTRAL LEARNING ACADEMY,2017-08,3,2381.53
151183,LIFE SKILLS CNTR OF LAKE ERIE,2017-08,1,6044.07
151191,LIFE SKILLS CENTER OF SUMMIT,2017-08,1,2005.89
151209,LIFE SKILLS CENTER OF,2017-08,1,2665.72
000125,POLLY FOX ACADEMY,2018-01,1,1146.62
000130,PHOENIX ACADEMY,2018-01,3,5533.77
000131,GLASS CITY ACADEMY INC,2018-01,1,6206.7
000138,PATHWAY SCHOOL OF DISCOVERY,2018-01,4,19203.16
000139,ALLIANCE ACADEMY,2018-01,4,13960.67
000162,NEWARK DIGITAL ACADEMY,2018-01,8,7849.07
000222,WILDWOOD ENVIRONMENTAL ACADEMY,2018-01,2,8849.22
000236,OHIO CONNECTIONS ACADEMY INC,2018-01,88,110365.54
000241,QUAKER DIGITAL ACADEMY,2018-01,48,16128.48
000282,GREATER OHIO VIRTUAL SCHOOL,2018-01,20,11590.09
000288,AUGLAIZE COUNTY EDUCATIONAL,2018-01,8,2323.61
000296,SUMMIT ACAD. COMM. SCHOOL,2018-01,2,2065.77
000297,SUMMIT ACAD. COMM. SCHOOL DAY,2018-01,5,3287.89
000298,SUMMIT ACADEMY SECONDARY,2018-01,1,1991.67
000300,SUMMIT ACAD. SEC. SCHOOL,2018-01,4,2717.28
000301,SUMMIT ACAD. SEC. SCHOOL LOR,2018-01,2,3514.64
000302,SUMMIT ACAD. COMM. SCHOOL PAR,2018-01,3,4902.38
000303,SUMMIT ACAD. SEC. SCHOOL,2018-01,3,6014.84
000305,SUMMIT ACAD. COMM. SCHOOL WAR,2018-01,2,2989.04
000306,SUMMIT ACAD. COMM. SCHOOL,2018-01,3,3510.07
000311,BRIDGES COMMUNITY ACADEMY,2018-01,3,4026.31
000316,CONSTELLATION SCHOOLS WESTPARK,2018-01,1,5424.9
000318,MENLO PARK ACADEMY,2018-01,6,10378.26
000319,CONSTELLATION SCH MADISON,2018-01,1,7241.49
000320,CONSTELLATION SCHOOLS LORAIN,2018-01,1,3085.5
000321,CONSTELLATION SCH OLD BROOKLYN,2018-01,1,6694.03
000338,HORIZON SCI ACADEMY,2018-01,2,13335.64
000360,MIAMISBURG SECONDARY DIGITAL,2018-01,1,1195.48
000402,FINDLAY DIGITAL ACADEMY,2018-01,1,4229.14
000417,BUCKEYE ON-LINE SCH FOR SUCCS,2018-01,56,15852.29
000442,MANCHESTER LOCAL SCHOOL DIST,2018-01,3,21465.43
000509,WHITEHALL PREPARATORY &,2018-01,1,7466.63
000510,SPRINGFIELD PREPARATORY &,2018-01,1,3785.09
000511,NORTHLAND PREPARATORY &,2018-01,1,6919.08
000525,PROJECT REBUILD COMMUNITY SCHL,2018-01,1,3290.87
000527,CASTLE HIGH SCHOOL INC,2018-01,3,4131.01
000534,CONSTELLATION SCHOOLS PURITAS,2018-01,2,3732.72
000543,PINNACLE ACADEMY,2018-01,4,18688.83
000546,WINTERFIELD VENTURE ACADEMY,2018-01,1,12612.82
000553,COLUMBUS HUMANITIES ARTS &,2018-01,7,13539.79
000556,A+ ARTS ACADEMY,2018-01,2,16575.98
000557,COLUMBUS ARTS &,2018-01,5,14659.64
000558,COLUMBUS PREPARATORY ACADEMY,2018-01,6,18542.43
000559,ORION ACADEMY,2018-01,2,14383.56
000560,APEX ACADEMY,2018-01,1,13139.2
000575,HOPE ACADEMY NORTHWEST CAMPUS,2018-01,3,5972.44
000576,KING ACADEMY COMMUNITY SCHOOL,2018-01,3,3409.39
000577,EMERSON ACADEMY,2018-01,2,15516.34
000598,COSHOCTON OPPORTUNITY SCHOOL,2018-01,1,723.35
000608,SUMMIT ACADEMY TRANSITION HIGH,2018-01,2,2040.72
000609,SUMMIT ACAD. MIDDLE SCH LORAIN,2018-01,1,3807.11
000610,SUMMIT ACAD. MIDDLE SCH COL.,2018-01,2,1742.5
000613,HEIR FORCE COMMUNITY SCHOOL,2018-01,2,6037.59
000614,SUMMIT ACADEMY TRANSITION HIGH,2018-01,2,1643.33
000616,SUMMIT ACAD. SCH FOR ALT.,2018-01,1,2266.64
000621,SUMMIT ACADEMY TRANSITION HIGH,2018-01,7,4259.72
000623,SUMMIT ACADEMY - YOUNGSTOWN,2018-01,2,5240.84
000629,SUMMIT ACADEMY COMMUNITY,2018-01,3,2192.03
000634,SUMMIT ACADEMY SECONDARY,2018-01,5,3511.24
000640,RITTMAN ACADEMY,2018-01,2,847.64
000664,LIFE SKILLS CENTER OF COLUMBUS,2018-01,3,2936.94
000677,NEW DAY ACADEMY BOARDING,2018-01,2,3583.49
000679,OAKSTONE COMMUNITY SCHOOL,2018-01,9,6696.54
000725,ZENITH ACADEMY,2018-01,1,14410.59
000736,PHOENIX VILL. ACAD. PRIMARY 2,2018-01,1,3483.88
000738,PHOENIX VILL. ACAD. SEC. 1,2018-01,1,1791.71
000770,MARITIME ACADEMY OF TOLEDO INC,2018-01,2,7278.55
000779,EDUCATIONAL ACADEMY FOR BOYS,2018-01,1,2364.43
000780,MIDNIMO CROSS CULTURAL MIDDLE,2018-01,1,2737.76
000804,HORIZON SCIENCE ACADEMY,2018-01,1,7166.86
000808,HORIZON SCIENCE ADADEMY DAYTON,2018-01,1,4582.66
000813,LIFE SKILLS CENTER OF DAYTON,2018-01,6,3262.67
000825,HORIZON SCIENCE ACADEMY,2018-01,1,8250.68
000838,HORIZON SCIENCE ACADEMY-,2018-01,1,6768.68
000843,BENNETT VENTURE ACADEMY,2018-01,2,18021.93
000855,STAMBAUGH CHARTER ACADEMY,2018-01,3,9561.23
000858,HORIZON SCIENCE ACAD CLEVELAND,2018-01,2,9207.42
000875,WESTSIDE ACADEMY INC,2018-01,1,4579.53
000905,IMAC INC,2018-01,1,697.83
000912,ACADEMIC ACCELERATION ACADEMY,2018-01,2,4031.98
000930,CLEVELAND ENTREPRENEURSHIP,2018-01,2,8087.63
000936,PROMISE ACADEMY,2018-01,2,5723.59
000938,PREMIER ACADEMY OF OHIO,2018-01,1,1941.32
000941,PAR EXCELLENCE ACADEMY,2018-01,1,3687.5
000942,LAKEWOOD CITY ACADEMY,2018-01,1,2513.37
000951,TOLEDO PREP. AND FITNESS ACAD,2018-01,2,5134.94
000952,COLUMBUS PREPARATORY,2018-01,1,9930.62
000953,CINCINNATI PREPARATORY &,2018-01,3,6445.39
007984,YOUNGSTOWN ACAD OF EXCELLENCE,2018-01,2,3320.18
007995,CLEVELAND ARTS  SCI.,2018-01,1,6420.29
007999,CHARLES SCHOOL,2018-01,4,8860.63
008000,MANSFIELD PREPARATORY ACADEMY,2018-01,1,12814.78
008063,LIFE SKILLS CTR OF NORTH AKRON,2018-01,3,2564.73
008064,ACADEMY OF ARTS,2018-01,3,2924.14
008251,MAHONING VALLEY,2018-01,2,1522.81
008278,NOBLE ACADEMY-CLEVELAND INC,2018-01,3,10576.25
008280,NOBLE ACADEMY-COLUMBUS INC,2018-01,1,8835.51
008281,SOUTH SCIOTO ACADEMY,2018-01,2,5052.45
008282,LIFE SKILLS CTR OF COL. NORTH,2018-01,3,2712.87
008283,DAYTON TECH. DESIGN HIGH SCH,2018-01,3,4059.74
008286,HARVARD AVE COMMUNITY SCHOOL,2018-01,1,8112.46
008287,GROVEPORT COMMUNITY SCHOOL,2018-01,3,19662.21
008289,EAGLE LEARNING CENTER INC,2018-01,2,1695
009122,COLUMBUS COLLEGIATE,2018-01,2,5799.09
009147,NORTHPOINTE ACADEMY,2018-01,1,6331.33
009148,ZANESVILLE COMM. HIGH SCH,2018-01,4,3055.94
009149,CONSTELLATION SCHOOLS WESTSIDE,2018-01,2,10227.7
009164,CENTRAL ACADEMY OF OHIO,2018-01,1,2941.33
009171,STAR ACADEMY OF TOLEDO,2018-01,4,4262.73
009179,HORIZON SCIENCE ACADEMY INC,2018-01,2,12394.59
009181,CLAY AVENUE COMMUNITY SCHOOL,2018-01,1,11117.23
009192,FOUNDATION ACADEMY,2018-01,3,9719.98
009283,DAYTON EARLY COLLEGE ACAD.,2018-01,1,7870.21
009953,SULLIVANT AVE COMM. SCHOOL,2018-01,2,9159.18
009954,HARRISBURG PIKE COMM. SCHOOL,2018-01,1,6570.63
009955,MADISON AVENUE SCHOOL OF ARTS,2018-01,1,13036.57
009957,KLEPINGER COMMUNITY SCHOOL,2018-01,3,11406.8
009971,ASHLAND CTY COMM. ACADEMY,2018-01,4,2229.96
009990,HORIZON SCI. ACAD. ELEMENTARY,2018-01,2,17695.9
009996,MAHONING COUNTY HIGH SCHOOL,2018-01,3,2521.38
009997,KIPP CENTRAL OHIO,2018-01,5,29817.04
010007,HORIZON SCI. ACAD. DENISON,2018-01,1,3210.15
010036,CESAR CHAVEZ COLLEGE PREP.,2018-01,1,8088.85
010180,MOUNT AUBURN INT. ACAD.,2018-01,1,12367.81
010182,PERFORMANCE ACADEMY EASTLAND,2018-01,1,8487.07
010205,L HOLLINGWORTH SCH FOR TAL.,2018-01,1,8425.16
011291,VILLAGE PREPARATORY SCHOOL,2018-01,2,10352.12
011324,HARDIN COMMUNITY SCHOOL,2018-01,1,898.59
011381,GREATER SUMMIT CTY EARLY LEARN,2018-01,2,3510.36
011390,BELLA ACADEMY OF EXCELLENCE,2018-01,2,7888.64
011439,RENAISSANCE ACADEMY,2018-01,2,4056.9
011444,RUSHMORE ACADEMY,2018-01,5,8275.12
011468,COLUMBUS BILINGUAL ACAD. - N.,2018-01,2,6670.18
011506,DAYTON REGIONAL STEM SCHOOL,2018-01,7,16343.76
011507,ACHIEVE CAREER PREP. ACAD.,2018-01,2,3240.41
011511,NORTH CENTRAL ACADEMY,2018-01,5,1747
011533,HORIZON SCI. ACAD. OF LORAIN,2018-01,1,16995.14
011534,HORIZON SCIENCE ACADEMY DAYTON,2018-01,1,8268.7
011923,NORTHEAST OHIO COLLEGE PREP.,2018-01,4,12492.36
011947,IMAGINE AKRON ACADEMY,2018-01,1,1269.69
011956,RCCS,2018-01,2,1617.93
011967,RICHLAND ACAD. SCH OF EXC.,2018-01,3,7426.98
011972,GRAHAM EXPED. MIDDLE SCHOOL,2018-01,3,10826.62
011976,HORIZON SCIENCE ACADEMY DAYTON,2018-01,1,5603.79
011986,HORIZON SCI. ACAD. YOUNGSTOWN,2018-01,1,10260.65
012009,ZENITH ACADEMY-EAST,2018-01,2,6894.26
012010,CLEVELAND COLLEGE PREP.,2018-01,1,7191.72
012011,COLUMBUS PERFORMANCE ACADEMY,2018-01,2,5102.23
012025,CONSTELLATION SCH STOCKYARD,2018-01,1,1692.17
012026,CONSTELLATION SCHOOLS CENTRAL,2018-01,2,3036
012029,CITIZENS LEADERSHIP ACADEMY,2018-01,2,6519.83
012030,NEAR WEST SCHOOL,2018-01,3,5897.71
012031,ENTREPRENEURSHIP PREP. SCHOOL,2018-01,1,7664.54
012033,FOXFIRE INTERMEDIATE SCHOOL,2018-01,3,801.39
012036,THURGOOD MARSHALL HIGH SCHOOL,2018-01,1,4703.24
012037,NEW BEGINNINGS ACADEMY,2018-01,1,3957.31
012038,LANGSTON HUGHES HIGH SCHOOL,2018-01,1,4354.85
012040,ROAD TO SUCCESS ACADEMY,2018-01,1,2563.54
012041,THE ARCH ACADEMY,2018-01,2,3360.05
012042,GEORGE V VOINOVICH RECLAMATION,2018-01,1,1916.13
012043,FREDERICK DOUGLASS RECLAMATION,2018-01,1,2115.21
012044,CAPITAL HIGH SCHOOL,2018-01,1,4753.75
012045,PATRIOT PREPARATORY ACADEMY,2018-01,3,13788.87
012054,NORTH CENTRAL ACADEMY FREMONT,2018-01,4,2526.2
012060,AKROS MIDDLE SCHOOL,2018-01,1,3012.41
012105,SOUTHSIDE ACADEMY INC,2018-01,1,3694.83
012391,METRO EARLY COLLEGE HIGH SCH,2018-01,6,22948.17
012501,BEACON HILL COMMUNITY SCHOOL,2018-01,3,1669.42
012513,CINCINNATI COLLEGE PREPARATORY,2018-01,1,3608.31
012528,ACADEMY FOR URBAN SOLUTIONS,2018-01,1,7416.85
012529,FOCUS NORTH HIGH SCHOOL,2018-01,2,4778.73
012536,UBAH MATH  ACADEMY,2018-01,1,4081.76
012541,UNIVERSITY OF CLEVELAND PREP.,2018-01,2,9406.58
012545,IMAGINE WOODBURY ACADEMY,2018-01,1,4084.54
012558,GLOBAL VILLAGE ACADEMY INC,2018-01,1,3981.58
012627,STEAM ACADEMY OF YOUNGSTOWN,2018-01,2,4755.13
012644,STEAM ACADEMY OF WARREN,2018-01,3,3786.72
012671,CONSTELLATION SCH EASTSIDE,2018-01,1,3085.72
012684,BROADWAY ACADEMY,2018-01,2,2986.28
012852,CITIZENS ACADEMY EAST,2018-01,1,9904.17
012867,TOWNSEND NORTH COMM. SCH,2018-01,29,26945.76
012924,DECA PREP,2018-01,2,21593.3
012951,COLUMBUS COLLEGIATE ACAD. - W.,2018-01,1,6097.75
013034,VILLAGE PREP. SCH:WOODLA,2018-01,1,10949.34
013082,THE HALEY SCHOOL,2018-01,1,4952.09
013132,LAKE ERIE COLLEGE PREP.,2018-01,2,5947.54
013146,STEAM Academy of Dayton,2018-01,3,5554.9
013147,STEAM ACAD. OF WARRENSVILLE,2018-01,2,4230.47
013148,STEPSTONE ACADEMY,2018-01,2,6395.4
013170,HOPE ACADEMY FOR AUTISM,2018-01,3,1544.59
013173,IMAGINE HILL AVENUE,2018-01,1,3215.52
013175,KIDS UNLIMITED ACADEMY,2018-01,2,7976.56
013195,ACADEMY OF EDU. EXCELLENCE,2018-01,2,3689.29
013198,BROOKWOOD ACADEMY,2018-01,2,2464.02
013199,NEXUS ACADEMY OF CLEVELAND,2018-01,1,2662.68
013226,LIFE SKILLS HIGH SCH OF CLEVE,2018-01,1,2662.68
013232,A+ CHILDRENS ACADEMY,2018-01,1,2936.87
013249,ACADEMY FOR URB. SCH. YOUNGSTO,2018-01,1,3869.59
013253,OHIO COLLEGIATE ACADEMY,2018-01,3,7117.19
013254,AKRON PREPARATORY SCHOOL,2018-01,3,4282.37
013255,CANTON COLL. PREP. SCH,2018-01,2,4637.1
013864,CINCINNATI TECHNOLOGY ACADEMY,2018-01,1,5698.65
013892,FRANKLINTON PREP. ACAD.,2018-01,1,4430.2
013930,GLOBAL IMPACT STEM ACADEMY,2018-01,7,15293.98
013962,LIBERTY PREPARTORY SCHOOL,2018-01,4,1271.45
013967,CINCINNATI LEARNING SCHOOLS,2018-01,1,5499.57
013994,ALBERT EINSTEIN ACAD.,2018-01,3,6146.67
013999,Rise & Shine Academy,2018-01,1,2417.87
014061,CHAPELSIDE CLEVELAND ACADEMY,2018-01,2,6445.28
014063,UNIVERSITY ACADEMY,2018-01,1,5128.56
014064,WINTON PREPARATORY ACADEMY,2018-01,1,9655.35
014065,LINCOLN PARK ACADEMY,2018-01,1,4877.43
014066,MAIN ST PREP. ACAD.,2018-01,1,3211.57
014067,OHIO CONSTRUCTION ACADEMY,2018-01,2,846.23
014081,INSIGHT SCHOOL OF OHIO,2018-01,82,33174.24
014090,BERWYN EAST ACADEMY,2018-01,2,3957.32
014091,HOPE LEARNING ACAD. OF TOLEDO,2018-01,2,1520.52
014121,IMAGINE LEADERSHIP ACADEMY,2018-01,1,4555.95
014139,IMAGINE COL. PRIMARY SCHOOL,2018-01,1,5848.86
014147,EAST PREPARATORY ACADEMY,2018-01,3,5176.17
014149,DAYTON SMART ELEMENTARY SCHOOL,2018-01,1,2316.23
014187,EAST ACADEMY,2018-01,2,7017.59
014188,DISCOVERY ACADEMY,2018-01,1,7777.07
014189,WEST PARK ACADEMY,2018-01,3,5325.38
014231,BIO-MED SCI. ACAD. STEM SCH,2018-01,10,14405.68
014467,UNITED PREPARATORY ACADEMY,2018-01,1,6769.74
014825,BUCKEYE PREP. ACADEMY,2018-01,1,4579.53
014830,UTICA SHALE ACAD. OF OHIO,2018-01,3,1546.09
014858,REACH ACADEMY,2018-01,2,5907.58
014864,TOLEDO SMART ELEM. SCH.,2018-01,1,4636.33
014904,T2 HONORS ACADEMY,2018-01,1,2886.64
014913,LAKESHORE INTERGENERATIONAL,2018-01,3,5101.46
014927,STEEL ACADEMY,2018-01,3,2290.54
014943,VALLEY STEM+ME2 ACADEMY,2018-01,4,4792.95
015234,ZENITH ACADEMY WEST,2018-01,1,5400.86
015236,CLARK PREPARATORY ACADEMY,2018-01,1,2739.21
015237,FLEX HIGH SCHOOL,2018-01,3,3832.93
015239,STONEBROOK MONTESSORI,2018-01,2,3085.74
015261,CITIZENS ACADEMY SOUTHEAST,2018-01,1,8635.04
015329,ISTEM GEAUGA EARLY COLLEGE HS,2018-01,4,3713.7
015344,Tri-State STEM+M Early College,2018-01,1,1195.21
015709,BEACON ACADEMY,2018-01,1,4263.17
015710,BRIDGE GATE COMMUNITY SCHOOL,2018-01,1,2488.88
015712,Euclid Preparatory School,2018-01,4,3608.53
015713,EAST BRANCH PREPATORY ACAD.,2018-01,1,3116.35
015714,URBAN EARLY COLLEGE NETWORK,2018-01,2,4109.54
015722,VILLAGE PREP SCHOOL WILLIARD,2018-01,1,4479.27
015736,iLEAD SPRING MEADOWS,2018-01,3,3813.82
015737,GLOBAL AMBASS. LANG. ACAD.,2018-01,4,3110.84
015741,WESTWOOD PREPARTORY ACAD,2018-01,3,5326.68
016829,South Columbus Preparatory Aca,2018-01,2,2240
016836,Kids Care Elementary,2018-01,1,1343.99
016837,Orchard Park Academy,2018-01,1,1542.86
016843,Citizens Leadership Academy Ea,2018-01,1,1443.32
016849,Liberty High School,2018-01,1,1743.4
016850,Southwest Ohio Preparatory Sch,2018-01,1,5748.42
016858,United Preparatory Academy Eas,2018-01,1,1169.77
043489,AKRON CITY SCHOOLS,2018-01,1,521644.02
043497,ALLIANCE CITY BOARD OF EDU,2018-01,3,69846.32
043505,ASHLAND CITY BOARD OF,2018-01,2,82994.77
043513,ASHTABULA AREA CITY SCHOOL,2018-01,1,85517.43
043521,ATHENS CITY SCHOOL DISTRICT,2018-01,1,65261.47
043539,BARBERTON BOARD OF EDUCATION,2018-01,1,92687.48
043547,BAY VILLAGE CITY SCHOOL,2018-01,1,61316.28
043554,BEACHWOOD BOARD OF EDUCATION,2018-01,1,34266.44
043562,BEDFORD BOARD OF EDUCATION,2018-01,2,78959.66
043570,BELLAIRE CITY SCHOOL DISTRICT,2018-01,1,29656.5
043588,BELLEFONTAINE CITY SCHOOL,2018-01,1,60984.4
043596,BELLEVUE CITY SCHOOL DISTRICT,2018-01,4,49473.55
043604,BELPRE CITY SCHOOL DISTRICT,2018-01,1,25962.58
043612,BEREA CITY SCHOOL DISTRICT,2018-01,1,148214.2
043620,BEXLEY CITY SCHOOL DISTRICT,2018-01,1,59608.58
043638,BOWLING GREEN SCHOOL DISTRICT,2018-01,2,76724.29
043646,BRECKSVILLE BROADVIEW HEIGHTS,2018-01,2,93840.82
043653,BROOKLYN LOCAL SCHOOL DISTRICT,2018-01,1,32176.12
043661,BRUNSWICK CITY SCHOOL DISTRICT,2018-01,2,178955.52
043679,BRYAN CITY SCHOOLS,2018-01,1,50313.22
043687,BUCYRUS CITY SCHOOL DISTRICT,2018-01,1,31674.65
043695,CAMBRIDGE CITY BOARD OF,2018-01,1,50117.9
043703,CAMPBELL CITY SCHOOLS,2018-01,1,27786.13
043711,CANTON CITY SCHOOL DISTRICT,2018-01,1,208621.17
043729,CELINA CITY BOARD OF EDU,2018-01,2,63823.88
043737,CENTERVILLE CITY SCHOOL,2018-01,3,200815.03
043745,CHILLICOTHE CITY SCHOOL,2018-01,1,71609.77
043752,CINCINNATI PUBLIC SCHOOLS,2018-01,1,807963.84
043760,CIRCLEVILLE CITY SCHOOL,2018-01,2,53368.43
043778,CLAYMONT CITY BOARD OF EDU,2018-01,3,49761.38
043786,CLEVELAND CITY SCHOOL DISTRICT,2018-01,1,928578.32
043794,CLEVELAND HEIGHTS UNIVERSITY,2018-01,1,125046.4
043802,COLUMBUS PUBLIC SCHOOL,2018-01,1,1228086.12
043810,CONNEAUT AREA CITY SCHOOLS,2018-01,1,41650.2
043828,COSHOCTON CITY SCHOOL DISTRICT,2018-01,1,39335.29
043836,CUYAHOGA FALLS CITY SCHOOLS,2018-01,1,117720.32
043844,DAYTON CITY SCHOOL DISTRICT,2018-01,1,310873.41
043851,DEER PARK COMMUNITY CITY,2018-01,1,31877.59
043869,DEFIANCE CITY SCHOOLS,2018-01,2,64155.88
043877,DELAWARE CITY SCHOOLS,2018-01,1,139360.28
043885,DELPHOS CITY SCHOOL DISTRICT,2018-01,3,24987.1
043893,DOVER CITY SCHOOL DISTRICT,2018-01,1,69907.35
043901,EAST CLEVELAND CITY SCHOOL,2018-01,1,52059.11
043919,EAST LIVERPOOL CITY SCHOOLS,2018-01,1,51161.66
043927,EAST PALESTINE CITY SCHOOL,2018-01,2,26353.91
043935,EATON CITY SCHOOLS,2018-01,2,51849.59
043943,ELYRIA CITY SCHOOL DISTRICT,2018-01,1,150617.25
043950,EUCLID BOARD OF EDUCATION,2018-01,2,124076
043968,FAIRBORN CITY SCHOOLS,2018-01,3,105140.58
043976,FAIRVIEW PARK CITY SCHOOL DIST,2018-01,1,44095.96
043984,FINDLAY CITY SCHOOLS,2018-01,1,131716.52
043992,FOSTORIA CITY SCHOOLS,2018-01,3,43851.2
044008,FRANKLIN CITY SCHOOLS,2018-01,3,75943.68
044016,FREMONT CITY BOARD OF EDU,2018-01,3,96883.52
044024,GALION CITY SCHOOL DISTRICT,2018-01,3,44991.72
044032,GALLIPOLIS CITY SCHOOLS,2018-01,1,50719.91
044040,GARFIELD HEIGHTS CITY SCHOOL,2018-01,1,89709.9
044057,GENEVA AREA CITY SCHOOL DIST,2018-01,2,62176.36
044065,GIRARD CITY SCHOOL DISTRICT,2018-01,2,42570.33
044073,GRANDVIEW HEIGHTS CITY SCHOOL,2018-01,1,27178.53
044081,WINTONWOODS CITY SCHOOL,2018-01,2,92298.46
044099,GREENVILLE CITY SCHOOL,2018-01,1,64398.54
044107,HAMILTON BOARD OF EDUCATION,2018-01,1,245779.34
044115,HEATH CITY SCHOOL DISTRICT,2018-01,1,43602.15
044123,HILLSBORO CITY BOARD OF EDU,2018-01,1,59057.74
044131,HURON CITY SCHOOL DISTRICT,2018-01,1,33791.89
044149,IRONTON CITY BOARD OF,2018-01,1,34511.59
044156,JACKSON CITY SCHOOL DISTRICT,2018-01,5,62463.87
044164,KENT CITY BOARD OF EDUCATION,2018-01,2,77465.32
044172,KENTON CITY SCHOOLS,2018-01,3,46104.59
044180,KETTERING CITY SCHOOL,2018-01,2,188239.81
044198,LAKEWOOD CITY SCHOOL DISTRICT,2018-01,1,120517.35
044206,LANCASTER CITY SCHOOLS,2018-01,1,156717.98
044214,LEBANON CITY SCHOOL DISTRICT,2018-01,2,140688.39
044222,LIMA CITY BOARD OF EDU,2018-01,1,88666.75
044230,LOCKLAND CITY SCHOOLS,2018-01,1,12965.05
044248,LOGAN HOCKING LOCAL SCHOOLS,2018-01,5,95108.14
044255,LONDON CITY SCHOOL DISTRICT,2018-01,2,53266.4
044263,LORAIN CITY SCHOOLS,2018-01,1,158343.45
044271,LOVELAND CITY SCHOOL DISTRICT,2018-01,3,115517.15
044289,MADEIRA CITY SCHOOLS,2018-01,1,37451.82
044297,MANSFIELD BOARD OF EDUCATION,2018-01,1,82892.7
044305,MAPLE HEIGHTS BOARD OF,2018-01,1,85902.51
044313,MARIEMONT CITY SCHOOL DISTRICT,2018-01,2,41484.28
044321,MARIETTA CITY SCHOOL DISTRICT,2018-01,1,68914.09
044339,MARION CITY SCHOOLS,2018-01,1,105131.5
044347,MARTINS FERRY CITY SCHOOL,2018-01,2,35430.41
044354,MASSILLON CITY SCHOOL DISTRICT,2018-01,1,95235.76
044362,MAUMEE CITY SCHOOL DISTRICT,2018-01,2,58876.43
044370,MAYFIELD CITY SCHOOL DISTRICT,2018-01,3,99764.32
044388,MEDINA CITY SCHOOLS,2018-01,1,172818.62
044396,MIAMISBURG CITY SCHOOLS,2018-01,1,132498.51
044404,MIDDLETOWN CITY SCH DIST.,2018-01,2,159890.29
044412,MOUNT HEALTHY CITY SCH DIST.,2018-01,1,79208.72
044420,MOUNT VERNON CITY SCHOOL,2018-01,2,97716.5
044438,NAPOLEON CITY SCHOOL DISTRICT,2018-01,3,49048.42
044446,NELSONVILLE YORK CITY SCHOOL,2018-01,3,30091.58
044453,NEWARK CITY SCHOOL DISTRICT,2018-01,1,155472.8
044461,NEW BOSTON BOARD OF EDUCATION,2018-01,1,10736.75
044479,NEW LEXINGTON CITY SCHOOLS,2018-01,3,43643.39
044487,NEW PHILADELPHIA CITY SCHOOLS,2018-01,1,77373.41
044495,NILES CITY SCHOOLS,2018-01,1,58210.23
044503,NORTH CANTON CITY SCHOOLS,2018-01,2,106192.65
044511,NORTH COLLEGE HILL CITY SCH,2018-01,1,43075.81
044529,NORTH OLMSTED CITY SCHOOL,2018-01,1,93542.16
044537,NORTH RIDGEVILLE CITY SCH DIST,2018-01,2,109286.48
044545,NORTH ROYALTON CITY SCHOOL,2018-01,1,102027.9
044552,NORTON CITY SCHOOLS,2018-01,3,61320.56
044560,NORWALK BOARD OF EDUCATION,2018-01,2,69776.6
044578,NORWOOD CITY SCHOOL DISTRICT,2018-01,1,48849.11
044586,OAKWOOD CITY SCHOOLS,2018-01,1,51604.68
044594,OBERLIN CITY SCHOOL DISTRICT,2018-01,1,24186.35
044602,OREGON CITY SCHOOLS,2018-01,3,88901.35
044610,ORRVILLE CITY SCHOOL DISTRICT,2018-01,1,40658.4
044628,PAINESVILLE CITY LOCAL SCHOOLS,2018-01,1,71325.56
044636,PARMA CITY SCHOOL DISTRICT,2018-01,1,252133.35
044644,PIQUA CITY SCHOOL DISTRICT,2018-01,2,86528.75
044651,PORT CLINTON CITY SCHOOLS,2018-01,2,43005.73
044669,PORTSMOUTH CITY SCHOOL,2018-01,1,42822.12
044677,PRINCETON CITY SCHOOL DISTRICT,2018-01,3,147350.59
044685,RAVENNA CITY SCHOOL DISTRICT,2018-01,1,58850.97
044693,READING BOARD OF EDUCATION,2018-01,1,39865.65
044701,ROCKY RIVER CITY SCHOOL,2018-01,1,66243.48
044719,ST BERNARD ELMWOOD PLACE CITY,2018-01,1,24461.88
044727,ST MARYS CITY BOARD OF,2018-01,2,50109.52
044735,SALEM CITY SCHOOL DISTRICT,2018-01,2,53257.28
044743,SANDUSKY BOARD OF EDUCATION,2018-01,1,77456.4
044750,SHAKER HEIGHTS BOARD OF,2018-01,1,122060.21
044768,SHEFFIELD SHEFFLD LAKE CITY,2018-01,1,43433.4
044776,SHELBY CITY BOARD OF EDU,2018-01,2,48026.76
044784,SIDNEY CITY SCHOOL DISTRICT,2018-01,2,83149.21
044792,SOUTH EUCLID LYNDHURST CITY,2018-01,1,83339.38
044800,SOUTH-WESTERN CITY SCHOOLS,2018-01,2,559959.95
044818,SPRINGFIELD CITY SCHOOLS,2018-01,1,186440.56
044826,STEUBENVILLE CITY SCHOOL,2018-01,1,57338.46
044834,STOW-MUNROE FALLS CITY,2018-01,2,131644.86
044842,STRONGSVILLE CITY SCHOOLS,2018-01,3,134826.2
044859,STRUTHERS CITY SCHOOL DISTRICT,2018-01,1,47808.12
044867,SYCAMORE COMMUNITY SCHOOL DIST,2018-01,2,134827.02
044875,SYLVANIA CITY SCHOOL DISTRICT,2018-01,1,190762.62
044883,TALLMADGE CITY SCHOOL DISTRICT,2018-01,2,58757.35
044891,TIFFIN CITY SCHOOLS,2018-01,1,66467.76
044909,TOLEDO PUBLIC SCHOOLS,2018-01,2,547760.16
044917,TORONTO CITY SCHOOL DISTRICT,2018-01,1,22258.18
044925,TROY CITY SCHOOLS,2018-01,1,110833.92
044933,UPPER ARLINGTON CITY SCHOOLS,2018-01,1,153837.43
044941,URBANA CITY SCHOOLS,2018-01,2,50460
044958,VANDALIA-BUTLER CITY SCHOOLS,2018-01,1,74169.28
044966,VAN WERT CITY SCHOOLS,2018-01,2,49192.82
044974,WADSWORTH CITY SCHOOLS,2018-01,3,113954.76
044982,WAPAKONETA CITY SCHOOL,2018-01,4,78697.99
044990,WARREN CITY SCHOOL DISTRICT,2018-01,1,119832.87
045005,WARRENSVILLE HEIGHTS CITY,2018-01,1,38795.49
045013,WASHINGTON COURTHOUSE CITY,2018-01,1,55611.34
045021,WELLSTON CITY SCHOOLS,2018-01,2,34666.01
045039,WELLSVILLE LOCAL SCHOOL,2018-01,2,18325.41
045047,WESTERVILLE CITY SCHOOL,2018-01,2,377094.63
045054,WEST CARROLLTON CITY SCHOOL,2018-01,1,90980.65
045062,WESTLAKE CITY SCHOOL DISTRICT,2018-01,1,86624.17
045070,WHITEHALL CITY SCHOOL DISTRICT,2018-01,1,87197.77
045088,WICKLIFFE CITY SCHOOL DISTRICT,2018-01,2,33626.44
045096,WILLARD CITY SCHOOL DISTRICT,2018-01,4,39678.66
045104,WILLOUGHBY-EASTLAKE CITY,2018-01,2,194311.21
045112,WILMINGTON CITY SCHOOLS,2018-01,2,71431.58
045120,WOOSTER CITY SCHOOL DISTRICT,2018-01,1,89618.01
045138,WORTHINGTON BOARD OF EDUCATION,2018-01,2,248539.17
045146,WYOMING CITY SCHOOLS,2018-01,1,48799.34
045153,XENIA COMMUNITY SCHOOLS,2018-01,3,106316.15
045161,YOUNGSTOWN CITY SCHOOLS,2018-01,2,120880.6
045179,ZANESVILLE CITY SCHOOLS,2018-01,1,79903.84
045187,ADA EXEMPTED VILLAGE SCHOOLS,2018-01,3,22115.66
045195,AMHERST EXEMPTED VILLAGE,2018-01,1,91644.36
045203,BARNESVILLE EXEMPTED VILLAGE,2018-01,5,33723.76
045211,BLUFFTON EXEMPTED VILLAGE,2018-01,4,29498.79
045229,BRADFORD EXEMPTED VILLAGE,2018-01,3,12686.35
045237,BRIDGEPORT EXEMPTED VILLAGE,2018-01,1,18958.27
045245,HARRISON HILLS CITY SCHOOL,2018-01,5,40390.53
045252,CALDWELL EXEMPTED VILLAGE,2018-01,2,21947.75
045260,CAREY EXEMPT VILLAGE SCHOOL,2018-01,3,20528.87
045278,CARROLLTON EXEMPTED VILLAGE,2018-01,5,51755.4
045286,CHAGRIN FALLS EXEMPTED VILLAGE,2018-01,2,47622.33
045294,CHESAPEAKE UNION EXEMPTED,2018-01,1,35134.09
045302,CLYDE GREEN SPRINGS EXEMPTED,2018-01,2,54943.14
045310,COLDWATER EXEMPTED VILLAGE,2018-01,1,33983.7
045328,COLUMBIANA EXEMPTED VILLAGE,2018-01,2,25586.32
045336,COVINGTON EXEMPTED VILLAGE,2018-01,2,20925.67
045344,CRESTLINE EXEMPTED VILLAGE,2018-01,2,15088.32
045351,CROOKSVILLE EXEMPTED VILLAGE,2018-01,2,25472.11
045369,FAIRPORT HARBOR EXEMPTED,2018-01,1,17523.15
045377,GEORGETOWN EXEMPTED VILLAGE,2018-01,1,25834.16
045385,GIBSONBURG EXEMPTED VILLAGE,2018-01,2,21983.6
045393,GRANVILLE EXEMPTED VILLAGE,2018-01,1,62313.7
045401,GREENFIELD EXEMPTED VILLAGE,2018-01,3,45915.79
045419,HICKSVILLE EXEMPTED VILLAGE,2018-01,2,24729.08
045427,HUBBARD SCHOOL DISTRICT,2018-01,2,49151.54
045435,INDIAN HILL EXEMPTED VILLAGE,2018-01,1,50516.4
045443,LEETONIA EXEMPTED VILLAGE,2018-01,2,17479.72
045450,LISBON EXEMPTED VILLAGE,2018-01,1,22264.79
045468,LOUDONVILLE PERRYSVILLE,2018-01,4,28179.24
045476,MARYSVILLE EXEMPTED VILLAGE,2018-01,4,130339.68
045484,MECHANICSBURG EXEMPTED VILLAGE,2018-01,3,22062.01
045492,MENTOR EXEMPTED VILLAGE,2018-01,2,189255.17
045500,MILFORD EXEMPTED VILLAGE,2018-01,2,166120.74
045518,MILTON-UNION EXEMPTED VILLAGE,2018-01,3,37693.3
045526,MONTPELIER EXEMPTED VILLAGE,2018-01,1,23556.19
045534,MOUNT GILEAD EXEMPTED,2018-01,2,30479.9
045542,NEWCOMERSTOWN EXEMPTED VILLAGE,2018-01,3,25522.75
045559,NEW RICHMOND EXEMPTED,2018-01,1,58850.68
045567,NEWTON FALLS EXEMPTED VILLAGE,2018-01,3,26428.78
045575,PAULDING EXEMPTED VILLAGE SCH,2018-01,3,34485.84
045583,PERRYSBURG EXEMPTED VILLAGE,2018-01,2,126976.16
045591,RITTMAN EXEMPTED VILLAGE,2018-01,2,25826.5
045609,ROSSFORD EXEMPTED VILLAGE,2018-01,2,41103.97
045617,TIPP CITY EXEMPTED VILLAGE,2018-01,2,63176.14
045625,UPPER SANDUSKY E V SCHOOLS,2018-01,4,40529.26
045633,VERSAILLES EXEMPTED VILLAGE,2018-01,2,33084.83
045641,WAUSEON EXEMPTED VILLAGE,2018-01,2,46055.69
045658,WELLINGTON EXEMPTED VILLAGE,2018-01,2,27452.53
045666,WINDHAM EXEMPTED VILLAGE,2018-01,2,12312.96
045674,YELLOW SPRINGS EXEMPTED,2018-01,2,18464.9
045757,ALLEN EAST LOCAL SCHOOL,2018-01,2,27992.51
045765,BATH LOCAL SCHOOL DISTRICT,2018-01,1,46453.99
045773,ELIDA BOARD OF EDUCATION,2018-01,2,62795.4
045781,PERRY LOCAL SCHOOL DISTRICT,2018-01,2,21206.87
045799,SHAWNEE LOCAL SCHOOL DISTRICT,2018-01,2,64194.43
045807,SPENCERVILLE LOCAL SCHOOL,2018-01,4,24951.18
045823,HILLSDALE SCHOOLS,2018-01,3,22072
045831,MAPLETON LOCAL SCHOOL DISTRICT,2018-01,3,23405.81
045856,BUCKEYE LOCAL SCHOOL DISTRICT,2018-01,1,45062.92
045864,GRAND VALLEY LOCAL SCHOOL,2018-01,3,29768.32
045872,JEFFERSON AREA LOCAL SCHOOL,2018-01,1,43892.13
045880,PYMATUNING VALLEY LOCAL,2018-01,2,30714.51
045906,ALEXANDER LOCAL SCHOOL,2018-01,3,39655.79
045914,FEDERAL HOCKING LOCAL SCHOOL,2018-01,4,27177.6
045922,TRIMBLE LOCAL SCHOOL DISTRICT,2018-01,3,20569.5
045948,MINSTER LOCAL SCHOOL DISTRICT,2018-01,4,21529.71
045955,NEW BREMEN LOCAL SCHOOL,2018-01,3,19386.2
045963,NEW KNOXVILLE LOCAL SCHOOL,2018-01,2,10128.68
045971,WAYNESFIELD-GOSHEN LOCAL,2018-01,4,12005.02
045997,ST CLAIRSVILLE RICHLAND CITY,2018-01,3,43700.39
046003,SHADYSIDE LOCAL BOARD OF EDU,2018-01,1,20252.01
046011,UNION LOCAL SCHOOL DISTRICT,2018-01,2,36625.96
046037,EASTERN LOCAL SCHOOL DISTRICT,2018-01,3,34102.65
046045,FAYETTEVILLE-PERRY LOCAL,2018-01,4,21897.21
046060,WESTERN BROWN LOCAL SCHOOL,2018-01,3,78790.25
046078,RIPLEY UNION LEWIS HUNTINGTON,2018-01,3,21273.97
046094,EDGEWOOD CITY SCHOOL DISTRICT,2018-01,2,93662.86
046102,FAIRFIELD CITY SCHOOL DISTRICT,2018-01,2,248466.13
046110,LAKOTA LOCAL SCHOOL DISTRICT,2018-01,3,404395.58
046128,MADISON LOCAL SCHOOL DISTRICT,2018-01,1,38116.71
046136,NEW MIAMI LOCAL SCHOOL,2018-01,1,16133
046144,ROSS LOCAL SCHOOL DISTRICT,2018-01,2,72299.62
046151,TALAWANDA CITY SCHOOL DISTRICT,2018-01,2,77183.76
046177,BROWN LOCAL SCHOOL DISTRICT,2018-01,2,17213.33
046193,GRAHAM LOCAL SCHOOL DISTRICT,2018-01,5,46055.94
046201,TRIAD LOCAL SCHOOLS,2018-01,3,21785.85
046219,WEST LIBERTY SALEM LOCAL,2018-01,2,29828.32
046235,GREENON LOCAL SCHOOLS,2018-01,2,39370.05
046243,TECUMSEH LOCAL SCHOOL DISTRICT,2018-01,4,75679.18
046250,NORTHEASTERN LOCAL SCHOOL,2018-01,3,80162.53
046268,NORTHWESTERN LOCAL SCHOOL,2018-01,3,42934.6
046276,SOUTHEASTERN LOCAL SCHOOL,2018-01,3,18752.53
046284,CLARK-SHAWNEE LOCAL SCHOOL,2018-01,1,49156.36
046300,BATAVIA LOCAL SCHOOL DISTRICT,2018-01,1,57398.19
046318,BETHEL-TATE LOCAL SCHOOLS,2018-01,2,41196.16
046326,CLERMONT NORTHEASTERN SCHOOL,2018-01,2,36362.66
046334,FELICITY-FRANKLIN LOCAL,2018-01,2,22489.16
046342,GOSHEN LOCAL SCHOOLS,2018-01,2,70331.85
046359,WEST CLERMONT LOCAL SCH DIST.,2018-01,2,207344.06
046367,WILLIAMSBURG LOCAL SCHOOL,2018-01,2,25820.26
046383,BLANCHESTER LOCAL SCHOOL,2018-01,5,40698.88
046391,CLINTON-MASSIE LOCAL SCHOOL,2018-01,3,45503.47
046409,EAST CLINTON LOCAL SCHOOL,2018-01,4,32998.43
046425,BEAVER LOCAL SCHOOL DISTRICT,2018-01,1,46997.92
046433,CRESTVIEW LOCAL SCHOOL,2018-01,2,32762.42
046441,SOUTHERN LOCAL SCHOOL DISTRICT,2018-01,3,20817.45
046458,UNITED LOCAL SCHOOL DISTRICT,2018-01,2,29645.86
046474,RIDGEWOOD LOCAL BOARD OF,2018-01,4,31524.4
046482,RIVER VIEW LOCAL SCHOOL,2018-01,5,49863.09
046508,BUCKEYE CENTRAL LOCAL SCHOOL,2018-01,4,17271.46
046516,COLONEL CRAWFORD LOCAL SCHOOLS,2018-01,3,23593.81
046524,WYNFORD LOCAL SCHOOL DISTRICT,2018-01,4,28646.67
046557,CUYAHOGA HEIGHTS LOCAL SCHOOL,2018-01,2,17842.46
046565,INDEPENDENCE LOCAL SCHOOLS,2018-01,1,26477.48
046573,OLMSTED FALLS BOARD OF,2018-01,2,91078.4
046581,ORANGE CITY SCHOOL DISTRICT,2018-01,2,48127.65
046599,RICHMOND HEIGHTS LOCAL SCHOOL,2018-01,1,19161.34
046607,SOLON BOARD OF EDUCATION,2018-01,1,111782.76
046623,ANSONIA LOCAL SCHOOL DISTRICT,2018-01,1,17740.17
046631,ARCANUM BUTLER LOCAL SCHOOL,2018-01,1,27246.5
046649,FRANKLIN MONROE LOCAL SCHOOL,2018-01,2,16169.58
046672,MISSISSINAWA VALLEY LOCAL,2018-01,1,15444.67
046680,TRI-VILLAGE LOCAL SCHOOL DIST,2018-01,2,19965.4
046706,AYERSVILLE LOCAL SCH DIST.,2018-01,4,18991.84
046714,CENTRAL LOCAL SCHOOL DISTRICT,2018-01,3,26603.47
046722,NORTHEASTERN LOCAL SCHOOL,2018-01,3,29222.27
046748,BIG WALNUT LOCAL SCHOOLS,2018-01,4,88883.49
046755,BUCKEYE VALLEY LOCAL SCHOOL,2018-01,4,55184.99
046763,OLENTANGY LOCAL SCHOOLS,2018-01,2,517741.23
046789,EDISON LOCAL SCHOOLS,2018-01,2,37898.79
046797,KELLEYS ISLAND SCHOOL,2018-01,1,24.99
046805,MARGARETTA LOCAL SCHOOL DIST,2018-01,2,28940.59
046813,PERKINS LOCAL SCHOOL DISTRICT,2018-01,1,48888.26
046821,VERMILION LOCAL SCH DIST.,2018-01,2,46707.46
046847,AMANDA-CLEARCREEK LOCAL SCHOOL,2018-01,3,38040.43
046854,BERNE UNION LOCAL SCHOOLS,2018-01,2,21692.75
046862,BLOOM CARROLL LOCAL SCHOOL,2018-01,2,51971.81
046870,FAIRFIELD UNION LOCAL SCHOOL,2018-01,3,49413.38
046888,LIBERTY UNION THURSTON LOCAL,2018-01,1,31901.44
046896,PICKERINGTON LOCAL SCHOOL DIST,2018-01,3,262068.55
046904,WALNUT TOWNSHIP LOCAL SCHOOL,2018-01,3,14171.12
046920,MIAMI TRACE LOCAL SCH DIST.,2018-01,7,66019.93
046946,CANAL WINCHESTER LOCAL SCHOOL,2018-01,2,95481.8
046953,HAMILTON LOCAL SCHOOLS,2018-01,2,77901.86
046961,GAHANNA-JEFFERSON CITY SCHOOL,2018-01,1,189876.36
046979,GROVEPORT MADISON LOCAL,2018-01,3,148250.01
046995,NEW ALBANY PLAIN LOCAL SCHOOL,2018-01,3,121034.75
047001,REYNOLDSBURG CITY SCHOOLS,2018-01,3,186384.21
047019,HILLIARD CITY SCHOOL DISTRICT,2018-01,2,403347.41
047027,DUBLIN CITY SCHOOLS,2018-01,3,397884.26
047043,ARCHBOLD AREA LOCAL SCHOOLS,2018-01,4,31552.24
047050,EVERGREEN LOCAL SCHOOL,2018-01,2,30386.89
047068,FAYETTE LOCAL SCHOOL DISTRICT,2018-01,2,9576.27
047076,PETTISVILLE LOCAL SCHOOL,2018-01,2,12626.08
047084,PIKE DELTA YORK LOCAL SCHOOLS,2018-01,3,32303.28
047092,SWANTON LOCAL SCHOOL DISTRICT,2018-01,3,32302.35
047167,BERKSHIRE BOARD OF EDUCATION,2018-01,2,31193.38
047175,CARDINAL LOCAL SCHOOL DISTRICT,2018-01,4,24734.17
047183,CHARDON BOARD OF EDUCATION,2018-01,2,71386.61
047191,KENSTON LOCAL SCHOOL DISTRICT,2018-01,2,68021.36
047217,NEWBURY BOARD OF EDUCATION,2018-01,1,9550
047225,WEST GEAUGA LOCAL SCHOOL,2018-01,3,47146.97
047241,BEAVERCREEK CITY SCHOOLS,2018-01,2,196576.91
047258,CEDARCLIFF LOCAL BOARD OF,2018-01,2,15724.28
047266,GREENEVIEW LOCAL SCHOOL,2018-01,4,34719.32
047274,SUGARCREEK LOCAL SCHOOL,2018-01,3,66864.22
047308,ROLLING HILLS LOCAL SCHOOL,2018-01,3,42423.54
047332,FINNEYTOWN LOCAL SCHOOL,2018-01,1,36692.82
047340,FOREST HILLS LOCAL SCHOOL,2018-01,2,185492.73
047365,NORTHWEST LOCAL SCHOOL,2018-01,2,222172.7
047373,OAK HILLS LOCAL SCHOOL DISTICT,2018-01,1,195421.34
047381,SOUTHWEST LOCAL SCHOOL DIST,2018-01,2,99092.83
047399,THREE RIVERS LOCAL SCHOOL DIST,2018-01,1,52731.16
047415,ARCADIA LOCAL SCHOOL DISTRICT,2018-01,3,15011.27
047423,ARLINGTON LOCAL SCHOOL,2018-01,2,14413.29
047431,CORY-RAWSON LOCAL SCHOOLS,2018-01,3,14038.4
047449,LIBERTY-BENTON LOCAL SCHOOL,2018-01,1,36310.57
047456,MCCOMB LOCAL SCHOOL DISTRICT,2018-01,4,17282.36
047464,VAN BUREN LOCAL SCHOOL,2018-01,2,27199
047472,VANLUE LOCAL SCHOOL DISTRICT,2018-01,3,5307
047498,HARDIN NORTHERN LOCAL SCHOOL,2018-01,2,10459.17
047506,RIDGEMONT LOCAL SCHOOL,2018-01,4,12655.89
047514,RIVERDALE LOCAL SCHOOL,2018-01,3,25279.87
047522,UPPER SCIOTO VALLEY LOCAL,2018-01,4,12056.38
047548,CONOTTON VALLEY LOCAL SCHOOL,2018-01,3,11306.24
047571,HOLGATE LOCAL SCHOOL DISTRICT,2018-01,3,11494.08
047589,LIBERTY CENTER LOCAL SCHOOL,2018-01,3,27387
047597,PATRICK HENRY LOCAL SCHOOL,2018-01,3,22586.59
047613,BRIGHT LOCAL SCHOOL DISTRICT,2018-01,3,16917.59
047621,FAIRFIELD LOCAL SCHOOL,2018-01,3,23334.97
047639,LYNCHBURG-CLAY LOCAL SCHOOL,2018-01,3,29587.78
047688,EAST HOLMES LOCAL SCHOOL,2018-01,5,41380.96
047696,WEST HOLMES LOCAL SCHOOL,2018-01,5,56336.11
047712,MONROEVILLE LOCAL SCHOOL,2018-01,2,15210.63
047720,NEW LONDON LOCAL SCHOOL,2018-01,3,23583.5
047738,SOUTH CENTRAL LOCAL SCHOOL,2018-01,3,18813.65
047746,WESTERN RESERVE BD OF EDUC,2018-01,3,27118.26
047761,OAK HILL UNION LOCAL SCHOOL,2018-01,5,31311.91
047787,BUCKEYE LOCAL SCHOOL DISTRICT,2018-01,3,41534.26
047795,EDISON LOCAL SCHOOLS,2018-01,4,37030.72
047803,INDIAN CREEK SCHOOL DISTRICT,2018-01,2,51031.55
047829,CENTERBURG LOCAL SCHOOL,2018-01,4,28749.04
047837,DANVILLE LOCAL SCHOOL DISTRICT,2018-01,4,15798.48
047845,EAST KNOX LOCAL SCHOOL,2018-01,3,24359.18
047852,FREDERICKTOWN LOCAL SCHOOL,2018-01,3,31646.96
047878,KIRTLAND LOCAL BOARD OF,2018-01,2,29566.48
047886,MADISON LOCAL SCHOOL DISTRICT,2018-01,3,75550.79
047894,RIVERSIDE LOCAL SCH DIST.,2018-01,2,104242.26
047902,PERRY LOCAL SCHOOL DISTRICT,2018-01,1,41970.87
047928,DAWSON BRYANT LOCAL SCHOOL,2018-01,1,28361.25
047936,FAIRLAND LOCAL SCHOOL DISTRICT,2018-01,2,40439.65
047944,ROCK HILL LOCAL SCHOOL,2018-01,2,35459.1
047951,SOUTH POINT LOCAL SCHOOLS,2018-01,1,41159.92
047969,SYMMES VALLEY LOCAL SCHOOLS,2018-01,2,19846.7
047985,JOHNSTOWN MONROE LOCAL SCHOOL,2018-01,3,40836.21
047993,LAKEWOOD LOCAL SCHOOL DISTRICT,2018-01,3,46990.83
048009,LICKING HEIGHTS LOCAL SCHOOLS,2018-01,2,107311.41
048017,LICKING VALLEY LOCAL SCHOOL,2018-01,2,52700.16
048025,NORTH FORK LOCAL SCHOOL,2018-01,2,41821.08
048033,NORTHRIDGE LOCAL SCHOOL,2018-01,3,29751.6
048041,SOUTHWEST LICKING LOCAL SCHOOL,2018-01,2,101703.8
048074,BENJAMIN LOGAN LOCAL SCHOOL,2018-01,4,43717.3
048082,INDIAN LAKE LOCAL SCHOOL,2018-01,4,39673.04
048090,RIVERSIDE LOCAL SCHOOL,2018-01,3,17388.04
048116,AVON LOCAL SCHOOL DISTRICT,2018-01,2,109112.3
048124,AVON LAKE CITY SCHOOLS,2018-01,2,94829.4
048132,CLEARVIEW BOARD OF EDUCATION,2018-01,1,41828.45
048140,COLUMBIA LOCAL SCHOOL DISTRICT,2018-01,3,22545.51
048157,FIRELANDS LOCAL SCHOOL,2018-01,3,43127.79
048165,KEYSTONE LOCAL SCHOOLS,2018-01,2,39341.38
048173,MIDVIEW LOCAL SCHOOL DISTRICT,2018-01,2,75819.56
048207,ANTHONY WAYNE LOCAL SCHOOLS,2018-01,3,108779.78
048215,OTTAWA HILLS LOCAL SCHOOL,2018-01,1,23655.26
048223,SPRINGFIELD LOCAL SCH DIST.,2018-01,1,96266.2
048231,WASHINGTON LOCAL SCHOOL,2018-01,1,175956.26
048256,JEFFERSON LOCAL SCHOOL,2018-01,2,31249.33
048264,JONATHAN ALDER LOCAL SCHOOL,2018-01,3,55492.45
048272,MADISON PLAINS LOCAL SCHOOL,2018-01,6,31397.42
048298,AUSTINTOWN LOCAL SCHOOL,2018-01,2,120704.65
048306,BOARDMAN LOCAL SCHOOL DISTRICT,2018-01,1,105664.67
048314,CANFIELD LOCAL SCHOOL DISTRICT,2018-01,1,67455.64
048322,JACKSON-MILTON LOCAL SCHOOL,2018-01,3,19342.96
048330,LOWELLVILLE LOCAL SCHOOLS,2018-01,1,13531.07
048348,POLAND LOCAL SCHOOL DISTRICT,2018-01,1,47233.92
048355,SEBRING LOCAL SCHOOL DISTICT,2018-01,1,11558.83
048363,SOUTH RANGE LOCAL SCHOOL,2018-01,2,32952.05
048371,SPRINGFIELD LOCAL BOARD OF EDU,2018-01,2,26250.61
048389,WEST BRANCH LOCAL SCHOOL,2018-01,4,50999.09
048397,WESTERN RESERVE LOCAL SCHOOLS,2018-01,2,17176.13
048413,ELGIN LOCAL SCHOOL DISTRICT,2018-01,4,25597.43
048421,PLEASANT LOCAL SCHOOL DISTRICT,2018-01,1,30034.01
048439,RIDGEDALE LOCAL SCHOOLS,2018-01,3,17301.2
048447,RIVER VALLEY LOCAL SCHOOL DIST,2018-01,4,49850.23
048462,BLACK RIVER LOCAL SCHOOL,2018-01,4,28657.4
048470,BUCKEYE LOCAL SCHOOL DISTRICT,2018-01,3,59060.03
048488,CLOVERLEAF LOCAL SCHOOL,2018-01,2,60408.74
048496,HIGHLAND LOCAL SCHOOL DISTRICT,2018-01,3,79894.7
048512,EASTERN LOCAL SCHOOL DISTRICT,2018-01,1,19075.48
048520,MEIGS LOCAL SCHOOL DISTRICT,2018-01,3,43694.76
048538,SOUTHERN LOCAL SCHOOL DISTRICT,2018-01,1,18071.51
048553,MARION LOCAL BOARD OF,2018-01,3,21574.47
048579,PARKWAY SCHOOL BOARD OF EDUC,2018-01,3,25385.63
048587,ST HENRY CONSOLIDATED LOCAL,2018-01,2,23894.92
048595,FORT RECOVERY LOCAL SCHOOL,2018-01,2,23295.16
048611,BETHEL LOCAL SCHOOL DISTRICT,2018-01,3,34598.02
048629,MIAMI EAST LOCAL SCHOOLS,2018-01,4,35026.51
048637,NEWTON LOCAL SCHOOL DISTRICT,2018-01,2,15350.78
048652,SWITZERLAND OF OHIO LOCAL,2018-01,4,52859.56
048678,BROOKVILLE LOCAL SCHOOL,2018-01,2,38260.32
048686,JEFFERSON TOWNSHIP LOCAL,2018-01,1,8443.04
048694,TROTWOOD MADISON CITY SCHOOLS,2018-01,1,65103.59
048702,MAD RIVER LOCAL SCHOOL,2018-01,2,94069.42
048710,NEW LEBANON LOCAL SCHOOLS,2018-01,2,27574.36
048728,NORTHMONT CITY SCHOOLS,2018-01,3,125127.28
048736,NORTHRIDGE LOCAL SCHOOL,2018-01,1,39500.5
048744,VALLEY VIEW LOCAL SCHOOL,2018-01,3,45727.19
048751,HUBER HEIGHTS CITY SCHOOLS,2018-01,4,145101.25
048777,MORGAN LOCAL SCHOOL DISTRICT,2018-01,6,45413.04
048793,CARDINGTON LINCOLN LOCAL,2018-01,2,25715.63
048801,HIGHLAND LOCAL SCHOOL DISTRICT,2018-01,3,45170.83
048819,NORTHMOR LOCAL SCHOOLS,2018-01,4,27536.02
048835,EAST MUSKINGUM SCHOOL DISTRICT,2018-01,3,54678.95
048843,FRANKLIN LOCAL SCHOOL DISTRICT,2018-01,3,51072.99
048850,MAYSVILLE LOCAL SCHOOL DIST,2018-01,2,56376.21
048876,TRI-VALLEY LOCAL SCHOOLS,2018-01,3,79603.88
048884,WEST MUSKINGUM LOCAL SCHOOL,2018-01,3,37232.34
048900,NOBLE LOCAL SCHOOL DISTRICT,2018-01,4,22743.45
048926,BENTON CARROLL SALEM LOCAL,2018-01,3,39119.67
048934,DANBURY LOCAL SCHOOLS,2018-01,1,12269.57
048942,GENOA AREA LOCAL SCHOOL,2018-01,4,34801.97
048975,PUT-IN-BAY LOCAL SCHOOL,2018-01,1,1749.23
048991,ANTWERP LOCAL SCHOOL DISTRICT,2018-01,2,17692.06
049031,WAYNE TRACE LOCAL SCHOOL,2018-01,3,24378.05
049056,NORTHERN LOCAL SCHOOL DISTRICT,2018-01,4,56634.74
049064,SOUTHERN LOCAL SCHOOL DISTRICT,2018-01,4,16769.18
049080,LOGAN ELM LOCAL SCHOOL DIST,2018-01,5,45992.31
049098,TEAYS VALLEY BOARD OF EDU,2018-01,3,101355.47
049106,WESTFALL LOCAL SCHOOL DISTRICT,2018-01,3,34568.02
049122,EASTERN LOCAL SCHOOL DISTRICT,2018-01,3,22521.98
049130,SCIOTO VALLEY LOCAL SCHOOL,2018-01,3,33978.05
049148,WAVERLY CITY SCHOOLS,2018-01,3,47589.32
049155,WESTERN LOCAL SCHOOL DISTRICT,2018-01,4,19390.13
049171,AURORA BOARD OF EDUCATION,2018-01,4,72247.59
049189,CRESTWOOD LOCAL SCHOOLS,2018-01,2,42988.92
049197,FIELD LOCAL SCHOOL DISTRICT,2018-01,3,50119.74
049205,JAMES A GARFIELD LOCAL SCHOOLS,2018-01,3,36166.62
049213,ROOTSTOWN LOCAL SCHOOL,2018-01,1,29925.07
049221,SOUTHEAST LOCAL SCHOOLS,2018-01,3,39615.21
049239,STREETSBORO CITY SCHOOLS,2018-01,2,54778.6
049247,WATERLOO LOCAL BOARD OF EDU,2018-01,2,27675.3
049270,NATIONAL TRAIL LOCAL SD,2018-01,2,25611.42
049288,PREBLE SHAWNEE LOCAL SCHOOLS,2018-01,3,34566.33
049296,TWIN VALLEY COMMUNITY LOCAL,2018-01,2,21473.31
049312,COLUMBUS GROVE LOCAL SCHOOL,2018-01,2,21729.89
049320,CONTINENTAL LOCAL SCHOOL,2018-01,3,12054.31
049338,JENNINGS LOCAL SCHOOL DISTRICT,2018-01,3,9401.77
049346,KALIDA LOCAL SCHOOL DISTRICT,2018-01,1,15031.82
049353,LEIPSIC LOCAL SCHOOL DISTRICT,2018-01,2,15957.26
049361,MILLER CITY-NEW CLEVELAND,2018-01,1,12080.48
049379,OTTAWA GLANDORF LOCAL SCHOOL,2018-01,1,38092.28
049387,OTTOVILLE LOCAL SCHOOL,2018-01,3,11303.57
049395,PANDORA-GILBOA LOCAL BOARD OF,2018-01,3,13655.46
049411,CLEARFORK VALLEY LOCAL SCHOOL,2018-01,3,42449.48
049429,CRESTVIEW LOCAL SCHOOL,2018-01,3,28157.33
049437,LEXINGTON LOCAL SCH DIST.,2018-01,2,61237.44
049445,LUCAS LOCAL SCHOOL DISTRICT,2018-01,2,14383.26
049452,MADISON LOCAL SCHOOLS,2018-01,1,71901.81
049460,PLYMOUTH-SHILOH LOCAL SCHOOLS,2018-01,3,19411.79
049478,ONTARIO LOCAL SCHOOLS,2018-01,2,50719.27
049494,ADENA LOCAL SCHOOL DISTRICT,2018-01,3,31220.24
049502,HUNTINGTON LOCAL SCH DIST.,2018-01,2,29631.69
049510,PAINT VALLEY LOCAL SCHOOL,2018-01,3,21987.77
049528,SOUTHEASTERN LOCAL SCHOOL,2018-01,4,29061.15
049536,UNION-SCIOTO LOCAL SCHOOL,2018-01,2,54292.79
049544,ZANE TRACE LOCAL SCHOOL,2018-01,3,35507.81
049569,LAKOTA LOCAL SCHOOLS,2018-01,3,27889.57
049577,WOODMORE LOCAL SCHOOL DISTRICT,2018-01,3,24709.65
049593,BLOOM-VERNON LOCAL SCHOOL,2018-01,3,21698.58
049601,CLAY LOCAL SCHOOL DISTRICT,2018-01,1,16479.66
049619,GREEN LOCAL SCHOOL DISTRICT,2018-01,2,14704.29
049627,MINFORD LOCAL SCHOOL DISTRICT,2018-01,2,34557.54
049635,NORTHWEST LOCAL SCHOOL DIST,2018-01,3,37212.75
049643,VALLEY LOCAL SCHOOL DISTRICT,2018-01,2,25875.69
049650,WASHINGTON NILES LOCAL SCHOOL,2018-01,2,37813.23
049668,WHEELERSBURG LOCAL SCHOOL,2018-01,1,39476.27
049684,SENECA EAST LOCAL SCHOOL,2018-01,3,23082.32
049700,HOPEWELL-LOUDON LOCAL SCHOOL,2018-01,2,21305.98
049718,NEW RIEGEL LOCAL SCHOOL,2018-01,1,8952.39
049726,OLD FORT LOCAL SCHOOL DISTRICT,2018-01,2,16125.62
049759,ANNA LOCAL BOARD OF EDUCAION,2018-01,1,30249.6
049767,BOTKINS LOCAL SCHOOL DISTRICT,2018-01,2,16467.68
049775,FAIRLAWN LOCAL SCHOOL DISTRICT,2018-01,4,15675.88
049783,FORT LORAMIE LOCAL SCHOOL,2018-01,2,20357.56
049791,HARDIN-HOUSTON LOCAL SCHOOL,2018-01,2,22402.26
049809,JACKSON CENTER LOCAL SCHOOL,2018-01,3,13308.33
049817,RUSSIA LOCAL SCHOOL DISTRICT,2018-01,2,10366.11
049833,CANTON LOCAL SCHOOL DISTRICT,2018-01,1,46259.15
049841,FAIRLESS LOCAL BOARD OF,2018-01,3,39813.96
049858,JACKSON LOCAL SCHOOL DISTRICT,2018-01,2,149933.93
049866,LAKE LOCAL SCHOOL DISTRICT,2018-01,3,83929.01
049874,LOUISVILLE CITY SCHOOLS,2018-01,1,72249.54
049882,MARLINGTON LOCAL SCHOOL,2018-01,4,56631.62
049890,MINERVA LOCAL SCHOOLS,2018-01,3,48512.31
049908,NORTHWEST LOCAL SCHOOL,2018-01,3,47309.64
049916,OSNABURG LOCAL SCHOOLS,2018-01,1,20268.76
049924,PERRY LOCAL SCHOOL DISTRICT,2018-01,1,118795.39
049932,PLAIN LOCAL SCHOOL DISTRICT,2018-01,1,152040.66
049940,SANDY VALLEY LOCAL SCHOOL,2018-01,3,32708.19
049957,TUSLAW LOCAL SCHOOLS,2018-01,2,36573.46
049973,WOODRIDGE LOCAL SCHOOL,2018-01,2,47588.52
049981,COPLEY-FAIRLAWN CITY SCHOOLS,2018-01,2,70405.86
049999,COVENTRY LOCAL SCHOOL DISTRICT,2018-01,1,49941.2
050005,MANCHESTER LOCAL SCHOOL,2018-01,2,33958.76
050013,GREEN LOCAL SCHOOLS,2018-01,2,102099.84
050021,HUDSON CITY SCHOOL DISTRICT,2018-01,2,113027.86
050039,MOGADORE LOCAL SCHOOL DISTRICT,2018-01,2,21503
050047,NORDONIA HILLS CITY SCHOOLS,2018-01,2,91318.14
050054,REVERE LOCAL SCHOOL DISTRICT,2018-01,2,67119.55
050062,SPRINGFIELD LOCAL SCH DIST.,2018-01,3,56167.07
050070,TWINSBURG BOARD OF EDUCATION,2018-01,2,102471.55
050096,BLOOMFIELD-MESPO LOCAL SCHOOL,2018-01,3,5878.4
050112,BRISTOL LOCAL SCHOOL DISTRICT,2018-01,1,14496.51
050120,BROOKFIELD LOCAL SCHOOL,2018-01,1,25730.06
050138,CHAMPION LOCAL SCHOOL DISTRICT,2018-01,1,35344.59
050153,MATHEWS LOCAL SCHOOL DISTRICT,2018-01,1,17136.77
050161,HOWLAND LOCAL SCHOOL DISTRICT,2018-01,1,67874.57
050179,JOSEPH BADGER LOCAL SCHOOL DIS,2018-01,2,18681.08
050187,LAKEVIEW LOCAL BOARD,2018-01,1,43688.8
050195,LIBERTY LOCAL BOARD OF EDU,2018-01,2,27777.82
050203,LORDSTOWN LOCAL SCHOOL,2018-01,2,12803.28
050211,MAPLEWOOD LOCAL BOARD OF EDU,2018-01,2,18656.17
050229,MCDONALD BOARD OF EDUCATION,2018-01,1,18656.16
050237,SOUTHINGTON LOCAL SCHOOL,2018-01,2,12728.33
050245,LABRAE LOCAL SCHOOL DISTRICT,2018-01,2,29068.24
050252,WEATHERSFIELD LOCAL SCHOOL,2018-01,2,24946.96
050278,GARAWAY LOCAL SCHOOLS,2018-01,4,30565.33
050286,INDIAN VALLEY LOCAL SCHOOLS,2018-01,2,44896.39
050294,STRASBURG-FRANKLIN LOCAL,2018-01,2,14709.39
050302,TUSCARAWAS VALLEY LOCAL SCHOOL,2018-01,3,35395.13
050328,FAIRBANKS LOCAL SCHOOLS,2018-01,4,27206.82
050336,NORTH UNION LOCAL SCHOOL,2018-01,5,38724.51
050351,CRESTVIEW LOCAL SCHOOL,2018-01,2,22079.43
050369,LINCOLNVIEW LOCAL SCH DIST.,2018-01,2,22901.83
050393,VINTON COUNTY LOCAL SCHOOLS,2018-01,7,50913.82
050419,CARLISLE LOCAL SCHOOLS,2018-01,3,39982.4
050427,SPRINGBORO COMMUNITY SCHOOLS,2018-01,2,153286.89
050435,KINGS LOCAL SCHOOL DISTRICT,2018-01,3,108168.34
050443,LITTLE MIAMI LOCAL SCHOOL,2018-01,2,119288.46
050450,MASON CITY SCHOOL DISTRICT,2018-01,3,263226.15
050468,WAYNE LOCAL SCHOOL DISTRICT,2018-01,4,36969.98
050484,FORT FRYE LOCAL SCHOOL,2018-01,3,25433.82
050492,FRONTIER LOCAL SCHOOL DISTRICT,2018-01,2,16061.77
050500,WARREN LOCAL SCHOOLS,2018-01,2,53400.88
050518,WOLF CREEK LOCAL SCHOOL BD,2018-01,2,15414.9
050534,CHIPPEWA LOCAL SCHOOLS,2018-01,4,32230.51
050542,DALTON LOCAL SCHOOL DISTRICT,2018-01,2,22435.72
050559,GREEN LOCAL SCHOOL DISTRICT,2018-01,1,27147.15
050567,NORTH CENTRAL LOCAL SCHOOLS,2018-01,2,36272.54
050575,NORTHWESTERN LOCAL SCH DIST.,2018-01,3,34220.58
050583,SOUTHEAST LOCAL SCH DIST.,2018-01,3,35893.82
050591,TRIWAY LOCAL SCHOOL DISTRICT,2018-01,3,41631.42
050617,EDGERTON LOCAL SCHOOL DISTRICT,2018-01,2,15802.67
050625,EDON NORTHWEST LOCAL SCHOOL,2018-01,1,13178.46
050633,MILLCREEK WEST UNITY LOCAL,2018-01,2,14253.7
050641,NORTH CENTRAL LOCAL SCHOOL,2018-01,1,14003.68
050658,STRYKER LOCAL SCHOOL DISTRICT,2018-01,3,9176.98
050674,EASTWOOD BOARD OF EDUCATION,2018-01,3,37441.02
050682,ELMWOOD LOCAL SCHOOL DISTRICT,2018-01,2,30087.89
050690,LAKE LOCAL SCHOOL DISTRICT,2018-01,2,39833.98
050708,NORTH BALTIMORE BOARD OF,2018-01,2,17027.12
050716,NORTHWOOD LOCAL SCHOOLS,2018-01,3,25450.11
050724,OTSEGO LOCAL SCHOOL DISTRICT,2018-01,3,37891.5
050740,MOHAWK BOARD OF EDUCATION,2018-01,3,22078.01
050773,APOLLO JOINT VOCATIONAL,2018-01,9,39611.05
050799,SOUTHERN HILLS JOINT,2018-01,5,24046.33
050815,ASHTABULA COUNTY TECHNICAL &,2018-01,2,37539.97
050856,BELMONT-HARRISON VOCATIONAL,2018-01,7,20843.22
050880,BUTLER TECHNOLOGY & CAREER,2018-01,4,303463.98
050906,COLUMBIANA COUNTY JOINT,2018-01,3,11045.58
050922,CUYAHOGA VALLEY CAREER CENTER,2018-01,2,22250.21
050948,POLARIS JOINT VOCATIONAL,2018-01,2,66442.56
050963,FOUR COUNTY JOINT VOCATIONAL,2018-01,8,33925.84
050989,DELAWARE AREA CAREER CENTER,2018-01,6,36663.51
051003,EASTLAND-FAIRFIELD CAREER &,2018-01,6,36643.71
051029,EHOVE JOINT VOCATIONAL SCHOOL,2018-01,8,21652.78
051045,GREENE COUNTY JOINT VOCATIONAL,2018-01,6,57119.41
051060,GREAT OAKS INSTITUTE OF TECH,2018-01,12,261372.53
051128,JEFFERSON COUNTY JOINT,2018-01,4,8147.14
051144,KNOX COUNTY CAREER CENTER,2018-01,6,14922.82
051169,AUBURN VOCATIONAL SCHOOL DIST,2018-01,6,17391.55
051185,LAWRENCE COUNTY JOINT,2018-01,3,34686.8
051201,LICKING CNTY JOINT VOCATIONAL,2018-01,5,38990.88
051227,LORAIN COUNTY JOINT,2018-01,5,36284
051243,MAHONING COUNTY CAREER &,2018-01,5,19820.53
051284,MIAMI VALLEY CAREER TECHNOLOGY,2018-01,10,90173.98
051300,MIDEAST CAREER & TECHNOLOGY,2018-01,8,29246.6
051334,OHIO HI POINT JOINT VOCATIONAL,2018-01,11,79207.14
051359,PENTA COUNTY VOCATIONAL SCHOOL,2018-01,7,105975.39
051375,PIKE COUNTY JOINT VOCATIONAL,2018-01,5,13991.48
051391,MAPLEWOOD CAREER CENTER,2018-01,4,16608.73
051417,PIONEER CAREER & TECHNOLOGY,2018-01,8,62284.04
051433,PICKAWAY-ROSS COUNTY JOINT,2018-01,10,72708.22
051458,VANGUARD SENTINEL CAREER CNTRS,2018-01,9,43506.99
051474,WARREN COUNTY VOCATIONAL,2018-01,7,74166.09
051490,SCIOTO COUNTY CAREER TECH CNTR,2018-01,5,38432.97
051532,SPRINGFIELD-CLARK CAREER,2018-01,5,23384.09
051607,TRI-COUNTY JOINT VOCATIONAL,2018-01,6,11645.4
051631,TRUMBULL COUNTY JOINT,2018-01,4,22817.05
051656,BUCKEYE JOINT VOCATIONAL,2018-01,10,32828.96
051672,VANTAGE CAREER CENTER,2018-01,7,13021.37
051698,WASHINGTON COUNTY JOINT,2018-01,3,11854.37
051714,WAYNE CNTY JOINT VOCATIONAL SC,2018-01,6,20791.05
061903,ADAMS CNTY-OH VALLEY SCHL DIST,2018-01,5,93251.52
062026,STARK COUNTY AREA JOINT,2018-01,6,16283.27
062042,ASHLAND CO WEST HOLMES JOINT,2018-01,6,14024.56
062067,GALLIA JACKSON VINTON JOINT,2018-01,7,39933.2
062109,MEDINA COUNTY CAREER CENTER,2018-01,6,51004.1
062125,UPPER VALLEY JOINT VOCATIONAL,2018-01,6,78946.53
062802,US GRANT JOINT VOCATIONAL,2018-01,2,13398.14
063495,PORTAGE LAKES JOINT VOCATIONAL,2018-01,3,16208.31
063511,TOLLES CAREER & TECH CENTER,2018-01,5,39945.51
064964,COLLEGE CORNER LOCAL SCHOOL,2018-01,2,2601.87
065227,COSHOCTON COUNTY JOINT,2018-01,4,5587.59
065268,TRI-RIVERS JOINT VOCATIONAL,2018-01,6,11442.58
065680,GALLIA COUNTY LOCAL SCHOOL,2018-01,5,57828.97
069682,EAST GUERNSEY LOCAL SCHOOL,2018-01,4,25862.57
091397,TRI-COUNTY NORTH LOCAL SCHOOL,2018-01,3,22420.11
132746,SUMMIT ACADEMY COMMUNITY SCH,2018-01,3,2291.54
132761,SUMMIT ACAD COMMU SCHL FOR,2018-01,6,4811.42
132779,SUMMIT ACADEMY AKRON MIDDLE,2018-01,3,1742.91
132795,LIFE SKILLS CENTER OF CLARK,2018-01,4,5056.47
132803,LIFE SKILLS CENTER OF BUTLER,2018-01,5,6474.23
132944,MIAMI VALLEY ACADEMIES,2018-01,1,2664.91
132951,CONSTELLATN SCHLS LORAIN COMMU,2018-01,2,5026.38
132969,CONSTELLATN SCHLS ELYRIA COMMU,2018-01,2,12192.8
132985,YOUTH BUILD COLUMBUS,2018-01,1,1966.21
132993,CONSTELLATN SCHLS W.PARK COMM,2018-01,2,7639.72
133215,INTERGENERATIONAL SCHOOL,2018-01,1,6146.56
133256,CONSTELLTN SCHLS PARMA COMMU,2018-01,3,34938.6
133264,DOHN COMMUNITY HIGH SCHOOL,2018-01,2,14259.08
133280,WASHINGTON PARK COMMUNITY,2018-01,1,5424.9
133306,SUMMIT ACAD COMMU SCHL FOR,2018-01,4,3639.87
133322,SUMMIT ACAD COMMU SCHL  FOR,2018-01,1,3110.38
133330,TCP WORLD ACADEMY,2018-01,2,11123.61
133348,RICHARD ALLEN PREPARATORY,2018-01,2,2739.65
133389,LIGHTHOUSE COMMUNITY SCHOOL,2018-01,1,1318.9
133413,ELECTRONIC CLASSROOM OF,2018-01,88,294869.51
133421,GRAHAM SCHOOL,2018-01,2,6072.86
133439,CORNERSTONE ACADEMY,2018-01,4,18194.04
133454,DAYTON VIEW ACADEMY,2018-01,1,6226.43
133488,EDUCATIONAL DEVELOPMENT CENTER,2018-01,3,3860.85
133504,PHOENIX COMMUNITY LEARNING,2018-01,1,12417.58
133512,LKH VICTORY CORP,2018-01,1,23267.41
133520,CITIZENS ACADEMY,2018-01,2,10128.16
133538,EDGE LEARNING INC,2018-01,1,5950.12
133561,MILLENNIUM COMMUNITY SCHOOL,2018-01,1,14211.48
133587,SUMMIT ACAD AKRON ELEMENT SCH,2018-01,3,3585.28
133629,HORIZON SCIENCE ADADEMY -,2018-01,2,11048.93
133660,HORIZON EDUCATIONAL SERVICES,2018-01,2,12295.04
133678,RIVERSIDE COMMUNITY SCHOOL INC,2018-01,2,7017.54
133736,RICHARD ALLEN ACADEMY INC,2018-01,1,1344.91
133785,LIFE SKILLS CENTER OF,2018-01,3,3459.02
133801,LIFE SKILLS CENTER OF,2018-01,3,1947.06
133819,HOPE ACAD LINCOLN PARK CAMPUS,2018-01,1,5151.16
133835,LIFE SKILLS CENTER OF,2018-01,2,10576.06
133868,LIFE SKILLS CENTER OF AKRON,2018-01,4,8265.59
133942,TOLEDO SCHOOL FOR THE ARTS,2018-01,5,17225.5
133959,DAYTON LEADERSHIP ACAD.-DAYTON,2018-01,1,4333.6
134072,YOUNGSTOWN COMMUNITY SCHL INC,2018-01,1,8837.64
134098,CONSTELLATN SCHLS OLD BROOKLYN,2018-01,1,8411.08
134122,MULTIPLE OPTNS FOR DEVELOPMENT,2018-01,3,2692.23
134148,AURORA ACADEMY,2018-01,4,3714.41
134197,HOPE ACADEMY CHAPELSIDE CAMPUS,2018-01,2,4976.99
134213,HOPE ACADEMY UNIVERSITY,2018-01,1,5078.77
134221,HOPE ACADEMY BROWN ST CAMPUS,2018-01,1,5502
134247,CITY DAY COMMUNITY SCHOOL INC,2018-01,1,3735.86
139303,MONROE LOCAL SCHOOL DISTRICT,2018-01,2,70334.28
142901,LIFE SKILLS CENTER OF CANTON,2018-01,1,3091.42
142919,LIFE SKILLS CENTER OF ELYRIA,2018-01,3,2637.66
142927,FOCUS LEARNING ACADEMY OF,2018-01,3,7342.27
142935,FOCUS LEARNING ACADEMY OF,2018-01,2,4504.92
142943,FOCUS LEARNING ACADEMY OF,2018-01,1,11199.94
142950,OHIO VIRTUAL ACADEMY INC,2018-01,88,228268.45
142968,HOPE ACAD NORTHCOAST ACAD,2018-01,1,6594.49
143115,MOUND STREET IT ACADEMY,2018-01,3,1295.21
143123,MOUND STREET MILITARY ACADEMY,2018-01,4,996.29
143131,MOUND STREET HEALTH CAREER,2018-01,2,1569.08
143172,INTERNATIONAL ACADEMY OF,2018-01,1,7491.52
143198,GREAT WESTERN ACADEMY,2018-01,1,17944.8
143206,TROTWOOD FITNESS &,2018-01,1,8094.36
143214,MIDDLETOWN FITNESS &,2018-01,4,6622.64
143297,AUTISM ACADEMY OF LEARNING,2018-01,1,1346.03
143305,TRECA DIGITAL ACADEMY,2018-01,86,45717.92
143313,HOPE ACADEMY CUYAHOGA CAMPUS,2018-01,1,5798.17
143396,OHIO DISTANCE EDUCATION &,2018-01,71,26992.03
143479,CONSTELLATION SCHOOLS PURITAS,2018-01,3,4678.48
143487,CONSTELLATION SCHLS STOCKYARD,2018-01,2,6843.41
143529,NORTH DAYTON SCHOOL OF SCIENCE,2018-01,1,15541.18
143552,EAGLE ACADEMY,2018-01,1,3689.12
143560,RICHARD ALLEN ACADEMY II,2018-01,2,5678.52
143578,RICHARD ALLEN ACADEMY III,2018-01,1,3510.42
143602,HAMILTON COUNTY MATHEMATICS &,2018-01,3,15230.09
143610,ARTS & COLLEGE PREPARATORY,2018-01,7,9981.09
143644,SCIOTOVILLE COMMUNITY SCHOOL,2018-01,3,9438.51
147231,SCHNEE LEARNING CENTER,2018-01,2,2315.4
148932,FRANKLIN LOCAL COMMU SCHOOL,2018-01,2,1476.41
148981,TOMORROW CENTER,2018-01,9,3191.99
148999,MAHONING UNLIMITED CLASSROOM,2018-01,4,3744.52
149047,GOAL DIGITAL ACADEMY,2018-01,17,13807.39
149054,AKRON DIGITAL ACADEMY,2018-01,8,5851.43
149088,FAIRBORN DIGITAL ACADEMY,2018-01,5,4909.27
149302,LIFE SKILLS CENTER OF TOLEDO,2018-01,2,3215.52
149328,FOXFIRE HIGH SCHOOL,2018-01,6,8840.14
149427,MASSILLON DIGITAL ACADEMY,2018-01,1,1495.85
151035,PLEASANT COMMUNITY DIGITAL,2018-01,1,2841.39
151142,LORAIN HIGH SCHOOL DIGITAL,2018-01,1,2115.06
151175,WEST CENTRAL LEARNING ACADEMY,2018-01,3,1796.46
151183,LIFE SKILLS CNTR OF LAKE ERIE,2018-01,1,6096.79
151191,LIFE SKILLS CENTER OF SUMMIT,2018-01,2,2115.23
151209,LIFE SKILLS CENTER OF,2018-01,1,2413.83
000125,POLLY FOX ACADEMY,2018-08,1,1132.35
000130,PHOENIX ACADEMY,2018-08,3,7413.99
000131,GLASS CITY ACADEMY INC,2018-08,1,4260.13
000138,PATHWAY SCHOOL OF DISCOVERY,2018-08,4,20474.1
000139,ALLIANCE ACADEMY,2018-08,5,14695.1
000162,NEWARK DIGITAL ACADEMY,2018-08,7,8623.83
000222,WILDWOOD ENVIRONMENTAL ACADEMY,2018-08,2,9355.81
000236,OHIO CONNECTIONS ACADEMY INC,2018-08,88,118640.28
000241,QUAKER DIGITAL ACADEMY,2018-08,54,17150.01
000282,GREATER OHIO VIRTUAL SCHOOL,2018-08,22,20277.99
000288,AUGLAIZE COUNTY EDUCATIONAL,2018-08,8,3161.97
000296,SUMMIT ACAD. COMM. SCHOOL,2018-08,2,2180.26
000297,SUMMIT ACAD. COMM. SCHOOL DAY,2018-08,3,3340.87
000298,SUMMIT ACADEMY SECONDARY,2018-08,1,2073.22
000300,SUMMIT ACAD. SEC. SCHOOL,2018-08,4,2911.76
000301,SUMMIT ACAD. SEC. SCHOOL LOR,2018-08,2,3639.7
000302,SUMMIT ACAD. COMM. SCHOOL PAR,2018-08,3,5167.5
000303,SUMMIT ACAD. SEC. SCHOOL,2018-08,3,5750.21
000305,SUMMIT ACAD. COMM. SCHOOL WAR,2018-08,2,3206.95
000306,SUMMIT ACAD. COMM. SCHOOL,2018-08,3,3203.82
000311,BRIDGES COMMUNITY ACADEMY,2018-08,4,4299.31
000316,CONSTELLATION SCHOOLS WESTPARK,2018-08,1,5786.46
000318,MENLO PARK ACADEMY,2018-08,7,11493.69
000319,CONSTELLATION SCH MADISON,2018-08,1,7266.79
000320,CONSTELLATION SCHOOLS LORAIN,2018-08,1,3256
000321,CONSTELLATION SCH OLD BROOKLYN,2018-08,2,7159.2
000338,HORIZON SCI ACADEMY,2018-08,2,12806.4
000360,MIAMISBURG SECONDARY DIGITAL,2018-08,1,1400.8
000402,FINDLAY DIGITAL ACADEMY,2018-08,1,3843.26
000417,BUCKEYE ON-LINE SCH FOR SUCCS,2018-08,62,19759
000442,MANCHESTER LOCAL SCHOOL DIST,2018-08,3,23130.62
000509,WHITEHALL PREPARATORY &,2018-08,1,8182.7
000510,SPRINGFIELD PREPARATORY &,2018-08,1,3960.79
000511,NORTHLAND PREPARATORY &,2018-08,1,6244.9
000525,PROJECT REBUILD COMMUNITY SCHL,2018-08,1,3370.21
000527,CASTLE HIGH SCHOOL INC,2018-08,3,4144.89
000534,CONSTELLATION SCHOOLS PURITAS,2018-08,2,3875.58
000543,PINNACLE ACADEMY,2018-08,4,19674.26
000546,WINTERFIELD VENTURE ACADEMY,2018-08,2,13507.26
000553,COLUMBUS HUMANITIES ARTS &,2018-08,8,14562.52
000556,A+ ARTS ACADEMY,2018-08,2,16984.74
000557,COLUMBUS ARTS &,2018-08,3,14454.78
000558,COLUMBUS PREPARATORY ACADEMY,2018-08,6,19515.13
000559,ORION ACADEMY,2018-08,1,14371.71
000560,APEX ACADEMY,2018-08,1,13322.42
000575,HOPE ACADEMY NORTHWEST CAMPUS,2018-08,3,6082.63
000576,KING ACADEMY COMMUNITY SCHOOL,2018-08,2,3660.31
000577,EMERSON ACADEMY,2018-08,3,16540.47
000598,COSHOCTON OPPORTUNITY SCHOOL,2018-08,1,1321.18
000608,SUMMIT ACADEMY TRANSITION HIGH,2018-08,2,1991.76
000609,SUMMIT ACAD. MIDDLE SCH LORAIN,2018-08,2,3632.79
000610,SUMMIT ACAD. MIDDLE SCH COL.,2018-08,2,1830.45
000613,HEIR FORCE COMMUNITY SCHOOL,2018-08,2,6505.66
000614,SUMMIT ACADEMY TRANSITION HIGH,2018-08,2,1831.47
000616,SUMMIT ACAD. SCH FOR ALT.,2018-08,2,2236.77
000621,SUMMIT ACADEMY TRANSITION HIGH,2018-08,6,4554.14
000623,SUMMIT ACADEMY - YOUNGSTOWN,2018-08,2,6100.56
000629,SUMMIT ACADEMY COMMUNITY,2018-08,3,1967.35
000634,SUMMIT ACADEMY SECONDARY,2018-08,5,3717.41
000640,RITTMAN ACADEMY,2018-08,3,755.01
000664,LIFE SKILLS CENTER OF COLUMBUS,2018-08,4,3822.29
000677,NEW DAY ACADEMY BOARDING,2018-08,2,3337.53
000679,OAKSTONE COMMUNITY SCHOOL,2018-08,9,7188.58
000725,ZENITH ACADEMY,2018-08,1,15531.02
000736,PHOENIX VILL. ACAD. PRIMARY 2,2018-08,1,3794.83
000738,PHOENIX VILL. ACAD. SEC. 1,2018-08,1,1991.61
000770,MARITIME ACADEMY OF TOLEDO INC,2018-08,2,7306.36
000779,EDUCATIONAL ACADEMY FOR BOYS,2018-08,1,2772.41
000780,MIDNIMO CROSS CULTURAL MIDDLE,2018-08,1,3122.33
000804,HORIZON SCIENCE ACADEMY,2018-08,1,7535.67
000808,HORIZON SCIENCE ADADEMY DAYTON,2018-08,1,4660.46
000813,LIFE SKILLS CENTER OF DAYTON,2018-08,7,3609.77
000825,HORIZON SCIENCE ACADEMY,2018-08,1,8843.04
000838,HORIZON SCIENCE ACADEMY-,2018-08,1,6755.43
000843,BENNETT VENTURE ACADEMY,2018-08,1,19115
000855,STAMBAUGH CHARTER ACADEMY,2018-08,3,10962.41
000858,HORIZON SCIENCE ACAD CLEVELAND,2018-08,2,9043.18
000875,WESTSIDE ACADEMY INC,2018-08,1,5141.09
000905,IMAC INC,2018-08,2,1455.67
000912,ACADEMIC ACCELERATION ACADEMY,2018-08,1,4683.47
000930,CLEVELAND ENTREPRENEURSHIP,2018-08,2,8289.56
000936,PROMISE ACADEMY,2018-08,2,5517.48
000938,PREMIER ACADEMY OF OHIO,2018-08,1,2018.77
000941,PAR EXCELLENCE ACADEMY,2018-08,1,3907.49
000942,LAKEWOOD CITY ACADEMY,2018-08,1,3202.66
000951,TOLEDO PREP. AND FITNESS ACAD,2018-08,2,5068.75
000952,COLUMBUS PREPARATORY,2018-08,1,10793.64
000953,CINCINNATI PREPARATORY &,2018-08,3,7347.38
007984,YOUNGSTOWN ACAD OF EXCELLENCE,2018-08,2,3672.12
007995,CLEVELAND ARTS  SCI.,2018-08,1,6889.91
007999,CHARLES SCHOOL,2018-08,4,8963.65
008000,MANSFIELD PREPARATORY ACADEMY,2018-08,1,13508.33
008063,LIFE SKILLS CTR OF NORTH AKRON,2018-08,5,2073.79
008064,ACADEMY OF ARTS,2018-08,3,3136.09
008251,MAHONING VALLEY,2018-08,1,0.25
008278,NOBLE ACADEMY-CLEVELAND INC,2018-08,2,11223.28
008280,NOBLE ACADEMY-COLUMBUS INC,2018-08,1,9394
008281,SOUTH SCIOTO ACADEMY,2018-08,1,4791.3
008282,LIFE SKILLS CTR OF COL. NORTH,2018-08,3,3122.39
008283,DAYTON TECH. DESIGN HIGH SCH,2018-08,3,4094.85
008286,HARVARD AVE COMMUNITY SCHOOL,2018-08,1,9312.06
008287,GROVEPORT COMMUNITY SCHOOL,2018-08,3,19676.6
008289,EAGLE LEARNING CENTER INC,2018-08,3,2588.42
009122,COLUMBUS COLLEGIATE,2018-08,2,5706.48
009147,NORTHPOINTE ACADEMY,2018-08,1,6443.61
009148,ZANESVILLE COMM. HIGH SCH,2018-08,4,3603.38
009149,CONSTELLATION SCHOOLS WESTSIDE,2018-08,1,9769.87
009164,CENTRAL ACADEMY OF OHIO,2018-08,1,3208.29
009171,STAR ACADEMY OF TOLEDO,2018-08,1,3343.28
009179,HORIZON SCIENCE ACADEMY INC,2018-08,2,13054.71
009181,CLAY AVENUE COMMUNITY SCHOOL,2018-08,1,11404.36
009192,FOUNDATION ACADEMY,2018-08,3,10567.95
009283,DAYTON EARLY COLLEGE ACAD.,2018-08,1,8189.44
009953,SULLIVANT AVE COMM. SCHOOL,2018-08,2,9663.35
009954,HARRISBURG PIKE COMM. SCHOOL,2018-08,1,6244.84
009955,MADISON AVENUE SCHOOL OF ARTS,2018-08,1,14747.26
009957,KLEPINGER COMMUNITY SCHOOL,2018-08,3,15839.42
009971,ASHLAND CTY COMM. ACADEMY,2018-08,4,2600.58
009990,HORIZON SCI. ACAD. ELEMENTARY,2018-08,2,18088.27
009996,MAHONING COUNTY HIGH SCHOOL,2018-08,2,2646.12
009997,KIPP CENTRAL OHIO,2018-08,5,31466.21
010007,HORIZON SCI. ACAD. DENISON,2018-08,1,3148.96
010036,CESAR CHAVEZ COLLEGE PREP.,2018-08,1,8505.75
010180,MOUNT AUBURN INT. ACAD.,2018-08,1,11142.32
010182,PERFORMANCE ACADEMY EASTLAND,2018-08,1,9124.82
010205,L HOLLINGWORTH SCH FOR TAL.,2018-08,1,8977.85
011291,VILLAGE PREPARATORY SCHOOL,2018-08,1,10738.64
011324,HARDIN COMMUNITY SCHOOL,2018-08,1,837.65
011381,GREATER SUMMIT CTY EARLY LEARN,2018-08,3,3635.1
011390,BELLA ACADEMY OF EXCELLENCE,2018-08,2,8262.71
011439,RENAISSANCE ACADEMY,2018-08,2,4522.03
011444,RUSHMORE ACADEMY,2018-08,4,5205.1
011468,COLUMBUS BILINGUAL ACAD. - N.,2018-08,1,7052.23
011506,DAYTON REGIONAL STEM SCHOOL,2018-08,7,17165.55
011507,ACHIEVE CAREER PREP. ACAD.,2018-08,1,3450.94
011511,NORTH CENTRAL ACADEMY,2018-08,5,2029.48
011533,HORIZON SCI. ACAD. OF LORAIN,2018-08,1,17598.56
011534,HORIZON SCIENCE ACADEMY DAYTON,2018-08,1,8351.11
011923,NORTHEAST OHIO COLLEGE PREP.,2018-08,7,12649.93
011947,IMAGINE AKRON ACADEMY,2018-08,1,1184.72
011956,RCCS,2018-08,2,1588.4
011967,RICHLAND ACAD. SCH OF EXC.,2018-08,3,7925.9
011972,GRAHAM EXPED. MIDDLE SCHOOL,2018-08,2,11062.92
011976,HORIZON SCIENCE ACADEMY DAYTON,2018-08,2,5603.34
011986,HORIZON SCI. ACAD. YOUNGSTOWN,2018-08,1,10530.78
012009,ZENITH ACADEMY-EAST,2018-08,2,7590.65
012010,CLEVELAND COLLEGE PREP.,2018-08,3,7212.98
012011,COLUMBUS PERFORMANCE ACADEMY,2018-08,1,4468.35
012025,CONSTELLATION SCH STOCKYARD,2018-08,1,1668.67
012026,CONSTELLATION SCHOOLS CENTRAL,2018-08,2,2960.66
012029,CITIZENS LEADERSHIP ACADEMY,2018-08,2,6889.92
012030,NEAR WEST SCHOOL,2018-08,3,6324.71
012031,ENTREPRENEURSHIP PREP. SCHOOL,2018-08,1,7751.23
012033,FOXFIRE INTERMEDIATE SCHOOL,2018-08,3,1056.24
012036,THURGOOD MARSHALL HIGH SCHOOL,2018-08,2,5006
012037,NEW BEGINNINGS ACADEMY,2018-08,3,4710.48
012038,LANGSTON HUGHES HIGH SCHOOL,2018-08,1,4171.71
012040,ROAD TO SUCCESS ACADEMY,2018-08,1,2018.88
012041,THE ARCH ACADEMY,2018-08,1,3768.33
012042,GEORGE V VOINOVICH RECLAMATION,2018-08,1,1964.72
012043,FREDERICK DOUGLASS RECLAMATION,2018-08,1,2018.57
012044,CAPITAL HIGH SCHOOL,2018-08,1,4683.59
012045,PATRIOT PREPARATORY ACADEMY,2018-08,3,14562.84
012054,NORTH CENTRAL ACADEMY FREMONT,2018-08,4,2677.32
012060,AKROS MIDDLE SCHOOL,2018-08,1,3069.46
012105,SOUTHSIDE ACADEMY INC,2018-08,1,4401.23
012391,METRO EARLY COLLEGE HIGH SCH,2018-08,6,24414.46
012501,BEACON HILL COMMUNITY SCHOOL,2018-08,3,1724.91
012513,CINCINNATI COLLEGE PREPARATORY,2018-08,1,3687.11
012528,ACADEMY FOR URBAN SOLUTIONS,2018-08,1,8747.86
012529,FOCUS NORTH HIGH SCHOOL,2018-08,1,5840.84
012536,UBAH MATH  ACADEMY,2018-08,1,3822.28
012541,UNIVERSITY OF CLEVELAND PREP.,2018-08,4,8666.69
012545,IMAGINE WOODBURY ACADEMY,2018-08,1,0.68
012558,GLOBAL VILLAGE ACADEMY INC,2018-08,1,4521.47
012627,STEAM ACADEMY OF YOUNGSTOWN,2018-08,2,4631.17
012644,STEAM ACADEMY OF WARREN,2018-08,3,4500.95
012671,CONSTELLATION SCH EASTSIDE,2018-08,1,2852.93
012684,BROADWAY ACADEMY,2018-08,1,2799.09
012852,CITIZENS ACADEMY EAST,2018-08,1,10873.12
012867,TOWNSEND NORTH COMM. SCH,2018-08,34,36486.26
012924,DECA PREP,2018-08,2,22736.45
012951,COLUMBUS COLLEGIATE ACAD. - W.,2018-08,1,5814.16
013034,VILLAGE PREP. SCH:WOODLA,2018-08,1,10980.92
013082,THE HALEY SCHOOL,2018-08,1,5059.82
013132,LAKE ERIE COLLEGE PREP.,2018-08,2,6593.93
013146,STEAM Academy of Dayton,2018-08,2,5684.14
013147,STEAM ACAD. OF WARRENSVILLE,2018-08,2,4091
013148,STEPSTONE ACADEMY,2018-08,2,6836.08
013170,HOPE ACADEMY FOR AUTISM,2018-08,2,1563.13
013173,IMAGINE HILL AVENUE,2018-08,3,3774.68
013175,KIDS UNLIMITED ACADEMY,2018-08,2,7926.6
013195,ACADEMY OF EDU. EXCELLENCE,2018-08,2,3747.76
013198,BROOKWOOD ACADEMY,2018-08,1,2799.33
013199,NEXUS ACADEMY OF CLEVELAND,2018-08,3,3041.38
013226,LIFE SKILLS HIGH SCH OF CLEVE,2018-08,1,2153.21
013232,A+ CHILDRENS ACADEMY,2018-08,1,3337.66
013249,ACADEMY FOR URB. SCH. YOUNGSTO,2018-08,2,4617.18
013253,OHIO COLLEGIATE ACADEMY,2018-08,3,7266.89
013254,AKRON PREPARATORY SCHOOL,2018-08,3,4981.34
013255,CANTON COLL. PREP. SCH,2018-08,3,4826.04
013864,CINCINNATI TECHNOLOGY ACADEMY,2018-08,1,5571.08
013892,FRANKLINTON PREP. ACAD.,2018-08,2,4522.1
013930,GLOBAL IMPACT STEM ACADEMY,2018-08,7,16223.45
013962,LIBERTY PREPARTORY SCHOOL,2018-08,3,1995.14
013967,CINCINNATI LEARNING SCHOOLS,2018-08,1,5597.96
013994,ALBERT EINSTEIN ACAD.,2018-08,3,7347.58
013999,Rise & Shine Academy,2018-08,1,2642.11
014061,CHAPELSIDE CLEVELAND ACADEMY,2018-08,2,7186.03
014063,UNIVERSITY ACADEMY,2018-08,2,5223.46
014064,WINTON PREPARATORY ACADEMY,2018-08,2,9688.85
014065,LINCOLN PARK ACADEMY,2018-08,1,5705.64
014066,MAIN ST PREP. ACAD.,2018-08,1,3150.26
014067,OHIO CONSTRUCTION ACADEMY,2018-08,2,726.81
014081,INSIGHT SCHOOL OF OHIO,2018-08,83,34780.41
014090,BERWYN EAST ACADEMY,2018-08,2,4118.33
014091,HOPE LEARNING ACAD. OF TOLEDO,2018-08,2,1779.37
014121,IMAGINE LEADERSHIP ACADEMY,2018-08,1,4577.28
014139,IMAGINE COL. PRIMARY SCHOOL,2018-08,1,6298.54
014147,EAST PREPARATORY ACADEMY,2018-08,1,5544.23
014149,DAYTON SMART ELEMENTARY SCHOOL,2018-08,1,2639.98
014187,EAST ACADEMY,2018-08,2,7643.54
014188,DISCOVERY ACADEMY,2018-08,1,7872.53
014189,WEST PARK ACADEMY,2018-08,3,5705.72
014231,BIO-MED SCI. ACAD. STEM SCH,2018-08,9,15209.12
014467,UNITED PREPARATORY ACADEMY,2018-08,1,7079.16
014825,BUCKEYE PREP. ACADEMY,2018-08,1,3903.11
014830,UTICA SHALE ACAD. OF OHIO,2018-08,3,1536.84
014858,REACH ACADEMY,2018-08,2,6066.17
014864,TOLEDO SMART ELEM. SCH.,2018-08,1,5176.38
014904,T2 HONORS ACADEMY,2018-08,1,3014.35
014913,LAKESHORE INTERGENERATIONAL,2018-08,2,5436.68
014927,STEEL ACADEMY,2018-08,3,2208.02
014943,VALLEY STEM+ME2 ACADEMY,2018-08,4,4886.95
015234,ZENITH ACADEMY WEST,2018-08,1,5706.39
015236,CLARK PREPARATORY ACADEMY,2018-08,1,2802.21
015237,FLEX HIGH SCHOOL,2018-08,3,6190.61
015239,STONEBROOK MONTESSORI,2018-08,2,3310.39
015261,CITIZENS ACADEMY SOUTHEAST,2018-08,1,9069.96
015329,ISTEM GEAUGA EARLY COLLEGE HS,2018-08,3,3800.87
015344,Tri-State STEM+M Early College,2018-08,1,1238.73
015709,BEACON ACADEMY,2018-08,1,4421.71
015710,BRIDGE GATE COMMUNITY SCHOOL,2018-08,1,1991.96
015712,Euclid Preparatory School,2018-08,5,4118.13
015713,EAST BRANCH PREPATORY ACAD.,2018-08,3,2911.82
015714,URBAN EARLY COLLEGE NETWORK,2018-08,1,3609.92
015722,VILLAGE PREP SCHOOL WILLIARD,2018-08,1,4790.65
015736,iLEAD SPRING MEADOWS,2018-08,2,4124.96
015737,GLOBAL AMBASS. LANG. ACAD.,2018-08,4,3579.73
015741,WESTWOOD PREPARTORY ACAD,2018-08,6,6029.94
016829,South Columbus Preparatory Aca,2018-08,2,2126.5
016836,Kids Care Elementary,2018-08,1,1641.89
016837,Orchard Park Academy,2018-08,1,1453.38
016843,Citizens Leadership Academy Ea,2018-08,1,1614.81
016849,Liberty High School,2018-08,1,2586.01
016850,Southwest Ohio Preparatory Sch,2018-08,1,5006
016858,United Preparatory Academy Eas,2018-08,1,1130.53
043489,AKRON CITY SCHOOLS,2018-08,1,558301.34
043497,ALLIANCE CITY BOARD OF EDU,2018-08,3,74834.53
043505,ASHLAND CITY BOARD OF,2018-08,2,89254.68
043513,ASHTABULA AREA CITY SCHOOL,2018-08,1,93682.8
043521,ATHENS CITY SCHOOL DISTRICT,2018-08,1,70118.26
043539,BARBERTON BOARD OF EDUCATION,2018-08,1,101048.87
043547,BAY VILLAGE CITY SCHOOL,2018-08,1,66557.55
043554,BEACHWOOD BOARD OF EDUCATION,2018-08,1,37463.81
043562,BEDFORD BOARD OF EDUCATION,2018-08,2,86123.76
043570,BELLAIRE CITY SCHOOL DISTRICT,2018-08,1,31914.29
043588,BELLEFONTAINE CITY SCHOOL,2018-08,1,66456.9
043596,BELLEVUE CITY SCHOOL DISTRICT,2018-08,4,53173.88
043604,BELPRE CITY SCHOOL DISTRICT,2018-08,1,28436.82
043612,BEREA CITY SCHOOL DISTRICT,2018-08,1,159934.74
043620,BEXLEY CITY SCHOOL DISTRICT,2018-08,1,64627.29
043638,BOWLING GREEN SCHOOL DISTRICT,2018-08,2,82333.59
043646,BRECKSVILLE BROADVIEW HEIGHTS,2018-08,2,102245.11
043653,BROOKLYN LOCAL SCHOOL DISTRICT,2018-08,1,34584.14
043661,BRUNSWICK CITY SCHOOL DISTRICT,2018-08,2,194704.03
043679,BRYAN CITY SCHOOLS,2018-08,1,53548.73
043687,BUCYRUS CITY SCHOOL DISTRICT,2018-08,1,34678.86
043695,CAMBRIDGE CITY BOARD OF,2018-08,1,53832.72
043703,CAMPBELL CITY SCHOOLS,2018-08,1,30133.95
043711,CANTON CITY SCHOOL DISTRICT,2018-08,1,228174.47
043729,CELINA CITY BOARD OF EDU,2018-08,2,69750.79
043737,CENTERVILLE CITY SCHOOL,2018-08,3,217719.08
043745,CHILLICOTHE CITY SCHOOL,2018-08,1,77019.7
043752,CINCINNATI PUBLIC SCHOOLS,2018-08,1,902953.15
043760,CIRCLEVILLE CITY SCHOOL,2018-08,2,58446.47
043778,CLAYMONT CITY BOARD OF EDU,2018-08,3,52948.05
043786,CLEVELAND CITY SCHOOL DISTRICT,2018-08,1,1005751.46
043794,CLEVELAND HEIGHTS UNIVERSITY,2018-08,1,135671.92
043802,COLUMBUS PUBLIC SCHOOL,2018-08,1,1333472.52
043810,CONNEAUT AREA CITY SCHOOLS,2018-08,1,44941.98
043828,COSHOCTON CITY SCHOOL DISTRICT,2018-08,1,42657.91
043836,CUYAHOGA FALLS CITY SCHOOLS,2018-08,1,125941.25
043844,DAYTON CITY SCHOOL DISTRICT,2018-08,1,344316.59
043851,DEER PARK COMMUNITY CITY,2018-08,1,34367.9
043869,DEFIANCE CITY SCHOOLS,2018-08,2,70369.48
043877,DELAWARE CITY SCHOOLS,2018-08,1,150603.43
043885,DELPHOS CITY SCHOOL DISTRICT,2018-08,3,26887.96
043893,DOVER CITY SCHOOL DISTRICT,2018-08,1,75044.67
043901,EAST CLEVELAND CITY SCHOOL,2018-08,1,55146.37
043919,EAST LIVERPOOL CITY SCHOOLS,2018-08,1,54968.97
043927,EAST PALESTINE CITY SCHOOL,2018-08,2,28900.03
043935,EATON CITY SCHOOLS,2018-08,2,55140.41
043943,ELYRIA CITY SCHOOL DISTRICT,2018-08,1,164117.37
043950,EUCLID BOARD OF EDUCATION,2018-08,2,136452.31
043968,FAIRBORN CITY SCHOOLS,2018-08,3,112718.81
043976,FAIRVIEW PARK CITY SCHOOL DIST,2018-08,1,47448.9
043984,FINDLAY CITY SCHOOLS,2018-08,1,141749.82
043992,FOSTORIA CITY SCHOOLS,2018-08,3,48523.19
044008,FRANKLIN CITY SCHOOLS,2018-08,3,81337.19
044016,FREMONT CITY BOARD OF EDU,2018-08,3,103881.37
044024,GALION CITY SCHOOL DISTRICT,2018-08,3,47489.38
044032,GALLIPOLIS CITY SCHOOLS,2018-08,1,54454.42
044040,GARFIELD HEIGHTS CITY SCHOOL,2018-08,1,96458.81
044057,GENEVA AREA CITY SCHOOL DIST,2018-08,2,66335.45
044065,GIRARD CITY SCHOOL DISTRICT,2018-08,2,46730.46
044073,GRANDVIEW HEIGHTS CITY SCHOOL,2018-08,1,29366.26
044081,WINTONWOODS CITY SCHOOL,2018-08,2,100681.81
044099,GREENVILLE CITY SCHOOL,2018-08,1,69965.4
044107,HAMILTON BOARD OF EDUCATION,2018-08,1,249839.11
044115,HEATH CITY SCHOOL DISTRICT,2018-08,1,46458.6
044123,HILLSBORO CITY BOARD OF EDU,2018-08,1,63537.4
044131,HURON CITY SCHOOL DISTRICT,2018-08,1,36768.54
044149,IRONTON CITY BOARD OF,2018-08,1,36838.63
044156,JACKSON CITY SCHOOL DISTRICT,2018-08,5,67124.39
044164,KENT CITY BOARD OF EDUCATION,2018-08,2,83933.36
044172,KENTON CITY SCHOOLS,2018-08,3,49719.03
044180,KETTERING CITY SCHOOL,2018-08,2,203699.62
044198,LAKEWOOD CITY SCHOOL DISTRICT,2018-08,1,127625.2
044206,LANCASTER CITY SCHOOLS,2018-08,1,168981.83
044214,LEBANON CITY SCHOOL DISTRICT,2018-08,2,152081.03
044222,LIMA CITY BOARD OF EDU,2018-08,1,96315.08
044230,LOCKLAND CITY SCHOOLS,2018-08,1,14613.66
044248,LOGAN HOCKING LOCAL SCHOOLS,2018-08,5,103086.96
044255,LONDON CITY SCHOOL DISTRICT,2018-08,2,57317.09
044263,LORAIN CITY SCHOOLS,2018-08,1,176172
044271,LOVELAND CITY SCHOOL DISTRICT,2018-08,3,123939.09
044289,MADEIRA CITY SCHOOLS,2018-08,1,40557.86
044297,MANSFIELD BOARD OF EDUCATION,2018-08,1,88128.31
044305,MAPLE HEIGHTS BOARD OF,2018-08,1,93874.85
044313,MARIEMONT CITY SCHOOL DISTRICT,2018-08,2,45268.79
044321,MARIETTA CITY SCHOOL DISTRICT,2018-08,1,75723.78
044339,MARION CITY SCHOOLS,2018-08,1,113688.12
044347,MARTINS FERRY CITY SCHOOL,2018-08,2,38157.36
044354,MASSILLON CITY SCHOOL DISTRICT,2018-08,1,101968.41
044362,MAUMEE CITY SCHOOL DISTRICT,2018-08,2,63208.83
044370,MAYFIELD CITY SCHOOL DISTRICT,2018-08,3,108355.57
044388,MEDINA CITY SCHOOLS,2018-08,1,186879.6
044396,MIAMISBURG CITY SCHOOLS,2018-08,1,142438.86
044404,MIDDLETOWN CITY SCH DIST.,2018-08,2,169171.33
044412,MOUNT HEALTHY CITY SCH DIST.,2018-08,1,85664.04
044420,MOUNT VERNON CITY SCHOOL,2018-08,2,105122.6
044438,NAPOLEON CITY SCHOOL DISTRICT,2018-08,3,52997.76
044446,NELSONVILLE YORK CITY SCHOOL,2018-08,3,32269.81
044453,NEWARK CITY SCHOOL DISTRICT,2018-08,1,165811.92
044461,NEW BOSTON BOARD OF EDUCATION,2018-08,1,11693.66
044479,NEW LEXINGTON CITY SCHOOLS,2018-08,3,46916.95
044487,NEW PHILADELPHIA CITY SCHOOLS,2018-08,1,84791.86
044495,NILES CITY SCHOOLS,2018-08,1,62924.62
044503,NORTH CANTON CITY SCHOOLS,2018-08,2,114949.94
044511,NORTH COLLEGE HILL CITY SCH,2018-08,1,45617.66
044529,NORTH OLMSTED CITY SCHOOL,2018-08,1,101491.53
044537,NORTH RIDGEVILLE CITY SCH DIST,2018-08,2,117619.07
044545,NORTH ROYALTON CITY SCHOOL,2018-08,2,110642.26
044552,NORTON CITY SCHOOLS,2018-08,3,66560.56
044560,NORWALK BOARD OF EDUCATION,2018-08,2,75743.69
044578,NORWOOD CITY SCHOOL DISTRICT,2018-08,1,52776.38
044586,OAKWOOD CITY SCHOOLS,2018-08,1,56032.6
044594,OBERLIN CITY SCHOOL DISTRICT,2018-08,1,26101.66
044602,OREGON CITY SCHOOLS,2018-08,3,96196.12
044610,ORRVILLE CITY SCHOOL DISTRICT,2018-08,1,43976.41
044628,PAINESVILLE CITY LOCAL SCHOOLS,2018-08,1,77990.36
044636,PARMA CITY SCHOOL DISTRICT,2018-08,1,271720.91
044644,PIQUA CITY SCHOOL DISTRICT,2018-08,2,94080.51
044651,PORT CLINTON CITY SCHOOLS,2018-08,2,46732.03
044669,PORTSMOUTH CITY SCHOOL,2018-08,1,46423.56
044677,PRINCETON CITY SCHOOL DISTRICT,2018-08,3,147951.42
044685,RAVENNA CITY SCHOOL DISTRICT,2018-08,1,64549.41
044693,READING BOARD OF EDUCATION,2018-08,1,42118.98
044701,ROCKY RIVER CITY SCHOOL,2018-08,1,72021.02
044719,ST BERNARD ELMWOOD PLACE CITY,2018-08,1,25782.75
044727,ST MARYS CITY BOARD OF,2018-08,2,54436
044735,SALEM CITY SCHOOL DISTRICT,2018-08,2,57100.43
044743,SANDUSKY BOARD OF EDUCATION,2018-08,1,83594.45
044750,SHAKER HEIGHTS BOARD OF,2018-08,1,132280.81
044768,SHEFFIELD SHEFFLD LAKE CITY,2018-08,1,46956.07
044776,SHELBY CITY BOARD OF EDU,2018-08,2,51329.88
044784,SIDNEY CITY SCHOOL DISTRICT,2018-08,2,91744.55
044792,SOUTH EUCLID LYNDHURST CITY,2018-08,1,91385.3
044800,SOUTH-WESTERN CITY SCHOOLS,2018-08,2,603771.82
044818,SPRINGFIELD CITY SCHOOLS,2018-08,1,199601.94
044826,STEUBENVILLE CITY SCHOOL,2018-08,1,63427.84
044834,STOW-MUNROE FALLS CITY,2018-08,2,143116.76
044842,STRONGSVILLE CITY SCHOOLS,2018-08,3,146894.85
044859,STRUTHERS CITY SCHOOL DISTRICT,2018-08,1,50871.43
044867,SYCAMORE COMMUNITY SCHOOL DIST,2018-08,3,146730.1
044875,SYLVANIA CITY SCHOOL DISTRICT,2018-08,1,207217.78
044883,TALLMADGE CITY SCHOOL DISTRICT,2018-08,2,58767.9
044891,TIFFIN CITY SCHOOLS,2018-08,1,70713.32
044909,TOLEDO PUBLIC SCHOOLS,2018-08,2,592860.09
044917,TORONTO CITY SCHOOL DISTRICT,2018-08,1,24165.62
044925,TROY CITY SCHOOLS,2018-08,1,118912.24
044933,UPPER ARLINGTON CITY SCHOOLS,2018-08,1,167153.41
044941,URBANA CITY SCHOOLS,2018-08,2,53709.77
044958,VANDALIA-BUTLER CITY SCHOOLS,2018-08,1,80439.11
044966,VAN WERT CITY SCHOOLS,2018-08,2,53383.01
044974,WADSWORTH CITY SCHOOLS,2018-08,3,124242.03
044982,WAPAKONETA CITY SCHOOL,2018-08,4,84680.37
044990,WARREN CITY SCHOOL DISTRICT,2018-08,1,129271.73
045005,WARRENSVILLE HEIGHTS CITY,2018-08,1,43734.5
045013,WASHINGTON COURTHOUSE CITY,2018-08,1,59649.34
045021,WELLSTON CITY SCHOOLS,2018-08,2,37775.32
045039,WELLSVILLE LOCAL SCHOOL,2018-08,2,19733.78
045047,WESTERVILLE CITY SCHOOL,2018-08,2,408074.93
045054,WEST CARROLLTON CITY SCHOOL,2018-08,1,96656.55
045062,WESTLAKE CITY SCHOOL DISTRICT,2018-08,1,94897.54
045070,WHITEHALL CITY SCHOOL DISTRICT,2018-08,1,91732.96
045088,WICKLIFFE CITY SCHOOL DISTRICT,2018-08,2,36003.85
045096,WILLARD CITY SCHOOL DISTRICT,2018-08,3,41538.2
045104,WILLOUGHBY-EASTLAKE CITY,2018-08,2,211104.73
045112,WILMINGTON CITY SCHOOLS,2018-08,2,77735.03
045120,WOOSTER CITY SCHOOL DISTRICT,2018-08,1,95799.19
045138,WORTHINGTON BOARD OF EDUCATION,2018-08,2,269302.83
045146,WYOMING CITY SCHOOLS,2018-08,1,52991.64
045153,XENIA COMMUNITY SCHOOLS,2018-08,3,113962.88
045161,YOUNGSTOWN CITY SCHOOLS,2018-08,2,133280.05
045179,ZANESVILLE CITY SCHOOLS,2018-08,1,85373.04
045187,ADA EXEMPTED VILLAGE SCHOOLS,2018-08,3,23993.39
045195,AMHERST EXEMPTED VILLAGE,2018-08,1,99320.8
045203,BARNESVILLE EXEMPTED VILLAGE,2018-08,5,36665.41
045211,BLUFFTON EXEMPTED VILLAGE,2018-08,4,31889.78
045229,BRADFORD EXEMPTED VILLAGE,2018-08,3,13528.86
045237,BRIDGEPORT EXEMPTED VILLAGE,2018-08,1,20962.16
045245,HARRISON HILLS CITY SCHOOL,2018-08,5,43860.74
045252,CALDWELL EXEMPTED VILLAGE,2018-08,2,23669.8
045260,CAREY EXEMPT VILLAGE SCHOOL,2018-08,3,22229.18
045278,CARROLLTON EXEMPTED VILLAGE,2018-08,5,55747.15
045286,CHAGRIN FALLS EXEMPTED VILLAGE,2018-08,2,50933.57
045294,CHESAPEAKE UNION EXEMPTED,2018-08,1,37996.5
045302,CLYDE GREEN SPRINGS EXEMPTED,2018-08,2,59078.3
045310,COLDWATER EXEMPTED VILLAGE,2018-08,1,36589.45
045328,COLUMBIANA EXEMPTED VILLAGE,2018-08,2,27963.8
045336,COVINGTON EXEMPTED VILLAGE,2018-08,2,22661.4
045344,CRESTLINE EXEMPTED VILLAGE,2018-08,2,15559.46
045351,CROOKSVILLE EXEMPTED VILLAGE,2018-08,2,28046.23
045369,FAIRPORT HARBOR EXEMPTED,2018-08,1,18972.11
045377,GEORGETOWN EXEMPTED VILLAGE,2018-08,1,28259.09
045385,GIBSONBURG EXEMPTED VILLAGE,2018-08,2,23711.09
045393,GRANVILLE EXEMPTED VILLAGE,2018-08,1,68421.04
045401,GREENFIELD EXEMPTED VILLAGE,2018-08,3,50053.17
045419,HICKSVILLE EXEMPTED VILLAGE,2018-08,2,26511.84
045427,HUBBARD SCHOOL DISTRICT,2018-08,2,53769.24
045435,INDIAN HILL EXEMPTED VILLAGE,2018-08,1,54929.37
045443,LEETONIA EXEMPTED VILLAGE,2018-08,2,18927.62
045450,LISBON EXEMPTED VILLAGE,2018-08,1,23750.71
045468,LOUDONVILLE PERRYSVILLE,2018-08,4,29347.37
045476,MARYSVILLE EXEMPTED VILLAGE,2018-08,4,141565.42
045484,MECHANICSBURG EXEMPTED VILLAGE,2018-08,3,23961.64
045492,MENTOR EXEMPTED VILLAGE,2018-08,2,206240.72
045500,MILFORD EXEMPTED VILLAGE,2018-08,2,180688.36
045518,MILTON-UNION EXEMPTED VILLAGE,2018-08,3,40907.02
045526,MONTPELIER EXEMPTED VILLAGE,2018-08,1,25557.27
045534,MOUNT GILEAD EXEMPTED,2018-08,2,31519.09
045542,NEWCOMERSTOWN EXEMPTED VILLAGE,2018-08,3,27799.03
045559,NEW RICHMOND EXEMPTED,2018-08,1,63895.54
045567,NEWTON FALLS EXEMPTED VILLAGE,2018-08,3,29024.7
045575,PAULDING EXEMPTED VILLAGE SCH,2018-08,3,37249.16
045583,PERRYSBURG EXEMPTED VILLAGE,2018-08,2,139047.04
045591,RITTMAN EXEMPTED VILLAGE,2018-08,2,28473.3
045609,ROSSFORD EXEMPTED VILLAGE,2018-08,2,44280.75
045617,TIPP CITY EXEMPTED VILLAGE,2018-08,2,68227.6
045625,UPPER SANDUSKY E V SCHOOLS,2018-08,4,43424.6
045633,VERSAILLES EXEMPTED VILLAGE,2018-08,2,35710.77
045641,WAUSEON EXEMPTED VILLAGE,2018-08,2,49622.96
045658,WELLINGTON EXEMPTED VILLAGE,2018-08,2,29742.12
045666,WINDHAM EXEMPTED VILLAGE,2018-08,2,13350.98
045674,YELLOW SPRINGS EXEMPTED,2018-08,2,19729.43
045757,ALLEN EAST LOCAL SCHOOL,2018-08,2,30288.22
045765,BATH LOCAL SCHOOL DISTRICT,2018-08,1,50465.54
045773,ELIDA BOARD OF EDUCATION,2018-08,2,68592.22
045781,PERRY LOCAL SCHOOL DISTRICT,2018-08,2,22500.31
045799,SHAWNEE LOCAL SCHOOL DISTRICT,2018-08,2,69673.88
045807,SPENCERVILLE LOCAL SCHOOL,2018-08,4,27614.38
045823,HILLSDALE SCHOOLS,2018-08,3,23393.09
045831,MAPLETON LOCAL SCHOOL DISTRICT,2018-08,3,25119.29
045856,BUCKEYE LOCAL SCHOOL DISTRICT,2018-08,1,49279.82
045864,GRAND VALLEY LOCAL SCHOOL,2018-08,3,31928.71
045872,JEFFERSON AREA LOCAL SCHOOL,2018-08,1,47259.15
045880,PYMATUNING VALLEY LOCAL,2018-08,2,32494.16
045906,ALEXANDER LOCAL SCHOOL,2018-08,3,42548.88
045914,FEDERAL HOCKING LOCAL SCHOOL,2018-08,4,28992.15
045922,TRIMBLE LOCAL SCHOOL DISTRICT,2018-08,3,22321.26
045948,MINSTER LOCAL SCHOOL DISTRICT,2018-08,4,23309.56
045955,NEW BREMEN LOCAL SCHOOL,2018-08,3,20992.92
045963,NEW KNOXVILLE LOCAL SCHOOL,2018-08,2,11250.11
045971,WAYNESFIELD-GOSHEN LOCAL,2018-08,4,12956.69
045997,ST CLAIRSVILLE RICHLAND CITY,2018-08,3,46594.99
046003,SHADYSIDE LOCAL BOARD OF EDU,2018-08,1,21904.06
046011,UNION LOCAL SCHOOL DISTRICT,2018-08,2,39108.96
046037,EASTERN LOCAL SCHOOL DISTRICT,2018-08,3,36347.23
046045,FAYETTEVILLE-PERRY LOCAL,2018-08,4,23732.93
046060,WESTERN BROWN LOCAL SCHOOL,2018-08,3,85358.33
046078,RIPLEY UNION LEWIS HUNTINGTON,2018-08,3,22488.46
046094,EDGEWOOD CITY SCHOOL DISTRICT,2018-08,2,101046.56
046102,FAIRFIELD CITY SCHOOL DISTRICT,2018-08,2,270811.45
046110,LAKOTA LOCAL SCHOOL DISTRICT,2018-08,3,441017.05
046128,MADISON LOCAL SCHOOL DISTRICT,2018-08,2,40988.69
046136,NEW MIAMI LOCAL SCHOOL,2018-08,1,17558.84
046144,ROSS LOCAL SCHOOL DISTRICT,2018-08,2,77506.62
046151,TALAWANDA CITY SCHOOL DISTRICT,2018-08,2,82870.84
046177,BROWN LOCAL SCHOOL DISTRICT,2018-08,2,18503.82
046193,GRAHAM LOCAL SCHOOL DISTRICT,2018-08,5,50114.45
046201,TRIAD LOCAL SCHOOLS,2018-08,3,23610.02
046219,WEST LIBERTY SALEM LOCAL,2018-08,2,32522.38
046235,GREENON LOCAL SCHOOLS,2018-08,2,42706.38
046243,TECUMSEH LOCAL SCHOOL DISTRICT,2018-08,4,82720.18
046250,NORTHEASTERN LOCAL SCHOOL,2018-08,3,86412.35
046268,NORTHWESTERN LOCAL SCHOOL,2018-08,3,46238.73
046276,SOUTHEASTERN LOCAL SCHOOL,2018-08,3,20290.12
046284,CLARK-SHAWNEE LOCAL SCHOOL,2018-08,1,52891.24
046300,BATAVIA LOCAL SCHOOL DISTRICT,2018-08,1,62459.97
046318,BETHEL-TATE LOCAL SCHOOLS,2018-08,2,44610.83
046326,CLERMONT NORTHEASTERN SCHOOL,2018-08,2,39653.96
046334,FELICITY-FRANKLIN LOCAL,2018-08,2,24161.03
046342,GOSHEN LOCAL SCHOOLS,2018-08,2,75744.98
046359,WEST CLERMONT LOCAL SCH DIST.,2018-08,2,225398.23
046367,WILLIAMSBURG LOCAL SCHOOL,2018-08,2,28007.4
046383,BLANCHESTER LOCAL SCHOOL,2018-08,5,44107.68
046391,CLINTON-MASSIE LOCAL SCHOOL,2018-08,3,49469.91
046409,EAST CLINTON LOCAL SCHOOL,2018-08,4,34998.53
046425,BEAVER LOCAL SCHOOL DISTRICT,2018-08,1,50359.03
046433,CRESTVIEW LOCAL SCHOOL,2018-08,2,35101.73
046441,SOUTHERN LOCAL SCHOOL DISTRICT,2018-08,3,23587.27
046458,UNITED LOCAL SCHOOL DISTRICT,2018-08,2,31732.43
046474,RIDGEWOOD LOCAL BOARD OF,2018-08,4,34161.98
046482,RIVER VIEW LOCAL SCHOOL,2018-08,5,54202.18
046508,BUCKEYE CENTRAL LOCAL SCHOOL,2018-08,4,19240.75
046516,COLONEL CRAWFORD LOCAL SCHOOLS,2018-08,3,25321.7
046524,WYNFORD LOCAL SCHOOL DISTRICT,2018-08,4,31029.03
046557,CUYAHOGA HEIGHTS LOCAL SCHOOL,2018-08,2,19243.33
046565,INDEPENDENCE LOCAL SCHOOLS,2018-08,1,28797.64
046573,OLMSTED FALLS BOARD OF,2018-08,2,98422.98
046581,ORANGE CITY SCHOOL DISTRICT,2018-08,2,52347.44
046599,RICHMOND HEIGHTS LOCAL SCHOOL,2018-08,1,20885.01
046607,SOLON BOARD OF EDUCATION,2018-08,3,121784.51
046623,ANSONIA LOCAL SCHOOL DISTRICT,2018-08,1,19258.03
046631,ARCANUM BUTLER LOCAL SCHOOL,2018-08,1,29750.12
046649,FRANKLIN MONROE LOCAL SCHOOL,2018-08,2,17453
046672,MISSISSINAWA VALLEY LOCAL,2018-08,1,16695.69
046680,TRI-VILLAGE LOCAL SCHOOL DIST,2018-08,2,21583.97
046706,AYERSVILLE LOCAL SCH DIST.,2018-08,4,20574.15
046714,CENTRAL LOCAL SCHOOL DISTRICT,2018-08,3,29105.98
046722,NORTHEASTERN LOCAL SCHOOL,2018-08,3,31508.75
046748,BIG WALNUT LOCAL SCHOOLS,2018-08,4,96096.36
046755,BUCKEYE VALLEY LOCAL SCHOOL,2018-08,4,60166.31
046763,OLENTANGY LOCAL SCHOOLS,2018-08,2,567042.92
046789,EDISON LOCAL SCHOOLS,2018-08,2,41264.82
046797,KELLEYS ISLAND SCHOOL,2018-08,1,27.03
046805,MARGARETTA LOCAL SCHOOL DIST,2018-08,2,31334.96
046813,PERKINS LOCAL SCHOOL DISTRICT,2018-08,1,52314.2
046821,VERMILION LOCAL SCH DIST.,2018-08,2,50624.89
046847,AMANDA-CLEARCREEK LOCAL SCHOOL,2018-08,3,40655.93
046854,BERNE UNION LOCAL SCHOOLS,2018-08,2,23051.26
046862,BLOOM CARROLL LOCAL SCHOOL,2018-08,2,56117.53
046870,FAIRFIELD UNION LOCAL SCHOOL,2018-08,3,53202.08
046888,LIBERTY UNION THURSTON LOCAL,2018-08,1,34863.21
046896,PICKERINGTON LOCAL SCHOOL DIST,2018-08,3,286415.71
046904,WALNUT TOWNSHIP LOCAL SCHOOL,2018-08,3,14845.86
046920,MIAMI TRACE LOCAL SCH DIST.,2018-08,7,70779.2
046946,CANAL WINCHESTER LOCAL SCHOOL,2018-08,2,104560.36
046953,HAMILTON LOCAL SCHOOLS,2018-08,2,82311.99
046961,GAHANNA-JEFFERSON CITY SCHOOL,2018-08,1,206007.88
046979,GROVEPORT MADISON LOCAL,2018-08,3,159536.38
046995,NEW ALBANY PLAIN LOCAL SCHOOL,2018-08,3,132485.19
047001,REYNOLDSBURG CITY SCHOOLS,2018-08,3,203770
047019,HILLIARD CITY SCHOOL DISTRICT,2018-08,2,439363.17
047027,DUBLIN CITY SCHOOLS,2018-08,3,432545.31
047043,ARCHBOLD AREA LOCAL SCHOOLS,2018-08,4,34473.99
047050,EVERGREEN LOCAL SCHOOL,2018-08,2,32828.26
047068,FAYETTE LOCAL SCHOOL DISTRICT,2018-08,2,10482.17
047076,PETTISVILLE LOCAL SCHOOL,2018-08,2,13839.92
047084,PIKE DELTA YORK LOCAL SCHOOLS,2018-08,3,34534.35
047092,SWANTON LOCAL SCHOOL DISTRICT,2018-08,3,35141.2
047167,BERKSHIRE BOARD OF EDUCATION,2018-08,2,33350.94
047175,CARDINAL LOCAL SCHOOL DISTRICT,2018-08,4,26906.58
047183,CHARDON BOARD OF EDUCATION,2018-08,2,77647.06
047191,KENSTON LOCAL SCHOOL DISTRICT,2018-08,3,74358.05
047217,NEWBURY BOARD OF EDUCATION,2018-08,1,10433.91
047225,WEST GEAUGA LOCAL SCHOOL,2018-08,3,51302.72
047241,BEAVERCREEK CITY SCHOOLS,2018-08,2,214118.65
047258,CEDARCLIFF LOCAL BOARD OF,2018-08,2,17088.24
047266,GREENEVIEW LOCAL SCHOOL,2018-08,4,37632.13
047274,SUGARCREEK LOCAL SCHOOL,2018-08,3,73530.13
047308,ROLLING HILLS LOCAL SCHOOL,2018-08,3,45784.76
047332,FINNEYTOWN LOCAL SCHOOL,2018-08,1,39427.57
047340,FOREST HILLS LOCAL SCHOOL,2018-08,2,201013.57
047365,NORTHWEST LOCAL SCHOOL,2018-08,2,239794.89
047373,OAK HILLS LOCAL SCHOOL DISTICT,2018-08,1,209329.54
047381,SOUTHWEST LOCAL SCHOOL DIST,2018-08,2,107572.73
047399,THREE RIVERS LOCAL SCHOOL DIST,2018-08,1,57755.16
047415,ARCADIA LOCAL SCHOOL DISTRICT,2018-08,3,16071.65
047423,ARLINGTON LOCAL SCHOOL,2018-08,2,15642.59
047431,CORY-RAWSON LOCAL SCHOOLS,2018-08,3,15074.36
047449,LIBERTY-BENTON LOCAL SCHOOL,2018-08,1,39216.31
047456,MCCOMB LOCAL SCHOOL DISTRICT,2018-08,4,18530.44
047464,VAN BUREN LOCAL SCHOOL,2018-08,2,29254.03
047472,VANLUE LOCAL SCHOOL DISTRICT,2018-08,3,5577.07
047498,HARDIN NORTHERN LOCAL SCHOOL,2018-08,2,11538.02
047506,RIDGEMONT LOCAL SCHOOL,2018-08,4,13429.67
047514,RIVERDALE LOCAL SCHOOL,2018-08,3,27513.72
047522,UPPER SCIOTO VALLEY LOCAL,2018-08,4,12888.83
047548,CONOTTON VALLEY LOCAL SCHOOL,2018-08,3,11941.92
047571,HOLGATE LOCAL SCHOOL DISTRICT,2018-08,3,12546.69
047589,LIBERTY CENTER LOCAL SCHOOL,2018-08,3,29290.09
047597,PATRICK HENRY LOCAL SCHOOL,2018-08,3,24117.94
047613,BRIGHT LOCAL SCHOOL DISTRICT,2018-08,3,18558.97
047621,FAIRFIELD LOCAL SCHOOL,2018-08,3,25643.24
047639,LYNCHBURG-CLAY LOCAL SCHOOL,2018-08,3,31654.14
047688,EAST HOLMES LOCAL SCHOOL,2018-08,5,45058.71
047696,WEST HOLMES LOCAL SCHOOL,2018-08,5,61342.2
047712,MONROEVILLE LOCAL SCHOOL,2018-08,2,16641.87
047720,NEW LONDON LOCAL SCHOOL,2018-08,3,24804.52
047738,SOUTH CENTRAL LOCAL SCHOOL,2018-08,3,20187.55
047746,WESTERN RESERVE BD OF EDUC,2018-08,3,29224.26
047761,OAK HILL UNION LOCAL SCHOOL,2018-08,5,33746.54
047787,BUCKEYE LOCAL SCHOOL DISTRICT,2018-08,3,44520.81
047795,EDISON LOCAL SCHOOLS,2018-08,4,39596.84
047803,INDIAN CREEK SCHOOL DISTRICT,2018-08,2,54244.22
047829,CENTERBURG LOCAL SCHOOL,2018-08,4,31043.34
047837,DANVILLE LOCAL SCHOOL DISTRICT,2018-08,4,17158.2
047845,EAST KNOX LOCAL SCHOOL,2018-08,3,26454.01
047852,FREDERICKTOWN LOCAL SCHOOL,2018-08,3,34722.71
047878,KIRTLAND LOCAL BOARD OF,2018-08,2,32096.28
047886,MADISON LOCAL SCHOOL DISTRICT,2018-08,3,82626.28
047894,RIVERSIDE LOCAL SCH DIST.,2018-08,2,112997.26
047902,PERRY LOCAL SCHOOL DISTRICT,2018-08,1,45624.67
047928,DAWSON BRYANT LOCAL SCHOOL,2018-08,1,31102.66
047936,FAIRLAND LOCAL SCHOOL DISTRICT,2018-08,2,43546.69
047944,ROCK HILL LOCAL SCHOOL,2018-08,2,38347.88
047951,SOUTH POINT LOCAL SCHOOLS,2018-08,1,43920.93
047969,SYMMES VALLEY LOCAL SCHOOLS,2018-08,2,21302.57
047985,JOHNSTOWN MONROE LOCAL SCHOOL,2018-08,3,44625.71
047993,LAKEWOOD LOCAL SCHOOL DISTRICT,2018-08,3,51147.62
048009,LICKING HEIGHTS LOCAL SCHOOLS,2018-08,2,118024.23
048017,LICKING VALLEY LOCAL SCHOOL,2018-08,2,57403.58
048025,NORTH FORK LOCAL SCHOOL,2018-08,2,45240.53
048033,NORTHRIDGE LOCAL SCHOOL,2018-08,3,32449.97
048041,SOUTHWEST LICKING LOCAL SCHOOL,2018-08,2,110190.05
048074,BENJAMIN LOGAN LOCAL SCHOOL,2018-08,4,46608.13
048082,INDIAN LAKE LOCAL SCHOOL,2018-08,4,42852.61
048090,RIVERSIDE LOCAL SCHOOL,2018-08,3,18653.89
048116,AVON LOCAL SCHOOL DISTRICT,2018-08,2,118991.17
048124,AVON LAKE CITY SCHOOLS,2018-08,2,102280.89
048132,CLEARVIEW BOARD OF EDUCATION,2018-08,1,44426.76
048140,COLUMBIA LOCAL SCHOOL DISTRICT,2018-08,3,24354.4
048157,FIRELANDS LOCAL SCHOOL,2018-08,3,46560.38
048165,KEYSTONE LOCAL SCHOOLS,2018-08,2,42705.83
048173,MIDVIEW LOCAL SCHOOL DISTRICT,2018-08,2,81265.99
048207,ANTHONY WAYNE LOCAL SCHOOLS,2018-08,3,119112.45
048215,OTTAWA HILLS LOCAL SCHOOL,2018-08,1,25828.06
048223,SPRINGFIELD LOCAL SCH DIST.,2018-08,1,103999.9
048231,WASHINGTON LOCAL SCHOOL,2018-08,1,188291.99
048256,JEFFERSON LOCAL SCHOOL,2018-08,2,33571.6
048264,JONATHAN ALDER LOCAL SCHOOL,2018-08,3,60424.66
048272,MADISON PLAINS LOCAL SCHOOL,2018-08,6,34353.38
048298,AUSTINTOWN LOCAL SCHOOL,2018-08,2,128986.08
048306,BOARDMAN LOCAL SCHOOL DISTRICT,2018-08,1,113380.51
048314,CANFIELD LOCAL SCHOOL DISTRICT,2018-08,1,73147.73
048322,JACKSON-MILTON LOCAL SCHOOL,2018-08,3,20787.15
048330,LOWELLVILLE LOCAL SCHOOLS,2018-08,1,14364.97
048348,POLAND LOCAL SCHOOL DISTRICT,2018-08,1,51276.31
048355,SEBRING LOCAL SCHOOL DISTICT,2018-08,1,12609.8
048363,SOUTH RANGE LOCAL SCHOOL,2018-08,2,35342.94
048371,SPRINGFIELD LOCAL BOARD OF EDU,2018-08,2,28324.63
048389,WEST BRANCH LOCAL SCHOOL,2018-08,4,55234.56
048397,WESTERN RESERVE LOCAL SCHOOLS,2018-08,2,18388.55
048413,ELGIN LOCAL SCHOOL DISTRICT,2018-08,4,27505.23
048421,PLEASANT LOCAL SCHOOL DISTRICT,2018-08,1,32601.71
048439,RIDGEDALE LOCAL SCHOOLS,2018-08,3,18583.12
048447,RIVER VALLEY LOCAL SCHOOL DIST,2018-08,4,53314.06
048462,BLACK RIVER LOCAL SCHOOL,2018-08,4,30989.3
048470,BUCKEYE LOCAL SCHOOL DISTRICT,2018-08,3,64738.05
048488,CLOVERLEAF LOCAL SCHOOL,2018-08,2,65630.03
048496,HIGHLAND LOCAL SCHOOL DISTRICT,2018-08,2,87082.28
048512,EASTERN LOCAL SCHOOL DISTRICT,2018-08,1,21129.29
048520,MEIGS LOCAL SCHOOL DISTRICT,2018-08,3,46569.02
048538,SOUTHERN LOCAL SCHOOL DISTRICT,2018-08,1,19474.84
048553,MARION LOCAL BOARD OF,2018-08,3,23411.35
048579,PARKWAY SCHOOL BOARD OF EDUC,2018-08,3,27450.08
048587,ST HENRY CONSOLIDATED LOCAL,2018-08,2,25732.31
048595,FORT RECOVERY LOCAL SCHOOL,2018-08,2,25353.41
048611,BETHEL LOCAL SCHOOL DISTRICT,2018-08,3,38316.2
048629,MIAMI EAST LOCAL SCHOOLS,2018-08,4,37697.3
048637,NEWTON LOCAL SCHOOL DISTRICT,2018-08,2,16225.54
048652,SWITZERLAND OF OHIO LOCAL,2018-08,4,57403.11
048678,BROOKVILLE LOCAL SCHOOL,2018-08,2,41276.1
048686,JEFFERSON TOWNSHIP LOCAL,2018-08,1,8243.4
048694,TROTWOOD MADISON CITY SCHOOLS,2018-08,1,69663.77
048702,MAD RIVER LOCAL SCHOOL,2018-08,2,101101.7
048710,NEW LEBANON LOCAL SCHOOLS,2018-08,2,29609.97
048728,NORTHMONT CITY SCHOOLS,2018-08,3,136957.02
048736,NORTHRIDGE LOCAL SCHOOL,2018-08,1,42374.74
048744,VALLEY VIEW LOCAL SCHOOL,2018-08,3,49864.1
048751,HUBER HEIGHTS CITY SCHOOLS,2018-08,4,158131.04
048777,MORGAN LOCAL SCHOOL DISTRICT,2018-08,6,48615.05
048793,CARDINGTON LINCOLN LOCAL,2018-08,2,27683.02
048801,HIGHLAND LOCAL SCHOOL DISTRICT,2018-08,3,49181.22
048819,NORTHMOR LOCAL SCHOOLS,2018-08,4,29192.52
048835,EAST MUSKINGUM SCHOOL DISTRICT,2018-08,3,59702.59
048843,FRANKLIN LOCAL SCHOOL DISTRICT,2018-08,3,55418.5
048850,MAYSVILLE LOCAL SCHOOL DIST,2018-08,2,59978.65
048876,TRI-VALLEY LOCAL SCHOOLS,2018-08,3,85507.06
048884,WEST MUSKINGUM LOCAL SCHOOL,2018-08,3,39664.05
048900,NOBLE LOCAL SCHOOL DISTRICT,2018-08,4,24515.04
048926,BENTON CARROLL SALEM LOCAL,2018-08,3,42245.46
048934,DANBURY LOCAL SCHOOLS,2018-08,1,13378.95
048942,GENOA AREA LOCAL SCHOOL,2018-08,4,37642.86
048975,PUT-IN-BAY LOCAL SCHOOL,2018-08,1,1837.92
048991,ANTWERP LOCAL SCHOOL DISTRICT,2018-08,2,19252.04
049031,WAYNE TRACE LOCAL SCHOOL,2018-08,3,26125.57
049056,NORTHERN LOCAL SCHOOL DISTRICT,2018-08,4,60927.03
049064,SOUTHERN LOCAL SCHOOL DISTRICT,2018-08,4,18082.02
049080,LOGAN ELM LOCAL SCHOOL DIST,2018-08,5,49649.02
049098,TEAYS VALLEY BOARD OF EDU,2018-08,3,110351.95
049106,WESTFALL LOCAL SCHOOL DISTRICT,2018-08,3,38177.95
049122,EASTERN LOCAL SCHOOL DISTRICT,2018-08,3,24959.95
049130,SCIOTO VALLEY LOCAL SCHOOL,2018-08,3,36653.19
049148,WAVERLY CITY SCHOOLS,2018-08,2,51864.35
049155,WESTERN LOCAL SCHOOL DISTRICT,2018-08,4,21195.32
049171,AURORA BOARD OF EDUCATION,2018-08,4,78988.79
049189,CRESTWOOD LOCAL SCHOOLS,2018-08,2,46762.75
049197,FIELD LOCAL SCHOOL DISTRICT,2018-08,3,53759.88
049205,JAMES A GARFIELD LOCAL SCHOOLS,2018-08,3,38541.62
049213,ROOTSTOWN LOCAL SCHOOL,2018-08,1,32085.6
049221,SOUTHEAST LOCAL SCHOOLS,2018-08,3,43301
049239,STREETSBORO CITY SCHOOLS,2018-08,2,59493.81
049247,WATERLOO LOCAL BOARD OF EDU,2018-08,2,29299.2
049270,NATIONAL TRAIL LOCAL SD,2018-08,2,28261.47
049288,PREBLE SHAWNEE LOCAL SCHOOLS,2018-08,3,37707.99
049296,TWIN VALLEY COMMUNITY LOCAL,2018-08,2,22888
049312,COLUMBUS GROVE LOCAL SCHOOL,2018-08,2,23450.06
049320,CONTINENTAL LOCAL SCHOOL,2018-08,3,12983.79
049338,JENNINGS LOCAL SCHOOL DISTRICT,2018-08,3,10061.17
049346,KALIDA LOCAL SCHOOL DISTRICT,2018-08,1,16285.84
049353,LEIPSIC LOCAL SCHOOL DISTRICT,2018-08,2,17800.76
049361,MILLER CITY-NEW CLEVELAND,2018-08,1,13120.65
049379,OTTAWA GLANDORF LOCAL SCHOOL,2018-08,1,41093.38
049387,OTTOVILLE LOCAL SCHOOL,2018-08,3,12117.8
049395,PANDORA-GILBOA LOCAL BOARD OF,2018-08,3,15040.73
049411,CLEARFORK VALLEY LOCAL SCHOOL,2018-08,3,46027.26
049429,CRESTVIEW LOCAL SCHOOL,2018-08,3,30780.15
049437,LEXINGTON LOCAL SCH DIST.,2018-08,2,66675
049445,LUCAS LOCAL SCHOOL DISTRICT,2018-08,2,15719.84
049452,MADISON LOCAL SCHOOLS,2018-08,1,78126.33
049460,PLYMOUTH-SHILOH LOCAL SCHOOLS,2018-08,3,20592.73
049478,ONTARIO LOCAL SCHOOLS,2018-08,2,54457.44
049494,ADENA LOCAL SCHOOL DISTRICT,2018-08,3,33497.47
049502,HUNTINGTON LOCAL SCH DIST.,2018-08,2,31803.62
049510,PAINT VALLEY LOCAL SCHOOL,2018-08,3,23698.21
049528,SOUTHEASTERN LOCAL SCHOOL,2018-08,4,30298.43
049536,UNION-SCIOTO LOCAL SCHOOL,2018-08,2,58424.88
049544,ZANE TRACE LOCAL SCHOOL,2018-08,3,38458.24
049569,LAKOTA LOCAL SCHOOLS,2018-08,3,30117.33
049577,WOODMORE LOCAL SCHOOL DISTRICT,2018-08,3,25896.86
049593,BLOOM-VERNON LOCAL SCHOOL,2018-08,3,22820.49
049601,CLAY LOCAL SCHOOL DISTRICT,2018-08,1,18445.11
049619,GREEN LOCAL SCHOOL DISTRICT,2018-08,2,15876.67
049627,MINFORD LOCAL SCHOOL DISTRICT,2018-08,2,37862.71
049635,NORTHWEST LOCAL SCHOOL DIST,2018-08,3,39786.81
049643,VALLEY LOCAL SCHOOL DISTRICT,2018-08,2,28524.54
049650,WASHINGTON NILES LOCAL SCHOOL,2018-08,2,41004.55
049668,WHEELERSBURG LOCAL SCHOOL,2018-08,1,42534.71
049684,SENECA EAST LOCAL SCHOOL,2018-08,3,24686.89
049700,HOPEWELL-LOUDON LOCAL SCHOOL,2018-08,2,22616.28
049718,NEW RIEGEL LOCAL SCHOOL,2018-08,1,9787.08
049726,OLD FORT LOCAL SCHOOL DISTRICT,2018-08,2,17411.63
049759,ANNA LOCAL BOARD OF EDUCAION,2018-08,1,33410.51
049767,BOTKINS LOCAL SCHOOL DISTRICT,2018-08,2,17726.01
049775,FAIRLAWN LOCAL SCHOOL DISTRICT,2018-08,4,16708.93
049783,FORT LORAMIE LOCAL SCHOOL,2018-08,2,21690.13
049791,HARDIN-HOUSTON LOCAL SCHOOL,2018-08,2,24224.6
049809,JACKSON CENTER LOCAL SCHOOL,2018-08,3,14714.86
049817,RUSSIA LOCAL SCHOOL DISTRICT,2018-08,2,11155.34
049833,CANTON LOCAL SCHOOL DISTRICT,2018-08,1,49191.32
049841,FAIRLESS LOCAL BOARD OF,2018-08,3,43057.01
049858,JACKSON LOCAL SCHOOL DISTRICT,2018-08,2,162038.36
049866,LAKE LOCAL SCHOOL DISTRICT,2018-08,3,90670.83
049874,LOUISVILLE CITY SCHOOLS,2018-08,1,78242.14
049882,MARLINGTON LOCAL SCHOOL,2018-08,4,59599.94
049890,MINERVA LOCAL SCHOOLS,2018-08,3,52611.88
049908,NORTHWEST LOCAL SCHOOL,2018-08,3,51621.68
049916,OSNABURG LOCAL SCHOOLS,2018-08,2,22216.3
049924,PERRY LOCAL SCHOOL DISTRICT,2018-08,1,126880.89
049932,PLAIN LOCAL SCHOOL DISTRICT,2018-08,1,164020.12
049940,SANDY VALLEY LOCAL SCHOOL,2018-08,3,35405.45
049957,TUSLAW LOCAL SCHOOLS,2018-08,2,39094.23
049973,WOODRIDGE LOCAL SCHOOL,2018-08,2,51022.66
049981,COPLEY-FAIRLAWN CITY SCHOOLS,2018-08,2,76682.17
049999,COVENTRY LOCAL SCHOOL DISTRICT,2018-08,1,53903.58
050005,MANCHESTER LOCAL SCHOOL,2018-08,2,36753.19
050013,GREEN LOCAL SCHOOLS,2018-08,2,110986.04
050021,HUDSON CITY SCHOOL DISTRICT,2018-08,2,123073.94
050039,MOGADORE LOCAL SCHOOL DISTRICT,2018-08,2,23258.5
050047,NORDONIA HILLS CITY SCHOOLS,2018-08,2,99244.86
050054,REVERE LOCAL SCHOOL DISTRICT,2018-08,2,72374.24
050062,SPRINGFIELD LOCAL SCH DIST.,2018-08,3,60098.8
050070,TWINSBURG BOARD OF EDUCATION,2018-08,2,111414.96
050096,BLOOMFIELD-MESPO LOCAL SCHOOL,2018-08,3,6252.07
050112,BRISTOL LOCAL SCHOOL DISTRICT,2018-08,1,15145.1
050120,BROOKFIELD LOCAL SCHOOL,2018-08,1,27864.68
050138,CHAMPION LOCAL SCHOOL DISTRICT,2018-08,1,37862.61
050153,MATHEWS LOCAL SCHOOL DISTRICT,2018-08,1,18944.69
050161,HOWLAND LOCAL SCHOOL DISTRICT,2018-08,1,73946.45
050179,JOSEPH BADGER LOCAL SCHOOL DIS,2018-08,2,20399.91
050187,LAKEVIEW LOCAL BOARD,2018-08,1,47402.29
050195,LIBERTY LOCAL BOARD OF EDU,2018-08,2,30996.05
050203,LORDSTOWN LOCAL SCHOOL,2018-08,2,13852.08
050211,MAPLEWOOD LOCAL BOARD OF EDU,2018-08,2,20292.14
050229,MCDONALD BOARD OF EDUCATION,2018-08,1,20130.49
050237,SOUTHINGTON LOCAL SCHOOL,2018-08,2,13959.6
050245,LABRAE LOCAL SCHOOL DISTRICT,2018-08,2,31476.35
050252,WEATHERSFIELD LOCAL SCHOOL,2018-08,2,26826.83
050278,GARAWAY LOCAL SCHOOLS,2018-08,4,33607.31
050286,INDIAN VALLEY LOCAL SCHOOLS,2018-08,2,48710.62
050294,STRASBURG-FRANKLIN LOCAL,2018-08,2,15645.33
050302,TUSCARAWAS VALLEY LOCAL SCHOOL,2018-08,3,38052.97
050328,FAIRBANKS LOCAL SCHOOLS,2018-08,4,29922.76
050336,NORTH UNION LOCAL SCHOOL,2018-08,5,41035.65
050351,CRESTVIEW LOCAL SCHOOL,2018-08,2,23324.71
050369,LINCOLNVIEW LOCAL SCH DIST.,2018-08,2,24536.69
050393,VINTON COUNTY LOCAL SCHOOLS,2018-08,7,55798.63
050419,CARLISLE LOCAL SCHOOLS,2018-08,3,43226.37
050427,SPRINGBORO COMMUNITY SCHOOLS,2018-08,2,165427.05
050435,KINGS LOCAL SCHOOL DISTRICT,2018-08,3,117829.72
050443,LITTLE MIAMI LOCAL SCHOOL,2018-08,2,128754.47
050450,MASON CITY SCHOOL DISTRICT,2018-08,3,285550.46
050468,WAYNE LOCAL SCHOOL DISTRICT,2018-08,4,40318.94
050484,FORT FRYE LOCAL SCHOOL,2018-08,3,27806.64
050492,FRONTIER LOCAL SCHOOL DISTRICT,2018-08,2,17376.89
050500,WARREN LOCAL SCHOOLS,2018-08,3,58065.99
050518,WOLF CREEK LOCAL SCHOOL BD,2018-08,2,16837.42
050534,CHIPPEWA LOCAL SCHOOLS,2018-08,4,34968.26
050542,DALTON LOCAL SCHOOL DISTRICT,2018-08,2,24266.53
050559,GREEN LOCAL SCHOOL DISTRICT,2018-08,1,29254.72
050567,NORTH CENTRAL LOCAL SCHOOLS,2018-08,2,39124.53
050575,NORTHWESTERN LOCAL SCH DIST.,2018-08,3,37039.31
050583,SOUTHEAST LOCAL SCH DIST.,2018-08,3,38499.96
050591,TRIWAY LOCAL SCHOOL DISTRICT,2018-08,3,45190.47
050617,EDGERTON LOCAL SCHOOL DISTRICT,2018-08,2,17199.06
050625,EDON NORTHWEST LOCAL SCHOOL,2018-08,1,13765.84
050633,MILLCREEK WEST UNITY LOCAL,2018-08,2,15578.07
050641,NORTH CENTRAL LOCAL SCHOOL,2018-08,1,15442.5
050658,STRYKER LOCAL SCHOOL DISTRICT,2018-08,3,10222.69
050674,EASTWOOD BOARD OF EDUCATION,2018-08,3,40480.6
050682,ELMWOOD LOCAL SCHOOL DISTRICT,2018-08,2,32740.54
050690,LAKE LOCAL SCHOOL DISTRICT,2018-08,2,42934.44
050708,NORTH BALTIMORE BOARD OF,2018-08,2,18610.83
050716,NORTHWOOD LOCAL SCHOOLS,2018-08,2,27586.76
050724,OTSEGO LOCAL SCHOOL DISTRICT,2018-08,3,40886.28
050740,MOHAWK BOARD OF EDUCATION,2018-08,3,24035.76
050773,APOLLO JOINT VOCATIONAL,2018-08,8,39210.49
050799,SOUTHERN HILLS JOINT,2018-08,5,25463.33
050815,ASHTABULA COUNTY TECHNICAL &,2018-08,2,38556.65
050856,BELMONT-HARRISON VOCATIONAL,2018-08,7,21549.33
050880,BUTLER TECHNOLOGY & CAREER,2018-08,4,315995.29
050906,COLUMBIANA COUNTY JOINT,2018-08,4,11107.71
050922,CUYAHOGA VALLEY CAREER CENTER,2018-08,2,23498.82
050948,POLARIS JOINT VOCATIONAL,2018-08,1,64513.29
050963,FOUR COUNTY JOINT VOCATIONAL,2018-08,8,34007.61
050989,DELAWARE AREA CAREER CENTER,2018-08,6,37362.66
051003,EASTLAND-FAIRFIELD CAREER &,2018-08,6,38501.82
051029,EHOVE JOINT VOCATIONAL SCHOOL,2018-08,8,22988.62
051045,GREENE COUNTY JOINT VOCATIONAL,2018-08,6,60538.42
051060,GREAT OAKS INSTITUTE OF TECH,2018-08,12,263981.47
051128,JEFFERSON COUNTY JOINT,2018-08,4,8026
051144,KNOX COUNTY CAREER CENTER,2018-08,6,15074.25
051169,AUBURN VOCATIONAL SCHOOL DIST,2018-08,5,17842.19
051185,LAWRENCE COUNTY JOINT,2018-08,3,36139.75
051201,LICKING CNTY JOINT VOCATIONAL,2018-08,5,39962.98
051227,LORAIN COUNTY JOINT,2018-08,5,35524.8
051243,MAHONING COUNTY CAREER &,2018-08,5,20384.71
051284,MIAMI VALLEY CAREER TECHNOLOGY,2018-08,10,93786.12
051300,MIDEAST CAREER & TECHNOLOGY,2018-08,8,30358.94
051334,OHIO HI POINT JOINT VOCATIONAL,2018-08,12,80249.37
051359,PENTA COUNTY VOCATIONAL SCHOOL,2018-08,7,111793.6
051375,PIKE COUNTY JOINT VOCATIONAL,2018-08,5,14452.22
051391,MAPLEWOOD CAREER CENTER,2018-08,4,16729.6
051417,PIONEER CAREER & TECHNOLOGY,2018-08,8,64984.34
051433,PICKAWAY-ROSS COUNTY JOINT,2018-08,10,75095.33
051458,VANGUARD SENTINEL CAREER CNTRS,2018-08,9,44114.05
051474,WARREN COUNTY VOCATIONAL,2018-08,7,79157.18
051490,SCIOTO COUNTY CAREER TECH CNTR,2018-08,5,39434.82
051532,SPRINGFIELD-CLARK CAREER,2018-08,5,23738.75
051607,TRI-COUNTY JOINT VOCATIONAL,2018-08,5,11835.85
051631,TRUMBULL COUNTY JOINT,2018-08,4,24093.16
051656,BUCKEYE JOINT VOCATIONAL,2018-08,9,33634.19
051672,VANTAGE CAREER CENTER,2018-08,7,14451.72
051698,WASHINGTON COUNTY JOINT,2018-08,3,12069.8
051714,WAYNE CNTY JOINT VOCATIONAL SC,2018-08,6,21031.74
061903,ADAMS CNTY-OH VALLEY SCHL DIST,2018-08,5,99974.51
062026,STARK COUNTY AREA JOINT,2018-08,6,18259.57
062042,ASHLAND CO WEST HOLMES JOINT,2018-08,6,14490.79
062067,GALLIA JACKSON VINTON JOINT,2018-08,8,41187.13
062109,MEDINA COUNTY CAREER CENTER,2018-08,6,54568.14
062125,UPPER VALLEY JOINT VOCATIONAL,2018-08,6,82737.04
062802,US GRANT JOINT VOCATIONAL,2018-08,2,13922.37
063495,PORTAGE LAKES JOINT VOCATIONAL,2018-08,3,16640.97
063511,TOLLES CAREER & TECH CENTER,2018-08,5,41459.63
064964,COLLEGE CORNER LOCAL SCHOOL,2018-08,2,2977.35
065227,COSHOCTON COUNTY JOINT,2018-08,4,5743.99
065268,TRI-RIVERS JOINT VOCATIONAL,2018-08,6,11707.8
065680,GALLIA COUNTY LOCAL SCHOOL,2018-08,5,62875.54
069682,EAST GUERNSEY LOCAL SCHOOL,2018-08,4,28583.68
091397,TRI-COUNTY NORTH LOCAL SCHOOL,2018-08,3,24533.56
132746,SUMMIT ACADEMY COMMUNITY SCH,2018-08,3,2424.9
132761,SUMMIT ACAD COMMU SCHL FOR,2018-08,6,5311.96
132779,SUMMIT ACADEMY AKRON MIDDLE,2018-08,2,1857.94
132795,LIFE SKILLS CENTER OF CLARK,2018-08,5,4905.25
132803,LIFE SKILLS CENTER OF BUTLER,2018-08,6,7299.86
132944,MIAMI VALLEY ACADEMIES,2018-08,1,2882.45
132951,CONSTELLATN SCHLS LORAIN COMMU,2018-08,2,5274.18
132969,CONSTELLATN SCHLS ELYRIA COMMU,2018-08,1,12754.89
132985,YOUTH BUILD COLUMBUS,2018-08,1,2422.47
132993,CONSTELLATN SCHLS W.PARK COMM,2018-08,2,8074.12
133215,INTERGENERATIONAL SCHOOL,2018-08,1,6540.05
133256,CONSTELLTN SCHLS PARMA COMMU,2018-08,3,36899.09
133264,DOHN COMMUNITY HIGH SCHOOL,2018-08,3,17385.71
133280,WASHINGTON PARK COMMUNITY,2018-08,1,5490.46
133306,SUMMIT ACAD COMMU SCHL FOR,2018-08,4,3909.51
133322,SUMMIT ACAD COMMU SCHL  FOR,2018-08,2,3282.91
133330,TCP WORLD ACADEMY,2018-08,2,12353.12
133348,RICHARD ALLEN PREPARATORY,2018-08,2,2909.4
133389,LIGHTHOUSE COMMUNITY SCHOOL,2018-08,2,1372.74
133413,ELECTRONIC CLASSROOM OF,2018-08,87,49.28
133421,GRAHAM SCHOOL,2018-08,2,6217.84
133439,CORNERSTONE ACADEMY,2018-08,4,18707.74
133454,DAYTON VIEW ACADEMY,2018-08,1,6465.34
133488,EDUCATIONAL DEVELOPMENT CENTER,2018-08,5,4662.05
133504,PHOENIX COMMUNITY LEARNING,2018-08,1,12057.23
133512,LKH VICTORY CORP,2018-08,2,24544.77
133520,CITIZENS ACADEMY,2018-08,3,11115.41
133538,EDGE LEARNING INC,2018-08,1,6246.6
133561,MILLENNIUM COMMUNITY SCHOOL,2018-08,1,14293.01
133587,SUMMIT ACAD AKRON ELEMENT SCH,2018-08,4,3500.88
133629,HORIZON SCIENCE ADADEMY -,2018-08,2,11599.93
133660,HORIZON EDUCATIONAL SERVICES,2018-08,2,12704.83
133678,RIVERSIDE COMMUNITY SCHOOL INC,2018-08,1,6620.74
133736,RICHARD ALLEN ACADEMY INC,2018-08,1,1427.75
133785,LIFE SKILLS CENTER OF,2018-08,3,3687.13
133801,LIFE SKILLS CENTER OF,2018-08,2,1322.89
133819,HOPE ACAD LINCOLN PARK CAMPUS,2018-08,1,5786.41
133835,LIFE SKILLS CENTER OF,2018-08,2,10873.2
133868,LIFE SKILLS CENTER OF AKRON,2018-08,5,11470.07
133942,TOLEDO SCHOOL FOR THE ARTS,2018-08,5,18281.04
133959,DAYTON LEADERSHIP ACAD.-DAYTON,2018-08,1,4471.86
134072,YOUNGSTOWN COMMUNITY SCHL INC,2018-08,1,9207.65
134098,CONSTELLATN SCHLS OLD BROOKLYN,2018-08,2,8962.36
134122,MULTIPLE OPTNS FOR DEVELOPMENT,2018-08,3,2858.15
134148,AURORA ACADEMY,2018-08,4,3774.78
134197,HOPE ACADEMY CHAPELSIDE CAMPUS,2018-08,2,5167.47
134213,HOPE ACADEMY UNIVERSITY,2018-08,1,5008.1
134221,HOPE ACADEMY BROWN ST CAMPUS,2018-08,1,5331.22
134247,CITY DAY COMMUNITY SCHOOL INC,2018-08,1,3960.01
139303,MONROE LOCAL SCHOOL DISTRICT,2018-08,2,76296.52
142901,LIFE SKILLS CENTER OF CANTON,2018-08,3,2965.74
142919,LIFE SKILLS CENTER OF ELYRIA,2018-08,4,3740.33
142927,FOCUS LEARNING ACADEMY OF,2018-08,4,8748.03
142935,FOCUS LEARNING ACADEMY OF,2018-08,2,7670.89
142943,FOCUS LEARNING ACADEMY OF,2018-08,1,12381.7
142950,OHIO VIRTUAL ACADEMY INC,2018-08,88,336510.16
142968,HOPE ACAD NORTHCOAST ACAD,2018-08,2,7320.51
143115,MOUND STREET IT ACADEMY,2018-08,3,1697.21
143123,MOUND STREET MILITARY ACADEMY,2018-08,2,1131.41
143131,MOUND STREET HEALTH CAREER,2018-08,1,1562.47
143172,INTERNATIONAL ACADEMY OF,2018-08,1,7994.31
143198,GREAT WESTERN ACADEMY,2018-08,1,19837.64
143206,TROTWOOD FITNESS &,2018-08,1,8620.42
143214,MIDDLETOWN FITNESS &,2018-08,3,6759.85
143297,AUTISM ACADEMY OF LEARNING,2018-08,2,1482.83
143305,TRECA DIGITAL ACADEMY,2018-08,85,73468
143313,HOPE ACADEMY CUYAHOGA CAMPUS,2018-08,1,6001.8
143396,OHIO DISTANCE EDUCATION &,2018-08,82,56467.74
143479,CONSTELLATION SCHOOLS PURITAS,2018-08,3,4790.9
143487,CONSTELLATION SCHLS STOCKYARD,2018-08,2,6997.63
143529,NORTH DAYTON SCHOOL OF SCIENCE,2018-08,2,15947.9
143552,EAGLE ACADEMY,2018-08,1,3073.63
143560,RICHARD ALLEN ACADEMY II,2018-08,2,5818.84
143578,RICHARD ALLEN ACADEMY III,2018-08,1,3662.61
143602,HAMILTON COUNTY MATHEMATICS &,2018-08,3,16094.68
143610,ARTS & COLLEGE PREPARATORY,2018-08,7,10552.32
143644,SCIOTOVILLE COMMUNITY SCHOOL,2018-08,3,9587.41
147231,SCHNEE LEARNING CENTER,2018-08,1,2800.13
148932,FRANKLIN LOCAL COMMU SCHOOL,2018-08,2,1407.08
148981,TOMORROW CENTER,2018-08,9,3265.53
148999,MAHONING UNLIMITED CLASSROOM,2018-08,4,5804.7
149047,GOAL DIGITAL ACADEMY,2018-08,18,19869.51
149054,AKRON DIGITAL ACADEMY,2018-08,13,6812.78
149088,FAIRBORN DIGITAL ACADEMY,2018-08,5,5821.73
149302,LIFE SKILLS CENTER OF TOLEDO,2018-08,6,2857.73
149328,FOXFIRE HIGH SCHOOL,2018-08,7,9724.19
149427,MASSILLON DIGITAL ACADEMY,2018-08,1,2399.45
151035,PLEASANT COMMUNITY DIGITAL,2018-08,1,3128.04
151142,LORAIN HIGH SCHOOL DIGITAL,2018-08,1,2260.35
151175,WEST CENTRAL LEARNING ACADEMY,2018-08,5,2267.69
151183,LIFE SKILLS CNTR OF LAKE ERIE,2018-08,1,7239.69
151191,LIFE SKILLS CENTER OF SUMMIT,2018-08,2,2368.4
151209,LIFE SKILLS CENTER OF,2018-08,1,1453.52
000131,GLASS CITY ACADEMY INC,2019-01,1,6014.25
000138,PATHWAY SCHOOL OF DISCOVERY,2019-01,2,19709.92
000139,ALLIANCE ACADEMY,2019-01,3,15374
000222,WILDWOOD ENVIRONMENTAL ACADEMY,2019-01,2,9612.94
000236,OHIO CONNECTIONS ACADEMY INC,2019-01,88,125837.51
000241,QUAKER DIGITAL ACADEMY,2019-01,51,15758.88
000282,GREATER OHIO VIRTUAL SCHOOL,2019-01,27,17998.22
000288,AUGLAIZE COUNTY EDUCATIONAL,2019-01,8,2680.77
000296,SUMMIT ACAD. COMM. SCHOOL,2019-01,3,1643.03
000297,SUMMIT ACAD. COMM. SCHOOL DAY,2019-01,1,2055.81
000298,SUMMIT ACADEMY SECONDARY,2019-01,1,1823.32
000300,SUMMIT ACAD. SEC. SCHOOL,2019-01,4,2879.87
000301,SUMMIT ACAD. SEC. SCHOOL LOR,2019-01,2,3649.68
000302,SUMMIT ACAD. COMM. SCHOOL PAR,2019-01,2,5081.74
000303,SUMMIT ACAD. SEC. SCHOOL,2019-01,3,4531.85
000305,SUMMIT ACAD. COMM. SCHOOL WAR,2019-01,2,3494.85
000306,SUMMIT ACAD. COMM. SCHOOL,2019-01,4,3157.76
000311,BRIDGES COMMUNITY ACADEMY,2019-01,4,3713.94
000316,CONSTELLATION SCHOOLS WESTPARK,2019-01,1,5928.71
000318,MENLO PARK ACADEMY,2019-01,10,12886.23
000319,CONSTELLATION SCH MADISON,2019-01,1,6570.34
000320,CONSTELLATION SCHOOLS LORAIN,2019-01,1,3541.19
000321,CONSTELLATION SCH OLD BROOKLYN,2019-01,1,7006.65
000338,HORIZON SCI ACADEMY,2019-01,3,13673.4
000402,FINDLAY DIGITAL ACADEMY,2019-01,2,4207.28
000417,BUCKEYE ON-LINE SCH FOR SUCCS,2019-01,63,16761.95
000442,MANCHESTER LOCAL SCHOOL DIST,2019-01,3,21439.54
000509,WHITEHALL PREPARATORY &,2019-01,1,7752.57
000510,SPRINGFIELD PREPARATORY &,2019-01,1,3957.32
000511,NORTHLAND PREPARATORY &,2019-01,1,5339.52
000525,PROJECT REBUILD COMMUNITY SCHL,2019-01,1,3985.68
000527,CASTLE HIGH SCHOOL INC,2019-01,2,6236.7
000534,CONSTELLATION SCHOOLS PURITAS,2019-01,2,4517.1
000543,PINNACLE ACADEMY,2019-01,4,18068.69
000546,WINTERFIELD VENTURE ACADEMY,2019-01,3,14393.17
000553,COLUMBUS HUMANITIES ARTS &,2019-01,7,14530.21
000556,A+ ARTS ACADEMY,2019-01,1,17866.86
000557,COLUMBUS ARTS &,2019-01,3,14889.36
000558,COLUMBUS PREPARATORY ACADEMY,2019-01,9,20819.4
000559,ORION ACADEMY,2019-01,2,14116.39
000560,APEX ACADEMY,2019-01,3,13140.72
000575,HOPE ACADEMY NORTHWEST CAMPUS,2019-01,2,5672.09
000576,KING ACADEMY COMMUNITY SCHOOL,2019-01,1,3413.57
000577,EMERSON ACADEMY,2019-01,3,16832.23
000598,COSHOCTON OPPORTUNITY SCHOOL,2019-01,1,1056.26
000608,SUMMIT ACADEMY TRANSITION HIGH,2019-01,3,2207.61
000609,SUMMIT ACAD. MIDDLE SCH LORAIN,2019-01,2,3284.59
000610,SUMMIT ACAD. MIDDLE SCH COL.,2019-01,1,1437.56
000613,HEIR FORCE COMMUNITY SCHOOL,2019-01,2,6311.01
000614,SUMMIT ACADEMY TRANSITION HIGH,2019-01,3,1617.32
000616,SUMMIT ACAD. SCH FOR ALT.,2019-01,2,2595.31
000621,SUMMIT ACADEMY TRANSITION HIGH,2019-01,4,4651.7
000623,SUMMIT ACADEMY - YOUNGSTOWN,2019-01,2,5356
000629,SUMMIT ACADEMY COMMUNITY,2019-01,4,2030.07
000634,SUMMIT ACADEMY SECONDARY,2019-01,5,3339.05
000640,RITTMAN ACADEMY,2019-01,5,1105.7
000664,LIFE SKILLS CENTER OF COLUMBUS,2019-01,3,3260.28
000677,NEW DAY ACADEMY BOARDING,2019-01,3,1899.29
000679,OAKSTONE COMMUNITY SCHOOL,2019-01,8,6495.91
000725,ZENITH ACADEMY,2019-01,1,14966.06
000736,PHOENIX VILL. ACAD. PRIMARY 2,2019-01,1,5877.37
000770,MARITIME ACADEMY OF TOLEDO INC,2019-01,3,7685.09
000779,EDUCATIONAL ACADEMY FOR BOYS,2019-01,1,3337.2
000780,MIDNIMO CROSS CULTURAL MIDDLE,2019-01,1,3054.82
000804,HORIZON SCIENCE ACADEMY,2019-01,1,6082.84
000808,HORIZON SCIENCE ADADEMY DAYTON,2019-01,1,4445.69
000813,LIFE SKILLS CENTER OF DAYTON,2019-01,6,3571.93
000825,HORIZON SCIENCE ACADEMY,2019-01,2,9561.13
000838,HORIZON SCIENCE ACADEMY-,2019-01,1,8469.58
000843,BENNETT VENTURE ACADEMY,2019-01,1,17682.93
000855,STAMBAUGH CHARTER ACADEMY,2019-01,4,11771.39
000858,HORIZON SCIENCE ACAD CLEVELAND,2019-01,1,9034.22
000875,WESTSIDE ACADEMY INC,2019-01,2,5801.57
000905,IMAC INC,2019-01,1,1131.43
000912,ACADEMIC ACCELERATION ACADEMY,2019-01,1,4338.36
000930,CLEVELAND ENTREPRENEURSHIP,2019-01,3,8623.68
000936,PROMISE ACADEMY,2019-01,1,5928.71
000938,PREMIER ACADEMY OF OHIO,2019-01,5,1604.8
000941,PAR EXCELLENCE ACADEMY,2019-01,1,6477.05
000942,LAKEWOOD CITY ACADEMY,2019-01,1,2617.87
000951,TOLEDO PREP. AND FITNESS ACAD,2019-01,3,4960.58
000952,COLUMBUS PREPARATORY,2019-01,1,11218.13
000953,CINCINNATI PREPARATORY &,2019-01,3,6904.33
007984,YOUNGSTOWN ACAD OF EXCELLENCE,2019-01,2,4430.45
007995,CLEVELAND ARTS  SCI.,2019-01,3,7571.47
007999,CHARLES SCHOOL,2019-01,3,9190.29
008000,MANSFIELD PREPARATORY ACADEMY,2019-01,1,13625.87
008063,LIFE SKILLS CTR OF NORTH AKRON,2019-01,6,2568.63
008064,ACADEMY OF ARTS,2019-01,3,5462.23
008278,NOBLE ACADEMY-CLEVELAND INC,2019-01,2,11344.27
008280,NOBLE ACADEMY-COLUMBUS INC,2019-01,1,8676.72
008281,SOUTH SCIOTO ACADEMY,2019-01,1,5904.28
008282,LIFE SKILLS CTR OF COL. NORTH,2019-01,6,2978.04
008283,DAYTON TECH. DESIGN HIGH SCH,2019-01,3,3006.72
008286,HARVARD AVE COMMUNITY SCHOOL,2019-01,1,8597.91
008287,GROVEPORT COMMUNITY SCHOOL,2019-01,3,20151.74
008289,EAGLE LEARNING CENTER INC,2019-01,4,2287.88
009122,COLUMBUS COLLEGIATE,2019-01,1,6083.97
009148,ZANESVILLE COMM. HIGH SCH,2019-01,1,2401.52
009149,CONSTELLATION SCHOOLS WESTSIDE,2019-01,2,8597.9
009164,CENTRAL ACADEMY OF OHIO,2019-01,1,3109.93
009171,STAR ACADEMY OF TOLEDO,2019-01,1,3906.69
009179,HORIZON SCIENCE ACADEMY INC,2019-01,2,13374.47
009181,CLAY AVENUE COMMUNITY SCHOOL,2019-01,1,10409.28
009192,FOUNDATION ACADEMY,2019-01,3,10388.86
009283,DAYTON EARLY COLLEGE ACAD.,2019-01,1,8942.77
009953,SULLIVANT AVE COMM. SCHOOL,2019-01,3,8548.56
009954,HARRISBURG PIKE COMM. SCHOOL,2019-01,1,5673.24
009955,MADISON AVENUE SCHOOL OF ARTS,2019-01,1,13519.22
009957,KLEPINGER COMMUNITY SCHOOL,2019-01,2,15007.38
009971,ASHLAND CTY COMM. ACADEMY,2019-01,4,2299.25
009990,HORIZON SCI. ACAD. ELEMENTARY,2019-01,2,12450.33
009996,MAHONING COUNTY HIGH SCHOOL,2019-01,2,1931.85
009997,KIPP CENTRAL OHIO,2019-01,4,35734.03
010036,CESAR CHAVEZ COLLEGE PREP.,2019-01,1,8651.05
010182,PERFORMANCE ACADEMY EASTLAND,2019-01,1,9215.81
010205,L HOLLINGWORTH SCH FOR TAL.,2019-01,1,8790.06
011291,VILLAGE PREPARATORY SCHOOL,2019-01,2,10753.9
011324,HARDIN COMMUNITY SCHOOL,2019-01,1,824.39
011381,GREATER SUMMIT CTY EARLY LEARN,2019-01,4,3724.19
011390,BELLA ACADEMY OF EXCELLENCE,2019-01,2,7674.08
011439,RENAISSANCE ACADEMY,2019-01,1,3247.35
011468,COLUMBUS BILINGUAL ACAD. - N.,2019-01,2,7547.24
011506,DAYTON REGIONAL STEM SCHOOL,2019-01,6,16961.6
011507,ACHIEVE CAREER PREP. ACAD.,2019-01,1,4086.61
011511,NORTH CENTRAL ACADEMY,2019-01,4,1649.8
011533,HORIZON SCI. ACAD. OF LORAIN,2019-01,2,18835.04
011534,HORIZON SCIENCE ACADEMY DAYTON,2019-01,1,8660.1
011923,NORTHEAST OHIO COLLEGE PREP.,2019-01,6,11575.44
011947,IMAGINE AKRON ACADEMY,2019-01,1,1335.39
011956,RCCS,2019-01,3,1694.58
011967,RICHLAND ACAD. SCH OF EXC.,2019-01,3,8177.22
011972,GRAHAM EXPED. MIDDLE SCHOOL,2019-01,2,11628.86
011976,HORIZON SCIENCE ACADEMY DAYTON,2019-01,2,5961.84
011986,HORIZON SCI. ACAD. YOUNGSTOWN,2019-01,1,10432.3
012009,ZENITH ACADEMY-EAST,2019-01,1,7187.82
012010,CLEVELAND COLLEGE PREP.,2019-01,3,7263.34
012011,COLUMBUS PERFORMANCE ACADEMY,2019-01,1,5236.84
012025,CONSTELLATION SCH STOCKYARD,2019-01,2,1719.58
012029,CITIZENS LEADERSHIP ACADEMY,2019-01,1,6442.01
012030,NEAR WEST SCHOOL,2019-01,2,6493.32
012031,ENTREPRENEURSHIP PREP. SCHOOL,2019-01,1,7365.97
012033,FOXFIRE INTERMEDIATE SCHOOL,2019-01,2,1058.7
012036,THURGOOD MARSHALL HIGH SCHOOL,2019-01,2,5107.45
012037,NEW BEGINNINGS ACADEMY,2019-01,2,3799.3
012038,LANGSTON HUGHES HIGH SCHOOL,2019-01,1,3978.14
012040,ROAD TO SUCCESS ACADEMY,2019-01,1,1873.97
012041,THE ARCH ACADEMY,2019-01,1,3465.55
012042,GEORGE V VOINOVICH RECLAMATION,2019-01,1,1077.95
012043,FREDERICK DOUGLASS RECLAMATION,2019-01,2,1411.6
012044,CAPITAL HIGH SCHOOL,2019-01,1,3901.96
012045,PATRIOT PREPARATORY ACADEMY,2019-01,3,15428.98
012054,NORTH CENTRAL ACADEMY FREMONT,2019-01,5,2683.27
012060,AKROS MIDDLE SCHOOL,2019-01,1,3261.43
012105,SOUTHSIDE ACADEMY INC,2019-01,1,3992.61
012391,METRO EARLY COLLEGE HIGH SCH,2019-01,6,24054.25
012501,BEACON HILL COMMUNITY SCHOOL,2019-01,4,1490.55
012513,CINCINNATI COLLEGE PREPARATORY,2019-01,1,3259.58
012528,ACADEMY FOR URBAN SOLUTIONS,2019-01,1,8497.03
012529,FOCUS NORTH HIGH SCHOOL,2019-01,2,4697.81
012541,UNIVERSITY OF CLEVELAND PREP.,2019-01,3,7776.79
012558,GLOBAL VILLAGE ACADEMY INC,2019-01,1,4825.09
012627,STEAM ACADEMY OF YOUNGSTOWN,2019-01,1,4134.56
012644,STEAM ACADEMY OF WARREN,2019-01,2,5216.74
012671,CONSTELLATION SCH EASTSIDE,2019-01,1,3464.83
012684,BROADWAY ACADEMY,2019-01,1,4517.11
012852,CITIZENS ACADEMY EAST,2019-01,2,10368.85
012867,TOWNSEND NORTH COMM. SCH,2019-01,32,37627.85
012924,DECA PREP,2019-01,2,23513.43
012951,COLUMBUS COLLEGIATE ACAD. - W.,2019-01,1,6392.02
013034,VILLAGE PREP. SCH:WOODLA,2019-01,1,11369.77
013132,LAKE ERIE COLLEGE PREP.,2019-01,4,6108.61
013147,STEAM ACAD. OF WARRENSVILLE,2019-01,3,5595.11
013148,STEPSTONE ACADEMY,2019-01,1,2797.53
013170,HOPE ACADEMY FOR AUTISM,2019-01,2,1284.93
013173,IMAGINE HILL AVENUE,2019-01,1,3238.44
013175,KIDS UNLIMITED ACADEMY,2019-01,1,8404.53
013195,ACADEMY OF EDU. EXCELLENCE,2019-01,3,3598.42
013198,BROOKWOOD ACADEMY,2019-01,1,2207.69
013199,NEXUS ACADEMY OF CLEVELAND,2019-01,4,3875.77
013232,A+ CHILDRENS ACADEMY,2019-01,2,3337.23
013249,ACADEMY FOR URB. SCH. YOUNGSTO,2019-01,1,5409.34
013253,OHIO COLLEGIATE ACADEMY,2019-01,2,8033.31
013254,AKRON PREPARATORY SCHOOL,2019-01,4,5752.68
013255,CANTON COLL. PREP. SCH,2019-01,2,6865.63
013864,CINCINNATI TECHNOLOGY ACADEMY,2019-01,1,5620.85
013892,FRANKLINTON PREP. ACAD.,2019-01,1,4980.13
013930,GLOBAL IMPACT STEM ACADEMY,2019-01,7,16654.14
013962,LIBERTY PREPARTORY SCHOOL,2019-01,2,1851.36
013994,ALBERT EINSTEIN ACAD.,2019-01,3,8495.78
013999,Rise & Shine Academy,2019-01,1,2852.91
014061,CHAPELSIDE CLEVELAND ACADEMY,2019-01,3,7417.38
014063,UNIVERSITY ACADEMY,2019-01,2,6009.24
014064,WINTON PREPARATORY ACADEMY,2019-01,3,10523.23
014065,LINCOLN PARK ACADEMY,2019-01,3,10830.9
014066,MAIN ST PREP. ACAD.,2019-01,1,3723.68
014067,OHIO CONSTRUCTION ACADEMY,2019-01,9,1219.89
014090,BERWYN EAST ACADEMY,2019-01,5,6892.7
014091,HOPE LEARNING ACAD. OF TOLEDO,2019-01,1,1722.03
014121,IMAGINE LEADERSHIP ACADEMY,2019-01,2,4673.92
014139,IMAGINE COL. PRIMARY SCHOOL,2019-01,1,6032.63
014147,EAST PREPARATORY ACADEMY,2019-01,1,5004.75
014149,DAYTON SMART ELEMENTARY SCHOOL,2019-01,1,2801.04
014187,EAST ACADEMY,2019-01,3,8161.89
014188,DISCOVERY ACADEMY,2019-01,1,8738.66
014189,WEST PARK ACADEMY,2019-01,2,5518.05
014231,BIO-MED SCI. ACAD. STEM SCH,2019-01,10,16084.63
014467,UNITED PREPARATORY ACADEMY,2019-01,1,7752.57
014825,BUCKEYE PREP. ACADEMY,2019-01,1,3670.92
014830,UTICA SHALE ACAD. OF OHIO,2019-01,4,1542.09
014858,REACH ACADEMY,2019-01,2,4574.96
014864,TOLEDO SMART ELEM. SCH.,2019-01,1,5011.88
014904,T2 HONORS ACADEMY,2019-01,1,2848.86
014913,LAKESHORE INTERGENERATIONAL,2019-01,2,5569.45
014927,STEEL ACADEMY,2019-01,2,2414.2
014943,VALLEY STEM+ME2 ACADEMY,2019-01,4,5202.93
015234,ZENITH ACADEMY WEST,2019-01,1,5339.52
015236,CLARK PREPARATORY ACADEMY,2019-01,1,2723.87
015237,FLEX HIGH SCHOOL,2019-01,3,6084.03
015239,STONEBROOK MONTESSORI,2019-01,2,3644.52
015261,CITIZENS ACADEMY SOUTHEAST,2019-01,1,10368.82
015329,ISTEM GEAUGA EARLY COLLEGE HS,2019-01,4,4780.94
015344,Tri-State STEM+M Early College,2019-01,1,1669.59
015709,BEACON ACADEMY,2019-01,1,4705.68
015710,BRIDGE GATE COMMUNITY SCHOOL,2019-01,1,6160.99
015712,Euclid Preparatory School,2019-01,4,6596.5
015713,EAST BRANCH PREPATORY ACAD.,2019-01,2,3471.37
015714,URBAN EARLY COLLEGE NETWORK,2019-01,3,2081.5
015722,VILLAGE PREP SCHOOL WILLIARD,2019-01,1,8110.26
015736,iLEAD SPRING MEADOWS,2019-01,3,4857.9
015737,GLOBAL AMBASS. LANG. ACAD.,2019-01,3,4697.02
015741,WESTWOOD PREPARTORY ACAD,2019-01,6,5804.51
016811,Inspire Charter School-Element,2019-01,1,1052.5
016812,SMART Academy,2019-01,1,872.62
016829,South Columbus Preparatory Aca,2019-01,3,4466.83
016836,Kids Care Elementary,2019-01,1,2849.46
016837,Orchard Park Academy,2019-01,4,4210.9
016843,Citizens Leadership Academy Ea,2019-01,1,3875.47
016849,Liberty High School,2019-01,3,3495.02
016850,Southwest Ohio Preparatory Sch,2019-01,2,5454.17
016858,United Preparatory Academy Eas,2019-01,1,2515.74
017123,Horizon Science Academy Primar,2019-01,2,6725.74
017212,Academy of Junior Scholars,2019-01,1,821.31
017233,Great River Connections Academ,2019-01,73,12727.44
017259,Montgomery Preparatory Academy,2019-01,2,5370.79
017270,Lorain Bilingual Preparatory,2019-01,1,2950.99
017274,Mount Auburn Preparatory Acade,2019-01,1,8521.1
017275,AchievePoint Career Academy-Ci,2019-01,1,1796.62
017280,AchievePoint Career Academy-Co,2019-01,2,1463.26
043489,AKRON CITY SCHOOLS,2019-01,1,534848.29
043497,ALLIANCE CITY BOARD OF EDU,2019-01,3,71372.37
043505,ASHLAND CITY BOARD OF,2019-01,2,84178.89
043513,ASHTABULA AREA CITY SCHOOL,2019-01,1,87975.87
043521,ATHENS CITY SCHOOL DISTRICT,2019-01,1,66907.69
043539,BARBERTON BOARD OF EDUCATION,2019-01,1,95210.55
043547,BAY VILLAGE CITY SCHOOL,2019-01,2,63650.17
043554,BEACHWOOD BOARD OF EDUCATION,2019-01,1,36650.18
043562,BEDFORD BOARD OF EDUCATION,2019-01,1,81641.61
043570,BELLAIRE CITY SCHOOL DISTRICT,2019-01,1,30296.93
043588,BELLEFONTAINE CITY SCHOOL,2019-01,1,62334.71
043596,BELLEVUE CITY SCHOOL DISTRICT,2019-01,4,50684.44
043604,BELPRE CITY SCHOOL DISTRICT,2019-01,1,26873.3
043612,BEREA CITY SCHOOL DISTRICT,2019-01,1,149500.89
043620,BEXLEY CITY SCHOOL DISTRICT,2019-01,1,63612.18
043638,BOWLING GREEN SCHOOL DISTRICT,2019-01,2,77482.08
043646,BRECKSVILLE BROADVIEW HEIGHTS,2019-01,2,96963.9
043653,BROOKLYN LOCAL SCHOOL DISTRICT,2019-01,1,31799.42
043661,BRUNSWICK CITY SCHOOL DISTRICT,2019-01,2,182555.8
043679,BRYAN CITY SCHOOLS,2019-01,1,50511.55
043687,BUCYRUS CITY SCHOOL DISTRICT,2019-01,1,31595.34
043695,CAMBRIDGE CITY BOARD OF,2019-01,2,50808.65
043703,CAMPBELL CITY SCHOOLS,2019-01,1,28695.26
043711,CANTON CITY SCHOOL DISTRICT,2019-01,1,209184.05
043729,CELINA CITY BOARD OF EDU,2019-01,2,66071.91
043737,CENTERVILLE CITY SCHOOL,2019-01,3,210720.49
043745,CHILLICOTHE CITY SCHOOL,2019-01,1,71714.92
043752,CINCINNATI PUBLIC SCHOOLS,2019-01,1,853072.87
043760,CIRCLEVILLE CITY SCHOOL,2019-01,2,55846.86
043778,CLAYMONT CITY BOARD OF EDU,2019-01,3,49524.02
043786,CLEVELAND CITY SCHOOL DISTRICT,2019-01,1,939609.97
043794,CLEVELAND HEIGHTS UNIVERSITY,2019-01,1,130611.16
043802,COLUMBUS PUBLIC SCHOOL,2019-01,1,1233339.57
043810,CONNEAUT AREA CITY SCHOOLS,2019-01,1,42188.31
043828,COSHOCTON CITY SCHOOL DISTRICT,2019-01,1,41194.18
043836,CUYAHOGA FALLS CITY SCHOOLS,2019-01,1,117629.64
043844,DAYTON CITY SCHOOL DISTRICT,2019-01,1,307060.85
043851,DEER PARK COMMUNITY CITY,2019-01,1,32287.8
043869,DEFIANCE CITY SCHOOLS,2019-01,2,65887.76
043877,DELAWARE CITY SCHOOLS,2019-01,1,143994.99
043885,DELPHOS CITY SCHOOL DISTRICT,2019-01,3,24896.18
043893,DOVER CITY SCHOOL DISTRICT,2019-01,1,71414.78
043901,EAST CLEVELAND CITY SCHOOL,2019-01,1,47686.3
043919,EAST LIVERPOOL CITY SCHOOLS,2019-01,1,52991
043927,EAST PALESTINE CITY SCHOOL,2019-01,2,27241.12
043935,EATON CITY SCHOOLS,2019-01,2,52539.66
043943,ELYRIA CITY SCHOOL DISTRICT,2019-01,1,154567.71
043950,EUCLID BOARD OF EDUCATION,2019-01,2,124964.94
043968,FAIRBORN CITY SCHOOLS,2019-01,3,108302.96
043976,FAIRVIEW PARK CITY SCHOOL DIST,2019-01,1,43143.52
043984,FINDLAY CITY SCHOOLS,2019-01,1,135396.05
043992,FOSTORIA CITY SCHOOLS,2019-01,3,45844.27
044008,FRANKLIN CITY SCHOOLS,2019-01,3,75591.84
044016,FREMONT CITY BOARD OF EDU,2019-01,3,96535.35
044024,GALION CITY SCHOOL DISTRICT,2019-01,3,46811.61
044032,GALLIPOLIS CITY SCHOOLS,2019-01,1,52197.16
044040,GARFIELD HEIGHTS CITY SCHOOL,2019-01,1,91676.78
044057,GENEVA AREA CITY SCHOOL DIST,2019-01,2,61495.5
044065,GIRARD CITY SCHOOL DISTRICT,2019-01,2,45407.69
044073,GRANDVIEW HEIGHTS CITY SCHOOL,2019-01,1,27390.72
044081,WINTONWOODS CITY SCHOOL,2019-01,2,97402.79
044099,GREENVILLE CITY SCHOOL,2019-01,1,65540.61
044107,HAMILTON BOARD OF EDUCATION,2019-01,1,252615.51
044115,HEATH CITY SCHOOL DISTRICT,2019-01,1,45159.43
044123,HILLSBORO CITY BOARD OF EDU,2019-01,1,60360.53
044131,HURON CITY SCHOOL DISTRICT,2019-01,1,34267.87
044149,IRONTON CITY BOARD OF,2019-01,1,34817.34
044156,JACKSON CITY SCHOOL DISTRICT,2019-01,5,63565.69
044164,KENT CITY BOARD OF EDUCATION,2019-01,2,80557.52
044172,KENTON CITY SCHOOLS,2019-01,3,46888.7
044180,KETTERING CITY SCHOOL,2019-01,2,193900.96
044198,LAKEWOOD CITY SCHOOL DISTRICT,2019-01,1,120909.65
044206,LANCASTER CITY SCHOOLS,2019-01,1,161478.01
044214,LEBANON CITY SCHOOL DISTRICT,2019-01,2,144168.8
044222,LIMA CITY BOARD OF EDU,2019-01,1,92191.59
044230,LOCKLAND CITY SCHOOLS,2019-01,1,14526.94
044248,LOGAN HOCKING LOCAL SCHOOLS,2019-01,5,97526.1
044255,LONDON CITY SCHOOL DISTRICT,2019-01,2,54293.57
044263,LORAIN CITY SCHOOLS,2019-01,1,159558.73
044271,LOVELAND CITY SCHOOL DISTRICT,2019-01,3,118203.25
044289,MADEIRA CITY SCHOOLS,2019-01,1,39294.61
044297,MANSFIELD BOARD OF EDUCATION,2019-01,1,82774.72
044305,MAPLE HEIGHTS BOARD OF,2019-01,1,90650.16
044313,MARIEMONT CITY SCHOOL DISTRICT,2019-01,2,42888.63
044321,MARIETTA CITY SCHOOL DISTRICT,2019-01,1,70250.44
044339,MARION CITY SCHOOLS,2019-01,1,113284.23
044347,MARTINS FERRY CITY SCHOOL,2019-01,2,37719.33
044354,MASSILLON CITY SCHOOL DISTRICT,2019-01,1,97482.08
044362,MAUMEE CITY SCHOOL DISTRICT,2019-01,2,59834.13
044370,MAYFIELD CITY SCHOOL DISTRICT,2019-01,3,103766.78
044388,MEDINA CITY SCHOOLS,2019-01,1,176250.82
044396,MIAMISBURG CITY SCHOOLS,2019-01,1,136248.79
044404,MIDDLETOWN CITY SCH DIST.,2019-01,2,167231.24
044412,MOUNT HEALTHY CITY SCH DIST.,2019-01,1,76843.93
044420,MOUNT VERNON CITY SCHOOL,2019-01,2,100480.79
044438,NAPOLEON CITY SCHOOL DISTRICT,2019-01,3,49875.11
044446,NELSONVILLE YORK CITY SCHOOL,2019-01,3,31178.11
044453,NEWARK CITY SCHOOL DISTRICT,2019-01,1,165318.98
044461,NEW BOSTON BOARD OF EDUCATION,2019-01,1,10787.5
044479,NEW LEXINGTON CITY SCHOOLS,2019-01,3,43633.74
044487,NEW PHILADELPHIA CITY SCHOOLS,2019-01,1,80428.29
044495,NILES CITY SCHOOLS,2019-01,1,59486.13
044503,NORTH CANTON CITY SCHOOLS,2019-01,2,107484.68
044511,NORTH COLLEGE HILL CITY SCH,2019-01,1,43144.51
044529,NORTH OLMSTED CITY SCHOOL,2019-01,2,96270.87
044537,NORTH RIDGEVILLE CITY SCH DIST,2019-01,2,113189.73
044545,NORTH ROYALTON CITY SCHOOL,2019-01,1,102995.2
044552,NORTON CITY SCHOOLS,2019-01,3,61930.52
044560,NORWALK BOARD OF EDUCATION,2019-01,2,71590.36
044578,NORWOOD CITY SCHOOL DISTRICT,2019-01,1,48149.37
044586,OAKWOOD CITY SCHOOLS,2019-01,1,51960.59
044594,OBERLIN CITY SCHOOL DISTRICT,2019-01,1,24634.35
044602,OREGON CITY SCHOOLS,2019-01,3,92451.47
044610,ORRVILLE CITY SCHOOL DISTRICT,2019-01,1,42119.24
044628,PAINESVILLE CITY LOCAL SCHOOLS,2019-01,1,73647.71
044636,PARMA CITY SCHOOL DISTRICT,2019-01,1,250417.21
044644,PIQUA CITY SCHOOL DISTRICT,2019-01,2,89478.6
044651,PORT CLINTON CITY SCHOOLS,2019-01,2,42833.87
044669,PORTSMOUTH CITY SCHOOL,2019-01,1,44334.29
044677,PRINCETON CITY SCHOOL DISTRICT,2019-01,3,154568.44
044685,RAVENNA CITY SCHOOL DISTRICT,2019-01,1,59907.52
044693,READING BOARD OF EDUCATION,2019-01,1,40192.92
044701,ROCKY RIVER CITY SCHOOL,2019-01,1,68783.25
044719,ST BERNARD ELMWOOD PLACE CITY,2019-01,1,24280.01
044727,ST MARYS CITY BOARD OF,2019-01,2,51783.82
044735,SALEM CITY SCHOOL DISTRICT,2019-01,2,53970.9
044743,SANDUSKY BOARD OF EDUCATION,2019-01,1,78944.91
044750,SHAKER HEIGHTS BOARD OF,2019-01,1,124374.47
044768,SHEFFIELD SHEFFLD LAKE CITY,2019-01,1,43546.34
044776,SHELBY CITY BOARD OF EDU,2019-01,2,50273.3
044784,SIDNEY CITY SCHOOL DISTRICT,2019-01,2,86254.3
044792,SOUTH EUCLID LYNDHURST CITY,2019-01,1,84888.28
044800,SOUTH-WESTERN CITY SCHOOLS,2019-01,2,576077.7
044818,SPRINGFIELD CITY SCHOOLS,2019-01,1,187638.6
044826,STEUBENVILLE CITY SCHOOL,2019-01,1,60866.85
044834,STOW-MUNROE FALLS CITY,2019-01,2,135194.24
044842,STRONGSVILLE CITY SCHOOLS,2019-01,3,138901.34
044859,STRUTHERS CITY SCHOOL DISTRICT,2019-01,1,47370.37
044867,SYCAMORE COMMUNITY SCHOOL DIST,2019-01,3,140675.8
044875,SYLVANIA CITY SCHOOL DISTRICT,2019-01,1,198187.64
044883,TALLMADGE CITY SCHOOL DISTRICT,2019-01,2,61560.32
044891,TIFFIN CITY SCHOOLS,2019-01,1,67542.56
044909,TOLEDO PUBLIC SCHOOLS,2019-01,2,569066.69
044917,TORONTO CITY SCHOOL DISTRICT,2019-01,1,21813.4
044925,TROY CITY SCHOOLS,2019-01,1,114814.46
044933,UPPER ARLINGTON CITY SCHOOLS,2019-01,1,160082.96
044941,URBANA CITY SCHOOLS,2019-01,2,51916.88
044958,VANDALIA-BUTLER CITY SCHOOLS,2019-01,1,76656
044966,VAN WERT CITY SCHOOLS,2019-01,2,51407.52
044974,WADSWORTH CITY SCHOOLS,2019-01,3,117566.9
044982,WAPAKONETA CITY SCHOOL,2019-01,4,80033.46
044990,WARREN CITY SCHOOL DISTRICT,2019-01,1,120359.85
045005,WARRENSVILLE HEIGHTS CITY,2019-01,1,41244.28
045013,WASHINGTON COURTHOUSE CITY,2019-01,1,56469.78
045021,WELLSTON CITY SCHOOLS,2019-01,2,35750.41
045039,WELLSVILLE LOCAL SCHOOL,2019-01,2,18220.47
045047,WESTERVILLE CITY SCHOOL,2019-01,2,391573.78
045054,WEST CARROLLTON CITY SCHOOL,2019-01,1,91046.67
045062,WESTLAKE CITY SCHOOL DISTRICT,2019-01,1,88237.61
045070,WHITEHALL CITY SCHOOL DISTRICT,2019-01,1,89064.76
045088,WICKLIFFE CITY SCHOOL DISTRICT,2019-01,1,33277.67
045096,WILLARD CITY SCHOOL DISTRICT,2019-01,3,39875.41
045104,WILLOUGHBY-EASTLAKE CITY,2019-01,2,198059.55
045112,WILMINGTON CITY SCHOOLS,2019-01,2,72370.57
045120,WOOSTER CITY SCHOOL DISTRICT,2019-01,1,90872.64
045138,WORTHINGTON BOARD OF EDUCATION,2019-01,2,261405.51
045146,WYOMING CITY SCHOOLS,2019-01,1,51511.61
045153,XENIA COMMUNITY SCHOOLS,2019-01,3,106761.85
045161,YOUNGSTOWN CITY SCHOOLS,2019-01,2,125934.34
045179,ZANESVILLE CITY SCHOOLS,2019-01,1,82516.63
045187,ADA EXEMPTED VILLAGE SCHOOLS,2019-01,3,22903.05
045195,AMHERST EXEMPTED VILLAGE,2019-01,1,91916.91
045203,BARNESVILLE EXEMPTED VILLAGE,2019-01,5,35387.98
045211,BLUFFTON EXEMPTED VILLAGE,2019-01,4,30892.66
045229,BRADFORD EXEMPTED VILLAGE,2019-01,3,13166.24
045237,BRIDGEPORT EXEMPTED VILLAGE,2019-01,1,19718.68
045245,HARRISON HILLS CITY SCHOOL,2019-01,5,40975.69
045252,CALDWELL EXEMPTED VILLAGE,2019-01,2,22637.08
045260,CAREY EXEMPT VILLAGE SCHOOL,2019-01,3,21569.03
045278,CARROLLTON EXEMPTED VILLAGE,2019-01,5,50820.98
045286,CHAGRIN FALLS EXEMPTED VILLAGE,2019-01,2,46952.75
045294,CHESAPEAKE UNION EXEMPTED,2019-01,1,35549.38
045302,CLYDE GREEN SPRINGS EXEMPTED,2019-01,2,56570.2
045310,COLDWATER EXEMPTED VILLAGE,2019-01,1,34851.46
045328,COLUMBIANA EXEMPTED VILLAGE,2019-01,2,26634.31
045336,COVINGTON EXEMPTED VILLAGE,2019-01,2,21021.69
045344,CRESTLINE EXEMPTED VILLAGE,2019-01,2,14315.25
045351,CROOKSVILLE EXEMPTED VILLAGE,2019-01,2,26262.4
045369,FAIRPORT HARBOR EXEMPTED,2019-01,1,18373.38
045377,GEORGETOWN EXEMPTED VILLAGE,2019-01,1,28147.52
045385,GIBSONBURG EXEMPTED VILLAGE,2019-01,2,21723.54
045393,GRANVILLE EXEMPTED VILLAGE,2019-01,1,65181.73
045401,GREENFIELD EXEMPTED VILLAGE,2019-01,3,47690.49
045419,HICKSVILLE EXEMPTED VILLAGE,2019-01,2,24588.89
045427,HUBBARD SCHOOL DISTRICT,2019-01,2,50578.3
045435,INDIAN HILL EXEMPTED VILLAGE,2019-01,1,52461.26
045443,LEETONIA EXEMPTED VILLAGE,2019-01,2,17170.06
045450,LISBON EXEMPTED VILLAGE,2019-01,1,22178.1
045468,LOUDONVILLE PERRYSVILLE,2019-01,4,27893.3
045476,MARYSVILLE EXEMPTED VILLAGE,2019-01,4,136267.3
045484,MECHANICSBURG EXEMPTED VILLAGE,2019-01,3,22682.44
045492,MENTOR EXEMPTED VILLAGE,2019-01,2,194398.2
045500,MILFORD EXEMPTED VILLAGE,2019-01,2,171997.55
045518,MILTON-UNION EXEMPTED VILLAGE,2019-01,3,38503.74
045526,MONTPELIER EXEMPTED VILLAGE,2019-01,1,24212.57
045534,MOUNT GILEAD EXEMPTED,2019-01,2,29296.64
045542,NEWCOMERSTOWN EXEMPTED VILLAGE,2019-01,3,25669.27
045559,NEW RICHMOND EXEMPTED,2019-01,1,60939.53
045567,NEWTON FALLS EXEMPTED VILLAGE,2019-01,3,26442.23
045575,PAULDING EXEMPTED VILLAGE SCH,2019-01,3,35364.86
045583,PERRYSBURG EXEMPTED VILLAGE,2019-01,2,137868.15
045591,RITTMAN EXEMPTED VILLAGE,2019-01,2,26820.11
045609,ROSSFORD EXEMPTED VILLAGE,2019-01,2,41567.89
045617,TIPP CITY EXEMPTED VILLAGE,2019-01,2,66572.63
045625,UPPER SANDUSKY E V SCHOOLS,2019-01,4,41839.31
045633,VERSAILLES EXEMPTED VILLAGE,2019-01,2,33876.86
045641,WAUSEON EXEMPTED VILLAGE,2019-01,2,46731.91
045658,WELLINGTON EXEMPTED VILLAGE,2019-01,2,28260.98
045666,WINDHAM EXEMPTED VILLAGE,2019-01,2,11914.76
045674,YELLOW SPRINGS EXEMPTED,2019-01,2,17986.38
045757,ALLEN EAST LOCAL SCHOOL,2019-01,2,28721.41
045765,BATH LOCAL SCHOOL DISTRICT,2019-01,1,47654.22
045773,ELIDA BOARD OF EDUCATION,2019-01,2,62465.69
045781,PERRY LOCAL SCHOOL DISTRICT,2019-01,2,20762.13
045799,SHAWNEE LOCAL SCHOOL DISTRICT,2019-01,2,65171.66
045807,SPENCERVILLE LOCAL SCHOOL,2019-01,4,25677.05
045823,HILLSDALE SCHOOLS,2019-01,3,22241.59
045831,MAPLETON LOCAL SCHOOL DISTRICT,2019-01,3,23875.16
045856,BUCKEYE LOCAL SCHOOL DISTRICT,2019-01,1,46533.11
045864,GRAND VALLEY LOCAL SCHOOL,2019-01,3,29436.22
045872,JEFFERSON AREA LOCAL SCHOOL,2019-01,1,44862.03
045880,PYMATUNING VALLEY LOCAL,2019-01,2,30413.5
045906,ALEXANDER LOCAL SCHOOL,2019-01,3,40430.41
045914,FEDERAL HOCKING LOCAL SCHOOL,2019-01,4,27488.46
045922,TRIMBLE LOCAL SCHOOL DISTRICT,2019-01,3,21052.95
045948,MINSTER LOCAL SCHOOL DISTRICT,2019-01,4,21870.56
045955,NEW BREMEN LOCAL SCHOOL,2019-01,3,19516.7
045963,NEW KNOXVILLE LOCAL SCHOOL,2019-01,2,10021.06
045971,WAYNESFIELD-GOSHEN LOCAL,2019-01,4,11995.41
045997,ST CLAIRSVILLE RICHLAND CITY,2019-01,3,44508.97
046003,SHADYSIDE LOCAL BOARD OF EDU,2019-01,1,20026.79
046011,UNION LOCAL SCHOOL DISTRICT,2019-01,2,37934.95
046037,EASTERN LOCAL SCHOOL DISTRICT,2019-01,3,34549.58
046045,FAYETTEVILLE-PERRY LOCAL,2019-01,4,21855.72
046060,WESTERN BROWN LOCAL SCHOOL,2019-01,3,79749.12
046078,RIPLEY UNION LEWIS HUNTINGTON,2019-01,3,20924.19
046094,EDGEWOOD CITY SCHOOL DISTRICT,2019-01,2,98321.78
046102,FAIRFIELD CITY SCHOOL DISTRICT,2019-01,2,257902.84
046110,LAKOTA LOCAL SCHOOL DISTRICT,2019-01,3,428480.67
046128,MADISON LOCAL SCHOOL DISTRICT,2019-01,2,38696.08
046136,NEW MIAMI LOCAL SCHOOL,2019-01,1,16587.68
046144,ROSS LOCAL SCHOOL DISTRICT,2019-01,2,73822.68
046151,TALAWANDA CITY SCHOOL DISTRICT,2019-01,2,80425.54
046177,BROWN LOCAL SCHOOL DISTRICT,2019-01,2,17203.6
046193,GRAHAM LOCAL SCHOOL DISTRICT,2019-01,5,46838.83
046201,TRIAD LOCAL SCHOOLS,2019-01,3,22374.54
046219,WEST LIBERTY SALEM LOCAL,2019-01,2,31032.9
046235,GREENON LOCAL SCHOOLS,2019-01,2,40523.97
046243,TECUMSEH LOCAL SCHOOL DISTRICT,2019-01,4,78403.18
046250,NORTHEASTERN LOCAL SCHOOL,2019-01,3,82283.8
046268,NORTHWESTERN LOCAL SCHOOL,2019-01,3,42916.25
046276,SOUTHEASTERN LOCAL SCHOOL,2019-01,3,19915.86
046284,CLARK-SHAWNEE LOCAL SCHOOL,2019-01,1,50006.12
046300,BATAVIA LOCAL SCHOOL DISTRICT,2019-01,1,60629.67
046318,BETHEL-TATE LOCAL SCHOOLS,2019-01,2,41262.37
046326,CLERMONT NORTHEASTERN SCHOOL,2019-01,2,37466.71
046334,FELICITY-FRANKLIN LOCAL,2019-01,2,20914.78
046342,GOSHEN LOCAL SCHOOLS,2019-01,2,73631.15
046359,WEST CLERMONT LOCAL SCH DIST.,2019-01,2,214914.31
046367,WILLIAMSBURG LOCAL SCHOOL,2019-01,2,27136.98
046383,BLANCHESTER LOCAL SCHOOL,2019-01,5,39803.12
046391,CLINTON-MASSIE LOCAL SCHOOL,2019-01,3,45180.17
046409,EAST CLINTON LOCAL SCHOOL,2019-01,4,32883.78
046425,BEAVER LOCAL SCHOOL DISTRICT,2019-01,1,47183.06
046433,CRESTVIEW LOCAL SCHOOL,2019-01,2,32382.33
046441,SOUTHERN LOCAL SCHOOL DISTRICT,2019-01,3,21510.12
046458,UNITED LOCAL SCHOOL DISTRICT,2019-01,2,29785.92
046474,RIDGEWOOD LOCAL BOARD OF,2019-01,3,33820.27
046482,RIVER VIEW LOCAL SCHOOL,2019-01,5,50749.94
046508,BUCKEYE CENTRAL LOCAL SCHOOL,2019-01,4,16590.42
046516,COLONEL CRAWFORD LOCAL SCHOOLS,2019-01,3,24565.57
046524,WYNFORD LOCAL SCHOOL DISTRICT,2019-01,4,30016.17
046557,CUYAHOGA HEIGHTS LOCAL SCHOOL,2019-01,2,19428.73
046565,INDEPENDENCE LOCAL SCHOOLS,2019-01,1,26999.99
046573,OLMSTED FALLS BOARD OF,2019-01,2,92446.22
046581,ORANGE CITY SCHOOL DISTRICT,2019-01,2,50458.47
046599,RICHMOND HEIGHTS LOCAL SCHOOL,2019-01,1,19659.69
046607,SOLON BOARD OF EDUCATION,2019-01,3,115520.31
046623,ANSONIA LOCAL SCHOOL DISTRICT,2019-01,1,18689.11
046631,ARCANUM BUTLER LOCAL SCHOOL,2019-01,1,28162.38
046649,FRANKLIN MONROE LOCAL SCHOOL,2019-01,2,16245.15
046672,MISSISSINAWA VALLEY LOCAL,2019-01,1,15728.71
046680,TRI-VILLAGE LOCAL SCHOOL DIST,2019-01,2,20777.36
046706,AYERSVILLE LOCAL SCH DIST.,2019-01,4,19620.48
046714,CENTRAL LOCAL SCHOOL DISTRICT,2019-01,3,26803.67
046722,NORTHEASTERN LOCAL SCHOOL,2019-01,3,29534.82
046748,BIG WALNUT LOCAL SCHOOLS,2019-01,4,94756.6
046755,BUCKEYE VALLEY LOCAL SCHOOL,2019-01,4,56639.55
046763,OLENTANGY LOCAL SCHOOLS,2019-01,2,549768.67
046789,EDISON LOCAL SCHOOLS,2019-01,2,37794.56
046797,KELLEYS ISLAND SCHOOL,2019-01,1,128.83
046805,MARGARETTA LOCAL SCHOOL DIST,2019-01,2,29244.62
046813,PERKINS LOCAL SCHOOL DISTRICT,2019-01,1,49134.45
046821,VERMILION LOCAL SCH DIST.,2019-01,2,47717.92
046847,AMANDA-CLEARCREEK LOCAL SCHOOL,2019-01,3,38804.89
046854,BERNE UNION LOCAL SCHOOLS,2019-01,2,21563.82
046862,BLOOM CARROLL LOCAL SCHOOL,2019-01,2,54465.41
046870,FAIRFIELD UNION LOCAL SCHOOL,2019-01,3,50608.51
046888,LIBERTY UNION THURSTON LOCAL,2019-01,1,32367.56
046896,PICKERINGTON LOCAL SCHOOL DIST,2019-01,3,275149.08
046904,WALNUT TOWNSHIP LOCAL SCHOOL,2019-01,3,13209.82
046920,MIAMI TRACE LOCAL SCH DIST.,2019-01,7,67935.24
046946,CANAL WINCHESTER LOCAL SCHOOL,2019-01,2,100697.87
046953,HAMILTON LOCAL SCHOOLS,2019-01,2,77294.69
046961,GAHANNA-JEFFERSON CITY SCHOOL,2019-01,1,197305.58
046979,GROVEPORT MADISON LOCAL,2019-01,3,157631.67
046995,NEW ALBANY PLAIN LOCAL SCHOOL,2019-01,3,121757.08
047001,REYNOLDSBURG CITY SCHOOLS,2019-01,3,198524.68
047019,HILLIARD CITY SCHOOL DISTRICT,2019-01,2,418767.43
047027,DUBLIN CITY SCHOOLS,2019-01,3,417200.59
047043,ARCHBOLD AREA LOCAL SCHOOLS,2019-01,4,32615.1
047050,EVERGREEN LOCAL SCHOOL,2019-01,2,30553.52
047068,FAYETTE LOCAL SCHOOL DISTRICT,2019-01,2,9521.27
047076,PETTISVILLE LOCAL SCHOOL,2019-01,2,13908.94
047084,PIKE DELTA YORK LOCAL SCHOOLS,2019-01,3,32253.89
047092,SWANTON LOCAL SCHOOL DISTRICT,2019-01,2,33456.29
047167,BERKSHIRE BOARD OF EDUCATION,2019-01,2,33012.01
047175,CARDINAL LOCAL SCHOOL DISTRICT,2019-01,4,23627.04
047183,CHARDON BOARD OF EDUCATION,2019-01,2,71858.8
047191,KENSTON LOCAL SCHOOL DISTRICT,2019-01,3,68748.15
047217,NEWBURY BOARD OF EDUCATION,2019-01,1,9204.17
047225,WEST GEAUGA LOCAL SCHOOL,2019-01,3,48330.45
047241,BEAVERCREEK CITY SCHOOLS,2019-01,2,205325.66
047258,CEDARCLIFF LOCAL BOARD OF,2019-01,2,16573.1
047266,GREENEVIEW LOCAL SCHOOL,2019-01,3,36207.48
047274,SUGARCREEK LOCAL SCHOOL,2019-01,3,71662.15
047308,ROLLING HILLS LOCAL SCHOOL,2019-01,3,41837.91
047332,FINNEYTOWN LOCAL SCHOOL,2019-01,1,37113
047340,FOREST HILLS LOCAL SCHOOL,2019-01,2,189646.52
047365,NORTHWEST LOCAL SCHOOL,2019-01,2,234279.22
047373,OAK HILLS LOCAL SCHOOL DISTICT,2019-01,1,200348.61
047381,SOUTHWEST LOCAL SCHOOL DIST,2019-01,2,104589.85
047399,THREE RIVERS LOCAL SCHOOL DIST,2019-01,1,56259.82
047415,ARCADIA LOCAL SCHOOL DISTRICT,2019-01,3,14811.84
047423,ARLINGTON LOCAL SCHOOL,2019-01,2,14867.03
047431,CORY-RAWSON LOCAL SCHOOLS,2019-01,3,13654.01
047449,LIBERTY-BENTON LOCAL SCHOOL,2019-01,1,37749.83
047456,MCCOMB LOCAL SCHOOL DISTRICT,2019-01,4,17439.58
047464,VAN BUREN LOCAL SCHOOL,2019-01,2,28080.58
047472,VANLUE LOCAL SCHOOL DISTRICT,2019-01,3,4803.31
047498,HARDIN NORTHERN LOCAL SCHOOL,2019-01,2,10846.21
047506,RIDGEMONT LOCAL SCHOOL,2019-01,4,13628.18
047514,RIVERDALE LOCAL SCHOOL,2019-01,3,26982.27
047522,UPPER SCIOTO VALLEY LOCAL,2019-01,4,12211.44
047548,CONOTTON VALLEY LOCAL SCHOOL,2019-01,3,10860.92
047571,HOLGATE LOCAL SCHOOL DISTRICT,2019-01,3,11590.71
047589,LIBERTY CENTER LOCAL SCHOOL,2019-01,3,27800.66
047597,PATRICK HENRY LOCAL SCHOOL,2019-01,3,23230.38
047613,BRIGHT LOCAL SCHOOL DISTRICT,2019-01,3,18357.18
047621,FAIRFIELD LOCAL SCHOOL,2019-01,3,24344.51
047639,LYNCHBURG-CLAY LOCAL SCHOOL,2019-01,3,29510.44
047688,EAST HOLMES LOCAL SCHOOL,2019-01,5,42666.65
047696,WEST HOLMES LOCAL SCHOOL,2019-01,5,57366.16
047712,MONROEVILLE LOCAL SCHOOL,2019-01,2,15210.08
047720,NEW LONDON LOCAL SCHOOL,2019-01,3,22714.78
047738,SOUTH CENTRAL LOCAL SCHOOL,2019-01,3,19032.67
047746,WESTERN RESERVE BD OF EDUC,2019-01,3,27114.76
047761,OAK HILL UNION LOCAL SCHOOL,2019-01,5,32532.67
047787,BUCKEYE LOCAL SCHOOL DISTRICT,2019-01,3,40005.19
047795,EDISON LOCAL SCHOOLS,2019-01,4,37674.05
047803,INDIAN CREEK SCHOOL DISTRICT,2019-01,2,50939.81
047829,CENTERBURG LOCAL SCHOOL,2019-01,4,29734.79
047837,DANVILLE LOCAL SCHOOL DISTRICT,2019-01,4,15991.79
047845,EAST KNOX LOCAL SCHOOL,2019-01,3,24711.22
047852,FREDERICKTOWN LOCAL SCHOOL,2019-01,3,32913.71
047878,KIRTLAND LOCAL BOARD OF,2019-01,2,30194.05
047886,MADISON LOCAL SCHOOL DISTRICT,2019-01,3,76913.87
047894,RIVERSIDE LOCAL SCH DIST.,2019-01,2,105871.88
047902,PERRY LOCAL SCHOOL DISTRICT,2019-01,1,42014.66
047928,DAWSON BRYANT LOCAL SCHOOL,2019-01,1,29230.64
047936,FAIRLAND LOCAL SCHOOL DISTRICT,2019-01,2,41279.86
047944,ROCK HILL LOCAL SCHOOL,2019-01,2,35948.53
047951,SOUTH POINT LOCAL SCHOOLS,2019-01,1,40994.8
047969,SYMMES VALLEY LOCAL SCHOOLS,2019-01,2,20524.92
047985,JOHNSTOWN MONROE LOCAL SCHOOL,2019-01,3,43745.38
047993,LAKEWOOD LOCAL SCHOOL DISTRICT,2019-01,3,47319.09
048009,LICKING HEIGHTS LOCAL SCHOOLS,2019-01,2,115182.11
048017,LICKING VALLEY LOCAL SCHOOL,2019-01,2,54517.81
048025,NORTH FORK LOCAL SCHOOL,2019-01,2,42950.05
048033,NORTHRIDGE LOCAL SCHOOL,2019-01,3,30025.73
048041,SOUTHWEST LICKING LOCAL SCHOOL,2019-01,2,108670.11
048074,BENJAMIN LOGAN LOCAL SCHOOL,2019-01,4,45582.87
048082,INDIAN LAKE LOCAL SCHOOL,2019-01,4,40173.3
048090,RIVERSIDE LOCAL SCHOOL,2019-01,3,16851.99
048116,AVON LOCAL SCHOOL DISTRICT,2019-01,2,113241.07
048124,AVON LAKE CITY SCHOOLS,2019-01,2,97280.02
048132,CLEARVIEW BOARD OF EDUCATION,2019-01,1,43905.59
048140,COLUMBIA LOCAL SCHOOL DISTRICT,2019-01,3,22506.13
048157,FIRELANDS LOCAL SCHOOL,2019-01,3,43973.68
048165,KEYSTONE LOCAL SCHOOLS,2019-01,2,40185.78
048173,MIDVIEW LOCAL SCHOOL DISTRICT,2019-01,2,76495.55
048207,ANTHONY WAYNE LOCAL SCHOOLS,2019-01,3,113372.12
048215,OTTAWA HILLS LOCAL SCHOOL,2019-01,1,25007.98
048223,SPRINGFIELD LOCAL SCH DIST.,2019-01,1,95765.41
048231,WASHINGTON LOCAL SCHOOL,2019-01,1,181789.79
048256,JEFFERSON LOCAL SCHOOL,2019-01,2,31699.54
048264,JONATHAN ALDER LOCAL SCHOOL,2019-01,3,58226.33
048272,MADISON PLAINS LOCAL SCHOOL,2019-01,6,31878.28
048298,AUSTINTOWN LOCAL SCHOOL,2019-01,2,119957.18
048306,BOARDMAN LOCAL SCHOOL DISTRICT,2019-01,1,107001.91
048314,CANFIELD LOCAL SCHOOL DISTRICT,2019-01,1,67204.62
048322,JACKSON-MILTON LOCAL SCHOOL,2019-01,3,20550.6
048330,LOWELLVILLE LOCAL SCHOOLS,2019-01,1,13420.32
048348,POLAND LOCAL SCHOOL DISTRICT,2019-01,1,47293.09
048355,SEBRING LOCAL SCHOOL DISTICT,2019-01,1,10535.34
048363,SOUTH RANGE LOCAL SCHOOL,2019-01,2,33405.29
048371,SPRINGFIELD LOCAL BOARD OF EDU,2019-01,2,25423.67
048389,WEST BRANCH LOCAL SCHOOL,2019-01,4,53061.61
048397,WESTERN RESERVE LOCAL SCHOOLS,2019-01,2,17232.97
048413,ELGIN LOCAL SCHOOL DISTRICT,2019-01,4,27916.46
048421,PLEASANT LOCAL SCHOOL DISTRICT,2019-01,1,31489.26
048439,RIDGEDALE LOCAL SCHOOLS,2019-01,3,17382.07
048447,RIVER VALLEY LOCAL SCHOOL DIST,2019-01,4,51312.55
048462,BLACK RIVER LOCAL SCHOOL,2019-01,4,29165.92
048470,BUCKEYE LOCAL SCHOOL DISTRICT,2019-01,3,61485.05
048488,CLOVERLEAF LOCAL SCHOOL,2019-01,2,61049.11
048496,HIGHLAND LOCAL SCHOOL DISTRICT,2019-01,2,83876.54
048512,EASTERN LOCAL SCHOOL DISTRICT,2019-01,1,19747.08
048520,MEIGS LOCAL SCHOOL DISTRICT,2019-01,3,44919.63
048538,SOUTHERN LOCAL SCHOOL DISTRICT,2019-01,1,18377.19
048553,MARION LOCAL BOARD OF,2019-01,3,22384.65
048579,PARKWAY SCHOOL BOARD OF EDUC,2019-01,3,26179.91
048587,ST HENRY CONSOLIDATED LOCAL,2019-01,2,24495.57
048595,FORT RECOVERY LOCAL SCHOOL,2019-01,2,24392.08
048611,BETHEL LOCAL SCHOOL DISTRICT,2019-01,3,39591.54
048629,MIAMI EAST LOCAL SCHOOLS,2019-01,4,35260.22
048637,NEWTON LOCAL SCHOOL DISTRICT,2019-01,2,15992.34
048652,SWITZERLAND OF OHIO LOCAL,2019-01,4,54196.3
048678,BROOKVILLE LOCAL SCHOOL,2019-01,2,39321.58
048686,JEFFERSON TOWNSHIP LOCAL,2019-01,1,8608.7
048694,TROTWOOD MADISON CITY SCHOOLS,2019-01,1,66556.84
048702,MAD RIVER LOCAL SCHOOL,2019-01,2,97471.01
048710,NEW LEBANON LOCAL SCHOOLS,2019-01,2,28629.57
048728,NORTHMONT CITY SCHOOLS,2019-01,3,129928.34
048736,NORTHRIDGE LOCAL SCHOOL,2019-01,1,40113.99
048744,VALLEY VIEW LOCAL SCHOOL,2019-01,3,45742.02
048751,HUBER HEIGHTS CITY SCHOOLS,2019-01,4,152798.34
048777,MORGAN LOCAL SCHOOL DISTRICT,2019-01,6,44532.13
048793,CARDINGTON LINCOLN LOCAL,2019-01,2,27002.03
048801,HIGHLAND LOCAL SCHOOL DISTRICT,2019-01,3,46405.23
048819,NORTHMOR LOCAL SCHOOLS,2019-01,4,28134.96
048835,EAST MUSKINGUM SCHOOL DISTRICT,2019-01,2,58039.97
048843,FRANKLIN LOCAL SCHOOL DISTRICT,2019-01,3,52828.5
048850,MAYSVILLE LOCAL SCHOOL DIST,2019-01,2,54380.59
048876,TRI-VALLEY LOCAL SCHOOLS,2019-01,3,80493.95
048884,WEST MUSKINGUM LOCAL SCHOOL,2019-01,3,37330.04
048900,NOBLE LOCAL SCHOOL DISTRICT,2019-01,4,23163.52
048926,BENTON CARROLL SALEM LOCAL,2019-01,3,39839.37
048934,DANBURY LOCAL SCHOOLS,2019-01,1,12411.8
048942,GENOA AREA LOCAL SCHOOL,2019-01,4,35777.34
048975,PUT-IN-BAY LOCAL SCHOOL,2019-01,1,1780.49
048991,ANTWERP LOCAL SCHOOL DISTRICT,2019-01,2,18569.89
049031,WAYNE TRACE LOCAL SCHOOL,2019-01,3,24756.97
049056,NORTHERN LOCAL SCHOOL DISTRICT,2019-01,4,58234.65
049064,SOUTHERN LOCAL SCHOOL DISTRICT,2019-01,4,17304.44
049080,LOGAN ELM LOCAL SCHOOL DIST,2019-01,5,46635.46
049098,TEAYS VALLEY BOARD OF EDU,2019-01,3,106847.05
049106,WESTFALL LOCAL SCHOOL DISTRICT,2019-01,3,36874.51
049122,EASTERN LOCAL SCHOOL DISTRICT,2019-01,3,23171.29
049130,SCIOTO VALLEY LOCAL SCHOOL,2019-01,3,34601.33
049148,WAVERLY CITY SCHOOLS,2019-01,2,49691.34
049155,WESTERN LOCAL SCHOOL DISTRICT,2019-01,4,20393.83
049171,AURORA BOARD OF EDUCATION,2019-01,4,75318.37
049189,CRESTWOOD LOCAL SCHOOLS,2019-01,2,43230.84
049197,FIELD LOCAL SCHOOL DISTRICT,2019-01,3,51674.91
049205,JAMES A GARFIELD LOCAL SCHOOLS,2019-01,3,36107.77
049213,ROOTSTOWN LOCAL SCHOOL,2019-01,1,30824.32
049221,SOUTHEAST LOCAL SCHOOLS,2019-01,3,40211.3
049239,STREETSBORO CITY SCHOOLS,2019-01,2,57314.49
049247,WATERLOO LOCAL BOARD OF EDU,2019-01,2,27210.53
049270,NATIONAL TRAIL LOCAL SD,2019-01,2,26824.76
049288,PREBLE SHAWNEE LOCAL SCHOOLS,2019-01,3,35719.85
049296,TWIN VALLEY COMMUNITY LOCAL,2019-01,2,22433.32
049312,COLUMBUS GROVE LOCAL SCHOOL,2019-01,2,22702.45
049320,CONTINENTAL LOCAL SCHOOL,2019-01,3,12444.67
049338,JENNINGS LOCAL SCHOOL DISTRICT,2019-01,3,10049.24
049346,KALIDA LOCAL SCHOOL DISTRICT,2019-01,1,15668.27
049353,LEIPSIC LOCAL SCHOOL DISTRICT,2019-01,2,17008.4
049361,MILLER CITY-NEW CLEVELAND,2019-01,1,12369.69
049379,OTTAWA GLANDORF LOCAL SCHOOL,2019-01,1,39067.61
049387,OTTOVILLE LOCAL SCHOOL,2019-01,3,11877.42
049395,PANDORA-GILBOA LOCAL BOARD OF,2019-01,3,13761.52
049411,CLEARFORK VALLEY LOCAL SCHOOL,2019-01,3,43980.88
049429,CRESTVIEW LOCAL SCHOOL,2019-01,3,28838.49
049437,LEXINGTON LOCAL SCH DIST.,2019-01,2,62826.79
049445,LUCAS LOCAL SCHOOL DISTRICT,2019-01,2,14916.61
049452,MADISON LOCAL SCHOOLS,2019-01,2,74957.66
049460,PLYMOUTH-SHILOH LOCAL SCHOOLS,2019-01,3,19312.18
049478,ONTARIO LOCAL SCHOOLS,2019-01,2,53592.07
049494,ADENA LOCAL SCHOOL DISTRICT,2019-01,3,31935.44
049502,HUNTINGTON LOCAL SCH DIST.,2019-01,2,29990.98
049510,PAINT VALLEY LOCAL SCHOOL,2019-01,3,22917.76
049528,SOUTHEASTERN LOCAL SCHOOL,2019-01,4,28857.76
049536,UNION-SCIOTO LOCAL SCHOOL,2019-01,2,56620.99
049544,ZANE TRACE LOCAL SCHOOL,2019-01,3,35255.07
049569,LAKOTA LOCAL SCHOOLS,2019-01,3,28559.52
049577,WOODMORE LOCAL SCHOOL DISTRICT,2019-01,3,25449
049593,BLOOM-VERNON LOCAL SCHOOL,2019-01,3,22399.97
049601,CLAY LOCAL SCHOOL DISTRICT,2019-01,1,17764.61
049619,GREEN LOCAL SCHOOL DISTRICT,2019-01,2,15187.64
049627,MINFORD LOCAL SCHOOL DISTRICT,2019-01,2,35658.84
049635,NORTHWEST LOCAL SCHOOL DIST,2019-01,3,36642.01
049643,VALLEY LOCAL SCHOOL DISTRICT,2019-01,2,27242.77
049650,WASHINGTON NILES LOCAL SCHOOL,2019-01,2,38472.55
049668,WHEELERSBURG LOCAL SCHOOL,2019-01,1,40652.64
049684,SENECA EAST LOCAL SCHOOL,2019-01,3,22750.32
049700,HOPEWELL-LOUDON LOCAL SCHOOL,2019-01,2,21225.05
049718,NEW RIEGEL LOCAL SCHOOL,2019-01,1,9567.88
049726,OLD FORT LOCAL SCHOOL DISTRICT,2019-01,2,16811.55
049759,ANNA LOCAL BOARD OF EDUCAION,2019-01,1,31355.73
049767,BOTKINS LOCAL SCHOOL DISTRICT,2019-01,2,16469.01
049775,FAIRLAWN LOCAL SCHOOL DISTRICT,2019-01,4,16065.96
049783,FORT LORAMIE LOCAL SCHOOL,2019-01,2,20715.47
049791,HARDIN-HOUSTON LOCAL SCHOOL,2019-01,2,22131.08
049809,JACKSON CENTER LOCAL SCHOOL,2019-01,3,13855.66
049817,RUSSIA LOCAL SCHOOL DISTRICT,2019-01,2,10589.89
049833,CANTON LOCAL SCHOOL DISTRICT,2019-01,1,47776.76
049841,FAIRLESS LOCAL BOARD OF,2019-01,4,40730.54
049858,JACKSON LOCAL SCHOOL DISTRICT,2019-01,2,152433.03
049866,LAKE LOCAL SCHOOL DISTRICT,2019-01,3,87119.68
049874,LOUISVILLE CITY SCHOOLS,2019-01,1,72025.14
049882,MARLINGTON LOCAL SCHOOL,2019-01,4,55659.62
049890,MINERVA LOCAL SCHOOLS,2019-01,3,49408.19
049908,NORTHWEST LOCAL SCHOOL,2019-01,3,48077.11
049916,OSNABURG LOCAL SCHOOLS,2019-01,1,21188.4
049924,PERRY LOCAL SCHOOL DISTRICT,2019-01,1,118233.34
049932,PLAIN LOCAL SCHOOL DISTRICT,2019-01,1,156547.33
049940,SANDY VALLEY LOCAL SCHOOL,2019-01,3,33452.53
049957,TUSLAW LOCAL SCHOOLS,2019-01,2,35588.28
049973,WOODRIDGE LOCAL SCHOOL,2019-01,2,47560.3
049981,COPLEY-FAIRLAWN CITY SCHOOLS,2019-01,2,72522.03
049999,COVENTRY LOCAL SCHOOL DISTRICT,2019-01,1,49640.45
050005,MANCHESTER LOCAL SCHOOL,2019-01,2,34438.18
050013,GREEN LOCAL SCHOOLS,2019-01,2,104366.86
050021,HUDSON CITY SCHOOL DISTRICT,2019-01,2,117335.45
050039,MOGADORE LOCAL SCHOOL DISTRICT,2019-01,2,22675.62
050047,NORDONIA HILLS CITY SCHOOLS,2019-01,2,93040.41
050054,REVERE LOCAL SCHOOL DISTRICT,2019-01,2,70005.28
050062,SPRINGFIELD LOCAL SCH DIST.,2019-01,3,57244.97
050070,TWINSBURG BOARD OF EDUCATION,2019-01,2,105880.79
050096,BLOOMFIELD-MESPO LOCAL SCHOOL,2019-01,3,5987.34
050112,BRISTOL LOCAL SCHOOL DISTRICT,2019-01,1,14107.08
050120,BROOKFIELD LOCAL SCHOOL,2019-01,1,25721.65
050138,CHAMPION LOCAL SCHOOL DISTRICT,2019-01,1,35820.15
050153,MATHEWS LOCAL SCHOOL DISTRICT,2019-01,1,17370.47
050161,HOWLAND LOCAL SCHOOL DISTRICT,2019-01,1,68710.98
050179,JOSEPH BADGER LOCAL SCHOOL DIS,2019-01,2,18115.77
050187,LAKEVIEW LOCAL BOARD,2019-01,1,44788.04
050195,LIBERTY LOCAL BOARD OF EDU,2019-01,2,32362.7
050203,LORDSTOWN LOCAL SCHOOL,2019-01,2,13002.66
050211,MAPLEWOOD LOCAL BOARD OF EDU,2019-01,2,18809.5
050229,MCDONALD BOARD OF EDUCATION,2019-01,1,18578.18
050237,SOUTHINGTON LOCAL SCHOOL,2019-01,2,12771.29
050245,LABRAE LOCAL SCHOOL DISTRICT,2019-01,2,29062.72
050252,WEATHERSFIELD LOCAL SCHOOL,2019-01,2,25941.85
050278,GARAWAY LOCAL SCHOOLS,2019-01,4,31950.76
050286,INDIAN VALLEY LOCAL SCHOOLS,2019-01,2,45812.68
050294,STRASBURG-FRANKLIN LOCAL,2019-01,2,14560.81
050302,TUSCARAWAS VALLEY LOCAL SCHOOL,2019-01,3,35236.55
050328,FAIRBANKS LOCAL SCHOOLS,2019-01,4,28560.45
050336,NORTH UNION LOCAL SCHOOL,2019-01,5,39260.88
050351,CRESTVIEW LOCAL SCHOOL,2019-01,2,21712.43
050369,LINCOLNVIEW LOCAL SCH DIST.,2019-01,4,23303.85
050393,VINTON COUNTY LOCAL SCHOOLS,2019-01,7,49987.42
050419,CARLISLE LOCAL SCHOOLS,2019-01,3,41201.74
050427,SPRINGBORO COMMUNITY SCHOOLS,2019-01,2,159084.85
050435,KINGS LOCAL SCHOOL DISTRICT,2019-01,3,115309.22
050443,LITTLE MIAMI LOCAL SCHOOL,2019-01,2,124596.44
050450,MASON CITY SCHOOL DISTRICT,2019-01,3,266959.6
050468,WAYNE LOCAL SCHOOL DISTRICT,2019-01,4,39456.33
050484,FORT FRYE LOCAL SCHOOL,2019-01,4,26384.39
050492,FRONTIER LOCAL SCHOOL DISTRICT,2019-01,2,16228.17
050500,WARREN LOCAL SCHOOLS,2019-01,3,55627.8
050518,WOLF CREEK LOCAL SCHOOL BD,2019-01,2,16432.54
050534,CHIPPEWA LOCAL SCHOOLS,2019-01,4,33425.7
050542,DALTON LOCAL SCHOOL DISTRICT,2019-01,2,22988.16
050559,GREEN LOCAL SCHOOL DISTRICT,2019-01,1,28182.35
050567,NORTH CENTRAL LOCAL SCHOOLS,2019-01,2,36900.83
050575,NORTHWESTERN LOCAL SCH DIST.,2019-01,3,35249.37
050583,SOUTHEAST LOCAL SCH DIST.,2019-01,3,35939.91
050591,TRIWAY LOCAL SCHOOL DISTRICT,2019-01,3,42684.69
050617,EDGERTON LOCAL SCHOOL DISTRICT,2019-01,2,16227.29
050625,EDON NORTHWEST LOCAL SCHOOL,2019-01,1,13394.19
050633,MILLCREEK WEST UNITY LOCAL,2019-01,2,13883.78
050641,NORTH CENTRAL LOCAL SCHOOL,2019-01,1,14553.31
050658,STRYKER LOCAL SCHOOL DISTRICT,2019-01,3,9788.18
050674,EASTWOOD BOARD OF EDUCATION,2019-01,3,38459.51
050682,ELMWOOD LOCAL SCHOOL DISTRICT,2019-01,2,31364.66
050690,LAKE LOCAL SCHOOL DISTRICT,2019-01,2,40285.16
050708,NORTH BALTIMORE BOARD OF,2019-01,2,17869.39
050716,NORTHWOOD LOCAL SCHOOLS,2019-01,2,25320.64
050724,OTSEGO LOCAL SCHOOL DISTRICT,2019-01,3,39800.04
050740,MOHAWK BOARD OF EDUCATION,2019-01,3,22580.46
050773,APOLLO JOINT VOCATIONAL,2019-01,7,46486.36
050799,SOUTHERN HILLS JOINT,2019-01,5,32331.82
050815,ASHTABULA COUNTY TECHNICAL &,2019-01,2,41005.69
050856,BELMONT-HARRISON VOCATIONAL,2019-01,7,25056.58
050880,BUTLER TECHNOLOGY & CAREER,2019-01,4,324743.08
050906,COLUMBIANA COUNTY JOINT,2019-01,3,10896.85
050922,CUYAHOGA VALLEY CAREER CENTER,2019-01,2,22538.56
050948,POLARIS JOINT VOCATIONAL,2019-01,1,74198.64
050963,FOUR COUNTY JOINT VOCATIONAL,2019-01,8,33661.06
050989,DELAWARE AREA CAREER CENTER,2019-01,6,38174.89
051003,EASTLAND-FAIRFIELD CAREER &,2019-01,5,35153.39
051029,EHOVE JOINT VOCATIONAL SCHOOL,2019-01,8,22491.71
051045,GREENE COUNTY JOINT VOCATIONAL,2019-01,6,59227.19
051060,GREAT OAKS INSTITUTE OF TECH,2019-01,12,271018.79
051128,JEFFERSON COUNTY JOINT,2019-01,3,8458.08
051144,KNOX COUNTY CAREER CENTER,2019-01,5,15910.14
051169,AUBURN VOCATIONAL SCHOOL DIST,2019-01,6,19275.82
051185,LAWRENCE COUNTY JOINT,2019-01,3,35421.99
051201,LICKING CNTY JOINT VOCATIONAL,2019-01,6,56388.25
051227,LORAIN COUNTY JOINT,2019-01,4,31693.86
051243,MAHONING COUNTY CAREER &,2019-01,5,21376.61
051284,MIAMI VALLEY CAREER TECHNOLOGY,2019-01,10,95478.06
051300,MIDEAST CAREER & TECHNOLOGY,2019-01,9,34994.73
051334,OHIO HI POINT JOINT VOCATIONAL,2019-01,13,80611.82
051359,PENTA COUNTY VOCATIONAL SCHOOL,2019-01,7,104506.04
051375,PIKE COUNTY JOINT VOCATIONAL,2019-01,6,14235.84
051391,MAPLEWOOD CAREER CENTER,2019-01,5,17046.43
051417,PIONEER CAREER & TECHNOLOGY,2019-01,8,67068.22
051433,PICKAWAY-ROSS COUNTY JOINT,2019-01,10,77589.32
051458,VANGUARD SENTINEL CAREER CNTRS,2019-01,8,45531.87
051474,WARREN COUNTY VOCATIONAL,2019-01,7,84544.08
051490,SCIOTO COUNTY CAREER TECH CNTR,2019-01,5,35763.62
051532,SPRINGFIELD-CLARK CAREER,2019-01,5,26853.77
051607,TRI-COUNTY JOINT VOCATIONAL,2019-01,7,12381.76
051631,TRUMBULL COUNTY JOINT,2019-01,4,24951.95
051656,BUCKEYE JOINT VOCATIONAL,2019-01,10,31731.75
051672,VANTAGE CAREER CENTER,2019-01,5,15389.08
051698,WASHINGTON COUNTY JOINT,2019-01,4,11988.92
051714,WAYNE CNTY JOINT VOCATIONAL SC,2019-01,6,22448.49
061903,ADAMS CNTY-OH VALLEY SCHL DIST,2019-01,5,92995.78
062026,STARK COUNTY AREA JOINT,2019-01,6,18515.94
062042,ASHLAND CO WEST HOLMES JOINT,2019-01,7,15524.76
062067,GALLIA JACKSON VINTON JOINT,2019-01,6,44392.45
062109,MEDINA COUNTY CAREER CENTER,2019-01,6,54435.9
062125,UPPER VALLEY JOINT VOCATIONAL,2019-01,6,82730.82
062802,US GRANT JOINT VOCATIONAL,2019-01,2,12858.9
063495,PORTAGE LAKES JOINT VOCATIONAL,2019-01,3,15178.33
063511,TOLLES CAREER & TECH CENTER,2019-01,6,47344.95
064964,COLLEGE CORNER LOCAL SCHOOL,2019-01,2,2887.14
065227,COSHOCTON COUNTY JOINT,2019-01,2,5461.66
065268,TRI-RIVERS JOINT VOCATIONAL,2019-01,5,13966.32
065680,GALLIA COUNTY LOCAL SCHOOL,2019-01,5,58324.58
069682,EAST GUERNSEY LOCAL SCHOOL,2019-01,4,26812.13
091397,TRI-COUNTY NORTH LOCAL SCHOOL,2019-01,3,22196.6
132746,SUMMIT ACADEMY COMMUNITY SCH,2019-01,4,2569.07
132761,SUMMIT ACAD COMMU SCHL FOR,2019-01,4,4858.06
132779,SUMMIT ACADEMY AKRON MIDDLE,2019-01,3,2054.72
132795,LIFE SKILLS CENTER OF CLARK,2019-01,4,4754.76
132803,LIFE SKILLS CENTER OF BUTLER,2019-01,6,6908.68
132944,MIAMI VALLEY ACADEMIES,2019-01,1,3212.2
132951,CONSTELLATN SCHLS LORAIN COMMU,2019-01,2,4824.23
132969,CONSTELLATN SCHLS ELYRIA COMMU,2019-01,2,12599.45
132985,YOUTH BUILD COLUMBUS,2019-01,6,3108.17
132993,CONSTELLATN SCHLS W.PARK COMM,2019-01,1,8264.26
133215,INTERGENERATIONAL SCHOOL,2019-01,1,6211.02
133256,CONSTELLTN SCHLS PARMA COMMU,2019-01,3,37266.35
133264,DOHN COMMUNITY HIGH SCHOOL,2019-01,3,16939.73
133280,WASHINGTON PARK COMMUNITY,2019-01,1,5312.74
133306,SUMMIT ACAD COMMU SCHL FOR,2019-01,3,3702.87
133322,SUMMIT ACAD COMMU SCHL  FOR,2019-01,1,2463.43
133330,TCP WORLD ACADEMY,2019-01,2,13166.72
133348,RICHARD ALLEN PREPARATORY,2019-01,2,9405.32
133389,LIGHTHOUSE COMMUNITY SCHOOL,2019-01,1,1437.29
133421,GRAHAM SCHOOL,2019-01,3,6315
133439,CORNERSTONE ACADEMY,2019-01,6,20896.64
133454,DAYTON VIEW ACADEMY,2019-01,1,11512.53
133488,EDUCATIONAL DEVELOPMENT CENTER,2019-01,3,4779.44
133504,PHOENIX COMMUNITY LEARNING,2019-01,1,12576.33
133512,LKH VICTORY CORP,2019-01,2,24819.03
133520,CITIZENS ACADEMY,2019-01,3,10625.55
133538,EDGE LEARNING INC,2019-01,2,6086.31
133561,MILLENNIUM COMMUNITY SCHOOL,2019-01,1,13554.17
133587,SUMMIT ACAD AKRON ELEMENT SCH,2019-01,2,3184.35
133629,HORIZON SCIENCE ADADEMY -,2019-01,3,10907.85
133660,HORIZON EDUCATIONAL SERVICES,2019-01,1,12809.72
133678,RIVERSIDE COMMUNITY SCHOOL INC,2019-01,2,6057.26
133736,RICHARD ALLEN ACADEMY INC,2019-01,1,3543.5
133785,LIFE SKILLS CENTER OF,2019-01,2,2515.3
133835,LIFE SKILLS CENTER OF,2019-01,2,10856.44
133868,LIFE SKILLS CENTER OF AKRON,2019-01,4,11377.19
133942,TOLEDO SCHOOL FOR THE ARTS,2019-01,8,17787.45
134072,YOUNGSTOWN COMMUNITY SCHL INC,2019-01,1,8886.77
134098,CONSTELLATN SCHLS OLD BROOKLYN,2019-01,2,8546.65
134122,MULTIPLE OPTNS FOR DEVELOPMENT,2019-01,3,2827.7
134148,AURORA ACADEMY,2019-01,2,3983.77
134197,HOPE ACADEMY CHAPELSIDE CAMPUS,2019-01,2,6570.35
134213,HOPE ACADEMY UNIVERSITY,2019-01,2,6882.41
134247,CITY DAY COMMUNITY SCHOOL INC,2019-01,1,4034.53
139303,MONROE LOCAL SCHOOL DISTRICT,2019-01,2,73131.32
142901,LIFE SKILLS CENTER OF CANTON,2019-01,9,3651.31
142919,LIFE SKILLS CENTER OF ELYRIA,2019-01,4,3284.64
142927,FOCUS LEARNING ACADEMY OF,2019-01,2,6469.09
142935,FOCUS LEARNING ACADEMY OF,2019-01,1,5416.53
142943,FOCUS LEARNING ACADEMY OF,2019-01,1,12167.95
142950,OHIO VIRTUAL ACADEMY INC,2019-01,88,366535.25
142968,HOPE ACAD NORTHCOAST ACAD,2019-01,2,7956.5
143123,MOUND STREET MILITARY ACADEMY,2019-01,6,4265.98
143172,INTERNATIONAL ACADEMY OF,2019-01,2,6879.77
143198,GREAT WESTERN ACADEMY,2019-01,1,19586.8
143206,TROTWOOD FITNESS &,2019-01,1,8300.33
143214,MIDDLETOWN FITNESS &,2019-01,2,7164.12
143297,AUTISM ACADEMY OF LEARNING,2019-01,2,1490.72
143305,TRECA DIGITAL ACADEMY,2019-01,88,62792.8
143313,HOPE ACADEMY CUYAHOGA CAMPUS,2019-01,1,3002.85
143396,OHIO DISTANCE EDUCATION &,2019-01,84,54510.01
143479,CONSTELLATION SCHOOLS PURITAS,2019-01,3,5415.42
143487,CONSTELLATION SCHLS STOCKYARD,2019-01,1,6673
143529,NORTH DAYTON SCHOOL OF SCIENCE,2019-01,3,16292.29
143602,HAMILTON COUNTY MATHEMATICS &,2019-01,4,15991.13
143610,ARTS & COLLEGE PREPARATORY,2019-01,7,10269.03
143644,SCIOTOVILLE COMMUNITY SCHOOL,2019-01,1,9989.38
147231,SCHNEE LEARNING CENTER,2019-01,2,2106.03
148932,FRANKLIN LOCAL COMMU SCHOOL,2019-01,2,1213.05
148981,TOMORROW CENTER,2019-01,9,2934.47
148999,MAHONING UNLIMITED CLASSROOM,2019-01,4,3399.82
149047,GOAL DIGITAL ACADEMY,2019-01,16,15970.49
149088,FAIRBORN DIGITAL ACADEMY,2019-01,4,5241.89
149302,LIFE SKILLS CENTER OF TOLEDO,2019-01,4,3958.02
149328,FOXFIRE HIGH SCHOOL,2019-01,7,9475.76
149427,MASSILLON DIGITAL ACADEMY,2019-01,1,1645.7
151035,PLEASANT COMMUNITY DIGITAL,2019-01,1,2904.72
151175,WEST CENTRAL LEARNING ACADEMY,2019-01,5,1777.45
151183,LIFE SKILLS CNTR OF LAKE ERIE,2019-01,1,6365.02
000131,GLASS CITY ACADEMY INC,2019-08,1,4961.5
000138,PATHWAY SCHOOL OF DISCOVERY,2019-08,2,19924.51
000139,ALLIANCE ACADEMY,2019-08,3,15412.21
000222,WILDWOOD ENVIRONMENTAL ACADEMY,2019-08,2,9702.8
000236,OHIO CONNECTIONS ACADEMY INC,2019-08,88,118554.19
000241,QUAKER DIGITAL ACADEMY,2019-08,46,15078.7
000282,GREATER OHIO VIRTUAL SCHOOL,2019-08,27,21203.78
000288,AUGLAIZE COUNTY EDUCATIONAL,2019-08,7,2516.08
000296,SUMMIT ACAD. COMM. SCHOOL,2019-08,2,1541.69
000297,SUMMIT ACAD. COMM. SCHOOL DAY,2019-08,1,2066.85
000298,SUMMIT ACADEMY SECONDARY,2019-08,1,1844.84
000300,SUMMIT ACAD. SEC. SCHOOL,2019-08,4,2702.02
000301,SUMMIT ACAD. SEC. SCHOOL LOR,2019-08,2,3748.71
000302,SUMMIT ACAD. COMM. SCHOOL PAR,2019-08,3,4816.29
000303,SUMMIT ACAD. SEC. SCHOOL,2019-08,3,5137
000305,SUMMIT ACAD. COMM. SCHOOL WAR,2019-08,2,3224.3
000306,SUMMIT ACAD. COMM. SCHOOL,2019-08,4,2752.94
000311,BRIDGES COMMUNITY ACADEMY,2019-08,4,3930.13
000316,CONSTELLATION SCHOOLS WESTPARK,2019-08,1,5972.1
000318,MENLO PARK ACADEMY,2019-08,9,13873.16
000319,CONSTELLATION SCH MADISON,2019-08,1,6660.13
000320,CONSTELLATION SCHOOLS LORAIN,2019-08,1,3550.19
000321,CONSTELLATION SCH OLD BROOKLYN,2019-08,1,7293.12
000338,HORIZON SCI ACADEMY,2019-08,2,14167.85
000402,FINDLAY DIGITAL ACADEMY,2019-08,4,4152.85
000417,BUCKEYE ON-LINE SCH FOR SUCCS,2019-08,67,18199.49
000442,MANCHESTER LOCAL SCHOOL DIST,2019-08,3,22440.55
000509,WHITEHALL PREPARATORY &,2019-08,1,8121.05
000510,SPRINGFIELD PREPARATORY &,2019-08,1,3967.09
000511,NORTHLAND PREPARATORY &,2019-08,1,5670.97
000525,PROJECT REBUILD COMMUNITY SCHL,2019-08,2,3529.35
000527,CASTLE HIGH SCHOOL INC,2019-08,6,7898.86
000534,CONSTELLATION SCHOOLS PURITAS,2019-08,2,4706.13
000543,PINNACLE ACADEMY,2019-08,3,19375.06
000546,WINTERFIELD VENTURE ACADEMY,2019-08,3,13947.48
000553,COLUMBUS HUMANITIES ARTS &,2019-08,6,14921.14
000556,A+ ARTS ACADEMY,2019-08,1,18334.29
000557,COLUMBUS ARTS &,2019-08,4,15251.71
000558,COLUMBUS PREPARATORY ACADEMY,2019-08,11,22051.39
000559,ORION ACADEMY,2019-08,2,12880.25
000560,APEX ACADEMY,2019-08,2,12824.88
000575,HOPE ACADEMY NORTHWEST CAMPUS,2019-08,2,5834.54
000576,KING ACADEMY COMMUNITY SCHOOL,2019-08,1,3247.55
000577,EMERSON ACADEMY,2019-08,4,16535.2
000598,COSHOCTON OPPORTUNITY SCHOOL,2019-08,1,1105.23
000608,SUMMIT ACADEMY TRANSITION HIGH,2019-08,3,2147.23
000609,SUMMIT ACAD. MIDDLE SCH LORAIN,2019-08,1,3027.29
000610,SUMMIT ACAD. MIDDLE SCH COL.,2019-08,1,1486.56
000613,HEIR FORCE COMMUNITY SCHOOL,2019-08,2,6468.38
000614,SUMMIT ACADEMY TRANSITION HIGH,2019-08,1,1569.15
000616,SUMMIT ACAD. SCH FOR ALT.,2019-08,2,2562.73
000621,SUMMIT ACADEMY TRANSITION HIGH,2019-08,4,4492.53
000623,SUMMIT ACADEMY - YOUNGSTOWN,2019-08,2,5854.66
000629,SUMMIT ACADEMY COMMUNITY,2019-08,3,1873.83
000634,SUMMIT ACADEMY SECONDARY,2019-08,4,3140.03
000640,RITTMAN ACADEMY,2019-08,2,1102.83
000664,LIFE SKILLS CENTER OF COLUMBUS,2019-08,3,3028.32
000677,NEW DAY ACADEMY BOARDING,2019-08,3,2009.1
000679,OAKSTONE COMMUNITY SCHOOL,2019-08,6,6690.5
000725,ZENITH ACADEMY,2019-08,1,16352.21
000736,PHOENIX VILL. ACAD. PRIMARY 2,2019-08,1,5917.06
000770,MARITIME ACADEMY OF TOLEDO INC,2019-08,3,8159.14
000779,EDUCATIONAL ACADEMY FOR BOYS,2019-08,1,3496.18
000780,MIDNIMO CROSS CULTURAL MIDDLE,2019-08,1,3193.36
000804,HORIZON SCIENCE ACADEMY,2019-08,1,5972.19
000808,HORIZON SCIENCE ADADEMY DAYTON,2019-08,1,4299.05
000813,LIFE SKILLS CENTER OF DAYTON,2019-08,3,2893.49
000825,HORIZON SCIENCE ACADEMY,2019-08,2,9482
000838,HORIZON SCIENCE ACADEMY-,2019-08,1,8641.66
000843,BENNETT VENTURE ACADEMY,2019-08,2,18054.36
000855,STAMBAUGH CHARTER ACADEMY,2019-08,3,11437.2
000858,HORIZON SCIENCE ACAD CLEVELAND,2019-08,2,8696.74
000875,WESTSIDE ACADEMY INC,2019-08,1,5973.79
000905,IMAC INC,2019-08,3,1158.15
000912,ACADEMIC ACCELERATION ACADEMY,2019-08,2,4267.03
000930,CLEVELAND ENTREPRENEURSHIP,2019-08,3,8806.9
000936,PROMISE ACADEMY,2019-08,2,5229.03
000938,PREMIER ACADEMY OF OHIO,2019-08,7,1735.03
000941,PAR EXCELLENCE ACADEMY,2019-08,2,6807.23
000942,LAKEWOOD CITY ACADEMY,2019-08,1,2642.04
000951,TOLEDO PREP. AND FITNESS ACAD,2019-08,2,5292.29
000952,COLUMBUS PREPARATORY,2019-08,1,11149.23
000953,CINCINNATI PREPARATORY &,2019-08,3,7265.94
007984,YOUNGSTOWN ACAD OF EXCELLENCE,2019-08,2,4751.79
007995,CLEVELAND ARTS  SCI.,2019-08,4,7981.43
007999,CHARLES SCHOOL,2019-08,3,9112.25
008000,MANSFIELD PREPARATORY ACADEMY,2019-08,1,14090.68
008063,LIFE SKILLS CTR OF NORTH AKRON,2019-08,5,2258.19
008064,ACADEMY OF ARTS,2019-08,3,5777.73
008278,NOBLE ACADEMY-CLEVELAND INC,2019-08,3,11779.37
008280,NOBLE ACADEMY-COLUMBUS INC,2019-08,1,9167.15
008281,SOUTH SCIOTO ACADEMY,2019-08,1,5863.67
008282,LIFE SKILLS CTR OF COL. NORTH,2019-08,4,2698.02
008283,DAYTON TECH. DESIGN HIGH SCH,2019-08,3,3086.59
008286,HARVARD AVE COMMUNITY SCHOOL,2019-08,1,9109.52
008287,GROVEPORT COMMUNITY SCHOOL,2019-08,3,20399.21
008289,EAGLE LEARNING CENTER INC,2019-08,3,1957.4
009122,COLUMBUS COLLEGIATE,2019-08,1,6469.31
009148,ZANESVILLE COMM. HIGH SCH,2019-08,2,3102.07
009149,CONSTELLATION SCHOOLS WESTSIDE,2019-08,2,8779.26
009164,CENTRAL ACADEMY OF OHIO,2019-08,1,3362.79
009171,STAR ACADEMY OF TOLEDO,2019-08,1,4548.04
009179,HORIZON SCIENCE ACADEMY INC,2019-08,1,13571.78
009181,CLAY AVENUE COMMUNITY SCHOOL,2019-08,1,10915.29
009192,FOUNDATION ACADEMY,2019-08,3,10754.26
009283,DAYTON EARLY COLLEGE ACAD.,2019-08,1,9176.83
009953,SULLIVANT AVE COMM. SCHOOL,2019-08,3,9139.84
009954,HARRISBURG PIKE COMM. SCHOOL,2019-08,1,5092.86
009955,MADISON AVENUE SCHOOL OF ARTS,2019-08,1,15738.97
009957,KLEPINGER COMMUNITY SCHOOL,2019-08,2,15239.56
009971,ASHLAND CTY COMM. ACADEMY,2019-08,5,2577.4
009990,HORIZON SCI. ACAD. ELEMENTARY,2019-08,2,13213.9
009996,MAHONING COUNTY HIGH SCHOOL,2019-08,1,2514.06
009997,KIPP CENTRAL OHIO,2019-08,4,37274.56
010036,CESAR CHAVEZ COLLEGE PREP.,2019-08,1,9084.56
010182,PERFORMANCE ACADEMY EASTLAND,2019-08,1,9029.5
010205,L HOLLINGWORTH SCH FOR TAL.,2019-08,1,9316.59
011291,VILLAGE PREPARATORY SCHOOL,2019-08,2,11366.37
011324,HARDIN COMMUNITY SCHOOL,2019-08,2,1077.46
011381,GREATER SUMMIT CTY EARLY LEARN,2019-08,4,3800.45
011390,BELLA ACADEMY OF EXCELLENCE,2019-08,2,7485.84
011439,RENAISSANCE ACADEMY,2019-08,1,3193.36
011468,COLUMBUS BILINGUAL ACAD. - N.,2019-08,2,8286.26
011506,DAYTON REGIONAL STEM SCHOOL,2019-08,6,17721.77
011507,ACHIEVE CAREER PREP. ACAD.,2019-08,1,3610.87
011511,NORTH CENTRAL ACADEMY,2019-08,4,1997.15
011533,HORIZON SCI. ACAD. OF LORAIN,2019-08,3,19182.07
011534,HORIZON SCIENCE ACADEMY DAYTON,2019-08,1,7771.37
011923,NORTHEAST OHIO COLLEGE PREP.,2019-08,5,11339
011947,IMAGINE AKRON ACADEMY,2019-08,1,1294.14
011956,RCCS,2019-08,3,1156.62
011967,RICHLAND ACAD. SCH OF EXC.,2019-08,3,8658.33
011972,GRAHAM EXPED. MIDDLE SCHOOL,2019-08,2,11259.35
011976,HORIZON SCIENCE ACADEMY DAYTON,2019-08,2,5676.96
011986,HORIZON SCI. ACAD. YOUNGSTOWN,2019-08,2,10332.37
012009,ZENITH ACADEMY-EAST,2019-08,1,7680.58
012010,CLEVELAND COLLEGE PREP.,2019-08,2,7183.03
012011,COLUMBUS PERFORMANCE ACADEMY,2019-08,1,5092.86
012025,CONSTELLATION SCH STOCKYARD,2019-08,2,1788.88
012029,CITIZENS LEADERSHIP ACADEMY,2019-08,2,6687.69
012030,NEAR WEST SCHOOL,2019-08,2,6962.86
012033,FOXFIRE INTERMEDIATE SCHOOL,2019-08,2,1135.55
012036,THURGOOD MARSHALL HIGH SCHOOL,2019-08,1,5779.45
012037,NEW BEGINNINGS ACADEMY,2019-08,1,5395.68
012038,LANGSTON HUGHES HIGH SCHOOL,2019-08,1,4623.56
012040,ROAD TO SUCCESS ACADEMY,2019-08,2,2615.24
012041,THE ARCH ACADEMY,2019-08,1,4514.75
012042,GEORGE V VOINOVICH RECLAMATION,2019-08,1,963.24
012043,FREDERICK DOUGLASS RECLAMATION,2019-08,1,2614.51
012044,CAPITAL HIGH SCHOOL,2019-08,1,3688.88
012045,PATRIOT PREPARATORY ACADEMY,2019-08,3,16242.91
012054,NORTH CENTRAL ACADEMY FREMONT,2019-08,5,2741.01
012060,AKROS MIDDLE SCHOOL,2019-08,1,3276.66
012105,SOUTHSIDE ACADEMY INC,2019-08,1,4254.57
012391,METRO EARLY COLLEGE HIGH SCH,2019-08,6,25272.32
012501,BEACON HILL COMMUNITY SCHOOL,2019-08,5,1543.63
012513,CINCINNATI COLLEGE PREPARATORY,2019-08,1,3054.9
012528,ACADEMY FOR URBAN SOLUTIONS,2019-08,1,8010.93
012529,FOCUS NORTH HIGH SCHOOL,2019-08,1,5643.44
012541,UNIVERSITY OF CLEVELAND PREP.,2019-08,4,7596.21
012558,GLOBAL VILLAGE ACADEMY INC,2019-08,2,5229.03
012627,STEAM ACADEMY OF YOUNGSTOWN,2019-08,1,4350.52
012644,STEAM ACADEMY OF WARREN,2019-08,2,5980.15
012671,CONSTELLATION SCH EASTSIDE,2019-08,1,3302.55
012684,BROADWAY ACADEMY,2019-08,1,4100.66
012852,CITIZENS ACADEMY EAST,2019-08,2,10843.47
012867,TOWNSEND NORTH COMM. SCH,2019-08,32,36005.62
012924,DECA PREP,2019-08,2,24664.53
012951,COLUMBUS COLLEGIATE ACAD. - W.,2019-08,1,6304.13
013034,VILLAGE PREP. SCH:WOODLA,2019-08,1,18686.9
013132,LAKE ERIE COLLEGE PREP.,2019-08,4,7073.25
013147,STEAM ACAD. OF WARRENSVILLE,2019-08,4,6027.35
013148,STEPSTONE ACADEMY,2019-08,1,2834.68
013170,HOPE ACADEMY FOR AUTISM,2019-08,2,1295.35
013173,IMAGINE HILL AVENUE,2019-08,1,3528.17
013175,KIDS UNLIMITED ACADEMY,2019-08,1,8599.93
013195,ACADEMY OF EDU. EXCELLENCE,2019-08,2,3693.7
013198,BROOKWOOD ACADEMY,2019-08,1,1734.33
013199,NEXUS ACADEMY OF CLEVELAND,2019-08,4,3770.62
013232,A+ CHILDRENS ACADEMY,2019-08,2,3358.57
013249,ACADEMY FOR URB. SCH. YOUNGSTO,2019-08,3,5663.42
013253,OHIO COLLEGIATE ACADEMY,2019-08,2,7898.64
013254,AKRON PREPARATORY SCHOOL,2019-08,3,5947.73
013255,CANTON COLL. PREP. SCH,2019-08,2,7803.19
013864,CINCINNATI TECHNOLOGY ACADEMY,2019-08,1,6027.23
013892,FRANKLINTON PREP. ACAD.,2019-08,1,4982.74
013930,GLOBAL IMPACT STEM ACADEMY,2019-08,7,17525.99
013962,LIBERTY PREPARTORY SCHOOL,2019-08,2,1626.63
013994,ALBERT EINSTEIN ACAD.,2019-08,5,9247.97
013999,Rise & Shine Academy,2019-08,2,2894.35
014061,CHAPELSIDE CLEVELAND ACADEMY,2019-08,3,8146.36
014063,UNIVERSITY ACADEMY,2019-08,1,6333.03
014064,WINTON PREPARATORY ACADEMY,2019-08,3,9963.03
014065,LINCOLN PARK ACADEMY,2019-08,2,11944.31
014066,MAIN ST PREP. ACAD.,2019-08,1,4157.77
014067,OHIO CONSTRUCTION ACADEMY,2019-08,8,1597.31
014090,BERWYN EAST ACADEMY,2019-08,5,6634.58
014091,HOPE LEARNING ACAD. OF TOLEDO,2019-08,1,1874.34
014121,IMAGINE LEADERSHIP ACADEMY,2019-08,1,4515.73
014139,IMAGINE COL. PRIMARY SCHOOL,2019-08,1,6414.25
014147,EAST PREPARATORY ACADEMY,2019-08,1,5449.2
014149,DAYTON SMART ELEMENTARY SCHOOL,2019-08,1,2921.15
014187,EAST ACADEMY,2019-08,4,8256.77
014188,DISCOVERY ACADEMY,2019-08,1,9344.15
014189,WEST PARK ACADEMY,2019-08,3,6192.37
014231,BIO-MED SCI. ACAD. STEM SCH,2019-08,10,16397.5
014467,UNITED PREPARATORY ACADEMY,2019-08,1,7955.87
014825,BUCKEYE PREP. ACADEMY,2019-08,1,3661.35
014830,UTICA SHALE ACAD. OF OHIO,2019-08,4,1791.33
014858,REACH ACADEMY,2019-08,2,4548.15
014864,TOLEDO SMART ELEM. SCH.,2019-08,1,5678.16
014904,T2 HONORS ACADEMY,2019-08,1,3275.02
014913,LAKESHORE INTERGENERATIONAL,2019-08,2,6109.78
014927,STEEL ACADEMY,2019-08,2,2671.17
014943,VALLEY STEM+ME2 ACADEMY,2019-08,5,5442.16
015234,ZENITH ACADEMY WEST,2019-08,1,5726.03
015236,CLARK PREPARATORY ACADEMY,2019-08,1,2810.02
015237,FLEX HIGH SCHOOL,2019-08,2,7102.55
015239,STONEBROOK MONTESSORI,2019-08,2,3687.88
015261,CITIZENS ACADEMY SOUTHEAST,2019-08,1,11393.78
015329,ISTEM GEAUGA EARLY COLLEGE HS,2019-08,4,5099.24
015344,Tri-State STEM+M Early College,2019-08,1,1514.47
015709,BEACON ACADEMY,2019-08,1,4797.77
015710,BRIDGE GATE COMMUNITY SCHOOL,2019-08,1,6909.77
015712,Euclid Preparatory School,2019-08,4,6522.9
015713,EAST BRANCH PREPATORY ACAD.,2019-08,2,3667.22
015714,URBAN EARLY COLLEGE NETWORK,2019-08,1,2287.32
015722,VILLAGE PREP SCHOOL WILLIARD,2019-08,1,8338.93
015736,iLEAD SPRING MEADOWS,2019-08,5,5816.57
015737,GLOBAL AMBASS. LANG. ACAD.,2019-08,3,4871.52
015741,WESTWOOD PREPARTORY ACAD,2019-08,7,6278.88
016811,Inspire Charter School-Element,2019-08,1,880.93
016812,SMART Academy,2019-08,1,1238.45
016829,South Columbus Preparatory Aca,2019-08,3,4432.31
016836,Kids Care Elementary,2019-08,1,2725.37
016837,Orchard Park Academy,2019-08,3,4295.91
016843,Citizens Leadership Academy Ea,2019-08,2,4100.67
016849,Liberty High School,2019-08,2,4547.08
016850,Southwest Ohio Preparatory Sch,2019-08,2,3908.24
016858,United Preparatory Academy Eas,2019-08,1,2670.31
017123,Horizon Science Academy Primar,2019-08,2,7130
017212,Academy of Junior Scholars,2019-08,1,688.04
017233,Great River Connections Academ,2019-08,75,23714.5
017259,Montgomery Preparatory Academy,2019-08,2,5346.25
017270,Lorain Bilingual Preparatory,2019-08,1,2669.52
017274,Mount Auburn Preparatory Acade,2019-08,1,7706.05
017275,AchievePoint Career Academy-Ci,2019-08,1,3109.94
017280,AchievePoint Career Academy-Co,2019-08,1,1431.51
043489,AKRON CITY SCHOOLS,2019-08,1,566696.19
043497,ALLIANCE CITY BOARD OF EDU,2019-08,3,77277.81
043505,ASHLAND CITY BOARD OF,2019-08,2,90303.59
043513,ASHTABULA AREA CITY SCHOOL,2019-08,1,94913.36
043521,ATHENS CITY SCHOOL DISTRICT,2019-08,1,71135.42
043539,BARBERTON BOARD OF EDUCATION,2019-08,1,100819.12
043547,BAY VILLAGE CITY SCHOOL,2019-08,2,68830.54
043554,BEACHWOOD BOARD OF EDUCATION,2019-08,1,40180.97
043562,BEDFORD BOARD OF EDUCATION,2019-08,2,87049.61
043570,BELLAIRE CITY SCHOOL DISTRICT,2019-08,1,33247.99
043588,BELLEFONTAINE CITY SCHOOL,2019-08,1,66791.07
043596,BELLEVUE CITY SCHOOL DISTRICT,2019-08,4,54845.75
043604,BELPRE CITY SCHOOL DISTRICT,2019-08,1,29256.66
043612,BEREA CITY SCHOOL DISTRICT,2019-08,1,159457.9
043620,BEXLEY CITY SCHOOL DISTRICT,2019-08,1,68712.31
043638,BOWLING GREEN SCHOOL DISTRICT,2019-08,2,82374.25
043646,BRECKSVILLE BROADVIEW HEIGHTS,2019-08,2,104800.83
043653,BROOKLYN LOCAL SCHOOL DISTRICT,2019-08,1,34318.95
043661,BRUNSWICK CITY SCHOOL DISTRICT,2019-08,2,196293.22
043679,BRYAN CITY SCHOOLS,2019-08,1,54271.33
043687,BUCYRUS CITY SCHOOL DISTRICT,2019-08,1,34266.09
043695,CAMBRIDGE CITY BOARD OF,2019-08,1,54217.03
043703,CAMPBELL CITY SCHOOLS,2019-08,1,30334.5
043711,CANTON CITY SCHOOL DISTRICT,2019-08,1,225688.09
043729,CELINA CITY BOARD OF EDU,2019-08,2,71576.36
043737,CENTERVILLE CITY SCHOOL,2019-08,3,225755.44
043745,CHILLICOTHE CITY SCHOOL,2019-08,1,76435.12
043752,CINCINNATI PUBLIC SCHOOLS,2019-08,1,956031.75
043760,CIRCLEVILLE CITY SCHOOL,2019-08,2,59643.19
043778,CLAYMONT CITY BOARD OF EDU,2019-08,3,53663.86
043786,CLEVELAND CITY SCHOOL DISTRICT,2019-08,1,1000657.43
043794,CLEVELAND HEIGHTS UNIVERSITY,2019-08,1,139725.19
043802,COLUMBUS PUBLIC SCHOOL,2019-08,1,1334989.79
043810,CONNEAUT AREA CITY SCHOOLS,2019-08,1,45169.29
043828,COSHOCTON CITY SCHOOL DISTRICT,2019-08,1,44209.36
043836,CUYAHOGA FALLS CITY SCHOOLS,2019-08,1,124636.83
043844,DAYTON CITY SCHOOL DISTRICT,2019-08,1,337448.12
043851,DEER PARK COMMUNITY CITY,2019-08,1,35117.57
043869,DEFIANCE CITY SCHOOLS,2019-08,2,69930.06
043877,DELAWARE CITY SCHOOLS,2019-08,1,154259.78
043885,DELPHOS CITY SCHOOL DISTRICT,2019-08,3,26931.85
043893,DOVER CITY SCHOOL DISTRICT,2019-08,1,76208.24
043901,EAST CLEVELAND CITY SCHOOL,2019-08,1,51354.57
043919,EAST LIVERPOOL CITY SCHOOLS,2019-08,1,56791.84
043927,EAST PALESTINE CITY SCHOOL,2019-08,2,29044.19
043935,EATON CITY SCHOOLS,2019-08,2,56462.22
043943,ELYRIA CITY SCHOOL DISTRICT,2019-08,1,164698.53
043950,EUCLID BOARD OF EDUCATION,2019-08,2,134331.17
043968,FAIRBORN CITY SCHOOLS,2019-08,3,116244.01
043976,FAIRVIEW PARK CITY SCHOOL DIST,2019-08,1,46813.58
043984,FINDLAY CITY SCHOOLS,2019-08,1,143998.51
043992,FOSTORIA CITY SCHOOLS,2019-08,3,49082.98
044008,FRANKLIN CITY SCHOOLS,2019-08,3,80689.76
044016,FREMONT CITY BOARD OF EDU,2019-08,3,103305.31
044024,GALION CITY SCHOOL DISTRICT,2019-08,3,49054.48
044032,GALLIPOLIS CITY SCHOOLS,2019-08,1,56364.65
044040,GARFIELD HEIGHTS CITY SCHOOL,2019-08,1,98801.14
044057,GENEVA AREA CITY SCHOOL DIST,2019-08,2,65590.49
044065,GIRARD CITY SCHOOL DISTRICT,2019-08,2,48309.9
044073,GRANDVIEW HEIGHTS CITY SCHOOL,2019-08,1,29731.29
044081,WINTONWOODS CITY SCHOOL,2019-08,2,105518.47
044099,GREENVILLE CITY SCHOOL,2019-08,1,69125.8
044107,HAMILTON BOARD OF EDUCATION,2019-08,1,268758.84
044115,HEATH CITY SCHOOL DISTRICT,2019-08,1,48201.02
044123,HILLSBORO CITY BOARD OF EDU,2019-08,1,64110.74
044131,HURON CITY SCHOOL DISTRICT,2019-08,1,36630.7
044149,IRONTON CITY BOARD OF,2019-08,1,37696.59
044156,JACKSON CITY SCHOOL DISTRICT,2019-08,5,68189.83
044164,KENT CITY BOARD OF EDUCATION,2019-08,2,85287.94
044172,KENTON CITY SCHOOLS,2019-08,3,50915.86
044180,KETTERING CITY SCHOOL,2019-08,2,210075.04
044198,LAKEWOOD CITY SCHOOL DISTRICT,2019-08,1,128303.88
044206,LANCASTER CITY SCHOOLS,2019-08,1,174932.61
044214,LEBANON CITY SCHOOL DISTRICT,2019-08,2,154988.73
044222,LIMA CITY BOARD OF EDU,2019-08,1,98518.07
044230,LOCKLAND CITY SCHOOLS,2019-08,1,15549.71
044248,LOGAN HOCKING LOCAL SCHOOLS,2019-08,5,104849.08
044255,LONDON CITY SCHOOL DISTRICT,2019-08,2,58951.21
044263,LORAIN CITY SCHOOLS,2019-08,1,171564.98
044271,LOVELAND CITY SCHOOL DISTRICT,2019-08,3,126041.04
044289,MADEIRA CITY SCHOOLS,2019-08,1,42190.62
044297,MANSFIELD BOARD OF EDUCATION,2019-08,1,87161.49
044305,MAPLE HEIGHTS BOARD OF,2019-08,1,97686.53
044313,MARIEMONT CITY SCHOOL DISTRICT,2019-08,2,45769.29
044321,MARIETTA CITY SCHOOL DISTRICT,2019-08,1,74779.27
044339,MARION CITY SCHOOLS,2019-08,1,120259.44
044347,MARTINS FERRY CITY SCHOOL,2019-08,2,40357.47
044354,MASSILLON CITY SCHOOL DISTRICT,2019-08,1,105992.05
044362,MAUMEE CITY SCHOOL DISTRICT,2019-08,2,64306.59
044370,MAYFIELD CITY SCHOOL DISTRICT,2019-08,3,111930.48
044388,MEDINA CITY SCHOOLS,2019-08,1,188319.02
044396,MIAMISBURG CITY SCHOOLS,2019-08,1,145974.9
044404,MIDDLETOWN CITY SCH DIST.,2019-08,2,175470.17
044412,MOUNT HEALTHY CITY SCH DIST.,2019-08,1,88702.13
044420,MOUNT VERNON CITY SCHOOL,2019-08,2,108262.77
044438,NAPOLEON CITY SCHOOL DISTRICT,2019-08,3,53840.4
044446,NELSONVILLE YORK CITY SCHOOL,2019-08,3,33264.34
044453,NEWARK CITY SCHOOL DISTRICT,2019-08,1,176792.17
044461,NEW BOSTON BOARD OF EDUCATION,2019-08,1,11569.64
044479,NEW LEXINGTON CITY SCHOOLS,2019-08,3,47234.69
044487,NEW PHILADELPHIA CITY SCHOOLS,2019-08,1,86894.47
044495,NILES CITY SCHOOLS,2019-08,1,64260.75
044503,NORTH CANTON CITY SCHOOLS,2019-08,2,116166.55
044511,NORTH COLLEGE HILL CITY SCH,2019-08,1,45575.78
044529,NORTH OLMSTED CITY SCHOOL,2019-08,1,103039.41
044537,NORTH RIDGEVILLE CITY SCH DIST,2019-08,2,122082.5
044545,NORTH ROYALTON CITY SCHOOL,2019-08,1,110993.03
044552,NORTON CITY SCHOOLS,2019-08,3,66513.11
044560,NORWALK BOARD OF EDUCATION,2019-08,2,76586.55
044578,NORWOOD CITY SCHOOL DISTRICT,2019-08,1,50859.93
044586,OAKWOOD CITY SCHOOLS,2019-08,1,55777.46
044594,OBERLIN CITY SCHOOL DISTRICT,2019-08,1,26970.43
044602,OREGON CITY SCHOOLS,2019-08,3,98404.77
044610,ORRVILLE CITY SCHOOL DISTRICT,2019-08,1,45601
044628,PAINESVILLE CITY LOCAL SCHOOLS,2019-08,1,80325.4
044636,PARMA CITY SCHOOL DISTRICT,2019-08,1,267203.43
044644,PIQUA CITY SCHOOL DISTRICT,2019-08,2,95262.01
044651,PORT CLINTON CITY SCHOOLS,2019-08,2,45504.04
044669,PORTSMOUTH CITY SCHOOL,2019-08,1,47700.59
044677,PRINCETON CITY SCHOOL DISTRICT,2019-08,3,157212.32
044685,RAVENNA CITY SCHOOL DISTRICT,2019-08,1,63938.85
044693,READING BOARD OF EDUCATION,2019-08,1,43126.36
044701,ROCKY RIVER CITY SCHOOL,2019-08,1,73894.44
044719,ST BERNARD ELMWOOD PLACE CITY,2019-08,1,25842.79
044727,ST MARYS CITY BOARD OF,2019-08,2,55374.63
044735,SALEM CITY SCHOOL DISTRICT,2019-08,2,57429.84
044743,SANDUSKY BOARD OF EDUCATION,2019-08,1,85232.05
044750,SHAKER HEIGHTS BOARD OF,2019-08,1,133257.71
044768,SHEFFIELD SHEFFLD LAKE CITY,2019-08,1,46978.09
044776,SHELBY CITY BOARD OF EDU,2019-08,2,54366.05
044784,SIDNEY CITY SCHOOL DISTRICT,2019-08,2,92660.37
044792,SOUTH EUCLID LYNDHURST CITY,2019-08,1,91810.75
044800,SOUTH-WESTERN CITY SCHOOLS,2019-08,2,615051.97
044818,SPRINGFIELD CITY SCHOOLS,2019-08,1,201853.4
044826,STEUBENVILLE CITY SCHOOL,2019-08,1,65359.24
044834,STOW-MUNROE FALLS CITY,2019-08,2,145565.64
044842,STRONGSVILLE CITY SCHOOLS,2019-08,3,150623.89
044859,STRUTHERS CITY SCHOOL DISTRICT,2019-08,1,50143.1
044867,SYCAMORE COMMUNITY SCHOOL DIST,2019-08,3,151562.27
044875,SYLVANIA CITY SCHOOL DISTRICT,2019-08,1,213978.27
044883,TALLMADGE CITY SCHOOL DISTRICT,2019-08,2,66364.13
044891,TIFFIN CITY SCHOOLS,2019-08,1,73423.79
044909,TOLEDO PUBLIC SCHOOLS,2019-08,2,606281.58
044917,TORONTO CITY SCHOOL DISTRICT,2019-08,1,23486.33
044925,TROY CITY SCHOOLS,2019-08,1,123556.68
044933,UPPER ARLINGTON CITY SCHOOLS,2019-08,1,171863.35
044941,URBANA CITY SCHOOLS,2019-08,2,54829.87
044958,VANDALIA-BUTLER CITY SCHOOLS,2019-08,1,82067.82
044966,VAN WERT CITY SCHOOLS,2019-08,2,54997.96
044974,WADSWORTH CITY SCHOOLS,2019-08,3,126638.33
044982,WAPAKONETA CITY SCHOOL,2019-08,4,86367.8
044990,WARREN CITY SCHOOL DISTRICT,2019-08,1,127860.13
045005,WARRENSVILLE HEIGHTS CITY,2019-08,1,44309.15
045013,WASHINGTON COURTHOUSE CITY,2019-08,1,61036.3
045021,WELLSTON CITY SCHOOLS,2019-08,2,38544.86
045039,WELLSVILLE LOCAL SCHOOL,2019-08,2,19288.85
045047,WESTERVILLE CITY SCHOOL,2019-08,2,416439.81
045054,WEST CARROLLTON CITY SCHOOL,2019-08,1,96949.16
045062,WESTLAKE CITY SCHOOL DISTRICT,2019-08,1,94370.22
045070,WHITEHALL CITY SCHOOL DISTRICT,2019-08,1,93832.49
045088,WICKLIFFE CITY SCHOOL DISTRICT,2019-08,2,36263.51
045096,WILLARD CITY SCHOOL DISTRICT,2019-08,3,41051.13
045104,WILLOUGHBY-EASTLAKE CITY,2019-08,2,212937.65
045112,WILMINGTON CITY SCHOOLS,2019-08,2,76607.1
045120,WOOSTER CITY SCHOOL DISTRICT,2019-08,1,96026.76
045138,WORTHINGTON BOARD OF EDUCATION,2019-08,2,280988.19
045146,WYOMING CITY SCHOOLS,2019-08,1,55345.95
045153,XENIA COMMUNITY SCHOOLS,2019-08,3,113738
045161,YOUNGSTOWN CITY SCHOOLS,2019-08,2,136449.44
045179,ZANESVILLE CITY SCHOOLS,2019-08,1,89131.1
045187,ADA EXEMPTED VILLAGE SCHOOLS,2019-08,3,24753.85
045195,AMHERST EXEMPTED VILLAGE,2019-08,1,99680.52
045203,BARNESVILLE EXEMPTED VILLAGE,2019-08,5,37553.22
045211,BLUFFTON EXEMPTED VILLAGE,2019-08,4,32652.02
045229,BRADFORD EXEMPTED VILLAGE,2019-08,3,14013.07
045237,BRIDGEPORT EXEMPTED VILLAGE,2019-08,1,21210.4
045245,HARRISON HILLS CITY SCHOOL,2019-08,5,43920.21
045252,CALDWELL EXEMPTED VILLAGE,2019-08,2,23585.21
045260,CAREY EXEMPT VILLAGE SCHOOL,2019-08,3,23227.49
045278,CARROLLTON EXEMPTED VILLAGE,2019-08,5,54896.33
045286,CHAGRIN FALLS EXEMPTED VILLAGE,2019-08,2,50487.24
045294,CHESAPEAKE UNION EXEMPTED,2019-08,1,37779.2
045302,CLYDE GREEN SPRINGS EXEMPTED,2019-08,2,60588.87
045310,COLDWATER EXEMPTED VILLAGE,2019-08,1,37320.71
045328,COLUMBIANA EXEMPTED VILLAGE,2019-08,2,28752.88
045336,COVINGTON EXEMPTED VILLAGE,2019-08,2,22785.23
045344,CRESTLINE EXEMPTED VILLAGE,2019-08,2,15151.03
045351,CROOKSVILLE EXEMPTED VILLAGE,2019-08,2,28314.58
045369,FAIRPORT HARBOR EXEMPTED,2019-08,1,19537.12
045377,GEORGETOWN EXEMPTED VILLAGE,2019-08,1,29966.95
045385,GIBSONBURG EXEMPTED VILLAGE,2019-08,2,23407.44
045393,GRANVILLE EXEMPTED VILLAGE,2019-08,1,69834.98
045401,GREENFIELD EXEMPTED VILLAGE,2019-08,3,50723.64
045419,HICKSVILLE EXEMPTED VILLAGE,2019-08,2,26348.3
045427,HUBBARD SCHOOL DISTRICT,2019-08,2,54074.44
045435,INDIAN HILL EXEMPTED VILLAGE,2019-08,1,56997.24
045443,LEETONIA EXEMPTED VILLAGE,2019-08,2,17887.02
045450,LISBON EXEMPTED VILLAGE,2019-08,1,23863.04
045468,LOUDONVILLE PERRYSVILLE,2019-08,4,30463.08
045476,MARYSVILLE EXEMPTED VILLAGE,2019-08,4,145859.45
045484,MECHANICSBURG EXEMPTED VILLAGE,2019-08,3,24837.27
045492,MENTOR EXEMPTED VILLAGE,2019-08,2,208074.63
045500,MILFORD EXEMPTED VILLAGE,2019-08,2,183995.3
045518,MILTON-UNION EXEMPTED VILLAGE,2019-08,3,41721.57
045526,MONTPELIER EXEMPTED VILLAGE,2019-08,1,25408.6
045534,MOUNT GILEAD EXEMPTED,2019-08,2,31084.7
045542,NEWCOMERSTOWN EXEMPTED VILLAGE,2019-08,3,27143.54
045559,NEW RICHMOND EXEMPTED,2019-08,1,65108.22
045567,NEWTON FALLS EXEMPTED VILLAGE,2019-08,3,28273.9
045575,PAULDING EXEMPTED VILLAGE SCH,2019-08,3,38477.43
045583,PERRYSBURG EXEMPTED VILLAGE,2019-08,2,148858.11
045591,RITTMAN EXEMPTED VILLAGE,2019-08,2,28783.95
045609,ROSSFORD EXEMPTED VILLAGE,2019-08,2,44632.29
045617,TIPP CITY EXEMPTED VILLAGE,2019-08,2,70844.06
045625,UPPER SANDUSKY E V SCHOOLS,2019-08,4,45227.08
045633,VERSAILLES EXEMPTED VILLAGE,2019-08,2,36413.32
045641,WAUSEON EXEMPTED VILLAGE,2019-08,2,50965.79
045658,WELLINGTON EXEMPTED VILLAGE,2019-08,2,30393.72
045666,WINDHAM EXEMPTED VILLAGE,2019-08,2,12975.79
045674,YELLOW SPRINGS EXEMPTED,2019-08,2,18849.58
045757,ALLEN EAST LOCAL SCHOOL,2019-08,2,30655.05
045765,BATH LOCAL SCHOOL DISTRICT,2019-08,1,51138.72
045773,ELIDA BOARD OF EDUCATION,2019-08,2,66922.66
045781,PERRY LOCAL SCHOOL DISTRICT,2019-08,2,21672.02
045799,SHAWNEE LOCAL SCHOOL DISTRICT,2019-08,2,69687.87
045807,SPENCERVILLE LOCAL SCHOOL,2019-08,4,27718.71
045823,HILLSDALE SCHOOLS,2019-08,3,23526.63
045831,MAPLETON LOCAL SCHOOL DISTRICT,2019-08,3,25695.78
045856,BUCKEYE LOCAL SCHOOL DISTRICT,2019-08,1,49854.33
045864,GRAND VALLEY LOCAL SCHOOL,2019-08,3,31472.58
045872,JEFFERSON AREA LOCAL SCHOOL,2019-08,1,48696.84
045880,PYMATUNING VALLEY LOCAL,2019-08,2,31858.24
045906,ALEXANDER LOCAL SCHOOL,2019-08,3,42360.27
045914,FEDERAL HOCKING LOCAL SCHOOL,2019-08,4,29054.23
045922,TRIMBLE LOCAL SCHOOL DISTRICT,2019-08,3,23370.41
045948,MINSTER LOCAL SCHOOL DISTRICT,2019-08,4,23483.92
045955,NEW BREMEN LOCAL SCHOOL,2019-08,3,21153.87
045963,NEW KNOXVILLE LOCAL SCHOOL,2019-08,2,10996.34
045971,WAYNESFIELD-GOSHEN LOCAL,2019-08,4,12977.1
045997,ST CLAIRSVILLE RICHLAND CITY,2019-08,3,47780.78
046003,SHADYSIDE LOCAL BOARD OF EDU,2019-08,1,21623.59
046011,UNION LOCAL SCHOOL DISTRICT,2019-08,2,40854.71
046037,EASTERN LOCAL SCHOOL DISTRICT,2019-08,3,36750.77
046045,FAYETTEVILLE-PERRY LOCAL,2019-08,4,23191.43
046060,WESTERN BROWN LOCAL SCHOOL,2019-08,3,85171.53
046078,RIPLEY UNION LEWIS HUNTINGTON,2019-08,3,22524.35
046094,EDGEWOOD CITY SCHOOL DISTRICT,2019-08,2,104477.18
046102,FAIRFIELD CITY SCHOOL DISTRICT,2019-08,2,277402.18
046110,LAKOTA LOCAL SCHOOL DISTRICT,2019-08,3,463278.1
046128,MADISON LOCAL SCHOOL DISTRICT,2019-08,2,41498.03
046136,NEW MIAMI LOCAL SCHOOL,2019-08,1,17320.63
046144,ROSS LOCAL SCHOOL DISTRICT,2019-08,2,77818.6
046151,TALAWANDA CITY SCHOOL DISTRICT,2019-08,2,85010.21
046177,BROWN LOCAL SCHOOL DISTRICT,2019-08,2,18507.63
046193,GRAHAM LOCAL SCHOOL DISTRICT,2019-08,5,50038.74
046201,TRIAD LOCAL SCHOOLS,2019-08,3,24171.35
046219,WEST LIBERTY SALEM LOCAL,2019-08,2,33421.94
046235,GREENON LOCAL SCHOOLS,2019-08,2,44161.51
046243,TECUMSEH LOCAL SCHOOL DISTRICT,2019-08,4,83780.54
046250,NORTHEASTERN LOCAL SCHOOL,2019-08,3,88658.44
046268,NORTHWESTERN LOCAL SCHOOL,2019-08,3,46370.33
046276,SOUTHEASTERN LOCAL SCHOOL,2019-08,3,21076.72
046284,CLARK-SHAWNEE LOCAL SCHOOL,2019-08,1,53886.35
046300,BATAVIA LOCAL SCHOOL DISTRICT,2019-08,1,64360.49
046318,BETHEL-TATE LOCAL SCHOOLS,2019-08,2,44890.7
046326,CLERMONT NORTHEASTERN SCHOOL,2019-08,2,40293.67
046334,FELICITY-FRANKLIN LOCAL,2019-08,2,22597.23
046342,GOSHEN LOCAL SCHOOLS,2019-08,2,78330.75
046359,WEST CLERMONT LOCAL SCH DIST.,2019-08,2,230051.69
046367,WILLIAMSBURG LOCAL SCHOOL,2019-08,2,29381.17
046383,BLANCHESTER LOCAL SCHOOL,2019-08,5,42485.45
046391,CLINTON-MASSIE LOCAL SCHOOL,2019-08,3,48331.75
046409,EAST CLINTON LOCAL SCHOOL,2019-08,4,35005.55
046425,BEAVER LOCAL SCHOOL DISTRICT,2019-08,1,49792.75
046433,CRESTVIEW LOCAL SCHOOL,2019-08,2,34556.86
046441,SOUTHERN LOCAL SCHOOL DISTRICT,2019-08,3,22761.57
046458,UNITED LOCAL SCHOOL DISTRICT,2019-08,2,32075.63
046474,RIDGEWOOD LOCAL BOARD OF,2019-08,3,36107.21
046482,RIVER VIEW LOCAL SCHOOL,2019-08,5,54237.37
046508,BUCKEYE CENTRAL LOCAL SCHOOL,2019-08,4,17897.17
046516,COLONEL CRAWFORD LOCAL SCHOOLS,2019-08,3,26411.43
046524,WYNFORD LOCAL SCHOOL DISTRICT,2019-08,4,32424.48
046557,CUYAHOGA HEIGHTS LOCAL SCHOOL,2019-08,2,21136.32
046565,INDEPENDENCE LOCAL SCHOOLS,2019-08,1,29255.05
046573,OLMSTED FALLS BOARD OF,2019-08,2,99351.53
046581,ORANGE CITY SCHOOL DISTRICT,2019-08,2,54409.78
046599,RICHMOND HEIGHTS LOCAL SCHOOL,2019-08,1,20943.64
046607,SOLON BOARD OF EDUCATION,2019-08,3,124754.11
046623,ANSONIA LOCAL SCHOOL DISTRICT,2019-08,1,20030.46
046631,ARCANUM BUTLER LOCAL SCHOOL,2019-08,1,30418.67
046649,FRANKLIN MONROE LOCAL SCHOOL,2019-08,2,17461.72
046672,MISSISSINAWA VALLEY LOCAL,2019-08,1,17737.32
046680,TRI-VILLAGE LOCAL SCHOOL DIST,2019-08,2,22271.5
046706,AYERSVILLE LOCAL SCH DIST.,2019-08,4,20963.97
046714,CENTRAL LOCAL SCHOOL DISTRICT,2019-08,3,28613.73
046722,NORTHEASTERN LOCAL SCHOOL,2019-08,3,31846.33
046748,BIG WALNUT LOCAL SCHOOLS,2019-08,4,102198.18
046755,BUCKEYE VALLEY LOCAL SCHOOL,2019-08,4,61100.22
046763,OLENTANGY LOCAL SCHOOLS,2019-08,2,594408.05
046789,EDISON LOCAL SCHOOLS,2019-08,2,40555.38
046797,KELLEYS ISLAND SCHOOL,2019-08,1,138.23
046805,MARGARETTA LOCAL SCHOOL DIST,2019-08,2,32011.86
046813,PERKINS LOCAL SCHOOL DISTRICT,2019-08,1,52333.53
046821,VERMILION LOCAL SCH DIST.,2019-08,2,51495.24
046847,AMANDA-CLEARCREEK LOCAL SCHOOL,2019-08,3,41844.55
046854,BERNE UNION LOCAL SCHOOLS,2019-08,2,22827.39
046862,BLOOM CARROLL LOCAL SCHOOL,2019-08,2,58683.66
046870,FAIRFIELD UNION LOCAL SCHOOL,2019-08,3,54697.42
046888,LIBERTY UNION THURSTON LOCAL,2019-08,1,35118.84
046896,PICKERINGTON LOCAL SCHOOL DIST,2019-08,3,296405.57
046904,WALNUT TOWNSHIP LOCAL SCHOOL,2019-08,3,13948.47
046920,MIAMI TRACE LOCAL SCH DIST.,2019-08,7,72808.08
046946,CANAL WINCHESTER LOCAL SCHOOL,2019-08,2,108707.39
046953,HAMILTON LOCAL SCHOOLS,2019-08,2,84431.34
046961,GAHANNA-JEFFERSON CITY SCHOOL,2019-08,1,212606.22
046979,GROVEPORT MADISON LOCAL,2019-08,3,165187.9
046995,NEW ALBANY PLAIN LOCAL SCHOOL,2019-08,3,131671.62
047001,REYNOLDSBURG CITY SCHOOLS,2019-08,3,213179.66
047019,HILLIARD CITY SCHOOL DISTRICT,2019-08,2,451695.56
047027,DUBLIN CITY SCHOOLS,2019-08,3,447444.7
047043,ARCHBOLD AREA LOCAL SCHOOLS,2019-08,4,35138.52
047050,EVERGREEN LOCAL SCHOOL,2019-08,2,32513.46
047068,FAYETTE LOCAL SCHOOL DISTRICT,2019-08,2,10292.47
047076,PETTISVILLE LOCAL SCHOOL,2019-08,2,14941.52
047084,PIKE DELTA YORK LOCAL SCHOOLS,2019-08,3,34999.22
047092,SWANTON LOCAL SCHOOL DISTRICT,2019-08,3,36069.72
047167,BERKSHIRE BOARD OF EDUCATION,2019-08,2,35815.55
047175,CARDINAL LOCAL SCHOOL DISTRICT,2019-08,4,25309.85
047183,CHARDON BOARD OF EDUCATION,2019-08,2,77557.12
047191,KENSTON LOCAL SCHOOL DISTRICT,2019-08,3,73835.02
047217,NEWBURY BOARD OF EDUCATION,2019-08,1,9705.05
047225,WEST GEAUGA LOCAL SCHOOL,2019-08,3,52077.35
047241,BEAVERCREEK CITY SCHOOLS,2019-08,2,221933.18
047258,CEDARCLIFF LOCAL BOARD OF,2019-08,2,17995.52
047266,GREENEVIEW LOCAL SCHOOL,2019-08,3,38697.13
047274,SUGARCREEK LOCAL SCHOOL,2019-08,3,77358.44
047308,ROLLING HILLS LOCAL SCHOOL,2019-08,3,45479.63
047332,FINNEYTOWN LOCAL SCHOOL,2019-08,1,39576.07
047340,FOREST HILLS LOCAL SCHOOL,2019-08,2,202834.92
047365,NORTHWEST LOCAL SCHOOL,2019-08,2,247942.35
047373,OAK HILLS LOCAL SCHOOL DISTICT,2019-08,1,213650.21
047381,SOUTHWEST LOCAL SCHOOL DIST,2019-08,2,111078.55
047399,THREE RIVERS LOCAL SCHOOL DIST,2019-08,1,60795.22
047415,ARCADIA LOCAL SCHOOL DISTRICT,2019-08,3,16082.92
047423,ARLINGTON LOCAL SCHOOL,2019-08,2,15614.57
047431,CORY-RAWSON LOCAL SCHOOLS,2019-08,3,14645.85
047449,LIBERTY-BENTON LOCAL SCHOOL,2019-08,1,40796.35
047456,MCCOMB LOCAL SCHOOL DISTRICT,2019-08,4,18596.58
047464,VAN BUREN LOCAL SCHOOL,2019-08,2,29871.35
047472,VANLUE LOCAL SCHOOL DISTRICT,2019-08,3,4986.36
047498,HARDIN NORTHERN LOCAL SCHOOL,2019-08,2,11105.91
047506,RIDGEMONT LOCAL SCHOOL,2019-08,4,14696.75
047514,RIVERDALE LOCAL SCHOOL,2019-08,3,28899.33
047522,UPPER SCIOTO VALLEY LOCAL,2019-08,4,12680.51
047548,CONOTTON VALLEY LOCAL SCHOOL,2019-08,3,11694.86
047571,HOLGATE LOCAL SCHOOL DISTRICT,2019-08,3,12317.99
047589,LIBERTY CENTER LOCAL SCHOOL,2019-08,3,29339.79
047597,PATRICK HENRY LOCAL SCHOOL,2019-08,3,25159.61
047613,BRIGHT LOCAL SCHOOL DISTRICT,2019-08,3,19461.85
047621,FAIRFIELD LOCAL SCHOOL,2019-08,3,25881.88
047639,LYNCHBURG-CLAY LOCAL SCHOOL,2019-08,3,31477.63
047688,EAST HOLMES LOCAL SCHOOL,2019-08,5,45971.34
047696,WEST HOLMES LOCAL SCHOOL,2019-08,5,61086.45
047712,MONROEVILLE LOCAL SCHOOL,2019-08,2,16462.9
047720,NEW LONDON LOCAL SCHOOL,2019-08,3,24210.3
047738,SOUTH CENTRAL LOCAL SCHOOL,2019-08,3,20814.91
047746,WESTERN RESERVE BD OF EDUC,2019-08,3,29462.07
047761,OAK HILL UNION LOCAL SCHOOL,2019-08,5,34393.61
047787,BUCKEYE LOCAL SCHOOL DISTRICT,2019-08,3,43055.58
047795,EDISON LOCAL SCHOOLS,2019-08,4,40695.55
047803,INDIAN CREEK SCHOOL DISTRICT,2019-08,2,55702.18
047829,CENTERBURG LOCAL SCHOOL,2019-08,4,32305
047837,DANVILLE LOCAL SCHOOL DISTRICT,2019-08,4,17345.41
047845,EAST KNOX LOCAL SCHOOL,2019-08,3,27055.63
047852,FREDERICKTOWN LOCAL SCHOOL,2019-08,3,35631.57
047878,KIRTLAND LOCAL BOARD OF,2019-08,2,32460.86
047886,MADISON LOCAL SCHOOL DISTRICT,2019-08,3,82228.63
047894,RIVERSIDE LOCAL SCH DIST.,2019-08,2,112869
047902,PERRY LOCAL SCHOOL DISTRICT,2019-08,1,45108.98
047928,DAWSON BRYANT LOCAL SCHOOL,2019-08,1,31170.59
047936,FAIRLAND LOCAL SCHOOL DISTRICT,2019-08,2,43895.94
047944,ROCK HILL LOCAL SCHOOL,2019-08,2,38634.2
047951,SOUTH POINT LOCAL SCHOOLS,2019-08,1,44002.31
047969,SYMMES VALLEY LOCAL SCHOOLS,2019-08,2,22031.34
047985,JOHNSTOWN MONROE LOCAL SCHOOL,2019-08,3,47291.12
047993,LAKEWOOD LOCAL SCHOOL DISTRICT,2019-08,3,50268.67
048009,LICKING HEIGHTS LOCAL SCHOOLS,2019-08,2,124093.03
048017,LICKING VALLEY LOCAL SCHOOL,2019-08,2,58153.07
048025,NORTH FORK LOCAL SCHOOL,2019-08,2,46083.67
048033,NORTHRIDGE LOCAL SCHOOL,2019-08,3,32525.98
048041,SOUTHWEST LICKING LOCAL SCHOOL,2019-08,2,117375.25
048074,BENJAMIN LOGAN LOCAL SCHOOL,2019-08,4,48494.82
048082,INDIAN LAKE LOCAL SCHOOL,2019-08,4,41893.19
048090,RIVERSIDE LOCAL SCHOOL,2019-08,3,17934.27
048116,AVON LOCAL SCHOOL DISTRICT,2019-08,2,122963.16
048124,AVON LAKE CITY SCHOOLS,2019-08,2,105239.73
048132,CLEARVIEW BOARD OF EDUCATION,2019-08,1,46510.24
048140,COLUMBIA LOCAL SCHOOL DISTRICT,2019-08,3,24329.88
048157,FIRELANDS LOCAL SCHOOL,2019-08,3,47273.9
048165,KEYSTONE LOCAL SCHOOLS,2019-08,2,43016.08
048173,MIDVIEW LOCAL SCHOOL DISTRICT,2019-08,2,81049.67
048207,ANTHONY WAYNE LOCAL SCHOOLS,2019-08,3,122055.28
048215,OTTAWA HILLS LOCAL SCHOOL,2019-08,1,27370.92
048223,SPRINGFIELD LOCAL SCH DIST.,2019-08,1,103226.67
048231,WASHINGTON LOCAL SCHOOL,2019-08,1,191927.18
048256,JEFFERSON LOCAL SCHOOL,2019-08,2,33767.22
048264,JONATHAN ALDER LOCAL SCHOOL,2019-08,3,61771.99
048272,MADISON PLAINS LOCAL SCHOOL,2019-08,6,34152.65
048298,AUSTINTOWN LOCAL SCHOOL,2019-08,2,128050.03
048306,BOARDMAN LOCAL SCHOOL DISTRICT,2019-08,1,114956.16
048314,CANFIELD LOCAL SCHOOL DISTRICT,2019-08,1,72272.37
048322,JACKSON-MILTON LOCAL SCHOOL,2019-08,3,22068
048330,LOWELLVILLE LOCAL SCHOOLS,2019-08,1,14062.17
048348,POLAND LOCAL SCHOOL DISTRICT,2019-08,1,50419.37
048355,SEBRING LOCAL SCHOOL DISTICT,2019-08,1,11327.09
048363,SOUTH RANGE LOCAL SCHOOL,2019-08,2,35717.49
048371,SPRINGFIELD LOCAL BOARD OF EDU,2019-08,2,27405.75
048389,WEST BRANCH LOCAL SCHOOL,2019-08,4,55523.39
048397,WESTERN RESERVE LOCAL SCHOOLS,2019-08,2,18289.48
048413,ELGIN LOCAL SCHOOL DISTRICT,2019-08,4,30023.66
048421,PLEASANT LOCAL SCHOOL DISTRICT,2019-08,1,34241.69
048439,RIDGEDALE LOCAL SCHOOLS,2019-08,3,18367.68
048447,RIVER VALLEY LOCAL SCHOOL DIST,2019-08,4,54620.72
048462,BLACK RIVER LOCAL SCHOOL,2019-08,4,30368.18
048470,BUCKEYE LOCAL SCHOOL DISTRICT,2019-08,3,66064.46
048488,CLOVERLEAF LOCAL SCHOOL,2019-08,2,65320.72
048496,HIGHLAND LOCAL SCHOOL DISTRICT,2019-08,2,89962.62
048512,EASTERN LOCAL SCHOOL DISTRICT,2019-08,1,20911.15
048520,MEIGS LOCAL SCHOOL DISTRICT,2019-08,3,48365.18
048538,SOUTHERN LOCAL SCHOOL DISTRICT,2019-08,1,19163.93
048553,MARION LOCAL BOARD OF,2019-08,3,23981.12
048579,PARKWAY SCHOOL BOARD OF EDUC,2019-08,3,28489.33
048587,ST HENRY CONSOLIDATED LOCAL,2019-08,2,26381.62
048595,FORT RECOVERY LOCAL SCHOOL,2019-08,2,25967.34
048611,BETHEL LOCAL SCHOOL DISTRICT,2019-08,3,43052.8
048629,MIAMI EAST LOCAL SCHOOLS,2019-08,4,38161.29
048637,NEWTON LOCAL SCHOOL DISTRICT,2019-08,2,17172.68
048652,SWITZERLAND OF OHIO LOCAL,2019-08,4,57729.07
048678,BROOKVILLE LOCAL SCHOOL,2019-08,2,42279.02
048686,JEFFERSON TOWNSHIP LOCAL,2019-08,1,7826.48
048694,TROTWOOD MADISON CITY SCHOOLS,2019-08,1,72642.98
048702,MAD RIVER LOCAL SCHOOL,2019-08,2,102653.7
048710,NEW LEBANON LOCAL SCHOOLS,2019-08,2,31061.14
048728,NORTHMONT CITY SCHOOLS,2019-08,3,139362.26
048736,NORTHRIDGE LOCAL SCHOOL,2019-08,1,42522.05
048744,VALLEY VIEW LOCAL SCHOOL,2019-08,3,49549.68
048751,HUBER HEIGHTS CITY SCHOOLS,2019-08,4,163171.33
048777,MORGAN LOCAL SCHOOL DISTRICT,2019-08,5,47805.26
048793,CARDINGTON LINCOLN LOCAL,2019-08,2,28126.71
048801,HIGHLAND LOCAL SCHOOL DISTRICT,2019-08,3,49707.56
048819,NORTHMOR LOCAL SCHOOLS,2019-08,4,30338.3
048835,EAST MUSKINGUM SCHOOL DISTRICT,2019-08,2,61518.86
048843,FRANKLIN LOCAL SCHOOL DISTRICT,2019-08,3,56024.14
048850,MAYSVILLE LOCAL SCHOOL DIST,2019-08,2,58383.04
048876,TRI-VALLEY LOCAL SCHOOLS,2019-08,3,86532
048884,WEST MUSKINGUM LOCAL SCHOOL,2019-08,3,39872.09
048900,NOBLE LOCAL SCHOOL DISTRICT,2019-08,5,25243.39
048926,BENTON CARROLL SALEM LOCAL,2019-08,3,43155.8
048934,DANBURY LOCAL SCHOOLS,2019-08,1,13151.06
048942,GENOA AREA LOCAL SCHOOL,2019-08,4,37816.69
048975,PUT-IN-BAY LOCAL SCHOOL,2019-08,1,1768.21
048991,ANTWERP LOCAL SCHOOL DISTRICT,2019-08,2,19908.47
049031,WAYNE TRACE LOCAL SCHOOL,2019-08,3,26563.24
049056,NORTHERN LOCAL SCHOOL DISTRICT,2019-08,4,62942.6
049064,SOUTHERN LOCAL SCHOOL DISTRICT,2019-08,4,18905.68
049080,LOGAN ELM LOCAL SCHOOL DIST,2019-08,5,50917.27
049098,TEAYS VALLEY BOARD OF EDU,2019-08,3,113978.69
049106,WESTFALL LOCAL SCHOOL DISTRICT,2019-08,3,39324.74
049122,EASTERN LOCAL SCHOOL DISTRICT,2019-08,3,25101.24
049130,SCIOTO VALLEY LOCAL SCHOOL,2019-08,3,37137.49
049148,WAVERLY CITY SCHOOLS,2019-08,3,53155.28
049155,WESTERN LOCAL SCHOOL DISTRICT,2019-08,4,21928.34
049171,AURORA BOARD OF EDUCATION,2019-08,4,81027.79
049189,CRESTWOOD LOCAL SCHOOLS,2019-08,2,46822.18
049197,FIELD LOCAL SCHOOL DISTRICT,2019-08,3,54993.32
049205,JAMES A GARFIELD LOCAL SCHOOLS,2019-08,3,38350.04
049213,ROOTSTOWN LOCAL SCHOOL,2019-08,1,33041.76
049221,SOUTHEAST LOCAL SCHOOLS,2019-08,3,43388.8
049239,STREETSBORO CITY SCHOOLS,2019-08,2,60797.12
049247,WATERLOO LOCAL BOARD OF EDU,2019-08,2,28998.38
049270,NATIONAL TRAIL LOCAL SD,2019-08,2,29062.22
049288,PREBLE SHAWNEE LOCAL SCHOOLS,2019-08,3,38937.95
049296,TWIN VALLEY COMMUNITY LOCAL,2019-08,2,23933.64
049312,COLUMBUS GROVE LOCAL SCHOOL,2019-08,2,24142.87
049320,CONTINENTAL LOCAL SCHOOL,2019-08,3,13660.33
049338,JENNINGS LOCAL SCHOOL DISTRICT,2019-08,3,10728.98
049346,KALIDA LOCAL SCHOOL DISTRICT,2019-08,1,16787.57
049353,LEIPSIC LOCAL SCHOOL DISTRICT,2019-08,2,17921.55
049361,MILLER CITY-NEW CLEVELAND,2019-08,1,13192.21
049379,OTTAWA GLANDORF LOCAL SCHOOL,2019-08,1,42010.42
049387,OTTOVILLE LOCAL SCHOOL,2019-08,3,12719.08
049395,PANDORA-GILBOA LOCAL BOARD OF,2019-08,3,14547.58
049411,CLEARFORK VALLEY LOCAL SCHOOL,2019-08,3,47410.3
049429,CRESTVIEW LOCAL SCHOOL,2019-08,3,30650.88
049437,LEXINGTON LOCAL SCH DIST.,2019-08,2,68252.77
049445,LUCAS LOCAL SCHOOL DISTRICT,2019-08,2,15912.84
049452,MADISON LOCAL SCHOOLS,2019-08,2,79799.38
049460,PLYMOUTH-SHILOH LOCAL SCHOOLS,2019-08,3,20880.8
049478,ONTARIO LOCAL SCHOOLS,2019-08,2,57457.63
049494,ADENA LOCAL SCHOOL DISTRICT,2019-08,3,33927.27
049502,HUNTINGTON LOCAL SCH DIST.,2019-08,2,32088.66
049510,PAINT VALLEY LOCAL SCHOOL,2019-08,3,24584.85
049528,SOUTHEASTERN LOCAL SCHOOL,2019-08,4,30681.71
049536,UNION-SCIOTO LOCAL SCHOOL,2019-08,2,60794.89
049544,ZANE TRACE LOCAL SCHOOL,2019-08,3,37433.7
049569,LAKOTA LOCAL SCHOOLS,2019-08,3,30227.13
049577,WOODMORE LOCAL SCHOOL DISTRICT,2019-08,3,26333.01
049593,BLOOM-VERNON LOCAL SCHOOL,2019-08,3,24161.54
049601,CLAY LOCAL SCHOOL DISTRICT,2019-08,1,18942.18
049619,GREEN LOCAL SCHOOL DISTRICT,2019-08,2,16288.31
049627,MINFORD LOCAL SCHOOL DISTRICT,2019-08,2,36711.31
049635,NORTHWEST LOCAL SCHOOL DIST,2019-08,3,39188.79
049643,VALLEY LOCAL SCHOOL DISTRICT,2019-08,2,29632.38
049650,WASHINGTON NILES LOCAL SCHOOL,2019-08,2,40764.28
049668,WHEELERSBURG LOCAL SCHOOL,2019-08,1,43434.46
049684,SENECA EAST LOCAL SCHOOL,2019-08,3,24940.89
049700,HOPEWELL-LOUDON LOCAL SCHOOL,2019-08,2,22638.94
049718,NEW RIEGEL LOCAL SCHOOL,2019-08,1,10212.35
049726,OLD FORT LOCAL SCHOOL DISTRICT,2019-08,2,17816.61
049759,ANNA LOCAL BOARD OF EDUCAION,2019-08,1,33090.9
049767,BOTKINS LOCAL SCHOOL DISTRICT,2019-08,2,17685.58
049775,FAIRLAWN LOCAL SCHOOL DISTRICT,2019-08,4,16934.52
049783,FORT LORAMIE LOCAL SCHOOL,2019-08,2,22235.26
049791,HARDIN-HOUSTON LOCAL SCHOOL,2019-08,2,24303.68
049809,JACKSON CENTER LOCAL SCHOOL,2019-08,3,15075.15
049817,RUSSIA LOCAL SCHOOL DISTRICT,2019-08,2,11353.33
049833,CANTON LOCAL SCHOOL DISTRICT,2019-08,1,49797.52
049841,FAIRLESS LOCAL BOARD OF,2019-08,4,44034.09
049858,JACKSON LOCAL SCHOOL DISTRICT,2019-08,1,163565.27
049866,LAKE LOCAL SCHOOL DISTRICT,2019-08,3,93860.27
049874,LOUISVILLE CITY SCHOOLS,2019-08,1,76653.98
049882,MARLINGTON LOCAL SCHOOL,2019-08,4,58360.87
049890,MINERVA LOCAL SCHOOLS,2019-08,3,54142.19
049908,NORTHWEST LOCAL SCHOOL,2019-08,3,52048.91
049916,OSNABURG LOCAL SCHOOLS,2019-08,1,23134.06
049924,PERRY LOCAL SCHOOL DISTRICT,2019-08,1,125072.84
049932,PLAIN LOCAL SCHOOL DISTRICT,2019-08,1,167811.57
049940,SANDY VALLEY LOCAL SCHOOL,2019-08,3,35970.35
049957,TUSLAW LOCAL SCHOOLS,2019-08,2,38712.96
049973,WOODRIDGE LOCAL SCHOOL,2019-08,2,51187.39
049981,COPLEY-FAIRLAWN CITY SCHOOLS,2019-08,2,78695.17
049999,COVENTRY LOCAL SCHOOL DISTRICT,2019-08,1,52178.67
050005,MANCHESTER LOCAL SCHOOL,2019-08,2,36924.94
050013,GREEN LOCAL SCHOOLS,2019-08,2,111793.25
050021,HUDSON CITY SCHOOL DISTRICT,2019-08,2,126881.62
050039,MOGADORE LOCAL SCHOOL DISTRICT,2019-08,2,24399.24
050047,NORDONIA HILLS CITY SCHOOLS,2019-08,2,100832.7
050054,REVERE LOCAL SCHOOL DISTRICT,2019-08,2,75225.52
050062,SPRINGFIELD LOCAL SCH DIST.,2019-08,3,61544.45
050070,TWINSBURG BOARD OF EDUCATION,2019-08,2,113498.89
050096,BLOOMFIELD-MESPO LOCAL SCHOOL,2019-08,3,6448.19
050112,BRISTOL LOCAL SCHOOL DISTRICT,2019-08,1,15155.84
050120,BROOKFIELD LOCAL SCHOOL,2019-08,1,27941.85
050138,CHAMPION LOCAL SCHOOL DISTRICT,2019-08,1,38798.94
050153,MATHEWS LOCAL SCHOOL DISTRICT,2019-08,1,18435.01
050161,HOWLAND LOCAL SCHOOL DISTRICT,2019-08,1,73051.13
050179,JOSEPH BADGER LOCAL SCHOOL DIS,2019-08,2,20143.52
050187,LAKEVIEW LOCAL BOARD,2019-08,1,47341.32
050195,LIBERTY LOCAL BOARD OF EDU,2019-08,2,34678.02
050203,LORDSTOWN LOCAL SCHOOL,2019-08,2,13999.05
050211,MAPLEWOOD LOCAL BOARD OF EDU,2019-08,2,19840.39
050229,MCDONALD BOARD OF EDUCATION,2019-08,1,19840.37
050237,SOUTHINGTON LOCAL SCHOOL,2019-08,2,14109.41
050245,LABRAE LOCAL SCHOOL DISTRICT,2019-08,2,31194.17
050252,WEATHERSFIELD LOCAL SCHOOL,2019-08,2,27654.92
050278,GARAWAY LOCAL SCHOOLS,2019-08,4,34874.06
050286,INDIAN VALLEY LOCAL SCHOOLS,2019-08,2,48914.7
050294,STRASBURG-FRANKLIN LOCAL,2019-08,2,15699.34
050302,TUSCARAWAS VALLEY LOCAL SCHOOL,2019-08,3,37845.96
050328,FAIRBANKS LOCAL SCHOOLS,2019-08,4,31144.21
050336,NORTH UNION LOCAL SCHOOL,2019-08,5,41869.42
050351,CRESTVIEW LOCAL SCHOOL,2019-08,2,23314.77
050369,LINCOLNVIEW LOCAL SCH DIST.,2019-08,4,25076.8
050393,VINTON COUNTY LOCAL SCHOOLS,2019-08,7,54055.34
050419,CARLISLE LOCAL SCHOOLS,2019-08,3,44010.79
050427,SPRINGBORO COMMUNITY SCHOOLS,2019-08,2,169934.38
050435,KINGS LOCAL SCHOOL DISTRICT,2019-08,3,125176.55
050443,LITTLE MIAMI LOCAL SCHOOL,2019-08,2,133783.43
050450,MASON CITY SCHOOL DISTRICT,2019-08,3,287167.33
050468,WAYNE LOCAL SCHOOL DISTRICT,2019-08,4,42194.54
050484,FORT FRYE LOCAL SCHOOL,2019-08,4,29091.91
050492,FRONTIER LOCAL SCHOOL DISTRICT,2019-08,2,17539.79
050500,WARREN LOCAL SCHOOLS,2019-08,3,59567.71
050518,WOLF CREEK LOCAL SCHOOL BD,2019-08,2,17676.01
050534,CHIPPEWA LOCAL SCHOOLS,2019-08,4,35673.52
050542,DALTON LOCAL SCHOOL DISTRICT,2019-08,2,24316.95
050559,GREEN LOCAL SCHOOL DISTRICT,2019-08,1,30437.42
050567,NORTH CENTRAL LOCAL SCHOOLS,2019-08,2,39702.65
050575,NORTHWESTERN LOCAL SCH DIST.,2019-08,3,37798.45
050583,SOUTHEAST LOCAL SCH DIST.,2019-08,3,38651.47
050591,TRIWAY LOCAL SCHOOL DISTRICT,2019-08,3,45822.39
050617,EDGERTON LOCAL SCHOOL DISTRICT,2019-08,2,17021.53
050625,EDON NORTHWEST LOCAL SCHOOL,2019-08,1,13788.9
050633,MILLCREEK WEST UNITY LOCAL,2019-08,2,15060.23
050641,NORTH CENTRAL LOCAL SCHOOL,2019-08,1,16192.97
050658,STRYKER LOCAL SCHOOL DISTRICT,2019-08,3,10390.06
050674,EASTWOOD BOARD OF EDUCATION,2019-08,3,40912.25
050682,ELMWOOD LOCAL SCHOOL DISTRICT,2019-08,2,33602.37
050690,LAKE LOCAL SCHOOL DISTRICT,2019-08,2,43339.59
050708,NORTH BALTIMORE BOARD OF,2019-08,2,18789.28
050716,NORTHWOOD LOCAL SCHOOLS,2019-08,3,27141.02
050724,OTSEGO LOCAL SCHOOL DISTRICT,2019-08,3,42734.48
050740,MOHAWK BOARD OF EDUCATION,2019-08,3,24091.98
050773,APOLLO JOINT VOCATIONAL,2019-08,8,46864.99
050799,SOUTHERN HILLS JOINT,2019-08,5,33567.97
050815,ASHTABULA COUNTY TECHNICAL &,2019-08,3,41889.74
050856,BELMONT-HARRISON VOCATIONAL,2019-08,7,25575.05
050880,BUTLER TECHNOLOGY & CAREER,2019-08,4,334289.81
050906,COLUMBIANA COUNTY JOINT,2019-08,3,11077.88
050922,CUYAHOGA VALLEY CAREER CENTER,2019-08,2,23011.53
050948,POLARIS JOINT VOCATIONAL,2019-08,2,75765.89
050963,FOUR COUNTY JOINT VOCATIONAL,2019-08,8,34971.08
050989,DELAWARE AREA CAREER CENTER,2019-08,6,38158.91
051003,EASTLAND-FAIRFIELD CAREER &,2019-08,5,36186.15
051029,EHOVE JOINT VOCATIONAL SCHOOL,2019-08,8,23137.82
051045,GREENE COUNTY JOINT VOCATIONAL,2019-08,6,62614.98
051060,GREAT OAKS INSTITUTE OF TECH,2019-08,12,275048.73
051128,JEFFERSON COUNTY JOINT,2019-08,3,8605.8
051144,KNOX COUNTY CAREER CENTER,2019-08,5,16067.29
051169,AUBURN VOCATIONAL SCHOOL DIST,2019-08,6,19512.96
051185,LAWRENCE COUNTY JOINT,2019-08,3,37119.77
051201,LICKING CNTY JOINT VOCATIONAL,2019-08,7,57266.56
051227,LORAIN COUNTY JOINT,2019-08,4,34789.53
051243,MAHONING COUNTY CAREER &,2019-08,5,21987.68
051284,MIAMI VALLEY CAREER TECHNOLOGY,2019-08,10,98078.69
051300,MIDEAST CAREER & TECHNOLOGY,2019-08,9,36146.05
051334,OHIO HI POINT JOINT VOCATIONAL,2019-08,13,83815.63
051359,PENTA COUNTY VOCATIONAL SCHOOL,2019-08,7,108381.64
051375,PIKE COUNTY JOINT VOCATIONAL,2019-08,6,14517.06
051391,MAPLEWOOD CAREER CENTER,2019-08,5,17374.27
051417,PIONEER CAREER & TECHNOLOGY,2019-08,9,70736.73
051433,PICKAWAY-ROSS COUNTY JOINT,2019-08,10,80302.74
051458,VANGUARD SENTINEL CAREER CNTRS,2019-08,9,45989.04
051474,WARREN COUNTY VOCATIONAL,2019-08,7,87256.45
051490,SCIOTO COUNTY CAREER TECH CNTR,2019-08,5,37114.01
051532,SPRINGFIELD-CLARK CAREER,2019-08,4,27799.54
051607,TRI-COUNTY JOINT VOCATIONAL,2019-08,6,12148.59
051631,TRUMBULL COUNTY JOINT,2019-08,4,25876.47
051656,BUCKEYE JOINT VOCATIONAL,2019-08,10,30724.43
051672,VANTAGE CAREER CENTER,2019-08,5,15656.59
051698,WASHINGTON COUNTY JOINT,2019-08,4,12057.45
051714,WAYNE CNTY JOINT VOCATIONAL SC,2019-08,6,22332.69
061903,ADAMS CNTY-OH VALLEY SCHL DIST,2019-08,5,100102.91
062026,STARK COUNTY AREA JOINT,2019-08,6,19166.03
062042,ASHLAND CO WEST HOLMES JOINT,2019-08,7,15603.52
062067,GALLIA JACKSON VINTON JOINT,2019-08,6,44747.75
062109,MEDINA COUNTY CAREER CENTER,2019-08,6,57622.77
062125,UPPER VALLEY JOINT VOCATIONAL,2019-08,6,85655.54
062802,US GRANT JOINT VOCATIONAL,2019-08,2,13735.75
063495,PORTAGE LAKES JOINT VOCATIONAL,2019-08,3,15531.12
063511,TOLLES CAREER & TECH CENTER,2019-08,6,49789.56
064964,COLLEGE CORNER LOCAL SCHOOL,2019-08,2,2738.25
065227,COSHOCTON COUNTY JOINT,2019-08,2,5498.56
065268,TRI-RIVERS JOINT VOCATIONAL,2019-08,5,14205.7
065680,GALLIA COUNTY LOCAL SCHOOL,2019-08,5,62303.35
069682,EAST GUERNSEY LOCAL SCHOOL,2019-08,5,28502.2
091397,TRI-COUNTY NORTH LOCAL SCHOOL,2019-08,3,23900.8
132746,SUMMIT ACADEMY COMMUNITY SCH,2019-08,4,2617.26
132761,SUMMIT ACAD COMMU SCHL FOR,2019-08,5,5458.92
132779,SUMMIT ACADEMY AKRON MIDDLE,2019-08,3,2037.9
132795,LIFE SKILLS CENTER OF CLARK,2019-08,6,5677.01
132803,LIFE SKILLS CENTER OF BUTLER,2019-08,6,8372.58
132944,MIAMI VALLEY ACADEMIES,2019-08,6,3279.49
132951,CONSTELLATN SCHLS LORAIN COMMU,2019-08,2,4871.19
132969,CONSTELLATN SCHLS ELYRIA COMMU,2019-08,1,13375.13
132985,YOUTH BUILD COLUMBUS,2019-08,4,4021.91
132993,CONSTELLATN SCHLS W.PARK COMM,2019-08,1,8504.05
133215,INTERGENERATIONAL SCHOOL,2019-08,2,6687.75
133256,CONSTELLTN SCHLS PARMA COMMU,2019-08,3,38557.66
133264,DOHN COMMUNITY HIGH SCHOOL,2019-08,3,22155.15
133280,WASHINGTON PARK COMMUNITY,2019-08,1,5779.45
133306,SUMMIT ACAD COMMU SCHL FOR,2019-08,2,3860.17
133322,SUMMIT ACAD COMMU SCHL  FOR,2019-08,1,2559.44
133330,TCP WORLD ACADEMY,2019-08,2,14036.11
133348,RICHARD ALLEN PREPARATORY,2019-08,2,9893.34
133389,LIGHTHOUSE COMMUNITY SCHOOL,2019-08,1,1623.77
133421,GRAHAM SCHOOL,2019-08,2,6634.47
133439,CORNERSTONE ACADEMY,2019-08,5,21666.08
133454,DAYTON VIEW ACADEMY,2019-08,2,11849.95
133488,EDUCATIONAL DEVELOPMENT CENTER,2019-08,3,4960.13
133504,PHOENIX COMMUNITY LEARNING,2019-08,1,12714.98
133512,LKH VICTORY CORP,2019-08,2,25319.9
133520,CITIZENS ACADEMY,2019-08,3,11118.64
133538,EDGE LEARNING INC,2019-08,2,6635.95
133561,MILLENNIUM COMMUNITY SCHOOL,2019-08,1,13599.31
133587,SUMMIT ACAD AKRON ELEMENT SCH,2019-08,2,3386.77
133629,HORIZON SCIENCE ADADEMY -,2019-08,3,10870.95
133660,HORIZON EDUCATIONAL SERVICES,2019-08,1,13241.43
133678,RIVERSIDE COMMUNITY SCHOOL INC,2019-08,2,4816.39
133736,RICHARD ALLEN ACADEMY INC,2019-08,1,3607.32
133785,LIFE SKILLS CENTER OF,2019-08,1,2146.69
133835,LIFE SKILLS CENTER OF,2019-08,2,12081.81
133868,LIFE SKILLS CENTER OF AKRON,2019-08,7,12914.13
133942,TOLEDO SCHOOL FOR THE ARTS,2019-08,8,18965.99
134072,YOUNGSTOWN COMMUNITY SCHL INC,2019-08,2,9392.99
134098,CONSTELLATN SCHLS OLD BROOKLYN,2019-08,2,8999.51
134122,MULTIPLE OPTNS FOR DEVELOPMENT,2019-08,4,3005.01
134148,AURORA ACADEMY,2019-08,2,3996.72
134197,HOPE ACADEMY CHAPELSIDE CAMPUS,2019-08,1,6880.3
134213,HOPE ACADEMY UNIVERSITY,2019-08,2,6691.02
134247,CITY DAY COMMUNITY SCHOOL INC,2019-08,1,4299.05
139303,MONROE LOCAL SCHOOL DISTRICT,2019-08,2,78701.74
142901,LIFE SKILLS CENTER OF CANTON,2019-08,12,3448.01
142919,LIFE SKILLS CENTER OF ELYRIA,2019-08,3,3770.39
142927,FOCUS LEARNING ACADEMY OF,2019-08,3,6028.88
142935,FOCUS LEARNING ACADEMY OF,2019-08,2,6551.93
142943,FOCUS LEARNING ACADEMY OF,2019-08,1,13626.84
142950,OHIO VIRTUAL ACADEMY INC,2019-08,88,368105.41
142968,HOPE ACAD NORTHCOAST ACAD,2019-08,2,7816.24
143123,MOUND STREET MILITARY ACADEMY,2019-08,8,4326.75
143172,INTERNATIONAL ACADEMY OF,2019-08,2,7818.23
143198,GREAT WESTERN ACADEMY,2019-08,1,20894.49
143206,TROTWOOD FITNESS &,2019-08,1,8625.66
143214,MIDDLETOWN FITNESS &,2019-08,2,7187.18
143297,AUTISM ACADEMY OF LEARNING,2019-08,2,1460.91
143305,TRECA DIGITAL ACADEMY,2019-08,84,65850.58
143313,HOPE ACADEMY CUYAHOGA CAMPUS,2019-08,1,3495.19
143396,OHIO DISTANCE EDUCATION &,2019-08,85,64453.59
143479,CONSTELLATION SCHOOLS PURITAS,2019-08,3,5256.58
143487,CONSTELLATION SCHLS STOCKYARD,2019-08,1,6880.3
143529,NORTH DAYTON SCHOOL OF SCIENCE,2019-08,1,16479.7
143602,HAMILTON COUNTY MATHEMATICS &,2019-08,4,16817.05
143610,ARTS & COLLEGE PREPARATORY,2019-08,7,10709.66
143644,SCIOTOVILLE COMMUNITY SCHOOL,2019-08,1,10603.2
147231,SCHNEE LEARNING CENTER,2019-08,1,2450.61
148932,FRANKLIN LOCAL COMMU SCHOOL,2019-08,2,1550.13
148981,TOMORROW CENTER,2019-08,9,3148.54
148999,MAHONING UNLIMITED CLASSROOM,2019-08,5,3648.19
149047,GOAL DIGITAL ACADEMY,2019-08,16,20631.48
149088,FAIRBORN DIGITAL ACADEMY,2019-08,3,5566.86
149302,LIFE SKILLS CENTER OF TOLEDO,2019-08,4,3362.61
149328,FOXFIRE HIGH SCHOOL,2019-08,6,9914.22
149427,MASSILLON DIGITAL ACADEMY,2019-08,1,2261.02
151035,PLEASANT COMMUNITY DIGITAL,2019-08,1,3280.81
151175,WEST CENTRAL LEARNING ACADEMY,2019-08,6,2073.09
151183,LIFE SKILLS CNTR OF LAKE ERIE,2019-08,1,6715.17
000131,GLASS CITY ACADEMY INC,2020-01,1,6598.87
000138,PATHWAY SCHOOL OF DISCOVERY,2020-01,3,19525.43
000139,ALLIANCE ACADEMY,2020-01,3,14830.24
000222,WILDWOOD ENVIRONMENTAL ACADEMY,2020-01,2,9845.77
000236,OHIO CONNECTIONS ACADEMY INC,2020-01,88,122334.4
000241,QUAKER DIGITAL ACADEMY,2020-01,42,13857.26
000282,GREATER OHIO VIRTUAL SCHOOL,2020-01,26,17971.77
000288,AUGLAIZE COUNTY EDUCATIONAL,2020-01,9,2591.87
000296,SUMMIT ACAD. COMM. SCHOOL,2020-01,2,1291.24
000297,SUMMIT ACAD. COMM. SCHOOL DAY,2020-01,2,1899.89
000298,SUMMIT ACADEMY SECONDARY,2020-01,2,1739.49
000300,SUMMIT ACAD. SEC. SCHOOL,2020-01,3,2137.06
000301,SUMMIT ACAD. SEC. SCHOOL LOR,2020-01,2,3061.88
000302,SUMMIT ACAD. COMM. SCHOOL PAR,2020-01,1,4215.23
000303,SUMMIT ACAD. SEC. SCHOOL,2020-01,2,4575.12
000305,SUMMIT ACAD. COMM. SCHOOL WAR,2020-01,2,3218.53
000306,SUMMIT ACAD. COMM. SCHOOL,2020-01,3,2054.93
000311,BRIDGES COMMUNITY ACADEMY,2020-01,5,3340.13
000316,CONSTELLATION SCHOOLS WESTPARK,2020-01,1,5479.8
000318,MENLO PARK ACADEMY,2020-01,7,15045.31
000319,CONSTELLATION SCH MADISON,2020-01,1,6744.37
000320,CONSTELLATION SCHOOLS LORAIN,2020-01,2,4268.61
000321,CONSTELLATION SCH OLD BROOKLYN,2020-01,2,7297.69
000338,HORIZON SCI ACADEMY,2020-01,1,13936.82
000402,FINDLAY DIGITAL ACADEMY,2020-01,3,4345.53
000417,BUCKEYE ON-LINE SCH FOR SUCCS,2020-01,63,15811.08
000442,MANCHESTER LOCAL SCHOOL DIST,2020-01,3,20411.79
000509,WHITEHALL PREPARATORY &,2020-01,1,7193.9
000510,SPRINGFIELD PREPARATORY &,2020-01,2,3692.37
000511,NORTHLAND PREPARATORY &,2020-01,3,5691.93
000525,PROJECT REBUILD COMMUNITY SCHL,2020-01,1,3852.06
000527,CASTLE HIGH SCHOOL INC,2020-01,5,7693.01
000534,CONSTELLATION SCHOOLS PURITAS,2020-01,2,4557.73
000543,PINNACLE ACADEMY,2020-01,3,18731.57
000546,WINTERFIELD VENTURE ACADEMY,2020-01,2,14992.64
000553,COLUMBUS HUMANITIES ARTS &,2020-01,10,15284.42
000556,A+ ARTS ACADEMY,2020-01,2,16759.45
000557,COLUMBUS ARTS &,2020-01,5,14888.87
000558,COLUMBUS PREPARATORY ACADEMY,2020-01,10,21846.11
000559,ORION ACADEMY,2020-01,3,12986.41
000560,APEX ACADEMY,2020-01,3,11987.11
000575,HOPE ACADEMY NORTHWEST CAMPUS,2020-01,1,5321.73
000576,KING ACADEMY COMMUNITY SCHOOL,2020-01,1,2028.28
000577,EMERSON ACADEMY,2020-01,2,17388.48
000598,COSHOCTON OPPORTUNITY SCHOOL,2020-01,1,1188.77
000608,SUMMIT ACADEMY TRANSITION HIGH,2020-01,3,1791.4
000609,SUMMIT ACAD. MIDDLE SCH LORAIN,2020-01,1,2555.89
000610,SUMMIT ACAD. MIDDLE SCH COL.,2020-01,2,1396.65
000613,HEIR FORCE COMMUNITY SCHOOL,2020-01,2,6505.48
000614,SUMMIT ACADEMY TRANSITION HIGH,2020-01,1,1607.43
000616,SUMMIT ACAD. SCH FOR ALT.,2020-01,2,2347.91
000621,SUMMIT ACADEMY TRANSITION HIGH,2020-01,5,3852.59
000623,SUMMIT ACADEMY - YOUNGSTOWN,2020-01,2,5130.01
000629,SUMMIT ACADEMY COMMUNITY,2020-01,2,1424.3
000634,SUMMIT ACADEMY SECONDARY,2020-01,4,2821.14
000640,RITTMAN ACADEMY,2020-01,3,871.33
000664,LIFE SKILLS CENTER OF COLUMBUS,2020-01,2,2925.02
000677,NEW DAY ACADEMY BOARDING,2020-01,1,974.77
000679,OAKSTONE COMMUNITY SCHOOL,2020-01,7,6957.76
000725,ZENITH ACADEMY,2020-01,3,15336.63
000736,PHOENIX VILL. ACAD. PRIMARY 2,2020-01,1,6059.4
000770,MARITIME ACADEMY OF TOLEDO INC,2020-01,2,7364.35
000779,EDUCATIONAL ACADEMY FOR BOYS,2020-01,1,3873.64
000780,MIDNIMO CROSS CULTURAL MIDDLE,2020-01,1,2819.59
000804,HORIZON SCIENCE ACADEMY,2020-01,1,5347.28
000808,HORIZON SCIENCE ADADEMY DAYTON,2020-01,1,4195.41
000813,LIFE SKILLS CENTER OF DAYTON,2020-01,4,3087
000825,HORIZON SCIENCE ACADEMY,2020-01,2,10162.27
000838,HORIZON SCIENCE ACADEMY-,2020-01,2,7587.82
000843,BENNETT VENTURE ACADEMY,2020-01,2,16048.58
000855,STAMBAUGH CHARTER ACADEMY,2020-01,3,12407.48
000858,HORIZON SCIENCE ACAD CLEVELAND,2020-01,2,8509.56
000875,WESTSIDE ACADEMY INC,2020-01,1,7009.44
000905,IMAC INC,2020-01,2,1083.07
000912,ACADEMIC ACCELERATION ACADEMY,2020-01,1,3241.21
000936,PROMISE ACADEMY,2020-01,3,4030.94
000938,PREMIER ACADEMY OF OHIO,2020-01,7,4664.76
000941,PAR EXCELLENCE ACADEMY,2020-01,2,6622.15
000951,TOLEDO PREP. AND FITNESS ACAD,2020-01,2,5622.24
000952,COLUMBUS PREPARATORY,2020-01,1,11067.54
000953,CINCINNATI PREPARATORY &,2020-01,3,6216.72
007984,YOUNGSTOWN ACAD OF EXCELLENCE,2020-01,1,5132.44
007995,CLEVELAND ARTS  SCI.,2020-01,3,8193.5
007999,CHARLES SCHOOL,2020-01,2,8985.86
008000,MANSFIELD PREPARATORY ACADEMY,2020-01,1,14096.95
008063,LIFE SKILLS CTR OF NORTH AKRON,2020-01,3,2213.93
008064,ACADEMY OF ARTS,2020-01,6,6717.92
008278,NOBLE ACADEMY-CLEVELAND INC,2020-01,3,10854.35
008280,NOBLE ACADEMY-COLUMBUS INC,2020-01,1,9407.41
008281,SOUTH SCIOTO ACADEMY,2020-01,1,5955.39
008282,LIFE SKILLS CTR OF COL. NORTH,2020-01,6,2266.49
008283,DAYTON TECH. DESIGN HIGH SCH,2020-01,2,3219.1
008286,HARVARD AVE COMMUNITY SCHOOL,2020-01,1,8035.29
008287,GROVEPORT COMMUNITY SCHOOL,2020-01,3,20870.39
008289,EAGLE LEARNING CENTER INC,2020-01,3,1715.73
009122,COLUMBUS COLLEGIATE,2020-01,1,6166.2
009148,ZANESVILLE COMM. HIGH SCH,2020-01,3,2387.69
009149,CONSTELLATION SCHOOLS WESTSIDE,2020-01,2,7824.54
009164,CENTRAL ACADEMY OF OHIO,2020-01,1,4909.56
009179,HORIZON SCIENCE ACADEMY INC,2020-01,1,13202
009181,CLAY AVENUE COMMUNITY SCHOOL,2020-01,1,11402.85
009192,FOUNDATION ACADEMY,2020-01,3,12178.93
009283,DAYTON EARLY COLLEGE ACAD.,2020-01,1,9393.49
009953,SULLIVANT AVE COMM. SCHOOL,2020-01,2,9064.91
009954,HARRISBURG PIKE COMM. SCHOOL,2020-01,1,3662.83
009955,MADISON AVENUE SCHOOL OF ARTS,2020-01,1,14068.8
009957,KLEPINGER COMMUNITY SCHOOL,2020-01,1,15092.91
009971,ASHLAND CTY COMM. ACADEMY,2020-01,3,2253.52
009990,HORIZON SCI. ACAD. ELEMENTARY,2020-01,2,13175.64
009996,MAHONING COUNTY HIGH SCHOOL,2020-01,1,1851.91
009997,KIPP CENTRAL OHIO,2020-01,6,46800.23
010036,CESAR CHAVEZ COLLEGE PREP.,2020-01,1,8037.14
010182,PERFORMANCE ACADEMY EASTLAND,2020-01,1,7352.01
010205,L HOLLINGWORTH SCH FOR TAL.,2020-01,1,9106.45
011291,VILLAGE PREPARATORY SCHOOL,2020-01,2,19152.98
011324,HARDIN COMMUNITY SCHOOL,2020-01,1,687.23
011381,GREATER SUMMIT CTY EARLY LEARN,2020-01,4,3928
011390,BELLA ACADEMY OF EXCELLENCE,2020-01,2,6770.81
011439,RENAISSANCE ACADEMY,2020-01,1,3109.45
011468,COLUMBUS BILINGUAL ACAD. - N.,2020-01,2,8933.12
011506,DAYTON REGIONAL STEM SCHOOL,2020-01,7,18865.11
011507,ACHIEVE CAREER PREP. ACAD.,2020-01,1,2929.9
011511,NORTH CENTRAL ACADEMY,2020-01,3,1868.42
011533,HORIZON SCI. ACAD. OF LORAIN,2020-01,2,20157.31
011534,HORIZON SCIENCE ACADEMY DAYTON,2020-01,1,8258.88
011923,NORTHEAST OHIO COLLEGE PREP.,2020-01,7,12382.7
011947,IMAGINE AKRON ACADEMY,2020-01,2,738.05
011956,RCCS,2020-01,3,1765.93
011967,RICHLAND ACAD. SCH OF EXC.,2020-01,3,9114.26
011972,GRAHAM EXPED. MIDDLE SCHOOL,2020-01,2,10356.07
011976,HORIZON SCIENCE ACADEMY DAYTON,2020-01,2,5356.37
011986,HORIZON SCI. ACAD. YOUNGSTOWN,2020-01,1,10238.43
012009,ZENITH ACADEMY-EAST,2020-01,1,8063.49
012010,CLEVELAND COLLEGE PREP.,2020-01,1,7218.59
012011,COLUMBUS PERFORMANCE ACADEMY,2020-01,1,4110.8
012025,CONSTELLATION SCH STOCKYARD,2020-01,1,1896.86
012029,CITIZENS LEADERSHIP ACADEMY,2020-01,3,5216.39
012030,NEAR WEST SCHOOL,2020-01,2,6902.47
012033,FOXFIRE INTERMEDIATE SCHOOL,2020-01,6,4111.22
012036,THURGOOD MARSHALL HIGH SCHOOL,2020-01,2,5242.71
012037,NEW BEGINNINGS ACADEMY,2020-01,1,4347.96
012038,LANGSTON HUGHES HIGH SCHOOL,2020-01,1,5374.42
012040,ROAD TO SUCCESS ACADEMY,2020-01,1,2345.26
012041,THE ARCH ACADEMY,2020-01,1,4163.5
012043,FREDERICK DOUGLASS RECLAMATION,2020-01,1,3345.84
012044,CAPITAL HIGH SCHOOL,2020-01,1,3214.86
012045,PATRIOT PREPARATORY ACADEMY,2020-01,4,17550.59
012054,NORTH CENTRAL ACADEMY FREMONT,2020-01,5,2413.77
012060,AKROS MIDDLE SCHOOL,2020-01,1,3742.42
012105,SOUTHSIDE ACADEMY INC,2020-01,1,4153.57
012391,METRO EARLY COLLEGE HIGH SCH,2020-01,7,25746.13
012501,BEACON HILL COMMUNITY SCHOOL,2020-01,4,1662.98
012528,ACADEMY FOR URBAN SOLUTIONS,2020-01,1,8880.38
012529,FOCUS NORTH HIGH SCHOOL,2020-01,2,5639.24
012541,UNIVERSITY OF CLEVELAND PREP.,2020-01,1,6112.09
012558,GLOBAL VILLAGE ACADEMY INC,2020-01,1,5506.15
012627,STEAM ACADEMY OF YOUNGSTOWN,2020-01,1,2951.77
012644,STEAM ACADEMY OF WARREN,2020-01,5,6067.72
012671,CONSTELLATION SCH EASTSIDE,2020-01,1,3635.64
012684,BROADWAY ACADEMY,2020-01,1,5216.35
012852,CITIZENS ACADEMY EAST,2020-01,2,10907.05
012867,TOWNSEND NORTH COMM. SCH,2020-01,33,35159.64
012924,DECA PREP,2020-01,1,24433.63
012951,COLUMBUS COLLEGIATE ACAD. - W.,2020-01,1,6561.47
013034,VILLAGE PREP. SCH:WOODLA,2020-01,1,19179.31
013132,LAKE ERIE COLLEGE PREP.,2020-01,3,7060.66
013147,STEAM ACAD. OF WARRENSVILLE,2020-01,5,5980.53
013148,STEPSTONE ACADEMY,2020-01,1,3635.64
013170,HOPE ACADEMY FOR AUTISM,2020-01,2,1135.25
013173,IMAGINE HILL AVENUE,2020-01,2,3537
013175,KIDS UNLIMITED ACADEMY,2020-01,2,7971.39
013195,ACADEMY OF EDU. EXCELLENCE,2020-01,3,3035.57
013199,NEXUS ACADEMY OF CLEVELAND,2020-01,3,2660.92
013232,A+ CHILDRENS ACADEMY,2020-01,1,3083.1
013249,ACADEMY FOR URB. SCH. YOUNGSTO,2020-01,3,5317.33
013253,OHIO COLLEGIATE ACADEMY,2020-01,2,8272.51
013254,AKRON PREPARATORY SCHOOL,2020-01,1,7537.55
013255,CANTON COLL. PREP. SCH,2020-01,3,8970.41
013864,CINCINNATI TECHNOLOGY ACADEMY,2020-01,1,6058.49
013892,FRANKLINTON PREP. ACAD.,2020-01,1,5085.8
013930,GLOBAL IMPACT STEM ACADEMY,2020-01,6,17487.56
013962,LIBERTY PREPARTORY SCHOOL,2020-01,2,1293.86
013994,ALBERT EINSTEIN ACAD.,2020-01,6,9722.67
013999,Rise & Shine Academy,2020-01,2,2798.01
014061,CHAPELSIDE CLEVELAND ACADEMY,2020-01,1,7613.77
014063,UNIVERSITY ACADEMY,2020-01,2,6641.47
014064,WINTON PREPARATORY ACADEMY,2020-01,5,9009.02
014065,LINCOLN PARK ACADEMY,2020-01,1,9747.73
014066,MAIN ST PREP. ACAD.,2020-01,2,4243.19
014067,OHIO CONSTRUCTION ACADEMY,2020-01,16,2372.63
014090,BERWYN EAST ACADEMY,2020-01,4,8485.29
014091,HOPE LEARNING ACAD. OF TOLEDO,2020-01,2,2032.46
014121,IMAGINE LEADERSHIP ACADEMY,2020-01,2,3557.99
014139,IMAGINE COL. PRIMARY SCHOOL,2020-01,1,6324.31
014147,EAST PREPARATORY ACADEMY,2020-01,2,5506.18
014149,DAYTON SMART ELEMENTARY SCHOOL,2020-01,1,3773.23
014187,EAST ACADEMY,2020-01,1,7745.49
014188,DISCOVERY ACADEMY,2020-01,1,9475.98
014189,WEST PARK ACADEMY,2020-01,1,6718.03
014231,BIO-MED SCI. ACAD. STEM SCH,2020-01,9,21742.27
014467,UNITED PREPARATORY ACADEMY,2020-01,1,7799.98
014830,UTICA SHALE ACAD. OF OHIO,2020-01,4,1846.67
014904,T2 HONORS ACADEMY,2020-01,1,3056.04
014913,LAKESHORE INTERGENERATIONAL,2020-01,2,6164.81
014927,STEEL ACADEMY,2020-01,2,3531.8
014943,VALLEY STEM+ME2 ACADEMY,2020-01,3,5369.77
015234,ZENITH ACADEMY WEST,2020-01,2,5059.44
015237,FLEX HIGH SCHOOL,2020-01,2,6956.77
015239,STONEBROOK MONTESSORI,2020-01,2,4294.3
015261,CITIZENS ACADEMY SOUTHEAST,2020-01,1,12961.84
015329,ISTEM GEAUGA EARLY COLLEGE HS,2020-01,4,5169.38
015344,Tri-State STEM+M Early College,2020-01,1,1792.67
015709,BEACON ACADEMY,2020-01,2,5514.22
015710,BRIDGE GATE COMMUNITY SCHOOL,2020-01,1,6535.12
015712,Euclid Preparatory School,2020-01,2,8694.26
015713,EAST BRANCH PREPATORY ACAD.,2020-01,3,4353.24
015714,URBAN EARLY COLLEGE NETWORK,2020-01,1,1847.03
015722,VILLAGE PREP SCHOOL WILLIARD,2020-01,1,11460.17
015736,iLEAD SPRING MEADOWS,2020-01,5,6387.74
015737,GLOBAL AMBASS. LANG. ACAD.,2020-01,3,6612.81
015741,WESTWOOD PREPARTORY ACAD,2020-01,14,5852.52
016811,Inspire Charter School-Element,2020-01,1,2582.43
016812,SMART Academy,2020-01,1,2213
016829,South Columbus Preparatory Aca,2020-01,4,5613.08
016836,Kids Care Elementary,2020-01,2,4427.03
016837,Orchard Park Academy,2020-01,2,3900.53
016843,Citizens Leadership Academy Ea,2020-01,1,5822.29
016849,Liberty High School,2020-01,2,5303.61
016850,Southwest Ohio Preparatory Sch,2020-01,1,2265.35
016858,United Preparatory Academy Eas,2020-01,1,4005.4
017123,Horizon Science Academy Primar,2020-01,2,6983.16
017212,Academy of Junior Scholars,2020-01,2,2318.07
017233,Great River Connections Academ,2020-01,78,22800.47
017259,Montgomery Preparatory Academy,2020-01,3,6411.82
017270,Lorain Bilingual Preparatory,2020-01,2,5111.81
017274,Mount Auburn Preparatory Acade,2020-01,3,8574.24
017275,AchievePoint Career Academy-Ci,2020-01,1,3635.1
017490,ReGeneration Bond Hill,2020-01,2,3898.55
017497,Cypress High School,2020-01,2,2186.33
017498,Northwest Ohio Classical Acade,2020-01,3,5359.03
017535,Huber Heights Preparatory Acad,2020-01,1,1106.5
017536,Kenmore Preparatory Academy,2020-01,1,6678.06
017537,Capital Collegiate Preparatory,2020-01,3,3636.62
017538,North Columbus Preparatory Aca,2020-01,2,3004.09
017585,Marion Preparatory Academy,2020-01,4,2746.28
017599,Urban Male Tech Academy,2020-01,1,368.78
017643,Ohio Digital Learning School,2020-01,62,7023.53
043489,AKRON CITY SCHOOLS,2020-01,1,547790.02
043497,ALLIANCE CITY BOARD OF EDU,2020-01,3,73655.48
043505,ASHLAND CITY BOARD OF,2020-01,2,86332.7
043513,ASHTABULA AREA CITY SCHOOL,2020-01,1,88666.84
043521,ATHENS CITY SCHOOL DISTRICT,2020-01,1,66417.78
043539,BARBERTON BOARD OF EDUCATION,2020-01,1,94034.86
043547,BAY VILLAGE CITY SCHOOL,2020-01,2,65441.51
043554,BEACHWOOD BOARD OF EDUCATION,2020-01,1,39412.44
043562,BEDFORD BOARD OF EDUCATION,2020-01,2,81406.73
043570,BELLAIRE CITY SCHOOL DISTRICT,2020-01,1,30705.32
043588,BELLEFONTAINE CITY SCHOOL,2020-01,1,64073.16
043596,BELLEVUE CITY SCHOOL DISTRICT,2020-01,4,52082.22
043604,BELPRE CITY SCHOOL DISTRICT,2020-01,1,28110.56
043612,BEREA CITY SCHOOL DISTRICT,2020-01,1,150009.63
043620,BEXLEY CITY SCHOOL DISTRICT,2020-01,1,65693.77
043638,BOWLING GREEN SCHOOL DISTRICT,2020-01,2,77762.85
043646,BRECKSVILLE BROADVIEW HEIGHTS,2020-01,2,99137.09
043653,BROOKLYN LOCAL SCHOOL DISTRICT,2020-01,1,32589.03
043661,BRUNSWICK CITY SCHOOL DISTRICT,2020-01,2,183294.33
043679,BRYAN CITY SCHOOLS,2020-01,1,53246.86
043687,BUCYRUS CITY SCHOOL DISTRICT,2020-01,1,32468.46
043695,CAMBRIDGE CITY BOARD OF,2020-01,1,51455.64
043703,CAMPBELL CITY SCHOOLS,2020-01,1,28757.55
043711,CANTON CITY SCHOOL DISTRICT,2020-01,1,205082.52
043729,CELINA CITY BOARD OF EDU,2020-01,2,68131.77
043737,CENTERVILLE CITY SCHOOL,2020-01,2,217923.66
043745,CHILLICOTHE CITY SCHOOL,2020-01,1,74439.37
043752,CINCINNATI PUBLIC SCHOOLS,2020-01,1,904098.41
043760,CIRCLEVILLE CITY SCHOOL,2020-01,2,58292.2
043778,CLAYMONT CITY BOARD OF EDU,2020-01,3,49076.43
043786,CLEVELAND CITY SCHOOL DISTRICT,2020-01,1,942631.71
043794,CLEVELAND HEIGHTS UNIVERSITY,2020-01,1,132015.85
043802,COLUMBUS PUBLIC SCHOOL,2020-01,1,1261712.93
043810,CONNEAUT AREA CITY SCHOOLS,2020-01,1,43132.36
043828,COSHOCTON CITY SCHOOL DISTRICT,2020-01,1,41791.98
043836,CUYAHOGA FALLS CITY SCHOOLS,2020-01,1,116766.11
043844,DAYTON CITY SCHOOL DISTRICT,2020-01,1,308942.93
043851,DEER PARK COMMUNITY CITY,2020-01,1,33242.69
043869,DEFIANCE CITY SCHOOLS,2020-01,2,66294
043877,DELAWARE CITY SCHOOLS,2020-01,1,148092.45
043885,DELPHOS CITY SCHOOL DISTRICT,2020-01,3,25517.04
043893,DOVER CITY SCHOOL DISTRICT,2020-01,1,70663.21
043901,EAST CLEVELAND CITY SCHOOL,2020-01,1,46288.54
043919,EAST LIVERPOOL CITY SCHOOLS,2020-01,1,54576.69
043927,EAST PALESTINE CITY SCHOOL,2020-01,2,26774.81
043935,EATON CITY SCHOOLS,2020-01,2,55010.53
043943,ELYRIA CITY SCHOOL DISTRICT,2020-01,1,158320.57
043950,EUCLID BOARD OF EDUCATION,2020-01,2,121952.18
043968,FAIRBORN CITY SCHOOLS,2020-01,3,110752.76
043976,FAIRVIEW PARK CITY SCHOOL DIST,2020-01,1,44022.85
043984,FINDLAY CITY SCHOOLS,2020-01,1,138673.67
043992,FOSTORIA CITY SCHOOLS,2020-01,3,46714.94
044008,FRANKLIN CITY SCHOOLS,2020-01,3,77430.12
044016,FREMONT CITY BOARD OF EDU,2020-01,3,95967.3
044024,GALION CITY SCHOOL DISTRICT,2020-01,3,46180.24
044032,GALLIPOLIS CITY SCHOOLS,2020-01,1,54635.98
044040,GARFIELD HEIGHTS CITY SCHOOL,2020-01,1,93973.37
044057,GENEVA AREA CITY SCHOOL DIST,2020-01,2,61821.06
044065,GIRARD CITY SCHOOL DISTRICT,2020-01,2,45906.2
044073,GRANDVIEW HEIGHTS CITY SCHOOL,2020-01,1,29776.96
044081,WINTONWOODS CITY SCHOOL,2020-01,2,103337.22
044099,GREENVILLE CITY SCHOOL,2020-01,1,67212.27
044107,HAMILTON BOARD OF EDUCATION,2020-01,1,256247.97
044115,HEATH CITY SCHOOL DISTRICT,2020-01,1,47066.81
044123,HILLSBORO CITY BOARD OF EDU,2020-01,1,60383.25
044131,HURON CITY SCHOOL DISTRICT,2020-01,1,35283.41
044149,IRONTON CITY BOARD OF,2020-01,1,37224.36
044156,JACKSON CITY SCHOOL DISTRICT,2020-01,5,66150.83
044164,KENT CITY BOARD OF EDUCATION,2020-01,2,80614.01
044172,KENTON CITY SCHOOLS,2020-01,3,48478.2
044180,KETTERING CITY SCHOOL,2020-01,2,203805.6
044198,LAKEWOOD CITY SCHOOL DISTRICT,2020-01,1,120977.22
044206,LANCASTER CITY SCHOOLS,2020-01,1,167640.92
044214,LEBANON CITY SCHOOL DISTRICT,2020-01,2,147343.83
044222,LIMA CITY BOARD OF EDU,2020-01,1,92240.06
044230,LOCKLAND CITY SCHOOLS,2020-01,1,14909.16
044248,LOGAN HOCKING LOCAL SCHOOLS,2020-01,5,98421.02
044255,LONDON CITY SCHOOL DISTRICT,2020-01,2,57274.42
044263,LORAIN CITY SCHOOLS,2020-01,1,154855.61
044271,LOVELAND CITY SCHOOL DISTRICT,2020-01,3,121157.13
044289,MADEIRA CITY SCHOOLS,2020-01,1,41540.19
044297,MANSFIELD BOARD OF EDUCATION,2020-01,1,84669.71
044305,MAPLE HEIGHTS BOARD OF,2020-01,1,91707.69
044313,MARIEMONT CITY SCHOOL DISTRICT,2020-01,2,43438.03
044321,MARIETTA CITY SCHOOL DISTRICT,2020-01,1,70210.53
044339,MARION CITY SCHOOLS,2020-01,1,114732.95
044347,MARTINS FERRY CITY SCHOOL,2020-01,2,38263.3
044354,MASSILLON CITY SCHOOL DISTRICT,2020-01,1,102185.08
044362,MAUMEE CITY SCHOOL DISTRICT,2020-01,2,60498.48
044370,MAYFIELD CITY SCHOOL DISTRICT,2020-01,3,107437.46
044388,MEDINA CITY SCHOOLS,2020-01,1,177484.55
044396,MIAMISBURG CITY SCHOOLS,2020-01,1,138369.29
044404,MIDDLETOWN CITY SCH DIST.,2020-01,2,171371.12
044412,MOUNT HEALTHY CITY SCH DIST.,2020-01,1,82685.26
044420,MOUNT VERNON CITY SCHOOL,2020-01,2,102814.83
044438,NAPOLEON CITY SCHOOL DISTRICT,2020-01,3,50051.81
044446,NELSONVILLE YORK CITY SCHOOL,2020-01,3,31035.84
044453,NEWARK CITY SCHOOL DISTRICT,2020-01,1,169627.83
044461,NEW BOSTON BOARD OF EDUCATION,2020-01,1,10976.86
044479,NEW LEXINGTON CITY SCHOOLS,2020-01,3,44389.26
044487,NEW PHILADELPHIA CITY SCHOOLS,2020-01,1,83029.28
044495,NILES CITY SCHOOLS,2020-01,1,58985.99
044503,NORTH CANTON CITY SCHOOLS,2020-01,2,110100.24
044511,NORTH COLLEGE HILL CITY SCH,2020-01,1,40749.95
044529,NORTH OLMSTED CITY SCHOOL,2020-01,1,97714.4
044537,NORTH RIDGEVILLE CITY SCH DIST,2020-01,2,118914.97
044545,NORTH ROYALTON CITY SCHOOL,2020-01,1,106092.17
044552,NORTON CITY SCHOOLS,2020-01,3,62767.1
044560,NORWALK BOARD OF EDUCATION,2020-01,2,73391.5
044578,NORWOOD CITY SCHOOL DISTRICT,2020-01,1,47019.17
044586,OAKWOOD CITY SCHOOLS,2020-01,1,54065.35
044594,OBERLIN CITY SCHOOL DISTRICT,2020-01,1,25769.75
044602,OREGON CITY SCHOOLS,2020-01,3,93809.97
044610,ORRVILLE CITY SCHOOL DISTRICT,2020-01,1,45232.46
044628,PAINESVILLE CITY LOCAL SCHOOLS,2020-01,1,74407.01
044636,PARMA CITY SCHOOL DISTRICT,2020-01,1,252518.86
044644,PIQUA CITY SCHOOL DISTRICT,2020-01,2,90403.33
044651,PORT CLINTON CITY SCHOOLS,2020-01,2,42009.82
044669,PORTSMOUTH CITY SCHOOL,2020-01,1,44753.85
044677,PRINCETON CITY SCHOOL DISTRICT,2020-01,3,161139.84
044685,RAVENNA CITY SCHOOL DISTRICT,2020-01,1,58975.3
044693,READING BOARD OF EDUCATION,2020-01,1,43278.71
044701,ROCKY RIVER CITY SCHOOL,2020-01,1,70631.52
044719,ST BERNARD ELMWOOD PLACE CITY,2020-01,1,24760.8
044727,ST MARYS CITY BOARD OF,2020-01,2,53720.42
044735,SALEM CITY SCHOOL DISTRICT,2020-01,2,52892.28
044743,SANDUSKY BOARD OF EDUCATION,2020-01,1,81728.44
044750,SHAKER HEIGHTS BOARD OF,2020-01,1,128011.39
044768,SHEFFIELD SHEFFLD LAKE CITY,2020-01,1,44556.89
044776,SHELBY CITY BOARD OF EDU,2020-01,2,52311.1
044784,SIDNEY CITY SCHOOL DISTRICT,2020-01,2,87619.39
044792,SOUTH EUCLID LYNDHURST CITY,2020-01,1,86662.58
044800,SOUTH-WESTERN CITY SCHOOLS,2020-01,2,590664.19
044818,SPRINGFIELD CITY SCHOOLS,2020-01,1,196708.79
044826,STEUBENVILLE CITY SCHOOL,2020-01,1,63587.82
044834,STOW-MUNROE FALLS CITY,2020-01,2,139207.08
044842,STRONGSVILLE CITY SCHOOLS,2020-01,3,144530.13
044859,STRUTHERS CITY SCHOOL DISTRICT,2020-01,1,47170.84
044867,SYCAMORE COMMUNITY SCHOOL DIST,2020-01,3,146458.09
044875,SYLVANIA CITY SCHOOL DISTRICT,2020-01,1,202902.17
044883,TALLMADGE CITY SCHOOL DISTRICT,2020-01,2,65022.42
044891,TIFFIN CITY SCHOOLS,2020-01,1,70069.12
044909,TOLEDO PUBLIC SCHOOLS,2020-01,2,580542.52
044917,TORONTO CITY SCHOOL DISTRICT,2020-01,1,22753.3
044925,TROY CITY SCHOOLS,2020-01,1,117755.72
044933,UPPER ARLINGTON CITY SCHOOLS,2020-01,1,164932.72
044941,URBANA CITY SCHOOLS,2020-01,2,51841.42
044958,VANDALIA-BUTLER CITY SCHOOLS,2020-01,2,78182.43
044966,VAN WERT CITY SCHOOLS,2020-01,2,52525.6
044974,WADSWORTH CITY SCHOOLS,2020-01,3,121041.73
044982,WAPAKONETA CITY SCHOOL,2020-01,4,80791.16
044990,WARREN CITY SCHOOL DISTRICT,2020-01,1,121533.28
045005,WARRENSVILLE HEIGHTS CITY,2020-01,1,41678.13
045013,WASHINGTON COURTHOUSE CITY,2020-01,1,56805.05
045021,WELLSTON CITY SCHOOLS,2020-01,2,35754
045039,WELLSVILLE LOCAL SCHOOL,2020-01,2,18280.21
045047,WESTERVILLE CITY SCHOOL,2020-01,2,398577.66
045054,WEST CARROLLTON CITY SCHOOL,2020-01,1,93090.55
045062,WESTLAKE CITY SCHOOL DISTRICT,2020-01,1,89178.54
045070,WHITEHALL CITY SCHOOL DISTRICT,2020-01,1,89370.4
045088,WICKLIFFE CITY SCHOOL DISTRICT,2020-01,1,34552.7
045096,WILLARD CITY SCHOOL DISTRICT,2020-01,3,39968.97
045104,WILLOUGHBY-EASTLAKE CITY,2020-01,2,197319.36
045112,WILMINGTON CITY SCHOOLS,2020-01,2,70350.29
045120,WOOSTER CITY SCHOOL DISTRICT,2020-01,1,91428.72
045138,WORTHINGTON BOARD OF EDUCATION,2020-01,2,274237.9
045146,WYOMING CITY SCHOOLS,2020-01,1,52313.77
045153,XENIA COMMUNITY SCHOOLS,2020-01,3,109776.78
045161,YOUNGSTOWN CITY SCHOOLS,2020-01,2,129871.47
045179,ZANESVILLE CITY SCHOOLS,2020-01,1,85015.34
045187,ADA EXEMPTED VILLAGE SCHOOLS,2020-01,3,23552.36
045195,AMHERST EXEMPTED VILLAGE,2020-01,1,94317.79
045203,BARNESVILLE EXEMPTED VILLAGE,2020-01,5,36172.4
045211,BLUFFTON EXEMPTED VILLAGE,2020-01,4,32404
045229,BRADFORD EXEMPTED VILLAGE,2020-01,3,13412.67
045237,BRIDGEPORT EXEMPTED VILLAGE,2020-01,1,20632.82
045245,HARRISON HILLS CITY SCHOOL,2020-01,5,42859.13
045252,CALDWELL EXEMPTED VILLAGE,2020-01,2,21945.18
045260,CAREY EXEMPT VILLAGE SCHOOL,2020-01,3,22352.96
045278,CARROLLTON EXEMPTED VILLAGE,2020-01,4,49611.79
045286,CHAGRIN FALLS EXEMPTED VILLAGE,2020-01,2,46652.56
045294,CHESAPEAKE UNION EXEMPTED,2020-01,1,36196.21
045302,CLYDE GREEN SPRINGS EXEMPTED,2020-01,2,56332.82
045310,COLDWATER EXEMPTED VILLAGE,2020-01,1,35823.74
045328,COLUMBIANA EXEMPTED VILLAGE,2020-01,2,28054.16
045336,COVINGTON EXEMPTED VILLAGE,2020-01,2,21760.76
045344,CRESTLINE EXEMPTED VILLAGE,2020-01,2,15172.23
045351,CROOKSVILLE EXEMPTED VILLAGE,2020-01,2,27006
045369,FAIRPORT HARBOR EXEMPTED,2020-01,1,17645.62
045377,GEORGETOWN EXEMPTED VILLAGE,2020-01,1,27604.81
045385,GIBSONBURG EXEMPTED VILLAGE,2020-01,2,22110.62
045393,GRANVILLE EXEMPTED VILLAGE,2020-01,1,68278.54
045401,GREENFIELD EXEMPTED VILLAGE,2020-01,3,48896.73
045419,HICKSVILLE EXEMPTED VILLAGE,2020-01,2,25137.91
045427,HUBBARD SCHOOL DISTRICT,2020-01,2,51239.92
045435,INDIAN HILL EXEMPTED VILLAGE,2020-01,2,56633.88
045443,LEETONIA EXEMPTED VILLAGE,2020-01,2,16120.62
045450,LISBON EXEMPTED VILLAGE,2020-01,1,22316.03
045468,LOUDONVILLE PERRYSVILLE,2020-01,4,29183.17
045476,MARYSVILLE EXEMPTED VILLAGE,2020-01,4,140670.62
045484,MECHANICSBURG EXEMPTED VILLAGE,2020-01,3,23169.66
045492,MENTOR EXEMPTED VILLAGE,2020-01,2,197873.55
045500,MILFORD EXEMPTED VILLAGE,2020-01,2,177347.36
045518,MILTON-UNION EXEMPTED VILLAGE,2020-01,3,38830.95
045526,MONTPELIER EXEMPTED VILLAGE,2020-01,1,24109.29
045534,MOUNT GILEAD EXEMPTED,2020-01,2,28548.54
045542,NEWCOMERSTOWN EXEMPTED VILLAGE,2020-01,3,25481.45
045559,NEW RICHMOND EXEMPTED,2020-01,1,57677.78
045567,NEWTON FALLS EXEMPTED VILLAGE,2020-01,3,26421.13
045575,PAULDING EXEMPTED VILLAGE SCH,2020-01,3,35070.95
045583,PERRYSBURG EXEMPTED VILLAGE,2020-01,2,142987.38
045591,RITTMAN EXEMPTED VILLAGE,2020-01,2,26590.42
045609,ROSSFORD EXEMPTED VILLAGE,2020-01,2,44503.64
045617,TIPP CITY EXEMPTED VILLAGE,2020-01,2,68934.25
045625,UPPER SANDUSKY E V SCHOOLS,2020-01,4,43573.25
045633,VERSAILLES EXEMPTED VILLAGE,2020-01,2,34425.29
045641,WAUSEON EXEMPTED VILLAGE,2020-01,2,48714.51
045658,WELLINGTON EXEMPTED VILLAGE,2020-01,2,28465.64
045666,WINDHAM EXEMPTED VILLAGE,2020-01,2,12197.86
045674,YELLOW SPRINGS EXEMPTED,2020-01,2,17645.03
045757,ALLEN EAST LOCAL SCHOOL,2020-01,2,28745.34
045765,BATH LOCAL SCHOOL DISTRICT,2020-01,1,47891.85
045773,ELIDA BOARD OF EDUCATION,2020-01,2,64129.26
045781,PERRY LOCAL SCHOOL DISTRICT,2020-01,2,19860.31
045799,SHAWNEE LOCAL SCHOOL DISTRICT,2020-01,2,66694.77
045807,SPENCERVILLE LOCAL SCHOOL,2020-01,4,26970.04
045823,HILLSDALE SCHOOLS,2020-01,3,22320.83
045831,MAPLETON LOCAL SCHOOL DISTRICT,2020-01,3,23784.62
045856,BUCKEYE LOCAL SCHOOL DISTRICT,2020-01,1,47910.18
045864,GRAND VALLEY LOCAL SCHOOL,2020-01,3,29061.74
045872,JEFFERSON AREA LOCAL SCHOOL,2020-01,1,46511.15
045880,PYMATUNING VALLEY LOCAL,2020-01,2,30382.57
045906,ALEXANDER LOCAL SCHOOL,2020-01,3,40587.07
045914,FEDERAL HOCKING LOCAL SCHOOL,2020-01,4,27941.08
045922,TRIMBLE LOCAL SCHOOL DISTRICT,2020-01,3,21213.89
045948,MINSTER LOCAL SCHOOL DISTRICT,2020-01,4,23014.56
045955,NEW BREMEN LOCAL SCHOOL,2020-01,3,20162.79
045963,NEW KNOXVILLE LOCAL SCHOOL,2020-01,2,10102.63
045971,WAYNESFIELD-GOSHEN LOCAL,2020-01,4,12542.45
045997,ST CLAIRSVILLE RICHLAND CITY,2020-01,3,45380.4
046003,SHADYSIDE LOCAL BOARD OF EDU,2020-01,1,19723.13
046011,UNION LOCAL SCHOOL DISTRICT,2020-01,2,38737.65
046037,EASTERN LOCAL SCHOOL DISTRICT,2020-01,3,34468.06
046045,FAYETTEVILLE-PERRY LOCAL,2020-01,4,22095.28
046060,WESTERN BROWN LOCAL SCHOOL,2020-01,3,77594.22
046078,RIPLEY UNION LEWIS HUNTINGTON,2020-01,3,21273.26
046094,EDGEWOOD CITY SCHOOL DISTRICT,2020-01,2,101068.51
046102,FAIRFIELD CITY SCHOOL DISTRICT,2020-01,2,267026.26
046110,LAKOTA LOCAL SCHOOL DISTRICT,2020-01,3,445486.32
046128,MADISON LOCAL SCHOOL DISTRICT,2020-01,2,39013.25
046136,NEW MIAMI LOCAL SCHOOL,2020-01,1,17081.44
046144,ROSS LOCAL SCHOOL DISTRICT,2020-01,2,74441.07
046151,TALAWANDA CITY SCHOOL DISTRICT,2020-01,2,82221.08
046177,BROWN LOCAL SCHOOL DISTRICT,2020-01,2,17724.75
046193,GRAHAM LOCAL SCHOOL DISTRICT,2020-01,5,45521.51
046201,TRIAD LOCAL SCHOOLS,2020-01,3,22375.37
046219,WEST LIBERTY SALEM LOCAL,2020-01,2,32393.42
046235,GREENON LOCAL SCHOOLS,2020-01,2,42488.17
046243,TECUMSEH LOCAL SCHOOL DISTRICT,2020-01,4,78147.92
046250,NORTHEASTERN LOCAL SCHOOL,2020-01,3,83053.59
046268,NORTHWESTERN LOCAL SCHOOL,2020-01,3,43362.44
046276,SOUTHEASTERN LOCAL SCHOOL,2020-01,3,20308.76
046284,CLARK-SHAWNEE LOCAL SCHOOL,2020-01,1,48923.35
046300,BATAVIA LOCAL SCHOOL DISTRICT,2020-01,1,62603.43
046318,BETHEL-TATE LOCAL SCHOOLS,2020-01,2,42186.29
046326,CLERMONT NORTHEASTERN SCHOOL,2020-01,2,37843.16
046334,FELICITY-FRANKLIN LOCAL,2020-01,2,21477.31
046342,GOSHEN LOCAL SCHOOLS,2020-01,2,76282.54
046359,WEST CLERMONT LOCAL SCH DIST.,2020-01,2,223569.3
046367,WILLIAMSBURG LOCAL SCHOOL,2020-01,2,26906.51
046383,BLANCHESTER LOCAL SCHOOL,2020-01,5,39671.16
046391,CLINTON-MASSIE LOCAL SCHOOL,2020-01,3,48264.48
046409,EAST CLINTON LOCAL SCHOOL,2020-01,4,33062.44
046425,BEAVER LOCAL SCHOOL DISTRICT,2020-01,1,48008.5
046433,CRESTVIEW LOCAL SCHOOL,2020-01,2,32263.05
046441,SOUTHERN LOCAL SCHOOL DISTRICT,2020-01,3,21077.53
046458,UNITED LOCAL SCHOOL DISTRICT,2020-01,2,31153.88
046474,RIDGEWOOD LOCAL BOARD OF,2020-01,3,34339.31
046482,RIVER VIEW LOCAL SCHOOL,2020-01,5,51223.3
046508,BUCKEYE CENTRAL LOCAL SCHOOL,2020-01,4,16688.57
046516,COLONEL CRAWFORD LOCAL SCHOOLS,2020-01,3,25264.62
046524,WYNFORD LOCAL SCHOOL DISTRICT,2020-01,4,30913.13
046557,CUYAHOGA HEIGHTS LOCAL SCHOOL,2020-01,2,21603.09
046565,INDEPENDENCE LOCAL SCHOOLS,2020-01,1,27846.89
046573,OLMSTED FALLS BOARD OF,2020-01,2,94579.8
046581,ORANGE CITY SCHOOL DISTRICT,2020-01,2,52084.67
046599,RICHMOND HEIGHTS LOCAL SCHOOL,2020-01,1,18994.9
046607,SOLON BOARD OF EDUCATION,2020-01,1,121082.6
046623,ANSONIA LOCAL SCHOOL DISTRICT,2020-01,1,19407.47
046631,ARCANUM BUTLER LOCAL SCHOOL,2020-01,1,28344.43
046649,FRANKLIN MONROE LOCAL SCHOOL,2020-01,2,16024.02
046672,MISSISSINAWA VALLEY LOCAL,2020-01,1,17212.9
046680,TRI-VILLAGE LOCAL SCHOOL DIST,2020-01,2,21287.87
046706,AYERSVILLE LOCAL SCH DIST.,2020-01,4,20778.55
046714,CENTRAL LOCAL SCHOOL DISTRICT,2020-01,3,26646.24
046722,NORTHEASTERN LOCAL SCHOOL,2020-01,3,29634.23
046748,BIG WALNUT LOCAL SCHOOLS,2020-01,4,101311.67
046755,BUCKEYE VALLEY LOCAL SCHOOL,2020-01,4,59384.72
046763,OLENTANGY LOCAL SCHOOLS,2020-01,2,579666.26
046789,EDISON LOCAL SCHOOLS,2020-01,2,38318.38
046797,KELLEYS ISLAND SCHOOL,2020-01,1,158.7
046805,MARGARETTA LOCAL SCHOOL DIST,2020-01,2,30397.01
046813,PERKINS LOCAL SCHOOL DISTRICT,2020-01,1,49539.61
046821,VERMILION LOCAL SCH DIST.,2020-01,2,47169.58
046847,AMANDA-CLEARCREEK LOCAL SCHOOL,2020-01,3,39483.97
046854,BERNE UNION LOCAL SCHOOLS,2020-01,2,22315.72
046862,BLOOM CARROLL LOCAL SCHOOL,2020-01,2,58366.28
046870,FAIRFIELD UNION LOCAL SCHOOL,2020-01,3,52494.61
046888,LIBERTY UNION THURSTON LOCAL,2020-01,1,32652.53
046896,PICKERINGTON LOCAL SCHOOL DIST,2020-01,3,285255.43
046904,WALNUT TOWNSHIP LOCAL SCHOOL,2020-01,3,13188.55
046920,MIAMI TRACE LOCAL SCH DIST.,2020-01,7,70429.69
046946,CANAL WINCHESTER LOCAL SCHOOL,2020-01,2,104181.96
046953,HAMILTON LOCAL SCHOOLS,2020-01,2,81030.22
046961,GAHANNA-JEFFERSON CITY SCHOOL,2020-01,1,205948.5
046979,GROVEPORT MADISON LOCAL,2020-01,2,157752.26
046995,NEW ALBANY PLAIN LOCAL SCHOOL,2020-01,3,130333.99
047001,REYNOLDSBURG CITY SCHOOLS,2020-01,3,204259.48
047019,HILLIARD CITY SCHOOL DISTRICT,2020-01,1,433439.19
047027,DUBLIN CITY SCHOOLS,2020-01,3,421975.64
047043,ARCHBOLD AREA LOCAL SCHOOLS,2020-01,4,34256.14
047050,EVERGREEN LOCAL SCHOOL,2020-01,2,30441.08
047068,FAYETTE LOCAL SCHOOL DISTRICT,2020-01,2,9201.69
047076,PETTISVILLE LOCAL SCHOOL,2020-01,2,14212.89
047084,PIKE DELTA YORK LOCAL SCHOOLS,2020-01,3,33252.63
047092,SWANTON LOCAL SCHOOL DISTRICT,2020-01,3,32867.23
047167,BERKSHIRE BOARD OF EDUCATION,2020-01,2,35101.86
047175,CARDINAL LOCAL SCHOOL DISTRICT,2020-01,4,23999.25
047183,CHARDON BOARD OF EDUCATION,2020-01,2,72576.04
047191,KENSTON LOCAL SCHOOL DISTRICT,2020-01,3,69463.98
047217,NEWBURY BOARD OF EDUCATION,2020-01,1,7173.2
047225,WEST GEAUGA LOCAL SCHOOL,2020-01,3,49656.69
047241,BEAVERCREEK CITY SCHOOLS,2020-01,2,211508.14
047258,CEDARCLIFF LOCAL BOARD OF,2020-01,2,16853.82
047266,GREENEVIEW LOCAL SCHOOL,2020-01,3,37722.41
047274,SUGARCREEK LOCAL SCHOOL,2020-01,3,74352.59
047308,ROLLING HILLS LOCAL SCHOOL,2020-01,3,42592.57
047332,FINNEYTOWN LOCAL SCHOOL,2020-01,1,36140.23
047340,FOREST HILLS LOCAL SCHOOL,2020-01,2,192528.94
047365,NORTHWEST LOCAL SCHOOL,2020-01,2,236070.64
047373,OAK HILLS LOCAL SCHOOL DISTICT,2020-01,1,205619.99
047381,SOUTHWEST LOCAL SCHOOL DIST,2020-01,2,108079.81
047399,THREE RIVERS LOCAL SCHOOL DIST,2020-01,1,59979.08
047415,ARCADIA LOCAL SCHOOL DISTRICT,2020-01,3,15341.21
047423,ARLINGTON LOCAL SCHOOL,2020-01,2,14970.13
047431,CORY-RAWSON LOCAL SCHOOLS,2020-01,3,14254.92
047449,LIBERTY-BENTON LOCAL SCHOOL,2020-01,1,39997.69
047456,MCCOMB LOCAL SCHOOL DISTRICT,2020-01,4,17531.38
047464,VAN BUREN LOCAL SCHOOL,2020-01,2,28720.66
047472,VANLUE LOCAL SCHOOL DISTRICT,2020-01,3,4746.58
047498,HARDIN NORTHERN LOCAL SCHOOL,2020-01,2,10335.52
047506,RIDGEMONT LOCAL SCHOOL,2020-01,4,14219.59
047514,RIVERDALE LOCAL SCHOOL,2020-01,3,27972.08
047522,UPPER SCIOTO VALLEY LOCAL,2020-01,4,12238.27
047548,CONOTTON VALLEY LOCAL SCHOOL,2020-01,3,12700.31
047571,HOLGATE LOCAL SCHOOL DISTRICT,2020-01,3,11897.12
047589,LIBERTY CENTER LOCAL SCHOOL,2020-01,3,27771.34
047597,PATRICK HENRY LOCAL SCHOOL,2020-01,3,23287.46
047613,BRIGHT LOCAL SCHOOL DISTRICT,2020-01,3,18604.98
047621,FAIRFIELD LOCAL SCHOOL,2020-01,3,25007.91
047639,LYNCHBURG-CLAY LOCAL SCHOOL,2020-01,3,30890.07
047688,EAST HOLMES LOCAL SCHOOL,2020-01,5,43899.11
047696,WEST HOLMES LOCAL SCHOOL,2020-01,5,55811.88
047712,MONROEVILLE LOCAL SCHOOL,2020-01,2,14920.6
047720,NEW LONDON LOCAL SCHOOL,2020-01,3,22874.77
047738,SOUTH CENTRAL LOCAL SCHOOL,2020-01,3,20248.18
047746,WESTERN RESERVE BD OF EDUC,2020-01,3,27258.11
047761,OAK HILL UNION LOCAL SCHOOL,2020-01,5,32611.34
047787,BUCKEYE LOCAL SCHOOL DISTRICT,2020-01,3,40520.36
047795,EDISON LOCAL SCHOOLS,2020-01,4,37436.75
047803,INDIAN CREEK SCHOOL DISTRICT,2020-01,2,52576.44
047829,CENTERBURG LOCAL SCHOOL,2020-01,4,30762.93
047837,DANVILLE LOCAL SCHOOL DISTRICT,2020-01,4,16905.42
047845,EAST KNOX LOCAL SCHOOL,2020-01,3,25423.87
047852,FREDERICKTOWN LOCAL SCHOOL,2020-01,3,33414.4
047878,KIRTLAND LOCAL BOARD OF,2020-01,2,30596.28
047886,MADISON LOCAL SCHOOL DISTRICT,2020-01,3,75279.47
047894,RIVERSIDE LOCAL SCH DIST.,2020-01,2,111201.66
047902,PERRY LOCAL SCHOOL DISTRICT,2020-01,1,41938.01
047928,DAWSON BRYANT LOCAL SCHOOL,2020-01,1,30501.83
047936,FAIRLAND LOCAL SCHOOL DISTRICT,2020-01,2,40891.53
047944,ROCK HILL LOCAL SCHOOL,2020-01,2,36514.32
047951,SOUTH POINT LOCAL SCHOOLS,2020-01,1,40677.91
047969,SYMMES VALLEY LOCAL SCHOOLS,2020-01,2,20934.55
047985,JOHNSTOWN MONROE LOCAL SCHOOL,2020-01,3,45061.37
047993,LAKEWOOD LOCAL SCHOOL DISTRICT,2020-01,3,48188.88
048009,LICKING HEIGHTS LOCAL SCHOOLS,2020-01,2,122950.85
048017,LICKING VALLEY LOCAL SCHOOL,2020-01,2,54918.33
048025,NORTH FORK LOCAL SCHOOL,2020-01,2,43737.29
048033,NORTHRIDGE LOCAL SCHOOL,2020-01,3,30424.27
048041,SOUTHWEST LICKING LOCAL SCHOOL,2020-01,2,115212.66
048074,BENJAMIN LOGAN LOCAL SCHOOL,2020-01,4,45304.09
048082,INDIAN LAKE LOCAL SCHOOL,2020-01,4,40838.62
048090,RIVERSIDE LOCAL SCHOOL,2020-01,3,16889.59
048116,AVON LOCAL SCHOOL DISTRICT,2020-01,2,119441.92
048124,AVON LAKE CITY SCHOOLS,2020-01,2,99231.95
048132,CLEARVIEW BOARD OF EDUCATION,2020-01,1,43608.31
048140,COLUMBIA LOCAL SCHOOL DISTRICT,2020-01,3,23636.19
048157,FIRELANDS LOCAL SCHOOL,2020-01,3,45426.2
048165,KEYSTONE LOCAL SCHOOLS,2020-01,2,40789.67
048173,MIDVIEW LOCAL SCHOOL DISTRICT,2020-01,2,75992.02
048207,ANTHONY WAYNE LOCAL SCHOOLS,2020-01,3,116747.69
048215,OTTAWA HILLS LOCAL SCHOOL,2020-01,1,26765.03
048223,SPRINGFIELD LOCAL SCH DIST.,2020-01,1,97821.7
048231,WASHINGTON LOCAL SCHOOL,2020-01,1,185771.49
048256,JEFFERSON LOCAL SCHOOL,2020-01,2,31858.83
048264,JONATHAN ALDER LOCAL SCHOOL,2020-01,3,60367.64
048272,MADISON PLAINS LOCAL SCHOOL,2020-01,6,32015.24
048298,AUSTINTOWN LOCAL SCHOOL,2020-01,2,117674.54
048306,BOARDMAN LOCAL SCHOOL DISTRICT,2020-01,1,107596.08
048314,CANFIELD LOCAL SCHOOL DISTRICT,2020-01,1,69155.68
048322,JACKSON-MILTON LOCAL SCHOOL,2020-01,3,21448.86
048330,LOWELLVILLE LOCAL SCHOOLS,2020-01,1,13069.21
048348,POLAND LOCAL SCHOOL DISTRICT,2020-01,1,47117.93
048355,SEBRING LOCAL SCHOOL DISTICT,2020-01,1,10344.25
048363,SOUTH RANGE LOCAL SCHOOL,2020-01,2,32933.23
048371,SPRINGFIELD LOCAL BOARD OF EDU,2020-01,2,26164.55
048389,WEST BRANCH LOCAL SCHOOL,2020-01,4,51308.02
048397,WESTERN RESERVE LOCAL SCHOOLS,2020-01,2,17725.52
048413,ELGIN LOCAL SCHOOL DISTRICT,2020-01,4,29045.63
048421,PLEASANT LOCAL SCHOOL DISTRICT,2020-01,1,35383.7
048439,RIDGEDALE LOCAL SCHOOLS,2020-01,3,17643.97
048447,RIVER VALLEY LOCAL SCHOOL DIST,2020-01,4,51731.94
048462,BLACK RIVER LOCAL SCHOOL,2020-01,4,28662.42
048470,BUCKEYE LOCAL SCHOOL DISTRICT,2020-01,3,63306.04
048488,CLOVERLEAF LOCAL SCHOOL,2020-01,2,63545.68
048496,HIGHLAND LOCAL SCHOOL DISTRICT,2020-01,2,86072.81
048512,EASTERN LOCAL SCHOOL DISTRICT,2020-01,1,19732.56
048520,MEIGS LOCAL SCHOOL DISTRICT,2020-01,3,44141.56
048538,SOUTHERN LOCAL SCHOOL DISTRICT,2020-01,1,18349.67
048553,MARION LOCAL BOARD OF,2020-01,3,23240.79
048579,PARKWAY SCHOOL BOARD OF EDUC,2020-01,3,27720.85
048587,ST HENRY CONSOLIDATED LOCAL,2020-01,2,25063.55
048595,FORT RECOVERY LOCAL SCHOOL,2020-01,2,25301.56
048611,BETHEL LOCAL SCHOOL DISTRICT,2020-01,3,43996.04
048629,MIAMI EAST LOCAL SCHOOLS,2020-01,4,35870.67
048637,NEWTON LOCAL SCHOOL DISTRICT,2020-01,2,16440
048652,SWITZERLAND OF OHIO LOCAL,2020-01,4,54202.65
048678,BROOKVILLE LOCAL SCHOOL,2020-01,2,40587.13
048686,JEFFERSON TOWNSHIP LOCAL,2020-01,1,6886.8
048694,TROTWOOD MADISON CITY SCHOOLS,2020-01,1,69976.23
048702,MAD RIVER LOCAL SCHOOL,2020-01,2,99000.71
048710,NEW LEBANON LOCAL SCHOOLS,2020-01,2,29423.01
048728,NORTHMONT CITY SCHOOLS,2020-01,3,132934.98
048736,NORTHRIDGE LOCAL SCHOOL,2020-01,1,42191.55
048744,VALLEY VIEW LOCAL SCHOOL,2020-01,3,47468.79
048751,HUBER HEIGHTS CITY SCHOOLS,2020-01,4,157446.71
048777,MORGAN LOCAL SCHOOL DISTRICT,2020-01,4,45071.5
048793,CARDINGTON LINCOLN LOCAL,2020-01,2,27014.8
048801,HIGHLAND LOCAL SCHOOL DISTRICT,2020-01,3,47157.93
048819,NORTHMOR LOCAL SCHOOLS,2020-01,5,29713.66
048835,EAST MUSKINGUM SCHOOL DISTRICT,2020-01,3,58968.74
048843,FRANKLIN LOCAL SCHOOL DISTRICT,2020-01,3,54907.45
048850,MAYSVILLE LOCAL SCHOOL DIST,2020-01,2,54409.94
048876,TRI-VALLEY LOCAL SCHOOLS,2020-01,3,80967.99
048884,WEST MUSKINGUM LOCAL SCHOOL,2020-01,3,39198.13
048900,NOBLE LOCAL SCHOOL DISTRICT,2020-01,4,25258.12
048926,BENTON CARROLL SALEM LOCAL,2020-01,3,40321.78
048934,DANBURY LOCAL SCHOOLS,2020-01,1,12206.16
048942,GENOA AREA LOCAL SCHOOL,2020-01,4,36220.59
048975,PUT-IN-BAY LOCAL SCHOOL,2020-01,1,1532.38
048991,ANTWERP LOCAL SCHOOL DISTRICT,2020-01,2,19264.49
049031,WAYNE TRACE LOCAL SCHOOL,2020-01,3,25463.77
049056,NORTHERN LOCAL SCHOOL DISTRICT,2020-01,4,59986.77
049064,SOUTHERN LOCAL SCHOOL DISTRICT,2020-01,4,17709.17
049080,LOGAN ELM LOCAL SCHOOL DIST,2020-01,5,47971.9
049098,TEAYS VALLEY BOARD OF EDU,2020-01,3,110761.19
049106,WESTFALL LOCAL SCHOOL DISTRICT,2020-01,3,37212.52
049122,EASTERN LOCAL SCHOOL DISTRICT,2020-01,3,22998.32
049130,SCIOTO VALLEY LOCAL SCHOOL,2020-01,2,34436.82
049148,WAVERLY CITY SCHOOLS,2020-01,2,50899.42
049155,WESTERN LOCAL SCHOOL DISTRICT,2020-01,4,20049.71
049171,AURORA BOARD OF EDUCATION,2020-01,4,78359.69
049189,CRESTWOOD LOCAL SCHOOLS,2020-01,2,42395.06
049197,FIELD LOCAL SCHOOL DISTRICT,2020-01,3,52118.49
049205,JAMES A GARFIELD LOCAL SCHOOLS,2020-01,3,35801.85
049213,ROOTSTOWN LOCAL SCHOOL,2020-01,1,30380.81
049221,SOUTHEAST LOCAL SCHOOLS,2020-01,3,40250.09
049239,STREETSBORO CITY SCHOOLS,2020-01,2,57664.24
049247,WATERLOO LOCAL BOARD OF EDU,2020-01,2,25800.76
049270,NATIONAL TRAIL LOCAL SD,2020-01,2,27147.52
049288,PREBLE SHAWNEE LOCAL SCHOOLS,2020-01,3,37899.78
049296,TWIN VALLEY COMMUNITY LOCAL,2020-01,2,22637.9
049312,COLUMBUS GROVE LOCAL SCHOOL,2020-01,2,23124.78
049320,CONTINENTAL LOCAL SCHOOL,2020-01,3,12423.1
049338,JENNINGS LOCAL SCHOOL DISTRICT,2020-01,3,10037.66
049346,KALIDA LOCAL SCHOOL DISTRICT,2020-01,1,16320.21
049353,LEIPSIC LOCAL SCHOOL DISTRICT,2020-01,2,17459.46
049361,MILLER CITY-NEW CLEVELAND,2020-01,1,12796.53
049379,OTTAWA GLANDORF LOCAL SCHOOL,2020-01,1,39899.74
049387,OTTOVILLE LOCAL SCHOOL,2020-01,3,12501.69
049395,PANDORA-GILBOA LOCAL BOARD OF,2020-01,3,13882.35
049411,CLEARFORK VALLEY LOCAL SCHOOL,2020-01,3,44862.83
049429,CRESTVIEW LOCAL SCHOOL,2020-01,3,28693.08
049437,LEXINGTON LOCAL SCH DIST.,2020-01,2,64673.15
049445,LUCAS LOCAL SCHOOL DISTRICT,2020-01,2,14373.56
049452,MADISON LOCAL SCHOOLS,2020-01,2,76057.53
049460,PLYMOUTH-SHILOH LOCAL SCHOOLS,2020-01,3,19332.12
049478,ONTARIO LOCAL SCHOOLS,2020-01,2,53633.96
049494,ADENA LOCAL SCHOOL DISTRICT,2020-01,3,33206.72
049502,HUNTINGTON LOCAL SCH DIST.,2020-01,2,29469.67
049510,PAINT VALLEY LOCAL SCHOOL,2020-01,3,22444.78
049528,SOUTHEASTERN LOCAL SCHOOL,2020-01,4,28414.12
049536,UNION-SCIOTO LOCAL SCHOOL,2020-01,2,58310.71
049544,ZANE TRACE LOCAL SCHOOL,2020-01,3,35584.61
049569,LAKOTA LOCAL SCHOOLS,2020-01,3,28179.6
049577,WOODMORE LOCAL SCHOOL DISTRICT,2020-01,3,26107.91
049593,BLOOM-VERNON LOCAL SCHOOL,2020-01,3,22562.33
049601,CLAY LOCAL SCHOOL DISTRICT,2020-01,1,16848.82
049619,GREEN LOCAL SCHOOL DISTRICT,2020-01,2,15125.88
049627,MINFORD LOCAL SCHOOL DISTRICT,2020-01,2,34306.19
049635,NORTHWEST LOCAL SCHOOL DIST,2020-01,3,36903.34
049643,VALLEY LOCAL SCHOOL DISTRICT,2020-01,2,28623.51
049650,WASHINGTON NILES LOCAL SCHOOL,2020-01,2,38516.44
049668,WHEELERSBURG LOCAL SCHOOL,2020-01,1,42029.46
049684,SENECA EAST LOCAL SCHOOL,2020-01,3,22692.74
049700,HOPEWELL-LOUDON LOCAL SCHOOL,2020-01,2,22481.28
049718,NEW RIEGEL LOCAL SCHOOL,2020-01,1,10418.9
049726,OLD FORT LOCAL SCHOOL DISTRICT,2020-01,2,16617.45
049759,ANNA LOCAL BOARD OF EDUCAION,2020-01,1,31509.11
049767,BOTKINS LOCAL SCHOOL DISTRICT,2020-01,2,17184.3
049775,FAIRLAWN LOCAL SCHOOL DISTRICT,2020-01,4,15717.61
049783,FORT LORAMIE LOCAL SCHOOL,2020-01,2,21305.05
049791,HARDIN-HOUSTON LOCAL SCHOOL,2020-01,2,22415.21
049809,JACKSON CENTER LOCAL SCHOOL,2020-01,3,14294.59
049817,RUSSIA LOCAL SCHOOL DISTRICT,2020-01,2,10680.06
049833,CANTON LOCAL SCHOOL DISTRICT,2020-01,1,47570.28
049841,FAIRLESS LOCAL BOARD OF,2020-01,3,40842
049858,JACKSON LOCAL SCHOOL DISTRICT,2020-01,1,154201.06
049866,LAKE LOCAL SCHOOL DISTRICT,2020-01,3,90207.24
049874,LOUISVILLE CITY SCHOOLS,2020-01,1,72186.52
049882,MARLINGTON LOCAL SCHOOL,2020-01,4,54814.61
049890,MINERVA LOCAL SCHOOLS,2020-01,3,51826.67
049908,NORTHWEST LOCAL SCHOOL,2020-01,3,49568.75
049916,OSNABURG LOCAL SCHOOLS,2020-01,1,22373.6
049924,PERRY LOCAL SCHOOL DISTRICT,2020-01,1,117118.4
049932,PLAIN LOCAL SCHOOL DISTRICT,2020-01,1,162274.55
049940,SANDY VALLEY LOCAL SCHOOL,2020-01,3,33435.51
049957,TUSLAW LOCAL SCHOOLS,2020-01,2,36436.53
049973,WOODRIDGE LOCAL SCHOOL,2020-01,2,49033.58
049981,COPLEY-FAIRLAWN CITY SCHOOLS,2020-01,2,73583.57
049999,COVENTRY LOCAL SCHOOL DISTRICT,2020-01,1,48071.64
050005,MANCHESTER LOCAL SCHOOL,2020-01,2,34736.41
050013,GREEN LOCAL SCHOOLS,2020-01,2,108504.81
050021,HUDSON CITY SCHOOL DISTRICT,2020-01,2,120865.09
050039,MOGADORE LOCAL SCHOOL DISTRICT,2020-01,2,23085.55
050047,NORDONIA HILLS CITY SCHOOLS,2020-01,2,95747.84
050054,REVERE LOCAL SCHOOL DISTRICT,2020-01,2,72292
050062,SPRINGFIELD LOCAL SCH DIST.,2020-01,3,57746.58
050070,TWINSBURG BOARD OF EDUCATION,2020-01,2,107344.11
050096,BLOOMFIELD-MESPO LOCAL SCHOOL,2020-01,3,6225.99
050112,BRISTOL LOCAL SCHOOL DISTRICT,2020-01,1,14746.49
050120,BROOKFIELD LOCAL SCHOOL,2020-01,1,26300.99
050138,CHAMPION LOCAL SCHOOL DISTRICT,2020-01,1,36378.2
050153,MATHEWS LOCAL SCHOOL DISTRICT,2020-01,1,16988.81
050161,HOWLAND LOCAL SCHOOL DISTRICT,2020-01,1,69300.62
050179,JOSEPH BADGER LOCAL SCHOOL DIS,2020-01,2,17833.19
050187,LAKEVIEW LOCAL BOARD,2020-01,1,45690.39
050195,LIBERTY LOCAL BOARD OF EDU,2020-01,2,33754.97
050203,LORDSTOWN LOCAL SCHOOL,2020-01,2,12742.13
050211,MAPLEWOOD LOCAL BOARD OF EDU,2020-01,2,18334.31
050229,MCDONALD BOARD OF EDUCATION,2020-01,1,18888.18
050237,SOUTHINGTON LOCAL SCHOOL,2020-01,2,13612.57
050245,LABRAE LOCAL SCHOOL DISTRICT,2020-01,2,29282.37
050252,WEATHERSFIELD LOCAL SCHOOL,2020-01,2,26081.9
050278,GARAWAY LOCAL SCHOOLS,2020-01,4,33278.61
050286,INDIAN VALLEY LOCAL SCHOOLS,2020-01,2,47618.92
050294,STRASBURG-FRANKLIN LOCAL,2020-01,2,14950.37
050302,TUSCARAWAS VALLEY LOCAL SCHOOL,2020-01,3,36151.86
050328,FAIRBANKS LOCAL SCHOOLS,2020-01,4,29872.82
050336,NORTH UNION LOCAL SCHOOL,2020-01,5,40110.87
050351,CRESTVIEW LOCAL SCHOOL,2020-01,2,22518.33
050369,LINCOLNVIEW LOCAL SCH DIST.,2020-01,4,23758.16
050393,VINTON COUNTY LOCAL SCHOOLS,2020-01,5,50317.47
050419,CARLISLE LOCAL SCHOOLS,2020-01,3,42370.04
050427,SPRINGBORO COMMUNITY SCHOOLS,2020-01,2,164044.81
050435,KINGS LOCAL SCHOOL DISTRICT,2020-01,3,123467.82
050443,LITTLE MIAMI LOCAL SCHOOL,2020-01,2,131462.79
050450,MASON CITY SCHOOL DISTRICT,2020-01,3,274740.76
050468,WAYNE LOCAL SCHOOL DISTRICT,2020-01,4,41104.82
050484,FORT FRYE LOCAL SCHOOL,2020-01,4,26972.14
050492,FRONTIER LOCAL SCHOOL DISTRICT,2020-01,2,15469.84
050500,WARREN LOCAL SCHOOLS,2020-01,2,57021.65
050518,WOLF CREEK LOCAL SCHOOL BD,2020-01,2,16708.93
050534,CHIPPEWA LOCAL SCHOOLS,2020-01,4,33715.97
050542,DALTON LOCAL SCHOOL DISTRICT,2020-01,2,24134.12
050559,GREEN LOCAL SCHOOL DISTRICT,2020-01,1,29468.44
050567,NORTH CENTRAL LOCAL SCHOOLS,2020-01,2,37390.41
050575,NORTHWESTERN LOCAL SCH DIST.,2020-01,3,35876.97
050583,SOUTHEAST LOCAL SCH DIST.,2020-01,3,35949.14
050591,TRIWAY LOCAL SCHOOL DISTRICT,2020-01,3,43252.41
050617,EDGERTON LOCAL SCHOOL DISTRICT,2020-01,2,15639.43
050625,EDON NORTHWEST LOCAL SCHOOL,2020-01,1,13549.89
050633,MILLCREEK WEST UNITY LOCAL,2020-01,2,13973.65
050641,NORTH CENTRAL LOCAL SCHOOL,2020-01,1,15561.22
050658,STRYKER LOCAL SCHOOL DISTRICT,2020-01,4,10030.15
050674,EASTWOOD BOARD OF EDUCATION,2020-01,3,38936.23
050682,ELMWOOD LOCAL SCHOOL DISTRICT,2020-01,2,32389.58
050690,LAKE LOCAL SCHOOL DISTRICT,2020-01,2,41204.72
050708,NORTH BALTIMORE BOARD OF,2020-01,2,17582.4
050716,NORTHWOOD LOCAL SCHOOLS,2020-01,3,26211.24
050724,OTSEGO LOCAL SCHOOL DISTRICT,2020-01,3,41896.12
050740,MOHAWK BOARD OF EDUCATION,2020-01,3,22663.42
050773,APOLLO JOINT VOCATIONAL,2020-01,8,45544.84
050799,SOUTHERN HILLS JOINT,2020-01,5,33351.21
050815,ASHTABULA COUNTY TECHNICAL &,2020-01,4,45956.65
050856,BELMONT-HARRISON VOCATIONAL,2020-01,7,26496.04
050880,BUTLER TECHNOLOGY & CAREER,2020-01,4,353050.03
050906,COLUMBIANA COUNTY JOINT,2020-01,2,11026.9
050922,CUYAHOGA VALLEY CAREER CENTER,2020-01,2,22475.46
050948,POLARIS JOINT VOCATIONAL,2020-01,1,68497.56
050963,FOUR COUNTY JOINT VOCATIONAL,2020-01,9,35230.74
050989,DELAWARE AREA CAREER CENTER,2020-01,6,42352.82
051003,EASTLAND-FAIRFIELD CAREER &,2020-01,5,43251.9
051029,EHOVE JOINT VOCATIONAL SCHOOL,2020-01,8,23615.91
051045,GREENE COUNTY JOINT VOCATIONAL,2020-01,6,61615.47
051060,GREAT OAKS INSTITUTE OF TECH,2020-01,12,284216.4
051128,JEFFERSON COUNTY JOINT,2020-01,4,9867.92
051144,KNOX COUNTY CAREER CENTER,2020-01,6,17298.89
051169,AUBURN VOCATIONAL SCHOOL DIST,2020-01,5,20440.26
051185,LAWRENCE COUNTY JOINT,2020-01,3,39703.75
051201,LICKING CNTY JOINT VOCATIONAL,2020-01,6,60332.56
051227,LORAIN COUNTY JOINT,2020-01,5,35073.38
051243,MAHONING COUNTY CAREER &,2020-01,5,22376.72
051284,MIAMI VALLEY CAREER TECHNOLOGY,2020-01,10,107575.94
051300,MIDEAST CAREER & TECHNOLOGY,2020-01,9,34528.54
051334,OHIO HI POINT JOINT VOCATIONAL,2020-01,11,85972.43
051359,PENTA COUNTY VOCATIONAL SCHOOL,2020-01,7,111944.29
051375,PIKE COUNTY JOINT VOCATIONAL,2020-01,6,12958.48
051391,MAPLEWOOD CAREER CENTER,2020-01,4,16405.43
051417,PIONEER CAREER & TECHNOLOGY,2020-01,9,65312.84
051433,PICKAWAY-ROSS COUNTY JOINT,2020-01,10,77844.03
051458,VANGUARD SENTINEL CAREER CNTRS,2020-01,9,47048.86
051474,WARREN COUNTY VOCATIONAL,2020-01,7,94186.34
051490,SCIOTO COUNTY CAREER TECH CNTR,2020-01,5,40182.88
051532,SPRINGFIELD-CLARK CAREER,2020-01,4,24264.61
051607,TRI-COUNTY JOINT VOCATIONAL,2020-01,7,12962.54
051631,TRUMBULL COUNTY JOINT,2020-01,3,24508.15
051656,BUCKEYE JOINT VOCATIONAL,2020-01,10,32781.04
051672,VANTAGE CAREER CENTER,2020-01,6,14728.17
051698,WASHINGTON COUNTY JOINT,2020-01,4,13729.16
051714,WAYNE CNTY JOINT VOCATIONAL SC,2020-01,6,23078.14
061903,ADAMS CNTY-OH VALLEY SCHL DIST,2020-01,5,95655.85
062026,STARK COUNTY AREA JOINT,2020-01,6,20189.59
062042,ASHLAND CO WEST HOLMES JOINT,2020-01,7,16258.07
062067,GALLIA JACKSON VINTON JOINT,2020-01,9,44643.67
062109,MEDINA COUNTY CAREER CENTER,2020-01,5,61487.07
062125,UPPER VALLEY JOINT VOCATIONAL,2020-01,6,85919.93
062802,US GRANT JOINT VOCATIONAL,2020-01,2,19199.69
063495,PORTAGE LAKES JOINT VOCATIONAL,2020-01,3,14865.4
063511,TOLLES CAREER & TECH CENTER,2020-01,5,47275.14
064964,COLLEGE CORNER LOCAL SCHOOL,2020-01,2,2356.49
065227,COSHOCTON COUNTY JOINT,2020-01,6,6895.22
065268,TRI-RIVERS JOINT VOCATIONAL,2020-01,6,14657.96
065680,GALLIA COUNTY LOCAL SCHOOL,2020-01,5,58761.67
069682,EAST GUERNSEY LOCAL SCHOOL,2020-01,4,27599.29
091397,TRI-COUNTY NORTH LOCAL SCHOOL,2020-01,3,21283.05
132746,SUMMIT ACADEMY COMMUNITY SCH,2020-01,5,2162.26
132761,SUMMIT ACAD COMMU SCHL FOR,2020-01,5,5093.65
132779,SUMMIT ACADEMY AKRON MIDDLE,2020-01,3,1502.45
132795,LIFE SKILLS CENTER OF CLARK,2020-01,5,5064.63
132803,LIFE SKILLS CENTER OF BUTLER,2020-01,4,6906.81
132944,MIAMI VALLEY ACADEMIES,2020-01,9,3324.89
132951,CONSTELLATN SCHLS LORAIN COMMU,2020-01,2,4980.04
132969,CONSTELLATN SCHLS ELYRIA COMMU,2020-01,1,12120.74
132985,YOUTH BUILD COLUMBUS,2020-01,5,3875.04
132993,CONSTELLATN SCHLS W.PARK COMM,2020-01,2,7692.81
133215,INTERGENERATIONAL SCHOOL,2020-01,1,6612.65
133256,CONSTELLTN SCHLS PARMA COMMU,2020-01,3,38095.32
133264,DOHN COMMUNITY HIGH SCHOOL,2020-01,3,24497.49
133280,WASHINGTON PARK COMMUNITY,2020-01,1,5005.59
133306,SUMMIT ACAD COMMU SCHL FOR,2020-01,3,2955.15
133322,SUMMIT ACAD COMMU SCHL  FOR,2020-01,2,1923.51
133330,TCP WORLD ACADEMY,2020-01,3,13961.15
133348,RICHARD ALLEN PREPARATORY,2020-01,1,9578.19
133389,LIGHTHOUSE COMMUNITY SCHOOL,2020-01,1,1527.79
133421,GRAHAM SCHOOL,2020-01,2,6140.02
133439,CORNERSTONE ACADEMY,2020-01,7,23295.29
133454,DAYTON VIEW ACADEMY,2020-01,1,12269.59
133488,EDUCATIONAL DEVELOPMENT CENTER,2020-01,3,4537.43
133504,PHOENIX COMMUNITY LEARNING,2020-01,2,11537.58
133512,LKH VICTORY CORP,2020-01,1,24023.24
133520,CITIZENS ACADEMY,2020-01,3,9800.47
133538,EDGE LEARNING INC,2020-01,1,5850.82
133561,MILLENNIUM COMMUNITY SCHOOL,2020-01,1,14203.34
133587,SUMMIT ACAD AKRON ELEMENT SCH,2020-01,1,2819.99
133629,HORIZON SCIENCE ADADEMY -,2020-01,2,10011.22
133660,HORIZON EDUCATIONAL SERVICES,2020-01,1,13254.7
133678,RIVERSIDE COMMUNITY SCHOOL INC,2020-01,1,5426.3
133736,RICHARD ALLEN ACADEMY INC,2020-01,1,3637.71
133785,LIFE SKILLS CENTER OF,2020-01,3,1554.22
133835,LIFE SKILLS CENTER OF,2020-01,4,10854.34
133868,LIFE SKILLS CENTER OF AKRON,2020-01,5,11649.29
133942,TOLEDO SCHOOL FOR THE ARTS,2020-01,9,18319.54
134072,YOUNGSTOWN COMMUNITY SCHL INC,2020-01,1,8545.25
134098,CONSTELLATN SCHLS OLD BROOKLYN,2020-01,3,9484.42
134122,MULTIPLE OPTNS FOR DEVELOPMENT,2020-01,3,2851.09
134197,HOPE ACADEMY CHAPELSIDE CAMPUS,2020-01,2,7165.91
134213,HOPE ACADEMY UNIVERSITY,2020-01,1,5560.92
134247,CITY DAY COMMUNITY SCHOOL INC,2020-01,1,5066.15
139303,MONROE LOCAL SCHOOL DISTRICT,2020-01,2,76761.87
142901,LIFE SKILLS CENTER OF CANTON,2020-01,2,3166.06
142919,LIFE SKILLS CENTER OF ELYRIA,2020-01,4,3768.02
142927,FOCUS LEARNING ACADEMY OF,2020-01,4,6719.68
142935,FOCUS LEARNING ACADEMY OF,2020-01,4,5112.36
142943,FOCUS LEARNING ACADEMY OF,2020-01,1,14045.24
142950,OHIO VIRTUAL ACADEMY INC,2020-01,88,334103.62
142968,HOPE ACAD NORTHCOAST ACAD,2020-01,1,7165.9
143123,MOUND STREET MILITARY ACADEMY,2020-01,5,4432.87
143172,INTERNATIONAL ACADEMY OF,2020-01,3,7536.47
143198,GREAT WESTERN ACADEMY,2020-01,2,20132.41
143206,TROTWOOD FITNESS &,2020-01,1,8839.38
143214,MIDDLETOWN FITNESS &,2020-01,2,6985.5
143297,AUTISM ACADEMY OF LEARNING,2020-01,2,1425.36
143305,TRECA DIGITAL ACADEMY,2020-01,84,59338.56
143313,HOPE ACADEMY CUYAHOGA CAMPUS,2020-01,2,2897.98
143396,OHIO DISTANCE EDUCATION &,2020-01,86,63070.32
143479,CONSTELLATION SCHOOLS PURITAS,2020-01,1,5321.73
143487,CONSTELLATION SCHLS STOCKYARD,2020-01,1,5532.49
143529,NORTH DAYTON SCHOOL OF SCIENCE,2020-01,2,15726.16
143602,HAMILTON COUNTY MATHEMATICS &,2020-01,5,16991.23
143610,ARTS & COLLEGE PREPARATORY,2020-01,9,12201.72
143644,SCIOTOVILLE COMMUNITY SCHOOL,2020-01,1,10394.95
147231,SCHNEE LEARNING CENTER,2020-01,1,2213.83
148981,TOMORROW CENTER,2020-01,9,2986.64
148999,MAHONING UNLIMITED CLASSROOM,2020-01,5,2565.53
149047,GOAL DIGITAL ACADEMY,2020-01,18,16378.02
149088,FAIRBORN DIGITAL ACADEMY,2020-01,4,5565.63
149302,LIFE SKILLS CENTER OF TOLEDO,2020-01,3,3457.67
149328,FOXFIRE HIGH SCHOOL,2020-01,7,6232.78
151175,WEST CENTRAL LEARNING ACADEMY,2020-01,4,1798.18
151183,LIFE SKILLS CNTR OF LAKE ERIE,2020-01,1,6006.71
151209,LIFE SKILLS CENTER OF,2020-01,1,737.67
000131,GLASS CITY ACADEMY INC,2020-08,1,4178.67
000138,PATHWAY SCHOOL OF DISCOVERY,2020-08,3,10179.73
000139,ALLIANCE ACADEMY,2020-08,3,7386.39
000222,WILDWOOD ENVIRONMENTAL ACADEMY,2020-08,2,4967.59
000236,OHIO CONNECTIONS ACADEMY INC,2020-08,88,60315.04
000241,QUAKER DIGITAL ACADEMY,2020-08,40,7347.06
000282,GREATER OHIO VIRTUAL SCHOOL,2020-08,27,8896.17
000288,AUGLAIZE COUNTY EDUCATIONAL,2020-08,9,1261.93
000296,SUMMIT ACAD. COMM. SCHOOL,2020-08,2,704.45
000297,SUMMIT ACAD. COMM. SCHOOL DAY,2020-08,2,968.26
000298,SUMMIT ACADEMY SECONDARY,2020-08,1,911.88
000300,SUMMIT ACAD. SEC. SCHOOL,2020-08,3,1120.62
000301,SUMMIT ACAD. SEC. SCHOOL LOR,2020-08,2,1605.04
000302,SUMMIT ACAD. COMM. SCHOOL PAR,2020-08,1,2140.62
000303,SUMMIT ACAD. SEC. SCHOOL,2020-08,2,2508.69
000305,SUMMIT ACAD. COMM. SCHOOL WAR,2020-08,2,1617.81
000306,SUMMIT ACAD. COMM. SCHOOL,2020-08,2,1090.84
000311,BRIDGES COMMUNITY ACADEMY,2020-08,5,1903.8
000316,CONSTELLATION SCHOOLS WESTPARK,2020-08,1,2734.47
000318,MENLO PARK ACADEMY,2020-08,7,7652.63
000319,CONSTELLATION SCH MADISON,2020-08,1,3438.8
000320,CONSTELLATION SCHOOLS LORAIN,2020-08,2,2016.3
000321,CONSTELLATION SCH OLD BROOKLYN,2020-08,2,3673.63
000338,HORIZON SCI ACADEMY,2020-08,2,6973.66
000402,FINDLAY DIGITAL ACADEMY,2020-08,3,2000.96
000417,BUCKEYE ON-LINE SCH FOR SUCCS,2020-08,64,8356.54
000442,MANCHESTER LOCAL SCHOOL DIST,2020-08,3,10764.93
000509,WHITEHALL PREPARATORY &,2020-08,1,3812.23
000510,SPRINGFIELD PREPARATORY &,2020-08,2,1908.64
000511,NORTHLAND PREPARATORY &,2020-08,3,2817.76
000525,PROJECT REBUILD COMMUNITY SCHL,2020-08,1,1826.24
000527,CASTLE HIGH SCHOOL INC,2020-08,5,4612.81
000534,CONSTELLATION SCHOOLS PURITAS,2020-08,2,2306.35
000543,PINNACLE ACADEMY,2020-08,3,9515.61
000546,WINTERFIELD VENTURE ACADEMY,2020-08,2,7333.41
000553,COLUMBUS HUMANITIES ARTS &,2020-08,9,7914.88
000556,A+ ARTS ACADEMY,2020-08,2,8301.3
000557,COLUMBUS ARTS &,2020-08,5,7472.75
000558,COLUMBUS PREPARATORY ACADEMY,2020-08,10,11243.81
000559,ORION ACADEMY,2020-08,3,6392.41
000560,APEX ACADEMY,2020-08,2,5938.49
000575,HOPE ACADEMY NORTHWEST CAMPUS,2020-08,1,2762.09
000576,KING ACADEMY COMMUNITY SCHOOL,2020-08,1,1049.27
000577,EMERSON ACADEMY,2020-08,3,8976.6
000598,COSHOCTON OPPORTUNITY SCHOOL,2020-08,1,624.35
000608,SUMMIT ACADEMY TRANSITION HIGH,2020-08,3,911.31
000609,SUMMIT ACAD. MIDDLE SCH LORAIN,2020-08,1,1270.54
000610,SUMMIT ACAD. MIDDLE SCH COL.,2020-08,2,745.89
000613,HEIR FORCE COMMUNITY SCHOOL,2020-08,3,3438.7
000614,SUMMIT ACADEMY TRANSITION HIGH,2020-08,1,745.87
000616,SUMMIT ACAD. SCH FOR ALT.,2020-08,2,1272.1
000621,SUMMIT ACADEMY TRANSITION HIGH,2020-08,6,1812.04
000623,SUMMIT ACADEMY - YOUNGSTOWN,2020-08,2,2688.47
000629,SUMMIT ACADEMY COMMUNITY,2020-08,1,691.98
000634,SUMMIT ACADEMY SECONDARY,2020-08,3,1409.88
000640,RITTMAN ACADEMY,2020-08,3,525.96
000664,LIFE SKILLS CENTER OF COLUMBUS,2020-08,4,1878.57
000679,OAKSTONE COMMUNITY SCHOOL,2020-08,8,3633.31
000725,ZENITH ACADEMY,2020-08,5,7666.07
000736,PHOENIX VILL. ACAD. PRIMARY 2,2020-08,1,2983.06
000770,MARITIME ACADEMY OF TOLEDO INC,2020-08,2,3805.07
000779,EDUCATIONAL ACADEMY FOR BOYS,2020-08,1,1947.55
000780,MIDNIMO CROSS CULTURAL MIDDLE,2020-08,1,1491.74
000804,HORIZON SCIENCE ACADEMY,2020-08,1,2844.08
000808,HORIZON SCIENCE ADADEMY DAYTON,2020-08,1,2116.22
000813,LIFE SKILLS CENTER OF DAYTON,2020-08,3,1562.92
000825,HORIZON SCIENCE ACADEMY,2020-08,2,4939.68
000838,HORIZON SCIENCE ACADEMY-,2020-08,2,3922.37
000843,BENNETT VENTURE ACADEMY,2020-08,1,8122.11
000855,STAMBAUGH CHARTER ACADEMY,2020-08,2,6432.85
000858,HORIZON SCIENCE ACAD CLEVELAND,2020-08,2,4101.73
000875,WESTSIDE ACADEMY INC,2020-08,1,3660.3
000905,IMAC INC,2020-08,2,540.02
000912,ACADEMIC ACCELERATION ACADEMY,2020-08,1,2085.68
000936,PROMISE ACADEMY,2020-08,4,2154.54
000938,PREMIER ACADEMY OF OHIO,2020-08,8,2735.14
000941,PAR EXCELLENCE ACADEMY,2020-08,2,3332.38
000951,TOLEDO PREP. AND FITNESS ACAD,2020-08,2,2725.81
000952,COLUMBUS PREPARATORY,2020-08,2,5607.87
000953,CINCINNATI PREPARATORY &,2020-08,3,2706.12
007984,YOUNGSTOWN ACAD OF EXCELLENCE,2020-08,1,2440.08
007995,CLEVELAND ARTS  SCI.,2020-08,3,4226.09
007999,CHARLES SCHOOL,2020-08,2,4420.01
008000,MANSFIELD PREPARATORY ACADEMY,2020-08,2,7278.01
008063,LIFE SKILLS CTR OF NORTH AKRON,2020-08,3,1160.64
008064,ACADEMY OF ARTS,2020-08,5,3468.57
008278,NOBLE ACADEMY-CLEVELAND INC,2020-08,3,5469.03
008280,NOBLE ACADEMY-COLUMBUS INC,2020-08,1,4765.29
008281,SOUTH SCIOTO ACADEMY,2020-08,1,2928.24
008282,LIFE SKILLS CTR OF COL. NORTH,2020-08,6,1436.66
008283,DAYTON TECH. DESIGN HIGH SCH,2020-08,3,1562.94
008286,HARVARD AVE COMMUNITY SCHOOL,2020-08,1,3963.6
008287,GROVEPORT COMMUNITY SCHOOL,2020-08,3,10345.57
008289,EAGLE LEARNING CENTER INC,2020-08,4,968.55
009122,COLUMBUS COLLEGIATE,2020-08,1,3024.93
009148,ZANESVILLE COMM. HIGH SCH,2020-08,5,1767.36
009149,CONSTELLATION SCHOOLS WESTSIDE,2020-08,2,3880.74
009164,CENTRAL ACADEMY OF OHIO,2020-08,1,2158.52
009179,HORIZON SCIENCE ACADEMY INC,2020-08,1,6781.91
009181,CLAY AVENUE COMMUNITY SCHOOL,2020-08,1,5673.03
009192,FOUNDATION ACADEMY,2020-08,3,6135.01
009283,DAYTON EARLY COLLEGE ACAD.,2020-08,1,4813.35
009953,SULLIVANT AVE COMM. SCHOOL,2020-08,1,4558.11
009954,HARRISBURG PIKE COMM. SCHOOL,2020-08,1,1629.87
009955,MADISON AVENUE SCHOOL OF ARTS,2020-08,1,7250.4
009957,KLEPINGER COMMUNITY SCHOOL,2020-08,1,7717.96
009971,ASHLAND CTY COMM. ACADEMY,2020-08,4,1570.96
009990,HORIZON SCI. ACAD. ELEMENTARY,2020-08,2,6657.6
009996,MAHONING COUNTY HIGH SCHOOL,2020-08,2,1677.5
009997,KIPP CENTRAL OHIO,2020-08,4,24310.07
010036,CESAR CHAVEZ COLLEGE PREP.,2020-08,1,4212.8
010182,PERFORMANCE ACADEMY EASTLAND,2020-08,1,3922.73
010205,L HOLLINGWORTH SCH FOR TAL.,2020-08,2,4732.13
011291,VILLAGE PREPARATORY SCHOOL,2020-08,3,9860.69
011324,HARDIN COMMUNITY SCHOOL,2020-08,1,443.9
011381,GREATER SUMMIT CTY EARLY LEARN,2020-08,4,2017.79
011390,BELLA ACADEMY OF EXCELLENCE,2020-08,2,3646.23
011439,RENAISSANCE ACADEMY,2020-08,1,1491.74
011468,COLUMBUS BILINGUAL ACAD. - N.,2020-08,2,4820.56
011506,DAYTON REGIONAL STEM SCHOOL,2020-08,7,9681.44
011507,ACHIEVE CAREER PREP. ACAD.,2020-08,1,1549.7
011511,NORTH CENTRAL ACADEMY,2020-08,3,921.56
011533,HORIZON SCI. ACAD. OF LORAIN,2020-08,2,10178.16
011534,HORIZON SCIENCE ACADEMY DAYTON,2020-08,1,4121.78
011923,NORTHEAST OHIO COLLEGE PREP.,2020-08,2,6145.65
011947,IMAGINE AKRON ACADEMY,2020-08,1,373.04
011956,RCCS,2020-08,3,842.76
011967,RICHLAND ACAD. SCH OF EXC.,2020-08,4,4694.81
011972,GRAHAM EXPED. MIDDLE SCHOOL,2020-08,2,5096.8
011976,HORIZON SCIENCE ACADEMY DAYTON,2020-08,2,2835.41
011986,HORIZON SCI. ACAD. YOUNGSTOWN,2020-08,2,5115.79
012009,ZENITH ACADEMY-EAST,2020-08,2,4378.61
012010,CLEVELAND COLLEGE PREP.,2020-08,1,3632.15
012011,COLUMBUS PERFORMANCE ACADEMY,2020-08,1,1823.24
012025,CONSTELLATION SCH STOCKYARD,2020-08,1,952.92
012029,CITIZENS LEADERSHIP ACADEMY,2020-08,3,2499.72
012030,NEAR WEST SCHOOL,2020-08,2,3576.9
012033,FOXFIRE INTERMEDIATE SCHOOL,2020-08,7,2156.85
012036,THURGOOD MARSHALL HIGH SCHOOL,2020-08,3,3632.24
012037,NEW BEGINNINGS ACADEMY,2020-08,1,3107.8
012038,LANGSTON HUGHES HIGH SCHOOL,2020-08,1,3107.35
012040,ROAD TO SUCCESS ACADEMY,2020-08,1,1132.62
012041,THE ARCH ACADEMY,2020-08,1,2748.68
012043,FREDERICK DOUGLASS RECLAMATION,2020-08,1,2444.45
012044,CAPITAL HIGH SCHOOL,2020-08,1,1657.49
012045,PATRIOT PREPARATORY ACADEMY,2020-08,4,8978.44
012054,NORTH CENTRAL ACADEMY FREMONT,2020-08,5,1279.9
012060,AKROS MIDDLE SCHOOL,2020-08,1,1644.15
012105,SOUTHSIDE ACADEMY INC,2020-08,1,2065.75
012391,METRO EARLY COLLEGE HIGH SCH,2020-08,7,13384.85
012501,BEACON HILL COMMUNITY SCHOOL,2020-08,4,885.7
012528,ACADEMY FOR URBAN SOLUTIONS,2020-08,1,4392.36
012529,FOCUS NORTH HIGH SCHOOL,2020-08,2,2652.01
012541,UNIVERSITY OF CLEVELAND PREP.,2020-08,3,3079.77
012558,GLOBAL VILLAGE ACADEMY INC,2020-08,2,2886.54
012627,STEAM ACADEMY OF YOUNGSTOWN,2020-08,1,1699.41
012644,STEAM ACADEMY OF WARREN,2020-08,4,3152.67
012671,CONSTELLATION SCH EASTSIDE,2020-08,1,1822.98
012684,BROADWAY ACADEMY,2020-08,1,2154.43
012852,CITIZENS ACADEMY EAST,2020-08,2,5551.91
012867,TOWNSEND NORTH COMM. SCH,2020-08,28,15328.74
012924,DECA PREP,2020-08,1,12600.47
012951,COLUMBUS COLLEGIATE ACAD. - W.,2020-08,1,3163.05
013034,VILLAGE PREP. SCH:WOODLA,2020-08,1,9418.73
013132,LAKE ERIE COLLEGE PREP.,2020-08,2,3577
013147,STEAM ACAD. OF WARRENSVILLE,2020-08,4,2900.31
013148,STEPSTONE ACADEMY,2020-08,1,1795.36
013170,HOPE ACADEMY FOR AUTISM,2020-08,2,705.69
013173,IMAGINE HILL AVENUE,2020-08,2,1784.92
013175,KIDS UNLIMITED ACADEMY,2020-08,2,3957.26
013195,ACADEMY OF EDU. EXCELLENCE,2020-08,3,1452.88
013199,NEXUS ACADEMY OF CLEVELAND,2020-08,3,1394.86
013232,A+ CHILDRENS ACADEMY,2020-08,2,1616.07
013249,ACADEMY FOR URB. SCH. YOUNGSTO,2020-08,3,3049.81
013253,OHIO COLLEGIATE ACADEMY,2020-08,2,4143.22
013254,AKRON PREPARATORY SCHOOL,2020-08,2,4310.73
013255,CANTON COLL. PREP. SCH,2020-08,2,4371.88
013864,CINCINNATI TECHNOLOGY ACADEMY,2020-08,1,3009.75
013892,FRANKLINTON PREP. ACAD.,2020-08,2,2486.3
013930,GLOBAL IMPACT STEM ACADEMY,2020-08,6,8838.72
013962,LIBERTY PREPARTORY SCHOOL,2020-08,4,968.96
013994,ALBERT EINSTEIN ACAD.,2020-08,5,5290.04
013999,Rise & Shine Academy,2020-08,2,1508.24
014061,CHAPELSIDE CLEVELAND ACADEMY,2020-08,1,3438.8
014063,UNIVERSITY ACADEMY,2020-08,3,3205.42
014064,WINTON PREPARATORY ACADEMY,2020-08,2,4224.74
014065,LINCOLN PARK ACADEMY,2020-08,1,5013.19
014066,MAIN ST PREP. ACAD.,2020-08,1,2044.82
014067,OHIO CONSTRUCTION ACADEMY,2020-08,11,926.02
014090,BERWYN EAST ACADEMY,2020-08,4,4212.91
014091,HOPE LEARNING ACAD. OF TOLEDO,2020-08,2,1010.07
014121,IMAGINE LEADERSHIP ACADEMY,2020-08,2,1782.35
014139,IMAGINE COL. PRIMARY SCHOOL,2020-08,1,3080.18
014147,EAST PREPARATORY ACADEMY,2020-08,2,2831.17
014149,DAYTON SMART ELEMENTARY SCHOOL,2020-08,2,1936.38
014187,EAST ACADEMY,2020-08,1,3797.87
014188,DISCOVERY ACADEMY,2020-08,1,4842.83
014189,WEST PARK ACADEMY,2020-08,2,3411.23
014231,BIO-MED SCI. ACAD. STEM SCH,2020-08,9,10977.45
014467,UNITED PREPARATORY ACADEMY,2020-08,1,3853.67
014830,UTICA SHALE ACAD. OF OHIO,2020-08,4,981.68
014904,T2 HONORS ACADEMY,2020-08,1,1671.06
014913,LAKESHORE INTERGENERATIONAL,2020-08,2,3314.54
014927,STEEL ACADEMY,2020-08,2,1768.64
014943,VALLEY STEM+ME2 ACADEMY,2020-08,3,2744.74
015234,ZENITH ACADEMY WEST,2020-08,3,2679.71
015237,FLEX HIGH SCHOOL,2020-08,2,4696.24
015239,STONEBROOK MONTESSORI,2020-08,2,2126.84
015261,CITIZENS ACADEMY SOUTHEAST,2020-08,1,6435.67
015329,ISTEM GEAUGA EARLY COLLEGE HS,2020-08,4,2739.78
015344,Tri-State STEM+M Early College,2020-08,1,925.85
015709,BEACON ACADEMY,2020-08,3,3126.77
015710,BRIDGE GATE COMMUNITY SCHOOL,2020-08,1,3052.55
015712,Euclid Preparatory School,2020-08,2,4543.98
015713,EAST BRANCH PREPATORY ACAD.,2020-08,2,2116.77
015714,URBAN EARLY COLLEGE NETWORK,2020-08,1,1065.02
015722,VILLAGE PREP SCHOOL WILLIARD,2020-08,1,6007.55
015736,iLEAD SPRING MEADOWS,2020-08,5,3334.64
015737,GLOBAL AMBASS. LANG. ACAD.,2020-08,5,3383.65
015741,WESTWOOD PREPARTORY ACAD,2020-08,17,2722.11
016811,Inspire Charter School-Element,2020-08,1,1408.87
016812,SMART Academy,2020-08,1,1173.89
016829,South Columbus Preparatory Aca,2020-08,4,2997.42
016836,Kids Care Elementary,2020-08,2,2085.69
016837,Orchard Park Academy,2020-08,2,2114.07
016843,Citizens Leadership Academy Ea,2020-08,2,2969.28
016849,Liberty High School,2020-08,2,3084.41
016850,Southwest Ohio Preparatory Sch,2020-08,2,1242.57
016858,United Preparatory Academy Eas,2020-08,1,2002.8
017123,Horizon Science Academy Primar,2020-08,2,3605.09
017212,Academy of Junior Scholars,2020-08,2,1284
017233,Great River Connections Academ,2020-08,84,16548.66
017259,Montgomery Preparatory Academy,2020-08,3,3084.4
017270,Lorain Bilingual Preparatory,2020-08,2,2416.79
017274,Mount Auburn Preparatory Acade,2020-08,3,3782.94
017275,AchievePoint Career Academy-Ci,2020-08,1,2043.32
017490,ReGeneration Bond Hill,2020-08,2,2015.75
017497,Cypress High School,2020-08,1,621.28
017498,Northwest Ohio Classical Acade,2020-08,3,2864.58
017535,Huber Heights Preparatory Acad,2020-08,1,580.04
017536,Kenmore Preparatory Academy,2020-08,2,3403.79
017537,Capital Collegiate Preparatory,2020-08,3,1864.76
017538,North Columbus Preparatory Aca,2020-08,2,1367.45
017585,Marion Preparatory Academy,2020-08,4,1328.95
017599,Urban Male Tech Academy,2020-08,4,317.62
017643,Ohio Digital Learning School,2020-08,69,5951.54
043489,AKRON CITY SCHOOLS,2020-08,1,283912.58
043497,ALLIANCE CITY BOARD OF EDU,2020-08,3,38747.09
043505,ASHLAND CITY BOARD OF,2020-08,2,44839.78
043513,ASHTABULA AREA CITY SCHOOL,2020-08,1,46723.04
043521,ATHENS CITY SCHOOL DISTRICT,2020-08,1,34685.71
043539,BARBERTON BOARD OF EDUCATION,2020-08,1,49428.06
043547,BAY VILLAGE CITY SCHOOL,2020-08,2,34526.13
043554,BEACHWOOD BOARD OF EDUCATION,2020-08,1,21392.39
043562,BEDFORD BOARD OF EDUCATION,2020-08,2,42612.16
043570,BELLAIRE CITY SCHOOL DISTRICT,2020-08,1,16119.67
043588,BELLEFONTAINE CITY SCHOOL,2020-08,1,33716.33
043596,BELLEVUE CITY SCHOOL DISTRICT,2020-08,4,27108.54
043604,BELPRE CITY SCHOOL DISTRICT,2020-08,1,14690.27
043612,BEREA CITY SCHOOL DISTRICT,2020-08,1,78194.79
043620,BEXLEY CITY SCHOOL DISTRICT,2020-08,1,34448.24
043638,BOWLING GREEN SCHOOL DISTRICT,2020-08,2,40515.02
043646,BRECKSVILLE BROADVIEW HEIGHTS,2020-08,2,52134.49
043653,BROOKLYN LOCAL SCHOOL DISTRICT,2020-08,1,17083.53
043661,BRUNSWICK CITY SCHOOL DISTRICT,2020-08,2,89437.6
043679,BRYAN CITY SCHOOLS,2020-08,1,27909.08
043687,BUCYRUS CITY SCHOOL DISTRICT,2020-08,1,16921.12
043695,CAMBRIDGE CITY BOARD OF,2020-08,2,26813.09
043703,CAMPBELL CITY SCHOOLS,2020-08,1,14959.33
043711,CANTON CITY SCHOOL DISTRICT,2020-08,1,108571.54
043729,CELINA CITY BOARD OF EDU,2020-08,2,37222.11
043737,CENTERVILLE CITY SCHOOL,2020-08,2,114192.65
043745,CHILLICOTHE CITY SCHOOL,2020-08,1,38616.79
043752,CINCINNATI PUBLIC SCHOOLS,2020-08,1,486061.36
043760,CIRCLEVILLE CITY SCHOOL,2020-08,2,30553.19
043778,CLAYMONT CITY BOARD OF EDU,2020-08,3,25434.99
043786,CLEVELAND CITY SCHOOL DISTRICT,2020-08,1,496658.41
043794,CLEVELAND HEIGHTS UNIVERSITY,2020-08,1,70288.3
043802,COLUMBUS PUBLIC SCHOOL,2020-08,1,660048.43
043810,CONNEAUT AREA CITY SCHOOLS,2020-08,1,22739.09
043828,COSHOCTON CITY SCHOOL DISTRICT,2020-08,1,21990.98
043836,CUYAHOGA FALLS CITY SCHOOLS,2020-08,1,61600.29
043844,DAYTON CITY SCHOOL DISTRICT,2020-08,1,163647.12
043851,DEER PARK COMMUNITY CITY,2020-08,1,17354.4
043869,DEFIANCE CITY SCHOOLS,2020-08,2,35277.41
043877,DELAWARE CITY SCHOOLS,2020-08,1,77110.24
043885,DELPHOS CITY SCHOOL DISTRICT,2020-08,3,13513.27
043893,DOVER CITY SCHOOL DISTRICT,2020-08,1,37277.59
043901,EAST CLEVELAND CITY SCHOOL,2020-08,1,24775.95
043919,EAST LIVERPOOL CITY SCHOOLS,2020-08,1,28037.07
043927,EAST PALESTINE CITY SCHOOL,2020-08,2,14239.9
043935,EATON CITY SCHOOLS,2020-08,2,28702.51
043943,ELYRIA CITY SCHOOL DISTRICT,2020-08,1,82813.22
043950,EUCLID BOARD OF EDUCATION,2020-08,2,65553.13
043968,FAIRBORN CITY SCHOOLS,2020-08,3,57608.07
043976,FAIRVIEW PARK CITY SCHOOL DIST,2020-08,1,23035.83
043984,FINDLAY CITY SCHOOLS,2020-08,1,74313.84
043992,FOSTORIA CITY SCHOOLS,2020-08,3,24296.75
044008,FRANKLIN CITY SCHOOLS,2020-08,3,37659.55
044016,FREMONT CITY BOARD OF EDU,2020-08,3,50092.84
044024,GALION CITY SCHOOL DISTRICT,2020-08,3,23830.4
044032,GALLIPOLIS CITY SCHOOLS,2020-08,1,28635.08
044040,GARFIELD HEIGHTS CITY SCHOOL,2020-08,1,50118.13
044057,GENEVA AREA CITY SCHOOL DIST,2020-08,2,31964.84
044065,GIRARD CITY SCHOOL DISTRICT,2020-08,2,24392.83
044073,GRANDVIEW HEIGHTS CITY SCHOOL,2020-08,1,15608.06
044081,WINTONWOODS CITY SCHOOL,2020-08,2,54590.06
044099,GREENVILLE CITY SCHOOL,2020-08,1,35002.43
044107,HAMILTON BOARD OF EDUCATION,2020-08,1,134278.7
044115,HEATH CITY SCHOOL DISTRICT,2020-08,1,24584.7
044123,HILLSBORO CITY BOARD OF EDU,2020-08,1,31175.54
044131,HURON CITY SCHOOL DISTRICT,2020-08,1,18425.6
044149,IRONTON CITY BOARD OF,2020-08,1,19608.65
044156,JACKSON CITY SCHOOL DISTRICT,2020-08,5,34180.89
044164,KENT CITY BOARD OF EDUCATION,2020-08,2,43453.68
044172,KENTON CITY SCHOOLS,2020-08,3,25261.85
044180,KETTERING CITY SCHOOL,2020-08,2,107421.21
044198,LAKEWOOD CITY SCHOOL DISTRICT,2020-08,1,63576.42
044206,LANCASTER CITY SCHOOLS,2020-08,1,87803.33
044214,LEBANON CITY SCHOOL DISTRICT,2020-08,2,77588.38
044222,LIMA CITY BOARD OF EDU,2020-08,1,48266.53
044230,LOCKLAND CITY SCHOOLS,2020-08,1,7772.9
044248,LOGAN HOCKING LOCAL SCHOOLS,2020-08,5,51149.11
044255,LONDON CITY SCHOOL DISTRICT,2020-08,2,29655.32
044263,LORAIN CITY SCHOOLS,2020-08,1,81798.15
044271,LOVELAND CITY SCHOOL DISTRICT,2020-08,3,63265.65
044289,MADEIRA CITY SCHOOLS,2020-08,1,22020.9
044297,MANSFIELD BOARD OF EDUCATION,2020-08,1,45229.67
044305,MAPLE HEIGHTS BOARD OF,2020-08,1,48681.85
044313,MARIEMONT CITY SCHOOL DISTRICT,2020-08,2,22698.06
044321,MARIETTA CITY SCHOOL DISTRICT,2020-08,1,36339.09
044339,MARION CITY SCHOOLS,2020-08,1,59552.4
044347,MARTINS FERRY CITY SCHOOL,2020-08,2,19740.01
044354,MASSILLON CITY SCHOOL DISTRICT,2020-08,1,53555.97
044362,MAUMEE CITY SCHOOL DISTRICT,2020-08,2,32211.71
044370,MAYFIELD CITY SCHOOL DISTRICT,2020-08,3,59015.89
044388,MEDINA CITY SCHOOLS,2020-08,1,93514.28
044396,MIAMISBURG CITY SCHOOLS,2020-08,1,71882.18
044404,MIDDLETOWN CITY SCH DIST.,2020-08,2,88244.41
044412,MOUNT HEALTHY CITY SCH DIST.,2020-08,1,43600.01
044420,MOUNT VERNON CITY SCHOOL,2020-08,2,53459.35
044438,NAPOLEON CITY SCHOOL DISTRICT,2020-08,3,26460.76
044446,NELSONVILLE YORK CITY SCHOOL,2020-08,3,16168.8
044453,NEWARK CITY SCHOOL DISTRICT,2020-08,1,89682.97
044461,NEW BOSTON BOARD OF EDUCATION,2020-08,1,5698.4
044479,NEW LEXINGTON CITY SCHOOLS,2020-08,3,23403.9
044487,NEW PHILADELPHIA CITY SCHOOLS,2020-08,1,43138.06
044495,NILES CITY SCHOOLS,2020-08,1,31151.78
044503,NORTH CANTON CITY SCHOOLS,2020-08,2,58661.12
044511,NORTH COLLEGE HILL CITY SCH,2020-08,1,21220.14
044529,NORTH OLMSTED CITY SCHOOL,2020-08,1,51637.28
044537,NORTH RIDGEVILLE CITY SCH DIST,2020-08,2,62208.3
044545,NORTH ROYALTON CITY SCHOOL,2020-08,1,56029.01
044552,NORTON CITY SCHOOLS,2020-08,3,33050.93
044560,NORWALK BOARD OF EDUCATION,2020-08,2,38158.83
044578,NORWOOD CITY SCHOOL DISTRICT,2020-08,1,24809.76
044586,OAKWOOD CITY SCHOOLS,2020-08,1,28382.19
044594,OBERLIN CITY SCHOOL DISTRICT,2020-08,1,13485.72
044602,OREGON CITY SCHOOLS,2020-08,3,48815.8
044610,ORRVILLE CITY SCHOOL DISTRICT,2020-08,1,23109.94
044628,PAINESVILLE CITY LOCAL SCHOOLS,2020-08,1,39401.13
044636,PARMA CITY SCHOOL DISTRICT,2020-08,1,132007.22
044644,PIQUA CITY SCHOOL DISTRICT,2020-08,2,47266.64
044651,PORT CLINTON CITY SCHOOLS,2020-08,2,21952.91
044669,PORTSMOUTH CITY SCHOOL,2020-08,1,23528.44
044677,PRINCETON CITY SCHOOL DISTRICT,2020-08,3,83824.62
044685,RAVENNA CITY SCHOOL DISTRICT,2020-08,1,31038.61
044693,READING BOARD OF EDUCATION,2020-08,1,22490.31
044701,ROCKY RIVER CITY SCHOOL,2020-08,1,37232.98
044719,ST BERNARD ELMWOOD PLACE CITY,2020-08,1,12577.46
044727,ST MARYS CITY BOARD OF,2020-08,2,28121.46
044735,SALEM CITY SCHOOL DISTRICT,2020-08,2,27499.7
044743,SANDUSKY BOARD OF EDUCATION,2020-08,1,42817.31
044750,SHAKER HEIGHTS BOARD OF,2020-08,1,67215.47
044768,SHEFFIELD SHEFFLD LAKE CITY,2020-08,1,23304.81
044776,SHELBY CITY BOARD OF EDU,2020-08,2,27892.77
044784,SIDNEY CITY SCHOOL DISTRICT,2020-08,2,46231.7
044792,SOUTH EUCLID LYNDHURST CITY,2020-08,1,45919.76
044800,SOUTH-WESTERN CITY SCHOOLS,2020-08,2,308473.48
044818,SPRINGFIELD CITY SCHOOLS,2020-08,1,102278.15
044826,STEUBENVILLE CITY SCHOOL,2020-08,1,33439.68
044834,STOW-MUNROE FALLS CITY,2020-08,2,73608.98
044842,STRONGSVILLE CITY SCHOOLS,2020-08,3,75571.01
044859,STRUTHERS CITY SCHOOL DISTRICT,2020-08,1,24483.95
044867,SYCAMORE COMMUNITY SCHOOL DIST,2020-08,3,76500.57
044875,SYLVANIA CITY SCHOOL DISTRICT,2020-08,1,106756.68
044883,TALLMADGE CITY SCHOOL DISTRICT,2020-08,2,34191.74
044891,TIFFIN CITY SCHOOLS,2020-08,1,36610
044909,TOLEDO PUBLIC SCHOOLS,2020-08,2,303347.69
044917,TORONTO CITY SCHOOL DISTRICT,2020-08,1,11833.14
044925,TROY CITY SCHOOLS,2020-08,1,61489.68
044933,UPPER ARLINGTON CITY SCHOOLS,2020-08,1,87363.72
044941,URBANA CITY SCHOOLS,2020-08,2,26757.19
044958,VANDALIA-BUTLER CITY SCHOOLS,2020-08,2,41411.5
044966,VAN WERT CITY SCHOOLS,2020-08,2,27554.22
044974,WADSWORTH CITY SCHOOLS,2020-08,3,64333.22
044982,WAPAKONETA CITY SCHOOL,2020-08,4,42667.09
044990,WARREN CITY SCHOOL DISTRICT,2020-08,1,63147
045005,WARRENSVILLE HEIGHTS CITY,2020-08,1,22255.54
045013,WASHINGTON COURTHOUSE CITY,2020-08,1,29480.34
045021,WELLSTON CITY SCHOOLS,2020-08,2,19016.75
045039,WELLSVILLE LOCAL SCHOOL,2020-08,2,9705.14
045047,WESTERVILLE CITY SCHOOL,2020-08,2,208747.47
045054,WEST CARROLLTON CITY SCHOOL,2020-08,1,48645.3
045062,WESTLAKE CITY SCHOOL DISTRICT,2020-08,1,47176.51
045070,WHITEHALL CITY SCHOOL DISTRICT,2020-08,1,47155.69
045088,WICKLIFFE CITY SCHOOL DISTRICT,2020-08,1,18060.58
045096,WILLARD CITY SCHOOL DISTRICT,2020-08,3,20343.91
045104,WILLOUGHBY-EASTLAKE CITY,2020-08,2,104513.94
045112,WILMINGTON CITY SCHOOLS,2020-08,2,36716.01
045120,WOOSTER CITY SCHOOL DISTRICT,2020-08,1,48019.38
045138,WORTHINGTON BOARD OF EDUCATION,2020-08,2,144450.59
045146,WYOMING CITY SCHOOLS,2020-08,1,27405.32
045153,XENIA COMMUNITY SCHOOLS,2020-08,3,57441.77
045161,YOUNGSTOWN CITY SCHOOLS,2020-08,2,66852.37
045179,ZANESVILLE CITY SCHOOLS,2020-08,1,43902.17
045187,ADA EXEMPTED VILLAGE SCHOOLS,2020-08,3,12221.22
045195,AMHERST EXEMPTED VILLAGE,2020-08,1,50048.37
045203,BARNESVILLE EXEMPTED VILLAGE,2020-08,5,19116.82
045211,BLUFFTON EXEMPTED VILLAGE,2020-08,4,16853.72
045229,BRADFORD EXEMPTED VILLAGE,2020-08,3,7146.99
045237,BRIDGEPORT EXEMPTED VILLAGE,2020-08,1,10801.7
045245,HARRISON HILLS CITY SCHOOL,2020-08,5,22434.82
045252,CALDWELL EXEMPTED VILLAGE,2020-08,2,11468.25
045260,CAREY EXEMPT VILLAGE SCHOOL,2020-08,3,11862.34
045278,CARROLLTON EXEMPTED VILLAGE,2020-08,4,26306.75
045286,CHAGRIN FALLS EXEMPTED VILLAGE,2020-08,2,24638.51
045294,CHESAPEAKE UNION EXEMPTED,2020-08,1,18848.63
045302,CLYDE GREEN SPRINGS EXEMPTED,2020-08,2,29541.56
045310,COLDWATER EXEMPTED VILLAGE,2020-08,1,18641.95
045328,COLUMBIANA EXEMPTED VILLAGE,2020-08,2,14661.4
045336,COVINGTON EXEMPTED VILLAGE,2020-08,2,11462.87
045344,CRESTLINE EXEMPTED VILLAGE,2020-08,2,8077.39
045351,CROOKSVILLE EXEMPTED VILLAGE,2020-08,2,14349.43
045369,FAIRPORT HARBOR EXEMPTED,2020-08,1,9147.93
045377,GEORGETOWN EXEMPTED VILLAGE,2020-08,1,14628.4
045385,GIBSONBURG EXEMPTED VILLAGE,2020-08,2,11630.85
045393,GRANVILLE EXEMPTED VILLAGE,2020-08,1,36047.42
045401,GREENFIELD EXEMPTED VILLAGE,2020-08,3,25705.91
045419,HICKSVILLE EXEMPTED VILLAGE,2020-08,2,13010.83
045427,HUBBARD SCHOOL DISTRICT,2020-08,2,26856.27
045435,INDIAN HILL EXEMPTED VILLAGE,2020-08,2,29586.78
045443,LEETONIA EXEMPTED VILLAGE,2020-08,2,8476.55
045450,LISBON EXEMPTED VILLAGE,2020-08,1,11585.33
045468,LOUDONVILLE PERRYSVILLE,2020-08,4,15393.09
045476,MARYSVILLE EXEMPTED VILLAGE,2020-08,4,72788.38
045484,MECHANICSBURG EXEMPTED VILLAGE,2020-08,3,12226.91
045492,MENTOR EXEMPTED VILLAGE,2020-08,2,104453.81
045500,MILFORD EXEMPTED VILLAGE,2020-08,2,92489.54
045518,MILTON-UNION EXEMPTED VILLAGE,2020-08,3,20325.88
045526,MONTPELIER EXEMPTED VILLAGE,2020-08,1,12309.98
045534,MOUNT GILEAD EXEMPTED,2020-08,2,14921.82
045542,NEWCOMERSTOWN EXEMPTED VILLAGE,2020-08,3,13081.89
045559,NEW RICHMOND EXEMPTED,2020-08,1,30270.49
045567,NEWTON FALLS EXEMPTED VILLAGE,2020-08,3,14076.43
045575,PAULDING EXEMPTED VILLAGE SCH,2020-08,3,18307.3
045583,PERRYSBURG EXEMPTED VILLAGE,2020-08,2,75745.96
045591,RITTMAN EXEMPTED VILLAGE,2020-08,2,13884.58
045609,ROSSFORD EXEMPTED VILLAGE,2020-08,2,23543.41
045617,TIPP CITY EXEMPTED VILLAGE,2020-08,2,35741.68
045625,UPPER SANDUSKY E V SCHOOLS,2020-08,4,22926.17
045633,VERSAILLES EXEMPTED VILLAGE,2020-08,2,18183.96
045641,WAUSEON EXEMPTED VILLAGE,2020-08,2,26017.57
045658,WELLINGTON EXEMPTED VILLAGE,2020-08,2,15071.47
045666,WINDHAM EXEMPTED VILLAGE,2020-08,2,6386.69
045674,YELLOW SPRINGS EXEMPTED,2020-08,2,9221.47
045757,ALLEN EAST LOCAL SCHOOL,2020-08,2,15224.71
045765,BATH LOCAL SCHOOL DISTRICT,2020-08,1,24764.15
045773,ELIDA BOARD OF EDUCATION,2020-08,2,33666.18
045781,PERRY LOCAL SCHOOL DISTRICT,2020-08,2,10440.89
045799,SHAWNEE LOCAL SCHOOL DISTRICT,2020-08,2,35094.14
045807,SPENCERVILLE LOCAL SCHOOL,2020-08,4,14222.43
045823,HILLSDALE SCHOOLS,2020-08,3,11565.84
045831,MAPLETON LOCAL SCHOOL DISTRICT,2020-08,3,12416.74
045856,BUCKEYE LOCAL SCHOOL DISTRICT,2020-08,1,25270.27
045864,GRAND VALLEY LOCAL SCHOOL,2020-08,3,14965.64
045872,JEFFERSON AREA LOCAL SCHOOL,2020-08,1,24315.89
045880,PYMATUNING VALLEY LOCAL,2020-08,2,15947.76
045906,ALEXANDER LOCAL SCHOOL,2020-08,3,21186.98
045914,FEDERAL HOCKING LOCAL SCHOOL,2020-08,4,14463.24
045922,TRIMBLE LOCAL SCHOOL DISTRICT,2020-08,3,11231.18
045948,MINSTER LOCAL SCHOOL DISTRICT,2020-08,4,11976.38
045955,NEW BREMEN LOCAL SCHOOL,2020-08,3,9961.91
045963,NEW KNOXVILLE LOCAL SCHOOL,2020-08,2,5210.65
045971,WAYNESFIELD-GOSHEN LOCAL,2020-08,4,6489.46
045997,ST CLAIRSVILLE RICHLAND CITY,2020-08,3,23760.91
046003,SHADYSIDE LOCAL BOARD OF EDU,2020-08,1,10332.06
046011,UNION LOCAL SCHOOL DISTRICT,2020-08,2,20334.78
046037,EASTERN LOCAL SCHOOL DISTRICT,2020-08,3,17948.95
046045,FAYETTEVILLE-PERRY LOCAL,2020-08,4,11328.84
046060,WESTERN BROWN LOCAL SCHOOL,2020-08,3,40563.61
046078,RIPLEY UNION LEWIS HUNTINGTON,2020-08,3,11169.26
046094,EDGEWOOD CITY SCHOOL DISTRICT,2020-08,2,52519.89
046102,FAIRFIELD CITY SCHOOL DISTRICT,2020-08,2,140066.87
046110,LAKOTA LOCAL SCHOOL DISTRICT,2020-08,3,234433.2
046128,MADISON LOCAL SCHOOL DISTRICT,2020-08,2,20246.93
046136,NEW MIAMI LOCAL SCHOOL,2020-08,1,8969.42
046144,ROSS LOCAL SCHOOL DISTRICT,2020-08,2,38710.66
046151,TALAWANDA CITY SCHOOL DISTRICT,2020-08,2,43122.26
046177,BROWN LOCAL SCHOOL DISTRICT,2020-08,2,9303.85
046193,GRAHAM LOCAL SCHOOL DISTRICT,2020-08,5,24066.68
046201,TRIAD LOCAL SCHOOLS,2020-08,3,11844.92
046219,WEST LIBERTY SALEM LOCAL,2020-08,2,17089.79
046235,GREENON LOCAL SCHOOLS,2020-08,2,22585.48
046243,TECUMSEH LOCAL SCHOOL DISTRICT,2020-08,4,41396.37
046250,NORTHEASTERN LOCAL SCHOOL,2020-08,3,43554.27
046268,NORTHWESTERN LOCAL SCHOOL,2020-08,3,22919.4
046276,SOUTHEASTERN LOCAL SCHOOL,2020-08,3,10525.55
046284,CLARK-SHAWNEE LOCAL SCHOOL,2020-08,1,25725.13
046300,BATAVIA LOCAL SCHOOL DISTRICT,2020-08,1,32546.68
046318,BETHEL-TATE LOCAL SCHOOLS,2020-08,2,21915.78
046326,CLERMONT NORTHEASTERN SCHOOL,2020-08,2,20222.47
046334,FELICITY-FRANKLIN LOCAL,2020-08,2,11339.85
046342,GOSHEN LOCAL SCHOOLS,2020-08,2,39369.43
046359,WEST CLERMONT LOCAL SCH DIST.,2020-08,2,116034.26
046367,WILLIAMSBURG LOCAL SCHOOL,2020-08,2,14227.2
046383,BLANCHESTER LOCAL SCHOOL,2020-08,5,18843.4
046391,CLINTON-MASSIE LOCAL SCHOOL,2020-08,3,25615.96
046409,EAST CLINTON LOCAL SCHOOL,2020-08,4,17313.96
046425,BEAVER LOCAL SCHOOL DISTRICT,2020-08,1,25161.48
046433,CRESTVIEW LOCAL SCHOOL,2020-08,2,17033.67
046441,SOUTHERN LOCAL SCHOOL DISTRICT,2020-08,3,10991.16
046458,UNITED LOCAL SCHOOL DISTRICT,2020-08,2,16355.46
046474,RIDGEWOOD LOCAL BOARD OF,2020-08,3,17769.39
046482,RIVER VIEW LOCAL SCHOOL,2020-08,4,26720.53
046508,BUCKEYE CENTRAL LOCAL SCHOOL,2020-08,4,8886.8
046516,COLONEL CRAWFORD LOCAL SCHOOLS,2020-08,2,13367.44
046524,WYNFORD LOCAL SCHOOL DISTRICT,2020-08,4,16372.7
046557,CUYAHOGA HEIGHTS LOCAL SCHOOL,2020-08,2,11324.58
046565,INDEPENDENCE LOCAL SCHOOLS,2020-08,1,14666.7
046573,OLMSTED FALLS BOARD OF,2020-08,2,49455.21
046581,ORANGE CITY SCHOOL DISTRICT,2020-08,2,27579.68
046599,RICHMOND HEIGHTS LOCAL SCHOOL,2020-08,1,9846.85
046607,SOLON BOARD OF EDUCATION,2020-08,2,63873.35
046623,ANSONIA LOCAL SCHOOL DISTRICT,2020-08,1,10291.97
046631,ARCANUM BUTLER LOCAL SCHOOL,2020-08,1,14897.01
046649,FRANKLIN MONROE LOCAL SCHOOL,2020-08,2,8350.6
046672,MISSISSINAWA VALLEY LOCAL,2020-08,1,9015.88
046680,TRI-VILLAGE LOCAL SCHOOL DIST,2020-08,2,11182.4
046706,AYERSVILLE LOCAL SCH DIST.,2020-08,4,10720.9
046714,CENTRAL LOCAL SCHOOL DISTRICT,2020-08,3,13940.44
046722,NORTHEASTERN LOCAL SCHOOL,2020-08,3,15333.52
046748,BIG WALNUT LOCAL SCHOOLS,2020-08,4,53166.34
046755,BUCKEYE VALLEY LOCAL SCHOOL,2020-08,4,31255.84
046763,OLENTANGY LOCAL SCHOOLS,2020-08,2,305387.43
046789,EDISON LOCAL SCHOOLS,2020-08,2,20209.15
046797,KELLEYS ISLAND SCHOOL,2020-08,1,97.12
046805,MARGARETTA LOCAL SCHOOL DIST,2020-08,2,16040.27
046813,PERKINS LOCAL SCHOOL DISTRICT,2020-08,1,25793.07
046821,VERMILION LOCAL SCH DIST.,2020-08,2,24666.64
046847,AMANDA-CLEARCREEK LOCAL SCHOOL,2020-08,3,20561.42
046854,BERNE UNION LOCAL SCHOOLS,2020-08,2,11574.54
046862,BLOOM CARROLL LOCAL SCHOOL,2020-08,2,30875.04
046870,FAIRFIELD UNION LOCAL SCHOOL,2020-08,3,27630.97
046888,LIBERTY UNION THURSTON LOCAL,2020-08,1,17201.16
046896,PICKERINGTON LOCAL SCHOOL DIST,2020-08,3,150644.9
046904,WALNUT TOWNSHIP LOCAL SCHOOL,2020-08,3,6920.88
046920,MIAMI TRACE LOCAL SCH DIST.,2020-08,7,36723.52
046946,CANAL WINCHESTER LOCAL SCHOOL,2020-08,2,54444.65
046953,HAMILTON LOCAL SCHOOLS,2020-08,2,42431.86
046961,GAHANNA-JEFFERSON CITY SCHOOL,2020-08,1,108206.7
046979,GROVEPORT MADISON LOCAL,2020-08,2,82239.44
046995,NEW ALBANY PLAIN LOCAL SCHOOL,2020-08,3,68786.19
047001,REYNOLDSBURG CITY SCHOOLS,2020-08,3,107608.72
047019,HILLIARD CITY SCHOOL DISTRICT,2020-08,1,228002.04
047027,DUBLIN CITY SCHOOLS,2020-08,3,228961.35
047043,ARCHBOLD AREA LOCAL SCHOOLS,2020-08,4,17860.59
047050,EVERGREEN LOCAL SCHOOL,2020-08,2,16065.52
047068,FAYETTE LOCAL SCHOOL DISTRICT,2020-08,2,4911.18
047076,PETTISVILLE LOCAL SCHOOL,2020-08,2,7470.63
047084,PIKE DELTA YORK LOCAL SCHOOLS,2020-08,3,17265.32
047092,SWANTON LOCAL SCHOOL DISTRICT,2020-08,3,17503.9
047167,BERKSHIRE BOARD OF EDUCATION,2020-08,2,18348.15
047175,CARDINAL LOCAL SCHOOL DISTRICT,2020-08,4,12632.84
047183,CHARDON BOARD OF EDUCATION,2020-08,2,38217.51
047191,KENSTON LOCAL SCHOOL DISTRICT,2020-08,3,36501.55
047217,NEWBURY BOARD OF EDUCATION,2020-08,1,3763.63
047225,WEST GEAUGA LOCAL SCHOOL,2020-08,3,26274.6
047241,BEAVERCREEK CITY SCHOOLS,2020-08,2,111897.47
047258,CEDARCLIFF LOCAL BOARD OF,2020-08,2,8820.36
047266,GREENEVIEW LOCAL SCHOOL,2020-08,3,19536.82
047274,SUGARCREEK LOCAL SCHOOL,2020-08,3,38888.34
047308,ROLLING HILLS LOCAL SCHOOL,2020-08,3,22337.24
047332,FINNEYTOWN LOCAL SCHOOL,2020-08,1,18873.09
047340,FOREST HILLS LOCAL SCHOOL,2020-08,2,100771.73
047365,NORTHWEST LOCAL SCHOOL,2020-08,2,122944.48
047373,OAK HILLS LOCAL SCHOOL DISTICT,2020-08,1,107122.36
047381,SOUTHWEST LOCAL SCHOOL DIST,2020-08,2,56896.46
047399,THREE RIVERS LOCAL SCHOOL DIST,2020-08,1,31271.06
047415,ARCADIA LOCAL SCHOOL DISTRICT,2020-08,3,7989.03
047423,ARLINGTON LOCAL SCHOOL,2020-08,2,7864.62
047431,CORY-RAWSON LOCAL SCHOOLS,2020-08,3,7489.47
047449,LIBERTY-BENTON LOCAL SCHOOL,2020-08,1,20732.28
047456,MCCOMB LOCAL SCHOOL DISTRICT,2020-08,4,9095.76
047464,VAN BUREN LOCAL SCHOOL,2020-08,2,15054.39
047472,VANLUE LOCAL SCHOOL DISTRICT,2020-08,3,2448.02
047498,HARDIN NORTHERN LOCAL SCHOOL,2020-08,2,5521.23
047506,RIDGEMONT LOCAL SCHOOL,2020-08,4,7433.87
047514,RIVERDALE LOCAL SCHOOL,2020-08,3,14625.46
047522,UPPER SCIOTO VALLEY LOCAL,2020-08,4,6186.65
047548,CONOTTON VALLEY LOCAL SCHOOL,2020-08,3,6725.05
047571,HOLGATE LOCAL SCHOOL DISTRICT,2020-08,3,6157.12
047589,LIBERTY CENTER LOCAL SCHOOL,2020-08,3,14552.85
047597,PATRICK HENRY LOCAL SCHOOL,2020-08,3,12214.25
047613,BRIGHT LOCAL SCHOOL DISTRICT,2020-08,3,9767.02
047621,FAIRFIELD LOCAL SCHOOL,2020-08,3,12970.93
047639,LYNCHBURG-CLAY LOCAL SCHOOL,2020-08,3,15943.55
047688,EAST HOLMES LOCAL SCHOOL,2020-08,5,23184.72
047696,WEST HOLMES LOCAL SCHOOL,2020-08,5,29322.73
047712,MONROEVILLE LOCAL SCHOOL,2020-08,2,7725.65
047720,NEW LONDON LOCAL SCHOOL,2020-08,3,11916.21
047738,SOUTH CENTRAL LOCAL SCHOOL,2020-08,3,10393.35
047746,WESTERN RESERVE BD OF EDUC,2020-08,3,14395.33
047761,OAK HILL UNION LOCAL SCHOOL,2020-08,5,16943.57
047787,BUCKEYE LOCAL SCHOOL DISTRICT,2020-08,3,21594.98
047795,EDISON LOCAL SCHOOLS,2020-08,4,19261.28
047803,INDIAN CREEK SCHOOL DISTRICT,2020-08,2,27742.31
047829,CENTERBURG LOCAL SCHOOL,2020-08,4,16078.67
047837,DANVILLE LOCAL SCHOOL DISTRICT,2020-08,4,8928.16
047845,EAST KNOX LOCAL SCHOOL,2020-08,3,13668.91
047852,FREDERICKTOWN LOCAL SCHOOL,2020-08,3,17676.28
047878,KIRTLAND LOCAL BOARD OF,2020-08,2,16219.92
047886,MADISON LOCAL SCHOOL DISTRICT,2020-08,3,39538.35
047894,RIVERSIDE LOCAL SCH DIST.,2020-08,2,58748.76
047902,PERRY LOCAL SCHOOL DISTRICT,2020-08,1,22018.69
047928,DAWSON BRYANT LOCAL SCHOOL,2020-08,1,16043.44
047936,FAIRLAND LOCAL SCHOOL DISTRICT,2020-08,2,21461.83
047944,ROCK HILL LOCAL SCHOOL,2020-08,2,19457.66
047951,SOUTH POINT LOCAL SCHOOLS,2020-08,1,21335.97
047969,SYMMES VALLEY LOCAL SCHOOLS,2020-08,2,11056.28
047985,JOHNSTOWN MONROE LOCAL SCHOOL,2020-08,3,23658.12
047993,LAKEWOOD LOCAL SCHOOL DISTRICT,2020-08,3,25387.23
048009,LICKING HEIGHTS LOCAL SCHOOLS,2020-08,2,65411
048017,LICKING VALLEY LOCAL SCHOOL,2020-08,2,28817.56
048025,NORTH FORK LOCAL SCHOOL,2020-08,2,22956.7
048033,NORTHRIDGE LOCAL SCHOOL,2020-08,3,15737.64
048041,SOUTHWEST LICKING LOCAL SCHOOL,2020-08,2,60936.32
048074,BENJAMIN LOGAN LOCAL SCHOOL,2020-08,4,23600.51
048082,INDIAN LAKE LOCAL SCHOOL,2020-08,4,21160.91
048090,RIVERSIDE LOCAL SCHOOL,2020-08,3,8923.79
048116,AVON LOCAL SCHOOL DISTRICT,2020-08,2,63140.49
048124,AVON LAKE CITY SCHOOLS,2020-08,2,52133.72
048132,CLEARVIEW BOARD OF EDUCATION,2020-08,1,22455.48
048140,COLUMBIA LOCAL SCHOOL DISTRICT,2020-08,3,12388.62
048157,FIRELANDS LOCAL SCHOOL,2020-08,3,23790.45
048165,KEYSTONE LOCAL SCHOOLS,2020-08,2,21668.94
048173,MIDVIEW LOCAL SCHOOL DISTRICT,2020-08,2,40105.26
048207,ANTHONY WAYNE LOCAL SCHOOLS,2020-08,3,61185.56
048215,OTTAWA HILLS LOCAL SCHOOL,2020-08,1,14044.2
048223,SPRINGFIELD LOCAL SCH DIST.,2020-08,1,50835.85
048231,WASHINGTON LOCAL SCHOOL,2020-08,1,96316.91
048256,JEFFERSON LOCAL SCHOOL,2020-08,2,16509.67
048264,JONATHAN ALDER LOCAL SCHOOL,2020-08,3,31967.89
048272,MADISON PLAINS LOCAL SCHOOL,2020-08,6,16508.83
048298,AUSTINTOWN LOCAL SCHOOL,2020-08,2,61514.19
048306,BOARDMAN LOCAL SCHOOL DISTRICT,2020-08,1,56274.27
048314,CANFIELD LOCAL SCHOOL DISTRICT,2020-08,1,36407.05
048322,JACKSON-MILTON LOCAL SCHOOL,2020-08,3,11337.45
048330,LOWELLVILLE LOCAL SCHOOLS,2020-08,1,6821.12
048348,POLAND LOCAL SCHOOL DISTRICT,2020-08,1,24691.91
048355,SEBRING LOCAL SCHOOL DISTICT,2020-08,1,5413.92
048363,SOUTH RANGE LOCAL SCHOOL,2020-08,2,17258.61
048371,SPRINGFIELD LOCAL BOARD OF EDU,2020-08,2,13808.41
048389,WEST BRANCH LOCAL SCHOOL,2020-08,4,26737.99
048397,WESTERN RESERVE LOCAL SCHOOLS,2020-08,2,9178.27
048413,ELGIN LOCAL SCHOOL DISTRICT,2020-08,4,15005.63
048421,PLEASANT LOCAL SCHOOL DISTRICT,2020-08,1,18355.76
048439,RIDGEDALE LOCAL SCHOOLS,2020-08,3,9194.84
048447,RIVER VALLEY LOCAL SCHOOL DIST,2020-08,4,27216.5
048462,BLACK RIVER LOCAL SCHOOL,2020-08,4,15035.06
048470,BUCKEYE LOCAL SCHOOL DISTRICT,2020-08,3,33369.33
048488,CLOVERLEAF LOCAL SCHOOL,2020-08,2,33523.2
048496,HIGHLAND LOCAL SCHOOL DISTRICT,2020-08,2,45500.84
048512,EASTERN LOCAL SCHOOL DISTRICT,2020-08,1,10391.83
048520,MEIGS LOCAL SCHOOL DISTRICT,2020-08,3,22926.91
048538,SOUTHERN LOCAL SCHOOL DISTRICT,2020-08,1,9820.7
048553,MARION LOCAL BOARD OF,2020-08,3,12240.12
048579,PARKWAY SCHOOL BOARD OF EDUC,2020-08,3,14669.13
048587,ST HENRY CONSOLIDATED LOCAL,2020-08,2,13112.32
048595,FORT RECOVERY LOCAL SCHOOL,2020-08,2,13265.03
048611,BETHEL LOCAL SCHOOL DISTRICT,2020-08,3,23195.45
048629,MIAMI EAST LOCAL SCHOOLS,2020-08,4,18954.35
048637,NEWTON LOCAL SCHOOL DISTRICT,2020-08,2,8512.33
048652,SWITZERLAND OF OHIO LOCAL,2020-08,4,28540.66
048678,BROOKVILLE LOCAL SCHOOL,2020-08,2,21276.99
048686,JEFFERSON TOWNSHIP LOCAL,2020-08,1,3831.32
048694,TROTWOOD MADISON CITY SCHOOLS,2020-08,1,36279.96
048702,MAD RIVER LOCAL SCHOOL,2020-08,2,50678.3
048710,NEW LEBANON LOCAL SCHOOLS,2020-08,2,15340.94
048728,NORTHMONT CITY SCHOOLS,2020-08,3,69531.63
048736,NORTHRIDGE LOCAL SCHOOL,2020-08,1,22130.36
048744,VALLEY VIEW LOCAL SCHOOL,2020-08,3,25076.5
048751,HUBER HEIGHTS CITY SCHOOLS,2020-08,4,81924
048777,MORGAN LOCAL SCHOOL DISTRICT,2020-08,4,23615.98
048793,CARDINGTON LINCOLN LOCAL,2020-08,2,14062.46
048801,HIGHLAND LOCAL SCHOOL DISTRICT,2020-08,3,24356.84
048819,NORTHMOR LOCAL SCHOOLS,2020-08,5,15352.53
048835,EAST MUSKINGUM SCHOOL DISTRICT,2020-08,3,31024.89
048843,FRANKLIN LOCAL SCHOOL DISTRICT,2020-08,3,28750.45
048850,MAYSVILLE LOCAL SCHOOL DIST,2020-08,2,28358.66
048876,TRI-VALLEY LOCAL SCHOOLS,2020-08,3,42864.91
048884,WEST MUSKINGUM LOCAL SCHOOL,2020-08,3,20600.05
048900,NOBLE LOCAL SCHOOL DISTRICT,2020-08,5,13286.44
048926,BENTON CARROLL SALEM LOCAL,2020-08,3,21442.2
048934,DANBURY LOCAL SCHOOLS,2020-08,1,6454.1
048942,GENOA AREA LOCAL SCHOOL,2020-08,4,18793.25
048975,PUT-IN-BAY LOCAL SCHOOL,2020-08,1,761.75
048991,ANTWERP LOCAL SCHOOL DISTRICT,2020-08,2,9955.99
049031,WAYNE TRACE LOCAL SCHOOL,2020-08,3,13356.1
049056,NORTHERN LOCAL SCHOOL DISTRICT,2020-08,4,31676.41
049064,SOUTHERN LOCAL SCHOOL DISTRICT,2020-08,4,8907.13
049080,LOGAN ELM LOCAL SCHOOL DIST,2020-08,5,25564.12
049098,TEAYS VALLEY BOARD OF EDU,2020-08,3,58425.01
049106,WESTFALL LOCAL SCHOOL DISTRICT,2020-08,3,19444.14
049122,EASTERN LOCAL SCHOOL DISTRICT,2020-08,3,12032.77
049130,SCIOTO VALLEY LOCAL SCHOOL,2020-08,2,18119.42
049148,WAVERLY CITY SCHOOLS,2020-08,3,26687.86
049155,WESTERN LOCAL SCHOOL DISTRICT,2020-08,4,10696.67
049171,AURORA BOARD OF EDUCATION,2020-08,4,41504.69
049189,CRESTWOOD LOCAL SCHOOLS,2020-08,2,22580.65
049197,FIELD LOCAL SCHOOL DISTRICT,2020-08,3,27278.44
049205,JAMES A GARFIELD LOCAL SCHOOLS,2020-08,3,18488.45
049213,ROOTSTOWN LOCAL SCHOOL,2020-08,1,15512.37
049221,SOUTHEAST LOCAL SCHOOLS,2020-08,3,21343.67
049239,STREETSBORO CITY SCHOOLS,2020-08,2,30579.18
049247,WATERLOO LOCAL BOARD OF EDU,2020-08,2,13441.92
049270,NATIONAL TRAIL LOCAL SD,2020-08,2,14114.48
049288,PREBLE SHAWNEE LOCAL SCHOOLS,2020-08,3,20013.36
049296,TWIN VALLEY COMMUNITY LOCAL,2020-08,2,11743.52
049312,COLUMBUS GROVE LOCAL SCHOOL,2020-08,2,12224.48
049320,CONTINENTAL LOCAL SCHOOL,2020-08,3,6664.47
049338,JENNINGS LOCAL SCHOOL DISTRICT,2020-08,3,5323.6
049346,KALIDA LOCAL SCHOOL DISTRICT,2020-08,1,8578.14
049353,LEIPSIC LOCAL SCHOOL DISTRICT,2020-08,2,9261.45
049361,MILLER CITY-NEW CLEVELAND,2020-08,1,6736.98
049379,OTTAWA GLANDORF LOCAL SCHOOL,2020-08,1,21117.58
049387,OTTOVILLE LOCAL SCHOOL,2020-08,3,6621.74
049395,PANDORA-GILBOA LOCAL BOARD OF,2020-08,3,7349.16
049411,CLEARFORK VALLEY LOCAL SCHOOL,2020-08,3,23475.55
049429,CRESTVIEW LOCAL SCHOOL,2020-08,3,15042.69
049437,LEXINGTON LOCAL SCH DIST.,2020-08,2,33916.09
049445,LUCAS LOCAL SCHOOL DISTRICT,2020-08,2,7617.99
049452,MADISON LOCAL SCHOOLS,2020-08,2,39399.45
049460,PLYMOUTH-SHILOH LOCAL SCHOOLS,2020-08,3,10079.08
049478,ONTARIO LOCAL SCHOOLS,2020-08,2,27963.02
049494,ADENA LOCAL SCHOOL DISTRICT,2020-08,3,17251.87
049502,HUNTINGTON LOCAL SCH DIST.,2020-08,2,15332.56
049510,PAINT VALLEY LOCAL SCHOOL,2020-08,3,11786.14
049528,SOUTHEASTERN LOCAL SCHOOL,2020-08,4,14903.24
049536,UNION-SCIOTO LOCAL SCHOOL,2020-08,2,30696.74
049544,ZANE TRACE LOCAL SCHOOL,2020-08,3,18526.54
049569,LAKOTA LOCAL SCHOOLS,2020-08,3,14506.1
049577,WOODMORE LOCAL SCHOOL DISTRICT,2020-08,3,13310.7
049593,BLOOM-VERNON LOCAL SCHOOL,2020-08,3,11702.21
049601,CLAY LOCAL SCHOOL DISTRICT,2020-08,1,8665.45
049619,GREEN LOCAL SCHOOL DISTRICT,2020-08,2,7984.09
049627,MINFORD LOCAL SCHOOL DISTRICT,2020-08,2,18045.19
049635,NORTHWEST LOCAL SCHOOL DIST,2020-08,3,19302.47
049643,VALLEY LOCAL SCHOOL DISTRICT,2020-08,2,15003.77
049650,WASHINGTON NILES LOCAL SCHOOL,2020-08,2,19988.18
049668,WHEELERSBURG LOCAL SCHOOL,2020-08,1,22024.11
049684,SENECA EAST LOCAL SCHOOL,2020-08,3,11966.58
049700,HOPEWELL-LOUDON LOCAL SCHOOL,2020-08,2,11827.99
049718,NEW RIEGEL LOCAL SCHOOL,2020-08,1,5448.41
049726,OLD FORT LOCAL SCHOOL DISTRICT,2020-08,2,8669.91
049759,ANNA LOCAL BOARD OF EDUCAION,2020-08,1,16538.89
049767,BOTKINS LOCAL SCHOOL DISTRICT,2020-08,2,9018.3
049775,FAIRLAWN LOCAL SCHOOL DISTRICT,2020-08,4,8209.01
049783,FORT LORAMIE LOCAL SCHOOL,2020-08,2,11039.85
049791,HARDIN-HOUSTON LOCAL SCHOOL,2020-08,2,11691.02
049809,JACKSON CENTER LOCAL SCHOOL,2020-08,3,7532.16
049817,RUSSIA LOCAL SCHOOL DISTRICT,2020-08,2,5582.96
049833,CANTON LOCAL SCHOOL DISTRICT,2020-08,1,26231.5
049841,FAIRLESS LOCAL BOARD OF,2020-08,4,21388.89
049858,JACKSON LOCAL SCHOOL DISTRICT,2020-08,1,81150.22
049866,LAKE LOCAL SCHOOL DISTRICT,2020-08,3,47537.95
049874,LOUISVILLE CITY SCHOOLS,2020-08,1,37866.88
049882,MARLINGTON LOCAL SCHOOL,2020-08,4,28688.42
049890,MINERVA LOCAL SCHOOLS,2020-08,3,27017.92
049908,NORTHWEST LOCAL SCHOOL,2020-08,3,25991.75
049916,OSNABURG LOCAL SCHOOLS,2020-08,1,11732.23
049924,PERRY LOCAL SCHOOL DISTRICT,2020-08,1,61386.67
049932,PLAIN LOCAL SCHOOL DISTRICT,2020-08,1,85584.39
049940,SANDY VALLEY LOCAL SCHOOL,2020-08,3,17925.23
049957,TUSLAW LOCAL SCHOOLS,2020-08,2,19023.46
049973,WOODRIDGE LOCAL SCHOOL,2020-08,2,25850.41
049981,COPLEY-FAIRLAWN CITY SCHOOLS,2020-08,2,39253.14
049999,COVENTRY LOCAL SCHOOL DISTRICT,2020-08,1,25173.43
050005,MANCHESTER LOCAL SCHOOL,2020-08,2,18258.69
050013,GREEN LOCAL SCHOOLS,2020-08,2,56924.06
050021,HUDSON CITY SCHOOL DISTRICT,2020-08,2,63749.3
050039,MOGADORE LOCAL SCHOOL DISTRICT,2020-08,2,12077.7
050047,NORDONIA HILLS CITY SCHOOLS,2020-08,2,50595.48
050054,REVERE LOCAL SCHOOL DISTRICT,2020-08,2,38174.67
050062,SPRINGFIELD LOCAL SCH DIST.,2020-08,3,30218.07
050070,TWINSBURG BOARD OF EDUCATION,2020-08,3,56522.8
050096,BLOOMFIELD-MESPO LOCAL SCHOOL,2020-08,3,3456.82
050112,BRISTOL LOCAL SCHOOL DISTRICT,2020-08,1,7632.39
050120,BROOKFIELD LOCAL SCHOOL,2020-08,1,13895.94
050138,CHAMPION LOCAL SCHOOL DISTRICT,2020-08,1,18928.89
050153,MATHEWS LOCAL SCHOOL DISTRICT,2020-08,1,9001.25
050161,HOWLAND LOCAL SCHOOL DISTRICT,2020-08,1,36544.24
050179,JOSEPH BADGER LOCAL SCHOOL DIS,2020-08,2,9429.94
050187,LAKEVIEW LOCAL BOARD,2020-08,1,23768.27
050195,LIBERTY LOCAL BOARD OF EDU,2020-08,2,17691.63
050203,LORDSTOWN LOCAL SCHOOL,2020-08,2,6692.43
050211,MAPLEWOOD LOCAL BOARD OF EDU,2020-08,2,9457.56
050229,MCDONALD BOARD OF EDUCATION,2020-08,1,9996.78
050237,SOUTHINGTON LOCAL SCHOOL,2020-08,2,7176.42
050245,LABRAE LOCAL SCHOOL DISTRICT,2020-08,2,15182.13
050252,WEATHERSFIELD LOCAL SCHOOL,2020-08,2,13835.83
050278,GARAWAY LOCAL SCHOOLS,2020-08,4,17543.74
050286,INDIAN VALLEY LOCAL SCHOOLS,2020-08,2,24948.62
050294,STRASBURG-FRANKLIN LOCAL,2020-08,2,7975.53
050302,TUSCARAWAS VALLEY LOCAL SCHOOL,2020-08,3,18854.75
050328,FAIRBANKS LOCAL SCHOOLS,2020-08,4,15784.65
050336,NORTH UNION LOCAL SCHOOL,2020-08,5,21068.81
050351,CRESTVIEW LOCAL SCHOOL,2020-08,2,11753.58
050369,LINCOLNVIEW LOCAL SCH DIST.,2020-08,4,12527.83
050393,VINTON COUNTY LOCAL SCHOOLS,2020-08,5,26543.7
050419,CARLISLE LOCAL SCHOOLS,2020-08,3,22142.47
050427,SPRINGBORO COMMUNITY SCHOOLS,2020-08,2,86329.57
050435,KINGS LOCAL SCHOOL DISTRICT,2020-08,3,65140.85
050443,LITTLE MIAMI LOCAL SCHOOL,2020-08,2,69179.96
050450,MASON CITY SCHOOL DISTRICT,2020-08,3,145314.59
050468,WAYNE LOCAL SCHOOL DISTRICT,2020-08,4,21465.41
050484,FORT FRYE LOCAL SCHOOL,2020-08,4,14316.07
050492,FRONTIER LOCAL SCHOOL DISTRICT,2020-08,2,8577.52
050500,WARREN LOCAL SCHOOLS,2020-08,3,29566.14
050518,WOLF CREEK LOCAL SCHOOL BD,2020-08,2,8757.44
050534,CHIPPEWA LOCAL SCHOOLS,2020-08,4,17716.78
050542,DALTON LOCAL SCHOOL DISTRICT,2020-08,2,12776.39
050559,GREEN LOCAL SCHOOL DISTRICT,2020-08,1,15032.87
050567,NORTH CENTRAL LOCAL SCHOOLS,2020-08,2,19643.71
050575,NORTHWESTERN LOCAL SCH DIST.,2020-08,3,18629.39
050583,SOUTHEAST LOCAL SCH DIST.,2020-08,3,18964.04
050591,TRIWAY LOCAL SCHOOL DISTRICT,2020-08,3,22757.16
050617,EDGERTON LOCAL SCHOOL DISTRICT,2020-08,2,8131.83
050625,EDON NORTHWEST LOCAL SCHOOL,2020-08,1,7105.65
050633,MILLCREEK WEST UNITY LOCAL,2020-08,2,7341.82
050641,NORTH CENTRAL LOCAL SCHOOL,2020-08,1,8271.42
050658,STRYKER LOCAL SCHOOL DISTRICT,2020-08,4,5218.19
050674,EASTWOOD BOARD OF EDUCATION,2020-08,3,20528.32
050682,ELMWOOD LOCAL SCHOOL DISTRICT,2020-08,2,17001.04
050690,LAKE LOCAL SCHOOL DISTRICT,2020-08,2,21371.39
050708,NORTH BALTIMORE BOARD OF,2020-08,2,9158.79
050716,NORTHWOOD LOCAL SCHOOLS,2020-08,3,13694.94
050724,OTSEGO LOCAL SCHOOL DISTRICT,2020-08,3,22060.29
050740,MOHAWK BOARD OF EDUCATION,2020-08,3,12092.66
050773,APOLLO JOINT VOCATIONAL,2020-08,7,22466.33
050799,SOUTHERN HILLS JOINT,2020-08,5,17321.18
050815,ASHTABULA COUNTY TECHNICAL &,2020-08,4,23403.02
050856,BELMONT-HARRISON VOCATIONAL,2020-08,7,13150.44
050880,BUTLER TECHNOLOGY & CAREER,2020-08,4,179437.96
050906,COLUMBIANA COUNTY JOINT,2020-08,2,5571.82
050922,CUYAHOGA VALLEY CAREER CENTER,2020-08,2,11326.27
050948,POLARIS JOINT VOCATIONAL,2020-08,1,34291.35
050963,FOUR COUNTY JOINT VOCATIONAL,2020-08,9,17767.26
050989,DELAWARE AREA CAREER CENTER,2020-08,6,21000.12
051003,EASTLAND-FAIRFIELD CAREER &,2020-08,6,23045.3
051029,EHOVE JOINT VOCATIONAL SCHOOL,2020-08,8,11856.35
051045,GREENE COUNTY JOINT VOCATIONAL,2020-08,6,32682.54
051060,GREAT OAKS INSTITUTE OF TECH,2020-08,12,146433.16
051128,JEFFERSON COUNTY JOINT,2020-08,5,4891.07
051144,KNOX COUNTY CAREER CENTER,2020-08,6,8621.8
051169,AUBURN VOCATIONAL SCHOOL DIST,2020-08,6,10378.66
051185,LAWRENCE COUNTY JOINT,2020-08,3,20093.04
051201,LICKING CNTY JOINT VOCATIONAL,2020-08,6,31081.5
051227,LORAIN COUNTY JOINT,2020-08,5,17913.28
051243,MAHONING COUNTY CAREER &,2020-08,5,11296.9
051284,MIAMI VALLEY CAREER TECHNOLOGY,2020-08,10,53278.77
051300,MIDEAST CAREER & TECHNOLOGY,2020-08,9,16979.5
051334,OHIO HI POINT JOINT VOCATIONAL,2020-08,12,43949.13
051359,PENTA COUNTY VOCATIONAL SCHOOL,2020-08,7,56517.1
051375,PIKE COUNTY JOINT VOCATIONAL,2020-08,6,6549.93
051391,MAPLEWOOD CAREER CENTER,2020-08,5,8080.98
051417,PIONEER CAREER & TECHNOLOGY,2020-08,9,32767.01
051433,PICKAWAY-ROSS COUNTY JOINT,2020-08,10,39329.07
051458,VANGUARD SENTINEL CAREER CNTRS,2020-08,9,23805.76
051474,WARREN COUNTY VOCATIONAL,2020-08,7,47992.47
051490,SCIOTO COUNTY CAREER TECH CNTR,2020-08,5,20383.92
051532,SPRINGFIELD-CLARK CAREER,2020-08,4,11521.24
051607,TRI-COUNTY JOINT VOCATIONAL,2020-08,7,6375.93
051631,TRUMBULL COUNTY JOINT,2020-08,3,12417
051656,BUCKEYE JOINT VOCATIONAL,2020-08,10,16326.61
051672,VANTAGE CAREER CENTER,2020-08,6,7361.1
051698,WASHINGTON COUNTY JOINT,2020-08,4,6918.92
051714,WAYNE CNTY JOINT VOCATIONAL SC,2020-08,6,11433.99
061903,ADAMS CNTY-OH VALLEY SCHL DIST,2020-08,5,50685.41
062026,STARK COUNTY AREA JOINT,2020-08,6,10350.81
062042,ASHLAND CO WEST HOLMES JOINT,2020-08,7,8067.18
062067,GALLIA JACKSON VINTON JOINT,2020-08,9,21622.39
062109,MEDINA COUNTY CAREER CENTER,2020-08,5,31583.04
062125,UPPER VALLEY JOINT VOCATIONAL,2020-08,6,42984.1
062802,US GRANT JOINT VOCATIONAL,2020-08,2,9799.02
063495,PORTAGE LAKES JOINT VOCATIONAL,2020-08,3,7268.16
063511,TOLLES CAREER & TECH CENTER,2020-08,6,23398.73
064964,COLLEGE CORNER LOCAL SCHOOL,2020-08,2,1363.11
065227,COSHOCTON COUNTY JOINT,2020-08,6,3482.34
065268,TRI-RIVERS JOINT VOCATIONAL,2020-08,6,7268.6
065680,GALLIA COUNTY LOCAL SCHOOL,2020-08,5,30686.87
069682,EAST GUERNSEY LOCAL SCHOOL,2020-08,4,14345.62
091397,TRI-COUNTY NORTH LOCAL SCHOOL,2020-08,3,11378.81
132746,SUMMIT ACADEMY COMMUNITY SCH,2020-08,4,1036.71
132761,SUMMIT ACAD COMMU SCHL FOR,2020-08,5,2724.99
132779,SUMMIT ACADEMY AKRON MIDDLE,2020-08,3,856.77
132795,LIFE SKILLS CENTER OF CLARK,2020-08,5,3541.62
132803,LIFE SKILLS CENTER OF BUTLER,2020-08,4,4146.54
132944,MIAMI VALLEY ACADEMIES,2020-08,13,1867.54
132951,CONSTELLATN SCHLS LORAIN COMMU,2020-08,2,2444.42
132969,CONSTELLATN SCHLS ELYRIA COMMU,2020-08,1,6228.43
132985,YOUTH BUILD COLUMBUS,2020-08,5,2486.96
132993,CONSTELLATN SCHLS W.PARK COMM,2020-08,2,3853.12
133215,INTERGENERATIONAL SCHOOL,2020-08,1,3383.56
133256,CONSTELLTN SCHLS PARMA COMMU,2020-08,3,19279.55
133264,DOHN COMMUNITY HIGH SCHOOL,2020-08,5,14469.08
133280,WASHINGTON PARK COMMUNITY,2020-08,1,2679.23
133306,SUMMIT ACAD COMMU SCHL FOR,2020-08,4,1563.39
133322,SUMMIT ACAD COMMU SCHL  FOR,2020-08,2,1077.2
133330,TCP WORLD ACADEMY,2020-08,2,7193.12
133348,RICHARD ALLEN PREPARATORY,2020-08,1,5034.66
133389,LIGHTHOUSE COMMUNITY SCHOOL,2020-08,1,731.73
133421,GRAHAM SCHOOL,2020-08,2,2969.77
133439,CORNERSTONE ACADEMY,2020-08,7,11768.6
133454,DAYTON VIEW ACADEMY,2020-08,1,6334.82
133488,EDUCATIONAL DEVELOPMENT CENTER,2020-08,2,2682.38
133504,PHOENIX COMMUNITY LEARNING,2020-08,1,5771
133512,LKH VICTORY CORP,2020-08,1,12453.2
133520,CITIZENS ACADEMY,2020-08,3,4654.25
133538,EDGE LEARNING INC,2020-08,3,3094.94
133561,MILLENNIUM COMMUNITY SCHOOL,2020-08,2,7044.36
133587,SUMMIT ACAD AKRON ELEMENT SCH,2020-08,1,1505.98
133629,HORIZON SCIENCE ADADEMY -,2020-08,2,5137.52
133660,HORIZON EDUCATIONAL SERVICES,2020-08,1,6823.35
133678,RIVERSIDE COMMUNITY SCHOOL INC,2020-08,1,2857.89
133736,RICHARD ALLEN ACADEMY INC,2020-08,1,1810.47
133785,LIFE SKILLS CENTER OF,2020-08,4,1145.97
133835,LIFE SKILLS CENTER OF,2020-08,3,5855.69
133868,LIFE SKILLS CENTER OF AKRON,2020-08,5,7088.04
133942,TOLEDO SCHOOL FOR THE ARTS,2020-08,9,9450.92
134072,YOUNGSTOWN COMMUNITY SCHL INC,2020-08,1,4436.5
134098,CONSTELLATN SCHLS OLD BROOKLYN,2020-08,3,4889.02
134122,MULTIPLE OPTNS FOR DEVELOPMENT,2020-08,3,1439.2
134197,HOPE ACADEMY CHAPELSIDE CAMPUS,2020-08,2,3673.59
134213,HOPE ACADEMY UNIVERSITY,2020-08,1,2749.46
134247,CITY DAY COMMUNITY SCHOOL INC,2020-08,2,2503.48
139303,MONROE LOCAL SCHOOL DISTRICT,2020-08,2,40342.05
142901,LIFE SKILLS CENTER OF CANTON,2020-08,2,1604.87
142919,LIFE SKILLS CENTER OF ELYRIA,2020-08,4,2472.07
142927,FOCUS LEARNING ACADEMY OF,2020-08,4,3812.31
142935,FOCUS LEARNING ACADEMY OF,2020-08,5,3135.56
142943,FOCUS LEARNING ACADEMY OF,2020-08,1,7196.28
142950,OHIO VIRTUAL ACADEMY INC,2020-08,88,178185.1
142968,HOPE ACAD NORTHCOAST ACAD,2020-08,1,3645.96
143123,MOUND STREET MILITARY ACADEMY,2020-08,7,2074.72
143172,INTERNATIONAL ACADEMY OF,2020-08,2,4185.18
143198,GREAT WESTERN ACADEMY,2020-08,2,10317.91
143206,TROTWOOD FITNESS &,2020-08,1,4218.6
143214,MIDDLETOWN FITNESS &,2020-08,2,3648.6
143297,AUTISM ACADEMY OF LEARNING,2020-08,2,677.99
143305,TRECA DIGITAL ACADEMY,2020-08,86,29503.62
143313,HOPE ACADEMY CUYAHOGA CAMPUS,2020-08,1,1436.29
143396,OHIO DISTANCE EDUCATION &,2020-08,86,39027.02
143479,CONSTELLATION SCHOOLS PURITAS,2020-08,1,2679.23
143487,CONSTELLATION SCHLS STOCKYARD,2020-08,1,2748.28
143529,NORTH DAYTON SCHOOL OF SCIENCE,2020-08,1,7800.95
143602,HAMILTON COUNTY MATHEMATICS &,2020-08,5,8712.38
143610,ARTS & COLLEGE PREPARATORY,2020-08,10,6423.44
143644,SCIOTOVILLE COMMUNITY SCHOOL,2020-08,1,5296.32
147231,SCHNEE LEARNING CENTER,2020-08,1,1326.37
148981,TOMORROW CENTER,2020-08,10,1551.68
148999,MAHONING UNLIMITED CLASSROOM,2020-08,4,1649.59
149047,GOAL DIGITAL ACADEMY,2020-08,19,10343.3
149088,FAIRBORN DIGITAL ACADEMY,2020-08,4,2516.36
149302,LIFE SKILLS CENTER OF TOLEDO,2020-08,4,1757.19
149328,FOXFIRE HIGH SCHOOL,2020-08,7,3450.49
151175,WEST CENTRAL LEARNING ACADEMY,2020-08,2,804.16
151183,LIFE SKILLS CNTR OF LAKE ERIE,2020-08,1,3286.89
151209,LIFE SKILLS CENTER OF,2020-08,1,925.3
000131,GLASS CITY ACADEMY INC,2021-01,2,9706.96
000138,PATHWAY SCHOOL OF DISCOVERY,2021-01,4,20599.95
000139,ALLIANCE ACADEMY,2021-01,3,13920.06
000222,WILDWOOD ENVIRONMENTAL ACADEMY,2021-01,1,9848.46
000236,OHIO CONNECTIONS ACADEMY INC,2021-01,88,160493.42
000241,QUAKER DIGITAL ACADEMY,2021-01,40,14690.42
000282,GREATER OHIO VIRTUAL SCHOOL,2021-01,24,13100.27
000288,AUGLAIZE COUNTY EDUCATIONAL,2021-01,9,2893.04
000296,SUMMIT ACAD. COMM. SCHOOL,2021-01,2,1497.43
000297,SUMMIT ACAD. COMM. SCHOOL DAY,2021-01,2,1924.34
000298,SUMMIT ACADEMY SECONDARY,2021-01,3,2007.41
000300,SUMMIT ACAD. SEC. SCHOOL,2021-01,2,2008.9
000301,SUMMIT ACAD. SEC. SCHOOL LOR,2021-01,3,3311.15
000302,SUMMIT ACAD. COMM. SCHOOL PAR,2021-01,2,4124.05
000303,SUMMIT ACAD. SEC. SCHOOL,2021-01,2,5076.03
000305,SUMMIT ACAD. COMM. SCHOOL WAR,2021-01,2,2659.21
000306,SUMMIT ACAD. COMM. SCHOOL,2021-01,2,2117.74
000311,BRIDGES COMMUNITY ACADEMY,2021-01,3,1963.4
000316,CONSTELLATION SCHOOLS WESTPARK,2021-01,2,5395.16
000318,MENLO PARK ACADEMY,2021-01,12,13138.13
000319,CONSTELLATION SCH MADISON,2021-01,2,6638.19
000320,CONSTELLATION SCHOOLS LORAIN,2021-01,2,3671.98
000321,CONSTELLATION SCH OLD BROOKLYN,2021-01,2,7174.8
000338,HORIZON SCI ACADEMY,2021-01,2,15168.89
000402,FINDLAY DIGITAL ACADEMY,2021-01,4,4633.07
000417,BUCKEYE ON-LINE SCH FOR SUCCS,2021-01,60,19642.06
000442,MANCHESTER LOCAL SCHOOL DIST,2021-01,3,20638.45
000509,WHITEHALL PREPARATORY &,2021-01,1,9153.93
000510,SPRINGFIELD PREPARATORY &,2021-01,2,4410.18
000511,NORTHLAND PREPARATORY &,2021-01,2,6300.43
000525,PROJECT REBUILD COMMUNITY SCHL,2021-01,1,3480.27
000527,CASTLE HIGH SCHOOL INC,2021-01,4,7881.29
000534,CONSTELLATION SCHOOLS PURITAS,2021-01,1,4321.78
000543,PINNACLE ACADEMY,2021-01,3,20592.46
000546,WINTERFIELD VENTURE ACADEMY,2021-01,2,15253.79
000553,COLUMBUS HUMANITIES ARTS &,2021-01,3,18223.17
000556,A+ ARTS ACADEMY,2021-01,1,15878.12
000557,COLUMBUS ARTS &,2021-01,2,15708.63
000558,COLUMBUS PREPARATORY ACADEMY,2021-01,9,23253.05
000559,ORION ACADEMY,2021-01,1,12959.89
000560,APEX ACADEMY,2021-01,2,12033.24
000575,HOPE ACADEMY NORTHWEST CAMPUS,2021-01,1,5197.43
000576,KING ACADEMY COMMUNITY SCHOOL,2021-01,1,2682.33
000577,EMERSON ACADEMY,2021-01,2,20232.86
000598,COSHOCTON OPPORTUNITY SCHOOL,2021-01,2,879.13
000608,SUMMIT ACADEMY TRANSITION HIGH,2021-01,3,1666.04
000609,SUMMIT ACAD. MIDDLE SCH LORAIN,2021-01,1,2344.34
000610,SUMMIT ACAD. MIDDLE SCH COL.,2021-01,1,1130.12
000613,HEIR FORCE COMMUNITY SCHOOL,2021-01,3,6776.38
000614,SUMMIT ACADEMY TRANSITION HIGH,2021-01,1,1553.91
000616,SUMMIT ACAD. SCH FOR ALT.,2021-01,2,2291.33
000621,SUMMIT ACADEMY TRANSITION HIGH,2021-01,5,3310.76
000623,SUMMIT ACADEMY - YOUNGSTOWN,2021-01,3,5330.5
000629,SUMMIT ACADEMY COMMUNITY,2021-01,3,877.33
000634,SUMMIT ACADEMY SECONDARY,2021-01,4,2543.99
000640,RITTMAN ACADEMY,2021-01,2,1075.33
000664,LIFE SKILLS CENTER OF COLUMBUS,2021-01,4,3899.15
000679,OAKSTONE COMMUNITY SCHOOL,2021-01,8,7092.69
000725,ZENITH ACADEMY,2021-01,4,14041.79
000736,PHOENIX VILL. ACAD. PRIMARY 2,2021-01,1,5423.41
000770,MARITIME ACADEMY OF TOLEDO INC,2021-01,3,7612.8
000779,EDUCATIONAL ACADEMY FOR BOYS,2021-01,1,3955.4
000780,MIDNIMO CROSS CULTURAL MIDDLE,2021-01,1,3333.84
000804,HORIZON SCIENCE ACADEMY,2021-01,1,5167.02
000808,HORIZON SCIENCE ADADEMY DAYTON,2021-01,4,4414.13
000813,LIFE SKILLS CENTER OF DAYTON,2021-01,5,3112.79
000825,HORIZON SCIENCE ACADEMY,2021-01,2,10527.66
000838,HORIZON SCIENCE ACADEMY-,2021-01,3,8022.55
000843,BENNETT VENTURE ACADEMY,2021-01,1,17489.5
000855,STAMBAUGH CHARTER ACADEMY,2021-01,2,11712.86
000858,HORIZON SCIENCE ACAD CLEVELAND,2021-01,2,7993.93
000875,WESTSIDE ACADEMY INC,2021-01,1,8673.63
000905,IMAC INC,2021-01,2,935.08
000912,ACADEMIC ACCELERATION ACADEMY,2021-01,1,4237.93
000936,PROMISE ACADEMY,2021-01,2,3954.72
000938,PREMIER ACADEMY OF OHIO,2021-01,7,4972.81
000941,PAR EXCELLENCE ACADEMY,2021-01,2,7325.75
000951,TOLEDO PREP. AND FITNESS ACAD,2021-01,2,6876.94
000952,COLUMBUS PREPARATORY,2021-01,2,12572.57
000953,CINCINNATI PREPARATORY &,2021-01,2,6578.88
007984,YOUNGSTOWN ACAD OF EXCELLENCE,2021-01,3,6863.17
007995,CLEVELAND ARTS  SCI.,2021-01,1,9519.21
007999,CHARLES SCHOOL,2021-01,2,9295.22
008000,MANSFIELD PREPARATORY ACADEMY,2021-01,2,16523.33
008063,LIFE SKILLS CTR OF NORTH AKRON,2021-01,5,2403.52
008064,ACADEMY OF ARTS,2021-01,3,9078.25
008278,NOBLE ACADEMY-CLEVELAND INC,2021-01,4,10875.65
008280,NOBLE ACADEMY-COLUMBUS INC,2021-01,2,9238.69
008281,SOUTH SCIOTO ACADEMY,2021-01,1,6441.66
008282,LIFE SKILLS CTR OF COL. NORTH,2021-01,4,3079.65
008283,DAYTON TECH. DESIGN HIGH SCH,2021-01,2,2122.3
008286,HARVARD AVE COMMUNITY SCHOOL,2021-01,1,11072.79
008287,GROVEPORT COMMUNITY SCHOOL,2021-01,4,20031.45
008289,EAGLE LEARNING CENTER INC,2021-01,3,1245.26
009122,COLUMBUS COLLEGIATE,2021-01,1,6187.38
009148,ZANESVILLE COMM. HIGH SCH,2021-01,4,2927.4
009149,CONSTELLATION SCHOOLS WESTSIDE,2021-01,2,6666.28
009164,CENTRAL ACADEMY OF OHIO,2021-01,1,4556.33
009179,HORIZON SCIENCE ACADEMY INC,2021-01,1,13872.16
009192,FOUNDATION ACADEMY,2021-01,2,13517.62
009283,DAYTON EARLY COLLEGE ACAD.,2021-01,1,10187.19
009953,SULLIVANT AVE COMM. SCHOOL,2021-01,1,8927.91
009955,MADISON AVENUE SCHOOL OF ARTS,2021-01,1,15055.69
009957,KLEPINGER COMMUNITY SCHOOL,2021-01,1,16158.02
009971,ASHLAND CTY COMM. ACADEMY,2021-01,5,2646.62
009990,HORIZON SCI. ACAD. ELEMENTARY,2021-01,2,12318.25
009996,MAHONING COUNTY HIGH SCHOOL,2021-01,1,2722.65
009997,KIPP CENTRAL OHIO,2021-01,6,55658.49
010036,CESAR CHAVEZ COLLEGE PREP.,2021-01,1,8673.63
010182,PERFORMANCE ACADEMY EASTLAND,2021-01,2,8278.15
010205,L HOLLINGWORTH SCH FOR TAL.,2021-01,2,8574.95
011291,VILLAGE PREPARATORY SCHOOL,2021-01,2,20224.89
011324,HARDIN COMMUNITY SCHOOL,2021-01,2,1109
011381,GREATER SUMMIT CTY EARLY LEARN,2021-01,3,3421.55
011390,BELLA ACADEMY OF EXCELLENCE,2021-01,2,6722.94
011439,RENAISSANCE ACADEMY,2021-01,1,2684.02
011468,COLUMBUS BILINGUAL ACAD. - N.,2021-01,1,10820.85
011506,DAYTON REGIONAL STEM SCHOOL,2021-01,9,20624.41
011507,ACHIEVE CAREER PREP. ACAD.,2021-01,1,2943.22
011511,NORTH CENTRAL ACADEMY,2021-01,4,2253.11
011533,HORIZON SCI. ACAD. OF LORAIN,2021-01,2,22426.55
011534,HORIZON SCIENCE ACADEMY DAYTON,2021-01,1,9083.58
011923,NORTHEAST OHIO COLLEGE PREP.,2021-01,3,15761.79
011947,IMAGINE AKRON ACADEMY,2021-01,1,1074.37
011956,RCCS,2021-01,2,1102.02
011967,RICHLAND ACAD. SCH OF EXC.,2021-01,3,9266.91
011972,GRAHAM EXPED. MIDDLE SCHOOL,2021-01,4,9493.23
011976,HORIZON SCIENCE ACADEMY DAYTON,2021-01,4,5291.81
011986,HORIZON SCI. ACAD. YOUNGSTOWN,2021-01,2,9529.18
012009,ZENITH ACADEMY-EAST,2021-01,2,8052.15
012010,CLEVELAND COLLEGE PREP.,2021-01,1,7231.21
012011,COLUMBUS PERFORMANCE ACADEMY,2021-01,2,4803.02
012025,CONSTELLATION SCH STOCKYARD,2021-01,1,1723.06
012029,CITIZENS LEADERSHIP ACADEMY,2021-01,1,4293.53
012030,NEAR WEST SCHOOL,2021-01,2,6863.99
012033,FOXFIRE INTERMEDIATE SCHOOL,2021-01,5,3836.32
012036,THURGOOD MARSHALL HIGH SCHOOL,2021-01,3,7739.68
012037,NEW BEGINNINGS ACADEMY,2021-01,1,4576.97
012038,LANGSTON HUGHES HIGH SCHOOL,2021-01,2,5621.13
012040,ROAD TO SUCCESS ACADEMY,2021-01,1,1666.92
012041,THE ARCH ACADEMY,2021-01,1,1356.14
012042,GEORGE V VOINOVICH RECLAMATION,2021-01,15,735.57
012043,FREDERICK DOUGLASS RECLAMATION,2021-01,1,4604.25
012044,CAPITAL HIGH SCHOOL,2021-01,2,2995.04
012045,PATRIOT PREPARATORY ACADEMY,2021-01,5,20484.27
012054,NORTH CENTRAL ACADEMY FREMONT,2021-01,5,2908.6
012060,AKROS MIDDLE SCHOOL,2021-01,2,3364.51
012105,SOUTHSIDE ACADEMY INC,2021-01,1,4566.12
012391,METRO EARLY COLLEGE HIGH SCH,2021-01,7,26841.31
012501,BEACON HILL COMMUNITY SCHOOL,2021-01,4,1414.45
012528,ACADEMY FOR URBAN SOLUTIONS,2021-01,2,9182.35
012529,FOCUS NORTH HIGH SCHOOL,2021-01,3,4153.2
012541,UNIVERSITY OF CLEVELAND PREP.,2021-01,1,6157.83
012558,GLOBAL VILLAGE ACADEMY INC,2021-01,2,6017.11
012627,STEAM ACADEMY OF YOUNGSTOWN,2021-01,2,3505.61
012644,STEAM ACADEMY OF WARREN,2021-01,4,8033.95
012671,CONSTELLATION SCH EASTSIDE,2021-01,1,3446.12
012684,BROADWAY ACADEMY,2021-01,1,12908.84
012867,TOWNSEND NORTH COMM. SCH,2021-01,24,22433.13
012924,DECA PREP,2021-01,1,26345.21
012951,COLUMBUS COLLEGIATE ACAD. - W.,2021-01,1,7063.22
013034,VILLAGE PREP. SCH:WOODLA,2021-01,1,20366.03
013132,LAKE ERIE COLLEGE PREP.,2021-01,2,8530.68
013147,STEAM ACAD. OF WARRENSVILLE,2021-01,2,6835.91
013148,STEPSTONE ACADEMY,2021-01,1,4745.48
013170,HOPE ACADEMY FOR AUTISM,2021-01,1,5870.72
013173,IMAGINE HILL AVENUE,2021-01,1,3396.02
013175,KIDS UNLIMITED ACADEMY,2021-01,2,7782.5
013195,ACADEMY OF EDU. EXCELLENCE,2021-01,2,2405.6
013199,NEXUS ACADEMY OF CLEVELAND,2021-01,2,3841.64
013232,A+ CHILDRENS ACADEMY,2021-01,2,3079.59
013249,ACADEMY FOR URB. SCH. YOUNGSTO,2021-01,2,6182.4
013253,OHIO COLLEGIATE ACADEMY,2021-01,1,8869.53
013254,AKRON PREPARATORY SCHOOL,2021-01,1,10347.91
013255,CANTON COLL. PREP. SCH,2021-01,2,8346.96
013864,CINCINNATI TECHNOLOGY ACADEMY,2021-01,1,5731.72
013930,GLOBAL IMPACT STEM ACADEMY,2021-01,6,18491.61
013962,LIBERTY PREPARTORY SCHOOL,2021-01,5,1697.94
013994,ALBERT EINSTEIN ACAD.,2021-01,3,10480.3
013999,Rise & Shine Academy,2021-01,2,2801.72
014065,LINCOLN PARK ACADEMY,2021-01,2,10790.32
014066,MAIN ST PREP. ACAD.,2021-01,2,4919.54
014067,OHIO CONSTRUCTION ACADEMY,2021-01,14,2515.59
014090,BERWYN EAST ACADEMY,2021-01,2,10114.68
014091,HOPE LEARNING ACAD. OF TOLEDO,2021-01,2,1584.81
014121,IMAGINE LEADERSHIP ACADEMY,2021-01,2,2855.61
014139,IMAGINE COL. PRIMARY SCHOOL,2021-01,1,6102.62
014147,EAST PREPARATORY ACADEMY,2021-01,2,5847.23
014149,DAYTON SMART ELEMENTARY SCHOOL,2021-01,2,3112.7
014187,EAST ACADEMY,2021-01,2,8022.12
014188,DISCOVERY ACADEMY,2021-01,1,10159.76
014189,WEST PARK ACADEMY,2021-01,2,7824.48
014231,BIO-MED SCI. ACAD. STEM SCH,2021-01,9,28209.14
014467,UNITED PREPARATORY ACADEMY,2021-01,2,8391.13
014830,UTICA SHALE ACAD. OF OHIO,2021-01,3,1895.06
014904,T2 HONORS ACADEMY,2021-01,1,2937.68
014913,LAKESHORE INTERGENERATIONAL,2021-01,2,7146.52
014927,STEEL ACADEMY,2021-01,2,3590.91
014943,VALLEY STEM+ME2 ACADEMY,2021-01,4,5671.33
015234,ZENITH ACADEMY WEST,2021-01,3,5000.98
015237,FLEX HIGH SCHOOL,2021-01,4,8419.4
015261,CITIZENS ACADEMY SOUTHEAST,2021-01,3,16199.71
015329,ISTEM GEAUGA EARLY COLLEGE HS,2021-01,5,5574.23
015344,Tri-State STEM+M Early College,2021-01,2,2121.11
015709,BEACON ACADEMY,2021-01,2,6224.98
015710,BRIDGE GATE COMMUNITY SCHOOL,2021-01,1,6074.37
015712,Euclid Preparatory School,2021-01,2,9745.87
015713,EAST BRANCH PREPATORY ACAD.,2021-01,1,4329.12
015714,URBAN EARLY COLLEGE NETWORK,2021-01,1,2405.31
015722,VILLAGE PREP SCHOOL WILLIARD,2021-01,1,15225.09
015736,iLEAD SPRING MEADOWS,2021-01,3,6565.5
015737,GLOBAL AMBASS. LANG. ACAD.,2021-01,5,7768.06
015741,WESTWOOD PREPARTORY ACAD,2021-01,15,4213.52
016812,SMART Academy,2021-01,2,3700.34
016829,South Columbus Preparatory Aca,2021-01,2,6130.99
016836,Kids Care Elementary,2021-01,1,3729.38
016837,Orchard Park Academy,2021-01,3,4690.52
016843,Citizens Leadership Academy Ea,2021-01,3,16581.17
016849,Liberty High School,2021-01,2,6451.8
016850,Southwest Ohio Preparatory Sch,2021-01,2,3698.82
016858,United Preparatory Academy Eas,2021-01,1,5452.81
017123,Horizon Science Academy Primar,2021-01,3,12939.96
017212,Academy of Junior Scholars,2021-01,1,4771.73
017233,Great River Connections Academ,2021-01,87,41015.29
017259,Montgomery Preparatory Academy,2021-01,1,7159.33
017270,Lorain Bilingual Preparatory,2021-01,1,7230.72
017274,Mount Auburn Preparatory Acade,2021-01,2,8668.18
017275,AchievePoint Career Academy-Ci,2021-01,8,4885.42
017490,ReGeneration Bond Hill,2021-01,2,5788.27
017497,Cypress High School,2021-01,2,2862.27
017498,Northwest Ohio Classical Acade,2021-01,4,9085.66
017535,Huber Heights Preparatory Acad,2021-01,3,3361.56
017536,Kenmore Preparatory Academy,2021-01,1,9452.26
017537,Capital Collegiate Preparatory,2021-01,3,3842.42
017538,North Columbus Preparatory Aca,2021-01,2,4605.39
017585,Marion Preparatory Academy,2021-01,2,6482.04
017599,Urban Male Tech Academy,2021-01,2,2174.12
017643,Ohio Digital Learning School,2021-01,71,14861.97
019152,Buckeye Community School,2021-01,24,11083.81
019156,Quaker Preparatory Academy,2021-01,33,4727.07
019197,Flex High School Cleveland,2021-01,2,480.34
019199,Central Point Preparatory Acad,2021-01,1,4266.18
019200,South Columbus Preparatory Aca,2021-01,3,6243.95
019201,Franklinton Prep High School,2021-01,1,4718.23
019212,Valor Academy  Inc.,2021-01,1,1017.1
019220,North Shore High School,2021-01,1,2598.72
019221,Case Preparatory Academy,2021-01,4,7492.45
019226,Franklinton High School,2021-01,1,3927.15
019227,Dublin Preparatory Academy,2021-01,6,9035.6
019235,Focus Learning Acad Cent Cols,2021-01,1,1412.64
043489,AKRON CITY SCHOOLS,2021-01,1,572160.07
043497,ALLIANCE CITY BOARD OF EDU,2021-01,3,79130.56
043505,ASHLAND CITY BOARD OF,2021-01,2,89534.43
043513,ASHTABULA AREA CITY SCHOOL,2021-01,1,90482.74
043521,ATHENS CITY SCHOOL DISTRICT,2021-01,1,66338.6
043539,BARBERTON BOARD OF EDUCATION,2021-01,1,96891.46
043547,BAY VILLAGE CITY SCHOOL,2021-01,2,67425.39
043554,BEACHWOOD BOARD OF EDUCATION,2021-01,1,43034.18
043562,BEDFORD BOARD OF EDUCATION,2021-01,2,81125.16
043570,BELLAIRE CITY SCHOOL DISTRICT,2021-01,1,32116.53
043588,BELLEFONTAINE CITY SCHOOL,2021-01,1,65317.64
043596,BELLEVUE CITY SCHOOL DISTRICT,2021-01,4,52659.37
043604,BELPRE CITY SCHOOL DISTRICT,2021-01,1,29467.22
043612,BEREA CITY SCHOOL DISTRICT,2021-01,1,153183.03
043620,BEXLEY CITY SCHOOL DISTRICT,2021-01,1,67213.6
043638,BOWLING GREEN SCHOOL DISTRICT,2021-01,2,78222.19
043646,BRECKSVILLE BROADVIEW HEIGHTS,2021-01,2,102310.45
043653,BROOKLYN LOCAL SCHOOL DISTRICT,2021-01,1,33246.62
043661,BRUNSWICK CITY SCHOOL DISTRICT,2021-01,2,189657.08
043679,BRYAN CITY SCHOOLS,2021-01,1,54201.06
043687,BUCYRUS CITY SCHOOL DISTRICT,2021-01,1,31347.53
043695,CAMBRIDGE CITY BOARD OF,2021-01,2,53003.5
043703,CAMPBELL CITY SCHOOLS,2021-01,1,29084.18
043711,CANTON CITY SCHOOL DISTRICT,2021-01,1,219724.18
043729,CELINA CITY BOARD OF EDU,2021-01,2,73953.05
043737,CENTERVILLE CITY SCHOOL,2021-01,2,222816.4
043745,CHILLICOTHE CITY SCHOOL,2021-01,1,77149.58
043752,CINCINNATI PUBLIC SCHOOLS,2021-01,1,942825.18
043760,CIRCLEVILLE CITY SCHOOL,2021-01,2,61410.5
043778,CLAYMONT CITY BOARD OF EDU,2021-01,3,50008.51
043786,CLEVELAND CITY SCHOOL DISTRICT,2021-01,1,966651.82
043794,CLEVELAND HEIGHTS UNIVERSITY,2021-01,1,137520.11
043802,COLUMBUS PUBLIC SCHOOL,2021-01,1,1301624.31
043810,CONNEAUT AREA CITY SCHOOLS,2021-01,1,45085.7
043828,COSHOCTON CITY SCHOOL DISTRICT,2021-01,1,45379.04
043836,CUYAHOGA FALLS CITY SCHOOLS,2021-01,1,116470.49
043844,DAYTON CITY SCHOOL DISTRICT,2021-01,1,320528.62
043851,DEER PARK COMMUNITY CITY,2021-01,1,34616.18
043869,DEFIANCE CITY SCHOOLS,2021-01,2,70242.94
043877,DELAWARE CITY SCHOOLS,2021-01,1,151153.66
043885,DELPHOS CITY SCHOOL DISTRICT,2021-01,3,26597.86
043893,DOVER CITY SCHOOL DISTRICT,2021-01,1,75132.43
043901,EAST CLEVELAND CITY SCHOOL,2021-01,1,45435.17
043919,EAST LIVERPOOL CITY SCHOOLS,2021-01,1,57199.72
043927,EAST PALESTINE CITY SCHOOL,2021-01,2,27433.64
043935,EATON CITY SCHOOLS,2021-01,2,56903.57
043943,ELYRIA CITY SCHOOL DISTRICT,2021-01,1,163143.15
043950,EUCLID BOARD OF EDUCATION,2021-01,2,129770.25
043968,FAIRBORN CITY SCHOOLS,2021-01,3,116370.72
043976,FAIRVIEW PARK CITY SCHOOL DIST,2021-01,1,44488.89
043984,FINDLAY CITY SCHOOLS,2021-01,1,148844.67
043992,FOSTORIA CITY SCHOOLS,2021-01,3,49630.23
044008,FRANKLIN CITY SCHOOLS,2021-01,3,78844.84
044016,FREMONT CITY BOARD OF EDU,2021-01,3,98886.99
044024,GALION CITY SCHOOL DISTRICT,2021-01,3,47169.55
044032,GALLIPOLIS CITY SCHOOLS,2021-01,1,56548.03
044040,GARFIELD HEIGHTS CITY SCHOOL,2021-01,1,97960.3
044057,GENEVA AREA CITY SCHOOL DIST,2021-01,2,61472.81
044065,GIRARD CITY SCHOOL DISTRICT,2021-01,2,47582.92
044073,GRANDVIEW HEIGHTS CITY SCHOOL,2021-01,1,30541.36
044081,WINTONWOODS CITY SCHOOL,2021-01,2,109270.16
044099,GREENVILLE CITY SCHOOL,2021-01,1,68664.69
044107,HAMILTON BOARD OF EDUCATION,2021-01,1,264511.55
044115,HEATH CITY SCHOOL DISTRICT,2021-01,1,50770.53
044123,HILLSBORO CITY BOARD OF EDU,2021-01,1,59868.46
044131,HURON CITY SCHOOL DISTRICT,2021-01,1,35120.91
044149,IRONTON CITY BOARD OF,2021-01,1,38177.78
044156,JACKSON CITY SCHOOL DISTRICT,2021-01,5,68375.92
044164,KENT CITY BOARD OF EDUCATION,2021-01,2,84225.95
044172,KENTON CITY SCHOOLS,2021-01,3,50841.35
044180,KETTERING CITY SCHOOL,2021-01,2,212342.9
044198,LAKEWOOD CITY SCHOOL DISTRICT,2021-01,1,122069.04
044206,LANCASTER CITY SCHOOLS,2021-01,1,171726.42
044214,LEBANON CITY SCHOOL DISTRICT,2021-01,2,151835.13
044222,LIMA CITY BOARD OF EDU,2021-01,1,96482.6
044230,LOCKLAND CITY SCHOOLS,2021-01,1,15613.99
044248,LOGAN HOCKING LOCAL SCHOOLS,2021-01,5,99872.32
044255,LONDON CITY SCHOOL DISTRICT,2021-01,2,59779.55
044263,LORAIN CITY SCHOOLS,2021-01,1,158821.66
044271,LOVELAND CITY SCHOOL DISTRICT,2021-01,3,123646.21
044289,MADEIRA CITY SCHOOLS,2021-01,1,44752.57
044297,MANSFIELD BOARD OF EDUCATION,2021-01,1,89747.95
044305,MAPLE HEIGHTS BOARD OF,2021-01,1,95432.2
044313,MARIEMONT CITY SCHOOL DISTRICT,2021-01,2,45826.06
044321,MARIETTA CITY SCHOOL DISTRICT,2021-01,1,69387.8
044339,MARION CITY SCHOOLS,2021-01,1,118231.13
044347,MARTINS FERRY CITY SCHOOL,2021-01,2,37770.23
044354,MASSILLON CITY SCHOOL DISTRICT,2021-01,1,108567.6
044362,MAUMEE CITY SCHOOL DISTRICT,2021-01,2,64750.78
044370,MAYFIELD CITY SCHOOL DISTRICT,2021-01,3,116849.51
044388,MEDINA CITY SCHOOLS,2021-01,1,179090.24
044396,MIAMISBURG CITY SCHOOLS,2021-01,1,142309.39
044404,MIDDLETOWN CITY SCH DIST.,2021-01,2,174244.09
044412,MOUNT HEALTHY CITY SCH DIST.,2021-01,1,84225.19
044420,MOUNT VERNON CITY SCHOOL,2021-01,2,106408.63
044438,NAPOLEON CITY SCHOOL DISTRICT,2021-01,3,50920.42
044446,NELSONVILLE YORK CITY SCHOOL,2021-01,3,32810.31
044453,NEWARK CITY SCHOOL DISTRICT,2021-01,1,174062.33
044461,NEW BOSTON BOARD OF EDUCATION,2021-01,1,11375.91
044479,NEW LEXINGTON CITY SCHOOLS,2021-01,3,48071
044487,NEW PHILADELPHIA CITY SCHOOLS,2021-01,1,80955.33
044495,NILES CITY SCHOOLS,2021-01,1,59374.66
044503,NORTH CANTON CITY SCHOOLS,2021-01,2,117551.2
044511,NORTH COLLEGE HILL CITY SCH,2021-01,1,40545.55
044529,NORTH OLMSTED CITY SCHOOL,2021-01,1,101547.66
044537,NORTH RIDGEVILLE CITY SCH DIST,2021-01,2,123119.99
044545,NORTH ROYALTON CITY SCHOOL,2021-01,1,110304.21
044552,NORTON CITY SCHOOLS,2021-01,3,63757.6
044560,NORWALK BOARD OF EDUCATION,2021-01,2,74853.27
044578,NORWOOD CITY SCHOOL DISTRICT,2021-01,1,48761.95
044586,OAKWOOD CITY SCHOOLS,2021-01,1,55916.36
044594,OBERLIN CITY SCHOOL DISTRICT,2021-01,1,24121.24
044602,OREGON CITY SCHOOLS,2021-01,3,96447.28
044610,ORRVILLE CITY SCHOOL DISTRICT,2021-01,1,45080.01
044628,PAINESVILLE CITY LOCAL SCHOOLS,2021-01,1,78882.75
044636,PARMA CITY SCHOOL DISTRICT,2021-01,1,260930.87
044644,PIQUA CITY SCHOOL DISTRICT,2021-01,2,95086.48
044651,PORT CLINTON CITY SCHOOLS,2021-01,2,42999.52
044669,PORTSMOUTH CITY SCHOOL,2021-01,1,48453.98
044677,PRINCETON CITY SCHOOL DISTRICT,2021-01,3,167645.93
044685,RAVENNA CITY SCHOOL DISTRICT,2021-01,1,60255.23
044693,READING BOARD OF EDUCATION,2021-01,1,46192.56
044701,ROCKY RIVER CITY SCHOOL,2021-01,1,73244.25
044719,ST BERNARD ELMWOOD PLACE CITY,2021-01,1,23124.52
044727,ST MARYS CITY BOARD OF,2021-01,2,56272.29
044735,SALEM CITY SCHOOL DISTRICT,2021-01,2,54728.48
044743,SANDUSKY BOARD OF EDUCATION,2021-01,1,81419.24
044750,SHAKER HEIGHTS BOARD OF,2021-01,1,130726.72
044768,SHEFFIELD SHEFFLD LAKE CITY,2021-01,1,46124.09
044776,SHELBY CITY BOARD OF EDU,2021-01,2,55490.74
044784,SIDNEY CITY SCHOOL DISTRICT,2021-01,2,91010.21
044792,SOUTH EUCLID LYNDHURST CITY,2021-01,1,90051.17
044800,SOUTH-WESTERN CITY SCHOOLS,2021-01,2,610291.24
044818,SPRINGFIELD CITY SCHOOLS,2021-01,1,196277.68
044826,STEUBENVILLE CITY SCHOOL,2021-01,1,69260.93
044834,STOW-MUNROE FALLS CITY,2021-01,2,145465.54
044842,STRONGSVILLE CITY SCHOOLS,2021-01,3,151742.68
044859,STRUTHERS CITY SCHOOL DISTRICT,2021-01,1,50340.73
044867,SYCAMORE COMMUNITY SCHOOL DIST,2021-01,2,156648.23
044875,SYLVANIA CITY SCHOOL DISTRICT,2021-01,1,213821.91
044883,TALLMADGE CITY SCHOOL DISTRICT,2021-01,2,68553.69
044891,TIFFIN CITY SCHOOLS,2021-01,1,73810.48
044909,TOLEDO PUBLIC SCHOOLS,2021-01,2,609019.61
044917,TORONTO CITY SCHOOL DISTRICT,2021-01,1,23841.14
044925,TROY CITY SCHOOLS,2021-01,1,124923.57
044933,UPPER ARLINGTON CITY SCHOOLS,2021-01,1,174885.33
044941,URBANA CITY SCHOOLS,2021-01,2,52774.08
044958,VANDALIA-BUTLER CITY SCHOOLS,2021-01,2,80790.17
044966,VAN WERT CITY SCHOOLS,2021-01,2,53370.16
044974,WADSWORTH CITY SCHOOLS,2021-01,3,126528.16
044982,WAPAKONETA CITY SCHOOL,2021-01,4,85512.97
044990,WARREN CITY SCHOOL DISTRICT,2021-01,1,123883.43
045005,WARRENSVILLE HEIGHTS CITY,2021-01,1,44785.48
045013,WASHINGTON COURTHOUSE CITY,2021-01,1,60013.76
045021,WELLSTON CITY SCHOOLS,2021-01,2,37599.84
045039,WELLSVILLE LOCAL SCHOOL,2021-01,2,19174.99
045047,WESTERVILLE CITY SCHOOL,2021-01,2,412972.8
045054,WEST CARROLLTON CITY SCHOOL,2021-01,1,93509.92
045062,WESTLAKE CITY SCHOOL DISTRICT,2021-01,1,92056.7
045070,WHITEHALL CITY SCHOOL DISTRICT,2021-01,1,91242.68
045088,WICKLIFFE CITY SCHOOL DISTRICT,2021-01,1,36313.8
045096,WILLARD CITY SCHOOL DISTRICT,2021-01,3,40054.5
045104,WILLOUGHBY-EASTLAKE CITY,2021-01,2,203981.29
045112,WILMINGTON CITY SCHOOLS,2021-01,2,69176.8
045120,WOOSTER CITY SCHOOL DISTRICT,2021-01,1,94461.46
045138,WORTHINGTON BOARD OF EDUCATION,2021-01,2,292247.79
045146,WYOMING CITY SCHOOLS,2021-01,1,54804.25
045153,XENIA COMMUNITY SCHOOLS,2021-01,3,112269.07
045161,YOUNGSTOWN CITY SCHOOLS,2021-01,2,131140.65
045179,ZANESVILLE CITY SCHOOLS,2021-01,1,88299.08
045187,ADA EXEMPTED VILLAGE SCHOOLS,2021-01,3,23699.71
045195,AMHERST EXEMPTED VILLAGE,2021-01,1,101258.34
045203,BARNESVILLE EXEMPTED VILLAGE,2021-01,5,37402.22
045211,BLUFFTON EXEMPTED VILLAGE,2021-01,4,33616.27
045229,BRADFORD EXEMPTED VILLAGE,2021-01,3,14728.67
045237,BRIDGEPORT EXEMPTED VILLAGE,2021-01,1,21213.3
045245,HARRISON HILLS CITY SCHOOL,2021-01,5,44698.51
045252,CALDWELL EXEMPTED VILLAGE,2021-01,2,22167.06
045260,CAREY EXEMPT VILLAGE SCHOOL,2021-01,3,23776.43
045278,CARROLLTON EXEMPTED VILLAGE,2021-01,5,51929.52
045286,CHAGRIN FALLS EXEMPTED VILLAGE,2021-01,2,49168.2
045294,CHESAPEAKE UNION EXEMPTED,2021-01,1,36509.26
045302,CLYDE GREEN SPRINGS EXEMPTED,2021-01,2,58646.56
045310,COLDWATER EXEMPTED VILLAGE,2021-01,1,38811.65
045328,COLUMBIANA EXEMPTED VILLAGE,2021-01,2,29709.5
045336,COVINGTON EXEMPTED VILLAGE,2021-01,2,21940.46
045344,CRESTLINE EXEMPTED VILLAGE,2021-01,2,16281.28
045351,CROOKSVILLE EXEMPTED VILLAGE,2021-01,2,28740.78
045369,FAIRPORT HARBOR EXEMPTED,2021-01,1,17378.55
045377,GEORGETOWN EXEMPTED VILLAGE,2021-01,1,28521.99
045385,GIBSONBURG EXEMPTED VILLAGE,2021-01,2,22683.6
045393,GRANVILLE EXEMPTED VILLAGE,2021-01,1,71361.59
045401,GREENFIELD EXEMPTED VILLAGE,2021-01,3,51358.99
045419,HICKSVILLE EXEMPTED VILLAGE,2021-01,2,25053.4
045427,HUBBARD SCHOOL DISTRICT,2021-01,2,54193.58
045435,INDIAN HILL EXEMPTED VILLAGE,2021-01,1,61157.15
045443,LEETONIA EXEMPTED VILLAGE,2021-01,2,16237.58
045450,LISBON EXEMPTED VILLAGE,2021-01,1,22314.26
045468,LOUDONVILLE PERRYSVILLE,2021-01,4,30387.31
045476,MARYSVILLE EXEMPTED VILLAGE,2021-01,4,147148
045484,MECHANICSBURG EXEMPTED VILLAGE,2021-01,3,23999.45
045492,MENTOR EXEMPTED VILLAGE,2021-01,2,207820.74
045500,MILFORD EXEMPTED VILLAGE,2021-01,2,184111.22
045518,MILTON-UNION EXEMPTED VILLAGE,2021-01,3,39534.06
045526,MONTPELIER EXEMPTED VILLAGE,2021-01,1,21850.69
045534,MOUNT GILEAD EXEMPTED,2021-01,2,29170.53
045542,NEWCOMERSTOWN EXEMPTED VILLAGE,2021-01,3,25666.75
045559,NEW RICHMOND EXEMPTED,2021-01,1,59018.35
045567,NEWTON FALLS EXEMPTED VILLAGE,2021-01,3,27468.03
045575,PAULDING EXEMPTED VILLAGE SCH,2021-01,3,36714.71
045583,PERRYSBURG EXEMPTED VILLAGE,2021-01,2,149453.75
045591,RITTMAN EXEMPTED VILLAGE,2021-01,2,26629.94
045609,ROSSFORD EXEMPTED VILLAGE,2021-01,2,49383.95
045617,TIPP CITY EXEMPTED VILLAGE,2021-01,2,69143.63
045625,UPPER SANDUSKY E V SCHOOLS,2021-01,4,45713.76
045633,VERSAILLES EXEMPTED VILLAGE,2021-01,2,35466.49
045641,WAUSEON EXEMPTED VILLAGE,2021-01,2,50644.58
045658,WELLINGTON EXEMPTED VILLAGE,2021-01,2,29324.83
045666,WINDHAM EXEMPTED VILLAGE,2021-01,2,13342.74
045674,YELLOW SPRINGS EXEMPTED,2021-01,2,18574.27
045757,ALLEN EAST LOCAL SCHOOL,2021-01,2,29998.88
045765,BATH LOCAL SCHOOL DISTRICT,2021-01,1,51005.64
045773,ELIDA BOARD OF EDUCATION,2021-01,2,64331.87
045781,PERRY LOCAL SCHOOL DISTRICT,2021-01,2,21888.01
045799,SHAWNEE LOCAL SCHOOL DISTRICT,2021-01,2,68754.49
045807,SPENCERVILLE LOCAL SCHOOL,2021-01,4,27664.06
045823,HILLSDALE SCHOOLS,2021-01,3,23338.33
045831,MAPLETON LOCAL SCHOOL DISTRICT,2021-01,3,24113.91
045856,BUCKEYE LOCAL SCHOOL DISTRICT,2021-01,1,48934.83
045864,GRAND VALLEY LOCAL SCHOOL,2021-01,3,28980.65
045872,JEFFERSON AREA LOCAL SCHOOL,2021-01,1,47689.52
045880,PYMATUNING VALLEY LOCAL,2021-01,2,31047.58
045906,ALEXANDER LOCAL SCHOOL,2021-01,3,41648.82
045914,FEDERAL HOCKING LOCAL SCHOOL,2021-01,4,28115.57
045922,TRIMBLE LOCAL SCHOOL DISTRICT,2021-01,4,22221.63
045948,MINSTER LOCAL SCHOOL DISTRICT,2021-01,4,23901.66
045955,NEW BREMEN LOCAL SCHOOL,2021-01,3,21935.85
045963,NEW KNOXVILLE LOCAL SCHOOL,2021-01,2,10843.67
045971,WAYNESFIELD-GOSHEN LOCAL,2021-01,4,12989.91
045997,ST CLAIRSVILLE RICHLAND CITY,2021-01,3,46712.08
046003,SHADYSIDE LOCAL BOARD OF EDU,2021-01,1,20450.63
046011,UNION LOCAL SCHOOL DISTRICT,2021-01,2,40061.72
046037,EASTERN LOCAL SCHOOL DISTRICT,2021-01,3,34736.99
046045,FAYETTEVILLE-PERRY LOCAL,2021-01,4,22629.31
046060,WESTERN BROWN LOCAL SCHOOL,2021-01,3,81667.68
046078,RIPLEY UNION LEWIS HUNTINGTON,2021-01,3,21973.27
046094,EDGEWOOD CITY SCHOOL DISTRICT,2021-01,2,103983.53
046102,FAIRFIELD CITY SCHOOL DISTRICT,2021-01,2,282227.45
046110,LAKOTA LOCAL SCHOOL DISTRICT,2021-01,3,477385.03
046128,MADISON LOCAL SCHOOL DISTRICT,2021-01,2,40670.56
046136,NEW MIAMI LOCAL SCHOOL,2021-01,1,17833.83
046144,ROSS LOCAL SCHOOL DISTRICT,2021-01,2,80802.94
046151,TALAWANDA CITY SCHOOL DISTRICT,2021-01,2,83918.42
046177,BROWN LOCAL SCHOOL DISTRICT,2021-01,2,18917.04
046193,GRAHAM LOCAL SCHOOL DISTRICT,2021-01,5,45447.69
046201,TRIAD LOCAL SCHOOLS,2021-01,3,23259.56
046219,WEST LIBERTY SALEM LOCAL,2021-01,2,34108.65
046235,GREENON LOCAL SCHOOLS,2021-01,2,45260.08
046243,TECUMSEH LOCAL SCHOOL DISTRICT,2021-01,4,82891.61
046250,NORTHEASTERN LOCAL SCHOOL,2021-01,3,86679.56
046268,NORTHWESTERN LOCAL SCHOOL,2021-01,3,44276.55
046276,SOUTHEASTERN LOCAL SCHOOL,2021-01,3,20779.79
046284,CLARK-SHAWNEE LOCAL SCHOOL,2021-01,1,49415.73
046300,BATAVIA LOCAL SCHOOL DISTRICT,2021-01,1,64744.44
046318,BETHEL-TATE LOCAL SCHOOLS,2021-01,2,42634.05
046326,CLERMONT NORTHEASTERN SCHOOL,2021-01,2,39912.69
046334,FELICITY-FRANKLIN LOCAL,2021-01,2,21458.82
046342,GOSHEN LOCAL SCHOOLS,2021-01,2,80016.01
046359,WEST CLERMONT LOCAL SCH DIST.,2021-01,2,230449.65
046367,WILLIAMSBURG LOCAL SCHOOL,2021-01,2,27922.14
046383,BLANCHESTER LOCAL SCHOOL,2021-01,5,39506.01
046391,CLINTON-MASSIE LOCAL SCHOOL,2021-01,3,50040.62
046409,EAST CLINTON LOCAL SCHOOL,2021-01,4,35248.37
046425,BEAVER LOCAL SCHOOL DISTRICT,2021-01,1,49436.4
046433,CRESTVIEW LOCAL SCHOOL,2021-01,2,34307.99
046441,SOUTHERN LOCAL SCHOOL DISTRICT,2021-01,3,22145.3
046458,UNITED LOCAL SCHOOL DISTRICT,2021-01,2,33344.95
046474,RIDGEWOOD LOCAL BOARD OF,2021-01,3,36099.11
046482,RIVER VIEW LOCAL SCHOOL,2021-01,4,51700.32
046508,BUCKEYE CENTRAL LOCAL SCHOOL,2021-01,4,17427.47
046516,COLONEL CRAWFORD LOCAL SCHOOLS,2021-01,3,27368.17
046524,WYNFORD LOCAL SCHOOL DISTRICT,2021-01,4,33389.01
046557,CUYAHOGA HEIGHTS LOCAL SCHOOL,2021-01,2,22851.81
046565,INDEPENDENCE LOCAL SCHOOLS,2021-01,1,29828.74
046573,OLMSTED FALLS BOARD OF,2021-01,2,97734.12
046581,ORANGE CITY SCHOOL DISTRICT,2021-01,2,55378.4
046599,RICHMOND HEIGHTS LOCAL SCHOOL,2021-01,1,19094.91
046607,SOLON BOARD OF EDUCATION,2021-01,2,126885.22
046623,ANSONIA LOCAL SCHOOL DISTRICT,2021-01,1,20542.66
046631,ARCANUM BUTLER LOCAL SCHOOL,2021-01,1,29906.03
046649,FRANKLIN MONROE LOCAL SCHOOL,2021-01,2,15378.92
046672,MISSISSINAWA VALLEY LOCAL,2021-01,1,17790.4
046680,TRI-VILLAGE LOCAL SCHOOL DIST,2021-01,2,22137.69
046706,AYERSVILLE LOCAL SCH DIST.,2021-01,4,21290.6
046714,CENTRAL LOCAL SCHOOL DISTRICT,2021-01,3,27322.91
046722,NORTHEASTERN LOCAL SCHOOL,2021-01,3,30851.1
046748,BIG WALNUT LOCAL SCHOOLS,2021-01,4,109481
046755,BUCKEYE VALLEY LOCAL SCHOOL,2021-01,4,61767.03
046763,OLENTANGY LOCAL SCHOOLS,2021-01,2,623572.43
046789,EDISON LOCAL SCHOOLS,2021-01,2,40213.24
046797,KELLEYS ISLAND SCHOOL,2021-01,1,226.95
046805,MARGARETTA LOCAL SCHOOL DIST,2021-01,2,31721.01
046813,PERKINS LOCAL SCHOOL DISTRICT,2021-01,1,51631.71
046821,VERMILION LOCAL SCH DIST.,2021-01,2,48773.26
046847,AMANDA-CLEARCREEK LOCAL SCHOOL,2021-01,3,42395.96
046854,BERNE UNION LOCAL SCHOOLS,2021-01,2,21978.3
046862,BLOOM CARROLL LOCAL SCHOOL,2021-01,2,64055.89
046870,FAIRFIELD UNION LOCAL SCHOOL,2021-01,3,55582.69
046888,LIBERTY UNION THURSTON LOCAL,2021-01,1,33570.37
046896,PICKERINGTON LOCAL SCHOOL DIST,2021-01,3,301561.79
046904,WALNUT TOWNSHIP LOCAL SCHOOL,2021-01,3,13830.23
046920,MIAMI TRACE LOCAL SCH DIST.,2021-01,7,72505.05
046946,CANAL WINCHESTER LOCAL SCHOOL,2021-01,2,110516.81
046953,HAMILTON LOCAL SCHOOLS,2021-01,2,82908.14
046961,GAHANNA-JEFFERSON CITY SCHOOL,2021-01,1,216021.52
046979,GROVEPORT MADISON LOCAL,2021-01,2,165307.95
046995,NEW ALBANY PLAIN LOCAL SCHOOL,2021-01,3,140473.67
047001,REYNOLDSBURG CITY SCHOOLS,2021-01,3,216988.53
047019,HILLIARD CITY SCHOOL DISTRICT,2021-01,1,455436.44
047027,DUBLIN CITY SCHOOLS,2021-01,3,461213.81
047043,ARCHBOLD AREA LOCAL SCHOOLS,2021-01,4,34860.69
047050,EVERGREEN LOCAL SCHOOL,2021-01,2,32613.89
047068,FAYETTE LOCAL SCHOOL DISTRICT,2021-01,2,9878.02
047076,PETTISVILLE LOCAL SCHOOL,2021-01,2,14060.49
047084,PIKE DELTA YORK LOCAL SCHOOLS,2021-01,3,33874.72
047092,SWANTON LOCAL SCHOOL DISTRICT,2021-01,3,35356.44
047167,BERKSHIRE BOARD OF EDUCATION,2021-01,2,37622.66
047175,CARDINAL LOCAL SCHOOL DISTRICT,2021-01,4,24157.38
047183,CHARDON BOARD OF EDUCATION,2021-01,2,75172.77
047191,KENSTON LOCAL SCHOOL DISTRICT,2021-01,3,73546.32
047225,WEST GEAUGA LOCAL SCHOOL,2021-01,3,59471.48
047241,BEAVERCREEK CITY SCHOOLS,2021-01,2,222152.36
047258,CEDARCLIFF LOCAL BOARD OF,2021-01,2,17245.56
047266,GREENEVIEW LOCAL SCHOOL,2021-01,3,39358.71
047274,SUGARCREEK LOCAL SCHOOL,2021-01,3,76277.13
047308,ROLLING HILLS LOCAL SCHOOL,2021-01,3,45199.17
047332,FINNEYTOWN LOCAL SCHOOL,2021-01,1,37157.34
047340,FOREST HILLS LOCAL SCHOOL,2021-01,2,204591.7
047365,NORTHWEST LOCAL SCHOOL,2021-01,2,245052.35
047373,OAK HILLS LOCAL SCHOOL DISTICT,2021-01,1,220459.35
047381,SOUTHWEST LOCAL SCHOOL DIST,2021-01,2,120198.6
047399,THREE RIVERS LOCAL SCHOOL DIST,2021-01,1,61241.85
047415,ARCADIA LOCAL SCHOOL DISTRICT,2021-01,3,15264.84
047423,ARLINGTON LOCAL SCHOOL,2021-01,2,15235.71
047431,CORY-RAWSON LOCAL SCHOOLS,2021-01,3,14467.41
047449,LIBERTY-BENTON LOCAL SCHOOL,2021-01,1,42892.51
047456,MCCOMB LOCAL SCHOOL DISTRICT,2021-01,4,17868.53
047464,VAN BUREN LOCAL SCHOOL,2021-01,2,29260.86
047472,VANLUE LOCAL SCHOOL DISTRICT,2021-01,3,4300.45
047498,HARDIN NORTHERN LOCAL SCHOOL,2021-01,2,10891.62
047506,RIDGEMONT LOCAL SCHOOL,2021-01,4,14494.49
047514,RIVERDALE LOCAL SCHOOL,2021-01,3,28413.01
047522,UPPER SCIOTO VALLEY LOCAL,2021-01,4,12482.75
047548,CONOTTON VALLEY LOCAL SCHOOL,2021-01,3,14295.89
047571,HOLGATE LOCAL SCHOOL DISTRICT,2021-01,3,12446.88
047589,LIBERTY CENTER LOCAL SCHOOL,2021-01,3,28337.38
047597,PATRICK HENRY LOCAL SCHOOL,2021-01,3,24690.36
047613,BRIGHT LOCAL SCHOOL DISTRICT,2021-01,3,19729.98
047621,FAIRFIELD LOCAL SCHOOL,2021-01,3,26401.4
047639,LYNCHBURG-CLAY LOCAL SCHOOL,2021-01,3,32056.61
047688,EAST HOLMES LOCAL SCHOOL,2021-01,5,45516.79
047696,WEST HOLMES LOCAL SCHOOL,2021-01,5,56788.48
047712,MONROEVILLE LOCAL SCHOOL,2021-01,2,16219.65
047720,NEW LONDON LOCAL SCHOOL,2021-01,3,23426.48
047738,SOUTH CENTRAL LOCAL SCHOOL,2021-01,3,20935.49
047746,WESTERN RESERVE BD OF EDUC,2021-01,3,28149.38
047761,OAK HILL UNION LOCAL SCHOOL,2021-01,5,33703.01
047787,BUCKEYE LOCAL SCHOOL DISTRICT,2021-01,3,41589.98
047795,EDISON LOCAL SCHOOLS,2021-01,4,38759.47
047803,INDIAN CREEK SCHOOL DISTRICT,2021-01,2,54633.66
047829,CENTERBURG LOCAL SCHOOL,2021-01,4,32358.83
047837,DANVILLE LOCAL SCHOOL DISTRICT,2021-01,4,16835.21
047845,EAST KNOX LOCAL SCHOOL,2021-01,3,28252.51
047852,FREDERICKTOWN LOCAL SCHOOL,2021-01,3,35459.36
047878,KIRTLAND LOCAL BOARD OF,2021-01,2,32266.32
047886,MADISON LOCAL SCHOOL DISTRICT,2021-01,3,78315.35
047894,RIVERSIDE LOCAL SCH DIST.,2021-01,2,120022
047902,PERRY LOCAL SCHOOL DISTRICT,2021-01,1,43276.54
047928,DAWSON BRYANT LOCAL SCHOOL,2021-01,1,32550.09
047936,FAIRLAND LOCAL SCHOOL DISTRICT,2021-01,2,42195.31
047944,ROCK HILL LOCAL SCHOOL,2021-01,2,39028.05
047951,SOUTH POINT LOCAL SCHOOLS,2021-01,1,41656.19
047969,SYMMES VALLEY LOCAL SCHOOLS,2021-01,2,22173.31
047985,JOHNSTOWN MONROE LOCAL SCHOOL,2021-01,3,47460.72
047993,LAKEWOOD LOCAL SCHOOL DISTRICT,2021-01,3,49187.19
048009,LICKING HEIGHTS LOCAL SCHOOLS,2021-01,2,133287.07
048017,LICKING VALLEY LOCAL SCHOOL,2021-01,2,59088.53
048025,NORTH FORK LOCAL SCHOOL,2021-01,2,45235.82
048033,NORTHRIDGE LOCAL SCHOOL,2021-01,3,31655.81
048041,SOUTHWEST LICKING LOCAL SCHOOL,2021-01,2,126968.52
048074,BENJAMIN LOGAN LOCAL SCHOOL,2021-01,4,46877.09
048082,INDIAN LAKE LOCAL SCHOOL,2021-01,4,41911.61
048090,RIVERSIDE LOCAL SCHOOL,2021-01,3,17002.43
048116,AVON LOCAL SCHOOL DISTRICT,2021-01,2,127582.7
048124,AVON LAKE CITY SCHOOLS,2021-01,1,104633.62
048132,CLEARVIEW BOARD OF EDUCATION,2021-01,1,44457.63
048140,COLUMBIA LOCAL SCHOOL DISTRICT,2021-01,3,25167.61
048157,FIRELANDS LOCAL SCHOOL,2021-01,3,48458.36
048165,KEYSTONE LOCAL SCHOOLS,2021-01,2,44175.88
048173,MIDVIEW LOCAL SCHOOL DISTRICT,2021-01,2,79947.92
048207,ANTHONY WAYNE LOCAL SCHOOLS,2021-01,3,122625.13
048215,OTTAWA HILLS LOCAL SCHOOL,2021-01,1,29318.97
048223,SPRINGFIELD LOCAL SCH DIST.,2021-01,1,99701.49
048231,WASHINGTON LOCAL SCHOOL,2021-01,1,190035.62
048256,JEFFERSON LOCAL SCHOOL,2021-01,2,32014.93
048264,JONATHAN ALDER LOCAL SCHOOL,2021-01,3,61887.25
048272,MADISON PLAINS LOCAL SCHOOL,2021-01,5,31814.14
048298,AUSTINTOWN LOCAL SCHOOL,2021-01,2,122035.67
048306,BOARDMAN LOCAL SCHOOL DISTRICT,2021-01,1,112479.64
048314,CANFIELD LOCAL SCHOOL DISTRICT,2021-01,1,71951.81
048322,JACKSON-MILTON LOCAL SCHOOL,2021-01,2,21889.06
048330,LOWELLVILLE LOCAL SCHOOLS,2021-01,1,13840.16
048348,POLAND LOCAL SCHOOL DISTRICT,2021-01,1,49915.32
048355,SEBRING LOCAL SCHOOL DISTICT,2021-01,1,11032.42
048363,SOUTH RANGE LOCAL SCHOOL,2021-01,2,34454.86
048371,SPRINGFIELD LOCAL BOARD OF EDU,2021-01,2,26744.17
048389,WEST BRANCH LOCAL SCHOOL,2021-01,4,51211.41
048397,WESTERN RESERVE LOCAL SCHOOLS,2021-01,2,17981.17
048413,ELGIN LOCAL SCHOOL DISTRICT,2021-01,4,30626.86
048421,PLEASANT LOCAL SCHOOL DISTRICT,2021-01,1,36740.24
048439,RIDGEDALE LOCAL SCHOOLS,2021-01,3,18016.14
048447,RIVER VALLEY LOCAL SCHOOL DIST,2021-01,4,54335.95
048462,BLACK RIVER LOCAL SCHOOL,2021-01,4,28850.01
048470,BUCKEYE LOCAL SCHOOL DISTRICT,2021-01,3,63972.95
048488,CLOVERLEAF LOCAL SCHOOL,2021-01,2,67289.17
048496,HIGHLAND LOCAL SCHOOL DISTRICT,2021-01,2,91625.78
048512,EASTERN LOCAL SCHOOL DISTRICT,2021-01,1,20233.25
048520,MEIGS LOCAL SCHOOL DISTRICT,2021-01,3,46852.97
048538,SOUTHERN LOCAL SCHOOL DISTRICT,2021-01,1,19262.97
048553,MARION LOCAL BOARD OF,2021-01,3,25291.88
048579,PARKWAY SCHOOL BOARD OF EDUC,2021-01,3,28076.55
048587,ST HENRY CONSOLIDATED LOCAL,2021-01,2,26197.13
048595,FORT RECOVERY LOCAL SCHOOL,2021-01,2,25545.38
048611,BETHEL LOCAL SCHOOL DISTRICT,2021-01,3,47427.86
048629,MIAMI EAST LOCAL SCHOOLS,2021-01,4,38432.67
048637,NEWTON LOCAL SCHOOL DISTRICT,2021-01,2,16945.94
048652,SWITZERLAND OF OHIO LOCAL,2021-01,4,56511.06
048678,BROOKVILLE LOCAL SCHOOL,2021-01,2,41521.05
048686,JEFFERSON TOWNSHIP LOCAL,2021-01,1,7159.33
048694,TROTWOOD MADISON CITY SCHOOLS,2021-01,1,72965.75
048702,MAD RIVER LOCAL SCHOOL,2021-01,2,100399.82
048710,NEW LEBANON LOCAL SCHOOLS,2021-01,2,30819.21
048728,NORTHMONT CITY SCHOOLS,2021-01,3,137769.32
048736,NORTHRIDGE LOCAL SCHOOL,2021-01,1,44568.96
048744,VALLEY VIEW LOCAL SCHOOL,2021-01,3,47936.64
048751,HUBER HEIGHTS CITY SCHOOLS,2021-01,4,159995.35
048777,MORGAN LOCAL SCHOOL DISTRICT,2021-01,4,47195.26
048793,CARDINGTON LINCOLN LOCAL,2021-01,2,28644.9
048801,HIGHLAND LOCAL SCHOOL DISTRICT,2021-01,3,47284.06
048819,NORTHMOR LOCAL SCHOOLS,2021-01,5,29315.14
048835,EAST MUSKINGUM SCHOOL DISTRICT,2021-01,3,60703.54
048843,FRANKLIN LOCAL SCHOOL DISTRICT,2021-01,3,56245.43
048850,MAYSVILLE LOCAL SCHOOL DIST,2021-01,2,54145.88
048876,TRI-VALLEY LOCAL SCHOOLS,2021-01,3,85844.15
048884,WEST MUSKINGUM LOCAL SCHOOL,2021-01,3,42226.01
048900,NOBLE LOCAL SCHOOL DISTRICT,2021-01,5,27700.75
048926,BENTON CARROLL SALEM LOCAL,2021-01,3,41572.43
048934,DANBURY LOCAL SCHOOLS,2021-01,1,13369.54
048942,GENOA AREA LOCAL SCHOOL,2021-01,4,37670.56
048975,PUT-IN-BAY LOCAL SCHOOL,2021-01,1,1586.22
048991,ANTWERP LOCAL SCHOOL DISTRICT,2021-01,2,20185.31
049031,WAYNE TRACE LOCAL SCHOOL,2021-01,3,25935.99
049056,NORTHERN LOCAL SCHOOL DISTRICT,2021-01,4,62182.25
049064,SOUTHERN LOCAL SCHOOL DISTRICT,2021-01,4,18276.64
049080,LOGAN ELM LOCAL SCHOOL DIST,2021-01,5,50925.75
049098,TEAYS VALLEY BOARD OF EDU,2021-01,3,117894.24
049106,WESTFALL LOCAL SCHOOL DISTRICT,2021-01,3,39094.74
049122,EASTERN LOCAL SCHOOL DISTRICT,2021-01,3,24019.7
049130,SCIOTO VALLEY LOCAL SCHOOL,2021-01,3,37359.92
049148,WAVERLY CITY SCHOOLS,2021-01,2,53124.48
049155,WESTERN LOCAL SCHOOL DISTRICT,2021-01,4,20916.97
049171,AURORA BOARD OF EDUCATION,2021-01,4,84142.76
049189,CRESTWOOD LOCAL SCHOOLS,2021-01,2,42990.12
049197,FIELD LOCAL SCHOOL DISTRICT,2021-01,3,54897.24
049205,JAMES A GARFIELD LOCAL SCHOOLS,2021-01,3,35774.2
049213,ROOTSTOWN LOCAL SCHOOL,2021-01,1,29758.47
049221,SOUTHEAST LOCAL SCHOOLS,2021-01,3,40206.08
049239,STREETSBORO CITY SCHOOLS,2021-01,2,58464.84
049247,WATERLOO LOCAL BOARD OF EDU,2021-01,2,24929.12
049270,NATIONAL TRAIL LOCAL SD,2021-01,2,27382.24
049288,PREBLE SHAWNEE LOCAL SCHOOLS,2021-01,3,39384.72
049296,TWIN VALLEY COMMUNITY LOCAL,2021-01,2,22531.95
049312,COLUMBUS GROVE LOCAL SCHOOL,2021-01,2,23527.44
049320,CONTINENTAL LOCAL SCHOOL,2021-01,3,12940.87
049338,JENNINGS LOCAL SCHOOL DISTRICT,2021-01,3,11006.58
049346,KALIDA LOCAL SCHOOL DISTRICT,2021-01,1,17605.15
049353,LEIPSIC LOCAL SCHOOL DISTRICT,2021-01,2,18004.34
049361,MILLER CITY-NEW CLEVELAND,2021-01,1,14489.95
049379,OTTAWA GLANDORF LOCAL SCHOOL,2021-01,1,42240.92
049387,OTTOVILLE LOCAL SCHOOL,2021-01,3,13622.86
049395,PANDORA-GILBOA LOCAL BOARD OF,2021-01,3,14399.6
049411,CLEARFORK VALLEY LOCAL SCHOOL,2021-01,3,46280.35
049429,CRESTVIEW LOCAL SCHOOL,2021-01,3,29396
049437,LEXINGTON LOCAL SCH DIST.,2021-01,2,68041.93
049445,LUCAS LOCAL SCHOOL DISTRICT,2021-01,2,14540.03
049452,MADISON LOCAL SCHOOLS,2021-01,2,75777.36
049460,PLYMOUTH-SHILOH LOCAL SCHOOLS,2021-01,3,19923.87
049478,ONTARIO LOCAL SCHOOLS,2021-01,2,56002.56
049494,ADENA LOCAL SCHOOL DISTRICT,2021-01,3,33245.5
049502,HUNTINGTON LOCAL SCH DIST.,2021-01,2,31840.46
049510,PAINT VALLEY LOCAL SCHOOL,2021-01,3,22452.97
049528,SOUTHEASTERN LOCAL SCHOOL,2021-01,4,29568.54
049536,UNION-SCIOTO LOCAL SCHOOL,2021-01,2,60426.94
049544,ZANE TRACE LOCAL SCHOOL,2021-01,3,37186.98
049569,LAKOTA LOCAL SCHOOLS,2021-01,3,28694.21
049577,WOODMORE LOCAL SCHOOL DISTRICT,2021-01,3,25836
049593,BLOOM-VERNON LOCAL SCHOOL,2021-01,3,23603.3
049601,CLAY LOCAL SCHOOL DISTRICT,2021-01,1,16879.46
049619,GREEN LOCAL SCHOOL DISTRICT,2021-01,2,15968.63
049627,MINFORD LOCAL SCHOOL DISTRICT,2021-01,2,35149.35
049635,NORTHWEST LOCAL SCHOOL DIST,2021-01,3,38700.85
049643,VALLEY LOCAL SCHOOL DISTRICT,2021-01,2,29905.59
049650,WASHINGTON NILES LOCAL SCHOOL,2021-01,2,39465.69
049668,WHEELERSBURG LOCAL SCHOOL,2021-01,1,43645.46
049684,SENECA EAST LOCAL SCHOOL,2021-01,3,24330.59
049700,HOPEWELL-LOUDON LOCAL SCHOOL,2021-01,2,22942.41
049718,NEW RIEGEL LOCAL SCHOOL,2021-01,1,10446.76
049726,OLD FORT LOCAL SCHOOL DISTRICT,2021-01,2,18773.24
049759,ANNA LOCAL BOARD OF EDUCAION,2021-01,1,32626.73
049767,BOTKINS LOCAL SCHOOL DISTRICT,2021-01,2,18027.39
049775,FAIRLAWN LOCAL SCHOOL DISTRICT,2021-01,4,16514.33
049783,FORT LORAMIE LOCAL SCHOOL,2021-01,2,22307.38
049791,HARDIN-HOUSTON LOCAL SCHOOL,2021-01,2,23356.19
049809,JACKSON CENTER LOCAL SCHOOL,2021-01,3,14959.98
049817,RUSSIA LOCAL SCHOOL DISTRICT,2021-01,2,11424
049833,CANTON LOCAL SCHOOL DISTRICT,2021-01,1,52161.68
049841,FAIRLESS LOCAL BOARD OF,2021-01,4,41960.74
049858,JACKSON LOCAL SCHOOL DISTRICT,2021-01,1,165185.72
049866,LAKE LOCAL SCHOOL DISTRICT,2021-01,3,96161.22
049874,LOUISVILLE CITY SCHOOLS,2021-01,1,76339.68
049882,MARLINGTON LOCAL SCHOOL,2021-01,4,55474.42
049890,MINERVA LOCAL SCHOOLS,2021-01,3,53343.6
049908,NORTHWEST LOCAL SCHOOL,2021-01,3,52453
049916,OSNABURG LOCAL SCHOOLS,2021-01,1,23428.19
049924,PERRY LOCAL SCHOOL DISTRICT,2021-01,1,121880.36
049932,PLAIN LOCAL SCHOOL DISTRICT,2021-01,1,170632.5
049940,SANDY VALLEY LOCAL SCHOOL,2021-01,3,35870.81
049957,TUSLAW LOCAL SCHOOLS,2021-01,2,38226.47
049973,WOODRIDGE LOCAL SCHOOL,2021-01,2,54397.03
049981,COPLEY-FAIRLAWN CITY SCHOOLS,2021-01,2,76125.74
049999,COVENTRY LOCAL SCHOOL DISTRICT,2021-01,1,48205.41
050005,MANCHESTER LOCAL SCHOOL,2021-01,2,36076.63
050013,GREEN LOCAL SCHOOLS,2021-01,2,113686.31
050021,HUDSON CITY SCHOOL DISTRICT,2021-01,2,128275.31
050039,MOGADORE LOCAL SCHOOL DISTRICT,2021-01,2,23746.99
050047,NORDONIA HILLS CITY SCHOOLS,2021-01,2,99025.81
050054,REVERE LOCAL SCHOOL DISTRICT,2021-01,3,77920.42
050062,SPRINGFIELD LOCAL SCH DIST.,2021-01,3,58923.01
050070,TWINSBURG BOARD OF EDUCATION,2021-01,2,113289.73
050096,BLOOMFIELD-MESPO LOCAL SCHOOL,2021-01,3,6251.65
050112,BRISTOL LOCAL SCHOOL DISTRICT,2021-01,1,14483.01
050120,BROOKFIELD LOCAL SCHOOL,2021-01,1,28598.28
050138,CHAMPION LOCAL SCHOOL DISTRICT,2021-01,1,37650.16
050153,MATHEWS LOCAL SCHOOL DISTRICT,2021-01,1,18103.76
050161,HOWLAND LOCAL SCHOOL DISTRICT,2021-01,1,71849.28
050179,JOSEPH BADGER LOCAL SCHOOL DIS,2021-01,2,18839.43
050187,LAKEVIEW LOCAL BOARD,2021-01,1,45457.4
050195,LIBERTY LOCAL BOARD OF EDU,2021-01,2,36137.65
050203,LORDSTOWN LOCAL SCHOOL,2021-01,2,12814.59
050211,MAPLEWOOD LOCAL BOARD OF EDU,2021-01,2,18528.11
050229,MCDONALD BOARD OF EDUCATION,2021-01,1,19574.69
050237,SOUTHINGTON LOCAL SCHOOL,2021-01,2,12984.65
050245,LABRAE LOCAL SCHOOL DISTRICT,2021-01,2,29560.47
050252,WEATHERSFIELD LOCAL SCHOOL,2021-01,2,27767.69
050278,GARAWAY LOCAL SCHOOLS,2021-01,4,33586.87
050286,INDIAN VALLEY LOCAL SCHOOLS,2021-01,2,51360.71
050294,STRASBURG-FRANKLIN LOCAL,2021-01,2,16084.19
050302,TUSCARAWAS VALLEY LOCAL SCHOOL,2021-01,3,37598.14
050328,FAIRBANKS LOCAL SCHOOLS,2021-01,4,31380.38
050336,NORTH UNION LOCAL SCHOOL,2021-01,5,41987.7
050351,CRESTVIEW LOCAL SCHOOL,2021-01,2,23889.82
050369,LINCOLNVIEW LOCAL SCH DIST.,2021-01,4,24937.36
050393,VINTON COUNTY LOCAL SCHOOLS,2021-01,5,51197.75
050419,CARLISLE LOCAL SCHOOLS,2021-01,3,44784.79
050427,SPRINGBORO COMMUNITY SCHOOLS,2021-01,2,171922.83
050435,KINGS LOCAL SCHOOL DISTRICT,2021-01,3,132511.17
050443,LITTLE MIAMI LOCAL SCHOOL,2021-01,2,140746.21
050450,MASON CITY SCHOOL DISTRICT,2021-01,3,292350.73
050468,WAYNE LOCAL SCHOOL DISTRICT,2021-01,4,43483.27
050484,FORT FRYE LOCAL SCHOOL,2021-01,4,28941.9
050492,FRONTIER LOCAL SCHOOL DISTRICT,2021-01,2,17493.51
050500,WARREN LOCAL SCHOOLS,2021-01,3,60216.65
050518,WOLF CREEK LOCAL SCHOOL BD,2021-01,2,17870.77
050534,CHIPPEWA LOCAL SCHOOLS,2021-01,4,35428.93
050542,DALTON LOCAL SCHOOL DISTRICT,2021-01,2,26006.5
050559,GREEN LOCAL SCHOOL DISTRICT,2021-01,1,31213.6
050567,NORTH CENTRAL LOCAL SCHOOLS,2021-01,2,39478.73
050575,NORTHWESTERN LOCAL SCH DIST.,2021-01,3,36535.64
050583,SOUTHEAST LOCAL SCH DIST.,2021-01,3,35739.69
050591,TRIWAY LOCAL SCHOOL DISTRICT,2021-01,3,44712.21
050617,EDGERTON LOCAL SCHOOL DISTRICT,2021-01,2,16117.11
050625,EDON NORTHWEST LOCAL SCHOOL,2021-01,1,13536.08
050633,MILLCREEK WEST UNITY LOCAL,2021-01,2,14161.02
050641,NORTH CENTRAL LOCAL SCHOOL,2021-01,1,16345.45
050658,STRYKER LOCAL SCHOOL DISTRICT,2021-01,4,10528.14
050674,EASTWOOD BOARD OF EDUCATION,2021-01,2,40528.44
050682,ELMWOOD LOCAL SCHOOL DISTRICT,2021-01,2,32660.63
050690,LAKE LOCAL SCHOOL DISTRICT,2021-01,2,43073.64
050708,NORTH BALTIMORE BOARD OF,2021-01,2,18171.01
050716,NORTHWOOD LOCAL SCHOOLS,2021-01,3,27677.72
050724,OTSEGO LOCAL SCHOOL DISTRICT,2021-01,3,45513.65
050740,MOHAWK BOARD OF EDUCATION,2021-01,3,24143.35
050773,APOLLO JOINT VOCATIONAL,2021-01,8,44415.35
050799,SOUTHERN HILLS JOINT,2021-01,5,31223.4
050815,ASHTABULA COUNTY TECHNICAL &,2021-01,3,37500.56
050856,BELMONT-HARRISON VOCATIONAL,2021-01,6,26546.57
050880,BUTLER TECHNOLOGY & CAREER,2021-01,4,359238
050906,COLUMBIANA COUNTY JOINT,2021-01,2,11483.16
050922,CUYAHOGA VALLEY CAREER CENTER,2021-01,2,21644.41
050948,POLARIS JOINT VOCATIONAL,2021-01,1,71577.69
050963,FOUR COUNTY JOINT VOCATIONAL,2021-01,9,34781.09
050989,DELAWARE AREA CAREER CENTER,2021-01,6,45262.28
051003,EASTLAND-FAIRFIELD CAREER &,2021-01,6,50871.59
051029,EHOVE JOINT VOCATIONAL SCHOOL,2021-01,7,23048.91
051045,GREENE COUNTY JOINT VOCATIONAL,2021-01,6,55076.76
051060,GREAT OAKS INSTITUTE OF TECH,2021-01,12,296293.69
051128,JEFFERSON COUNTY JOINT,2021-01,4,9450.86
051144,KNOX COUNTY CAREER CENTER,2021-01,4,17102.62
051169,AUBURN VOCATIONAL SCHOOL DIST,2021-01,5,18817.53
051185,LAWRENCE COUNTY JOINT,2021-01,3,44429.28
051201,LICKING CNTY JOINT VOCATIONAL,2021-01,7,56336.23
051227,LORAIN COUNTY JOINT,2021-01,5,39940.63
051243,MAHONING COUNTY CAREER &,2021-01,5,23193.67
051284,MIAMI VALLEY CAREER TECHNOLOGY,2021-01,9,105399.77
051300,MIDEAST CAREER & TECHNOLOGY,2021-01,9,34166.26
051334,OHIO HI POINT JOINT VOCATIONAL,2021-01,12,80519.93
051359,PENTA COUNTY VOCATIONAL SCHOOL,2021-01,7,112860.77
051375,PIKE COUNTY JOINT VOCATIONAL,2021-01,6,12629.46
051391,MAPLEWOOD CAREER CENTER,2021-01,5,17997.97
051417,PIONEER CAREER & TECHNOLOGY,2021-01,9,68370.8
051433,PICKAWAY-ROSS COUNTY JOINT,2021-01,9,71468.6
051458,VANGUARD SENTINEL CAREER CNTRS,2021-01,9,47482.01
051474,WARREN COUNTY VOCATIONAL,2021-01,7,100768.16
051490,SCIOTO COUNTY CAREER TECH CNTR,2021-01,5,42132.04
051532,SPRINGFIELD-CLARK CAREER,2021-01,5,24568.12
051607,TRI-COUNTY JOINT VOCATIONAL,2021-01,7,14758.55
051631,TRUMBULL COUNTY JOINT,2021-01,4,24667.34
051656,BUCKEYE JOINT VOCATIONAL,2021-01,8,33963.03
051672,VANTAGE CAREER CENTER,2021-01,6,16177
051698,WASHINGTON COUNTY JOINT,2021-01,5,14838.79
051714,WAYNE CNTY JOINT VOCATIONAL SC,2021-01,6,21931.74
061903,ADAMS CNTY-OH VALLEY SCHL DIST,2021-01,5,99253.71
062026,STARK COUNTY AREA JOINT,2021-01,6,21227.58
062042,ASHLAND CO WEST HOLMES JOINT,2021-01,8,15546.15
062067,GALLIA JACKSON VINTON JOINT,2021-01,8,39384.02
062109,MEDINA COUNTY CAREER CENTER,2021-01,5,64259.87
062125,UPPER VALLEY JOINT VOCATIONAL,2021-01,6,85750.48
062802,US GRANT JOINT VOCATIONAL,2021-01,2,18879.17
063495,PORTAGE LAKES JOINT VOCATIONAL,2021-01,3,16370.64
063511,TOLLES CAREER & TECH CENTER,2021-01,6,56741.22
064964,COLLEGE CORNER LOCAL SCHOOL,2021-01,2,3439.76
065227,COSHOCTON COUNTY JOINT,2021-01,4,8650.27
065268,TRI-RIVERS JOINT VOCATIONAL,2021-01,8,15433.64
065680,GALLIA COUNTY LOCAL SCHOOL,2021-01,5,62148.39
069682,EAST GUERNSEY LOCAL SCHOOL,2021-01,4,28756.06
091397,TRI-COUNTY NORTH LOCAL SCHOOL,2021-01,3,22198.29
132746,SUMMIT ACADEMY COMMUNITY SCH,2021-01,4,2120.15
132761,SUMMIT ACAD COMMU SCHL FOR,2021-01,5,4723.82
132779,SUMMIT ACADEMY AKRON MIDDLE,2021-01,3,1753.1
132795,LIFE SKILLS CENTER OF CLARK,2021-01,4,6617.89
132803,LIFE SKILLS CENTER OF BUTLER,2021-01,5,6868.81
132944,MIAMI VALLEY ACADEMIES,2021-01,9,3594.14
132951,CONSTELLATN SCHLS LORAIN COMMU,2021-01,1,4208.51
132969,CONSTELLATN SCHLS ELYRIA COMMU,2021-01,1,11015.55
132985,YOUTH BUILD COLUMBUS,2021-01,3,4916.28
132993,CONSTELLATN SCHLS W.PARK COMM,2021-01,2,7909.13
133215,INTERGENERATIONAL SCHOOL,2021-01,1,7315.95
133256,CONSTELLTN SCHLS PARMA COMMU,2021-01,3,37511.93
133264,DOHN COMMUNITY HIGH SCHOOL,2021-01,2,28178.73
133280,WASHINGTON PARK COMMUNITY,2021-01,1,5366.91
133306,SUMMIT ACAD COMMU SCHL FOR,2021-01,3,3112.39
133322,SUMMIT ACAD COMMU SCHL  FOR,2021-01,3,2033.81
133330,TCP WORLD ACADEMY,2021-01,2,14287.11
133348,RICHARD ALLEN PREPARATORY,2021-01,1,10583.36
133421,GRAHAM SCHOOL,2021-01,2,5481.28
133439,CORNERSTONE ACADEMY,2021-01,4,26190.82
133454,DAYTON VIEW ACADEMY,2021-01,1,12733.99
133488,EDUCATIONAL DEVELOPMENT CENTER,2021-01,2,4865.6
133504,PHOENIX COMMUNITY LEARNING,2021-01,1,8498.75
133512,LKH VICTORY CORP,2021-01,2,25383.35
133520,CITIZENS ACADEMY,2021-01,3,9095.93
133538,EDGE LEARNING INC,2021-01,4,5654.63
133561,MILLENNIUM COMMUNITY SCHOOL,2021-01,1,13730.9
133587,SUMMIT ACAD AKRON ELEMENT SCH,2021-01,2,2459.73
133629,HORIZON SCIENCE ADADEMY -,2021-01,1,9293.24
133660,HORIZON EDUCATIONAL SERVICES,2021-01,1,15313.06
133678,RIVERSIDE COMMUNITY SCHOOL INC,2021-01,1,5195.25
133736,RICHARD ALLEN ACADEMY INC,2021-01,1,3278.48
133785,LIFE SKILLS CENTER OF,2021-01,3,2569.49
133835,LIFE SKILLS CENTER OF,2021-01,4,10677.66
133868,LIFE SKILLS CENTER OF AKRON,2021-01,5,12892.85
133942,TOLEDO SCHOOL FOR THE ARTS,2021-01,5,19612.8
134072,YOUNGSTOWN COMMUNITY SCHL INC,2021-01,2,9103.8
134098,CONSTELLATN SCHLS OLD BROOKLYN,2021-01,2,8728.38
134122,MULTIPLE OPTNS FOR DEVELOPMENT,2021-01,4,2745.49
134197,HOPE ACADEMY CHAPELSIDE CAMPUS,2021-01,2,6468.57
134213,HOPE ACADEMY UNIVERSITY,2021-01,1,4523.67
134247,CITY DAY COMMUNITY SCHOOL INC,2021-01,1,4980.4
139303,MONROE LOCAL SCHOOL DISTRICT,2021-01,2,79984.7
142901,LIFE SKILLS CENTER OF CANTON,2021-01,5,3367.23
142919,LIFE SKILLS CENTER OF ELYRIA,2021-01,3,4321.55
142927,FOCUS LEARNING ACADEMY OF,2021-01,4,5792.25
142935,FOCUS LEARNING ACADEMY OF,2021-01,4,3560.16
142943,FOCUS LEARNING ACADEMY OF,2021-01,1,15906.37
142950,OHIO VIRTUAL ACADEMY INC,2021-01,88,591432.63
142968,HOPE ACAD NORTHCOAST ACAD,2021-01,1,8219.85
143172,INTERNATIONAL ACADEMY OF,2021-01,2,8193.33
143198,GREAT WESTERN ACADEMY,2021-01,2,20765.88
143206,TROTWOOD FITNESS &,2021-01,1,10583.36
143214,MIDDLETOWN FITNESS &,2021-01,2,8422.48
143297,AUTISM ACADEMY OF LEARNING,2021-01,2,1330.11
143305,TRECA DIGITAL ACADEMY,2021-01,86,62405.21
143313,HOPE ACADEMY CUYAHOGA CAMPUS,2021-01,1,3191.9
143396,OHIO DISTANCE EDUCATION &,2021-01,88,146508.41
143479,CONSTELLATION SCHOOLS PURITAS,2021-01,2,4773.81
143487,CONSTELLATION SCHLS STOCKYARD,2021-01,1,5169.19
143529,NORTH DAYTON SCHOOL OF SCIENCE,2021-01,3,14686.48
143602,HAMILTON COUNTY MATHEMATICS &,2021-01,3,17421.69
143610,ARTS & COLLEGE PREPARATORY,2021-01,10,13958.54
143644,SCIOTOVILLE COMMUNITY SCHOOL,2021-01,1,10241.15
147231,SCHNEE LEARNING CENTER,2021-01,1,2120.47
148981,TOMORROW CENTER,2021-01,7,2239.14
148999,MAHONING UNLIMITED CLASSROOM,2021-01,4,2693.87
149047,GOAL DIGITAL ACADEMY,2021-01,18,21540.15
149088,FAIRBORN DIGITAL ACADEMY,2021-01,3,4722.45
149302,LIFE SKILLS CENTER OF TOLEDO,2021-01,4,4046.82
149328,FOXFIRE HIGH SCHOOL,2021-01,4,5314.52
151175,WEST CENTRAL LEARNING ACADEMY,2021-01,3,2438.63
151183,LIFE SKILLS CNTR OF LAKE ERIE,2021-01,1,6129.58
151209,LIFE SKILLS CENTER OF,2021-01,1,2570.47
000131,GLASS CITY ACADEMY INC,2021-08,1,9936.58
000138,PATHWAY SCHOOL OF DISCOVERY,2021-08,4,21115.24
000139,ALLIANCE ACADEMY,2021-08,3,14640.27
000222,WILDWOOD ENVIRONMENTAL ACADEMY,2021-08,1,10555.68
000236,OHIO CONNECTIONS ACADEMY INC,2021-08,88,164268.55
000241,QUAKER DIGITAL ACADEMY,2021-08,40,13787.01
000282,GREATER OHIO VIRTUAL SCHOOL,2021-08,29,16564.91
000288,AUGLAIZE COUNTY EDUCATIONAL,2021-08,8,2574.83
000296,SUMMIT ACAD. COMM. SCHOOL,2021-08,3,1576.32
000297,SUMMIT ACAD. COMM. SCHOOL DAY,2021-08,3,2198.35
000298,SUMMIT ACADEMY SECONDARY,2021-08,4,2133.94
000300,SUMMIT ACAD. SEC. SCHOOL,2021-08,2,2167.03
000301,SUMMIT ACAD. SEC. SCHOOL LOR,2021-08,3,3497.97
000302,SUMMIT ACAD. COMM. SCHOOL PAR,2021-08,2,4726.81
000303,SUMMIT ACAD. SEC. SCHOOL,2021-08,2,5988.91
000305,SUMMIT ACAD. COMM. SCHOOL WAR,2021-08,2,2940.84
000306,SUMMIT ACAD. COMM. SCHOOL,2021-08,3,2502.01
000311,BRIDGES COMMUNITY ACADEMY,2021-08,2,1899.23
000316,CONSTELLATION SCHOOLS WESTPARK,2021-08,2,6178.84
000318,MENLO PARK ACADEMY,2021-08,12,14060.31
000319,CONSTELLATION SCH MADISON,2021-08,2,7075.01
000320,CONSTELLATION SCHOOLS LORAIN,2021-08,1,3800.2
000321,CONSTELLATION SCH OLD BROOKLYN,2021-08,2,7816.31
000338,HORIZON SCI ACADEMY,2021-08,2,15941.87
000402,FINDLAY DIGITAL ACADEMY,2021-08,4,4515.15
000417,BUCKEYE ON-LINE SCH FOR SUCCS,2021-08,62,21054.81
000442,MANCHESTER LOCAL SCHOOL DIST,2021-08,3,21626.91
000509,WHITEHALL PREPARATORY &,2021-08,1,10446.35
000510,SPRINGFIELD PREPARATORY &,2021-08,2,4949.49
000511,NORTHLAND PREPARATORY &,2021-08,1,8097.47
000525,PROJECT REBUILD COMMUNITY SCHL,2021-08,3,4303.32
000527,CASTLE HIGH SCHOOL INC,2021-08,4,8991.05
000534,CONSTELLATION SCHOOLS PURITAS,2021-08,2,4757.78
000543,PINNACLE ACADEMY,2021-08,3,22182.3
000546,WINTERFIELD VENTURE ACADEMY,2021-08,1,17087.21
000553,COLUMBUS HUMANITIES ARTS &,2021-08,3,19316.52
000556,A+ ARTS ACADEMY,2021-08,1,16998.51
000557,COLUMBUS ARTS &,2021-08,2,17431.28
000558,COLUMBUS PREPARATORY ACADEMY,2021-08,8,25405.89
000559,ORION ACADEMY,2021-08,1,14516.53
000560,APEX ACADEMY,2021-08,3,12265.16
000575,HOPE ACADEMY NORTHWEST CAMPUS,2021-08,1,5715.43
000576,KING ACADEMY COMMUNITY SCHOOL,2021-08,1,3644.58
000577,EMERSON ACADEMY,2021-08,3,21208.49
000598,COSHOCTON OPPORTUNITY SCHOOL,2021-08,3,1395.89
000608,SUMMIT ACADEMY TRANSITION HIGH,2021-08,3,1822.49
000609,SUMMIT ACAD. MIDDLE SCH LORAIN,2021-08,1,2533.46
000610,SUMMIT ACAD. MIDDLE SCH COL.,2021-08,1,1267.16
000613,HEIR FORCE COMMUNITY SCHOOL,2021-08,3,7198.21
000614,SUMMIT ACADEMY TRANSITION HIGH,2021-08,1,1854.38
000616,SUMMIT ACAD. SCH FOR ALT.,2021-08,2,2662.1
000621,SUMMIT ACADEMY TRANSITION HIGH,2021-08,5,3653.34
000623,SUMMIT ACADEMY - YOUNGSTOWN,2021-08,3,5615.84
000629,SUMMIT ACADEMY COMMUNITY,2021-08,3,896.75
000634,SUMMIT ACADEMY SECONDARY,2021-08,4,2752.68
000640,RITTMAN ACADEMY,2021-08,2,1145.65
000664,LIFE SKILLS CENTER OF COLUMBUS,2021-08,5,5069.05
000679,OAKSTONE COMMUNITY SCHOOL,2021-08,8,7480.61
000725,ZENITH ACADEMY,2021-08,2,15175.02
000736,PHOENIX VILL. ACAD. PRIMARY 2,2021-08,1,5869.9
000770,MARITIME ACADEMY OF TOLEDO INC,2021-08,3,8667.54
000779,EDUCATIONAL ACADEMY FOR BOYS,2021-08,1,4265.08
000780,MIDNIMO CROSS CULTURAL MIDDLE,2021-08,1,3585.14
000804,HORIZON SCIENCE ACADEMY,2021-08,1,5528.64
000808,HORIZON SCIENCE ADADEMY DAYTON,2021-08,3,4798.66
000813,LIFE SKILLS CENTER OF DAYTON,2021-08,5,4272.63
000825,HORIZON SCIENCE ACADEMY,2021-08,2,11205.74
000838,HORIZON SCIENCE ACADEMY-,2021-08,3,8125.63
000843,BENNETT VENTURE ACADEMY,2021-08,1,18542.09
000855,STAMBAUGH CHARTER ACADEMY,2021-08,3,12815.54
000858,HORIZON SCIENCE ACAD CLEVELAND,2021-08,2,8434.14
000875,WESTSIDE ACADEMY INC,2021-08,1,9055.57
000905,IMAC INC,2021-08,2,1085.66
000912,ACADEMIC ACCELERATION ACADEMY,2021-08,2,4234.17
000936,PROMISE ACADEMY,2021-08,2,3583.75
000938,PREMIER ACADEMY OF OHIO,2021-08,6,4730.02
000941,PAR EXCELLENCE ACADEMY,2021-08,2,7457.34
000951,TOLEDO PREP. AND FITNESS ACAD,2021-08,2,7553.08
000952,COLUMBUS PREPARATORY,2021-08,2,14649.68
000953,CINCINNATI PREPARATORY &,2021-08,2,7412.76
007984,YOUNGSTOWN ACAD OF EXCELLENCE,2021-08,2,6888.43
007995,CLEVELAND ARTS  SCI.,2021-08,1,10225.98
007999,CHARLES SCHOOL,2021-08,2,9673.73
008000,MANSFIELD PREPARATORY ACADEMY,2021-08,1,18321.27
008063,LIFE SKILLS CTR OF NORTH AKRON,2021-08,5,3123.97
008064,ACADEMY OF ARTS,2021-08,3,8886.98
008278,NOBLE ACADEMY-CLEVELAND INC,2021-08,4,11431.13
008280,NOBLE ACADEMY-COLUMBUS INC,2021-08,2,9488.25
008281,SOUTH SCIOTO ACADEMY,2021-08,1,6984.84
008282,LIFE SKILLS CTR OF COL. NORTH,2021-08,6,3894.35
008283,DAYTON TECH. DESIGN HIGH SCH,2021-08,1,2012.49
008286,HARVARD AVE COMMUNITY SCHOOL,2021-08,1,12234.1
008287,GROVEPORT COMMUNITY SCHOOL,2021-08,4,21418.34
008289,EAGLE LEARNING CENTER INC,2021-08,3,1269.21
009122,COLUMBUS COLLEGIATE,2021-08,2,6583.05
009148,ZANESVILLE COMM. HIGH SCH,2021-08,5,4634.15
009149,CONSTELLATION SCHOOLS WESTSIDE,2021-08,2,7291.04
009164,CENTRAL ACADEMY OF OHIO,2021-08,2,4550.33
009179,HORIZON SCIENCE ACADEMY INC,2021-08,2,14865.95
009192,FOUNDATION ACADEMY,2021-08,4,15014.64
009283,DAYTON EARLY COLLEGE ACAD.,2021-08,1,10743.62
009953,SULLIVANT AVE COMM. SCHOOL,2021-08,1,9488.26
009955,MADISON AVENUE SCHOOL OF ARTS,2021-08,1,16653.83
009957,KLEPINGER COMMUNITY SCHOOL,2021-08,1,18236.28
009971,ASHLAND CTY COMM. ACADEMY,2021-08,5,3145.58
009990,HORIZON SCI. ACAD. ELEMENTARY,2021-08,2,13073.38
009996,MAHONING COUNTY HIGH SCHOOL,2021-08,4,4623.17
009997,KIPP CENTRAL OHIO,2021-08,6,60051.48
010036,CESAR CHAVEZ COLLEGE PREP.,2021-08,1,9519.16
010182,PERFORMANCE ACADEMY EASTLAND,2021-08,2,8993.84
010205,L HOLLINGWORTH SCH FOR TAL.,2021-08,2,8853.16
011291,VILLAGE PREPARATORY SCHOOL,2021-08,2,22398.45
011324,HARDIN COMMUNITY SCHOOL,2021-08,1,1243.72
011381,GREATER SUMMIT CTY EARLY LEARN,2021-08,5,3742.8
011390,BELLA ACADEMY OF EXCELLENCE,2021-08,2,7445.59
011439,RENAISSANCE ACADEMY,2021-08,1,2843.39
011468,COLUMBUS BILINGUAL ACAD. - N.,2021-08,1,12022.58
011506,DAYTON REGIONAL STEM SCHOOL,2021-08,8,22105.63
011507,ACHIEVE CAREER PREP. ACAD.,2021-08,1,2476.41
011511,NORTH CENTRAL ACADEMY,2021-08,3,2560.75
011533,HORIZON SCI. ACAD. OF LORAIN,2021-08,3,23913.45
011534,HORIZON SCIENCE ACADEMY DAYTON,2021-08,1,9474.2
011923,NORTHEAST OHIO COLLEGE PREP.,2021-08,3,15323.56
011947,IMAGINE AKRON ACADEMY,2021-08,1,958.7
011956,RCCS,2021-08,2,1174.55
011967,RICHLAND ACAD. SCH OF EXC.,2021-08,2,9647.98
011972,GRAHAM EXPED. MIDDLE SCHOOL,2021-08,3,9921.19
011976,HORIZON SCIENCE ACADEMY DAYTON,2021-08,4,5635.23
011986,HORIZON SCI. ACAD. YOUNGSTOWN,2021-08,2,9774.75
012009,ZENITH ACADEMY-EAST,2021-08,1,8839.22
012010,CLEVELAND COLLEGE PREP.,2021-08,1,7723.55
012011,COLUMBUS PERFORMANCE ACADEMY,2021-08,2,5068.69
012025,CONSTELLATION SCH STOCKYARD,2021-08,1,1884.55
012029,CITIZENS LEADERSHIP ACADEMY,2021-08,1,4757.71
012030,NEAR WEST SCHOOL,2021-08,2,7445.52
012033,FOXFIRE INTERMEDIATE SCHOOL,2021-08,6,4634.05
012036,THURGOOD MARSHALL HIGH SCHOOL,2021-08,4,7816.35
012037,NEW BEGINNINGS ACADEMY,2021-08,1,6490.34
012038,LANGSTON HUGHES HIGH SCHOOL,2021-08,3,6364.28
012040,ROAD TO SUCCESS ACADEMY,2021-08,2,2317.96
012041,THE ARCH ACADEMY,2021-08,1,2008.91
012042,GEORGE V VOINOVICH RECLAMATION,2021-08,24,2165.98
012043,FREDERICK DOUGLASS RECLAMATION,2021-08,2,6148.01
012044,CAPITAL HIGH SCHOOL,2021-08,1,3430.61
012045,PATRIOT PREPARATORY ACADEMY,2021-08,6,21605.91
012054,NORTH CENTRAL ACADEMY FREMONT,2021-08,5,3118.13
012060,AKROS MIDDLE SCHOOL,2021-08,3,3649.44
012105,SOUTHSIDE ACADEMY INC,2021-08,1,5895.97
012391,METRO EARLY COLLEGE HIGH SCH,2021-08,7,28775.09
012501,BEACON HILL COMMUNITY SCHOOL,2021-08,4,1609.87
012528,ACADEMY FOR URBAN SOLUTIONS,2021-08,2,10786.49
012529,FOCUS NORTH HIGH SCHOOL,2021-08,3,5903.14
012541,UNIVERSITY OF CLEVELAND PREP.,2021-08,2,6271.78
012558,GLOBAL VILLAGE ACADEMY INC,2021-08,3,6488.28
012627,STEAM ACADEMY OF YOUNGSTOWN,2021-08,2,4174.74
012644,STEAM ACADEMY OF WARREN,2021-08,4,8791.3
012671,CONSTELLATION SCH EASTSIDE,2021-08,1,3614.62
012684,BROADWAY ACADEMY,2021-08,1,14273.12
012867,TOWNSEND NORTH COMM. SCH,2021-08,21,21290.8
012924,DECA PREP,2021-08,1,28515.47
012951,COLUMBUS COLLEGIATE ACAD. - W.,2021-08,1,7293.9
013034,VILLAGE PREP. SCH:WOODLA,2021-08,1,22614.55
013132,LAKE ERIE COLLEGE PREP.,2021-08,2,8990.27
013147,STEAM ACAD. OF WARRENSVILLE,2021-08,2,7167.62
013148,STEPSTONE ACADEMY,2021-08,1,5313.8
013170,HOPE ACADEMY FOR AUTISM,2021-08,1,4809.87
013173,IMAGINE HILL AVENUE,2021-08,1,3528.88
013175,KIDS UNLIMITED ACADEMY,2021-08,2,7645.85
013195,ACADEMY OF EDU. EXCELLENCE,2021-08,2,3343.26
013199,NEXUS ACADEMY OF CLEVELAND,2021-08,2,3676.47
013232,A+ CHILDRENS ACADEMY,2021-08,3,3554.27
013249,ACADEMY FOR URB. SCH. YOUNGSTO,2021-08,3,7136.85
013253,OHIO COLLEGIATE ACADEMY,2021-08,1,9206.47
013254,AKRON PREPARATORY SCHOOL,2021-08,3,11071.46
013255,CANTON COLL. PREP. SCH,2021-08,2,9999.55
013864,CINCINNATI TECHNOLOGY ACADEMY,2021-08,2,6146.52
013930,GLOBAL IMPACT STEM ACADEMY,2021-08,6,19151.53
013962,LIBERTY PREPARTORY SCHOOL,2021-08,6,1981.89
013994,ALBERT EINSTEIN ACAD.,2021-08,3,11555.3
013999,Rise & Shine Academy,2021-08,2,3157.42
014065,LINCOLN PARK ACADEMY,2021-08,2,12666.62
014066,MAIN ST PREP. ACAD.,2021-08,2,4669.87
014067,OHIO CONSTRUCTION ACADEMY,2021-08,13,2226.85
014090,BERWYN EAST ACADEMY,2021-08,2,9550.24
014091,HOPE LEARNING ACAD. OF TOLEDO,2021-08,2,1733.49
014121,IMAGINE LEADERSHIP ACADEMY,2021-08,2,3494.69
014139,IMAGINE COL. PRIMARY SCHOOL,2021-08,2,6521.69
014147,EAST PREPARATORY ACADEMY,2021-08,2,6549.63
014149,DAYTON SMART ELEMENTARY SCHOOL,2021-08,2,3158.03
014187,EAST ACADEMY,2021-08,2,9700.78
014188,DISCOVERY ACADEMY,2021-08,1,10927.14
014189,WEST PARK ACADEMY,2021-08,2,9206.55
014231,BIO-MED SCI. ACAD. STEM SCH,2021-08,9,29740.53
014467,UNITED PREPARATORY ACADEMY,2021-08,2,9241.04
014830,UTICA SHALE ACAD. OF OHIO,2021-08,3,2568.93
014904,T2 HONORS ACADEMY,2021-08,1,3120.31
014913,LAKESHORE INTERGENERATIONAL,2021-08,2,7538.24
014927,STEEL ACADEMY,2021-08,2,3773.22
014943,VALLEY STEM+ME2 ACADEMY,2021-08,4,6081.11
015234,ZENITH ACADEMY WEST,2021-08,2,5470.45
015237,FLEX HIGH SCHOOL,2021-08,4,9982.8
015261,CITIZENS ACADEMY SOUTHEAST,2021-08,3,17795.17
015329,ISTEM GEAUGA EARLY COLLEGE HS,2021-08,5,6060.63
015344,Tri-State STEM+M Early College,2021-08,2,2319.75
015709,BEACON ACADEMY,2021-08,2,6841.94
015710,BRIDGE GATE COMMUNITY SCHOOL,2021-08,1,7386.62
015712,Euclid Preparatory School,2021-08,2,11585.65
015713,EAST BRANCH PREPATORY ACAD.,2021-08,1,3993.66
015714,URBAN EARLY COLLEGE NETWORK,2021-08,2,2972.27
015722,VILLAGE PREP SCHOOL WILLIARD,2021-08,2,16373.95
015736,iLEAD SPRING MEADOWS,2021-08,3,7243.35
015737,GLOBAL AMBASS. LANG. ACAD.,2021-08,5,8434.33
015741,WESTWOOD PREPARTORY ACAD,2021-08,20,4237.91
016812,SMART Academy,2021-08,2,3645.52
016829,South Columbus Preparatory Aca,2021-08,2,6706.81
016836,Kids Care Elementary,2021-08,1,4141.45
016837,Orchard Park Academy,2021-08,3,5285.68
016843,Citizens Leadership Academy Ea,2021-08,4,18382.33
016849,Liberty High School,2021-08,3,7554.52
016850,Southwest Ohio Preparatory Sch,2021-08,2,4046.13
016858,United Preparatory Academy Eas,2021-08,1,6088.56
017123,Horizon Science Academy Primar,2021-08,3,13567.96
017212,Academy of Junior Scholars,2021-08,1,6300.79
017233,Great River Connections Academ,2021-08,85,41897.84
017259,Montgomery Preparatory Academy,2021-08,1,7214.01
017270,Lorain Bilingual Preparatory,2021-08,1,7353.23
017274,Mount Auburn Preparatory Acade,2021-08,2,9296.78
017275,AchievePoint Career Academy-Ci,2021-08,35,8593.2
017490,ReGeneration Bond Hill,2021-08,2,6146.46
017497,Cypress High School,2021-08,3,4033.11
017498,Northwest Ohio Classical Acade,2021-08,4,9752.69
017535,Huber Heights Preparatory Acad,2021-08,4,3738.51
017536,Kenmore Preparatory Academy,2021-08,1,9998.49
017537,Capital Collegiate Preparatory,2021-08,3,4450.56
017538,North Columbus Preparatory Aca,2021-08,3,5841.74
017585,Marion Preparatory Academy,2021-08,4,6904.45
017599,Urban Male Tech Academy,2021-08,2,2779.79
017643,Ohio Digital Learning School,2021-08,74,15178.44
019152,Buckeye Community School,2021-08,27,15580.88
019156,Quaker Preparatory Academy,2021-08,27,3745.83
019197,Flex High School Cleveland,2021-08,2,1236.07
019199,Central Point Preparatory Acad,2021-08,1,5439.52
019200,South Columbus Preparatory Aca,2021-08,4,6490.36
019201,Franklinton Prep High School,2021-08,2,5841.42
019212,Valor Academy  Inc.,2021-08,1,1236.26
019220,North Shore High School,2021-08,2,4139.82
019221,Case Preparatory Academy,2021-08,4,8659.17
019226,Franklinton High School,2021-08,1,4728.68
019227,Dublin Preparatory Academy,2021-08,4,8710.27
019235,Focus Learning Acad Cent Cols,2021-08,1,1761.66
043489,AKRON CITY SCHOOLS,2021-08,1,620651.27
043497,ALLIANCE CITY BOARD OF EDU,2021-08,3,87802.91
043505,ASHLAND CITY BOARD OF,2021-08,2,98306.97
043513,ASHTABULA AREA CITY SCHOOL,2021-08,1,97512.8
043521,ATHENS CITY SCHOOL DISTRICT,2021-08,1,72647.22
043539,BARBERTON BOARD OF EDUCATION,2021-08,1,105549.99
043547,BAY VILLAGE CITY SCHOOL,2021-08,2,73929.81
043554,BEACHWOOD BOARD OF EDUCATION,2021-08,1,45259.99
043562,BEDFORD BOARD OF EDUCATION,2021-08,2,86287.54
043570,BELLAIRE CITY SCHOOL DISTRICT,2021-08,1,34919.23
043588,BELLEFONTAINE CITY SCHOOL,2021-08,1,70535.55
043596,BELLEVUE CITY SCHOOL DISTRICT,2021-08,4,58221.57
043604,BELPRE CITY SCHOOL DISTRICT,2021-08,1,31823.99
043612,BEREA CITY SCHOOL DISTRICT,2021-08,1,167353.85
043620,BEXLEY CITY SCHOOL DISTRICT,2021-08,1,74638.89
043638,BOWLING GREEN SCHOOL DISTRICT,2021-08,2,84328.49
043646,BRECKSVILLE BROADVIEW HEIGHTS,2021-08,2,111929.82
043653,BROOKLYN LOCAL SCHOOL DISTRICT,2021-08,1,35960.84
043661,BRUNSWICK CITY SCHOOL DISTRICT,2021-08,2,207162.97
043679,BRYAN CITY SCHOOLS,2021-08,1,59377.91
043687,BUCYRUS CITY SCHOOL DISTRICT,2021-08,1,34047.36
043695,CAMBRIDGE CITY BOARD OF,2021-08,2,58147.82
043703,CAMPBELL CITY SCHOOLS,2021-08,1,32334.72
043711,CANTON CITY SCHOOL DISTRICT,2021-08,1,239681.32
043729,CELINA CITY BOARD OF EDU,2021-08,2,76130.38
043737,CENTERVILLE CITY SCHOOL,2021-08,3,245895.62
043745,CHILLICOTHE CITY SCHOOL,2021-08,1,84725.99
043752,CINCINNATI PUBLIC SCHOOLS,2021-08,1,1049853.85
043760,CIRCLEVILLE CITY SCHOOL,2021-08,2,67086.42
043778,CLAYMONT CITY BOARD OF EDU,2021-08,3,54642.91
043786,CLEVELAND CITY SCHOOL DISTRICT,2021-08,1,1051406.64
043794,CLEVELAND HEIGHTS UNIVERSITY,2021-08,1,148940.92
043802,COLUMBUS PUBLIC SCHOOL,2021-08,1,1393923.85
043810,CONNEAUT AREA CITY SCHOOLS,2021-08,1,48787.35
043828,COSHOCTON CITY SCHOOL DISTRICT,2021-08,1,48985.23
043836,CUYAHOGA FALLS CITY SCHOOLS,2021-08,1,126208.47
043844,DAYTON CITY SCHOOL DISTRICT,2021-08,1,358966.8
043851,DEER PARK COMMUNITY CITY,2021-08,1,37434.11
043869,DEFIANCE CITY SCHOOLS,2021-08,2,76674.71
043877,DELAWARE CITY SCHOOLS,2021-08,1,167899.32
043885,DELPHOS CITY SCHOOL DISTRICT,2021-08,3,28716.15
043893,DOVER CITY SCHOOL DISTRICT,2021-08,1,81953.44
043901,EAST CLEVELAND CITY SCHOOL,2021-08,1,50079.49
043919,EAST LIVERPOOL CITY SCHOOLS,2021-08,1,63352.41
043927,EAST PALESTINE CITY SCHOOL,2021-08,2,30392.24
043935,EATON CITY SCHOOLS,2021-08,2,61200.59
043943,ELYRIA CITY SCHOOL DISTRICT,2021-08,1,179505.2
043950,EUCLID BOARD OF EDUCATION,2021-08,1,141433.62
043968,FAIRBORN CITY SCHOOLS,2021-08,3,126915.41
043976,FAIRVIEW PARK CITY SCHOOL DIST,2021-08,1,49677.86
043984,FINDLAY CITY SCHOOLS,2021-08,1,159052.43
043992,FOSTORIA CITY SCHOOLS,2021-08,3,55016.57
044008,FRANKLIN CITY SCHOOLS,2021-08,3,86510.47
044016,FREMONT CITY BOARD OF EDU,2021-08,3,109304.8
044024,GALION CITY SCHOOL DISTRICT,2021-08,3,50947.74
044032,GALLIPOLIS CITY SCHOOLS,2021-08,1,62228.96
044040,GARFIELD HEIGHTS CITY SCHOOL,2021-08,1,104484.16
044057,GENEVA AREA CITY SCHOOL DIST,2021-08,2,68227.37
044065,GIRARD CITY SCHOOL DISTRICT,2021-08,2,51387.11
044073,GRANDVIEW HEIGHTS CITY SCHOOL,2021-08,1,33749.76
044081,WINTONWOODS CITY SCHOOL,2021-08,2,120920.63
044099,GREENVILLE CITY SCHOOL,2021-08,1,75265.75
044107,HAMILTON BOARD OF EDUCATION,2021-08,1,290002.98
044115,HEATH CITY SCHOOL DISTRICT,2021-08,1,55820.79
044123,HILLSBORO CITY BOARD OF EDU,2021-08,1,63695.5
044131,HURON CITY SCHOOL DISTRICT,2021-08,1,38251.18
044149,IRONTON CITY BOARD OF,2021-08,1,40918.1
044156,JACKSON CITY SCHOOL DISTRICT,2021-08,5,76470.08
044164,KENT CITY BOARD OF EDUCATION,2021-08,2,87908.22
044172,KENTON CITY SCHOOLS,2021-08,3,55711.23
044180,KETTERING CITY SCHOOL,2021-08,2,232007.57
044198,LAKEWOOD CITY SCHOOL DISTRICT,2021-08,1,130203.58
044206,LANCASTER CITY SCHOOLS,2021-08,1,188115.35
044214,LEBANON CITY SCHOOL DISTRICT,2021-08,2,164788.26
044222,LIMA CITY BOARD OF EDU,2021-08,1,104465.36
044230,LOCKLAND CITY SCHOOLS,2021-08,1,17697.81
044248,LOGAN HOCKING LOCAL SCHOOLS,2021-08,5,110904.72
044255,LONDON CITY SCHOOL DISTRICT,2021-08,2,65405.82
044263,LORAIN CITY SCHOOLS,2021-08,1,174561.85
044271,LOVELAND CITY SCHOOL DISTRICT,2021-08,3,134599.47
044289,MADEIRA CITY SCHOOLS,2021-08,1,49201.76
044297,MANSFIELD BOARD OF EDUCATION,2021-08,1,98060.46
044305,MAPLE HEIGHTS BOARD OF,2021-08,1,104206.11
044313,MARIEMONT CITY SCHOOL DISTRICT,2021-08,2,50129.14
044321,MARIETTA CITY SCHOOL DISTRICT,2021-08,1,76043.74
044339,MARION CITY SCHOOLS,2021-08,1,129696.65
044347,MARTINS FERRY CITY SCHOOL,2021-08,2,42647.81
044354,MASSILLON CITY SCHOOL DISTRICT,2021-08,1,119918.06
044362,MAUMEE CITY SCHOOL DISTRICT,2021-08,2,69896.58
044370,MAYFIELD CITY SCHOOL DISTRICT,2021-08,3,122805.38
044388,MEDINA CITY SCHOOLS,2021-08,1,196047.24
044396,MIAMISBURG CITY SCHOOLS,2021-08,1,154838.1
044404,MIDDLETOWN CITY SCH DIST.,2021-08,2,183849.98
044412,MOUNT HEALTHY CITY SCH DIST.,2021-08,1,91608.56
044420,MOUNT VERNON CITY SCHOOL,2021-08,2,118168.08
044438,NAPOLEON CITY SCHOOL DISTRICT,2021-08,3,55759.27
044446,NELSONVILLE YORK CITY SCHOOL,2021-08,3,33983.22
044453,NEWARK CITY SCHOOL DISTRICT,2021-08,1,189091.38
044461,NEW BOSTON BOARD OF EDUCATION,2021-08,1,11973.83
044479,NEW LEXINGTON CITY SCHOOLS,2021-08,3,52324.72
044487,NEW PHILADELPHIA CITY SCHOOLS,2021-08,1,89437.49
044495,NILES CITY SCHOOLS,2021-08,1,65946.97
044503,NORTH CANTON CITY SCHOOLS,2021-08,2,129499.65
044511,NORTH COLLEGE HILL CITY SCH,2021-08,1,44537.94
044529,NORTH OLMSTED CITY SCHOOL,2021-08,1,111002.84
044537,NORTH RIDGEVILLE CITY SCH DIST,2021-08,2,135478.52
044545,NORTH ROYALTON CITY SCHOOL,2021-08,1,119931.26
044552,NORTON CITY SCHOOLS,2021-08,3,69523.16
044560,NORWALK BOARD OF EDUCATION,2021-08,2,81929.2
044578,NORWOOD CITY SCHOOL DISTRICT,2021-08,1,53525.84
044586,OAKWOOD CITY SCHOOLS,2021-08,1,62696.89
044594,OBERLIN CITY SCHOOL DISTRICT,2021-08,1,26416
044602,OREGON CITY SCHOOLS,2021-08,3,104783.5
044610,ORRVILLE CITY SCHOOL DISTRICT,2021-08,1,49233.45
044628,PAINESVILLE CITY LOCAL SCHOOLS,2021-08,1,85348.9
044636,PARMA CITY SCHOOL DISTRICT,2021-08,1,282666.43
044644,PIQUA CITY SCHOOL DISTRICT,2021-08,2,104060.82
044651,PORT CLINTON CITY SCHOOLS,2021-08,2,47674.35
044669,PORTSMOUTH CITY SCHOOL,2021-08,1,53106.74
044677,PRINCETON CITY SCHOOL DISTRICT,2021-08,3,178880.13
044685,RAVENNA CITY SCHOOL DISTRICT,2021-08,1,66937.78
044693,READING BOARD OF EDUCATION,2021-08,1,49819.49
044701,ROCKY RIVER CITY SCHOOL,2021-08,1,80572.06
044719,ST BERNARD ELMWOOD PLACE CITY,2021-08,1,25388.48
044727,ST MARYS CITY BOARD OF,2021-08,2,61387.89
044735,SALEM CITY SCHOOL DISTRICT,2021-08,2,60199
044743,SANDUSKY BOARD OF EDUCATION,2021-08,1,91541.8
044750,SHAKER HEIGHTS BOARD OF,2021-08,1,142236.87
044768,SHEFFIELD SHEFFLD LAKE CITY,2021-08,1,50885.56
044776,SHELBY CITY BOARD OF EDU,2021-08,2,60406.07
044784,SIDNEY CITY SCHOOL DISTRICT,2021-08,2,98062.02
044792,SOUTH EUCLID LYNDHURST CITY,2021-08,1,98089.06
044800,SOUTH-WESTERN CITY SCHOOLS,2021-08,2,656575.42
044818,SPRINGFIELD CITY SCHOOLS,2021-08,1,217124.38
044826,STEUBENVILLE CITY SCHOOL,2021-08,1,75675.65
044834,STOW-MUNROE FALLS CITY,2021-08,2,158618.99
044842,STRONGSVILLE CITY SCHOOLS,2021-08,3,168219.18
044859,STRUTHERS CITY SCHOOL DISTRICT,2021-08,1,55018.68
044867,SYCAMORE COMMUNITY SCHOOL DIST,2021-08,2,170924.53
044875,SYLVANIA CITY SCHOOL DISTRICT,2021-08,1,233060.8
044883,TALLMADGE CITY SCHOOL DISTRICT,2021-08,2,75156.25
044891,TIFFIN CITY SCHOOLS,2021-08,1,81389.67
044909,TOLEDO PUBLIC SCHOOLS,2021-08,2,661897.12
044917,TORONTO CITY SCHOOL DISTRICT,2021-08,1,25792.19
044925,TROY CITY SCHOOLS,2021-08,1,135109.96
044933,UPPER ARLINGTON CITY SCHOOLS,2021-08,1,190877.77
044941,URBANA CITY SCHOOLS,2021-08,2,55813.66
044958,VANDALIA-BUTLER CITY SCHOOLS,2021-08,1,89045.06
044966,VAN WERT CITY SCHOOLS,2021-08,2,59263.63
044974,WADSWORTH CITY SCHOOLS,2021-08,3,137457.67
044982,WAPAKONETA CITY SCHOOL,2021-08,4,94146.04
044990,WARREN CITY SCHOOL DISTRICT,2021-08,1,137790.63
045005,WARRENSVILLE HEIGHTS CITY,2021-08,1,48287.62
045013,WASHINGTON COURTHOUSE CITY,2021-08,1,65477.48
045021,WELLSTON CITY SCHOOLS,2021-08,2,40995.37
045039,WELLSVILLE LOCAL SCHOOL,2021-08,2,21416.59
045047,WESTERVILLE CITY SCHOOL,2021-08,2,449091.71
045054,WEST CARROLLTON CITY SCHOOL,2021-08,1,101522.52
045062,WESTLAKE CITY SCHOOL DISTRICT,2021-08,1,100653.28
045070,WHITEHALL CITY SCHOOL DISTRICT,2021-08,1,98374.99
045088,WICKLIFFE CITY SCHOOL DISTRICT,2021-08,2,39736.68
045096,WILLARD CITY SCHOOL DISTRICT,2021-08,3,43125.52
045104,WILLOUGHBY-EASTLAKE CITY,2021-08,2,220917.16
045112,WILMINGTON CITY SCHOOLS,2021-08,2,74566.89
045120,WOOSTER CITY SCHOOL DISTRICT,2021-08,1,103204.46
045138,WORTHINGTON BOARD OF EDUCATION,2021-08,2,319602.8
045146,WYOMING CITY SCHOOLS,2021-08,1,60320.81
045153,XENIA COMMUNITY SCHOOLS,2021-08,3,122768.33
045161,YOUNGSTOWN CITY SCHOOLS,2021-08,2,139702.68
045179,ZANESVILLE CITY SCHOOLS,2021-08,1,95651.7
045187,ADA EXEMPTED VILLAGE SCHOOLS,2021-08,3,25603.55
045195,AMHERST EXEMPTED VILLAGE,2021-08,1,112800.95
045203,BARNESVILLE EXEMPTED VILLAGE,2021-08,5,41410.35
045211,BLUFFTON EXEMPTED VILLAGE,2021-08,4,36474.7
045229,BRADFORD EXEMPTED VILLAGE,2021-08,3,16192.78
045237,BRIDGEPORT EXEMPTED VILLAGE,2021-08,1,23052.87
045245,HARRISON HILLS CITY SCHOOL,2021-08,5,49273.46
045252,CALDWELL EXEMPTED VILLAGE,2021-08,2,24775.57
045260,CAREY EXEMPT VILLAGE SCHOOL,2021-08,3,25952.16
045278,CARROLLTON EXEMPTED VILLAGE,2021-08,5,57487.45
045286,CHAGRIN FALLS EXEMPTED VILLAGE,2021-08,2,53465.29
045294,CHESAPEAKE UNION EXEMPTED,2021-08,1,39835.61
045302,CLYDE GREEN SPRINGS EXEMPTED,2021-08,2,63491.81
045310,COLDWATER EXEMPTED VILLAGE,2021-08,1,42714.47
045328,COLUMBIANA EXEMPTED VILLAGE,2021-08,2,32541.41
045336,COVINGTON EXEMPTED VILLAGE,2021-08,2,24028.5
045344,CRESTLINE EXEMPTED VILLAGE,2021-08,2,17531.62
045351,CROOKSVILLE EXEMPTED VILLAGE,2021-08,2,31059.13
045369,FAIRPORT HARBOR EXEMPTED,2021-08,1,18739.65
045377,GEORGETOWN EXEMPTED VILLAGE,2021-08,1,31521.06
045385,GIBSONBURG EXEMPTED VILLAGE,2021-08,2,24606.26
045393,GRANVILLE EXEMPTED VILLAGE,2021-08,1,78625.62
045401,GREENFIELD EXEMPTED VILLAGE,2021-08,3,55720.4
045419,HICKSVILLE EXEMPTED VILLAGE,2021-08,2,27509.9
045427,HUBBARD SCHOOL DISTRICT,2021-08,2,59007.72
045435,INDIAN HILL EXEMPTED VILLAGE,2021-08,1,67084.89
045443,LEETONIA EXEMPTED VILLAGE,2021-08,2,17985.19
045450,LISBON EXEMPTED VILLAGE,2021-08,1,24666.28
045468,LOUDONVILLE PERRYSVILLE,2021-08,4,31566.85
045476,MARYSVILLE EXEMPTED VILLAGE,2021-08,4,164456.85
045484,MECHANICSBURG EXEMPTED VILLAGE,2021-08,3,26508.51
045492,MENTOR EXEMPTED VILLAGE,2021-08,2,225927.19
045500,MILFORD EXEMPTED VILLAGE,2021-08,2,202488.04
045518,MILTON-UNION EXEMPTED VILLAGE,2021-08,3,43457.17
045526,MONTPELIER EXEMPTED VILLAGE,2021-08,1,24166.87
045534,MOUNT GILEAD EXEMPTED,2021-08,2,31991.95
045542,NEWCOMERSTOWN EXEMPTED VILLAGE,2021-08,3,27879.32
045559,NEW RICHMOND EXEMPTED,2021-08,1,63929.9
045567,NEWTON FALLS EXEMPTED VILLAGE,2021-08,3,30305.07
045575,PAULDING EXEMPTED VILLAGE SCH,2021-08,3,39902.43
045583,PERRYSBURG EXEMPTED VILLAGE,2021-08,2,164910.64
045591,RITTMAN EXEMPTED VILLAGE,2021-08,2,28889.85
045609,ROSSFORD EXEMPTED VILLAGE,2021-08,2,53741.67
045617,TIPP CITY EXEMPTED VILLAGE,2021-08,2,76027.38
045625,UPPER SANDUSKY E V SCHOOLS,2021-08,4,49927.62
045633,VERSAILLES EXEMPTED VILLAGE,2021-08,2,39182.38
045641,WAUSEON EXEMPTED VILLAGE,2021-08,2,56190.28
045658,WELLINGTON EXEMPTED VILLAGE,2021-08,2,31058.46
045666,WINDHAM EXEMPTED VILLAGE,2021-08,2,14222.66
045674,YELLOW SPRINGS EXEMPTED,2021-08,2,20547.49
045757,ALLEN EAST LOCAL SCHOOL,2021-08,2,32920.58
045765,BATH LOCAL SCHOOL DISTRICT,2021-08,1,55723.13
045773,ELIDA BOARD OF EDUCATION,2021-08,2,66644.47
045781,PERRY LOCAL SCHOOL DISTRICT,2021-08,2,23766.02
045799,SHAWNEE LOCAL SCHOOL DISTRICT,2021-08,2,74586.88
045807,SPENCERVILLE LOCAL SCHOOL,2021-08,4,30892.74
045823,HILLSDALE SCHOOLS,2021-08,3,25379.74
045831,MAPLETON LOCAL SCHOOL DISTRICT,2021-08,3,26477.82
045856,BUCKEYE LOCAL SCHOOL DISTRICT,2021-08,1,54545.25
045864,GRAND VALLEY LOCAL SCHOOL,2021-08,3,31420.01
045872,JEFFERSON AREA LOCAL SCHOOL,2021-08,1,52718.82
045880,PYMATUNING VALLEY LOCAL,2021-08,2,34113.97
045906,ALEXANDER LOCAL SCHOOL,2021-08,3,45620.92
045914,FEDERAL HOCKING LOCAL SCHOOL,2021-08,4,31226.03
045922,TRIMBLE LOCAL SCHOOL DISTRICT,2021-08,4,23990.26
045948,MINSTER LOCAL SCHOOL DISTRICT,2021-08,4,26266.61
045955,NEW BREMEN LOCAL SCHOOL,2021-08,3,23991.25
045963,NEW KNOXVILLE LOCAL SCHOOL,2021-08,2,11581.36
045971,WAYNESFIELD-GOSHEN LOCAL,2021-08,4,14300.58
045997,ST CLAIRSVILLE RICHLAND CITY,2021-08,3,50824.19
046003,SHADYSIDE LOCAL BOARD OF EDU,2021-08,1,22342.13
046011,UNION LOCAL SCHOOL DISTRICT,2021-08,2,44062.96
046037,EASTERN LOCAL SCHOOL DISTRICT,2021-08,3,37916.92
046045,FAYETTEVILLE-PERRY LOCAL,2021-08,4,25288.92
046060,WESTERN BROWN LOCAL SCHOOL,2021-08,3,90064.59
046078,RIPLEY UNION LEWIS HUNTINGTON,2021-08,3,24665.07
046094,EDGEWOOD CITY SCHOOL DISTRICT,2021-08,2,114160.53
046102,FAIRFIELD CITY SCHOOL DISTRICT,2021-08,2,308470.19
046110,LAKOTA LOCAL SCHOOL DISTRICT,2021-08,3,523545.9
046128,MADISON LOCAL SCHOOL DISTRICT,2021-08,2,44879.33
046136,NEW MIAMI LOCAL SCHOOL,2021-08,1,18984.15
046144,ROSS LOCAL SCHOOL DISTRICT,2021-08,2,87592.5
046151,TALAWANDA CITY SCHOOL DISTRICT,2021-08,2,91806.23
046177,BROWN LOCAL SCHOOL DISTRICT,2021-08,2,20957.13
046193,GRAHAM LOCAL SCHOOL DISTRICT,2021-08,5,50967.7
046201,TRIAD LOCAL SCHOOLS,2021-08,3,26286.91
046219,WEST LIBERTY SALEM LOCAL,2021-08,2,37466.85
046235,GREENON LOCAL SCHOOLS,2021-08,2,46895.82
046243,TECUMSEH LOCAL SCHOOL DISTRICT,2021-08,4,90795.05
046250,NORTHEASTERN LOCAL SCHOOL,2021-08,3,94476.42
046268,NORTHWESTERN LOCAL SCHOOL,2021-08,3,49284.26
046276,SOUTHEASTERN LOCAL SCHOOL,2021-08,3,22831.23
046284,CLARK-SHAWNEE LOCAL SCHOOL,2021-08,1,54072.29
046300,BATAVIA LOCAL SCHOOL DISTRICT,2021-08,1,70381.83
046318,BETHEL-TATE LOCAL SCHOOLS,2021-08,2,46900.79
046326,CLERMONT NORTHEASTERN SCHOOL,2021-08,2,44264.17
046334,FELICITY-FRANKLIN LOCAL,2021-08,2,23915.78
046342,GOSHEN LOCAL SCHOOLS,2021-08,2,87187
046359,WEST CLERMONT LOCAL SCH DIST.,2021-08,2,253349.31
046367,WILLIAMSBURG LOCAL SCHOOL,2021-08,2,30926.29
046383,BLANCHESTER LOCAL SCHOOL,2021-08,5,43771.31
046391,CLINTON-MASSIE LOCAL SCHOOL,2021-08,3,54708.38
046409,EAST CLINTON LOCAL SCHOOL,2021-08,4,38958.47
046425,BEAVER LOCAL SCHOOL DISTRICT,2021-08,1,53789.2
046433,CRESTVIEW LOCAL SCHOOL,2021-08,2,37481.43
046441,SOUTHERN LOCAL SCHOOL DISTRICT,2021-08,3,23366.41
046458,UNITED LOCAL SCHOOL DISTRICT,2021-08,2,36799.27
046474,RIDGEWOOD LOCAL BOARD OF,2021-08,3,39269.74
046482,RIVER VIEW LOCAL SCHOOL,2021-08,4,56240.94
046508,BUCKEYE CENTRAL LOCAL SCHOOL,2021-08,4,18997.89
046516,COLONEL CRAWFORD LOCAL SCHOOLS,2021-08,3,29934.53
046524,WYNFORD LOCAL SCHOOL DISTRICT,2021-08,4,36357.78
046557,CUYAHOGA HEIGHTS LOCAL SCHOOL,2021-08,2,24777.2
046565,INDEPENDENCE LOCAL SCHOOLS,2021-08,1,32716.95
046573,OLMSTED FALLS BOARD OF,2021-08,2,107079.47
046581,ORANGE CITY SCHOOL DISTRICT,2021-08,2,60058.45
046599,RICHMOND HEIGHTS LOCAL SCHOOL,2021-08,1,21347.89
046607,SOLON BOARD OF EDUCATION,2021-08,3,139981.8
046623,ANSONIA LOCAL SCHOOL DISTRICT,2021-08,1,22009.34
046631,ARCANUM BUTLER LOCAL SCHOOL,2021-08,1,32704.02
046649,FRANKLIN MONROE LOCAL SCHOOL,2021-08,2,16647.89
046672,MISSISSINAWA VALLEY LOCAL,2021-08,1,19932.4
046680,TRI-VILLAGE LOCAL SCHOOL DIST,2021-08,2,24624.13
046706,AYERSVILLE LOCAL SCH DIST.,2021-08,4,23549.94
046714,CENTRAL LOCAL SCHOOL DISTRICT,2021-08,3,30533.58
046722,NORTHEASTERN LOCAL SCHOOL,2021-08,3,34172.05
046748,BIG WALNUT LOCAL SCHOOLS,2021-08,4,122069.91
046755,BUCKEYE VALLEY LOCAL SCHOOL,2021-08,4,67468.82
046763,OLENTANGY LOCAL SCHOOLS,2021-08,2,687141.81
046789,EDISON LOCAL SCHOOLS,2021-08,2,43820.44
046797,KELLEYS ISLAND SCHOOL,2021-08,1,217.51
046805,MARGARETTA LOCAL SCHOOL DIST,2021-08,2,34304.24
046813,PERKINS LOCAL SCHOOL DISTRICT,2021-08,1,56646.54
046821,VERMILION LOCAL SCH DIST.,2021-08,2,54449
046847,AMANDA-CLEARCREEK LOCAL SCHOOL,2021-08,3,46272.15
046854,BERNE UNION LOCAL SCHOOLS,2021-08,2,23712.19
046862,BLOOM CARROLL LOCAL SCHOOL,2021-08,2,70222.82
046870,FAIRFIELD UNION LOCAL SCHOOL,2021-08,3,61602.91
046888,LIBERTY UNION THURSTON LOCAL,2021-08,1,37295
046896,PICKERINGTON LOCAL SCHOOL DIST,2021-08,3,332303.36
046904,WALNUT TOWNSHIP LOCAL SCHOOL,2021-08,3,14918.11
046920,MIAMI TRACE LOCAL SCH DIST.,2021-08,7,79834.92
046946,CANAL WINCHESTER LOCAL SCHOOL,2021-08,2,120194.97
046953,HAMILTON LOCAL SCHOOLS,2021-08,2,89164.94
046961,GAHANNA-JEFFERSON CITY SCHOOL,2021-08,1,237886.36
046979,GROVEPORT MADISON LOCAL,2021-08,3,183615.65
046995,NEW ALBANY PLAIN LOCAL SCHOOL,2021-08,3,154315.8
047001,REYNOLDSBURG CITY SCHOOLS,2021-08,3,238903.18
047019,HILLIARD CITY SCHOOL DISTRICT,2021-08,1,497314.47
047027,DUBLIN CITY SCHOOLS,2021-08,3,505461.33
047043,ARCHBOLD AREA LOCAL SCHOOLS,2021-08,4,37739.08
047050,EVERGREEN LOCAL SCHOOL,2021-08,2,35777.22
047068,FAYETTE LOCAL SCHOOL DISTRICT,2021-08,2,10944.4
047076,PETTISVILLE LOCAL SCHOOL,2021-08,2,15274.15
047084,PIKE DELTA YORK LOCAL SCHOOLS,2021-08,3,37197.61
047092,SWANTON LOCAL SCHOOL DISTRICT,2021-08,3,39366.53
047167,BERKSHIRE BOARD OF EDUCATION,2021-08,2,40842.43
047175,CARDINAL LOCAL SCHOOL DISTRICT,2021-08,4,26188.96
047183,CHARDON BOARD OF EDUCATION,2021-08,2,82732.67
047191,KENSTON LOCAL SCHOOL DISTRICT,2021-08,3,80631.37
047225,WEST GEAUGA LOCAL SCHOOL,2021-08,3,65449.24
047241,BEAVERCREEK CITY SCHOOLS,2021-08,2,244607.98
047258,CEDARCLIFF LOCAL BOARD OF,2021-08,2,18474.5
047266,GREENEVIEW LOCAL SCHOOL,2021-08,3,43639.83
047274,SUGARCREEK LOCAL SCHOOL,2021-08,3,84577.76
047308,ROLLING HILLS LOCAL SCHOOL,2021-08,3,49238.66
047332,FINNEYTOWN LOCAL SCHOOL,2021-08,1,40491.85
047340,FOREST HILLS LOCAL SCHOOL,2021-08,2,224481.66
047365,NORTHWEST LOCAL SCHOOL,2021-08,2,265961.55
047373,OAK HILLS LOCAL SCHOOL DISTICT,2021-08,1,239213.85
047381,SOUTHWEST LOCAL SCHOOL DIST,2021-08,2,130095.05
047399,THREE RIVERS LOCAL SCHOOL DIST,2021-08,1,67177.55
047415,ARCADIA LOCAL SCHOOL DISTRICT,2021-08,3,17310.3
047423,ARLINGTON LOCAL SCHOOL,2021-08,2,17220.22
047431,CORY-RAWSON LOCAL SCHOOLS,2021-08,3,15756.28
047449,LIBERTY-BENTON LOCAL SCHOOL,2021-08,1,46929.43
047456,MCCOMB LOCAL SCHOOL DISTRICT,2021-08,4,20098.33
047464,VAN BUREN LOCAL SCHOOL,2021-08,2,32102.65
047472,VANLUE LOCAL SCHOOL DISTRICT,2021-08,3,4770.64
047498,HARDIN NORTHERN LOCAL SCHOOL,2021-08,2,11971.61
047506,RIDGEMONT LOCAL SCHOOL,2021-08,4,16035.14
047514,RIVERDALE LOCAL SCHOOL,2021-08,3,31588.86
047522,UPPER SCIOTO VALLEY LOCAL,2021-08,4,13493.06
047548,CONOTTON VALLEY LOCAL SCHOOL,2021-08,3,14508.35
047571,HOLGATE LOCAL SCHOOL DISTRICT,2021-08,3,13330.37
047589,LIBERTY CENTER LOCAL SCHOOL,2021-08,3,31835.59
047597,PATRICK HENRY LOCAL SCHOOL,2021-08,3,27247.29
047613,BRIGHT LOCAL SCHOOL DISTRICT,2021-08,3,21491.22
047621,FAIRFIELD LOCAL SCHOOL,2021-08,3,29163.64
047639,LYNCHBURG-CLAY LOCAL SCHOOL,2021-08,3,35256.27
047688,EAST HOLMES LOCAL SCHOOL,2021-08,5,49676.62
047696,WEST HOLMES LOCAL SCHOOL,2021-08,5,62356.8
047712,MONROEVILLE LOCAL SCHOOL,2021-08,2,17442.47
047720,NEW LONDON LOCAL SCHOOL,2021-08,3,25825.3
047738,SOUTH CENTRAL LOCAL SCHOOL,2021-08,3,23256.73
047746,WESTERN RESERVE BD OF EDUC,2021-08,3,30810.18
047761,OAK HILL UNION LOCAL SCHOOL,2021-08,5,36826.36
047787,BUCKEYE LOCAL SCHOOL DISTRICT,2021-08,3,45321.82
047795,EDISON LOCAL SCHOOLS,2021-08,4,43437.04
047803,INDIAN CREEK SCHOOL DISTRICT,2021-08,2,59990.95
047829,CENTERBURG LOCAL SCHOOL,2021-08,4,35356
047837,DANVILLE LOCAL SCHOOL DISTRICT,2021-08,4,18526.42
047845,EAST KNOX LOCAL SCHOOL,2021-08,3,30912.49
047852,FREDERICKTOWN LOCAL SCHOOL,2021-08,3,38573.11
047878,KIRTLAND LOCAL BOARD OF,2021-08,2,35407.41
047886,MADISON LOCAL SCHOOL DISTRICT,2021-08,3,86094.93
047894,RIVERSIDE LOCAL SCH DIST.,2021-08,2,132043.26
047902,PERRY LOCAL SCHOOL DISTRICT,2021-08,1,47003.74
047928,DAWSON BRYANT LOCAL SCHOOL,2021-08,1,35567.51
047936,FAIRLAND LOCAL SCHOOL DISTRICT,2021-08,2,47074.7
047944,ROCK HILL LOCAL SCHOOL,2021-08,2,43332.44
047951,SOUTH POINT LOCAL SCHOOLS,2021-08,1,46175.9
047969,SYMMES VALLEY LOCAL SCHOOLS,2021-08,2,24528.11
047985,JOHNSTOWN MONROE LOCAL SCHOOL,2021-08,3,52076.06
047993,LAKEWOOD LOCAL SCHOOL DISTRICT,2021-08,3,53563.04
048009,LICKING HEIGHTS LOCAL SCHOOLS,2021-08,2,145158.77
048017,LICKING VALLEY LOCAL SCHOOL,2021-08,2,65183.77
048025,NORTH FORK LOCAL SCHOOL,2021-08,2,49433.45
048033,NORTHRIDGE LOCAL SCHOOL,2021-08,3,35093.68
048041,SOUTHWEST LICKING LOCAL SCHOOL,2021-08,2,139676.75
048074,BENJAMIN LOGAN LOCAL SCHOOL,2021-08,4,51918.21
048082,INDIAN LAKE LOCAL SCHOOL,2021-08,4,45247.92
048090,RIVERSIDE LOCAL SCHOOL,2021-08,3,18905.42
048116,AVON LOCAL SCHOOL DISTRICT,2021-08,2,140545.45
048124,AVON LAKE CITY SCHOOLS,2021-08,1,115025.45
048132,CLEARVIEW BOARD OF EDUCATION,2021-08,1,46714.61
048140,COLUMBIA LOCAL SCHOOL DISTRICT,2021-08,3,27776.59
048157,FIRELANDS LOCAL SCHOOL,2021-08,3,53620.06
048165,KEYSTONE LOCAL SCHOOLS,2021-08,2,48383.62
048173,MIDVIEW LOCAL SCHOOL DISTRICT,2021-08,2,88331.88
048207,ANTHONY WAYNE LOCAL SCHOOLS,2021-08,3,134995.99
048215,OTTAWA HILLS LOCAL SCHOOL,2021-08,1,32440.93
048223,SPRINGFIELD LOCAL SCH DIST.,2021-08,1,107630.82
048231,WASHINGTON LOCAL SCHOOL,2021-08,1,208482.47
048256,JEFFERSON LOCAL SCHOOL,2021-08,2,34595.27
048264,JONATHAN ALDER LOCAL SCHOOL,2021-08,3,67633.25
048272,MADISON PLAINS LOCAL SCHOOL,2021-08,5,36454.78
048298,AUSTINTOWN LOCAL SCHOOL,2021-08,2,135046.96
048306,BOARDMAN LOCAL SCHOOL DISTRICT,2021-08,1,123318.8
048314,CANFIELD LOCAL SCHOOL DISTRICT,2021-08,1,79409.36
048322,JACKSON-MILTON LOCAL SCHOOL,2021-08,3,24632.7
048330,LOWELLVILLE LOCAL SCHOOLS,2021-08,1,15081.26
048348,POLAND LOCAL SCHOOL DISTRICT,2021-08,1,54553.21
048355,SEBRING LOCAL SCHOOL DISTICT,2021-08,1,12257.4
048363,SOUTH RANGE LOCAL SCHOOL,2021-08,2,37512.85
048371,SPRINGFIELD LOCAL BOARD OF EDU,2021-08,2,29293.4
048389,WEST BRANCH LOCAL SCHOOL,2021-08,4,56345.39
048397,WESTERN RESERVE LOCAL SCHOOLS,2021-08,2,19767.27
048413,ELGIN LOCAL SCHOOL DISTRICT,2021-08,4,33376.78
048421,PLEASANT LOCAL SCHOOL DISTRICT,2021-08,1,40280.59
048439,RIDGEDALE LOCAL SCHOOLS,2021-08,3,19894.4
048447,RIVER VALLEY LOCAL SCHOOL DIST,2021-08,4,54279.29
048462,BLACK RIVER LOCAL SCHOOL,2021-08,4,31767.48
048470,BUCKEYE LOCAL SCHOOL DISTRICT,2021-08,3,70105.37
048488,CLOVERLEAF LOCAL SCHOOL,2021-08,2,73730.57
048496,HIGHLAND LOCAL SCHOOL DISTRICT,2021-08,2,100081.66
048512,EASTERN LOCAL SCHOOL DISTRICT,2021-08,1,22140.09
048520,MEIGS LOCAL SCHOOL DISTRICT,2021-08,3,50511.2
048538,SOUTHERN LOCAL SCHOOL DISTRICT,2021-08,1,20768.02
048553,MARION LOCAL BOARD OF,2021-08,3,27713.01
048579,PARKWAY SCHOOL BOARD OF EDUC,2021-08,3,30547.16
048587,ST HENRY CONSOLIDATED LOCAL,2021-08,2,28610.72
048595,FORT RECOVERY LOCAL SCHOOL,2021-08,2,27928.82
048611,BETHEL LOCAL SCHOOL DISTRICT,2021-08,3,52462.91
048629,MIAMI EAST LOCAL SCHOOLS,2021-08,4,42686.9
048637,NEWTON LOCAL SCHOOL DISTRICT,2021-08,2,18533.87
048652,SWITZERLAND OF OHIO LOCAL,2021-08,4,61573.68
048678,BROOKVILLE LOCAL SCHOOL,2021-08,2,45895.4
048686,JEFFERSON TOWNSHIP LOCAL,2021-08,1,7802.28
048694,TROTWOOD MADISON CITY SCHOOLS,2021-08,1,81614.32
048702,MAD RIVER LOCAL SCHOOL,2021-08,2,108488.44
048710,NEW LEBANON LOCAL SCHOOLS,2021-08,2,34294.8
048728,NORTHMONT CITY SCHOOLS,2021-08,3,151248
048736,NORTHRIDGE LOCAL SCHOOL,2021-08,1,49228.67
048744,VALLEY VIEW LOCAL SCHOOL,2021-08,3,52233.34
048751,HUBER HEIGHTS CITY SCHOOLS,2021-08,4,176108.68
048777,MORGAN LOCAL SCHOOL DISTRICT,2021-08,4,50683.83
048793,CARDINGTON LINCOLN LOCAL,2021-08,2,30874.82
048801,HIGHLAND LOCAL SCHOOL DISTRICT,2021-08,3,51706.34
048819,NORTHMOR LOCAL SCHOOLS,2021-08,5,32464.39
048835,EAST MUSKINGUM SCHOOL DISTRICT,2021-08,3,67234.5
048843,FRANKLIN LOCAL SCHOOL DISTRICT,2021-08,3,61399.93
048850,MAYSVILLE LOCAL SCHOOL DIST,2021-08,2,59100.5
048876,TRI-VALLEY LOCAL SCHOOLS,2021-08,3,93399.8
048884,WEST MUSKINGUM LOCAL SCHOOL,2021-08,3,46645.74
048900,NOBLE LOCAL SCHOOL DISTRICT,2021-08,5,30059.74
048926,BENTON CARROLL SALEM LOCAL,2021-08,3,45291.23
048934,DANBURY LOCAL SCHOOLS,2021-08,1,14878.24
048942,GENOA AREA LOCAL SCHOOL,2021-08,4,41500.25
048975,PUT-IN-BAY LOCAL SCHOOL,2021-08,1,1859.78
048991,ANTWERP LOCAL SCHOOL DISTRICT,2021-08,2,21935.84
049031,WAYNE TRACE LOCAL SCHOOL,2021-08,3,28168
049056,NORTHERN LOCAL SCHOOL DISTRICT,2021-08,4,68483.8
049064,SOUTHERN LOCAL SCHOOL DISTRICT,2021-08,4,19980.89
049080,LOGAN ELM LOCAL SCHOOL DIST,2021-08,5,55801.11
049098,TEAYS VALLEY BOARD OF EDU,2021-08,3,129376.46
049106,WESTFALL LOCAL SCHOOL DISTRICT,2021-08,3,43337.24
049122,EASTERN LOCAL SCHOOL DISTRICT,2021-08,3,25809.7
049130,SCIOTO VALLEY LOCAL SCHOOL,2021-08,3,41026.64
049148,WAVERLY CITY SCHOOLS,2021-08,3,59233.01
049155,WESTERN LOCAL SCHOOL DISTRICT,2021-08,4,23101.77
049171,AURORA BOARD OF EDUCATION,2021-08,4,92029.11
049189,CRESTWOOD LOCAL SCHOOLS,2021-08,2,46373.83
049197,FIELD LOCAL SCHOOL DISTRICT,2021-08,3,60549.64
049205,JAMES A GARFIELD LOCAL SCHOOLS,2021-08,3,39070.16
049213,ROOTSTOWN LOCAL SCHOOL,2021-08,1,32552.57
049221,SOUTHEAST LOCAL SCHOOLS,2021-08,3,44944.31
049239,STREETSBORO CITY SCHOOLS,2021-08,2,64978.86
049247,WATERLOO LOCAL BOARD OF EDU,2021-08,2,27332.06
049270,NATIONAL TRAIL LOCAL SD,2021-08,2,30162.32
049288,PREBLE SHAWNEE LOCAL SCHOOLS,2021-08,3,43322.56
049296,TWIN VALLEY COMMUNITY LOCAL,2021-08,2,24568.99
049312,COLUMBUS GROVE LOCAL SCHOOL,2021-08,2,25577.01
049320,CONTINENTAL LOCAL SCHOOL,2021-08,3,14253.83
049338,JENNINGS LOCAL SCHOOL DISTRICT,2021-08,3,12040.46
049346,KALIDA LOCAL SCHOOL DISTRICT,2021-08,1,19143.87
049353,LEIPSIC LOCAL SCHOOL DISTRICT,2021-08,2,19517.48
049361,MILLER CITY-NEW CLEVELAND,2021-08,1,15844.28
049379,OTTAWA GLANDORF LOCAL SCHOOL,2021-08,1,45945.28
049387,OTTOVILLE LOCAL SCHOOL,2021-08,3,14686.54
049395,PANDORA-GILBOA LOCAL BOARD OF,2021-08,3,15937.01
049411,CLEARFORK VALLEY LOCAL SCHOOL,2021-08,3,49665.93
049429,CRESTVIEW LOCAL SCHOOL,2021-08,3,31337.79
049437,LEXINGTON LOCAL SCH DIST.,2021-08,2,73705.38
049445,LUCAS LOCAL SCHOOL DISTRICT,2021-08,2,16257.86
049452,MADISON LOCAL SCHOOLS,2021-08,2,82673.81
049460,PLYMOUTH-SHILOH LOCAL SCHOOLS,2021-08,3,22414.72
049478,ONTARIO LOCAL SCHOOLS,2021-08,2,61122.15
049494,ADENA LOCAL SCHOOL DISTRICT,2021-08,3,36177.42
049502,HUNTINGTON LOCAL SCH DIST.,2021-08,2,34688.9
049510,PAINT VALLEY LOCAL SCHOOL,2021-08,3,24621.7
049528,SOUTHEASTERN LOCAL SCHOOL,2021-08,4,32575.48
049536,UNION-SCIOTO LOCAL SCHOOL,2021-08,2,65102.01
049544,ZANE TRACE LOCAL SCHOOL,2021-08,3,40768.34
049569,LAKOTA LOCAL SCHOOLS,2021-08,3,31329.39
049577,WOODMORE LOCAL SCHOOL DISTRICT,2021-08,3,27310.61
049593,BLOOM-VERNON LOCAL SCHOOL,2021-08,3,25778.26
049601,CLAY LOCAL SCHOOL DISTRICT,2021-08,1,18146.87
049619,GREEN LOCAL SCHOOL DISTRICT,2021-08,2,17337.39
049627,MINFORD LOCAL SCHOOL DISTRICT,2021-08,2,38744.73
049635,NORTHWEST LOCAL SCHOOL DIST,2021-08,3,42597.78
049643,VALLEY LOCAL SCHOOL DISTRICT,2021-08,2,32919.19
049650,WASHINGTON NILES LOCAL SCHOOL,2021-08,2,43060.76
049668,WHEELERSBURG LOCAL SCHOOL,2021-08,1,47740.23
049684,SENECA EAST LOCAL SCHOOL,2021-08,3,27051.58
049700,HOPEWELL-LOUDON LOCAL SCHOOL,2021-08,2,24940.05
049718,NEW RIEGEL LOCAL SCHOOL,2021-08,1,11551.48
049726,OLD FORT LOCAL SCHOOL DISTRICT,2021-08,2,20288.63
049759,ANNA LOCAL BOARD OF EDUCAION,2021-08,1,35802.29
049767,BOTKINS LOCAL SCHOOL DISTRICT,2021-08,2,19664.25
049775,FAIRLAWN LOCAL SCHOOL DISTRICT,2021-08,4,18290.71
049783,FORT LORAMIE LOCAL SCHOOL,2021-08,2,24507.87
049791,HARDIN-HOUSTON LOCAL SCHOOL,2021-08,2,25190.81
049809,JACKSON CENTER LOCAL SCHOOL,2021-08,3,16434.23
049817,RUSSIA LOCAL SCHOOL DISTRICT,2021-08,2,12502.5
049833,CANTON LOCAL SCHOOL DISTRICT,2021-08,1,55028.88
049841,FAIRLESS LOCAL BOARD OF,2021-08,4,45941.74
049858,JACKSON LOCAL SCHOOL DISTRICT,2021-08,2,182299.57
049866,LAKE LOCAL SCHOOL DISTRICT,2021-08,3,104547.8
049874,LOUISVILLE CITY SCHOOLS,2021-08,1,83712
049882,MARLINGTON LOCAL SCHOOL,2021-08,4,60341.43
049890,MINERVA LOCAL SCHOOLS,2021-08,3,58673.47
049908,NORTHWEST LOCAL SCHOOL,2021-08,3,58379.2
049916,OSNABURG LOCAL SCHOOLS,2021-08,1,25633.7
049924,PERRY LOCAL SCHOOL DISTRICT,2021-08,1,133199.29
049932,PLAIN LOCAL SCHOOL DISTRICT,2021-08,1,186664.75
049940,SANDY VALLEY LOCAL SCHOOL,2021-08,3,39913.28
049957,TUSLAW LOCAL SCHOOLS,2021-08,2,42010.86
049973,WOODRIDGE LOCAL SCHOOL,2021-08,2,59501.19
049981,COPLEY-FAIRLAWN CITY SCHOOLS,2021-08,2,82726.78
049999,COVENTRY LOCAL SCHOOL DISTRICT,2021-08,1,51646.2
050005,MANCHESTER LOCAL SCHOOL,2021-08,2,39956.72
050013,GREEN LOCAL SCHOOLS,2021-08,2,124508.73
050021,HUDSON CITY SCHOOL DISTRICT,2021-08,2,141300.83
050039,MOGADORE LOCAL SCHOOL DISTRICT,2021-08,2,26161.41
050047,NORDONIA HILLS CITY SCHOOLS,2021-08,2,108951.62
050054,REVERE LOCAL SCHOOL DISTRICT,2021-08,3,85448.24
050062,SPRINGFIELD LOCAL SCH DIST.,2021-08,3,63308.1
050070,TWINSBURG BOARD OF EDUCATION,2021-08,3,124724.13
050096,BLOOMFIELD-MESPO LOCAL SCHOOL,2021-08,3,6995.49
050112,BRISTOL LOCAL SCHOOL DISTRICT,2021-08,1,15631.65
050120,BROOKFIELD LOCAL SCHOOL,2021-08,1,32037.14
050138,CHAMPION LOCAL SCHOOL DISTRICT,2021-08,1,40735.14
050153,MATHEWS LOCAL SCHOOL DISTRICT,2021-08,1,20336.62
050161,HOWLAND LOCAL SCHOOL DISTRICT,2021-08,1,79334.46
050179,JOSEPH BADGER LOCAL SCHOOL DIS,2021-08,2,20708.1
050187,LAKEVIEW LOCAL BOARD,2021-08,1,49773.64
050195,LIBERTY LOCAL BOARD OF EDU,2021-08,2,40318.01
050203,LORDSTOWN LOCAL SCHOOL,2021-08,2,13960.76
050211,MAPLEWOOD LOCAL BOARD OF EDU,2021-08,2,20212.81
050229,MCDONALD BOARD OF EDUCATION,2021-08,1,21481.91
050237,SOUTHINGTON LOCAL SCHOOL,2021-08,2,14177.79
050245,LABRAE LOCAL SCHOOL DISTRICT,2021-08,2,32161.39
050252,WEATHERSFIELD LOCAL SCHOOL,2021-08,2,30074.73
050278,GARAWAY LOCAL SCHOOLS,2021-08,4,36437.43
050286,INDIAN VALLEY LOCAL SCHOOLS,2021-08,2,56625.66
050294,STRASBURG-FRANKLIN LOCAL,2021-08,2,17968.53
050302,TUSCARAWAS VALLEY LOCAL SCHOOL,2021-08,3,39928.91
050328,FAIRBANKS LOCAL SCHOOLS,2021-08,4,34742.31
050336,NORTH UNION LOCAL SCHOOL,2021-08,5,45727.16
050351,CRESTVIEW LOCAL SCHOOL,2021-08,2,26480.62
050369,LINCOLNVIEW LOCAL SCH DIST.,2021-08,4,27780.36
050393,VINTON COUNTY LOCAL SCHOOLS,2021-08,6,56798.56
050419,CARLISLE LOCAL SCHOOLS,2021-08,3,49509.65
050427,SPRINGBORO COMMUNITY SCHOOLS,2021-08,2,189033.45
050435,KINGS LOCAL SCHOOL DISTRICT,2021-08,3,145990.99
050443,LITTLE MIAMI LOCAL SCHOOL,2021-08,2,156831.85
050450,MASON CITY SCHOOL DISTRICT,2021-08,3,322511.83
050468,WAYNE LOCAL SCHOOL DISTRICT,2021-08,4,48396.65
050484,FORT FRYE LOCAL SCHOOL,2021-08,4,31877.37
050492,FRONTIER LOCAL SCHOOL DISTRICT,2021-08,2,19015.8
050500,WARREN LOCAL SCHOOLS,2021-08,3,66548.51
050518,WOLF CREEK LOCAL SCHOOL BD,2021-08,2,19612.24
050534,CHIPPEWA LOCAL SCHOOLS,2021-08,4,38609.88
050542,DALTON LOCAL SCHOOL DISTRICT,2021-08,2,28641.92
050559,GREEN LOCAL SCHOOL DISTRICT,2021-08,1,34339.55
050567,NORTH CENTRAL LOCAL SCHOOLS,2021-08,2,43845.75
050575,NORTHWESTERN LOCAL SCH DIST.,2021-08,3,40098.79
050583,SOUTHEAST LOCAL SCH DIST.,2021-08,3,39078.74
050591,TRIWAY LOCAL SCHOOL DISTRICT,2021-08,3,48583.85
050617,EDGERTON LOCAL SCHOOL DISTRICT,2021-08,2,17526.24
050625,EDON NORTHWEST LOCAL SCHOOL,2021-08,1,14922.03
050633,MILLCREEK WEST UNITY LOCAL,2021-08,2,15667.86
050641,NORTH CENTRAL LOCAL SCHOOL,2021-08,1,18086.37
050658,STRYKER LOCAL SCHOOL DISTRICT,2021-08,4,11199.74
050674,EASTWOOD BOARD OF EDUCATION,2021-08,2,44612.81
050682,ELMWOOD LOCAL SCHOOL DISTRICT,2021-08,2,35603.88
050690,LAKE LOCAL SCHOOL DISTRICT,2021-08,2,47365.99
050708,NORTH BALTIMORE BOARD OF,2021-08,2,20312.16
050716,NORTHWOOD LOCAL SCHOOLS,2021-08,3,30632.34
050724,OTSEGO LOCAL SCHOOL DISTRICT,2021-08,3,49940.49
050740,MOHAWK BOARD OF EDUCATION,2021-08,3,26163.37
050773,APOLLO JOINT VOCATIONAL,2021-08,7,46391.59
050799,SOUTHERN HILLS JOINT,2021-08,5,34660.62
050815,ASHTABULA COUNTY TECHNICAL &,2021-08,3,38231.12
050856,BELMONT-HARRISON VOCATIONAL,2021-08,6,25910.91
050880,BUTLER TECHNOLOGY & CAREER,2021-08,4,375153.67
050906,COLUMBIANA COUNTY JOINT,2021-08,2,12039.94
050922,CUYAHOGA VALLEY CAREER CENTER,2021-08,3,21943.35
050948,POLARIS JOINT VOCATIONAL,2021-08,1,77142.8
050963,FOUR COUNTY JOINT VOCATIONAL,2021-08,9,36357.97
050989,DELAWARE AREA CAREER CENTER,2021-08,6,46913.73
051003,EASTLAND-FAIRFIELD CAREER &,2021-08,6,53645.53
051029,EHOVE JOINT VOCATIONAL SCHOOL,2021-08,7,24394.6
051045,GREENE COUNTY JOINT VOCATIONAL,2021-08,6,61370.02
051060,GREAT OAKS INSTITUTE OF TECH,2021-08,12,309937.9
051128,JEFFERSON COUNTY JOINT,2021-08,4,9437.05
051144,KNOX COUNTY CAREER CENTER,2021-08,4,17721.19
051169,AUBURN VOCATIONAL SCHOOL DIST,2021-08,5,19572.9
051185,LAWRENCE COUNTY JOINT,2021-08,3,48342.52
051201,LICKING CNTY JOINT VOCATIONAL,2021-08,7,60764.52
051227,LORAIN COUNTY JOINT,2021-08,5,41651.36
051243,MAHONING COUNTY CAREER &,2021-08,5,24508.76
051284,MIAMI VALLEY CAREER TECHNOLOGY,2021-08,9,113244.7
051300,MIDEAST CAREER & TECHNOLOGY,2021-08,10,35687.66
051334,OHIO HI POINT JOINT VOCATIONAL,2021-08,13,86961.14
051359,PENTA COUNTY VOCATIONAL SCHOOL,2021-08,7,122074.07
051375,PIKE COUNTY JOINT VOCATIONAL,2021-08,6,13178.69
051391,MAPLEWOOD CAREER CENTER,2021-08,5,18290.31
051417,PIONEER CAREER & TECHNOLOGY,2021-08,8,69313.53
051433,PICKAWAY-ROSS COUNTY JOINT,2021-08,9,77576.22
051458,VANGUARD SENTINEL CAREER CNTRS,2021-08,9,49213.6
051474,WARREN COUNTY VOCATIONAL,2021-08,7,107747.81
051490,SCIOTO COUNTY CAREER TECH CNTR,2021-08,5,42687.89
051532,SPRINGFIELD-CLARK CAREER,2021-08,5,26914
051607,TRI-COUNTY JOINT VOCATIONAL,2021-08,7,14611.13
051631,TRUMBULL COUNTY JOINT,2021-08,4,25816.51
051656,BUCKEYE JOINT VOCATIONAL,2021-08,8,34371.68
051672,VANTAGE CAREER CENTER,2021-08,6,17190.44
051698,WASHINGTON COUNTY JOINT,2021-08,5,15645.96
051714,WAYNE CNTY JOINT VOCATIONAL SC,2021-08,6,22666.09
061903,ADAMS CNTY-OH VALLEY SCHL DIST,2021-08,5,108686.7
062026,STARK COUNTY AREA JOINT,2021-08,6,22234.28
062042,ASHLAND CO WEST HOLMES JOINT,2021-08,8,16171.01
062067,GALLIA JACKSON VINTON JOINT,2021-08,8,39161.88
062109,MEDINA COUNTY CAREER CENTER,2021-08,5,66765.87
062125,UPPER VALLEY JOINT VOCATIONAL,2021-08,6,90249.25
062802,US GRANT JOINT VOCATIONAL,2021-08,2,21279.08
063495,PORTAGE LAKES JOINT VOCATIONAL,2021-08,3,17226.55
063511,TOLLES CAREER & TECH CENTER,2021-08,6,62722.32
064964,COLLEGE CORNER LOCAL SCHOOL,2021-08,2,3206.72
065227,COSHOCTON COUNTY JOINT,2021-08,5,8841.38
065268,TRI-RIVERS JOINT VOCATIONAL,2021-08,8,15549.81
065680,GALLIA COUNTY LOCAL SCHOOL,2021-08,5,67067.9
069682,EAST GUERNSEY LOCAL SCHOOL,2021-08,4,31522.41
091397,TRI-COUNTY NORTH LOCAL SCHOOL,2021-08,3,24342.86
132746,SUMMIT ACADEMY COMMUNITY SCH,2021-08,4,2226.74
132761,SUMMIT ACAD COMMU SCHL FOR,2021-08,4,5077.89
132779,SUMMIT ACADEMY AKRON MIDDLE,2021-08,3,2010.35
132795,LIFE SKILLS CENTER OF CLARK,2021-08,5,6714.92
132803,LIFE SKILLS CENTER OF BUTLER,2021-08,8,9896.11
132944,MIAMI VALLEY ACADEMIES,2021-08,10,3994.2
132951,CONSTELLATN SCHLS LORAIN COMMU,2021-08,3,4449.03
132969,CONSTELLATN SCHLS ELYRIA COMMU,2021-08,2,11740.44
132985,YOUTH BUILD COLUMBUS,2021-08,4,6985.23
132993,CONSTELLATN SCHLS W.PARK COMM,2021-08,3,8341.51
133215,INTERGENERATIONAL SCHOOL,2021-08,2,7939.83
133256,CONSTELLTN SCHLS PARMA COMMU,2021-08,4,39699.3
133264,DOHN COMMUNITY HIGH SCHOOL,2021-08,4,39040.56
133280,WASHINGTON PARK COMMUNITY,2021-08,1,6086.16
133306,SUMMIT ACAD COMMU SCHL FOR,2021-08,3,3219.64
133322,SUMMIT ACAD COMMU SCHL  FOR,2021-08,1,2162.71
133330,TCP WORLD ACADEMY,2021-08,2,15350.68
133348,RICHARD ALLEN PREPARATORY,2021-08,2,11208
133421,GRAHAM SCHOOL,2021-08,2,6305.17
133439,CORNERSTONE ACADEMY,2021-08,4,28032.49
133454,DAYTON VIEW ACADEMY,2021-08,1,13963.6
133488,EDUCATIONAL DEVELOPMENT CENTER,2021-08,2,6872.12
133504,PHOENIX COMMUNITY LEARNING,2021-08,2,8957.14
133512,LKH VICTORY CORP,2021-08,3,27489.05
133520,CITIZENS ACADEMY,2021-08,3,9361.18
133538,EDGE LEARNING INC,2021-08,3,6216.13
133561,MILLENNIUM COMMUNITY SCHOOL,2021-08,1,14989.59
133587,SUMMIT ACAD AKRON ELEMENT SCH,2021-08,2,2876.07
133629,HORIZON SCIENCE ADADEMY -,2021-08,1,10040.61
133660,HORIZON EDUCATIONAL SERVICES,2021-08,1,16442.19
133678,RIVERSIDE COMMUNITY SCHOOL INC,2021-08,1,5466.86
133736,RICHARD ALLEN ACADEMY INC,2021-08,1,3524.74
133785,LIFE SKILLS CENTER OF,2021-08,3,3059.44
133835,LIFE SKILLS CENTER OF,2021-08,3,11400.05
133868,LIFE SKILLS CENTER OF AKRON,2021-08,8,15278.81
133942,TOLEDO SCHOOL FOR THE ARTS,2021-08,5,20833.88
134072,YOUNGSTOWN COMMUNITY SCHL INC,2021-08,2,9557.59
134098,CONSTELLATN SCHLS OLD BROOKLYN,2021-08,3,9453.76
134122,MULTIPLE OPTNS FOR DEVELOPMENT,2021-08,4,3281.62
134197,HOPE ACADEMY CHAPELSIDE CAMPUS,2021-08,2,7136.59
134213,HOPE ACADEMY UNIVERSITY,2021-08,1,4360.55
134247,CITY DAY COMMUNITY SCHOOL INC,2021-08,2,5449.2
139303,MONROE LOCAL SCHOOL DISTRICT,2021-08,2,87903.8
142901,LIFE SKILLS CENTER OF CANTON,2021-08,4,3095.91
142919,LIFE SKILLS CENTER OF ELYRIA,2021-08,3,5159.81
142927,FOCUS LEARNING ACADEMY OF,2021-08,6,8468.92
142935,FOCUS LEARNING ACADEMY OF,2021-08,6,6027.35
142943,FOCUS LEARNING ACADEMY OF,2021-08,1,17678.45
142950,OHIO VIRTUAL ACADEMY INC,2021-08,88,570839.61
142968,HOPE ACAD NORTHCOAST ACAD,2021-08,1,9638.99
143172,INTERNATIONAL ACADEMY OF,2021-08,2,9148.28
143198,GREAT WESTERN ACADEMY,2021-08,2,22499.86
143206,TROTWOOD FITNESS &,2021-08,2,11672.45
143214,MIDDLETOWN FITNESS &,2021-08,2,9059.48
143297,AUTISM ACADEMY OF LEARNING,2021-08,2,1485.85
143305,TRECA DIGITAL ACADEMY,2021-08,84,60582.46
143313,HOPE ACADEMY CUYAHOGA CAMPUS,2021-08,1,3799.99
143396,OHIO DISTANCE EDUCATION &,2021-08,88,156614.7
143479,CONSTELLATION SCHOOLS PURITAS,2021-08,2,5344.77
143487,CONSTELLATION SCHLS STOCKYARD,2021-08,1,5468.27
143529,NORTH DAYTON SCHOOL OF SCIENCE,2021-08,2,15759.34
143602,HAMILTON COUNTY MATHEMATICS &,2021-08,3,18470.62
143610,ARTS & COLLEGE PREPARATORY,2021-08,11,14929.78
143644,SCIOTOVILLE COMMUNITY SCHOOL,2021-08,1,11291.38
147231,SCHNEE LEARNING CENTER,2021-08,1,2690.55
148981,TOMORROW CENTER,2021-08,7,2729.81
148999,MAHONING UNLIMITED CLASSROOM,2021-08,4,3133.6
149047,GOAL DIGITAL ACADEMY,2021-08,20,24043.9
149088,FAIRBORN DIGITAL ACADEMY,2021-08,4,4859.5
149302,LIFE SKILLS CENTER OF TOLEDO,2021-08,4,6500.45
149328,FOXFIRE HIGH SCHOOL,2021-08,5,6811.65
151175,WEST CENTRAL LEARNING ACADEMY,2021-08,3,2419.91
151183,LIFE SKILLS CNTR OF LAKE ERIE,2021-08,1,6518.67
151209,LIFE SKILLS CENTER OF,2021-08,1,3985.35
000131,GLASS CITY ACADEMY INC,2022-01,1,10875.13
000138,PATHWAY SCHOOL OF DISCOVERY,2022-01,4,23881.62
000139,ALLIANCE ACADEMY,2022-01,4,17675.91
000222,WILDWOOD ENVIRONMENTAL ACADEMY,2022-01,2,11608.64
000236,OHIO CONNECTIONS ACADEMY INC,2022-01,88,175176.12
000241,QUAKER DIGITAL ACADEMY,2022-01,46,20108.31
000282,GREATER OHIO VIRTUAL SCHOOL,2022-01,27,16456.75
000288,AUGLAIZE COUNTY EDUCATIONAL,2022-01,7,3034.89
000296,SUMMIT ACAD. COMM. SCHOOL,2022-01,3,1146.16
000297,SUMMIT ACAD. COMM. SCHOOL DAY,2022-01,4,2104.49
000298,SUMMIT ACADEMY SECONDARY,2022-01,2,2038.01
000300,SUMMIT ACAD. SEC. SCHOOL,2022-01,2,1752.52
000301,SUMMIT ACAD. SEC. SCHOOL LOR,2022-01,2,3635.7
000302,SUMMIT ACAD. COMM. SCHOOL PAR,2022-01,2,4900.98
000303,SUMMIT ACAD. SEC. SCHOOL,2022-01,2,4601.92
000305,SUMMIT ACAD. COMM. SCHOOL WAR,2022-01,1,3187.79
000306,SUMMIT ACAD. COMM. SCHOOL,2022-01,2,2418.41
000311,BRIDGES COMMUNITY ACADEMY,2022-01,4,2532.03
000316,CONSTELLATION SCHOOLS WESTPARK,2022-01,2,6301.25
000318,MENLO PARK ACADEMY,2022-01,10,16327.96
000319,CONSTELLATION SCH MADISON,2022-01,1,7287.81
000320,CONSTELLATION SCHOOLS LORAIN,2022-01,1,3564.61
000321,CONSTELLATION SCH OLD BROOKLYN,2022-01,1,7797.01
000338,HORIZON SCI ACADEMY,2022-01,1,15595.12
000402,FINDLAY DIGITAL ACADEMY,2022-01,2,4614.73
000417,BUCKEYE ON-LINE SCH FOR SUCCS,2022-01,62,18974.72
000442,MANCHESTER LOCAL SCHOOL DIST,2022-01,3,22110.16
000509,WHITEHALL PREPARATORY &,2022-01,1,10473.95
000510,SPRINGFIELD PREPARATORY &,2022-01,2,4493.02
000511,NORTHLAND PREPARATORY &,2022-01,1,6526.32
000525,PROJECT REBUILD COMMUNITY SCHL,2022-01,2,3696.25
000527,CASTLE HIGH SCHOOL INC,2022-01,7,10725.71
000534,CONSTELLATION SCHOOLS PURITAS,2022-01,1,4614.55
000543,PINNACLE ACADEMY,2022-01,3,21736.37
000546,WINTERFIELD VENTURE ACADEMY,2022-01,2,17508.58
000553,COLUMBUS HUMANITIES ARTS &,2022-01,6,20088.81
000556,A+ ARTS ACADEMY,2022-01,1,17445.98
000557,COLUMBUS ARTS &,2022-01,5,16204.96
000558,COLUMBUS PREPARATORY ACADEMY,2022-01,6,24864.22
000559,ORION ACADEMY,2022-01,2,15973.63
000560,APEX ACADEMY,2022-01,2,15053.02
000575,HOPE ACADEMY NORTHWEST CAMPUS,2022-01,1,5983.01
000576,KING ACADEMY COMMUNITY SCHOOL,2022-01,2,5313.87
000577,EMERSON ACADEMY,2022-01,3,21522.51
000598,COSHOCTON OPPORTUNITY SCHOOL,2022-01,2,1408.23
000608,SUMMIT ACADEMY TRANSITION HIGH,2022-01,3,1718.38
000609,SUMMIT ACAD. MIDDLE SCH LORAIN,2022-01,1,2768.94
000610,SUMMIT ACAD. MIDDLE SCH COL.,2022-01,1,1305.26
000613,HEIR FORCE COMMUNITY SCHOOL,2022-01,2,7475.13
000614,SUMMIT ACADEMY TRANSITION HIGH,2022-01,1,1750.96
000616,SUMMIT ACAD. SCH FOR ALT.,2022-01,2,2837.22
000621,SUMMIT ACADEMY TRANSITION HIGH,2022-01,4,3156.6
000623,SUMMIT ACADEMY - YOUNGSTOWN,2022-01,3,4729.78
000629,SUMMIT ACADEMY COMMUNITY,2022-01,3,1178.6
000634,SUMMIT ACADEMY SECONDARY,2022-01,4,2675.71
000640,RITTMAN ACADEMY,2022-01,3,1211.17
000664,LIFE SKILLS CENTER OF COLUMBUS,2022-01,2,3820.32
000679,OAKSTONE COMMUNITY SCHOOL,2022-01,8,7036.87
000725,ZENITH ACADEMY,2022-01,1,15249.31
000736,PHOENIX VILL. ACAD. PRIMARY 2,2022-01,1,5091.92
000770,MARITIME ACADEMY OF TOLEDO INC,2022-01,3,7941.1
000779,EDUCATIONAL ACADEMY FOR BOYS,2022-01,1,4138.64
000780,MIDNIMO CROSS CULTURAL MIDDLE,2022-01,1,4488.84
000804,HORIZON SCIENCE ACADEMY,2022-01,1,2800.09
000808,HORIZON SCIENCE ADADEMY DAYTON,2022-01,3,5898.57
000813,LIFE SKILLS CENTER OF DAYTON,2022-01,5,3634.59
000825,HORIZON SCIENCE ACADEMY,2022-01,1,10364.86
000838,HORIZON SCIENCE ACADEMY-,2022-01,3,8210.99
000843,BENNETT VENTURE ACADEMY,2022-01,2,19645.63
000855,STAMBAUGH CHARTER ACADEMY,2022-01,2,15980.1
000858,HORIZON SCIENCE ACAD CLEVELAND,2022-01,2,7701.59
000875,WESTSIDE ACADEMY INC,2022-01,1,10028.25
000905,IMAC INC,2022-01,2,957.1
000912,ACADEMIC ACCELERATION ACADEMY,2022-01,2,4011.3
000936,PROMISE ACADEMY,2022-01,2,3118.83
000938,PREMIER ACADEMY OF OHIO,2022-01,1,4648.02
000941,PAR EXCELLENCE ACADEMY,2022-01,2,6563.81
000951,TOLEDO PREP. AND FITNESS ACAD,2022-01,1,6761.08
000952,COLUMBUS PREPARATORY,2022-01,2,13275.56
000953,CINCINNATI PREPARATORY &,2022-01,1,6650.22
007984,YOUNGSTOWN ACAD OF EXCELLENCE,2022-01,3,6391.86
007995,CLEVELAND ARTS  SCI.,2022-01,2,10406.63
007999,CHARLES SCHOOL,2022-01,2,10251.13
008000,MANSFIELD PREPARATORY ACADEMY,2022-01,2,16900.04
008063,LIFE SKILLS CTR OF NORTH AKRON,2022-01,4,2929.68
008064,ACADEMY OF ARTS,2022-01,3,8422.99
008278,NOBLE ACADEMY-CLEVELAND INC,2022-01,3,11298.04
008280,NOBLE ACADEMY-COLUMBUS INC,2022-01,3,9614.41
008281,SOUTH SCIOTO ACADEMY,2022-01,1,6589.99
008282,LIFE SKILLS CTR OF COL. NORTH,2022-01,3,3438.41
008283,DAYTON TECH. DESIGN HIGH SCH,2022-01,3,2391.45
008286,HARVARD AVE COMMUNITY SCHOOL,2022-01,1,9611
008287,GROVEPORT COMMUNITY SCHOOL,2022-01,4,21966.79
008289,EAGLE LEARNING CENTER INC,2022-01,2,1467.03
009122,COLUMBUS COLLEGIATE,2022-01,1,7067.53
009148,ZANESVILLE COMM. HIGH SCH,2022-01,4,4031.81
009149,CONSTELLATION SCHOOLS WESTSIDE,2022-01,1,6301.25
009164,CENTRAL ACADEMY OF OHIO,2022-01,1,2583.24
009179,HORIZON SCIENCE ACADEMY INC,2022-01,2,15472.15
009192,FOUNDATION ACADEMY,2022-01,5,14964.1
009283,DAYTON EARLY COLLEGE ACAD.,2022-01,1,11255.44
009953,SULLIVANT AVE COMM. SCHOOL,2022-01,1,9646.22
009955,MADISON AVENUE SCHOOL OF ARTS,2022-01,1,14861.61
009957,KLEPINGER COMMUNITY SCHOOL,2022-01,1,17249.84
009971,ASHLAND CTY COMM. ACADEMY,2022-01,4,2473.4
009990,HORIZON SCI. ACAD. ELEMENTARY,2022-01,2,13816.73
009996,MAHONING COUNTY HIGH SCHOOL,2022-01,4,3227.66
009997,KIPP CENTRAL OHIO,2022-01,4,59182.84
010036,CESAR CHAVEZ COLLEGE PREP.,2022-01,1,9105.02
010182,PERFORMANCE ACADEMY EASTLAND,2022-01,3,9582.62
010205,L HOLLINGWORTH SCH FOR TAL.,2022-01,2,9376.16
011291,VILLAGE PREPARATORY SCHOOL,2022-01,4,20336.05
011324,HARDIN COMMUNITY SCHOOL,2022-01,2,1087.97
011381,GREATER SUMMIT CTY EARLY LEARN,2022-01,3,3471.49
011390,BELLA ACADEMY OF EXCELLENCE,2022-01,2,5951.27
011439,RENAISSANCE ACADEMY,2022-01,1,3183.57
011468,COLUMBUS BILINGUAL ACAD. - N.,2022-01,2,13339.22
011506,DAYTON REGIONAL STEM SCHOOL,2022-01,8,23084.16
011507,ACHIEVE CAREER PREP. ACAD.,2022-01,1,2360
011511,NORTH CENTRAL ACADEMY,2022-01,4,2701.3
011533,HORIZON SCI. ACAD. OF LORAIN,2022-01,2,26416.27
011534,HORIZON SCIENCE ACADEMY DAYTON,2022-01,1,9533.65
011923,NORTHEAST OHIO COLLEGE PREP.,2022-01,2,16930.65
011947,IMAGINE AKRON ACADEMY,2022-01,2,891.61
011956,RCCS,2022-01,3,1815.16
011967,RICHLAND ACAD. SCH OF EXC.,2022-01,3,10401.31
011972,GRAHAM EXPED. MIDDLE SCHOOL,2022-01,1,10792.31
011976,HORIZON SCIENCE ACADEMY DAYTON,2022-01,3,6058.42
011986,HORIZON SCI. ACAD. YOUNGSTOWN,2022-01,3,13008.12
012009,ZENITH ACADEMY-EAST,2022-01,1,9837.24
012010,CLEVELAND COLLEGE PREP.,2022-01,1,7096.87
012011,COLUMBUS PERFORMANCE ACADEMY,2022-01,2,5093.75
012025,CONSTELLATION SCH STOCKYARD,2022-01,1,2323.19
012029,CITIZENS LEADERSHIP ACADEMY,2022-01,2,13334.59
012030,NEAR WEST SCHOOL,2022-01,2,7033.23
012033,FOXFIRE INTERMEDIATE SCHOOL,2022-01,5,3999.95
012036,THURGOOD MARSHALL HIGH SCHOOL,2022-01,2,7096.88
012037,NEW BEGINNINGS ACADEMY,2022-01,2,6621.85
012038,LANGSTON HUGHES HIGH SCHOOL,2022-01,2,6524.03
012040,ROAD TO SUCCESS ACADEMY,2022-01,2,2419.5
012041,THE ARCH ACADEMY,2022-01,4,2579.08
012042,GEORGE V VOINOVICH RECLAMATION,2022-01,7,859.54
012043,FREDERICK DOUGLASS RECLAMATION,2022-01,2,5251.05
012044,CAPITAL HIGH SCHOOL,2022-01,1,3852.12
012045,PATRIOT PREPARATORY ACADEMY,2022-01,4,22890.7
012054,NORTH CENTRAL ACADEMY FREMONT,2022-01,5,2856.51
012060,AKROS MIDDLE SCHOOL,2022-01,1,3948.48
012105,SOUTHSIDE ACADEMY INC,2022-01,1,4602.41
012391,METRO EARLY COLLEGE HIGH SCH,2022-01,7,28080.08
012501,BEACON HILL COMMUNITY SCHOOL,2022-01,5,1593.74
012528,ACADEMY FOR URBAN SOLUTIONS,2022-01,3,10442.25
012529,FOCUS NORTH HIGH SCHOOL,2022-01,3,4902.72
012541,UNIVERSITY OF CLEVELAND PREP.,2022-01,1,6746.8
012558,GLOBAL VILLAGE ACADEMY INC,2022-01,3,6428.88
012627,STEAM ACADEMY OF YOUNGSTOWN,2022-01,3,3407.57
012644,STEAM ACADEMY OF WARREN,2022-01,4,8926.67
012671,CONSTELLATION SCH EASTSIDE,2022-01,1,3596.17
012684,BROADWAY ACADEMY,2022-01,1,12443.38
012867,TOWNSEND NORTH COMM. SCH,2022-01,13,16428.53
012924,DECA PREP,2022-01,1,30258.96
012951,COLUMBUS COLLEGIATE ACAD. - W.,2022-01,1,7258.54
013034,VILLAGE PREP. SCH:WOODLA,2022-01,1,22245.33
013132,LAKE ERIE COLLEGE PREP.,2022-01,2,8783.59
013147,STEAM ACAD. OF WARRENSVILLE,2022-01,3,7192.52
013148,STEPSTONE ACADEMY,2022-01,1,6078.48
013170,HOPE ACADEMY FOR AUTISM,2022-01,2,9262.69
013173,IMAGINE HILL AVENUE,2022-01,2,3603.78
013175,KIDS UNLIMITED ACADEMY,2022-01,2,8196.15
013195,ACADEMY OF EDU. EXCELLENCE,2022-01,1,3157.3
013199,NEXUS ACADEMY OF CLEVELAND,2022-01,3,4232.77
013232,A+ CHILDRENS ACADEMY,2022-01,2,3342.8
013249,ACADEMY FOR URB. SCH. YOUNGSTO,2022-01,2,7478.5
013253,OHIO COLLEGIATE ACADEMY,2022-01,1,8528.97
013254,AKRON PREPARATORY SCHOOL,2022-01,1,11622.55
013255,CANTON COLL. PREP. SCH,2022-01,3,11088.94
013864,CINCINNATI TECHNOLOGY ACADEMY,2022-01,1,6904.78
013930,GLOBAL IMPACT STEM ACADEMY,2022-01,5,20397.37
013962,LIBERTY PREPARTORY SCHOOL,2022-01,1,1466.2
013994,ALBERT EINSTEIN ACAD.,2022-01,3,12062.24
013999,Rise & Shine Academy,2022-01,2,3571.89
014065,LINCOLN PARK ACADEMY,2022-01,1,11520.47
014066,MAIN ST PREP. ACAD.,2022-01,1,3630.06
014067,OHIO CONSTRUCTION ACADEMY,2022-01,1,2578.69
014090,BERWYN EAST ACADEMY,2022-01,5,11365.83
014091,HOPE LEARNING ACAD. OF TOLEDO,2022-01,3,1722.19
014121,IMAGINE LEADERSHIP ACADEMY,2022-01,1,3407.16
014139,IMAGINE COL. PRIMARY SCHOOL,2022-01,1,7194.87
014147,EAST PREPARATORY ACADEMY,2022-01,2,6428.61
014149,DAYTON SMART ELEMENTARY SCHOOL,2022-01,1,3316.05
014187,EAST ACADEMY,2022-01,1,7924.3
014188,DISCOVERY ACADEMY,2022-01,1,11194.05
014189,WEST PARK ACADEMY,2022-01,1,8210.72
014231,BIO-MED SCI. ACAD. STEM SCH,2022-01,8,32778.75
014467,UNITED PREPARATORY ACADEMY,2022-01,1,9582.55
014830,UTICA SHALE ACAD. OF OHIO,2022-01,4,2393.39
014904,T2 HONORS ACADEMY,2022-01,1,3055.15
014913,LAKESHORE INTERGENERATIONAL,2022-01,2,7319.66
014927,STEEL ACADEMY,2022-01,3,4394.56
014943,VALLEY STEM+ME2 ACADEMY,2022-01,3,7414.46
015234,ZENITH ACADEMY WEST,2022-01,1,6271.64
015237,FLEX HIGH SCHOOL,2022-01,7,9328.15
015261,CITIZENS ACADEMY SOUTHEAST,2022-01,2,20813.29
015329,ISTEM GEAUGA EARLY COLLEGE HS,2022-01,5,5479.04
015344,Tri-State STEM+M Early College,2022-01,3,2231.91
015709,BEACON ACADEMY,2022-01,1,7997.98
015710,BRIDGE GATE COMMUNITY SCHOOL,2022-01,1,8340.96
015712,Euclid Preparatory School,2022-01,2,11648.01
015713,EAST BRANCH PREPATORY ACAD.,2022-01,2,4014.8
015714,URBAN EARLY COLLEGE NETWORK,2022-01,1,1594.26
015722,VILLAGE PREP SCHOOL WILLIARD,2022-01,2,16516.95
015736,iLEAD SPRING MEADOWS,2022-01,2,6888.64
015737,GLOBAL AMBASS. LANG. ACAD.,2022-01,5,9356.58
015741,WESTWOOD PREPARTORY ACAD,2022-01,21,6831.16
016812,SMART Academy,2022-01,2,3564.35
016829,South Columbus Preparatory Aca,2022-01,2,8532.01
016836,Kids Care Elementary,2022-01,1,4361.49
016837,Orchard Park Academy,2022-01,2,6621.42
016843,Citizens Leadership Academy Ea,2022-01,3,16612.58
016849,Liberty High School,2022-01,2,9310.43
016850,Southwest Ohio Preparatory Sch,2022-01,2,2832
016858,United Preparatory Academy Eas,2022-01,1,7258.54
017123,Horizon Science Academy Primar,2022-01,4,14644.43
017212,Academy of Junior Scholars,2022-01,1,6522.95
017233,Great River Connections Academ,2022-01,84,50447.8
017259,Montgomery Preparatory Academy,2022-01,2,8130.69
017270,Lorain Bilingual Preparatory,2022-01,2,9006.99
017274,Mount Auburn Preparatory Acade,2022-01,3,11837.01
017275,AchievePoint Career Academy-Ci,2022-01,6,5823.5
017490,ReGeneration Bond Hill,2022-01,3,8050.39
017497,Cypress High School,2022-01,3,4722.23
017498,Northwest Ohio Classical Acade,2022-01,4,13364.06
017535,Huber Heights Preparatory Acad,2022-01,3,5314.83
017536,Kenmore Preparatory Academy,2022-01,5,11863.69
017537,Capital Collegiate Preparatory,2022-01,4,4648.16
017538,North Columbus Preparatory Aca,2022-01,4,6144.85
017585,Marion Preparatory Academy,2022-01,6,7973.3
017599,Urban Male Tech Academy,2022-01,2,2672.85
017643,Ohio Digital Learning School,2022-01,80,20702.77
019152,Buckeye Community School,2022-01,18,9838.91
019156,Quaker Preparatory Academy,2022-01,30,4980.05
019197,Flex High School Cleveland,2022-01,2,2132.38
019199,Central Point Preparatory Acad,2022-01,3,6590.03
019200,South Columbus Preparatory Aca,2022-01,3,8914.06
019201,Franklinton Prep High School,2022-01,4,5316.85
019212,Valor Academy  Inc.,2022-01,1,2610.53
019220,North Shore High School,2022-01,2,4582.73
019221,Case Preparatory Academy,2022-01,1,8454.21
019226,Franklinton High School,2022-01,1,5762.27
019227,Dublin Preparatory Academy,2022-01,3,8654.99
019235,Focus Learning Acad Cent Cols,2022-01,1,2897.05
019426,Dayton Career Tech High School,2022-01,3,3220.34
019427,Akron Career Tech High School,2022-01,1,923.44
019441,Buckeye Comm School - London,2022-01,9,2296.16
019442,Buckeye Comm School - Marion,2022-01,16,7091.58
019450,Youngstown Preparatory Academy,2022-01,2,1246.35
019452,Citizens of the World Charter,2022-01,3,1018.34
019474,Explorers Academy of Sci & Te,2022-01,2,4273.51
019478,Niles Preparatory Academy,2022-01,2,2900.9
019511,Western Toledo Preparatory Aca,2022-01,4,4975.29
019533,Eagle Charter Schools of Ohio,2022-01,2,1782.78
043489,AKRON CITY SCHOOLS,2022-01,1,651897.9
043497,ALLIANCE CITY BOARD OF EDU,2022-01,3,87107.62
043505,ASHLAND CITY BOARD OF,2022-01,2,100805.25
043513,ASHTABULA AREA CITY SCHOOL,2022-01,1,99817.55
043521,ATHENS CITY SCHOOL DISTRICT,2022-01,1,74839.63
043539,BARBERTON BOARD OF EDUCATION,2022-01,1,108519.62
043547,BAY VILLAGE CITY SCHOOL,2022-01,1,77015.32
043554,BEACHWOOD BOARD OF EDUCATION,2022-01,1,44936.21
043562,BEDFORD BOARD OF EDUCATION,2022-01,2,87612.9
043570,BELLAIRE CITY SCHOOL DISTRICT,2022-01,1,36199.21
043588,BELLEFONTAINE CITY SCHOOL,2022-01,1,72956.93
043596,BELLEVUE CITY SCHOOL DISTRICT,2022-01,4,59470.69
043604,BELPRE CITY SCHOOL DISTRICT,2022-01,1,32566.77
043612,BEREA CITY SCHOOL DISTRICT,2022-01,1,175480.37
043620,BEXLEY CITY SCHOOL DISTRICT,2022-01,1,79239.11
043638,BOWLING GREEN SCHOOL DISTRICT,2022-01,2,85122.64
043646,BRECKSVILLE BROADVIEW HEIGHTS,2022-01,1,114059.05
043653,BROOKLYN LOCAL SCHOOL DISTRICT,2022-01,1,35070.61
043661,BRUNSWICK CITY SCHOOL DISTRICT,2022-01,2,209557.58
043679,BRYAN CITY SCHOOLS,2022-01,1,61133.66
043687,BUCYRUS CITY SCHOOL DISTRICT,2022-01,1,34698.03
043695,CAMBRIDGE CITY BOARD OF,2022-01,2,59259.49
043703,CAMPBELL CITY SCHOOLS,2022-01,1,34805.74
043711,CANTON CITY SCHOOL DISTRICT,2022-01,1,245786.48
043729,CELINA CITY BOARD OF EDU,2022-01,2,78359.38
043737,CENTERVILLE CITY SCHOOL,2022-01,2,254825.74
043745,CHILLICOTHE CITY SCHOOL,2022-01,1,87753.85
043752,CINCINNATI PUBLIC SCHOOLS,2022-01,1,1084447.84
043760,CIRCLEVILLE CITY SCHOOL,2022-01,2,68007.4
043778,CLAYMONT CITY BOARD OF EDU,2022-01,3,55270.91
043786,CLEVELAND CITY SCHOOL DISTRICT,2022-01,1,1090403.25
043794,CLEVELAND HEIGHTS UNIVERSITY,2022-01,1,153489.63
043802,COLUMBUS PUBLIC SCHOOL,2022-01,1,1421655.97
043810,CONNEAUT AREA CITY SCHOOLS,2022-01,1,50689.84
043828,COSHOCTON CITY SCHOOL DISTRICT,2022-01,1,51661.13
043836,CUYAHOGA FALLS CITY SCHOOLS,2022-01,1,131159.72
043844,DAYTON CITY SCHOOL DISTRICT,2022-01,1,352346.35
043851,DEER PARK COMMUNITY CITY,2022-01,1,37801.27
043869,DEFIANCE CITY SCHOOLS,2022-01,2,78574.96
043877,DELAWARE CITY SCHOOLS,2022-01,1,172746.16
043885,DELPHOS CITY SCHOOL DISTRICT,2022-01,3,30147.06
043893,DOVER CITY SCHOOL DISTRICT,2022-01,1,84871.69
043901,EAST CLEVELAND CITY SCHOOL,2022-01,1,45986.42
043919,EAST LIVERPOOL CITY SCHOOLS,2022-01,1,62676.3
043927,EAST PALESTINE CITY SCHOOL,2022-01,2,30540.64
043935,EATON CITY SCHOOLS,2022-01,2,62163.42
043943,ELYRIA CITY SCHOOL DISTRICT,2022-01,1,185773.3
043950,EUCLID BOARD OF EDUCATION,2022-01,2,144101.41
043968,FAIRBORN CITY SCHOOLS,2022-01,3,133293.48
043976,FAIRVIEW PARK CITY SCHOOL DIST,2022-01,1,48468.73
043984,FINDLAY CITY SCHOOLS,2022-01,1,162562.7
043992,FOSTORIA CITY SCHOOLS,2022-01,3,56803.71
044008,FRANKLIN CITY SCHOOLS,2022-01,3,88856.17
044016,FREMONT CITY BOARD OF EDU,2022-01,3,112374.89
044024,GALION CITY SCHOOL DISTRICT,2022-01,3,54711.35
044032,GALLIPOLIS CITY SCHOOLS,2022-01,1,63061.42
044040,GARFIELD HEIGHTS CITY SCHOOL,2022-01,1,104257.1
044057,GENEVA AREA CITY SCHOOL DIST,2022-01,2,70742.21
044065,GIRARD CITY SCHOOL DISTRICT,2022-01,2,53080.83
044073,GRANDVIEW HEIGHTS CITY SCHOOL,2022-01,1,35369.49
044081,WINTONWOODS CITY SCHOOL,2022-01,2,126101.09
044099,GREENVILLE CITY SCHOOL,2022-01,1,76161.34
044107,HAMILTON BOARD OF EDUCATION,2022-01,1,297532.01
044115,HEATH CITY SCHOOL DISTRICT,2022-01,1,56332.51
044123,HILLSBORO CITY BOARD OF EDU,2022-01,1,70118.38
044131,HURON CITY SCHOOL DISTRICT,2022-01,1,38080.17
044149,IRONTON CITY BOARD OF,2022-01,1,42241.79
044156,JACKSON CITY SCHOOL DISTRICT,2022-01,5,76953.76
044164,KENT CITY BOARD OF EDUCATION,2022-01,2,93568.66
044172,KENTON CITY SCHOOLS,2022-01,3,57154.13
044180,KETTERING CITY SCHOOL,2022-01,2,238977.3
044198,LAKEWOOD CITY SCHOOL DISTRICT,2022-01,1,132294.49
044206,LANCASTER CITY SCHOOLS,2022-01,1,191566.82
044214,LEBANON CITY SCHOOL DISTRICT,2022-01,2,172230.06
044222,LIMA CITY BOARD OF EDU,2022-01,1,105098.8
044230,LOCKLAND CITY SCHOOLS,2022-01,1,17277.85
044248,LOGAN HOCKING LOCAL SCHOOLS,2022-01,5,112629.26
044255,LONDON CITY SCHOOL DISTRICT,2022-01,2,68572.27
044263,LORAIN CITY SCHOOLS,2022-01,1,182908.88
044271,LOVELAND CITY SCHOOL DISTRICT,2022-01,3,136706.69
044289,MADEIRA CITY SCHOOLS,2022-01,1,52565.4
044297,MANSFIELD BOARD OF EDUCATION,2022-01,1,101489.41
044305,MAPLE HEIGHTS BOARD OF,2022-01,1,103938.85
044313,MARIEMONT CITY SCHOOL DISTRICT,2022-01,2,50402.25
044321,MARIETTA CITY SCHOOL DISTRICT,2022-01,1,77485.36
044339,MARION CITY SCHOOLS,2022-01,1,132899.08
044347,MARTINS FERRY CITY SCHOOL,2022-01,2,44543.38
044354,MASSILLON CITY SCHOOL DISTRICT,2022-01,1,120383.91
044362,MAUMEE CITY SCHOOL DISTRICT,2022-01,2,74116.71
044370,MAYFIELD CITY SCHOOL DISTRICT,2022-01,3,125708
044388,MEDINA CITY SCHOOLS,2022-01,1,204233.45
044396,MIAMISBURG CITY SCHOOLS,2022-01,1,160892.24
044404,MIDDLETOWN CITY SCH DIST.,2022-01,2,197619.54
044412,MOUNT HEALTHY CITY SCH DIST.,2022-01,1,91703.08
044420,MOUNT VERNON CITY SCHOOL,2022-01,2,121315.27
044438,NAPOLEON CITY SCHOOL DISTRICT,2022-01,3,57746.75
044446,NELSONVILLE YORK CITY SCHOOL,2022-01,3,34670.55
044453,NEWARK CITY SCHOOL DISTRICT,2022-01,1,196080.48
044461,NEW BOSTON BOARD OF EDUCATION,2022-01,1,12139.14
044479,NEW LEXINGTON CITY SCHOOLS,2022-01,3,54650.56
044487,NEW PHILADELPHIA CITY SCHOOLS,2022-01,1,91625.73
044495,NILES CITY SCHOOLS,2022-01,1,65732.28
044503,NORTH CANTON CITY SCHOOLS,2022-01,2,131536.44
044511,NORTH COLLEGE HILL CITY SCH,2022-01,1,44833.33
044529,NORTH OLMSTED CITY SCHOOL,2022-01,1,115936.7
044537,NORTH RIDGEVILLE CITY SCH DIST,2022-01,2,139560.68
044545,NORTH ROYALTON CITY SCHOOL,2022-01,1,125070.33
044552,NORTON CITY SCHOOLS,2022-01,3,68653.96
044560,NORWALK BOARD OF EDUCATION,2022-01,2,84491.96
044578,NORWOOD CITY SCHOOL DISTRICT,2022-01,1,53551.8
044586,OAKWOOD CITY SCHOOLS,2022-01,1,64407.91
044594,OBERLIN CITY SCHOOL DISTRICT,2022-01,1,27116.47
044602,OREGON CITY SCHOOLS,2022-01,3,107699.14
044610,ORRVILLE CITY SCHOOL DISTRICT,2022-01,1,49564.08
044628,PAINESVILLE CITY LOCAL SCHOOLS,2022-01,1,84828.05
044636,PARMA CITY SCHOOL DISTRICT,2022-01,1,293390.18
044644,PIQUA CITY SCHOOL DISTRICT,2022-01,2,108588.66
044651,PORT CLINTON CITY SCHOOLS,2022-01,2,47663.07
044669,PORTSMOUTH CITY SCHOOL,2022-01,1,51431.62
044677,PRINCETON CITY SCHOOL DISTRICT,2022-01,3,185905.26
044685,RAVENNA CITY SCHOOL DISTRICT,2022-01,1,66606.89
044693,READING BOARD OF EDUCATION,2022-01,1,51260.82
044701,ROCKY RIVER CITY SCHOOL,2022-01,1,83602.99
044719,ST BERNARD ELMWOOD PLACE CITY,2022-01,1,25646.32
044727,ST MARYS CITY BOARD OF,2022-01,2,63492.24
044735,SALEM CITY SCHOOL DISTRICT,2022-01,2,62711.19
044743,SANDUSKY BOARD OF EDUCATION,2022-01,1,95312.53
044750,SHAKER HEIGHTS BOARD OF,2022-01,1,144515.12
044768,SHEFFIELD SHEFFLD LAKE CITY,2022-01,1,50350.07
044776,SHELBY CITY BOARD OF EDU,2022-01,2,61739.3
044784,SIDNEY CITY SCHOOL DISTRICT,2022-01,2,100348.6
044792,SOUTH EUCLID LYNDHURST CITY,2022-01,1,101138.3
044800,SOUTH-WESTERN CITY SCHOOLS,2022-01,2,681476.15
044818,SPRINGFIELD CITY SCHOOLS,2022-01,1,228281.71
044826,STEUBENVILLE CITY SCHOOL,2022-01,1,78120.3
044834,STOW-MUNROE FALLS CITY,2022-01,2,159739.85
044842,STRONGSVILLE CITY SCHOOLS,2022-01,3,176689.89
044859,STRUTHERS CITY SCHOOL DISTRICT,2022-01,1,55964.06
044867,SYCAMORE COMMUNITY SCHOOL DIST,2022-01,1,179015.11
044875,SYLVANIA CITY SCHOOL DISTRICT,2022-01,1,242346.32
044883,TALLMADGE CITY SCHOOL DISTRICT,2022-01,2,79198.03
044891,TIFFIN CITY SCHOOLS,2022-01,1,83763.63
044909,TOLEDO PUBLIC SCHOOLS,2022-01,2,672663.36
044917,TORONTO CITY SCHOOL DISTRICT,2022-01,1,25137.41
044925,TROY CITY SCHOOLS,2022-01,1,137236.04
044933,UPPER ARLINGTON CITY SCHOOLS,2022-01,1,200851.57
044941,URBANA CITY SCHOOLS,2022-01,2,58486.11
044958,VANDALIA-BUTLER CITY SCHOOLS,2022-01,2,91861.07
044966,VAN WERT CITY SCHOOLS,2022-01,2,62082.41
044974,WADSWORTH CITY SCHOOLS,2022-01,3,140554.71
044982,WAPAKONETA CITY SCHOOL,2022-01,4,96979.94
044990,WARREN CITY SCHOOL DISTRICT,2022-01,1,144917.04
045005,WARRENSVILLE HEIGHTS CITY,2022-01,1,52605.92
045013,WASHINGTON COURTHOUSE CITY,2022-01,1,65450.67
045021,WELLSTON CITY SCHOOLS,2022-01,2,42604.46
045039,WELLSVILLE LOCAL SCHOOL,2022-01,2,21093.95
045047,WESTERVILLE CITY SCHOOL,2022-01,2,464881.75
045054,WEST CARROLLTON CITY SCHOOL,2022-01,1,105890.43
045062,WESTLAKE CITY SCHOOL DISTRICT,2022-01,1,103938.85
045070,WHITEHALL CITY SCHOOL DISTRICT,2022-01,1,100537.21
045088,WICKLIFFE CITY SCHOOL DISTRICT,2022-01,2,40646.01
045096,WILLARD CITY SCHOOL DISTRICT,2022-01,3,43622.78
045104,WILLOUGHBY-EASTLAKE CITY,2022-01,2,225273.46
045112,WILMINGTON CITY SCHOOLS,2022-01,2,74268.69
045120,WOOSTER CITY SCHOOL DISTRICT,2022-01,1,107829.77
045138,WORTHINGTON BOARD OF EDUCATION,2022-01,2,331568.95
045146,WYOMING CITY SCHOOLS,2022-01,1,62047.54
045153,XENIA COMMUNITY SCHOOLS,2022-01,3,125739.68
045161,YOUNGSTOWN CITY SCHOOLS,2022-01,2,144687.77
045179,ZANESVILLE CITY SCHOOLS,2022-01,1,95871.88
045187,ADA EXEMPTED VILLAGE SCHOOLS,2022-01,3,28252.73
045195,AMHERST EXEMPTED VILLAGE,2022-01,1,116963.65
045203,BARNESVILLE EXEMPTED VILLAGE,2022-01,5,42191.71
045211,BLUFFTON EXEMPTED VILLAGE,2022-01,4,37840.71
045229,BRADFORD EXEMPTED VILLAGE,2022-01,3,17089.8
045237,BRIDGEPORT EXEMPTED VILLAGE,2022-01,1,24323.83
045245,HARRISON HILLS CITY SCHOOL,2022-01,5,48784.53
045252,CALDWELL EXEMPTED VILLAGE,2022-01,2,24876.19
045260,CAREY EXEMPT VILLAGE SCHOOL,2022-01,3,26583.15
045278,CARROLLTON EXEMPTED VILLAGE,2022-01,5,58862.83
045286,CHAGRIN FALLS EXEMPTED VILLAGE,2022-01,2,53712.74
045294,CHESAPEAKE UNION EXEMPTED,2022-01,1,40265.19
045302,CLYDE GREEN SPRINGS EXEMPTED,2022-01,2,65321.68
045310,COLDWATER EXEMPTED VILLAGE,2022-01,1,45068.02
045328,COLUMBIANA EXEMPTED VILLAGE,2022-01,2,32974.16
045336,COVINGTON EXEMPTED VILLAGE,2022-01,2,24678.23
045344,CRESTLINE EXEMPTED VILLAGE,2022-01,2,18001.68
045351,CROOKSVILLE EXEMPTED VILLAGE,2022-01,2,31736.45
045369,FAIRPORT HARBOR EXEMPTED,2022-01,1,19367.42
045377,GEORGETOWN EXEMPTED VILLAGE,2022-01,1,33758.34
045385,GIBSONBURG EXEMPTED VILLAGE,2022-01,2,26123.59
045393,GRANVILLE EXEMPTED VILLAGE,2022-01,1,82172.82
045401,GREENFIELD EXEMPTED VILLAGE,2022-01,3,57291.24
045419,HICKSVILLE EXEMPTED VILLAGE,2022-01,2,28256.33
045427,HUBBARD SCHOOL DISTRICT,2022-01,2,59047.5
045435,INDIAN HILL EXEMPTED VILLAGE,2022-01,1,68061.38
045443,LEETONIA EXEMPTED VILLAGE,2022-01,2,17298.76
045450,LISBON EXEMPTED VILLAGE,2022-01,1,24508.86
045468,LOUDONVILLE PERRYSVILLE,2022-01,4,31303.54
045476,MARYSVILLE EXEMPTED VILLAGE,2022-01,4,173370.98
045484,MECHANICSBURG EXEMPTED VILLAGE,2022-01,3,26646.41
045492,MENTOR EXEMPTED VILLAGE,2022-01,2,228936.97
045500,MILFORD EXEMPTED VILLAGE,2022-01,2,209078.97
045518,MILTON-UNION EXEMPTED VILLAGE,2022-01,3,45866.36
045526,MONTPELIER EXEMPTED VILLAGE,2022-01,1,26264.12
045534,MOUNT GILEAD EXEMPTED,2022-01,2,31699.15
045542,NEWCOMERSTOWN EXEMPTED VILLAGE,2022-01,3,28440.05
045559,NEW RICHMOND EXEMPTED,2022-01,1,64492.17
045567,NEWTON FALLS EXEMPTED VILLAGE,2022-01,3,30986.42
045575,PAULDING EXEMPTED VILLAGE SCH,2022-01,2,41182.19
045583,PERRYSBURG EXEMPTED VILLAGE,2022-01,2,171297.4
045591,RITTMAN EXEMPTED VILLAGE,2022-01,2,28973.78
045609,ROSSFORD EXEMPTED VILLAGE,2022-01,2,55509.56
045617,TIPP CITY EXEMPTED VILLAGE,2022-01,2,78796.84
045625,UPPER SANDUSKY E V SCHOOLS,2022-01,4,52025.31
045633,VERSAILLES EXEMPTED VILLAGE,2022-01,2,40346.47
045641,WAUSEON EXEMPTED VILLAGE,2022-01,2,58341.77
045658,WELLINGTON EXEMPTED VILLAGE,2022-01,2,32408.41
045666,WINDHAM EXEMPTED VILLAGE,2022-01,2,14411.87
045674,YELLOW SPRINGS EXEMPTED,2022-01,2,21449.56
045757,ALLEN EAST LOCAL SCHOOL,2022-01,2,33511.6
045765,BATH LOCAL SCHOOL DISTRICT,2022-01,1,58874.5
045773,ELIDA BOARD OF EDUCATION,2022-01,2,74112.28
045781,PERRY LOCAL SCHOOL DISTRICT,2022-01,2,24310.23
045799,SHAWNEE LOCAL SCHOOL DISTRICT,2022-01,2,77179.23
045807,SPENCERVILLE LOCAL SCHOOL,2022-01,4,31203.31
045823,HILLSDALE SCHOOLS,2022-01,3,26950.56
045831,MAPLETON LOCAL SCHOOL DISTRICT,2022-01,3,27797.9
045856,BUCKEYE LOCAL SCHOOL DISTRICT,2022-01,1,56779
045864,GRAND VALLEY LOCAL SCHOOL,2022-01,3,31210.44
045872,JEFFERSON AREA LOCAL SCHOOL,2022-01,1,56428.31
045880,PYMATUNING VALLEY LOCAL,2022-01,2,36024.83
045906,ALEXANDER LOCAL SCHOOL,2022-01,3,47619.46
045914,FEDERAL HOCKING LOCAL SCHOOL,2022-01,4,31436.95
045922,TRIMBLE LOCAL SCHOOL DISTRICT,2022-01,4,25346.84
045948,MINSTER LOCAL SCHOOL DISTRICT,2022-01,3,27182.33
045955,NEW BREMEN LOCAL SCHOOL,2022-01,3,25622.72
045963,NEW KNOXVILLE LOCAL SCHOOL,2022-01,2,11849.23
045971,WAYNESFIELD-GOSHEN LOCAL,2022-01,4,14379.07
045997,ST CLAIRSVILLE RICHLAND CITY,2022-01,3,52327.12
046003,SHADYSIDE LOCAL BOARD OF EDU,2022-01,1,22477.26
046011,UNION LOCAL SCHOOL DISTRICT,2022-01,2,45301.37
046037,EASTERN LOCAL SCHOOL DISTRICT,2022-01,3,39349.86
046045,FAYETTEVILLE-PERRY LOCAL,2022-01,4,26033.51
046060,WESTERN BROWN LOCAL SCHOOL,2022-01,3,92566.06
046078,RIPLEY UNION LEWIS HUNTINGTON,2022-01,3,24501.91
046094,EDGEWOOD CITY SCHOOL DISTRICT,2022-01,2,116695.53
046102,FAIRFIELD CITY SCHOOL DISTRICT,2022-01,2,315505.57
046110,LAKOTA LOCAL SCHOOL DISTRICT,2022-01,3,550030.81
046128,MADISON LOCAL SCHOOL DISTRICT,2022-01,2,46513.38
046136,NEW MIAMI LOCAL SCHOOL,2022-01,1,19681.54
046144,ROSS LOCAL SCHOOL DISTRICT,2022-01,2,90891.46
046151,TALAWANDA CITY SCHOOL DISTRICT,2022-01,2,95295.56
046177,BROWN LOCAL SCHOOL DISTRICT,2022-01,2,21015.24
046193,GRAHAM LOCAL SCHOOL DISTRICT,2022-01,5,50898.13
046201,TRIAD LOCAL SCHOOLS,2022-01,3,26678.31
046219,WEST LIBERTY SALEM LOCAL,2022-01,2,37751
046235,GREENON LOCAL SCHOOLS,2022-01,2,52928.09
046243,TECUMSEH LOCAL SCHOOL DISTRICT,2022-01,4,91519.44
046250,NORTHEASTERN LOCAL SCHOOL,2022-01,3,96841.6
046268,NORTHWESTERN LOCAL SCHOOL,2022-01,3,51055.07
046276,SOUTHEASTERN LOCAL SCHOOL,2022-01,3,22561.39
046284,CLARK-SHAWNEE LOCAL SCHOOL,2022-01,1,56114.47
046300,BATAVIA LOCAL SCHOOL DISTRICT,2022-01,1,74623.91
046318,BETHEL-TATE LOCAL SCHOOLS,2022-01,2,49052.54
046326,CLERMONT NORTHEASTERN SCHOOL,2022-01,2,45094.63
046334,FELICITY-FRANKLIN LOCAL,2022-01,2,24128.97
046342,GOSHEN LOCAL SCHOOLS,2022-01,2,89316.98
046359,WEST CLERMONT LOCAL SCH DIST.,2022-01,2,261535.82
046367,WILLIAMSBURG LOCAL SCHOOL,2022-01,2,32080.59
046383,BLANCHESTER LOCAL SCHOOL,2022-01,5,44113.14
046391,CLINTON-MASSIE LOCAL SCHOOL,2022-01,3,57450.2
046409,EAST CLINTON LOCAL SCHOOL,2022-01,4,40932.83
046425,BEAVER LOCAL SCHOOL DISTRICT,2022-01,1,55591.72
046433,CRESTVIEW LOCAL SCHOOL,2022-01,2,38743.38
046441,SOUTHERN LOCAL SCHOOL DISTRICT,2022-01,3,25560.13
046458,UNITED LOCAL SCHOOL DISTRICT,2022-01,2,36284.39
046474,RIDGEWOOD LOCAL BOARD OF,2022-01,3,40611.65
046482,RIVER VIEW LOCAL SCHOOL,2022-01,4,55332.73
046508,BUCKEYE CENTRAL LOCAL SCHOOL,2022-01,4,20350.39
046516,COLONEL CRAWFORD LOCAL SCHOOLS,2022-01,3,30444.34
046524,WYNFORD LOCAL SCHOOL DISTRICT,2022-01,4,37058.18
046557,CUYAHOGA HEIGHTS LOCAL SCHOOL,2022-01,2,25491.47
046565,INDEPENDENCE LOCAL SCHOOLS,2022-01,1,33383.91
046573,OLMSTED FALLS BOARD OF,2022-01,2,110176.73
046581,ORANGE CITY SCHOOL DISTRICT,2022-01,2,61707.89
046599,RICHMOND HEIGHTS LOCAL SCHOOL,2022-01,1,23645.61
046607,SOLON BOARD OF EDUCATION,2022-01,2,144387.85
046623,ANSONIA LOCAL SCHOOL DISTRICT,2022-01,1,22759.02
046631,ARCANUM BUTLER LOCAL SCHOOL,2022-01,1,33707.61
046649,FRANKLIN MONROE LOCAL SCHOOL,2022-01,2,17302.3
046672,MISSISSINAWA VALLEY LOCAL,2022-01,1,20843.82
046680,TRI-VILLAGE LOCAL SCHOOL DIST,2022-01,2,25899.23
046706,AYERSVILLE LOCAL SCH DIST.,2022-01,4,24236.03
046714,CENTRAL LOCAL SCHOOL DISTRICT,2022-01,3,31517.15
046722,NORTHEASTERN LOCAL SCHOOL,2022-01,3,34803.74
046748,BIG WALNUT LOCAL SCHOOLS,2022-01,4,128788.74
046755,BUCKEYE VALLEY LOCAL SCHOOL,2022-01,4,68571.38
046763,OLENTANGY LOCAL SCHOOLS,2022-01,2,714985.19
046789,EDISON LOCAL SCHOOLS,2022-01,2,43877.69
046797,KELLEYS ISLAND SCHOOL,2022-01,1,320.27
046805,MARGARETTA LOCAL SCHOOL DIST,2022-01,2,33449.98
046813,PERKINS LOCAL SCHOOL DISTRICT,2022-01,1,59586.35
046821,VERMILION LOCAL SCH DIST.,2022-01,2,55475.84
046847,AMANDA-CLEARCREEK LOCAL SCHOOL,2022-01,3,47749.92
046854,BERNE UNION LOCAL SCHOOLS,2022-01,2,26014.92
046862,BLOOM CARROLL LOCAL SCHOOL,2022-01,2,74425.12
046870,FAIRFIELD UNION LOCAL SCHOOL,2022-01,3,62386.97
046888,LIBERTY UNION THURSTON LOCAL,2022-01,1,39524.61
046896,PICKERINGTON LOCAL SCHOOL DIST,2022-01,3,355044.63
046904,WALNUT TOWNSHIP LOCAL SCHOOL,2022-01,3,15841.56
046920,MIAMI TRACE LOCAL SCH DIST.,2022-01,7,83150.48
046946,CANAL WINCHESTER LOCAL SCHOOL,2022-01,3,123358.47
046953,HAMILTON LOCAL SCHOOLS,2022-01,2,91782.48
046961,GAHANNA-JEFFERSON CITY SCHOOL,2022-01,2,252202.78
046979,GROVEPORT MADISON LOCAL,2022-01,2,196491.01
046995,NEW ALBANY PLAIN LOCAL SCHOOL,2022-01,3,158892.33
047001,REYNOLDSBURG CITY SCHOOLS,2022-01,3,242661.33
047019,HILLIARD CITY SCHOOL DISTRICT,2022-01,1,509371.54
047027,DUBLIN CITY SCHOOLS,2022-01,3,521324.73
047043,ARCHBOLD AREA LOCAL SCHOOLS,2022-01,4,39359.29
047050,EVERGREEN LOCAL SCHOOL,2022-01,2,36791.13
047068,FAYETTE LOCAL SCHOOL DISTRICT,2022-01,2,10633.8
047076,PETTISVILLE LOCAL SCHOOL,2022-01,2,15509.99
047084,PIKE DELTA YORK LOCAL SCHOOLS,2022-01,3,38872.52
047092,SWANTON LOCAL SCHOOL DISTRICT,2022-01,3,38443.46
047167,BERKSHIRE BOARD OF EDUCATION,2022-01,2,43261.61
047175,CARDINAL LOCAL SCHOOL DISTRICT,2022-01,4,26633.1
047183,CHARDON BOARD OF EDUCATION,2022-01,2,83398.57
047191,KENSTON LOCAL SCHOOL DISTRICT,2022-01,3,82507.49
047225,WEST GEAUGA LOCAL SCHOOL,2022-01,3,67341.82
047241,BEAVERCREEK CITY SCHOOLS,2022-01,2,254761.72
047258,CEDARCLIFF LOCAL BOARD OF,2022-01,2,19378.06
047266,GREENEVIEW LOCAL SCHOOL,2022-01,3,44178.69
047274,SUGARCREEK LOCAL SCHOOL,2022-01,3,88191.56
047308,ROLLING HILLS LOCAL SCHOOL,2022-01,3,49909.88
047332,FINNEYTOWN LOCAL SCHOOL,2022-01,1,39774.07
047340,FOREST HILLS LOCAL SCHOOL,2022-01,2,230213.12
047365,NORTHWEST LOCAL SCHOOL,2022-01,2,277114.15
047373,OAK HILLS LOCAL SCHOOL DISTICT,2022-01,1,246344.65
047381,SOUTHWEST LOCAL SCHOOL DIST,2022-01,2,142107.01
047399,THREE RIVERS LOCAL SCHOOL DIST,2022-01,1,67106.8
047415,ARCADIA LOCAL SCHOOL DISTRICT,2022-01,3,17399.3
047423,ARLINGTON LOCAL SCHOOL,2022-01,2,18138.53
047431,CORY-RAWSON LOCAL SCHOOLS,2022-01,2,16151.29
047449,LIBERTY-BENTON LOCAL SCHOOL,2022-01,1,49257.54
047456,MCCOMB LOCAL SCHOOL DISTRICT,2022-01,4,19983.66
047464,VAN BUREN LOCAL SCHOOL,2022-01,2,32669.99
047472,VANLUE LOCAL SCHOOL DISTRICT,2022-01,3,5132.96
047498,HARDIN NORTHERN LOCAL SCHOOL,2022-01,2,12255.82
047506,RIDGEMONT LOCAL SCHOOL,2022-01,4,16409.62
047514,RIVERDALE LOCAL SCHOOL,2022-01,3,32484.76
047522,UPPER SCIOTO VALLEY LOCAL,2022-01,4,14142.04
047548,CONOTTON VALLEY LOCAL SCHOOL,2022-01,3,16175.4
047571,HOLGATE LOCAL SCHOOL DISTRICT,2022-01,3,13877.34
047589,LIBERTY CENTER LOCAL SCHOOL,2022-01,3,32765.85
047597,PATRICK HENRY LOCAL SCHOOL,2022-01,3,28199.09
047613,BRIGHT LOCAL SCHOOL DISTRICT,2022-01,3,22296.08
047621,FAIRFIELD LOCAL SCHOOL,2022-01,3,29343.9
047639,LYNCHBURG-CLAY LOCAL SCHOOL,2022-01,3,34829.49
047688,EAST HOLMES LOCAL SCHOOL,2022-01,5,49314.66
047696,WEST HOLMES LOCAL SCHOOL,2022-01,5,62528.98
047712,MONROEVILLE LOCAL SCHOOL,2022-01,2,17904.06
047720,NEW LONDON LOCAL SCHOOL,2022-01,3,27053.18
047738,SOUTH CENTRAL LOCAL SCHOOL,2022-01,3,23444.47
047746,WESTERN RESERVE BD OF EDUC,2022-01,3,32186.71
047761,OAK HILL UNION LOCAL SCHOOL,2022-01,5,37951.66
047787,BUCKEYE LOCAL SCHOOL DISTRICT,2022-01,3,44056.73
047795,EDISON LOCAL SCHOOLS,2022-01,3,44424.36
047803,INDIAN CREEK SCHOOL DISTRICT,2022-01,2,60712.27
047829,CENTERBURG LOCAL SCHOOL,2022-01,4,35328.4
047837,DANVILLE LOCAL SCHOOL DISTRICT,2022-01,4,19520.9
047845,EAST KNOX LOCAL SCHOOL,2022-01,2,30638.48
047852,FREDERICKTOWN LOCAL SCHOOL,2022-01,3,39521.65
047878,KIRTLAND LOCAL BOARD OF,2022-01,2,35867.96
047886,MADISON LOCAL SCHOOL DISTRICT,2022-01,3,87634.17
047894,RIVERSIDE LOCAL SCH DIST.,2022-01,2,135572.02
047902,PERRY LOCAL SCHOOL DISTRICT,2022-01,1,47239.96
047928,DAWSON BRYANT LOCAL SCHOOL,2022-01,1,37491.58
047936,FAIRLAND LOCAL SCHOOL DISTRICT,2022-01,2,49894.32
047944,ROCK HILL LOCAL SCHOOL,2022-01,2,42721.28
047951,SOUTH POINT LOCAL SCHOOLS,2022-01,1,46577.55
047969,SYMMES VALLEY LOCAL SCHOOLS,2022-01,2,23975.54
047985,JOHNSTOWN MONROE LOCAL SCHOOL,2022-01,3,54643.01
047993,LAKEWOOD LOCAL SCHOOL DISTRICT,2022-01,3,53656.97
048009,LICKING HEIGHTS LOCAL SCHOOLS,2022-01,2,154315.83
048017,LICKING VALLEY LOCAL SCHOOL,2022-01,2,67932.86
048025,NORTH FORK LOCAL SCHOOL,2022-01,2,50971.02
048033,NORTHRIDGE LOCAL SCHOOL,2022-01,3,35819.39
048041,SOUTHWEST LICKING LOCAL SCHOOL,2022-01,2,147937.86
048074,BENJAMIN LOGAN LOCAL SCHOOL,2022-01,4,54114.52
048082,INDIAN LAKE LOCAL SCHOOL,2022-01,4,46380.29
048090,RIVERSIDE LOCAL SCHOOL,2022-01,3,19004.57
048116,AVON LOCAL SCHOOL DISTRICT,2022-01,2,144239.23
048124,AVON LAKE CITY SCHOOLS,2022-01,1,117695.67
048132,CLEARVIEW BOARD OF EDUCATION,2022-01,1,46244.4
048140,COLUMBIA LOCAL SCHOOL DISTRICT,2022-01,3,28994.9
048157,FIRELANDS LOCAL SCHOOL,2022-01,3,57281.17
048165,KEYSTONE LOCAL SCHOOLS,2022-01,2,48536.41
048173,MIDVIEW LOCAL SCHOOL DISTRICT,2022-01,2,91502.47
048207,ANTHONY WAYNE LOCAL SCHOOLS,2022-01,3,138412.22
048215,OTTAWA HILLS LOCAL SCHOOL,2022-01,1,33295.11
048223,SPRINGFIELD LOCAL SCH DIST.,2022-01,1,112323.17
048231,WASHINGTON LOCAL SCHOOL,2022-01,1,219703.09
048256,JEFFERSON LOCAL SCHOOL,2022-01,2,34252.7
048264,JONATHAN ALDER LOCAL SCHOOL,2022-01,3,72988.9
048272,MADISON PLAINS LOCAL SCHOOL,2022-01,5,37347.51
048298,AUSTINTOWN LOCAL SCHOOL,2022-01,2,135992.07
048306,BOARDMAN LOCAL SCHOOL DISTRICT,2022-01,1,127237.54
048314,CANFIELD LOCAL SCHOOL DISTRICT,2022-01,1,81245.37
048322,JACKSON-MILTON LOCAL SCHOOL,2022-01,3,25944.65
048330,LOWELLVILLE LOCAL SCHOOLS,2022-01,1,15437.26
048348,POLAND LOCAL SCHOOL DISTRICT,2022-01,1,56187.79
048355,SEBRING LOCAL SCHOOL DISTICT,2022-01,1,11665.84
048363,SOUTH RANGE LOCAL SCHOOL,2022-01,2,40012.4
048371,SPRINGFIELD LOCAL BOARD OF EDU,2022-01,2,30267.16
048389,WEST BRANCH LOCAL SCHOOL,2022-01,4,56781.79
048397,WESTERN RESERVE LOCAL SCHOOLS,2022-01,2,19560.25
048413,ELGIN LOCAL SCHOOL DISTRICT,2022-01,4,34699.74
048421,PLEASANT LOCAL SCHOOL DISTRICT,2022-01,1,40855.22
048439,RIDGEDALE LOCAL SCHOOLS,2022-01,3,20455.94
048447,RIVER VALLEY LOCAL SCHOOL DIST,2022-01,4,61813.82
048462,BLACK RIVER LOCAL SCHOOL,2022-01,4,32801.31
048470,BUCKEYE LOCAL SCHOOL DISTRICT,2022-01,3,73368.83
048488,CLOVERLEAF LOCAL SCHOOL,2022-01,2,75379.57
048496,HIGHLAND LOCAL SCHOOL DISTRICT,2022-01,2,106468.01
048512,EASTERN LOCAL SCHOOL DISTRICT,2022-01,1,22831.3
048520,MEIGS LOCAL SCHOOL DISTRICT,2022-01,3,50245.29
048538,SOUTHERN LOCAL SCHOOL DISTRICT,2022-01,1,21580.7
048553,MARION LOCAL BOARD OF,2022-01,3,29685.74
048579,PARKWAY SCHOOL BOARD OF EDUC,2022-01,3,31235.22
048587,ST HENRY CONSOLIDATED LOCAL,2022-01,2,30066.74
048595,FORT RECOVERY LOCAL SCHOOL,2022-01,2,29524.18
048611,BETHEL LOCAL SCHOOL DISTRICT,2022-01,3,56994.34
048629,MIAMI EAST LOCAL SCHOOLS,2022-01,4,43987.02
048637,NEWTON LOCAL SCHOOL DISTRICT,2022-01,2,20171.1
048652,SWITZERLAND OF OHIO LOCAL,2022-01,4,61934.9
048678,BROOKVILLE LOCAL SCHOOL,2022-01,2,48221.34
048686,JEFFERSON TOWNSHIP LOCAL,2022-01,1,8003.16
048694,TROTWOOD MADISON CITY SCHOOLS,2022-01,1,82136.03
048702,MAD RIVER LOCAL SCHOOL,2022-01,2,115391.89
048710,NEW LEBANON LOCAL SCHOOLS,2022-01,2,35398.58
048728,NORTHMONT CITY SCHOOLS,2022-01,3,154596.32
048736,NORTHRIDGE LOCAL SCHOOL,2022-01,1,51048.05
048744,VALLEY VIEW LOCAL SCHOOL,2022-01,3,54812.01
048751,HUBER HEIGHTS CITY SCHOOLS,2022-01,4,182543.03
048777,MORGAN LOCAL SCHOOL DISTRICT,2022-01,5,52103.09
048793,CARDINGTON LINCOLN LOCAL,2022-01,2,32433.06
048801,HIGHLAND LOCAL SCHOOL DISTRICT,2022-01,3,53457.59
048819,NORTHMOR LOCAL SCHOOLS,2022-01,5,33328.17
048835,EAST MUSKINGUM SCHOOL DISTRICT,2022-01,2,70252.29
048843,FRANKLIN LOCAL SCHOOL DISTRICT,2022-01,3,63351.62
048850,MAYSVILLE LOCAL SCHOOL DIST,2022-01,2,60381.5
048876,TRI-VALLEY LOCAL SCHOOLS,2022-01,3,96157.42
048884,WEST MUSKINGUM LOCAL SCHOOL,2022-01,3,49235.27
048900,NOBLE LOCAL SCHOOL DISTRICT,2022-01,5,32237.76
048926,BENTON CARROLL SALEM LOCAL,2022-01,3,47061.95
048934,DANBURY LOCAL SCHOOLS,2022-01,1,14971.71
048942,GENOA AREA LOCAL SCHOOL,2022-01,4,42741.83
048975,PUT-IN-BAY LOCAL SCHOOL,2022-01,1,1947.28
048991,ANTWERP LOCAL SCHOOL DISTRICT,2022-01,2,21995.81
049031,WAYNE TRACE LOCAL SCHOOL,2022-01,3,29780.95
049056,NORTHERN LOCAL SCHOOL DISTRICT,2022-01,4,72775.68
049064,SOUTHERN LOCAL SCHOOL DISTRICT,2022-01,4,20316.18
049080,LOGAN ELM LOCAL SCHOOL DIST,2022-01,5,57135.7
049098,TEAYS VALLEY BOARD OF EDU,2022-01,3,137252.54
049106,WESTFALL LOCAL SCHOOL DISTRICT,2022-01,3,43936.75
049122,EASTERN LOCAL SCHOOL DISTRICT,2022-01,3,26565.71
049130,SCIOTO VALLEY LOCAL SCHOOL,2022-01,2,42977.8
049148,WAVERLY CITY SCHOOLS,2022-01,3,59593.09
049155,WESTERN LOCAL SCHOOL DISTRICT,2022-01,4,23625.65
049171,AURORA BOARD OF EDUCATION,2022-01,4,93741.11
049189,CRESTWOOD LOCAL SCHOOLS,2022-01,2,45160.26
049197,FIELD LOCAL SCHOOL DISTRICT,2022-01,3,62754.15
049205,JAMES A GARFIELD LOCAL SCHOOLS,2022-01,3,39787.99
049213,ROOTSTOWN LOCAL SCHOOL,2022-01,1,33559.13
049221,SOUTHEAST LOCAL SCHOOLS,2022-01,3,45702.84
049239,STREETSBORO CITY SCHOOLS,2022-01,2,66414.05
049247,WATERLOO LOCAL BOARD OF EDU,2022-01,2,28156.16
049270,NATIONAL TRAIL LOCAL SD,2022-01,2,30951.7
049288,PREBLE SHAWNEE LOCAL SCHOOLS,2022-01,3,42934.84
049296,TWIN VALLEY COMMUNITY LOCAL,2022-01,2,24932.48
049312,COLUMBUS GROVE LOCAL SCHOOL,2022-01,2,26588.12
049320,CONTINENTAL LOCAL SCHOOL,2022-01,3,15454.81
049338,JENNINGS LOCAL SCHOOL DISTRICT,2022-01,3,12189.09
049346,KALIDA LOCAL SCHOOL DISTRICT,2022-01,1,19649.46
049353,LEIPSIC LOCAL SCHOOL DISTRICT,2022-01,2,20769.99
049361,MILLER CITY-NEW CLEVELAND,2022-01,1,16449.22
049379,OTTAWA GLANDORF LOCAL SCHOOL,2022-01,1,47843.55
049387,OTTOVILLE LOCAL SCHOOL,2022-01,3,15516.82
049395,PANDORA-GILBOA LOCAL BOARD OF,2022-01,3,16737.42
049411,CLEARFORK VALLEY LOCAL SCHOOL,2022-01,3,51755.39
049429,CRESTVIEW LOCAL SCHOOL,2022-01,3,31907.27
049437,LEXINGTON LOCAL SCH DIST.,2022-01,2,76131.04
049445,LUCAS LOCAL SCHOOL DISTRICT,2022-01,2,16498.1
049452,MADISON LOCAL SCHOOLS,2022-01,2,87005.07
049460,PLYMOUTH-SHILOH LOCAL SCHOOLS,2022-01,3,22932.52
049478,ONTARIO LOCAL SCHOOLS,2022-01,2,64325.54
049494,ADENA LOCAL SCHOOL DISTRICT,2022-01,3,37202.36
049502,HUNTINGTON LOCAL SCH DIST.,2022-01,2,36545.9
049510,PAINT VALLEY LOCAL SCHOOL,2022-01,3,25776.97
049528,SOUTHEASTERN LOCAL SCHOOL,2022-01,4,33027.41
049536,UNION-SCIOTO LOCAL SCHOOL,2022-01,2,67347.95
049544,ZANE TRACE LOCAL SCHOOL,2022-01,3,43174.96
049569,LAKOTA LOCAL SCHOOLS,2022-01,3,32015.54
049577,WOODMORE LOCAL SCHOOL DISTRICT,2022-01,3,29287.04
049593,BLOOM-VERNON LOCAL SCHOOL,2022-01,3,26418.51
049601,CLAY LOCAL SCHOOL DISTRICT,2022-01,1,18879.56
049619,GREEN LOCAL SCHOOL DISTRICT,2022-01,2,17951.15
049627,MINFORD LOCAL SCHOOL DISTRICT,2022-01,2,39835.58
049635,NORTHWEST LOCAL SCHOOL DIST,2022-01,3,42303.52
049643,VALLEY LOCAL SCHOOL DISTRICT,2022-01,2,33453.15
049650,WASHINGTON NILES LOCAL SCHOOL,2022-01,2,41853.63
049668,WHEELERSBURG LOCAL SCHOOL,2022-01,1,50696.88
049684,SENECA EAST LOCAL SCHOOL,2022-01,3,27340.57
049700,HOPEWELL-LOUDON LOCAL SCHOOL,2022-01,2,24843.64
049718,NEW RIEGEL LOCAL SCHOOL,2022-01,1,11668.56
049726,OLD FORT LOCAL SCHOOL DISTRICT,2022-01,2,21982.39
049759,ANNA LOCAL BOARD OF EDUCAION,2022-01,1,36750.76
049767,BOTKINS LOCAL SCHOOL DISTRICT,2022-01,2,20976.59
049775,FAIRLAWN LOCAL SCHOOL DISTRICT,2022-01,4,18602.6
049783,FORT LORAMIE LOCAL SCHOOL,2022-01,2,24490.18
049791,HARDIN-HOUSTON LOCAL SCHOOL,2022-01,2,25925.4
049809,JACKSON CENTER LOCAL SCHOOL,2022-01,3,17170.36
049817,RUSSIA LOCAL SCHOOL DISTRICT,2022-01,2,13153.82
049833,CANTON LOCAL SCHOOL DISTRICT,2022-01,1,56686.86
049841,FAIRLESS LOCAL BOARD OF,2022-01,3,45725.35
049858,JACKSON LOCAL SCHOOL DISTRICT,2022-01,1,190565.38
049866,LAKE LOCAL SCHOOL DISTRICT,2022-01,3,107543.55
049874,LOUISVILLE CITY SCHOOLS,2022-01,1,89762.17
049882,MARLINGTON LOCAL SCHOOL,2022-01,4,61374.45
049890,MINERVA LOCAL SCHOOLS,2022-01,3,58565.29
049908,NORTHWEST LOCAL SCHOOL,2022-01,3,58880.15
049916,OSNABURG LOCAL SCHOOLS,2022-01,2,26606.84
049924,PERRY LOCAL SCHOOL DISTRICT,2022-01,1,135742.58
049932,PLAIN LOCAL SCHOOL DISTRICT,2022-01,1,194580.3
049940,SANDY VALLEY LOCAL SCHOOL,2022-01,3,40280.25
049957,TUSLAW LOCAL SCHOOLS,2022-01,2,43495.08
049973,WOODRIDGE LOCAL SCHOOL,2022-01,2,61073.99
049981,COPLEY-FAIRLAWN CITY SCHOOLS,2022-01,2,85083.51
049999,COVENTRY LOCAL SCHOOL DISTRICT,2022-01,1,50757.13
050005,MANCHESTER LOCAL SCHOOL,2022-01,2,41650.53
050013,GREEN LOCAL SCHOOLS,2022-01,2,126670.46
050021,HUDSON CITY SCHOOL DISTRICT,2022-01,1,144406.25
050039,MOGADORE LOCAL SCHOOL DISTRICT,2022-01,2,26231.35
050047,NORDONIA HILLS CITY SCHOOLS,2022-01,2,110652.92
050054,REVERE LOCAL SCHOOL DISTRICT,2022-01,3,89064.02
050062,SPRINGFIELD LOCAL SCH DIST.,2022-01,3,60980.45
050070,TWINSBURG BOARD OF EDUCATION,2022-01,2,126510.68
050096,BLOOMFIELD-MESPO LOCAL SCHOOL,2022-01,3,7172.4
050112,BRISTOL LOCAL SCHOOL DISTRICT,2022-01,1,15907.08
050120,BROOKFIELD LOCAL SCHOOL,2022-01,1,32451.73
050138,CHAMPION LOCAL SCHOOL DISTRICT,2022-01,1,40899.38
050153,MATHEWS LOCAL SCHOOL DISTRICT,2022-01,1,20975.67
050161,HOWLAND LOCAL SCHOOL DISTRICT,2022-01,1,80364.25
050179,JOSEPH BADGER LOCAL SCHOOL DIS,2022-01,2,20816.3
050187,LAKEVIEW LOCAL BOARD,2022-01,1,51291.58
050195,LIBERTY LOCAL BOARD OF EDU,2022-01,2,41905.34
050203,LORDSTOWN LOCAL SCHOOL,2022-01,2,14154.38
050211,MAPLEWOOD LOCAL BOARD OF EDU,2022-01,2,21007.56
050229,MCDONALD BOARD OF EDUCATION,2022-01,1,21198.82
050237,SOUTHINGTON LOCAL SCHOOL,2022-01,2,14058.75
050245,LABRAE LOCAL SCHOOL DISTRICT,2022-01,2,33312.85
050252,WEATHERSFIELD LOCAL SCHOOL,2022-01,2,30591.41
050278,GARAWAY LOCAL SCHOOLS,2022-01,4,36230.02
050286,INDIAN VALLEY LOCAL SCHOOLS,2022-01,2,56167.43
050294,STRASBURG-FRANKLIN LOCAL,2022-01,2,18541.88
050302,TUSCARAWAS VALLEY LOCAL SCHOOL,2022-01,3,41544.57
050328,FAIRBANKS LOCAL SCHOOLS,2022-01,4,35601.25
050336,NORTH UNION LOCAL SCHOOL,2022-01,5,46539.01
050351,CRESTVIEW LOCAL SCHOOL,2022-01,2,27412.07
050369,LINCOLNVIEW LOCAL SCH DIST.,2022-01,4,28081.97
050393,VINTON COUNTY LOCAL SCHOOLS,2022-01,6,57549.79
050419,CARLISLE LOCAL SCHOOLS,2022-01,3,50613.94
050427,SPRINGBORO COMMUNITY SCHOOLS,2022-01,2,195130.01
050435,KINGS LOCAL SCHOOL DISTRICT,2022-01,3,150762.12
050443,LITTLE MIAMI LOCAL SCHOOL,2022-01,2,165660.48
050450,MASON CITY SCHOOL DISTRICT,2022-01,3,324456.66
050468,WAYNE LOCAL SCHOOL DISTRICT,2022-01,4,51287.57
050484,FORT FRYE LOCAL SCHOOL,2022-01,3,32032.14
050492,FRONTIER LOCAL SCHOOL DISTRICT,2022-01,2,18852.66
050500,WARREN LOCAL SCHOOLS,2022-01,3,67435.65
050518,WOLF CREEK LOCAL SCHOOL BD,2022-01,2,20164.61
050534,CHIPPEWA LOCAL SCHOOLS,2022-01,4,39712.78
050542,DALTON LOCAL SCHOOL DISTRICT,2022-01,2,29515.02
050559,GREEN LOCAL SCHOOL DISTRICT,2022-01,1,35762.64
050567,NORTH CENTRAL LOCAL SCHOOLS,2022-01,2,43955.01
050575,NORTHWESTERN LOCAL SCH DIST.,2022-01,3,41384.49
050583,SOUTHEAST LOCAL SCH DIST.,2022-01,3,39970.55
050591,TRIWAY LOCAL SCHOOL DISTRICT,2022-01,3,49183.85
050617,EDGERTON LOCAL SCHOOL DISTRICT,2022-01,2,18839.18
050625,EDON NORTHWEST LOCAL SCHOOL,2022-01,1,15739.28
050633,MILLCREEK WEST UNITY LOCAL,2022-01,2,16764.21
050641,NORTH CENTRAL LOCAL SCHOOL,2022-01,1,18522.44
050658,STRYKER LOCAL SCHOOL DISTRICT,2022-01,4,11517.13
050674,EASTWOOD BOARD OF EDUCATION,2022-01,3,46216.14
050682,ELMWOOD LOCAL SCHOOL DISTRICT,2022-01,2,37509.59
050690,LAKE LOCAL SCHOOL DISTRICT,2022-01,2,48637.66
050708,NORTH BALTIMORE BOARD OF,2022-01,2,20733.56
050716,NORTHWOOD LOCAL SCHOOLS,2022-01,3,31733.44
050724,OTSEGO LOCAL SCHOOL DISTRICT,2022-01,3,51257.6
050740,MOHAWK BOARD OF EDUCATION,2022-01,3,26065.15
050773,APOLLO JOINT VOCATIONAL,2022-01,8,54187.05
050799,SOUTHERN HILLS JOINT,2022-01,5,41986.98
050815,ASHTABULA COUNTY TECHNICAL &,2022-01,3,47820.55
050856,BELMONT-HARRISON VOCATIONAL,2022-01,6,31149.43
050880,BUTLER TECHNOLOGY & CAREER,2022-01,4,440983.95
050906,COLUMBIANA COUNTY JOINT,2022-01,4,12254.81
050922,CUYAHOGA VALLEY CAREER CENTER,2022-01,2,23969.2
050948,POLARIS JOINT VOCATIONAL,2022-01,2,81661.7
050963,FOUR COUNTY JOINT VOCATIONAL,2022-01,9,42064.58
050989,DELAWARE AREA CAREER CENTER,2022-01,6,66625.51
051003,EASTLAND-FAIRFIELD CAREER &,2022-01,7,63571.46
051029,EHOVE JOINT VOCATIONAL SCHOOL,2022-01,7,25393.07
051045,GREENE COUNTY JOINT VOCATIONAL,2022-01,6,87589.41
051060,GREAT OAKS INSTITUTE OF TECH,2022-01,12,388755.29
051128,JEFFERSON COUNTY JOINT,2022-01,5,10023.34
051144,KNOX COUNTY CAREER CENTER,2022-01,4,18816.02
051169,AUBURN VOCATIONAL SCHOOL DIST,2022-01,5,22967.28
051185,LAWRENCE COUNTY JOINT,2022-01,3,47088.84
051201,LICKING CNTY JOINT VOCATIONAL,2022-01,7,73470.17
051227,LORAIN COUNTY JOINT,2022-01,4,50833.46
051243,MAHONING COUNTY CAREER &,2022-01,5,27160.93
051284,MIAMI VALLEY CAREER TECHNOLOGY,2022-01,10,123904.74
051300,MIDEAST CAREER & TECHNOLOGY,2022-01,12,39609.39
051334,OHIO HI POINT JOINT VOCATIONAL,2022-01,12,105560.35
051359,PENTA COUNTY VOCATIONAL SCHOOL,2022-01,7,141076.88
051375,PIKE COUNTY JOINT VOCATIONAL,2022-01,6,15824.18
051391,MAPLEWOOD CAREER CENTER,2022-01,6,22238.49
051417,PIONEER CAREER & TECHNOLOGY,2022-01,8,76395.04
051433,PICKAWAY-ROSS COUNTY JOINT,2022-01,10,89091.38
051458,VANGUARD SENTINEL CAREER CNTRS,2022-01,9,57274.65
051474,WARREN COUNTY VOCATIONAL,2022-01,7,125978.59
051490,SCIOTO COUNTY CAREER TECH CNTR,2022-01,5,46167.94
051532,SPRINGFIELD-CLARK CAREER,2022-01,5,29094.93
051607,TRI-COUNTY JOINT VOCATIONAL,2022-01,7,16895.8
051631,TRUMBULL COUNTY JOINT,2022-01,5,29106.28
051656,BUCKEYE JOINT VOCATIONAL,2022-01,10,42732.37
051672,VANTAGE CAREER CENTER,2022-01,6,21046.74
051698,WASHINGTON COUNTY JOINT,2022-01,5,15891.22
051714,WAYNE CNTY JOINT VOCATIONAL SC,2022-01,6,27540.35
061903,ADAMS CNTY-OH VALLEY SCHL DIST,2022-01,5,111058.58
062026,STARK COUNTY AREA JOINT,2022-01,5,25304.24
062042,ASHLAND CO WEST HOLMES JOINT,2022-01,8,22832.62
062067,GALLIA JACKSON VINTON JOINT,2022-01,8,51293.06
062109,MEDINA COUNTY CAREER CENTER,2022-01,4,78824.94
062125,UPPER VALLEY JOINT VOCATIONAL,2022-01,6,113018.17
062802,US GRANT JOINT VOCATIONAL,2022-01,2,24062.79
063495,PORTAGE LAKES JOINT VOCATIONAL,2022-01,3,18915.33
063511,TOLLES CAREER & TECH CENTER,2022-01,7,64883.12
064964,COLLEGE CORNER LOCAL SCHOOL,2022-01,2,3208.41
065227,COSHOCTON COUNTY JOINT,2022-01,4,9570.1
065268,TRI-RIVERS JOINT VOCATIONAL,2022-01,7,18637.17
065680,GALLIA COUNTY LOCAL SCHOOL,2022-01,5,70760.37
069682,EAST GUERNSEY LOCAL SCHOOL,2022-01,4,33012.88
091397,TRI-COUNTY NORTH LOCAL SCHOOL,2022-01,3,24631.34
132746,SUMMIT ACADEMY COMMUNITY SCH,2022-01,3,2867.09
132761,SUMMIT ACAD COMMU SCHL FOR,2022-01,5,5070.41
132779,SUMMIT ACADEMY AKRON MIDDLE,2022-01,2,2133.5
132795,LIFE SKILLS CENTER OF CLARK,2022-01,3,6343.45
132803,LIFE SKILLS CENTER OF BUTLER,2022-01,4,9237.55
132944,MIAMI VALLEY ACADEMIES,2022-01,1,3762.44
132951,CONSTELLATN SCHLS LORAIN COMMU,2022-01,2,4805.88
132969,CONSTELLATN SCHLS ELYRIA COMMU,2022-01,1,11966.89
132985,YOUTH BUILD COLUMBUS,2022-01,3,6781.35
132993,CONSTELLATN SCHLS W.PARK COMM,2022-01,2,7606.06
133215,INTERGENERATIONAL SCHOOL,2022-01,1,7510.58
133256,CONSTELLTN SCHLS PARMA COMMU,2022-01,2,36789.14
133264,DOHN COMMUNITY HIGH SCHOOL,2022-01,3,46170.53
133280,WASHINGTON PARK COMMUNITY,2022-01,1,5728.41
133306,SUMMIT ACAD COMMU SCHL FOR,2022-01,3,2899.66
133322,SUMMIT ACAD COMMU SCHL  FOR,2022-01,1,2323.36
133330,TCP WORLD ACADEMY,2022-01,2,14573.38
133348,RICHARD ALLEN PREPARATORY,2022-01,1,12498.96
133421,GRAHAM SCHOOL,2022-01,2,6431.11
133439,CORNERSTONE ACADEMY,2022-01,9,31231.83
133454,DAYTON VIEW ACADEMY,2022-01,1,16133.86
133488,EDUCATIONAL DEVELOPMENT CENTER,2022-01,2,4686.22
133504,PHOENIX COMMUNITY LEARNING,2022-01,1,8654.84
133512,LKH VICTORY CORP,2022-01,1,29273.71
133538,EDGE LEARNING INC,2022-01,3,6655.32
133561,MILLENNIUM COMMUNITY SCHOOL,2022-01,1,14994.63
133587,SUMMIT ACAD AKRON ELEMENT SCH,2022-01,3,2897.66
133629,HORIZON SCIENCE ADADEMY -,2022-01,2,10406.68
133660,HORIZON EDUCATIONAL SERVICES,2022-01,1,15981.53
133678,RIVERSIDE COMMUNITY SCHOOL INC,2022-01,1,5759.28
133736,RICHARD ALLEN ACADEMY INC,2022-01,1,3757.96
133785,LIFE SKILLS CENTER OF,2022-01,5,2038.26
133835,LIFE SKILLS CENTER OF,2022-01,3,8656.39
133868,LIFE SKILLS CENTER OF AKRON,2022-01,5,12292.6
133942,TOLEDO SCHOOL FOR THE ARTS,2022-01,5,21751.55
134072,YOUNGSTOWN COMMUNITY SCHL INC,2022-01,1,10834.85
134098,CONSTELLATN SCHLS OLD BROOKLYN,2022-01,1,8147.07
134122,MULTIPLE OPTNS FOR DEVELOPMENT,2022-01,3,3125.58
134197,HOPE ACADEMY CHAPELSIDE CAMPUS,2022-01,2,6237.62
134213,HOPE ACADEMY UNIVERSITY,2022-01,1,3757.43
134247,CITY DAY COMMUNITY SCHOOL INC,2022-01,2,5739.3
139303,MONROE LOCAL SCHOOL DISTRICT,2022-01,2,92262.95
142901,LIFE SKILLS CENTER OF CANTON,2022-01,3,3664.53
142919,LIFE SKILLS CENTER OF ELYRIA,2022-01,3,3851.1
142927,FOCUS LEARNING ACADEMY OF,2022-01,4,7004.19
142935,FOCUS LEARNING ACADEMY OF,2022-01,4,3979.71
142943,FOCUS LEARNING ACADEMY OF,2022-01,2,19610.92
142950,OHIO VIRTUAL ACADEMY INC,2022-01,88,528029.76
142968,HOPE ACAD NORTHCOAST ACAD,2022-01,1,10056.55
143172,INTERNATIONAL ACADEMY OF,2022-01,2,8595.63
143198,GREAT WESTERN ACADEMY,2022-01,2,23494.8
143206,TROTWOOD FITNESS &,2022-01,1,11159.79
143214,MIDDLETOWN FITNESS &,2022-01,3,9204.18
143297,AUTISM ACADEMY OF LEARNING,2022-01,2,1435.13
143305,TRECA DIGITAL ACADEMY,2022-01,88,60632.22
143313,HOPE ACADEMY CUYAHOGA CAMPUS,2022-01,2,3309.81
143396,OHIO DISTANCE EDUCATION &,2022-01,87,184125.36
143479,CONSTELLATION SCHOOLS PURITAS,2022-01,2,5442.06
143487,CONSTELLATION SCHLS STOCKYARD,2022-01,1,5473.82
143529,NORTH DAYTON SCHOOL OF SCIENCE,2022-01,3,17951.28
143602,HAMILTON COUNTY MATHEMATICS &,2022-01,3,19474.2
143610,ARTS & COLLEGE PREPARATORY,2022-01,9,15441.91
143644,SCIOTOVILLE COMMUNITY SCHOOL,2022-01,1,11851.64
147231,SCHNEE LEARNING CENTER,2022-01,1,2037.93
148981,TOMORROW CENTER,2022-01,8,2714.95
148999,MAHONING UNLIMITED CLASSROOM,2022-01,4,2907.09
149047,GOAL DIGITAL ACADEMY,2022-01,19,20967.21
149088,FAIRBORN DIGITAL ACADEMY,2022-01,4,5546.33
149302,LIFE SKILLS CENTER OF TOLEDO,2022-01,2,5963.78
149328,FOXFIRE HIGH SCHOOL,2022-01,5,6879.3
151175,WEST CENTRAL LEARNING ACADEMY,2022-01,2,3130.62
151183,LIFE SKILLS CNTR OF LAKE ERIE,2022-01,1,5887.53
151209,LIFE SKILLS CENTER OF,2022-01,1,4105.36
000131,GLASS CITY ACADEMY INC,2022-08,2,11263.97
000138,PATHWAY SCHOOL OF DISCOVERY,2022-08,4,23721.92
000139,ALLIANCE ACADEMY,2022-08,2,17061.65
000222,WILDWOOD ENVIRONMENTAL ACADEMY,2022-08,2,11628.38
000236,OHIO CONNECTIONS ACADEMY INC,2022-08,88,167498.73
000241,QUAKER DIGITAL ACADEMY,2022-08,49,19334.14
000282,GREATER OHIO VIRTUAL SCHOOL,2022-08,30,22276
000288,AUGLAIZE COUNTY EDUCATIONAL,2022-08,7,3187.65
000296,SUMMIT ACAD. COMM. SCHOOL,2022-08,3,1025.42
000297,SUMMIT ACAD. COMM. SCHOOL DAY,2022-08,3,2153.58
000298,SUMMIT ACADEMY SECONDARY,2022-08,2,2018.19
000300,SUMMIT ACAD. SEC. SCHOOL,2022-08,2,1853.97
000301,SUMMIT ACAD. SEC. SCHOOL LOR,2022-08,2,3743.63
000302,SUMMIT ACAD. COMM. SCHOOL PAR,2022-08,3,4992.74
000303,SUMMIT ACAD. SEC. SCHOOL,2022-08,2,4414.82
000305,SUMMIT ACAD. COMM. SCHOOL WAR,2022-08,2,2980.9
000306,SUMMIT ACAD. COMM. SCHOOL,2022-08,4,2711.62
000311,BRIDGES COMMUNITY ACADEMY,2022-08,4,2529.85
000316,CONSTELLATION SCHOOLS WESTPARK,2022-08,2,6083.79
000318,MENLO PARK ACADEMY,2022-08,11,19378.05
000319,CONSTELLATION SCH MADISON,2022-08,1,6976.49
000320,CONSTELLATION SCHOOLS LORAIN,2022-08,1,3406.64
000321,CONSTELLATION SCH OLD BROOKLYN,2022-08,1,7736.96
000338,HORIZON SCI ACADEMY,2022-08,1,15305.72
000402,FINDLAY DIGITAL ACADEMY,2022-08,2,4728.36
000417,BUCKEYE ON-LINE SCH FOR SUCCS,2022-08,61,21599.54
000442,MANCHESTER LOCAL SCHOOL DIST,2022-08,3,22710.82
000509,WHITEHALL PREPARATORY &,2022-08,1,10352.63
000510,SPRINGFIELD PREPARATORY &,2022-08,2,4173.84
000511,NORTHLAND PREPARATORY &,2022-08,1,6317.42
000525,PROJECT REBUILD COMMUNITY SCHL,2022-08,3,4303.92
000527,CASTLE HIGH SCHOOL INC,2022-08,6,11242.61
000534,CONSTELLATION SCHOOLS PURITAS,2022-08,1,4662.01
000543,PINNACLE ACADEMY,2022-08,4,21657.12
000546,WINTERFIELD VENTURE ACADEMY,2022-08,2,16200.24
000553,COLUMBUS HUMANITIES ARTS &,2022-08,7,19614.2
000556,A+ ARTS ACADEMY,2022-08,1,16041.61
000557,COLUMBUS ARTS &,2022-08,5,16604.51
000558,COLUMBUS PREPARATORY ACADEMY,2022-08,5,25666.92
000559,ORION ACADEMY,2022-08,1,15011.52
000560,APEX ACADEMY,2022-08,2,14911.86
000575,HOPE ACADEMY NORTHWEST CAMPUS,2022-08,1,6315.21
000576,KING ACADEMY COMMUNITY SCHOOL,2022-08,2,5224.33
000577,EMERSON ACADEMY,2022-08,4,19415.44
000598,COSHOCTON OPPORTUNITY SCHOOL,2022-08,2,1892.46
000608,SUMMIT ACADEMY TRANSITION HIGH,2022-08,3,1719.57
000609,SUMMIT ACAD. MIDDLE SCH LORAIN,2022-08,1,2844.38
000610,SUMMIT ACAD. MIDDLE SCH COL.,2022-08,1,1190.72
000613,HEIR FORCE COMMUNITY SCHOOL,2022-08,1,8364.87
000614,SUMMIT ACADEMY TRANSITION HIGH,2022-08,1,1587.62
000616,SUMMIT ACAD. SCH FOR ALT.,2022-08,2,2682.74
000621,SUMMIT ACADEMY TRANSITION HIGH,2022-08,4,2716.77
000623,SUMMIT ACADEMY - YOUNGSTOWN,2022-08,3,5178.46
000629,SUMMIT ACADEMY COMMUNITY,2022-08,2,1058.92
000634,SUMMIT ACADEMY SECONDARY,2022-08,4,2648.05
000640,RITTMAN ACADEMY,2022-08,3,1324.95
000664,LIFE SKILLS CENTER OF COLUMBUS,2022-08,2,5259.06
000679,OAKSTONE COMMUNITY SCHOOL,2022-08,8,7112.26
000725,ZENITH ACADEMY,2022-08,1,16339.29
000736,PHOENIX VILL. ACAD. PRIMARY 2,2022-08,1,5025.72
000770,MARITIME ACADEMY OF TOLEDO INC,2022-08,3,7652.9
000779,EDUCATIONAL ACADEMY FOR BOYS,2022-08,1,4465.19
000780,MIDNIMO CROSS CULTURAL MIDDLE,2022-08,1,4696.72
000804,HORIZON SCIENCE ACADEMY,2022-08,1,2909.72
000808,HORIZON SCIENCE ADADEMY DAYTON,2022-08,3,6195.45
000813,LIFE SKILLS CENTER OF DAYTON,2022-08,5,4969.44
000825,HORIZON SCIENCE ACADEMY,2022-08,1,10137.55
000838,HORIZON SCIENCE ACADEMY-,2022-08,3,7472.76
000843,BENNETT VENTURE ACADEMY,2022-08,2,19281.24
000855,STAMBAUGH CHARTER ACADEMY,2022-08,2,15237.15
000858,HORIZON SCIENCE ACAD CLEVELAND,2022-08,1,7042.62
000875,WESTSIDE ACADEMY INC,2022-08,1,10253.4
000905,IMAC INC,2022-08,3,1028.01
000912,ACADEMIC ACCELERATION ACADEMY,2022-08,1,3704.45
000936,PROMISE ACADEMY,2022-08,3,2975.8
000938,PREMIER ACADEMY OF OHIO,2022-08,1,4233.66
000941,PAR EXCELLENCE ACADEMY,2022-08,1,6221.74
000951,TOLEDO PREP. AND FITNESS ACAD,2022-08,1,6791.5
000952,COLUMBUS PREPARATORY,2022-08,3,12833.4
000953,CINCINNATI PREPARATORY &,2022-08,1,6117.03
007984,YOUNGSTOWN ACAD OF EXCELLENCE,2022-08,2,6871.35
007995,CLEVELAND ARTS  SCI.,2022-08,2,9687.75
007999,CHARLES SCHOOL,2022-08,2,9558.83
008000,MANSFIELD PREPARATORY ACADEMY,2022-08,2,16801.65
008063,LIFE SKILLS CTR OF NORTH AKRON,2022-08,4,4334.49
008064,ACADEMY OF ARTS,2022-08,2,7095.32
008278,NOBLE ACADEMY-CLEVELAND INC,2022-08,4,11407.4
008280,NOBLE ACADEMY-COLUMBUS INC,2022-08,3,9360.36
008281,SOUTH SCIOTO ACADEMY,2022-08,1,6482.8
008282,LIFE SKILLS CTR OF COL. NORTH,2022-08,2,3638.43
008283,DAYTON TECH. DESIGN HIGH SCH,2022-08,2,1987.86
008286,HARVARD AVE COMMUNITY SCHOOL,2022-08,1,9753.86
008287,GROVEPORT COMMUNITY SCHOOL,2022-08,4,21366.89
008289,EAGLE LEARNING CENTER INC,2022-08,3,1855.32
009122,COLUMBUS COLLEGIATE,2022-08,1,7012
009148,ZANESVILLE COMM. HIGH SCH,2022-08,4,5254.71
009149,CONSTELLATION SCHOOLS WESTSIDE,2022-08,1,6050.7
009164,CENTRAL ACADEMY OF OHIO,2022-08,1,2319.05
009179,HORIZON SCIENCE ACADEMY INC,2022-08,2,15743.92
009192,FOUNDATION ACADEMY,2022-08,5,13791.09
009283,DAYTON EARLY COLLEGE ACAD.,2022-08,1,10867.28
009953,SULLIVANT AVE COMM. SCHOOL,2022-08,1,9029.61
009955,MADISON AVENUE SCHOOL OF ARTS,2022-08,1,14908.17
009957,KLEPINGER COMMUNITY SCHOOL,2022-08,1,17129.21
009971,ASHLAND CTY COMM. ACADEMY,2022-08,3,2934.08
009990,HORIZON SCI. ACAD. ELEMENTARY,2022-08,2,13825.57
009996,MAHONING COUNTY HIGH SCHOOL,2022-08,3,4747
009997,KIPP CENTRAL OHIO,2022-08,4,59469.96
010036,CESAR CHAVEZ COLLEGE PREP.,2022-08,1,9922.65
010182,PERFORMANCE ACADEMY EASTLAND,2022-08,1,9591.89
010205,L HOLLINGWORTH SCH FOR TAL.,2022-08,2,9044.13
011291,VILLAGE PREPARATORY SCHOOL,2022-08,5,21491.79
011324,HARDIN COMMUNITY SCHOOL,2022-08,2,1596.55
011381,GREATER SUMMIT CTY EARLY LEARN,2022-08,3,3573.69
011390,BELLA ACADEMY OF EXCELLENCE,2022-08,2,6083.85
011439,RENAISSANCE ACADEMY,2022-08,1,3439.85
011468,COLUMBUS BILINGUAL ACAD. - N.,2022-08,2,13561.01
011506,DAYTON REGIONAL STEM SCHOOL,2022-08,8,23784.16
011507,ACHIEVE CAREER PREP. ACAD.,2022-08,1,2153.4
011511,NORTH CENTRAL ACADEMY,2022-08,4,3420.92
011533,HORIZON SCI. ACAD. OF LORAIN,2022-08,2,25731.69
011534,HORIZON SCIENCE ACADEMY DAYTON,2022-08,1,9310.07
011923,NORTHEAST OHIO COLLEGE PREP.,2022-08,2,16366.68
011947,IMAGINE AKRON ACADEMY,2022-08,2,1025.61
011956,RCCS,2022-08,2,1521.64
011967,RICHLAND ACAD. SCH OF EXC.,2022-08,3,11006.04
011972,GRAHAM EXPED. MIDDLE SCHOOL,2022-08,1,10021.87
011976,HORIZON SCIENCE ACADEMY DAYTON,2022-08,2,5234.81
011986,HORIZON SCI. ACAD. YOUNGSTOWN,2022-08,3,12980.19
012009,ZENITH ACADEMY-EAST,2022-08,1,10451.85
012010,CLEVELAND COLLEGE PREP.,2022-08,1,6910.36
012011,COLUMBUS PERFORMANCE ACADEMY,2022-08,2,4895.23
012025,CONSTELLATION SCH STOCKYARD,2022-08,1,2016.9
012029,CITIZENS LEADERSHIP ACADEMY,2022-08,2,12729.73
012030,NEAR WEST SCHOOL,2022-08,2,7472.52
012033,FOXFIRE INTERMEDIATE SCHOOL,2022-08,4,4489.9
012036,THURGOOD MARSHALL HIGH SCHOOL,2022-08,4,8662.96
012037,NEW BEGINNINGS ACADEMY,2022-08,2,7177.4
012038,LANGSTON HUGHES HIGH SCHOOL,2022-08,6,11176.06
012040,ROAD TO SUCCESS ACADEMY,2022-08,1,2679.11
012041,THE ARCH ACADEMY,2022-08,5,3837.22
012042,GEORGE V VOINOVICH RECLAMATION,2022-08,5,992.05
012043,FREDERICK DOUGLASS RECLAMATION,2022-08,2,7075.69
012044,CAPITAL HIGH SCHOOL,2022-08,1,3803.68
012045,PATRIOT PREPARATORY ACADEMY,2022-08,3,23252.83
012054,NORTH CENTRAL ACADEMY FREMONT,2022-08,4,2766.64
012060,AKROS MIDDLE SCHOOL,2022-08,1,3936.92
012105,SOUTHSIDE ACADEMY INC,2022-08,1,4979.64
012391,METRO EARLY COLLEGE HIGH SCH,2022-08,7,29305.54
012501,BEACON HILL COMMUNITY SCHOOL,2022-08,5,1589.84
012528,ACADEMY FOR URBAN SOLUTIONS,2022-08,2,9161.89
012529,FOCUS NORTH HIGH SCHOOL,2022-08,3,6118.96
012541,UNIVERSITY OF CLEVELAND PREP.,2022-08,1,6678.91
012558,GLOBAL VILLAGE ACADEMY INC,2022-08,3,6646.2
012627,STEAM ACADEMY OF YOUNGSTOWN,2022-08,3,3903.89
012644,STEAM ACADEMY OF WARREN,2022-08,5,8909.79
012671,CONSTELLATION SCH EASTSIDE,2022-08,1,3273.33
012684,BROADWAY ACADEMY,2022-08,1,10282.88
012867,TOWNSEND NORTH COMM. SCH,2022-08,10,17373.17
012924,DECA PREP,2022-08,1,30050.67
012951,COLUMBUS COLLEGIATE ACAD. - W.,2022-08,1,6813.55
013034,VILLAGE PREP. SCH:WOODLA,2022-08,1,21524.62
013132,LAKE ERIE COLLEGE PREP.,2022-08,2,8795.03
013147,STEAM ACAD. OF WARRENSVILLE,2022-08,3,7075.86
013148,STEPSTONE ACADEMY,2022-08,1,6579.72
013170,HOPE ACADEMY FOR AUTISM,2022-08,1,6678.91
013173,IMAGINE HILL AVENUE,2022-08,1,3412.31
013175,KIDS UNLIMITED ACADEMY,2022-08,2,7917.83
013195,ACADEMY OF EDU. EXCELLENCE,2022-08,1,3478.57
013199,NEXUS ACADEMY OF CLEVELAND,2022-08,3,4232.26
013232,A+ CHILDRENS ACADEMY,2022-08,2,3241.42
013249,ACADEMY FOR URB. SCH. YOUNGSTO,2022-08,2,8265.97
013253,OHIO COLLEGIATE ACADEMY,2022-08,2,8596.87
013254,AKRON PREPARATORY SCHOOL,2022-08,1,11281.42
013255,CANTON COLL. PREP. SCH,2022-08,3,10925.4
013864,CINCINNATI TECHNOLOGY ACADEMY,2022-08,1,6976.72
013930,GLOBAL IMPACT STEM ACADEMY,2022-08,5,20805.77
013962,LIBERTY PREPARTORY SCHOOL,2022-08,2,2285.56
013994,ALBERT EINSTEIN ACAD.,2022-08,3,13061.4
013999,Rise & Shine Academy,2022-08,2,3776.75
014065,LINCOLN PARK ACADEMY,2022-08,3,11803.93
014066,MAIN ST PREP. ACAD.,2022-08,1,3539.92
014067,OHIO CONSTRUCTION ACADEMY,2022-08,1,2778.34
014090,BERWYN EAST ACADEMY,2022-08,6,11345.6
014091,HOPE LEARNING ACAD. OF TOLEDO,2022-08,2,1789
014121,IMAGINE LEADERSHIP ACADEMY,2022-08,1,3738.42
014139,IMAGINE COL. PRIMARY SCHOOL,2022-08,1,6813.55
014147,EAST PREPARATORY ACADEMY,2022-08,2,6480.58
014149,DAYTON SMART ELEMENTARY SCHOOL,2022-08,1,3147.53
014187,EAST ACADEMY,2022-08,1,7439.39
014188,DISCOVERY ACADEMY,2022-08,1,11098.3
014189,WEST PARK ACADEMY,2022-08,1,7836.15
014231,BIO-MED SCI. ACAD. STEM SCH,2022-08,8,33555.47
014467,UNITED PREPARATORY ACADEMY,2022-08,1,8500.4
014830,UTICA SHALE ACAD. OF OHIO,2022-08,5,3710.7
014904,T2 HONORS ACADEMY,2022-08,1,3141.07
014913,LAKESHORE INTERGENERATIONAL,2022-08,2,7406.35
014927,STEEL ACADEMY,2022-08,2,4631.72
014943,VALLEY STEM+ME2 ACADEMY,2022-08,3,7037.36
015234,ZENITH ACADEMY WEST,2022-08,1,6482.8
015237,FLEX HIGH SCHOOL,2022-08,8,12238.44
015261,CITIZENS ACADEMY SOUTHEAST,2022-08,2,21921.5
015329,ISTEM GEAUGA EARLY COLLEGE HS,2022-08,5,5625.81
015344,Tri-State STEM+M Early College,2022-08,3,2284.03
015709,BEACON ACADEMY,2022-08,1,8045.04
015710,BRIDGE GATE COMMUNITY SCHOOL,2022-08,1,7475.06
015712,Euclid Preparatory School,2022-08,2,10977.45
015713,EAST BRANCH PREPATORY ACAD.,2022-08,2,4105.26
015714,URBAN EARLY COLLEGE NETWORK,2022-08,2,1954.87
015722,VILLAGE PREP SCHOOL WILLIARD,2022-08,2,15870.72
015736,iLEAD SPRING MEADOWS,2022-08,2,7155.93
015737,GLOBAL AMBASS. LANG. ACAD.,2022-08,3,9224.91
015741,WESTWOOD PREPARTORY ACAD,2022-08,13,8056.51
016812,SMART Academy,2022-08,2,3372.54
016829,South Columbus Preparatory Aca,2022-08,2,8533.46
016836,Kids Care Elementary,2022-08,1,4365.96
016837,Orchard Park Academy,2022-08,2,7674.04
016843,Citizens Leadership Academy Ea,2022-08,3,14680.55
016849,Liberty High School,2022-08,2,8713.59
016850,Southwest Ohio Preparatory Sch,2022-08,1,3835.54
016858,United Preparatory Academy Eas,2022-08,1,7640.44
017123,Horizon Science Academy Primar,2022-08,3,14024.01
017212,Academy of Junior Scholars,2022-08,1,7935.6
017233,Great River Connections Academ,2022-08,86,58547.28
017259,Montgomery Preparatory Academy,2022-08,2,7918.53
017270,Lorain Bilingual Preparatory,2022-08,2,9194.6
017274,Mount Auburn Preparatory Acade,2022-08,3,10845.58
017275,AchievePoint Career Academy-Ci,2022-08,4,6448.22
017490,ReGeneration Bond Hill,2022-08,3,7836.54
017497,Cypress High School,2022-08,2,5933.93
017498,Northwest Ohio Classical Acade,2022-08,4,13154.02
017535,Huber Heights Preparatory Acad,2022-08,3,5621.03
017536,Kenmore Preparatory Academy,2022-08,4,11197.75
017537,Capital Collegiate Preparatory,2022-08,4,4200.86
017538,North Columbus Preparatory Aca,2022-08,3,5755.53
017585,Marion Preparatory Academy,2022-08,7,8215.63
017599,Urban Male Tech Academy,2022-08,3,3471.96
017643,Ohio Digital Learning School,2022-08,82,31582.54
019152,Buckeye Community School,2022-08,13,11517.99
019156,Quaker Preparatory Academy,2022-08,25,4346.16
019197,Flex High School Cleveland,2022-08,3,3273.49
019199,Central Point Preparatory Acad,2022-08,4,5986.86
019200,South Columbus Preparatory Aca,2022-08,3,8037.45
019201,Franklinton Prep High School,2022-08,4,6615.86
019212,Valor Academy  Inc.,2022-08,1,3076.02
019220,North Shore High School,2022-08,4,5753.18
019221,Case Preparatory Academy,2022-08,1,8337
019226,Franklinton High School,2022-08,1,5027.47
019227,Dublin Preparatory Academy,2022-08,3,7605.1
019235,Focus Learning Acad Cent Cols,2022-08,1,3142.17
019426,Dayton Career Tech High School,2022-08,3,3114.3
019427,Akron Career Tech High School,2022-08,1,1025.58
019441,Buckeye Comm School - London,2022-08,12,3478.42
019442,Buckeye Comm School - Marion,2022-08,17,8494.81
019450,Youngstown Preparatory Academy,2022-08,3,1559.92
019452,Citizens of the World Charter,2022-08,3,1058.21
019474,Explorers Academy of Sci & Te,2022-08,1,4240.55
019478,Niles Preparatory Academy,2022-08,3,2980.69
019511,Western Toledo Preparatory Aca,2022-08,4,5665.32
019533,Eagle Charter Schools of Ohio,2022-08,2,2050.67
043489,AKRON CITY SCHOOLS,2022-08,1,670434.09
043497,ALLIANCE CITY BOARD OF EDU,2022-08,3,89891.19
043505,ASHLAND CITY BOARD OF,2022-08,2,104740.12
043513,ASHTABULA AREA CITY SCHOOL,2022-08,1,104453.78
043521,ATHENS CITY SCHOOL DISTRICT,2022-08,1,76829.38
043539,BARBERTON BOARD OF EDUCATION,2022-08,1,111656.31
043547,BAY VILLAGE CITY SCHOOL,2022-08,1,80312.3
043554,BEACHWOOD BOARD OF EDUCATION,2022-08,1,47248.36
043562,BEDFORD BOARD OF EDUCATION,2022-08,2,91223.41
043570,BELLAIRE CITY SCHOOL DISTRICT,2022-08,1,37643.5
043588,BELLEFONTAINE CITY SCHOOL,2022-08,1,75370.98
043596,BELLEVUE CITY SCHOOL DISTRICT,2022-08,4,60900.01
043604,BELPRE CITY SCHOOL DISTRICT,2022-08,1,33410.91
043612,BEREA CITY SCHOOL DISTRICT,2022-08,1,179702.5
043620,BEXLEY CITY SCHOOL DISTRICT,2022-08,1,82159.51
043638,BOWLING GREEN SCHOOL DISTRICT,2022-08,1,87745.03
043646,BRECKSVILLE BROADVIEW HEIGHTS,2022-08,1,119096.3
043653,BROOKLYN LOCAL SCHOOL DISTRICT,2022-08,1,36998.54
043661,BRUNSWICK CITY SCHOOL DISTRICT,2022-08,2,218048.68
043679,BRYAN CITY SCHOOLS,2022-08,1,62292.9
043687,BUCYRUS CITY SCHOOL DISTRICT,2022-08,1,36523.37
043695,CAMBRIDGE CITY BOARD OF,2022-08,2,62374
043703,CAMPBELL CITY SCHOOLS,2022-08,1,36417.77
043711,CANTON CITY SCHOOL DISTRICT,2022-08,1,257474.24
043729,CELINA CITY BOARD OF EDU,2022-08,2,81470.98
043737,CENTERVILLE CITY SCHOOL,2022-08,2,265353.16
043745,CHILLICOTHE CITY SCHOOL,2022-08,1,91136.63
043752,CINCINNATI PUBLIC SCHOOLS,2022-08,1,1131914.74
043760,CIRCLEVILLE CITY SCHOOL,2022-08,2,70114.79
043778,CLAYMONT CITY BOARD OF EDU,2022-08,3,57370.54
043786,CLEVELAND CITY SCHOOL DISTRICT,2022-08,1,1139631.21
043794,CLEVELAND HEIGHTS UNIVERSITY,2022-08,1,160922.18
043802,COLUMBUS PUBLIC SCHOOL,2022-08,1,1478854.7
043810,CONNEAUT AREA CITY SCHOOLS,2022-08,1,52326.24
043828,COSHOCTON CITY SCHOOL DISTRICT,2022-08,1,54053.66
043836,CUYAHOGA FALLS CITY SCHOOLS,2022-08,1,134483.83
043844,DAYTON CITY SCHOOL DISTRICT,2022-08,1,381845.6
043851,DEER PARK COMMUNITY CITY,2022-08,1,40008.67
043869,DEFIANCE CITY SCHOOLS,2022-08,2,81834.11
043877,DELAWARE CITY SCHOOLS,2022-08,1,181785.45
043885,DELPHOS CITY SCHOOL DISTRICT,2022-08,3,31423.76
043893,DOVER CITY SCHOOL DISTRICT,2022-08,1,89846.06
043901,EAST CLEVELAND CITY SCHOOL,2022-08,1,47512.88
043919,EAST LIVERPOOL CITY SCHOOLS,2022-08,1,64779.89
043927,EAST PALESTINE CITY SCHOOL,2022-08,2,31479.16
043935,EATON CITY SCHOOLS,2022-08,2,64724.47
043943,ELYRIA CITY SCHOOL DISTRICT,2022-08,1,189911.89
043950,EUCLID BOARD OF EDUCATION,2022-08,2,150738.51
043968,FAIRBORN CITY SCHOOLS,2022-08,3,139410.67
043976,FAIRVIEW PARK CITY SCHOOL DIST,2022-08,1,50157.99
043984,FINDLAY CITY SCHOOLS,2022-08,1,169477.58
043992,FOSTORIA CITY SCHOOLS,2022-08,3,59199.55
044008,FRANKLIN CITY SCHOOLS,2022-08,3,91177.45
044016,FREMONT CITY BOARD OF EDU,2022-08,3,116964.11
044024,GALION CITY SCHOOL DISTRICT,2022-08,3,56323.86
044032,GALLIPOLIS CITY SCHOOLS,2022-08,1,64285.35
044040,GARFIELD HEIGHTS CITY SCHOOL,2022-08,1,104382.85
044057,GENEVA AREA CITY SCHOOL DIST,2022-08,2,72792.68
044065,GIRARD CITY SCHOOL DISTRICT,2022-08,2,54485.67
044073,GRANDVIEW HEIGHTS CITY SCHOOL,2022-08,1,37110.7
044081,WINTONWOODS CITY SCHOOL,2022-08,2,132492.85
044099,GREENVILLE CITY SCHOOL,2022-08,1,80674.09
044107,HAMILTON BOARD OF EDUCATION,2022-08,1,306370.5
044115,HEATH CITY SCHOOL DISTRICT,2022-08,1,57683.46
044123,HILLSBORO CITY BOARD OF EDU,2022-08,1,72654.88
044131,HURON CITY SCHOOL DISTRICT,2022-08,1,40241.56
044149,IRONTON CITY BOARD OF,2022-08,1,43785.34
044156,JACKSON CITY SCHOOL DISTRICT,2022-08,5,79225.86
044164,KENT CITY BOARD OF EDUCATION,2022-08,2,96907.02
044172,KENTON CITY SCHOOLS,2022-08,3,59075.85
044180,KETTERING CITY SCHOOL,2022-08,2,247492.23
044198,LAKEWOOD CITY SCHOOL DISTRICT,2022-08,1,137347.59
044206,LANCASTER CITY SCHOOLS,2022-08,1,200283.09
044214,LEBANON CITY SCHOOL DISTRICT,2022-08,2,178182.89
044222,LIMA CITY BOARD OF EDU,2022-08,1,110502.62
044230,LOCKLAND CITY SCHOOLS,2022-08,1,18185.76
044248,LOGAN HOCKING LOCAL SCHOOLS,2022-08,5,116917.8
044255,LONDON CITY SCHOOL DISTRICT,2022-08,2,71286.62
044263,LORAIN CITY SCHOOLS,2022-08,1,191598.68
044271,LOVELAND CITY SCHOOL DISTRICT,2022-08,3,140598.37
044289,MADEIRA CITY SCHOOLS,2022-08,1,54987.12
044297,MANSFIELD BOARD OF EDUCATION,2022-08,1,105016.98
044305,MAPLE HEIGHTS BOARD OF,2022-08,1,105705.4
044313,MARIEMONT CITY SCHOOL DISTRICT,2022-08,2,53003.83
044321,MARIETTA CITY SCHOOL DISTRICT,2022-08,1,80384.66
044339,MARION CITY SCHOOLS,2022-08,1,136384.06
044347,MARTINS FERRY CITY SCHOOL,2022-08,2,45519.01
044354,MASSILLON CITY SCHOOL DISTRICT,2022-08,1,124847.03
044362,MAUMEE CITY SCHOOL DISTRICT,2022-08,2,76495.52
044370,MAYFIELD CITY SCHOOL DISTRICT,2022-08,3,131397.07
044388,MEDINA CITY SCHOOLS,2022-08,1,211456.21
044396,MIAMISBURG CITY SCHOOLS,2022-08,1,168078.32
044404,MIDDLETOWN CITY SCH DIST.,2022-08,2,199755.06
044412,MOUNT HEALTHY CITY SCH DIST.,2022-08,1,96814.37
044420,MOUNT VERNON CITY SCHOOL,2022-08,2,124892.83
044438,NAPOLEON CITY SCHOOL DISTRICT,2022-08,3,59853
044446,NELSONVILLE YORK CITY SCHOOL,2022-08,3,36270.21
044453,NEWARK CITY SCHOOL DISTRICT,2022-08,1,199228
044461,NEW BOSTON BOARD OF EDUCATION,2022-08,1,12682.65
044479,NEW LEXINGTON CITY SCHOOLS,2022-08,3,57242.62
044487,NEW PHILADELPHIA CITY SCHOOLS,2022-08,1,94712.46
044495,NILES CITY SCHOOLS,2022-08,1,67430.84
044503,NORTH CANTON CITY SCHOOLS,2022-08,2,139116.14
044511,NORTH COLLEGE HILL CITY SCH,2022-08,1,47249.91
044529,NORTH OLMSTED CITY SCHOOL,2022-08,1,121212.39
044537,NORTH RIDGEVILLE CITY SCH DIST,2022-08,2,146518.42
044545,NORTH ROYALTON CITY SCHOOL,2022-08,1,130205.78
044552,NORTON CITY SCHOOLS,2022-08,3,71428.49
044560,NORWALK BOARD OF EDUCATION,2022-08,2,86411.38
044578,NORWOOD CITY SCHOOL DISTRICT,2022-08,1,54689.54
044586,OAKWOOD CITY SCHOOLS,2022-08,1,67522.89
044594,OBERLIN CITY SCHOOL DISTRICT,2022-08,1,28179.19
044602,OREGON CITY SCHOOLS,2022-08,3,112076.68
044610,ORRVILLE CITY SCHOOL DISTRICT,2022-08,1,51111.33
044628,PAINESVILLE CITY LOCAL SCHOOLS,2022-08,1,88158.17
044636,PARMA CITY SCHOOL DISTRICT,2022-08,1,303642.66
044644,PIQUA CITY SCHOOL DISTRICT,2022-08,2,110686.5
044651,PORT CLINTON CITY SCHOOLS,2022-08,2,49034.99
044669,PORTSMOUTH CITY SCHOOL,2022-08,1,53818.23
044677,PRINCETON CITY SCHOOL DISTRICT,2022-08,3,190041.84
044685,RAVENNA CITY SCHOOL DISTRICT,2022-08,1,68200.48
044693,READING BOARD OF EDUCATION,2022-08,1,51978.21
044701,ROCKY RIVER CITY SCHOOL,2022-08,1,87057.34
044719,ST BERNARD ELMWOOD PLACE CITY,2022-08,1,23443.1
044727,ST MARYS CITY BOARD OF,2022-08,2,66541.61
044735,SALEM CITY SCHOOL DISTRICT,2022-08,2,64783.56
044743,SANDUSKY BOARD OF EDUCATION,2022-08,1,101470.05
044750,SHAKER HEIGHTS BOARD OF,2022-08,1,149647.37
044768,SHEFFIELD SHEFFLD LAKE CITY,2022-08,1,51893.37
044776,SHELBY CITY BOARD OF EDU,2022-08,2,63583.63
044784,SIDNEY CITY SCHOOL DISTRICT,2022-08,2,105242.93
044792,SOUTH EUCLID LYNDHURST CITY,2022-08,1,105837.66
044800,SOUTH-WESTERN CITY SCHOOLS,2022-08,2,701151.13
044818,SPRINGFIELD CITY SCHOOLS,2022-08,1,233635.22
044826,STEUBENVILLE CITY SCHOOL,2022-08,1,81431.72
044834,STOW-MUNROE FALLS CITY,2022-08,2,167354.01
044842,STRONGSVILLE CITY SCHOOLS,2022-08,3,185059.16
044859,STRUTHERS CITY SCHOOL DISTRICT,2022-08,1,57581.25
044867,SYCAMORE COMMUNITY SCHOOL DIST,2022-08,2,185362.55
044875,SYLVANIA CITY SCHOOL DISTRICT,2022-08,1,253902.68
044883,TALLMADGE CITY SCHOOL DISTRICT,2022-08,2,82681.31
044891,TIFFIN CITY SCHOOLS,2022-08,1,87093.63
044909,TOLEDO PUBLIC SCHOOLS,2022-08,2,692136.8
044917,TORONTO CITY SCHOOL DISTRICT,2022-08,1,26548.06
044925,TROY CITY SCHOOLS,2022-08,1,141321.42
044933,UPPER ARLINGTON CITY SCHOOLS,2022-08,1,210459.33
044941,URBANA CITY SCHOOLS,2022-08,2,59948.32
044958,VANDALIA-BUTLER CITY SCHOOLS,2022-08,2,96380.98
044966,VAN WERT CITY SCHOOLS,2022-08,2,64112.14
044974,WADSWORTH CITY SCHOOLS,2022-08,3,147540.91
044982,WAPAKONETA CITY SCHOOL,2022-08,4,101023.51
044990,WARREN CITY SCHOOL DISTRICT,2022-08,1,151338.52
045005,WARRENSVILLE HEIGHTS CITY,2022-08,1,55580.48
045013,WASHINGTON COURTHOUSE CITY,2022-08,1,68097.67
045021,WELLSTON CITY SCHOOLS,2022-08,2,43712.67
045039,WELLSVILLE LOCAL SCHOOL,2022-08,2,22399.43
045047,WESTERVILLE CITY SCHOOL,2022-08,2,482435.19
045054,WEST CARROLLTON CITY SCHOOL,2022-08,1,110130.56
045062,WESTLAKE CITY SCHOOL DISTRICT,2022-08,1,108879.54
045070,WHITEHALL CITY SCHOOL DISTRICT,2022-08,1,102831.69
045088,WICKLIFFE CITY SCHOOL DISTRICT,2022-08,2,42490.59
045096,WILLARD CITY SCHOOL DISTRICT,2022-08,3,43754.14
045104,WILLOUGHBY-EASTLAKE CITY,2022-08,2,236080.95
045112,WILMINGTON CITY SCHOOLS,2022-08,2,76547.72
045120,WOOSTER CITY SCHOOL DISTRICT,2022-08,1,110669.43
045138,WORTHINGTON BOARD OF EDUCATION,2022-08,2,347557.1
045146,WYOMING CITY SCHOOLS,2022-08,1,64443.72
045153,XENIA COMMUNITY SCHOOLS,2022-08,3,128350.02
045161,YOUNGSTOWN CITY SCHOOLS,2022-08,2,147396.91
045179,ZANESVILLE CITY SCHOOLS,2022-08,1,100010.68
045187,ADA EXEMPTED VILLAGE SCHOOLS,2022-08,3,28635.51
045195,AMHERST EXEMPTED VILLAGE,2022-08,1,121712.95
045203,BARNESVILLE EXEMPTED VILLAGE,2022-08,5,44133.35
045211,BLUFFTON EXEMPTED VILLAGE,2022-08,4,39552.42
045229,BRADFORD EXEMPTED VILLAGE,2022-08,3,17295.16
045237,BRIDGEPORT EXEMPTED VILLAGE,2022-08,1,25569.8
045245,HARRISON HILLS CITY SCHOOL,2022-08,5,50665.69
045252,CALDWELL EXEMPTED VILLAGE,2022-08,2,25930.35
045260,CAREY EXEMPT VILLAGE SCHOOL,2022-08,3,27892.34
045278,CARROLLTON EXEMPTED VILLAGE,2022-08,4,61647.14
045286,CHAGRIN FALLS EXEMPTED VILLAGE,2022-08,2,55934.78
045294,CHESAPEAKE UNION EXEMPTED,2022-08,1,41667.23
045302,CLYDE GREEN SPRINGS EXEMPTED,2022-08,2,68251.17
045310,COLDWATER EXEMPTED VILLAGE,2022-08,1,46573.03
045328,COLUMBIANA EXEMPTED VILLAGE,2022-08,2,34438.65
045336,COVINGTON EXEMPTED VILLAGE,2022-08,2,25944.79
045344,CRESTLINE EXEMPTED VILLAGE,2022-08,2,19503.56
045351,CROOKSVILLE EXEMPTED VILLAGE,2022-08,2,33851.03
045369,FAIRPORT HARBOR EXEMPTED,2022-08,1,20418.01
045377,GEORGETOWN EXEMPTED VILLAGE,2022-08,1,34620.82
045385,GIBSONBURG EXEMPTED VILLAGE,2022-08,2,26837.05
045393,GRANVILLE EXEMPTED VILLAGE,2022-08,1,85681.28
045401,GREENFIELD EXEMPTED VILLAGE,2022-08,3,60328.07
045419,HICKSVILLE EXEMPTED VILLAGE,2022-08,2,29444.82
045427,HUBBARD SCHOOL DISTRICT,2022-08,2,62306.43
045435,INDIAN HILL EXEMPTED VILLAGE,2022-08,1,70759.14
045443,LEETONIA EXEMPTED VILLAGE,2022-08,2,18028.32
045450,LISBON EXEMPTED VILLAGE,2022-08,1,24884.76
045468,LOUDONVILLE PERRYSVILLE,2022-08,4,32330.53
045476,MARYSVILLE EXEMPTED VILLAGE,2022-08,4,183209.78
045484,MECHANICSBURG EXEMPTED VILLAGE,2022-08,3,27776.19
045492,MENTOR EXEMPTED VILLAGE,2022-08,2,238794.79
045500,MILFORD EXEMPTED VILLAGE,2022-08,2,217541.27
045518,MILTON-UNION EXEMPTED VILLAGE,2022-08,3,47033.81
045526,MONTPELIER EXEMPTED VILLAGE,2022-08,1,27822.39
045534,MOUNT GILEAD EXEMPTED,2022-08,2,33407.29
045542,NEWCOMERSTOWN EXEMPTED VILLAGE,2022-08,3,29646
045559,NEW RICHMOND EXEMPTED,2022-08,1,67163.54
045567,NEWTON FALLS EXEMPTED VILLAGE,2022-08,3,31894.66
045575,PAULDING EXEMPTED VILLAGE SCH,2022-08,2,43003.12
045583,PERRYSBURG EXEMPTED VILLAGE,2022-08,2,180559.88
045591,RITTMAN EXEMPTED VILLAGE,2022-08,2,29547.39
045609,ROSSFORD EXEMPTED VILLAGE,2022-08,2,57788.26
045617,TIPP CITY EXEMPTED VILLAGE,2022-08,2,82218.46
045625,UPPER SANDUSKY E V SCHOOLS,2022-08,4,53252.1
045633,VERSAILLES EXEMPTED VILLAGE,2022-08,2,42094.54
045641,WAUSEON EXEMPTED VILLAGE,2022-08,2,60654.28
045658,WELLINGTON EXEMPTED VILLAGE,2022-08,2,33844.76
045666,WINDHAM EXEMPTED VILLAGE,2022-08,2,15370.63
045674,YELLOW SPRINGS EXEMPTED,2022-08,2,21884.04
045757,ALLEN EAST LOCAL SCHOOL,2022-08,2,34722.73
045765,BATH LOCAL SCHOOL DISTRICT,2022-08,1,60711.71
045773,ELIDA BOARD OF EDUCATION,2022-08,2,75217.51
045781,PERRY LOCAL SCHOOL DISTRICT,2022-08,2,24729.97
045799,SHAWNEE LOCAL SCHOOL DISTRICT,2022-08,2,80662.01
045807,SPENCERVILLE LOCAL SCHOOL,2022-08,4,32889.12
045823,HILLSDALE SCHOOLS,2022-08,3,27711.16
045831,MAPLETON LOCAL SCHOOL DISTRICT,2022-08,3,29055.9
045856,BUCKEYE LOCAL SCHOOL DISTRICT,2022-08,1,58519.28
045864,GRAND VALLEY LOCAL SCHOOL,2022-08,3,32289.61
045872,JEFFERSON AREA LOCAL SCHOOL,2022-08,1,58784.22
045880,PYMATUNING VALLEY LOCAL,2022-08,2,37820.61
045906,ALEXANDER LOCAL SCHOOL,2022-08,3,49904.77
045914,FEDERAL HOCKING LOCAL SCHOOL,2022-08,4,32035.84
045922,TRIMBLE LOCAL SCHOOL DISTRICT,2022-08,4,25699.21
045948,MINSTER LOCAL SCHOOL DISTRICT,2022-08,3,27958.35
045955,NEW BREMEN LOCAL SCHOOL,2022-08,3,27103.02
045963,NEW KNOXVILLE LOCAL SCHOOL,2022-08,2,12483.41
045971,WAYNESFIELD-GOSHEN LOCAL,2022-08,4,15147.56
045997,ST CLAIRSVILLE RICHLAND CITY,2022-08,3,54733.04
046003,SHADYSIDE LOCAL BOARD OF EDU,2022-08,1,23684.31
046011,UNION LOCAL SCHOOL DISTRICT,2022-08,2,46866.81
046037,EASTERN LOCAL SCHOOL DISTRICT,2022-08,3,40865.79
046045,FAYETTEVILLE-PERRY LOCAL,2022-08,4,27292.63
046060,WESTERN BROWN LOCAL SCHOOL,2022-08,3,96277.5
046078,RIPLEY UNION LEWIS HUNTINGTON,2022-08,3,25699.17
046094,EDGEWOOD CITY SCHOOL DISTRICT,2022-08,2,120499.37
046102,FAIRFIELD CITY SCHOOL DISTRICT,2022-08,2,325327.16
046110,LAKOTA LOCAL SCHOOL DISTRICT,2022-08,3,576536.61
046128,MADISON LOCAL SCHOOL DISTRICT,2022-08,2,47422.45
046136,NEW MIAMI LOCAL SCHOOL,2022-08,1,20020.97
046144,ROSS LOCAL SCHOOL DISTRICT,2022-08,2,93022.76
046151,TALAWANDA CITY SCHOOL DISTRICT,2022-08,2,98223.35
046177,BROWN LOCAL SCHOOL DISTRICT,2022-08,2,22207.28
046193,GRAHAM LOCAL SCHOOL DISTRICT,2022-08,5,53364.01
046201,TRIAD LOCAL SCHOOLS,2022-08,3,27375.76
046219,WEST LIBERTY SALEM LOCAL,2022-08,2,39057.59
046235,GREENON LOCAL SCHOOLS,2022-08,2,54557.55
046243,TECUMSEH LOCAL SCHOOL DISTRICT,2022-08,4,95304.33
046250,NORTHEASTERN LOCAL SCHOOL,2022-08,3,100605.49
046268,NORTHWESTERN LOCAL SCHOOL,2022-08,3,53537.75
046276,SOUTHEASTERN LOCAL SCHOOL,2022-08,3,23651.99
046284,CLARK-SHAWNEE LOCAL SCHOOL,2022-08,1,59029.91
046300,BATAVIA LOCAL SCHOOL DISTRICT,2022-08,1,77743.87
046318,BETHEL-TATE LOCAL SCHOOLS,2022-08,2,50187.67
046326,CLERMONT NORTHEASTERN SCHOOL,2022-08,2,47466.99
046334,FELICITY-FRANKLIN LOCAL,2022-08,2,24979.03
046342,GOSHEN LOCAL SCHOOLS,2022-08,2,93528.67
046359,WEST CLERMONT LOCAL SCH DIST.,2022-08,2,267452.55
046367,WILLIAMSBURG LOCAL SCHOOL,2022-08,2,33774.44
046383,BLANCHESTER LOCAL SCHOOL,2022-08,5,45811.36
046391,CLINTON-MASSIE LOCAL SCHOOL,2022-08,3,60508.9
046409,EAST CLINTON LOCAL SCHOOL,2022-08,4,42075.67
046425,BEAVER LOCAL SCHOOL DISTRICT,2022-08,1,57523.22
046433,CRESTVIEW LOCAL SCHOOL,2022-08,2,39698.06
046441,SOUTHERN LOCAL SCHOOL DISTRICT,2022-08,3,26308.3
046458,UNITED LOCAL SCHOOL DISTRICT,2022-08,2,37277.08
046474,RIDGEWOOD LOCAL BOARD OF,2022-08,3,42462.13
046482,RIVER VIEW LOCAL SCHOOL,2022-08,4,56472.31
046508,BUCKEYE CENTRAL LOCAL SCHOOL,2022-08,4,20812.56
046516,COLONEL CRAWFORD LOCAL SCHOOLS,2022-08,3,31837.03
046524,WYNFORD LOCAL SCHOOL DISTRICT,2022-08,4,38353.84
046557,CUYAHOGA HEIGHTS LOCAL SCHOOL,2022-08,2,26616.51
046565,INDEPENDENCE LOCAL SCHOOLS,2022-08,1,35113.9
046573,OLMSTED FALLS BOARD OF,2022-08,2,115493.48
046581,ORANGE CITY SCHOOL DISTRICT,2022-08,2,64044.97
046599,RICHMOND HEIGHTS LOCAL SCHOOL,2022-08,2,24897.2
046607,SOLON BOARD OF EDUCATION,2022-08,2,151664.31
046623,ANSONIA LOCAL SCHOOL DISTRICT,2022-08,1,24115.98
046631,ARCANUM BUTLER LOCAL SCHOOL,2022-08,1,34730.99
046649,FRANKLIN MONROE LOCAL SCHOOL,2022-08,2,18013.96
046672,MISSISSINAWA VALLEY LOCAL,2022-08,1,20599.76
046680,TRI-VILLAGE LOCAL SCHOOL DIST,2022-08,2,27312.73
046706,AYERSVILLE LOCAL SCH DIST.,2022-08,4,25468.71
046714,CENTRAL LOCAL SCHOOL DISTRICT,2022-08,3,32633.59
046722,NORTHEASTERN LOCAL SCHOOL,2022-08,3,36146.54
046748,BIG WALNUT LOCAL SCHOOLS,2022-08,4,134306.9
046755,BUCKEYE VALLEY LOCAL SCHOOL,2022-08,4,71327.72
046763,OLENTANGY LOCAL SCHOOLS,2022-08,2,754816.55
046789,EDISON LOCAL SCHOOLS,2022-08,2,45333.63
046797,KELLEYS ISLAND SCHOOL,2022-08,1,266.5
046805,MARGARETTA LOCAL SCHOOL DIST,2022-08,2,35699.91
046813,PERKINS LOCAL SCHOOL DISTRICT,2022-08,1,61861.41
046821,VERMILION LOCAL SCH DIST.,2022-08,2,57551.69
046847,AMANDA-CLEARCREEK LOCAL SCHOOL,2022-08,3,49666.05
046854,BERNE UNION LOCAL SCHOOLS,2022-08,2,27274.38
046862,BLOOM CARROLL LOCAL SCHOOL,2022-08,2,77923.14
046870,FAIRFIELD UNION LOCAL SCHOOL,2022-08,3,64782.22
046888,LIBERTY UNION THURSTON LOCAL,2022-08,1,41415.03
046896,PICKERINGTON LOCAL SCHOOL DIST,2022-08,3,374910.8
046904,WALNUT TOWNSHIP LOCAL SCHOOL,2022-08,3,16332.79
046920,MIAMI TRACE LOCAL SCH DIST.,2022-08,7,87116.96
046946,CANAL WINCHESTER LOCAL SCHOOL,2022-08,3,129266.16
046953,HAMILTON LOCAL SCHOOLS,2022-08,2,94529.81
046961,GAHANNA-JEFFERSON CITY SCHOOL,2022-08,2,262817.91
046979,GROVEPORT MADISON LOCAL,2022-08,2,204192.94
046995,NEW ALBANY PLAIN LOCAL SCHOOL,2022-08,3,165046.84
047001,REYNOLDSBURG CITY SCHOOLS,2022-08,3,251669.44
047019,HILLIARD CITY SCHOOL DISTRICT,2022-08,1,533011.49
047027,DUBLIN CITY SCHOOLS,2022-08,3,544441.17
047043,ARCHBOLD AREA LOCAL SCHOOLS,2022-08,4,40916.84
047050,EVERGREEN LOCAL SCHOOL,2022-08,2,38309.31
047068,FAYETTE LOCAL SCHOOL DISTRICT,2022-08,2,10955.06
047076,PETTISVILLE LOCAL SCHOOL,2022-08,2,15991.08
047084,PIKE DELTA YORK LOCAL SCHOOLS,2022-08,3,39980.01
047092,SWANTON LOCAL SCHOOL DISTRICT,2022-08,3,40089.42
047167,BERKSHIRE BOARD OF EDUCATION,2022-08,2,44942.93
047175,CARDINAL LOCAL SCHOOL DISTRICT,2022-08,4,27072.56
047183,CHARDON BOARD OF EDUCATION,2022-08,2,87434.26
047191,KENSTON LOCAL SCHOOL DISTRICT,2022-08,3,86442.71
047225,WEST GEAUGA LOCAL SCHOOL,2022-08,3,70555.02
047241,BEAVERCREEK CITY SCHOOLS,2022-08,2,265842.43
047258,CEDARCLIFF LOCAL BOARD OF,2022-08,2,20029.74
047266,GREENEVIEW LOCAL SCHOOL,2022-08,3,46119.17
047274,SUGARCREEK LOCAL SCHOOL,2022-08,3,91502.66
047308,ROLLING HILLS LOCAL SCHOOL,2022-08,3,52464.76
047332,FINNEYTOWN LOCAL SCHOOL,2022-08,1,40868.36
047340,FOREST HILLS LOCAL SCHOOL,2022-08,2,239292.65
047365,NORTHWEST LOCAL SCHOOL,2022-08,2,283896.62
047373,OAK HILLS LOCAL SCHOOL DISTICT,2022-08,1,253674.81
047381,SOUTHWEST LOCAL SCHOOL DIST,2022-08,2,145223.76
047399,THREE RIVERS LOCAL SCHOOL DIST,2022-08,1,69469.6
047415,ARCADIA LOCAL SCHOOL DISTRICT,2022-08,3,18144.84
047423,ARLINGTON LOCAL SCHOOL,2022-08,2,18514
047431,CORY-RAWSON LOCAL SCHOOLS,2022-08,2,16515.79
047449,LIBERTY-BENTON LOCAL SCHOOL,2022-08,1,51014.76
047456,MCCOMB LOCAL SCHOOL DISTRICT,2022-08,4,20463.78
047464,VAN BUREN LOCAL SCHOOL,2022-08,2,34811.32
047472,VANLUE LOCAL SCHOOL DISTRICT,2022-08,3,4899.48
047498,HARDIN NORTHERN LOCAL SCHOOL,2022-08,2,12772.65
047506,RIDGEMONT LOCAL SCHOOL,2022-08,4,17057.33
047514,RIVERDALE LOCAL SCHOOL,2022-08,3,33911.84
047522,UPPER SCIOTO VALLEY LOCAL,2022-08,4,14999.65
047548,CONOTTON VALLEY LOCAL SCHOOL,2022-08,3,16414.77
047571,HOLGATE LOCAL SCHOOL DISTRICT,2022-08,3,14223.87
047589,LIBERTY CENTER LOCAL SCHOOL,2022-08,3,34356.22
047597,PATRICK HENRY LOCAL SCHOOL,2022-08,3,28943.01
047613,BRIGHT LOCAL SCHOOL DISTRICT,2022-08,3,23195.53
047621,FAIRFIELD LOCAL SCHOOL,2022-08,3,30296.07
047639,LYNCHBURG-CLAY LOCAL SCHOOL,2022-08,3,35869.81
047688,EAST HOLMES LOCAL SCHOOL,2022-08,5,51399.07
047696,WEST HOLMES LOCAL SCHOOL,2022-08,5,64262.01
047712,MONROEVILLE LOCAL SCHOOL,2022-08,2,18814.22
047720,NEW LONDON LOCAL SCHOOL,2022-08,3,27623.94
047738,SOUTH CENTRAL LOCAL SCHOOL,2022-08,3,24306.6
047746,WESTERN RESERVE BD OF EDUC,2022-08,3,33696.38
047761,OAK HILL UNION LOCAL SCHOOL,2022-08,5,38656.86
047787,BUCKEYE LOCAL SCHOOL DISTRICT,2022-08,3,45779.65
047795,EDISON LOCAL SCHOOLS,2022-08,4,45863.77
047803,INDIAN CREEK SCHOOL DISTRICT,2022-08,2,64143.08
047829,CENTERBURG LOCAL SCHOOL,2022-08,4,37047.06
047837,DANVILLE LOCAL SCHOOL DISTRICT,2022-08,4,20244.8
047845,EAST KNOX LOCAL SCHOOL,2022-08,2,32026.05
047852,FREDERICKTOWN LOCAL SCHOOL,2022-08,3,40855.88
047878,KIRTLAND LOCAL BOARD OF,2022-08,2,37592.97
047886,MADISON LOCAL SCHOOL DISTRICT,2022-08,3,90808.57
047894,RIVERSIDE LOCAL SCH DIST.,2022-08,2,141470.07
047902,PERRY LOCAL SCHOOL DISTRICT,2022-08,1,49175.32
047928,DAWSON BRYANT LOCAL SCHOOL,2022-08,1,38953.4
047936,FAIRLAND LOCAL SCHOOL DISTRICT,2022-08,2,51133.92
047944,ROCK HILL LOCAL SCHOOL,2022-08,2,44912.88
047951,SOUTH POINT LOCAL SCHOOLS,2022-08,1,47756.79
047969,SYMMES VALLEY LOCAL SCHOOLS,2022-08,2,25385.88
047985,JOHNSTOWN MONROE LOCAL SCHOOL,2022-08,3,57335.35
047993,LAKEWOOD LOCAL SCHOOL DISTRICT,2022-08,3,55566.99
048009,LICKING HEIGHTS LOCAL SCHOOLS,2022-08,2,162297.05
048017,LICKING VALLEY LOCAL SCHOOL,2022-08,2,70692.85
048025,NORTH FORK LOCAL SCHOOL,2022-08,2,53339.6
048033,NORTHRIDGE LOCAL SCHOOL,2022-08,3,37568.9
048041,SOUTHWEST LICKING LOCAL SCHOOL,2022-08,2,154819.26
048074,BENJAMIN LOGAN LOCAL SCHOOL,2022-08,4,56215.89
048082,INDIAN LAKE LOCAL SCHOOL,2022-08,4,47247.41
048090,RIVERSIDE LOCAL SCHOOL,2022-08,3,20218.36
048116,AVON LOCAL SCHOOL DISTRICT,2022-08,2,150553.47
048124,AVON LAKE CITY SCHOOLS,2022-08,2,123068.97
048132,CLEARVIEW BOARD OF EDUCATION,2022-08,1,47395.29
048140,COLUMBIA LOCAL SCHOOL DISTRICT,2022-08,3,30891.52
048157,FIRELANDS LOCAL SCHOOL,2022-08,3,59203.08
048165,KEYSTONE LOCAL SCHOOLS,2022-08,2,50570.88
048173,MIDVIEW LOCAL SCHOOL DISTRICT,2022-08,2,96444.76
048207,ANTHONY WAYNE LOCAL SCHOOLS,2022-08,3,144478.89
048215,OTTAWA HILLS LOCAL SCHOOL,2022-08,1,34653.21
048223,SPRINGFIELD LOCAL SCH DIST.,2022-08,1,117211.34
048231,WASHINGTON LOCAL SCHOOL,2022-08,1,228691.31
048256,JEFFERSON LOCAL SCHOOL,2022-08,2,35675.02
048264,JONATHAN ALDER LOCAL SCHOOL,2022-08,3,75873.42
048272,MADISON PLAINS LOCAL SCHOOL,2022-08,5,38458.29
048298,AUSTINTOWN LOCAL SCHOOL,2022-08,2,140140.79
048306,BOARDMAN LOCAL SCHOOL DISTRICT,2022-08,1,130101.41
048314,CANFIELD LOCAL SCHOOL DISTRICT,2022-08,1,84454.71
048322,JACKSON-MILTON LOCAL SCHOOL,2022-08,3,26717.36
048330,LOWELLVILLE LOCAL SCHOOLS,2022-08,1,16333.22
048348,POLAND LOCAL SCHOOL DISTRICT,2022-08,1,58294.99
048355,SEBRING LOCAL SCHOOL DISTICT,2022-08,1,12349.51
048363,SOUTH RANGE LOCAL SCHOOL,2022-08,2,41891.53
048371,SPRINGFIELD LOCAL BOARD OF EDU,2022-08,2,31205.62
048389,WEST BRANCH LOCAL SCHOOL,2022-08,4,58572.5
048397,WESTERN RESERVE LOCAL SCHOOLS,2022-08,2,20350.18
048413,ELGIN LOCAL SCHOOL DISTRICT,2022-08,4,35578.45
048421,PLEASANT LOCAL SCHOOL DISTRICT,2022-08,1,42005.1
048439,RIDGEDALE LOCAL SCHOOLS,2022-08,3,21179.85
048447,RIVER VALLEY LOCAL SCHOOL DIST,2022-08,4,64471.28
048462,BLACK RIVER LOCAL SCHOOL,2022-08,4,33872.54
048470,BUCKEYE LOCAL SCHOOL DISTRICT,2022-08,3,76170.94
048488,CLOVERLEAF LOCAL SCHOOL,2022-08,2,78392.98
048496,HIGHLAND LOCAL SCHOOL DISTRICT,2022-08,2,111988.85
048512,EASTERN LOCAL SCHOOL DISTRICT,2022-08,1,22752.23
048520,MEIGS LOCAL SCHOOL DISTRICT,2022-08,3,52851.89
048538,SOUTHERN LOCAL SCHOOL DISTRICT,2022-08,1,21702.13
048553,MARION LOCAL BOARD OF,2022-08,3,30819.09
048579,PARKWAY SCHOOL BOARD OF EDUC,2022-08,2,33091.33
048587,ST HENRY CONSOLIDATED LOCAL,2022-08,2,31479.93
048595,FORT RECOVERY LOCAL SCHOOL,2022-08,2,30916.01
048611,BETHEL LOCAL SCHOOL DISTRICT,2022-08,3,60524.5
048629,MIAMI EAST LOCAL SCHOOLS,2022-08,4,45811.19
048637,NEWTON LOCAL SCHOOL DISTRICT,2022-08,2,21094.94
048652,SWITZERLAND OF OHIO LOCAL,2022-08,4,64929.61
048678,BROOKVILLE LOCAL SCHOOL,2022-08,2,49941.26
048686,JEFFERSON TOWNSHIP LOCAL,2022-08,1,8912.49
048694,TROTWOOD MADISON CITY SCHOOLS,2022-08,1,85447.27
048702,MAD RIVER LOCAL SCHOOL,2022-08,2,118114.68
048710,NEW LEBANON LOCAL SCHOOLS,2022-08,2,37014.99
048728,NORTHMONT CITY SCHOOLS,2022-08,3,160658.59
048736,NORTHRIDGE LOCAL SCHOOL,2022-08,1,52414.73
048744,VALLEY VIEW LOCAL SCHOOL,2022-08,3,57154.17
048751,HUBER HEIGHTS CITY SCHOOLS,2022-08,4,190144.18
048777,MORGAN LOCAL SCHOOL DISTRICT,2022-08,5,54763.97
048793,CARDINGTON LINCOLN LOCAL,2022-08,2,33339.9
048801,HIGHLAND LOCAL SCHOOL DISTRICT,2022-08,3,56084.39
048819,NORTHMOR LOCAL SCHOOLS,2022-08,5,34867.32
048835,EAST MUSKINGUM SCHOOL DISTRICT,2022-08,2,72663
048843,FRANKLIN LOCAL SCHOOL DISTRICT,2022-08,3,65579.27
048850,MAYSVILLE LOCAL SCHOOL DIST,2022-08,2,62292.36
048876,TRI-VALLEY LOCAL SCHOOLS,2022-08,3,99003.43
048884,WEST MUSKINGUM LOCAL SCHOOL,2022-08,3,51337.49
048900,NOBLE LOCAL SCHOOL DISTRICT,2022-08,5,32879.03
048926,BENTON CARROLL SALEM LOCAL,2022-08,3,48511.23
048934,DANBURY LOCAL SCHOOLS,2022-08,1,15879.92
048942,GENOA AREA LOCAL SCHOOL,2022-08,4,44423.32
048975,PUT-IN-BAY LOCAL SCHOOL,2022-08,1,2088.59
048991,ANTWERP LOCAL SCHOOL DISTRICT,2022-08,2,22710.5
049031,WAYNE TRACE LOCAL SCHOOL,2022-08,3,30752.99
049056,NORTHERN LOCAL SCHOOL DISTRICT,2022-08,4,75282.28
049064,SOUTHERN LOCAL SCHOOL DISTRICT,2022-08,4,20753.97
049080,LOGAN ELM LOCAL SCHOOL DIST,2022-08,5,59582.88
049098,TEAYS VALLEY BOARD OF EDU,2022-08,3,142576.73
049106,WESTFALL LOCAL SCHOOL DISTRICT,2022-08,3,45916.89
049122,EASTERN LOCAL SCHOOL DISTRICT,2022-08,3,27061.72
049130,SCIOTO VALLEY LOCAL SCHOOL,2022-08,2,44238.05
049148,WAVERLY CITY SCHOOLS,2022-08,3,61129.4
049155,WESTERN LOCAL SCHOOL DISTRICT,2022-08,4,24708.89
049171,AURORA BOARD OF EDUCATION,2022-08,4,98515.77
049189,CRESTWOOD LOCAL SCHOOLS,2022-08,2,46982.52
049197,FIELD LOCAL SCHOOL DISTRICT,2022-08,3,65724.92
049205,JAMES A GARFIELD LOCAL SCHOOLS,2022-08,3,41435.01
049213,ROOTSTOWN LOCAL SCHOOL,2022-08,1,34996.73
049221,SOUTHEAST LOCAL SCHOOLS,2022-08,3,47612.59
049239,STREETSBORO CITY SCHOOLS,2022-08,2,68332.45
049247,WATERLOO LOCAL BOARD OF EDU,2022-08,2,28686.48
049270,NATIONAL TRAIL LOCAL SD,2022-08,2,32394.09
049288,PREBLE SHAWNEE LOCAL SCHOOLS,2022-08,3,44579.02
049296,TWIN VALLEY COMMUNITY LOCAL,2022-08,2,25771.11
049312,COLUMBUS GROVE LOCAL SCHOOL,2022-08,2,27551.76
049320,CONTINENTAL LOCAL SCHOOL,2022-08,3,15852.07
049338,JENNINGS LOCAL SCHOOL DISTRICT,2022-08,3,12495.03
049346,KALIDA LOCAL SCHOOL DISTRICT,2022-08,1,20575.99
049353,LEIPSIC LOCAL SCHOOL DISTRICT,2022-08,2,21573.74
049361,MILLER CITY-NEW CLEVELAND,2022-08,1,17085.71
049379,OTTAWA GLANDORF LOCAL SCHOOL,2022-08,1,49794.54
049387,OTTOVILLE LOCAL SCHOOL,2022-08,3,16315.9
049395,PANDORA-GILBOA LOCAL BOARD OF,2022-08,3,17551.63
049411,CLEARFORK VALLEY LOCAL SCHOOL,2022-08,3,53706.98
049429,CRESTVIEW LOCAL SCHOOL,2022-08,3,33275.86
049437,LEXINGTON LOCAL SCH DIST.,2022-08,2,79134.22
049445,LUCAS LOCAL SCHOOL DISTRICT,2022-08,2,17340.05
049452,MADISON LOCAL SCHOOLS,2022-08,2,88277
049460,PLYMOUTH-SHILOH LOCAL SCHOOLS,2022-08,3,23366.42
049478,ONTARIO LOCAL SCHOOLS,2022-08,2,66370.69
049494,ADENA LOCAL SCHOOL DISTRICT,2022-08,3,38943.08
049502,HUNTINGTON LOCAL SCH DIST.,2022-08,2,36865.3
049510,PAINT VALLEY LOCAL SCHOOL,2022-08,3,27497.25
049528,SOUTHEASTERN LOCAL SCHOOL,2022-08,4,33771.28
049536,UNION-SCIOTO LOCAL SCHOOL,2022-08,2,69953.93
049544,ZANE TRACE LOCAL SCHOOL,2022-08,3,45618.3
049569,LAKOTA LOCAL SCHOOLS,2022-08,3,33059.06
049577,WOODMORE LOCAL SCHOOL DISTRICT,2022-08,3,30452.53
049593,BLOOM-VERNON LOCAL SCHOOL,2022-08,3,27523.37
049601,CLAY LOCAL SCHOOL DISTRICT,2022-08,1,19986.79
049619,GREEN LOCAL SCHOOL DISTRICT,2022-08,2,18389.8
049627,MINFORD LOCAL SCHOOL DISTRICT,2022-08,2,41484.34
049635,NORTHWEST LOCAL SCHOOL DIST,2022-08,3,43800.01
049643,VALLEY LOCAL SCHOOL DISTRICT,2022-08,2,34933.79
049650,WASHINGTON NILES LOCAL SCHOOL,2022-08,2,43746.77
049668,WHEELERSBURG LOCAL SCHOOL,2022-08,1,52091.81
049684,SENECA EAST LOCAL SCHOOL,2022-08,3,28565.79
049700,HOPEWELL-LOUDON LOCAL SCHOOL,2022-08,2,26068.29
049718,NEW RIEGEL LOCAL SCHOOL,2022-08,1,12051.95
049726,OLD FORT LOCAL SCHOOL DISTRICT,2022-08,2,22565.05
049759,ANNA LOCAL BOARD OF EDUCAION,2022-08,1,38345.09
049767,BOTKINS LOCAL SCHOOL DISTRICT,2022-08,2,21731.02
049775,FAIRLAWN LOCAL SCHOOL DISTRICT,2022-08,4,19392.17
049783,FORT LORAMIE LOCAL SCHOOL,2022-08,2,25740.19
049791,HARDIN-HOUSTON LOCAL SCHOOL,2022-08,2,26503.79
049809,JACKSON CENTER LOCAL SCHOOL,2022-08,3,18103.85
049817,RUSSIA LOCAL SCHOOL DISTRICT,2022-08,2,13731.6
049833,CANTON LOCAL SCHOOL DISTRICT,2022-08,1,58881.05
049841,FAIRLESS LOCAL BOARD OF,2022-08,3,48038.45
049858,JACKSON LOCAL SCHOOL DISTRICT,2022-08,1,199139.46
049866,LAKE LOCAL SCHOOL DISTRICT,2022-08,3,111803.77
049874,LOUISVILLE CITY SCHOOLS,2022-08,1,93461.46
049882,MARLINGTON LOCAL SCHOOL,2022-08,4,63238.26
049890,MINERVA LOCAL SCHOOLS,2022-08,3,60525.36
049908,NORTHWEST LOCAL SCHOOL,2022-08,3,61507.4
049916,OSNABURG LOCAL SCHOOLS,2022-08,2,27975.53
049924,PERRY LOCAL SCHOOL DISTRICT,2022-08,1,140821.23
049932,PLAIN LOCAL SCHOOL DISTRICT,2022-08,1,200331.31
049940,SANDY VALLEY LOCAL SCHOOL,2022-08,3,42142.69
049957,TUSLAW LOCAL SCHOOLS,2022-08,2,45125.21
049973,WOODRIDGE LOCAL SCHOOL,2022-08,2,63949.96
049981,COPLEY-FAIRLAWN CITY SCHOOLS,2022-08,2,88795.81
049999,COVENTRY LOCAL SCHOOL DISTRICT,2022-08,1,51775.44
050005,MANCHESTER LOCAL SCHOOL,2022-08,2,43604.31
050013,GREEN LOCAL SCHOOLS,2022-08,2,131970.12
050021,HUDSON CITY SCHOOL DISTRICT,2022-08,1,150760.83
050039,MOGADORE LOCAL SCHOOL DISTRICT,2022-08,2,26889.8
050047,NORDONIA HILLS CITY SCHOOLS,2022-08,2,116519.34
050054,REVERE LOCAL SCHOOL DISTRICT,2022-08,3,92170.48
050062,SPRINGFIELD LOCAL SCH DIST.,2022-08,3,61669.24
050070,TWINSBURG BOARD OF EDUCATION,2022-08,3,132101.88
050096,BLOOMFIELD-MESPO LOCAL SCHOOL,2022-08,3,7484.79
050112,BRISTOL LOCAL SCHOOL DISTRICT,2022-08,1,16824.59
050120,BROOKFIELD LOCAL SCHOOL,2022-08,1,33980.38
050138,CHAMPION LOCAL SCHOOL DISTRICT,2022-08,1,43021.94
050153,MATHEWS LOCAL SCHOOL DISTRICT,2022-08,1,21759.36
050161,HOWLAND LOCAL SCHOOL DISTRICT,2022-08,1,83791.76
050179,JOSEPH BADGER LOCAL SCHOOL DIS,2022-08,2,22504.53
050187,LAKEVIEW LOCAL BOARD,2022-08,1,53885.05
050195,LIBERTY LOCAL BOARD OF EDU,2022-08,2,44329.96
050203,LORDSTOWN LOCAL SCHOOL,2022-08,2,15169.17
050211,MAPLEWOOD LOCAL BOARD OF EDU,2022-08,2,22156.79
050229,MCDONALD BOARD OF EDUCATION,2022-08,1,22487.99
050237,SOUTHINGTON LOCAL SCHOOL,2022-08,2,14606.2
050245,LABRAE LOCAL SCHOOL DISTRICT,2022-08,2,34146.48
050252,WEATHERSFIELD LOCAL SCHOOL,2022-08,2,31284.1
050278,GARAWAY LOCAL SCHOOLS,2022-08,4,37776.86
050286,INDIAN VALLEY LOCAL SCHOOLS,2022-08,2,58231.54
050294,STRASBURG-FRANKLIN LOCAL,2022-08,2,18935.91
050302,TUSCARAWAS VALLEY LOCAL SCHOOL,2022-08,3,43665.11
050328,FAIRBANKS LOCAL SCHOOLS,2022-08,4,36875.96
050336,NORTH UNION LOCAL SCHOOL,2022-08,5,48435.82
050351,CRESTVIEW LOCAL SCHOOL,2022-08,2,28582.41
050369,LINCOLNVIEW LOCAL SCH DIST.,2022-08,4,29443.88
050393,VINTON COUNTY LOCAL SCHOOLS,2022-08,6,59106.42
050419,CARLISLE LOCAL SCHOOLS,2022-08,3,53126.78
050427,SPRINGBORO COMMUNITY SCHOOLS,2022-08,2,202874.85
050435,KINGS LOCAL SCHOOL DISTRICT,2022-08,3,157331.38
050443,LITTLE MIAMI LOCAL SCHOOL,2022-08,2,172913.82
050450,MASON CITY SCHOOL DISTRICT,2022-08,3,342108.18
050468,WAYNE LOCAL SCHOOL DISTRICT,2022-08,4,53130.93
050484,FORT FRYE LOCAL SCHOOL,2022-08,4,33185.71
050492,FRONTIER LOCAL SCHOOL DISTRICT,2022-08,2,19358.31
050500,WARREN LOCAL SCHOOLS,2022-08,3,69549.52
050518,WOLF CREEK LOCAL SCHOOL BD,2022-08,2,20820.25
050534,CHIPPEWA LOCAL SCHOOLS,2022-08,4,40938.99
050542,DALTON LOCAL SCHOOL DISTRICT,2022-08,2,30838.49
050559,GREEN LOCAL SCHOOL DISTRICT,2022-08,1,36801.47
050567,NORTH CENTRAL LOCAL SCHOOLS,2022-08,2,45348.12
050575,NORTHWESTERN LOCAL SCH DIST.,2022-08,3,42902.43
050583,SOUTHEAST LOCAL SCH DIST.,2022-08,3,41934.13
050591,TRIWAY LOCAL SCHOOL DISTRICT,2022-08,3,50947.45
050617,EDGERTON LOCAL SCHOOL DISTRICT,2022-08,2,19674.21
050625,EDON NORTHWEST LOCAL SCHOOL,2022-08,1,16587.06
050633,MILLCREEK WEST UNITY LOCAL,2022-08,2,17652.2
050641,NORTH CENTRAL LOCAL SCHOOL,2022-08,1,19445.76
050658,STRYKER LOCAL SCHOOL DISTRICT,2022-08,4,11534.95
050674,EASTWOOD BOARD OF EDUCATION,2022-08,3,48382.12
050682,ELMWOOD LOCAL SCHOOL DISTRICT,2022-08,2,38674.19
050690,LAKE LOCAL SCHOOL DISTRICT,2022-08,2,50732.2
050708,NORTH BALTIMORE BOARD OF,2022-08,2,21708.06
050716,NORTHWOOD LOCAL SCHOOLS,2022-08,3,32936.18
050724,OTSEGO LOCAL SCHOOL DISTRICT,2022-08,3,53023.49
050740,MOHAWK BOARD OF EDUCATION,2022-08,3,26510.42
050773,APOLLO JOINT VOCATIONAL,2022-08,8,52690.32
050799,SOUTHERN HILLS JOINT,2022-08,5,43344.26
050815,ASHTABULA COUNTY TECHNICAL &,2022-08,3,47060.4
050856,BELMONT-HARRISON VOCATIONAL,2022-08,6,30671.2
050880,BUTLER TECHNOLOGY & CAREER,2022-08,4,430373.36
050906,COLUMBIANA COUNTY JOINT,2022-08,4,12227.53
050922,CUYAHOGA VALLEY CAREER CENTER,2022-08,2,23414.68
050948,POLARIS JOINT VOCATIONAL,2022-08,2,85106.58
050963,FOUR COUNTY JOINT VOCATIONAL,2022-08,9,42179.09
050989,DELAWARE AREA CAREER CENTER,2022-08,6,65934.9
051003,EASTLAND-FAIRFIELD CAREER &,2022-08,6,65824.47
051029,EHOVE JOINT VOCATIONAL SCHOOL,2022-08,7,25370.25
051045,GREENE COUNTY JOINT VOCATIONAL,2022-08,6,89422
051060,GREAT OAKS INSTITUTE OF TECH,2022-08,12,384002.74
051128,JEFFERSON COUNTY JOINT,2022-08,5,9653.23
051144,KNOX COUNTY CAREER CENTER,2022-08,4,18318.47
051169,AUBURN VOCATIONAL SCHOOL DIST,2022-08,4,22470.08
051185,LAWRENCE COUNTY JOINT,2022-08,3,46335.32
051201,LICKING CNTY JOINT VOCATIONAL,2022-08,7,73104.16
051227,LORAIN COUNTY JOINT,2022-08,4,52230.37
051243,MAHONING COUNTY CAREER &,2022-08,5,26767.28
051284,MIAMI VALLEY CAREER TECHNOLOGY,2022-08,9,123790.64
051300,MIDEAST CAREER & TECHNOLOGY,2022-08,12,40394.85
051334,OHIO HI POINT JOINT VOCATIONAL,2022-08,12,105793.65
051359,PENTA COUNTY VOCATIONAL SCHOOL,2022-08,7,141643.75
051375,PIKE COUNTY JOINT VOCATIONAL,2022-08,5,15198.41
051391,MAPLEWOOD CAREER CENTER,2022-08,6,21609.26
051417,PIONEER CAREER & TECHNOLOGY,2022-08,9,74928.92
051433,PICKAWAY-ROSS COUNTY JOINT,2022-08,10,92219.09
051458,VANGUARD SENTINEL CAREER CNTRS,2022-08,9,56275.39
051474,WARREN COUNTY VOCATIONAL,2022-08,7,124119.81
051490,SCIOTO COUNTY CAREER TECH CNTR,2022-08,5,46852.87
051532,SPRINGFIELD-CLARK CAREER,2022-08,6,28821.13
051607,TRI-COUNTY JOINT VOCATIONAL,2022-08,7,16572.67
051631,TRUMBULL COUNTY JOINT,2022-08,5,28947.87
051656,BUCKEYE JOINT VOCATIONAL,2022-08,10,40584.35
051672,VANTAGE CAREER CENTER,2022-08,6,20864.27
051698,WASHINGTON COUNTY JOINT,2022-08,5,15751.13
051714,WAYNE CNTY JOINT VOCATIONAL SC,2022-08,6,26599.64
061903,ADAMS CNTY-OH VALLEY SCHL DIST,2022-08,5,114718.07
062026,STARK COUNTY AREA JOINT,2022-08,5,25624.49
062042,ASHLAND CO WEST HOLMES JOINT,2022-08,8,22373.95
062067,GALLIA JACKSON VINTON JOINT,2022-08,8,48599.78
062109,MEDINA COUNTY CAREER CENTER,2022-08,4,76572.15
062125,UPPER VALLEY JOINT VOCATIONAL,2022-08,6,109507.19
062802,US GRANT JOINT VOCATIONAL,2022-08,2,22854.14
063495,PORTAGE LAKES JOINT VOCATIONAL,2022-08,3,18461.35
063511,TOLLES CAREER & TECH CENTER,2022-08,8,63752.99
064964,COLLEGE CORNER LOCAL SCHOOL,2022-08,2,3965.22
065227,COSHOCTON COUNTY JOINT,2022-08,4,9429.65
065268,TRI-RIVERS JOINT VOCATIONAL,2022-08,7,17769.36
065680,GALLIA COUNTY LOCAL SCHOOL,2022-08,5,73108.4
069682,EAST GUERNSEY LOCAL SCHOOL,2022-08,5,34028.37
091397,TRI-COUNTY NORTH LOCAL SCHOOL,2022-08,3,25927.62
132746,SUMMIT ACADEMY COMMUNITY SCH,2022-08,3,2880.08
132761,SUMMIT ACAD COMMU SCHL FOR,2022-08,4,4868.9
132779,SUMMIT ACADEMY AKRON MIDDLE,2022-08,3,2183.57
132795,LIFE SKILLS CENTER OF CLARK,2022-08,3,9442.33
132803,LIFE SKILLS CENTER OF BUTLER,2022-08,6,10889.43
132944,MIAMI VALLEY ACADEMIES,2022-08,1,3876.44
132951,CONSTELLATN SCHLS LORAIN COMMU,2022-08,2,4828.84
132969,CONSTELLATN SCHLS ELYRIA COMMU,2022-08,1,11840.55
132985,YOUTH BUILD COLUMBUS,2022-08,3,8467.67
132993,CONSTELLATN SCHLS W.PARK COMM,2022-08,2,7241.01
133215,INTERGENERATIONAL SCHOOL,2022-08,1,7571.64
133256,CONSTELLTN SCHLS PARMA COMMU,2022-08,3,37064.72
133264,DOHN COMMUNITY HIGH SCHOOL,2022-08,4,53070.22
133280,WASHINGTON PARK COMMUNITY,2022-08,1,6050.7
133306,SUMMIT ACAD COMMU SCHL FOR,2022-08,3,3145.19
133322,SUMMIT ACAD COMMU SCHL  FOR,2022-08,1,2513.64
133330,TCP WORLD ACADEMY,2022-08,2,14780.2
133348,RICHARD ALLEN PREPARATORY,2022-08,1,12888.32
133421,GRAHAM SCHOOL,2022-08,2,6317.74
133439,CORNERSTONE ACADEMY,2022-08,9,31422.6
133454,DAYTON VIEW ACADEMY,2022-08,1,15870.2
133488,EDUCATIONAL DEVELOPMENT CENTER,2022-08,2,6657.21
133504,PHOENIX COMMUNITY LEARNING,2022-08,1,8629.97
133512,LKH VICTORY CORP,2022-08,1,29560.13
133538,EDGE LEARNING INC,2022-08,3,6782.18
133561,MILLENNIUM COMMUNITY SCHOOL,2022-08,1,14850.89
133587,SUMMIT ACAD AKRON ELEMENT SCH,2022-08,3,3043.66
133629,HORIZON SCIENCE ADADEMY -,2022-08,2,9555.53
133660,HORIZON EDUCATIONAL SERVICES,2022-08,1,16206.99
133678,RIVERSIDE COMMUNITY SCHOOL INC,2022-08,2,6282.35
133736,RICHARD ALLEN ACADEMY INC,2022-08,2,4004.17
133785,LIFE SKILLS CENTER OF,2022-08,3,3207.39
133835,LIFE SKILLS CENTER OF,2022-08,4,10117.9
133868,LIFE SKILLS CENTER OF AKRON,2022-08,6,14723.55
133942,TOLEDO SCHOOL FOR THE ARTS,2022-08,5,21899.74
134072,YOUNGSTOWN COMMUNITY SCHL INC,2022-08,1,10922.01
134098,CONSTELLATN SCHLS OLD BROOKLYN,2022-08,1,7968.41
134122,MULTIPLE OPTNS FOR DEVELOPMENT,2022-08,4,3247.13
134197,HOPE ACADEMY CHAPELSIDE CAMPUS,2022-08,2,5984.59
134213,HOPE ACADEMY UNIVERSITY,2022-08,1,4036.17
134247,CITY DAY COMMUNITY SCHOOL INC,2022-08,2,5963.72
139303,MONROE LOCAL SCHOOL DISTRICT,2022-08,2,95970.26
142901,LIFE SKILLS CENTER OF CANTON,2022-08,3,3377.03
142919,LIFE SKILLS CENTER OF ELYRIA,2022-08,4,4531.37
142927,FOCUS LEARNING ACADEMY OF,2022-08,5,10683.76
142935,FOCUS LEARNING ACADEMY OF,2022-08,5,5887.86
142943,FOCUS LEARNING ACADEMY OF,2022-08,2,20573.07
142950,OHIO VIRTUAL ACADEMY INC,2022-08,88,503397.86
142968,HOPE ACAD NORTHCOAST ACAD,2022-08,1,10911.1
143172,INTERNATIONAL ACADEMY OF,2022-08,2,8864.21
143198,GREAT WESTERN ACADEMY,2022-08,2,23351.35
143206,TROTWOOD FITNESS &,2022-08,1,11032.94
143214,MIDDLETOWN FITNESS &,2022-08,3,9332.38
143297,AUTISM ACADEMY OF LEARNING,2022-08,2,1557.09
143305,TRECA DIGITAL ACADEMY,2022-08,87,73038.09
143313,HOPE ACADEMY CUYAHOGA CAMPUS,2022-08,3,3504.93
143396,OHIO DISTANCE EDUCATION &,2022-08,87,229847.34
143479,CONSTELLATION SCHOOLS PURITAS,2022-08,2,5323.36
143487,CONSTELLATION SCHLS STOCKYARD,2022-08,1,5091.85
143529,NORTH DAYTON SCHOOL OF SCIENCE,2022-08,1,17692.45
143602,HAMILTON COUNTY MATHEMATICS &,2022-08,3,19575.28
143610,ARTS & COLLEGE PREPARATORY,2022-08,8,15778.53
143644,SCIOTOVILLE COMMUNITY SCHOOL,2022-08,1,11753.03
147231,SCHNEE LEARNING CENTER,2022-08,1,3142.92
148981,TOMORROW CENTER,2022-08,7,3219.43
148999,MAHONING UNLIMITED CLASSROOM,2022-08,9,6603.83
149047,GOAL DIGITAL ACADEMY,2022-08,19,27716
149088,FAIRBORN DIGITAL ACADEMY,2022-08,4,6953.59
149302,LIFE SKILLS CENTER OF TOLEDO,2022-08,2,7884.8
149328,FOXFIRE HIGH SCHOOL,2022-08,8,9543.53
151175,WEST CENTRAL LEARNING ACADEMY,2022-08,3,2390.14
151183,LIFE SKILLS CNTR OF LAKE ERIE,2022-08,1,6811.17
151209,LIFE SKILLS CENTER OF,2022-08,1,6116.83
000131,GLASS CITY ACADEMY INC,2023-01,1,13090.98
000138,PATHWAY SCHOOL OF DISCOVERY,2023-01,5,24906.08
000139,ALLIANCE ACADEMY,2023-01,1,14675.54
000222,WILDWOOD ENVIRONMENTAL ACADEMY,2023-01,2,10517.25
000236,OHIO CONNECTIONS ACADEMY INC,2023-01,88,170456.9
000241,QUAKER DIGITAL ACADEMY,2023-01,55,21530.52
000282,GREATER OHIO VIRTUAL SCHOOL,2023-01,31,21167.4
000288,AUGLAIZE COUNTY EDUCATIONAL,2023-01,7,2959.27
000296,SUMMIT ACAD. COMM. SCHOOL,2023-01,3,919.88
000297,SUMMIT ACAD. COMM. SCHOOL DAY,2023-01,4,1937.83
000298,SUMMIT ACADEMY SECONDARY,2023-01,2,1808.44
000300,SUMMIT ACAD. SEC. SCHOOL,2023-01,2,2095.45
000301,SUMMIT ACAD. SEC. SCHOOL LOR,2023-01,2,3685.84
000302,SUMMIT ACAD. COMM. SCHOOL PAR,2023-01,2,5104.72
000303,SUMMIT ACAD. SEC. SCHOOL,2023-01,2,4489.14
000305,SUMMIT ACAD. COMM. SCHOOL WAR,2023-01,2,3365.28
000306,SUMMIT ACAD. COMM. SCHOOL,2023-01,4,2568.17
000311,BRIDGES COMMUNITY ACADEMY,2023-01,6,3129.15
000316,CONSTELLATION SCHOOLS WESTPARK,2023-01,1,4692.53
000318,MENLO PARK ACADEMY,2023-01,12,16362.62
000319,CONSTELLATION SCH MADISON,2023-01,1,6658.32
000320,CONSTELLATION SCHOOLS LORAIN,2023-01,2,3044.38
000321,CONSTELLATION SCH OLD BROOKLYN,2023-01,1,2726.74
000338,HORIZON SCI ACADEMY,2023-01,2,16300.41
000402,FINDLAY DIGITAL ACADEMY,2023-01,5,4920.48
000417,BUCKEYE ON-LINE SCH FOR SUCCS,2023-01,60,18968.56
000442,MANCHESTER LOCAL SCHOOL DIST,2023-01,3,21513.33
000509,WHITEHALL PREPARATORY &,2023-01,1,10212.74
000510,SPRINGFIELD PREPARATORY &,2023-01,1,4286.16
000511,NORTHLAND PREPARATORY &,2023-01,3,6279.91
000525,PROJECT REBUILD COMMUNITY SCHL,2023-01,1,3841.56
000527,CASTLE HIGH SCHOOL INC,2023-01,7,9829.8
000534,CONSTELLATION SCHOOLS PURITAS,2023-01,1,3963.29
000543,PINNACLE ACADEMY,2023-01,3,22448.53
000546,WINTERFIELD VENTURE ACADEMY,2023-01,3,15537.55
000553,COLUMBUS HUMANITIES ARTS &,2023-01,10,20172.99
000556,A+ ARTS ACADEMY,2023-01,2,12781.89
000557,COLUMBUS ARTS &,2023-01,5,16144.4
000558,COLUMBUS PREPARATORY ACADEMY,2023-01,6,26578.72
000559,ORION ACADEMY,2023-01,1,15499.65
000560,APEX ACADEMY,2023-01,2,14997.1
000575,HOPE ACADEMY NORTHWEST CAMPUS,2023-01,1,5802.25
000576,KING ACADEMY COMMUNITY SCHOOL,2023-01,2,3011.26
000577,EMERSON ACADEMY,2023-01,3,19982.51
000598,COSHOCTON OPPORTUNITY SCHOOL,2023-01,1,1242.03
000608,SUMMIT ACADEMY TRANSITION HIGH,2023-01,3,1743.56
000609,SUMMIT ACAD. MIDDLE SCH LORAIN,2023-01,1,2410.14
000610,SUMMIT ACAD. MIDDLE SCH COL.,2023-01,1,1078.36
000613,HEIR FORCE COMMUNITY SCHOOL,2023-01,1,7575.46
000614,SUMMIT ACADEMY TRANSITION HIGH,2023-01,1,1205.23
000616,SUMMIT ACAD. SCH FOR ALT.,2023-01,1,2507.95
000621,SUMMIT ACADEMY TRANSITION HIGH,2023-01,3,2477.87
000623,SUMMIT ACADEMY - YOUNGSTOWN,2023-01,2,4107.04
000629,SUMMIT ACADEMY COMMUNITY,2023-01,2,1205.6
000634,SUMMIT ACADEMY SECONDARY,2023-01,4,2570.94
000640,RITTMAN ACADEMY,2023-01,4,1208.08
000664,LIFE SKILLS CENTER OF COLUMBUS,2023-01,1,3805.99
000679,OAKSTONE COMMUNITY SCHOOL,2023-01,7,6851.82
000725,ZENITH ACADEMY,2023-01,1,14050.45
000736,PHOENIX VILL. ACAD. PRIMARY 2,2023-01,1,4755.95
000770,MARITIME ACADEMY OF TOLEDO INC,2023-01,2,7149.18
000779,EDUCATIONAL ACADEMY FOR BOYS,2023-01,1,4535.47
000780,MIDNIMO CROSS CULTURAL MIDDLE,2023-01,1,4218.31
000804,HORIZON SCIENCE ACADEMY,2023-01,1,5483.52
000808,HORIZON SCIENCE ADADEMY DAYTON,2023-01,2,6290.14
000813,LIFE SKILLS CENTER OF DAYTON,2023-01,5,3685.03
000825,HORIZON SCIENCE ACADEMY,2023-01,2,10739.57
000838,HORIZON SCIENCE ACADEMY-,2023-01,2,7768.09
000843,BENNETT VENTURE ACADEMY,2023-01,2,18556.13
000855,STAMBAUGH CHARTER ACADEMY,2023-01,2,15058.87
000858,HORIZON SCIENCE ACAD CLEVELAND,2023-01,1,7165.62
000875,WESTSIDE ACADEMY INC,2023-01,1,9736.99
000905,IMAC INC,2023-01,3,1017.48
000912,ACADEMIC ACCELERATION ACADEMY,2023-01,1,4123.16
000936,PROMISE ACADEMY,2023-01,4,3265.85
000938,PREMIER ACADEMY OF OHIO,2023-01,1,3647.41
000941,PAR EXCELLENCE ACADEMY,2023-01,1,5808.21
000951,TOLEDO PREP. AND FITNESS ACAD,2023-01,1,7816.46
000952,COLUMBUS PREPARATORY,2023-01,3,12417.19
000953,CINCINNATI PREPARATORY &,2023-01,1,5578.61
007984,YOUNGSTOWN ACAD OF EXCELLENCE,2023-01,4,7609.32
007995,CLEVELAND ARTS  SCI.,2023-01,1,8941.18
007999,CHARLES SCHOOL,2023-01,3,9546.79
008000,MANSFIELD PREPARATORY ACADEMY,2023-01,3,16458.88
008063,LIFE SKILLS CTR OF NORTH AKRON,2023-01,4,2442.99
008064,ACADEMY OF ARTS,2023-01,4,5940.12
008278,NOBLE ACADEMY-CLEVELAND INC,2023-01,2,11351.04
008280,NOBLE ACADEMY-COLUMBUS INC,2023-01,2,8975.78
008281,SOUTH SCIOTO ACADEMY,2023-01,1,6438.47
008282,LIFE SKILLS CTR OF COL. NORTH,2023-01,3,3488.88
008283,DAYTON TECH. DESIGN HIGH SCH,2023-01,1,2223.8
008286,HARVARD AVE COMMUNITY SCHOOL,2023-01,1,8624.11
008287,GROVEPORT COMMUNITY SCHOOL,2023-01,8,20109.06
008289,EAGLE LEARNING CENTER INC,2023-01,3,1557
009122,COLUMBUS COLLEGIATE,2023-01,1,7548.55
009148,ZANESVILLE COMM. HIGH SCH,2023-01,1,4402.92
009149,CONSTELLATION SCHOOLS WESTSIDE,2023-01,1,6024.2
009164,CENTRAL ACADEMY OF OHIO,2023-01,1,2796.13
009179,HORIZON SCIENCE ACADEMY INC,2023-01,1,15953.45
009192,FOUNDATION ACADEMY,2023-01,2,14651.55
009283,DAYTON EARLY COLLEGE ACAD.,2023-01,1,10674.25
009953,SULLIVANT AVE COMM. SCHOOL,2023-01,1,8785.5
009955,MADISON AVENUE SCHOOL OF ARTS,2023-01,2,14584.36
009957,KLEPINGER COMMUNITY SCHOOL,2023-01,1,16964.44
009971,ASHLAND CTY COMM. ACADEMY,2023-01,3,2107.79
009990,HORIZON SCI. ACAD. ELEMENTARY,2023-01,1,12496.34
009996,MAHONING COUNTY HIGH SCHOOL,2023-01,3,3884.09
009997,KIPP CENTRAL OHIO,2023-01,4,61181.56
010036,CESAR CHAVEZ COLLEGE PREP.,2023-01,1,10085.88
010182,PERFORMANCE ACADEMY EASTLAND,2023-01,3,8785.63
010205,L HOLLINGWORTH SCH FOR TAL.,2023-01,2,8642.7
011291,VILLAGE PREPARATORY SCHOOL,2023-01,4,20958
011324,HARDIN COMMUNITY SCHOOL,2023-01,1,955.97
011381,GREATER SUMMIT CTY EARLY LEARN,2023-01,4,3014.48
011390,BELLA ACADEMY OF EXCELLENCE,2023-01,2,5199.99
011439,RENAISSANCE ACADEMY,2023-01,1,3171.66
011468,COLUMBUS BILINGUAL ACAD. - N.,2023-01,2,15223.97
011506,DAYTON REGIONAL STEM SCHOOL,2023-01,9,23695.82
011507,ACHIEVE CAREER PREP. ACAD.,2023-01,1,2065.32
011511,NORTH CENTRAL ACADEMY,2023-01,4,2987.02
011533,HORIZON SCI. ACAD. OF LORAIN,2023-01,2,26321.76
011534,HORIZON SCIENCE ACADEMY DAYTON,2023-01,2,9752.76
011923,NORTHEAST OHIO COLLEGE PREP.,2023-01,2,15504.41
011947,IMAGINE AKRON ACADEMY,2023-01,1,1332.48
011967,RICHLAND ACAD. SCH OF EXC.,2023-01,1,11282.52
011972,GRAHAM EXPED. MIDDLE SCHOOL,2023-01,1,10466.48
011976,HORIZON SCIENCE ACADEMY DAYTON,2023-01,1,5877.19
011986,HORIZON SCI. ACAD. YOUNGSTOWN,2023-01,1,12448.85
012009,ZENITH ACADEMY-EAST,2023-01,1,9895.58
012010,CLEVELAND COLLEGE PREP.,2023-01,2,7007.1
012011,COLUMBUS PERFORMANCE ACADEMY,2023-01,2,5613.88
012025,CONSTELLATION SCH STOCKYARD,2023-01,2,1490.27
012030,NEAR WEST SCHOOL,2023-01,2,6690.05
012033,FOXFIRE INTERMEDIATE SCHOOL,2023-01,4,4147.02
012036,THURGOOD MARSHALL HIGH SCHOOL,2023-01,1,7768.04
012037,NEW BEGINNINGS ACADEMY,2023-01,1,4884.36
012038,LANGSTON HUGHES HIGH SCHOOL,2023-01,2,9828.96
012040,ROAD TO SUCCESS ACADEMY,2023-01,1,1966.43
012041,THE ARCH ACADEMY,2023-01,2,3806.09
012042,GEORGE V VOINOVICH RECLAMATION,2023-01,1,539.01
012043,FREDERICK DOUGLASS RECLAMATION,2023-01,2,8275.37
012044,CAPITAL HIGH SCHOOL,2023-01,1,3235.09
012045,PATRIOT PREPARATORY ACADEMY,2023-01,3,22519.33
012054,NORTH CENTRAL ACADEMY FREMONT,2023-01,5,2877.06
012060,AKROS MIDDLE SCHOOL,2023-01,2,4505.11
012105,SOUTHSIDE ACADEMY INC,2023-01,2,4934.93
012391,METRO EARLY COLLEGE HIGH SCH,2023-01,8,27403.82
012501,BEACON HILL COMMUNITY SCHOOL,2023-01,5,1811.1
012528,ACADEMY FOR URBAN SOLUTIONS,2023-01,3,10688.51
012529,FOCUS NORTH HIGH SCHOOL,2023-01,2,4916.1
012541,UNIVERSITY OF CLEVELAND PREP.,2023-01,1,6055.9
012558,GLOBAL VILLAGE ACADEMY INC,2023-01,3,7895.17
012627,STEAM ACADEMY OF YOUNGSTOWN,2023-01,2,3299.41
012644,STEAM ACADEMY OF WARREN,2023-01,5,10159.04
012671,CONSTELLATION SCH EASTSIDE,2023-01,1,3519.4
012684,BROADWAY ACADEMY,2023-01,1,12841.05
012867,TOWNSEND NORTH COMM. SCH,2023-01,9,16565.44
012924,DECA PREP,2023-01,1,29481.27
012951,COLUMBUS COLLEGIATE ACAD. - W.,2023-01,1,7960.87
013034,VILLAGE PREP. SCH:WOODLA,2023-01,2,19214.03
013132,LAKE ERIE COLLEGE PREP.,2023-01,2,9036.32
013147,STEAM ACAD. OF WARRENSVILLE,2023-01,3,7895.17
013148,STEPSTONE ACADEMY,2023-01,1,6404.67
013170,HOPE ACADEMY FOR AUTISM,2023-01,1,9004.59
013173,IMAGINE HILL AVENUE,2023-01,1,1175.65
013175,KIDS UNLIMITED ACADEMY,2023-01,2,8134.14
013195,ACADEMY OF EDU. EXCELLENCE,2023-01,1,3399.84
013199,NEXUS ACADEMY OF CLEVELAND,2023-01,2,4502.27
013232,A+ CHILDRENS ACADEMY,2023-01,1,2981.36
013249,ACADEMY FOR URB. SCH. YOUNGSTO,2023-01,2,7736.57
013253,OHIO COLLEGIATE ACADEMY,2023-01,3,7007.35
013254,AKRON PREPARATORY SCHOOL,2023-01,2,10818.37
013255,CANTON COLL. PREP. SCH,2023-01,4,12001.03
013864,CINCINNATI TECHNOLOGY ACADEMY,2023-01,2,6846.49
013930,GLOBAL IMPACT STEM ACADEMY,2023-01,5,20893.29
013962,LIBERTY PREPARTORY SCHOOL,2023-01,2,1685.08
013994,ALBERT EINSTEIN ACAD.,2023-01,3,12429.73
013999,Rise & Shine Academy,2023-01,3,4416.78
014065,LINCOLN PARK ACADEMY,2023-01,1,9670.42
014066,MAIN ST PREP. ACAD.,2023-01,1,2315.97
014067,OHIO CONSTRUCTION ACADEMY,2023-01,2,2981.38
014090,BERWYN EAST ACADEMY,2023-01,5,11830.68
014091,HOPE LEARNING ACAD. OF TOLEDO,2023-01,2,1842.93
014121,IMAGINE LEADERSHIP ACADEMY,2023-01,1,3807.08
014139,IMAGINE COL. PRIMARY SCHOOL,2023-01,1,6533.62
014147,EAST PREPARATORY ACADEMY,2023-01,2,6119.36
014149,DAYTON SMART ELEMENTARY SCHOOL,2023-01,1,2668.56
014187,EAST ACADEMY,2023-01,1,8560.7
014188,DISCOVERY ACADEMY,2023-01,2,11216.42
014189,WEST PARK ACADEMY,2023-01,1,7038.8
014231,BIO-MED SCI. ACAD. STEM SCH,2023-01,9,32014.15
014467,UNITED PREPARATORY ACADEMY,2023-01,1,8373.18
014830,UTICA SHALE ACAD. OF OHIO,2023-01,4,3275.15
014904,T2 HONORS ACADEMY,2023-01,1,3424.28
014913,LAKESHORE INTERGENERATIONAL,2023-01,1,5770.55
014927,STEEL ACADEMY,2023-01,1,4822.3
014943,VALLEY STEM+ME2 ACADEMY,2023-01,3,8468.13
015234,ZENITH ACADEMY WEST,2023-01,1,4630.62
015237,FLEX HIGH SCHOOL,2023-01,7,11925.92
015261,CITIZENS ACADEMY SOUTHEAST,2023-01,3,22099.43
015329,ISTEM GEAUGA EARLY COLLEGE HS,2023-01,4,5457.67
015344,Tri-State STEM+M Early College,2023-01,3,2252.68
015709,BEACON ACADEMY,2023-01,1,7492.63
015710,BRIDGE GATE COMMUNITY SCHOOL,2023-01,1,6755.64
015712,Euclid Preparatory School,2023-01,4,12556.18
015713,EAST BRANCH PREPATORY ACAD.,2023-01,1,4159.05
015714,URBAN EARLY COLLEGE NETWORK,2023-01,2,2668.63
015722,VILLAGE PREP SCHOOL WILLIARD,2023-01,2,16487.3
015736,iLEAD SPRING MEADOWS,2023-01,2,6132.41
015737,GLOBAL AMBASS. LANG. ACAD.,2023-01,3,9353.41
015741,WESTWOOD PREPARTORY ACAD,2023-01,14,8362.54
016812,SMART Academy,2023-01,2,3107.22
016829,South Columbus Preparatory Aca,2023-01,4,8563.96
016836,Kids Care Elementary,2023-01,1,4028.01
016837,Orchard Park Academy,2023-01,2,8309.17
016843,Citizens Leadership Academy Ea,2023-01,3,19626.42
016849,Liberty High School,2023-01,3,9911.77
016850,Southwest Ohio Preparatory Sch,2023-01,2,4881.31
016858,United Preparatory Academy Eas,2023-01,1,8944.08
017123,Horizon Science Academy Primar,2023-01,3,13003.83
017212,Academy of Junior Scholars,2023-01,1,6149.14
017233,Great River Connections Academ,2023-01,84,52458.46
017259,Montgomery Preparatory Academy,2023-01,2,8164.47
017270,Lorain Bilingual Preparatory,2023-01,3,8944
017274,Mount Auburn Preparatory Acade,2023-01,5,13598.39
017275,AchievePoint Career Academy-Ci,2023-01,6,6752.24
017490,ReGeneration Bond Hill,2023-01,3,8399.94
017497,Cypress High School,2023-01,2,5657.32
017498,Northwest Ohio Classical Acade,2023-01,6,15570.56
017535,Huber Heights Preparatory Acad,2023-01,5,5834.25
017536,Kenmore Preparatory Academy,2023-01,3,10040.55
017537,Capital Collegiate Preparatory,2023-01,3,4250.1
017538,North Columbus Preparatory Aca,2023-01,1,5201.52
017585,Marion Preparatory Academy,2023-01,7,9121.43
017599,Urban Male Tech Academy,2023-01,2,3740.23
017643,Ohio Digital Learning School,2023-01,75,28283.87
019152,Buckeye Community School,2023-01,13,12408.57
019156,Quaker Preparatory Academy,2023-01,34,4261.32
019197,Flex High School Cleveland,2023-01,3,4280.47
019199,Central Point Preparatory Acad,2023-01,3,7326.51
019200,South Columbus Preparatory Aca,2023-01,5,8975.87
019201,Franklinton Prep High School,2023-01,5,6438.9
019212,Valor Academy  Inc.,2023-01,2,2569.1
019220,North Shore High School,2023-01,4,6753.52
019221,Case Preparatory Academy,2023-01,1,8248.66
019226,Franklinton High School,2023-01,1,3615.69
019227,Dublin Preparatory Academy,2023-01,3,7829.28
019235,Focus Learning Acad Cent Cols,2023-01,1,3805.99
019426,Dayton Career Tech High School,2023-01,5,3558.05
019427,Akron Career Tech High School,2023-01,3,1967
019441,Buckeye Comm School - London,2023-01,12,4351.41
019442,Buckeye Comm School - Marion,2023-01,18,10276.37
019450,Youngstown Preparatory Academy,2023-01,2,3693.14
019452,Citizens of the World Charter,2023-01,2,1521.47
019474,Explorers Academy of Sci & Te,2023-01,1,5560.49
019478,Niles Preparatory Academy,2023-01,2,4984.34
019511,Western Toledo Preparatory Aca,2023-01,5,6927.13
019530,Cincinnati Classical Academy,2023-01,6,14463.71
019533,Eagle Charter Schools of Ohio,2023-01,2,3139.94
020007,IDEA Greater Cincinnati  Inc,2023-01,2,15532.16
020046,Unity Academy,2023-01,1,824.63
020076,Solon Academy,2023-01,2,761.03
020077,Westlake Academy,2023-01,1,443.89
020078,Gateway Online Academy of Ohio,2023-01,46,5271.61
020091,Legacy Academy of Excellence,2023-01,2,3076.61
020092,Sheffield Academy,2023-01,3,1902.71
020186,Lorain Preparatory High School,2023-01,1,2029.59
020189,Strongsville Academy,2023-01,3,856.33
020265,Victory Academy of Toledo,2023-01,1,1779.36
020293,The Dayton School,2023-01,2,1016.61
043489,AKRON CITY SCHOOLS,2023-01,1,636463.64
043497,ALLIANCE CITY BOARD OF EDU,2023-01,3,86710.84
043505,ASHLAND CITY BOARD OF,2023-01,2,102125.84
043513,ASHTABULA AREA CITY SCHOOL,2023-01,1,97352.96
043521,ATHENS CITY SCHOOL DISTRICT,2023-01,1,74489.02
043539,BARBERTON BOARD OF EDUCATION,2023-01,1,107010.54
043547,BAY VILLAGE CITY SCHOOL,2023-01,1,75239.05
043554,BEACHWOOD BOARD OF EDUCATION,2023-01,1,44357.12
043562,BEDFORD BOARD OF EDUCATION,2023-01,1,85416.78
043570,BELLAIRE CITY SCHOOL DISTRICT,2023-01,1,36036.87
043588,BELLEFONTAINE CITY SCHOOL,2023-01,1,72312.65
043596,BELLEVUE CITY SCHOOL DISTRICT,2023-01,4,58978.45
043604,BELPRE CITY SCHOOL DISTRICT,2023-01,1,31128.37
043612,BEREA CITY SCHOOL DISTRICT,2023-01,1,168170.22
043620,BEXLEY CITY SCHOOL DISTRICT,2023-01,1,79418.36
043638,BOWLING GREEN SCHOOL DISTRICT,2023-01,1,84497.09
043646,BRECKSVILLE BROADVIEW HEIGHTS,2023-01,1,117440.14
043653,BROOKLYN LOCAL SCHOOL DISTRICT,2023-01,1,34528.16
043661,BRUNSWICK CITY SCHOOL DISTRICT,2023-01,2,202848.91
043679,BRYAN CITY SCHOOLS,2023-01,1,59601.2
043687,BUCYRUS CITY SCHOOL DISTRICT,2023-01,1,35053.57
043695,CAMBRIDGE CITY BOARD OF,2023-01,1,59455.58
043703,CAMPBELL CITY SCHOOLS,2023-01,1,35531.76
043711,CANTON CITY SCHOOL DISTRICT,2023-01,1,242605.76
043729,CELINA CITY BOARD OF EDU,2023-01,2,79920.86
043737,CENTERVILLE CITY SCHOOL,2023-01,3,257674.65
043745,CHILLICOTHE CITY SCHOOL,2023-01,1,86485.3
043752,CINCINNATI PUBLIC SCHOOLS,2023-01,1,1068873.44
043760,CIRCLEVILLE CITY SCHOOL,2023-01,2,67597.59
043778,CLAYMONT CITY BOARD OF EDU,2023-01,3,53059.81
043786,CLEVELAND CITY SCHOOL DISTRICT,2023-01,1,1041377.62
043794,CLEVELAND HEIGHTS UNIVERSITY,2023-01,1,154029.2
043802,COLUMBUS PUBLIC SCHOOL,2023-01,1,1403665.55
043810,CONNEAUT AREA CITY SCHOOLS,2023-01,1,51050.36
043828,COSHOCTON CITY SCHOOL DISTRICT,2023-01,1,51018.68
043836,CUYAHOGA FALLS CITY SCHOOLS,2023-01,1,126379.02
043844,DAYTON CITY SCHOOL DISTRICT,2023-01,1,361304.39
043851,DEER PARK COMMUNITY CITY,2023-01,1,36070.75
043869,DEFIANCE CITY SCHOOLS,2023-01,2,78523.37
043877,DELAWARE CITY SCHOOLS,2023-01,1,176392.73
043885,DELPHOS CITY SCHOOL DISTRICT,2023-01,3,29084.33
043893,DOVER CITY SCHOOL DISTRICT,2023-01,1,86109.23
043901,EAST CLEVELAND CITY SCHOOL,2023-01,1,42296.21
043919,EAST LIVERPOOL CITY SCHOOLS,2023-01,1,60453.99
043927,EAST PALESTINE CITY SCHOOL,2023-01,2,29861.54
043935,EATON CITY SCHOOLS,2023-01,2,60980.08
043943,ELYRIA CITY SCHOOL DISTRICT,2023-01,1,184962.64
043950,EUCLID BOARD OF EDUCATION,2023-01,2,139983.39
043968,FAIRBORN CITY SCHOOLS,2023-01,3,134891.03
043976,FAIRVIEW PARK CITY SCHOOL DIST,2023-01,1,46291.2
043984,FINDLAY CITY SCHOOLS,2023-01,1,161059.73
043992,FOSTORIA CITY SCHOOLS,2023-01,3,56593.18
044008,FRANKLIN CITY SCHOOLS,2023-01,3,86655.62
044016,FREMONT CITY BOARD OF EDU,2023-01,3,112160.77
044024,GALION CITY SCHOOL DISTRICT,2023-01,3,54262.36
044032,GALLIPOLIS CITY SCHOOLS,2023-01,1,61929.5
044040,GARFIELD HEIGHTS CITY SCHOOL,2023-01,1,98051.74
044057,GENEVA AREA CITY SCHOOL DIST,2023-01,2,69580.4
044065,GIRARD CITY SCHOOL DISTRICT,2023-01,2,51783.11
044073,GRANDVIEW HEIGHTS CITY SCHOOL,2023-01,1,36537.52
044081,WINTONWOODS CITY SCHOOL,2023-01,2,124093.71
044099,GREENVILLE CITY SCHOOL,2023-01,1,75933.28
044107,HAMILTON BOARD OF EDUCATION,2023-01,1,291727.21
044115,HEATH CITY SCHOOL DISTRICT,2023-01,1,54781.3
044123,HILLSBORO CITY BOARD OF EDU,2023-01,1,70152.92
044131,HURON CITY SCHOOL DISTRICT,2023-01,1,37083.21
044149,IRONTON CITY BOARD OF,2023-01,1,42952.71
044156,JACKSON CITY SCHOOL DISTRICT,2023-01,5,76182.47
044164,KENT CITY BOARD OF EDUCATION,2023-01,2,91255.89
044172,KENTON CITY SCHOOLS,2023-01,3,56533.16
044180,KETTERING CITY SCHOOL,2023-01,2,238198.2
044198,LAKEWOOD CITY SCHOOL DISTRICT,2023-01,1,131707.98
044206,LANCASTER CITY SCHOOLS,2023-01,1,195089.65
044214,LEBANON CITY SCHOOL DISTRICT,2023-01,2,170994.63
044222,LIMA CITY BOARD OF EDU,2023-01,1,104464.9
044230,LOCKLAND CITY SCHOOLS,2023-01,1,15563.04
044248,LOGAN HOCKING LOCAL SCHOOLS,2023-01,5,113156.49
044255,LONDON CITY SCHOOL DISTRICT,2023-01,2,68589.68
044263,LORAIN CITY SCHOOLS,2023-01,1,182108.53
044271,LOVELAND CITY SCHOOL DISTRICT,2023-01,3,134070.52
044289,MADEIRA CITY SCHOOLS,2023-01,1,54232.92
044297,MANSFIELD BOARD OF EDUCATION,2023-01,1,97697.12
044305,MAPLE HEIGHTS BOARD OF,2023-01,1,96704.22
044313,MARIEMONT CITY SCHOOL DISTRICT,2023-01,2,49669.48
044321,MARIETTA CITY SCHOOL DISTRICT,2023-01,1,75107.9
044339,MARION CITY SCHOOLS,2023-01,1,131769.23
044347,MARTINS FERRY CITY SCHOOL,2023-01,2,42924.33
044354,MASSILLON CITY SCHOOL DISTRICT,2023-01,1,123152.23
044362,MAUMEE CITY SCHOOL DISTRICT,2023-01,2,73112.44
044370,MAYFIELD CITY SCHOOL DISTRICT,2023-01,3,123369.91
044388,MEDINA CITY SCHOOLS,2023-01,1,200086.43
044396,MIAMISBURG CITY SCHOOLS,2023-01,1,159097.2
044404,MIDDLETOWN CITY SCH DIST.,2023-01,2,199517.99
044412,MOUNT HEALTHY CITY SCH DIST.,2023-01,1,93695.21
044420,MOUNT VERNON CITY SCHOOL,2023-01,2,118103.38
044438,NAPOLEON CITY SCHOOL DISTRICT,2023-01,3,56132.49
044446,NELSONVILLE YORK CITY SCHOOL,2023-01,3,34449.16
044453,NEWARK CITY SCHOOL DISTRICT,2023-01,1,190179.34
044461,NEW BOSTON BOARD OF EDUCATION,2023-01,1,12218.48
044479,NEW LEXINGTON CITY SCHOOLS,2023-01,3,54950.36
044487,NEW PHILADELPHIA CITY SCHOOLS,2023-01,1,91381.88
044495,NILES CITY SCHOOLS,2023-01,1,63651.11
044503,NORTH CANTON CITY SCHOOLS,2023-01,2,134994.31
044511,NORTH COLLEGE HILL CITY SCH,2023-01,1,45135.99
044529,NORTH OLMSTED CITY SCHOOL,2023-01,1,112874.43
044537,NORTH RIDGEVILLE CITY SCH DIST,2023-01,2,140501.75
044545,NORTH ROYALTON CITY SCHOOL,2023-01,1,118518.16
044552,NORTON CITY SCHOOLS,2023-01,3,67926.5
044560,NORWALK BOARD OF EDUCATION,2023-01,2,83163.65
044578,NORWOOD CITY SCHOOL DISTRICT,2023-01,1,51728.88
044586,OAKWOOD CITY SCHOOLS,2023-01,1,63441.91
044594,OBERLIN CITY SCHOOL DISTRICT,2023-01,1,26733.56
044602,OREGON CITY SCHOOLS,2023-01,3,105204.67
044610,ORRVILLE CITY SCHOOL DISTRICT,2023-01,1,49378.61
044628,PAINESVILLE CITY LOCAL SCHOOLS,2023-01,1,83033.66
044636,PARMA CITY SCHOOL DISTRICT,2023-01,1,289827.3
044644,PIQUA CITY SCHOOL DISTRICT,2023-01,2,105650.81
044651,PORT CLINTON CITY SCHOOLS,2023-01,2,44529.41
044669,PORTSMOUTH CITY SCHOOL,2023-01,1,52246.72
044677,PRINCETON CITY SCHOOL DISTRICT,2023-01,3,186685.37
044685,RAVENNA CITY SCHOOL DISTRICT,2023-01,1,62389.71
044693,READING BOARD OF EDUCATION,2023-01,1,48464.13
044701,ROCKY RIVER CITY SCHOOL,2023-01,1,82816.86
044719,ST BERNARD ELMWOOD PLACE CITY,2023-01,1,24628.27
044727,ST MARYS CITY BOARD OF,2023-01,2,62543.77
044735,SALEM CITY SCHOOL DISTRICT,2023-01,2,62109.89
044743,SANDUSKY BOARD OF EDUCATION,2023-01,1,98090.05
044750,SHAKER HEIGHTS BOARD OF,2023-01,1,139063.84
044768,SHEFFIELD SHEFFLD LAKE CITY,2023-01,1,50676.43
044776,SHELBY CITY BOARD OF EDU,2023-01,2,60801.64
044784,SIDNEY CITY SCHOOL DISTRICT,2023-01,2,98469.08
044792,SOUTH EUCLID LYNDHURST CITY,2023-01,1,101586.99
044800,SOUTH-WESTERN CITY SCHOOLS,2023-01,2,683715.39
044818,SPRINGFIELD CITY SCHOOLS,2023-01,1,219641.83
044826,STEUBENVILLE CITY SCHOOL,2023-01,1,78944.31
044834,STOW-MUNROE FALLS CITY,2023-01,2,160320.96
044842,STRONGSVILLE CITY SCHOOLS,2023-01,3,176255.58
044859,STRUTHERS CITY SCHOOL DISTRICT,2023-01,1,54825.89
044867,SYCAMORE COMMUNITY SCHOOL DIST,2023-01,2,178198.57
044875,SYLVANIA CITY SCHOOL DISTRICT,2023-01,1,241071
044883,TALLMADGE CITY SCHOOL DISTRICT,2023-01,2,77810.84
044891,TIFFIN CITY SCHOOLS,2023-01,1,80191.15
044909,TOLEDO PUBLIC SCHOOLS,2023-01,2,664875.29
044917,TORONTO CITY SCHOOL DISTRICT,2023-01,1,24864.6
044925,TROY CITY SCHOOLS,2023-01,1,136572.82
044933,UPPER ARLINGTON CITY SCHOOLS,2023-01,1,202447.04
044941,URBANA CITY SCHOOLS,2023-01,2,58523.75
044958,VANDALIA-BUTLER CITY SCHOOLS,2023-01,2,92573.88
044966,VAN WERT CITY SCHOOLS,2023-01,2,62116.96
044974,WADSWORTH CITY SCHOOLS,2023-01,3,136874.23
044982,WAPAKONETA CITY SCHOOL,2023-01,4,97080.26
044990,WARREN CITY SCHOOL DISTRICT,2023-01,1,145381.68
045005,WARRENSVILLE HEIGHTS CITY,2023-01,1,53678.77
045013,WASHINGTON COURTHOUSE CITY,2023-01,1,65482.95
045021,WELLSTON CITY SCHOOLS,2023-01,2,41482.63
045039,WELLSVILLE LOCAL SCHOOL,2023-01,2,21401.99
045047,WESTERVILLE CITY SCHOOL,2023-01,2,461178.71
045054,WEST CARROLLTON CITY SCHOOL,2023-01,1,104486.96
045062,WESTLAKE CITY SCHOOL DISTRICT,2023-01,1,102538.18
045070,WHITEHALL CITY SCHOOL DISTRICT,2023-01,1,101080.79
045088,WICKLIFFE CITY SCHOOL DISTRICT,2023-01,2,41278.75
045096,WILLARD CITY SCHOOL DISTRICT,2023-01,3,42602.56
045104,WILLOUGHBY-EASTLAKE CITY,2023-01,2,221274.89
045112,WILMINGTON CITY SCHOOLS,2023-01,2,72876.71
045120,WOOSTER CITY SCHOOL DISTRICT,2023-01,1,106674.34
045138,WORTHINGTON BOARD OF EDUCATION,2023-01,2,335720.03
045146,WYOMING CITY SCHOOLS,2023-01,1,60382.06
045153,XENIA COMMUNITY SCHOOLS,2023-01,3,123300.92
045161,YOUNGSTOWN CITY SCHOOLS,2023-01,2,142317.14
045179,ZANESVILLE CITY SCHOOLS,2023-01,1,95651.81
045187,ADA EXEMPTED VILLAGE SCHOOLS,2023-01,3,27882.24
045195,AMHERST EXEMPTED VILLAGE,2023-01,1,115116.05
045203,BARNESVILLE EXEMPTED VILLAGE,2023-01,5,42318.1
045211,BLUFFTON EXEMPTED VILLAGE,2023-01,4,38187.84
045229,BRADFORD EXEMPTED VILLAGE,2023-01,3,16744.24
045237,BRIDGEPORT EXEMPTED VILLAGE,2023-01,1,23569.89
045245,HARRISON HILLS CITY SCHOOL,2023-01,6,48996.14
045252,CALDWELL EXEMPTED VILLAGE,2023-01,2,24206.23
045260,CAREY EXEMPT VILLAGE SCHOOL,2023-01,3,25711.73
045278,CARROLLTON EXEMPTED VILLAGE,2023-01,5,59979.37
045286,CHAGRIN FALLS EXEMPTED VILLAGE,2023-01,2,51860.51
045294,CHESAPEAKE UNION EXEMPTED,2023-01,1,39177.7
045302,CLYDE GREEN SPRINGS EXEMPTED,2023-01,2,63983.35
045310,COLDWATER EXEMPTED VILLAGE,2023-01,1,44283.07
045328,COLUMBIANA EXEMPTED VILLAGE,2023-01,2,31775.18
045336,COVINGTON EXEMPTED VILLAGE,2023-01,2,25250.66
045344,CRESTLINE EXEMPTED VILLAGE,2023-01,2,18542.18
045351,CROOKSVILLE EXEMPTED VILLAGE,2023-01,2,31979.13
045369,FAIRPORT HARBOR EXEMPTED,2023-01,1,19068.87
045377,GEORGETOWN EXEMPTED VILLAGE,2023-01,1,32807
045385,GIBSONBURG EXEMPTED VILLAGE,2023-01,2,24842.19
045393,GRANVILLE EXEMPTED VILLAGE,2023-01,1,83219.33
045401,GREENFIELD EXEMPTED VILLAGE,2023-01,3,58989.94
045419,HICKSVILLE EXEMPTED VILLAGE,2023-01,2,28273.68
045427,HUBBARD SCHOOL DISTRICT,2023-01,2,58423.7
045435,INDIAN HILL EXEMPTED VILLAGE,2023-01,2,69827.77
045443,LEETONIA EXEMPTED VILLAGE,2023-01,2,16697.14
045450,LISBON EXEMPTED VILLAGE,2023-01,1,23373.84
045468,LOUDONVILLE PERRYSVILLE,2023-01,4,30613.46
045476,MARYSVILLE EXEMPTED VILLAGE,2023-01,4,176891.19
045484,MECHANICSBURG EXEMPTED VILLAGE,2023-01,3,27747.48
045492,MENTOR EXEMPTED VILLAGE,2023-01,2,223845.04
045500,MILFORD EXEMPTED VILLAGE,2023-01,2,202474.76
045518,MILTON-UNION EXEMPTED VILLAGE,2023-01,3,44828.92
045526,MONTPELIER EXEMPTED VILLAGE,2023-01,1,25705.01
045534,MOUNT GILEAD EXEMPTED,2023-01,2,32125.78
045542,NEWCOMERSTOWN EXEMPTED VILLAGE,2023-01,3,28919.23
045559,NEW RICHMOND EXEMPTED,2023-01,1,65361.07
045567,NEWTON FALLS EXEMPTED VILLAGE,2023-01,3,30255.02
045575,PAULDING EXEMPTED VILLAGE SCH,2023-01,3,41163.56
045583,PERRYSBURG EXEMPTED VILLAGE,2023-01,2,175252.11
045591,RITTMAN EXEMPTED VILLAGE,2023-01,2,29028.61
045609,ROSSFORD EXEMPTED VILLAGE,2023-01,2,56354.5
045617,TIPP CITY EXEMPTED VILLAGE,2023-01,2,77534.31
045625,UPPER SANDUSKY E V SCHOOLS,2023-01,4,50188.43
045633,VERSAILLES EXEMPTED VILLAGE,2023-01,2,40066.21
045641,WAUSEON EXEMPTED VILLAGE,2023-01,2,56873.91
045658,WELLINGTON EXEMPTED VILLAGE,2023-01,2,32672.54
045666,WINDHAM EXEMPTED VILLAGE,2023-01,2,14307.82
045674,YELLOW SPRINGS EXEMPTED,2023-01,2,20222.15
045757,ALLEN EAST LOCAL SCHOOL,2023-01,2,33390.55
045765,BATH LOCAL SCHOOL DISTRICT,2023-01,1,57325.2
045773,ELIDA BOARD OF EDUCATION,2023-01,1,73812.96
045781,PERRY LOCAL SCHOOL DISTRICT,2023-01,2,24667.98
045799,SHAWNEE LOCAL SCHOOL DISTRICT,2023-01,2,77346.06
045807,SPENCERVILLE LOCAL SCHOOL,2023-01,4,32362.23
045823,HILLSDALE SCHOOLS,2023-01,3,27115.62
045831,MAPLETON LOCAL SCHOOL DISTRICT,2023-01,3,26963.28
045856,BUCKEYE LOCAL SCHOOL DISTRICT,2023-01,1,57386
045864,GRAND VALLEY LOCAL SCHOOL,2023-01,3,28898.43
045872,JEFFERSON AREA LOCAL SCHOOL,2023-01,1,57354.25
045880,PYMATUNING VALLEY LOCAL,2023-01,2,36298.87
045906,ALEXANDER LOCAL SCHOOL,2023-01,3,48265.54
045914,FEDERAL HOCKING LOCAL SCHOOL,2023-01,4,29834.54
045922,TRIMBLE LOCAL SCHOOL DISTRICT,2023-01,4,24021.65
045948,MINSTER LOCAL SCHOOL DISTRICT,2023-01,4,27394.29
045955,NEW BREMEN LOCAL SCHOOL,2023-01,3,26063.07
045963,NEW KNOXVILLE LOCAL SCHOOL,2023-01,2,12406.8
045971,WAYNESFIELD-GOSHEN LOCAL,2023-01,4,14037.68
045997,ST CLAIRSVILLE RICHLAND CITY,2023-01,3,50839.33
046003,SHADYSIDE LOCAL BOARD OF EDU,2023-01,1,21729.98
046011,UNION LOCAL SCHOOL DISTRICT,2023-01,2,44653.88
046037,EASTERN LOCAL SCHOOL DISTRICT,2023-01,3,39079.6
046045,FAYETTEVILLE-PERRY LOCAL,2023-01,4,25717.89
046060,WESTERN BROWN LOCAL SCHOOL,2023-01,3,92329.29
046078,RIPLEY UNION LEWIS HUNTINGTON,2023-01,3,24414.09
046094,EDGEWOOD CITY SCHOOL DISTRICT,2023-01,2,115803.87
046102,FAIRFIELD CITY SCHOOL DISTRICT,2023-01,2,312315.97
046110,LAKOTA LOCAL SCHOOL DISTRICT,2023-01,3,558477.98
046128,MADISON LOCAL SCHOOL DISTRICT,2023-01,2,46014.72
046136,NEW MIAMI LOCAL SCHOOL,2023-01,1,18659.37
046144,ROSS LOCAL SCHOOL DISTRICT,2023-01,2,89583.57
046151,TALAWANDA CITY SCHOOL DISTRICT,2023-01,2,96410.04
046177,BROWN LOCAL SCHOOL DISTRICT,2023-01,2,20782.45
046193,GRAHAM LOCAL SCHOOL DISTRICT,2023-01,5,50499.14
046201,TRIAD LOCAL SCHOOLS,2023-01,3,25552.23
046219,WEST LIBERTY SALEM LOCAL,2023-01,2,38622.22
046235,GREENON LOCAL SCHOOLS,2023-01,2,53592.77
046243,TECUMSEH LOCAL SCHOOL DISTRICT,2023-01,4,91028.05
046250,NORTHEASTERN LOCAL SCHOOL,2023-01,3,95790.02
046268,NORTHWESTERN LOCAL SCHOOL,2023-01,3,51629.14
046276,SOUTHEASTERN LOCAL SCHOOL,2023-01,3,23209.15
046284,CLARK-SHAWNEE LOCAL SCHOOL,2023-01,1,56323.29
046300,BATAVIA LOCAL SCHOOL DISTRICT,2023-01,1,77224.66
046318,BETHEL-TATE LOCAL SCHOOLS,2023-01,2,46949.55
046326,CLERMONT NORTHEASTERN SCHOOL,2023-01,2,44437.21
046334,FELICITY-FRANKLIN LOCAL,2023-01,2,23763.29
046342,GOSHEN LOCAL SCHOOLS,2023-01,2,87335.7
046359,WEST CLERMONT LOCAL SCH DIST.,2023-01,2,253615.76
046367,WILLIAMSBURG LOCAL SCHOOL,2023-01,2,32069.9
046383,BLANCHESTER LOCAL SCHOOL,2023-01,5,41276.11
046391,CLINTON-MASSIE LOCAL SCHOOL,2023-01,3,57676.64
046409,EAST CLINTON LOCAL SCHOOL,2023-01,4,39698.45
046425,BEAVER LOCAL SCHOOL DISTRICT,2023-01,1,55683.81
046433,CRESTVIEW LOCAL SCHOOL,2023-01,2,38225.84
046441,SOUTHERN LOCAL SCHOOL DISTRICT,2023-01,3,24803.51
046458,UNITED LOCAL SCHOOL DISTRICT,2023-01,2,35140.09
046474,RIDGEWOOD LOCAL BOARD OF,2023-01,4,40983.86
046482,RIVER VIEW LOCAL SCHOOL,2023-01,4,52446.38
046508,BUCKEYE CENTRAL LOCAL SCHOOL,2023-01,4,19575.67
046516,COLONEL CRAWFORD LOCAL SCHOOLS,2023-01,3,29858.98
046524,WYNFORD LOCAL SCHOOL DISTRICT,2023-01,4,35318.33
046557,CUYAHOGA HEIGHTS LOCAL SCHOOL,2023-01,2,24445.62
046565,INDEPENDENCE LOCAL SCHOOLS,2023-01,1,33259.91
046573,OLMSTED FALLS BOARD OF,2023-01,2,109419.1
046581,ORANGE CITY SCHOOL DISTRICT,2023-01,2,61605.45
046599,RICHMOND HEIGHTS LOCAL SCHOOL,2023-01,2,25238.26
046607,SOLON BOARD OF EDUCATION,2023-01,2,146292.9
046623,ANSONIA LOCAL SCHOOL DISTRICT,2023-01,1,23263.71
046631,ARCANUM BUTLER LOCAL SCHOOL,2023-01,1,33574.85
046649,FRANKLIN MONROE LOCAL SCHOOL,2023-01,2,15944.53
046672,MISSISSINAWA VALLEY LOCAL,2023-01,1,19158.35
046680,TRI-VILLAGE LOCAL SCHOOL DIST,2023-01,2,25440.81
046706,AYERSVILLE LOCAL SCH DIST.,2023-01,4,23124.35
046714,CENTRAL LOCAL SCHOOL DISTRICT,2023-01,3,31459.08
046722,NORTHEASTERN LOCAL SCHOOL,2023-01,3,34286.73
046748,BIG WALNUT LOCAL SCHOOLS,2023-01,4,130393.3
046755,BUCKEYE VALLEY LOCAL SCHOOL,2023-01,4,69532.41
046763,OLENTANGY LOCAL SCHOOLS,2023-01,2,732454.82
046789,EDISON LOCAL SCHOOLS,2023-01,2,44396.18
046797,KELLEYS ISLAND SCHOOL,2023-01,1,191.64
046805,MARGARETTA LOCAL SCHOOL DIST,2023-01,2,33703.5
046813,PERKINS LOCAL SCHOOL DISTRICT,2023-01,1,58627.24
046821,VERMILION LOCAL SCH DIST.,2023-01,2,55177.98
046847,AMANDA-CLEARCREEK LOCAL SCHOOL,2023-01,3,47966.89
046854,BERNE UNION LOCAL SCHOOLS,2023-01,2,26467.32
046862,BLOOM CARROLL LOCAL SCHOOL,2023-01,2,75086.22
046870,FAIRFIELD UNION LOCAL SCHOOL,2023-01,3,63124.94
046888,LIBERTY UNION THURSTON LOCAL,2023-01,1,39608.73
046896,PICKERINGTON LOCAL SCHOOL DIST,2023-01,2,365681.85
046904,WALNUT TOWNSHIP LOCAL SCHOOL,2023-01,3,16039.48
046920,MIAMI TRACE LOCAL SCH DIST.,2023-01,7,82618.6
046946,CANAL WINCHESTER LOCAL SCHOOL,2023-01,2,122871.94
046953,HAMILTON LOCAL SCHOOLS,2023-01,2,96482.04
046961,GAHANNA-JEFFERSON CITY SCHOOL,2023-01,2,252400.77
046979,GROVEPORT MADISON LOCAL,2023-01,3,204256.38
046995,NEW ALBANY PLAIN LOCAL SCHOOL,2023-01,3,156236.16
047001,REYNOLDSBURG CITY SCHOOLS,2023-01,3,241779.93
047019,HILLIARD CITY SCHOOL DISTRICT,2023-01,1,507497.25
047027,DUBLIN CITY SCHOOLS,2023-01,3,520140
047043,ARCHBOLD AREA LOCAL SCHOOLS,2023-01,4,39337.78
047050,EVERGREEN LOCAL SCHOOL,2023-01,2,36332.71
047068,FAYETTE LOCAL SCHOOL DISTRICT,2023-01,2,10305.5
047076,PETTISVILLE LOCAL SCHOOL,2023-01,2,16187.33
047084,PIKE DELTA YORK LOCAL SCHOOLS,2023-01,3,37670.62
047092,SWANTON LOCAL SCHOOL DISTRICT,2023-01,3,37720.58
047167,BERKSHIRE BOARD OF EDUCATION,2023-01,2,43982.51
047175,CARDINAL LOCAL SCHOOL DISTRICT,2023-01,4,25133.51
047183,CHARDON BOARD OF EDUCATION,2023-01,2,82759.54
047191,KENSTON LOCAL SCHOOL DISTRICT,2023-01,3,81331.81
047225,WEST GEAUGA LOCAL SCHOOL,2023-01,3,66543.05
047241,BEAVERCREEK CITY SCHOOLS,2023-01,2,254828.62
047258,CEDARCLIFF LOCAL BOARD OF,2023-01,2,19396.65
047266,GREENEVIEW LOCAL SCHOOL,2023-01,3,44605.02
047274,SUGARCREEK LOCAL SCHOOL,2023-01,3,87332.18
047308,ROLLING HILLS LOCAL SCHOOL,2023-01,3,49074.14
047332,FINNEYTOWN LOCAL SCHOOL,2023-01,1,39652.47
047340,FOREST HILLS LOCAL SCHOOL,2023-01,2,224507.71
047365,NORTHWEST LOCAL SCHOOL,2023-01,2,273415.57
047373,OAK HILLS LOCAL SCHOOL DISTICT,2023-01,1,244571.13
047381,SOUTHWEST LOCAL SCHOOL DIST,2023-01,2,141877.18
047399,THREE RIVERS LOCAL SCHOOL DIST,2023-01,1,66055.76
047415,ARCADIA LOCAL SCHOOL DISTRICT,2023-01,3,17633.9
047423,ARLINGTON LOCAL SCHOOL,2023-01,2,18244.09
047431,CORY-RAWSON LOCAL SCHOOLS,2023-01,3,15719.94
047449,LIBERTY-BENTON LOCAL SCHOOL,2023-01,1,47865.79
047456,MCCOMB LOCAL SCHOOL DISTRICT,2023-01,3,19473.52
047464,VAN BUREN LOCAL SCHOOL,2023-01,2,33339.34
047472,VANLUE LOCAL SCHOOL DISTRICT,2023-01,3,4699.67
047498,HARDIN NORTHERN LOCAL SCHOOL,2023-01,2,12365.85
047506,RIDGEMONT LOCAL SCHOOL,2023-01,4,16314.05
047514,RIVERDALE LOCAL SCHOOL,2023-01,3,31719.87
047522,UPPER SCIOTO VALLEY LOCAL,2023-01,4,14689.93
047548,CONOTTON VALLEY LOCAL SCHOOL,2023-01,3,16428.32
047571,HOLGATE LOCAL SCHOOL DISTRICT,2023-01,3,13412.18
047589,LIBERTY CENTER LOCAL SCHOOL,2023-01,3,32963.11
047597,PATRICK HENRY LOCAL SCHOOL,2023-01,3,27713.16
047613,BRIGHT LOCAL SCHOOL DISTRICT,2023-01,3,22422.79
047621,FAIRFIELD LOCAL SCHOOL,2023-01,3,28875.03
047639,LYNCHBURG-CLAY LOCAL SCHOOL,2023-01,3,34880.76
047688,EAST HOLMES LOCAL SCHOOL,2023-01,5,48869.31
047696,WEST HOLMES LOCAL SCHOOL,2023-01,5,60375.06
047712,MONROEVILLE LOCAL SCHOOL,2023-01,2,18267.96
047720,NEW LONDON LOCAL SCHOOL,2023-01,3,27067.19
047738,SOUTH CENTRAL LOCAL SCHOOL,2023-01,3,23727.16
047746,WESTERN RESERVE BD OF EDUC,2023-01,3,32668.51
047761,OAK HILL UNION LOCAL SCHOOL,2023-01,4,37079.92
047787,BUCKEYE LOCAL SCHOOL DISTRICT,2023-01,3,44706.98
047795,EDISON LOCAL SCHOOLS,2023-01,4,43616.88
047803,INDIAN CREEK SCHOOL DISTRICT,2023-01,2,60353.03
047829,CENTERBURG LOCAL SCHOOL,2023-01,4,35690.42
047837,DANVILLE LOCAL SCHOOL DISTRICT,2023-01,4,19789.58
047845,EAST KNOX LOCAL SCHOOL,2023-01,3,31655.49
047852,FREDERICKTOWN LOCAL SCHOOL,2023-01,3,39547.48
047878,KIRTLAND LOCAL BOARD OF,2023-01,2,35155.26
047886,MADISON LOCAL SCHOOL DISTRICT,2023-01,3,85321.44
047894,RIVERSIDE LOCAL SCH DIST.,2023-01,2,133228.3
047902,PERRY LOCAL SCHOOL DISTRICT,2023-01,1,45816.05
047928,DAWSON BRYANT LOCAL SCHOOL,2023-01,1,37464.66
047936,FAIRLAND LOCAL SCHOOL DISTRICT,2023-01,2,47680.93
047944,ROCK HILL LOCAL SCHOOL,2023-01,2,42097.93
047951,SOUTH POINT LOCAL SCHOOLS,2023-01,1,46093.27
047969,SYMMES VALLEY LOCAL SCHOOLS,2023-01,2,24270.7
047985,JOHNSTOWN MONROE LOCAL SCHOOL,2023-01,3,54018.87
047993,LAKEWOOD LOCAL SCHOOL DISTRICT,2023-01,3,53036.94
048009,LICKING HEIGHTS LOCAL SCHOOLS,2023-01,2,160489.13
048017,LICKING VALLEY LOCAL SCHOOL,2023-01,2,69066.63
048025,NORTH FORK LOCAL SCHOOL,2023-01,2,50231.83
048033,NORTHRIDGE LOCAL SCHOOL,2023-01,3,36791.16
048041,SOUTHWEST LICKING LOCAL SCHOOL,2023-01,2,151428.81
048074,BENJAMIN LOGAN LOCAL SCHOOL,2023-01,4,54558.14
048082,INDIAN LAKE LOCAL SCHOOL,2023-01,4,44742.02
048090,RIVERSIDE LOCAL SCHOOL,2023-01,3,19085.06
048116,AVON LOCAL SCHOOL DISTRICT,2023-01,2,141992.22
048124,AVON LAKE CITY SCHOOLS,2023-01,1,112769.33
048132,CLEARVIEW BOARD OF EDUCATION,2023-01,1,46648.96
048140,COLUMBIA LOCAL SCHOOL DISTRICT,2023-01,3,30634.56
048157,FIRELANDS LOCAL SCHOOL,2023-01,3,57256.27
048165,KEYSTONE LOCAL SCHOOLS,2023-01,2,48552.02
048173,MIDVIEW LOCAL SCHOOL DISTRICT,2023-01,2,90269.8
048207,ANTHONY WAYNE LOCAL SCHOOLS,2023-01,3,138409.49
048215,OTTAWA HILLS LOCAL SCHOOL,2023-01,1,34443.25
048223,SPRINGFIELD LOCAL SCH DIST.,2023-01,1,108636.06
048231,WASHINGTON LOCAL SCHOOL,2023-01,1,219496.31
048256,JEFFERSON LOCAL SCHOOL,2023-01,2,33738.09
048264,JONATHAN ALDER LOCAL SCHOOL,2023-01,3,72859.38
048272,MADISON PLAINS LOCAL SCHOOL,2023-01,5,36564.08
048298,AUSTINTOWN LOCAL SCHOOL,2023-01,2,134943.77
048306,BOARDMAN LOCAL SCHOOL DISTRICT,2023-01,1,123565.19
048314,CANFIELD LOCAL SCHOOL DISTRICT,2023-01,1,79628.07
048322,JACKSON-MILTON LOCAL SCHOOL,2023-01,3,26035.61
048330,LOWELLVILLE LOCAL SCHOOLS,2023-01,1,15250.64
048348,POLAND LOCAL SCHOOL DISTRICT,2023-01,1,55844.71
048355,SEBRING LOCAL SCHOOL DISTICT,2023-01,1,10602.22
048363,SOUTH RANGE LOCAL SCHOOL,2023-01,2,40591.88
048371,SPRINGFIELD LOCAL BOARD OF EDU,2023-01,2,30373.89
048389,WEST BRANCH LOCAL SCHOOL,2023-01,4,57018.16
048397,WESTERN RESERVE LOCAL SCHOOLS,2023-01,2,19389.33
048413,ELGIN LOCAL SCHOOL DISTRICT,2023-01,4,33879.64
048421,PLEASANT LOCAL SCHOOL DISTRICT,2023-01,1,40363.46
048439,RIDGEDALE LOCAL SCHOOLS,2023-01,3,20222.34
048447,RIVER VALLEY LOCAL SCHOOL DIST,2023-01,4,62139.04
048462,BLACK RIVER LOCAL SCHOOL,2023-01,4,33001.74
048470,BUCKEYE LOCAL SCHOOL DISTRICT,2023-01,3,71944.76
048488,CLOVERLEAF LOCAL SCHOOL,2023-01,2,73980.85
048496,HIGHLAND LOCAL SCHOOL DISTRICT,2023-01,2,107776.85
048512,EASTERN LOCAL SCHOOL DISTRICT,2023-01,1,21104.64
048520,MEIGS LOCAL SCHOOL DISTRICT,2023-01,3,51235.91
048538,SOUTHERN LOCAL SCHOOL DISTRICT,2023-01,1,20239.96
048553,MARION LOCAL BOARD OF,2023-01,3,29792.69
048579,PARKWAY SCHOOL BOARD OF EDUC,2023-01,2,31079.06
048587,ST HENRY CONSOLIDATED LOCAL,2023-01,2,30392.91
048595,FORT RECOVERY LOCAL SCHOOL,2023-01,2,29312.52
048611,BETHEL LOCAL SCHOOL DISTRICT,2023-01,3,62216.86
048629,MIAMI EAST LOCAL SCHOOLS,2023-01,4,43655.8
048637,NEWTON LOCAL SCHOOL DISTRICT,2023-01,2,20729.32
048652,SWITZERLAND OF OHIO LOCAL,2023-01,4,62562.89
048678,BROOKVILLE LOCAL SCHOOL,2023-01,2,48618.27
048686,JEFFERSON TOWNSHIP LOCAL,2023-01,1,8831.67
048694,TROTWOOD MADISON CITY SCHOOLS,2023-01,1,81899.48
048702,MAD RIVER LOCAL SCHOOL,2023-01,2,116526.66
048710,NEW LEBANON LOCAL SCHOOLS,2023-01,2,34315.37
048728,NORTHMONT CITY SCHOOLS,2023-01,3,152872.16
048736,NORTHRIDGE LOCAL SCHOOL,2023-01,1,49209.58
048744,VALLEY VIEW LOCAL SCHOOL,2023-01,3,54611.79
048751,HUBER HEIGHTS CITY SCHOOLS,2023-01,4,187752.38
048777,MORGAN LOCAL SCHOOL DISTRICT,2023-01,4,51825.88
048793,CARDINGTON LINCOLN LOCAL,2023-01,2,31679.05
048801,HIGHLAND LOCAL SCHOOL DISTRICT,2023-01,3,53866.95
048819,NORTHMOR LOCAL SCHOOLS,2023-01,5,34385.58
048835,EAST MUSKINGUM SCHOOL DISTRICT,2023-01,2,70174.9
048843,FRANKLIN LOCAL SCHOOL DISTRICT,2023-01,3,62172.86
048850,MAYSVILLE LOCAL SCHOOL DIST,2023-01,2,59532.58
048876,TRI-VALLEY LOCAL SCHOOLS,2023-01,3,94396.22
048884,WEST MUSKINGUM LOCAL SCHOOL,2023-01,3,50904.27
048900,NOBLE LOCAL SCHOOL DISTRICT,2023-01,4,32302.59
048926,BENTON CARROLL SALEM LOCAL,2023-01,3,45042.54
048934,DANBURY LOCAL SCHOOLS,2023-01,1,15011.85
048942,GENOA AREA LOCAL SCHOOL,2023-01,4,42678.76
048975,PUT-IN-BAY LOCAL SCHOOL,2023-01,1,2099.11
048991,ANTWERP LOCAL SCHOOL DISTRICT,2023-01,2,21455.99
049031,WAYNE TRACE LOCAL SCHOOL,2023-01,3,29844.94
049056,NORTHERN LOCAL SCHOOL DISTRICT,2023-01,4,72312.28
049064,SOUTHERN LOCAL SCHOOL DISTRICT,2023-01,4,20059.92
049080,LOGAN ELM LOCAL SCHOOL DIST,2023-01,5,55510.55
049098,TEAYS VALLEY BOARD OF EDU,2023-01,3,139826.78
049106,WESTFALL LOCAL SCHOOL DISTRICT,2023-01,3,43804.49
049122,EASTERN LOCAL SCHOOL DISTRICT,2023-01,3,25654.35
049130,SCIOTO VALLEY LOCAL SCHOOL,2023-01,2,42246.06
049148,WAVERLY CITY SCHOOLS,2023-01,3,57824.62
049155,WESTERN LOCAL SCHOOL DISTRICT,2023-01,4,23010.51
049171,AURORA BOARD OF EDUCATION,2023-01,4,94550.08
049189,CRESTWOOD LOCAL SCHOOLS,2023-01,2,44772.51
049197,FIELD LOCAL SCHOOL DISTRICT,2023-01,3,63490.17
049205,JAMES A GARFIELD LOCAL SCHOOLS,2023-01,3,39778.98
049213,ROOTSTOWN LOCAL SCHOOL,2023-01,1,33039.2
049221,SOUTHEAST LOCAL SCHOOLS,2023-01,3,46235.72
049239,STREETSBORO CITY SCHOOLS,2023-01,2,64488
049247,WATERLOO LOCAL BOARD OF EDU,2023-01,2,26233.19
049270,NATIONAL TRAIL LOCAL SD,2023-01,2,30455.86
049288,PREBLE SHAWNEE LOCAL SCHOOLS,2023-01,3,43840.19
049296,TWIN VALLEY COMMUNITY LOCAL,2023-01,2,24518.29
049312,COLUMBUS GROVE LOCAL SCHOOL,2023-01,2,25198.68
049320,CONTINENTAL LOCAL SCHOOL,2023-01,3,15439.54
049338,JENNINGS LOCAL SCHOOL DISTRICT,2023-01,3,12024.87
049346,KALIDA LOCAL SCHOOL DISTRICT,2023-01,1,19846.12
049353,LEIPSIC LOCAL SCHOOL DISTRICT,2023-01,2,21058.95
049361,MILLER CITY-NEW CLEVELAND,2023-01,1,16272.54
049379,OTTAWA GLANDORF LOCAL SCHOOL,2023-01,1,47413.74
049387,OTTOVILLE LOCAL SCHOOL,2023-01,3,16010.43
049395,PANDORA-GILBOA LOCAL BOARD OF,2023-01,3,16655.58
049411,CLEARFORK VALLEY LOCAL SCHOOL,2023-01,3,50410.18
049429,CRESTVIEW LOCAL SCHOOL,2023-01,3,30555.57
049437,LEXINGTON LOCAL SCH DIST.,2023-01,2,74853.1
049445,LUCAS LOCAL SCHOOL DISTRICT,2023-01,2,15766.58
049452,MADISON LOCAL SCHOOLS,2023-01,2,84126.47
049460,PLYMOUTH-SHILOH LOCAL SCHOOLS,2023-01,3,22088.86
049478,ONTARIO LOCAL SCHOOLS,2023-01,2,64363.5
049494,ADENA LOCAL SCHOOL DISTRICT,2023-01,3,38055.01
049502,HUNTINGTON LOCAL SCH DIST.,2023-01,2,35806.89
049510,PAINT VALLEY LOCAL SCHOOL,2023-01,3,26225.74
049528,SOUTHEASTERN LOCAL SCHOOL,2023-01,4,32413.02
049536,UNION-SCIOTO LOCAL SCHOOL,2023-01,2,68347.83
049544,ZANE TRACE LOCAL SCHOOL,2023-01,3,42957.27
049569,LAKOTA LOCAL SCHOOLS,2023-01,3,31097.61
049577,WOODMORE LOCAL SCHOOL DISTRICT,2023-01,3,29080.93
049593,BLOOM-VERNON LOCAL SCHOOL,2023-01,3,26123.8
049601,CLAY LOCAL SCHOOL DISTRICT,2023-01,1,19441.38
049619,GREEN LOCAL SCHOOL DISTRICT,2023-01,2,17147.92
049627,MINFORD LOCAL SCHOOL DISTRICT,2023-01,2,39647.04
049635,NORTHWEST LOCAL SCHOOL DIST,2023-01,3,41149.27
049643,VALLEY LOCAL SCHOOL DISTRICT,2023-01,2,33067.04
049650,WASHINGTON NILES LOCAL SCHOOL,2023-01,2,41686.24
049668,WHEELERSBURG LOCAL SCHOOL,2023-01,1,49780.76
049684,SENECA EAST LOCAL SCHOOL,2023-01,3,26570.66
049700,HOPEWELL-LOUDON LOCAL SCHOOL,2023-01,2,24527.12
049718,NEW RIEGEL LOCAL SCHOOL,2023-01,1,11560.81
049726,OLD FORT LOCAL SCHOOL DISTRICT,2023-01,2,22185.77
049759,ANNA LOCAL BOARD OF EDUCAION,2023-01,1,37014.77
049767,BOTKINS LOCAL SCHOOL DISTRICT,2023-01,2,20703.01
049775,FAIRLAWN LOCAL SCHOOL DISTRICT,2023-01,4,18353.52
049783,FORT LORAMIE LOCAL SCHOOL,2023-01,2,24454.92
049791,HARDIN-HOUSTON LOCAL SCHOOL,2023-01,2,25505.04
049809,JACKSON CENTER LOCAL SCHOOL,2023-01,3,17103.23
049817,RUSSIA LOCAL SCHOOL DISTRICT,2023-01,2,12974.1
049833,CANTON LOCAL SCHOOL DISTRICT,2023-01,1,55893.14
049841,FAIRLESS LOCAL BOARD OF,2023-01,3,44956.23
049858,JACKSON LOCAL SCHOOL DISTRICT,2023-01,1,191062.16
049866,LAKE LOCAL SCHOOL DISTRICT,2023-01,3,107404.89
049874,LOUISVILLE CITY SCHOOLS,2023-01,1,89689.37
049882,MARLINGTON LOCAL SCHOOL,2023-01,4,59944.07
049890,MINERVA LOCAL SCHOOLS,2023-01,3,58165.5
049908,NORTHWEST LOCAL SCHOOL,2023-01,3,58380.77
049916,OSNABURG LOCAL SCHOOLS,2023-01,2,27398.94
049924,PERRY LOCAL SCHOOL DISTRICT,2023-01,1,134248.31
049932,PLAIN LOCAL SCHOOL DISTRICT,2023-01,1,187950.82
049940,SANDY VALLEY LOCAL SCHOOL,2023-01,3,38550.82
049957,TUSLAW LOCAL SCHOOLS,2023-01,2,42416.35
049973,WOODRIDGE LOCAL SCHOOL,2023-01,2,59802.75
049981,COPLEY-FAIRLAWN CITY SCHOOLS,2023-01,2,85437.19
049999,COVENTRY LOCAL SCHOOL DISTRICT,2023-01,1,48730.56
050005,MANCHESTER LOCAL SCHOOL,2023-01,2,41751.33
050013,GREEN LOCAL SCHOOLS,2023-01,2,126046.72
050021,HUDSON CITY SCHOOL DISTRICT,2023-01,1,143907.43
050039,MOGADORE LOCAL SCHOOL DISTRICT,2023-01,2,25332.1
050047,NORDONIA HILLS CITY SCHOOLS,2023-01,2,110087.64
050054,REVERE LOCAL SCHOOL DISTRICT,2023-01,3,90450.09
050062,SPRINGFIELD LOCAL SCH DIST.,2023-01,3,56694.4
050070,TWINSBURG BOARD OF EDUCATION,2023-01,1,123729.93
050096,BLOOMFIELD-MESPO LOCAL SCHOOL,2023-01,3,6603.27
050112,BRISTOL LOCAL SCHOOL DISTRICT,2023-01,1,16000.08
050120,BROOKFIELD LOCAL SCHOOL,2023-01,1,32968.42
050138,CHAMPION LOCAL SCHOOL DISTRICT,2023-01,1,41619.25
050153,MATHEWS LOCAL SCHOOL DISTRICT,2023-01,1,20698.52
050161,HOWLAND LOCAL SCHOOL DISTRICT,2023-01,1,78111.51
050179,JOSEPH BADGER LOCAL SCHOOL DIS,2023-01,2,21047.8
050187,LAKEVIEW LOCAL BOARD,2023-01,1,51238.35
050195,LIBERTY LOCAL BOARD OF EDU,2023-01,2,40333.26
050203,LORDSTOWN LOCAL SCHOOL,2023-01,2,13714.81
050211,MAPLEWOOD LOCAL BOARD OF EDU,2023-01,2,20762.05
050229,MCDONALD BOARD OF EDUCATION,2023-01,1,21396.93
050237,SOUTHINGTON LOCAL SCHOOL,2023-01,2,13238.53
050245,LABRAE LOCAL SCHOOL DISTRICT,2023-01,2,33428.9
050252,WEATHERSFIELD LOCAL SCHOOL,2023-01,2,29672.54
050278,GARAWAY LOCAL SCHOOLS,2023-01,4,36340.14
050286,INDIAN VALLEY LOCAL SCHOOLS,2023-01,2,56252.43
050294,STRASBURG-FRANKLIN LOCAL,2023-01,2,18199.92
050302,TUSCARAWAS VALLEY LOCAL SCHOOL,2023-01,3,42148.62
050328,FAIRBANKS LOCAL SCHOOLS,2023-01,4,34747.47
050336,NORTH UNION LOCAL SCHOOL,2023-01,5,46221.37
050351,CRESTVIEW LOCAL SCHOOL,2023-01,2,27537.17
050369,LINCOLNVIEW LOCAL SCH DIST.,2023-01,4,27791.77
050393,VINTON COUNTY LOCAL SCHOOLS,2023-01,7,55032.94
050419,CARLISLE LOCAL SCHOOLS,2023-01,3,50745.96
050427,SPRINGBORO COMMUNITY SCHOOLS,2023-01,2,193588.06
050435,KINGS LOCAL SCHOOL DISTRICT,2023-01,3,152750.24
050443,LITTLE MIAMI LOCAL SCHOOL,2023-01,2,173537.25
050450,MASON CITY SCHOOL DISTRICT,2023-01,3,321868.79
050468,WAYNE LOCAL SCHOOL DISTRICT,2023-01,4,51321.69
050484,FORT FRYE LOCAL SCHOOL,2023-01,4,32207.88
050492,FRONTIER LOCAL SCHOOL DISTRICT,2023-01,2,18028.08
050500,WARREN LOCAL SCHOOLS,2023-01,3,68899.65
050518,WOLF CREEK LOCAL SCHOOL BD,2023-01,2,19811.95
050534,CHIPPEWA LOCAL SCHOOLS,2023-01,4,39546.77
050542,DALTON LOCAL SCHOOL DISTRICT,2023-01,2,29091.45
050559,GREEN LOCAL SCHOOL DISTRICT,2023-01,1,34466.47
050567,NORTH CENTRAL LOCAL SCHOOLS,2023-01,2,42858.57
050575,NORTHWESTERN LOCAL SCH DIST.,2023-01,3,41074.64
050583,SOUTHEAST LOCAL SCH DIST.,2023-01,3,39131.23
050591,TRIWAY LOCAL SCHOOL DISTRICT,2023-01,3,48266
050617,EDGERTON LOCAL SCHOOL DISTRICT,2023-01,2,17940.49
050625,EDON NORTHWEST LOCAL SCHOOL,2023-01,1,16573.59
050633,MILLCREEK WEST UNITY LOCAL,2023-01,2,16877.72
050641,NORTH CENTRAL LOCAL SCHOOL,2023-01,1,18135.33
050658,STRYKER LOCAL SCHOOL DISTRICT,2023-01,4,11155.42
050674,EASTWOOD BOARD OF EDUCATION,2023-01,3,46889.93
050682,ELMWOOD LOCAL SCHOOL DISTRICT,2023-01,2,37425.39
050690,LAKE LOCAL SCHOOL DISTRICT,2023-01,2,48030.86
050708,NORTH BALTIMORE BOARD OF,2023-01,2,20302.11
050716,NORTHWOOD LOCAL SCHOOLS,2023-01,3,30305.98
050724,OTSEGO LOCAL SCHOOL DISTRICT,2023-01,3,50801.05
050740,MOHAWK BOARD OF EDUCATION,2023-01,3,25734.97
050773,APOLLO JOINT VOCATIONAL,2023-01,7,60424.96
050799,SOUTHERN HILLS JOINT,2023-01,5,41416.94
050815,ASHTABULA COUNTY TECHNICAL &,2023-01,4,58259.08
050856,BELMONT-HARRISON VOCATIONAL,2023-01,6,30532.11
050880,BUTLER TECHNOLOGY & CAREER,2023-01,4,426548.7
050906,COLUMBIANA COUNTY JOINT,2023-01,4,13197.8
050922,CUYAHOGA VALLEY CAREER CENTER,2023-01,2,26576.1
050948,POLARIS JOINT VOCATIONAL,2023-01,2,94453.08
050963,FOUR COUNTY JOINT VOCATIONAL,2023-01,9,44087.67
050989,DELAWARE AREA CAREER CENTER,2023-01,6,66137.64
051003,EASTLAND-FAIRFIELD CAREER &,2023-01,6,69904.91
051029,EHOVE JOINT VOCATIONAL SCHOOL,2023-01,6,27365.1
051045,GREENE COUNTY JOINT VOCATIONAL,2023-01,6,96543.43
051060,GREAT OAKS INSTITUTE OF TECH,2023-01,12,385852.88
051128,JEFFERSON COUNTY JOINT,2023-01,3,11541.4
051144,KNOX COUNTY CAREER CENTER,2023-01,4,19312.01
051169,AUBURN VOCATIONAL SCHOOL DIST,2023-01,5,25574.57
051185,LAWRENCE COUNTY JOINT,2023-01,3,50093.01
051201,LICKING CNTY JOINT VOCATIONAL,2023-01,7,75408.73
051227,LORAIN COUNTY JOINT,2023-01,5,57137.65
051243,MAHONING COUNTY CAREER &,2023-01,5,25848.27
051284,MIAMI VALLEY CAREER TECHNOLOGY,2023-01,9,130594.87
051300,MIDEAST CAREER & TECHNOLOGY,2023-01,10,44385.06
051334,OHIO HI POINT JOINT VOCATIONAL,2023-01,12,112342.03
051359,PENTA COUNTY VOCATIONAL SCHOOL,2023-01,7,147264.78
051375,PIKE COUNTY JOINT VOCATIONAL,2023-01,6,15273.4
051391,MAPLEWOOD CAREER CENTER,2023-01,5,21651.77
051417,PIONEER CAREER & TECHNOLOGY,2023-01,8,75631.27
051433,PICKAWAY-ROSS COUNTY JOINT,2023-01,10,91531.16
051458,VANGUARD SENTINEL CAREER CNTRS,2023-01,10,68894.43
051474,WARREN COUNTY VOCATIONAL,2023-01,7,118177.77
051490,SCIOTO COUNTY CAREER TECH CNTR,2023-01,5,52987.06
051532,SPRINGFIELD-CLARK CAREER,2023-01,6,30703.24
051607,TRI-COUNTY JOINT VOCATIONAL,2023-01,8,17865.82
051631,TRUMBULL COUNTY JOINT,2023-01,4,30367.55
051656,BUCKEYE JOINT VOCATIONAL,2023-01,9,41705.47
051672,VANTAGE CAREER CENTER,2023-01,5,20494.35
051698,WASHINGTON COUNTY JOINT,2023-01,4,17077.85
051714,WAYNE CNTY JOINT VOCATIONAL SC,2023-01,6,27915.67
061903,ADAMS CNTY-OH VALLEY SCHL DIST,2023-01,5,109285.89
062026,STARK COUNTY AREA JOINT,2023-01,6,27690.33
062042,ASHLAND CO WEST HOLMES JOINT,2023-01,6,25844.65
062067,GALLIA JACKSON VINTON JOINT,2023-01,9,53804.32
062109,MEDINA COUNTY CAREER CENTER,2023-01,6,87450.55
062125,UPPER VALLEY JOINT VOCATIONAL,2023-01,6,113170.61
062802,US GRANT JOINT VOCATIONAL,2023-01,2,21949.07
063495,PORTAGE LAKES JOINT VOCATIONAL,2023-01,3,18369.55
063511,TOLLES CAREER & TECH CENTER,2023-01,7,73634.61
064964,COLLEGE CORNER LOCAL SCHOOL,2023-01,2,4123.15
065227,COSHOCTON COUNTY JOINT,2023-01,6,9999.81
065268,TRI-RIVERS JOINT VOCATIONAL,2023-01,9,19366.78
065680,GALLIA COUNTY LOCAL SCHOOL,2023-01,5,70587.27
069682,EAST GUERNSEY LOCAL SCHOOL,2023-01,5,32691.05
091397,TRI-COUNTY NORTH LOCAL SCHOOL,2023-01,3,24990.82
132746,SUMMIT ACADEMY COMMUNITY SCH,2023-01,4,2856.99
132761,SUMMIT ACAD COMMU SCHL FOR,2023-01,4,4605.19
132779,SUMMIT ACADEMY AKRON MIDDLE,2023-01,1,2315.97
132795,LIFE SKILLS CENTER OF CLARK,2023-01,3,9811.48
132803,LIFE SKILLS CENTER OF BUTLER,2023-01,8,10347.35
132944,MIAMI VALLEY ACADEMIES,2023-01,3,3780.52
132951,CONSTELLATN SCHLS LORAIN COMMU,2023-01,2,4471.43
132969,CONSTELLATN SCHLS ELYRIA COMMU,2023-01,2,3551.77
132985,YOUTH BUILD COLUMBUS,2023-01,3,6787.6
132993,CONSTELLATN SCHLS W.PARK COMM,2023-01,4,7102.28
133215,INTERGENERATIONAL SCHOOL,2023-01,1,6658.32
133256,CONSTELLTN SCHLS PARMA COMMU,2023-01,4,37287.23
133264,DOHN COMMUNITY HIGH SCHOOL,2023-01,2,50430.03
133280,WASHINGTON PARK COMMUNITY,2023-01,1,5294.95
133306,SUMMIT ACAD COMMU SCHL FOR,2023-01,2,3238.39
133322,SUMMIT ACAD COMMU SCHL  FOR,2023-01,1,1966.17
133330,TCP WORLD ACADEMY,2023-01,4,12013.51
133348,RICHARD ALLEN PREPARATORY,2023-01,3,14359.33
133421,GRAHAM SCHOOL,2023-01,2,4630.92
133439,CORNERSTONE ACADEMY,2023-01,8,31336.72
133454,DAYTON VIEW ACADEMY,2023-01,2,15089.98
133488,EDUCATIONAL DEVELOPMENT CENTER,2023-01,3,4984.4
133504,PHOENIX COMMUNITY LEARNING,2023-01,1,6054.05
133512,LKH VICTORY CORP,2023-01,2,30048.43
133538,EDGE LEARNING INC,2023-01,1,7487.25
133561,MILLENNIUM COMMUNITY SCHOOL,2023-01,2,12052.35
133587,SUMMIT ACAD AKRON ELEMENT SCH,2023-01,4,3394.75
133629,HORIZON SCIENCE ADADEMY -,2023-01,2,9131.58
133660,HORIZON EDUCATIONAL SERVICES,2023-01,2,15699.71
133678,RIVERSIDE COMMUNITY SCHOOL INC,2023-01,1,5166.55
133736,RICHARD ALLEN ACADEMY INC,2023-01,2,4283.93
133785,LIFE SKILLS CENTER OF,2023-01,3,2155.47
133835,LIFE SKILLS CENTER OF,2023-01,2,9448.57
133868,LIFE SKILLS CENTER OF AKRON,2023-01,5,13007.86
133942,TOLEDO SCHOOL FOR THE ARTS,2023-01,5,21892.96
134072,YOUNGSTOWN COMMUNITY SCHL INC,2023-01,1,9551.55
134098,CONSTELLATN SCHLS OLD BROOKLYN,2023-01,1,2853.57
134122,MULTIPLE OPTNS FOR DEVELOPMENT,2023-01,4,3018.9
134197,HOPE ACADEMY CHAPELSIDE CAMPUS,2023-01,1,4946.18
134213,HOPE ACADEMY UNIVERSITY,2023-01,1,4600.22
134247,CITY DAY COMMUNITY SCHOOL INC,2023-01,1,6321.95
139303,MONROE LOCAL SCHOOL DISTRICT,2023-01,2,91140.42
142901,LIFE SKILLS CENTER OF CANTON,2023-01,3,3746.47
142919,LIFE SKILLS CENTER OF ELYRIA,2023-01,4,4630.25
142927,FOCUS LEARNING ACADEMY OF,2023-01,6,9039.51
142935,FOCUS LEARNING ACADEMY OF,2023-01,3,5487.11
142943,FOCUS LEARNING ACADEMY OF,2023-01,1,20806.09
142950,OHIO VIRTUAL ACADEMY INC,2023-01,88,462249.18
142968,HOPE ACAD NORTHCOAST ACAD,2023-01,1,11033.79
143172,INTERNATIONAL ACADEMY OF,2023-01,2,9768.66
143198,GREAT WESTERN ACADEMY,2023-01,1,21028.1
143206,TROTWOOD FITNESS &,2023-01,1,10610.72
143214,MIDDLETOWN FITNESS &,2023-01,3,9044.25
143297,AUTISM ACADEMY OF LEARNING,2023-01,2,1620.48
143305,TRECA DIGITAL ACADEMY,2023-01,86,69174.9
143313,HOPE ACADEMY CUYAHOGA CAMPUS,2023-01,1,3677.93
143396,OHIO DISTANCE EDUCATION &,2023-01,88,183683.86
143479,CONSTELLATION SCHOOLS PURITAS,2023-01,1,4882.77
143487,CONSTELLATION SCHLS STOCKYARD,2023-01,2,4534.01
143529,NORTH DAYTON SCHOOL OF SCIENCE,2023-01,3,17854.03
143602,HAMILTON COUNTY MATHEMATICS &,2023-01,3,19209.22
143610,ARTS & COLLEGE PREPARATORY,2023-01,8,15257.09
143644,SCIOTOVILLE COMMUNITY SCHOOL,2023-01,1,11263.91
147231,SCHNEE LEARNING CENTER,2023-01,2,2728.55
148981,TOMORROW CENTER,2023-01,5,3055.37
148999,MAHONING UNLIMITED CLASSROOM,2023-01,9,4932.58
149047,GOAL DIGITAL ACADEMY,2023-01,19,24765.81
149088,FAIRBORN DIGITAL ACADEMY,2023-01,4,6254.92
149302,LIFE SKILLS CENTER OF TOLEDO,2023-01,1,63.55
149328,FOXFIRE HIGH SCHOOL,2023-01,7,7623.6
151175,WEST CENTRAL LEARNING ACADEMY,2023-01,3,2291.63
151183,LIFE SKILLS CNTR OF LAKE ERIE,2023-01,2,6024.22
151209,LIFE SKILLS CENTER OF,2023-01,1,4660.83
000131,GLASS CITY ACADEMY INC,2023-08,2,12785.86
000138,PATHWAY SCHOOL OF DISCOVERY,2023-08,5,24491.14
000139,ALLIANCE ACADEMY,2023-08,2,14371.73
000222,WILDWOOD ENVIRONMENTAL ACADEMY,2023-08,2,10829.19
000236,OHIO CONNECTIONS ACADEMY INC,2023-08,88,160074.72
000241,QUAKER DIGITAL ACADEMY,2023-08,56,23162.91
000282,GREATER OHIO VIRTUAL SCHOOL,2023-08,29,21664.47
000288,AUGLAIZE COUNTY EDUCATIONAL,2023-08,7,2600.84
000296,SUMMIT ACAD. COMM. SCHOOL,2023-08,3,1111.24
000297,SUMMIT ACAD. COMM. SCHOOL DAY,2023-08,5,2327.75
000298,SUMMIT ACADEMY SECONDARY,2023-08,3,1448.81
000300,SUMMIT ACAD. SEC. SCHOOL,2023-08,1,2089.95
000301,SUMMIT ACAD. SEC. SCHOOL LOR,2023-08,1,3947.09
000302,SUMMIT ACAD. COMM. SCHOOL PAR,2023-08,1,5015.24
000303,SUMMIT ACAD. SEC. SCHOOL,2023-08,2,4597.64
000305,SUMMIT ACAD. COMM. SCHOOL WAR,2023-08,2,3270.06
000306,SUMMIT ACAD. COMM. SCHOOL,2023-08,3,2726.57
000311,BRIDGES COMMUNITY ACADEMY,2023-08,5,3457.28
000316,CONSTELLATION SCHOOLS WESTPARK,2023-08,1,4745.97
000318,MENLO PARK ACADEMY,2023-08,11,16427.84
000319,CONSTELLATION SCH MADISON,2023-08,2,6799.25
000320,CONSTELLATION SCHOOLS LORAIN,2023-08,2,3063.25
000321,CONSTELLATION SCH OLD BROOKLYN,2023-08,1,7909.95
000338,HORIZON SCI ACADEMY,2023-08,2,15282.55
000402,FINDLAY DIGITAL ACADEMY,2023-08,6,6075.94
000417,BUCKEYE ON-LINE SCH FOR SUCCS,2023-08,62,21553.07
000442,MANCHESTER LOCAL SCHOOL DIST,2023-08,3,22549.01
000509,WHITEHALL PREPARATORY &,2023-08,1,10909.01
000510,SPRINGFIELD PREPARATORY &,2023-08,1,4549.53
000511,NORTHLAND PREPARATORY &,2023-08,3,5858.59
000525,PROJECT REBUILD COMMUNITY SCHL,2023-08,1,4247.33
000527,CASTLE HIGH SCHOOL INC,2023-08,8,11613.48
000534,CONSTELLATION SCHOOLS PURITAS,2023-08,1,4072.78
000543,PINNACLE ACADEMY,2023-08,3,22551.96
000546,WINTERFIELD VENTURE ACADEMY,2023-08,3,14067.84
000553,COLUMBUS HUMANITIES ARTS &,2023-08,9,20539.9
000556,A+ ARTS ACADEMY,2023-08,2,13703.68
000557,COLUMBUS ARTS &,2023-08,5,15118.39
000558,COLUMBUS PREPARATORY ACADEMY,2023-08,5,27003.43
000559,ORION ACADEMY,2023-08,2,15583.32
000560,APEX ACADEMY,2023-08,2,14742.83
000575,HOPE ACADEMY NORTHWEST CAMPUS,2023-08,1,6126
000576,KING ACADEMY COMMUNITY SCHOOL,2023-08,2,3264.8
000577,EMERSON ACADEMY,2023-08,3,20848.26
000598,COSHOCTON OPPORTUNITY SCHOOL,2023-08,1,1827.23
000608,SUMMIT ACADEMY TRANSITION HIGH,2023-08,3,1851.42
000609,SUMMIT ACAD. MIDDLE SCH LORAIN,2023-08,1,2154.37
000610,SUMMIT ACAD. MIDDLE SCH COL.,2023-08,1,1043.76
000613,HEIR FORCE COMMUNITY SCHOOL,2023-08,1,7876.07
000614,SUMMIT ACADEMY TRANSITION HIGH,2023-08,1,1144.77
000616,SUMMIT ACAD. SCH FOR ALT.,2023-08,1,2494.54
000621,SUMMIT ACADEMY TRANSITION HIGH,2023-08,2,2125.28
000623,SUMMIT ACADEMY - YOUNGSTOWN,2023-08,2,5206.11
000629,SUMMIT ACADEMY COMMUNITY,2023-08,2,1077.91
000634,SUMMIT ACADEMY SECONDARY,2023-08,3,2527.12
000640,RITTMAN ACADEMY,2023-08,4,1383.5
000664,LIFE SKILLS CENTER OF COLUMBUS,2023-08,1,4646.43
000679,OAKSTONE COMMUNITY SCHOOL,2023-08,7,7071.91
000725,ZENITH ACADEMY,2023-08,1,15319.75
000736,PHOENIX VILL. ACAD. PRIMARY 2,2023-08,1,4846.95
000770,MARITIME ACADEMY OF TOLEDO INC,2023-08,2,7017.05
000779,EDUCATIONAL ACADEMY FOR BOYS,2023-08,1,4848.45
000780,MIDNIMO CROSS CULTURAL MIDDLE,2023-08,1,4377.07
000804,HORIZON SCIENCE ACADEMY,2023-08,2,5587.14
000808,HORIZON SCIENCE ADADEMY DAYTON,2023-08,2,6139.71
000813,LIFE SKILLS CENTER OF DAYTON,2023-08,4,4115.86
000825,HORIZON SCIENCE ACADEMY,2023-08,2,10795.32
000838,HORIZON SCIENCE ACADEMY-,2023-08,2,8044.62
000843,BENNETT VENTURE ACADEMY,2023-08,2,19701.7
000855,STAMBAUGH CHARTER ACADEMY,2023-08,2,14907.97
000858,HORIZON SCIENCE ACAD CLEVELAND,2023-08,1,6832.85
000875,WESTSIDE ACADEMY INC,2023-08,1,9595.89
000905,IMAC INC,2023-08,3,979.32
000912,ACADEMIC ACCELERATION ACADEMY,2023-08,1,4175.05
000936,PROMISE ACADEMY,2023-08,2,2659.12
000938,PREMIER ACADEMY OF OHIO,2023-08,1,3838.36
000941,PAR EXCELLENCE ACADEMY,2023-08,1,6132.89
000951,TOLEDO PREP. AND FITNESS ACAD,2023-08,1,8332.74
000952,COLUMBUS PREPARATORY,2023-08,3,13064
000953,CINCINNATI PREPARATORY &,2023-08,1,5789.03
007984,YOUNGSTOWN ACAD OF EXCELLENCE,2023-08,4,7200.86
007995,CLEVELAND ARTS  SCI.,2023-08,1,9054.37
007999,CHARLES SCHOOL,2023-08,3,9528.66
008000,MANSFIELD PREPARATORY ACADEMY,2023-08,2,16494.41
008063,LIFE SKILLS CTR OF NORTH AKRON,2023-08,3,2122.66
008064,ACADEMY OF ARTS,2023-08,4,6340.58
008278,NOBLE ACADEMY-CLEVELAND INC,2023-08,2,11747.35
008280,NOBLE ACADEMY-COLUMBUS INC,2023-08,2,9326.52
008281,SOUTH SCIOTO ACADEMY,2023-08,1,7070.66
008282,LIFE SKILLS CTR OF COL. NORTH,2023-08,2,2862.04
008283,DAYTON TECH. DESIGN HIGH SCH,2023-08,1,2091.57
008286,HARVARD AVE COMMUNITY SCHOOL,2023-08,2,9290.01
008287,GROVEPORT COMMUNITY SCHOOL,2023-08,8,19967.07
008289,EAGLE LEARNING CENTER INC,2023-08,5,1821.94
009122,COLUMBUS COLLEGIATE,2023-08,1,6801.3
009148,ZANESVILLE COMM. HIGH SCH,2023-08,3,5793.26
009149,CONSTELLATION SCHOOLS WESTSIDE,2023-08,1,6092.34
009164,CENTRAL ACADEMY OF OHIO,2023-08,1,2833.8
009179,HORIZON SCIENCE ACADEMY INC,2023-08,1,15791.13
009192,FOUNDATION ACADEMY,2023-08,3,14750.63
009283,DAYTON EARLY COLLEGE ACAD.,2023-08,1,10862.67
009953,SULLIVANT AVE COMM. SCHOOL,2023-08,1,9292.86
009955,MADISON AVENUE SCHOOL OF ARTS,2023-08,2,13764.2
009957,KLEPINGER COMMUNITY SCHOOL,2023-08,1,17373.53
009971,ASHLAND CTY COMM. ACADEMY,2023-08,3,2780.77
009990,HORIZON SCI. ACAD. ELEMENTARY,2023-08,1,12962.87
009996,MAHONING COUNTY HIGH SCHOOL,2023-08,3,4698.92
009997,KIPP CENTRAL OHIO,2023-08,4,61077.27
010036,CESAR CHAVEZ COLLEGE PREP.,2023-08,1,10134.61
010182,PERFORMANCE ACADEMY EASTLAND,2023-08,2,8922.54
010205,L HOLLINGWORTH SCH FOR TAL.,2023-08,3,9210.22
011291,VILLAGE PREPARATORY SCHOOL,2023-08,4,20397.73
011324,HARDIN COMMUNITY SCHOOL,2023-08,3,1760.28
011381,GREATER SUMMIT CTY EARLY LEARN,2023-08,4,3167.25
011390,BELLA ACADEMY OF EXCELLENCE,2023-08,2,5957.91
011439,RENAISSANCE ACADEMY,2023-08,1,3400.65
011468,COLUMBUS BILINGUAL ACAD. - N.,2023-08,2,15555.48
011506,DAYTON REGIONAL STEM SCHOOL,2023-08,9,24857.84
011507,ACHIEVE CAREER PREP. ACAD.,2023-08,1,2361.5
011511,NORTH CENTRAL ACADEMY,2023-08,4,3102.72
011533,HORIZON SCI. ACAD. OF LORAIN,2023-08,2,27266.79
011534,HORIZON SCIENCE ACADEMY DAYTON,2023-08,2,9007.12
011923,NORTHEAST OHIO COLLEGE PREP.,2023-08,2,15113.05
011947,IMAGINE AKRON ACADEMY,2023-08,1,1415.04
011967,RICHLAND ACAD. SCH OF EXC.,2023-08,1,11510.12
011972,GRAHAM EXPED. MIDDLE SCHOOL,2023-08,1,9865.25
011976,HORIZON SCIENCE ACADEMY DAYTON,2023-08,1,5633.75
011986,HORIZON SCI. ACAD. YOUNGSTOWN,2023-08,1,12440.94
012009,ZENITH ACADEMY-EAST,2023-08,1,9966.26
012010,CLEVELAND COLLEGE PREP.,2023-08,3,6866.54
012011,COLUMBUS PERFORMANCE ACADEMY,2023-08,2,5151.54
012025,CONSTELLATION SCH STOCKYARD,2023-08,2,1582.08
012030,NEAR WEST SCHOOL,2023-08,2,7203.11
012033,FOXFIRE INTERMEDIATE SCHOOL,2023-08,4,5047.66
012036,THURGOOD MARSHALL HIGH SCHOOL,2023-08,1,7607.01
012037,NEW BEGINNINGS ACADEMY,2023-08,1,3905.69
012038,LANGSTON HUGHES HIGH SCHOOL,2023-08,3,13127.22
012040,ROAD TO SUCCESS ACADEMY,2023-08,1,1851.84
012041,THE ARCH ACADEMY,2023-08,1,3434.32
012042,GEORGE V VOINOVICH RECLAMATION,2023-08,1,841.48
012043,FREDERICK DOUGLASS RECLAMATION,2023-08,3,13867.87
012044,CAPITAL HIGH SCHOOL,2023-08,1,2962.94
012045,PATRIOT PREPARATORY ACADEMY,2023-08,3,23165.45
012054,NORTH CENTRAL ACADEMY FREMONT,2023-08,5,2952.64
012060,AKROS MIDDLE SCHOOL,2023-08,2,4144.1
012105,SOUTHSIDE ACADEMY INC,2023-08,1,5273.88
012391,METRO EARLY COLLEGE HIGH SCH,2023-08,8,28754.84
012501,BEACON HILL COMMUNITY SCHOOL,2023-08,5,1821.54
012528,ACADEMY FOR URBAN SOLUTIONS,2023-08,2,12053.81
012529,FOCUS NORTH HIGH SCHOOL,2023-08,3,7171.67
012541,UNIVERSITY OF CLEVELAND PREP.,2023-08,1,5991.36
012558,GLOBAL VILLAGE ACADEMY INC,2023-08,3,8280.82
012627,STEAM ACADEMY OF YOUNGSTOWN,2023-08,3,3571.45
012644,STEAM ACADEMY OF WARREN,2023-08,5,9911.16
012671,CONSTELLATION SCH EASTSIDE,2023-08,1,3837.17
012684,BROADWAY ACADEMY,2023-08,1,13934.97
012867,TOWNSEND NORTH COMM. SCH,2023-08,10,17113.16
012924,DECA PREP,2023-08,2,29956.77
012951,COLUMBUS COLLEGIATE ACAD. - W.,2023-08,1,7104.32
013034,VILLAGE PREP. SCH:WOODLA,2023-08,2,20145.13
013132,LAKE ERIE COLLEGE PREP.,2023-08,2,9189.03
013147,STEAM ACAD. OF WARRENSVILLE,2023-08,3,8886.45
013148,STEPSTONE ACADEMY,2023-08,1,6765.53
013170,HOPE ACADEMY FOR AUTISM,2023-08,2,8246.57
013173,IMAGINE HILL AVENUE,2023-08,1,1484.37
013175,KIDS UNLIMITED ACADEMY,2023-08,2,7691.68
013195,ACADEMY OF EDU. EXCELLENCE,2023-08,1,3575.99
013199,NEXUS ACADEMY OF CLEVELAND,2023-08,1,4981.58
013232,A+ CHILDRENS ACADEMY,2023-08,2,2760.99
013249,ACADEMY FOR URB. SCH. YOUNGSTO,2023-08,2,8180.78
013253,OHIO COLLEGIATE ACADEMY,2023-08,1,7203.1
013254,AKRON PREPARATORY SCHOOL,2023-08,2,11455.03
013255,CANTON COLL. PREP. SCH,2023-08,3,12337.58
013864,CINCINNATI TECHNOLOGY ACADEMY,2023-08,2,6462.19
013930,GLOBAL IMPACT STEM ACADEMY,2023-08,5,21469.89
013962,LIBERTY PREPARTORY SCHOOL,2023-08,3,1923.83
013994,ALBERT EINSTEIN ACAD.,2023-08,3,14272.29
013999,Rise & Shine Academy,2023-08,3,4284.61
014065,LINCOLN PARK ACADEMY,2023-08,1,9660.23
014066,MAIN ST PREP. ACAD.,2023-08,1,2729
014067,OHIO CONSTRUCTION ACADEMY,2023-08,3,3400.74
014090,BERWYN EAST ACADEMY,2023-08,6,11987.14
014091,HOPE LEARNING ACAD. OF TOLEDO,2023-08,2,1922.99
014121,IMAGINE LEADERSHIP ACADEMY,2023-08,1,4211.42
014139,IMAGINE COL. PRIMARY SCHOOL,2023-08,1,7036.98
014147,EAST PREPARATORY ACADEMY,2023-08,2,6058.74
014149,DAYTON SMART ELEMENTARY SCHOOL,2023-08,1,2833.74
014187,EAST ACADEMY,2023-08,2,9559.32
014188,DISCOVERY ACADEMY,2023-08,1,11841.26
014189,WEST PARK ACADEMY,2023-08,1,7203.1
014231,BIO-MED SCI. ACAD. STEM SCH,2023-08,8,32973.04
014467,UNITED PREPARATORY ACADEMY,2023-08,1,8451.12
014830,UTICA SHALE ACAD. OF OHIO,2023-08,4,4151.62
014904,T2 HONORS ACADEMY,2023-08,1,3231.3
014913,LAKESHORE INTERGENERATIONAL,2023-08,1,5621.11
014927,STEEL ACADEMY,2023-08,1,5087.39
014943,VALLEY STEM+ME2 ACADEMY,2023-08,3,8214.21
015234,ZENITH ACADEMY WEST,2023-08,1,4680.1
015237,FLEX HIGH SCHOOL,2023-08,4,12895.94
015261,CITIZENS ACADEMY SOUTHEAST,2023-08,3,22619.37
015329,ISTEM GEAUGA EARLY COLLEGE HS,2023-08,4,5929.06
015344,Tri-State STEM+M Early College,2023-08,3,2323.79
015709,BEACON ACADEMY,2023-08,1,8157.56
015710,BRIDGE GATE COMMUNITY SCHOOL,2023-08,2,7171.78
015712,Euclid Preparatory School,2023-08,2,12790.58
015713,EAST BRANCH PREPATORY ACAD.,2023-08,1,3842.82
015714,URBAN EARLY COLLEGE NETWORK,2023-08,2,3272.37
015722,VILLAGE PREP SCHOOL WILLIARD,2023-08,2,16745.56
015736,iLEAD SPRING MEADOWS,2023-08,2,6443.54
015737,GLOBAL AMBASS. LANG. ACAD.,2023-08,3,9794.93
015741,WESTWOOD PREPARTORY ACAD,2023-08,9,9320.78
016812,SMART Academy,2023-08,2,3063
016829,South Columbus Preparatory Aca,2023-08,4,8518.99
016836,Kids Care Elementary,2023-08,1,4377.07
016837,Orchard Park Academy,2023-08,2,8956.48
016843,Citizens Leadership Academy Ea,2023-08,3,19354.33
016849,Liberty High School,2023-08,4,11031.23
016850,Southwest Ohio Preparatory Sch,2023-08,2,5014.95
016858,United Preparatory Academy Eas,2023-08,1,8148.09
017123,Horizon Science Academy Primar,2023-08,3,13669.98
017212,Academy of Junior Scholars,2023-08,1,6495.83
017233,Great River Connections Academ,2023-08,85,54915.51
017259,Montgomery Preparatory Academy,2023-08,3,8838.5
017270,Lorain Bilingual Preparatory,2023-08,3,8786.62
017274,Mount Auburn Preparatory Acade,2023-08,3,12251.46
017275,AchievePoint Career Academy-Ci,2023-08,5,8583.23
017490,ReGeneration Bond Hill,2023-08,3,8650.19
017497,Cypress High School,2023-08,4,6784.79
017498,Northwest Ohio Classical Acade,2023-08,6,15722.46
017535,Huber Heights Preparatory Acad,2023-08,3,5856.86
017536,Kenmore Preparatory Academy,2023-08,4,10559.18
017537,Capital Collegiate Preparatory,2023-08,3,4781.22
017538,North Columbus Preparatory Aca,2023-08,1,4983.13
017585,Marion Preparatory Academy,2023-08,5,7795.35
017599,Urban Male Tech Academy,2023-08,3,3601.62
017643,Ohio Digital Learning School,2023-08,83,37377.33
019152,Buckeye Community School,2023-08,15,14493.16
019156,Quaker Preparatory Academy,2023-08,33,4456.08
019197,Flex High School Cleveland,2023-08,4,5453
019199,Central Point Preparatory Acad,2023-08,2,6498.26
019200,South Columbus Preparatory Aca,2023-08,4,8383.86
019201,Franklinton Prep High School,2023-08,4,8080.92
019212,Valor Academy  Inc.,2023-08,2,3198.68
019220,North Shore High School,2023-08,2,7809.1
019221,Case Preparatory Academy,2023-08,2,8658.65
019226,Franklinton High School,2023-08,2,3434.42
019227,Dublin Preparatory Academy,2023-08,2,7875.85
019235,Focus Learning Acad Cent Cols,2023-08,1,4276.06
019426,Dayton Career Tech High School,2023-08,5,3373.39
019427,Akron Career Tech High School,2023-08,1,2425.78
019441,Buckeye Comm School - London,2023-08,11,5261.04
019442,Buckeye Comm School - Marion,2023-08,17,14625.81
019450,Youngstown Preparatory Academy,2023-08,2,2974.86
019452,Citizens of the World Charter,2023-08,1,1548.23
019474,Explorers Academy of Sci & Te,2023-08,1,6308.59
019478,Niles Preparatory Academy,2023-08,2,4955.55
019511,Western Toledo Preparatory Aca,2023-08,5,7017.43
019530,Cincinnati Classical Academy,2023-08,6,15155.74
019533,Eagle Charter Schools of Ohio,2023-08,2,3063.94
020007,IDEA Greater Cincinnati  Inc,2023-08,3,14809.74
020046,Unity Academy,2023-08,1,875.41
020076,Solon Academy,2023-08,2,706.94
020077,Westlake Academy,2023-08,1,471.23
020078,Gateway Online Academy of Ohio,2023-08,82,28528.89
020091,Legacy Academy of Excellence,2023-08,2,3636.46
020092,Sheffield Academy,2023-08,3,2188.03
020186,Lorain Preparatory High School,2023-08,1,1885.08
020189,Strongsville Academy,2023-08,3,841.78
020265,Victory Academy of Toledo,2023-08,1,2530.18
020293,The Dayton School,2023-08,2,1281.95
043489,AKRON CITY SCHOOLS,2023-08,1,664662.98
043497,ALLIANCE CITY BOARD OF EDU,2023-08,3,91188.51
043505,ASHLAND CITY BOARD OF,2023-08,2,108055.87
043513,ASHTABULA AREA CITY SCHOOL,2023-08,1,102440.52
043521,ATHENS CITY SCHOOL DISTRICT,2023-08,1,78928.64
043539,BARBERTON BOARD OF EDUCATION,2023-08,1,111905.82
043547,BAY VILLAGE CITY SCHOOL,2023-08,1,80513.17
043554,BEACHWOOD BOARD OF EDUCATION,2023-08,1,47426.03
043562,BEDFORD BOARD OF EDUCATION,2023-08,1,91452.46
043570,BELLAIRE CITY SCHOOL DISTRICT,2023-08,1,38752.5
043588,BELLEFONTAINE CITY SCHOOL,2023-08,1,77463.22
043596,BELLEVUE CITY SCHOOL DISTRICT,2023-08,4,62348.36
043604,BELPRE CITY SCHOOL DISTRICT,2023-08,1,33017.36
043612,BEREA CITY SCHOOL DISTRICT,2023-08,1,177687.72
043620,BEXLEY CITY SCHOOL DISTRICT,2023-08,1,84881.53
043638,BOWLING GREEN SCHOOL DISTRICT,2023-08,1,74597.26
043646,BRECKSVILLE BROADVIEW HEIGHTS,2023-08,1,125650.36
043653,BROOKLYN LOCAL SCHOOL DISTRICT,2023-08,1,36453.08
043661,BRUNSWICK CITY SCHOOL DISTRICT,2023-08,2,214659.3
043679,BRYAN CITY SCHOOLS,2023-08,1,62388.67
043687,BUCYRUS CITY SCHOOL DISTRICT,2023-08,1,36294.13
043695,CAMBRIDGE CITY BOARD OF,2023-08,2,58635.45
043703,CAMPBELL CITY SCHOOLS,2023-08,1,38556.76
043711,CANTON CITY SCHOOL DISTRICT,2023-08,1,254232.81
043729,CELINA CITY BOARD OF EDU,2023-08,2,82772.11
043737,CENTERVILLE CITY SCHOOL,2023-08,3,274130.06
043745,CHILLICOTHE CITY SCHOOL,2023-08,1,93158.57
043752,CINCINNATI PUBLIC SCHOOLS,2023-08,1,1133808.36
043760,CIRCLEVILLE CITY SCHOOL,2023-08,2,71213.26
043778,CLAYMONT CITY BOARD OF EDU,2023-08,3,56501.98
043786,CLEVELAND CITY SCHOOL DISTRICT,2023-08,1,1159884.48
043794,CLEVELAND HEIGHTS UNIVERSITY,2023-08,1,163752.75
043802,COLUMBUS PUBLIC SCHOOL,2023-08,1,1503423.25
043810,CONNEAUT AREA CITY SCHOOLS,2023-08,1,53832.68
043828,COSHOCTON CITY SCHOOL DISTRICT,2023-08,1,54106.41
043836,CUYAHOGA FALLS CITY SCHOOLS,2023-08,1,132373.32
043844,DAYTON CITY SCHOOL DISTRICT,2023-08,1,398882.77
043851,DEER PARK COMMUNITY CITY,2023-08,1,38739.38
043869,DEFIANCE CITY SCHOOLS,2023-08,2,83144.69
043877,DELAWARE CITY SCHOOLS,2023-08,1,186121.14
043885,DELPHOS CITY SCHOOL DISTRICT,2023-08,3,30827.8
043893,DOVER CITY SCHOOL DISTRICT,2023-08,1,91389.24
043901,EAST CLEVELAND CITY SCHOOL,2023-08,1,45305.49
043919,EAST LIVERPOOL CITY SCHOOLS,2023-08,1,63741.12
043927,EAST PALESTINE CITY SCHOOL,2023-08,2,30951.3
043935,EATON CITY SCHOOLS,2023-08,2,65489.99
043943,ELYRIA CITY SCHOOL DISTRICT,2023-08,1,194028.25
043950,EUCLID BOARD OF EDUCATION,2023-08,2,147630.01
043968,FAIRBORN CITY SCHOOLS,2023-08,3,142556.69
043976,FAIRVIEW PARK CITY SCHOOL DIST,2023-08,1,50118.78
043984,FINDLAY CITY SCHOOLS,2023-08,1,170236.58
043992,FOSTORIA CITY SCHOOLS,2023-08,3,60115.75
044008,FRANKLIN CITY SCHOOLS,2023-08,3,92280.08
044016,FREMONT CITY BOARD OF EDU,2023-08,3,118727.33
044024,GALION CITY SCHOOL DISTRICT,2023-08,3,56009.31
044032,GALLIPOLIS CITY SCHOOLS,2023-08,1,65340.24
044040,GARFIELD HEIGHTS CITY SCHOOL,2023-08,1,103670.81
044057,GENEVA AREA CITY SCHOOL DIST,2023-08,2,72001.3
044065,GIRARD CITY SCHOOL DISTRICT,2023-08,2,54818
044073,GRANDVIEW HEIGHTS CITY SCHOOL,2023-08,1,39225.3
044081,WINTONWOODS CITY SCHOOL,2023-08,2,132980.57
044099,GREENVILLE CITY SCHOOL,2023-08,1,80738.83
044107,HAMILTON BOARD OF EDUCATION,2023-08,1,299647.79
044115,HEATH CITY SCHOOL DISTRICT,2023-08,1,58430.92
044123,HILLSBORO CITY BOARD OF EDU,2023-08,1,72808.18
044131,HURON CITY SCHOOL DISTRICT,2023-08,1,39848.15
044149,IRONTON CITY BOARD OF,2023-08,1,45627.88
044156,JACKSON CITY SCHOOL DISTRICT,2023-08,5,80480.71
044164,KENT CITY BOARD OF EDUCATION,2023-08,2,98558.62
044172,KENTON CITY SCHOOLS,2023-08,3,59933.95
044180,KETTERING CITY SCHOOL,2023-08,2,253717.8
044198,LAKEWOOD CITY SCHOOL DISTRICT,2023-08,1,140830.73
044206,LANCASTER CITY SCHOOLS,2023-08,1,206085.78
044214,LEBANON CITY SCHOOL DISTRICT,2023-08,2,181493.97
044222,LIMA CITY BOARD OF EDU,2023-08,1,109521.25
044230,LOCKLAND CITY SCHOOLS,2023-08,1,16458.35
044248,LOGAN HOCKING LOCAL SCHOOLS,2023-08,5,119767.83
044255,LONDON CITY SCHOOL DISTRICT,2023-08,2,72272.04
044263,LORAIN CITY SCHOOLS,2023-08,1,195172.77
044271,LOVELAND CITY SCHOOL DISTRICT,2023-08,3,143050.27
044289,MADEIRA CITY SCHOOLS,2023-08,1,57957.61
044297,MANSFIELD BOARD OF EDUCATION,2023-08,1,102713.45
044305,MAPLE HEIGHTS BOARD OF,2023-08,1,102728.34
044313,MARIEMONT CITY SCHOOL DISTRICT,2023-08,2,52405.17
044321,MARIETTA CITY SCHOOL DISTRICT,2023-08,1,79491.23
044339,MARION CITY SCHOOLS,2023-08,1,136597.45
044347,MARTINS FERRY CITY SCHOOL,2023-08,2,44686.9
044354,MASSILLON CITY SCHOOL DISTRICT,2023-08,1,130521
044362,MAUMEE CITY SCHOOL DISTRICT,2023-08,2,76782.64
044370,MAYFIELD CITY SCHOOL DISTRICT,2023-08,3,132012.72
044388,MEDINA CITY SCHOOLS,2023-08,1,211996.32
044396,MIAMISBURG CITY SCHOOLS,2023-08,1,166718.42
044404,MIDDLETOWN CITY SCH DIST.,2023-08,2,206445.95
044412,MOUNT HEALTHY CITY SCH DIST.,2023-08,1,103260.13
044420,MOUNT VERNON CITY SCHOOL,2023-08,2,124697.57
044438,NAPOLEON CITY SCHOOL DISTRICT,2023-08,3,59334.38
044446,NELSONVILLE YORK CITY SCHOOL,2023-08,3,36264.41
044453,NEWARK CITY SCHOOL DISTRICT,2023-08,1,198644.92
044461,NEW BOSTON BOARD OF EDUCATION,2023-08,1,12773.92
044479,NEW LEXINGTON CITY SCHOOLS,2023-08,3,59728.42
044487,NEW PHILADELPHIA CITY SCHOOLS,2023-08,1,96043
044495,NILES CITY SCHOOLS,2023-08,1,67521.02
044503,NORTH CANTON CITY SCHOOLS,2023-08,2,144442.73
044511,NORTH COLLEGE HILL CITY SCH,2023-08,1,48163.38
044529,NORTH OLMSTED CITY SCHOOL,2023-08,2,120096.57
044537,NORTH RIDGEVILLE CITY SCH DIST,2023-08,2,151210.04
044545,NORTH ROYALTON CITY SCHOOL,2023-08,1,135377.92
044552,NORTON CITY SCHOOLS,2023-08,3,72252.62
044560,NORWALK BOARD OF EDUCATION,2023-08,2,86766.46
044578,NORWOOD CITY SCHOOL DISTRICT,2023-08,1,54726.52
044586,OAKWOOD CITY SCHOOLS,2023-08,1,67571.23
044594,OBERLIN CITY SCHOOL DISTRICT,2023-08,1,28814.74
044602,OREGON CITY SCHOOLS,2023-08,3,113217.91
044610,ORRVILLE CITY SCHOOL DISTRICT,2023-08,1,52648.48
044628,PAINESVILLE CITY LOCAL SCHOOLS,2023-08,1,89341.43
044636,PARMA CITY SCHOOL DISTRICT,2023-08,1,306131.81
044644,PIQUA CITY SCHOOL DISTRICT,2023-08,2,110750.93
044651,PORT CLINTON CITY SCHOOLS,2023-08,2,47241.17
044669,PORTSMOUTH CITY SCHOOL,2023-08,1,54542.62
044677,PRINCETON CITY SCHOOL DISTRICT,2023-08,3,184360.5
044685,RAVENNA CITY SCHOOL DISTRICT,2023-08,1,65688.92
044693,READING BOARD OF EDUCATION,2023-08,1,51293.49
044701,ROCKY RIVER CITY SCHOOL,2023-08,1,87716.27
044719,ST BERNARD ELMWOOD PLACE CITY,2023-08,1,25545.78
044727,ST MARYS CITY BOARD OF,2023-08,2,66453.37
044735,SALEM CITY SCHOOL DISTRICT,2023-08,2,66225.34
044743,SANDUSKY BOARD OF EDUCATION,2023-08,1,102553.86
044750,SHAKER HEIGHTS BOARD OF,2023-08,1,148808
044768,SHEFFIELD SHEFFLD LAKE CITY,2023-08,1,53758.35
044776,SHELBY CITY BOARD OF EDU,2023-08,2,65248.98
044784,SIDNEY CITY SCHOOL DISTRICT,2023-08,2,103649.09
044792,SOUTH EUCLID LYNDHURST CITY,2023-08,1,108618.73
044800,SOUTH-WESTERN CITY SCHOOLS,2023-08,2,726494.15
044818,SPRINGFIELD CITY SCHOOLS,2023-08,1,235463.31
044826,STEUBENVILLE CITY SCHOOL,2023-08,1,85924.13
044834,STOW-MUNROE FALLS CITY,2023-08,2,170724.08
044842,STRONGSVILLE CITY SCHOOLS,2023-08,3,187752.14
044859,STRUTHERS CITY SCHOOL DISTRICT,2023-08,1,57945.01
044867,SYCAMORE COMMUNITY SCHOOL DIST,2023-08,3,190264.44
044875,SYLVANIA CITY SCHOOL DISTRICT,2023-08,1,258584.69
044883,TALLMADGE CITY SCHOOL DISTRICT,2023-08,2,76751.99
044891,TIFFIN CITY SCHOOLS,2023-08,1,87115.61
044909,TOLEDO PUBLIC SCHOOLS,2023-08,2,686742.32
044917,TORONTO CITY SCHOOL DISTRICT,2023-08,1,26425.22
044925,TROY CITY SCHOOLS,2023-08,1,144832.87
044933,UPPER ARLINGTON CITY SCHOOLS,2023-08,1,216766.08
044941,URBANA CITY SCHOOLS,2023-08,2,61983.05
044958,VANDALIA-BUTLER CITY SCHOOLS,2023-08,2,98776.26
044966,VAN WERT CITY SCHOOLS,2023-08,2,66442.01
044974,WADSWORTH CITY SCHOOLS,2023-08,3,146198.27
044982,WAPAKONETA CITY SCHOOL,2023-08,4,103452.43
044990,WARREN CITY SCHOOL DISTRICT,2023-08,1,152706.06
045005,WARRENSVILLE HEIGHTS CITY,2023-08,1,56716.01
045013,WASHINGTON COURTHOUSE CITY,2023-08,1,68463.86
045021,WELLSTON CITY SCHOOLS,2023-08,2,43401.71
045039,WELLSVILLE LOCAL SCHOOL,2023-08,2,22614
045047,WESTERVILLE CITY SCHOOL,2023-08,2,488810.27
045054,WEST CARROLLTON CITY SCHOOL,2023-08,1,112101.44
045062,WESTLAKE CITY SCHOOL DISTRICT,2023-08,1,110436.34
045070,WHITEHALL CITY SCHOOL DISTRICT,2023-08,1,106935.24
045088,WICKLIFFE CITY SCHOOL DISTRICT,2023-08,2,44097.87
045096,WILLARD CITY SCHOOL DISTRICT,2023-08,3,44974.45
045104,WILLOUGHBY-EASTLAKE CITY,2023-08,2,234807.45
045112,WILMINGTON CITY SCHOOLS,2023-08,2,76739.03
045120,WOOSTER CITY SCHOOL DISTRICT,2023-08,1,112097.39
045138,WORTHINGTON BOARD OF EDUCATION,2023-08,2,355687.49
045146,WYOMING CITY SCHOOLS,2023-08,1,64251.5
045153,XENIA COMMUNITY SCHOOLS,2023-08,3,131092.48
045161,YOUNGSTOWN CITY SCHOOLS,2023-08,2,155730.68
045179,ZANESVILLE CITY SCHOOLS,2023-08,1,99847.32
045187,ADA EXEMPTED VILLAGE SCHOOLS,2023-08,3,29407.13
045195,AMHERST EXEMPTED VILLAGE,2023-08,1,122832.94
045203,BARNESVILLE EXEMPTED VILLAGE,2023-08,5,44852.68
045211,BLUFFTON EXEMPTED VILLAGE,2023-08,4,40591.55
045229,BRADFORD EXEMPTED VILLAGE,2023-08,3,17667.06
045237,BRIDGEPORT EXEMPTED VILLAGE,2023-08,1,24645.38
045245,HARRISON HILLS CITY SCHOOL,2023-08,6,51696.13
045252,CALDWELL EXEMPTED VILLAGE,2023-08,2,26141.43
045260,CAREY EXEMPT VILLAGE SCHOOL,2023-08,3,27458.12
045278,CARROLLTON EXEMPTED VILLAGE,2023-08,5,65008.76
045286,CHAGRIN FALLS EXEMPTED VILLAGE,2023-08,2,55321.64
045294,CHESAPEAKE UNION EXEMPTED,2023-08,1,42193.16
045302,CLYDE GREEN SPRINGS EXEMPTED,2023-08,2,68329
045310,COLDWATER EXEMPTED VILLAGE,2023-08,1,46834.67
045328,COLUMBIANA EXEMPTED VILLAGE,2023-08,2,33119.31
045336,COVINGTON EXEMPTED VILLAGE,2023-08,2,27349.96
045344,CRESTLINE EXEMPTED VILLAGE,2023-08,2,19851.95
045351,CROOKSVILLE EXEMPTED VILLAGE,2023-08,2,35091.26
045369,FAIRPORT HARBOR EXEMPTED,2023-08,1,20347.75
045377,GEORGETOWN EXEMPTED VILLAGE,2023-08,1,34644.09
045385,GIBSONBURG EXEMPTED VILLAGE,2023-08,2,26352.89
045393,GRANVILLE EXEMPTED VILLAGE,2023-08,1,88252.93
045401,GREENFIELD EXEMPTED VILLAGE,2023-08,3,61859.11
045419,HICKSVILLE EXEMPTED VILLAGE,2023-08,2,30765.81
045427,HUBBARD SCHOOL DISTRICT,2023-08,2,61835.09
045435,INDIAN HILL EXEMPTED VILLAGE,2023-08,2,74382.42
045443,LEETONIA EXEMPTED VILLAGE,2023-08,2,17789.79
045450,LISBON EXEMPTED VILLAGE,2023-08,1,24318.49
045468,LOUDONVILLE PERRYSVILLE,2023-08,4,32096.01
045476,MARYSVILLE EXEMPTED VILLAGE,2023-08,4,192753.34
045484,MECHANICSBURG EXEMPTED VILLAGE,2023-08,3,29569.74
045492,MENTOR EXEMPTED VILLAGE,2023-08,2,237300.54
045500,MILFORD EXEMPTED VILLAGE,2023-08,2,215860.48
045518,MILTON-UNION EXEMPTED VILLAGE,2023-08,3,48305.41
045526,MONTPELIER EXEMPTED VILLAGE,2023-08,1,26774.29
045534,MOUNT GILEAD EXEMPTED,2023-08,2,32793.6
045542,NEWCOMERSTOWN EXEMPTED VILLAGE,2023-08,3,30507.15
045559,NEW RICHMOND EXEMPTED,2023-08,1,68981.33
045567,NEWTON FALLS EXEMPTED VILLAGE,2023-08,3,32126.73
045575,PAULDING EXEMPTED VILLAGE SCH,2023-08,3,43569.56
045583,PERRYSBURG EXEMPTED VILLAGE,2023-08,2,186779.93
045591,RITTMAN EXEMPTED VILLAGE,2023-08,2,30407.23
045609,ROSSFORD EXEMPTED VILLAGE,2023-08,2,59110.12
045617,TIPP CITY EXEMPTED VILLAGE,2023-08,2,82556.45
045625,UPPER SANDUSKY E V SCHOOLS,2023-08,4,53094.48
045633,VERSAILLES EXEMPTED VILLAGE,2023-08,2,42191.34
045641,WAUSEON EXEMPTED VILLAGE,2023-08,2,60475.23
045658,WELLINGTON EXEMPTED VILLAGE,2023-08,2,34141.89
045666,WINDHAM EXEMPTED VILLAGE,2023-08,2,15627.32
045674,YELLOW SPRINGS EXEMPTED,2023-08,2,21201.69
045757,ALLEN EAST LOCAL SCHOOL,2023-08,2,35088.58
045765,BATH LOCAL SCHOOL DISTRICT,2023-08,1,59763.44
045773,ELIDA BOARD OF EDUCATION,2023-08,1,78693.04
045781,PERRY LOCAL SCHOOL DISTRICT,2023-08,2,25182.78
045799,SHAWNEE LOCAL SCHOOL DISTRICT,2023-08,2,83222.2
045807,SPENCERVILLE LOCAL SCHOOL,2023-08,4,34503.14
045823,HILLSDALE SCHOOLS,2023-08,3,29093.66
045831,MAPLETON LOCAL SCHOOL DISTRICT,2023-08,3,28423.69
045856,BUCKEYE LOCAL SCHOOL DISTRICT,2023-08,1,60709.24
045864,GRAND VALLEY LOCAL SCHOOL,2023-08,3,30270.06
045872,JEFFERSON AREA LOCAL SCHOOL,2023-08,1,61080.03
045880,PYMATUNING VALLEY LOCAL,2023-08,2,38562.68
045906,ALEXANDER LOCAL SCHOOL,2023-08,3,50611.72
045914,FEDERAL HOCKING LOCAL SCHOOL,2023-08,4,31390.45
045922,TRIMBLE LOCAL SCHOOL DISTRICT,2023-08,4,25977.15
045948,MINSTER LOCAL SCHOOL DISTRICT,2023-08,4,29278.14
045955,NEW BREMEN LOCAL SCHOOL,2023-08,3,27664.01
045963,NEW KNOXVILLE LOCAL SCHOOL,2023-08,2,13235.95
045971,WAYNESFIELD-GOSHEN LOCAL,2023-08,4,15238.85
045997,ST CLAIRSVILLE RICHLAND CITY,2023-08,3,55037.08
046003,SHADYSIDE LOCAL BOARD OF EDU,2023-08,1,22625.26
046011,UNION LOCAL SCHOOL DISTRICT,2023-08,2,46986.73
046037,EASTERN LOCAL SCHOOL DISTRICT,2023-08,3,40465.73
046045,FAYETTEVILLE-PERRY LOCAL,2023-08,4,27610.37
046060,WESTERN BROWN LOCAL SCHOOL,2023-08,3,97938.38
046078,RIPLEY UNION LEWIS HUNTINGTON,2023-08,3,26525.12
046094,EDGEWOOD CITY SCHOOL DISTRICT,2023-08,2,122428.14
046102,FAIRFIELD CITY SCHOOL DISTRICT,2023-08,2,329556.44
046110,LAKOTA LOCAL SCHOOL DISTRICT,2023-08,3,595791.25
046128,MADISON LOCAL SCHOOL DISTRICT,2023-08,2,48342.34
046136,NEW MIAMI LOCAL SCHOOL,2023-08,1,19269.09
046144,ROSS LOCAL SCHOOL DISTRICT,2023-08,2,93616.32
046151,TALAWANDA CITY SCHOOL DISTRICT,2023-08,2,100829.35
046177,BROWN LOCAL SCHOOL DISTRICT,2023-08,2,21708.69
046193,GRAHAM LOCAL SCHOOL DISTRICT,2023-08,5,53494.98
046201,TRIAD LOCAL SCHOOLS,2023-08,3,27710.24
046219,WEST LIBERTY SALEM LOCAL,2023-08,2,40600.6
046235,GREENON LOCAL SCHOOLS,2023-08,2,56751.32
046243,TECUMSEH LOCAL SCHOOL DISTRICT,2023-08,4,96757.16
046250,NORTHEASTERN LOCAL SCHOOL,2023-08,3,101676.77
046268,NORTHWESTERN LOCAL SCHOOL,2023-08,3,54836.01
046276,SOUTHEASTERN LOCAL SCHOOL,2023-08,3,25039.77
046284,CLARK-SHAWNEE LOCAL SCHOOL,2023-08,1,60087.47
046300,BATAVIA LOCAL SCHOOL DISTRICT,2023-08,1,81446.61
046318,BETHEL-TATE LOCAL SCHOOLS,2023-08,2,49626.59
046326,CLERMONT NORTHEASTERN SCHOOL,2023-08,2,47262.21
046334,FELICITY-FRANKLIN LOCAL,2023-08,2,25101.36
046342,GOSHEN LOCAL SCHOOLS,2023-08,2,92758.3
046359,WEST CLERMONT LOCAL SCH DIST.,2023-08,2,268927.85
046367,WILLIAMSBURG LOCAL SCHOOL,2023-08,2,33988.36
046383,BLANCHESTER LOCAL SCHOOL,2023-08,5,43404.02
046391,CLINTON-MASSIE LOCAL SCHOOL,2023-08,3,61602.93
046409,EAST CLINTON LOCAL SCHOOL,2023-08,4,41554.05
046425,BEAVER LOCAL SCHOOL DISTRICT,2023-08,1,58931.42
046433,CRESTVIEW LOCAL SCHOOL,2023-08,2,40267.69
046441,SOUTHERN LOCAL SCHOOL DISTRICT,2023-08,3,26326.65
046458,UNITED LOCAL SCHOOL DISTRICT,2023-08,2,36587.53
046474,RIDGEWOOD LOCAL BOARD OF,2023-08,4,43579.3
046482,RIVER VIEW LOCAL SCHOOL,2023-08,4,55452.45
046508,BUCKEYE CENTRAL LOCAL SCHOOL,2023-08,4,21353.65
046516,COLONEL CRAWFORD LOCAL SCHOOLS,2023-08,3,31626.21
046524,WYNFORD LOCAL SCHOOL DISTRICT,2023-08,4,37464.16
046557,CUYAHOGA HEIGHTS LOCAL SCHOOL,2023-08,2,26086.09
046565,INDEPENDENCE LOCAL SCHOOLS,2023-08,1,35342.32
046573,OLMSTED FALLS BOARD OF,2023-08,2,117067.5
046581,ORANGE CITY SCHOOL DISTRICT,2023-08,2,66107.09
046599,RICHMOND HEIGHTS LOCAL SCHOOL,2023-08,2,26220.67
046607,SOLON BOARD OF EDUCATION,2023-08,3,157189.23
046623,ANSONIA LOCAL SCHOOL DISTRICT,2023-08,1,24775.21
046631,ARCANUM BUTLER LOCAL SCHOOL,2023-08,1,35238.85
046649,FRANKLIN MONROE LOCAL SCHOOL,2023-08,2,17047.07
046672,MISSISSINAWA VALLEY LOCAL,2023-08,1,20218.46
046680,TRI-VILLAGE LOCAL SCHOOL DIST,2023-08,2,26984.89
046706,AYERSVILLE LOCAL SCH DIST.,2023-08,4,24318.16
046714,CENTRAL LOCAL SCHOOL DISTRICT,2023-08,3,33204.5
046722,NORTHEASTERN LOCAL SCHOOL,2023-08,3,36576.86
046748,BIG WALNUT LOCAL SCHOOLS,2023-08,4,139103.94
046755,BUCKEYE VALLEY LOCAL SCHOOL,2023-08,4,73888.23
046763,OLENTANGY LOCAL SCHOOLS,2023-08,2,785512.25
046789,EDISON LOCAL SCHOOLS,2023-08,2,47708.19
046797,KELLEYS ISLAND SCHOOL,2023-08,1,203.48
046805,MARGARETTA LOCAL SCHOOL DIST,2023-08,2,36109.94
046813,PERKINS LOCAL SCHOOL DISTRICT,2023-08,1,62230.94
046821,VERMILION LOCAL SCH DIST.,2023-08,2,58345.21
046847,AMANDA-CLEARCREEK LOCAL SCHOOL,2023-08,3,51879.35
046854,BERNE UNION LOCAL SCHOOLS,2023-08,2,27260.16
046862,BLOOM CARROLL LOCAL SCHOOL,2023-08,2,81318.51
046870,FAIRFIELD UNION LOCAL SCHOOL,2023-08,3,66591.83
046888,LIBERTY UNION THURSTON LOCAL,2023-08,1,41756.82
046896,PICKERINGTON LOCAL SCHOOL DIST,2023-08,2,392530.3
046904,WALNUT TOWNSHIP LOCAL SCHOOL,2023-08,3,17672.84
046920,MIAMI TRACE LOCAL SCH DIST.,2023-08,7,87919.28
046946,CANAL WINCHESTER LOCAL SCHOOL,2023-08,2,131389.19
046953,HAMILTON LOCAL SCHOOLS,2023-08,2,101379.96
046961,GAHANNA-JEFFERSON CITY SCHOOL,2023-08,2,270435.83
046979,GROVEPORT MADISON LOCAL,2023-08,3,215235.69
046995,NEW ALBANY PLAIN LOCAL SCHOOL,2023-08,3,166463.71
047001,REYNOLDSBURG CITY SCHOOLS,2023-08,3,257281.71
047019,HILLIARD CITY SCHOOL DISTRICT,2023-08,1,543026.3
047027,DUBLIN CITY SCHOOLS,2023-08,3,559411.42
047043,ARCHBOLD AREA LOCAL SCHOOLS,2023-08,4,42031.03
047050,EVERGREEN LOCAL SCHOOL,2023-08,2,38672.81
047068,FAYETTE LOCAL SCHOOL DISTRICT,2023-08,2,11177.67
047076,PETTISVILLE LOCAL SCHOOL,2023-08,2,16809.43
047084,PIKE DELTA YORK LOCAL SCHOOLS,2023-08,3,40090.74
047092,SWANTON LOCAL SCHOOL DISTRICT,2023-08,3,39842.97
047167,BERKSHIRE BOARD OF EDUCATION,2023-08,2,47091.28
047175,CARDINAL LOCAL SCHOOL DISTRICT,2023-08,4,26847.98
047183,CHARDON BOARD OF EDUCATION,2023-08,2,88387.68
047191,KENSTON LOCAL SCHOOL DISTRICT,2023-08,3,86973.16
047225,WEST GEAUGA LOCAL SCHOOL,2023-08,3,70736.26
047241,BEAVERCREEK CITY SCHOOLS,2023-08,2,271865.31
047258,CEDARCLIFF LOCAL BOARD OF,2023-08,2,20864.84
047266,GREENEVIEW LOCAL SCHOOL,2023-08,3,47599.29
047274,SUGARCREEK LOCAL SCHOOL,2023-08,3,94248.24
047308,ROLLING HILLS LOCAL SCHOOL,2023-08,3,52778.46
047332,FINNEYTOWN LOCAL SCHOOL,2023-08,1,41600.24
047340,FOREST HILLS LOCAL SCHOOL,2023-08,2,239538.17
047365,NORTHWEST LOCAL SCHOOL,2023-08,2,289485.67
047373,OAK HILLS LOCAL SCHOOL DISTICT,2023-08,1,259294.67
047381,SOUTHWEST LOCAL SCHOOL DIST,2023-08,2,149204.64
047399,THREE RIVERS LOCAL SCHOOL DIST,2023-08,1,70208.81
047415,ARCADIA LOCAL SCHOOL DISTRICT,2023-08,3,18430.77
047423,ARLINGTON LOCAL SCHOOL,2023-08,2,19319.24
047431,CORY-RAWSON LOCAL SCHOOLS,2023-08,4,16705.08
047449,LIBERTY-BENTON LOCAL SCHOOL,2023-08,1,50865.54
047456,MCCOMB LOCAL SCHOOL DISTRICT,2023-08,3,20794.26
047464,VAN BUREN LOCAL SCHOOL,2023-08,2,35190.68
047472,VANLUE LOCAL SCHOOL DISTRICT,2023-08,3,5028.55
047498,HARDIN NORTHERN LOCAL SCHOOL,2023-08,2,13335.39
047506,RIDGEMONT LOCAL SCHOOL,2023-08,4,17424.78
047514,RIVERDALE LOCAL SCHOOL,2023-08,3,33258.12
047522,UPPER SCIOTO VALLEY LOCAL,2023-08,4,15396.64
047548,CONOTTON VALLEY LOCAL SCHOOL,2023-08,3,17676.7
047571,HOLGATE LOCAL SCHOOL DISTRICT,2023-08,3,14267.69
047589,LIBERTY CENTER LOCAL SCHOOL,2023-08,3,35221.15
047597,PATRICK HENRY LOCAL SCHOOL,2023-08,4,29412.21
047613,BRIGHT LOCAL SCHOOL DISTRICT,2023-08,3,23844.54
047621,FAIRFIELD LOCAL SCHOOL,2023-08,3,28683.34
047639,LYNCHBURG-CLAY LOCAL SCHOOL,2023-08,3,37119.51
047688,EAST HOLMES LOCAL SCHOOL,2023-08,5,51952.1
047696,WEST HOLMES LOCAL SCHOOL,2023-08,5,64675.29
047712,MONROEVILLE LOCAL SCHOOL,2023-08,2,19387.23
047720,NEW LONDON LOCAL SCHOOL,2023-08,3,29269.16
047738,SOUTH CENTRAL LOCAL SCHOOL,2023-08,3,25451.86
047746,WESTERN RESERVE BD OF EDUC,2023-08,3,35110.6
047761,OAK HILL UNION LOCAL SCHOOL,2023-08,4,39505.01
047787,BUCKEYE LOCAL SCHOOL DISTRICT,2023-08,3,47335.81
047795,EDISON LOCAL SCHOOLS,2023-08,4,46387.17
047803,INDIAN CREEK SCHOOL DISTRICT,2023-08,2,65726.52
047829,CENTERBURG LOCAL SCHOOL,2023-08,4,38606.24
047837,DANVILLE LOCAL SCHOOL DISTRICT,2023-08,4,20912.19
047845,EAST KNOX LOCAL SCHOOL,2023-08,3,33748.12
047852,FREDERICKTOWN LOCAL SCHOOL,2023-08,3,42095.62
047878,KIRTLAND LOCAL BOARD OF,2023-08,2,37562.47
047886,MADISON LOCAL SCHOOL DISTRICT,2023-08,3,90118.42
047894,RIVERSIDE LOCAL SCH DIST.,2023-08,2,141760.41
047902,PERRY LOCAL SCHOOL DISTRICT,2023-08,1,48578.56
047928,DAWSON BRYANT LOCAL SCHOOL,2023-08,1,39364.57
047936,FAIRLAND LOCAL SCHOOL DISTRICT,2023-08,2,50276.63
047944,ROCK HILL LOCAL SCHOOL,2023-08,2,43778.1
047951,SOUTH POINT LOCAL SCHOOLS,2023-08,1,49197.29
047969,SYMMES VALLEY LOCAL SCHOOLS,2023-08,2,26302.95
047985,JOHNSTOWN MONROE LOCAL SCHOOL,2023-08,3,57419.18
047993,LAKEWOOD LOCAL SCHOOL DISTRICT,2023-08,3,56511.8
048009,LICKING HEIGHTS LOCAL SCHOOLS,2023-08,2,171759.69
048017,LICKING VALLEY LOCAL SCHOOL,2023-08,2,73092.32
048025,NORTH FORK LOCAL SCHOOL,2023-08,2,52961.33
048033,NORTHRIDGE LOCAL SCHOOL,2023-08,3,39533.82
048041,SOUTHWEST LICKING LOCAL SCHOOL,2023-08,2,162120.62
048074,BENJAMIN LOGAN LOCAL SCHOOL,2023-08,4,58112.52
048082,INDIAN LAKE LOCAL SCHOOL,2023-08,4,47624.64
048090,RIVERSIDE LOCAL SCHOOL,2023-08,3,20121.92
048116,AVON LOCAL SCHOOL DISTRICT,2023-08,2,151546.66
048124,AVON LAKE CITY SCHOOLS,2023-08,1,119803.36
048132,CLEARVIEW BOARD OF EDUCATION,2023-08,1,48103.12
048140,COLUMBIA LOCAL SCHOOL DISTRICT,2023-08,3,32855.24
048157,FIRELANDS LOCAL SCHOOL,2023-08,3,60489.51
048165,KEYSTONE LOCAL SCHOOLS,2023-08,2,51940.97
048173,MIDVIEW LOCAL SCHOOL DISTRICT,2023-08,2,96274.13
048207,ANTHONY WAYNE LOCAL SCHOOLS,2023-08,2,147493.05
048215,OTTAWA HILLS LOCAL SCHOOL,2023-08,1,36603.31
048223,SPRINGFIELD LOCAL SCH DIST.,2023-08,1,115679.96
048231,WASHINGTON LOCAL SCHOOL,2023-08,1,229740.6
048256,JEFFERSON LOCAL SCHOOL,2023-08,2,35511.39
048264,JONATHAN ALDER LOCAL SCHOOL,2023-08,3,77434.77
048272,MADISON PLAINS LOCAL SCHOOL,2023-08,5,39928.28
048298,AUSTINTOWN LOCAL SCHOOL,2023-08,2,144554.31
048306,BOARDMAN LOCAL SCHOOL DISTRICT,2023-08,1,130460.8
048314,CANFIELD LOCAL SCHOOL DISTRICT,2023-08,1,84922.91
048322,JACKSON-MILTON LOCAL SCHOOL,2023-08,3,27476.03
048330,LOWELLVILLE LOCAL SCHOOLS,2023-08,1,16159.69
048348,POLAND LOCAL SCHOOL DISTRICT,2023-08,1,58790.19
048355,SEBRING LOCAL SCHOOL DISTICT,2023-08,1,12035.25
048363,SOUTH RANGE LOCAL SCHOOL,2023-08,2,43100.67
048371,SPRINGFIELD LOCAL BOARD OF EDU,2023-08,2,31879.79
048389,WEST BRANCH LOCAL SCHOOL,2023-08,4,60293.43
048397,WESTERN RESERVE LOCAL SCHOOLS,2023-08,2,20486.57
048413,ELGIN LOCAL SCHOOL DISTRICT,2023-08,4,35194.99
048421,PLEASANT LOCAL SCHOOL DISTRICT,2023-08,1,42450.5
048439,RIDGEDALE LOCAL SCHOOLS,2023-08,3,21470.35
048447,RIVER VALLEY LOCAL SCHOOL DIST,2023-08,4,66146.66
048462,BLACK RIVER LOCAL SCHOOL,2023-08,4,34735.03
048470,BUCKEYE LOCAL SCHOOL DISTRICT,2023-08,3,69471.1
048488,CLOVERLEAF LOCAL SCHOOL,2023-08,2,79119.67
048496,HIGHLAND LOCAL SCHOOL DISTRICT,2023-08,2,115204.18
048512,EASTERN LOCAL SCHOOL DISTRICT,2023-08,1,22079.86
048520,MEIGS LOCAL SCHOOL DISTRICT,2023-08,3,53972.35
048538,SOUTHERN LOCAL SCHOOL DISTRICT,2023-08,1,21977.96
048553,MARION LOCAL BOARD OF,2023-08,3,31518.86
048579,PARKWAY SCHOOL BOARD OF EDUC,2023-08,2,33331.93
048587,ST HENRY CONSOLIDATED LOCAL,2023-08,2,32157.28
048595,FORT RECOVERY LOCAL SCHOOL,2023-08,2,31448.84
048611,BETHEL LOCAL SCHOOL DISTRICT,2023-08,3,66902.07
048629,MIAMI EAST LOCAL SCHOOLS,2023-08,4,46316.37
048637,NEWTON LOCAL SCHOOL DISTRICT,2023-08,2,21534.95
048652,SWITZERLAND OF OHIO LOCAL,2023-08,4,67156.04
048678,BROOKVILLE LOCAL SCHOOL,2023-08,2,52976.74
048686,JEFFERSON TOWNSHIP LOCAL,2023-08,1,8703.63
048694,TROTWOOD MADISON CITY SCHOOLS,2023-08,1,86867.66
048702,MAD RIVER LOCAL SCHOOL,2023-08,2,122761.02
048710,NEW LEBANON LOCAL SCHOOLS,2023-08,2,37113.98
048728,NORTHMONT CITY SCHOOLS,2023-08,3,161828.4
048736,NORTHRIDGE LOCAL SCHOOL,2023-08,1,52862.76
048744,VALLEY VIEW LOCAL SCHOOL,2023-08,3,58093.22
048751,HUBER HEIGHTS CITY SCHOOLS,2023-08,4,199846.06
048777,MORGAN LOCAL SCHOOL DISTRICT,2023-08,4,53900.07
048793,CARDINGTON LINCOLN LOCAL,2023-08,2,33536.27
048801,HIGHLAND LOCAL SCHOOL DISTRICT,2023-08,3,57117.82
048819,NORTHMOR LOCAL SCHOOLS,2023-08,5,36544.4
048835,EAST MUSKINGUM SCHOOL DISTRICT,2023-08,2,75159.97
048843,FRANKLIN LOCAL SCHOOL DISTRICT,2023-08,3,65245.66
048850,MAYSVILLE LOCAL SCHOOL DIST,2023-08,2,63592.43
048876,TRI-VALLEY LOCAL SCHOOLS,2023-08,3,100650.64
048884,WEST MUSKINGUM LOCAL SCHOOL,2023-08,3,53684.24
048900,NOBLE LOCAL SCHOOL DISTRICT,2023-08,4,33761.77
048926,BENTON CARROLL SALEM LOCAL,2023-08,3,48056.29
048934,DANBURY LOCAL SCHOOLS,2023-08,1,16050.25
048942,GENOA AREA LOCAL SCHOOL,2023-08,4,45543.69
048975,PUT-IN-BAY LOCAL SCHOOL,2023-08,1,2263.93
048991,ANTWERP LOCAL SCHOOL DISTRICT,2023-08,2,22375.52
049031,WAYNE TRACE LOCAL SCHOOL,2023-08,3,31688.45
049056,NORTHERN LOCAL SCHOOL DISTRICT,2023-08,4,76478.54
049064,SOUTHERN LOCAL SCHOOL DISTRICT,2023-08,4,21208.36
049080,LOGAN ELM LOCAL SCHOOL DIST,2023-08,5,59447.46
049098,TEAYS VALLEY BOARD OF EDU,2023-08,3,150249.25
049106,WESTFALL LOCAL SCHOOL DISTRICT,2023-08,3,46675.88
049122,EASTERN LOCAL SCHOOL DISTRICT,2023-08,3,27344.11
049130,SCIOTO VALLEY LOCAL SCHOOL,2023-08,3,45264.85
049148,WAVERLY CITY SCHOOLS,2023-08,3,61769.58
049155,WESTERN LOCAL SCHOOL DISTRICT,2023-08,4,23816.32
049171,AURORA BOARD OF EDUCATION,2023-08,4,101148.29
049189,CRESTWOOD LOCAL SCHOOLS,2023-08,2,47426.42
049197,FIELD LOCAL SCHOOL DISTRICT,2023-08,3,67669.64
049205,JAMES A GARFIELD LOCAL SCHOOLS,2023-08,3,41957.03
049213,ROOTSTOWN LOCAL SCHOOL,2023-08,1,34869.82
049221,SOUTHEAST LOCAL SCHOOLS,2023-08,3,49621.39
049239,STREETSBORO CITY SCHOOLS,2023-08,2,68929.1
049247,WATERLOO LOCAL BOARD OF EDU,2023-08,2,27375.12
049270,NATIONAL TRAIL LOCAL SD,2023-08,2,32402.29
049288,PREBLE SHAWNEE LOCAL SCHOOLS,2023-08,3,46170.26
049296,TWIN VALLEY COMMUNITY LOCAL,2023-08,2,25998.51
049312,COLUMBUS GROVE LOCAL SCHOOL,2023-08,2,27000.01
049320,CONTINENTAL LOCAL SCHOOL,2023-08,3,16736.48
049338,JENNINGS LOCAL SCHOOL DISTRICT,2023-08,3,12669.8
049346,KALIDA LOCAL SCHOOL DISTRICT,2023-08,1,21112.03
049353,LEIPSIC LOCAL SCHOOL DISTRICT,2023-08,2,22129.21
049361,MILLER CITY-NEW CLEVELAND,2023-08,1,17350.5
049379,OTTAWA GLANDORF LOCAL SCHOOL,2023-08,1,49747.14
049387,OTTOVILLE LOCAL SCHOOL,2023-08,3,16699.42
049395,PANDORA-GILBOA LOCAL BOARD OF,2023-08,3,17859.32
049411,CLEARFORK VALLEY LOCAL SCHOOL,2023-08,3,53436.08
049429,CRESTVIEW LOCAL SCHOOL,2023-08,3,32178.9
049437,LEXINGTON LOCAL SCH DIST.,2023-08,2,79366.31
049445,LUCAS LOCAL SCHOOL DISTRICT,2023-08,2,16373.02
049452,MADISON LOCAL SCHOOLS,2023-08,2,89212.02
049460,PLYMOUTH-SHILOH LOCAL SCHOOLS,2023-08,3,23252.55
049478,ONTARIO LOCAL SCHOOLS,2023-08,2,67175.01
049494,ADENA LOCAL SCHOOL DISTRICT,2023-08,3,39336.48
049502,HUNTINGTON LOCAL SCH DIST.,2023-08,2,37456.08
049510,PAINT VALLEY LOCAL SCHOOL,2023-08,3,27356.49
049528,SOUTHEASTERN LOCAL SCHOOL,2023-08,4,33906.92
049536,UNION-SCIOTO LOCAL SCHOOL,2023-08,2,71582.4
049544,ZANE TRACE LOCAL SCHOOL,2023-08,3,45449.63
049569,LAKOTA LOCAL SCHOOLS,2023-08,3,32885.03
049577,WOODMORE LOCAL SCHOOL DISTRICT,2023-08,3,30756.81
049593,BLOOM-VERNON LOCAL SCHOOL,2023-08,3,28015.19
049601,CLAY LOCAL SCHOOL DISTRICT,2023-08,1,20445.03
049619,GREEN LOCAL SCHOOL DISTRICT,2023-08,2,17975
049627,MINFORD LOCAL SCHOOL DISTRICT,2023-08,2,41972.03
049635,NORTHWEST LOCAL SCHOOL DIST,2023-08,3,44412.09
049643,VALLEY LOCAL SCHOOL DISTRICT,2023-08,2,34848.41
049650,WASHINGTON NILES LOCAL SCHOOL,2023-08,2,43123.44
049668,WHEELERSBURG LOCAL SCHOOL,2023-08,1,52819.16
049684,SENECA EAST LOCAL SCHOOL,2023-08,3,28133.97
049700,HOPEWELL-LOUDON LOCAL SCHOOL,2023-08,2,25559.37
049718,NEW RIEGEL LOCAL SCHOOL,2023-08,1,12304.66
049726,OLD FORT LOCAL SCHOOL DISTRICT,2023-08,2,23350.09
049759,ANNA LOCAL BOARD OF EDUCAION,2023-08,1,39513.76
049767,BOTKINS LOCAL SCHOOL DISTRICT,2023-08,2,21937.07
049775,FAIRLAWN LOCAL SCHOOL DISTRICT,2023-08,4,19644.76
049783,FORT LORAMIE LOCAL SCHOOL,2023-08,2,25950.22
049791,HARDIN-HOUSTON LOCAL SCHOOL,2023-08,2,26627.2
049809,JACKSON CENTER LOCAL SCHOOL,2023-08,3,18417.97
049817,RUSSIA LOCAL SCHOOL DISTRICT,2023-08,2,13699.9
049833,CANTON LOCAL SCHOOL DISTRICT,2023-08,1,59715.38
049841,FAIRLESS LOCAL BOARD OF,2023-08,3,48271.57
049858,JACKSON LOCAL SCHOOL DISTRICT,2023-08,1,203736.81
049866,LAKE LOCAL SCHOOL DISTRICT,2023-08,3,114239.58
049874,LOUISVILLE CITY SCHOOLS,2023-08,1,95295.16
049882,MARLINGTON LOCAL SCHOOL,2023-08,4,64353.63
049890,MINERVA LOCAL SCHOOLS,2023-08,3,61999.24
049908,NORTHWEST LOCAL SCHOOL,2023-08,3,61818.68
049916,OSNABURG LOCAL SCHOOLS,2023-08,2,29293.18
049924,PERRY LOCAL SCHOOL DISTRICT,2023-08,1,141998.89
049932,PLAIN LOCAL SCHOOL DISTRICT,2023-08,1,186039.62
049940,SANDY VALLEY LOCAL SCHOOL,2023-08,3,41103.94
049957,TUSLAW LOCAL SCHOOLS,2023-08,2,44698.41
049973,WOODRIDGE LOCAL SCHOOL,2023-08,2,63440.69
049981,COPLEY-FAIRLAWN CITY SCHOOLS,2023-08,2,91809
049999,COVENTRY LOCAL SCHOOL DISTRICT,2023-08,1,51143.47
050005,MANCHESTER LOCAL SCHOOL,2023-08,2,44338.13
050013,GREEN LOCAL SCHOOLS,2023-08,2,134058.56
050021,HUDSON CITY SCHOOL DISTRICT,2023-08,1,153396.73
050039,MOGADORE LOCAL SCHOOL DISTRICT,2023-08,2,26764.87
050047,NORDONIA HILLS CITY SCHOOLS,2023-08,2,117582.3
050054,REVERE LOCAL SCHOOL DISTRICT,2023-08,3,96020.59
050062,SPRINGFIELD LOCAL SCH DIST.,2023-08,3,59533.32
050070,TWINSBURG BOARD OF EDUCATION,2023-08,3,132137.58
050096,BLOOMFIELD-MESPO LOCAL SCHOOL,2023-08,3,6708.17
050112,BRISTOL LOCAL SCHOOL DISTRICT,2023-08,1,17158.36
050120,BROOKFIELD LOCAL SCHOOL,2023-08,1,34957.22
050138,CHAMPION LOCAL SCHOOL DISTRICT,2023-08,1,44396
050153,MATHEWS LOCAL SCHOOL DISTRICT,2023-08,1,22113.73
050161,HOWLAND LOCAL SCHOOL DISTRICT,2023-08,1,83398.41
050179,JOSEPH BADGER LOCAL SCHOOL DIS,2023-08,2,22484.53
050187,LAKEVIEW LOCAL BOARD,2023-08,1,54542.7
050195,LIBERTY LOCAL BOARD OF EDU,2023-08,2,42018.89
050203,LORDSTOWN LOCAL SCHOOL,2023-08,2,14327.12
050211,MAPLEWOOD LOCAL BOARD OF EDU,2023-08,2,21641.78
050229,MCDONALD BOARD OF EDUCATION,2023-08,1,22349.7
050237,SOUTHINGTON LOCAL SCHOOL,2023-08,2,14428.23
050245,LABRAE LOCAL SCHOOL DISTRICT,2023-08,2,35125.95
050252,WEATHERSFIELD LOCAL SCHOOL,2023-08,2,31744.13
050278,GARAWAY LOCAL SCHOOLS,2023-08,4,38414.88
050286,INDIAN VALLEY LOCAL SCHOOLS,2023-08,2,59723.9
050294,STRASBURG-FRANKLIN LOCAL,2023-08,2,18985.82
050302,TUSCARAWAS VALLEY LOCAL SCHOOL,2023-08,3,44311.58
050328,FAIRBANKS LOCAL SCHOOLS,2023-08,4,37039.09
050336,NORTH UNION LOCAL SCHOOL,2023-08,5,48473.75
050351,CRESTVIEW LOCAL SCHOOL,2023-08,2,29394.99
050369,LINCOLNVIEW LOCAL SCH DIST.,2023-08,4,29362.03
050393,VINTON COUNTY LOCAL SCHOOLS,2023-08,7,57710.08
050419,CARLISLE LOCAL SCHOOLS,2023-08,3,53915.89
050427,SPRINGBORO COMMUNITY SCHOOLS,2023-08,2,206833.38
050435,KINGS LOCAL SCHOOL DISTRICT,2023-08,3,164214.58
050443,LITTLE MIAMI LOCAL SCHOOL,2023-08,2,183518.81
050450,MASON CITY SCHOOL DISTRICT,2023-08,3,349147.23
050468,WAYNE LOCAL SCHOOL DISTRICT,2023-08,4,54763.64
050484,FORT FRYE LOCAL SCHOOL,2023-08,3,34028.08
050492,FRONTIER LOCAL SCHOOL DISTRICT,2023-08,2,19599.57
050500,WARREN LOCAL SCHOOLS,2023-08,3,72387.42
050518,WOLF CREEK LOCAL SCHOOL BD,2023-08,2,20955.09
050534,CHIPPEWA LOCAL SCHOOLS,2023-08,4,41910.56
050542,DALTON LOCAL SCHOOL DISTRICT,2023-08,2,31216.57
050559,GREEN LOCAL SCHOOL DISTRICT,2023-08,1,36904.56
050567,NORWAYNE LSD,2023-08,2,45120.97
050575,NORTHWESTERN LOCAL SCH DIST.,2023-08,3,43329.13
050583,SOUTHEAST LOCAL SCH DIST.,2023-08,3,41469.37
050591,TRIWAY LOCAL SCHOOL DISTRICT,2023-08,3,51163.81
050617,EDGERTON LOCAL SCHOOL DISTRICT,2023-08,2,18758.9
050625,EDON NORTHWEST LOCAL SCHOOL,2023-08,1,17781.78
050633,MILLCREEK WEST UNITY LOCAL,2023-08,2,18308.25
050641,NORTH CENTRAL LOCAL SCHOOL,2023-08,1,19136.59
050658,STRYKER LOCAL SCHOOL DISTRICT,2023-08,4,11989.97
050674,EASTWOOD BOARD OF EDUCATION,2023-08,3,50376.45
050682,ELMWOOD LOCAL SCHOOL DISTRICT,2023-08,2,39886.18
050690,LAKE LOCAL SCHOOL DISTRICT,2023-08,2,47066.99
050708,NORTH BALTIMORE BOARD OF,2023-08,2,21395.17
050716,NORTHWOOD LOCAL SCHOOLS,2023-08,3,32625.53
050724,OTSEGO LOCAL SCHOOL DISTRICT,2023-08,3,54121.92
050740,MOHAWK BOARD OF EDUCATION,2023-08,3,27328.41
050773,APOLLO JOINT VOCATIONAL,2023-08,7,61157.54
050799,SOUTHERN HILLS JOINT,2023-08,5,43948.09
050815,ASHTABULA COUNTY TECHNICAL &,2023-08,3,57843.82
050856,BELMONT-HARRISON VOCATIONAL,2023-08,6,33609.33
050880,BUTLER TECHNOLOGY & CAREER,2023-08,4,420090.41
050906,COLUMBIANA COUNTY JOINT,2023-08,4,13130.42
050922,CUYAHOGA VALLEY CAREER CENTER,2023-08,2,16162.28
050948,POLARIS JOINT VOCATIONAL,2023-08,2,94246.19
050963,FOUR COUNTY JOINT VOCATIONAL,2023-08,9,43971.8
050989,DELAWARE AREA CAREER CENTER,2023-08,6,68228.55
051003,EASTLAND-FAIRFIELD CAREER &,2023-08,6,71224.51
051029,EHOVE JOINT VOCATIONAL SCHOOL,2023-08,6,27863.31
051045,GREENE COUNTY JOINT VOCATIONAL,2023-08,6,98871.49
051060,GREAT OAKS INSTITUTE OF TECH,2023-08,12,382538.5
051128,JEFFERSON COUNTY JOINT,2023-08,3,11421.25
051144,KNOX COUNTY CAREER CENTER,2023-08,5,19999.27
051169,AUBURN VOCATIONAL SCHOOL DIST,2023-08,5,25905.1
051185,LAWRENCE COUNTY JOINT,2023-08,3,52163.37
051201,LICKING CNTY JOINT VOCATIONAL,2023-08,7,77263.57
051227,LORAIN COUNTY JOINT,2023-08,5,57098.97
051243,MAHONING COUNTY CAREER &,2023-08,5,26228.73
051284,MIAMI VALLEY CAREER TECHNOLOGY,2023-08,10,132527.6
051300,MIDEAST CAREER & TECHNOLOGY,2023-08,10,45248.92
051334,OHIO HI POINT JOINT VOCATIONAL,2023-08,13,114697.95
051359,PENTA COUNTY VOCATIONAL SCHOOL,2023-08,7,149482.54
051375,PIKE COUNTY JOINT VOCATIONAL,2023-08,5,14991.03
051391,MAPLEWOOD CAREER CENTER,2023-08,5,21263.48
051417,PIONEER CAREER & TECHNOLOGY,2023-08,8,78812.56
051433,PICKAWAY-ROSS COUNTY JOINT,2023-08,10,93460.87
051458,VANGUARD SENTINEL CAREER CNTRS,2023-08,10,72177.54
051474,WARREN COUNTY VOCATIONAL,2023-08,7,123792.8
051490,SCIOTO COUNTY CAREER TECH CNTR,2023-08,5,56881.88
051532,SPRINGFIELD-CLARK CAREER,2023-08,6,31444.32
051607,TRI-COUNTY JOINT VOCATIONAL,2023-08,8,17516.11
051631,TRUMBULL COUNTY JOINT,2023-08,4,30914.33
051656,BUCKEYE JOINT VOCATIONAL,2023-08,10,42732.68
051672,VANTAGE CAREER CENTER,2023-08,5,20453.5
051698,WASHINGTON COUNTY JOINT,2023-08,4,17476.8
051714,WAYNE CNTY JOINT VOCATIONAL SC,2023-08,6,27842.58
061903,ADAMS CNTY-OH VALLEY SCHL DIST,2023-08,5,115959.43
062026,STARK COUNTY AREA JOINT,2023-08,6,28660.32
062042,ASHLAND CO WEST HOLMES JOINT,2023-08,6,25543.07
062067,GALLIA JACKSON VINTON JOINT,2023-08,9,54121.75
062109,MEDINA COUNTY CAREER CENTER,2023-08,6,89879.36
062125,UPPER VALLEY JOINT VOCATIONAL,2023-08,6,114692.04
062802,US GRANT JOINT VOCATIONAL,2023-08,2,22432.23
063495,PORTAGE LAKES JOINT VOCATIONAL,2023-08,3,18665.31
063511,TOLLES CAREER & TECH CENTER,2023-08,7,73816
064964,COLLEGE CORNER LOCAL SCHOOL,2023-08,2,4275.54
065227,COSHOCTON COUNTY JOINT,2023-08,6,9711.14
065268,TRI-RIVERS JOINT VOCATIONAL,2023-08,9,18979
065680,GALLIA COUNTY LOCAL SCHOOL,2023-08,5,73145.96
069682,EAST GUERNSEY LOCAL SCHOOL,2023-08,5,34680.16
091397,TRI-COUNTY NORTH LOCAL SCHOOL,2023-08,3,26532.33
132746,SUMMIT ACADEMY COMMUNITY SCH,2023-08,4,2999.59
132761,SUMMIT ACAD COMMU SCHL FOR,2023-08,4,4822.62
132779,SUMMIT ACADEMY AKRON MIDDLE,2023-08,1,2358.39
132795,LIFE SKILLS CENTER OF CLARK,2023-08,5,10650.45
132803,LIFE SKILLS CENTER OF BUTLER,2023-08,11,15802.04
132944,MIAMI VALLEY ACADEMIES,2023-08,2,3879.55
132951,CONSTELLATN SCHLS LORAIN COMMU,2023-08,2,4578.04
132969,CONSTELLATN SCHLS ELYRIA COMMU,2023-08,2,13464.83
132985,YOUTH BUILD COLUMBUS,2023-08,3,8990.09
132993,CONSTELLATN SCHLS W.PARK COMM,2023-08,3,7640.73
133215,INTERGENERATIONAL SCHOOL,2023-08,1,6832.85
133256,CONSTELLTN SCHLS PARMA COMMU,2023-08,4,39348.37
133264,DOHN COMMUNITY HIGH SCHOOL,2023-08,2,56982.15
133280,WASHINGTON PARK COMMUNITY,2023-08,2,5856.76
133306,SUMMIT ACAD COMMU SCHL FOR,2023-08,1,3472.02
133322,SUMMIT ACAD COMMU SCHL  FOR,2023-08,1,1986.06
133330,TCP WORLD ACADEMY,2023-08,4,12891.2
133348,RICHARD ALLEN PREPARATORY,2023-08,3,14607.17
133421,GRAHAM SCHOOL,2023-08,2,4444.72
133439,CORNERSTONE ACADEMY,2023-08,7,32592.97
133454,DAYTON VIEW ACADEMY,2023-08,1,15889.19
133488,EDUCATIONAL DEVELOPMENT CENTER,2023-08,3,6607.23
133504,PHOENIX COMMUNITY LEARNING,2023-08,1,5486.12
133512,LKH VICTORY CORP,2023-08,3,31166.64
133538,EDGE LEARNING INC,2023-08,2,7580.59
133561,MILLENNIUM COMMUNITY SCHOOL,2023-08,2,11818.15
133587,SUMMIT ACAD AKRON ELEMENT SCH,2023-08,3,3807.13
133629,HORIZON SCIENCE ADADEMY -,2023-08,3,8987.24
133660,HORIZON EDUCATIONAL SERVICES,2023-08,2,16329.84
133678,RIVERSIDE COMMUNITY SCHOOL INC,2023-08,1,5789.03
133736,RICHARD ALLEN ACADEMY INC,2023-08,2,4278.21
133785,LIFE SKILLS CENTER OF,2023-08,3,1447.35
133835,LIFE SKILLS CENTER OF,2023-08,5,11444.41
133868,LIFE SKILLS CENTER OF AKRON,2023-08,3,17419.36
133942,TOLEDO SCHOOL FOR THE ARTS,2023-08,5,22604.25
134072,YOUNGSTOWN COMMUNITY SCHL INC,2023-08,2,9600.87
134098,CONSTELLATN SCHLS OLD BROOKLYN,2023-08,1,8684.11
134122,MULTIPLE OPTNS FOR DEVELOPMENT,2023-08,5,3239.03
134197,HOPE ACADEMY CHAPELSIDE CAMPUS,2023-08,1,4981.58
134213,HOPE ACADEMY UNIVERSITY,2023-08,1,5121.09
134247,CITY DAY COMMUNITY SCHOOL INC,2023-08,1,6038.57
139303,MONROE LOCAL SCHOOL DISTRICT,2023-08,2,96044.03
142901,LIFE SKILLS CENTER OF CANTON,2023-08,2,3876.66
142919,LIFE SKILLS CENTER OF ELYRIA,2023-08,4,5588.21
142927,FOCUS LEARNING ACADEMY OF,2023-08,8,12559.25
142935,FOCUS LEARNING ACADEMY OF,2023-08,3,9124.73
142943,FOCUS LEARNING ACADEMY OF,2023-08,1,21986.37
142950,OHIO VIRTUAL ACADEMY INC,2023-08,88,480508.86
142968,HOPE ACAD NORTHCOAST ACAD,2023-08,1,11242.22
143172,INTERNATIONAL ACADEMY OF,2023-08,2,10538.6
143198,GREAT WESTERN ACADEMY,2023-08,1,21818.02
143206,TROTWOOD FITNESS &,2023-08,2,10930.09
143214,MIDDLETOWN FITNESS &,2023-08,3,9567.48
143297,AUTISM ACADEMY OF LEARNING,2023-08,4,1754.56
143305,TRECA DIGITAL ACADEMY,2023-08,86,72025.93
143313,HOPE ACADEMY CUYAHOGA CAMPUS,2023-08,1,4308.4
143396,OHIO DISTANCE EDUCATION &,2023-08,88,219973.34
143479,CONSTELLATION SCHOOLS PURITAS,2023-08,1,5250.86
143487,CONSTELLATION SCHLS STOCKYARD,2023-08,2,4745.97
143529,NORTH DAYTON SCHOOL OF SCIENCE,2023-08,2,17845.83
143602,HAMILTON COUNTY MATHEMATICS &,2023-08,3,20094.19
143610,ARTS & COLLEGE PREPARATORY,2023-08,8,15691.86
143644,SCIOTOVILLE COMMUNITY SCHOOL,2023-08,1,11726.33
147231,SCHNEE LEARNING CENTER,2023-08,2,3571.48
148981,TOMORROW CENTER,2023-08,6,3247.06
148999,MAHONING UNLIMITED CLASSROOM,2023-08,10,7838.68
149047,GOAL DIGITAL ACADEMY,2023-08,21,30314.17
149088,FAIRBORN DIGITAL ACADEMY,2023-08,4,7821.41
149302,LIFE SKILLS CENTER OF TOLEDO,2023-08,2,5768.82
149328,FOXFIRE HIGH SCHOOL,2023-08,8,9315.95
151175,WEST CENTRAL LEARNING ACADEMY,2023-08,1,1926.76
151183,LIFE SKILLS CNTR OF LAKE ERIE,2023-08,1,6765.53
151209,LIFE SKILLS CENTER OF,2023-08,1,6597.23
000131,GLASS CITY ACADEMY INC,2024-01,3,12317.84
000138,PATHWAY SCHOOL OF DISCOVERY,2024-01,5,25318.76
000139,ALLIANCE ACADEMY,2024-01,2,11143.46
000222,WILDWOOD ENVIRONMENTAL ACADEMY,2024-01,2,10722.11
000236,OHIO CONNECTIONS ACADEMY INC,2024-01,88,168777.04
000241,QUAKER DIGITAL ACADEMY,2024-01,59,26061.19
000282,GREATER OHIO VIRTUAL SCHOOL,2024-01,25,18350.95
000288,AUGLAIZE COUNTY EDUCATIONAL,2024-01,7,2972.17
000296,SUMMIT ACAD. COMM. SCHOOL,2024-01,2,955.59
000297,SUMMIT ACAD. COMM. SCHOOL DAY,2024-01,4,2330.76
000298,SUMMIT ACADEMY SECONDARY,2024-01,3,1720.93
000300,SUMMIT ACAD. SEC. SCHOOL,2024-01,3,2168.11
000301,SUMMIT ACAD. SEC. SCHOOL LOR,2024-01,2,3765.51
000302,SUMMIT ACAD. COMM. SCHOOL PAR,2024-01,2,3598.35
000303,SUMMIT ACAD. SEC. SCHOOL,2024-01,11,3035.14
000305,SUMMIT ACAD. COMM. SCHOOL WAR,2024-01,4,3285.03
000306,SUMMIT ACAD. COMM. SCHOOL,2024-01,3,2515.44
000311,BRIDGES COMMUNITY ACADEMY,2024-01,4,3913.59
000316,CONSTELLATION SCHOOLS WESTPARK,2024-01,1,4521.78
000318,MENLO PARK ACADEMY,2024-01,10,12483.75
000319,CONSTELLATION SCH MADISON,2024-01,3,6496.38
000320,CONSTELLATION SCHOOLS LORAIN,2024-01,2,3312.06
000321,CONSTELLATION SCH OLD BROOKLYN,2024-01,1,7387.7
000338,HORIZON SCI ACADEMY,2024-01,1,17040.48
000402,FINDLAY DIGITAL ACADEMY,2024-01,5,6609.32
000417,BUCKEYE ON-LINE SCH FOR SUCCS,2024-01,53,17035.01
000442,MANCHESTER LOCAL SCHOOL DIST,2024-01,3,21172.67
000509,WHITEHALL PREPARATORY &,2024-01,2,10701.99
000510,SPRINGFIELD PREPARATORY &,2024-01,3,5004.71
000511,NORTHLAND PREPARATORY &,2024-01,2,5159.88
000525,PROJECT REBUILD COMMUNITY SCHL,2024-01,1,3953.66
000527,CASTLE HIGH SCHOOL INC,2024-01,4,9425.86
000534,CONSTELLATION SCHOOLS PURITAS,2024-01,1,3662.01
000543,PINNACLE ACADEMY,2024-01,3,22927.53
000546,WINTERFIELD VENTURE ACADEMY,2024-01,3,14040.88
000553,COLUMBUS HUMANITIES ARTS &,2024-01,15,20195.49
000556,A+ ARTS ACADEMY,2024-01,1,11561.91
000557,COLUMBUS ARTS &,2024-01,7,14683.96
000558,COLUMBUS PREPARATORY ACADEMY,2024-01,4,26245.5
000559,ORION ACADEMY,2024-01,1,14104.04
000560,APEX ACADEMY,2024-01,1,14998.31
000575,HOPE ACADEMY NORTHWEST CAMPUS,2024-01,2,8024.58
000576,KING ACADEMY COMMUNITY SCHOOL,2024-01,1,1782.9
000577,EMERSON ACADEMY,2024-01,6,21072.99
000598,COSHOCTON OPPORTUNITY SCHOOL,2024-01,1,1668.1
000608,SUMMIT ACADEMY TRANSITION HIGH,2024-01,3,1496.49
000610,SUMMIT ACAD. MIDDLE SCH COL.,2024-01,1,1274.04
000613,HEIR FORCE COMMUNITY SCHOOL,2024-01,1,7290.45
000614,SUMMIT ACADEMY TRANSITION HIGH,2024-01,2,1242.25
000616,SUMMIT ACAD. SCH FOR ALT.,2024-01,2,2359.62
000621,SUMMIT ACADEMY TRANSITION HIGH,2024-01,2,1692.18
000623,SUMMIT ACADEMY - YOUNGSTOWN,2024-01,10,3867.38
000634,SUMMIT ACADEMY SECONDARY,2024-01,3,2230.7
000640,RITTMAN ACADEMY,2024-01,3,1213.18
000664,LIFE SKILLS CENTER OF COLUMBUS,2024-01,2,4459.01
000679,OAKSTONE COMMUNITY SCHOOL,2024-01,7,6211.44
000725,ZENITH ACADEMY,2024-01,1,13887.03
000736,PHOENIX VILL. ACAD. PRIMARY 2,2024-01,1,3216.2
000770,MARITIME ACADEMY OF TOLEDO INC,2024-01,2,7148.08
000779,EDUCATIONAL ACADEMY FOR BOYS,2024-01,1,4905.05
000780,MIDNIMO CROSS CULTURAL MIDDLE,2024-01,1,4522.84
000804,HORIZON SCIENCE ACADEMY,2024-01,2,7004.47
000808,HORIZON SCIENCE ADADEMY DAYTON,2024-01,1,6162.3
000813,LIFE SKILLS CENTER OF DAYTON,2024-01,3,4087.23
000825,HORIZON SCIENCE ACADEMY,2024-01,1,11073.12
000838,HORIZON SCIENCE ACADEMY-,2024-01,1,8120.1
000843,BENNETT VENTURE ACADEMY,2024-01,1,19114.69
000855,STAMBAUGH CHARTER ACADEMY,2024-01,2,15725.28
000858,HORIZON SCIENCE ACAD CLEVELAND,2024-01,2,7387.72
000875,WESTSIDE ACADEMY INC,2024-01,2,9810.26
000912,ACADEMIC ACCELERATION ACADEMY,2024-01,1,3949.52
000936,PROMISE ACADEMY,2024-01,3,2515.7
000938,PREMIER ACADEMY OF OHIO,2024-01,2,4650.23
000941,PAR EXCELLENCE ACADEMY,2024-01,2,6023.32
000951,TOLEDO PREP. AND FITNESS ACAD,2024-01,1,7467.17
000952,COLUMBUS PREPARATORY,2024-01,3,12230.87
000953,CINCINNATI PREPARATORY &,2024-01,1,6176.49
007984,YOUNGSTOWN ACAD OF EXCELLENCE,2024-01,4,8214.43
007995,CLEVELAND ARTS  SCI.,2024-01,1,12259.76
007999,CHARLES SCHOOL,2024-01,4,9555.42
008000,MANSFIELD PREPARATORY ACADEMY,2024-01,2,14522.11
008063,LIFE SKILLS CTR OF NORTH AKRON,2024-01,2,2517.68
008064,ACADEMY OF ARTS,2024-01,8,6130.65
008278,NOBLE ACADEMY-CLEVELAND INC,2024-01,2,11113.51
008280,NOBLE ACADEMY-COLUMBUS INC,2024-01,1,9141.23
008281,SOUTH SCIOTO ACADEMY,2024-01,1,7516.83
008282,LIFE SKILLS CTR OF COL. NORTH,2024-01,2,2994.12
008283,DAYTON TECH. DESIGN HIGH SCH,2024-01,2,2618.13
008286,HARVARD AVE COMMUNITY SCHOOL,2024-01,1,9998.87
008287,GROVEPORT COMMUNITY SCHOOL,2024-01,6,20353.53
008289,EAGLE LEARNING CENTER INC,2024-01,4,1659.34
009148,ZANESVILLE COMM. HIGH SCH,2024-01,3,5032.57
009149,CONSTELLATION SCHOOLS WESTSIDE,2024-01,2,5477.1
009179,HORIZON SCIENCE ACADEMY INC,2024-01,1,14396.65
009192,FOUNDATION ACADEMY,2024-01,4,13755.5
009283,DAYTON EARLY COLLEGE ACAD.,2024-01,1,10951.66
009953,SULLIVANT AVE COMM. SCHOOL,2024-01,1,7421.28
009955,MADISON AVENUE SCHOOL OF ARTS,2024-01,2,12668.69
009957,KLEPINGER COMMUNITY SCHOOL,2024-01,1,17273.61
009971,ASHLAND CTY COMM. ACADEMY,2024-01,3,2762.31
009990,HORIZON SCI. ACAD. ELEMENTARY,2024-01,1,11880.42
009996,MAHONING COUNTY HIGH SCHOOL,2024-01,3,3292.04
009997,KIPP CENTRAL OHIO,2024-01,4,65549.57
010036,CESAR CHAVEZ COLLEGE PREP.,2024-01,1,10447.12
010182,PERFORMANCE ACADEMY EASTLAND,2024-01,1,9013.83
010205,L HOLLINGWORTH SCH FOR TAL.,2024-01,3,9190.32
011291,VILLAGE PREPARATORY SCHOOL,2024-01,2,19711.25
011324,HARDIN COMMUNITY SCHOOL,2024-01,1,1120.8
011381,GREATER SUMMIT CTY EARLY LEARN,2024-01,3,3728.81
011390,BELLA ACADEMY OF EXCELLENCE,2024-01,2,5731.85
011439,RENAISSANCE ACADEMY,2024-01,1,2452.53
011468,COLUMBUS BILINGUAL ACAD. - N.,2024-01,3,16658.19
011506,DAYTON REGIONAL STEM SCHOOL,2024-01,9,24285.83
011511,NORTH CENTRAL ACADEMY,2024-01,4,2631.07
011533,HORIZON SCI. ACAD. OF LORAIN,2024-01,4,25924
011534,HORIZON SCIENCE ACADEMY DAYTON,2024-01,1,8301.55
011923,NORTHEAST OHIO COLLEGE PREP.,2024-01,3,13597.5
011947,IMAGINE AKRON ACADEMY,2024-01,1,860.45
011967,RICHLAND ACAD. SCH OF EXC.,2024-01,1,11106.47
011972,GRAHAM EXPED. MIDDLE SCHOOL,2024-01,1,9523.45
011976,HORIZON SCIENCE ACADEMY DAYTON,2024-01,2,6545.43
011986,HORIZON SCI. ACAD. YOUNGSTOWN,2024-01,1,12433.64
012009,ZENITH ACADEMY-EAST,2024-01,2,4522.9
012010,CLEVELAND COLLEGE PREP.,2024-01,2,6687.15
012011,COLUMBUS PERFORMANCE ACADEMY,2024-01,1,5637.62
012025,CONSTELLATION SCH STOCKYARD,2024-01,1,1210.05
012030,NEAR WEST SCHOOL,2024-01,3,6750.94
012033,FOXFIRE INTERMEDIATE SCHOOL,2024-01,3,4583.8
012036,THURGOOD MARSHALL HIGH SCHOOL,2024-01,2,7833.53
012037,NEW BEGINNINGS ACADEMY,2024-01,1,4682.1
012038,LANGSTON HUGHES HIGH SCHOOL,2024-01,3,13087.81
012040,ROAD TO SUCCESS ACADEMY,2024-01,1,1974.76
012041,THE ARCH ACADEMY,2024-01,2,3662.89
012042,GEORGE V VOINOVICH RECLAMATION,2024-01,1,1878.77
012043,FREDERICK DOUGLASS RECLAMATION,2024-01,2,15571.59
012044,CAPITAL HIGH SCHOOL,2024-01,1,2643.63
012045,PATRIOT PREPARATORY ACADEMY,2024-01,3,23188.04
012054,NORTH CENTRAL ACADEMY FREMONT,2024-01,5,2663.35
012060,AKROS MIDDLE SCHOOL,2024-01,2,3951.76
012105,SOUTHSIDE ACADEMY INC,2024-01,1,5593.54
012391,METRO EARLY COLLEGE HIGH SCH,2024-01,7,27902.06
012501,BEACON HILL COMMUNITY SCHOOL,2024-01,4,1946.49
012528,ACADEMY FOR URBAN SOLUTIONS,2024-01,3,11912.34
012529,FOCUS NORTH HIGH SCHOOL,2024-01,7,6339.59
012541,UNIVERSITY OF CLEVELAND PREP.,2024-01,2,5349.72
012558,GLOBAL VILLAGE ACADEMY INC,2024-01,3,7642.84
012627,STEAM ACADEMY OF YOUNGSTOWN,2024-01,3,3983.61
012644,STEAM ACADEMY OF WARREN,2024-01,4,11897.1
012671,CONSTELLATION SCH EASTSIDE,2024-01,1,4617.31
012684,BROADWAY ACADEMY,2024-01,1,17673.17
012867,TOWNSEND NORTH COMM. SCH,2024-01,8,16097.02
012924,DECA PREP,2024-01,1,29917.5
013034,VILLAGE PREP. SCH:WOODLA,2024-01,2,19169.82
013132,LAKE ERIE COLLEGE PREP.,2024-01,2,8406.71
013147,STEAM ACAD. OF WARRENSVILLE,2024-01,5,10190.29
013148,STEPSTONE ACADEMY,2024-01,1,5827.37
013170,HOPE ACADEMY FOR AUTISM,2024-01,1,6941.89
013173,IMAGINE HILL AVENUE,2024-01,1,2106.13
013175,KIDS UNLIMITED ACADEMY,2024-01,2,8105.4
013195,ACADEMY OF EDU. EXCELLENCE,2024-01,1,4403.72
013199,NEXUS ACADEMY OF CLEVELAND,2024-01,2,3725.77
013232,A+ CHILDRENS ACADEMY,2024-01,2,2739.17
013249,ACADEMY FOR URB. SCH. YOUNGSTO,2024-01,5,10161.5
013253,OHIO COLLEGIATE ACADEMY,2024-01,2,8470.59
013254,AKRON PREPARATORY SCHOOL,2024-01,1,12205.63
013255,CANTON COLL. PREP. SCH,2024-01,3,12881.54
013864,CINCINNATI TECHNOLOGY ACADEMY,2024-01,2,6017.31
013930,GLOBAL IMPACT STEM ACADEMY,2024-01,5,21613.7
013962,LIBERTY PREPARTORY SCHOOL,2024-01,2,1437.2
013994,ALBERT EINSTEIN ACAD.,2024-01,4,10636.33
013999,Rise & Shine Academy,2024-01,2,3286.84
014065,LINCOLN PARK ACADEMY,2024-01,2,9234.64
014066,MAIN ST PREP. ACAD.,2024-01,1,2581.35
014067,OHIO CONSTRUCTION ACADEMY,2024-01,2,3758.44
014090,BERWYN EAST ACADEMY,2024-01,7,10002.17
014091,HOPE LEARNING ACAD. OF TOLEDO,2024-01,1,2106.13
014121,IMAGINE LEADERSHIP ACADEMY,2024-01,1,4238.51
014139,IMAGINE COL. PRIMARY SCHOOL,2024-01,2,7771.7
014147,EAST PREPARATORY ACADEMY,2024-01,1,7546.92
014149,DAYTON SMART ELEMENTARY SCHOOL,2024-01,1,2618.18
014187,EAST ACADEMY,2024-01,2,8024.61
014188,DISCOVERY ACADEMY,2024-01,1,10754.01
014189,WEST PARK ACADEMY,2024-01,2,7164.81
014231,BIO-MED SCI. ACAD. STEM SCH,2024-01,8,30403.29
014467,UNITED PREPARATORY ACADEMY,2024-01,2,26945.91
014830,UTICA SHALE ACAD. OF OHIO,2024-01,5,3670.96
014904,T2 HONORS ACADEMY,2024-01,1,2929.61
014913,LAKESHORE INTERGENERATIONAL,2024-01,1,4139.66
014927,STEEL ACADEMY,2024-01,2,4302.22
014943,VALLEY STEM+ME2 ACADEMY,2024-01,3,6966.96
015234,ZENITH ACADEMY WEST,2024-01,2,5159.85
015237,FLEX HIGH SCHOOL,2024-01,4,11498.58
015261,CITIZENS ACADEMY SOUTHEAST,2024-01,1,21940.2
015329,ISTEM GEAUGA EARLY COLLEGE HS,2024-01,4,6753.47
015344,Tri-State STEM+M Early College,2024-01,3,2550.11
015709,BEACON ACADEMY,2024-01,1,8831.96
015710,BRIDGE GATE COMMUNITY SCHOOL,2024-01,1,6911.66
015712,Euclid Preparatory School,2024-01,3,13151.46
015713,EAST BRANCH PREPATORY ACAD.,2024-01,1,4846.42
015714,URBAN EARLY COLLEGE NETWORK,2024-01,1,2937.47
015722,VILLAGE PREP SCHOOL WILLIARD,2024-01,1,15539.65
015737,GLOBAL AMBASS. LANG. ACAD.,2024-01,5,9585.09
015741,WESTWOOD PREPARTORY ACAD,2024-01,10,11698.5
016812,SMART Academy,2024-01,1,2451.95
016829,South Columbus Preparatory Aca,2024-01,5,8918.69
016836,Kids Care Elementary,2024-01,1,4236.18
016837,Orchard Park Academy,2024-01,2,8725.14
016843,Citizens Leadership Academy Ea,2024-01,4,16176.67
016849,Liberty High School,2024-01,5,11526.31
016850,Southwest Ohio Preparatory Sch,2024-01,1,5444.22
017123,Horizon Science Academy Primar,2024-01,3,12071.57
017212,Academy of Junior Scholars,2024-01,1,3056.41
017233,Great River Connections Academ,2024-01,83,54242.05
017259,Montgomery Preparatory Academy,2024-01,3,8205.61
017270,Lorain Bilingual Preparatory,2024-01,4,8694.6
017274,Mount Auburn Preparatory Acade,2024-01,5,14136.31
017275,AchievePoint Career Academy-Ci,2024-01,3,7800.59
017490,ReGeneration Bond Hill,2024-01,1,6654.05
017497,Cypress High School,2024-01,3,5521.41
017498,Northwest Ohio Classical Acade,2024-01,4,18095.9
017535,Huber Heights Preparatory Acad,2024-01,3,5477.14
017536,Kenmore Preparatory Academy,2024-01,5,12477.2
017537,Capital Collegiate Preparatory,2024-01,1,5319.11
017538,North Columbus Preparatory Aca,2024-01,1,4554.69
017585,Marion Preparatory Academy,2024-01,4,6285.75
017599,Urban Male Tech Academy,2024-01,2,5221.56
017643,Ohio Digital Learning School,2024-01,83,33377.52
019152,Buckeye Community School,2024-01,14,15400.18
019156,Quaker Preparatory Academy,2024-01,41,5143.89
019197,Flex High School Cleveland,2024-01,2,4999.47
019199,Central Point Preparatory Acad,2024-01,2,6147.3
019200,South Columbus Preparatory Aca,2024-01,4,8249.44
019201,Franklinton Prep High School,2024-01,3,7007.3
019212,Valor Academy  Inc.,2024-01,2,3025.87
019220,North Shore High School,2024-01,4,7706.23
019221,Case Preparatory Academy,2024-01,2,10835.36
019226,Franklinton High School,2024-01,2,3726.67
019227,Dublin Preparatory Academy,2024-01,4,9360.29
019235,Focus Learning Acad Cent Cols,2024-01,1,4108.78
019426,Dayton Career Tech High School,2024-01,3,3703.56
019427,Akron Career Tech High School,2024-01,2,2645.1
019441,Buckeye Comm School - London,2024-01,17,7622.19
019442,Buckeye Comm School - Marion,2024-01,14,18424.8
019450,Youngstown Preparatory Academy,2024-01,3,3483.76
019474,Explorers Academy of Sci & Te,2024-01,1,8041.57
019478,Niles Preparatory Academy,2024-01,2,5230.62
019511,Western Toledo Preparatory Aca,2024-01,4,11105.15
019530,Cincinnati Classical Academy,2024-01,6,19179.27
019533,Eagle Charter Schools of Ohio,2024-01,2,2548.07
019602,COMMUNITY STE(A)M ACADEMY,2024-01,5,4910.69
020007,IDEA Greater Cincinnati  Inc,2024-01,6,31807.06
020046,Unity Academy,2024-01,1,1783.66
020076,Solon Academy,2024-01,5,2165.91
020077,Westlake Academy,2024-01,3,1019.08
020078,Gateway Online Academy of Ohio,2024-01,76,23349.21
020091,Legacy Academy of Excellence,2024-01,1,5478.37
020092,Sheffield Academy,2024-01,1,4617.78
020186,Lorain Preparatory High School,2024-01,1,3821.61
020188,HINCKLEY PREPARATORY ACADEMY,2024-01,3,1020.03
020189,Strongsville Academy,2024-01,3,1178.4
020218,THE LEGACY SCHOOL,2024-01,1,1560.33
020265,Victory Academy of Toledo,2024-01,1,3510.21
020293,The Dayton School,2024-01,1,2011.53
020726,CHALLENGEU OHIO COMMUNITY SCHO,2024-01,14,2264.8
020728,MOSAIC CLASSICAL ACADEMY,2024-01,1,893.51
020729,AKROTECH HIGH SCHOOL,2024-01,1,1593.42
020755,PATHFINDER CAREER ACADEMY OF O,2024-01,19,1530.97
020759,FAIRFIELD PREPARATORY ACADEMY,2024-01,3,3823.9
020760,FRANKLIN LEARNING ACADEMY,2024-01,1,891.83
020811,SOUTHERN OHIO CAREER ACADEMY,2024-01,2,1437.96
020817,REGENERATION MIDDLE SCHOOL,2024-01,1,3724.99
020825,SPRINGFIELD SPORTS ACADEMY,2024-01,4,2582.26
043489,AKRON CITY SCHOOLS,2024-01,1,623411.38
043497,ALLIANCE CITY BOARD OF EDU,2024-01,3,84850.01
043505,ASHLAND CITY BOARD OF,2024-01,2,101480.2
043513,ASHTABULA AREA CITY SCHOOL,2024-01,1,94322.19
043521,ATHENS CITY SCHOOL DISTRICT,2024-01,1,74852.87
043539,BARBERTON BOARD OF EDUCATION,2024-01,1,105883.06
043547,BAY VILLAGE CITY SCHOOL,2024-01,1,74609.42
043554,BEACHWOOD BOARD OF EDUCATION,2024-01,1,43912.25
043562,BEDFORD BOARD OF EDUCATION,2024-01,1,87474.22
043570,BELLAIRE CITY SCHOOL DISTRICT,2024-01,1,35748.65
043588,BELLEFONTAINE CITY SCHOOL,2024-01,1,72656.83
043596,BELLEVUE CITY SCHOOL DISTRICT,2024-01,4,58281.27
043604,BELPRE CITY SCHOOL DISTRICT,2024-01,1,30850.13
043612,BEREA CITY SCHOOL DISTRICT,2024-01,1,166700.96
043620,BEXLEY CITY SCHOOL DISTRICT,2024-01,1,80997.06
043638,BOWLING GREEN SCHOOL DISTRICT,2024-01,1,83905.57
043646,BRECKSVILLE BROADVIEW HEIGHTS,2024-01,1,116770.28
043653,BROOKLYN LOCAL SCHOOL DISTRICT,2024-01,1,33786
043661,BRUNSWICK CITY SCHOOL DISTRICT,2024-01,2,196966.54
043679,BRYAN CITY SCHOOLS,2024-01,1,58539.93
043687,BUCYRUS CITY SCHOOL DISTRICT,2024-01,1,33854.42
043695,CAMBRIDGE CITY BOARD OF,2024-01,2,57865.08
043703,CAMPBELL CITY SCHOOLS,2024-01,1,35287.23
043711,CANTON CITY SCHOOL DISTRICT,2024-01,1,239738.23
043729,CELINA CITY BOARD OF EDU,2024-01,2,77749.26
043737,CENTERVILLE CITY SCHOOL,2024-01,3,262838.73
043745,CHILLICOTHE CITY SCHOOL,2024-01,1,85515.15
043752,CINCINNATI PUBLIC SCHOOLS,2024-01,1,1054682.74
043760,CIRCLEVILLE CITY SCHOOL,2024-01,2,65551.08
043778,CLAYMONT CITY BOARD OF EDU,2024-01,3,51957.52
043786,CLEVELAND CITY SCHOOL DISTRICT,2024-01,1,1042748.71
043794,CLEVELAND HEIGHTS UNIVERSITY,2024-01,1,151607.12
043802,COLUMBUS PUBLIC SCHOOL,2024-01,1,1412002.09
043810,CONNEAUT AREA CITY SCHOOLS,2024-01,1,51352.84
043828,COSHOCTON CITY SCHOOL DISTRICT,2024-01,1,49882.46
043836,CUYAHOGA FALLS CITY SCHOOLS,2024-01,1,126055.8
043844,DAYTON CITY SCHOOL DISTRICT,2024-01,1,375485.44
043851,DEER PARK COMMUNITY CITY,2024-01,1,36613.19
043869,DEFIANCE CITY SCHOOLS,2024-01,2,78713.15
043877,DELAWARE CITY SCHOOLS,2024-01,1,176980.03
043885,DELPHOS CITY SCHOOL DISTRICT,2024-01,3,28763.92
043893,DOVER CITY SCHOOL DISTRICT,2024-01,1,86300.49
043901,EAST CLEVELAND CITY SCHOOL,2024-01,1,36397.17
043919,EAST LIVERPOOL CITY SCHOOLS,2024-01,1,60495.18
043927,EAST PALESTINE CITY SCHOOL,2024-01,2,28348.53
043935,EATON CITY SCHOOLS,2024-01,2,63133.07
043943,ELYRIA CITY SCHOOL DISTRICT,2024-01,1,185061.46
043950,EUCLID BOARD OF EDUCATION,2024-01,2,137850.75
043968,FAIRBORN CITY SCHOOLS,2024-01,3,136482.23
043976,FAIRVIEW PARK CITY SCHOOL DIST,2024-01,1,47032.91
043984,FINDLAY CITY SCHOOLS,2024-01,1,159425.08
043992,FOSTORIA CITY SCHOOLS,2024-01,3,56266.6
044008,FRANKLIN CITY SCHOOLS,2024-01,3,88876.39
044016,FREMONT CITY BOARD OF EDU,2024-01,3,108980.15
044024,GALION CITY SCHOOL DISTRICT,2024-01,3,51545.22
044032,GALLIPOLIS CITY SCHOOLS,2024-01,1,60483.94
044040,GARFIELD HEIGHTS CITY SCHOOL,2024-01,1,91295.44
044057,GENEVA AREA CITY SCHOOL DIST,2024-01,2,66207.05
044065,GIRARD CITY SCHOOL DISTRICT,2024-01,2,50809.73
044073,GRANDVIEW HEIGHTS CITY SCHOOL,2024-01,1,36278.28
044081,WINTONWOODS CITY SCHOOL,2024-01,2,127224.05
044099,GREENVILLE CITY SCHOOL,2024-01,1,75986.62
044107,HAMILTON BOARD OF EDUCATION,2024-01,1,286444.4
044115,HEATH CITY SCHOOL DISTRICT,2024-01,1,55069.88
044123,HILLSBORO CITY BOARD OF EDU,2024-01,1,70959.73
044131,HURON CITY SCHOOL DISTRICT,2024-01,1,36867
044149,IRONTON CITY BOARD OF,2024-01,1,41881.89
044156,JACKSON CITY SCHOOL DISTRICT,2024-01,5,75470.34
044164,KENT CITY BOARD OF EDUCATION,2024-01,2,91577.22
044172,KENTON CITY SCHOOLS,2024-01,3,57899.63
044180,KETTERING CITY SCHOOL,2024-01,2,238249.01
044198,LAKEWOOD CITY SCHOOL DISTRICT,2024-01,1,132023.34
044206,LANCASTER CITY SCHOOLS,2024-01,1,194124.13
044214,LEBANON CITY SCHOOL DISTRICT,2024-01,2,170542.94
044222,LIMA CITY BOARD OF EDU,2024-01,1,103313.35
044230,LOCKLAND CITY SCHOOLS,2024-01,1,15409.38
044248,LOGAN HOCKING LOCAL SCHOOLS,2024-01,5,111003.04
044255,LONDON CITY SCHOOL DISTRICT,2024-01,2,68162.57
044263,LORAIN CITY SCHOOLS,2024-01,1,186526.4
044271,LOVELAND CITY SCHOOL DISTRICT,2024-01,3,132514.53
044289,MADEIRA CITY SCHOOLS,2024-01,1,54537.74
044297,MANSFIELD BOARD OF EDUCATION,2024-01,1,97436.95
044305,MAPLE HEIGHTS BOARD OF,2024-01,1,94193.2
044313,MARIEMONT CITY SCHOOL DISTRICT,2024-01,2,49158.02
044321,MARIETTA CITY SCHOOL DISTRICT,2024-01,1,73874.57
044339,MARION CITY SCHOOLS,2024-01,1,128809.09
044347,MARTINS FERRY CITY SCHOOL,2024-01,2,42885.78
044354,MASSILLON CITY SCHOOL DISTRICT,2024-01,1,126038.73
044362,MAUMEE CITY SCHOOL DISTRICT,2024-01,2,72884.79
044370,MAYFIELD CITY SCHOOL DISTRICT,2024-01,3,123712.45
044388,MEDINA CITY SCHOOLS,2024-01,1,197860.07
044396,MIAMISBURG CITY SCHOOLS,2024-01,1,154823.88
044404,MIDDLETOWN CITY SCH DIST.,2024-01,2,195475.89
044412,MOUNT HEALTHY CITY SCH DIST.,2024-01,1,92647.29
044420,MOUNT VERNON CITY SCHOOL,2024-01,2,117135.47
044438,NAPOLEON CITY SCHOOL DISTRICT,2024-01,3,57043.73
044446,NELSONVILLE YORK CITY SCHOOL,2024-01,3,34677.02
044453,NEWARK CITY SCHOOL DISTRICT,2024-01,1,188760.95
044461,NEW BOSTON BOARD OF EDUCATION,2024-01,1,11281.1
044479,NEW LEXINGTON CITY SCHOOLS,2024-01,3,57430.74
044487,NEW PHILADELPHIA CITY SCHOOLS,2024-01,1,90765.42
044495,NILES CITY SCHOOLS,2024-01,1,64503.94
044503,NORTH CANTON CITY SCHOOLS,2024-01,2,135317.01
044511,NORTH COLLEGE HILL CITY SCH,2024-01,1,46228.13
044529,NORTH OLMSTED CITY SCHOOL,2024-01,1,111961.9
044537,NORTH RIDGEVILLE CITY SCH DIST,2024-01,2,145794.36
044545,NORTH ROYALTON CITY SCHOOL,2024-01,1,128870.83
044552,NORTON CITY SCHOOLS,2024-01,3,65603.53
044560,NORWALK BOARD OF EDUCATION,2024-01,2,80259.11
044578,NORWOOD CITY SCHOOL DISTRICT,2024-01,1,51767.87
044586,OAKWOOD CITY SCHOOLS,2024-01,1,62740.55
044594,OBERLIN CITY SCHOOL DISTRICT,2024-01,1,25859.56
044602,OREGON CITY SCHOOLS,2024-01,3,106327.62
044610,ORRVILLE CITY SCHOOL DISTRICT,2024-01,1,49417.02
044628,PAINESVILLE CITY LOCAL SCHOOLS,2024-01,1,84268.9
044636,PARMA CITY SCHOOL DISTRICT,2024-01,1,282388.56
044644,PIQUA CITY SCHOOL DISTRICT,2024-01,2,103747.98
044651,PORT CLINTON CITY SCHOOLS,2024-01,2,43219.02
044669,PORTSMOUTH CITY SCHOOL,2024-01,1,50349.5
044677,PRINCETON CITY SCHOOL DISTRICT,2024-01,3,190346.13
044685,RAVENNA CITY SCHOOL DISTRICT,2024-01,1,61781.4
044693,READING BOARD OF EDUCATION,2024-01,1,46705.7
044701,ROCKY RIVER CITY SCHOOL,2024-01,1,82156.34
044719,ST BERNARD ELMWOOD PLACE CITY,2024-01,1,24514.92
044727,ST MARYS CITY BOARD OF,2024-01,2,61828.81
044735,SALEM CITY SCHOOL DISTRICT,2024-01,2,62030.24
044743,SANDUSKY BOARD OF EDUCATION,2024-01,1,95571.58
044750,SHAKER HEIGHTS BOARD OF,2024-01,1,139156.3
044768,SHEFFIELD SHEFFLD LAKE CITY,2024-01,1,49744.62
044776,SHELBY CITY BOARD OF EDU,2024-01,2,62045.39
044784,SIDNEY CITY SCHOOL DISTRICT,2024-01,2,98319.6
044792,SOUTH EUCLID LYNDHURST CITY,2024-01,1,99479.23
044800,SOUTH-WESTERN CITY SCHOOLS,2024-01,2,688332.89
044818,SPRINGFIELD CITY SCHOOLS,2024-01,1,223545.12
044826,STEUBENVILLE CITY SCHOOL,2024-01,1,81464.82
044834,STOW-MUNROE FALLS CITY,2024-01,2,158986.64
044842,STRONGSVILLE CITY SCHOOLS,2024-01,3,177400.53
044859,STRUTHERS CITY SCHOOL DISTRICT,2024-01,1,54081.52
044867,SYCAMORE COMMUNITY SCHOOL DIST,2024-01,3,184753.96
044875,SYLVANIA CITY SCHOOL DISTRICT,2024-01,1,246193.38
044883,TALLMADGE CITY SCHOOL DISTRICT,2024-01,2,78400.53
044891,TIFFIN CITY SCHOOLS,2024-01,1,79514.24
044909,TOLEDO PUBLIC SCHOOLS,2024-01,2,642879.2
044917,TORONTO CITY SCHOOL DISTRICT,2024-01,1,25007.21
044925,TROY CITY SCHOOLS,2024-01,1,136765.69
044933,UPPER ARLINGTON CITY SCHOOLS,2024-01,1,207477.34
044941,URBANA CITY SCHOOLS,2024-01,2,57530.74
044958,VANDALIA-BUTLER CITY SCHOOLS,2024-01,2,94254.7
044966,VAN WERT CITY SCHOOLS,2024-01,2,61893.03
044974,WADSWORTH CITY SCHOOLS,2024-01,3,135233.49
044982,WAPAKONETA CITY SCHOOL,2024-01,4,93690.61
044990,WARREN CITY SCHOOL DISTRICT,2024-01,1,142753.83
045005,WARRENSVILLE HEIGHTS CITY,2024-01,1,57191.01
045013,WASHINGTON COURTHOUSE CITY,2024-01,1,61813.99
045021,WELLSTON CITY SCHOOLS,2024-01,2,41164.69
045039,WELLSVILLE LOCAL SCHOOL,2024-01,2,20303.29
045047,WESTERVILLE CITY SCHOOL,2024-01,2,460985
045054,WEST CARROLLTON CITY SCHOOL,2024-01,1,102364.48
045062,WESTLAKE CITY SCHOOL DISTRICT,2024-01,1,102504.37
045070,WHITEHALL CITY SCHOOL DISTRICT,2024-01,1,106000.09
045088,WICKLIFFE CITY SCHOOL DISTRICT,2024-01,2,40939.69
045096,WILLARD CITY SCHOOL DISTRICT,2024-01,3,42548.55
045104,WILLOUGHBY-EASTLAKE CITY,2024-01,2,215116.59
045112,WILMINGTON CITY SCHOOLS,2024-01,2,70269.02
045120,WOOSTER CITY SCHOOL DISTRICT,2024-01,1,103927.41
045138,WORTHINGTON BOARD OF EDUCATION,2024-01,2,338098.16
045146,WYOMING CITY SCHOOLS,2024-01,1,60618.71
045153,XENIA COMMUNITY SCHOOLS,2024-01,3,121332.59
045161,YOUNGSTOWN CITY SCHOOLS,2024-01,2,138398.66
045179,ZANESVILLE CITY SCHOOLS,2024-01,1,95061.26
045187,ADA EXEMPTED VILLAGE SCHOOLS,2024-01,3,28211.63
045195,AMHERST EXEMPTED VILLAGE,2024-01,1,116909.42
045203,BARNESVILLE EXEMPTED VILLAGE,2024-01,5,41313.85
045211,BLUFFTON EXEMPTED VILLAGE,2024-01,4,38295.91
045229,BRADFORD EXEMPTED VILLAGE,2024-01,3,16842.66
045237,BRIDGEPORT EXEMPTED VILLAGE,2024-01,1,23461.05
045245,HARRISON HILLS CITY SCHOOL,2024-01,6,47457.28
045252,CALDWELL EXEMPTED VILLAGE,2024-01,2,24280.1
045260,CAREY EXEMPT VILLAGE SCHOOL,2024-01,3,26350.67
045278,CARROLLTON EXEMPTED VILLAGE,2024-01,5,58844.81
045286,CHAGRIN FALLS EXEMPTED VILLAGE,2024-01,2,50467.25
045294,CHESAPEAKE UNION EXEMPTED,2024-01,1,39140.76
045302,CLYDE GREEN SPRINGS EXEMPTED,2024-01,2,64287.12
045310,COLDWATER EXEMPTED VILLAGE,2024-01,1,45811.61
045328,COLUMBIANA EXEMPTED VILLAGE,2024-01,2,30556.82
045336,COVINGTON EXEMPTED VILLAGE,2024-01,2,25721.02
045344,CRESTLINE EXEMPTED VILLAGE,2024-01,2,19387.34
045351,CROOKSVILLE EXEMPTED VILLAGE,2024-01,2,32237.87
045369,FAIRPORT HARBOR EXEMPTED,2024-01,1,18988.38
045377,GEORGETOWN EXEMPTED VILLAGE,2024-01,1,32380.61
045385,GIBSONBURG EXEMPTED VILLAGE,2024-01,2,23423.24
045393,GRANVILLE EXEMPTED VILLAGE,2024-01,1,81839.96
045401,GREENFIELD EXEMPTED VILLAGE,2024-01,3,59167.22
045419,HICKSVILLE EXEMPTED VILLAGE,2024-01,2,29377.86
045427,HUBBARD SCHOOL DISTRICT,2024-01,2,57096.25
045435,INDIAN HILL EXEMPTED VILLAGE,2024-01,1,71538.99
045443,LEETONIA EXEMPTED VILLAGE,2024-01,2,16825.38
045450,LISBON EXEMPTED VILLAGE,2024-01,1,23368.06
045468,LOUDONVILLE PERRYSVILLE,2024-01,4,30393.71
045476,MARYSVILLE EXEMPTED VILLAGE,2024-01,4,181197.32
045484,MECHANICSBURG EXEMPTED VILLAGE,2024-01,3,27932.79
045492,MENTOR EXEMPTED VILLAGE,2024-01,2,218430
045500,MILFORD EXEMPTED VILLAGE,2024-01,2,198899.95
045518,MILTON-UNION EXEMPTED VILLAGE,2024-01,3,44785.23
045526,MONTPELIER EXEMPTED VILLAGE,2024-01,1,25631.25
045534,MOUNT GILEAD EXEMPTED,2024-01,2,31761.42
045542,NEWCOMERSTOWN EXEMPTED VILLAGE,2024-01,3,28696.1
045559,NEW RICHMOND EXEMPTED,2024-01,1,65384.67
045567,NEWTON FALLS EXEMPTED VILLAGE,2024-01,3,28704.9
045575,PAULDING EXEMPTED VILLAGE SCH,2024-01,3,41140.42
045583,PERRYSBURG EXEMPTED VILLAGE,2024-01,2,177066.59
045591,RITTMAN EXEMPTED VILLAGE,2024-01,2,27525.57
045609,ROSSFORD EXEMPTED VILLAGE,2024-01,2,53489.38
045617,TIPP CITY EXEMPTED VILLAGE,2024-01,2,77546.9
045625,UPPER SANDUSKY E V SCHOOLS,2024-01,4,50602.68
045633,VERSAILLES EXEMPTED VILLAGE,2024-01,2,40259.38
045641,WAUSEON EXEMPTED VILLAGE,2024-01,2,55977.89
045658,WELLINGTON EXEMPTED VILLAGE,2024-01,2,31885.12
045666,WINDHAM EXEMPTED VILLAGE,2024-01,2,15331.11
045674,YELLOW SPRINGS EXEMPTED,2024-01,2,19892.04
045757,ALLEN EAST LOCAL SCHOOL,2024-01,2,33224.12
045765,BATH LOCAL SCHOOL DISTRICT,2024-01,1,54998.12
045773,ELIDA BOARD OF EDUCATION,2024-01,1,71913.25
045781,PERRY LOCAL SCHOOL DISTRICT,2024-01,2,24749.4
045799,SHAWNEE LOCAL SCHOOL DISTRICT,2024-01,2,76965.66
045807,SPENCERVILLE LOCAL SCHOOL,2024-01,4,32932.21
045823,HILLSDALE SCHOOLS,2024-01,3,27875.85
045831,MAPLETON LOCAL SCHOOL DISTRICT,2024-01,3,26987.61
045856,BUCKEYE LOCAL SCHOOL DISTRICT,2024-01,1,56198.05
045864,GRAND VALLEY LOCAL SCHOOL,2024-01,3,27541.18
045872,JEFFERSON AREA LOCAL SCHOOL,2024-01,1,57983.13
045880,PYMATUNING VALLEY LOCAL,2024-01,2,35956.67
045906,ALEXANDER LOCAL SCHOOL,2024-01,3,47884.19
045914,FEDERAL HOCKING LOCAL SCHOOL,2024-01,4,28436.37
045922,TRIMBLE LOCAL SCHOOL DISTRICT,2024-01,4,24749.38
045948,MINSTER LOCAL SCHOOL DISTRICT,2024-01,3,28262.02
045955,NEW BREMEN LOCAL SCHOOL,2024-01,3,26511.28
045963,NEW KNOXVILLE LOCAL SCHOOL,2024-01,2,12467.64
045971,WAYNESFIELD-GOSHEN LOCAL,2024-01,4,14522.77
045997,ST CLAIRSVILLE RICHLAND CITY,2024-01,3,53692.15
046003,SHADYSIDE LOCAL BOARD OF EDU,2024-01,1,21933.05
046011,UNION LOCAL SCHOOL DISTRICT,2024-01,2,42084.99
046037,EASTERN LOCAL SCHOOL DISTRICT,2024-01,3,37631.82
046045,FAYETTEVILLE-PERRY LOCAL,2024-01,4,25988.42
046060,WESTERN BROWN LOCAL SCHOOL,2024-01,3,92722.08
046078,RIPLEY UNION LEWIS HUNTINGTON,2024-01,3,25341.99
046094,EDGEWOOD CITY SCHOOL DISTRICT,2024-01,2,111632.27
046102,FAIRFIELD CITY SCHOOL DISTRICT,2024-01,2,310243.73
046110,LAKOTA LOCAL SCHOOL DISTRICT,2024-01,3,565876.88
046128,MADISON LOCAL SCHOOL DISTRICT,2024-01,2,46238.51
046136,NEW MIAMI LOCAL SCHOOL,2024-01,1,18004.35
046144,ROSS LOCAL SCHOOL DISTRICT,2024-01,2,85241.51
046151,TALAWANDA CITY SCHOOL DISTRICT,2024-01,2,93053.71
046177,BROWN LOCAL SCHOOL DISTRICT,2024-01,2,20621.45
046193,GRAHAM LOCAL SCHOOL DISTRICT,2024-01,5,50790.6
046201,TRIAD LOCAL SCHOOLS,2024-01,3,26019.32
046219,WEST LIBERTY SALEM LOCAL,2024-01,2,37526.51
046235,GREENON LOCAL SCHOOLS,2024-01,2,53168.93
046243,TECUMSEH LOCAL SCHOOL DISTRICT,2024-01,4,89575.08
046250,NORTHEASTERN LOCAL SCHOOL,2024-01,3,95724.94
046268,NORTHWESTERN LOCAL SCHOOL,2024-01,3,52375.56
046276,SOUTHEASTERN LOCAL SCHOOL,2024-01,3,23269.48
046284,CLARK-SHAWNEE LOCAL SCHOOL,2024-01,1,57153.35
046300,BATAVIA LOCAL SCHOOL DISTRICT,2024-01,1,77362.8
046318,BETHEL-TATE LOCAL SCHOOLS,2024-01,2,46861.06
046326,CLERMONT NORTHEASTERN SCHOOL,2024-01,2,43155.16
046334,FELICITY-FRANKLIN LOCAL,2024-01,2,22999.9
046342,GOSHEN LOCAL SCHOOLS,2024-01,2,86750.49
046359,WEST CLERMONT LOCAL SCH DIST.,2024-01,2,233714.2
046367,WILLIAMSBURG LOCAL SCHOOL,2024-01,2,31754.61
046383,BLANCHESTER LOCAL SCHOOL,2024-01,5,38690.67
046391,CLINTON-MASSIE LOCAL SCHOOL,2024-01,3,56648.09
046409,EAST CLINTON LOCAL SCHOOL,2024-01,4,38920.29
046425,BEAVER LOCAL SCHOOL DISTRICT,2024-01,1,55898.19
046433,CRESTVIEW LOCAL SCHOOL,2024-01,2,36936.41
046441,SOUTHERN LOCAL SCHOOL DISTRICT,2024-01,2,24835.72
046458,UNITED LOCAL SCHOOL DISTRICT,2024-01,2,32562.04
046474,RIDGEWOOD LOCAL BOARD OF,2024-01,4,40508.86
046482,RIVER VIEW LOCAL SCHOOL,2024-01,4,51700.43
046508,BUCKEYE CENTRAL LOCAL SCHOOL,2024-01,4,20329.68
046516,COLONEL CRAWFORD LOCAL SCHOOLS,2024-01,3,29982.51
046524,WYNFORD LOCAL SCHOOL DISTRICT,2024-01,4,34797
046557,CUYAHOGA HEIGHTS LOCAL SCHOOL,2024-01,2,23978.31
046565,INDEPENDENCE LOCAL SCHOOLS,2024-01,1,32066.45
046573,OLMSTED FALLS BOARD OF,2024-01,2,107185.67
046581,ORANGE CITY SCHOOL DISTRICT,2024-01,2,62317.8
046599,RICHMOND HEIGHTS LOCAL SCHOOL,2024-01,2,25220.12
046607,SOLON BOARD OF EDUCATION,2024-01,1,144346.8
046623,ANSONIA LOCAL SCHOOL DISTRICT,2024-01,1,23147.19
046631,ARCANUM BUTLER LOCAL SCHOOL,2024-01,1,33683.14
046649,FRANKLIN MONROE LOCAL SCHOOL,2024-01,2,16028.73
046672,MISSISSINAWA VALLEY LOCAL,2024-01,1,18837.02
046680,TRI-VILLAGE LOCAL SCHOOL DIST,2024-01,2,24884.82
046706,AYERSVILLE LOCAL SCH DIST.,2024-01,4,23090.5
046714,CENTRAL LOCAL SCHOOL DISTRICT,2024-01,3,31272.42
046722,NORTHEASTERN LOCAL SCHOOL,2024-01,3,33214.23
046748,BIG WALNUT LOCAL SCHOOLS,2024-01,4,132688.56
046755,BUCKEYE VALLEY LOCAL SCHOOL,2024-01,4,72805.41
046763,OLENTANGY LOCAL SCHOOLS,2024-01,2,752181.34
046789,EDISON LOCAL SCHOOLS,2024-01,2,46159.65
046797,KELLEYS ISLAND SCHOOL,2024-01,1,256.91
046805,MARGARETTA LOCAL SCHOOL DIST,2024-01,2,33914.2
046813,PERKINS LOCAL SCHOOL DISTRICT,2024-01,1,59138.13
046821,VERMILION LOCAL SCH DIST.,2024-01,2,53054.27
046847,AMANDA-CLEARCREEK LOCAL SCHOOL,2024-01,3,49396.39
046854,BERNE UNION LOCAL SCHOOLS,2024-01,2,26553.76
046862,BLOOM CARROLL LOCAL SCHOOL,2024-01,2,75586.75
046870,FAIRFIELD UNION LOCAL SCHOOL,2024-01,3,63572.36
046888,LIBERTY UNION THURSTON LOCAL,2024-01,1,38958.84
046896,PICKERINGTON LOCAL SCHOOL DIST,2024-01,2,374484.15
046904,WALNUT TOWNSHIP LOCAL SCHOOL,2024-01,3,16143.59
046920,MIAMI TRACE LOCAL SCH DIST.,2024-01,7,81480.03
046946,CANAL WINCHESTER LOCAL SCHOOL,2024-01,2,122538.05
046953,HAMILTON LOCAL SCHOOLS,2024-01,2,97846.31
046961,GAHANNA-JEFFERSON CITY SCHOOL,2024-01,2,257961.28
046979,GROVEPORT MADISON LOCAL,2024-01,2,205137.42
046995,NEW ALBANY PLAIN LOCAL SCHOOL,2024-01,3,155114.47
047001,REYNOLDSBURG CITY SCHOOLS,2024-01,3,239294.44
047019,HILLIARD CITY SCHOOL DISTRICT,2024-01,1,510539.5
047027,DUBLIN CITY SCHOOLS,2024-01,3,529504.8
047043,ARCHBOLD AREA LOCAL SCHOOLS,2024-01,4,39017.75
047050,EVERGREEN LOCAL SCHOOL,2024-01,2,36480.59
047068,FAYETTE LOCAL SCHOOL DISTRICT,2024-01,2,10239.05
047076,PETTISVILLE LOCAL SCHOOL,2024-01,2,15627.64
047084,PIKE DELTA YORK LOCAL SCHOOLS,2024-01,3,37425.45
047092,SWANTON LOCAL SCHOOL DISTRICT,2024-01,3,38167.19
047167,BERKSHIRE BOARD OF EDUCATION,2024-01,2,43809.15
047175,CARDINAL LOCAL SCHOOL DISTRICT,2024-01,4,24199.34
047183,CHARDON BOARD OF EDUCATION,2024-01,2,79020.84
047191,KENSTON LOCAL SCHOOL DISTRICT,2024-01,3,80899.62
047225,WEST GEAUGA LOCAL SCHOOL,2024-01,3,66222.15
047241,BEAVERCREEK CITY SCHOOLS,2024-01,2,255334.46
047258,CEDARCLIFF LOCAL BOARD OF,2024-01,2,19063.29
047266,GREENEVIEW LOCAL SCHOOL,2024-01,3,44252.37
047274,SUGARCREEK LOCAL SCHOOL,2024-01,3,90313.37
047308,ROLLING HILLS LOCAL SCHOOL,2024-01,3,49137.9
047332,FINNEYTOWN LOCAL SCHOOL,2024-01,1,39956.13
047340,FOREST HILLS LOCAL SCHOOL,2024-01,1,219965.67
047365,NORTHWEST LOCAL SCHOOL,2024-01,2,269759.79
047373,OAK HILLS LOCAL SCHOOL DISTICT,2024-01,1,244034.87
047381,SOUTHWEST LOCAL SCHOOL DIST,2024-01,2,143940.11
047399,THREE RIVERS LOCAL SCHOOL DIST,2024-01,1,62051.4
047415,ARCADIA LOCAL SCHOOL DISTRICT,2024-01,3,18321.72
047423,ARLINGTON LOCAL SCHOOL,2024-01,2,19193.04
047431,CORY-RAWSON LOCAL SCHOOLS,2024-01,3,16208.23
047449,LIBERTY-BENTON LOCAL SCHOOL,2024-01,1,49011.9
047456,MCCOMB LOCAL SCHOOL DISTRICT,2024-01,3,19208.1
047464,VAN BUREN LOCAL SCHOOL,2024-01,2,33121.6
047472,VANLUE LOCAL SCHOOL DISTRICT,2024-01,3,4719.86
047498,HARDIN NORTHERN LOCAL SCHOOL,2024-01,2,12746.97
047506,RIDGEMONT LOCAL SCHOOL,2024-01,4,15401.03
047514,RIVERDALE LOCAL SCHOOL,2024-01,3,30928.39
047522,UPPER SCIOTO VALLEY LOCAL,2024-01,4,15082.46
047548,CONOTTON VALLEY LOCAL SCHOOL,2024-01,3,16435.41
047571,HOLGATE LOCAL SCHOOL DISTRICT,2024-01,3,13228.2
047589,LIBERTY CENTER LOCAL SCHOOL,2024-01,3,33577.07
047597,PATRICK HENRY LOCAL SCHOOL,2024-01,3,27476.51
047613,BRIGHT LOCAL SCHOOL DISTRICT,2024-01,3,22026.4
047621,FAIRFIELD LOCAL SCHOOL,2024-01,3,28990.11
047639,LYNCHBURG-CLAY LOCAL SCHOOL,2024-01,3,34353.96
047688,EAST HOLMES LOCAL SCHOOL,2024-01,5,49038
047696,WEST HOLMES LOCAL SCHOOL,2024-01,5,59740.52
047712,MONROEVILLE LOCAL SCHOOL,2024-01,2,18278.14
047720,NEW LONDON LOCAL SCHOOL,2024-01,3,27340.19
047738,SOUTH CENTRAL LOCAL SCHOOL,2024-01,3,23758.37
047746,WESTERN RESERVE BD OF EDUC,2024-01,3,32063.12
047761,OAK HILL UNION LOCAL SCHOOL,2024-01,5,37658.31
047787,BUCKEYE LOCAL SCHOOL DISTRICT,2024-01,3,43078.8
047795,EDISON LOCAL SCHOOLS,2024-01,3,43902.64
047803,INDIAN CREEK SCHOOL DISTRICT,2024-01,2,60326.28
047829,CENTERBURG LOCAL SCHOOL,2024-01,4,34657.68
047837,DANVILLE LOCAL SCHOOL DISTRICT,2024-01,4,19215.48
047845,EAST KNOX LOCAL SCHOOL,2024-01,3,31501.04
047852,FREDERICKTOWN LOCAL SCHOOL,2024-01,3,40312.8
047878,KIRTLAND LOCAL BOARD OF,2024-01,2,34758.88
047886,MADISON LOCAL SCHOOL DISTRICT,2024-01,3,82453.94
047894,RIVERSIDE LOCAL SCH DIST.,2024-01,2,131038.65
047902,PERRY LOCAL SCHOOL DISTRICT,2024-01,1,45495.65
047928,DAWSON BRYANT LOCAL SCHOOL,2024-01,1,37706.45
047936,FAIRLAND LOCAL SCHOOL DISTRICT,2024-01,2,45294.48
047944,ROCK HILL LOCAL SCHOOL,2024-01,2,41660.2
047951,SOUTH POINT LOCAL SCHOOLS,2024-01,1,46822.29
047969,SYMMES VALLEY LOCAL SCHOOLS,2024-01,2,24642.85
047985,JOHNSTOWN MONROE LOCAL SCHOOL,2024-01,3,54240.78
047993,LAKEWOOD LOCAL SCHOOL DISTRICT,2024-01,3,53605.96
048009,LICKING HEIGHTS LOCAL SCHOOLS,2024-01,2,163839.37
048017,LICKING VALLEY LOCAL SCHOOL,2024-01,2,68680.81
048025,NORTH FORK LOCAL SCHOOL,2024-01,2,49282.23
048033,NORTHRIDGE LOCAL SCHOOL,2024-01,3,37226.52
048041,SOUTHWEST LICKING LOCAL SCHOOL,2024-01,2,156737.15
048074,BENJAMIN LOGAN LOCAL SCHOOL,2024-01,4,54048.47
048082,INDIAN LAKE LOCAL SCHOOL,2024-01,4,45531.17
048090,RIVERSIDE LOCAL SCHOOL,2024-01,3,18438.69
048116,AVON LOCAL SCHOOL DISTRICT,2024-01,2,139011.01
048124,AVON LAKE CITY SCHOOLS,2024-01,2,110571.91
048132,CLEARVIEW BOARD OF EDUCATION,2024-01,1,44776.53
048140,COLUMBIA LOCAL SCHOOL DISTRICT,2024-01,3,31990.66
048157,FIRELANDS LOCAL SCHOOL,2024-01,3,57742.28
048165,KEYSTONE LOCAL SCHOOLS,2024-01,2,49681.09
048173,MIDVIEW LOCAL SCHOOL DISTRICT,2024-01,2,83390.95
048207,ANTHONY WAYNE LOCAL SCHOOLS,2024-01,3,137186.25
048215,OTTAWA HILLS LOCAL SCHOOL,2024-01,1,33187.44
048223,SPRINGFIELD LOCAL SCH DIST.,2024-01,1,108305.94
048231,WASHINGTON LOCAL SCHOOL,2024-01,1,217026.73
048256,JEFFERSON LOCAL SCHOOL,2024-01,2,32327.46
048264,JONATHAN ALDER LOCAL SCHOOL,2024-01,3,72693.45
048272,MADISON PLAINS LOCAL SCHOOL,2024-01,6,37429.21
048298,AUSTINTOWN LOCAL SCHOOL,2024-01,2,136126.89
048306,BOARDMAN LOCAL SCHOOL DISTRICT,2024-01,1,122162.87
048314,CANFIELD LOCAL SCHOOL DISTRICT,2024-01,1,79971.61
048322,JACKSON-MILTON LOCAL SCHOOL,2024-01,3,26426.75
048330,LOWELLVILLE LOCAL SCHOOLS,2024-01,1,14766.94
048348,POLAND LOCAL SCHOOL DISTRICT,2024-01,1,56446.79
048355,SEBRING LOCAL SCHOOL DISTICT,2024-01,1,11890.26
048363,SOUTH RANGE LOCAL SCHOOL,2024-01,2,39951.59
048371,SPRINGFIELD LOCAL BOARD OF EDU,2024-01,2,30077.18
048389,WEST BRANCH LOCAL SCHOOL,2024-01,4,56857.37
048397,WESTERN RESERVE LOCAL SCHOOLS,2024-01,2,18506.49
048413,ELGIN LOCAL SCHOOL DISTRICT,2024-01,4,33087.3
048421,PLEASANT LOCAL SCHOOL DISTRICT,2024-01,1,41096.38
048439,RIDGEDALE LOCAL SCHOOLS,2024-01,3,20364.48
048447,RIVER VALLEY LOCAL SCHOOL DIST,2024-01,2,62027.55
048462,BLACK RIVER LOCAL SCHOOL,2024-01,4,31746.48
048470,BUCKEYE LOCAL SCHOOL DISTRICT,2024-01,3,70628.39
048488,CLOVERLEAF LOCAL SCHOOL,2024-01,2,74808.39
048496,HIGHLAND LOCAL SCHOOL DISTRICT,2024-01,2,109053.72
048512,EASTERN LOCAL SCHOOL DISTRICT,2024-01,1,21252.44
048520,MEIGS LOCAL SCHOOL DISTRICT,2024-01,3,50420.2
048538,SOUTHERN LOCAL SCHOOL DISTRICT,2024-01,1,21252.43
048553,MARION LOCAL BOARD OF,2024-01,3,30090.53
048579,PARKWAY SCHOOL BOARD OF EDUC,2024-01,3,31589.38
048587,ST HENRY CONSOLIDATED LOCAL,2024-01,2,30978.53
048595,FORT RECOVERY LOCAL SCHOOL,2024-01,2,30117.5
048611,BETHEL LOCAL SCHOOL DISTRICT,2024-01,3,65227.6
048629,MIAMI EAST LOCAL SCHOOLS,2024-01,4,43476.39
048637,NEWTON LOCAL SCHOOL DISTRICT,2024-01,2,20601.93
048652,SWITZERLAND OF OHIO LOCAL,2024-01,4,62362.69
048678,BROOKVILLE LOCAL SCHOOL,2024-01,2,50999.39
048686,JEFFERSON TOWNSHIP LOCAL,2024-01,1,8365.41
048694,TROTWOOD MADISON CITY SCHOOLS,2024-01,1,77906.84
048702,MAD RIVER LOCAL SCHOOL,2024-01,2,116699.56
048710,NEW LEBANON LOCAL SCHOOLS,2024-01,2,34454.92
048728,NORTHMONT CITY SCHOOLS,2024-01,3,151631.98
048736,NORTHRIDGE LOCAL SCHOOL,2024-01,1,52459.4
048744,VALLEY VIEW LOCAL SCHOOL,2024-01,3,55239.27
048751,HUBER HEIGHTS CITY SCHOOLS,2024-01,3,188221.15
048777,MORGAN LOCAL SCHOOL DISTRICT,2024-01,4,50670.59
048793,CARDINGTON LINCOLN LOCAL,2024-01,2,31087.49
048801,HIGHLAND LOCAL SCHOOL DISTRICT,2024-01,3,53459.25
048819,NORTHMOR LOCAL SCHOOLS,2024-01,5,34124.26
048835,EAST MUSKINGUM SCHOOL DISTRICT,2024-01,2,69362.42
048843,FRANKLIN LOCAL SCHOOL DISTRICT,2024-01,3,61159.68
048850,MAYSVILLE LOCAL SCHOOL DIST,2024-01,2,58308.39
048876,TRI-VALLEY LOCAL SCHOOLS,2024-01,3,92864.39
048884,WEST MUSKINGUM LOCAL SCHOOL,2024-01,3,53338.31
048900,NOBLE LOCAL SCHOOL DISTRICT,2024-01,5,31705.5
048926,BENTON CARROLL SALEM LOCAL,2024-01,3,43576.98
048934,DANBURY LOCAL SCHOOLS,2024-01,1,14904.88
048942,GENOA AREA LOCAL SCHOOL,2024-01,4,42546.19
048975,PUT-IN-BAY LOCAL SCHOOL,2024-01,1,2106.47
048991,ANTWERP LOCAL SCHOOL DISTRICT,2024-01,2,20426.69
049031,WAYNE TRACE LOCAL SCHOOL,2024-01,3,30130.75
049056,NORTHERN LOCAL SCHOOL DISTRICT,2024-01,4,72769.45
049064,SOUTHERN LOCAL SCHOOL DISTRICT,2024-01,4,20021.03
049080,LOGAN ELM LOCAL SCHOOL DIST,2024-01,5,57039.99
049098,TEAYS VALLEY BOARD OF EDU,2024-01,3,144855.68
049106,WESTFALL LOCAL SCHOOL DISTRICT,2024-01,3,43071.04
049122,EASTERN LOCAL SCHOOL DISTRICT,2024-01,3,26064.67
049130,SCIOTO VALLEY LOCAL SCHOOL,2024-01,3,42740.59
049148,WAVERLY CITY SCHOOLS,2024-01,3,57508.95
049155,WESTERN LOCAL SCHOOL DISTRICT,2024-01,4,22605.59
049171,AURORA BOARD OF EDUCATION,2024-01,4,94630.49
049189,CRESTWOOD LOCAL SCHOOLS,2024-01,2,43380.49
049197,FIELD LOCAL SCHOOL DISTRICT,2024-01,3,64387.42
049205,JAMES A GARFIELD LOCAL SCHOOLS,2024-01,3,38267.4
049213,ROOTSTOWN LOCAL SCHOOL,2024-01,1,32104.6
049221,SOUTHEAST LOCAL SCHOOLS,2024-01,3,47229.59
049239,STREETSBORO CITY SCHOOLS,2024-01,2,63377.65
049247,WATERLOO LOCAL BOARD OF EDU,2024-01,2,26225.59
049270,NATIONAL TRAIL LOCAL SD,2024-01,2,30435.98
049288,PREBLE SHAWNEE LOCAL SCHOOLS,2024-01,3,43008.7
049296,TWIN VALLEY COMMUNITY LOCAL,2024-01,2,24608.98
049312,COLUMBUS GROVE LOCAL SCHOOL,2024-01,2,24903.06
049320,CONTINENTAL LOCAL SCHOOL,2024-01,3,16324.31
049338,JENNINGS LOCAL SCHOOL DISTRICT,2024-01,3,12067.14
049346,KALIDA LOCAL SCHOOL DISTRICT,2024-01,1,20040.73
049353,LEIPSIC LOCAL SCHOOL DISTRICT,2024-01,2,20105.17
049361,MILLER CITY-NEW CLEVELAND,2024-01,1,16839.34
049379,OTTAWA GLANDORF LOCAL SCHOOL,2024-01,1,46676.35
049387,OTTOVILLE LOCAL SCHOOL,2024-01,3,16226.77
049395,PANDORA-GILBOA LOCAL BOARD OF,2024-01,3,16519.92
049411,CLEARFORK VALLEY LOCAL SCHOOL,2024-01,3,50172.04
049429,CRESTVIEW LOCAL SCHOOL,2024-01,3,29708.46
049437,LEXINGTON LOCAL SCH DIST.,2024-01,2,75203.53
049445,LUCAS LOCAL SCHOOL DISTRICT,2024-01,2,15097.8
049452,MADISON LOCAL SCHOOLS,2024-01,2,82341.3
049460,PLYMOUTH-SHILOH LOCAL SCHOOLS,2024-01,3,22116.9
049478,ONTARIO LOCAL SCHOOLS,2024-01,2,63005.43
049494,ADENA LOCAL SCHOOL DISTRICT,2024-01,3,37036.99
049502,HUNTINGTON LOCAL SCH DIST.,2024-01,2,35447.27
049510,PAINT VALLEY LOCAL SCHOOL,2024-01,3,25155.66
049528,SOUTHEASTERN LOCAL SCHOOL,2024-01,4,31578.17
049536,UNION-SCIOTO LOCAL SCHOOL,2024-01,2,68034.82
049544,ZANE TRACE LOCAL SCHOOL,2024-01,3,42246.77
049569,LAKOTA LOCAL SCHOOLS,2024-01,3,30214.31
049577,WOODMORE LOCAL SCHOOL DISTRICT,2024-01,3,30324.67
049593,BLOOM-VERNON LOCAL SCHOOL,2024-01,3,26525.49
049601,CLAY LOCAL SCHOOL DISTRICT,2024-01,1,19270.55
049619,GREEN LOCAL SCHOOL DISTRICT,2024-01,2,16679.77
049627,MINFORD LOCAL SCHOOL DISTRICT,2024-01,2,38573.43
049635,NORTHWEST LOCAL SCHOOL DIST,2024-01,3,39986.91
049643,VALLEY LOCAL SCHOOL DISTRICT,2024-01,2,33372.6
049650,WASHINGTON NILES LOCAL SCHOOL,2024-01,2,39774.05
049668,WHEELERSBURG LOCAL SCHOOL,2024-01,1,49215
049684,SENECA EAST LOCAL SCHOOL,2024-01,3,26172.09
049700,HOPEWELL-LOUDON LOCAL SCHOOL,2024-01,2,24152.95
049718,NEW RIEGEL LOCAL SCHOOL,2024-01,1,11835.72
049726,OLD FORT LOCAL SCHOOL DISTRICT,2024-01,2,21419.95
049759,ANNA LOCAL BOARD OF EDUCAION,2024-01,1,37052.55
049767,BOTKINS LOCAL SCHOOL DISTRICT,2024-01,2,20637.78
049775,FAIRLAWN LOCAL SCHOOL DISTRICT,2024-01,4,18451.15
049783,FORT LORAMIE LOCAL SCHOOL,2024-01,2,24277.26
049791,HARDIN-HOUSTON LOCAL SCHOOL,2024-01,2,24153.58
049809,JACKSON CENTER LOCAL SCHOOL,2024-01,3,17116.32
049817,RUSSIA LOCAL SCHOOL DISTRICT,2024-01,2,13381.85
049833,CANTON LOCAL SCHOOL DISTRICT,2024-01,1,54139.58
049841,FAIRLESS LOCAL BOARD OF,2024-01,3,43904.83
049858,JACKSON LOCAL SCHOOL DISTRICT,2024-01,1,187097.21
049866,LAKE LOCAL SCHOOL DISTRICT,2024-01,3,104485.66
049874,LOUISVILLE CITY SCHOOLS,2024-01,1,91412.35
049882,MARLINGTON LOCAL SCHOOL,2024-01,4,59658.53
049890,MINERVA LOCAL SCHOOLS,2024-01,3,57205.28
049908,NORTHWEST LOCAL SCHOOL,2024-01,3,56878.84
049916,OSNABURG LOCAL SCHOOLS,2024-01,2,26814.91
049924,PERRY LOCAL SCHOOL DISTRICT,2024-01,1,130693.85
049932,PLAIN LOCAL SCHOOL DISTRICT,2024-01,1,186587.06
049940,SANDY VALLEY LOCAL SCHOOL,2024-01,3,38684.99
049957,TUSLAW LOCAL SCHOOLS,2024-01,2,42087.75
049973,WOODRIDGE LOCAL SCHOOL,2024-01,2,60868.69
049981,COPLEY-FAIRLAWN CITY SCHOOLS,2024-01,2,86411.46
049999,COVENTRY LOCAL SCHOOL DISTRICT,2024-01,1,46273.05
050005,MANCHESTER LOCAL SCHOOL,2024-01,2,40505.14
050013,GREEN LOCAL SCHOOLS,2024-01,2,123714.27
050021,HUDSON CITY SCHOOL DISTRICT,2024-01,1,140794.98
050039,MOGADORE LOCAL SCHOOL DISTRICT,2024-01,2,24075.99
050047,NORDONIA HILLS CITY SCHOOLS,2024-01,2,110424.01
050054,REVERE LOCAL SCHOOL DISTRICT,2024-01,3,91335.14
050062,SPRINGFIELD LOCAL SCH DIST.,2024-01,3,56471.53
050070,TWINSBURG BOARD OF EDUCATION,2024-01,1,121259.6
050096,BLOOMFIELD-MESPO LOCAL SCHOOL,2024-01,3,6505.85
050112,BRISTOL LOCAL SCHOOL DISTRICT,2024-01,1,16329.3
050120,BROOKFIELD LOCAL SCHOOL,2024-01,1,32212.1
050138,CHAMPION LOCAL SCHOOL DISTRICT,2024-01,1,41524.91
050153,MATHEWS LOCAL SCHOOL DISTRICT,2024-01,1,19917.28
050161,HOWLAND LOCAL SCHOOL DISTRICT,2024-01,1,77915.02
050179,JOSEPH BADGER LOCAL SCHOOL DIS,2024-01,2,19709.92
050187,LAKEVIEW LOCAL BOARD,2024-01,1,50614.46
050195,LIBERTY LOCAL BOARD OF EDU,2024-01,2,37261.77
050203,LORDSTOWN LOCAL SCHOOL,2024-01,2,13873.95
050211,MAPLEWOOD LOCAL BOARD OF EDU,2024-01,2,21304.57
050229,MCDONALD BOARD OF EDUCATION,2024-01,1,21017.6
050237,SOUTHINGTON LOCAL SCHOOL,2024-01,2,13491.23
050245,LABRAE LOCAL SCHOOL DISTRICT,2024-01,2,34189.73
050252,WEATHERSFIELD LOCAL SCHOOL,2024-01,2,29740.73
050278,GARAWAY LOCAL SCHOOLS,2024-01,4,35471.83
050286,INDIAN VALLEY LOCAL SCHOOLS,2024-01,2,55524.92
050294,STRASBURG-FRANKLIN LOCAL,2024-01,2,17827.65
050302,TUSCARAWAS VALLEY LOCAL SCHOOL,2024-01,3,42001.91
050328,FAIRBANKS LOCAL SCHOOLS,2024-01,4,34249.19
050336,NORTH UNION LOCAL SCHOOL,2024-01,5,45506.9
050351,CRESTVIEW LOCAL SCHOOL,2024-01,2,27784.75
050369,LINCOLNVIEW LOCAL SCH DIST.,2024-01,4,27529.51
050393,VINTON COUNTY LOCAL SCHOOLS,2024-01,7,53571.95
050419,CARLISLE LOCAL SCHOOLS,2024-01,3,51063
050427,SPRINGBORO COMMUNITY SCHOOLS,2024-01,2,195308.96
050435,KINGS LOCAL SCHOOL DISTRICT,2024-01,3,154901.81
050443,LITTLE MIAMI LOCAL SCHOOL,2024-01,2,177819.81
050450,MASON CITY SCHOOL DISTRICT,2024-01,3,326337.3
050468,WAYNE LOCAL SCHOOL DISTRICT,2024-01,4,52306.96
050484,FORT FRYE LOCAL SCHOOL,2024-01,3,31843.6
050492,FRONTIER LOCAL SCHOOL DISTRICT,2024-01,2,18647.74
050500,WARREN LOCAL SCHOOLS,2024-01,3,68182.05
050518,WOLF CREEK LOCAL SCHOOL BD,2024-01,2,19963.81
050534,CHIPPEWA LOCAL SCHOOLS,2024-01,4,38792.06
050542,DALTON LOCAL SCHOOL DISTRICT,2024-01,2,29345.31
050559,GREEN LOCAL SCHOOL DISTRICT,2024-01,1,34807.46
050567,NORWAYNE LSD,2024-01,2,42277.07
050575,NORTHWESTERN LOCAL SCH DIST.,2024-01,3,40714.64
050583,SOUTHEAST LOCAL SCH DIST.,2024-01,3,39139.44
050591,TRIWAY LOCAL SCHOOL DISTRICT,2024-01,3,47613.69
050617,EDGERTON LOCAL SCHOOL DISTRICT,2024-01,2,17208.66
050625,EDON NORTHWEST LOCAL SCHOOL,2024-01,1,15965.43
050633,MILLCREEK WEST UNITY LOCAL,2024-01,2,17072.06
050641,NORTH CENTRAL LOCAL SCHOOL,2024-01,1,17568.39
050658,STRYKER LOCAL SCHOOL DISTRICT,2024-01,4,11636.91
050674,EASTWOOD BOARD OF EDUCATION,2024-01,3,47621.75
050682,ELMWOOD LOCAL SCHOOL DISTRICT,2024-01,2,37057.95
050690,LAKE LOCAL SCHOOL DISTRICT,2024-01,2,47968.84
050708,NORTH BALTIMORE BOARD OF,2024-01,2,20620.44
050716,NORTHWOOD LOCAL SCHOOLS,2024-01,3,29361.51
050724,OTSEGO LOCAL SCHOOL DISTRICT,2024-01,3,51295.74
050740,MOHAWK BOARD OF EDUCATION,2024-01,3,25227.53
050773,APOLLO JOINT VOCATIONAL,2024-01,7,60030.59
050799,SOUTHERN HILLS JOINT,2024-01,5,41318.46
050815,ASHTABULA COUNTY TECHNICAL &,2024-01,3,49759.06
050856,BELMONT-HARRISON VOCATIONAL,2024-01,8,33096.54
050880,BUTLER TECHNOLOGY & CAREER,2024-01,4,428567.67
050906,COLUMBIANA COUNTY JOINT,2024-01,4,13695.58
050922,CUYAHOGA VALLEY CAREER CENTER,2024-01,2,28763.85
050948,POLARIS JOINT VOCATIONAL,2024-01,1,91072.54
050963,FOUR COUNTY JOINT VOCATIONAL,2024-01,9,45091.18
050989,DELAWARE AREA CAREER CENTER,2024-01,6,68020.38
051003,EASTLAND-FAIRFIELD CAREER &,2024-01,5,80278.7
051029,EHOVE JOINT VOCATIONAL SCHOOL,2024-01,7,28517.6
051045,GREENE COUNTY JOINT VOCATIONAL,2024-01,6,105112.11
051060,GREAT OAKS INSTITUTE OF TECH,2024-01,12,377021.86
051128,JEFFERSON COUNTY JOINT,2024-01,4,11924.85
051144,KNOX COUNTY CAREER CENTER,2024-01,3,20937.58
051169,AUBURN VOCATIONAL SCHOOL DIST,2024-01,5,28252.28
051185,LAWRENCE COUNTY JOINT,2024-01,3,49151.23
051201,LICKING CNTY JOINT VOCATIONAL,2024-01,7,79989.65
051227,LORAIN COUNTY JOINT,2024-01,5,60325.01
051243,MAHONING COUNTY CAREER &,2024-01,5,25886.88
051284,MIAMI VALLEY CAREER TECHNOLOGY,2024-01,10,147761.83
051300,MIDEAST CAREER & TECHNOLOGY,2024-01,11,45359.58
051334,OHIO HI POINT JOINT VOCATIONAL,2024-01,12,113032.99
051359,PENTA COUNTY VOCATIONAL SCHOOL,2024-01,7,149376.34
051375,PIKE COUNTY JOINT VOCATIONAL,2024-01,6,15422.9
051391,MAPLEWOOD CAREER CENTER,2024-01,6,21591.18
051417,PIONEER CAREER & TECHNOLOGY,2024-01,9,78694.97
051433,PICKAWAY-ROSS COUNTY JOINT,2024-01,10,95046.3
051458,VANGUARD SENTINEL CAREER CNTRS,2024-01,10,72930.94
051474,WARREN COUNTY VOCATIONAL,2024-01,7,120980.38
051490,SCIOTO COUNTY CAREER TECH CNTR,2024-01,5,51554.17
051532,SPRINGFIELD-CLARK CAREER,2024-01,6,36021.1
051607,TRI-COUNTY JOINT VOCATIONAL,2024-01,9,19822.58
051631,TRUMBULL COUNTY JOINT,2024-01,4,33202.45
051656,BUCKEYE JOINT VOCATIONAL,2024-01,9,43943.31
051672,VANTAGE CAREER CENTER,2024-01,5,20796.95
051698,WASHINGTON COUNTY JOINT,2024-01,3,16800.83
051714,WAYNE CNTY JOINT VOCATIONAL SC,2024-01,6,27973.12
061903,ADAMS CNTY-OH VALLEY SCHL DIST,2024-01,5,108234.21
062026,STARK COUNTY AREA JOINT,2024-01,6,31634.53
062042,ASHLAND CO WEST HOLMES JOINT,2024-01,7,28163.15
062067,GALLIA JACKSON VINTON JOINT,2024-01,8,56251.4
062109,MEDINA COUNTY CAREER CENTER,2024-01,5,87914.83
062125,UPPER VALLEY JOINT VOCATIONAL,2024-01,6,115030.92
062802,US GRANT JOINT VOCATIONAL,2024-01,2,23862.54
063495,PORTAGE LAKES JOINT VOCATIONAL,2024-01,3,17719.22
063511,TOLLES CAREER & TECH CENTER,2024-01,7,77221.01
064964,COLLEGE CORNER LOCAL SCHOOL,2024-01,2,4040.11
065227,COSHOCTON COUNTY JOINT,2024-01,7,10520.12
065268,TRI-RIVERS JOINT VOCATIONAL,2024-01,7,21205.03
065680,GALLIA COUNTY LOCAL SCHOOL,2024-01,5,67711.9
069682,EAST GUERNSEY LOCAL SCHOOL,2024-01,4,32170.52
091397,TRI-COUNTY NORTH LOCAL SCHOOL,2024-01,3,25082.17
132746,SUMMIT ACADEMY COMMUNITY SCH,2024-01,7,3156.35
132761,SUMMIT ACAD COMMU SCHL FOR,2024-01,5,4432.84
132779,SUMMIT ACADEMY AKRON MIDDLE,2024-01,1,2422.01
132795,LIFE SKILLS CENTER OF CLARK,2024-01,4,11603.31
132803,LIFE SKILLS CENTER OF BUTLER,2024-01,10,17879.33
132944,MIAMI VALLEY ACADEMIES,2024-01,2,3671.79
132951,CONSTELLATN SCHLS LORAIN COMMU,2024-01,3,3853.71
132969,CONSTELLATN SCHLS ELYRIA COMMU,2024-01,1,12770.55
132985,YOUTH BUILD COLUMBUS,2024-01,2,7039.13
132993,CONSTELLATN SCHLS W.PARK COMM,2024-01,2,7355.86
133215,INTERGENERATIONAL SCHOOL,2024-01,1,6623.46
133256,CONSTELLTN SCHLS PARMA COMMU,2024-01,5,40027.91
133264,DOHN COMMUNITY HIGH SCHOOL,2024-01,2,53105.5
133280,WASHINGTON PARK COMMUNITY,2024-01,1,4808.38
133306,SUMMIT ACAD COMMU SCHL FOR,2024-01,1,4049.31
133322,SUMMIT ACAD COMMU SCHL  FOR,2024-01,4,2453.14
133330,TCP WORLD ACADEMY,2024-01,2,11143.18
133348,RICHARD ALLEN PREPARATORY,2024-01,2,14080.64
133421,GRAHAM SCHOOL,2024-01,1,4554.69
133439,CORNERSTONE ACADEMY,2024-01,9,33635.55
133454,DAYTON VIEW ACADEMY,2024-01,1,15325.94
133488,EDUCATIONAL DEVELOPMENT CENTER,2024-01,2,5772.87
133504,PHOENIX COMMUNITY LEARNING,2024-01,1,4107.04
133512,LKH VICTORY CORP,2024-01,3,30914.43
133538,EDGE LEARNING INC,2024-01,2,7712.22
133561,MILLENNIUM COMMUNITY SCHOOL,2024-01,3,15352.29
133587,SUMMIT ACAD AKRON ELEMENT SCH,2024-01,3,3665.04
133629,HORIZON SCIENCE ADADEMY -,2024-01,1,9744.12
133660,HORIZON EDUCATIONAL SERVICES,2024-01,1,19811.31
133678,RIVERSIDE COMMUNITY SCHOOL INC,2024-01,1,5921.79
133736,RICHARD ALLEN ACADEMY INC,2024-01,2,3568.98
133785,LIFE SKILLS CENTER OF,2024-01,1,2260.47
133835,LIFE SKILLS CENTER OF,2024-01,4,10858.76
133868,LIFE SKILLS CENTER OF AKRON,2024-01,3,18548.23
133942,TOLEDO SCHOOL FOR THE ARTS,2024-01,4,23774.22
134072,YOUNGSTOWN COMMUNITY SCHL INC,2024-01,2,11794.3
134098,CONSTELLATN SCHLS OLD BROOKLYN,2024-01,2,10444.84
134122,MULTIPLE OPTNS FOR DEVELOPMENT,2024-01,6,3063.68
134197,HOPE ACADEMY CHAPELSIDE CAMPUS,2024-01,1,4553.63
134213,HOPE ACADEMY UNIVERSITY,2024-01,1,6660.51
134247,CITY DAY COMMUNITY SCHOOL INC,2024-01,1,5779.16
139303,MONROE LOCAL SCHOOL DISTRICT,2024-01,2,92540.86
142901,LIFE SKILLS CENTER OF CANTON,2024-01,1,3858
142919,LIFE SKILLS CENTER OF ELYRIA,2024-01,4,6051.11
142927,FOCUS LEARNING ACADEMY OF,2024-01,8,13027.48
142935,FOCUS LEARNING ACADEMY OF,2024-01,2,7421.39
142943,FOCUS LEARNING ACADEMY OF,2024-01,1,21563.12
142950,OHIO VIRTUAL ACADEMY INC,2024-01,88,455376.7
142968,HOPE ACAD NORTHCOAST ACAD,2024-01,2,9617.16
143172,INTERNATIONAL ACADEMY OF,2024-01,3,9778.31
143198,GREAT WESTERN ACADEMY,2024-01,1,21403.86
143206,TROTWOOD FITNESS &,2024-01,1,11494.45
143214,MIDDLETOWN FITNESS &,2024-01,3,9910.56
143297,AUTISM ACADEMY OF LEARNING,2024-01,3,1659.39
143305,TRECA DIGITAL ACADEMY,2024-01,86,69882.54
143313,HOPE ACADEMY CUYAHOGA CAMPUS,2024-01,1,4044.13
143396,OHIO DISTANCE EDUCATION &,2024-01,88,208772.77
143479,CONSTELLATION SCHOOLS PURITAS,2024-01,1,4935.75
143487,CONSTELLATION SCHLS STOCKYARD,2024-01,1,3725.69
143529,NORTH DAYTON SCHOOL OF SCIENCE,2024-01,1,18806.2
143602,HAMILTON COUNTY MATHEMATICS &,2024-01,3,19389.92
143610,ARTS & COLLEGE PREPARATORY,2024-01,10,14685.01
143644,SCIOTOVILLE COMMUNITY SCHOOL,2024-01,1,12463.54
147231,SCHNEE LEARNING CENTER,2024-01,2,2294.76
148981,TOMORROW CENTER,2024-01,5,2784.01
148999,MAHONING UNLIMITED CLASSROOM,2024-01,7,4824.04
149047,GOAL DIGITAL ACADEMY,2024-01,21,24678.62
149088,FAIRBORN DIGITAL ACADEMY,2024-01,3,7716.25
149302,LIFE SKILLS CENTER OF TOLEDO,2024-01,2,10179.62
149328,FOXFIRE HIGH SCHOOL,2024-01,5,8301.11
151175,WEST CENTRAL LEARNING ACADEMY,2024-01,2,2334.27
151183,LIFE SKILLS CNTR OF LAKE ERIE,2024-01,1,4458.1
151209,LIFE SKILLS CENTER OF,2024-01,2,4553.63
