school_year,leaid,irn,name,agency_type,status
2008,3900001,071530,OHIO SCHOOL FOR THE DEAF,5,1
2008,3900002,071548,OHIO STATE SCHOOL FOR THE BLIN,5,1
2008,3900008,125252,MUSKINGUM VALLEY ESC,4,1
2008,3900009,125658,SOUTH CENTRAL OHIO ESC,4,1
2008,3900011,125674,PERRY-HOCKING ESC,4,1
2008,3900012,125682,GALLIA-VINTON ESC,4,1
2008,3900013,125690,NORTH POINT EDUCATIONAL SERVICE CENTER,4,1
2008,3900014,123281,OHIO VALLEY ESC,4,1
2008,3900015,124297,NORTHWEST OHIO ESC,4,1
2008,3900017,134072,YOUNGSTOWN COMMUNITY SCHOOL,7,1
2008,3900018,134080,EAGLE HEIGHTS ACADEMY,7,1
2008,3900019,134098,CONSTELLATION SCHOOLS:  OLD BROOKLYN COMMUNITY ELEMENTARY,7,1
2008,3900020,134106,HARMONY COMMUNITY SCHOOL,7,1
2008,3900022,134122,M.O.D.E.L. COMMUNITY SCHOOL,7,1
2008,3900023,134148,AURORA ACADEMY,7,1
2008,3900024,134171,MEADOWS CHOICE COMMUNITY,7,1
2008,3900025,134197,HOPE ACADEMY CHAPELSIDE CAMPUS,7,1
2008,3900026,134205,HOPE ACADEMY CATHEDRAL CAMPUS,7,1
2008,3900027,134213,HOPE ACADEMY UNIVERSITY,7,1
2008,3900028,134221,HOPE ACADEMY BROWN ST CAMPUS,7,1
2008,3900029,134247,CITY DAY COMMUNITY SCHOOL,7,1
2008,3900031,133512,CINCINNATI COLLEGE PREPARATORY ACADEMY,7,1
2008,3900032,133520,CITIZENS ACADEMY,7,1
2008,3900033,133538,EDGE ACADEMY  THE,7,1
2008,3900035,133553,IDA B WELLS COMMUNITY ACADEMY,7,2
2008,3900036,133561,MILLENNIUM COMMUNITY,7,1
2008,3900038,133587,SUMMIT ACADEMY COMMUNITY SCHOOL FOR ALT LEARNERS OF AKRON,7,1
2008,3900040,133629,HORIZON SCIENCE ACAD CLEVELAND,7,1
2008,3900042,133660,HORIZON SCIENCE ACADEMY COLUMBUS,7,1
2008,3900043,133678,RIVERSIDE ACADEMY,7,1
2008,3900047,133736,RICHARD ALLEN ACADEMY,7,1
2008,3900048,133744,THE ISUS INSTITUTE OF CONSTRUCTION TECHNOLOGY,7,1
2008,3900050,133801,LIFE SKILLS CTR OF YOUNGSTOWN,7,1
2008,3900051,133819,HOPE ACADEMY LINCOLN PARK,7,1
2008,3900052,133835,LIFE SKILLS CTR OF CLEVELAND,7,1
2008,3900053,133868,LIFE SKILLS CENTER OF AKRON,7,1
2008,3900056,133942,TOLEDO SCHOOL FOR THE ARTS,7,1
2008,3900057,133959,DAYTON ACADEMY  THE,7,1
2008,3900058,133967,GEORGE WASHINGTON CARVER PREPARATORY ACADEMY,7,1
2008,3900059,133975,TOLEDO ACADEMY OF LEARNING,7,1
2008,3900061,134189,HOPE ACADEMY BROADWAY CAMPUS,7,1
2008,3900062,134262,ACADEMY OF BUSINESS & TECH,7,1
2008,3900063,123257,NORTH CENTRAL OHIO ESC,4,1
2008,3900064,123521,MID-OHIO ESC,4,1
2008,3900065,133215,INTERGENERATIONAL SCHOOL  THE,7,1
2008,3900066,133223,LIGHTHOUSE COMM & PROF DEV,7,1
2008,3900068,133256,CONSTELLATION SCHOOLS:  PARMA COMMUNITY,7,1
2008,3900071,133306,SUMMIT ACADEMY-CANTON,7,1
2008,3900072,133330,T.C.P. WORLD ACADEMY,7,1
2008,3900073,133348,RICHARD ALLEN PREPARATORY,7,1
2008,3900074,133355,CINCINNATI ACADEMY OF EXCELLENCE,7,1
2008,3900075,133363,QUEST ACADEMY COMMUNITY,7,1
2008,3900076,133371,OMEGA SCHOOL OF EXCELLENCE,7,6
2008,3900077,133389,LIGHTHOUSE COMMUNITY SCH INC,7,1
2008,3900078,133405,W.E.B. DUBOIS,7,1
2008,3900079,133413,ELECTRONIC CLASSROOM OF TOMORROW,7,1
2008,3900080,133421,GRAHAM SCHOOL  THE,7,1
2008,3900081,133439,CORNERSTONE ACADEMY COMMUNITY,7,1
2008,3900082,133447,ALLIANCE ACADEMY OF TOLEDO,7,1
2008,3900083,133454,DAYTON VIEW ACADEMY,7,1
2008,3900084,133488,LIFE SKILLS OF TRUMBULL COUNTY,7,1
2008,3900086,133785,LIFE SKILLS CTR OF CINCINNATI,7,1
2008,3900087,133918,ACADEMY OF DAYTON,7,1
2008,3900089,134288,EAST END COMM HERITAGE SCHOOL,7,1
2008,3900090,134999,WESTERN BUCKEYE ESC,4,1
2008,3900091,135145,ATHENS-MEIGS ESC,4,1
2008,3900092,137364,MADISON-CHAMPAIGN ESC,4,1
2008,3900093,138222,ROSS-PIKE ESC,4,1
2008,3900094,139303,MONROE LOCAL,1,1
2008,3900095,132738,COLIN POWELL LEADERSHIP ACAD,7,2
2008,3900096,132746,SUMMIT ACADEMY-MIDDLETOWN,7,1
2008,3900097,132761,SUMMIT ACADEMY-XENIA,7,1
2008,3900098,132779,SUMMIT ACADEMY MIDDLE SCHOOL-AKRON,7,1
2008,3900099,132787,SPRINGFIELD ACAD OF EXCELLENCE,7,1
2008,3900100,132795,LIFE SKILLS CENTER-SPRINGFIELD,7,1
2008,3900101,132803,LIFE SKILLS CENTER-MIDDLETOWN,7,1
2008,3900102,132951,CONSTELLATION SCHOOLS:  LORAIN COMMUNITY ELEMENTARY,7,1
2008,3900103,132969,CONSTELLATION SCHOOLS:  ELYRIA COMMUNITY ELEMENTARY,7,1
2008,3900104,132985,YOUTHBUILD COLUMBUS COMMUNITY,7,1
2008,3900105,132993,CONSTELLATION SCHOOLS:  WESTPARK COMMUNITY ELEMENTARY,7,1
2008,3900106,133264,DOHN COMMUNITY,7,1
2008,3900107,133280,WASHINGTON PARK COMMUNITY,7,1
2008,3900108,133314,SUMMIT ACDY COMMUNITY SCHOOL FOR ALTE LEARNERS OF YOUNGSTOWN,7,1
2008,3900109,133322,SUMMIT ACADEMY-LORAIN,7,1
2008,3900110,133397,MONTESSORI RENAISSANCE EXPERIENCE,7,1
2008,3900113,133504,PHOENIX COMMUNITY LEARNING CTR,7,1
2008,3900115,133769,NEW CHOICES COMMUNITY SCHOOL,7,1
2008,3900116,133900,ACADEMY OF CLEVELAND,7,6
2008,3900117,143297,THE AUTISM ACADEMY OF LEARNING,7,1
2008,3900118,143305,TRECA DIGITAL ACADEMY,7,1
2008,3900119,143313,HOPE ACADEMY CUYAHOGA CAMPUS,7,1
2008,3900120,143552,EAGLE ACADEMY,7,1
2008,3900121,143602,HAMILTON CNTY MATH & SCIENCE,7,1
2008,3900122,143636,W C CUPE COMMUNITY SCHOOL,7,1
2008,3900123,143644,SCIOTOVILLE,7,1
2008,3900125,000125,POLLY FOX ACADEMY COMMUNITY SCHOOL,7,1
2008,3900126,000130,PHOENIX ACADEMY COMMUNITY SCHOOL,7,1
2008,3900127,000131,GLASS CITY ACADEMY,7,1
2008,3900129,000138,PATHWAY SCHOOL OF DISCOVERY,7,1
2008,3900130,000139,ALLIANCE ACADEMY OF CINCINNATI,7,1
2008,3900131,000140,VICTORY ACADEMY OF TOLEDO,7,1
2008,3900132,000143,GEORGE A. PHILLIPS ACADEMY,7,1
2008,3900133,000162,NEWARK DIGITAL ACADEMY,7,1
2008,3900134,000195,HOPE ACADEMY EAST CAMPUS,7,1
2008,3900135,000197,HAMILTON LOCAL DIGITAL ACADEMY,7,1
2008,3900138,000222,WILDWOOD ENVIRONMENTAL ACADEMY,7,1
2008,3900142,000235,INTERNATIONAL COLLEGE PREPARATORY ACADEMY,7,1
2008,3900144,148973,PAUL LAURENCE DUNBAR ACADEMY,7,1
2008,3900145,148981,TOMORROW CENTER,7,1
2008,3900146,148999,MAHONING UNLIMITED CLASSROOM,7,1
2008,3900147,149005,CANTON CITY SCH DIGITAL ACDMY,7,2
2008,3900151,149047,GOAL DIGITAL ACADEMY,7,1
2008,3900152,149054,AKRON DIGITAL ACADEMY,7,1
2008,3900153,149062,URBANA COMMUNITY SCHOOL,7,1
2008,3900155,149088,FAIRBORN DIGITAL ACADEMY,7,1
2008,3900171,149252,CARDINAL DIGITAL ACADEMY  INC,7,6
2008,3900172,149260,CANTON LOCAL DIGITAL ACADEMY,7,6
2008,3900174,149286,KENT DIGITAL ACADEMY,7,1
2008,3900175,142901,LIFE SKILLS CENTER CANTON,7,1
2008,3900176,142919,LIFE SKILLS CENTER OF ELYRIA,7,1
2008,3900177,142927,FOCUS LEARNING ACADEMY OF SOUTHWEST COLUMBUS,7,1
2008,3900178,142935,FOCUS LEARNING ACADEMY OF SOUTHEASTERN COLUMBUS,7,1
2008,3900179,142943,FOCUS LEARNING ACADEMY OF NORTHERN COLUMBUS,7,1
2008,3900180,142950,OHIO VIRTUAL ACADEMY,7,1
2008,3900181,142968,HOPE NORTHCOAST ACADEMY,7,1
2008,3900182,142976,ENGLEWOOD PEACE ACADEMY,7,1
2008,3900183,142984,LANCASTER DIGITAL ACADEMY,7,1
2008,3900184,143115,MOUND STREET IT CAREERS ACADEMY,7,1
2008,3900185,143123,MOUND STREET MILITARY CAREERS ACADEMY,7,1
2008,3900186,143131,MOUND STREET HEALTH CAREERS ACADMY,7,1
2008,3900189,143164,LIFE SKILLS CENTER OF HAMILTON COUNTY,7,1
2008,3900190,143172,INTERNATIONAL ACAD OF COLUMBUS,7,1
2008,3900191,143180,LEGACY ACAD FOR LEADERS & ARTS,7,1
2008,3900192,143198,GREAT WESTERN ACADEMY,7,1
2008,3900193,143206,TROTWOOD FITNESS & PREP ACAD,7,1
2008,3900194,143214,MIDDLETOWN FITNESS & PREP ACAD,7,1
2008,3900198,143347,THE ISUS INSTITUTE OF MANUFACTURING,7,1
2008,3900199,143354,THE ISUS INSTITUTE OF HEALTH CARE,7,1
2008,3900201,143370,GRANVILLE T WOODS COMM SHULE,7,1
2008,3900202,143388,EAST END COMMUNITY SCHOOL,7,2
2008,3900203,143396,ALTERNATIVE EDUCATION ACADEMY,7,1
2008,3900205,143412,CRITTENTON COMMUNITY SCHOOL,7,1
2008,3900208,143446,GREATER ACHIEVEMENT COMMUNITY SCHOOL,7,1
2008,3900209,143453,MOLLIE KESSLER,7,1
2008,3900210,143461,MARCUS GARVEY ACADEMY,7,1
2008,3900211,143479,CONSTELLATION SCHOOLS:  PURITAS COMMUNITY ELEMENTARY,7,1
2008,3900212,143487,CONSTELLATION SCHOOLS:  STOCKYARD COMMUNITY ELEMENTARY,7,1
2008,3900213,143495,CONSTELLATION SCHOOLS:  MANSFIELD COMMUNITY ELEMENTARY,7,1
2008,3900214,143503,LAKE ERIE ACADEMY,7,1
2008,3900216,143529,NORTH DAYTON SCHOOL OF SCIENCE & DISCOVERY,7,1
2008,3900217,143537,VIRTUAL COMMUNITY SCHOOL OF OHIO,7,1
2008,3900218,143545,TOLEDO PREPARATORY ACADEMY,7,1
2008,3900219,143560,RICHARD ALLEN ACADEMY II,7,1
2008,3900220,143578,RICHARD ALLEN ACADEMY III,7,1
2008,3900223,143610,ARTS & COLLEGE PREPARATORY ACADEMY,7,1
2008,3900226,148916,MARION CITY DIGITAL ACADEMY,7,1
2008,3900228,148932,FRANKLIN LOCAL COMMUNITY SCHOOL,7,1
2008,3900231,149302,LIFE SKILLS CENTER OF TOLEDO,7,1
2008,3900232,149310,AMANDA CLEARCREEK COMMUNITY SCHOOL,7,1
2008,3900233,149328,FOXFIRE CENTER FOR STUDENT SUCCESS,7,1
2008,3900234,149336,SOUTHWEST LICKING DIGITAL ACAD,7,1
2008,3900236,149351,PERRYSBURG DIGITAL ACADEMY,7,2
2008,3900237,060988,BUCKEYE UNITED SCHOOL DISTRICT,5,1
2008,3900238,065201,OHIO CENTRAL SCHOOL SYSTEM,5,1
2008,3900241,132944,MIAMI VALLEY ACADEMIES,7,1
2008,3900248,133850,HOPE ACADEMY CANTON CAMPUS,7,1
2008,3900250,000236,OHIO CONNECTIONS ACADEMY  INC,7,1
2008,3900252,000241,QUAKER DIGITAL ACADEMY,7,1
2008,3900259,149427,MASSILLON DIGITAL ACADEMY  INC,7,1
2008,3900262,151027,LONDON ACADEMY,7,1
2008,3900263,151035,PLEASANT COMMUNITY DIGITAL,7,1
2008,3900264,151043,RIVER VALLEY DIGITAL ACADEMY,7,1
2008,3900266,151076,CARDINGTON LINCOLN LOCAL DIGITAL ACADEMY,7,1
2008,3900267,151084,GRAHAM DIGITAL ACADEMY,7,1
2008,3900270,151118,LORAIN ALTERNATIVE ACADEMY,7,2
2008,3900271,151126,LORAIN ELEMENTARY DIGITAL,7,2
2008,3900272,151134,LORAIN MIDDLE SCHOOL DIGITAL,7,2
2008,3900273,151142,LORAIN HIGH SCHOOL DIGITAL,7,1
2008,3900275,151167,RIDGEDALE COMMUNITY SCHOOL,7,1
2008,3900276,151175,WEST CENTRAL LEARNING ACADEMY II,7,1
2008,3900277,151183,LIFE SKILLS CTR OF LAKE ERIE,7,1
2008,3900278,151191,LIFE SKILLS CENTER OF SUMMIT COUNTY,7,1
2008,3900279,151209,LIFE SKILLS OF NORTHEAST OHIO,7,1
2008,3900282,151233,LAKEWOOD DIGITAL ACADEMY,7,1
2008,3900284,000523,EDUCATION ALTERNATIVES COMMUNITY SCHOOL,7,1
2008,3900285,000525,PROJECT REBUILD COMMUNITY SCHOOL,7,1
2008,3900286,000527,CLEVELAND ACADEMY FOR SCHOLARSHIP TECHNOLOGY AND LEADERSHIP,7,1
2008,3900291,000534,CONSTELLATION SCHOOLS: PURITAS COMMUNITY MIDDLE SCHOOL,7,1
2008,3900297,000541,CONSTELLATION SCHOOLS: OUTREACH ACADEMY FOR STUDENTS WITH DI,7,1
2008,3900299,000543,PINNACLE ACADEMY,7,1
2008,3900302,000546,WINTERFIELD VENTURE ACADEMY,7,1
2008,3900304,000553,COLUMBUS HUMANITIES  ARTS AND TECHNOLOGY ACADEMY,7,1
2008,3900305,000556,A+ ARTS ACADEMY,7,1
2008,3900306,000557,COLUMBUS ARTS & TECHNOLOGY ACADEMY,7,1
2008,3900307,000558,COLUMBUS PREPARATORY ACADEMY,7,1
2008,3900308,000559,ORION ACADEMY,7,1
2008,3900309,000560,APEX ACADEMY,7,1
2008,3900311,000564,VIRTUAL SCHOOLHOUSE  INC.,7,1
2008,3900312,000574,ARTS ACADEMY  THE,7,1
2008,3900313,000575,HOPE ACADEMY NORTHWEST CAMPUS,7,1
2008,3900314,000576,KING ACADEMY COMMUNITY SCHOOL,7,1
2008,3900315,000577,EMERSON ACADEMY,7,1
2008,3900321,000585,FCI ACADEMY,7,1
2008,3900325,000590,WICKLIFFE PROGRESSIVE COMMUNITY SCHOOL,7,1
2008,3900327,000592,SCHOOL FOR ARTS INTEGRATED LEARNING-SAIL,7,1
2008,3900331,000598,COSHOCTON OPPORTUNITY SCHOOL,7,1
2008,3900336,000607,SUMMIT ACADEMY CLEVELAND-WEST,7,2
2008,3900337,000608,SUMMIT ACADEMY TRANSITION HIGH SCHOOL-CINCINNATI,7,1
2008,3900338,000609,SUMMIT ACADEMY MIDDLE SCHOOL - LORAIN,7,1
2008,3900339,000610,SUMMIT ACADEMY MIDDLE SCHOOL - COLUMBUS,7,1
2008,3900341,000613,HEIR FORCE COMMUNITY SCHOOL,7,1
2008,3900342,000614,SUMMIT ACADEMY TRANSITION HIGH SCHOOL-COLUMBUS,7,1
2008,3900344,000616,SUMMIT ACADEMY MIDDLE SCHOOL - WARREN,7,1
2008,3900348,000621,SUMMIT ACADEMY TRANSITION HIGH SCHOOL DAYTON,7,1
2008,3900350,000623,SUMMIT ACADEMY MIDDLE SCHOOL - YOUNGSTOWN,7,1
2008,3900356,000629,SUMMIT ACADEMY COMMUNITY SCHOOL - PAINESVILLE,7,1
2008,3900360,000633,SUMMIT ACADEMY SECONDARY SCHOOL - TOLEDO,7,1
2008,3900361,000634,SUMMIT ACADEMY SECONDARY SCHOOL - MIDDLETOWN,7,1
2008,3900366,000640,RITTMAN ACADEMY,7,1
2008,3900377,000652,THE FIVE R'S ACADEMY,7,1
2008,3900378,000654,ASPIRE ACADEMY  THE,7,6
2008,3900381,000664,LIFE SKILLS CENTER OF COLUMBUS SOUTHEAST,7,1
2008,3900382,000677,NEW DAY ACADEMY BOARDING & DAY SCHOOL,7,1
2008,3900383,000679,OAKSTONE COMMUNITY SCHOOL,7,1
2008,3900384,000680,URBAN YOUTH ACADEMY  INC.,7,2
2008,3900385,147231,SCHNEE LEARNING CENTER,7,1
2008,3900392,000578,UPPER ARLINGTON COMMUNITY HIGH SCHOOL,7,1
2008,3900394,000700,NEW CITY SCHOOL,7,1
2008,3900396,000725,ZENITH ACADEMY,7,1
2008,3900399,000736,PHOENIX VILLAGE ACADEMY PRIMARY 2,7,1
2008,3900400,000738,PHOENIX VILLAGE ACADEMY: SECONDARY I,7,1
2008,3900402,000740,PHOENIX VILLAGE ACADEMY PRIMARY 1,7,1
2008,3900404,000743,PSCHTECIN PUBLIC SCHOOL,7,1
2008,3900428,000770,MARITIME ACADEMY OF TOLEDO  THE,7,1
2008,3900431,000775,WEEMS SCHOOL,7,1
2008,3900433,000777,EDUCATIONAL ACADEMY AT LINDEN,7,1
2008,3900434,000779,EDUCATIONAL ACADEMY FOR BOYS & GIRLS,7,1
2008,3900435,000780,MIDNIMO CROSS CULTURAL COMMUNITY SCHOOL,7,1
2008,3900436,000781,CINCINNATI SPEECH & READING INTERVENTION CENTER,7,1
2008,3900437,000782,VERITAS ACADEMY,7,2
2008,3900438,000784,ACADEMY OF COLUMBUS,7,1
2008,3900441,000804,HORIZON SCIENCE ACADEMY-CINCINNATI,7,1
2008,3900444,000808,HORIZON SCIENCE ACADEMY-DAYTON,7,1
2008,3900448,000813,LIFE SKILLS CENTER OF DAYTON,7,1
2008,3900451,000825,HORIZON SCIENCE ACADEMY-SPRINGFIELD,7,1
2008,3900454,000838,HORIZON SCIENCE ACADEMY-DENISON MIDDLE SCHOOL,7,1
2008,3900457,000843,BENNETT VENTURE ACADEMY,7,1
2008,3900467,000855,STAMBAUGH CHARTER ACADEMY,7,1
2008,3900470,000858,HORIZON SCIENCE ACADEMY-CLEVELAND MIDDLE SCHOOL,7,1
2008,3900471,000859,CANTON ARTS ACADEMY,7,2
2008,3900474,000875,WESTSIDE ACADEMY,7,1
2008,3900478,000905,INTERACTIVE MEDIA & CONSTRUCTION (IMAC),7,1
2008,3900479,000909,V L T ACADEMY,7,1
2008,3900484,000915,NIA UNIVERSITY COMMUNITY SCHOOL,7,1
2008,3900486,000268,TIFFIN CITY DIGITAL ACADEMY,7,1
2008,3900487,000277,SCHOLARTS PREPARATORY AND CAREER CENTER FOR CHILDREN,7,1
2008,3900488,000282,WARREN COUNTY VIRTUAL COMMUNITY SCHOOL,7,1
2008,3900489,000287,AUGLAIZE COUNTY SPECIAL NEEDS SCHOOL,7,1
2008,3900490,000288,AUGLAIZE COUNTY EDUCATIONAL ACADEMY,7,1
2008,3900491,000292,EAST MUSKINGUM ACADEMY,7,6
2008,3900492,000296,SUMMIT ACADEMY COLUMBUS,7,1
2008,3900493,000297,SUMMIT ACADEMY DAYTON,7,1
2008,3900494,000298,SUMMIT ACADEMY SECONDARY - AKRON,7,1
2008,3900495,000300,SUMMIT ACADEMY SECONDARY - CANTON,7,1
2008,3900496,000301,SUMMIT ACADEMY SECONDARY - LORAIN,7,1
2008,3900497,000302,SUMMIT ACADEMY SECONDARY SCHOOL-PARMA,7,1
2008,3900498,000303,SUMMIT ACADEMY SECONDARY - YOUNGSTOWN,7,1
2008,3900499,000304,SUMMIT ACADEMY COMMUNITY SCHOOL-TOLEDO,7,1
2008,3900500,000305,SUMMIT ACADEMY COMMUNITY SCHOOL-WARREN,7,1
2008,3900501,000306,SUMMIT ACADEMY CINCINNATI,7,1
2008,3900502,000311,BRIDGES COMMUNITY ACADEMY,7,1
2008,3900503,000316,CONSTELLATION SCHOOLS: WESTPARK COMMUNITY MIDDLE SCHOOL,7,1
2008,3900505,000318,MENLO PARK ACADEMY,7,1
2008,3900506,000319,CONSTELLATION SCHOOLS:  MADISON COMMUNITY ELEMENTARY,7,1
2008,3900507,000320,CONSTELLATION SCHOOLS: LORAIN COMMUNITY MIDDLE SCHOOL,7,1
2008,3900508,000321,CONSTELLATION SCHOOLS: OLD BROOKLYN MIDDLE SCHOOL,7,1
2008,3900510,000338,HORIZON SCIENCE ACADEMY TOLEDO,7,1
2008,3900511,000343,CHASE ACADEMY FOR COMMUNICATION ARTS,7,1
2008,3900514,000360,MIAMISBURG SECONDARY DIGITAL ACADEMY,7,1
2008,3900519,000368,UPPER ARLINGTON INTERNATIONAL BACCALAUREATE HIGH SCHOOL,7,1
2008,3900523,000392,MANSFIELD ENHANCEMENT ACADEMY,7,1
2008,3900525,000396,MANSFIELD ELECTIVE ACADEMY,7,1
2008,3900528,000402,FINDLAY DIGITAL ACADEMY,7,1
2008,3900530,000417,BUCKEYE ON-LINE SCHOOL FOR SUCCESS,7,1
2008,3900531,000418,GREATER HEIGHTS ACADEMY,7,1
2008,3900533,000420,COLUMBUS BILINGUAL ACADEMY,7,1
2008,3900534,000426,LANCASTER FAIRFIELD COMMUNITY SCHOOL,7,1
2008,3900535,000427,ARISE ACADEMY,7,1
2008,3900537,000442,MANCHESTER LOCAL,1,1
2008,3900538,000445,GENERAL CHAPPIE JAMES LEADERSHIP ACADEMY,7,1
2008,3900540,000461,PACE CAREER CENTRAL,7,6
2008,3900543,000473,TECH CON INSTITUTE,7,1
2008,3900544,000481,P.A.C.E. HIGH SCHOOL,7,1
2008,3900546,000496,PETERSON ENTREPRENEURIAL TRAINING ENTERPRISE,7,1
2008,3900547,000502,CANTON ACADEMY  THE,7,2
2008,3900550,000509,WHITEHALL PREPARATORY AND FITNESS ACADEMY,7,1
2008,3900551,000510,SPRINGFIELD PREPARATORY AND FITNESS ACADEMY,7,1
2008,3900552,000511,NORTHLAND PREPARATORY AND FITNESS ACADEMY,7,1
2008,3900554,000922,NU BETHEL CENTER OF EXCELLENCE,7,1
2008,3900557,000930,CLEVELAND ENTREPRENEURSHIP PREPARATORY SCHOOL,7,1
2008,3900562,000936,PROMISE ACADEMY,7,1
2008,3900564,000938,PREMIER ACADEMY OF OHIO,7,1
2008,3900567,000941,PAR EXCELLENCE ACADEMY,7,1
2008,3900568,000942,LAKEWOOD CITY ACADEMY,7,1
2008,3900569,000946,CLEVELAND LIGHTHOUSE COMMUNITY SCHOOL,7,1
2008,3900572,000949,VILLAVIEW LIGHTHOUSE COMMUNITY SCHOOL,7,1
2008,3900573,000951,TOLEDO PREPARATORY AND FITNESS ACADEMY,7,1
2008,3900574,000952,COLUMBUS PREPARATORY AND FITNESS ACADEMY,7,1
2008,3900575,000953,CINCINNATI PREPARATORY AND FITNESS ACADEMY,7,1
2008,3900578,007982,ACADEMY OF ARTS AND HUMANITIES,7,1
2008,3900580,007984,YOUNGSTOWN ACADEMY OF EXCELLENCE,7,1
2008,3900581,007992,ARTS AND SCIENCE ACADEMY,7,6
2008,3900584,007995,CLEVELAND ARTS AND SOCIAL SCIENCES ACADEMY,7,1
2008,3900585,007998,CENTER FOR STUDENT ACHIEVEMENT,7,1
2008,3900586,007999,THE CHARLES SCHOOL AT OHIO DOMINICAN UNIVERSITY,7,1
2008,3900587,008000,MANSFIELD PREPARATORY ACADEMY,7,1
2008,3900592,008061,ARTS AND SCIENCE PREPARATORY ACADEMY,7,1
2008,3900593,008063,LIFE SKILLS CENTER OF NORTH AKRON,7,1
2008,3900594,008064,ACADEMY OF ARTS AND SCIENCES,7,1
2008,3900595,008065,IMANI LEARNING ACADEMY,7,1
2008,3900596,008066,LION OF JUDAH ACADEMY,7,1
2008,3900597,008067,ELITE ACADEMY OF THE ARTS,7,1
2008,3900598,008068,ARTS ACADEMY WEST  THE,7,1
2008,3900599,008115,HOPE ACADEMY HIGH SCHOOL - CLEVELAND CAMPUS,7,2
2008,3900638,000912,ACADEMIC ACCELERATION ACADEMY,7,1
2008,3900639,008251,MAHONING VALLEY OPPORTUNITY CENTER,7,1
2008,3900640,008287,GROVEPORT COMMUNITY SCHOOL,7,1
2008,3900641,008286,HARVARD AVENUE COMMUNITY SCHOOL,7,1
2008,3900642,008283,DAYTON TECHNOLOGY DESIGN HIGH SCHOOL,7,1
2008,3900643,008282,LIFE SKILLS CENTER OF COLUMBUS NORTH,7,1
2008,3900644,008281,SOUTH SCIOTO ACADEMY,7,1
2008,3900645,008280,NOBLE ACADEMY-COLUMBUS,7,1
2008,3900646,008278,NOBLE ACADEMY-CLEVELAND,7,1
2008,3900647,008289,EAGLE LEARNING CENTER,7,1
2008,3901295,009136,MARGARETTA ACADEMY,7,2
2008,3901296,009181,CLAY AVENUE COMMUNITY SCHOOL,7,1
2008,3901297,009153,HASTINGS INTERNATIONAL BACCALAUREATE MIDDLE SCHOOL,7,2
2008,3901298,009171,STAR ACADEMY OF TOLEDO,7,1
2008,3901299,009137,TOWNSEND ACADEMY,7,2
2008,3901300,009152,HECTOR GARCIA ACADEMY,7,2
2008,3901301,009192,FOUNDATION ACADEMY,7,1
2008,3901302,009283,DAYTON EARLY COLLEGE ACADEMY  INC,7,1
2008,3901303,009169,MEDINA CITY SCHOOLS TECHNOLOGY SCHOOL,7,7
2008,3901304,009180,SOUTH-WESTERN CITY SCHOOLS SPONSORED CONVERSION SCHOOL,7,2
2008,3901305,009122,COLUMBUS COLLEGIATE ACADEMY,7,3
2008,3901306,009146,PINNACLE ACADEMY,7,2
2008,3901307,009173,SHAKER HEIGHTS INTERNATIONAL SCHOOL,7,2
2008,3901308,009162,BRIDGE ACADEMY OF OHIO,7,1
2008,3901309,009172,SOUTH EUCLID-LYNDHURST SUCCESS ACADEMY,7,2
2008,3901310,009185,GLOBAL EXPERIENTIAL MIDDLE SCHOOL,7,2
2008,3901311,009138,OREGON EAGLE CAREER TECHNICAL ACADEMY,7,2
2008,3901312,009154,CINCINNATI LEADERSHIP ACADEMY,7,1
2008,3901313,009164,CENTRAL ACADEMY OF OHIO,7,1
2008,3901314,009148,ZANESVILLE COMMUNITY SCHOOL,7,1
2008,3901315,009177,VICTORY ACADEMY,7,2
2008,3901316,009174,STAR ACADEMY OF COLUMBUS,7,2
2008,3901317,009163,C.M. GRANT LEADERSHIP ACADEMY,7,3
2008,3901318,009176,UPPER ARLINGTON INTERNATIONAL BACCALAUREATE ACADEMY,7,2
2008,3901319,009147,GREAT LAKES ENVIRONMENTAL ACADEMY,7,1
2008,3901320,009150,LAKESIDE COLLEGE PREPARATORY ACADEMY,7,1
2008,3901321,009121,NEW DIRECTIONS ACADEMY,7,7
2008,3901322,009179,HORIZON SCIENCE ACADEMY COLUMBUS MIDDLE SCHOOL,7,1
2008,3901323,009168,PHOENIX MIDDLE SCHOOL,7,2
2008,3901324,009151,JONES INTERNATIONAL BACCALAUREATE MIDDLE SCHOOL,7,2
2008,3901325,009165,GAHANNA ALTERNATIVE COMMUNITY SCHOOL,7,3
2008,3901326,009149,CONSTELLATION SCHOOLS: WESTSIDE COMMUNITY SCHOOL FOR THE ART,7,1
2008,3901327,009178,ROMIG ROAD COMMUNITY SCHOOL,7,1
2008,3901328,009166,HILLCREST SCIENCE ACADEMY,7,2
2008,3901329,009996,MAHONING COUNTY HIGH SCHOOL,7,3
2008,3901330,009997,KIPP:  JOURNEY ACADEMY,7,3
2008,3901331,010005,HORIZON SCIENCE ACADEMY CLEVELAND ELEMENTARY SCHOOL,7,3
2008,3901332,010006,KNIGHT ACADEMY,7,3
2008,3901333,010007,HORIZON SCIENCE ACADEMY DENISON ELEMENTARY SCHOOL,7,3
2008,3901334,010035,CLEVELAND ACADEMY OF MUSIC & FILM PRODUCTION,7,7
2008,3901335,010036,CESAR CHAVEZ COLLEGE PREPARATORY SCHOOL,7,3
2008,3901336,010180,MOUNT AUBURN INTERNATIONAL ACADEMY,7,3
2008,3901337,010182,PERFORMANCE ACADEMY EASTLAND,7,3
2008,3901339,010205,L. HOLLINGWORTH SCHOOL FOR TALENTED AND GIFTED,7,7
2008,3901340,009909,CONSTELLATION SCHOOLS: MANSFIELD VISUAL & PERFORMING ARTS,7,3
2008,3901341,009937,PACE COMMUNITY SCHOOL,7,7
2008,3901342,009938,STUDENT AT RISK ACADEMY (SARA),7,7
2008,3901343,009939,YOUNGSTOWN LEADERSHIP INSTITUTE,7,7
2008,3901344,009953,SULLIVANT AVENUE COMMUNITY SCHOOL,7,3
2008,3901345,009954,HARRISBURG PIKE COMMUNITY SCHOOL,7,3
2008,3901346,009955,MADISON AVENUE SCHOOL OF ARTS,7,3
2008,3901347,009957,KLEPINGER COMMUNITY SCHOOL,7,3
2008,3901348,009964,SCIOTOVILLE ELEMENTARY ACADEMY,7,3
2008,3901349,009970,DIXON EARLY LEARNING CENTER CONVERSION COMMUNITY SCHOOL,7,3
2008,3901350,009971,ASHLAND COUNTY COMMUNITY ACADEMY,7,7
2008,3901351,009982,WESTERN RESERVE ALTERNATIVE LEARNING CENTER,7,7
2008,3901352,009983,WESTERN RESERVE KINDERGARTEN LEARNING ACADEMY,7,3
2008,3901353,009990,HORIZON SCIENCE ACADEMY ELEMENTARY SCHOOL,7,3
2008,3904348,043489,AKRON CITY,1,1
2008,3904349,043497,ALLIANCE CITY,1,1
2008,3904350,043505,ASHLAND CITY,1,1
2008,3904351,043513,ASHTABULA AREA CITY,1,1
2008,3904352,043521,ATHENS CITY,1,1
2008,3904353,043539,BARBERTON CITY,1,1
2008,3904354,043547,BAY VILLAGE CITY,1,1
2008,3904355,043554,BEACHWOOD CITY,1,1
2008,3904357,043570,BELLAIRE CITY,1,1
2008,3904358,043588,BELLEFONTAINE CITY,1,1
2008,3904359,043596,BELLEVUE CITY,1,1
2008,3904360,043612,BEREA CITY,1,1
2008,3904361,043604,BELPRE CITY,1,1
2008,3904362,043620,BEXLEY CITY,1,1
2008,3904363,043638,BOWLING GREEN CITY,1,1
2008,3904364,043646,BRECKSVILLE-BROADVIEW HEIGHTS CITY,1,1
2008,3904365,043653,BROOKLYN CITY,1,1
2008,3904366,043661,BRUNSWICK CITY,1,1
2008,3904367,043679,BRYAN CITY,1,1
2008,3904368,043687,BUCYRUS CITY,1,1
2008,3904369,043695,CAMBRIDGE CITY,1,1
2008,3904370,043703,CAMPBELL CITY,1,1
2008,3904371,043711,CANTON CITY,1,1
2008,3904373,043737,CENTERVILLE CITY,1,1
2008,3904374,043745,CHILLICOTHE CITY,1,1
2008,3904375,043752,CINCINNATI CITY,1,1
2008,3904376,043760,CIRCLEVILLE CITY,1,1
2008,3904377,043778,CLAYMONT CITY,1,1
2008,3904378,043786,CLEVELAND MUNICIPAL,1,1
2008,3904379,043794,CLEVELAND HEIGHTS-UNIVERSITY HEIGHTS CITY,1,1
2008,3904380,043802,COLUMBUS CITY,1,1
2008,3904381,043810,CONNEAUT AREA CITY,1,1
2008,3904382,043828,COSHOCTON CITY,1,1
2008,3904383,043836,CUYAHOGA FALLS CITY,1,1
2008,3904384,043844,DAYTON CITY,1,1
2008,3904385,043851,DEER PARK COMMUNITY CITY,1,1
2008,3904386,043869,DEFIANCE CITY,1,1
2008,3904387,043877,DELAWARE CITY,1,1
2008,3904388,043885,DELPHOS CITY,1,1
2008,3904389,043893,DOVER CITY,1,1
2008,3904390,043901,EAST CLEVELAND CITY SCHOOL DISTRICT,1,1
2008,3904391,043919,EAST LIVERPOOL CITY,1,1
2008,3904392,043927,EAST PALESTINE CITY,1,1
2008,3904393,043935,EATON COMMUNITY CITY,1,1
2008,3904394,043943,ELYRIA CITY SCHOOLS,1,1
2008,3904395,043950,EUCLID CITY,1,1
2008,3904396,043968,FAIRBORN CITY,1,1
2008,3904397,043976,FAIRVIEW PARK CITY,1,1
2008,3904399,043992,FOSTORIA CITY,1,1
2008,3904400,044008,FRANKLIN CITY,1,1
2008,3904401,044016,FREMONT CITY,1,1
2008,3904402,044024,GALION CITY,1,1
2008,3904403,044032,GALLIPOLIS CITY,1,1
2008,3904404,044040,GARFIELD HEIGHTS CITY,1,1
2008,3904405,044057,GENEVA AREA CITY,1,1
2008,3904406,044065,GIRARD CITY,1,1
2008,3904407,044073,GRANDVIEW HEIGHTS CITY,1,1
2008,3904408,044081,WINTON WOODS CITY,1,1
2008,3904409,044099,GREENVILLE CITY,1,1
2008,3904410,044107,HAMILTON CITY,1,1
2008,3904411,044115,HEATH CITY,1,1
2008,3904412,044123,HILLSBORO CITY,1,1
2008,3904413,044131,HURON CITY SCHOOLS,1,1
2008,3904414,044149,IRONTON CITY,1,1
2008,3904415,044156,JACKSON CITY,1,1
2008,3904416,044164,KENT CITY,1,1
2008,3904418,044180,KETTERING CITY,1,1
2008,3904419,044198,LAKEWOOD CITY,1,1
2008,3904420,044206,LANCASTER CITY,1,1
2008,3904421,044214,LEBANON CITY,1,1
2008,3904422,044222,LIMA CITY,1,1
2008,3904423,044230,LOCKLAND LOCAL,1,1
2008,3904424,044248,LOGAN-HOCKING LOCAL,1,1
2008,3904425,044255,LONDON CITY,1,1
2008,3904426,044263,LORAIN CITY,1,1
2008,3904427,044271,LOVELAND CITY,1,1
2008,3904428,044289,MADEIRA CITY,1,1
2008,3904429,044297,MANSFIELD CITY,1,1
2008,3904430,044305,MAPLE HEIGHTS CITY,1,1
2008,3904431,044313,MARIEMONT CITY,1,1
2008,3904433,044339,MARION CITY,1,1
2008,3904434,044347,MARTINS FERRY CITY,1,1
2008,3904435,044354,MASSILLON CITY,1,1
2008,3904436,044362,MAUMEE CITY,1,1
2008,3904437,044370,MAYFIELD CITY,1,1
2008,3904438,044388,MEDINA CITY,1,1
2008,3904439,044396,MIAMISBURG CITY,1,1
2008,3904440,044404,MIDDLETOWN CITY,1,1
2008,3904441,044412,MT HEALTHY CITY,1,1
2008,3904443,044438,NAPOLEON AREA CITY,1,1
2008,3904444,044446,NELSONVILLE-YORK CITY,1,1
2008,3904445,044453,NEWARK CITY,1,1
2008,3904446,044461,NEW BOSTON LOCAL,1,1
2008,3904447,044479,NEW LEXINGTON CITY,1,1
2008,3904448,044487,NEW PHILADELPHIA CITY,1,1
2008,3904449,044495,NILES CITY,1,1
2008,3904450,044503,NORTH CANTON CITY,1,1
2008,3904451,044511,NORTH COLLEGE HILL CITY,1,1
2008,3904452,044529,NORTH OLMSTED CITY,1,1
2008,3904453,044537,NORTH RIDGEVILLE CITY,1,1
2008,3904454,044545,NORTH ROYALTON CITY,1,1
2008,3904455,044552,NORTON CITY,1,1
2008,3904456,044560,NORWALK CITY,1,1
2008,3904457,044578,NORWOOD CITY,1,1
2008,3904458,044586,OAKWOOD CITY,1,1
2008,3904459,044594,OBERLIN CITY SCHOOLS,1,1
2008,3904460,044602,OREGON CITY,1,1
2008,3904461,044610,ORRVILLE CITY,1,1
2008,3904463,044636,PARMA CITY,1,1
2008,3904464,044644,PIQUA CITY,1,1
2008,3904465,044651,PORT CLINTON CITY,1,1
2008,3904467,044677,PRINCETON CITY,1,1
2008,3904468,044685,RAVENNA CITY,1,1
2008,3904469,044693,READING COMMUNITY CITY,1,1
2008,3904470,044701,ROCKY RIVER CITY,1,1
2008,3904471,044719,ST BERNARD-ELMWOOD PLACE CITY,1,1
2008,3904472,044727,ST MARYS CITY,1,1
2008,3904474,044743,SANDUSKY CITY,1,1
2008,3904475,044750,SHAKER HEIGHTS CITY,1,1
2008,3904476,044768,SHEFFIELD-SHEFFIELD LAKE CITY,1,1
2008,3904479,044792,SOUTH EUCLID-LYNDHURST CITY,1,1
2008,3904480,044800,SOUTH-WESTERN CITY,1,1
2008,3904481,044818,SPRINGFIELD CITY,1,1
2008,3904482,044826,STEUBENVILLE CITY,1,1
2008,3904483,044834,STOW-MUNROE FALLS CITY,1,1
2008,3904484,044842,STRONGSVILLE CITY,1,1
2008,3904485,044859,STRUTHERS CITY,1,1
2008,3904486,044867,SYCAMORE COMMUNITY CITY,1,1
2008,3904487,044875,SYLVANIA CITY,1,1
2008,3904488,044883,TALLMADGE CITY,1,1
2008,3904489,044891,TIFFIN CITY,1,1
2008,3904490,044909,TOLEDO CITY,1,1
2008,3904491,044917,TORONTO CITY,1,1
2008,3904492,044925,TROY CITY,1,1
2008,3904493,044933,UPPER ARLINGTON CITY,1,1
2008,3904494,044941,URBANA CITY,1,1
2008,3904495,044958,VANDALIA-BUTLER CITY,1,1
2008,3904498,044982,WAPAKONETA CITY,1,1
2008,3904499,044990,WARREN CITY,1,1
2008,3904500,045005,WARRENSVILLE HEIGHTS CITY,1,1
2008,3904502,045021,WELLSTON CITY,1,1
2008,3904503,045039,WELLSVILLE LOCAL,1,1
2008,3904504,045047,WESTERVILLE CITY,1,1
2008,3904505,045054,WEST CARROLLTON CITY,1,1
2008,3904506,045062,WESTLAKE CITY,1,1
2008,3904507,045070,WHITEHALL CITY,1,1
2008,3904508,045088,WICKLIFFE CITY,1,1
2008,3904509,045096,WILLARD CITY,1,1
2008,3904510,045104,WILLOUGHBY-EASTLAKE CITY,1,1
2008,3904511,045112,WILMINGTON CITY,1,1
2008,3904513,045138,WORTHINGTON CITY,1,1
2008,3904514,045146,WYOMING CITY,1,1
2008,3904515,045153,XENIA COMMUNITY CITY,1,1
2008,3904516,045161,YOUNGSTOWN CITY SCHOOLS,1,1
2008,3904517,045179,ZANESVILLE CITY,1,1
2008,3904518,045187,ADA EXEMPTED VILLAGE,1,1
2008,3904519,045195,AMHERST EXEMPTED VILLAGE,1,1
2008,3904520,045203,BARNESVILLE EXEMPTED VILLAGE,1,1
2008,3904521,045211,BLUFFTON EXEMPTED VILLAGE,1,1
2008,3904522,045229,BRADFORD EXEMPTED VILLAGE,1,1
2008,3904523,045237,BRIDGEPORT EXEMPTED VILLAGE,1,1
2008,3904524,045245,HARRISON HILLS CITY,1,1
2008,3904525,045252,CALDWELL EXEMPTED VILLAGE,1,1
2008,3904526,045260,CAREY EXEMPTED VILLAGE,1,1
2008,3904527,045278,CARROLLTON EXEMPTED VILLAGE,1,1
2008,3904528,045286,CHAGRIN FALLS EXEMPTED VILLAGE,1,1
2008,3904529,045294,CHESAPEAKE UNION EXEMPTED VILLAGE,1,1
2008,3904531,045310,COLDWATER EXEMPTED VILLAGE,1,1
2008,3904532,045328,COLUMBIANA EXEMPTED VILLAGE,1,1
2008,3904533,045336,COVINGTON EXEMPTED VILLAGE,1,1
2008,3904535,045351,CROOKSVILLE EXEMPTED VILLAGE,1,1
2008,3904536,045369,FAIRPORT HARBOR EXEMPTED VILLAGE,1,1
2008,3904537,045377,GEORGETOWN EXEMPTED VILLAGE,1,1
2008,3904538,045385,GIBSONBURG EXEMPTED VILLAGE,1,1
2008,3904539,045393,GRANVILLE EXEMPTED VILLAGE,1,1
2008,3904540,045401,GREENFIELD EXEMPTED VILLAGE,1,1
2008,3904541,045419,HICKSVILLE EXEMPTED VILLAGE,1,1
2008,3904542,045427,HUBBARD EXEMPTED VILLAGE,1,1
2008,3904543,045435,INDIAN HILL EXEMPTED VILLAGE,1,1
2008,3904545,045450,LISBON EXEMPTED VILLAGE,1,1
2008,3904546,045468,LOUDONVILLE-PERRYSVILLE EXEMPTED VILLAGE,1,1
2008,3904547,045476,MARYSVILLE EXEMPTED VILLAGE,1,1
2008,3904548,045484,MECHANICSBURG EXEMPTED VILLAGE,1,1
2008,3904549,045492,MENTOR EXEMPTED VILLAGE,1,1
2008,3904550,045500,MILFORD EXEMPTED VILLAGE,1,1
2008,3904551,045518,MILTON-UNION EXEMPTED VILLAGE,1,1
2008,3904552,045526,MONTPELIER EXEMPTED VILLAGE,1,1
2008,3904553,045534,MOUNT GILEAD EXEMPTED VILLAGE,1,1
2008,3904554,045542,NEWCOMERSTOWN EXEMPTED VILLAGE,1,1
2008,3904555,045559,NEW RICHMOND EXEMPTED VILLAGE,1,1
2008,3904556,045567,NEWTON FALLS EXEMPTED VILLAGE,1,1
2008,3904557,045575,PAULDING EXEMPTED VILLAGE,1,1
2008,3904558,045583,PERRYSBURG EXEMPTED VILLAGE,1,1
2008,3904560,045609,ROSSFORD EXEMPTED VILLAGE,1,1
2008,3904561,045617,TIPP CITY EXEMPTED VILLAGE,1,1
2008,3904563,045633,VERSAILLES EXEMPTED VILLAGE,1,1
2008,3904564,045641,WAUSEON EXEMPTED VILLAGE,1,1
2008,3904565,045658,WELLINGTON EXEMPTED VILLAGE,1,1
2008,3904566,045666,WINDHAM EXEMPTED VILLAGE,1,1
2008,3904567,045674,YELLOW SPRINGS EXEMPTED VILLAGE,1,1
2008,3904574,045740,ALLEN COUNTY ESC,4,1
2008,3904575,045757,ALLEN EAST LOCAL,1,1
2008,3904576,045765,BATH LOCAL,1,1
2008,3904577,045773,ELIDA LOCAL,1,1
2008,3904578,045781,PERRY LOCAL,1,1
2008,3904579,045799,SHAWNEE LOCAL,1,1
2008,3904580,045807,SPENCERVILLE LOCAL,1,1
2008,3904582,045823,HILLSDALE LOCAL,1,1
2008,3904583,045831,MAPLETON LOCAL,1,1
2008,3904584,045849,ASHTABULA COUNTY ESC,4,1
2008,3904585,045856,BUCKEYE LOCAL,1,1
2008,3904586,045864,GRAND VALLEY LOCAL,1,1
2008,3904587,045872,JEFFERSON AREA LOCAL,1,1
2008,3904588,045880,PYMATUNING VALLEY LOCAL,1,1
2008,3904590,045906,ALEXANDER LOCAL,1,1
2008,3904591,045914,FEDERAL HOCKING LOCAL,1,1
2008,3904592,045922,TRIMBLE LOCAL,1,1
2008,3904593,045930,AUGLAIZE COUNTY ESC,4,1
2008,3904594,045948,MINSTER LOCAL,1,1
2008,3904595,045955,NEW BREMEN LOCAL,1,1
2008,3904596,045963,NEW KNOXVILLE LOCAL,1,1
2008,3904597,045971,WAYNESFIELD-GOSHEN LOCAL,1,1
2008,3904598,045989,BELMONT COUNTY ESC,4,1
2008,3904599,045997,ST CLAIRSVILLE-RICHLAND CITY,1,1
2008,3904600,046003,SHADYSIDE LOCAL,1,1
2008,3904601,046011,UNION LOCAL,1,1
2008,3904602,046029,BROWN ESC,4,1
2008,3904603,046037,EASTERN LOCAL,1,1
2008,3904604,046045,FAYETTEVILLE-PERRY LOCAL,1,1
2008,3904606,046060,WESTERN BROWN LOCAL,1,1
2008,3904607,046078,RIPLEY-UNION-LEWIS-HUNTINGTON LOCAL,1,1
2008,3904608,046086,BUTLER COUNTY ESC,4,1
2008,3904609,046094,EDGEWOOD CITY,1,1
2008,3904610,046102,FAIRFIELD CITY,1,1
2008,3904611,046110,LAKOTA LOCAL,1,1
2008,3904612,046128,MADISON LOCAL,1,1
2008,3904613,046136,NEW MIAMI LOCAL,1,1
2008,3904614,046144,ROSS LOCAL,1,1
2008,3904615,046151,TALAWANDA CITY,1,1
2008,3904617,046177,BROWN LOCAL,1,1
2008,3904619,046193,GRAHAM LOCAL,1,1
2008,3904620,046201,TRIAD LOCAL,1,1
2008,3904621,046219,WEST LIBERTY-SALEM LOCAL,1,1
2008,3904622,046227,CLARK COUNTY ESC,4,1
2008,3904623,046235,GREENON LOCAL,1,1
2008,3904624,046243,TECUMSEH LOCAL,1,1
2008,3904625,046250,NORTHEASTERN LOCAL,1,1
2008,3904626,046268,NORTHWESTERN LOCAL,1,1
2008,3904627,046276,SOUTHEASTERN LOCAL,1,1
2008,3904628,046284,CLARK-SHAWNEE LOCAL,1,1
2008,3904629,046292,CLERMONT COUNTY ESC,4,1
2008,3904630,046300,BATAVIA LOCAL,1,1
2008,3904631,046318,BETHEL-TATE LOCAL,1,1
2008,3904632,046326,CLERMONT NORTHEASTERN LOCAL,1,1
2008,3904633,046334,FELICITY-FRANKLIN LOCAL,1,1
2008,3904634,046342,GOSHEN LOCAL,1,1
2008,3904635,046359,WEST CLERMONT LOCAL,1,1
2008,3904636,046367,WILLIAMSBURG LOCAL,1,1
2008,3904637,046375,SOUTHERN OHIO ESC,4,1
2008,3904638,046383,BLANCHESTER LOCAL,1,1
2008,3904639,046391,CLINTON-MASSIE LOCAL,1,1
2008,3904640,046409,EAST CLINTON LOCAL,1,1
2008,3904641,046417,COLUMBIANA COUNTY ESC,4,1
2008,3904642,046425,BEAVER LOCAL,1,1
2008,3904643,046433,CRESTVIEW LOCAL,1,1
2008,3904644,046441,SOUTHERN LOCAL,1,1
2008,3904645,046458,UNITED LOCAL,1,1
2008,3904647,046474,RIDGEWOOD LOCAL,1,1
2008,3904648,046482,RIVER VIEW LOCAL,1,1
2008,3904650,046508,BUCKEYE CENTRAL LOCAL,1,1
2008,3904651,046516,COLONEL CRAWFORD LOCAL,1,1
2008,3904652,046524,WYNFORD LOCAL,1,1
2008,3904653,046532,CUYAHOGA COUNTY ESC,4,1
2008,3904655,046557,CUYAHOGA HEIGHTS LOCAL,1,1
2008,3904656,046565,INDEPENDENCE LOCAL,1,1
2008,3904657,046573,OLMSTED FALLS CITY,1,1
2008,3904659,046599,RICHMOND HEIGHTS LOCAL,1,1
2008,3904660,046607,SOLON CITY,1,1
2008,3904661,046615,DARKE COUNTY ESC,4,1
2008,3904662,046623,ANSONIA LOCAL,1,1
2008,3904663,046631,ARCANUM-BUTLER LOCAL,1,1
2008,3904664,046649,FRANKLIN MONROE LOCAL,1,1
2008,3904667,046672,MISSISSINAWA VALLEY LOCAL,1,1
2008,3904668,046680,TRI-VILLAGE LOCAL,1,1
2008,3904670,046706,AYERSVILLE LOCAL,1,1
2008,3904671,046714,CENTRAL LOCAL,1,1
2008,3904672,046722,NORTHEASTERN LOCAL,1,1
2008,3904673,046730,DELAWARE-UNION ESC,4,1
2008,3904674,046748,BIG WALNUT LOCAL,1,1
2008,3904675,046755,BUCKEYE VALLEY LOCAL,1,1
2008,3904676,046763,OLENTANGY LOCAL,1,1
2008,3904678,046789,BERLIN-MILAN LOCAL,1,1
2008,3904679,046797,KELLEYS ISLAND LOCAL,1,1
2008,3904680,046805,MARGARETTA LOCAL,1,1
2008,3904681,046813,PERKINS LOCAL,1,1
2008,3904682,046821,VERMILION LOCAL,1,1
2008,3904683,046839,FAIRFIELD COUNTY ESC,4,1
2008,3904684,046847,AMANDA-CLEARCREEK LOCAL,1,1
2008,3904685,046854,BERNE UNION LOCAL,1,1
2008,3904686,046862,BLOOM-CARROLL LOCAL,1,1
2008,3904687,046870,FAIRFIELD UNION LOCAL,1,1
2008,3904688,046888,LIBERTY UNION-THURSTON LOCAL,1,1
2008,3904689,046896,PICKERINGTON LOCAL,1,1
2008,3904690,046904,WALNUT TOWNSHIP LOCAL,1,1
2008,3904693,046938,ESC OF CENTRAL OHIO,4,1
2008,3904694,046946,CANAL WINCHESTER LOCAL,1,1
2008,3904695,046953,HAMILTON LOCAL,1,1
2008,3904696,046961,GAHANNA-JEFFERSON CITY,1,1
2008,3904697,046979,GROVEPORT MADISON LOCAL,1,1
2008,3904699,046995,NEW ALBANY-PLAIN LOCAL,1,1
2008,3904700,047001,REYNOLDSBURG CITY,1,1
2008,3904701,047019,HILLIARD CITY,1,1
2008,3904702,047027,DUBLIN CITY,1,1
2008,3904704,047043,ARCHBOLD-AREA LOCAL,1,1
2008,3904705,047050,EVERGREEN LOCAL,1,1
2008,3904706,047068,FAYETTE LOCAL,1,1
2008,3904707,047076,PETTISVILLE LOCAL,1,1
2008,3904708,047084,PIKE-DELTA-YORK LOCAL,1,1
2008,3904709,047092,SWANTON LOCAL,1,1
2008,3904715,047159,GEAUGA COUNTY ESC,4,1
2008,3904716,047167,BERKSHIRE LOCAL,1,1
2008,3904717,047175,CARDINAL LOCAL,1,1
2008,3904718,047183,CHARDON LOCAL,1,1
2008,3904719,047191,KENSTON LOCAL,1,1
2008,3904720,047209,LEDGEMONT LOCAL,1,1
2008,3904721,047217,NEWBURY LOCAL,1,1
2008,3904722,047225,WEST GEAUGA LOCAL,1,1
2008,3904723,047233,GREENE COUNTY ESC,4,1
2008,3904724,047241,BEAVERCREEK CITY,1,1
2008,3904725,047258,CEDAR CLIFF LOCAL,1,1
2008,3904726,047266,GREENEVIEW LOCAL,1,1
2008,3904727,047274,SUGARCREEK LOCAL SCHOOL DISTRICT,1,1
2008,3904730,047308,ROLLING HILLS LOCAL,1,1
2008,3904732,047324,HAMILTON COUNTY ESC,4,1
2008,3904733,047332,FINNEYTOWN LOCAL,1,1
2008,3904734,047340,FOREST HILLS LOCAL,1,1
2008,3904736,047365,NORTHWEST LOCAL,1,1
2008,3904737,047373,OAK HILLS LOCAL,1,1
2008,3904738,047381,SOUTHWEST LOCAL,1,1
2008,3904739,047399,THREE RIVERS LOCAL,1,1
2008,3904740,047407,HANCOCK COUNTY ESC,4,1
2008,3904742,047423,ARLINGTON LOCAL,1,1
2008,3904743,047431,CORY-RAWSON LOCAL,1,1
2008,3904744,047449,LIBERTY-BENTON LOCAL,1,1
2008,3904745,047456,MCCOMB LOCAL,1,1
2008,3904747,047472,VANLUE LOCAL,1,1
2008,3904748,047480,HARDIN COUNTY ESC,4,1
2008,3904749,047498,HARDIN NORTHERN LOCAL,1,1
2008,3904750,047506,RIDGEMONT LOCAL,1,1
2008,3904751,047514,RIVERDALE LOCAL,1,1
2008,3904752,047522,UPPER SCIOTO VALLEY LOCAL,1,1
2008,3904754,047548,CONOTTON VALLEY UNION LOCAL,1,1
2008,3904757,047571,HOLGATE LOCAL,1,1
2008,3904758,047589,LIBERTY CENTER LOCAL,1,1
2008,3904759,047597,PATRICK HENRY LOCAL,1,1
2008,3904761,047613,BRIGHT LOCAL,1,1
2008,3904762,047621,FAIRFIELD LOCAL,1,1
2008,3904763,047639,LYNCHBURG-CLAY LOCAL,1,1
2008,3904768,047688,EAST HOLMES LOCAL,1,1
2008,3904769,047696,WEST HOLMES LOCAL,1,1
2008,3904771,047712,MONROEVILLE LOCAL,1,1
2008,3904772,047720,NEW LONDON LOCAL,1,1
2008,3904773,047738,SOUTH CENTRAL LOCAL,1,1
2008,3904774,047746,WESTERN RESERVE LOCAL,1,1
2008,3904776,047761,OAK HILL UNION LOCAL,1,1
2008,3904777,047779,JEFFERSON COUNTY ESC,4,1
2008,3904778,047787,BUCKEYE LOCAL,1,1
2008,3904779,047795,EDISON LOCAL,1,1
2008,3904780,047803,INDIAN CREEK LOCAL,1,1
2008,3904781,047811,KNOX COUNTY ESC,4,1
2008,3904782,047829,CENTERBURG LOCAL,1,1
2008,3904783,047837,DANVILLE LOCAL,1,1
2008,3904785,047852,FREDERICKTOWN LOCAL,1,1
2008,3904786,047860,LAKE COUNTY ESC,4,1
2008,3904787,047878,KIRTLAND LOCAL,1,1
2008,3904788,047886,MADISON LOCAL,1,1
2008,3904790,047902,PERRY LOCAL,1,1
2008,3904791,047910,LAWRENCE COUNTY ESC,4,1
2008,3904792,047928,DAWSON-BRYANT LOCAL,1,1
2008,3904793,047936,FAIRLAND LOCAL,1,1
2008,3904794,047944,ROCK HILL LOCAL,1,1
2008,3904795,047951,SOUTH POINT LOCAL,1,1
2008,3904796,047969,SYMMES VALLEY LOCAL,1,1
2008,3904797,047977,LICKING COUNTY ESC,4,1
2008,3904798,047985,JOHNSTOWN-MONROE LOCAL,1,1
2008,3904799,047993,LAKEWOOD LOCAL,1,1
2008,3904800,048009,LICKING HEIGHTS LOCAL,1,1
2008,3904801,048017,LICKING VALLEY LOCAL,1,1
2008,3904802,048025,NORTH FORK LOCAL,1,1
2008,3904803,048033,NORTHRIDGE LOCAL,1,1
2008,3904804,048041,SOUTHWEST LICKING LOCAL,1,1
2008,3904805,048058,LOGAN COUNTY ESC,4,1
2008,3904807,048074,BENJAMIN LOGAN LOCAL,1,1
2008,3904808,048082,INDIAN LAKE LOCAL,1,1
2008,3904809,048090,RIVERSIDE LOCAL,1,1
2008,3904810,048108,LORAIN COUNTY ESC,4,1
2008,3904811,048116,AVON LOCAL,1,1
2008,3904812,048124,AVON LAKE CITY,1,1
2008,3904813,048132,CLEARVIEW LOCAL,1,1
2008,3904814,048140,COLUMBIA LOCAL,1,1
2008,3904815,048157,FIRELANDS LOCAL,1,1
2008,3904816,048165,KEYSTONE LOCAL,1,1
2008,3904817,048173,MIDVIEW LOCAL,1,1
2008,3904819,048199,LUCAS COUNTY ESC,4,1
2008,3904820,048207,ANTHONY WAYNE LOCAL,1,1
2008,3904821,048215,OTTAWA HILLS LOCAL,1,1
2008,3904822,048223,SPRINGFIELD LOCAL,1,1
2008,3904823,048231,WASHINGTON LOCAL,1,1
2008,3904825,048256,JEFFERSON LOCAL,1,1
2008,3904826,048264,JONATHAN ALDER LOCAL,1,1
2008,3904827,048272,MADISON-PLAINS LOCAL,1,1
2008,3904828,048280,MAHONING COUNTY ESC,4,1
2008,3904829,048298,AUSTINTOWN LOCAL,1,1
2008,3904830,048306,BOARDMAN LOCAL,1,1
2008,3904831,048314,CANFIELD LOCAL,1,1
2008,3904832,048322,JACKSON-MILTON LOCAL,1,1
2008,3904833,048330,LOWELLVILLE LOCAL,1,1
2008,3904834,048348,POLAND LOCAL,1,1
2008,3904835,048355,SEBRING LOCAL,1,1
2008,3904836,048363,SOUTH RANGE LOCAL,1,1
2008,3904837,048371,SPRINGFIELD LOCAL,1,1
2008,3904838,048389,WEST BRANCH LOCAL,1,1
2008,3904839,048397,WESTERN RESERVE LOCAL,1,1
2008,3904841,048413,ELGIN LOCAL,1,1
2008,3904842,048421,PLEASANT LOCAL,1,1
2008,3904843,048439,RIDGEDALE LOCAL,1,1
2008,3904844,048447,RIVER VALLEY LOCAL,1,1
2008,3904845,048454,MEDINA COUNTY ESC,4,1
2008,3904846,048462,BLACK RIVER LOCAL,1,1
2008,3904847,048470,BUCKEYE LOCAL,1,1
2008,3904848,048488,CLOVERLEAF LOCAL,1,1
2008,3904849,048496,HIGHLAND LOCAL,1,1
2008,3904851,048512,EASTERN LOCAL,1,1
2008,3904852,048520,MEIGS LOCAL,1,1
2008,3904853,048538,SOUTHERN LOCAL,1,1
2008,3904854,048546,MERCER COUNTY ESC,4,1
2008,3904857,048579,PARKWAY LOCAL,1,1
2008,3904858,048587,ST HENRY CONSOLIDATED LOCAL,1,1
2008,3904859,048595,FORT RECOVERY LOCAL,1,1
2008,3904860,048603,MIAMI COUNTY ESC,4,1
2008,3904861,048611,BETHEL LOCAL,1,1
2008,3904862,048629,MIAMI EAST LOCAL,1,1
2008,3904863,048637,NEWTON LOCAL,1,1
2008,3904865,048652,SWITZERLAND OF OHIO LOCAL,1,1
2008,3904866,048660,MONTGOMERY COUNTY ESC,4,1
2008,3904867,048678,BROOKVILLE LOCAL,1,1
2008,3904868,048686,JEFFERSON TOWNSHIP LOCAL,1,1
2008,3904869,048694,TROTWOOD-MADISON CITY,1,1
2008,3904870,048702,MAD RIVER LOCAL,1,1
2008,3904871,048710,NEW LEBANON LOCAL,1,1
2008,3904872,048728,NORTHMONT CITY,1,1
2008,3904873,048736,NORTHRIDGE LOCAL,1,1
2008,3904874,048744,VALLEY VIEW LOCAL,1,1
2008,3904875,048751,HUBER HEIGHTS CITY,1,1
2008,3904877,048777,MORGAN LOCAL,1,1
2008,3904879,048793,CARDINGTON-LINCOLN LOCAL,1,1
2008,3904880,048801,HIGHLAND LOCAL,1,1
2008,3904881,048819,NORTHMOR LOCAL,1,1
2008,3904883,048835,EAST MUSKINGUM LOCAL,1,1
2008,3904884,048843,FRANKLIN LOCAL,1,1
2008,3904885,048850,MAYSVILLE LOCAL,1,1
2008,3904887,048876,TRI-VALLEY LOCAL,1,1
2008,3904888,048884,WEST MUSKINGUM LOCAL,1,1
2008,3904890,048900,NOBLE LOCAL,1,1
2008,3904892,048926,BENTON CARROLL SALEM LOCAL,1,1
2008,3904893,048934,DANBURY LOCAL,1,1
2008,3904894,048942,GENOA AREA LOCAL,1,1
2008,3904895,048959,MIDDLE BASS LOCAL,1,1
2008,3904896,048967,NORTH BASS LOCAL,1,1
2008,3904897,048975,PUT-IN-BAY LOCAL,1,1
2008,3904899,048991,ANTWERP LOCAL,1,1
2008,3904900,049296,TWIN VALLEY COMMUNITY LOCAL,1,1
2008,3904903,049031,WAYNE TRACE LOCAL,1,1
2008,3904905,049056,NORTHERN LOCAL,1,1
2008,3904906,049064,SOUTHERN LOCAL,1,1
2008,3904907,049072,PICKAWAY COUNTY ESC,4,1
2008,3904908,049080,LOGAN ELM LOCAL,1,1
2008,3904909,049098,TEAYS VALLEY LOCAL,1,1
2008,3904910,049106,WESTFALL LOCAL,1,1
2008,3904912,049122,EASTERN LOCAL,1,1
2008,3904913,049130,SCIOTO VALLEY LOCAL,1,1
2008,3904914,049148,WAVERLY CITY,1,1
2008,3904915,049155,WESTERN LOCAL,1,1
2008,3904916,049163,PORTAGE COUNTY ESC,4,1
2008,3904917,049171,AURORA CITY,1,1
2008,3904918,049189,CRESTWOOD LOCAL,1,1
2008,3904919,049197,FIELD LOCAL,1,1
2008,3904920,049205,JAMES A GARFIELD LOCAL,1,1
2008,3904921,049213,ROOTSTOWN LOCAL,1,1
2008,3904922,049221,SOUTHEAST LOCAL,1,1
2008,3904923,049239,STREETSBORO CITY,1,1
2008,3904924,049247,WATERLOO LOCAL,1,1
2008,3904925,049254,PREBLE COUNTY ESC,4,1
2008,3904926,091397,TRI-COUNTY NORTH LOCAL,1,1
2008,3904927,049270,NATIONAL TRAIL LOCAL,1,1
2008,3904928,049288,PREBLE SHAWNEE LOCAL,1,1
2008,3904930,049304,PUTNAM COUNTY ESC,4,1
2008,3904931,049312,COLUMBUS GROVE LOCAL,1,1
2008,3904932,049320,CONTINENTAL LOCAL,1,1
2008,3904933,049338,JENNINGS LOCAL,1,1
2008,3904934,049346,KALIDA LOCAL,1,1
2008,3904935,049353,LEIPSIC LOCAL,1,1
2008,3904936,049361,MILLER CITY-NEW CLEVELAND LOCAL,1,1
2008,3904937,049379,OTTAWA-GLANDORF LOCAL,1,1
2008,3904938,049387,OTTOVILLE LOCAL,1,1
2008,3904939,049395,PANDORA-GILBOA LOCAL,1,1
2008,3904941,049411,CLEAR FORK VALLEY LOCAL,1,1
2008,3904942,049429,CRESTVIEW LOCAL,1,1
2008,3904943,049437,LEXINGTON LOCAL,1,1
2008,3904944,049445,LUCAS LOCAL,1,1
2008,3904945,049452,MADISON LOCAL,1,1
2008,3904946,049460,PLYMOUTH-SHILOH LOCAL,1,1
2008,3904947,049478,ONTARIO LOCAL,1,1
2008,3904949,049494,ADENA LOCAL,1,1
2008,3904950,049502,HUNTINGTON LOCAL,1,1
2008,3904951,049510,PAINT VALLEY LOCAL,1,1
2008,3904952,049528,SOUTHEASTERN LOCAL,1,1
2008,3904953,049536,UNION-SCIOTO LOCAL,1,1
2008,3904954,049544,ZANE TRACE LOCAL,1,1
2008,3904955,049551,SANDUSKY COUNTY ESC,4,2
2008,3904956,049569,LAKOTA LOCAL,1,1
2008,3904957,049577,WOODMORE LOCAL,1,1
2008,3904959,049593,BLOOM-VERNON LOCAL,1,1
2008,3904961,049619,GREEN LOCAL,1,1
2008,3904962,049627,MINFORD LOCAL,1,1
2008,3904963,049635,NORTHWEST LOCAL,1,1
2008,3904964,049643,VALLEY LOCAL,1,1
2008,3904965,049650,WASHINGTON-NILE LOCAL,1,1
2008,3904966,049668,WHEELERSBURG LOCAL,1,1
2008,3904968,049684,SENECA EAST LOCAL,1,1
2008,3904969,049692,BETTSVILLE LOCAL,1,1
2008,3904970,049700,HOPEWELL-LOUDON LOCAL,1,1
2008,3904971,049718,NEW RIEGEL LOCAL,1,1
2008,3904974,049742,SHELBY COUNTY ESC,4,1
2008,3904976,049767,BOTKINS LOCAL,1,1
2008,3904977,049775,FAIRLAWN LOCAL,1,1
2008,3904978,049783,FORT LORAMIE LOCAL,1,1
2008,3904979,049791,HARDIN-HOUSTON LOCAL,1,1
2008,3904981,049817,RUSSIA LOCAL,1,1
2008,3904982,049825,STARK COUNTY ESC,4,1
2008,3904983,049833,CANTON LOCAL,1,1
2008,3904984,049841,FAIRLESS LOCAL,1,1
2008,3904985,049858,JACKSON LOCAL,1,1
2008,3904986,049866,LAKE LOCAL,1,1
2008,3904987,049874,LOUISVILLE CITY,1,1
2008,3904988,049882,MARLINGTON LOCAL,1,1
2008,3904989,049890,MINERVA LOCAL,1,1
2008,3904990,049908,NORTHWEST LOCAL,1,1
2008,3904991,049916,OSNABURG LOCAL,1,1
2008,3904992,049924,PERRY LOCAL,1,1
2008,3904993,049932,PLAIN LOCAL,1,1
2008,3904994,049940,SANDY VALLEY LOCAL,1,1
2008,3904995,049957,TUSLAW LOCAL,1,1
2008,3904996,049965,SUMMIT COUNTY ESC,4,1
2008,3904997,049973,WOODRIDGE LOCAL,1,1
2008,3904998,049981,COPLEY-FAIRLAWN CITY,1,1
2008,3904999,049999,COVENTRY LOCAL,1,1
2008,3905000,050005,MANCHESTER LOCAL,1,1
2008,3905001,050013,GREEN LOCAL,1,1
2008,3905002,050021,HUDSON CITY,1,1
2008,3905003,050039,MOGADORE LOCAL,1,1
2008,3905004,050047,NORDONIA HILLS CITY,1,1
2008,3905005,050054,REVERE LOCAL,1,1
2008,3905006,050062,SPRINGFIELD LOCAL,1,1
2008,3905007,050070,TWINSBURG CITY,1,1
2008,3905008,050088,TRUMBULL COUNTY ESC,4,1
2008,3905009,050096,BLOOMFIELD-MESPO LOCAL,1,1
2008,3905011,050112,BRISTOL LOCAL,1,1
2008,3905012,050120,BROOKFIELD LOCAL,1,1
2008,3905013,050138,CHAMPION LOCAL,1,1
2008,3905015,050153,MATHEWS LOCAL,1,1
2008,3905016,050161,HOWLAND LOCAL,1,1
2008,3905017,050179,JOSEPH BADGER LOCAL,1,1
2008,3905018,050187,LAKEVIEW LOCAL,1,1
2008,3905019,050195,LIBERTY LOCAL,1,1
2008,3905020,050203,LORDSTOWN LOCAL,1,1
2008,3905021,050211,MAPLEWOOD LOCAL,1,1
2008,3905022,050229,MCDONALD LOCAL,1,1
2008,3905023,050237,SOUTHINGTON LOCAL,1,1
2008,3905024,050245,LABRAE LOCAL,1,1
2008,3905025,050252,WEATHERSFIELD LOCAL,1,1
2008,3905026,050260,TUSCARAWAS-CARROLL-HARRISON ESC,4,1
2008,3905027,050278,GARAWAY LOCAL,1,1
2008,3905028,050286,INDIAN VALLEY LOCAL,1,1
2008,3905029,050294,STRASBURG-FRANKLIN LOCAL,1,1
2008,3905030,050302,TUSCARAWAS VALLEY LOCAL,1,1
2008,3905032,050328,FAIRBANKS LOCAL,1,1
2008,3905033,050336,NORTH UNION LOCAL,1,1
2008,3905035,050351,CRESTVIEW LOCAL,1,1
2008,3905039,050393,VINTON COUNTY LOCAL,1,1
2008,3905040,050401,WARREN COUNTY ESC,4,1
2008,3905041,050419,CARLISLE LOCAL,1,1
2008,3905042,050427,SPRINGBORO COMMUNITY CITY,1,1
2008,3905043,050435,KINGS LOCAL,1,1
2008,3905044,050443,LITTLE MIAMI LOCAL,1,1
2008,3905045,050450,MASON CITY,1,1
2008,3905046,050468,WAYNE LOCAL,1,1
2008,3905048,050484,FORT FRYE LOCAL,1,1
2008,3905049,050492,FRONTIER LOCAL,1,1
2008,3905051,050518,WOLF CREEK LOCAL,1,1
2008,3905052,050526,TRI-COUNTY ESC,4,1
2008,3905053,050534,CHIPPEWA LOCAL,1,1
2008,3905054,050542,DALTON LOCAL,1,1
2008,3905055,050559,GREEN LOCAL,1,1
2008,3905056,050567,NORTH CENTRAL LOCAL,1,1
2008,3905058,050583,SOUTHEAST LOCAL,1,1
2008,3905059,050591,TRIWAY LOCAL,1,1
2008,3905061,050617,EDGERTON LOCAL,1,1
2008,3905062,050625,EDON-NORTHWEST LOCAL,1,1
2008,3905063,050633,MILLCREEK-WEST UNITY LOCAL,1,1
2008,3905064,050641,NORTH CENTRAL LOCAL,1,1
2008,3905065,050658,STRYKER LOCAL,1,1
2008,3905066,050666,WOOD COUNTY ESC,4,1
2008,3905067,050674,EASTWOOD LOCAL,1,1
2008,3905068,050682,ELMWOOD LOCAL,1,1
2008,3905069,050690,LAKE LOCAL,1,1
2008,3905070,050708,NORTH BALTIMORE LOCAL,1,1
2008,3905071,050716,NORTHWOOD LOCAL,1,1
2008,3905072,050724,OTSEGO LOCAL,1,1
2008,3905074,050740,MOHAWK LOCAL,1,1
2008,3905077,050773,APOLLO,4,1
2008,3905079,050799,SOUTHERN HILLS,4,1
2008,3905081,050815,ASHTABULA COUNTY,4,1
2008,3905085,050856,BELMONT-HARRISON,4,1
2008,3905088,050880,BUTLER TECHNOLOGY & CAREER DEVELOPMENT SCHOOLS,4,1
2008,3905090,050906,COLUMBIANA COUNTY,4,1
2008,3905092,050922,CUYAHOGA VALLEY CAREER CENTER,4,1
2008,3905094,050948,POLARIS,4,1
2008,3905096,050963,FOUR COUNTY,4,1
2008,3905098,050989,DELAWARE AREA CAREER CENTER,4,1
2008,3905100,051003,EASTLAND-FAIRFIELD CAREER/TECH,4,1
2008,3905102,051029,EHOVE CAREER CENTER,4,1
2008,3905104,051045,GREENE COUNTY JT VOC SD,4,1
2008,3905106,051060,GREAT OAKS INST OF TECHNOLOGY,4,1
2008,3905112,051128,JEFFERSON COUNTY,4,1
2008,3905114,051144,KNOX COUNTY JVSD,4,1
2008,3905116,051169,AUBURN,4,1
2008,3905118,051185,LAWRENCE COUNTY,4,1
2008,3905120,051201,CAREER AND TECHNOLOGY EDUCATIONAL CENTERS,4,1
2008,3905122,051227,LORAIN COUNTY JVS,4,1
2008,3905124,051243,MAHONING CO CAREER & TECH CTR,4,1
2008,3905128,051284,MIAMI VALLEY CAREER TECH,4,1
2008,3905130,051300,MID-EAST CAREER AND TECHNOLOGY CENTERS,4,1
2008,3905133,051334,OHIO HI-POINT CAREER CENTER,4,1
2008,3905135,051359,PENTA CAREER CENTER,4,1
2008,3905137,051375,PIKE COUNTY AREA,4,1
2008,3905139,051391,MAPLEWOOD CAREER CENTER,4,1
2008,3905141,051417,PIONEER CAREER & TECHNOLOGY,4,1
2008,3905143,051433,PICKAWAY-ROSS COUNTY JVSD,4,1
2008,3905145,051458,VANGUARD-SENTINEL,4,1
2008,3905147,051474,WARREN COUNTY VOCATIONAL SCHOOL,4,1
2008,3905149,051490,SCIOTO COUNTY JOINT VOCATIONAL SCHOOL,4,1
2008,3905153,051532,SPRINGFIELD-CLARK COUNTY,4,1
2008,3905160,051607,TRI-COUNTY CAREER CENTER,4,1
2008,3905163,051631,TRUMBULL CAREER & TECH CTR,4,1
2008,3905165,051656,BUCKEYE,4,1
2008,3905167,051672,VANTAGE CAREER CENTER,4,1
2008,3905169,051698,WASHINGTON COUNTY,4,1
2008,3905171,051714,WAYNE COUNTY JVSD,4,1
2008,3906190,061903,ADAMS COUNTY/OHIO VALLEY LOCAL,1,1
2008,3906202,062026,STARK COUNTY AREA,4,1
2008,3906204,062042,ASHLAND COUNTY-WEST HOLMES,4,1
2008,3906206,062067,GALLIA-JACKSON-VINTON,4,1
2008,3906210,062109,MEDINA COUNTY,4,1
2008,3906212,062125,UPPER VALLEY,4,1
2008,3906280,062802,U S GRANT,4,1
2008,3906349,063495,PORTAGE LAKES,4,1
2008,3906351,063511,TOLLES CAREER & TECHNICAL CENTER,4,1
2008,3906496,064964,COLLEGE CORNER LOCAL,1,1
2008,3906522,065227,COSHOCTON COUNTY,4,1
2008,3906526,065268,TRI-RIVERS,4,1
2008,3906568,065680,GALLIA COUNTY LOCAL,1,1
2008,3906968,069682,EAST GUERNSEY LOCAL,1,1
2008,3910000,043984,FINDLAY CITY,1,1
2008,3910001,047464,VAN BUREN LOCAL,1,1
2008,3910002,047415,ARCADIA LOCAL,1,1
2008,3910003,044784,SIDNEY CITY,1,1
2008,3910004,049759,ANNA LOCAL,1,1
2008,3910005,049809,JACKSON CENTER LOCAL,1,1
2008,3910006,044735,SALEM CITY,1,1
2008,3910007,045443,LEETONIA EXEMPTED VILLAGE,1,1
2008,3910008,045344,CRESTLINE EXEMPTED VILLAGE,1,1
2008,3910009,044776,SHELBY CITY,1,1
2008,3910010,046920,MIAMI TRACE LOCAL,1,1
2008,3910011,045013,WASHINGTON COURT HOUSE CITY,1,1
2008,3910012,044420,MOUNT VERNON CITY,1,1
2008,3910013,047845,EAST KNOX LOCAL,1,1
2008,3910014,047894,RIVERSIDE LOCAL,1,1
2008,3910015,044628,PAINESVILLE CITY LOCAL,1,1
2008,3910016,046581,ORANGE CITY,1,1
2008,3910017,043562,BEDFORD CITY,1,1
2008,3910018,050500,WARREN LOCAL,1,1
2008,3910019,044321,MARIETTA CITY,1,1
2008,3910020,045302,CLYDE-GREEN SPRINGS EXEMPTED VILLAGE,1,1
2008,3910021,049726,OLD FORT LOCAL,1,1
2008,3910022,050369,LINCOLNVIEW LOCAL,1,1
2008,3910023,044966,VAN WERT CITY,1,1
2008,3910024,045625,UPPER SANDUSKY EXEMPTED VILLAGE,1,1
2008,3910025,044172,KENTON CITY,1,1
2008,3910026,049601,CLAY LOCAL,1,1
2008,3910027,044669,PORTSMOUTH CITY,1,1
2008,3910028,045591,RITTMAN EXEMPTED VILLAGE,1,1
2008,3910029,044974,WADSWORTH CITY,1,1
2008,3910030,043729,CELINA CITY,1,1
2008,3910031,048553,MARION LOCAL,1,1
2008,3910032,045120,WOOSTER CITY,1,1
2008,3910033,050575,NORTHWESTERN LOCAL,1,1
2009,3900001,071530,OHIO SCHOOL FOR THE DEAF,5,1
2009,3900002,071548,OHIO STATE SCHOOL FOR THE BLIN,5,1
2009,3900008,125252,MUSKINGUM VALLEY ESC,4,1
2009,3900009,125658,SOUTH CENTRAL OHIO ESC,4,1
2009,3900011,125674,PERRY-HOCKING ESC,4,1
2009,3900012,125682,GALLIA-VINTON ESC,4,1
2009,3900013,125690,NORTH POINT EDUCATIONAL SERVICE CENTER,4,1
2009,3900014,123281,OHIO VALLEY ESC,4,1
2009,3900015,124297,NORTHWEST OHIO EDUCATIONAL SERVICE CENTER,4,1
2009,3900017,134072,YOUNGSTOWN COMMUNITY SCHOOL,7,1
2009,3900018,134080,EAGLE HEIGHTS ACADEMY,7,1
2009,3900019,134098,CONSTELLATION SCHOOLS: OLD BROOKLYN COMMUNITY ELEMENTARY,7,1
2009,3900020,134106,HARMONY COMMUNITY SCHOOL,7,2
2009,3900022,134122,AUTISM MODEL SCHOOL,7,1
2009,3900023,134148,AURORA ACADEMY,7,1
2009,3900024,134171,MEADOWS CHOICE COMMUNITY,7,1
2009,3900025,134197,HOPE ACADEMY CHAPELSIDE CAMPUS,7,1
2009,3900026,134205,HOPE ACADEMY CATHEDRAL CAMPUS,7,1
2009,3900027,134213,HOPE ACADEMY UNIVERSITY,7,1
2009,3900028,134221,HOPE ACADEMY BROWN ST CAMPUS,7,1
2009,3900029,134247,CITY DAY COMMUNITY SCHOOL,7,1
2009,3900031,133512,CINCINNATI COLLEGE PREPARATORY ACADEMY,7,1
2009,3900032,133520,CITIZENS ACADEMY,7,1
2009,3900033,133538,EDGE ACADEMY  THE,7,1
2009,3900036,133561,MILLENNIUM COMMUNITY SCHOOL,7,1
2009,3900038,133587,SUMMIT ACADEMY COMMUNITY SCHOOL FOR ALT LEARNERS OF AKRON,7,1
2009,3900040,133629,HORIZON SCIENCE ACAD CLEVELAND,7,1
2009,3900042,133660,HORIZON SCIENCE ACADEMY COLUMBUS,7,1
2009,3900043,133678,RIVERSIDE ACADEMY,7,1
2009,3900047,133736,RICHARD ALLEN ACADEMY,7,1
2009,3900048,133744,THE ISUS INSTITUTE OF CONSTRUCTION TECHNOLOGY,7,1
2009,3900050,133801,LIFE SKILLS CTR OF YOUNGSTOWN,7,1
2009,3900051,133819,HOPE ACADEMY LINCOLN PARK,7,1
2009,3900052,133835,LIFE SKILLS CTR OF CLEVELAND,7,1
2009,3900053,133868,LIFE SKILLS CENTER OF AKRON,7,1
2009,3900056,133942,TOLEDO SCHOOL FOR THE ARTS,7,1
2009,3900057,133959,DAYTON LEADERSHIP ACADEMIES-DAYTON LIBERTY CAMPUS,7,1
2009,3900058,133967,GEORGE WASHINGTON CARVER PREPARATORY ACADEMY,7,1
2009,3900059,133975,TOLEDO ACADEMY OF LEARNING,7,2
2009,3900061,134189,HOPE ACADEMY BROADWAY CAMPUS,7,1
2009,3900062,134262,ACADEMY OF BUSINESS & TECH,7,1
2009,3900063,123257,NORTH CENTRAL OHIO ESC,4,1
2009,3900064,123521,MID-OHIO ESC,4,1
2009,3900065,133215,INTERGENERATIONAL SCHOOL  THE,7,1
2009,3900066,133223,LIGHTHOUSE COMM & PROF DEV,7,1
2009,3900068,133256,CONSTELLATION SCHOOLS: PARMA COMMUNITY,7,1
2009,3900071,133306,SUMMIT ACADEMY-CANTON,7,1
2009,3900072,133330,T.C.P. WORLD ACADEMY,7,1
2009,3900073,133348,RICHARD ALLEN PREPARATORY,7,1
2009,3900074,133355,CINCINNATI ACADEMY OF EXCELLENCE,7,2
2009,3900075,133363,QUEST ACADEMY COMMUNITY,7,1
2009,3900076,133371,OMEGA SCHOOL OF EXCELLENCE,7,2
2009,3900077,133389,LIGHTHOUSE COMMUNITY SCH INC,7,1
2009,3900078,133405,W.E.B. DUBOIS,7,1
2009,3900079,133413,ELECTRONIC CLASSROOM OF TOMORROW,7,1
2009,3900080,133421,GRAHAM SCHOOL  THE,7,1
2009,3900081,133439,CORNERSTONE ACADEMY COMMUNITY,7,1
2009,3900082,133447,ALLIANCE ACADEMY OF TOLEDO,7,2
2009,3900083,133454,DAYTON LEADERSHIP ACADEMIES-DAYTON VIEW CAMPUS,7,1
2009,3900084,133488,LIFE SKILLS OF TRUMBULL COUNTY,7,1
2009,3900086,133785,LIFE SKILLS CTR OF CINCINNATI,7,1
2009,3900087,133918,ACADEMY OF DAYTON,7,1
2009,3900089,134288,EAST END COMM HERITAGE SCHOOL,7,1
2009,3900090,134999,WESTERN BUCKEYE ESC,4,1
2009,3900091,135145,ATHENS-MEIGS ESC,4,1
2009,3900092,137364,MADISON-CHAMPAIGN ESC,4,1
2009,3900093,138222,ROSS-PIKE ESC,4,1
2009,3900094,139303,MONROE LOCAL SCHOOL DISTRICT,1,1
2009,3900096,132746,SUMMIT ACADEMY-MIDDLETOWN,7,1
2009,3900097,132761,SUMMIT ACADEMY-XENIA,7,1
2009,3900098,132779,SUMMIT ACADEMY MIDDLE SCHOOL-AKRON,7,1
2009,3900099,132787,SPRINGFIELD ACAD OF EXCELLENCE,7,1
2009,3900100,132795,LIFE SKILLS CENTER-SPRINGFIELD,7,1
2009,3900101,132803,LIFE SKILLS CENTER-MIDDLETOWN,7,1
2009,3900102,132951,CONSTELLATION SCHOOLS: LORAIN COMMUNITY ELEMENTARY,7,1
2009,3900103,132969,CONSTELLATION SCHOOLS: ELYRIA COMMUNITY ELEMENTARY,7,1
2009,3900104,132985,YOUTHBUILD COLUMBUS COMMUNITY,7,1
2009,3900105,132993,CONSTELLATION SCHOOLS: WESTPARK COMMUNITY ELEMENTARY,7,1
2009,3900106,133264,DOHN COMMUNITY,7,1
2009,3900107,133280,WASHINGTON PARK COMMUNITY,7,1
2009,3900108,133314,SUMMIT ACDY COMMUNITY SCHOOL FOR ALTE LEARNERS OF YOUNGSTOWN,7,2
2009,3900109,133322,SUMMIT ACADEMY-LORAIN,7,1
2009,3900110,133397,MONTESSORI RENAISSANCE EXPERIENCE,7,2
2009,3900113,133504,PHOENIX COMMUNITY LEARNING CTR,7,1
2009,3900115,133769,NEW CHOICES COMMUNITY SCHOOL,7,1
2009,3900116,133900,ACADEMY OF CLEVELAND,7,6
2009,3900117,143297,THE AUTISM ACADEMY OF LEARNING,7,1
2009,3900118,143305,TRECA DIGITAL ACADEMY,7,1
2009,3900119,143313,HOPE ACADEMY CUYAHOGA CAMPUS,7,1
2009,3900120,143552,EAGLE ACADEMY,7,1
2009,3900121,143602,HAMILTON CNTY MATH & SCIENCE,7,1
2009,3900122,143636,W C CUPE COMMUNITY SCHOOL,7,1
2009,3900123,143644,SCIOTOVILLE,7,1
2009,3900125,000125,POLLY FOX ACADEMY COMMUNITY SCHOOL,7,1
2009,3900126,000130,PHOENIX ACADEMY COMMUNITY SCHOOL,7,1
2009,3900127,000131,GLASS CITY ACADEMY,7,1
2009,3900129,000138,PATHWAY SCHOOL OF DISCOVERY,7,1
2009,3900130,000139,ALLIANCE ACADEMY OF CINCINNATI,7,1
2009,3900131,000140,VICTORY ACADEMY OF TOLEDO,7,1
2009,3900132,000143,GEORGE A. PHILLIPS ACADEMY,7,1
2009,3900133,000162,NEWARK DIGITAL ACADEMY,7,1
2009,3900134,000195,HOPE ACADEMY EAST CAMPUS,7,1
2009,3900135,000197,HAMILTON LOCAL DIGITAL ACADEMY,7,1
2009,3900138,000222,WILDWOOD ENVIRONMENTAL ACADEMY,7,1
2009,3900142,000235,INTERNATIONAL COLLEGE PREPARATORY ACADEMY,7,2
2009,3900144,148973,PAUL LAURENCE DUNBAR ACADEMY,7,1
2009,3900145,148981,TOMORROW CENTER,7,1
2009,3900146,148999,MAHONING UNLIMITED CLASSROOM,7,1
2009,3900151,149047,GOAL DIGITAL ACADEMY,7,1
2009,3900152,149054,AKRON DIGITAL ACADEMY,7,1
2009,3900153,149062,URBANA COMMUNITY SCHOOL,7,1
2009,3900155,149088,FAIRBORN DIGITAL ACADEMY,7,1
2009,3900171,149252,CARDINAL DIGITAL ACADEMY  INC,7,2
2009,3900172,149260,CANTON LOCAL DIGITAL ACADEMY,7,6
2009,3900174,149286,KENT DIGITAL ACADEMY,7,1
2009,3900175,142901,LIFE SKILLS CENTER CANTON,7,1
2009,3900176,142919,LIFE SKILLS CENTER OF ELYRIA,7,1
2009,3900177,142927,FOCUS LEARNING ACADEMY OF SOUTHWEST COLUMBUS,7,1
2009,3900178,142935,FOCUS LEARNING ACADEMY OF SOUTHEASTERN COLUMBUS,7,1
2009,3900179,142943,FOCUS LEARNING ACADEMY OF NORTHERN COLUMBUS,7,1
2009,3900180,142950,OHIO VIRTUAL ACADEMY,7,1
2009,3900181,142968,HOPE ACADEMY NORTHCOAST,7,1
2009,3900182,142976,ENGLEWOOD PEACE ACADEMY,7,1
2009,3900183,142984,LANCASTER DIGITAL ACADEMY,7,1
2009,3900184,143115,MOUND STREET IT CAREERS ACADEMY,7,1
2009,3900185,143123,MOUND STREET MILITARY CAREERS ACADEMY,7,1
2009,3900186,143131,MOUND STREET HEALTH CAREERS ACADMY,7,1
2009,3900189,143164,LIFE SKILLS CENTER OF HAMILTON COUNTY,7,1
2009,3900190,143172,INTERNATIONAL ACAD OF COLUMBUS,7,1
2009,3900191,143180,LEGACY ACAD FOR LEADERS & ARTS,7,1
2009,3900192,143198,GREAT WESTERN ACADEMY,7,1
2009,3900193,143206,TROTWOOD FITNESS & PREP ACAD,7,1
2009,3900194,143214,MIDDLETOWN FITNESS & PREP ACAD,7,1
2009,3900198,143347,THE ISUS INSTITUTE OF MANUFACTURING,7,1
2009,3900199,143354,THE ISUS INSTITUTE OF HEALTH CARE,7,1
2009,3900201,143370,GRANVILLE T WOODS COMM SHULE,7,1
2009,3900203,143396,ALTERNATIVE EDUCATION ACADEMY,7,1
2009,3900205,143412,CRITTENTON COMMUNITY SCHOOL,7,1
2009,3900208,143446,GREATER ACHIEVEMENT COMMUNITY SCHOOL,7,2
2009,3900209,143453,MOLLIE KESSLER,7,1
2009,3900210,143461,MARCUS GARVEY ACADEMY,7,1
2009,3900211,143479,CONSTELLATION SCHOOLS: PURITAS COMMUNITY ELEMENTARY,7,1
2009,3900212,143487,CONSTELLATION SCHOOLS: STOCKYARD COMMUNITY ELEMENTARY,7,1
2009,3900213,143495,CONSTELLATION SCHOOLS: MANSFIELD COMMUNITY ELEMENTARY,7,1
2009,3900214,143503,LAKE ERIE ACADEMY,7,1
2009,3900216,143529,NORTH DAYTON SCHOOL OF SCIENCE & DISCOVERY,7,1
2009,3900217,143537,VIRTUAL COMMUNITY SCHOOL OF OHIO,7,1
2009,3900218,143545,TOLEDO PREPARATORY ACADEMY,7,1
2009,3900219,143560,RICHARD ALLEN ACADEMY II,7,1
2009,3900220,143578,RICHARD ALLEN ACADEMY III,7,1
2009,3900223,143610,ARTS & COLLEGE PREPARATORY ACADEMY,7,1
2009,3900226,148916,MARION CITY DIGITAL ACADEMY,7,1
2009,3900228,148932,FRANKLIN LOCAL COMMUNITY SCHOOL,7,1
2009,3900231,149302,LIFE SKILLS CENTER OF TOLEDO,7,1
2009,3900232,149310,AMANDA-CLEARCREEK COMMUNITY SCHOOL,7,2
2009,3900233,149328,FOXFIRE CENTER FOR STUDENT SUCCESS,7,1
2009,3900234,149336,SOUTHWEST LICKING DIGITAL ACAD,7,1
2009,3900237,060988,BUCKEYE UNITED SCHOOL DISTRICT,5,1
2009,3900238,065201,OHIO CENTRAL SCHOOL SYSTEM,5,1
2009,3900241,132944,MIAMI VALLEY ACADEMIES,7,1
2009,3900248,133850,HOPE ACADEMY CANTON CAMPUS,7,1
2009,3900250,000236,OHIO CONNECTIONS ACADEMY  INC,7,1
2009,3900252,000241,QUAKER DIGITAL ACADEMY,7,1
2009,3900259,149427,MASSILLON DIGITAL ACADEMY  INC,7,1
2009,3900262,151027,LONDON ACADEMY,7,1
2009,3900263,151035,PLEASANT COMMUNITY DIGITAL,7,1
2009,3900264,151043,RIVER VALLEY ACADEMY,7,6
2009,3900266,151076,CARDINGTON LINCOLN LOCAL DIGITAL ACADEMY,7,1
2009,3900267,151084,GRAHAM DIGITAL ACADEMY,7,1
2009,3900273,151142,LORAIN HIGH SCHOOL DIGITAL,7,1
2009,3900275,151167,RIDGEDALE COMMUNITY SCHOOL,7,1
2009,3900276,151175,WEST CENTRAL LEARNING ACADEMY II,7,1
2009,3900277,151183,LIFE SKILLS CTR OF LAKE ERIE,7,1
2009,3900278,151191,LIFE SKILLS CENTER OF SUMMIT COUNTY,7,1
2009,3900279,151209,LIFE SKILLS OF NORTHEAST OHIO,7,1
2009,3900282,151233,LAKEWOOD DIGITAL ACADEMY,7,1
2009,3900284,000523,EDUCATION ALTERNATIVES COMMUNITY SCHOOL,7,6
2009,3900285,000525,PROJECT REBUILD COMMUNITY SCHOOL,7,1
2009,3900286,000527,CLEVELAND ACADEMY FOR SCHOLARSHIP TECHNOLOGY AND LEADERSHIP,7,1
2009,3900291,000534,CONSTELLATION SCHOOLS: PURITAS COMMUNITY MIDDLE,7,1
2009,3900297,000541,CONSTELLATION SCHOOLS: OUTREACH ACADEMY FOR STUDENTS WITH DI,7,1
2009,3900299,000543,PINNACLE ACADEMY,7,1
2009,3900302,000546,WINTERFIELD VENTURE ACADEMY,7,1
2009,3900304,000553,COLUMBUS HUMANITIES  ARTS AND TECHNOLOGY ACADEMY,7,1
2009,3900305,000556,A+ ARTS ACADEMY,7,1
2009,3900306,000557,COLUMBUS ARTS & TECHNOLOGY ACADEMY,7,1
2009,3900307,000558,COLUMBUS PREPARATORY ACADEMY,7,1
2009,3900308,000559,ORION ACADEMY,7,1
2009,3900309,000560,APEX ACADEMY,7,1
2009,3900311,000564,VIRTUAL SCHOOLHOUSE  INC.,7,1
2009,3900312,000574,ARTS ACADEMY  THE,7,1
2009,3900313,000575,HOPE ACADEMY NORTHWEST CAMPUS,7,1
2009,3900314,000576,KING ACADEMY COMMUNITY SCHOOL,7,1
2009,3900315,000577,EMERSON ACADEMY,7,1
2009,3900321,000585,FCI ACADEMY,7,1
2009,3900325,000590,WICKLIFFE PROGRESSIVE COMMUNITY SCHOOL,7,1
2009,3900327,000592,SCHOOL FOR ARTS INTEGRATED LEARNING-SAIL,7,1
2009,3900331,000598,COSHOCTON OPPORTUNITY SCHOOL,7,1
2009,3900337,000608,SUMMIT ACADEMY TRANSITION HIGH SCHOOL-CINCINNATI,7,1
2009,3900338,000609,SUMMIT ACADEMY MIDDLE SCHOOL - LORAIN,7,1
2009,3900339,000610,SUMMIT ACADEMY MIDDLE SCHOOL - COLUMBUS,7,1
2009,3900341,000613,HEIR FORCE COMMUNITY SCHOOL,7,1
2009,3900342,000614,SUMMIT ACADEMY TRANSITION HIGH SCHOOL-COLUMBUS,7,1
2009,3900344,000616,SUMMIT ACDY MIDDLE SCHOOL-WARREN,7,1
2009,3900348,000621,SUMMIT ACADEMY TRANSITION HIGH SCHOOL DAYTON,7,1
2009,3900350,000623,SUMMIT ACADEMY-YOUNGSTOWN,7,1
2009,3900356,000629,SUMMIT ACADEMY COMMUNITY SCHOOL - PAINESVILLE,7,1
2009,3900360,000633,SUMMIT ACADEMY SECONDARY SCHOOL - TOLEDO,7,1
2009,3900361,000634,SUMMIT ACADEMY SECONDARY SCHOOL - MIDDLETOWN,7,1
2009,3900366,000640,RITTMAN ACADEMY,7,1
2009,3900377,000652,FIVE R'S ACADEMY,7,1
2009,3900378,000654,ASPIRE ACADEMY  THE,7,6
2009,3900381,000664,LIFE SKILLS CENTER OF COLUMBUS SOUTHEAST,7,1
2009,3900382,000677,NEW DAY ACADEMY BOARDING & DAY SCHOOL,7,1
2009,3900383,000679,OAKSTONE COMMUNITY SCHOOL,7,1
2009,3900385,147231,SCHNEE LEARNING CENTER,7,1
2009,3900392,000578,UPPER ARLINGTON COMMUNITY HIGH SCHOOL,7,1
2009,3900394,000700,NEW CITY SCHOOL,7,1
2009,3900396,000725,ZENITH ACADEMY,7,1
2009,3900399,000736,PHOENIX VILLAGE ACADEMY PRIMARY 2,7,1
2009,3900400,000738,PHOENIX VILLAGE ACADEMY: SECONDARY I,7,1
2009,3900402,000740,PHOENIX VILLAGE ACADEMY PRIMARY 1,7,6
2009,3900404,000743,PSCHTECIN PUBLIC SCHOOL,7,1
2009,3900428,000770,MARITIME ACADEMY OF TOLEDO  THE,7,1
2009,3900431,000775,WEEMS SCHOOL,7,2
2009,3900433,000777,EDUCATIONAL ACADEMY AT LINDEN,7,1
2009,3900434,000779,EDUCATIONAL ACADEMY FOR BOYS & GIRLS,7,1
2009,3900435,000780,MIDNIMO CROSS CULTURAL COMMUNITY SCHOOL,7,1
2009,3900436,000781,CINCINNATI SPEECH & READING INTERVENTION CENTER,7,1
2009,3900438,000784,ACADEMY OF COLUMBUS,7,1
2009,3900441,000804,HORIZON SCIENCE ACADEMY-CINCINNATI,7,1
2009,3900444,000808,HORIZON SCIENCE ACADEMY-DAYTON,7,1
2009,3900448,000813,LIFE SKILLS CENTER OF DAYTON,7,1
2009,3900451,000825,HORIZON SCIENCE ACADEMY-SPRINGFIELD,7,1
2009,3900454,000838,HORIZON SCIENCE ACADEMY-DENISON MIDDLE SCHOOL,7,1
2009,3900457,000843,BENNETT VENTURE ACADEMY,7,1
2009,3900467,000855,STAMBAUGH CHARTER ACADEMY,7,1
2009,3900470,000858,HORIZON SCIENCE ACADEMY-CLEVELAND MIDDLE SCHOOL,7,1
2009,3900474,000875,WESTSIDE ACADEMY,7,1
2009,3900478,000905,INTERACTIVE MEDIA & CONSTRUCTION (IMAC),7,1
2009,3900479,000909,V L T ACADEMY,7,1
2009,3900484,000915,ASPIRING TO EXCELLENCE AND ACHIEVEMENT,7,1
2009,3900486,000268,TIFFIN CITY DIGITAL ACADEMY,7,1
2009,3900487,000277,SCHOLARTS PREPARATORY AND CAREER CENTER FOR CHILDREN,7,1
2009,3900488,000282,WARREN COUNTY VIRTUAL COMMUNITY SCHOOL,7,1
2009,3900489,000287,AUGLAIZE COUNTY SPECIAL NEEDS SCHOOL,7,2
2009,3900490,000288,AUGLAIZE COUNTY EDUCATIONAL ACADEMY,7,1
2009,3900491,000292,EAST MUSKINGUM ACADEMY,7,6
2009,3900492,000296,SUMMIT ACADEMY COLUMBUS,7,1
2009,3900493,000297,SUMMIT ACADEMY DAYTON,7,1
2009,3900494,000298,SUMMIT ACADEMY SECONDARY - AKRON,7,1
2009,3900495,000300,SUMMIT ACADEMY SECONDARY - CANTON,7,1
2009,3900496,000301,SUMMIT ACADEMY SECONDARY - LORAIN,7,1
2009,3900497,000302,SUMMIT ACADEMY SECONDARY SCHOOL-PARMA,7,1
2009,3900498,000303,SUMMIT ACADEMY SECONDARY - YOUNGSTOWN,7,1
2009,3900499,000304,SUMMIT ACADEMY COMMUNITY SCHOOL-TOLEDO,7,1
2009,3900500,000305,SUMMIT ACADEMY COMMUNITY SCHOOL-WARREN,7,1
2009,3900501,000306,SUMMIT ACADEMY CINCINNATI,7,1
2009,3900502,000311,BRIDGES COMMUNITY ACADEMY,7,1
2009,3900503,000316,CONSTELLATION SCHOOLS: WESTPARK COMMUNITY MIDDLE,7,1
2009,3900505,000318,MENLO PARK ACADEMY,7,1
2009,3900506,000319,CONSTELLATION SCHOOLS: MADISON COMMUNITY ELEMENTARY,7,1
2009,3900507,000320,CONSTELLATION SCHOOLS: LORAIN COMMUNITY MIDDLE,7,1
2009,3900508,000321,CONSTELLATION SCHOOLS: OLD BROOKLYN COMMUNITY MIDDLE,7,1
2009,3900510,000338,HORIZON SCIENCE ACADEMY TOLEDO,7,1
2009,3900511,000343,CHASE ACADEMY FOR COMMUNICATION ARTS,7,1
2009,3900514,000360,MIAMISBURG SECONDARY DIGITAL ACADEMY,7,1
2009,3900519,000368,UPPER ARLINGTON INTERNATIONAL BACCALAUREATE HIGH SCHOOL,7,1
2009,3900523,000392,MANSFIELD ENHANCEMENT ACADEMY,7,1
2009,3900525,000396,MANSFIELD ELECTIVE ACADEMY,7,1
2009,3900528,000402,FINDLAY DIGITAL ACADEMY,7,1
2009,3900530,000417,BUCKEYE ON-LINE SCHOOL FOR SUCCESS,7,1
2009,3900531,000418,GREATER HEIGHTS ACADEMY,7,6
2009,3900533,000420,COLUMBUS BILINGUAL ACADEMY,7,1
2009,3900534,000426,LANCASTER FAIRFIELD COMMUNITY SCHOOL,7,1
2009,3900535,000427,CARTER G. WOODSON INSTITUTE,7,1
2009,3900537,000442,MANCHESTER LOCAL,1,1
2009,3900538,000445,GENERAL CHAPPIE JAMES LEADERSHIP ACADEMY,7,1
2009,3900540,000461,PACE CAREER CENTRAL,7,2
2009,3900543,000473,TECH CON INSTITUTE,7,1
2009,3900544,000481,P.A.C.E. HIGH SCHOOL,7,1
2009,3900546,000496,PETERSON ENTREPRENEURIAL TRAINING ENTERPRISE,7,2
2009,3900550,000509,WHITEHALL PREPARATORY AND FITNESS ACADEMY,7,1
2009,3900551,000510,SPRINGFIELD PREPARATORY AND FITNESS ACADEMY,7,1
2009,3900552,000511,NORTHLAND PREPARATORY AND FITNESS ACADEMY,7,1
2009,3900554,000922,NU BETHEL CENTER OF EXCELLENCE,7,1
2009,3900557,000930,CLEVELAND ENTREPRENEURSHIP PREPARATORY SCHOOL,7,1
2009,3900562,000936,PROMISE ACADEMY,7,1
2009,3900564,000938,PREMIER ACADEMY OF OHIO,7,1
2009,3900567,000941,PAR EXCELLENCE ACADEMY,7,1
2009,3900568,000942,LAKEWOOD CITY ACADEMY,7,1
2009,3900569,000946,CLEVELAND LIGHTHOUSE COMMUNITY SCHOOL,7,1
2009,3900572,000949,VILLAVIEW LIGHTHOUSE COMMUNITY SCHOOL,7,1
2009,3900573,000951,TOLEDO PREPARATORY AND FITNESS ACADEMY,7,1
2009,3900574,000952,COLUMBUS PREPARATORY AND FITNESS ACADEMY,7,1
2009,3900575,000953,CINCINNATI PREPARATORY AND FITNESS ACADEMY,7,1
2009,3900578,007982,ACADEMY OF ARTS AND HUMANITIES,7,1
2009,3900580,007984,YOUNGSTOWN ACADEMY OF EXCELLENCE,7,1
2009,3900581,007992,ARTS AND SCIENCE ACADEMY,7,6
2009,3900584,007995,CLEVELAND ARTS AND SOCIAL SCIENCES ACADEMY,7,1
2009,3900585,007998,CENTER FOR STUDENT ACHIEVEMENT,7,1
2009,3900586,007999,CHARLES SCHOOL AT OHIO DOMINICAN UNIVERSITY,7,1
2009,3900587,008000,MANSFIELD PREPARATORY ACADEMY,7,1
2009,3900592,008061,ARTS AND SCIENCE PREPARATORY ACADEMY,7,1
2009,3900593,008063,LIFE SKILLS CENTER OF NORTH AKRON,7,1
2009,3900594,008064,ACADEMY OF ARTS AND SCIENCES,7,1
2009,3900595,008065,IMANI LEARNING ACADEMY,7,1
2009,3900596,008066,LION OF JUDAH ACADEMY,7,1
2009,3900597,008067,ELITE ACADEMY OF THE ARTS,7,1
2009,3900598,008068,ARTS ACADEMY WEST  THE,7,1
2009,3900638,000912,ACADEMIC ACCELERATION ACADEMY,7,1
2009,3900639,008251,MAHONING VALLEY OPPORTUNITY CENTER,7,1
2009,3900640,008287,GROVEPORT COMMUNITY SCHOOL,7,1
2009,3900641,008286,HARVARD AVENUE COMMUNITY SCHOOL,7,1
2009,3900642,008283,DAYTON TECHNOLOGY DESIGN HIGH SCHOOL,7,1
2009,3900643,008282,LIFE SKILLS CENTER OF COLUMBUS NORTH,7,1
2009,3900644,008281,SOUTH SCIOTO ACADEMY,7,1
2009,3900645,008280,NOBLE ACADEMY-COLUMBUS,7,1
2009,3900646,008278,NOBLE ACADEMY-CLEVELAND,7,1
2009,3900647,008289,EAGLE LEARNING CENTER,7,1
2009,3901296,009181,CLAY AVENUE COMMUNITY SCHOOL,7,1
2009,3901298,009171,STAR ACADEMY OF TOLEDO,7,1
2009,3901301,009192,FOUNDATION ACADEMY,7,1
2009,3901302,009283,DAYTON EARLY COLLEGE ACADEMY  INC,7,1
2009,3901303,009169,MEDINA CITY SCHOOLS TECHNOLOGY SCHOOL,7,2
2009,3901305,009122,COLUMBUS COLLEGIATE ACADEMY,7,1
2009,3901308,009162,BRIDGE ACADEMY OF OHIO,7,1
2009,3901312,009154,CINCINNATI LEADERSHIP ACADEMY,7,1
2009,3901313,009164,CENTRAL ACADEMY OF OHIO,7,1
2009,3901314,009148,ZANESVILLE COMMUNITY SCHOOL,7,1
2009,3901317,009163,C.M. GRANT LEADERSHIP ACADEMY,7,1
2009,3901319,009147,GREAT LAKES ENVIRONMENTAL ACADEMY,7,1
2009,3901320,009150,LAKESIDE COLLEGE PREPARATORY ACADEMY,7,2
2009,3901321,009121,NEW DIRECTIONS ACADEMY,7,2
2009,3901322,009179,HORIZON SCIENCE ACADEMY COLUMBUS MIDDLE SCHOOL,7,1
2009,3901325,009165,GAHANNA ALTERNATIVE COMMUNITY SCHOOL,7,1
2009,3901326,009149,CONSTELLATION SCHOOLS: WESTSIDE COMMUNITY SCHOOL OF THE ARTS,7,1
2009,3901327,009178,ROMIG ROAD COMMUNITY SCHOOL,7,1
2009,3901329,009996,MAHONING COUNTY HIGH SCHOOL,7,1
2009,3901330,009997,KIPP:  JOURNEY ACADEMY,7,1
2009,3901331,010005,HORIZON SCIENCE ACADEMY CLEVELAND ELEMENTARY SCHOOL,7,1
2009,3901332,010006,KNIGHT ACADEMY,7,1
2009,3901333,010007,HORIZON SCIENCE ACADEMY DENISON ELEMENTARY SCHOOL,7,1
2009,3901334,010035,CLEVELAND ACADEMY OF MUSIC & FILM PRODUCTION,7,2
2009,3901335,010036,CESAR CHAVEZ COLLEGE PREPARATORY SCHOOL,7,1
2009,3901336,010180,MOUNT AUBURN INTERNATIONAL ACADEMY,7,1
2009,3901337,010182,PERFORMANCE ACADEMY EASTLAND,7,1
2009,3901339,010205,L. HOLLINGWORTH SCHOOL FOR TALENTED AND GIFTED,7,3
2009,3901340,009909,CONSTELLATION SCHOOLS: MANSFIELD VISUAL & PERFORMING ARTS,7,1
2009,3901341,009937,PACE COMMUNITY SCHOOL,7,2
2009,3901342,009938,STUDENT AT RISK ACADEMY (SARA),7,2
2009,3901343,009939,YOUNGSTOWN LEADERSHIP INSTITUTE,7,2
2009,3901344,009953,SULLIVANT AVENUE COMMUNITY SCHOOL,7,1
2009,3901345,009954,HARRISBURG PIKE COMMUNITY SCHOOL,7,1
2009,3901346,009955,MADISON AVENUE SCHOOL OF ARTS,7,1
2009,3901347,009957,KLEPINGER COMMUNITY SCHOOL,7,1
2009,3901348,009964,SCIOTOVILLE ELEMENTARY ACADEMY,7,1
2009,3901349,009970,DIXON EARLY LEARNING CENTER CONVERSION COMMUNITY SCHOOL,7,1
2009,3901350,009971,ASHLAND COUNTY COMMUNITY ACADEMY,7,3
2009,3901351,009982,WESTERN RESERVE ALTERNATIVE LEARNING CENTER,7,2
2009,3901352,009983,WESTERN RESERVE KINDERGARTEN LEARNING ACADEMY,7,1
2009,3901353,009990,HORIZON SCIENCE ACADEMY ELEMENTARY SCHOOL,7,1
2009,3901354,011439,PROVIDENCE ACADEMY FOR STUDENT SUCCESS,7,3
2009,3901355,011440,WINWIN ACADEMY,7,7
2009,3901356,011444,RUSHMORE ACADEMY,7,3
2009,3901357,011469,DISCOVERY ACADEMY OF TOLEDO,7,7
2009,3901358,011470,A.B. GRAHAM ACADEMY,7,3
2009,3901359,011479,VAN WERT CITY COMMUNITY SCHOOL,7,7
2009,3901360,011480,UPPER SCIOTO WIND/ENERGY ACADEMY,7,3
2009,3901361,011487,FALCON ACADEMY OF CREATIVE ARTS,7,7
2009,3901362,011507,ACHIEVE CAREER PREPARATORY ACADEMY,7,3
2009,3901363,011511,NORTH CENTRAL ACADEMY,7,3
2009,3901364,011530,L.E.A.D. ACADEMY,7,7
2009,3901365,011533,HORIZON SCIENCE ACADEMY LORAIN,7,3
2009,3901366,011534,HORIZON SCIENCE ACADEMY DAYTON HIGH SCHOOL,7,3
2009,3901367,011537,COLUMBIANA COUNTY STARS,7,7
2009,3901368,011291,VILLAGE PREPARATORY SCHOOL,7,3
2009,3901369,011381,GREATER SUMMIT COUNTY EARLY LEARNING CENTER,7,3
2009,3901370,011390,BELLA ACADEMY OF EXCELLENCE,7,3
2009,3901371,011434,L.E.A.R.N. ACADEMY,7,3
2009,3901372,011436,PLEASANT EDUCATION ACADEMY,7,7
2009,3901373,011766,ABOVE AND BEYOND TRAINING ACADEMY,7,7
2009,3901374,011506,DAYTON REGIONAL STEM SCHOOL,1,3
2009,3904348,043489,AKRON CITY,1,1
2009,3904349,043497,ALLIANCE CITY,1,1
2009,3904350,043505,ASHLAND CITY,1,1
2009,3904351,043513,ASHTABULA AREA CITY,1,1
2009,3904352,043521,ATHENS CITY,1,1
2009,3904353,043539,BARBERTON CITY,1,1
2009,3904354,043547,BAY VILLAGE CITY,1,1
2009,3904355,043554,BEACHWOOD CITY,1,1
2009,3904357,043570,BELLAIRE LOCAL,1,1
2009,3904358,043588,BELLEFONTAINE CITY,1,1
2009,3904359,043596,BELLEVUE CITY,1,1
2009,3904360,043612,BEREA CITY,1,1
2009,3904361,043604,BELPRE CITY,1,1
2009,3904362,043620,BEXLEY CITY,1,1
2009,3904363,043638,BOWLING GREEN CITY,1,1
2009,3904364,043646,BRECKSVILLE-BROADVIEW HEIGHTS CITY,1,1
2009,3904365,043653,BROOKLYN CITY,1,1
2009,3904366,043661,BRUNSWICK CITY,1,1
2009,3904367,043679,BRYAN CITY,1,1
2009,3904368,043687,BUCYRUS CITY,1,1
2009,3904369,043695,CAMBRIDGE CITY,1,1
2009,3904370,043703,CAMPBELL CITY,1,1
2009,3904371,043711,CANTON CITY,1,1
2009,3904373,043737,CENTERVILLE CITY,1,1
2009,3904374,043745,CHILLICOTHE CITY,1,1
2009,3904375,043752,CINCINNATI CITY,1,1
2009,3904376,043760,CIRCLEVILLE CITY,1,1
2009,3904377,043778,CLAYMONT CITY,1,1
2009,3904378,043786,CLEVELAND MUNICIPAL,1,1
2009,3904379,043794,CLEVELAND HEIGHTS-UNIVERSITY HEIGHTS CITY,1,1
2009,3904380,043802,COLUMBUS CITY SCHOOL DISTRICT,1,1
2009,3904381,043810,CONNEAUT AREA CITY,1,1
2009,3904382,043828,COSHOCTON CITY,1,1
2009,3904383,043836,CUYAHOGA FALLS CITY,1,1
2009,3904384,043844,DAYTON CITY,1,1
2009,3904385,043851,DEER PARK COMMUNITY CITY,1,1
2009,3904386,043869,DEFIANCE CITY,1,1
2009,3904387,043877,DELAWARE CITY,1,1
2009,3904388,043885,DELPHOS CITY,1,1
2009,3904389,043893,DOVER CITY,1,1
2009,3904390,043901,EAST CLEVELAND CITY SCHOOL DISTRICT,1,1
2009,3904391,043919,EAST LIVERPOOL CITY,1,1
2009,3904392,043927,EAST PALESTINE CITY,1,1
2009,3904393,043935,EATON COMMUNITY CITY,1,1
2009,3904394,043943,ELYRIA CITY SCHOOLS,1,1
2009,3904395,043950,EUCLID CITY,1,1
2009,3904396,043968,FAIRBORN CITY,1,1
2009,3904397,043976,FAIRVIEW PARK CITY,1,1
2009,3904399,043992,FOSTORIA CITY,1,1
2009,3904400,044008,FRANKLIN CITY,1,1
2009,3904401,044016,FREMONT CITY,1,1
2009,3904402,044024,GALION CITY,1,1
2009,3904403,044032,GALLIPOLIS CITY,1,1
2009,3904404,044040,GARFIELD HEIGHTS CITY SCHOOLS,1,1
2009,3904405,044057,GENEVA AREA CITY,1,1
2009,3904406,044065,GIRARD CITY SCHOOL DISTRICT,1,1
2009,3904407,044073,GRANDVIEW HEIGHTS CITY,1,1
2009,3904408,044081,WINTON WOODS CITY,1,1
2009,3904409,044099,GREENVILLE CITY,1,1
2009,3904410,044107,HAMILTON CITY,1,1
2009,3904411,044115,HEATH CITY,1,1
2009,3904412,044123,HILLSBORO CITY,1,1
2009,3904413,044131,HURON CITY SCHOOLS,1,1
2009,3904414,044149,IRONTON CITY,1,1
2009,3904415,044156,JACKSON CITY,1,1
2009,3904416,044164,KENT CITY,1,1
2009,3904418,044180,KETTERING CITY,1,1
2009,3904419,044198,LAKEWOOD CITY,1,1
2009,3904420,044206,LANCASTER CITY,1,1
2009,3904421,044214,LEBANON CITY,1,1
2009,3904422,044222,LIMA CITY,1,1
2009,3904423,044230,LOCKLAND LOCAL,1,1
2009,3904424,044248,LOGAN-HOCKING LOCAL,1,1
2009,3904425,044255,LONDON CITY,1,1
2009,3904426,044263,LORAIN CITY,1,1
2009,3904427,044271,LOVELAND CITY,1,1
2009,3904428,044289,MADEIRA CITY,1,1
2009,3904429,044297,MANSFIELD CITY,1,1
2009,3904430,044305,MAPLE HEIGHTS CITY,1,1
2009,3904431,044313,MARIEMONT CITY,1,1
2009,3904433,044339,MARION CITY,1,1
2009,3904434,044347,MARTINS FERRY CITY,1,1
2009,3904435,044354,MASSILLON CITY,1,1
2009,3904436,044362,MAUMEE CITY,1,1
2009,3904437,044370,MAYFIELD CITY,1,1
2009,3904438,044388,MEDINA CITY,1,1
2009,3904439,044396,MIAMISBURG CITY,1,1
2009,3904440,044404,MIDDLETOWN CITY,1,1
2009,3904441,044412,MT HEALTHY CITY,1,1
2009,3904443,044438,NAPOLEON AREA CITY,1,1
2009,3904444,044446,NELSONVILLE-YORK CITY,1,1
2009,3904445,044453,NEWARK CITY,1,1
2009,3904446,044461,NEW BOSTON LOCAL,1,1
2009,3904447,044479,NEW LEXINGTON CITY,1,1
2009,3904448,044487,NEW PHILADELPHIA CITY,1,1
2009,3904449,044495,NILES CITY,1,1
2009,3904450,044503,NORTH CANTON CITY,1,1
2009,3904451,044511,NORTH COLLEGE HILL CITY,1,1
2009,3904452,044529,NORTH OLMSTED CITY,1,1
2009,3904453,044537,NORTH RIDGEVILLE CITY,1,1
2009,3904454,044545,NORTH ROYALTON CITY,1,1
2009,3904455,044552,NORTON CITY,1,1
2009,3904456,044560,NORWALK CITY,1,1
2009,3904457,044578,NORWOOD CITY,1,1
2009,3904458,044586,OAKWOOD CITY,1,1
2009,3904459,044594,OBERLIN CITY SCHOOLS,1,1
2009,3904460,044602,OREGON CITY,1,1
2009,3904461,044610,ORRVILLE CITY,1,1
2009,3904463,044636,PARMA CITY,1,1
2009,3904464,044644,PIQUA CITY,1,1
2009,3904465,044651,PORT CLINTON CITY,1,1
2009,3904467,044677,PRINCETON CITY,1,1
2009,3904468,044685,RAVENNA CITY,1,1
2009,3904469,044693,READING COMMUNITY CITY,1,1
2009,3904470,044701,ROCKY RIVER CITY,1,1
2009,3904471,044719,ST BERNARD-ELMWOOD PLACE CITY,1,1
2009,3904472,044727,ST MARYS CITY,1,1
2009,3904474,044743,SANDUSKY CITY,1,1
2009,3904475,044750,SHAKER HEIGHTS CITY,1,1
2009,3904476,044768,SHEFFIELD-SHEFFIELD LAKE CITY,1,1
2009,3904479,044792,SOUTH EUCLID-LYNDHURST CITY,1,1
2009,3904480,044800,SOUTH-WESTERN CITY,1,1
2009,3904481,044818,SPRINGFIELD CITY,1,1
2009,3904482,044826,STEUBENVILLE CITY,1,1
2009,3904483,044834,STOW-MUNROE FALLS CITY,1,1
2009,3904484,044842,STRONGSVILLE CITY,1,1
2009,3904485,044859,STRUTHERS CITY,1,1
2009,3904486,044867,SYCAMORE COMMUNITY CITY,1,1
2009,3904487,044875,SYLVANIA CITY,1,1
2009,3904488,044883,TALLMADGE CITY,1,1
2009,3904489,044891,TIFFIN CITY,1,1
2009,3904490,044909,TOLEDO CITY,1,1
2009,3904491,044917,TORONTO CITY,1,1
2009,3904492,044925,TROY CITY,1,1
2009,3904493,044933,UPPER ARLINGTON CITY,1,1
2009,3904494,044941,URBANA CITY,1,1
2009,3904495,044958,VANDALIA-BUTLER CITY,1,1
2009,3904498,044982,WAPAKONETA CITY,1,1
2009,3904499,044990,WARREN CITY,1,1
2009,3904500,045005,WARRENSVILLE HEIGHTS CITY,1,1
2009,3904502,045021,WELLSTON CITY,1,1
2009,3904503,045039,WELLSVILLE LOCAL,1,1
2009,3904504,045047,WESTERVILLE CITY,1,1
2009,3904505,045054,WEST CARROLLTON CITY,1,1
2009,3904506,045062,WESTLAKE CITY,1,1
2009,3904507,045070,WHITEHALL CITY,1,1
2009,3904508,045088,WICKLIFFE CITY,1,1
2009,3904509,045096,WILLARD CITY,1,1
2009,3904510,045104,WILLOUGHBY-EASTLAKE CITY,1,1
2009,3904511,045112,WILMINGTON CITY,1,1
2009,3904513,045138,WORTHINGTON CITY,1,1
2009,3904514,045146,WYOMING CITY,1,1
2009,3904515,045153,XENIA COMMUNITY CITY,1,1
2009,3904516,045161,YOUNGSTOWN CITY SCHOOLS,1,1
2009,3904517,045179,ZANESVILLE CITY,1,1
2009,3904518,045187,ADA EXEMPTED VILLAGE,1,1
2009,3904519,045195,AMHERST EXEMPTED VILLAGE,1,1
2009,3904520,045203,BARNESVILLE EXEMPTED VILLAGE,1,1
2009,3904521,045211,BLUFFTON EXEMPTED VILLAGE,1,1
2009,3904522,045229,BRADFORD EXEMPTED VILLAGE,1,1
2009,3904523,045237,BRIDGEPORT EXEMPTED VILLAGE,1,1
2009,3904524,045245,HARRISON HILLS CITY,1,1
2009,3904525,045252,CALDWELL EXEMPTED VILLAGE,1,1
2009,3904526,045260,CAREY EXEMPTED VILLAGE,1,1
2009,3904527,045278,CARROLLTON EXEMPTED VILLAGE,1,1
2009,3904528,045286,CHAGRIN FALLS EXEMPTED VILLAGE,1,1
2009,3904529,045294,CHESAPEAKE UNION EXEMPTED VILLAGE,1,1
2009,3904531,045310,COLDWATER EXEMPTED VILLAGE,1,1
2009,3904532,045328,COLUMBIANA EXEMPTED VILLAGE,1,1
2009,3904533,045336,COVINGTON EXEMPTED VILLAGE,1,1
2009,3904535,045351,CROOKSVILLE EXEMPTED VILLAGE,1,1
2009,3904536,045369,FAIRPORT HARBOR EXEMPTED VILLAGE,1,1
2009,3904537,045377,GEORGETOWN EXEMPTED VILLAGE,1,1
2009,3904538,045385,GIBSONBURG EXEMPTED VILLAGE,1,1
2009,3904539,045393,GRANVILLE EXEMPTED VILLAGE,1,1
2009,3904540,045401,GREENFIELD EXEMPTED VILLAGE,1,1
2009,3904541,045419,HICKSVILLE EXEMPTED VILLAGE,1,1
2009,3904542,045427,HUBBARD EXEMPTED VILLAGE,1,1
2009,3904543,045435,INDIAN HILL EXEMPTED VILLAGE,1,1
2009,3904545,045450,LISBON EXEMPTED VILLAGE,1,1
2009,3904546,045468,LOUDONVILLE-PERRYSVILLE EXEMPTED VILLAGE,1,1
2009,3904547,045476,MARYSVILLE EXEMPTED VILLAGE,1,1
2009,3904548,045484,MECHANICSBURG EXEMPTED VILLAGE,1,1
2009,3904549,045492,MENTOR EXEMPTED VILLAGE,1,1
2009,3904550,045500,MILFORD EXEMPTED VILLAGE,1,1
2009,3904551,045518,MILTON-UNION EXEMPTED VILLAGE,1,1
2009,3904552,045526,MONTPELIER EXEMPTED VILLAGE,1,1
2009,3904553,045534,MOUNT GILEAD EXEMPTED VILLAGE,1,1
2009,3904554,045542,NEWCOMERSTOWN EXEMPTED VILLAGE,1,1
2009,3904555,045559,NEW RICHMOND EXEMPTED VILLAGE,1,1
2009,3904556,045567,NEWTON FALLS EXEMPTED VILLAGE,1,1
2009,3904557,045575,PAULDING EXEMPTED VILLAGE,1,1
2009,3904558,045583,PERRYSBURG EXEMPTED VILLAGE,1,1
2009,3904560,045609,ROSSFORD EXEMPTED VILLAGE,1,1
2009,3904561,045617,TIPP CITY EXEMPTED VILLAGE,1,1
2009,3904563,045633,VERSAILLES EXEMPTED VILLAGE,1,1
2009,3904564,045641,WAUSEON EXEMPTED VILLAGE,1,1
2009,3904565,045658,WELLINGTON EXEMPTED VILLAGE,1,1
2009,3904566,045666,WINDHAM EXEMPTED VILLAGE,1,1
2009,3904567,045674,YELLOW SPRINGS EXEMPTED VILLAGE,1,1
2009,3904574,045740,ALLEN COUNTY ESC,4,1
2009,3904575,045757,ALLEN EAST LOCAL,1,1
2009,3904576,045765,BATH LOCAL,1,1
2009,3904577,045773,ELIDA LOCAL,1,1
2009,3904578,045781,PERRY LOCAL,1,1
2009,3904579,045799,SHAWNEE LOCAL,1,1
2009,3904580,045807,SPENCERVILLE LOCAL,1,1
2009,3904582,045823,HILLSDALE LOCAL,1,1
2009,3904583,045831,MAPLETON LOCAL,1,1
2009,3904584,045849,ASHTABULA COUNTY ESC,4,1
2009,3904585,045856,BUCKEYE LOCAL,1,1
2009,3904586,045864,GRAND VALLEY LOCAL,1,1
2009,3904587,045872,JEFFERSON AREA LOCAL,1,1
2009,3904588,045880,PYMATUNING VALLEY LOCAL,1,1
2009,3904590,045906,ALEXANDER LOCAL,1,1
2009,3904591,045914,FEDERAL HOCKING LOCAL,1,1
2009,3904592,045922,TRIMBLE LOCAL,1,1
2009,3904593,045930,AUGLAIZE COUNTY ESC,4,1
2009,3904594,045948,MINSTER LOCAL,1,1
2009,3904595,045955,NEW BREMEN LOCAL,1,1
2009,3904596,045963,NEW KNOXVILLE LOCAL,1,1
2009,3904597,045971,WAYNESFIELD-GOSHEN LOCAL,1,1
2009,3904598,045989,BELMONT COUNTY ESC,4,2
2009,3904599,045997,ST CLAIRSVILLE-RICHLAND CITY,1,1
2009,3904600,046003,SHADYSIDE LOCAL,1,1
2009,3904601,046011,UNION LOCAL,1,1
2009,3904602,046029,BROWN ESC,4,1
2009,3904603,046037,EASTERN LOCAL,1,1
2009,3904604,046045,FAYETTEVILLE-PERRY LOCAL,1,1
2009,3904606,046060,WESTERN BROWN LOCAL,1,1
2009,3904607,046078,RIPLEY-UNION-LEWIS-HUNTINGTON LOCAL,1,1
2009,3904608,046086,BUTLER COUNTY ESC,4,1
2009,3904609,046094,EDGEWOOD CITY,1,1
2009,3904610,046102,FAIRFIELD CITY,1,1
2009,3904611,046110,LAKOTA LOCAL,1,1
2009,3904612,046128,MADISON LOCAL,1,1
2009,3904613,046136,NEW MIAMI LOCAL,1,1
2009,3904614,046144,ROSS LOCAL,1,1
2009,3904615,046151,TALAWANDA CITY,1,1
2009,3904617,046177,BROWN LOCAL,1,1
2009,3904619,046193,GRAHAM LOCAL,1,1
2009,3904620,046201,TRIAD LOCAL,1,1
2009,3904621,046219,WEST LIBERTY-SALEM LOCAL,1,1
2009,3904622,046227,CLARK COUNTY ESC,4,1
2009,3904623,046235,GREENON LOCAL,1,1
2009,3904624,046243,TECUMSEH LOCAL,1,1
2009,3904625,046250,NORTHEASTERN LOCAL,1,1
2009,3904626,046268,NORTHWESTERN LOCAL,1,1
2009,3904627,046276,SOUTHEASTERN LOCAL,1,1
2009,3904628,046284,CLARK-SHAWNEE LOCAL,1,1
2009,3904629,046292,CLERMONT COUNTY ESC,4,1
2009,3904630,046300,BATAVIA LOCAL,1,1
2009,3904631,046318,BETHEL-TATE LOCAL,1,1
2009,3904632,046326,CLERMONT NORTHEASTERN LOCAL,1,1
2009,3904633,046334,FELICITY-FRANKLIN LOCAL,1,1
2009,3904634,046342,GOSHEN LOCAL,1,1
2009,3904635,046359,WEST CLERMONT LOCAL,1,1
2009,3904636,046367,WILLIAMSBURG LOCAL,1,1
2009,3904637,046375,SOUTHERN OHIO ESC,4,1
2009,3904638,046383,BLANCHESTER LOCAL,1,1
2009,3904639,046391,CLINTON-MASSIE LOCAL,1,1
2009,3904640,046409,EAST CLINTON LOCAL,1,1
2009,3904641,046417,COLUMBIANA COUNTY ESC,4,1
2009,3904642,046425,BEAVER LOCAL,1,1
2009,3904643,046433,CRESTVIEW LOCAL,1,1
2009,3904644,046441,SOUTHERN LOCAL,1,1
2009,3904645,046458,UNITED LOCAL,1,1
2009,3904647,046474,RIDGEWOOD LOCAL,1,1
2009,3904648,046482,RIVER VIEW LOCAL,1,1
2009,3904650,046508,BUCKEYE CENTRAL LOCAL,1,1
2009,3904651,046516,COLONEL CRAWFORD LOCAL,1,1
2009,3904652,046524,WYNFORD LOCAL,1,1
2009,3904653,046532,CUYAHOGA COUNTY ESC,4,1
2009,3904655,046557,CUYAHOGA HEIGHTS LOCAL,1,1
2009,3904656,046565,INDEPENDENCE LOCAL,1,1
2009,3904657,046573,OLMSTED FALLS CITY,1,1
2009,3904659,046599,RICHMOND HEIGHTS LOCAL,1,1
2009,3904660,046607,SOLON CITY,1,1
2009,3904661,046615,DARKE COUNTY ESC,4,1
2009,3904662,046623,ANSONIA LOCAL,1,1
2009,3904663,046631,ARCANUM-BUTLER LOCAL,1,1
2009,3904664,046649,FRANKLIN MONROE LOCAL,1,1
2009,3904667,046672,MISSISSINAWA VALLEY LOCAL,1,1
2009,3904668,046680,TRI-VILLAGE LOCAL,1,1
2009,3904670,046706,AYERSVILLE LOCAL,1,1
2009,3904671,046714,CENTRAL LOCAL,1,1
2009,3904672,046722,NORTHEASTERN LOCAL,1,1
2009,3904673,046730,DELAWARE-UNION ESC (ESC OF CENTRAL OHIO),4,2
2009,3904674,046748,BIG WALNUT LOCAL,1,1
2009,3904675,046755,BUCKEYE VALLEY LOCAL,1,1
2009,3904676,046763,OLENTANGY LOCAL,1,1
2009,3904678,046789,BERLIN-MILAN LOCAL,1,1
2009,3904679,046797,KELLEYS ISLAND LOCAL,1,1
2009,3904680,046805,MARGARETTA LOCAL,1,1
2009,3904681,046813,PERKINS LOCAL,1,1
2009,3904682,046821,VERMILION LOCAL,1,1
2009,3904683,046839,FAIRFIELD COUNTY ESC,4,1
2009,3904684,046847,AMANDA-CLEARCREEK LOCAL,1,1
2009,3904685,046854,BERNE UNION LOCAL,1,1
2009,3904686,046862,BLOOM-CARROLL LOCAL,1,1
2009,3904687,046870,FAIRFIELD UNION LOCAL,1,1
2009,3904688,046888,LIBERTY UNION-THURSTON LOCAL,1,1
2009,3904689,046896,PICKERINGTON LOCAL,1,1
2009,3904690,046904,WALNUT TOWNSHIP LOCAL,1,1
2009,3904693,046938,ESC OF CENTRAL OHIO,4,1
2009,3904694,046946,CANAL WINCHESTER LOCAL,1,1
2009,3904695,046953,HAMILTON LOCAL,1,1
2009,3904696,046961,GAHANNA-JEFFERSON CITY,1,1
2009,3904697,046979,GROVEPORT MADISON LOCAL,1,1
2009,3904699,046995,NEW ALBANY-PLAIN LOCAL,1,1
2009,3904700,047001,REYNOLDSBURG CITY,1,1
2009,3904701,047019,HILLIARD CITY,1,1
2009,3904702,047027,DUBLIN CITY,1,1
2009,3904704,047043,ARCHBOLD-AREA LOCAL,1,1
2009,3904705,047050,EVERGREEN LOCAL,1,1
2009,3904706,047068,FAYETTE LOCAL,1,1
2009,3904707,047076,PETTISVILLE LOCAL,1,1
2009,3904708,047084,PIKE-DELTA-YORK LOCAL,1,1
2009,3904709,047092,SWANTON LOCAL,1,1
2009,3904715,047159,GEAUGA COUNTY EDUCATIONAL SERVICE CENTER,4,1
2009,3904716,047167,BERKSHIRE LOCAL,1,1
2009,3904717,047175,CARDINAL LOCAL,1,1
2009,3904718,047183,CHARDON LOCAL,1,1
2009,3904719,047191,KENSTON LOCAL,1,1
2009,3904720,047209,LEDGEMONT LOCAL,1,1
2009,3904721,047217,NEWBURY LOCAL,1,1
2009,3904722,047225,WEST GEAUGA LOCAL,1,1
2009,3904723,047233,GREENE COUNTY ESC,4,1
2009,3904724,047241,BEAVERCREEK CITY,1,1
2009,3904725,047258,CEDAR CLIFF LOCAL,1,1
2009,3904726,047266,GREENEVIEW LOCAL,1,1
2009,3904727,047274,SUGARCREEK LOCAL SCHOOL DISTRICT,1,1
2009,3904730,047308,ROLLING HILLS LOCAL,1,1
2009,3904732,047324,HAMILTON COUNTY ESC,4,1
2009,3904733,047332,FINNEYTOWN LOCAL,1,1
2009,3904734,047340,FOREST HILLS LOCAL,1,1
2009,3904736,047365,NORTHWEST LOCAL,1,1
2009,3904737,047373,OAK HILLS LOCAL,1,1
2009,3904738,047381,SOUTHWEST LOCAL,1,1
2009,3904739,047399,THREE RIVERS LOCAL,1,1
2009,3904740,047407,HANCOCK COUNTY ESC,4,1
2009,3904742,047423,ARLINGTON LOCAL,1,1
2009,3904743,047431,CORY-RAWSON LOCAL,1,1
2009,3904744,047449,LIBERTY-BENTON LOCAL,1,1
2009,3904745,047456,MCCOMB LOCAL,1,1
2009,3904747,047472,VANLUE LOCAL,1,1
2009,3904748,047480,HARDIN COUNTY ESC,4,1
2009,3904749,047498,HARDIN NORTHERN LOCAL,1,1
2009,3904750,047506,RIDGEMONT LOCAL,1,1
2009,3904751,047514,RIVERDALE LOCAL,1,1
2009,3904752,047522,UPPER SCIOTO VALLEY LOCAL,1,1
2009,3904754,047548,CONOTTON VALLEY UNION LOCAL,1,1
2009,3904757,047571,HOLGATE LOCAL,1,1
2009,3904758,047589,LIBERTY CENTER LOCAL,1,1
2009,3904759,047597,PATRICK HENRY LOCAL,1,1
2009,3904761,047613,BRIGHT LOCAL,1,1
2009,3904762,047621,FAIRFIELD LOCAL,1,1
2009,3904763,047639,LYNCHBURG-CLAY LOCAL,1,1
2009,3904768,047688,EAST HOLMES LOCAL,1,1
2009,3904769,047696,WEST HOLMES LOCAL,1,1
2009,3904771,047712,MONROEVILLE LOCAL,1,1
2009,3904772,047720,NEW LONDON LOCAL,1,1
2009,3904773,047738,SOUTH CENTRAL LOCAL,1,1
2009,3904774,047746,WESTERN RESERVE LOCAL,1,1
2009,3904776,047761,OAK HILL UNION LOCAL,1,1
2009,3904777,047779,JEFFERSON COUNTY ESC,4,1
2009,3904778,047787,BUCKEYE LOCAL,1,1
2009,3904779,047795,EDISON LOCAL,1,1
2009,3904780,047803,INDIAN CREEK LOCAL,1,1
2009,3904781,047811,KNOX COUNTY ESC,4,1
2009,3904782,047829,CENTERBURG LOCAL,1,1
2009,3904783,047837,DANVILLE LOCAL,1,1
2009,3904785,047852,FREDERICKTOWN LOCAL,1,1
2009,3904786,047860,LAKE COUNTY ESC,4,1
2009,3904787,047878,KIRTLAND LOCAL,1,1
2009,3904788,047886,MADISON LOCAL,1,1
2009,3904790,047902,PERRY LOCAL,1,1
2009,3904791,047910,LAWRENCE COUNTY ESC,4,1
2009,3904792,047928,DAWSON-BRYANT LOCAL,1,1
2009,3904793,047936,FAIRLAND LOCAL,1,1
2009,3904794,047944,ROCK HILL LOCAL,1,1
2009,3904795,047951,SOUTH POINT LOCAL,1,1
2009,3904796,047969,SYMMES VALLEY LOCAL,1,1
2009,3904797,047977,LICKING COUNTY ESC,4,1
2009,3904798,047985,JOHNSTOWN-MONROE LOCAL,1,1
2009,3904799,047993,LAKEWOOD LOCAL,1,1
2009,3904800,048009,LICKING HEIGHTS LOCAL,1,1
2009,3904801,048017,LICKING VALLEY LOCAL,1,1
2009,3904802,048025,NORTH FORK LOCAL,1,1
2009,3904803,048033,NORTHRIDGE LOCAL,1,1
2009,3904804,048041,SOUTHWEST LICKING LOCAL,1,1
2009,3904805,048058,LOGAN COUNTY ESC,4,1
2009,3904807,048074,BENJAMIN LOGAN LOCAL,1,1
2009,3904808,048082,INDIAN LAKE LOCAL,1,1
2009,3904809,048090,RIVERSIDE LOCAL,1,1
2009,3904810,048108,LORAIN COUNTY ESC,4,1
2009,3904811,048116,AVON LOCAL,1,1
2009,3904812,048124,AVON LAKE CITY,1,1
2009,3904813,048132,CLEARVIEW LOCAL,1,1
2009,3904814,048140,COLUMBIA LOCAL,1,1
2009,3904815,048157,FIRELANDS LOCAL,1,1
2009,3904816,048165,KEYSTONE LOCAL,1,1
2009,3904817,048173,MIDVIEW LOCAL,1,1
2009,3904819,048199,LUCAS COUNTY ESC,4,1
2009,3904820,048207,ANTHONY WAYNE LOCAL,1,1
2009,3904821,048215,OTTAWA HILLS LOCAL,1,1
2009,3904822,048223,SPRINGFIELD LOCAL,1,1
2009,3904823,048231,WASHINGTON LOCAL,1,1
2009,3904825,048256,JEFFERSON LOCAL,1,1
2009,3904826,048264,JONATHAN ALDER LOCAL,1,1
2009,3904827,048272,MADISON-PLAINS LOCAL,1,1
2009,3904828,048280,MAHONING COUNTY ESC,4,1
2009,3904829,048298,AUSTINTOWN LOCAL,1,1
2009,3904830,048306,BOARDMAN LOCAL,1,1
2009,3904831,048314,CANFIELD LOCAL,1,1
2009,3904832,048322,JACKSON-MILTON LOCAL,1,1
2009,3904833,048330,LOWELLVILLE LOCAL,1,1
2009,3904834,048348,POLAND LOCAL,1,1
2009,3904835,048355,SEBRING LOCAL,1,1
2009,3904836,048363,SOUTH RANGE LOCAL,1,1
2009,3904837,048371,SPRINGFIELD LOCAL,1,1
2009,3904838,048389,WEST BRANCH LOCAL,1,1
2009,3904839,048397,WESTERN RESERVE LOCAL,1,1
2009,3904841,048413,ELGIN LOCAL,1,1
2009,3904842,048421,PLEASANT LOCAL,1,1
2009,3904843,048439,RIDGEDALE LOCAL,1,1
2009,3904844,048447,RIVER VALLEY LOCAL,1,1
2009,3904845,048454,MEDINA COUNTY ESC,4,1
2009,3904846,048462,BLACK RIVER LOCAL,1,1
2009,3904847,048470,BUCKEYE LOCAL,1,1
2009,3904848,048488,CLOVERLEAF LOCAL,1,1
2009,3904849,048496,HIGHLAND LOCAL,1,1
2009,3904851,048512,EASTERN LOCAL,1,1
2009,3904852,048520,MEIGS LOCAL,1,1
2009,3904853,048538,SOUTHERN LOCAL,1,1
2009,3904854,048546,MERCER COUNTY ESC,4,1
2009,3904857,048579,PARKWAY LOCAL,1,1
2009,3904858,048587,ST HENRY CONSOLIDATED LOCAL,1,1
2009,3904859,048595,FORT RECOVERY LOCAL,1,1
2009,3904860,048603,MIAMI COUNTY ESC,4,1
2009,3904861,048611,BETHEL LOCAL,1,1
2009,3904862,048629,MIAMI EAST LOCAL,1,1
2009,3904863,048637,NEWTON LOCAL,1,1
2009,3904865,048652,SWITZERLAND OF OHIO LOCAL,1,1
2009,3904866,048660,MONTGOMERY COUNTY ESC,4,1
2009,3904867,048678,BROOKVILLE LOCAL,1,1
2009,3904868,048686,JEFFERSON TOWNSHIP LOCAL,1,1
2009,3904869,048694,TROTWOOD-MADISON CITY,1,1
2009,3904870,048702,MAD RIVER LOCAL,1,1
2009,3904871,048710,NEW LEBANON LOCAL,1,1
2009,3904872,048728,NORTHMONT CITY,1,1
2009,3904873,048736,NORTHRIDGE LOCAL,1,1
2009,3904874,048744,VALLEY VIEW LOCAL,1,1
2009,3904875,048751,HUBER HEIGHTS CITY,1,1
2009,3904877,048777,MORGAN LOCAL,1,1
2009,3904879,048793,CARDINGTON-LINCOLN LOCAL,1,1
2009,3904880,048801,HIGHLAND LOCAL,1,1
2009,3904881,048819,NORTHMOR LOCAL,1,1
2009,3904883,048835,EAST MUSKINGUM LOCAL,1,1
2009,3904884,048843,FRANKLIN LOCAL,1,1
2009,3904885,048850,MAYSVILLE LOCAL,1,1
2009,3904887,048876,TRI-VALLEY LOCAL,1,1
2009,3904888,048884,WEST MUSKINGUM LOCAL,1,1
2009,3904890,048900,NOBLE LOCAL,1,1
2009,3904892,048926,BENTON CARROLL SALEM LOCAL,1,1
2009,3904893,048934,DANBURY LOCAL,1,1
2009,3904894,048942,GENOA AREA LOCAL,1,1
2009,3904895,048959,MIDDLE BASS LOCAL,1,1
2009,3904896,048967,NORTH BASS LOCAL,1,1
2009,3904897,048975,PUT-IN-BAY LOCAL,1,1
2009,3904899,048991,ANTWERP LOCAL,1,1
2009,3904900,049296,TWIN VALLEY COMMUNITY LOCAL,1,1
2009,3904903,049031,WAYNE TRACE LOCAL,1,1
2009,3904905,049056,NORTHERN LOCAL,1,1
2009,3904906,049064,SOUTHERN LOCAL,1,1
2009,3904907,049072,PICKAWAY COUNTY ESC,4,1
2009,3904908,049080,LOGAN ELM LOCAL,1,1
2009,3904909,049098,TEAYS VALLEY LOCAL,1,1
2009,3904910,049106,WESTFALL LOCAL,1,1
2009,3904912,049122,EASTERN LOCAL,1,1
2009,3904913,049130,SCIOTO VALLEY LOCAL,1,1
2009,3904914,049148,WAVERLY CITY,1,1
2009,3904915,049155,WESTERN LOCAL,1,1
2009,3904916,049163,PORTAGE COUNTY ESC,4,1
2009,3904917,049171,AURORA CITY,1,1
2009,3904918,049189,CRESTWOOD LOCAL,1,1
2009,3904919,049197,FIELD LOCAL,1,1
2009,3904920,049205,JAMES A GARFIELD LOCAL,1,1
2009,3904921,049213,ROOTSTOWN LOCAL,1,1
2009,3904922,049221,SOUTHEAST LOCAL,1,1
2009,3904923,049239,STREETSBORO CITY,1,1
2009,3904924,049247,WATERLOO LOCAL,1,1
2009,3904925,049254,PREBLE COUNTY ESC,4,1
2009,3904926,091397,TRI-COUNTY NORTH LOCAL,1,1
2009,3904927,049270,NATIONAL TRAIL LOCAL,1,1
2009,3904928,049288,PREBLE SHAWNEE LOCAL,1,1
2009,3904930,049304,PUTNAM COUNTY ESC,4,1
2009,3904931,049312,COLUMBUS GROVE LOCAL,1,1
2009,3904932,049320,CONTINENTAL LOCAL,1,1
2009,3904933,049338,JENNINGS LOCAL,1,1
2009,3904934,049346,KALIDA LOCAL,1,1
2009,3904935,049353,LEIPSIC LOCAL,1,1
2009,3904936,049361,MILLER CITY-NEW CLEVELAND LOCAL,1,1
2009,3904937,049379,OTTAWA-GLANDORF LOCAL,1,1
2009,3904938,049387,OTTOVILLE LOCAL,1,1
2009,3904939,049395,PANDORA-GILBOA LOCAL,1,1
2009,3904941,049411,CLEAR FORK VALLEY LOCAL,1,1
2009,3904942,049429,CRESTVIEW LOCAL,1,1
2009,3904943,049437,LEXINGTON LOCAL,1,1
2009,3904944,049445,LUCAS LOCAL,1,1
2009,3904945,049452,MADISON LOCAL,1,1
2009,3904946,049460,PLYMOUTH-SHILOH LOCAL,1,1
2009,3904947,049478,ONTARIO LOCAL,1,1
2009,3904949,049494,ADENA LOCAL,1,1
2009,3904950,049502,HUNTINGTON LOCAL,1,1
2009,3904951,049510,PAINT VALLEY LOCAL,1,1
2009,3904952,049528,SOUTHEASTERN LOCAL,1,1
2009,3904953,049536,UNION-SCIOTO LOCAL,1,1
2009,3904954,049544,ZANE TRACE LOCAL,1,1
2009,3904956,049569,LAKOTA LOCAL,1,1
2009,3904957,049577,WOODMORE LOCAL,1,1
2009,3904959,049593,BLOOM-VERNON LOCAL,1,1
2009,3904961,049619,GREEN LOCAL,1,1
2009,3904962,049627,MINFORD LOCAL,1,1
2009,3904963,049635,NORTHWEST LOCAL,1,1
2009,3904964,049643,VALLEY LOCAL,1,1
2009,3904965,049650,WASHINGTON-NILE LOCAL,1,1
2009,3904966,049668,WHEELERSBURG LOCAL,1,1
2009,3904968,049684,SENECA EAST LOCAL,1,1
2009,3904969,049692,BETTSVILLE LOCAL,1,1
2009,3904970,049700,HOPEWELL-LOUDON LOCAL,1,1
2009,3904971,049718,NEW RIEGEL LOCAL,1,1
2009,3904974,049742,SHELBY COUNTY ESC,4,1
2009,3904976,049767,BOTKINS LOCAL,1,1
2009,3904977,049775,FAIRLAWN LOCAL,1,1
2009,3904978,049783,FORT LORAMIE LOCAL,1,1
2009,3904979,049791,HARDIN-HOUSTON LOCAL,1,1
2009,3904981,049817,RUSSIA LOCAL,1,1
2009,3904982,049825,STARK COUNTY ESC,4,1
2009,3904983,049833,CANTON LOCAL,1,1
2009,3904984,049841,FAIRLESS LOCAL,1,1
2009,3904985,049858,JACKSON LOCAL,1,1
2009,3904986,049866,LAKE LOCAL,1,1
2009,3904987,049874,LOUISVILLE CITY,1,1
2009,3904988,049882,MARLINGTON LOCAL,1,1
2009,3904989,049890,MINERVA LOCAL,1,1
2009,3904990,049908,NORTHWEST LOCAL,1,1
2009,3904991,049916,OSNABURG LOCAL,1,1
2009,3904992,049924,PERRY LOCAL,1,1
2009,3904993,049932,PLAIN LOCAL,1,1
2009,3904994,049940,SANDY VALLEY LOCAL,1,1
2009,3904995,049957,TUSLAW LOCAL,1,1
2009,3904996,049965,SUMMIT COUNTY ESC,4,1
2009,3904997,049973,WOODRIDGE LOCAL,1,1
2009,3904998,049981,COPLEY-FAIRLAWN CITY,1,1
2009,3904999,049999,COVENTRY LOCAL,1,1
2009,3905000,050005,MANCHESTER LOCAL,1,1
2009,3905001,050013,GREEN LOCAL,1,1
2009,3905002,050021,HUDSON CITY,1,1
2009,3905003,050039,MOGADORE LOCAL,1,1
2009,3905004,050047,NORDONIA HILLS CITY,1,1
2009,3905005,050054,REVERE LOCAL,1,1
2009,3905006,050062,SPRINGFIELD LOCAL,1,1
2009,3905007,050070,TWINSBURG CITY,1,1
2009,3905008,050088,TRUMBULL COUNTY ESC,4,1
2009,3905009,050096,BLOOMFIELD-MESPO LOCAL,1,1
2009,3905011,050112,BRISTOL LOCAL,1,1
2009,3905012,050120,BROOKFIELD LOCAL,1,1
2009,3905013,050138,CHAMPION LOCAL,1,1
2009,3905015,050153,MATHEWS LOCAL,1,1
2009,3905016,050161,HOWLAND LOCAL,1,1
2009,3905017,050179,JOSEPH BADGER LOCAL,1,1
2009,3905018,050187,LAKEVIEW LOCAL,1,1
2009,3905019,050195,LIBERTY LOCAL,1,1
2009,3905020,050203,LORDSTOWN LOCAL,1,1
2009,3905021,050211,MAPLEWOOD LOCAL,1,1
2009,3905022,050229,MCDONALD LOCAL,1,1
2009,3905023,050237,SOUTHINGTON LOCAL,1,1
2009,3905024,050245,LABRAE LOCAL,1,1
2009,3905025,050252,WEATHERSFIELD LOCAL,1,1
2009,3905026,050260,EAST CENTRAL OHIO ESC,4,1
2009,3905027,050278,GARAWAY LOCAL,1,1
2009,3905028,050286,INDIAN VALLEY LOCAL SCHOOLS,1,1
2009,3905029,050294,STRASBURG-FRANKLIN LOCAL,1,1
2009,3905030,050302,TUSCARAWAS VALLEY LOCAL,1,1
2009,3905032,050328,FAIRBANKS LOCAL,1,1
2009,3905033,050336,NORTH UNION LOCAL,1,1
2009,3905035,050351,CRESTVIEW LOCAL,1,1
2009,3905039,050393,VINTON COUNTY LOCAL,1,1
2009,3905040,050401,WARREN COUNTY ESC,4,1
2009,3905041,050419,CARLISLE LOCAL,1,1
2009,3905042,050427,SPRINGBORO COMMUNITY CITY,1,1
2009,3905043,050435,KINGS LOCAL,1,1
2009,3905044,050443,LITTLE MIAMI LOCAL,1,1
2009,3905045,050450,MASON CITY SCHOOL DISRICT,1,1
2009,3905046,050468,WAYNE LOCAL,1,1
2009,3905048,050484,FORT FRYE LOCAL,1,1
2009,3905049,050492,FRONTIER LOCAL,1,1
2009,3905051,050518,WOLF CREEK LOCAL,1,1
2009,3905052,050526,TRI-COUNTY ESC,4,1
2009,3905053,050534,CHIPPEWA LOCAL,1,1
2009,3905054,050542,DALTON LOCAL,1,1
2009,3905055,050559,GREEN LOCAL,1,1
2009,3905056,050567,NORTH CENTRAL LOCAL,1,1
2009,3905058,050583,SOUTHEAST LOCAL,1,1
2009,3905059,050591,TRIWAY LOCAL,1,1
2009,3905061,050617,EDGERTON LOCAL,1,1
2009,3905062,050625,EDON-NORTHWEST LOCAL,1,1
2009,3905063,050633,MILLCREEK-WEST UNITY LOCAL,1,1
2009,3905064,050641,NORTH CENTRAL LOCAL,1,1
2009,3905065,050658,STRYKER LOCAL,1,1
2009,3905066,050666,WOOD COUNTY ESC,4,1
2009,3905067,050674,EASTWOOD LOCAL,1,1
2009,3905068,050682,ELMWOOD LOCAL,1,1
2009,3905069,050690,LAKE LOCAL,1,1
2009,3905070,050708,NORTH BALTIMORE LOCAL,1,1
2009,3905071,050716,NORTHWOOD LOCAL SCHOOLS,1,1
2009,3905072,050724,OTSEGO LOCAL,1,1
2009,3905074,050740,MOHAWK LOCAL,1,1
2009,3905077,050773,APOLLO,4,1
2009,3905079,050799,SOUTHERN HILLS,4,1
2009,3905081,050815,ASHTABULA COUNTY JOINT VOCATIONAL SCHOOL,4,1
2009,3905085,050856,BELMONT-HARRISON,4,1
2009,3905088,050880,BUTLER TECHNOLOGY & CAREER DEVELOPMENT SCHOOLS,4,1
2009,3905090,050906,COLUMBIANA COUNTY,4,1
2009,3905092,050922,CUYAHOGA VALLEY CAREER CENTER,4,1
2009,3905094,050948,POLARIS,4,1
2009,3905096,050963,FOUR COUNTY,4,1
2009,3905098,050989,DELAWARE AREA CAREER CENTER,4,1
2009,3905100,051003,EASTLAND-FAIRFIELD CAREER/TECH,4,1
2009,3905102,051029,EHOVE CAREER CENTER,4,1
2009,3905104,051045,GREENE COUNTY JT VOC SD,4,1
2009,3905106,051060,GREAT OAKS INST OF TECHNOLOGY,4,1
2009,3905112,051128,JEFFERSON COUNTY,4,1
2009,3905114,051144,KNOX COUNTY JVSD,4,1
2009,3905116,051169,AUBURN,4,1
2009,3905118,051185,LAWRENCE COUNTY,4,1
2009,3905120,051201,CAREER AND TECHNOLOGY EDUCATIONAL CENTERS,4,1
2009,3905122,051227,LORAIN COUNTY JVS,4,1
2009,3905124,051243,MAHONING CO CAREER & TECH CTR,4,1
2009,3905128,051284,MIAMI VALLEY CAREER TECH,4,1
2009,3905130,051300,MID-EAST CAREER AND TECHNOLOGY CENTERS,4,1
2009,3905133,051334,OHIO HI-POINT CAREER CENTER,4,1
2009,3905135,051359,PENTA CAREER CENTER,4,1
2009,3905137,051375,PIKE COUNTY AREA,4,1
2009,3905139,051391,MAPLEWOOD CAREER CENTER,4,1
2009,3905141,051417,PIONEER CAREER & TECHNOLOGY,4,1
2009,3905143,051433,PICKAWAY-ROSS COUNTY JVSD,4,1
2009,3905145,051458,VANGUARD-SENTINEL,4,1
2009,3905147,051474,WARREN COUNTY VOCATIONAL SCHOOL,4,1
2009,3905149,051490,SCIOTO COUNTY CAREER TECHNICAL CENTER,4,1
2009,3905153,051532,SPRINGFIELD-CLARK COUNTY,4,1
2009,3905160,051607,TRI-COUNTY CAREER CENTER,4,1
2009,3905163,051631,TRUMBULL CAREER & TECH CTR,4,1
2009,3905165,051656,BUCKEYE,4,1
2009,3905167,051672,VANTAGE CAREER CENTER,4,1
2009,3905169,051698,WASHINGTON COUNTY,4,1
2009,3905171,051714,WAYNE COUNTY JVSD,4,1
2009,3906190,061903,ADAMS COUNTY/OHIO VALLEY LOCAL,1,1
2009,3906202,062026,STARK COUNTY AREA,4,1
2009,3906204,062042,ASHLAND COUNTY-WEST HOLMES,4,1
2009,3906206,062067,GALLIA-JACKSON-VINTON,4,1
2009,3906210,062109,MEDINA COUNTY JOINT VOCATIONAL SCHOOL DISTRICT,4,1
2009,3906212,062125,UPPER VALLEY,4,1
2009,3906280,062802,U S GRANT,4,1
2009,3906349,063495,PORTAGE LAKES,4,1
2009,3906351,063511,TOLLES CAREER & TECHNICAL CENTER,4,1
2009,3906496,064964,COLLEGE CORNER LOCAL,1,1
2009,3906522,065227,COSHOCTON COUNTY,4,1
2009,3906526,065268,TRI-RIVERS,4,1
2009,3906568,065680,GALLIA COUNTY LOCAL,1,1
2009,3906968,069682,EAST GUERNSEY LOCAL,1,1
2009,3910000,043984,FINDLAY CITY,1,1
2009,3910001,047464,VAN BUREN LOCAL,1,1
2009,3910002,047415,ARCADIA LOCAL,1,1
2009,3910003,044784,SIDNEY CITY,1,1
2009,3910004,049759,ANNA LOCAL,1,1
2009,3910005,049809,JACKSON CENTER LOCAL,1,1
2009,3910006,044735,SALEM CITY,1,1
2009,3910007,045443,LEETONIA EXEMPTED VILLAGE,1,1
2009,3910008,045344,CRESTLINE EXEMPTED VILLAGE,1,1
2009,3910009,044776,SHELBY CITY,1,1
2009,3910010,046920,MIAMI TRACE LOCAL,1,1
2009,3910011,045013,WASHINGTON COURT HOUSE CITY,1,1
2009,3910012,044420,MOUNT VERNON CITY,1,1
2009,3910013,047845,EAST KNOX LOCAL,1,1
2009,3910014,047894,RIVERSIDE LOCAL,1,1
2009,3910015,044628,PAINESVILLE CITY LOCAL,1,1
2009,3910016,046581,ORANGE CITY,1,1
2009,3910017,043562,BEDFORD CITY,1,1
2009,3910018,050500,WARREN LOCAL,1,1
2009,3910019,044321,MARIETTA CITY,1,1
2009,3910020,045302,CLYDE-GREEN SPRINGS EXEMPTED VILLAGE,1,1
2009,3910021,049726,OLD FORT LOCAL,1,1
2009,3910022,050369,LINCOLNVIEW LOCAL,1,1
2009,3910023,044966,VAN WERT CITY,1,1
2009,3910024,045625,UPPER SANDUSKY EXEMPTED VILLAGE,1,1
2009,3910025,044172,KENTON CITY,1,1
2009,3910026,049601,CLAY LOCAL,1,1
2009,3910027,044669,PORTSMOUTH CITY,1,1
2009,3910028,045591,RITTMAN EXEMPTED VILLAGE,1,1
2009,3910029,044974,WADSWORTH CITY,1,1
2009,3910030,043729,CELINA CITY,1,1
2009,3910031,048553,MARION LOCAL,1,1
2009,3910032,045120,WOOSTER CITY,1,1
2009,3910033,050575,NORTHWESTERN LOCAL,1,1
2010,3900001,071530,OHIO SCHOOL FOR THE DEAF,5,1
2010,3900002,071548,OHIO STATE SCHOOL FOR THE BLIN,5,1
2010,3900008,125252,MUSKINGUM VALLEY ESC,4,1
2010,3900009,125658,SOUTH CENTRAL OHIO ESC,4,1
2010,3900011,125674,PERRY-HOCKING ESC,4,1
2010,3900012,125682,GALLIA-VINTON ESC,4,1
2010,3900013,125690,NORTH POINT EDUCATIONAL SERVICE CENTER,4,1
2010,3900014,123281,OHIO VALLEY ESC,4,1
2010,3900015,124297,NORTHWEST OHIO EDUCATIONAL SERVICE CENTER,4,1
2010,3900017,134072,YOUNGSTOWN COMMUNITY SCHOOL,7,1
2010,3900018,134080,EAGLE HEIGHTS ACADEMY,7,2
2010,3900019,134098,CONSTELLATION SCHOOLS: OLD BROOKLYN COMMUNITY ELEMENTARY,7,1
2010,3900022,134122,AUTISM MODEL SCHOOL,7,1
2010,3900023,134148,AURORA ACADEMY,7,1
2010,3900024,134171,MEADOWS CHOICE COMMUNITY,7,1
2010,3900025,134197,HOPE ACADEMY CHAPELSIDE CAMPUS,7,1
2010,3900026,134205,HOPE ACADEMY CATHEDRAL CAMPUS,7,1
2010,3900027,134213,HOPE ACADEMY UNIVERSITY,7,1
2010,3900028,134221,HOPE ACADEMY BROWN ST CAMPUS,7,1
2010,3900029,134247,CITY DAY COMMUNITY SCHOOL,7,1
2010,3900031,133512,CINCINNATI COLLEGE PREPARATORY ACADEMY,7,1
2010,3900032,133520,CITIZENS ACADEMY,7,1
2010,3900033,133538,EDGE ACADEMY  THE,7,1
2010,3900036,133561,MILLENNIUM COMMUNITY SCHOOL,7,1
2010,3900038,133587,SUMMIT ACADEMY COMMUNITY SCHOOL FOR ALT LEARNERS OF AKRON,7,1
2010,3900040,133629,HORIZON SCIENCE ACAD CLEVELAND,7,1
2010,3900042,133660,HORIZON SCIENCE ACADEMY COLUMBUS,7,1
2010,3900043,133678,RIVERSIDE ACADEMY,7,1
2010,3900047,133736,RICHARD ALLEN ACADEMY,7,1
2010,3900048,133744,THE ISUS INSTITUTE OF CONSTRUCTION TECHNOLOGY,7,1
2010,3900050,133801,LIFE SKILLS CTR OF YOUNGSTOWN,7,1
2010,3900051,133819,HOPE ACADEMY LINCOLN PARK,7,1
2010,3900052,133835,LIFE SKILLS CTR OF CLEVELAND,7,1
2010,3900053,133868,LIFE SKILLS CENTER OF AKRON,7,1
2010,3900056,133942,TOLEDO SCHOOL FOR THE ARTS,7,1
2010,3900057,133959,DAYTON LEADERSHIP ACADEMIES-DAYTON LIBERTY CAMPUS,7,1
2010,3900058,133967,GEORGE WASHINGTON CARVER PREPARATORY ACADEMY,7,2
2010,3900061,134189,HOPE ACADEMY BROADWAY CAMPUS,7,2
2010,3900062,134262,ACADEMY OF BUSINESS & TECH,7,2
2010,3900063,123257,NORTH CENTRAL OHIO ESC,4,1
2010,3900064,123521,MID-OHIO ESC,4,1
2010,3900065,133215,INTERGENERATIONAL SCHOOL  THE,7,1
2010,3900066,133223,LIGHTHOUSE COMM & PROF DEV,7,1
2010,3900068,133256,CONSTELLATION SCHOOLS: PARMA COMMUNITY,7,1
2010,3900071,133306,SUMMIT ACADEMY-CANTON,7,1
2010,3900072,133330,T.C.P. WORLD ACADEMY,7,1
2010,3900073,133348,RICHARD ALLEN PREPARATORY,7,1
2010,3900075,133363,QUEST ACADEMY COMMUNITY,7,1
2010,3900077,133389,LIGHTHOUSE COMMUNITY SCH INC,7,1
2010,3900078,133405,W.E.B. DUBOIS,7,2
2010,3900079,133413,ELECTRONIC CLASSROOM OF TOMORROW,7,1
2010,3900080,133421,GRAHAM SCHOOL  THE,7,1
2010,3900081,133439,CORNERSTONE ACADEMY COMMUNITY,7,1
2010,3900083,133454,DAYTON LEADERSHIP ACADEMIES-DAYTON VIEW CAMPUS,7,1
2010,3900084,133488,LIFE SKILLS OF TRUMBULL COUNTY,7,1
2010,3900086,133785,LIFE SKILLS CTR OF CINCINNATI,7,1
2010,3900087,133918,ACADEMY OF DAYTON,7,2
2010,3900089,134288,EAST END COMM HERITAGE SCHOOL,7,1
2010,3900090,134999,WESTERN BUCKEYE ESC,4,1
2010,3900091,135145,ATHENS-MEIGS ESC,4,1
2010,3900092,137364,MADISON-CHAMPAIGN ESC,4,1
2010,3900093,138222,ROSS-PIKE ESC,4,1
2010,3900094,139303,MONROE LOCAL SCHOOL DISTRICT,1,1
2010,3900096,132746,SUMMIT ACDY COMM SCHL FOR ALTERNATIVE LEARNERS OF MIDDLETOWN,7,1
2010,3900097,132761,SUMMIT ACADEMY-XENIA,7,1
2010,3900098,132779,SUMMIT ACADEMY MIDDLE SCHOOL-AKRON,7,1
2010,3900099,132787,SPRINGFIELD ACAD OF EXCELLENCE,7,1
2010,3900100,132795,LIFE SKILLS CENTER-SPRINGFIELD,7,1
2010,3900101,132803,LIFE SKILLS CENTER-MIDDLETOWN,7,1
2010,3900102,132951,CONSTELLATION SCHOOLS: LORAIN COMMUNITY ELEMENTARY,7,1
2010,3900103,132969,CONSTELLATION SCHOOLS: ELYRIA COMMUNITY ELEMENTARY,7,1
2010,3900104,132985,YOUTHBUILD COLUMBUS COMMUNITY,7,1
2010,3900105,132993,CONSTELLATION SCHOOLS: WESTPARK COMMUNITY ELEMENTARY,7,1
2010,3900106,133264,DOHN COMMUNITY,7,1
2010,3900107,133280,WASHINGTON PARK COMMUNITY,7,1
2010,3900109,133322,SUMMIT ACADEMY-LORAIN,7,1
2010,3900113,133504,PHOENIX COMMUNITY LEARNING CTR,7,1
2010,3900115,133769,NEW CHOICES COMMUNITY SCHOOL,7,1
2010,3900116,133900,ACADEMY OF CLEVELAND,7,2
2010,3900117,143297,THE AUTISM ACADEMY OF LEARNING,7,1
2010,3900118,143305,TRECA DIGITAL ACADEMY,7,1
2010,3900119,143313,HOPE ACADEMY CUYAHOGA CAMPUS,7,1
2010,3900120,143552,EAGLE ACADEMY,7,1
2010,3900121,143602,HAMILTON CNTY MATH & SCIENCE,7,1
2010,3900122,143636,W C CUPE COMMUNITY SCHOOL,7,1
2010,3900123,143644,SCIOTOVILLE,7,1
2010,3900125,000125,POLLY FOX ACADEMY COMMUNITY SCHOOL,7,1
2010,3900126,000130,PHOENIX ACADEMY COMMUNITY SCHOOL,7,1
2010,3900127,000131,GLASS CITY ACADEMY,7,1
2010,3900129,000138,PATHWAY SCHOOL OF DISCOVERY,7,1
2010,3900130,000139,ALLIANCE ACADEMY OF CINCINNATI,7,1
2010,3900131,000140,VICTORY ACADEMY OF TOLEDO,7,1
2010,3900132,000143,GEORGE A. PHILLIPS ACADEMY,7,6
2010,3900133,000162,NEWARK DIGITAL ACADEMY,7,1
2010,3900134,000195,HOPE ACADEMY EAST CAMPUS,7,1
2010,3900135,000197,HAMILTON LOCAL DIGITAL ACADEMY,7,1
2010,3900138,000222,WILDWOOD ENVIRONMENTAL ACADEMY,7,1
2010,3900144,148973,PAUL LAURENCE DUNBAR ACADEMY,7,2
2010,3900145,148981,TOMORROW CENTER,7,1
2010,3900146,148999,MAHONING UNLIMITED CLASSROOM,7,1
2010,3900151,149047,GOAL DIGITAL ACADEMY,7,1
2010,3900152,149054,AKRON DIGITAL ACADEMY,7,1
2010,3900153,149062,URBANA COMMUNITY SCHOOL,7,1
2010,3900155,149088,FAIRBORN DIGITAL ACADEMY,7,1
2010,3900172,149260,CANTON LOCAL DIGITAL ACADEMY,7,6
2010,3900174,149286,KENT DIGITAL ACADEMY,7,1
2010,3900175,142901,BRIGHTEN HEIGHTS CHARTER SCHOOL OF CANTON,7,1
2010,3900176,142919,LIFE SKILLS CENTER OF ELYRIA,7,1
2010,3900177,142927,FOCUS LEARNING ACADEMY OF SOUTHWEST COLUMBUS,7,1
2010,3900178,142935,FOCUS LEARNING ACADEMY OF SOUTHEASTERN COLUMBUS,7,1
2010,3900179,142943,FOCUS LEARNING ACADEMY OF NORTHERN COLUMBUS,7,1
2010,3900180,142950,OHIO VIRTUAL ACADEMY,7,1
2010,3900181,142968,HOPE ACADEMY NORTHCOAST,7,1
2010,3900182,142976,ENGLEWOOD PEACE ACADEMY,7,2
2010,3900183,142984,LANCASTER DIGITAL ACADEMY,7,1
2010,3900184,143115,MOUND STREET IT CAREERS ACADEMY,7,1
2010,3900185,143123,MOUND STREET MILITARY CAREERS ACADEMY,7,1
2010,3900186,143131,MOUND STREET HEALTH CAREERS ACADMY,7,1
2010,3900189,143164,LIFE SKILLS CENTER OF HAMILTON COUNTY,7,1
2010,3900190,143172,INTERNATIONAL ACAD OF COLUMBUS,7,1
2010,3900191,143180,LEGACY ACAD FOR LEADERS & ARTS,7,1
2010,3900192,143198,GREAT WESTERN ACADEMY,7,1
2010,3900193,143206,TROTWOOD FITNESS & PREP ACAD,7,1
2010,3900194,143214,MIDDLETOWN FITNESS & PREP ACAD,7,1
2010,3900198,143347,THE ISUS INSTITUTE OF MANUFACTURING,7,1
2010,3900199,143354,THE ISUS INSTITUTE OF HEALTH CARE,7,1
2010,3900201,143370,GRANVILLE T WOODS COMM SHULE,7,2
2010,3900203,143396,ALTERNATIVE EDUCATION ACADEMY,7,1
2010,3900205,143412,CRITTENTON COMMUNITY SCHOOL,7,1
2010,3900209,143453,MOLLIE KESSLER,7,1
2010,3900210,143461,MARCUS GARVEY ACADEMY,7,1
2010,3900211,143479,CONSTELLATION SCHOOLS: PURITAS COMMUNITY ELEMENTARY,7,1
2010,3900212,143487,CONSTELLATION SCHOOLS: STOCKYARD COMMUNITY ELEMENTARY,7,1
2010,3900213,143495,CONSTELLATION SCHOOLS: MANSFIELD COMMUNITY ELEMENTARY,7,1
2010,3900214,143503,LAKE ERIE ACADEMY,7,1
2010,3900216,143529,NORTH DAYTON SCHOOL OF SCIENCE & DISCOVERY,7,1
2010,3900217,143537,VIRTUAL COMMUNITY SCHOOL OF OHIO,7,1
2010,3900218,143545,TOLEDO PREPARATORY ACADEMY,7,1
2010,3900219,143560,RICHARD ALLEN ACADEMY II,7,1
2010,3900220,143578,RICHARD ALLEN ACADEMY III,7,1
2010,3900223,143610,ARTS & COLLEGE PREPARATORY ACADEMY,7,1
2010,3900226,148916,MARION CITY DIGITAL ACADEMY,7,1
2010,3900228,148932,FRANKLIN LOCAL COMMUNITY SCHOOL,7,1
2010,3900231,149302,LIFE SKILLS CENTER OF TOLEDO,7,1
2010,3900233,149328,FOXFIRE CENTER FOR STUDENT SUCCESS,7,1
2010,3900234,149336,SOUTHWEST LICKING DIGITAL ACAD,7,1
2010,3900237,060988,BUCKEYE UNITED SCHOOL DISTRICT,5,1
2010,3900238,065201,OHIO CENTRAL SCHOOL SYSTEM,5,1
2010,3900241,132944,MIAMI VALLEY ACADEMIES,7,1
2010,3900248,133850,HOPE ACADEMY CANTON CAMPUS,7,2
2010,3900250,000236,OHIO CONNECTIONS ACADEMY  INC,7,1
2010,3900252,000241,QUAKER DIGITAL ACADEMY,7,1
2010,3900259,149427,MASSILLON DIGITAL ACADEMY  INC,7,1
2010,3900262,151027,LONDON ACADEMY,7,1
2010,3900263,151035,PLEASANT COMMUNITY DIGITAL,7,1
2010,3900264,151043,RIVER VALLEY ACADEMY,7,6
2010,3900266,151076,CARDINGTON LINCOLN LOCAL DIGITAL ACADEMY,7,1
2010,3900267,151084,GRAHAM DIGITAL ACADEMY,7,1
2010,3900273,151142,LORAIN HIGH SCHOOL DIGITAL,7,1
2010,3900275,151167,RIDGEDALE COMMUNITY SCHOOL,7,1
2010,3900276,151175,WEST CENTRAL LEARNING ACADEMY II,7,1
2010,3900277,151183,LIFE SKILLS CTR OF LAKE ERIE,7,1
2010,3900278,151191,LIFE SKILLS CENTER OF SUMMIT COUNTY,7,1
2010,3900279,151209,LIFE SKILLS OF NORTHEAST OHIO,7,1
2010,3900282,151233,LAKEWOOD DIGITAL ACADEMY,7,1
2010,3900284,000523,EDUCATION ALTERNATIVES COMMUNITY SCHOOL,7,6
2010,3900285,000525,PROJECT REBUILD COMMUNITY SCHOOL,7,1
2010,3900286,000527,CLEVELAND ACADEMY FOR SCHOLARSHIP TECHNOLOGY AND LEADERSHIP,7,1
2010,3900291,000534,CONSTELLATION SCHOOLS: PURITAS COMMUNITY MIDDLE,7,1
2010,3900297,000541,CONSTELLATION SCHOOLS: OUTREACH ACADEMY FOR STUDENTS WITH DI,7,1
2010,3900299,000543,PINNACLE ACADEMY,7,1
2010,3900302,000546,WINTERFIELD VENTURE ACADEMY,7,1
2010,3900304,000553,COLUMBUS HUMANITIES  ARTS AND TECHNOLOGY ACADEMY,7,1
2010,3900305,000556,A+ ARTS ACADEMY,7,1
2010,3900306,000557,COLUMBUS ARTS & TECHNOLOGY ACADEMY,7,1
2010,3900307,000558,COLUMBUS PREPARATORY ACADEMY,7,1
2010,3900308,000559,ORION ACADEMY,7,1
2010,3900309,000560,APEX ACADEMY,7,1
2010,3900311,000564,VIRTUAL SCHOOLHOUSE  INC.,7,1
2010,3900312,000574,ARTS ACADEMY  THE,7,1
2010,3900313,000575,HOPE ACADEMY NORTHWEST CAMPUS,7,1
2010,3900314,000576,KING ACADEMY COMMUNITY SCHOOL,7,1
2010,3900315,000577,EMERSON ACADEMY,7,1
2010,3900321,000585,FCI ACADEMY,7,1
2010,3900325,000590,WICKLIFFE PROGRESSIVE COMMUNITY SCHOOL,7,1
2010,3900327,000592,SCHOOL FOR ARTS INTEGRATED LEARNING-SAIL,7,2
2010,3900331,000598,COSHOCTON OPPORTUNITY SCHOOL,7,1
2010,3900337,000608,SUMMIT ACADEMY TRANSITION HIGH SCHOOL-CINCINNATI,7,1
2010,3900338,000609,SUMMIT ACADEMY MIDDLE SCHOOL - LORAIN,7,1
2010,3900339,000610,SUMMIT ACADEMY MIDDLE SCHOOL - COLUMBUS,7,1
2010,3900341,000613,HEIR FORCE COMMUNITY SCHOOL,7,1
2010,3900342,000614,SUMMIT ACADEMY TRANSITION HIGH SCHOOL-COLUMBUS,7,1
2010,3900344,000616,SUMMIT ACADEMY WARREN MIDDLE & SECONDARY,7,1
2010,3900348,000621,SUMMIT ACADEMY TRANSITION HIGH SCHOOL DAYTON,7,1
2010,3900350,000623,SUMMIT ACADEMY-YOUNGSTOWN,7,1
2010,3900356,000629,SUMMIT ACADEMY COMMUNITY SCHOOL - PAINESVILLE,7,1
2010,3900360,000633,SUMMIT ACADEMY SECONDARY SCHOOL - TOLEDO,7,1
2010,3900361,000634,SUMMIT ACADEMY SECONDARY SCHOOL - MIDDLETOWN,7,1
2010,3900366,000640,RITTMAN ACADEMY,7,1
2010,3900377,000652,FIVE R'S ACADEMY,7,6
2010,3900378,000654,ASPIRE ACADEMY  THE,7,2
2010,3900381,000664,LIFE SKILLS CENTER OF COLUMBUS SOUTHEAST,7,1
2010,3900382,000677,NEW DAY ACADEMY BOARDING & DAY SCHOOL,7,1
2010,3900383,000679,OAKSTONE COMMUNITY SCHOOL,7,1
2010,3900385,147231,SCHNEE LEARNING CENTER,7,1
2010,3900392,000578,UPPER ARLINGTON COMMUNITY HIGH SCHOOL,7,2
2010,3900394,000700,NEW CITY SCHOOL,7,2
2010,3900396,000725,ZENITH ACADEMY,7,1
2010,3900399,000736,PHOENIX VILLAGE ACADEMY PRIMARY 2,7,1
2010,3900400,000738,PHOENIX VILLAGE ACADEMY: SECONDARY I,7,1
2010,3900402,000740,PHOENIX VILLAGE ACADEMY PRIMARY 1,7,6
2010,3900404,000743,PSCHTECIN PUBLIC SCHOOL,7,1
2010,3900428,000770,MARITIME ACADEMY OF TOLEDO  THE,7,1
2010,3900433,000777,EDUCATIONAL ACADEMY AT LINDEN,7,1
2010,3900434,000779,EDUCATIONAL ACADEMY FOR BOYS & GIRLS,7,1
2010,3900435,000780,MIDNIMO CROSS CULTURAL COMMUNITY SCHOOL,7,1
2010,3900436,000781,CINCINNATI SPEECH & READING INTERVENTION CENTER,7,1
2010,3900438,000784,ACADEMY OF COLUMBUS,7,1
2010,3900441,000804,HORIZON SCIENCE ACADEMY-CINCINNATI,7,1
2010,3900444,000808,HORIZON SCIENCE ACADEMY-DAYTON,7,1
2010,3900448,000813,LIFE SKILLS CENTER OF DAYTON,7,1
2010,3900451,000825,HORIZON SCIENCE ACADEMY-SPRINGFIELD,7,1
2010,3900454,000838,HORIZON SCIENCE ACADEMY-DENISON MIDDLE SCHOOL,7,1
2010,3900457,000843,BENNETT VENTURE ACADEMY,7,1
2010,3900467,000855,STAMBAUGH CHARTER ACADEMY,7,1
2010,3900470,000858,HORIZON SCIENCE ACADEMY-CLEVELAND MIDDLE SCHOOL,7,1
2010,3900474,000875,WESTSIDE ACADEMY,7,1
2010,3900478,000905,INTERACTIVE MEDIA & CONSTRUCTION (IMAC),7,1
2010,3900479,000909,V L T ACADEMY,7,1
2010,3900484,000915,ASPIRING TO EXCELLENCE AND ACHIEVEMENT,7,2
2010,3900486,000268,TIFFIN CITY DIGITAL ACADEMY,7,2
2010,3900487,000277,SCHOLARTS PREPARATORY AND CAREER CENTER FOR CHILDREN,7,1
2010,3900488,000282,GREATER OHIO VIRTUAL SCHOOL,7,1
2010,3900490,000288,AUGLAIZE COUNTY EDUCATIONAL ACADEMY,7,1
2010,3900491,000292,EAST MUSKINGUM ACADEMY,7,2
2010,3900492,000296,SUMMIT ACADEMY COLUMBUS,7,1
2010,3900493,000297,SUMMIT ACADEMY DAYTON,7,1
2010,3900494,000298,SUMMIT ACADEMY SECONDARY - AKRON,7,1
2010,3900495,000300,SUMMIT ACADEMY SECONDARY - CANTON,7,1
2010,3900496,000301,SUMMIT ACADEMY SECONDARY - LORAIN,7,1
2010,3900497,000302,SUMMIT ACADEMY COMMUNITY SCHOOL-PARMA,7,1
2010,3900498,000303,SUMMIT ACADEMY SECONDARY - YOUNGSTOWN,7,1
2010,3900499,000304,SUMMIT ACADEMY COMMUNITY SCHOOL-TOLEDO,7,1
2010,3900500,000305,SUMMIT ACADEMY COMMUNITY SCHOOL-WARREN,7,1
2010,3900501,000306,SUMMIT ACADEMY CINCINNATI,7,1
2010,3900502,000311,BRIDGES COMMUNITY ACADEMY,7,1
2010,3900503,000316,CONSTELLATION SCHOOLS: WESTPARK COMMUNITY MIDDLE,7,1
2010,3900505,000318,MENLO PARK ACADEMY,7,1
2010,3900506,000319,CONSTELLATION SCHOOLS: MADISON COMMUNITY ELEMENTARY,7,1
2010,3900507,000320,CONSTELLATION SCHOOLS: LORAIN COMMUNITY MIDDLE,7,1
2010,3900508,000321,CONSTELLATION SCHOOLS: OLD BROOKLYN COMMUNITY MIDDLE,7,1
2010,3900510,000338,HORIZON SCIENCE ACADEMY TOLEDO,7,1
2010,3900511,000343,CHASE ACADEMY FOR COMMUNICATION ARTS,7,2
2010,3900514,000360,MIAMISBURG SECONDARY ACADEMY,7,1
2010,3900519,000368,UPPER ARLINGTON INTERNATIONAL BACCALAUREATE HIGH SCHOOL,7,2
2010,3900523,000392,MANSFIELD ENHANCEMENT ACADEMY,7,1
2010,3900525,000396,MANSFIELD ELECTIVE ACADEMY,7,1
2010,3900528,000402,FINDLAY DIGITAL ACADEMY,7,1
2010,3900530,000417,BUCKEYE ONLINE SCHOOL FOR SUCCESS,7,1
2010,3900531,000418,GREATER HEIGHTS ACADEMY,7,2
2010,3900533,000420,COLUMBUS BILINGUAL ACADEMY,7,1
2010,3900534,000426,LANCASTER FAIRFIELD COMMUNITY SCHOOL,7,1
2010,3900535,000427,CARTER G. WOODSON INSTITUTE,7,2
2010,3900537,000442,MANCHESTER LOCAL,1,1
2010,3900538,000445,GENERAL CHAPPIE JAMES LEADERSHIP ACADEMY,7,1
2010,3900543,000473,TECH CON INSTITUTE,7,1
2010,3900544,000481,P.A.C.E. HIGH SCHOOL,7,1
2010,3900550,000509,WHITEHALL PREPARATORY AND FITNESS ACADEMY,7,1
2010,3900551,000510,SPRINGFIELD PREPARATORY AND FITNESS ACADEMY,7,1
2010,3900552,000511,NORTHLAND PREPARATORY AND FITNESS ACADEMY,7,1
2010,3900554,000922,NU BETHEL CENTER OF EXCELLENCE,7,2
2010,3900557,000930,CLEVELAND ENTREPRENEURSHIP PREPARATORY SCHOOL,7,1
2010,3900562,000936,PROMISE ACADEMY,7,1
2010,3900564,000938,PREMIER ACADEMY OF OHIO,7,1
2010,3900567,000941,PAR EXCELLENCE ACADEMY,7,1
2010,3900568,000942,LAKEWOOD CITY ACADEMY,7,1
2010,3900569,000946,CLEVELAND LIGHTHOUSE COMMUNITY SCHOOL,7,1
2010,3900572,000949,VILLAVIEW LIGHTHOUSE COMMUNITY SCHOOL,7,1
2010,3900573,000951,TOLEDO PREPARATORY AND FITNESS ACADEMY,7,1
2010,3900574,000952,COLUMBUS PREPARATORY AND FITNESS ACADEMY,7,1
2010,3900575,000953,MT. HEALTHY PREPARATORY AND FITNESS ACADEMY,7,1
2010,3900578,007982,ACADEMY OF ARTS AND HUMANITIES,7,1
2010,3900580,007984,YOUNGSTOWN ACADEMY OF EXCELLENCE,7,1
2010,3900581,007992,ARTS AND SCIENCE ACADEMY,7,2
2010,3900584,007995,CLEVELAND ARTS AND SOCIAL SCIENCES ACADEMY,7,1
2010,3900585,007998,CENTER FOR STUDENT ACHIEVEMENT,7,1
2010,3900586,007999,CHARLES SCHOOL AT OHIO DOMINICAN UNIVERSITY,7,1
2010,3900587,008000,MANSFIELD PREPARATORY ACADEMY,7,1
2010,3900592,008061,ARTS AND SCIENCE PREPARATORY ACADEMY,7,1
2010,3900593,008063,LIFE SKILLS CENTER OF NORTH AKRON,7,1
2010,3900594,008064,ACADEMY OF ARTS AND SCIENCES,7,1
2010,3900595,008065,IMANI LEARNING ACADEMY,7,1
2010,3900596,008066,LION OF JUDAH ACADEMY,7,1
2010,3900597,008067,ELITE ACADEMY OF THE ARTS,7,1
2010,3900598,008068,ARTS ACADEMY WEST  THE,7,1
2010,3900638,000912,ACADEMIC ACCELERATION ACADEMY,7,1
2010,3900639,008251,MAHONING VALLEY OPPORTUNITY CENTER,7,1
2010,3900640,008287,GROVEPORT COMMUNITY SCHOOL,7,1
2010,3900641,008286,HARVARD AVENUE COMMUNITY SCHOOL,7,1
2010,3900642,008283,DAYTON TECHNOLOGY DESIGN HIGH SCHOOL,7,1
2010,3900643,008282,LIFE SKILLS CENTER OF COLUMBUS NORTH,7,1
2010,3900644,008281,SOUTH SCIOTO ACADEMY,7,1
2010,3900645,008280,NOBLE ACADEMY-COLUMBUS,7,1
2010,3900646,008278,NOBLE ACADEMY-CLEVELAND,7,1
2010,3900647,008289,EAGLE LEARNING CENTER,7,1
2010,3901296,009181,CLAY AVENUE COMMUNITY SCHOOL,7,1
2010,3901298,009171,STAR ACADEMY OF TOLEDO,7,1
2010,3901301,009192,FOUNDATION ACADEMY,7,1
2010,3901302,009283,DAYTON EARLY COLLEGE ACADEMY  INC,7,1
2010,3901305,009122,COLUMBUS COLLEGIATE ACADEMY,7,1
2010,3901308,009162,BRIDGE ACADEMY OF OHIO,7,1
2010,3901312,009154,CINCINNATI LEADERSHIP ACADEMY,7,1
2010,3901313,009164,CENTRAL ACADEMY OF OHIO,7,1
2010,3901314,009148,ZANESVILLE COMMUNITY SCHOOL,7,1
2010,3901317,009163,C.M. GRANT LEADERSHIP ACADEMY,7,1
2010,3901319,009147,NORTHPOINTE ACADEMY,7,1
2010,3901322,009179,HORIZON SCIENCE ACADEMY COLUMBUS MIDDLE SCHOOL,7,1
2010,3901325,009165,GAHANNA ALTERNATIVE COMMUNITY SCHOOL,7,1
2010,3901326,009149,CONSTELLATION SCHOOLS: WESTSIDE COMMUNITY SCHOOL OF THE ARTS,7,1
2010,3901327,009178,ROMIG ROAD COMMUNITY SCHOOL,7,1
2010,3901329,009996,MAHONING COUNTY HIGH SCHOOL,7,1
2010,3901330,009997,KIPP:  JOURNEY ACADEMY,7,1
2010,3901331,010005,HORIZON SCIENCE ACADEMY CLEVELAND ELEMENTARY SCHOOL,7,1
2010,3901332,010006,KNIGHT ACADEMY,7,1
2010,3901333,010007,HORIZON SCIENCE ACADEMY DENISON ELEMENTARY SCHOOL,7,1
2010,3901335,010036,CESAR CHAVEZ COLLEGE PREPARATORY SCHOOL,7,1
2010,3901336,010180,MOUNT AUBURN INTERNATIONAL ACADEMY,7,1
2010,3901337,010182,PERFORMANCE ACADEMY EASTLAND,7,1
2010,3901339,010205,L. HOLLINGWORTH SCHOOL FOR TALENTED AND GIFTED,7,1
2010,3901340,009909,CONSTELLATION SCHOOLS: MANSFIELD COMMUNITY MIDDLE,7,1
2010,3901344,009953,SULLIVANT AVENUE COMMUNITY SCHOOL,7,1
2010,3901345,009954,HARRISBURG PIKE COMMUNITY SCHOOL,7,1
2010,3901346,009955,MADISON AVENUE SCHOOL OF ARTS,7,1
2010,3901347,009957,KLEPINGER COMMUNITY SCHOOL,7,1
2010,3901348,009964,SCIOTOVILLE ELEMENTARY ACADEMY,7,1
2010,3901349,009970,DIXON EARLY LEARNING CENTER CONVERSION COMMUNITY SCHOOL,7,1
2010,3901350,009971,ASHLAND COUNTY COMMUNITY ACADEMY,7,1
2010,3901352,009983,WESTERN RESERVE KINDERGARTEN LEARNING ACADEMY,7,1
2010,3901353,009990,HORIZON SCIENCE ACADEMY ELEMENTARY SCHOOL,7,1
2010,3901354,011439,PROVIDENCE ACADEMY FOR STUDENT SUCCESS,7,1
2010,3901355,011440,WINWIN ACADEMY,7,7
2010,3901356,011444,RUSHMORE ACADEMY,7,1
2010,3901357,011469,DISCOVERY ACADEMY OF TOLEDO,7,2
2010,3901358,011470,A.B. GRAHAM ACADEMY,7,1
2010,3901359,011479,LIFELINKS COMMUNITY SCHOOL,7,3
2010,3901360,011480,UPPER SCIOTO WIND/ENERGY ACADEMY,7,1
2010,3901361,011487,FALCON ACADEMY OF CREATIVE ARTS,7,3
2010,3901362,011507,ACHIEVE CAREER PREPARATORY ACADEMY,7,1
2010,3901363,011511,NORTH CENTRAL ACADEMY,7,1
2010,3901364,011530,L.E.A.D. ACADEMY,7,3
2010,3901365,011533,HORIZON SCIENCE ACADEMY LORAIN,7,1
2010,3901366,011534,HORIZON SCIENCE ACADEMY DAYTON HIGH SCHOOL,7,1
2010,3901367,011537,COLUMBIANA COUNTY STARS,7,2
2010,3901368,011291,VILLAGE PREPARATORY SCHOOL,7,1
2010,3901369,011381,GREATER SUMMIT COUNTY EARLY LEARNING CENTER,7,1
2010,3901370,011390,BELLA ACADEMY OF EXCELLENCE,7,1
2010,3901371,011434,L.E.A.R.N. ACADEMY,7,1
2010,3901372,011436,PLEASANT EDUCATION ACADEMY,7,3
2010,3901373,011766,ABOVE AND BEYOND TRAINING ACADEMY,7,2
2010,3901374,011506,DAYTON REGIONAL STEM SCHOOL,1,1
2010,3901375,011468,COLUMBUS BILINGUAL ACADEMY-NORTH,7,3
2010,3901376,011923,NORTHEAST OHIO COLLEGE PREPARATORY SCHOOL,7,3
2010,3901377,011947,PATHWAY TO SUCCESS AKRON,7,3
2010,3901378,011956,RCCS,7,3
2010,3901379,011964,21ST CENTURY SCHOOL,7,7
2010,3901380,011966,AUSTINTOWN ACADEMIC ACADEMY,7,7
2010,3901381,011967,RICHLAND SCHOOL AT RICHLAND ACADEMY,7,3
2010,3901382,011972,GRAHAM EXPEDITIONARY MIDDLE SCHOOL,7,3
2010,3901383,011976,HORIZON SCIENCE ACADEMY DAYTON DOWNTOWN,7,3
2010,3901384,011977,21ST CENTURY LEARNING ACADEMY,7,7
2010,3901385,011979,RISING SONS AND DAUGHTERS,7,7
2010,3901386,011980,RISING STARS SCHOOL,7,7
2010,3901387,011984,ACADEMY FOR URBAN SOLUTIONS,7,7
2010,3901388,011985,THEODORE ROOSEVELT PUBLIC COMMUNITY SCHOOL,7,3
2010,3901389,011986,HORIZON SCIENCE ACADEMY YOUNGSTOWN,7,3
2010,3901390,011987,HORIZON SCIENCE ACADEMY TOLEDO DOWNTOWN,7,3
2010,3901391,011991,COLUMBUS ACADEMY OF LITERACY AND MATHEMATICS,7,3
2010,3901392,011998,EDISON HIGH SCHOOL,7,7
2010,3901393,012000,CRUISER ACADEMY,7,3
2010,3901394,012002,COLLEGE HILL LEADERSHIP ACADEMY,7,3
2010,3901395,012006,PORTAGE LAKES ALTERNATIVE ACADEMY,7,7
2010,3901396,012009,ZENITH ACADEMY EAST,7,3
2010,3901397,012010,CLEVELAND COLLEGE PREPARATORY SCHOOL,7,3
2010,3901398,012011,COLUMBUS PERFORMANCE ACADEMY,7,3
2010,3901399,012017,ACADEMY FOR CREATIVE LEARNERS-TOLEDO,7,7
2010,3901400,012018,ACADEMY FOR CREATIVE LEARNERS-CLEVELAND WEST,7,7
2010,3901401,012022,ACADEMY FOR CREATIVE LEARNERS-MANSFIELD,7,7
2010,3901402,012024,NOTTEN SCHOOL FOR SCIENCE  TECHNOLOGY  ENGINEERING AND MATHE,7,3
2010,3901403,012025,CONSTELLATION SCHOOLS: STOCKYARD COMMUNITY MIDDLE,7,3
2010,3901404,012027,LEARNING WITHOUT LIMITS  A TRECA ACADEMY,7,3
2010,3901405,012030,NEAR WESTSIDE INTERGENERATIONAL SCHOOL,7,7
2010,3901406,012031,CLEVELAND COLLEGIATE PREPARATORY SCHOOL,7,7
2010,3901407,012033,FOXFIRE INTERMEDIATE SCHOOL,7,3
2010,3901408,012035,EDUCATIONAL SERVICE CENTER OF CENTRAL OHIO CONVERSION SCHOOL,7,7
2010,3901409,012036,CENTRAL CLEVELAND DROP BACK IN,7,3
2010,3901410,012037,EAST COLUMBUS DROP BACK IN,7,3
2010,3901411,012038,EASTERN CLEVELAND DROP BACK IN,7,3
2010,3901412,012040,NORTH COLUMBUS DROP BACK IN,7,3
2010,3901413,012041,SOUTH COLUMBUS DROP BACK IN,7,3
2010,3901414,012042,SOUTHERN CLEVELAND DROP BACK IN,7,3
2010,3901415,012043,WEST CLEVELAND DROP BACK IN,7,3
2010,3901416,012044,WEST COLUMBUS DROP BACK IN,7,3
2010,3901417,012045,PATRIOT PREPARATORY ACADEMY,7,3
2010,3901418,012048,MANSFIELD LEADERSHIP EDUCATION & ACADEMIC RESOURCE NEIGHBORH,7,7
2010,3901419,012052,PATHWAY TO SUCCESS CANTON,7,3
2010,3901420,012054,NORTH CENTRAL ACADEMY-FREMONT,7,3
2010,3901421,012057,CENTRAL OHIO EARLY COLLEGE ACADEMY,7,7
2010,3901422,012073,TRI-COUNTY JUNIOR ROTC ACADEMY,7,7
2010,3901423,012074,INTEGRITY ACADEMY,7,7
2010,3901424,012078,QUEST COMMUNITY SCHOOL,7,7
2010,3901425,012090,ACADEMY OF NEW MEDIA MIDDLE,7,7
2010,3901426,012093,REAL LIFE ACADEMY,7,7
2010,3901427,012105,SOUTHSIDE ACADEMY,7,3
2010,3901428,012060,AKROS MIDDLE SCHOOL,7,3
2010,3904348,043489,AKRON CITY,1,1
2010,3904349,043497,ALLIANCE CITY,1,1
2010,3904350,043505,ASHLAND CITY,1,1
2010,3904351,043513,ASHTABULA AREA CITY,1,1
2010,3904352,043521,ATHENS CITY,1,1
2010,3904353,043539,BARBERTON CITY,1,1
2010,3904354,043547,BAY VILLAGE CITY,1,1
2010,3904355,043554,BEACHWOOD CITY,1,1
2010,3904357,043570,BELLAIRE LOCAL,1,1
2010,3904358,043588,BELLEFONTAINE CITY,1,1
2010,3904359,043596,BELLEVUE CITY,1,1
2010,3904360,043612,BEREA CITY,1,1
2010,3904361,043604,BELPRE CITY,1,1
2010,3904362,043620,BEXLEY CITY,1,1
2010,3904363,043638,BOWLING GREEN CITY SCHOOL DISTRICT,1,1
2010,3904364,043646,BRECKSVILLE-BROADVIEW HEIGHTS CITY,1,1
2010,3904365,043653,BROOKLYN CITY,1,1
2010,3904366,043661,BRUNSWICK CITY,1,1
2010,3904367,043679,BRYAN CITY,1,1
2010,3904368,043687,BUCYRUS CITY,1,1
2010,3904369,043695,CAMBRIDGE CITY,1,1
2010,3904370,043703,CAMPBELL CITY,1,1
2010,3904371,043711,CANTON CITY,1,1
2010,3904373,043737,CENTERVILLE CITY,1,1
2010,3904374,043745,CHILLICOTHE CITY,1,1
2010,3904375,043752,CINCINNATI CITY,1,1
2010,3904376,043760,CIRCLEVILLE CITY,1,1
2010,3904377,043778,CLAYMONT CITY,1,1
2010,3904378,043786,CLEVELAND MUNICIPAL,1,1
2010,3904379,043794,CLEVELAND HEIGHTS-UNIVERSITY HEIGHTS CITY,1,1
2010,3904380,043802,COLUMBUS CITY SCHOOL DISTRICT,1,1
2010,3904381,043810,CONNEAUT AREA CITY,1,1
2010,3904382,043828,COSHOCTON CITY,1,1
2010,3904383,043836,CUYAHOGA FALLS CITY,1,1
2010,3904384,043844,DAYTON CITY,1,1
2010,3904385,043851,DEER PARK COMMUNITY CITY,1,1
2010,3904386,043869,DEFIANCE CITY,1,1
2010,3904387,043877,DELAWARE CITY,1,1
2010,3904388,043885,DELPHOS CITY,1,1
2010,3904389,043893,DOVER CITY,1,1
2010,3904390,043901,EAST CLEVELAND CITY SCHOOL DISTRICT,1,1
2010,3904391,043919,EAST LIVERPOOL CITY,1,1
2010,3904392,043927,EAST PALESTINE CITY,1,1
2010,3904393,043935,EATON COMMUNITY CITY,1,1
2010,3904394,043943,ELYRIA CITY SCHOOLS,1,1
2010,3904395,043950,EUCLID CITY,1,1
2010,3904396,043968,FAIRBORN CITY,1,1
2010,3904397,043976,FAIRVIEW PARK CITY,1,1
2010,3904399,043992,FOSTORIA CITY,1,1
2010,3904400,044008,FRANKLIN CITY,1,1
2010,3904401,044016,FREMONT CITY,1,1
2010,3904402,044024,GALION CITY,1,1
2010,3904403,044032,GALLIPOLIS CITY,1,1
2010,3904404,044040,GARFIELD HEIGHTS CITY SCHOOLS,1,1
2010,3904405,044057,GENEVA AREA CITY,1,1
2010,3904406,044065,GIRARD CITY SCHOOL DISTRICT,1,1
2010,3904407,044073,GRANDVIEW HEIGHTS CITY,1,1
2010,3904408,044081,WINTON WOODS CITY,1,1
2010,3904409,044099,GREENVILLE CITY,1,1
2010,3904410,044107,HAMILTON CITY,1,1
2010,3904411,044115,HEATH CITY,1,1
2010,3904412,044123,HILLSBORO CITY,1,1
2010,3904413,044131,HURON CITY SCHOOLS,1,1
2010,3904414,044149,IRONTON CITY,1,1
2010,3904415,044156,JACKSON CITY,1,1
2010,3904416,044164,KENT CITY,1,1
2010,3904418,044180,KETTERING CITY,1,1
2010,3904419,044198,LAKEWOOD CITY,1,1
2010,3904420,044206,LANCASTER CITY,1,1
2010,3904421,044214,LEBANON CITY,1,1
2010,3904422,044222,LIMA CITY,1,1
2010,3904423,044230,LOCKLAND LOCAL,1,1
2010,3904424,044248,LOGAN-HOCKING LOCAL,1,1
2010,3904425,044255,LONDON CITY,1,1
2010,3904426,044263,LORAIN CITY,1,1
2010,3904427,044271,LOVELAND CITY,1,1
2010,3904428,044289,MADEIRA CITY,1,1
2010,3904429,044297,MANSFIELD CITY,1,1
2010,3904430,044305,MAPLE HEIGHTS CITY,1,1
2010,3904431,044313,MARIEMONT CITY,1,1
2010,3904433,044339,MARION CITY,1,1
2010,3904434,044347,MARTINS FERRY CITY,1,1
2010,3904435,044354,MASSILLON CITY,1,1
2010,3904436,044362,MAUMEE CITY,1,1
2010,3904437,044370,MAYFIELD CITY,1,1
2010,3904438,044388,MEDINA CITY,1,1
2010,3904439,044396,MIAMISBURG CITY,1,1
2010,3904440,044404,MIDDLETOWN CITY,1,1
2010,3904441,044412,MT HEALTHY CITY,1,1
2010,3904443,044438,NAPOLEON AREA CITY,1,1
2010,3904444,044446,NELSONVILLE-YORK CITY,1,1
2010,3904445,044453,NEWARK CITY,1,1
2010,3904446,044461,NEW BOSTON LOCAL,1,1
2010,3904447,044479,NEW LEXINGTON CITY,1,1
2010,3904448,044487,NEW PHILADELPHIA CITY,1,1
2010,3904449,044495,NILES CITY,1,1
2010,3904450,044503,NORTH CANTON CITY,1,1
2010,3904451,044511,NORTH COLLEGE HILL CITY,1,1
2010,3904452,044529,NORTH OLMSTED CITY,1,1
2010,3904453,044537,NORTH RIDGEVILLE CITY,1,1
2010,3904454,044545,NORTH ROYALTON CITY,1,1
2010,3904455,044552,NORTON CITY,1,1
2010,3904456,044560,NORWALK CITY,1,1
2010,3904457,044578,NORWOOD CITY,1,1
2010,3904458,044586,OAKWOOD CITY,1,1
2010,3904459,044594,OBERLIN CITY SCHOOLS,1,1
2010,3904460,044602,OREGON CITY,1,1
2010,3904461,044610,ORRVILLE CITY,1,1
2010,3904463,044636,PARMA CITY,1,1
2010,3904464,044644,PIQUA CITY,1,1
2010,3904465,044651,PORT CLINTON CITY,1,1
2010,3904467,044677,PRINCETON CITY,1,1
2010,3904468,044685,RAVENNA CITY,1,1
2010,3904469,044693,READING COMMUNITY CITY,1,1
2010,3904470,044701,ROCKY RIVER CITY,1,1
2010,3904471,044719,ST BERNARD-ELMWOOD PLACE CITY,1,1
2010,3904472,044727,ST MARYS CITY,1,1
2010,3904474,044743,SANDUSKY CITY,1,1
2010,3904475,044750,SHAKER HEIGHTS CITY,1,1
2010,3904476,044768,SHEFFIELD-SHEFFIELD LAKE CITY,1,1
2010,3904479,044792,SOUTH EUCLID-LYNDHURST CITY,1,1
2010,3904480,044800,SOUTH-WESTERN CITY,1,1
2010,3904481,044818,SPRINGFIELD CITY,1,1
2010,3904482,044826,STEUBENVILLE CITY,1,1
2010,3904483,044834,STOW-MUNROE FALLS CITY,1,1
2010,3904484,044842,STRONGSVILLE CITY,1,1
2010,3904485,044859,STRUTHERS CITY,1,1
2010,3904486,044867,SYCAMORE COMMUNITY CITY,1,1
2010,3904487,044875,SYLVANIA CITY,1,1
2010,3904488,044883,TALLMADGE CITY,1,1
2010,3904489,044891,TIFFIN CITY,1,1
2010,3904490,044909,TOLEDO CITY,1,1
2010,3904491,044917,TORONTO CITY,1,1
2010,3904492,044925,TROY CITY,1,1
2010,3904493,044933,UPPER ARLINGTON CITY,1,1
2010,3904494,044941,URBANA CITY,1,1
2010,3904495,044958,VANDALIA-BUTLER CITY,1,1
2010,3904498,044982,WAPAKONETA CITY,1,1
2010,3904499,044990,WARREN CITY,1,1
2010,3904500,045005,WARRENSVILLE HEIGHTS CITY,1,1
2010,3904502,045021,WELLSTON CITY,1,1
2010,3904503,045039,WELLSVILLE LOCAL,1,1
2010,3904504,045047,WESTERVILLE CITY,1,1
2010,3904505,045054,WEST CARROLLTON CITY,1,1
2010,3904506,045062,WESTLAKE CITY,1,1
2010,3904507,045070,WHITEHALL CITY,1,1
2010,3904508,045088,WICKLIFFE CITY,1,1
2010,3904509,045096,WILLARD CITY,1,1
2010,3904510,045104,WILLOUGHBY-EASTLAKE CITY,1,1
2010,3904511,045112,WILMINGTON CITY,1,1
2010,3904513,045138,WORTHINGTON CITY,1,1
2010,3904514,045146,WYOMING CITY,1,1
2010,3904515,045153,XENIA COMMUNITY CITY,1,1
2010,3904516,045161,YOUNGSTOWN CITY SCHOOLS,1,1
2010,3904517,045179,ZANESVILLE CITY,1,1
2010,3904518,045187,ADA EXEMPTED VILLAGE,1,1
2010,3904519,045195,AMHERST EXEMPTED VILLAGE,1,1
2010,3904520,045203,BARNESVILLE EXEMPTED VILLAGE,1,1
2010,3904521,045211,BLUFFTON EXEMPTED VILLAGE,1,1
2010,3904522,045229,BRADFORD EXEMPTED VILLAGE,1,1
2010,3904523,045237,BRIDGEPORT EXEMPTED VILLAGE,1,1
2010,3904524,045245,HARRISON HILLS CITY,1,1
2010,3904525,045252,CALDWELL EXEMPTED VILLAGE,1,1
2010,3904526,045260,CAREY EXEMPTED VILLAGE,1,1
2010,3904527,045278,CARROLLTON EXEMPTED VILLAGE,1,1
2010,3904528,045286,CHAGRIN FALLS EXEMPTED VILLAGE,1,1
2010,3904529,045294,CHESAPEAKE UNION EXEMPTED VILLAGE,1,1
2010,3904531,045310,COLDWATER EXEMPTED VILLAGE,1,1
2010,3904532,045328,COLUMBIANA EXEMPTED VILLAGE,1,1
2010,3904533,045336,COVINGTON EXEMPTED VILLAGE,1,1
2010,3904535,045351,CROOKSVILLE EXEMPTED VILLAGE,1,1
2010,3904536,045369,FAIRPORT HARBOR EXEMPTED VILLAGE,1,1
2010,3904537,045377,GEORGETOWN EXEMPTED VILLAGE,1,1
2010,3904538,045385,GIBSONBURG EXEMPTED VILLAGE,1,1
2010,3904539,045393,GRANVILLE EXEMPTED VILLAGE,1,1
2010,3904540,045401,GREENFIELD EXEMPTED VILLAGE,1,1
2010,3904541,045419,HICKSVILLE EXEMPTED VILLAGE,1,1
2010,3904542,045427,HUBBARD EXEMPTED VILLAGE,1,1
2010,3904543,045435,INDIAN HILL EXEMPTED VILLAGE,1,1
2010,3904545,045450,LISBON EXEMPTED VILLAGE,1,1
2010,3904546,045468,LOUDONVILLE-PERRYSVILLE EXEMPTED VILLAGE,1,1
2010,3904547,045476,MARYSVILLE EXEMPTED VILLAGE,1,1
2010,3904548,045484,MECHANICSBURG EXEMPTED VILLAGE,1,1
2010,3904549,045492,MENTOR EXEMPTED VILLAGE,1,1
2010,3904550,045500,MILFORD EXEMPTED VILLAGE,1,1
2010,3904551,045518,MILTON-UNION EXEMPTED VILLAGE,1,1
2010,3904552,045526,MONTPELIER EXEMPTED VILLAGE,1,1
2010,3904553,045534,MOUNT GILEAD EXEMPTED VILLAGE,1,1
2010,3904554,045542,NEWCOMERSTOWN EXEMPTED VILLAGE,1,1
2010,3904555,045559,NEW RICHMOND EXEMPTED VILLAGE,1,1
2010,3904556,045567,NEWTON FALLS EXEMPTED VILLAGE,1,1
2010,3904557,045575,PAULDING EXEMPTED VILLAGE,1,1
2010,3904558,045583,PERRYSBURG EXEMPTED VILLAGE,1,1
2010,3904560,045609,ROSSFORD EXEMPTED VILLAGE,1,1
2010,3904561,045617,TIPP CITY EXEMPTED VILLAGE,1,1
2010,3904563,045633,VERSAILLES EXEMPTED VILLAGE,1,1
2010,3904564,045641,WAUSEON EXEMPTED VILLAGE,1,1
2010,3904565,045658,WELLINGTON EXEMPTED VILLAGE,1,1
2010,3904566,045666,WINDHAM EXEMPTED VILLAGE,1,1
2010,3904567,045674,YELLOW SPRINGS EXEMPTED VILLAGE,1,1
2010,3904574,045740,ALLEN COUNTY ESC,4,1
2010,3904575,045757,ALLEN EAST LOCAL,1,1
2010,3904576,045765,BATH LOCAL,1,1
2010,3904577,045773,ELIDA LOCAL,1,1
2010,3904578,045781,PERRY LOCAL,1,1
2010,3904579,045799,SHAWNEE LOCAL,1,1
2010,3904580,045807,SPENCERVILLE LOCAL,1,1
2010,3904582,045823,HILLSDALE LOCAL,1,1
2010,3904583,045831,MAPLETON LOCAL,1,1
2010,3904584,045849,ASHTABULA COUNTY ESC,4,1
2010,3904585,045856,BUCKEYE LOCAL,1,1
2010,3904586,045864,GRAND VALLEY LOCAL,1,1
2010,3904587,045872,JEFFERSON AREA LOCAL,1,1
2010,3904588,045880,PYMATUNING VALLEY LOCAL,1,1
2010,3904590,045906,ALEXANDER LOCAL,1,1
2010,3904591,045914,FEDERAL HOCKING LOCAL,1,1
2010,3904592,045922,TRIMBLE LOCAL,1,1
2010,3904593,045930,AUGLAIZE COUNTY ESC,4,1
2010,3904594,045948,MINSTER LOCAL,1,1
2010,3904595,045955,NEW BREMEN LOCAL,1,1
2010,3904596,045963,NEW KNOXVILLE LOCAL,1,1
2010,3904597,045971,WAYNESFIELD-GOSHEN LOCAL,1,1
2010,3904599,045997,ST CLAIRSVILLE-RICHLAND CITY,1,1
2010,3904600,046003,SHADYSIDE LOCAL,1,1
2010,3904601,046011,UNION LOCAL,1,1
2010,3904602,046029,BROWN ESC,4,1
2010,3904603,046037,EASTERN LOCAL,1,1
2010,3904604,046045,FAYETTEVILLE-PERRY LOCAL,1,1
2010,3904606,046060,WESTERN BROWN LOCAL,1,1
2010,3904607,046078,RIPLEY-UNION-LEWIS-HUNTINGTON LOCAL,1,1
2010,3904608,046086,BUTLER COUNTY ESC,4,1
2010,3904609,046094,EDGEWOOD CITY,1,1
2010,3904610,046102,FAIRFIELD CITY,1,1
2010,3904611,046110,LAKOTA LOCAL,1,1
2010,3904612,046128,MADISON LOCAL,1,1
2010,3904613,046136,NEW MIAMI LOCAL,1,1
2010,3904614,046144,ROSS LOCAL,1,1
2010,3904615,046151,TALAWANDA CITY,1,1
2010,3904617,046177,BROWN LOCAL,1,1
2010,3904619,046193,GRAHAM LOCAL,1,1
2010,3904620,046201,TRIAD LOCAL,1,1
2010,3904621,046219,WEST LIBERTY-SALEM LOCAL,1,1
2010,3904622,046227,CLARK COUNTY ESC,4,1
2010,3904623,046235,GREENON LOCAL,1,1
2010,3904624,046243,TECUMSEH LOCAL,1,1
2010,3904625,046250,NORTHEASTERN LOCAL,1,1
2010,3904626,046268,NORTHWESTERN LOCAL,1,1
2010,3904627,046276,SOUTHEASTERN LOCAL,1,1
2010,3904628,046284,CLARK-SHAWNEE LOCAL,1,1
2010,3904629,046292,CLERMONT COUNTY ESC,4,1
2010,3904630,046300,BATAVIA LOCAL,1,1
2010,3904631,046318,BETHEL-TATE LOCAL,1,1
2010,3904632,046326,CLERMONT NORTHEASTERN LOCAL,1,1
2010,3904633,046334,FELICITY-FRANKLIN LOCAL,1,1
2010,3904634,046342,GOSHEN LOCAL,1,1
2010,3904635,046359,WEST CLERMONT LOCAL,1,1
2010,3904636,046367,WILLIAMSBURG LOCAL,1,1
2010,3904637,046375,SOUTHERN OHIO ESC,4,1
2010,3904638,046383,BLANCHESTER LOCAL,1,1
2010,3904639,046391,CLINTON-MASSIE LOCAL,1,1
2010,3904640,046409,EAST CLINTON LOCAL,1,1
2010,3904641,046417,COLUMBIANA COUNTY ESC,4,1
2010,3904642,046425,BEAVER LOCAL,1,1
2010,3904643,046433,CRESTVIEW LOCAL,1,1
2010,3904644,046441,SOUTHERN LOCAL,1,1
2010,3904645,046458,UNITED LOCAL,1,1
2010,3904647,046474,RIDGEWOOD LOCAL,1,1
2010,3904648,046482,RIVER VIEW LOCAL,1,1
2010,3904650,046508,BUCKEYE CENTRAL LOCAL,1,1
2010,3904651,046516,COLONEL CRAWFORD LOCAL,1,1
2010,3904652,046524,WYNFORD LOCAL,1,1
2010,3904653,046532,CUYAHOGA COUNTY ESC,4,1
2010,3904655,046557,CUYAHOGA HEIGHTS LOCAL,1,1
2010,3904656,046565,INDEPENDENCE LOCAL,1,1
2010,3904657,046573,OLMSTED FALLS CITY,1,1
2010,3904659,046599,RICHMOND HEIGHTS LOCAL,1,1
2010,3904660,046607,SOLON CITY,1,1
2010,3904661,046615,DARKE COUNTY ESC,4,1
2010,3904662,046623,ANSONIA LOCAL,1,1
2010,3904663,046631,ARCANUM-BUTLER LOCAL,1,1
2010,3904664,046649,FRANKLIN MONROE LOCAL,1,1
2010,3904667,046672,MISSISSINAWA VALLEY LOCAL,1,1
2010,3904668,046680,TRI-VILLAGE LOCAL,1,1
2010,3904670,046706,AYERSVILLE LOCAL,1,1
2010,3904671,046714,CENTRAL LOCAL,1,1
2010,3904672,046722,NORTHEASTERN LOCAL,1,1
2010,3904674,046748,BIG WALNUT LOCAL,1,1
2010,3904675,046755,BUCKEYE VALLEY LOCAL,1,1
2010,3904676,046763,OLENTANGY LOCAL,1,1
2010,3904678,046789,BERLIN-MILAN LOCAL,1,1
2010,3904679,046797,KELLEYS ISLAND LOCAL,1,1
2010,3904680,046805,MARGARETTA LOCAL,1,1
2010,3904681,046813,PERKINS LOCAL,1,1
2010,3904682,046821,VERMILION LOCAL,1,1
2010,3904683,046839,FAIRFIELD COUNTY ESC,4,1
2010,3904684,046847,AMANDA-CLEARCREEK LOCAL,1,1
2010,3904685,046854,BERNE UNION LOCAL,1,1
2010,3904686,046862,BLOOM-CARROLL LOCAL,1,1
2010,3904687,046870,FAIRFIELD UNION LOCAL,1,1
2010,3904688,046888,LIBERTY UNION-THURSTON LOCAL,1,1
2010,3904689,046896,PICKERINGTON LOCAL,1,1
2010,3904690,046904,WALNUT TOWNSHIP LOCAL,1,1
2010,3904693,046938,ESC OF CENTRAL OHIO,4,1
2010,3904694,046946,CANAL WINCHESTER LOCAL,1,1
2010,3904695,046953,HAMILTON LOCAL,1,1
2010,3904696,046961,GAHANNA-JEFFERSON CITY,1,1
2010,3904697,046979,GROVEPORT MADISON LOCAL,1,1
2010,3904699,046995,NEW ALBANY-PLAIN LOCAL,1,1
2010,3904700,047001,REYNOLDSBURG CITY,1,1
2010,3904701,047019,HILLIARD CITY,1,1
2010,3904702,047027,DUBLIN CITY,1,1
2010,3904704,047043,ARCHBOLD-AREA LOCAL,1,1
2010,3904705,047050,EVERGREEN LOCAL,1,1
2010,3904706,047068,FAYETTE LOCAL,1,1
2010,3904707,047076,PETTISVILLE LOCAL,1,1
2010,3904708,047084,PIKE-DELTA-YORK LOCAL,1,1
2010,3904709,047092,SWANTON LOCAL,1,1
2010,3904715,047159,GEAUGA COUNTY EDUCATIONAL SERVICE CENTER,4,1
2010,3904716,047167,BERKSHIRE LOCAL,1,1
2010,3904717,047175,CARDINAL LOCAL,1,1
2010,3904718,047183,CHARDON LOCAL,1,1
2010,3904719,047191,KENSTON LOCAL,1,1
2010,3904720,047209,LEDGEMONT LOCAL,1,1
2010,3904721,047217,NEWBURY LOCAL,1,1
2010,3904722,047225,WEST GEAUGA LOCAL,1,1
2010,3904723,047233,GREENE COUNTY ESC,4,1
2010,3904724,047241,BEAVERCREEK CITY,1,1
2010,3904725,047258,CEDAR CLIFF LOCAL,1,1
2010,3904726,047266,GREENEVIEW LOCAL,1,1
2010,3904727,047274,BELLBROOK-SUGARCREEK LOCAL SCHOOL DISTRICT,1,1
2010,3904730,047308,ROLLING HILLS LOCAL,1,1
2010,3904732,047324,HAMILTON COUNTY ESC,4,1
2010,3904733,047332,FINNEYTOWN LOCAL,1,1
2010,3904734,047340,FOREST HILLS LOCAL,1,1
2010,3904736,047365,NORTHWEST LOCAL,1,1
2010,3904737,047373,OAK HILLS LOCAL,1,1
2010,3904738,047381,SOUTHWEST LOCAL,1,1
2010,3904739,047399,THREE RIVERS LOCAL,1,1
2010,3904740,047407,HANCOCK COUNTY ESC,4,1
2010,3904742,047423,ARLINGTON LOCAL,1,1
2010,3904743,047431,CORY-RAWSON LOCAL,1,1
2010,3904744,047449,LIBERTY-BENTON LOCAL,1,1
2010,3904745,047456,MCCOMB LOCAL,1,1
2010,3904747,047472,VANLUE LOCAL,1,1
2010,3904748,047480,HARDIN COUNTY ESC,4,1
2010,3904749,047498,HARDIN NORTHERN LOCAL,1,1
2010,3904750,047506,RIDGEMONT LOCAL,1,1
2010,3904751,047514,RIVERDALE LOCAL,1,1
2010,3904752,047522,UPPER SCIOTO VALLEY LOCAL,1,1
2010,3904754,047548,CONOTTON VALLEY UNION LOCAL,1,1
2010,3904757,047571,HOLGATE LOCAL,1,1
2010,3904758,047589,LIBERTY CENTER LOCAL,1,1
2010,3904759,047597,PATRICK HENRY LOCAL,1,1
2010,3904761,047613,BRIGHT LOCAL,1,1
2010,3904762,047621,FAIRFIELD LOCAL,1,1
2010,3904763,047639,LYNCHBURG-CLAY LOCAL,1,1
2010,3904768,047688,EAST HOLMES LOCAL,1,1
2010,3904769,047696,WEST HOLMES LOCAL,1,1
2010,3904771,047712,MONROEVILLE LOCAL,1,1
2010,3904772,047720,NEW LONDON LOCAL,1,1
2010,3904773,047738,SOUTH CENTRAL LOCAL,1,1
2010,3904774,047746,WESTERN RESERVE LOCAL,1,1
2010,3904776,047761,OAK HILL UNION LOCAL,1,1
2010,3904777,047779,JEFFERSON COUNTY ESC,4,1
2010,3904778,047787,BUCKEYE LOCAL,1,1
2010,3904779,047795,EDISON LOCAL,1,1
2010,3904780,047803,INDIAN CREEK LOCAL,1,1
2010,3904781,047811,KNOX COUNTY ESC,4,1
2010,3904782,047829,CENTERBURG LOCAL,1,1
2010,3904783,047837,DANVILLE LOCAL,1,1
2010,3904785,047852,FREDERICKTOWN LOCAL,1,1
2010,3904786,047860,LAKE COUNTY ESC,4,1
2010,3904787,047878,KIRTLAND LOCAL,1,1
2010,3904788,047886,MADISON LOCAL,1,1
2010,3904790,047902,PERRY LOCAL,1,1
2010,3904791,047910,LAWRENCE COUNTY ESC,4,1
2010,3904792,047928,DAWSON-BRYANT LOCAL,1,1
2010,3904793,047936,FAIRLAND LOCAL,1,1
2010,3904794,047944,ROCK HILL LOCAL,1,1
2010,3904795,047951,SOUTH POINT LOCAL,1,1
2010,3904796,047969,SYMMES VALLEY LOCAL,1,1
2010,3904797,047977,LICKING COUNTY ESC,4,1
2010,3904798,047985,JOHNSTOWN-MONROE LOCAL,1,1
2010,3904799,047993,LAKEWOOD LOCAL,1,1
2010,3904800,048009,LICKING HEIGHTS LOCAL,1,1
2010,3904801,048017,LICKING VALLEY LOCAL,1,1
2010,3904802,048025,NORTH FORK LOCAL,1,1
2010,3904803,048033,NORTHRIDGE LOCAL,1,1
2010,3904804,048041,SOUTHWEST LICKING LOCAL,1,1
2010,3904805,048058,LOGAN COUNTY ESC,4,1
2010,3904807,048074,BENJAMIN LOGAN LOCAL,1,1
2010,3904808,048082,INDIAN LAKE LOCAL,1,1
2010,3904809,048090,RIVERSIDE LOCAL,1,1
2010,3904810,048108,LORAIN COUNTY ESC,4,1
2010,3904811,048116,AVON LOCAL,1,1
2010,3904812,048124,AVON LAKE CITY,1,1
2010,3904813,048132,CLEARVIEW LOCAL,1,1
2010,3904814,048140,COLUMBIA LOCAL,1,1
2010,3904815,048157,FIRELANDS LOCAL,1,1
2010,3904816,048165,KEYSTONE LOCAL,1,1
2010,3904817,048173,MIDVIEW LOCAL,1,1
2010,3904819,048199,LUCAS COUNTY ESC,4,1
2010,3904820,048207,ANTHONY WAYNE LOCAL,1,1
2010,3904821,048215,OTTAWA HILLS LOCAL,1,1
2010,3904822,048223,SPRINGFIELD LOCAL,1,1
2010,3904823,048231,WASHINGTON LOCAL,1,1
2010,3904825,048256,JEFFERSON LOCAL,1,1
2010,3904826,048264,JONATHAN ALDER LOCAL,1,1
2010,3904827,048272,MADISON-PLAINS LOCAL,1,1
2010,3904828,048280,MAHONING COUNTY ESC,4,1
2010,3904829,048298,AUSTINTOWN LOCAL,1,1
2010,3904830,048306,BOARDMAN LOCAL,1,1
2010,3904831,048314,CANFIELD LOCAL,1,1
2010,3904832,048322,JACKSON-MILTON LOCAL,1,1
2010,3904833,048330,LOWELLVILLE LOCAL,1,1
2010,3904834,048348,POLAND LOCAL,1,1
2010,3904835,048355,SEBRING LOCAL,1,1
2010,3904836,048363,SOUTH RANGE LOCAL,1,1
2010,3904837,048371,SPRINGFIELD LOCAL,1,1
2010,3904838,048389,WEST BRANCH LOCAL,1,1
2010,3904839,048397,WESTERN RESERVE LOCAL,1,1
2010,3904841,048413,ELGIN LOCAL,1,1
2010,3904842,048421,PLEASANT LOCAL,1,1
2010,3904843,048439,RIDGEDALE LOCAL,1,1
2010,3904844,048447,RIVER VALLEY LOCAL,1,1
2010,3904845,048454,MEDINA COUNTY ESC,4,1
2010,3904846,048462,BLACK RIVER LOCAL,1,1
2010,3904847,048470,BUCKEYE LOCAL,1,1
2010,3904848,048488,CLOVERLEAF LOCAL,1,1
2010,3904849,048496,HIGHLAND LOCAL,1,1
2010,3904851,048512,EASTERN LOCAL,1,1
2010,3904852,048520,MEIGS LOCAL,1,1
2010,3904853,048538,SOUTHERN LOCAL,1,1
2010,3904854,048546,MERCER COUNTY ESC,4,1
2010,3904857,048579,PARKWAY LOCAL,1,1
2010,3904858,048587,ST HENRY CONSOLIDATED LOCAL,1,1
2010,3904859,048595,FORT RECOVERY LOCAL,1,1
2010,3904860,048603,MIAMI COUNTY ESC,4,1
2010,3904861,048611,BETHEL LOCAL,1,1
2010,3904862,048629,MIAMI EAST LOCAL,1,1
2010,3904863,048637,NEWTON LOCAL,1,1
2010,3904865,048652,SWITZERLAND OF OHIO LOCAL,1,1
2010,3904866,048660,MONTGOMERY COUNTY ESC,4,1
2010,3904867,048678,BROOKVILLE LOCAL,1,1
2010,3904868,048686,JEFFERSON TOWNSHIP LOCAL,1,1
2010,3904869,048694,TROTWOOD-MADISON CITY,1,1
2010,3904870,048702,MAD RIVER LOCAL,1,1
2010,3904871,048710,NEW LEBANON LOCAL,1,1
2010,3904872,048728,NORTHMONT CITY,1,1
2010,3904873,048736,NORTHRIDGE LOCAL,1,1
2010,3904874,048744,VALLEY VIEW LOCAL,1,1
2010,3904875,048751,HUBER HEIGHTS CITY,1,1
2010,3904877,048777,MORGAN LOCAL,1,1
2010,3904879,048793,CARDINGTON-LINCOLN LOCAL,1,1
2010,3904880,048801,HIGHLAND LOCAL,1,1
2010,3904881,048819,NORTHMOR LOCAL,1,1
2010,3904883,048835,EAST MUSKINGUM LOCAL,1,1
2010,3904884,048843,FRANKLIN LOCAL,1,1
2010,3904885,048850,MAYSVILLE LOCAL,1,1
2010,3904887,048876,TRI-VALLEY LOCAL,1,1
2010,3904888,048884,WEST MUSKINGUM LOCAL,1,1
2010,3904890,048900,NOBLE LOCAL,1,1
2010,3904892,048926,BENTON CARROLL SALEM LOCAL,1,1
2010,3904893,048934,DANBURY LOCAL,1,1
2010,3904894,048942,GENOA AREA LOCAL,1,1
2010,3904895,048959,MIDDLE BASS LOCAL,1,1
2010,3904896,048967,NORTH BASS LOCAL,1,1
2010,3904897,048975,PUT-IN-BAY LOCAL,1,1
2010,3904899,048991,ANTWERP LOCAL,1,1
2010,3904900,049296,TWIN VALLEY COMMUNITY LOCAL,1,1
2010,3904903,049031,WAYNE TRACE LOCAL,1,1
2010,3904905,049056,NORTHERN LOCAL,1,1
2010,3904906,049064,SOUTHERN LOCAL,1,1
2010,3904907,049072,PICKAWAY COUNTY ESC,4,1
2010,3904908,049080,LOGAN ELM LOCAL,1,1
2010,3904909,049098,TEAYS VALLEY LOCAL,1,1
2010,3904910,049106,WESTFALL LOCAL,1,1
2010,3904912,049122,EASTERN LOCAL,1,1
2010,3904913,049130,SCIOTO VALLEY LOCAL,1,1
2010,3904914,049148,WAVERLY CITY,1,1
2010,3904915,049155,WESTERN LOCAL,1,1
2010,3904916,049163,PORTAGE COUNTY ESC,4,1
2010,3904917,049171,AURORA CITY,1,1
2010,3904918,049189,CRESTWOOD LOCAL,1,1
2010,3904919,049197,FIELD LOCAL,1,1
2010,3904920,049205,JAMES A GARFIELD LOCAL,1,1
2010,3904921,049213,ROOTSTOWN LOCAL,1,1
2010,3904922,049221,SOUTHEAST LOCAL,1,1
2010,3904923,049239,STREETSBORO CITY,1,1
2010,3904924,049247,WATERLOO LOCAL,1,1
2010,3904925,049254,PREBLE COUNTY ESC,4,1
2010,3904926,091397,TRI-COUNTY NORTH LOCAL,1,1
2010,3904927,049270,NATIONAL TRAIL LOCAL,1,1
2010,3904928,049288,PREBLE SHAWNEE LOCAL,1,1
2010,3904930,049304,PUTNAM COUNTY ESC,4,1
2010,3904931,049312,COLUMBUS GROVE LOCAL,1,1
2010,3904932,049320,CONTINENTAL LOCAL,1,1
2010,3904933,049338,JENNINGS LOCAL,1,1
2010,3904934,049346,KALIDA LOCAL,1,1
2010,3904935,049353,LEIPSIC LOCAL,1,1
2010,3904936,049361,MILLER CITY-NEW CLEVELAND LOCAL,1,1
2010,3904937,049379,OTTAWA-GLANDORF LOCAL,1,1
2010,3904938,049387,OTTOVILLE LOCAL,1,1
2010,3904939,049395,PANDORA-GILBOA LOCAL,1,1
2010,3904941,049411,CLEAR FORK VALLEY LOCAL,1,1
2010,3904942,049429,CRESTVIEW LOCAL,1,1
2010,3904943,049437,LEXINGTON LOCAL,1,1
2010,3904944,049445,LUCAS LOCAL,1,1
2010,3904945,049452,MADISON LOCAL,1,1
2010,3904946,049460,PLYMOUTH-SHILOH LOCAL,1,1
2010,3904947,049478,ONTARIO LOCAL,1,1
2010,3904949,049494,ADENA LOCAL,1,1
2010,3904950,049502,HUNTINGTON LOCAL,1,1
2010,3904951,049510,PAINT VALLEY LOCAL,1,1
2010,3904952,049528,SOUTHEASTERN LOCAL,1,1
2010,3904953,049536,UNION-SCIOTO LOCAL,1,1
2010,3904954,049544,ZANE TRACE LOCAL,1,1
2010,3904956,049569,LAKOTA LOCAL,1,1
2010,3904957,049577,WOODMORE LOCAL,1,1
2010,3904959,049593,BLOOM-VERNON LOCAL,1,1
2010,3904961,049619,GREEN LOCAL,1,1
2010,3904962,049627,MINFORD LOCAL,1,1
2010,3904963,049635,NORTHWEST LOCAL,1,1
2010,3904964,049643,VALLEY LOCAL,1,1
2010,3904965,049650,WASHINGTON-NILE LOCAL,1,1
2010,3904966,049668,WHEELERSBURG LOCAL,1,1
2010,3904968,049684,SENECA EAST LOCAL,1,1
2010,3904969,049692,BETTSVILLE LOCAL,1,1
2010,3904970,049700,HOPEWELL-LOUDON LOCAL,1,1
2010,3904971,049718,NEW RIEGEL LOCAL,1,1
2010,3904974,049742,SHELBY COUNTY ESC,4,1
2010,3904976,049767,BOTKINS LOCAL,1,1
2010,3904977,049775,FAIRLAWN LOCAL,1,1
2010,3904978,049783,FORT LORAMIE LOCAL,1,1
2010,3904979,049791,HARDIN-HOUSTON LOCAL,1,1
2010,3904981,049817,RUSSIA LOCAL,1,1
2010,3904982,049825,STARK COUNTY ESC,4,1
2010,3904983,049833,CANTON LOCAL,1,1
2010,3904984,049841,FAIRLESS LOCAL,1,1
2010,3904985,049858,JACKSON LOCAL,1,1
2010,3904986,049866,LAKE LOCAL,1,1
2010,3904987,049874,LOUISVILLE CITY,1,1
2010,3904988,049882,MARLINGTON LOCAL,1,1
2010,3904989,049890,MINERVA LOCAL,1,1
2010,3904990,049908,NORTHWEST LOCAL,1,1
2010,3904991,049916,OSNABURG LOCAL,1,1
2010,3904992,049924,PERRY LOCAL,1,1
2010,3904993,049932,PLAIN LOCAL,1,1
2010,3904994,049940,SANDY VALLEY LOCAL,1,1
2010,3904995,049957,TUSLAW LOCAL,1,1
2010,3904996,049965,SUMMIT COUNTY ESC,4,1
2010,3904997,049973,WOODRIDGE LOCAL,1,1
2010,3904998,049981,COPLEY-FAIRLAWN CITY,1,1
2010,3904999,049999,COVENTRY LOCAL,1,1
2010,3905000,050005,MANCHESTER LOCAL,1,1
2010,3905001,050013,GREEN LOCAL,1,1
2010,3905002,050021,HUDSON CITY,1,1
2010,3905003,050039,MOGADORE LOCAL,1,1
2010,3905004,050047,NORDONIA HILLS CITY,1,1
2010,3905005,050054,REVERE LOCAL,1,1
2010,3905006,050062,SPRINGFIELD LOCAL,1,1
2010,3905007,050070,TWINSBURG CITY,1,1
2010,3905008,050088,TRUMBULL COUNTY ESC,4,1
2010,3905009,050096,BLOOMFIELD-MESPO LOCAL,1,1
2010,3905011,050112,BRISTOL LOCAL,1,1
2010,3905012,050120,BROOKFIELD LOCAL,1,1
2010,3905013,050138,CHAMPION LOCAL,1,1
2010,3905015,050153,MATHEWS LOCAL,1,1
2010,3905016,050161,HOWLAND LOCAL,1,1
2010,3905017,050179,JOSEPH BADGER LOCAL,1,1
2010,3905018,050187,LAKEVIEW LOCAL,1,1
2010,3905019,050195,LIBERTY LOCAL,1,1
2010,3905020,050203,LORDSTOWN LOCAL,1,1
2010,3905021,050211,MAPLEWOOD LOCAL,1,1
2010,3905022,050229,MCDONALD LOCAL,1,1
2010,3905023,050237,SOUTHINGTON LOCAL,1,1
2010,3905024,050245,LABRAE LOCAL,1,1
2010,3905025,050252,WEATHERSFIELD LOCAL,1,1
2010,3905026,050260,EAST CENTRAL OHIO ESC,4,1
2010,3905027,050278,GARAWAY LOCAL,1,1
2010,3905028,050286,INDIAN VALLEY LOCAL SCHOOLS,1,1
2010,3905029,050294,STRASBURG-FRANKLIN LOCAL,1,1
2010,3905030,050302,TUSCARAWAS VALLEY LOCAL,1,1
2010,3905032,050328,FAIRBANKS LOCAL,1,1
2010,3905033,050336,NORTH UNION LOCAL,1,1
2010,3905035,050351,CRESTVIEW LOCAL,1,1
2010,3905039,050393,VINTON COUNTY LOCAL,1,1
2010,3905040,050401,WARREN COUNTY ESC,4,1
2010,3905041,050419,CARLISLE LOCAL,1,1
2010,3905042,050427,SPRINGBORO COMMUNITY CITY,1,1
2010,3905043,050435,KINGS LOCAL,1,1
2010,3905044,050443,LITTLE MIAMI LOCAL,1,1
2010,3905045,050450,MASON CITY SCHOOL DISTRICT,1,1
2010,3905046,050468,WAYNE LOCAL,1,1
2010,3905048,050484,FORT FRYE LOCAL,1,1
2010,3905049,050492,FRONTIER LOCAL,1,1
2010,3905051,050518,WOLF CREEK LOCAL,1,1
2010,3905052,050526,TRI-COUNTY ESC,4,1
2010,3905053,050534,CHIPPEWA LOCAL,1,1
2010,3905054,050542,DALTON LOCAL,1,1
2010,3905055,050559,GREEN LOCAL,1,1
2010,3905056,050567,NORWAYNE LOCAL,1,1
2010,3905058,050583,SOUTHEAST LOCAL,1,1
2010,3905059,050591,TRIWAY LOCAL,1,1
2010,3905061,050617,EDGERTON LOCAL,1,1
2010,3905062,050625,EDON-NORTHWEST LOCAL,1,1
2010,3905063,050633,MILLCREEK-WEST UNITY LOCAL,1,1
2010,3905064,050641,NORTH CENTRAL LOCAL,1,1
2010,3905065,050658,STRYKER LOCAL,1,1
2010,3905066,050666,WOOD COUNTY ESC,4,1
2010,3905067,050674,EASTWOOD LOCAL,1,1
2010,3905068,050682,ELMWOOD LOCAL,1,1
2010,3905069,050690,LAKE LOCAL,1,1
2010,3905070,050708,NORTH BALTIMORE LOCAL,1,1
2010,3905071,050716,NORTHWOOD LOCAL SCHOOLS,1,1
2010,3905072,050724,OTSEGO LOCAL,1,1
2010,3905074,050740,MOHAWK LOCAL,1,1
2010,3905077,050773,APOLLO,4,1
2010,3905079,050799,SOUTHERN HILLS,4,1
2010,3905081,050815,ASHTABULA COUNTY JOINT VOCATIONAL SCHOOL,4,1
2010,3905085,050856,BELMONT-HARRISON,4,1
2010,3905088,050880,BUTLER TECHNOLOGY & CAREER DEVELOPMENT SCHOOLS,4,1
2010,3905090,050906,COLUMBIANA COUNTY,4,1
2010,3905092,050922,CUYAHOGA VALLEY CAREER CENTER,4,1
2010,3905094,050948,POLARIS,4,1
2010,3905096,050963,FOUR COUNTY,4,1
2010,3905098,050989,DELAWARE AREA CAREER CENTER,4,1
2010,3905100,051003,EASTLAND-FAIRFIELD CAREER/TECH,4,1
2010,3905102,051029,EHOVE CAREER CENTER,4,1
2010,3905104,051045,GREENE COUNTY JT VOC SD,4,1
2010,3905106,051060,GREAT OAKS INST OF TECHNOLOGY,4,1
2010,3905112,051128,JEFFERSON COUNTY,4,1
2010,3905114,051144,KNOX COUNTY JVSD,4,1
2010,3905116,051169,AUBURN,4,1
2010,3905118,051185,LAWRENCE COUNTY,4,1
2010,3905120,051201,CAREER AND TECHNOLOGY EDUCATIONAL CENTERS,4,1
2010,3905122,051227,LORAIN COUNTY JVS,4,1
2010,3905124,051243,MAHONING CO CAREER & TECH CTR,4,1
2010,3905128,051284,MIAMI VALLEY CAREER TECH,4,1
2010,3905130,051300,MID-EAST CAREER AND TECHNOLOGY CENTERS,4,1
2010,3905133,051334,OHIO HI-POINT CAREER CENTER,4,1
2010,3905135,051359,PENTA CAREER CENTER,4,1
2010,3905137,051375,PIKE COUNTY AREA,4,1
2010,3905139,051391,MAPLEWOOD CAREER CENTER,4,1
2010,3905141,051417,PIONEER CAREER & TECHNOLOGY,4,1
2010,3905143,051433,PICKAWAY-ROSS COUNTY JVSD,4,1
2010,3905145,051458,VANGUARD-SENTINEL,4,1
2010,3905147,051474,WARREN COUNTY VOCATIONAL SCHOOL,4,1
2010,3905149,051490,SCIOTO COUNTY CAREER TECHNICAL CENTER,4,1
2010,3905153,051532,SPRINGFIELD-CLARK COUNTY,4,1
2010,3905160,051607,TRI-COUNTY CAREER CENTER,4,1
2010,3905163,051631,TRUMBULL CAREER & TECH CTR,4,1
2010,3905165,051656,BUCKEYE,4,1
2010,3905167,051672,VANTAGE CAREER CENTER,4,1
2010,3905169,051698,WASHINGTON COUNTY,4,1
2010,3905171,051714,WAYNE COUNTY JVSD,4,1
2010,3906190,061903,ADAMS COUNTY/OHIO VALLEY LOCAL,1,1
2010,3906202,062026,STARK COUNTY AREA,4,1
2010,3906204,062042,ASHLAND COUNTY-WEST HOLMES,4,1
2010,3906206,062067,GALLIA-JACKSON-VINTON,4,1
2010,3906210,062109,MEDINA COUNTY JOINT VOCATIONAL SCHOOL DISTRICT,4,1
2010,3906212,062125,UPPER VALLEY,4,1
2010,3906280,062802,U S GRANT,4,1
2010,3906349,063495,PORTAGE LAKES,4,1
2010,3906351,063511,TOLLES CAREER & TECHNICAL CENTER,4,1
2010,3906496,064964,COLLEGE CORNER LOCAL,1,1
2010,3906522,065227,COSHOCTON COUNTY,4,1
2010,3906526,065268,TRI-RIVERS,4,1
2010,3906568,065680,GALLIA COUNTY LOCAL,1,1
2010,3906968,069682,EAST GUERNSEY LOCAL,1,1
2010,3910000,043984,FINDLAY CITY,1,1
2010,3910001,047464,VAN BUREN LOCAL,1,1
2010,3910002,047415,ARCADIA LOCAL,1,1
2010,3910003,044784,SIDNEY CITY,1,1
2010,3910004,049759,ANNA LOCAL,1,1
2010,3910005,049809,JACKSON CENTER LOCAL,1,1
2010,3910006,044735,SALEM CITY,1,1
2010,3910007,045443,LEETONIA EXEMPTED VILLAGE,1,1
2010,3910008,045344,CRESTLINE EXEMPTED VILLAGE,1,1
2010,3910009,044776,SHELBY CITY,1,1
2010,3910010,046920,MIAMI TRACE LOCAL,1,1
2010,3910011,045013,WASHINGTON COURT HOUSE CITY,1,1
2010,3910012,044420,MOUNT VERNON CITY,1,1
2010,3910013,047845,EAST KNOX LOCAL,1,1
2010,3910014,047894,RIVERSIDE LOCAL,1,1
2010,3910015,044628,PAINESVILLE CITY LOCAL,1,1
2010,3910016,046581,ORANGE CITY,1,1
2010,3910017,043562,BEDFORD CITY,1,1
2010,3910018,050500,WARREN LOCAL,1,1
2010,3910019,044321,MARIETTA CITY,1,1
2010,3910020,045302,CLYDE-GREEN SPRINGS EXEMPTED VILLAGE,1,1
2010,3910021,049726,OLD FORT LOCAL,1,1
2010,3910022,050369,LINCOLNVIEW LOCAL,1,1
2010,3910023,044966,VAN WERT CITY,1,1
2010,3910024,045625,UPPER SANDUSKY EXEMPTED VILLAGE,1,1
2010,3910025,044172,KENTON CITY,1,1
2010,3910026,049601,CLAY LOCAL,1,1
2010,3910027,044669,PORTSMOUTH CITY,1,1
2010,3910028,045591,RITTMAN EXEMPTED VILLAGE,1,1
2010,3910029,044974,WADSWORTH CITY,1,1
2010,3910030,043729,CELINA CITY,1,1
2010,3910031,048553,MARION LOCAL,1,1
2010,3910032,045120,WOOSTER CITY,1,1
2010,3910033,050575,NORTHWESTERN LOCAL,1,1
2011,3900001,071530,OHIO SCHOOL FOR THE DEAF,5,1
2011,3900002,071548,OHIO STATE SCHOOL FOR THE BLIN,5,1
2011,3900008,125252,MUSKINGUM VALLEY ESC,4,1
2011,3900009,125658,SOUTH CENTRAL OHIO ESC,4,1
2011,3900011,125674,PERRY-HOCKING ESC,4,1
2011,3900012,125682,GALLIA-VINTON ESC,4,1
2011,3900013,125690,NORTH POINT EDUCATIONAL SERVICE CENTER,4,1
2011,3900014,123281,OHIO VALLEY ESC,4,1
2011,3900015,124297,NORTHWEST OHIO EDUCATIONAL SERVICE CENTER,4,1
2011,3900017,134072,YOUNGSTOWN COMMUNITY SCHOOL,7,1
2011,3900019,134098,CONSTELLATION SCHOOLS: OLD BROOKLYN COMMUNITY ELEMENTARY,7,1
2011,3900022,134122,AUTISM MODEL SCHOOL,7,1
2011,3900023,134148,AURORA ACADEMY,7,1
2011,3900024,134171,MEADOWS CHOICE COMMUNITY,7,2
2011,3900025,134197,HOPE ACADEMY CHAPELSIDE CAMPUS,7,1
2011,3900026,134205,HOPE ACADEMY CATHEDRAL CAMPUS,7,2
2011,3900027,134213,HOPE ACADEMY UNIVERSITY,7,1
2011,3900028,134221,HOPE ACADEMY BROWN ST CAMPUS,7,1
2011,3900029,134247,CITY DAY COMMUNITY SCHOOL,7,1
2011,3900031,133512,CINCINNATI COLLEGE PREPARATORY ACADEMY,7,1
2011,3900032,133520,CITIZENS ACADEMY,7,1
2011,3900033,133538,EDGE ACADEMY  THE,7,1
2011,3900036,133561,MILLENNIUM COMMUNITY SCHOOL,7,1
2011,3900038,133587,SUMMIT ACADEMY COMMUNITY SCHOOL FOR ALT LEARNERS OF AKRON,7,1
2011,3900040,133629,HORIZON SCIENCE ACAD CLEVELAND,7,1
2011,3900042,133660,HORIZON SCIENCE ACADEMY COLUMBUS,7,1
2011,3900043,133678,RIVERSIDE ACADEMY,7,1
2011,3900047,133736,RICHARD ALLEN ACADEMY,7,1
2011,3900048,133744,THE ISUS INSTITUTE OF CONSTRUCTION TECHNOLOGY,7,1
2011,3900050,133801,LIFE SKILLS CTR OF YOUNGSTOWN,7,1
2011,3900051,133819,HOPE ACADEMY LINCOLN PARK,7,1
2011,3900052,133835,LIFE SKILLS CTR OF CLEVELAND,7,1
2011,3900053,133868,LIFE SKILLS CENTER OF AKRON,7,1
2011,3900056,133942,TOLEDO SCHOOL FOR THE ARTS,7,1
2011,3900057,133959,DAYTON LEADERSHIP ACADEMIES-DAYTON LIBERTY CAMPUS,7,1
2011,3900063,123257,NORTH CENTRAL OHIO ESC,4,1
2011,3900064,123521,MID-OHIO ESC,4,1
2011,3900065,133215,INTERGENERATIONAL SCHOOL  THE,7,1
2011,3900066,133223,LIGHTHOUSE COMM & PROF DEV,7,1
2011,3900068,133256,CONSTELLATION SCHOOLS: PARMA COMMUNITY,7,1
2011,3900071,133306,SUMMIT ACADEMY-CANTON,7,1
2011,3900072,133330,T.C.P. WORLD ACADEMY,7,1
2011,3900073,133348,RICHARD ALLEN PREPARATORY,7,1
2011,3900075,133363,QUEST ACADEMY COMMUNITY,7,1
2011,3900077,133389,LIGHTHOUSE COMMUNITY SCH INC,7,1
2011,3900079,133413,ELECTRONIC CLASSROOM OF TOMORROW,7,1
2011,3900080,133421,GRAHAM SCHOOL  THE,7,1
2011,3900081,133439,CORNERSTONE ACADEMY COMMUNITY,7,1
2011,3900083,133454,DAYTON LEADERSHIP ACADEMIES-DAYTON VIEW CAMPUS,7,1
2011,3900084,133488,LIFE SKILLS OF TRUMBULL COUNTY,7,1
2011,3900086,133785,LIFE SKILLS CTR OF CINCINNATI,7,1
2011,3900089,134288,EAST END COMM HERITAGE SCHOOL,7,1
2011,3900090,134999,WESTERN BUCKEYE ESC,4,1
2011,3900091,135145,ATHENS-MEIGS ESC,4,1
2011,3900092,137364,MADISON-CHAMPAIGN ESC,4,1
2011,3900093,138222,ROSS-PIKE ESC,4,1
2011,3900094,139303,MONROE LOCAL SCHOOL DISTRICT,1,1
2011,3900096,132746,SUMMIT ACDY COMM SCHL FOR ALTERNATIVE LEARNERS OF MIDDLETOWN,7,1
2011,3900097,132761,SUMMIT ACADEMY-XENIA,7,1
2011,3900098,132779,SUMMIT ACADEMY MIDDLE SCHOOL-AKRON,7,1
2011,3900099,132787,SPRINGFIELD ACADEMY OF EXCELLENCE,7,1
2011,3900100,132795,LIFE SKILLS CENTER-SPRINGFIELD,7,1
2011,3900101,132803,LIFE SKILLS CENTER-MIDDLETOWN,7,1
2011,3900102,132951,CONSTELLATION SCHOOLS: LORAIN COMMUNITY ELEMENTARY,7,1
2011,3900103,132969,CONSTELLATION SCHOOLS: ELYRIA COMMUNITY ELEMENTARY,7,1
2011,3900104,132985,YOUTHBUILD COLUMBUS COMMUNITY,7,1
2011,3900105,132993,CONSTELLATION SCHOOLS: WESTPARK COMMUNITY ELEMENTARY,7,1
2011,3900106,133264,DOHN COMMUNITY,7,1
2011,3900107,133280,WASHINGTON PARK COMMUNITY,7,1
2011,3900109,133322,SUMMIT ACADEMY-LORAIN,7,1
2011,3900113,133504,PHOENIX COMMUNITY LEARNING CTR,7,1
2011,3900115,133769,NEW CHOICES COMMUNITY SCHOOL,7,2
2011,3900117,143297,THE AUTISM ACADEMY OF LEARNING,7,1
2011,3900118,143305,TRECA DIGITAL ACADEMY,7,1
2011,3900119,143313,HOPE ACADEMY CUYAHOGA CAMPUS,7,1
2011,3900120,143552,EAGLE ACADEMY,7,1
2011,3900121,143602,HAMILTON CNTY MATH & SCIENCE,7,1
2011,3900122,143636,W. C. CUPE COLLEGE PREPARATORY SCHOOL,7,1
2011,3900123,143644,SCIOTOVILLE,7,1
2011,3900125,000125,POLLY FOX ACADEMY COMMUNITY SCHOOL,7,1
2011,3900126,000130,PHOENIX ACADEMY COMMUNITY SCHOOL,7,1
2011,3900127,000131,GLASS CITY ACADEMY,7,1
2011,3900129,000138,PATHWAY SCHOOL OF DISCOVERY,7,1
2011,3900130,000139,ALLIANCE ACADEMY OF CINCINNATI,7,1
2011,3900131,000140,VICTORY ACADEMY OF TOLEDO,7,2
2011,3900132,000143,GEORGE A. PHILLIPS ACADEMY,7,2
2011,3900133,000162,NEWARK DIGITAL ACADEMY,7,1
2011,3900134,000195,HOPE ACADEMY EAST CAMPUS,7,1
2011,3900135,000197,HAMILTON LOCAL DIGITAL ACADEMY,7,1
2011,3900138,000222,WILDWOOD ENVIRONMENTAL ACADEMY,7,1
2011,3900145,148981,TOMORROW CENTER,7,1
2011,3900146,148999,MAHONING UNLIMITED CLASSROOM,7,1
2011,3900151,149047,GOAL DIGITAL ACADEMY,7,1
2011,3900152,149054,AKRON DIGITAL ACADEMY,7,1
2011,3900153,149062,URBANA COMMUNITY SCHOOL,7,1
2011,3900155,149088,FAIRBORN DIGITAL ACADEMY,7,1
2011,3900172,149260,CANTON LOCAL DIGITAL ACADEMY,7,6
2011,3900174,149286,KENT DIGITAL ACADEMY,7,2
2011,3900175,142901,BRIGHTEN HEIGHTS CHARTER SCHOOL OF CANTON,7,1
2011,3900176,142919,LIFE SKILLS CENTER OF ELYRIA,7,1
2011,3900177,142927,FOCUS LEARNING ACADEMY OF SOUTHWEST COLUMBUS,7,1
2011,3900178,142935,FOCUS LEARNING ACADEMY OF SOUTHEASTERN COLUMBUS,7,1
2011,3900179,142943,FOCUS LEARNING ACADEMY OF NORTHERN COLUMBUS,7,1
2011,3900180,142950,OHIO VIRTUAL ACADEMY,7,1
2011,3900181,142968,HOPE ACADEMY NORTHCOAST,7,1
2011,3900183,142984,LANCASTER DIGITAL ACADEMY,7,1
2011,3900184,143115,MOUND STREET IT CAREERS ACADEMY,7,1
2011,3900185,143123,MOUND STREET MILITARY CAREERS ACADEMY,7,1
2011,3900186,143131,MOUND STREET HEALTH CAREERS ACADMY,7,1
2011,3900189,143164,LIFE SKILLS CENTER OF HAMILTON COUNTY,7,1
2011,3900190,143172,INTERNATIONAL ACAD OF COLUMBUS,7,1
2011,3900191,143180,LEGACY ACAD FOR LEADERS & ARTS,7,2
2011,3900192,143198,GREAT WESTERN ACADEMY,7,1
2011,3900193,143206,TROTWOOD FITNESS & PREP ACAD,7,1
2011,3900194,143214,MIDDLETOWN FITNESS & PREP ACAD,7,1
2011,3900198,143347,THE ISUS INSTITUTE OF MANUFACTURING,7,1
2011,3900199,143354,THE ISUS INSTITUTE OF HEALTH CARE,7,1
2011,3900203,143396,ALTERNATIVE EDUCATION ACADEMY,7,1
2011,3900205,143412,CRITTENTON COMMUNITY SCHOOL,7,1
2011,3900209,143453,MOLLIE KESSLER,7,1
2011,3900210,143461,MARCUS GARVEY ACADEMY,7,1
2011,3900211,143479,CONSTELLATION SCHOOLS: PURITAS COMMUNITY ELEMENTARY,7,1
2011,3900212,143487,CONSTELLATION SCHOOLS: STOCKYARD COMMUNITY ELEMENTARY,7,1
2011,3900213,143495,CONSTELLATION SCHOOLS: MANSFIELD COMMUNITY ELEMENTARY,7,1
2011,3900214,143503,LAKE ERIE ACADEMY,7,1
2011,3900216,143529,NORTH DAYTON SCHOOL OF SCIENCE & DISCOVERY,7,1
2011,3900217,143537,VIRTUAL COMMUNITY SCHOOL OF OHIO,7,1
2011,3900218,143545,TOLEDO PREPARATORY ACADEMY,7,1
2011,3900219,143560,RICHARD ALLEN ACADEMY II,7,1
2011,3900220,143578,RICHARD ALLEN ACADEMY III,7,1
2011,3900223,143610,ARTS & COLLEGE PREPARATORY ACADEMY,7,1
2011,3900226,148916,MARION CITY DIGITAL ACADEMY,7,1
2011,3900228,148932,FRANKLIN LOCAL COMMUNITY SCHOOL,7,1
2011,3900231,149302,LIFE SKILLS CENTER OF TOLEDO,7,1
2011,3900233,149328,FOXFIRE HIGH SCHOOL,7,1
2011,3900234,149336,SOUTHWEST LICKING DIGITAL ACAD,7,1
2011,3900237,060988,BUCKEYE UNITED SCHOOL DISTRICT,5,1
2011,3900238,065201,OHIO CENTRAL SCHOOL SYSTEM,5,1
2011,3900241,132944,MIAMI VALLEY ACADEMIES,7,1
2011,3900250,000236,OHIO CONNECTIONS ACADEMY  INC,7,1
2011,3900252,000241,QUAKER DIGITAL ACADEMY,7,1
2011,3900259,149427,MASSILLON DIGITAL ACADEMY  INC,7,1
2011,3900262,151027,LONDON ACADEMY,7,1
2011,3900263,151035,PLEASANT COMMUNITY DIGITAL,7,1
2011,3900264,151043,RIVER VALLEY ACADEMY,7,6
2011,3900266,151076,CARDINGTON LINCOLN LOCAL DIGITAL ACADEMY,7,1
2011,3900267,151084,GRAHAM DIGITAL ACADEMY,7,1
2011,3900273,151142,LORAIN HIGH SCHOOL DIGITAL,7,1
2011,3900275,151167,RIDGEDALE COMMUNITY SCHOOL,7,1
2011,3900276,151175,WEST CENTRAL LEARNING ACADEMY II,7,1
2011,3900277,151183,LIFE SKILLS CTR OF LAKE ERIE,7,1
2011,3900278,151191,LIFE SKILLS CENTER OF SUMMIT COUNTY,7,1
2011,3900279,151209,LIFE SKILLS OF NORTHEAST OHIO,7,1
2011,3900282,151233,LAKEWOOD DIGITAL ACADEMY,7,1
2011,3900284,000523,EDUCATION ALTERNATIVES COMMUNITY SCHOOL,7,6
2011,3900285,000525,PROJECT REBUILD COMMUNITY SCHOOL,7,1
2011,3900286,000527,CLEVELAND ACADEMY FOR SCHOLARSHIP TECHNOLOGY AND LEADERSHIP,7,1
2011,3900291,000534,CONSTELLATION SCHOOLS: PURITAS COMMUNITY MIDDLE,7,1
2011,3900297,000541,CONSTELLATION SCHOOLS: OUTREACH ACADEMY FOR STUDENTS WITH DI,7,1
2011,3900299,000543,PINNACLE ACADEMY,7,1
2011,3900302,000546,WINTERFIELD VENTURE ACADEMY,7,1
2011,3900304,000553,COLUMBUS HUMANITIES  ARTS AND TECHNOLOGY ACADEMY,7,1
2011,3900305,000556,A+ ARTS ACADEMY,7,1
2011,3900306,000557,COLUMBUS ARTS & TECHNOLOGY ACADEMY,7,1
2011,3900307,000558,COLUMBUS PREPARATORY ACADEMY,7,1
2011,3900308,000559,ORION ACADEMY,7,1
2011,3900309,000560,APEX ACADEMY,7,1
2011,3900311,000564,VIRTUAL SCHOOLHOUSE  INC.,7,1
2011,3900312,000574,ARTS ACADEMY  THE,7,2
2011,3900313,000575,HOPE ACADEMY NORTHWEST CAMPUS,7,1
2011,3900314,000576,KING ACADEMY COMMUNITY SCHOOL,7,1
2011,3900315,000577,EMERSON ACADEMY,7,1
2011,3900321,000585,FCI ACADEMY,7,1
2011,3900325,000590,WICKLIFFE PROGRESSIVE COMMUNITY SCHOOL,7,1
2011,3900331,000598,COSHOCTON OPPORTUNITY SCHOOL,7,1
2011,3900337,000608,SUMMIT ACADEMY TRANSITION HIGH SCHOOL-CINCINNATI,7,1
2011,3900338,000609,SUMMIT ACADEMY MIDDLE SCHOOL - LORAIN,7,1
2011,3900339,000610,SUMMIT ACADEMY MIDDLE SCHOOL - COLUMBUS,7,1
2011,3900341,000613,HEIR FORCE COMMUNITY SCHOOL,7,1
2011,3900342,000614,SUMMIT ACADEMY TRANSITION HIGH SCHOOL-COLUMBUS,7,1
2011,3900344,000616,SUMMIT ACADEMY WARREN MIDDLE & SECONDARY,7,1
2011,3900348,000621,SUMMIT ACADEMY TRANSITION HIGH SCHOOL DAYTON,7,1
2011,3900350,000623,SUMMIT ACADEMY-YOUNGSTOWN,7,1
2011,3900356,000629,SUMMIT ACADEMY COMMUNITY SCHOOL - PAINESVILLE,7,1
2011,3900360,000633,SUMMIT ACADEMY TOLEDO LEARNING CENTER,7,1
2011,3900361,000634,SUMMIT ACADEMY SECONDARY SCHOOL - MIDDLETOWN,7,1
2011,3900366,000640,RITTMAN ACADEMY,7,1
2011,3900377,000652,FIVE R'S ACADEMY,7,6
2011,3900381,000664,LIFE SKILLS CENTER OF COLUMBUS SOUTHEAST,7,1
2011,3900382,000677,NEW DAY ACADEMY BOARDING & DAY SCHOOL,7,1
2011,3900383,000679,OAKSTONE COMMUNITY SCHOOL,7,1
2011,3900385,147231,SCHNEE LEARNING CENTER,7,1
2011,3900396,000725,ZENITH ACADEMY,7,1
2011,3900399,000736,PHOENIX VILLAGE ACADEMY PRIMARY 2,7,1
2011,3900400,000738,PHOENIX VILLAGE ACADEMY: SECONDARY I,7,1
2011,3900402,000740,PHOENIX VILLAGE ACADEMY PRIMARY 1,7,6
2011,3900404,000743,PSCHTECIN PUBLIC SCHOOL,7,1
2011,3900428,000770,MARITIME ACADEMY OF TOLEDO  THE,7,1
2011,3900433,000777,EDUCATIONAL ACADEMY AT LINDEN,7,1
2011,3900434,000779,EDUCATIONAL ACADEMY FOR BOYS & GIRLS,7,1
2011,3900435,000780,MIDNIMO CROSS CULTURAL COMMUNITY SCHOOL,7,1
2011,3900436,000781,CINCINNATI SPEECH & READING INTERVENTION CENTER,7,1
2011,3900438,000784,ACADEMY OF COLUMBUS,7,1
2011,3900441,000804,HORIZON SCIENCE ACADEMY-CINCINNATI,7,1
2011,3900444,000808,HORIZON SCIENCE ACADEMY-DAYTON,7,1
2011,3900448,000813,LIFE SKILLS CENTER OF DAYTON,7,1
2011,3900451,000825,HORIZON SCIENCE ACADEMY-SPRINGFIELD,7,1
2011,3900454,000838,HORIZON SCIENCE ACADEMY-DENISON MIDDLE SCHOOL,7,1
2011,3900457,000843,BENNETT VENTURE ACADEMY,7,1
2011,3900467,000855,STAMBAUGH CHARTER ACADEMY,7,1
2011,3900470,000858,HORIZON SCIENCE ACADEMY-CLEVELAND MIDDLE SCHOOL,7,1
2011,3900474,000875,WESTSIDE ACADEMY,7,1
2011,3900478,000905,INTERACTIVE MEDIA & CONSTRUCTION (IMAC),7,1
2011,3900479,000909,V L T ACADEMY,7,1
2011,3900487,000277,SCHOLARTS PREPARATORY AND CAREER CENTER FOR CHILDREN,7,1
2011,3900488,000282,GREATER OHIO VIRTUAL SCHOOL,7,1
2011,3900490,000288,AUGLAIZE COUNTY EDUCATIONAL ACADEMY,7,1
2011,3900492,000296,SUMMIT ACADEMY COLUMBUS,7,1
2011,3900493,000297,SUMMIT ACADEMY DAYTON,7,1
2011,3900494,000298,SUMMIT ACADEMY SECONDARY - AKRON,7,1
2011,3900495,000300,SUMMIT ACADEMY SECONDARY - CANTON,7,1
2011,3900496,000301,SUMMIT ACADEMY SECONDARY - LORAIN,7,1
2011,3900497,000302,SUMMIT ACADEMY COMMUNITY SCHOOL-PARMA,7,1
2011,3900498,000303,SUMMIT ACADEMY SECONDARY - YOUNGSTOWN,7,1
2011,3900499,000304,SUMMIT ACADEMY COMMUNITY SCHOOL-TOLEDO,7,1
2011,3900500,000305,SUMMIT ACADEMY COMMUNITY SCHOOL-WARREN,7,1
2011,3900501,000306,SUMMIT ACADEMY CINCINNATI,7,1
2011,3900502,000311,BRIDGES COMMUNITY ACADEMY,7,1
2011,3900503,000316,CONSTELLATION SCHOOLS: WESTPARK COMMUNITY MIDDLE,7,1
2011,3900505,000318,MENLO PARK ACADEMY,7,1
2011,3900506,000319,CONSTELLATION SCHOOLS: MADISON COMMUNITY ELEMENTARY,7,1
2011,3900507,000320,CONSTELLATION SCHOOLS: LORAIN COMMUNITY MIDDLE,7,1
2011,3900508,000321,CONSTELLATION SCHOOLS: OLD BROOKLYN COMMUNITY MIDDLE,7,1
2011,3900510,000338,HORIZON SCIENCE ACADEMY TOLEDO,7,1
2011,3900514,000360,MIAMISBURG SECONDARY ACADEMY,7,1
2011,3900523,000392,MANSFIELD ENHANCEMENT ACADEMY,7,1
2011,3900525,000396,MANSFIELD ELECTIVE ACADEMY,7,1
2011,3900528,000402,FINDLAY DIGITAL ACADEMY,7,1
2011,3900530,000417,BUCKEYE ONLINE SCHOOL FOR SUCCESS,7,1
2011,3900533,000420,COLUMBUS BILINGUAL ACADEMY,7,1
2011,3900534,000426,LANCASTER FAIRFIELD COMMUNITY SCHOOL,7,1
2011,3900537,000442,MANCHESTER LOCAL,1,1
2011,3900538,000445,GENERAL CHAPPIE JAMES LEADERSHIP ACADEMY,7,1
2011,3900543,000473,TECH CON INSTITUTE,7,1
2011,3900544,000481,P.A.C.E. HIGH SCHOOL,7,1
2011,3900550,000509,WHITEHALL PREPARATORY AND FITNESS ACADEMY,7,1
2011,3900551,000510,SPRINGFIELD PREPARATORY AND FITNESS ACADEMY,7,1
2011,3900552,000511,NORTHLAND PREPARATORY AND FITNESS ACADEMY,7,1
2011,3900557,000930,CLEVELAND ENTREPRENEURSHIP PREPARATORY SCHOOL,7,1
2011,3900562,000936,PROMISE ACADEMY,7,1
2011,3900564,000938,PREMIER ACADEMY OF OHIO,7,1
2011,3900567,000941,PAR EXCELLENCE ACADEMY,7,1
2011,3900568,000942,LAKEWOOD CITY ACADEMY,7,1
2011,3900569,000946,CLEVELAND COMMUNITY SCHOOL,7,1
2011,3900572,000949,VILLAVIEW COMMUNITY SCHOOL,7,1
2011,3900573,000951,TOLEDO PREPARATORY AND FITNESS ACADEMY,7,1
2011,3900574,000952,COLUMBUS PREPARATORY AND FITNESS ACADEMY,7,1
2011,3900575,000953,MT. HEALTHY PREPARATORY AND FITNESS ACADEMY,7,1
2011,3900578,007982,ACADEMY OF ARTS AND HUMANITIES,7,2
2011,3900580,007984,YOUNGSTOWN ACADEMY OF EXCELLENCE,7,1
2011,3900584,007995,CLEVELAND ARTS AND SOCIAL SCIENCES ACADEMY,7,1
2011,3900585,007998,CENTER FOR STUDENT ACHIEVEMENT,7,1
2011,3900586,007999,CHARLES SCHOOL AT OHIO DOMINICAN UNIVERSITY,7,1
2011,3900587,008000,MANSFIELD PREPARATORY ACADEMY OF EXCELLENCE,7,1
2011,3900592,008061,ARTS AND SCIENCE PREPARATORY ACADEMY,7,1
2011,3900593,008063,LIFE SKILLS CENTER OF NORTH AKRON,7,1
2011,3900594,008064,ACADEMY OF ARTS AND SCIENCES,7,1
2011,3900595,008065,IMANI LEARNING ACADEMY,7,1
2011,3900596,008066,LION OF JUDAH ACADEMY,7,1
2011,3900597,008067,ELITE ACADEMY OF THE ARTS,7,1
2011,3900598,008068,ARTS ACADEMY WEST  THE,7,2
2011,3900638,000912,ACADEMIC ACCELERATION ACADEMY,7,1
2011,3900639,008251,MAHONING VALLEY OPPORTUNITY CENTER,7,1
2011,3900640,008287,GROVEPORT COMMUNITY SCHOOL,7,1
2011,3900641,008286,HARVARD AVENUE COMMUNITY SCHOOL,7,1
2011,3900642,008283,DAYTON TECHNOLOGY DESIGN HIGH SCHOOL,7,1
2011,3900643,008282,LIFE SKILLS CENTER OF COLUMBUS NORTH,7,1
2011,3900644,008281,SOUTH SCIOTO ACADEMY,7,1
2011,3900645,008280,NOBLE ACADEMY-COLUMBUS,7,1
2011,3900646,008278,NOBLE ACADEMY-CLEVELAND,7,1
2011,3900647,008289,EAGLE LEARNING CENTER,7,1
2011,3901296,009181,CLAY AVENUE COMMUNITY SCHOOL,7,1
2011,3901298,009171,STAR ACADEMY OF TOLEDO,7,1
2011,3901301,009192,FOUNDATION ACADEMY,7,1
2011,3901302,009283,DAYTON EARLY COLLEGE ACADEMY  INC,7,1
2011,3901305,009122,COLUMBUS COLLEGIATE ACADEMY,7,1
2011,3901308,009162,BRIDGE ACADEMY OF OHIO,7,6
2011,3901312,009154,CINCINNATI LEADERSHIP ACADEMY,7,1
2011,3901313,009164,CENTRAL ACADEMY OF OHIO,7,1
2011,3901314,009148,ZANESVILLE COMMUNITY SCHOOL,7,1
2011,3901317,009163,C.M. GRANT LEADERSHIP ACADEMY,7,1
2011,3901319,009147,NORTHPOINTE ACADEMY,7,1
2011,3901322,009179,HORIZON SCIENCE ACADEMY COLUMBUS MIDDLE SCHOOL,7,1
2011,3901325,009165,GAHANNA COMMUNITY SCHOOL,7,1
2011,3901326,009149,CONSTELLATION SCHOOLS: WESTSIDE COMMUNITY SCHOOL OF THE ARTS,7,1
2011,3901327,009178,ROMIG ROAD COMMUNITY SCHOOL,7,1
2011,3901329,009996,MAHONING COUNTY HIGH SCHOOL,7,1
2011,3901330,009997,KIPP:  JOURNEY ACADEMY,7,1
2011,3901331,010005,HORIZON SCIENCE ACADEMY CLEVELAND ELEMENTARY SCHOOL,7,1
2011,3901332,010006,KNIGHT ACADEMY,7,1
2011,3901333,010007,HORIZON SCIENCE ACADEMY DENISON ELEMENTARY SCHOOL,7,1
2011,3901335,010036,CESAR CHAVEZ COLLEGE PREPARATORY SCHOOL,7,1
2011,3901336,010180,MOUNT AUBURN INTERNATIONAL ACADEMY,7,1
2011,3901337,010182,PERFORMANCE ACADEMY EASTLAND,7,1
2011,3901339,010205,L. HOLLINGWORTH SCHOOL FOR TALENTED AND GIFTED,7,1
2011,3901340,009909,CONSTELLATION SCHOOLS: MANSFIELD COMMUNITY MIDDLE,7,1
2011,3901344,009953,SULLIVANT AVENUE COMMUNITY SCHOOL,7,1
2011,3901345,009954,HARRISBURG PIKE COMMUNITY SCHOOL,7,1
2011,3901346,009955,MADISON AVENUE SCHOOL OF ARTS,7,1
2011,3901347,009957,KLEPINGER COMMUNITY SCHOOL,7,1
2011,3901348,009964,SCIOTOVILLE ELEMENTARY ACADEMY,7,1
2011,3901349,009970,DIXON EARLY LEARNING CENTER CONVERSION COMMUNITY SCHOOL,7,1
2011,3901350,009971,ASHLAND COUNTY COMMUNITY ACADEMY,7,1
2011,3901352,009983,WESTERN RESERVE KINDERGARTEN LEARNING ACADEMY,7,1
2011,3901353,009990,HORIZON SCIENCE ACADEMY ELEMENTARY SCHOOL,7,1
2011,3901354,011439,RENAISSANCE ACADEMY,7,1
2011,3901355,011440,WINWIN ACADEMY,7,2
2011,3901356,011444,RUSHMORE ACADEMY,7,1
2011,3901358,011470,A.B. GRAHAM ACADEMY,7,1
2011,3901359,011479,LIFELINKS COMMUNITY SCHOOL,7,1
2011,3901360,011480,UPPER SCIOTO WIND/ENERGY ACADEMY,7,2
2011,3901361,011487,FALCON ACADEMY OF CREATIVE ARTS,7,1
2011,3901362,011507,ACHIEVE CAREER PREPARATORY ACADEMY,7,1
2011,3901363,011511,NORTH CENTRAL ACADEMY,7,1
2011,3901364,011530,L.E.A.D. ACADEMY,7,6
2011,3901365,011533,HORIZON SCIENCE ACADEMY LORAIN,7,1
2011,3901366,011534,HORIZON SCIENCE ACADEMY DAYTON HIGH SCHOOL,7,1
2011,3901368,011291,VILLAGE PREPARATORY SCHOOL,7,1
2011,3901369,011381,GREATER SUMMIT COUNTY EARLY LEARNING CENTER,7,1
2011,3901370,011390,BELLA ACADEMY OF EXCELLENCE,7,1
2011,3901371,011434,L.E.A.R.N. ACADEMY,7,6
2011,3901372,011436,PLEASANT EDUCATION ACADEMY,7,1
2011,3901374,011506,DAYTON REGIONAL STEM SCHOOL,1,1
2011,3901375,011468,COLUMBUS BILINGUAL ACADEMY-NORTH,7,1
2011,3901376,011923,NORTHEAST OHIO COLLEGE PREPARATORY SCHOOL,7,1
2011,3901377,011947,IMAGINE AKRON ACADEMY,7,1
2011,3901378,011956,RCCS,7,1
2011,3901379,011964,21ST CENTURY SCHOOL,7,7
2011,3901380,011966,AUSTINTOWN ACADEMIC ACADEMY,7,7
2011,3901381,011967,RICHLAND ACADEMY SCHOOL OF EXCELLENCE,7,1
2011,3901382,011972,GRAHAM EXPEDITIONARY MIDDLE SCHOOL,7,1
2011,3901383,011976,HORIZON SCIENCE ACADEMY DAYTON DOWNTOWN,7,1
2011,3901384,011977,21ST CENTURY LEARNING ACADEMY,7,2
2011,3901385,011979,RISING SONS AND DAUGHTERS,7,2
2011,3901386,011980,RISING STARS SCHOOL,7,7
2011,3901387,011984,ACADEMY FOR URBAN SOLUTIONS,7,2
2011,3901388,011985,THEODORE ROOSEVELT PUBLIC COMMUNITY SCHOOL,7,1
2011,3901389,011986,HORIZON SCIENCE ACADEMY YOUNGSTOWN,7,1
2011,3901390,011987,HORIZON SCIENCE ACADEMY TOLEDO DOWNTOWN,7,1
2011,3901391,011991,COLUMBUS ACADEMY OF LITERACY AND MATHEMATICS,7,2
2011,3901392,011998,EDISON HIGH SCHOOL,7,7
2011,3901393,012000,CRUISER ACADEMY,7,1
2011,3901394,012002,COLLEGE HILL LEADERSHIP ACADEMY,7,1
2011,3901395,012006,PORTAGE LAKES ALTERNATIVE ACADEMY,7,7
2011,3901396,012009,ZENITH ACADEMY EAST,7,1
2011,3901397,012010,CLEVELAND COLLEGE PREPARATORY SCHOOL,7,1
2011,3901398,012011,COLUMBUS PERFORMANCE ACADEMY,7,1
2011,3901399,012017,ACADEMY FOR CREATIVE LEARNERS-TOLEDO,7,7
2011,3901400,012018,ACADEMY FOR CREATIVE LEARNERS-CLEVELAND WEST,7,7
2011,3901401,012022,ACADEMY FOR CREATIVE LEARNERS-MANSFIELD,7,7
2011,3901402,012024,NOTTEN SCHOOL FOR SCIENCE  TECHNOLOGY  ENGINEERING AND MATHE,7,6
2011,3901403,012025,CONSTELLATION SCHOOLS: STOCKYARD COMMUNITY MIDDLE,7,1
2011,3901404,012027,LEARNING WITHOUT LIMITS  A TRECA ACADEMY,7,2
2011,3901405,012030,NEAR WEST INTERGENERATIONAL SCHOOL,7,3
2011,3901406,012031,CLEVELAND COLLEGIATE PREPARATORY SCHOOL,7,7
2011,3901407,012033,FOXFIRE INTERMEDIATE SCHOOL,7,1
2011,3901408,012035,EDUCATIONAL SERVICE CENTER OF CENTRAL OHIO CONVERSION SCHOOL,7,7
2011,3901409,012036,THURGOOD MARSHALL HIGH SCHOOL,7,1
2011,3901410,012037,NEW BEGINNINGS ACADEMY,7,1
2011,3901411,012038,LANGSTON HUGHES HIGH SCHOOL,7,1
2011,3901412,012040,ROAD TO SUCCESS ACADEMY,7,1
2011,3901413,012041,THE ARCH ACADEMY,7,1
2011,3901414,012042,GEORGE V. VOINOVICH RECLAMATION ACADEMY,7,1
2011,3901415,012043,FREDERICK DOUGLASS RECLAMATION ACADEMY,7,1
2011,3901416,012044,CAPITAL HIGH SCHOOL,7,1
2011,3901417,012045,PATRIOT PREPARATORY ACADEMY,7,1
2011,3901418,012048,MANSFIELD LEADERSHIP EDUCATION & ACADEMIC RESOURCE NEIGHBORH,7,7
2011,3901419,012052,IMAGINE ON SUPERIOR,7,1
2011,3901420,012054,NORTH CENTRAL ACADEMY-FREMONT,7,1
2011,3901421,012057,CENTRAL OHIO EARLY COLLEGE ACADEMY,7,7
2011,3901422,012073,T C LEADERSHIP ACADEMY,7,2
2011,3901423,012074,INTEGRITY ACADEMY,7,7
2011,3901424,012078,QUEST COMMUNITY SCHOOL,7,3
2011,3901425,012090,ACADEMY OF NEW MEDIA MIDDLE,7,3
2011,3901426,012093,REAL LIFE ACADEMY,7,7
2011,3901427,012105,SOUTHSIDE ACADEMY,7,1
2011,3901428,012060,AKROS MIDDLE SCHOOL,7,1
2011,3901429,011324,HARDIN COMMUNITY SCHOOL,7,3
2011,3901430,012684,BROADWAY ACADEMY,7,3
2011,3901431,012540,MUSKINGUM VALLEY STEMM ACADEMY,7,7
2011,3901432,012671,CONSTELLATION SCHOOLS: EASTSIDE ARTS ACADEMY,7,3
2011,3901433,012528,THE ACADEMY FOR URBAN SOLUTIONS,7,3
2011,3901434,012644,STEAM ACADEMY OF WARREN,7,3
2011,3901435,012608,YOUTH EXPERIENCING SUCCESS,7,7
2011,3901436,012629,GREAT EXPECTATIONS ELEMENTARY SCHOOL,7,3
2011,3901437,011948,IMAGINE CLEVELAND ACADEMY,7,3
2011,3901438,012911,THE GATEHOUSE SCHOOL,7,7
2011,3901439,012626,DOW LEADERSHIP INSTITUTE  THE,7,3
2011,3901440,012683,ACCELERATED ACHIEVEMENT ACADEMY OF NORTH CINCINNATI,7,3
2011,3901441,012557,WOODLAND ACADEMY,7,3
2011,3901442,012497,PICKERINGTON COMMUNITY SCHOOL,7,3
2011,3901443,012643,LEADERSHIP ACADEMY OF MATHEMATICS & SCIENCE OF COLUMBUS,7,3
2011,3901444,012029,CITIZENS LEADERSHIP ACADEMY,7,3
2011,3901445,012628,IMAGINE INTEGRITY ACADEMY,7,3
2011,3901446,012543,O.N.E. ACADEMY  THE,7,7
2011,3901447,012536,NEW CITIZENS ACADEMY,7,7
2011,3901448,012670,GCESC COMMUNITY SCHOOL,7,7
2011,3901449,012513,CINCINNATI COLLEGE PREPARATORY ACADEMY EAST,7,3
2011,3901450,012867,TOWNSEND NORTH COMMUNITY SCHOOL,7,3
2011,3901451,012529,FOCUS NORTH HIGH SCHOOL,7,3
2011,3901452,012631,IMPACT ACADEMY CINCINNATI,7,3
2011,3901453,012026,CONSTELLATION SCHOOLS: COLLINWOOD VILLAGE ACADEMY,7,3
2011,3901454,012627,STEAM ACADEMY OF YOUNGSTOWN,7,3
2011,3901455,012685,STEVE SANDERS ACADEMY  THE,7,3
2011,3901456,012556,PEARL ACADEMY,7,3
2011,3901457,012541,UNIVERSITY OF CLEVELAND PREPARATORY SCHOOL,7,3
2011,3901458,012681,LEADERSHIP ACADEMY OF MATHEMATICS & SCIENCE FOCUS,7,7
2011,3901459,009121,NEW DIRECTIONS ACADEMY,7,7
2011,3901460,012624,ACCELERATED ACHIEVEMENT ACADEMY OF EAST CINCINNATI,7,3
2011,3901461,012570,LEADERSHIP ACADEMY OF MATHEMATICS & SCIENCE OF CINCINNATI,7,3
2011,3901462,012668,GARFIELD ACADEMY,7,3
2011,3901463,012501,BEACON HILL ACADEMY,7,3
2011,3901464,012610,GAIN PRODUCTIVE SKILLS ACADEMY,7,7
2011,3901465,012558,GLOBAL VILLAGE ACADEMY,7,3
2011,3901466,012545,IMAGINE WOODBURY ACADEMY,7,3
2011,3904348,043489,AKRON CITY,1,1
2011,3904349,043497,ALLIANCE CITY,1,1
2011,3904350,043505,ASHLAND CITY,1,1
2011,3904351,043513,ASHTABULA AREA CITY,1,1
2011,3904352,043521,ATHENS CITY,1,1
2011,3904353,043539,BARBERTON CITY,1,1
2011,3904354,043547,BAY VILLAGE CITY,1,1
2011,3904355,043554,BEACHWOOD CITY,1,1
2011,3904357,043570,BELLAIRE LOCAL,1,1
2011,3904358,043588,BELLEFONTAINE CITY,1,1
2011,3904359,043596,BELLEVUE CITY,1,1
2011,3904360,043612,BEREA CITY,1,1
2011,3904361,043604,BELPRE CITY,1,1
2011,3904362,043620,BEXLEY CITY,1,1
2011,3904363,043638,BOWLING GREEN CITY SCHOOL DISTRICT,1,1
2011,3904364,043646,BRECKSVILLE-BROADVIEW HEIGHTS CITY,1,1
2011,3904365,043653,BROOKLYN CITY,1,1
2011,3904366,043661,BRUNSWICK CITY,1,1
2011,3904367,043679,BRYAN CITY,1,1
2011,3904368,043687,BUCYRUS CITY,1,1
2011,3904369,043695,CAMBRIDGE CITY,1,1
2011,3904370,043703,CAMPBELL CITY,1,1
2011,3904371,043711,CANTON CITY,1,1
2011,3904373,043737,CENTERVILLE CITY,1,1
2011,3904374,043745,CHILLICOTHE CITY,1,1
2011,3904375,043752,CINCINNATI CITY,1,1
2011,3904376,043760,CIRCLEVILLE CITY,1,1
2011,3904377,043778,CLAYMONT CITY,1,1
2011,3904378,043786,CLEVELAND MUNICIPAL,1,1
2011,3904379,043794,CLEVELAND HEIGHTS-UNIVERSITY HEIGHTS CITY,1,1
2011,3904380,043802,COLUMBUS CITY SCHOOL DISTRICT,1,1
2011,3904381,043810,CONNEAUT AREA CITY,1,1
2011,3904382,043828,COSHOCTON CITY,1,1
2011,3904383,043836,CUYAHOGA FALLS CITY,1,1
2011,3904384,043844,DAYTON CITY,1,1
2011,3904385,043851,DEER PARK COMMUNITY CITY,1,1
2011,3904386,043869,DEFIANCE CITY,1,1
2011,3904387,043877,DELAWARE CITY,1,1
2011,3904388,043885,DELPHOS CITY,1,1
2011,3904389,043893,DOVER CITY,1,1
2011,3904390,043901,EAST CLEVELAND CITY SCHOOL DISTRICT,1,1
2011,3904391,043919,EAST LIVERPOOL CITY,1,1
2011,3904392,043927,EAST PALESTINE CITY,1,1
2011,3904393,043935,EATON COMMUNITY CITY,1,1
2011,3904394,043943,ELYRIA CITY SCHOOLS,1,1
2011,3904395,043950,EUCLID CITY,1,1
2011,3904396,043968,FAIRBORN CITY,1,1
2011,3904397,043976,FAIRVIEW PARK CITY,1,1
2011,3904399,043992,FOSTORIA CITY,1,1
2011,3904400,044008,FRANKLIN CITY,1,1
2011,3904401,044016,FREMONT CITY,1,1
2011,3904402,044024,GALION CITY,1,1
2011,3904403,044032,GALLIPOLIS CITY,1,1
2011,3904404,044040,GARFIELD HEIGHTS CITY SCHOOLS,1,1
2011,3904405,044057,GENEVA AREA CITY,1,1
2011,3904406,044065,GIRARD CITY SCHOOL DISTRICT,1,1
2011,3904407,044073,GRANDVIEW HEIGHTS CITY,1,1
2011,3904408,044081,WINTON WOODS CITY,1,1
2011,3904409,044099,GREENVILLE CITY,1,1
2011,3904410,044107,HAMILTON CITY,1,1
2011,3904411,044115,HEATH CITY,1,1
2011,3904412,044123,HILLSBORO CITY,1,1
2011,3904413,044131,HURON CITY SCHOOLS,1,1
2011,3904414,044149,IRONTON CITY,1,1
2011,3904415,044156,JACKSON CITY,1,1
2011,3904416,044164,KENT CITY,1,1
2011,3904418,044180,KETTERING CITY,1,1
2011,3904419,044198,LAKEWOOD CITY,1,1
2011,3904420,044206,LANCASTER CITY,1,1
2011,3904421,044214,LEBANON CITY,1,1
2011,3904422,044222,LIMA CITY,1,1
2011,3904423,044230,LOCKLAND LOCAL,1,1
2011,3904424,044248,LOGAN-HOCKING LOCAL,1,1
2011,3904425,044255,LONDON CITY,1,1
2011,3904426,044263,LORAIN CITY,1,1
2011,3904427,044271,LOVELAND CITY,1,1
2011,3904428,044289,MADEIRA CITY,1,1
2011,3904429,044297,MANSFIELD CITY,1,1
2011,3904430,044305,MAPLE HEIGHTS CITY,1,1
2011,3904431,044313,MARIEMONT CITY,1,1
2011,3904433,044339,MARION CITY,1,1
2011,3904434,044347,MARTINS FERRY CITY,1,1
2011,3904435,044354,MASSILLON CITY,1,1
2011,3904436,044362,MAUMEE CITY,1,1
2011,3904437,044370,MAYFIELD CITY,1,1
2011,3904438,044388,MEDINA CITY SD,1,1
2011,3904439,044396,MIAMISBURG CITY,1,1
2011,3904440,044404,MIDDLETOWN CITY,1,1
2011,3904441,044412,MT HEALTHY CITY,1,1
2011,3904443,044438,NAPOLEON AREA CITY,1,1
2011,3904444,044446,NELSONVILLE-YORK CITY,1,1
2011,3904445,044453,NEWARK CITY,1,1
2011,3904446,044461,NEW BOSTON LOCAL,1,1
2011,3904447,044479,NEW LEXINGTON CITY,1,1
2011,3904448,044487,NEW PHILADELPHIA CITY,1,1
2011,3904449,044495,NILES CITY,1,1
2011,3904450,044503,NORTH CANTON CITY,1,1
2011,3904451,044511,NORTH COLLEGE HILL CITY,1,1
2011,3904452,044529,NORTH OLMSTED CITY,1,1
2011,3904453,044537,NORTH RIDGEVILLE CITY,1,1
2011,3904454,044545,NORTH ROYALTON CITY,1,1
2011,3904455,044552,NORTON CITY,1,1
2011,3904456,044560,NORWALK CITY,1,1
2011,3904457,044578,NORWOOD CITY,1,1
2011,3904458,044586,OAKWOOD CITY,1,1
2011,3904459,044594,OBERLIN CITY SCHOOLS,1,1
2011,3904460,044602,OREGON CITY,1,1
2011,3904461,044610,ORRVILLE CITY,1,1
2011,3904463,044636,PARMA CITY,1,1
2011,3904464,044644,PIQUA CITY,1,1
2011,3904465,044651,PORT CLINTON CITY,1,1
2011,3904467,044677,PRINCETON CITY,1,1
2011,3904468,044685,RAVENNA CITY,1,1
2011,3904469,044693,READING COMMUNITY CITY,1,1
2011,3904470,044701,ROCKY RIVER CITY,1,1
2011,3904471,044719,ST BERNARD-ELMWOOD PLACE CITY,1,1
2011,3904472,044727,ST MARYS CITY,1,1
2011,3904474,044743,SANDUSKY CITY,1,1
2011,3904475,044750,SHAKER HEIGHTS CITY,1,1
2011,3904476,044768,SHEFFIELD-SHEFFIELD LAKE CITY,1,1
2011,3904479,044792,SOUTH EUCLID-LYNDHURST CITY,1,1
2011,3904480,044800,SOUTH-WESTERN CITY,1,1
2011,3904481,044818,SPRINGFIELD CITY,1,1
2011,3904482,044826,STEUBENVILLE CITY,1,1
2011,3904483,044834,STOW-MUNROE FALLS CITY SCHOOL DISTRICT,1,1
2011,3904484,044842,STRONGSVILLE CITY,1,1
2011,3904485,044859,STRUTHERS CITY,1,1
2011,3904486,044867,SYCAMORE COMMUNITY CITY,1,1
2011,3904487,044875,SYLVANIA CITY,1,1
2011,3904488,044883,TALLMADGE CITY,1,1
2011,3904489,044891,TIFFIN CITY,1,1
2011,3904490,044909,TOLEDO CITY,1,1
2011,3904491,044917,TORONTO CITY,1,1
2011,3904492,044925,TROY CITY,1,1
2011,3904493,044933,UPPER ARLINGTON CITY,1,1
2011,3904494,044941,URBANA CITY,1,1
2011,3904495,044958,VANDALIA-BUTLER CITY,1,1
2011,3904498,044982,WAPAKONETA CITY,1,1
2011,3904499,044990,WARREN CITY,1,1
2011,3904500,045005,WARRENSVILLE HEIGHTS CITY,1,1
2011,3904502,045021,WELLSTON CITY,1,1
2011,3904503,045039,WELLSVILLE LOCAL,1,1
2011,3904504,045047,WESTERVILLE CITY,1,1
2011,3904505,045054,WEST CARROLLTON CITY,1,1
2011,3904506,045062,WESTLAKE CITY,1,1
2011,3904507,045070,WHITEHALL CITY,1,1
2011,3904508,045088,WICKLIFFE CITY,1,1
2011,3904509,045096,WILLARD CITY,1,1
2011,3904510,045104,WILLOUGHBY-EASTLAKE CITY,1,1
2011,3904511,045112,WILMINGTON CITY,1,1
2011,3904513,045138,WORTHINGTON CITY,1,1
2011,3904514,045146,WYOMING CITY,1,1
2011,3904515,045153,XENIA COMMUNITY CITY,1,1
2011,3904516,045161,YOUNGSTOWN CITY SCHOOLS,1,1
2011,3904517,045179,ZANESVILLE CITY,1,1
2011,3904518,045187,ADA EXEMPTED VILLAGE,1,1
2011,3904519,045195,AMHERST EXEMPTED VILLAGE,1,1
2011,3904520,045203,BARNESVILLE EXEMPTED VILLAGE,1,1
2011,3904521,045211,BLUFFTON EXEMPTED VILLAGE,1,1
2011,3904522,045229,BRADFORD EXEMPTED VILLAGE,1,1
2011,3904523,045237,BRIDGEPORT EXEMPTED VILLAGE,1,1
2011,3904524,045245,HARRISON HILLS CITY,1,1
2011,3904525,045252,CALDWELL EXEMPTED VILLAGE,1,1
2011,3904526,045260,CAREY EXEMPTED VILLAGE,1,1
2011,3904527,045278,CARROLLTON EXEMPTED VILLAGE,1,1
2011,3904528,045286,CHAGRIN FALLS EXEMPTED VILLAGE,1,1
2011,3904529,045294,CHESAPEAKE UNION EXEMPTED VILLAGE,1,1
2011,3904531,045310,COLDWATER EXEMPTED VILLAGE,1,1
2011,3904532,045328,COLUMBIANA EXEMPTED VILLAGE,1,1
2011,3904533,045336,COVINGTON EXEMPTED VILLAGE,1,1
2011,3904535,045351,CROOKSVILLE EXEMPTED VILLAGE,1,1
2011,3904536,045369,FAIRPORT HARBOR EXEMPTED VILLAGE,1,1
2011,3904537,045377,GEORGETOWN EXEMPTED VILLAGE,1,1
2011,3904538,045385,GIBSONBURG EXEMPTED VILLAGE,1,1
2011,3904539,045393,GRANVILLE EXEMPTED VILLAGE,1,1
2011,3904540,045401,GREENFIELD EXEMPTED VILLAGE,1,1
2011,3904541,045419,HICKSVILLE EXEMPTED VILLAGE,1,1
2011,3904542,045427,HUBBARD EXEMPTED VILLAGE,1,1
2011,3904543,045435,INDIAN HILL EXEMPTED VILLAGE,1,1
2011,3904545,045450,LISBON EXEMPTED VILLAGE,1,1
2011,3904546,045468,LOUDONVILLE-PERRYSVILLE EXEMPTED VILLAGE,1,1
2011,3904547,045476,MARYSVILLE EXEMPTED VILLAGE,1,1
2011,3904548,045484,MECHANICSBURG EXEMPTED VILLAGE,1,1
2011,3904549,045492,MENTOR EXEMPTED VILLAGE,1,1
2011,3904550,045500,MILFORD EXEMPTED VILLAGE,1,1
2011,3904551,045518,MILTON-UNION EXEMPTED VILLAGE,1,1
2011,3904552,045526,MONTPELIER EXEMPTED VILLAGE,1,1
2011,3904553,045534,MOUNT GILEAD EXEMPTED VILLAGE,1,1
2011,3904554,045542,NEWCOMERSTOWN EXEMPTED VILLAGE,1,1
2011,3904555,045559,NEW RICHMOND EXEMPTED VILLAGE,1,1
2011,3904556,045567,NEWTON FALLS EXEMPTED VILLAGE,1,1
2011,3904557,045575,PAULDING EXEMPTED VILLAGE,1,1
2011,3904558,045583,PERRYSBURG EXEMPTED VILLAGE,1,1
2011,3904560,045609,ROSSFORD EXEMPTED VILLAGE,1,1
2011,3904561,045617,TIPP CITY EXEMPTED VILLAGE,1,1
2011,3904563,045633,VERSAILLES EXEMPTED VILLAGE,1,1
2011,3904564,045641,WAUSEON EXEMPTED VILLAGE,1,1
2011,3904565,045658,WELLINGTON EXEMPTED VILLAGE,1,1
2011,3904566,045666,WINDHAM EXEMPTED VILLAGE,1,1
2011,3904567,045674,YELLOW SPRINGS EXEMPTED VILLAGE,1,1
2011,3904574,045740,ALLEN COUNTY ESC,4,1
2011,3904575,045757,ALLEN EAST LOCAL,1,1
2011,3904576,045765,BATH LOCAL,1,1
2011,3904577,045773,ELIDA LOCAL,1,1
2011,3904578,045781,PERRY LOCAL,1,1
2011,3904579,045799,SHAWNEE LOCAL,1,1
2011,3904580,045807,SPENCERVILLE LOCAL,1,1
2011,3904582,045823,HILLSDALE LOCAL,1,1
2011,3904583,045831,MAPLETON LOCAL,1,1
2011,3904584,045849,ASHTABULA COUNTY ESC,4,1
2011,3904585,045856,BUCKEYE LOCAL,1,1
2011,3904586,045864,GRAND VALLEY LOCAL,1,1
2011,3904587,045872,JEFFERSON AREA LOCAL,1,1
2011,3904588,045880,PYMATUNING VALLEY LOCAL,1,1
2011,3904590,045906,ALEXANDER LOCAL,1,1
2011,3904591,045914,FEDERAL HOCKING LOCAL,1,1
2011,3904592,045922,TRIMBLE LOCAL,1,1
2011,3904593,045930,AUGLAIZE COUNTY ESC,4,1
2011,3904594,045948,MINSTER LOCAL,1,1
2011,3904595,045955,NEW BREMEN LOCAL,1,1
2011,3904596,045963,NEW KNOXVILLE LOCAL,1,1
2011,3904597,045971,WAYNESFIELD-GOSHEN LOCAL,1,1
2011,3904599,045997,ST CLAIRSVILLE-RICHLAND CITY,1,1
2011,3904600,046003,SHADYSIDE LOCAL,1,1
2011,3904601,046011,UNION LOCAL,1,1
2011,3904602,046029,BROWN ESC,4,1
2011,3904603,046037,EASTERN LOCAL,1,1
2011,3904604,046045,FAYETTEVILLE-PERRY LOCAL,1,1
2011,3904606,046060,WESTERN BROWN LOCAL,1,1
2011,3904607,046078,RIPLEY-UNION-LEWIS-HUNTINGTON LOCAL,1,1
2011,3904608,046086,BUTLER COUNTY ESC,4,1
2011,3904609,046094,EDGEWOOD CITY,1,1
2011,3904610,046102,FAIRFIELD CITY,1,1
2011,3904611,046110,LAKOTA LOCAL,1,1
2011,3904612,046128,MADISON LOCAL,1,1
2011,3904613,046136,NEW MIAMI LOCAL,1,1
2011,3904614,046144,ROSS LOCAL,1,1
2011,3904615,046151,TALAWANDA CITY,1,1
2011,3904617,046177,BROWN LOCAL,1,1
2011,3904619,046193,GRAHAM LOCAL,1,1
2011,3904620,046201,TRIAD LOCAL,1,1
2011,3904621,046219,WEST LIBERTY-SALEM LOCAL,1,1
2011,3904622,046227,CLARK COUNTY ESC,4,1
2011,3904623,046235,GREENON LOCAL,1,1
2011,3904624,046243,TECUMSEH LOCAL,1,1
2011,3904625,046250,NORTHEASTERN LOCAL,1,1
2011,3904626,046268,NORTHWESTERN LOCAL,1,1
2011,3904627,046276,SOUTHEASTERN LOCAL,1,1
2011,3904628,046284,CLARK-SHAWNEE LOCAL,1,1
2011,3904629,046292,CLERMONT COUNTY ESC,4,1
2011,3904630,046300,BATAVIA LOCAL,1,1
2011,3904631,046318,BETHEL-TATE LOCAL,1,1
2011,3904632,046326,CLERMONT NORTHEASTERN LOCAL,1,1
2011,3904633,046334,FELICITY-FRANKLIN LOCAL,1,1
2011,3904634,046342,GOSHEN LOCAL,1,1
2011,3904635,046359,WEST CLERMONT LOCAL,1,1
2011,3904636,046367,WILLIAMSBURG LOCAL,1,1
2011,3904637,046375,SOUTHERN OHIO ESC,4,1
2011,3904638,046383,BLANCHESTER LOCAL,1,1
2011,3904639,046391,CLINTON-MASSIE LOCAL,1,1
2011,3904640,046409,EAST CLINTON LOCAL,1,1
2011,3904641,046417,COLUMBIANA COUNTY ESC,4,1
2011,3904642,046425,BEAVER LOCAL,1,1
2011,3904643,046433,CRESTVIEW LOCAL,1,1
2011,3904644,046441,SOUTHERN LOCAL,1,1
2011,3904645,046458,UNITED LOCAL,1,1
2011,3904647,046474,RIDGEWOOD LOCAL,1,1
2011,3904648,046482,RIVER VIEW LOCAL,1,1
2011,3904650,046508,BUCKEYE CENTRAL LOCAL,1,1
2011,3904651,046516,COLONEL CRAWFORD LOCAL,1,1
2011,3904652,046524,WYNFORD LOCAL,1,1
2011,3904653,046532,CUYAHOGA COUNTY ESC,4,1
2011,3904655,046557,CUYAHOGA HEIGHTS LOCAL,1,1
2011,3904656,046565,INDEPENDENCE LOCAL,1,1
2011,3904657,046573,OLMSTED FALLS CITY,1,1
2011,3904659,046599,RICHMOND HEIGHTS LOCAL,1,1
2011,3904660,046607,SOLON CITY,1,1
2011,3904661,046615,DARKE COUNTY ESC,4,1
2011,3904662,046623,ANSONIA LOCAL,1,1
2011,3904663,046631,ARCANUM-BUTLER LOCAL,1,1
2011,3904664,046649,FRANKLIN MONROE LOCAL,1,1
2011,3904667,046672,MISSISSINAWA VALLEY LOCAL,1,1
2011,3904668,046680,TRI-VILLAGE LOCAL,1,1
2011,3904670,046706,AYERSVILLE LOCAL,1,1
2011,3904671,046714,CENTRAL LOCAL,1,1
2011,3904672,046722,NORTHEASTERN LOCAL,1,1
2011,3904674,046748,BIG WALNUT LOCAL,1,1
2011,3904675,046755,BUCKEYE VALLEY LOCAL,1,1
2011,3904676,046763,OLENTANGY LOCAL,1,1
2011,3904678,046789,EDISON LOCAL (FORMERLY BERLIN-MILAN),1,1
2011,3904679,046797,KELLEYS ISLAND LOCAL,1,1
2011,3904680,046805,MARGARETTA LOCAL,1,1
2011,3904681,046813,PERKINS LOCAL,1,1
2011,3904682,046821,VERMILION LOCAL,1,1
2011,3904683,046839,FAIRFIELD COUNTY ESC,4,1
2011,3904684,046847,AMANDA-CLEARCREEK LOCAL,1,1
2011,3904685,046854,BERNE UNION LOCAL,1,1
2011,3904686,046862,BLOOM-CARROLL LOCAL,1,1
2011,3904687,046870,FAIRFIELD UNION LOCAL,1,1
2011,3904688,046888,LIBERTY UNION-THURSTON LOCAL,1,1
2011,3904689,046896,PICKERINGTON LOCAL,1,1
2011,3904690,046904,WALNUT TOWNSHIP LOCAL,1,1
2011,3904693,046938,ESC OF CENTRAL OHIO,4,1
2011,3904694,046946,CANAL WINCHESTER LOCAL,1,1
2011,3904695,046953,HAMILTON LOCAL,1,1
2011,3904696,046961,GAHANNA-JEFFERSON CITY,1,1
2011,3904697,046979,GROVEPORT MADISON LOCAL,1,1
2011,3904699,046995,NEW ALBANY-PLAIN LOCAL,1,1
2011,3904700,047001,REYNOLDSBURG CITY,1,1
2011,3904701,047019,HILLIARD CITY,1,1
2011,3904702,047027,DUBLIN CITY,1,1
2011,3904704,047043,ARCHBOLD-AREA LOCAL,1,1
2011,3904705,047050,EVERGREEN LOCAL,1,1
2011,3904706,047068,FAYETTE LOCAL,1,1
2011,3904707,047076,PETTISVILLE LOCAL,1,1
2011,3904708,047084,PIKE-DELTA-YORK LOCAL,1,1
2011,3904709,047092,SWANTON LOCAL,1,1
2011,3904715,047159,GEAUGA COUNTY EDUCATIONAL SERVICE CENTER,4,1
2011,3904716,047167,BERKSHIRE LOCAL,1,1
2011,3904717,047175,CARDINAL LOCAL,1,1
2011,3904718,047183,CHARDON LOCAL,1,1
2011,3904719,047191,KENSTON LOCAL,1,1
2011,3904720,047209,LEDGEMONT LOCAL,1,1
2011,3904721,047217,NEWBURY LOCAL,1,1
2011,3904722,047225,WEST GEAUGA LOCAL,1,1
2011,3904723,047233,GREENE COUNTY ESC,4,1
2011,3904724,047241,BEAVERCREEK CITY,1,1
2011,3904725,047258,CEDAR CLIFF LOCAL,1,1
2011,3904726,047266,GREENEVIEW LOCAL,1,1
2011,3904727,047274,BELLBROOK-SUGARCREEK LOCAL SCHOOL DISTRICT,1,1
2011,3904730,047308,ROLLING HILLS LOCAL,1,1
2011,3904732,047324,HAMILTON COUNTY ESC,4,1
2011,3904733,047332,FINNEYTOWN LOCAL,1,1
2011,3904734,047340,FOREST HILLS LOCAL,1,1
2011,3904736,047365,NORTHWEST LOCAL,1,1
2011,3904737,047373,OAK HILLS LOCAL,1,1
2011,3904738,047381,SOUTHWEST LOCAL,1,1
2011,3904739,047399,THREE RIVERS LOCAL,1,1
2011,3904740,047407,HANCOCK COUNTY ESC,4,1
2011,3904742,047423,ARLINGTON LOCAL,1,1
2011,3904743,047431,CORY-RAWSON LOCAL,1,1
2011,3904744,047449,LIBERTY-BENTON LOCAL,1,1
2011,3904745,047456,MCCOMB LOCAL,1,1
2011,3904747,047472,VANLUE LOCAL,1,1
2011,3904748,047480,HARDIN COUNTY ESC,4,1
2011,3904749,047498,HARDIN NORTHERN LOCAL,1,1
2011,3904750,047506,RIDGEMONT LOCAL,1,1
2011,3904751,047514,RIVERDALE LOCAL,1,1
2011,3904752,047522,UPPER SCIOTO VALLEY LOCAL,1,1
2011,3904754,047548,CONOTTON VALLEY UNION LOCAL,1,1
2011,3904757,047571,HOLGATE LOCAL,1,1
2011,3904758,047589,LIBERTY CENTER LOCAL,1,1
2011,3904759,047597,PATRICK HENRY LOCAL,1,1
2011,3904761,047613,BRIGHT LOCAL,1,1
2011,3904762,047621,FAIRFIELD LOCAL,1,1
2011,3904763,047639,LYNCHBURG-CLAY LOCAL,1,1
2011,3904768,047688,EAST HOLMES LOCAL,1,1
2011,3904769,047696,WEST HOLMES LOCAL,1,1
2011,3904771,047712,MONROEVILLE LOCAL,1,1
2011,3904772,047720,NEW LONDON LOCAL,1,1
2011,3904773,047738,SOUTH CENTRAL LOCAL,1,1
2011,3904774,047746,WESTERN RESERVE LOCAL,1,1
2011,3904776,047761,OAK HILL UNION LOCAL,1,1
2011,3904777,047779,JEFFERSON COUNTY ESC,4,1
2011,3904778,047787,BUCKEYE LOCAL,1,1
2011,3904779,047795,EDISON LOCAL,1,1
2011,3904780,047803,INDIAN CREEK LOCAL,1,1
2011,3904781,047811,KNOX COUNTY ESC,4,1
2011,3904782,047829,CENTERBURG LOCAL,1,1
2011,3904783,047837,DANVILLE LOCAL,1,1
2011,3904785,047852,FREDERICKTOWN LOCAL,1,1
2011,3904786,047860,LAKE COUNTY ESC,4,1
2011,3904787,047878,KIRTLAND LOCAL,1,1
2011,3904788,047886,MADISON LOCAL,1,1
2011,3904790,047902,PERRY LOCAL,1,1
2011,3904791,047910,LAWRENCE COUNTY ESC,4,1
2011,3904792,047928,DAWSON-BRYANT LOCAL,1,1
2011,3904793,047936,FAIRLAND LOCAL,1,1
2011,3904794,047944,ROCK HILL LOCAL,1,1
2011,3904795,047951,SOUTH POINT LOCAL,1,1
2011,3904796,047969,SYMMES VALLEY LOCAL,1,1
2011,3904797,047977,LICKING COUNTY ESC,4,1
2011,3904798,047985,JOHNSTOWN-MONROE LOCAL,1,1
2011,3904799,047993,LAKEWOOD LOCAL,1,1
2011,3904800,048009,LICKING HEIGHTS LOCAL,1,1
2011,3904801,048017,LICKING VALLEY LOCAL,1,1
2011,3904802,048025,NORTH FORK LOCAL,1,1
2011,3904803,048033,NORTHRIDGE LOCAL,1,1
2011,3904804,048041,SOUTHWEST LICKING LOCAL,1,1
2011,3904805,048058,LOGAN COUNTY ESC,4,1
2011,3904807,048074,BENJAMIN LOGAN LOCAL,1,1
2011,3904808,048082,INDIAN LAKE LOCAL,1,1
2011,3904809,048090,RIVERSIDE LOCAL,1,1
2011,3904810,048108,LORAIN COUNTY ESC,4,1
2011,3904811,048116,AVON LOCAL,1,1
2011,3904812,048124,AVON LAKE CITY,1,1
2011,3904813,048132,CLEARVIEW LOCAL,1,1
2011,3904814,048140,COLUMBIA LOCAL,1,1
2011,3904815,048157,FIRELANDS LOCAL,1,1
2011,3904816,048165,KEYSTONE LOCAL,1,1
2011,3904817,048173,MIDVIEW LOCAL,1,1
2011,3904819,048199,LUCAS COUNTY ESC,4,1
2011,3904820,048207,ANTHONY WAYNE LOCAL,1,1
2011,3904821,048215,OTTAWA HILLS LOCAL,1,1
2011,3904822,048223,SPRINGFIELD LOCAL,1,1
2011,3904823,048231,WASHINGTON LOCAL,1,1
2011,3904825,048256,JEFFERSON LOCAL,1,1
2011,3904826,048264,JONATHAN ALDER LOCAL,1,1
2011,3904827,048272,MADISON-PLAINS LOCAL,1,1
2011,3904828,048280,MAHONING COUNTY ESC,4,1
2011,3904829,048298,AUSTINTOWN LOCAL,1,1
2011,3904830,048306,BOARDMAN LOCAL,1,1
2011,3904831,048314,CANFIELD LOCAL,1,1
2011,3904832,048322,JACKSON-MILTON LOCAL,1,1
2011,3904833,048330,LOWELLVILLE LOCAL,1,1
2011,3904834,048348,POLAND LOCAL,1,1
2011,3904835,048355,SEBRING LOCAL,1,1
2011,3904836,048363,SOUTH RANGE LOCAL,1,1
2011,3904837,048371,SPRINGFIELD LOCAL,1,1
2011,3904838,048389,WEST BRANCH LOCAL,1,1
2011,3904839,048397,WESTERN RESERVE LOCAL,1,1
2011,3904841,048413,ELGIN LOCAL,1,1
2011,3904842,048421,PLEASANT LOCAL,1,1
2011,3904843,048439,RIDGEDALE LOCAL,1,1
2011,3904844,048447,RIVER VALLEY LOCAL,1,1
2011,3904845,048454,MEDINA COUNTY ESC,4,1
2011,3904846,048462,BLACK RIVER LOCAL,1,1
2011,3904847,048470,BUCKEYE LOCAL,1,1
2011,3904848,048488,CLOVERLEAF LOCAL,1,1
2011,3904849,048496,HIGHLAND LOCAL,1,1
2011,3904851,048512,EASTERN LOCAL,1,1
2011,3904852,048520,MEIGS LOCAL,1,1
2011,3904853,048538,SOUTHERN LOCAL,1,1
2011,3904854,048546,MERCER COUNTY ESC,4,1
2011,3904857,048579,PARKWAY LOCAL,1,1
2011,3904858,048587,ST HENRY CONSOLIDATED LOCAL,1,1
2011,3904859,048595,FORT RECOVERY LOCAL,1,1
2011,3904860,048603,MIAMI COUNTY ESC,4,1
2011,3904861,048611,BETHEL LOCAL,1,1
2011,3904862,048629,MIAMI EAST LOCAL,1,1
2011,3904863,048637,NEWTON LOCAL,1,1
2011,3904865,048652,SWITZERLAND OF OHIO LOCAL,1,1
2011,3904866,048660,MONTGOMERY COUNTY ESC,4,1
2011,3904867,048678,BROOKVILLE LOCAL,1,1
2011,3904868,048686,JEFFERSON TOWNSHIP LOCAL,1,1
2011,3904869,048694,TROTWOOD-MADISON CITY,1,1
2011,3904870,048702,MAD RIVER LOCAL,1,1
2011,3904871,048710,NEW LEBANON LOCAL,1,1
2011,3904872,048728,NORTHMONT CITY,1,1
2011,3904873,048736,NORTHRIDGE LOCAL,1,1
2011,3904874,048744,VALLEY VIEW LOCAL,1,1
2011,3904875,048751,HUBER HEIGHTS CITY,1,1
2011,3904877,048777,MORGAN LOCAL,1,1
2011,3904879,048793,CARDINGTON-LINCOLN LOCAL,1,1
2011,3904880,048801,HIGHLAND LOCAL,1,1
2011,3904881,048819,NORTHMOR LOCAL,1,1
2011,3904883,048835,EAST MUSKINGUM LOCAL,1,1
2011,3904884,048843,FRANKLIN LOCAL,1,1
2011,3904885,048850,MAYSVILLE LOCAL,1,1
2011,3904887,048876,TRI-VALLEY LOCAL,1,1
2011,3904888,048884,WEST MUSKINGUM LOCAL,1,1
2011,3904890,048900,NOBLE LOCAL,1,1
2011,3904892,048926,BENTON CARROLL SALEM LOCAL,1,1
2011,3904893,048934,DANBURY LOCAL,1,1
2011,3904894,048942,GENOA AREA LOCAL,1,1
2011,3904895,048959,MIDDLE BASS LOCAL,1,1
2011,3904896,048967,NORTH BASS LOCAL,1,1
2011,3904897,048975,PUT-IN-BAY LOCAL,1,1
2011,3904899,048991,ANTWERP LOCAL,1,1
2011,3904900,049296,TWIN VALLEY COMMUNITY LOCAL,1,1
2011,3904903,049031,WAYNE TRACE LOCAL,1,1
2011,3904905,049056,NORTHERN LOCAL,1,1
2011,3904906,049064,SOUTHERN LOCAL,1,1
2011,3904907,049072,PICKAWAY COUNTY ESC,4,1
2011,3904908,049080,LOGAN ELM LOCAL,1,1
2011,3904909,049098,TEAYS VALLEY LOCAL,1,1
2011,3904910,049106,WESTFALL LOCAL,1,1
2011,3904912,049122,EASTERN LOCAL,1,1
2011,3904913,049130,SCIOTO VALLEY LOCAL,1,1
2011,3904914,049148,WAVERLY CITY,1,1
2011,3904915,049155,WESTERN LOCAL,1,1
2011,3904916,049163,PORTAGE COUNTY ESC,4,1
2011,3904917,049171,AURORA CITY,1,1
2011,3904918,049189,CRESTWOOD LOCAL,1,1
2011,3904919,049197,FIELD LOCAL,1,1
2011,3904920,049205,JAMES A GARFIELD LOCAL,1,1
2011,3904921,049213,ROOTSTOWN LOCAL,1,1
2011,3904922,049221,SOUTHEAST LOCAL,1,1
2011,3904923,049239,STREETSBORO CITY,1,1
2011,3904924,049247,WATERLOO LOCAL,1,1
2011,3904925,049254,PREBLE COUNTY ESC,4,1
2011,3904926,091397,TRI-COUNTY NORTH LOCAL,1,1
2011,3904927,049270,NATIONAL TRAIL LOCAL,1,1
2011,3904928,049288,PREBLE SHAWNEE LOCAL,1,1
2011,3904930,049304,PUTNAM COUNTY ESC,4,1
2011,3904931,049312,COLUMBUS GROVE LOCAL,1,1
2011,3904932,049320,CONTINENTAL LOCAL,1,1
2011,3904933,049338,JENNINGS LOCAL,1,1
2011,3904934,049346,KALIDA LOCAL,1,1
2011,3904935,049353,LEIPSIC LOCAL,1,1
2011,3904936,049361,MILLER CITY-NEW CLEVELAND LOCAL,1,1
2011,3904937,049379,OTTAWA-GLANDORF LOCAL,1,1
2011,3904938,049387,OTTOVILLE LOCAL,1,1
2011,3904939,049395,PANDORA-GILBOA LOCAL,1,1
2011,3904941,049411,CLEAR FORK VALLEY LOCAL,1,1
2011,3904942,049429,CRESTVIEW LOCAL,1,1
2011,3904943,049437,LEXINGTON LOCAL,1,1
2011,3904944,049445,LUCAS LOCAL,1,1
2011,3904945,049452,MADISON LOCAL,1,1
2011,3904946,049460,PLYMOUTH-SHILOH LOCAL,1,1
2011,3904947,049478,ONTARIO LOCAL,1,1
2011,3904949,049494,ADENA LOCAL,1,1
2011,3904950,049502,HUNTINGTON LOCAL,1,1
2011,3904951,049510,PAINT VALLEY LOCAL,1,1
2011,3904952,049528,SOUTHEASTERN LOCAL,1,1
2011,3904953,049536,UNION-SCIOTO LOCAL,1,1
2011,3904954,049544,ZANE TRACE LOCAL,1,1
2011,3904956,049569,LAKOTA LOCAL,1,1
2011,3904957,049577,WOODMORE LOCAL,1,1
2011,3904959,049593,BLOOM-VERNON LOCAL,1,1
2011,3904961,049619,GREEN LOCAL,1,1
2011,3904962,049627,MINFORD LOCAL,1,1
2011,3904963,049635,NORTHWEST LOCAL,1,1
2011,3904964,049643,VALLEY LOCAL,1,1
2011,3904965,049650,WASHINGTON-NILE LOCAL,1,1
2011,3904966,049668,WHEELERSBURG LOCAL,1,1
2011,3904968,049684,SENECA EAST LOCAL,1,1
2011,3904969,049692,BETTSVILLE LOCAL,1,1
2011,3904970,049700,HOPEWELL-LOUDON LOCAL,1,1
2011,3904971,049718,NEW RIEGEL LOCAL,1,1
2011,3904974,049742,SHELBY COUNTY ESC,4,1
2011,3904976,049767,BOTKINS LOCAL,1,1
2011,3904977,049775,FAIRLAWN LOCAL,1,1
2011,3904978,049783,FORT LORAMIE LOCAL,1,1
2011,3904979,049791,HARDIN-HOUSTON LOCAL,1,1
2011,3904981,049817,RUSSIA LOCAL,1,1
2011,3904982,049825,STARK COUNTY ESC,4,1
2011,3904983,049833,CANTON LOCAL,1,1
2011,3904984,049841,FAIRLESS LOCAL,1,1
2011,3904985,049858,JACKSON LOCAL,1,1
2011,3904986,049866,LAKE LOCAL,1,1
2011,3904987,049874,LOUISVILLE CITY,1,1
2011,3904988,049882,MARLINGTON LOCAL,1,1
2011,3904989,049890,MINERVA LOCAL,1,1
2011,3904990,049908,NORTHWEST LOCAL,1,1
2011,3904991,049916,OSNABURG LOCAL,1,1
2011,3904992,049924,PERRY LOCAL,1,1
2011,3904993,049932,PLAIN LOCAL,1,1
2011,3904994,049940,SANDY VALLEY LOCAL,1,1
2011,3904995,049957,TUSLAW LOCAL,1,1
2011,3904996,049965,SUMMIT COUNTY ESC,4,1
2011,3904997,049973,WOODRIDGE LOCAL,1,1
2011,3904998,049981,COPLEY-FAIRLAWN CITY,1,1
2011,3904999,049999,COVENTRY LOCAL,1,1
2011,3905000,050005,MANCHESTER LOCAL,1,1
2011,3905001,050013,GREEN LOCAL,1,1
2011,3905002,050021,HUDSON CITY,1,1
2011,3905003,050039,MOGADORE LOCAL,1,1
2011,3905004,050047,NORDONIA HILLS CITY,1,1
2011,3905005,050054,REVERE LOCAL,1,1
2011,3905006,050062,SPRINGFIELD LOCAL,1,1
2011,3905007,050070,TWINSBURG CITY,1,1
2011,3905008,050088,TRUMBULL COUNTY ESC,4,1
2011,3905009,050096,BLOOMFIELD-MESPO LOCAL,1,1
2011,3905011,050112,BRISTOL LOCAL,1,1
2011,3905012,050120,BROOKFIELD LOCAL,1,1
2011,3905013,050138,CHAMPION LOCAL,1,1
2011,3905015,050153,MATHEWS LOCAL,1,1
2011,3905016,050161,HOWLAND LOCAL,1,1
2011,3905017,050179,JOSEPH BADGER LOCAL,1,1
2011,3905018,050187,LAKEVIEW LOCAL,1,1
2011,3905019,050195,LIBERTY LOCAL,1,1
2011,3905020,050203,LORDSTOWN LOCAL,1,1
2011,3905021,050211,MAPLEWOOD LOCAL,1,1
2011,3905022,050229,MCDONALD LOCAL,1,1
2011,3905023,050237,SOUTHINGTON LOCAL,1,1
2011,3905024,050245,LABRAE LOCAL,1,1
2011,3905025,050252,WEATHERSFIELD LOCAL,1,1
2011,3905026,050260,EAST CENTRAL OHIO ESC,4,1
2011,3905027,050278,GARAWAY LOCAL,1,1
2011,3905028,050286,INDIAN VALLEY LOCAL SCHOOLS,1,1
2011,3905029,050294,STRASBURG-FRANKLIN LOCAL,1,1
2011,3905030,050302,TUSCARAWAS VALLEY LOCAL,1,1
2011,3905032,050328,FAIRBANKS LOCAL,1,1
2011,3905033,050336,NORTH UNION LOCAL,1,1
2011,3905035,050351,CRESTVIEW LOCAL,1,1
2011,3905039,050393,VINTON COUNTY LOCAL,1,1
2011,3905040,050401,WARREN COUNTY ESC,4,1
2011,3905041,050419,CARLISLE LOCAL,1,1
2011,3905042,050427,SPRINGBORO COMMUNITY CITY,1,1
2011,3905043,050435,KINGS LOCAL,1,1
2011,3905044,050443,LITTLE MIAMI LOCAL,1,1
2011,3905045,050450,MASON CITY SCHOOL DISTRICT,1,1
2011,3905046,050468,WAYNE LOCAL,1,1
2011,3905048,050484,FORT FRYE LOCAL,1,1
2011,3905049,050492,FRONTIER LOCAL,1,1
2011,3905051,050518,WOLF CREEK LOCAL,1,1
2011,3905052,050526,TRI-COUNTY ESC,4,1
2011,3905053,050534,CHIPPEWA LOCAL,1,1
2011,3905054,050542,DALTON LOCAL,1,1
2011,3905055,050559,GREEN LOCAL,1,1
2011,3905056,050567,NORWAYNE LOCAL,1,1
2011,3905058,050583,SOUTHEAST LOCAL,1,1
2011,3905059,050591,TRIWAY LOCAL,1,1
2011,3905061,050617,EDGERTON LOCAL,1,1
2011,3905062,050625,EDON-NORTHWEST LOCAL,1,1
2011,3905063,050633,MILLCREEK-WEST UNITY LOCAL,1,1
2011,3905064,050641,NORTH CENTRAL LOCAL,1,1
2011,3905065,050658,STRYKER LOCAL,1,1
2011,3905066,050666,WOOD COUNTY ESC,4,1
2011,3905067,050674,EASTWOOD LOCAL,1,1
2011,3905068,050682,ELMWOOD LOCAL,1,1
2011,3905069,050690,LAKE LOCAL,1,1
2011,3905070,050708,NORTH BALTIMORE LOCAL,1,1
2011,3905071,050716,NORTHWOOD LOCAL SCHOOLS,1,1
2011,3905072,050724,OTSEGO LOCAL,1,1
2011,3905074,050740,MOHAWK LOCAL,1,1
2011,3905077,050773,APOLLO,4,1
2011,3905079,050799,SOUTHERN HILLS,4,1
2011,3905081,050815,ASHTABULA COUNTY TECHNICAL AND CAREER CENTER,4,1
2011,3905085,050856,BELMONT-HARRISON,4,1
2011,3905088,050880,BUTLER TECHNOLOGY & CAREER DEVELOPMENT SCHOOLS,4,1
2011,3905090,050906,COLUMBIANA COUNTY,4,1
2011,3905092,050922,CUYAHOGA VALLEY CAREER CENTER,4,1
2011,3905094,050948,POLARIS,4,1
2011,3905096,050963,FOUR COUNTY CAREER CENTER,4,1
2011,3905098,050989,DELAWARE AREA CAREER CENTER,4,1
2011,3905100,051003,EASTLAND-FAIRFIELD CAREER/TECH,4,1
2011,3905102,051029,EHOVE CAREER CENTER,4,1
2011,3905104,051045,GREENE COUNTY JT VOC SD,4,1
2011,3905106,051060,GREAT OAKS INST OF TECHNOLOGY,4,1
2011,3905112,051128,JEFFERSON COUNTY,4,1
2011,3905114,051144,KNOX COUNTY JVSD,4,1
2011,3905116,051169,AUBURN,4,1
2011,3905118,051185,LAWRENCE COUNTY,4,1
2011,3905120,051201,CAREER AND TECHNOLOGY EDUCATIONAL CENTERS,4,1
2011,3905122,051227,LORAIN COUNTY JVS,4,1
2011,3905124,051243,MAHONING CO CAREER & TECH CTR,4,1
2011,3905128,051284,MIAMI VALLEY CAREER TECH,4,1
2011,3905130,051300,MID-EAST CAREER AND TECHNOLOGY CENTERS,4,1
2011,3905133,051334,OHIO HI-POINT CAREER CENTER,4,1
2011,3905135,051359,PENTA CAREER CENTER,4,1
2011,3905137,051375,PIKE COUNTY AREA,4,1
2011,3905139,051391,MAPLEWOOD CAREER CENTER,4,1
2011,3905141,051417,PIONEER CAREER & TECHNOLOGY,4,1
2011,3905143,051433,PICKAWAY-ROSS COUNTY JVSD,4,1
2011,3905145,051458,VANGUARD-SENTINEL CAREER & TECHNOLOGY CENTERS,4,1
2011,3905147,051474,WARREN COUNTY VOCATIONAL SCHOOL,4,1
2011,3905149,051490,SCIOTO COUNTY CAREER TECHNICAL CENTER,4,1
2011,3905153,051532,SPRINGFIELD-CLARK COUNTY,4,1
2011,3905160,051607,TRI-COUNTY CAREER CENTER,4,1
2011,3905163,051631,TRUMBULL CAREER & TECH CTR,4,1
2011,3905165,051656,BUCKEYE,4,1
2011,3905167,051672,VANTAGE CAREER CENTER,4,1
2011,3905169,051698,WASHINGTON COUNTY,4,1
2011,3905171,051714,WAYNE COUNTY JVSD,4,1
2011,3906190,061903,ADAMS COUNTY/OHIO VALLEY LOCAL,1,1
2011,3906202,062026,STARK COUNTY AREA,4,1
2011,3906204,062042,ASHLAND COUNTY-WEST HOLMES,4,1
2011,3906206,062067,GALLIA-JACKSON-VINTON,4,1
2011,3906210,062109,MEDINA COUNTY JOINT VOCATIONAL SCHOOL DISTRICT,4,1
2011,3906212,062125,UPPER VALLEY,4,1
2011,3906280,062802,U S GRANT,4,1
2011,3906349,063495,PORTAGE LAKES,4,1
2011,3906351,063511,TOLLES CAREER & TECHNICAL CENTER,4,1
2011,3906496,064964,COLLEGE CORNER LOCAL,1,1
2011,3906522,065227,COSHOCTON COUNTY,4,1
2011,3906526,065268,TRI-RIVERS,4,1
2011,3906568,065680,GALLIA COUNTY LOCAL,1,1
2011,3906968,069682,EAST GUERNSEY LOCAL,1,1
2011,3910000,043984,FINDLAY CITY,1,1
2011,3910001,047464,VAN BUREN LOCAL,1,1
2011,3910002,047415,ARCADIA LOCAL,1,1
2011,3910003,044784,SIDNEY CITY,1,1
2011,3910004,049759,ANNA LOCAL,1,1
2011,3910005,049809,JACKSON CENTER LOCAL,1,1
2011,3910006,044735,SALEM CITY,1,1
2011,3910007,045443,LEETONIA EXEMPTED VILLAGE,1,1
2011,3910008,045344,CRESTLINE EXEMPTED VILLAGE,1,1
2011,3910009,044776,SHELBY CITY,1,1
2011,3910010,046920,MIAMI TRACE LOCAL,1,1
2011,3910011,045013,WASHINGTON COURT HOUSE CITY,1,1
2011,3910012,044420,MOUNT VERNON CITY,1,1
2011,3910013,047845,EAST KNOX LOCAL,1,1
2011,3910014,047894,RIVERSIDE LOCAL,1,1
2011,3910015,044628,PAINESVILLE CITY LOCAL,1,1
2011,3910016,046581,ORANGE CITY,1,1
2011,3910017,043562,BEDFORD CITY,1,1
2011,3910018,050500,WARREN LOCAL,1,1
2011,3910019,044321,MARIETTA CITY,1,1
2011,3910020,045302,CLYDE-GREEN SPRINGS EXEMPTED VILLAGE,1,1
2011,3910021,049726,OLD FORT LOCAL,1,1
2011,3910022,050369,LINCOLNVIEW LOCAL,1,1
2011,3910023,044966,VAN WERT CITY,1,1
2011,3910024,045625,UPPER SANDUSKY EXEMPTED VILLAGE,1,1
2011,3910025,044172,KENTON CITY,1,1
2011,3910026,049601,CLAY LOCAL,1,1
2011,3910027,044669,PORTSMOUTH CITY,1,1
2011,3910028,045591,RITTMAN EXEMPTED VILLAGE,1,1
2011,3910029,044974,WADSWORTH CITY,1,1
2011,3910030,043729,CELINA CITY,1,1
2011,3910031,048553,MARION LOCAL,1,1
2011,3910032,045120,WOOSTER CITY,1,1
2011,3910033,050575,NORTHWESTERN LOCAL,1,1
2012,3900001,071530,OHIO SCHOOL FOR THE DEAF,5,1
2012,3900002,071548,OHIO SCHOOL FOR THE BLIND,5,1
2012,3900008,125252,MUSKINGUM VALLEY ESC,4,1
2012,3900009,125658,SOUTH CENTRAL OHIO ESC,4,1
2012,3900011,125674,PERRY-HOCKING ESC,4,1
2012,3900012,125682,GALLIA-VINTON ESC,4,1
2012,3900013,125690,NORTH POINT EDUCATIONAL SERVICE CENTER,4,1
2012,3900014,123281,OHIO VALLEY ESC,4,1
2012,3900015,124297,NORTHWEST OHIO EDUCATIONAL SERVICE CENTER,4,1
2012,3900017,134072,YOUNGSTOWN COMMUNITY SCHOOL,7,1
2012,3900019,134098,CONSTELLATION SCHOOLS: OLD BROOKLYN COMMUNITY ELEMENTARY,7,1
2012,3900022,134122,AUTISM MODEL SCHOOL,7,1
2012,3900023,134148,AURORA ACADEMY,7,1
2012,3900025,134197,HOPE ACADEMY CHAPELSIDE CAMPUS,7,1
2012,3900027,134213,HOPE ACADEMY UNIVERSITY,7,1
2012,3900028,134221,HOPE ACADEMY BROWN ST CAMPUS,7,1
2012,3900029,134247,CITY DAY COMMUNITY SCHOOL,7,1
2012,3900031,133512,CINCINNATI COLLEGE PREPARATORY ACADEMY,7,1
2012,3900032,133520,CITIZENS ACADEMY,7,1
2012,3900033,133538,EDGE ACADEMY  THE,7,1
2012,3900036,133561,MILLENNIUM COMMUNITY SCHOOL,7,1
2012,3900038,133587,SUMMIT ACADEMY AKRON ELEMENTARY SCHOOL,7,1
2012,3900040,133629,HORIZON SCIENCE ACAD CLEVELAND,7,1
2012,3900042,133660,HORIZON SCIENCE ACADEMY COLUMBUS,7,1
2012,3900043,133678,RIVERSIDE ACADEMY,7,1
2012,3900047,133736,RICHARD ALLEN ACADEMY,7,1
2012,3900048,133744,THE ISUS INSTITUTE OF CONSTRUCTION TECHNOLOGY,7,2
2012,3900050,133801,LIFE SKILLS CTR OF YOUNGSTOWN,7,1
2012,3900051,133819,HOPE ACADEMY LINCOLN PARK,7,1
2012,3900052,133835,INVICTUS HIGH SCHOOL,7,1
2012,3900053,133868,TOWPATH TRAIL HIGH SCHOOL,7,1
2012,3900056,133942,TOLEDO SCHOOL FOR THE ARTS,7,1
2012,3900057,133959,DAYTON LEADERSHIP ACADEMIES-DAYTON LIBERTY CAMPUS,7,1
2012,3900063,123257,NORTH CENTRAL OHIO ESC,4,1
2012,3900064,123521,MID-OHIO ESC,4,1
2012,3900065,133215,INTERGENERATIONAL SCHOOL  THE,7,1
2012,3900066,133223,LIGHTHOUSE COMM & PROF DEV,7,2
2012,3900068,133256,CONSTELLATION SCHOOLS: PARMA COMMUNITY,7,1
2012,3900071,133306,SUMMIT ACADEMY COMMUNITY SCHOOL FOR ALTERNATIVE LEARN-CANTON,7,1
2012,3900072,133330,T.C.P. WORLD ACADEMY,7,1
2012,3900073,133348,RICHARD ALLEN PREPARATORY,7,1
2012,3900075,133363,QUEST ACADEMY COMMUNITY,7,1
2012,3900077,133389,LIGHTHOUSE COMMUNITY SCH INC,7,1
2012,3900079,133413,ELECTRONIC CLASSROOM OF TOMORROW,7,1
2012,3900080,133421,GRAHAM SCHOOL  THE,7,1
2012,3900081,133439,CORNERSTONE ACADEMY COMMUNITY,7,1
2012,3900083,133454,DAYTON LEADERSHIP ACADEMIES-DAYTON VIEW CAMPUS,7,1
2012,3900084,133488,LIFE SKILLS OF TRUMBULL COUNTY,7,1
2012,3900086,133785,LIFE SKILLS CTR OF CINCINNATI,7,1
2012,3900089,134288,EAST END COMM HERITAGE SCHOOL,7,1
2012,3900090,134999,WESTERN BUCKEYE ESC,4,1
2012,3900091,135145,ATHENS-MEIGS ESC,4,1
2012,3900092,137364,MADISON-CHAMPAIGN ESC,4,1
2012,3900093,138222,ROSS-PIKE ESC,4,1
2012,3900094,139303,MONROE LOCAL SCHOOL DISTRICT,1,1
2012,3900096,132746,SUMMIT ACDY COMM SCHL FOR ALTERNATIVE LEARNERS OF MIDDLETOWN,7,1
2012,3900097,132761,SUMMIT ACADEMY COMMUNITY SCHOOL ALTERNATIVE LEARNERS -XENIA,7,1
2012,3900098,132779,SUMMIT ACADEMY AKRON MIDDLE SCHOOL,7,1
2012,3900099,132787,SPRINGFIELD ACADEMY OF EXCELLENCE,7,1
2012,3900100,132795,LIFE SKILLS CENTER-SPRINGFIELD,7,1
2012,3900101,132803,LIFE SKILLS CENTER-MIDDLETOWN,7,1
2012,3900102,132951,CONSTELLATION SCHOOLS: LORAIN COMMUNITY ELEMENTARY,7,1
2012,3900103,132969,CONSTELLATION SCHOOLS: ELYRIA COMMUNITY,7,1
2012,3900104,132985,YOUTHBUILD COLUMBUS COMMUNITY,7,1
2012,3900105,132993,CONSTELLATION SCHOOLS: WESTPARK COMMUNITY ELEMENTARY,7,1
2012,3900106,133264,DOHN COMMUNITY,7,1
2012,3900107,133280,WASHINGTON PARK COMMUNITY,7,1
2012,3900109,133322,SUMMIT ACADEMY COMMUNITY SCHOOL ALTERNATIVE LEARNERS-LORAIN,7,1
2012,3900113,133504,PHOENIX COMMUNITY LEARNING CTR,7,1
2012,3900117,143297,THE AUTISM ACADEMY OF LEARNING,7,1
2012,3900118,143305,TRECA DIGITAL ACADEMY,7,1
2012,3900119,143313,HOPE ACADEMY CUYAHOGA CAMPUS,7,1
2012,3900120,143552,EAGLE ACADEMY,7,1
2012,3900121,143602,HAMILTON CNTY MATH & SCIENCE,7,1
2012,3900122,143636,WORLD COLLEGIATE PREPARATORY SCHOOL,7,1
2012,3900123,143644,SCIOTOVILLE,7,1
2012,3900125,000125,POLLY FOX ACADEMY COMMUNITY SCHOOL,7,1
2012,3900126,000130,PHOENIX ACADEMY COMMUNITY SCHOOL,7,1
2012,3900127,000131,GLASS CITY ACADEMY,7,1
2012,3900129,000138,PATHWAY SCHOOL OF DISCOVERY,7,1
2012,3900130,000139,ALLIANCE ACADEMY OF CINCINNATI,7,1
2012,3900133,000162,NEWARK DIGITAL ACADEMY,7,1
2012,3900134,000195,HOPE ACADEMY EAST CAMPUS,7,1
2012,3900135,000197,HAMILTON ALTERNATIVE ACADEMY,7,1
2012,3900138,000222,WILDWOOD ENVIRONMENTAL ACADEMY,7,1
2012,3900145,148981,TOMORROW CENTER,7,1
2012,3900146,148999,MAHONING UNLIMITED CLASSROOM,7,1
2012,3900151,149047,GOAL DIGITAL ACADEMY,7,1
2012,3900152,149054,AKRON DIGITAL ACADEMY,7,1
2012,3900153,149062,URBANA COMMUNITY SCHOOL,7,1
2012,3900155,149088,FAIRBORN DIGITAL ACADEMY,7,1
2012,3900172,149260,CANTON LOCAL DIGITAL ACADEMY,7,6
2012,3900175,142901,LIFE SKILLS CENTER  OF CANTON,7,1
2012,3900176,142919,LIFE SKILLS CENTER OF ELYRIA,7,1
2012,3900177,142927,FOCUS LEARNING ACADEMY OF SOUTHWEST COLUMBUS,7,1
2012,3900178,142935,FOCUS LEARNING ACADEMY OF SOUTHEASTERN COLUMBUS,7,1
2012,3900179,142943,FOCUS LEARNING ACADEMY OF NORTHERN COLUMBUS,7,1
2012,3900180,142950,OHIO VIRTUAL ACADEMY,7,1
2012,3900181,142968,HOPE ACADEMY NORTHCOAST,7,1
2012,3900183,142984,LANCASTER DIGITAL ACADEMY,7,1
2012,3900184,143115,MOUND STREET IT CAREERS ACADEMY,7,1
2012,3900185,143123,MOUND STREET MILITARY CAREERS ACADEMY,7,1
2012,3900186,143131,MOUND STREET HEALTH CAREERS ACADMY,7,1
2012,3900189,143164,LIFE SKILLS CENTER OF HAMILTON COUNTY,7,1
2012,3900190,143172,INTERNATIONAL ACAD OF COLUMBUS,7,1
2012,3900192,143198,GREAT WESTERN ACADEMY,7,1
2012,3900193,143206,TROTWOOD FITNESS & PREP ACAD,7,1
2012,3900194,143214,MIDDLETOWN FITNESS & PREP ACAD,7,1
2012,3900198,143347,THE ISUS INSTITUTE OF MANUFACTURING,7,2
2012,3900199,143354,THE ISUS INSTITUTE OF HEALTH CARE,7,6
2012,3900203,143396,ALTERNATIVE EDUCATION ACADEMY,7,1
2012,3900205,143412,CRITTENTON COMMUNITY SCHOOL,7,1
2012,3900209,143453,MOLLIE KESSLER,7,1
2012,3900210,143461,MARCUS GARVEY ACADEMY,7,2
2012,3900211,143479,CONSTELLATION SCHOOLS: PURITAS COMMUNITY ELEMENTARY,7,1
2012,3900212,143487,CONSTELLATION SCHOOLS: STOCKYARD COMMUNITY ELEMENTARY,7,1
2012,3900213,143495,CONSTELLATION SCHOOLS: MANSFIELD COMMUNITY ELEMENTARY,7,1
2012,3900214,143503,LAKE ERIE ACADEMY,7,1
2012,3900216,143529,NORTH DAYTON SCHOOL OF SCIENCE & DISCOVERY,7,1
2012,3900217,143537,VIRTUAL COMMUNITY SCHOOL OF OHIO,7,1
2012,3900218,143545,TOLEDO PREPARATORY ACADEMY,7,2
2012,3900219,143560,RICHARD ALLEN ACADEMY II,7,1
2012,3900220,143578,RICHARD ALLEN ACADEMY III,7,1
2012,3900223,143610,ARTS & COLLEGE PREPARATORY ACADEMY,7,1
2012,3900226,148916,MARION CITY DIGITAL ACADEMY,7,1
2012,3900228,148932,FRANKLIN LOCAL COMMUNITY SCHOOL,7,1
2012,3900231,149302,LIFE SKILLS CENTER OF TOLEDO,7,1
2012,3900233,149328,FOXFIRE HIGH SCHOOL,7,1
2012,3900234,149336,SOUTHWEST LICKING DIGITAL ACAD,7,1
2012,3900237,060988,BUCKEYE UNITED SCHOOL DISTRICT,5,1
2012,3900238,065201,OHIO CENTRAL SCHOOL SYSTEM,5,1
2012,3900241,132944,MIAMI VALLEY ACADEMIES,7,1
2012,3900250,000236,OHIO CONNECTIONS ACADEMY  INC,7,1
2012,3900252,000241,QUAKER DIGITAL ACADEMY,7,1
2012,3900259,149427,MASSILLON DIGITAL ACADEMY  INC,7,1
2012,3900262,151027,LONDON ACADEMY,7,1
2012,3900263,151035,PLEASANT COMMUNITY DIGITAL,7,1
2012,3900264,151043,RIVER VALLEY ACADEMY,7,6
2012,3900266,151076,CARDINGTON LINCOLN LOCAL DIGITAL ACADEMY,7,1
2012,3900267,151084,GRAHAM DIGITAL ACADEMY,7,2
2012,3900273,151142,LORAIN HIGH SCHOOL DIGITAL,7,1
2012,3900275,151167,RIDGEDALE COMMUNITY SCHOOL,7,1
2012,3900276,151175,WEST CENTRAL LEARNING ACADEMY II,7,1
2012,3900277,151183,LAKE ERIE INTERNATIONAL HIGH SCHOOL,7,1
2012,3900278,151191,LIFE SKILLS CENTER OF SUMMIT COUNTY,7,1
2012,3900279,151209,LIFE SKILLS OF NORTHEAST OHIO,7,1
2012,3900282,151233,LAKEWOOD DIGITAL ACADEMY,7,1
2012,3900284,000523,EDUCATION ALTERNATIVES COMMUNITY SCHOOL,7,2
2012,3900285,000525,PROJECT REBUILD COMMUNITY SCHOOL,7,1
2012,3900286,000527,CLEVELAND ACADEMY FOR SCHOLARSHIP TECHNOLOGY AND LEADERSHIP,7,1
2012,3900291,000534,CONSTELLATION SCHOOLS: PURITAS COMMUNITY MIDDLE,7,1
2012,3900297,000541,CONSTELLATION SCHOOLS: OUTREACH ACADEMY FOR STUDENTS WITH DI,7,1
2012,3900299,000543,PINNACLE ACADEMY,7,1
2012,3900302,000546,WINTERFIELD VENTURE ACADEMY,7,1
2012,3900304,000553,COLUMBUS HUMANITIES  ARTS AND TECHNOLOGY ACADEMY,7,1
2012,3900305,000556,A+ ARTS ACADEMY,7,1
2012,3900306,000557,COLUMBUS ARTS & TECHNOLOGY ACADEMY,7,1
2012,3900307,000558,COLUMBUS PREPARATORY ACADEMY,7,1
2012,3900308,000559,ORION ACADEMY,7,1
2012,3900309,000560,APEX ACADEMY,7,1
2012,3900311,000564,VIRTUAL SCHOOLHOUSE  INC.,7,1
2012,3900313,000575,HOPE ACADEMY NORTHWEST CAMPUS,7,1
2012,3900314,000576,KING ACADEMY COMMUNITY SCHOOL,7,1
2012,3900315,000577,EMERSON ACADEMY,7,1
2012,3900321,000585,FCI ACADEMY,7,1
2012,3900325,000590,WICKLIFFE PROGRESSIVE COMMUNITY SCHOOL,7,2
2012,3900331,000598,COSHOCTON OPPORTUNITY SCHOOL,7,1
2012,3900337,000608,SUMMIT ACADEMY TRANSITION HIGH SCHOOL-CINCINNATI,7,1
2012,3900338,000609,SUMMIT ACADEMY MIDDLE SCHOOL - LORAIN,7,1
2012,3900339,000610,SUMMIT ACADEMY MIDDLE SCHOOL - COLUMBUS,7,1
2012,3900341,000613,HEIR FORCE COMMUNITY SCHOOL,7,1
2012,3900342,000614,SUMMIT ACADEMY TRANSITION HIGH SCHOOL-COLUMBUS,7,1
2012,3900344,000616,SUMMIT ACADEMY ALTERNATIVE LEARNERSWARREN MIDDLE & SECONDARY,7,1
2012,3900348,000621,SUMMIT ACADEMY TRANSITION HIGH SCHOOL DAYTON,7,1
2012,3900350,000623,SUMMIT ACADEMY-YOUNGSTOWN,7,1
2012,3900356,000629,SUMMIT ACADEMY COMMUNITY SCHOOL - PAINESVILLE,7,1
2012,3900360,000633,SUMMIT ACADEMY TOLEDO LEARNING CENTER,7,1
2012,3900361,000634,SUMMIT ACADEMY SECONDARY SCHOOL - MIDDLETOWN,7,1
2012,3900366,000640,RITTMAN ACADEMY,7,1
2012,3900377,000652,FIVE R'S ACADEMY,7,6
2012,3900381,000664,LIFE SKILLS CENTER OF COLUMBUS SOUTHEAST,7,1
2012,3900382,000677,NEW DAY ACADEMY BOARDING & DAY SCHOOL,7,1
2012,3900383,000679,OAKSTONE COMMUNITY SCHOOL,7,1
2012,3900385,147231,SCHNEE LEARNING CENTER,7,1
2012,3900396,000725,ZENITH ACADEMY,7,1
2012,3900399,000736,PHOENIX VILLAGE ACADEMY PRIMARY 2,7,1
2012,3900400,000738,PHOENIX VILLAGE ACADEMY: SECONDARY I,7,1
2012,3900402,000740,PHOENIX VILLAGE ACADEMY PRIMARY 1,7,6
2012,3900404,000743,PSCHTECIN PUBLIC SCHOOL,7,1
2012,3900428,000770,MARITIME ACADEMY OF TOLEDO  THE,7,1
2012,3900433,000777,EDUCATIONAL ACADEMY AT LINDEN,7,1
2012,3900434,000779,EDUCATIONAL ACADEMY FOR BOYS & GIRLS,7,1
2012,3900435,000780,MIDNIMO CROSS CULTURAL COMMUNITY SCHOOL,7,1
2012,3900436,000781,CINCINNATI SPEECH & READING INTERVENTION CENTER,7,1
2012,3900438,000784,ACADEMY OF COLUMBUS,7,1
2012,3900441,000804,HORIZON SCIENCE ACADEMY-CINCINNATI,7,1
2012,3900444,000808,HORIZON SCIENCE ACADEMY-DAYTON,7,1
2012,3900448,000813,LIFE SKILLS CENTER OF DAYTON,7,1
2012,3900451,000825,HORIZON SCIENCE ACADEMY-SPRINGFIELD,7,1
2012,3900454,000838,HORIZON SCIENCE ACADEMY-DENISON MIDDLE SCHOOL,7,1
2012,3900457,000843,BENNETT VENTURE ACADEMY,7,1
2012,3900467,000855,STAMBAUGH CHARTER ACADEMY,7,1
2012,3900470,000858,HORIZON SCIENCE ACADEMY-CLEVELAND MIDDLE SCHOOL,7,1
2012,3900474,000875,WESTSIDE ACADEMY,7,1
2012,3900478,000905,INTERACTIVE MEDIA & CONSTRUCTION (IMAC),7,1
2012,3900479,000909,V L T ACADEMY,7,1
2012,3900487,000277,SCHOLARTS PREPARATORY AND CAREER CENTER FOR CHILDREN,7,1
2012,3900488,000282,GREATER OHIO VIRTUAL SCHOOL,7,1
2012,3900490,000288,AUGLAIZE COUNTY EDUCATIONAL ACADEMY,7,1
2012,3900492,000296,SUMMIT ACADEMY COMMUNITY SCHOOL-COLUMBUS,7,1
2012,3900493,000297,SUMMIT ACADEMY COMMUNITY SCHOOL - DAYTON,7,1
2012,3900494,000298,SUMMIT ACADEMY SECONDARY - AKRON,7,1
2012,3900495,000300,SUMMIT ACADEMY SECONDARY - CANTON,7,1
2012,3900496,000301,SUMMIT ACADEMY SECONDARY - LORAIN,7,1
2012,3900497,000302,SUMMIT ACADEMY COMMUNITY SCHOOL-PARMA,7,1
2012,3900498,000303,SUMMIT ACADEMY SECONDARY - YOUNGSTOWN,7,1
2012,3900499,000304,SUMMIT ACADEMY COMMUNITY SCHOOL-TOLEDO,7,1
2012,3900500,000305,SUMMIT ACADEMY COMMUNITY SCHOOL-WARREN,7,1
2012,3900501,000306,SUMMIT ACADEMY COMMUNITY SCHOOL - CINCINNATI,7,1
2012,3900502,000311,BRIDGES COMMUNITY ACADEMY,7,1
2012,3900503,000316,CONSTELLATION SCHOOLS: WESTPARK COMMUNITY MIDDLE,7,1
2012,3900505,000318,MENLO PARK ACADEMY,7,1
2012,3900506,000319,CONSTELLATION SCHOOLS: MADISON COMMUNITY ELEMENTARY,7,1
2012,3900507,000320,CONSTELLATION SCHOOLS: LORAIN COMMUNITY MIDDLE,7,1
2012,3900508,000321,CONSTELLATION SCHOOLS: OLD BROOKLYN COMMUNITY MIDDLE,7,1
2012,3900510,000338,HORIZON SCIENCE ACADEMY TOLEDO,7,1
2012,3900514,000360,MIAMISBURG SECONDARY ACADEMY,7,1
2012,3900523,000392,MANSFIELD ENHANCEMENT ACADEMY,7,1
2012,3900525,000396,MANSFIELD ELECTIVE ACADEMY,7,1
2012,3900528,000402,FINDLAY DIGITAL ACADEMY,7,1
2012,3900530,000417,BUCKEYE ON-LINE SCHOOL FOR SUCCESS,7,1
2012,3900533,000420,COLUMBUS BILINGUAL ACADEMY,7,1
2012,3900534,000426,LANCASTER FAIRFIELD COMMUNITY SCHOOL,7,1
2012,3900537,000442,MANCHESTER LOCAL,1,1
2012,3900538,000445,GENERAL CHAPPIE JAMES LEADERSHIP ACADEMY,7,1
2012,3900543,000473,TECH CON INSTITUTE,7,2
2012,3900544,000481,P.A.C.E. HIGH SCHOOL,7,1
2012,3900550,000509,WHITEHALL PREPARATORY AND FITNESS ACADEMY,7,1
2012,3900551,000510,SPRINGFIELD PREPARATORY AND FITNESS ACADEMY,7,1
2012,3900552,000511,NORTHLAND PREPARATORY AND FITNESS ACADEMY,7,1
2012,3900557,000930,CLEVELAND ENTREPRENEURSHIP PREPARATORY SCHOOL,7,1
2012,3900562,000936,PROMISE ACADEMY,7,1
2012,3900564,000938,PREMIER ACADEMY OF OHIO,7,1
2012,3900567,000941,PAR EXCELLENCE ACADEMY,7,1
2012,3900568,000942,LAKEWOOD CITY ACADEMY,7,1
2012,3900569,000946,CLEVELAND COMMUNITY SCHOOL,7,1
2012,3900572,000949,VILLAVIEW COMMUNITY SCHOOL,7,1
2012,3900573,000951,TOLEDO PREPARATORY AND FITNESS ACADEMY,7,1
2012,3900574,000952,COLUMBUS PREPARATORY AND FITNESS ACADEMY,7,1
2012,3900575,000953,MT. HEALTHY PREPARATORY AND FITNESS ACADEMY,7,1
2012,3900580,007984,YOUNGSTOWN ACADEMY OF EXCELLENCE,7,1
2012,3900584,007995,CLEVELAND ARTS AND SOCIAL SCIENCES ACADEMY,7,1
2012,3900585,007998,CENTER FOR STUDENT ACHIEVEMENT,7,1
2012,3900586,007999,CHARLES SCHOOL AT OHIO DOMINICAN UNIVERSITY,7,1
2012,3900587,008000,MANSFIELD PREPARATORY ACADEMY OF EXCELLENCE,7,1
2012,3900592,008061,ARTS AND SCIENCE PREPARATORY ACADEMY,7,1
2012,3900593,008063,LIFE SKILLS CENTER OF NORTH AKRON,7,1
2012,3900594,008064,ACADEMY OF ARTS AND SCIENCES,7,1
2012,3900595,008065,IMANI LEARNING ACADEMY,7,1
2012,3900596,008066,LION OF JUDAH ACADEMY,7,1
2012,3900597,008067,ELITE ACADEMY OF THE ARTS,7,2
2012,3900638,000912,EARLY COLLEGE ACADEMY,7,1
2012,3900639,008251,MAHONING VALLEY OPPORTUNITY CENTER,7,1
2012,3900640,008287,GROVEPORT COMMUNITY SCHOOL,7,1
2012,3900641,008286,HARVARD AVENUE COMMUNITY SCHOOL,7,1
2012,3900642,008283,DAYTON TECHNOLOGY DESIGN HIGH SCHOOL,7,1
2012,3900643,008282,LIFE SKILLS CENTER OF COLUMBUS NORTH,7,1
2012,3900644,008281,SOUTH SCIOTO ACADEMY,7,1
2012,3900645,008280,NOBLE ACADEMY-COLUMBUS,7,1
2012,3900646,008278,NOBLE ACADEMY-CLEVELAND,7,1
2012,3900647,008289,EAGLE LEARNING CENTER,7,1
2012,3901296,009181,CLAY AVENUE COMMUNITY SCHOOL,7,1
2012,3901298,009171,STAR ACADEMY OF TOLEDO,7,1
2012,3901301,009192,FOUNDATION ACADEMY,7,1
2012,3901302,009283,DAYTON EARLY COLLEGE ACADEMY  INC,7,1
2012,3901305,009122,COLUMBUS COLLEGIATE ACADEMY,7,1
2012,3901308,009162,BRIDGE ACADEMY OF OHIO,7,6
2012,3901312,009154,CINCINNATI LEADERSHIP ACADEMY,7,1
2012,3901313,009164,CENTRAL ACADEMY OF OHIO,7,1
2012,3901314,009148,ZANESVILLE COMMUNITY SCHOOL,7,1
2012,3901317,009163,C.M. GRANT LEADERSHIP ACADEMY,7,1
2012,3901319,009147,NORTHPOINTE ACADEMY,7,1
2012,3901322,009179,HORIZON SCIENCE ACADEMY COLUMBUS MIDDLE SCHOOL,7,1
2012,3901325,009165,GAHANNA COMMUNITY SCHOOL,7,1
2012,3901326,009149,CONSTELLATION SCHOOLS: WESTSIDE COMMUNITY SCHOOL OF THE ARTS,7,1
2012,3901327,009178,ROMIG ROAD COMMUNITY SCHOOL,7,1
2012,3901329,009996,MAHONING COUNTY HIGH SCHOOL,7,1
2012,3901330,009997,KIPP:  JOURNEY ACADEMY,7,1
2012,3901331,010005,HORIZON SCIENCE ACADEMY CLEVELAND ELEMENTARY SCHOOL,7,1
2012,3901332,010006,KNIGHT ACADEMY,7,1
2012,3901333,010007,HORIZON SCIENCE ACADEMY DENISON ELEMENTARY SCHOOL,7,1
2012,3901335,010036,CESAR CHAVEZ COLLEGE PREPARATORY SCHOOL,7,1
2012,3901336,010180,MOUNT AUBURN INTERNATIONAL ACADEMY,7,1
2012,3901337,010182,PERFORMANCE ACADEMY EASTLAND,7,1
2012,3901339,010205,L. HOLLINGWORTH SCHOOL FOR TALENTED AND GIFTED,7,1
2012,3901340,009909,CONSTELLATION SCHOOLS: MANSFIELD COMMUNITY MIDDLE,7,1
2012,3901344,009953,SULLIVANT AVENUE COMMUNITY SCHOOL,7,1
2012,3901345,009954,HARRISBURG PIKE COMMUNITY SCHOOL,7,1
2012,3901346,009955,MADISON AVENUE SCHOOL OF ARTS,7,1
2012,3901347,009957,KLEPINGER COMMUNITY SCHOOL,7,1
2012,3901348,009964,SCIOTOVILLE ELEMENTARY ACADEMY,7,1
2012,3901349,009970,DIXON EARLY LEARNING CENTER CONVERSION COMMUNITY SCHOOL,7,2
2012,3901350,009971,ASHLAND COUNTY COMMUNITY ACADEMY,7,1
2012,3901352,009983,WESTERN RESERVE KINDERGARTEN LEARNING ACADEMY,7,2
2012,3901353,009990,HORIZON SCIENCE ACADEMY ELEMENTARY SCHOOL,7,1
2012,3901354,011439,RENAISSANCE ACADEMY,7,1
2012,3901356,011444,RUSHMORE ACADEMY,7,1
2012,3901358,011470,A.B. GRAHAM ACADEMY,7,1
2012,3901359,011479,LIFELINKS COMMUNITY SCHOOL,7,1
2012,3901361,011487,FALCON ACADEMY OF CREATIVE ARTS,7,1
2012,3901362,011507,ACHIEVE CAREER PREPARATORY ACADEMY,7,1
2012,3901363,011511,LAKELAND ACADEMY COMMUNITY SCHOOL,7,1
2012,3901364,011530,L.E.A.D. ACADEMY,7,6
2012,3901365,011533,HORIZON SCIENCE ACADEMY LORAIN,7,1
2012,3901366,011534,HORIZON SCIENCE ACADEMY DAYTON HIGH SCHOOL,7,1
2012,3901368,011291,VILLAGE PREPARATORY SCHOOL,7,1
2012,3901369,011381,GREATER SUMMIT COUNTY EARLY LEARNING CENTER,7,1
2012,3901370,011390,BELLA ACADEMY OF EXCELLENCE,7,1
2012,3901371,011434,L.E.A.R.N. ACADEMY,7,6
2012,3901372,011436,PLEASANT EDUCATION ACADEMY,7,1
2012,3901374,011506,DAYTON REGIONAL STEM SCHOOL,1,1
2012,3901375,011468,COLUMBUS BILINGUAL ACADEMY-NORTH,7,1
2012,3901376,011923,NORTHEAST OHIO COLLEGE PREPARATORY SCHOOL,7,1
2012,3901377,011947,IMAGINE AKRON ACADEMY,7,1
2012,3901378,011956,EVEREST HIGH SCHOOL,7,1
2012,3901379,011964,21ST CENTURY SCHOOL,7,2
2012,3901380,011966,AUSTINTOWN ACADEMIC ACADEMY,7,2
2012,3901381,011967,RICHLAND ACADEMY SCHOOL OF EXCELLENCE,7,1
2012,3901382,011972,GRAHAM EXPEDITIONARY MIDDLE SCHOOL,7,1
2012,3901383,011976,HORIZON SCIENCE ACADEMY DAYTON DOWNTOWN,7,1
2012,3901386,011980,RISING STARS SCHOOL,7,2
2012,3901388,011985,THEODORE ROOSEVELT PUBLIC COMMUNITY SCHOOL,7,1
2012,3901389,011986,HORIZON SCIENCE ACADEMY YOUNGSTOWN,7,1
2012,3901390,011987,HORIZON SCIENCE ACADEMY TOLEDO DOWNTOWN,7,1
2012,3901392,011998,EDISON HIGH SCHOOL,7,2
2012,3901393,012000,CRUISER ACADEMY,7,1
2012,3901394,012002,COLLEGE HILL LEADERSHIP ACADEMY,7,1
2012,3901395,012006,PORTAGE LAKES ALTERNATIVE ACADEMY,7,2
2012,3901396,012009,ZENITH ACADEMY EAST,7,1
2012,3901397,012010,CLEVELAND COLLEGE PREPARATORY SCHOOL,7,1
2012,3901398,012011,COLUMBUS PERFORMANCE ACADEMY,7,1
2012,3901399,012017,ACADEMY FOR CREATIVE LEARNERS-TOLEDO,7,2
2012,3901400,012018,ACADEMY FOR CREATIVE LEARNERS-CLEVELAND WEST,7,2
2012,3901401,012022,ACADEMY FOR CREATIVE LEARNERS-MANSFIELD,7,2
2012,3901402,012024,NOTTEN SCHOOL FOR SCIENCE  TECHNOLOGY  ENGINEERING AND MATHE,7,6
2012,3901403,012025,CONSTELLATION SCHOOLS: STOCKYARD COMMUNITY MIDDLE,7,1
2012,3901405,012030,NEAR WEST INTERGENERATIONAL SCHOOL,7,1
2012,3901406,012031,ENTREPRENEURSHIP PREPARATORY SCHOOL - WOODLAND HILLS CAMPUS,7,3
2012,3901407,012033,FOXFIRE INTERMEDIATE SCHOOL,7,1
2012,3901408,012035,EDUCATIONAL SERVICE CENTER OF CENTRAL OHIO CONVERSION SCHOOL,7,2
2012,3901409,012036,THURGOOD MARSHALL HIGH SCHOOL,7,1
2012,3901410,012037,NEW BEGINNINGS ACADEMY,7,1
2012,3901411,012038,LANGSTON HUGHES HIGH SCHOOL,7,1
2012,3901412,012040,ROAD TO SUCCESS ACADEMY,7,1
2012,3901413,012041,THE ARCH ACADEMY,7,1
2012,3901414,012042,GEORGE V. VOINOVICH RECLAMATION ACADEMY,7,1
2012,3901415,012043,FREDERICK DOUGLASS RECLAMATION ACADEMY,7,1
2012,3901416,012044,CAPITAL HIGH SCHOOL,7,1
2012,3901417,012045,PATRIOT PREPARATORY ACADEMY,7,1
2012,3901418,012048,MANSFIELD LEADERSHIP EDUCATION & ACADEMIC RESOURCE NEIGHBORH,7,2
2012,3901419,012052,IMAGINE ON SUPERIOR,7,1
2012,3901420,012054,NORTH CENTRAL ACADEMY,7,1
2012,3901421,012057,CENTRAL OHIO EARLY COLLEGE ACADEMY,7,2
2012,3901423,012074,INTEGRITY ACADEMY,7,2
2012,3901424,012078,QUEST COMMUNITY SCHOOL,7,1
2012,3901425,012090,ACADEMY OF NEW MEDIA MIDDLE,7,1
2012,3901426,012093,REAL LIFE ACADEMY,7,2
2012,3901427,012105,SOUTHSIDE ACADEMY,7,1
2012,3901428,012060,AKROS MIDDLE SCHOOL,7,1
2012,3901429,011324,HARDIN COMMUNITY SCHOOL,7,1
2012,3901430,012684,BROADWAY ACADEMY,7,1
2012,3901431,012540,MUSKINGUM VALLEY STEMM ACADEMY,7,7
2012,3901432,012671,CONSTELLATION SCHOOLS: EASTSIDE ARTS ACADEMY,7,1
2012,3901433,012528,THE ACADEMY FOR URBAN SOLUTIONS,7,1
2012,3901434,012644,STEAM ACADEMY OF WARREN,7,1
2012,3901435,012608,YOUTH EXPERIENCING SUCCESS,7,7
2012,3901436,012629,GREAT EXPECTATIONS ELEMENTARY SCHOOL,7,1
2012,3901437,011948,IMAGINE CLEVELAND ACADEMY,7,1
2012,3901438,012911,THE GATEHOUSE SCHOOL,7,7
2012,3901439,012626,DOW LEADERSHIP INSTITUTE  THE,7,1
2012,3901440,012683,ACCELERATED ACHIEVEMENT ACADEMY OF NORTH CINCINNATI,7,1
2012,3901441,012557,WOODLAND ACADEMY,7,1
2012,3901442,012497,PICKERINGTON COMMUNITY SCHOOL,7,1
2012,3901443,012643,LEADERSHIP ACADEMY OF MATHEMATICS & SCIENCE OF COLUMBUS,7,2
2012,3901444,012029,CITIZENS LEADERSHIP ACADEMY,7,1
2012,3901445,012628,IMAGINE INTEGRITY ACADEMY,7,1
2012,3901446,012543,O.N.E. ACADEMY  THE,7,7
2012,3901447,012536,UBAH MATH & READING ACADEMY,7,3
2012,3901448,012670,GCESC COMMUNITY SCHOOL,7,7
2012,3901449,012513,CINCINNATI COLLEGE PREPARATORY ACADEMY EAST,7,1
2012,3901450,012867,TOWNSEND NORTH COMMUNITY SCHOOL,7,1
2012,3901451,012529,FOCUS NORTH HIGH SCHOOL,7,1
2012,3901452,012631,IMPACT ACADEMY CINCINNATI,7,1
2012,3901453,012026,CONSTELLATION SCHOOLS: COLLINWOOD VILLAGE ACADEMY,7,1
2012,3901454,012627,STEAM ACADEMY OF YOUNGSTOWN,7,6
2012,3901455,012685,STEVE SANDERS ACADEMY  THE,7,6
2012,3901456,012556,PEARL ACADEMY,7,1
2012,3901457,012541,UNIVERSITY OF CLEVELAND PREPARATORY SCHOOL,7,1
2012,3901458,012681,LEADERSHIP ACADEMY OF MATHEMATICS & SCIENCE FOCUS,7,7
2012,3901459,009121,NEW DIRECTIONS ACADEMY,7,7
2012,3901460,012624,ACCELERATED ACHIEVEMENT ACADEMY OF EAST CINCINNATI,7,1
2012,3901461,012570,LEADERSHIP ACADEMY OF MATHEMATICS & SCIENCE OF CINCINNATI,7,6
2012,3901462,012668,GARFIELD ACADEMY,7,1
2012,3901463,012501,BEACON HILL ACADEMY,7,1
2012,3901464,012610,GAIN PRODUCTIVE SKILLS ACADEMY,7,7
2012,3901465,012558,GLOBAL VILLAGE ACADEMY,7,1
2012,3901466,012545,IMAGINE WOODBURY ACADEMY,7,1
2012,3901467,013200,NEXUS ACADEMY OF TOLEDO,7,3
2012,3901468,013082,THE HALEY SCHOOL,7,3
2012,3901469,013163,AKRON ACADEMY OF EXCELLENCE  THE,7,7
2012,3901470,013255,CANTON COLLEGE PREPARATORY SCHOOL,7,7
2012,3901471,013146,STEAM ACADEMY OF DAYTON,7,7
2012,3901472,013249,ACADEMY FOR URBAN SOLUTIONS YOUNGSTOWN,7,7
2012,3901473,013170,HOPE ACADEMY FOR AUTISM,7,3
2012,3901474,013239,THE OPEN SCHOOL OF OHIO,7,7
2012,3901475,013175,KIDS UNLIMITED ACADEMY,7,3
2012,3901476,013059,WEST CARROLLTON SECONDARY ACADEMY,7,3
2012,3901477,013332,FIRST TIME LEARNERS ACADEMY,7,7
2012,3901478,012951,COLUMBUS COLLEGIATE ACADEMY - WEST,7,3
2012,3901479,013198,BROOKWOOD ACADEMY,7,3
2012,3901480,013232,A+ CHILDREN'S ACADEMY,7,3
2012,3901481,013080,FOUNDATION ACADEMY OF CLEVELAND,7,7
2012,3901482,013147,STEAM ACADEMY OF CLEVELAND,7,7
2012,3901483,013201,NEXUS ACADEMY OF COLUMBUS,7,3
2012,3901484,013083,BIO-MED SCIENCE ACADEMY,7,3
2012,3901485,013240,CINCINNATI STATE STEM ACADEMY,7,3
2012,3901486,012852,CITIZENS ACADEMY EAST,7,3
2012,3901487,013253,OHIO COLLEGIATE ACADEMY,7,7
2012,3901488,013173,IMAGINE HILL AVENUE,7,3
2012,3901489,013164,BELIEVE TO ACHIEVE-CANTON,7,3
2012,3901490,012391,METRO EARLY COLLEGE HIGH SCHOOL,1,3
2012,3901491,013256,CUYAHOGA VALLEY ACADEMY,7,7
2012,3901492,013180,BAJIM VILLAGE ACADEMY,7,3
2012,3901493,013077,FOUNDATION ACADEMY OF AKRON,7,7
2012,3901494,013204,WALTON INSTITUTE FOR SCHOLARLY EDUCATION,7,3
2012,3901495,013030,GRAHAM PRIMARY SCHOOL,7,3
2012,3901496,013199,NEXUS ACADEMY OF CLEVELAND,7,3
2012,3901497,013081,URBAN PATHWAYS YOUNGSTOWN,7,7
2012,3901498,013148,STEPSTONE ACADEMY,7,3
2012,3901499,013132,LAKE ERIE COLLEGE PREPARATORY SCHOOL,7,3
2012,3901500,013245,YOUNG SCHOLARS PREP SCHOOL - SOUTH,7,7
2012,3901501,013233,SOUTHERN OHIO ACADEMY,7,3
2012,3901502,013195,ACADEMY OF EDUCATIONAL EXCELLENCE,7,3
2012,3901503,013254,AKRON PREPARATORY SCHOOL,7,7
2012,3901504,013174,YOUNG SCHOLARS PREP SCHOOL,7,3
2012,3901505,013034,VILLAGE PREPARATORY SCHOOL:: WOODLAND HILLS CAMPUS,7,3
2012,3901506,013165,BELIEVE TO ACHIEVE-CLEVELAND,7,3
2012,3901507,013320,CAMPBELL SCHOOL FOR GIRLS,7,7
2012,3901508,012924,DECA PREP,7,3
2012,3901509,013079,FOUNDATION ACADEMY OF CANTON,7,7
2012,3901510,013226,LIFE SKILLS HIGH SCHOOL OF CLEVELAND,7,3
2012,3904348,043489,AKRON CITY,1,1
2012,3904349,043497,ALLIANCE CITY,1,1
2012,3904350,043505,ASHLAND CITY,1,1
2012,3904351,043513,ASHTABULA AREA CITY,1,1
2012,3904352,043521,ATHENS CITY,1,1
2012,3904353,043539,BARBERTON CITY,1,1
2012,3904354,043547,BAY VILLAGE CITY,1,1
2012,3904355,043554,BEACHWOOD CITY,1,1
2012,3904357,043570,BELLAIRE LOCAL,1,1
2012,3904358,043588,BELLEFONTAINE CITY,1,1
2012,3904359,043596,BELLEVUE CITY,1,1
2012,3904360,043612,BEREA CITY,1,1
2012,3904361,043604,BELPRE CITY,1,1
2012,3904362,043620,BEXLEY CITY,1,1
2012,3904363,043638,BOWLING GREEN CITY SCHOOL DISTRICT,1,1
2012,3904364,043646,BRECKSVILLE-BROADVIEW HEIGHTS CITY,1,1
2012,3904365,043653,BROOKLYN CITY,1,1
2012,3904366,043661,BRUNSWICK CITY,1,1
2012,3904367,043679,BRYAN CITY,1,1
2012,3904368,043687,BUCYRUS CITY,1,1
2012,3904369,043695,CAMBRIDGE CITY,1,1
2012,3904370,043703,CAMPBELL CITY,1,1
2012,3904371,043711,CANTON CITY,1,1
2012,3904373,043737,CENTERVILLE CITY,1,1
2012,3904374,043745,CHILLICOTHE CITY,1,1
2012,3904375,043752,CINCINNATI CITY,1,1
2012,3904376,043760,CIRCLEVILLE CITY,1,1
2012,3904377,043778,CLAYMONT CITY,1,1
2012,3904378,043786,CLEVELAND MUNICIPAL,1,1
2012,3904379,043794,CLEVELAND HEIGHTS-UNIVERSITY HEIGHTS CITY,1,1
2012,3904380,043802,COLUMBUS CITY SCHOOL DISTRICT,1,1
2012,3904381,043810,CONNEAUT AREA CITY,1,1
2012,3904382,043828,COSHOCTON CITY,1,1
2012,3904383,043836,CUYAHOGA FALLS CITY,1,1
2012,3904384,043844,DAYTON CITY,1,1
2012,3904385,043851,DEER PARK COMMUNITY CITY,1,1
2012,3904386,043869,DEFIANCE CITY,1,1
2012,3904387,043877,DELAWARE CITY,1,1
2012,3904388,043885,DELPHOS CITY,1,1
2012,3904389,043893,DOVER CITY,1,1
2012,3904390,043901,EAST CLEVELAND CITY SCHOOL DISTRICT,1,1
2012,3904391,043919,EAST LIVERPOOL CITY,1,1
2012,3904392,043927,EAST PALESTINE CITY,1,1
2012,3904393,043935,EATON COMMUNITY CITY,1,1
2012,3904394,043943,ELYRIA CITY SCHOOLS,1,1
2012,3904395,043950,EUCLID CITY,1,1
2012,3904396,043968,FAIRBORN CITY,1,1
2012,3904397,043976,FAIRVIEW PARK CITY,1,1
2012,3904399,043992,FOSTORIA CITY,1,1
2012,3904400,044008,FRANKLIN CITY,1,1
2012,3904401,044016,FREMONT CITY,1,1
2012,3904402,044024,GALION CITY,1,1
2012,3904403,044032,GALLIPOLIS CITY,1,1
2012,3904404,044040,GARFIELD HEIGHTS CITY SCHOOLS,1,1
2012,3904405,044057,GENEVA AREA CITY,1,1
2012,3904406,044065,GIRARD CITY SCHOOL DISTRICT,1,1
2012,3904407,044073,GRANDVIEW HEIGHTS CITY,1,1
2012,3904408,044081,WINTON WOODS CITY,1,1
2012,3904409,044099,GREENVILLE CITY,1,1
2012,3904410,044107,HAMILTON CITY,1,1
2012,3904411,044115,HEATH CITY,1,1
2012,3904412,044123,HILLSBORO CITY,1,1
2012,3904413,044131,HURON CITY SCHOOLS,1,1
2012,3904414,044149,IRONTON CITY,1,1
2012,3904415,044156,JACKSON CITY,1,1
2012,3904416,044164,KENT CITY,1,1
2012,3904418,044180,KETTERING CITY,1,1
2012,3904419,044198,LAKEWOOD CITY,1,1
2012,3904420,044206,LANCASTER CITY,1,1
2012,3904421,044214,LEBANON CITY,1,1
2012,3904422,044222,LIMA CITY,1,1
2012,3904423,044230,LOCKLAND LOCAL,1,1
2012,3904424,044248,LOGAN-HOCKING LOCAL,1,1
2012,3904425,044255,LONDON CITY,1,1
2012,3904426,044263,LORAIN CITY,1,1
2012,3904427,044271,LOVELAND CITY,1,1
2012,3904428,044289,MADEIRA CITY,1,1
2012,3904429,044297,MANSFIELD CITY,1,1
2012,3904430,044305,MAPLE HEIGHTS CITY,1,1
2012,3904431,044313,MARIEMONT CITY,1,1
2012,3904433,044339,MARION CITY,1,1
2012,3904434,044347,MARTINS FERRY CITY,1,1
2012,3904435,044354,MASSILLON CITY,1,1
2012,3904436,044362,MAUMEE CITY,1,1
2012,3904437,044370,MAYFIELD CITY,1,1
2012,3904438,044388,MEDINA CITY SD,1,1
2012,3904439,044396,MIAMISBURG CITY,1,1
2012,3904440,044404,MIDDLETOWN CITY,1,1
2012,3904441,044412,MT HEALTHY CITY,1,1
2012,3904443,044438,NAPOLEON AREA CITY,1,1
2012,3904444,044446,NELSONVILLE-YORK CITY,1,1
2012,3904445,044453,NEWARK CITY,1,1
2012,3904446,044461,NEW BOSTON LOCAL,1,1
2012,3904447,044479,NEW LEXINGTON CITY,1,1
2012,3904448,044487,NEW PHILADELPHIA CITY,1,1
2012,3904449,044495,NILES CITY,1,1
2012,3904450,044503,NORTH CANTON CITY,1,1
2012,3904451,044511,NORTH COLLEGE HILL CITY,1,1
2012,3904452,044529,NORTH OLMSTED CITY,1,1
2012,3904453,044537,NORTH RIDGEVILLE CITY,1,1
2012,3904454,044545,NORTH ROYALTON CITY,1,1
2012,3904455,044552,NORTON CITY,1,1
2012,3904456,044560,NORWALK CITY,1,1
2012,3904457,044578,NORWOOD CITY,1,1
2012,3904458,044586,OAKWOOD CITY,1,1
2012,3904459,044594,OBERLIN CITY SCHOOLS,1,1
2012,3904460,044602,OREGON CITY,1,1
2012,3904461,044610,ORRVILLE CITY,1,1
2012,3904463,044636,PARMA CITY,1,1
2012,3904464,044644,PIQUA CITY,1,1
2012,3904465,044651,PORT CLINTON CITY,1,1
2012,3904467,044677,PRINCETON CITY,1,1
2012,3904468,044685,RAVENNA CITY,1,1
2012,3904469,044693,READING COMMUNITY CITY,1,1
2012,3904470,044701,ROCKY RIVER CITY,1,1
2012,3904471,044719,ST BERNARD-ELMWOOD PLACE CITY,1,1
2012,3904472,044727,ST MARYS CITY,1,1
2012,3904474,044743,SANDUSKY CITY,1,1
2012,3904475,044750,SHAKER HEIGHTS CITY,1,1
2012,3904476,044768,SHEFFIELD-SHEFFIELD LAKE CITY,1,1
2012,3904479,044792,SOUTH EUCLID-LYNDHURST CITY,1,1
2012,3904480,044800,SOUTH-WESTERN CITY,1,1
2012,3904481,044818,SPRINGFIELD CITY,1,1
2012,3904482,044826,STEUBENVILLE CITY,1,1
2012,3904483,044834,STOW-MUNROE FALLS CITY SCHOOL DISTRICT,1,1
2012,3904484,044842,STRONGSVILLE CITY,1,1
2012,3904485,044859,STRUTHERS CITY,1,1
2012,3904486,044867,SYCAMORE COMMUNITY CITY,1,1
2012,3904487,044875,SYLVANIA CITY,1,1
2012,3904488,044883,TALLMADGE CITY,1,1
2012,3904489,044891,TIFFIN CITY,1,1
2012,3904490,044909,TOLEDO CITY,1,1
2012,3904491,044917,TORONTO CITY,1,1
2012,3904492,044925,TROY CITY,1,1
2012,3904493,044933,UPPER ARLINGTON CITY,1,1
2012,3904494,044941,URBANA CITY,1,1
2012,3904495,044958,VANDALIA-BUTLER CITY,1,1
2012,3904498,044982,WAPAKONETA CITY,1,1
2012,3904499,044990,WARREN CITY,1,1
2012,3904500,045005,WARRENSVILLE HEIGHTS CITY,1,1
2012,3904502,045021,WELLSTON CITY,1,1
2012,3904503,045039,WELLSVILLE LOCAL,1,1
2012,3904504,045047,WESTERVILLE CITY,1,1
2012,3904505,045054,WEST CARROLLTON CITY,1,1
2012,3904506,045062,WESTLAKE CITY,1,1
2012,3904507,045070,WHITEHALL CITY,1,1
2012,3904508,045088,WICKLIFFE CITY,1,1
2012,3904509,045096,WILLARD CITY,1,1
2012,3904510,045104,WILLOUGHBY-EASTLAKE CITY,1,1
2012,3904511,045112,WILMINGTON CITY,1,1
2012,3904513,045138,WORTHINGTON CITY,1,1
2012,3904514,045146,WYOMING CITY,1,1
2012,3904515,045153,XENIA COMMUNITY CITY,1,1
2012,3904516,045161,YOUNGSTOWN CITY SCHOOLS,1,1
2012,3904517,045179,ZANESVILLE CITY,1,1
2012,3904518,045187,ADA EXEMPTED VILLAGE,1,1
2012,3904519,045195,AMHERST EXEMPTED VILLAGE,1,1
2012,3904520,045203,BARNESVILLE EXEMPTED VILLAGE,1,1
2012,3904521,045211,BLUFFTON EXEMPTED VILLAGE,1,1
2012,3904522,045229,BRADFORD EXEMPTED VILLAGE,1,1
2012,3904523,045237,BRIDGEPORT EXEMPTED VILLAGE,1,1
2012,3904524,045245,HARRISON HILLS CITY,1,1
2012,3904525,045252,CALDWELL EXEMPTED VILLAGE,1,1
2012,3904526,045260,CAREY EXEMPTED VILLAGE,1,1
2012,3904527,045278,CARROLLTON EXEMPTED VILLAGE,1,1
2012,3904528,045286,CHAGRIN FALLS EXEMPTED VILLAGE,1,1
2012,3904529,045294,CHESAPEAKE UNION EXEMPTED VILLAGE,1,1
2012,3904531,045310,COLDWATER EXEMPTED VILLAGE,1,1
2012,3904532,045328,COLUMBIANA EXEMPTED VILLAGE,1,1
2012,3904533,045336,COVINGTON EXEMPTED VILLAGE,1,1
2012,3904535,045351,CROOKSVILLE EXEMPTED VILLAGE,1,1
2012,3904536,045369,FAIRPORT HARBOR EXEMPTED VILLAGE,1,1
2012,3904537,045377,GEORGETOWN EXEMPTED VILLAGE,1,1
2012,3904538,045385,GIBSONBURG EXEMPTED VILLAGE,1,1
2012,3904539,045393,GRANVILLE EXEMPTED VILLAGE,1,1
2012,3904540,045401,GREENFIELD EXEMPTED VILLAGE,1,1
2012,3904541,045419,HICKSVILLE EXEMPTED VILLAGE,1,1
2012,3904542,045427,HUBBARD EXEMPTED VILLAGE,1,1
2012,3904543,045435,INDIAN HILL EXEMPTED VILLAGE,1,1
2012,3904545,045450,LISBON EXEMPTED VILLAGE,1,1
2012,3904546,045468,LOUDONVILLE-PERRYSVILLE EXEMPTED VILLAGE,1,1
2012,3904547,045476,MARYSVILLE EXEMPTED VILLAGE,1,1
2012,3904548,045484,MECHANICSBURG EXEMPTED VILLAGE,1,1
2012,3904549,045492,MENTOR EXEMPTED VILLAGE,1,1
2012,3904550,045500,MILFORD EXEMPTED VILLAGE,1,1
2012,3904551,045518,MILTON-UNION EXEMPTED VILLAGE,1,1
2012,3904552,045526,MONTPELIER EXEMPTED VILLAGE,1,1
2012,3904553,045534,MOUNT GILEAD EXEMPTED VILLAGE,1,1
2012,3904554,045542,NEWCOMERSTOWN EXEMPTED VILLAGE,1,1
2012,3904555,045559,NEW RICHMOND EXEMPTED VILLAGE,1,1
2012,3904556,045567,NEWTON FALLS EXEMPTED VILLAGE,1,1
2012,3904557,045575,PAULDING EXEMPTED VILLAGE,1,1
2012,3904558,045583,PERRYSBURG EXEMPTED VILLAGE,1,1
2012,3904560,045609,ROSSFORD EXEMPTED VILLAGE,1,1
2012,3904561,045617,TIPP CITY EXEMPTED VILLAGE,1,1
2012,3904563,045633,VERSAILLES EXEMPTED VILLAGE,1,1
2012,3904564,045641,WAUSEON EXEMPTED VILLAGE,1,1
2012,3904565,045658,WELLINGTON EXEMPTED VILLAGE,1,1
2012,3904566,045666,WINDHAM EXEMPTED VILLAGE,1,1
2012,3904567,045674,YELLOW SPRINGS EXEMPTED VILLAGE,1,1
2012,3904574,045740,ALLEN COUNTY ESC,4,1
2012,3904575,045757,ALLEN EAST LOCAL,1,1
2012,3904576,045765,BATH LOCAL,1,1
2012,3904577,045773,ELIDA LOCAL,1,1
2012,3904578,045781,PERRY LOCAL,1,1
2012,3904579,045799,SHAWNEE LOCAL,1,1
2012,3904580,045807,SPENCERVILLE LOCAL,1,1
2012,3904582,045823,HILLSDALE LOCAL,1,1
2012,3904583,045831,MAPLETON LOCAL,1,1
2012,3904584,045849,ASHTABULA COUNTY ESC,4,1
2012,3904585,045856,BUCKEYE LOCAL,1,1
2012,3904586,045864,GRAND VALLEY LOCAL,1,1
2012,3904587,045872,JEFFERSON AREA LOCAL,1,1
2012,3904588,045880,PYMATUNING VALLEY LOCAL,1,1
2012,3904590,045906,ALEXANDER LOCAL,1,1
2012,3904591,045914,FEDERAL HOCKING LOCAL,1,1
2012,3904592,045922,TRIMBLE LOCAL,1,1
2012,3904593,045930,AUGLAIZE COUNTY ESC,4,1
2012,3904594,045948,MINSTER LOCAL,1,1
2012,3904595,045955,NEW BREMEN LOCAL,1,1
2012,3904596,045963,NEW KNOXVILLE LOCAL,1,1
2012,3904597,045971,WAYNESFIELD-GOSHEN LOCAL,1,1
2012,3904599,045997,ST CLAIRSVILLE-RICHLAND CITY,1,1
2012,3904600,046003,SHADYSIDE LOCAL,1,1
2012,3904601,046011,UNION LOCAL,1,1
2012,3904602,046029,BROWN ESC,4,1
2012,3904603,046037,EASTERN LOCAL,1,1
2012,3904604,046045,FAYETTEVILLE-PERRY LOCAL,1,1
2012,3904606,046060,WESTERN BROWN LOCAL,1,1
2012,3904607,046078,RIPLEY-UNION-LEWIS-HUNTINGTON LOCAL,1,1
2012,3904608,046086,BUTLER COUNTY ESC,4,1
2012,3904609,046094,EDGEWOOD CITY,1,1
2012,3904610,046102,FAIRFIELD CITY,1,1
2012,3904611,046110,LAKOTA LOCAL,1,1
2012,3904612,046128,MADISON LOCAL,1,1
2012,3904613,046136,NEW MIAMI LOCAL,1,1
2012,3904614,046144,ROSS LOCAL,1,1
2012,3904615,046151,TALAWANDA CITY,1,1
2012,3904617,046177,BROWN LOCAL,1,1
2012,3904619,046193,GRAHAM LOCAL,1,1
2012,3904620,046201,TRIAD LOCAL,1,1
2012,3904621,046219,WEST LIBERTY-SALEM LOCAL,1,1
2012,3904622,046227,CLARK COUNTY ESC,4,1
2012,3904623,046235,GREENON LOCAL,1,1
2012,3904624,046243,TECUMSEH LOCAL,1,1
2012,3904625,046250,NORTHEASTERN LOCAL,1,1
2012,3904626,046268,NORTHWESTERN LOCAL,1,1
2012,3904627,046276,SOUTHEASTERN LOCAL,1,1
2012,3904628,046284,CLARK-SHAWNEE LOCAL,1,1
2012,3904629,046292,CLERMONT COUNTY ESC,4,1
2012,3904630,046300,BATAVIA LOCAL,1,1
2012,3904631,046318,BETHEL-TATE LOCAL,1,1
2012,3904632,046326,CLERMONT NORTHEASTERN LOCAL,1,1
2012,3904633,046334,FELICITY-FRANKLIN LOCAL,1,1
2012,3904634,046342,GOSHEN LOCAL,1,1
2012,3904635,046359,WEST CLERMONT LOCAL,1,1
2012,3904636,046367,WILLIAMSBURG LOCAL,1,1
2012,3904637,046375,SOUTHERN OHIO ESC,4,1
2012,3904638,046383,BLANCHESTER LOCAL,1,1
2012,3904639,046391,CLINTON-MASSIE LOCAL,1,1
2012,3904640,046409,EAST CLINTON LOCAL,1,1
2012,3904641,046417,COLUMBIANA COUNTY ESC,4,1
2012,3904642,046425,BEAVER LOCAL,1,1
2012,3904643,046433,CRESTVIEW LOCAL,1,1
2012,3904644,046441,SOUTHERN LOCAL,1,1
2012,3904645,046458,UNITED LOCAL,1,1
2012,3904647,046474,RIDGEWOOD LOCAL,1,1
2012,3904648,046482,RIVER VIEW LOCAL,1,1
2012,3904650,046508,BUCKEYE CENTRAL LOCAL,1,1
2012,3904651,046516,COLONEL CRAWFORD LOCAL,1,1
2012,3904652,046524,WYNFORD LOCAL,1,1
2012,3904653,046532,ESC OF CUYAHOGA COUNTY,4,1
2012,3904655,046557,CUYAHOGA HEIGHTS LOCAL,1,1
2012,3904656,046565,INDEPENDENCE LOCAL,1,1
2012,3904657,046573,OLMSTED FALLS CITY,1,1
2012,3904659,046599,RICHMOND HEIGHTS LOCAL,1,1
2012,3904660,046607,SOLON CITY,1,1
2012,3904661,046615,DARKE COUNTY ESC,4,1
2012,3904662,046623,ANSONIA LOCAL,1,1
2012,3904663,046631,ARCANUM-BUTLER LOCAL,1,1
2012,3904664,046649,FRANKLIN MONROE LOCAL,1,1
2012,3904667,046672,MISSISSINAWA VALLEY LOCAL,1,1
2012,3904668,046680,TRI-VILLAGE LOCAL,1,1
2012,3904670,046706,AYERSVILLE LOCAL,1,1
2012,3904671,046714,CENTRAL LOCAL,1,1
2012,3904672,046722,NORTHEASTERN LOCAL,1,1
2012,3904674,046748,BIG WALNUT LOCAL,1,1
2012,3904675,046755,BUCKEYE VALLEY LOCAL,1,1
2012,3904676,046763,OLENTANGY LOCAL,1,1
2012,3904678,046789,EDISON LOCAL (FORMERLY BERLIN-MILAN),1,1
2012,3904679,046797,KELLEYS ISLAND LOCAL,1,1
2012,3904680,046805,MARGARETTA LOCAL,1,1
2012,3904681,046813,PERKINS LOCAL,1,1
2012,3904682,046821,VERMILION LOCAL,1,1
2012,3904683,046839,FAIRFIELD COUNTY ESC,4,1
2012,3904684,046847,AMANDA-CLEARCREEK LOCAL,1,1
2012,3904685,046854,BERNE UNION LOCAL,1,1
2012,3904686,046862,BLOOM-CARROLL LOCAL,1,1
2012,3904687,046870,FAIRFIELD UNION LOCAL,1,1
2012,3904688,046888,LIBERTY UNION-THURSTON LOCAL,1,1
2012,3904689,046896,PICKERINGTON LOCAL,1,1
2012,3904690,046904,WALNUT TOWNSHIP LOCAL,1,1
2012,3904693,046938,ESC OF CENTRAL OHIO,4,1
2012,3904694,046946,CANAL WINCHESTER LOCAL,1,1
2012,3904695,046953,HAMILTON LOCAL,1,1
2012,3904696,046961,GAHANNA-JEFFERSON CITY,1,1
2012,3904697,046979,GROVEPORT MADISON LOCAL,1,1
2012,3904699,046995,NEW ALBANY-PLAIN LOCAL,1,1
2012,3904700,047001,REYNOLDSBURG CITY,1,1
2012,3904701,047019,HILLIARD CITY,1,1
2012,3904702,047027,DUBLIN CITY,1,1
2012,3904704,047043,ARCHBOLD-AREA LOCAL,1,1
2012,3904705,047050,EVERGREEN LOCAL,1,1
2012,3904706,047068,FAYETTE LOCAL,1,1
2012,3904707,047076,PETTISVILLE LOCAL,1,1
2012,3904708,047084,PIKE-DELTA-YORK LOCAL,1,1
2012,3904709,047092,SWANTON LOCAL,1,1
2012,3904715,047159,GEAUGA COUNTY EDUCATIONAL SERVICE CENTER,4,1
2012,3904716,047167,BERKSHIRE LOCAL,1,1
2012,3904717,047175,CARDINAL LOCAL,1,1
2012,3904718,047183,CHARDON LOCAL,1,1
2012,3904719,047191,KENSTON LOCAL,1,1
2012,3904720,047209,LEDGEMONT LOCAL,1,1
2012,3904721,047217,NEWBURY LOCAL,1,1
2012,3904722,047225,WEST GEAUGA LOCAL,1,1
2012,3904723,047233,GREENE COUNTY ESC,4,1
2012,3904724,047241,BEAVERCREEK CITY,1,1
2012,3904725,047258,CEDAR CLIFF LOCAL,1,1
2012,3904726,047266,GREENEVIEW LOCAL,1,1
2012,3904727,047274,BELLBROOK-SUGARCREEK LOCAL SCHOOL DISTRICT,1,1
2012,3904730,047308,ROLLING HILLS LOCAL,1,1
2012,3904732,047324,HAMILTON COUNTY ESC,4,1
2012,3904733,047332,FINNEYTOWN LOCAL,1,1
2012,3904734,047340,FOREST HILLS LOCAL,1,1
2012,3904736,047365,NORTHWEST LOCAL,1,1
2012,3904737,047373,OAK HILLS LOCAL,1,1
2012,3904738,047381,SOUTHWEST LOCAL,1,1
2012,3904739,047399,THREE RIVERS LOCAL,1,1
2012,3904740,047407,HANCOCK COUNTY ESC,4,1
2012,3904742,047423,ARLINGTON LOCAL,1,1
2012,3904743,047431,CORY-RAWSON LOCAL,1,1
2012,3904744,047449,LIBERTY-BENTON LOCAL,1,1
2012,3904745,047456,MCCOMB LOCAL,1,1
2012,3904747,047472,VANLUE LOCAL,1,1
2012,3904748,047480,HARDIN COUNTY ESC,4,1
2012,3904749,047498,HARDIN NORTHERN LOCAL,1,1
2012,3904750,047506,RIDGEMONT LOCAL,1,1
2012,3904751,047514,RIVERDALE LOCAL,1,1
2012,3904752,047522,UPPER SCIOTO VALLEY LOCAL,1,1
2012,3904754,047548,CONOTTON VALLEY UNION LOCAL,1,1
2012,3904757,047571,HOLGATE LOCAL,1,1
2012,3904758,047589,LIBERTY CENTER LOCAL,1,1
2012,3904759,047597,PATRICK HENRY LOCAL,1,1
2012,3904761,047613,BRIGHT LOCAL,1,1
2012,3904762,047621,FAIRFIELD LOCAL,1,1
2012,3904763,047639,LYNCHBURG-CLAY LOCAL,1,1
2012,3904768,047688,EAST HOLMES LOCAL,1,1
2012,3904769,047696,WEST HOLMES LOCAL,1,1
2012,3904771,047712,MONROEVILLE LOCAL,1,1
2012,3904772,047720,NEW LONDON LOCAL,1,1
2012,3904773,047738,SOUTH CENTRAL LOCAL,1,1
2012,3904774,047746,WESTERN RESERVE LOCAL,1,1
2012,3904776,047761,OAK HILL UNION LOCAL,1,1
2012,3904777,047779,JEFFERSON COUNTY ESC,4,1
2012,3904778,047787,BUCKEYE LOCAL,1,1
2012,3904779,047795,EDISON LOCAL,1,1
2012,3904780,047803,INDIAN CREEK LOCAL,1,1
2012,3904781,047811,KNOX COUNTY ESC,4,1
2012,3904782,047829,CENTERBURG LOCAL,1,1
2012,3904783,047837,DANVILLE LOCAL,1,1
2012,3904785,047852,FREDERICKTOWN LOCAL,1,1
2012,3904786,047860,LAKE COUNTY ESC,4,1
2012,3904787,047878,KIRTLAND LOCAL,1,1
2012,3904788,047886,MADISON LOCAL,1,1
2012,3904790,047902,PERRY LOCAL,1,1
2012,3904791,047910,LAWRENCE COUNTY ESC,4,1
2012,3904792,047928,DAWSON-BRYANT LOCAL,1,1
2012,3904793,047936,FAIRLAND LOCAL,1,1
2012,3904794,047944,ROCK HILL LOCAL,1,1
2012,3904795,047951,SOUTH POINT LOCAL,1,1
2012,3904796,047969,SYMMES VALLEY LOCAL,1,1
2012,3904797,047977,LICKING COUNTY ESC,4,1
2012,3904798,047985,JOHNSTOWN-MONROE LOCAL,1,1
2012,3904799,047993,LAKEWOOD LOCAL,1,1
2012,3904800,048009,LICKING HEIGHTS LOCAL,1,1
2012,3904801,048017,LICKING VALLEY LOCAL,1,1
2012,3904802,048025,NORTH FORK LOCAL,1,1
2012,3904803,048033,NORTHRIDGE LOCAL,1,1
2012,3904804,048041,SOUTHWEST LICKING LOCAL,1,1
2012,3904805,048058,LOGAN COUNTY ESC,4,1
2012,3904807,048074,BENJAMIN LOGAN LOCAL,1,1
2012,3904808,048082,INDIAN LAKE LOCAL,1,1
2012,3904809,048090,RIVERSIDE LOCAL,1,1
2012,3904810,048108,LORAIN COUNTY ESC,4,1
2012,3904811,048116,AVON LOCAL,1,1
2012,3904812,048124,AVON LAKE CITY,1,1
2012,3904813,048132,CLEARVIEW LOCAL,1,1
2012,3904814,048140,COLUMBIA LOCAL,1,1
2012,3904815,048157,FIRELANDS LOCAL,1,1
2012,3904816,048165,KEYSTONE LOCAL,1,1
2012,3904817,048173,MIDVIEW LOCAL,1,1
2012,3904819,048199,ESC OF LAKE ERIE WEST,4,1
2012,3904820,048207,ANTHONY WAYNE LOCAL,1,1
2012,3904821,048215,OTTAWA HILLS LOCAL,1,1
2012,3904822,048223,SPRINGFIELD LOCAL,1,1
2012,3904823,048231,WASHINGTON LOCAL,1,1
2012,3904825,048256,JEFFERSON LOCAL,1,1
2012,3904826,048264,JONATHAN ALDER LOCAL,1,1
2012,3904827,048272,MADISON-PLAINS LOCAL,1,1
2012,3904828,048280,MAHONING COUNTY ESC,4,1
2012,3904829,048298,AUSTINTOWN LOCAL,1,1
2012,3904830,048306,BOARDMAN LOCAL,1,1
2012,3904831,048314,CANFIELD LOCAL,1,1
2012,3904832,048322,JACKSON-MILTON LOCAL,1,1
2012,3904833,048330,LOWELLVILLE LOCAL,1,1
2012,3904834,048348,POLAND LOCAL,1,1
2012,3904835,048355,SEBRING LOCAL,1,1
2012,3904836,048363,SOUTH RANGE LOCAL,1,1
2012,3904837,048371,SPRINGFIELD LOCAL,1,1
2012,3904838,048389,WEST BRANCH LOCAL,1,1
2012,3904839,048397,WESTERN RESERVE LOCAL,1,1
2012,3904841,048413,ELGIN LOCAL,1,1
2012,3904842,048421,PLEASANT LOCAL,1,1
2012,3904843,048439,RIDGEDALE LOCAL,1,1
2012,3904844,048447,RIVER VALLEY LOCAL,1,1
2012,3904845,048454,MEDINA COUNTY ESC,4,1
2012,3904846,048462,BLACK RIVER LOCAL,1,1
2012,3904847,048470,BUCKEYE LOCAL,1,1
2012,3904848,048488,CLOVERLEAF LOCAL,1,1
2012,3904849,048496,HIGHLAND LOCAL,1,1
2012,3904851,048512,EASTERN LOCAL,1,1
2012,3904852,048520,MEIGS LOCAL,1,1
2012,3904853,048538,SOUTHERN LOCAL,1,1
2012,3904854,048546,MERCER COUNTY ESC,4,1
2012,3904857,048579,PARKWAY LOCAL,1,1
2012,3904858,048587,ST HENRY CONSOLIDATED LOCAL,1,1
2012,3904859,048595,FORT RECOVERY LOCAL,1,1
2012,3904860,048603,MIAMI COUNTY ESC,4,1
2012,3904861,048611,BETHEL LOCAL,1,1
2012,3904862,048629,MIAMI EAST LOCAL,1,1
2012,3904863,048637,NEWTON LOCAL,1,1
2012,3904865,048652,SWITZERLAND OF OHIO LOCAL,1,1
2012,3904866,048660,MONTGOMERY COUNTY ESC,4,1
2012,3904867,048678,BROOKVILLE LOCAL,1,1
2012,3904868,048686,JEFFERSON TOWNSHIP LOCAL,1,1
2012,3904869,048694,TROTWOOD-MADISON CITY,1,1
2012,3904870,048702,MAD RIVER LOCAL,1,1
2012,3904871,048710,NEW LEBANON LOCAL,1,1
2012,3904872,048728,NORTHMONT CITY,1,1
2012,3904873,048736,NORTHRIDGE LOCAL,1,1
2012,3904874,048744,VALLEY VIEW LOCAL,1,1
2012,3904875,048751,HUBER HEIGHTS CITY,1,1
2012,3904877,048777,MORGAN LOCAL,1,1
2012,3904879,048793,CARDINGTON-LINCOLN LOCAL,1,1
2012,3904880,048801,HIGHLAND LOCAL,1,1
2012,3904881,048819,NORTHMOR LOCAL,1,1
2012,3904883,048835,EAST MUSKINGUM LOCAL,1,1
2012,3904884,048843,FRANKLIN LOCAL,1,1
2012,3904885,048850,MAYSVILLE LOCAL,1,1
2012,3904887,048876,TRI-VALLEY LOCAL,1,1
2012,3904888,048884,WEST MUSKINGUM LOCAL,1,1
2012,3904890,048900,NOBLE LOCAL,1,1
2012,3904892,048926,BENTON CARROLL SALEM LOCAL,1,1
2012,3904893,048934,DANBURY LOCAL,1,1
2012,3904894,048942,GENOA AREA LOCAL,1,1
2012,3904895,048959,MIDDLE BASS LOCAL,1,1
2012,3904896,048967,NORTH BASS LOCAL,1,1
2012,3904897,048975,PUT-IN-BAY LOCAL,1,1
2012,3904899,048991,ANTWERP LOCAL,1,1
2012,3904900,049296,TWIN VALLEY COMMUNITY LOCAL,1,1
2012,3904903,049031,WAYNE TRACE LOCAL,1,1
2012,3904905,049056,NORTHERN LOCAL,1,1
2012,3904906,049064,SOUTHERN LOCAL,1,1
2012,3904907,049072,PICKAWAY COUNTY ESC,4,1
2012,3904908,049080,LOGAN ELM LOCAL,1,1
2012,3904909,049098,TEAYS VALLEY LOCAL,1,1
2012,3904910,049106,WESTFALL LOCAL,1,1
2012,3904912,049122,EASTERN LOCAL,1,1
2012,3904913,049130,SCIOTO VALLEY LOCAL,1,1
2012,3904914,049148,WAVERLY CITY,1,1
2012,3904915,049155,WESTERN LOCAL,1,1
2012,3904916,049163,PORTAGE COUNTY ESC,4,1
2012,3904917,049171,AURORA CITY,1,1
2012,3904918,049189,CRESTWOOD LOCAL,1,1
2012,3904919,049197,FIELD LOCAL,1,1
2012,3904920,049205,JAMES A GARFIELD LOCAL,1,1
2012,3904921,049213,ROOTSTOWN LOCAL,1,1
2012,3904922,049221,SOUTHEAST LOCAL,1,1
2012,3904923,049239,STREETSBORO CITY,1,1
2012,3904924,049247,WATERLOO LOCAL,1,1
2012,3904925,049254,PREBLE COUNTY ESC,4,1
2012,3904926,091397,TRI-COUNTY NORTH LOCAL,1,1
2012,3904927,049270,NATIONAL TRAIL LOCAL,1,1
2012,3904928,049288,PREBLE SHAWNEE LOCAL,1,1
2012,3904930,049304,PUTNAM COUNTY ESC,4,1
2012,3904931,049312,COLUMBUS GROVE LOCAL,1,1
2012,3904932,049320,CONTINENTAL LOCAL,1,1
2012,3904933,049338,JENNINGS LOCAL,1,1
2012,3904934,049346,KALIDA LOCAL,1,1
2012,3904935,049353,LEIPSIC LOCAL,1,1
2012,3904936,049361,MILLER CITY-NEW CLEVELAND LOCAL,1,1
2012,3904937,049379,OTTAWA-GLANDORF LOCAL,1,1
2012,3904938,049387,OTTOVILLE LOCAL,1,1
2012,3904939,049395,PANDORA-GILBOA LOCAL,1,1
2012,3904941,049411,CLEAR FORK VALLEY LOCAL,1,1
2012,3904942,049429,CRESTVIEW LOCAL,1,1
2012,3904943,049437,LEXINGTON LOCAL,1,1
2012,3904944,049445,LUCAS LOCAL,1,1
2012,3904945,049452,MADISON LOCAL,1,1
2012,3904946,049460,PLYMOUTH-SHILOH LOCAL,1,1
2012,3904947,049478,ONTARIO LOCAL,1,1
2012,3904949,049494,ADENA LOCAL,1,1
2012,3904950,049502,HUNTINGTON LOCAL,1,1
2012,3904951,049510,PAINT VALLEY LOCAL,1,1
2012,3904952,049528,SOUTHEASTERN LOCAL,1,1
2012,3904953,049536,UNION-SCIOTO LOCAL,1,1
2012,3904954,049544,ZANE TRACE LOCAL,1,1
2012,3904956,049569,LAKOTA LOCAL,1,1
2012,3904957,049577,WOODMORE LOCAL,1,1
2012,3904959,049593,BLOOM-VERNON LOCAL,1,1
2012,3904961,049619,GREEN LOCAL,1,1
2012,3904962,049627,MINFORD LOCAL,1,1
2012,3904963,049635,NORTHWEST LOCAL,1,1
2012,3904964,049643,VALLEY LOCAL,1,1
2012,3904965,049650,WASHINGTON-NILE LOCAL,1,1
2012,3904966,049668,WHEELERSBURG LOCAL,1,1
2012,3904968,049684,SENECA EAST LOCAL,1,1
2012,3904969,049692,BETTSVILLE LOCAL,1,1
2012,3904970,049700,HOPEWELL-LOUDON LOCAL,1,1
2012,3904971,049718,NEW RIEGEL LOCAL,1,1
2012,3904974,049742,SHELBY COUNTY ESC,4,1
2012,3904976,049767,BOTKINS LOCAL,1,1
2012,3904977,049775,FAIRLAWN LOCAL,1,1
2012,3904978,049783,FORT LORAMIE LOCAL,1,1
2012,3904979,049791,HARDIN-HOUSTON LOCAL,1,1
2012,3904981,049817,RUSSIA LOCAL,1,1
2012,3904982,049825,STARK COUNTY ESC,4,1
2012,3904983,049833,CANTON LOCAL,1,1
2012,3904984,049841,FAIRLESS LOCAL,1,1
2012,3904985,049858,JACKSON LOCAL,1,1
2012,3904986,049866,LAKE LOCAL,1,1
2012,3904987,049874,LOUISVILLE CITY,1,1
2012,3904988,049882,MARLINGTON LOCAL,1,1
2012,3904989,049890,MINERVA LOCAL,1,1
2012,3904990,049908,NORTHWEST LOCAL,1,1
2012,3904991,049916,OSNABURG LOCAL,1,1
2012,3904992,049924,PERRY LOCAL,1,1
2012,3904993,049932,PLAIN LOCAL,1,1
2012,3904994,049940,SANDY VALLEY LOCAL,1,1
2012,3904995,049957,TUSLAW LOCAL,1,1
2012,3904996,049965,SUMMIT COUNTY ESC,4,1
2012,3904997,049973,WOODRIDGE LOCAL,1,1
2012,3904998,049981,COPLEY-FAIRLAWN CITY,1,1
2012,3904999,049999,COVENTRY LOCAL,1,1
2012,3905000,050005,MANCHESTER LOCAL,1,1
2012,3905001,050013,GREEN LOCAL,1,1
2012,3905002,050021,HUDSON CITY,1,1
2012,3905003,050039,MOGADORE LOCAL,1,1
2012,3905004,050047,NORDONIA HILLS CITY,1,1
2012,3905005,050054,REVERE LOCAL,1,1
2012,3905006,050062,SPRINGFIELD LOCAL,1,1
2012,3905007,050070,TWINSBURG CITY,1,1
2012,3905008,050088,TRUMBULL COUNTY ESC,4,1
2012,3905009,050096,BLOOMFIELD-MESPO LOCAL,1,1
2012,3905011,050112,BRISTOL LOCAL,1,1
2012,3905012,050120,BROOKFIELD LOCAL,1,1
2012,3905013,050138,CHAMPION LOCAL,1,1
2012,3905015,050153,MATHEWS LOCAL,1,1
2012,3905016,050161,HOWLAND LOCAL,1,1
2012,3905017,050179,JOSEPH BADGER LOCAL,1,1
2012,3905018,050187,LAKEVIEW LOCAL,1,1
2012,3905019,050195,LIBERTY LOCAL,1,1
2012,3905020,050203,LORDSTOWN LOCAL,1,1
2012,3905021,050211,MAPLEWOOD LOCAL,1,1
2012,3905022,050229,MCDONALD LOCAL,1,1
2012,3905023,050237,SOUTHINGTON LOCAL,1,1
2012,3905024,050245,LABRAE LOCAL,1,1
2012,3905025,050252,WEATHERSFIELD LOCAL,1,1
2012,3905026,050260,EAST CENTRAL OHIO ESC,4,1
2012,3905027,050278,GARAWAY LOCAL,1,1
2012,3905028,050286,INDIAN VALLEY LOCAL SCHOOLS,1,1
2012,3905029,050294,STRASBURG-FRANKLIN LOCAL,1,1
2012,3905030,050302,TUSCARAWAS VALLEY LOCAL,1,1
2012,3905032,050328,FAIRBANKS LOCAL,1,1
2012,3905033,050336,NORTH UNION LOCAL,1,1
2012,3905035,050351,CRESTVIEW LOCAL,1,1
2012,3905039,050393,VINTON COUNTY LOCAL,1,1
2012,3905040,050401,WARREN COUNTY ESC,4,1
2012,3905041,050419,CARLISLE LOCAL,1,1
2012,3905042,050427,SPRINGBORO COMMUNITY CITY,1,1
2012,3905043,050435,KINGS LOCAL,1,1
2012,3905044,050443,LITTLE MIAMI LOCAL,1,1
2012,3905045,050450,MASON CITY SCHOOL DISTRICT,1,1
2012,3905046,050468,WAYNE LOCAL,1,1
2012,3905048,050484,FORT FRYE LOCAL,1,1
2012,3905049,050492,FRONTIER LOCAL,1,1
2012,3905051,050518,WOLF CREEK LOCAL,1,1
2012,3905052,050526,TRI-COUNTY ESC,4,1
2012,3905053,050534,CHIPPEWA LOCAL,1,1
2012,3905054,050542,DALTON LOCAL,1,1
2012,3905055,050559,GREEN LOCAL,1,1
2012,3905056,050567,NORWAYNE LOCAL,1,1
2012,3905058,050583,SOUTHEAST LOCAL,1,1
2012,3905059,050591,TRIWAY LOCAL,1,1
2012,3905061,050617,EDGERTON LOCAL,1,1
2012,3905062,050625,EDON-NORTHWEST LOCAL,1,1
2012,3905063,050633,MILLCREEK-WEST UNITY LOCAL,1,1
2012,3905064,050641,NORTH CENTRAL LOCAL,1,1
2012,3905065,050658,STRYKER LOCAL,1,1
2012,3905066,050666,WOOD COUNTY ESC,4,1
2012,3905067,050674,EASTWOOD LOCAL,1,1
2012,3905068,050682,ELMWOOD LOCAL,1,1
2012,3905069,050690,LAKE LOCAL,1,1
2012,3905070,050708,NORTH BALTIMORE LOCAL,1,1
2012,3905071,050716,NORTHWOOD LOCAL SCHOOLS,1,1
2012,3905072,050724,OTSEGO LOCAL,1,1
2012,3905074,050740,MOHAWK LOCAL,1,1
2012,3905077,050773,APOLLO,4,1
2012,3905079,050799,SOUTHERN HILLS,4,1
2012,3905081,050815,ASHTABULA COUNTY TECHNICAL AND CAREER CENTER,4,1
2012,3905085,050856,BELMONT-HARRISON,4,1
2012,3905088,050880,BUTLER TECHNOLOGY & CAREER DEVELOPMENT SCHOOLS,4,1
2012,3905090,050906,COLUMBIANA COUNTY,4,1
2012,3905092,050922,CUYAHOGA VALLEY CAREER CENTER,4,1
2012,3905094,050948,POLARIS,4,1
2012,3905096,050963,FOUR COUNTY CAREER CENTER,4,1
2012,3905098,050989,DELAWARE AREA CAREER CENTER,4,1
2012,3905100,051003,EASTLAND-FAIRFIELD CAREER/TECH,4,1
2012,3905102,051029,EHOVE CAREER CENTER,4,1
2012,3905104,051045,GREENE COUNTY JT VOC SD,4,1
2012,3905106,051060,GREAT OAKS INST OF TECHNOLOGY,4,1
2012,3905112,051128,JEFFERSON COUNTY,4,1
2012,3905114,051144,KNOX COUNTY JVSD,4,1
2012,3905116,051169,AUBURN,4,1
2012,3905118,051185,LAWRENCE COUNTY,4,1
2012,3905120,051201,CAREER AND TECHNOLOGY EDUCATIONAL CENTERS,4,1
2012,3905122,051227,LORAIN COUNTY JVS,4,1
2012,3905124,051243,MAHONING CO CAREER & TECH CTR,4,1
2012,3905128,051284,MIAMI VALLEY CAREER TECH,4,1
2012,3905130,051300,MID-EAST CAREER AND TECHNOLOGY CENTERS,4,1
2012,3905133,051334,OHIO HI-POINT CAREER CENTER,4,1
2012,3905135,051359,PENTA CAREER CENTER,4,1
2012,3905137,051375,PIKE COUNTY AREA,4,1
2012,3905139,051391,MAPLEWOOD CAREER CENTER,4,1
2012,3905141,051417,PIONEER CAREER & TECHNOLOGY,4,1
2012,3905143,051433,PICKAWAY-ROSS COUNTY JVSD,4,1
2012,3905145,051458,VANGUARD-SENTINEL CAREER & TECHNOLOGY CENTERS,4,1
2012,3905147,051474,WARREN COUNTY VOCATIONAL SCHOOL,4,1
2012,3905149,051490,SCIOTO COUNTY CAREER TECHNICAL CENTER,4,1
2012,3905153,051532,SPRINGFIELD-CLARK COUNTY,4,1
2012,3905160,051607,TRI-COUNTY CAREER CENTER,4,1
2012,3905163,051631,TRUMBULL CAREER & TECH CTR,4,1
2012,3905165,051656,BUCKEYE,4,1
2012,3905167,051672,VANTAGE CAREER CENTER,4,1
2012,3905169,051698,WASHINGTON COUNTY,4,1
2012,3905171,051714,WAYNE COUNTY JVSD,4,1
2012,3906190,061903,ADAMS COUNTY/OHIO VALLEY LOCAL,1,1
2012,3906202,062026,STARK COUNTY AREA,4,1
2012,3906204,062042,ASHLAND COUNTY-WEST HOLMES,4,1
2012,3906206,062067,GALLIA-JACKSON-VINTON,4,1
2012,3906210,062109,MEDINA COUNTY JOINT VOCATIONAL SCHOOL DISTRICT,4,1
2012,3906212,062125,UPPER VALLEY,4,1
2012,3906280,062802,U S GRANT,4,1
2012,3906349,063495,PORTAGE LAKES,4,1
2012,3906351,063511,TOLLES CAREER & TECHNICAL CENTER,4,1
2012,3906496,064964,COLLEGE CORNER LOCAL,1,1
2012,3906522,065227,COSHOCTON COUNTY,4,1
2012,3906526,065268,TRI-RIVERS,4,1
2012,3906568,065680,GALLIA COUNTY LOCAL,1,1
2012,3906968,069682,EAST GUERNSEY LOCAL,1,1
2012,3910000,043984,FINDLAY CITY,1,1
2012,3910001,047464,VAN BUREN LOCAL,1,1
2012,3910002,047415,ARCADIA LOCAL,1,1
2012,3910003,044784,SIDNEY CITY,1,1
2012,3910004,049759,ANNA LOCAL,1,1
2012,3910005,049809,JACKSON CENTER LOCAL,1,1
2012,3910006,044735,SALEM CITY,1,1
2012,3910007,045443,LEETONIA EXEMPTED VILLAGE,1,1
2012,3910008,045344,CRESTLINE EXEMPTED VILLAGE,1,1
2012,3910009,044776,SHELBY CITY,1,1
2012,3910010,046920,MIAMI TRACE LOCAL,1,1
2012,3910011,045013,WASHINGTON COURT HOUSE CITY,1,1
2012,3910012,044420,MOUNT VERNON CITY,1,1
2012,3910013,047845,EAST KNOX LOCAL,1,1
2012,3910014,047894,RIVERSIDE LOCAL,1,1
2012,3910015,044628,PAINESVILLE CITY LOCAL,1,1
2012,3910016,046581,ORANGE CITY,1,1
2012,3910017,043562,BEDFORD CITY,1,1
2012,3910018,050500,WARREN LOCAL,1,1
2012,3910019,044321,MARIETTA CITY,1,1
2012,3910020,045302,CLYDE-GREEN SPRINGS EXEMPTED VILLAGE,1,1
2012,3910021,049726,OLD FORT LOCAL,1,1
2012,3910022,050369,LINCOLNVIEW LOCAL,1,1
2012,3910023,044966,VAN WERT CITY,1,1
2012,3910024,045625,UPPER SANDUSKY EXEMPTED VILLAGE,1,1
2012,3910025,044172,KENTON CITY,1,1
2012,3910026,049601,CLAY LOCAL,1,1
2012,3910027,044669,PORTSMOUTH CITY,1,1
2012,3910028,045591,RITTMAN EXEMPTED VILLAGE,1,1
2012,3910029,044974,WADSWORTH CITY,1,1
2012,3910030,043729,CELINA CITY,1,1
2012,3910031,048553,MARION LOCAL,1,1
2012,3910032,045120,WOOSTER CITY,1,1
2012,3910033,050575,NORTHWESTERN LOCAL,1,1
2013,3900001,071530,OHIO SCHOOL FOR THE DEAF,5,1
2013,3900002,071548,OHIO SCHOOL FOR THE BLIND,5,1
2013,3900008,125252,MUSKINGUM VALLEY ESC,4,1
2013,3900009,125658,SOUTH CENTRAL OHIO ESC,4,1
2013,3900011,125674,PERRY-HOCKING ESC,4,2
2013,3900012,125682,GALLIA-VINTON ESC,4,1
2013,3900013,125690,NORTH POINT EDUCATIONAL SERVICE CENTER,4,1
2013,3900014,123281,OHIO VALLEY ESC,4,1
2013,3900015,124297,NORTHWEST OHIO EDUCATIONAL SERVICE CENTER,4,1
2013,3900017,134072,YOUNGSTOWN COMMUNITY SCHOOL,7,1
2013,3900019,134098,CONSTELLATION SCHOOLS: OLD BROOKLYN COMMUNITY ELEMENTARY,7,1
2013,3900022,134122,AUTISM MODEL SCHOOL,7,1
2013,3900023,134148,AURORA ACADEMY,7,1
2013,3900025,134197,GREEN INSPIRATION ACADEMY,7,1
2013,3900027,134213,MIDDLEBURY ACADEMY,7,1
2013,3900028,134221,COLONIAL PREP ACADEMY,7,1
2013,3900029,134247,CITY DAY COMMUNITY SCHOOL,7,1
2013,3900031,133512,CINCINNATI COLLEGE PREPARATORY ACADEMY,7,1
2013,3900032,133520,CITIZENS ACADEMY,7,1
2013,3900033,133538,EDGE ACADEMY  THE,7,1
2013,3900036,133561,MILLENNIUM COMMUNITY SCHOOL,7,1
2013,3900038,133587,SUMMIT ACADEMY AKRON ELEMENTARY SCHOOL,7,1
2013,3900040,133629,HORIZON SCIENCE ACAD CLEVELAND,7,1
2013,3900042,133660,HORIZON SCIENCE ACADEMY COLUMBUS,7,1
2013,3900043,133678,RIVERSIDE ACADEMY,7,1
2013,3900047,133736,RICHARD ALLEN ACADEMY,7,1
2013,3900050,133801,LIFE SKILLS CTR OF YOUNGSTOWN,7,1
2013,3900051,133819,LINCOLN PREPARATORY SCHOOL,7,1
2013,3900052,133835,INVICTUS HIGH SCHOOL,7,1
2013,3900053,133868,TOWPATH TRAIL HIGH SCHOOL,7,1
2013,3900056,133942,TOLEDO SCHOOL FOR THE ARTS,7,1
2013,3900057,133959,DAYTON LEADERSHIP ACADEMIES-DAYTON LIBERTY CAMPUS,7,6
2013,3900063,123257,NORTH CENTRAL OHIO ESC,4,1
2013,3900064,123521,MID-OHIO ESC,4,1
2013,3900065,133215,INTERGENERATIONAL SCHOOL  THE,7,1
2013,3900068,133256,CONSTELLATION SCHOOLS: PARMA COMMUNITY,7,1
2013,3900071,133306,SUMMIT ACADEMY COMMUNITY SCHOOL FOR ALTERNATIVE LEARN-CANTON,7,1
2013,3900072,133330,T.C.P. WORLD ACADEMY,7,1
2013,3900073,133348,RICHARD ALLEN PREPARATORY,7,1
2013,3900075,133363,QUEST ACADEMY COMMUNITY,7,2
2013,3900077,133389,LIGHTHOUSE COMMUNITY SCH INC,7,1
2013,3900079,133413,ELECTRONIC CLASSROOM OF TOMORROW,7,1
2013,3900080,133421,GRAHAM SCHOOL  THE,7,1
2013,3900081,133439,CORNERSTONE ACADEMY COMMUNITY,7,1
2013,3900083,133454,DAYTON LEADERSHIP ACADEMIES-DAYTON VIEW CAMPUS,7,1
2013,3900084,133488,LIFE SKILLS OF TRUMBULL COUNTY,7,1
2013,3900086,133785,LIFE SKILLS CTR OF CINCINNATI,7,1
2013,3900089,134288,EAST END COMM HERITAGE SCHOOL,7,1
2013,3900090,134999,WESTERN BUCKEYE ESC,4,1
2013,3900091,135145,ATHENS-MEIGS ESC,4,1
2013,3900092,137364,MADISON-CHAMPAIGN ESC,4,1
2013,3900093,138222,ROSS-PIKE ESC,4,1
2013,3900094,139303,MONROE LOCAL SCHOOL DISTRICT,1,1
2013,3900096,132746,SUMMIT ACDY COMM SCHL FOR ALTERNATIVE LEARNERS OF MIDDLETOWN,7,1
2013,3900097,132761,SUMMIT ACADEMY COMMUNITY SCHOOL ALTERNATIVE LEARNERS -XENIA,7,1
2013,3900098,132779,SUMMIT ACADEMY AKRON MIDDLE SCHOOL,7,1
2013,3900099,132787,SPRINGFIELD ACADEMY OF EXCELLENCE,7,1
2013,3900100,132795,CLIFF PARK HIGH SCHOOL,7,1
2013,3900101,132803,MARSHALL HIGH SCHOOL,7,1
2013,3900102,132951,CONSTELLATION SCHOOLS: LORAIN COMMUNITY ELEMENTARY,7,1
2013,3900103,132969,CONSTELLATION SCHOOLS: ELYRIA COMMUNITY,7,1
2013,3900104,132985,YOUTHBUILD COLUMBUS COMMUNITY,7,1
2013,3900105,132993,CONSTELLATION SCHOOLS: WESTPARK COMMUNITY ELEMENTARY,7,1
2013,3900106,133264,DOHN COMMUNITY,7,1
2013,3900107,133280,WASHINGTON PARK COMMUNITY,7,1
2013,3900109,133322,SUMMIT ACADEMY COMMUNITY SCHOOL ALTERNATIVE LEARNERS-LORAIN,7,1
2013,3900113,133504,PHOENIX COMMUNITY LEARNING CTR,7,1
2013,3900117,143297,THE AUTISM ACADEMY OF LEARNING,7,1
2013,3900118,143305,TRECA DIGITAL ACADEMY,7,1
2013,3900119,143313,WEST PREPARATORY ACADEMY,7,1
2013,3900120,143552,EAGLE ACADEMY,7,1
2013,3900121,143602,HAMILTON CNTY MATH & SCIENCE,7,1
2013,3900122,143636,WORLD COLLEGIATE PREPARATORY SCHOOL,7,2
2013,3900123,143644,SCIOTOVILLE,7,1
2013,3900125,000125,POLLY FOX ACADEMY COMMUNITY SCHOOL,7,1
2013,3900126,000130,PHOENIX ACADEMY COMMUNITY SCHOOL,7,1
2013,3900127,000131,GLASS CITY ACADEMY,7,1
2013,3900129,000138,PATHWAY SCHOOL OF DISCOVERY,7,1
2013,3900130,000139,ALLIANCE ACADEMY OF CINCINNATI,7,1
2013,3900133,000162,NEWARK DIGITAL ACADEMY,7,1
2013,3900134,000195,HOPE ACADEMY EAST CAMPUS,7,2
2013,3900135,000197,HAMILTON ALTERNATIVE ACADEMY,7,1
2013,3900138,000222,WILDWOOD ENVIRONMENTAL ACADEMY,7,1
2013,3900145,148981,TOMORROW CENTER,7,1
2013,3900146,148999,MAHONING UNLIMITED CLASSROOM,7,1
2013,3900151,149047,GOAL DIGITAL ACADEMY,7,1
2013,3900152,149054,AKRON DIGITAL ACADEMY,7,1
2013,3900153,149062,URBANA COMMUNITY SCHOOL,7,1
2013,3900155,149088,FAIRBORN DIGITAL ACADEMY,7,1
2013,3900172,149260,CANTON LOCAL DIGITAL ACADEMY,7,6
2013,3900175,142901,LIFE SKILLS CENTER  OF CANTON,7,1
2013,3900176,142919,LIFE SKILLS CENTER OF ELYRIA,7,1
2013,3900177,142927,FOCUS LEARNING ACADEMY OF SOUTHWEST COLUMBUS,7,1
2013,3900178,142935,FOCUS LEARNING ACADEMY OF SOUTHEASTERN COLUMBUS,7,1
2013,3900179,142943,FOCUS LEARNING ACADEMY OF NORTHERN COLUMBUS,7,1
2013,3900180,142950,OHIO VIRTUAL ACADEMY,7,1
2013,3900181,142968,HOPE ACADEMY NORTHCOAST,7,1
2013,3900183,142984,LANCASTER DIGITAL ACADEMY,7,2
2013,3900184,143115,MOUND STREET IT CAREERS ACADEMY,7,1
2013,3900185,143123,MOUND STREET MILITARY CAREERS ACADEMY,7,1
2013,3900186,143131,MOUND STREET HEALTH CAREERS ACADMY,7,1
2013,3900189,143164,LIFE SKILLS CENTER OF HAMILTON COUNTY,7,1
2013,3900190,143172,INTERNATIONAL ACAD OF COLUMBUS,7,1
2013,3900192,143198,GREAT WESTERN ACADEMY,7,1
2013,3900193,143206,TROTWOOD FITNESS & PREP ACAD,7,1
2013,3900194,143214,MIDDLETOWN FITNESS & PREP ACAD,7,1
2013,3900199,143354,THE ISUS INSTITUTE OF HEALTH CARE,7,6
2013,3900203,143396,ALTERNATIVE EDUCATION ACADEMY,7,1
2013,3900205,143412,CRITTENTON COMMUNITY SCHOOL,7,2
2013,3900209,143453,MOLLIE KESSLER,7,1
2013,3900211,143479,CONSTELLATION SCHOOLS: PURITAS COMMUNITY ELEMENTARY,7,1
2013,3900212,143487,CONSTELLATION SCHOOLS: STOCKYARD COMMUNITY ELEMENTARY,7,1
2013,3900213,143495,CONSTELLATION SCHOOLS: MANSFIELD COMMUNITY ELEMENTARY,7,1
2013,3900214,143503,LAKE ERIE ACADEMY,7,1
2013,3900216,143529,NORTH DAYTON SCHOOL OF SCIENCE & DISCOVERY,7,1
2013,3900217,143537,VIRTUAL COMMUNITY SCHOOL OF OHIO,7,1
2013,3900219,143560,RICHARD ALLEN ACADEMY II,7,1
2013,3900220,143578,RICHARD ALLEN ACADEMY III,7,1
2013,3900223,143610,ARTS & COLLEGE PREPARATORY ACADEMY,7,1
2013,3900226,148916,MARION CITY DIGITAL ACADEMY,7,1
2013,3900228,148932,FRANKLIN LOCAL COMMUNITY SCHOOL,7,1
2013,3900231,149302,LIFE SKILLS CENTER OF TOLEDO,7,1
2013,3900233,149328,FOXFIRE HIGH SCHOOL,7,1
2013,3900234,149336,SOUTHWEST LICKING DIGITAL ACAD,7,1
2013,3900237,060988,BUCKEYE UNITED SCHOOL DISTRICT,5,1
2013,3900238,065201,OHIO CENTRAL SCHOOL SYSTEM,5,1
2013,3900241,132944,MIAMI VALLEY ACADEMIES,7,1
2013,3900250,000236,OHIO CONNECTIONS ACADEMY  INC,7,1
2013,3900252,000241,QUAKER DIGITAL ACADEMY,7,1
2013,3900259,149427,MASSILLON DIGITAL ACADEMY  INC,7,1
2013,3900262,151027,LONDON ACADEMY,7,1
2013,3900263,151035,PLEASANT COMMUNITY DIGITAL,7,1
2013,3900264,151043,RIVER VALLEY ACADEMY,7,2
2013,3900266,151076,CARDINGTON LINCOLN LOCAL DIGITAL ACADEMY,7,1
2013,3900273,151142,LORAIN K-12 DIGITAL ACADEMY,7,1
2013,3900275,151167,RIDGEDALE COMMUNITY SCHOOL,7,1
2013,3900276,151175,WEST CENTRAL LEARNING ACADEMY II,7,1
2013,3900277,151183,LAKE ERIE INTERNATIONAL HIGH SCHOOL,7,1
2013,3900278,151191,LIFE SKILLS CENTER OF SUMMIT COUNTY,7,1
2013,3900279,151209,LIFE SKILLS OF NORTHEAST OHIO,7,1
2013,3900282,151233,LAKEWOOD DIGITAL ACADEMY,7,1
2013,3900285,000525,PROJECT REBUILD COMMUNITY SCHOOL,7,1
2013,3900286,000527,CLEVELAND ACADEMY FOR SCHOLARSHIP TECHNOLOGY AND LEADERSHIP,7,1
2013,3900291,000534,CONSTELLATION SCHOOLS: PURITAS COMMUNITY MIDDLE,7,1
2013,3900297,000541,CONSTELLATION SCHOOLS: OUTREACH ACADEMY FOR STUDENTS WITH DI,7,1
2013,3900299,000543,PINNACLE ACADEMY,7,1
2013,3900302,000546,WINTERFIELD VENTURE ACADEMY,7,1
2013,3900304,000553,COLUMBUS HUMANITIES  ARTS AND TECHNOLOGY ACADEMY,7,1
2013,3900305,000556,A+ ARTS ACADEMY,7,1
2013,3900306,000557,COLUMBUS ARTS & TECHNOLOGY ACADEMY,7,1
2013,3900307,000558,COLUMBUS PREPARATORY ACADEMY,7,1
2013,3900308,000559,ORION ACADEMY,7,1
2013,3900309,000560,APEX ACADEMY,7,1
2013,3900311,000564,VIRTUAL SCHOOLHOUSE  INC.,7,1
2013,3900313,000575,HOPE ACADEMY NORTHWEST CAMPUS,7,1
2013,3900314,000576,KING ACADEMY COMMUNITY SCHOOL,7,1
2013,3900315,000577,EMERSON ACADEMY,7,1
2013,3900321,000585,FCI ACADEMY,7,1
2013,3900331,000598,COSHOCTON OPPORTUNITY SCHOOL,7,1
2013,3900337,000608,SUMMIT ACADEMY TRANSITION HIGH SCHOOL-CINCINNATI,7,1
2013,3900338,000609,SUMMIT ACADEMY MIDDLE SCHOOL - LORAIN,7,1
2013,3900339,000610,SUMMIT ACADEMY MIDDLE SCHOOL - COLUMBUS,7,1
2013,3900341,000613,HEIR FORCE COMMUNITY SCHOOL,7,1
2013,3900342,000614,SUMMIT ACADEMY TRANSITION HIGH SCHOOL-COLUMBUS,7,1
2013,3900344,000616,SUMMIT ACADEMY ALTERNATIVE LEARNERSWARREN MIDDLE & SECONDARY,7,1
2013,3900348,000621,SUMMIT ACADEMY TRANSITION HIGH SCHOOL DAYTON,7,1
2013,3900350,000623,SUMMIT ACADEMY-YOUNGSTOWN,7,1
2013,3900356,000629,SUMMIT ACADEMY COMMUNITY SCHOOL - PAINESVILLE,7,1
2013,3900360,000633,SUMMIT ACADEMY TOLEDO LEARNING CENTER,7,1
2013,3900361,000634,SUMMIT ACADEMY SECONDARY SCHOOL - MIDDLETOWN,7,1
2013,3900366,000640,RITTMAN ACADEMY,7,1
2013,3900377,000652,FIVE R'S ACADEMY,7,6
2013,3900381,000664,LIFE SKILLS CENTER OF COLUMBUS SOUTHEAST,7,1
2013,3900382,000677,NEW DAY ACADEMY BOARDING & DAY SCHOOL,7,1
2013,3900383,000679,OAKSTONE COMMUNITY SCHOOL,7,1
2013,3900385,147231,SCHNEE LEARNING CENTER,7,1
2013,3900396,000725,ZENITH ACADEMY,7,1
2013,3900399,000736,PHOENIX VILLAGE ACADEMY PRIMARY 2,7,1
2013,3900400,000738,PHOENIX VILLAGE ACADEMY: SECONDARY I,7,1
2013,3900402,000740,PHOENIX VILLAGE ACADEMY PRIMARY 1,7,6
2013,3900404,000743,PSCHTECIN PUBLIC SCHOOL,7,6
2013,3900428,000770,MARITIME ACADEMY OF TOLEDO  THE,7,1
2013,3900433,000777,EDUCATIONAL ACADEMY AT LINDEN,7,2
2013,3900434,000779,EDUCATIONAL ACADEMY FOR BOYS & GIRLS,7,1
2013,3900435,000780,MIDNIMO CROSS CULTURAL COMMUNITY SCHOOL,7,1
2013,3900436,000781,CINCINNATI SPEECH & READING INTERVENTION CENTER,7,1
2013,3900438,000784,ACADEMY OF COLUMBUS,7,2
2013,3900441,000804,HORIZON SCIENCE ACADEMY-CINCINNATI,7,1
2013,3900444,000808,HORIZON SCIENCE ACADEMY-DAYTON,7,1
2013,3900448,000813,LIFE SKILLS CENTER OF DAYTON,7,1
2013,3900451,000825,HORIZON SCIENCE ACADEMY-SPRINGFIELD,7,1
2013,3900454,000838,HORIZON SCIENCE ACADEMY-DENISON MIDDLE SCHOOL,7,1
2013,3900457,000843,BENNETT VENTURE ACADEMY,7,1
2013,3900467,000855,STAMBAUGH CHARTER ACADEMY,7,1
2013,3900470,000858,HORIZON SCIENCE ACADEMY-CLEVELAND MIDDLE SCHOOL,7,1
2013,3900474,000875,WESTSIDE ACADEMY,7,1
2013,3900478,000905,INTERACTIVE MEDIA & CONSTRUCTION (IMAC),7,1
2013,3900479,000909,V L T ACADEMY,7,1
2013,3900487,000277,SCHOLARTS PREPARATORY AND CAREER CENTER FOR CHILDREN,7,2
2013,3900488,000282,GREATER OHIO VIRTUAL SCHOOL,7,1
2013,3900490,000288,AUGLAIZE COUNTY EDUCATIONAL ACADEMY,7,1
2013,3900492,000296,SUMMIT ACADEMY COMMUNITY SCHOOL-COLUMBUS,7,1
2013,3900493,000297,SUMMIT ACADEMY COMMUNITY SCHOOL - DAYTON,7,1
2013,3900494,000298,SUMMIT ACADEMY SECONDARY - AKRON,7,1
2013,3900495,000300,SUMMIT ACADEMY SECONDARY - CANTON,7,1
2013,3900496,000301,SUMMIT ACADEMY SECONDARY - LORAIN,7,1
2013,3900497,000302,SUMMIT ACADEMY COMMUNITY SCHOOL-PARMA,7,1
2013,3900498,000303,SUMMIT ACADEMY SECONDARY - YOUNGSTOWN,7,1
2013,3900499,000304,SUMMIT ACADEMY COMMUNITY SCHOOL-TOLEDO,7,1
2013,3900500,000305,SUMMIT ACADEMY COMMUNITY SCHOOL-WARREN,7,1
2013,3900501,000306,SUMMIT ACADEMY COMMUNITY SCHOOL - CINCINNATI,7,1
2013,3900502,000311,BRIDGES COMMUNITY ACADEMY,7,1
2013,3900503,000316,CONSTELLATION SCHOOLS: WESTPARK COMMUNITY MIDDLE,7,1
2013,3900505,000318,MENLO PARK ACADEMY,7,1
2013,3900506,000319,CONSTELLATION SCHOOLS: MADISON COMMUNITY ELEMENTARY,7,1
2013,3900507,000320,CONSTELLATION SCHOOLS: LORAIN COMMUNITY MIDDLE,7,1
2013,3900508,000321,CONSTELLATION SCHOOLS: OLD BROOKLYN COMMUNITY MIDDLE,7,1
2013,3900510,000338,HORIZON SCIENCE ACADEMY TOLEDO,7,1
2013,3900514,000360,MIAMISBURG SECONDARY ACADEMY,7,1
2013,3900523,000392,MANSFIELD ENHANCEMENT ACADEMY,7,1
2013,3900525,000396,MANSFIELD ELECTIVE ACADEMY,7,1
2013,3900528,000402,FINDLAY DIGITAL ACADEMY,7,1
2013,3900530,000417,BUCKEYE ON-LINE SCHOOL FOR SUCCESS,7,1
2013,3900533,000420,COLUMBUS BILINGUAL ACADEMY,7,1
2013,3900534,000426,LANCASTER FAIRFIELD COMMUNITY SCHOOL,7,1
2013,3900537,000442,MANCHESTER LOCAL,1,1
2013,3900538,000445,GENERAL CHAPPIE JAMES LEADERSHIP ACADEMY,7,1
2013,3900544,000481,P.A.C.E. HIGH SCHOOL,7,1
2013,3900550,000509,WHITEHALL PREPARATORY AND FITNESS ACADEMY,7,1
2013,3900551,000510,SPRINGFIELD PREPARATORY AND FITNESS ACADEMY,7,1
2013,3900552,000511,NORTHLAND PREPARATORY AND FITNESS ACADEMY,7,1
2013,3900557,000930,CLEVELAND ENTREPRENEURSHIP PREPARATORY SCHOOL,7,1
2013,3900562,000936,PROMISE ACADEMY,7,1
2013,3900564,000938,PREMIER ACADEMY OF OHIO,7,1
2013,3900567,000941,PAR EXCELLENCE ACADEMY,7,1
2013,3900568,000942,LAKEWOOD CITY ACADEMY,7,1
2013,3900569,000946,CLEVELAND COMMUNITY SCHOOL,7,1
2013,3900572,000949,VILLAVIEW COMMUNITY SCHOOL,7,1
2013,3900573,000951,TOLEDO PREPARATORY AND FITNESS ACADEMY,7,1
2013,3900574,000952,COLUMBUS PREPARATORY AND FITNESS ACADEMY,7,1
2013,3900575,000953,MT. HEALTHY PREPARATORY AND FITNESS ACADEMY,7,1
2013,3900580,007984,YOUNGSTOWN ACADEMY OF EXCELLENCE,7,1
2013,3900584,007995,CLEVELAND ARTS AND SOCIAL SCIENCES ACADEMY,7,1
2013,3900585,007998,CENTER FOR STUDENT ACHIEVEMENT,7,1
2013,3900586,007999,CHARLES SCHOOL AT OHIO DOMINICAN UNIVERSITY,7,1
2013,3900587,008000,MANSFIELD PREPARATORY ACADEMY OF EXCELLENCE,7,1
2013,3900592,008061,ARTS AND SCIENCE PREPARATORY ACADEMY,7,1
2013,3900593,008063,LIFE SKILLS CENTER OF NORTH AKRON,7,1
2013,3900594,008064,ACADEMY OF ARTS AND SCIENCES,7,1
2013,3900595,008065,IMANI LEARNING ACADEMY,7,1
2013,3900596,008066,LION OF JUDAH ACADEMY,7,2
2013,3900638,000912,EARLY COLLEGE ACADEMY,7,1
2013,3900639,008251,MAHONING VALLEY OPPORTUNITY CENTER,7,1
2013,3900640,008287,GROVEPORT COMMUNITY SCHOOL,7,1
2013,3900641,008286,HARVARD AVENUE COMMUNITY SCHOOL,7,1
2013,3900642,008283,DAYTON TECHNOLOGY DESIGN HIGH SCHOOL,7,1
2013,3900643,008282,LIFE SKILLS CENTER OF COLUMBUS NORTH,7,1
2013,3900644,008281,SOUTH SCIOTO ACADEMY,7,1
2013,3900645,008280,NOBLE ACADEMY-COLUMBUS,7,1
2013,3900646,008278,NOBLE ACADEMY-CLEVELAND,7,1
2013,3900647,008289,EAGLE LEARNING CENTER,7,1
2013,3901296,009181,CLAY AVENUE COMMUNITY SCHOOL,7,1
2013,3901298,009171,STAR ACADEMY OF TOLEDO,7,1
2013,3901301,009192,FOUNDATION ACADEMY,7,1
2013,3901302,009283,DAYTON EARLY COLLEGE ACADEMY  INC,7,1
2013,3901305,009122,COLUMBUS COLLEGIATE ACADEMY,7,1
2013,3901308,009162,BRIDGE ACADEMY OF OHIO,7,6
2013,3901312,009154,CINCINNATI LEADERSHIP ACADEMY,7,1
2013,3901313,009164,CENTRAL ACADEMY OF OHIO,7,1
2013,3901314,009148,ZANESVILLE COMMUNITY SCHOOL,7,1
2013,3901317,009163,C.M. GRANT LEADERSHIP ACADEMY,7,1
2013,3901319,009147,NORTHPOINTE ACADEMY,7,1
2013,3901322,009179,HORIZON SCIENCE ACADEMY COLUMBUS MIDDLE SCHOOL,7,1
2013,3901325,009165,GAHANNA COMMUNITY SCHOOL,7,2
2013,3901326,009149,CONSTELLATION SCHOOLS: WESTSIDE COMMUNITY SCHOOL OF THE ARTS,7,1
2013,3901327,009178,ROMIG ROAD COMMUNITY SCHOOL,7,2
2013,3901329,009996,MAHONING COUNTY HIGH SCHOOL,7,1
2013,3901330,009997,KIPP:  JOURNEY ACADEMY,7,1
2013,3901331,010005,HORIZON SCIENCE ACADEMY CLEVELAND ELEMENTARY SCHOOL,7,1
2013,3901332,010006,KNIGHT ACADEMY,7,1
2013,3901333,010007,HORIZON SCIENCE ACADEMY DENISON ELEMENTARY SCHOOL,7,1
2013,3901335,010036,CESAR CHAVEZ COLLEGE PREPARATORY SCHOOL,7,1
2013,3901336,010180,MOUNT AUBURN INTERNATIONAL ACADEMY,7,1
2013,3901337,010182,PERFORMANCE ACADEMY EASTLAND,7,1
2013,3901339,010205,L. HOLLINGWORTH SCHOOL FOR TALENTED AND GIFTED,7,1
2013,3901340,009909,CONSTELLATION SCHOOLS: MANSFIELD COMMUNITY MIDDLE,7,1
2013,3901344,009953,SULLIVANT AVENUE COMMUNITY SCHOOL,7,1
2013,3901345,009954,HARRISBURG PIKE COMMUNITY SCHOOL,7,1
2013,3901346,009955,MADISON AVENUE SCHOOL OF ARTS,7,1
2013,3901347,009957,KLEPINGER COMMUNITY SCHOOL,7,1
2013,3901348,009964,SCIOTOVILLE ELEMENTARY ACADEMY,7,1
2013,3901350,009971,ASHLAND COUNTY COMMUNITY ACADEMY,7,1
2013,3901353,009990,HORIZON SCIENCE ACADEMY ELEMENTARY SCHOOL,7,1
2013,3901354,011439,RENAISSANCE ACADEMY,7,1
2013,3901356,011444,RUSHMORE ACADEMY,7,1
2013,3901358,011470,A.B. GRAHAM ACADEMY,7,1
2013,3901359,011479,LIFELINKS COMMUNITY SCHOOL,7,1
2013,3901361,011487,FALCON ACADEMY OF CREATIVE ARTS,7,1
2013,3901362,011507,ACHIEVE CAREER PREPARATORY ACADEMY,7,1
2013,3901363,011511,LAKELAND ACADEMY COMMUNITY SCHOOL,7,1
2013,3901364,011530,L.E.A.D. ACADEMY,7,6
2013,3901365,011533,HORIZON SCIENCE ACADEMY LORAIN,7,1
2013,3901366,011534,HORIZON SCIENCE ACADEMY DAYTON HIGH SCHOOL,7,1
2013,3901368,011291,VILLAGE PREPARATORY SCHOOL,7,1
2013,3901369,011381,GREATER SUMMIT COUNTY EARLY LEARNING CENTER,7,1
2013,3901370,011390,BELLA ACADEMY OF EXCELLENCE,7,1
2013,3901371,011434,L.E.A.R.N. ACADEMY,7,6
2013,3901372,011436,PLEASANT EDUCATION ACADEMY,7,1
2013,3901374,011506,DAYTON REGIONAL STEM SCHOOL,1,1
2013,3901375,011468,COLUMBUS BILINGUAL ACADEMY-NORTH,7,1
2013,3901376,011923,NORTHEAST OHIO COLLEGE PREPARATORY SCHOOL,7,1
2013,3901377,011947,IMAGINE AKRON ACADEMY,7,1
2013,3901378,011956,EVEREST HIGH SCHOOL,7,1
2013,3901381,011967,RICHLAND ACADEMY SCHOOL OF EXCELLENCE,7,1
2013,3901382,011972,GRAHAM EXPEDITIONARY MIDDLE SCHOOL,7,1
2013,3901383,011976,HORIZON SCIENCE ACADEMY DAYTON DOWNTOWN,7,1
2013,3901388,011985,THEODORE ROOSEVELT PUBLIC COMMUNITY SCHOOL,7,1
2013,3901389,011986,HORIZON SCIENCE ACADEMY YOUNGSTOWN,7,1
2013,3901390,011987,HORIZON SCIENCE ACADEMY TOLEDO DOWNTOWN,7,1
2013,3901393,012000,CRUISER ACADEMY,7,1
2013,3901394,012002,COLLEGE HILL LEADERSHIP ACADEMY,7,2
2013,3901396,012009,ZENITH ACADEMY EAST,7,1
2013,3901397,012010,CLEVELAND COLLEGE PREPARATORY SCHOOL,7,1
2013,3901398,012011,COLUMBUS PERFORMANCE ACADEMY,7,1
2013,3901402,012024,NOTTEN SCHOOL FOR SCIENCE  TECHNOLOGY  ENGINEERING AND MATHE,7,6
2013,3901403,012025,CONSTELLATION SCHOOLS: STOCKYARD COMMUNITY MIDDLE,7,1
2013,3901405,012030,NEAR WEST INTERGENERATIONAL SCHOOL,7,1
2013,3901406,012031,ENTREPRENEURSHIP PREPARATORY SCHOOL - WOODLAND HILLS CAMPUS,7,1
2013,3901407,012033,FOXFIRE INTERMEDIATE SCHOOL,7,1
2013,3901409,012036,THURGOOD MARSHALL HIGH SCHOOL,7,1
2013,3901410,012037,NEW BEGINNINGS ACADEMY,7,6
2013,3901411,012038,LANGSTON HUGHES HIGH SCHOOL,7,1
2013,3901412,012040,ROAD TO SUCCESS ACADEMY,7,1
2013,3901413,012041,THE ARCH ACADEMY,7,6
2013,3901414,012042,GEORGE V. VOINOVICH RECLAMATION ACADEMY,7,1
2013,3901415,012043,FREDERICK DOUGLASS RECLAMATION ACADEMY,7,1
2013,3901416,012044,CAPITAL HIGH SCHOOL,7,1
2013,3901417,012045,PATRIOT PREPARATORY ACADEMY,7,1
2013,3901419,012052,IMAGINE ON SUPERIOR,7,1
2013,3901420,012054,NORTH CENTRAL ACADEMY,7,1
2013,3901424,012078,QUEST COMMUNITY SCHOOL,7,1
2013,3901425,012090,ACADEMY OF NEW MEDIA MIDDLE,7,2
2013,3901427,012105,SOUTHSIDE ACADEMY,7,1
2013,3901428,012060,AKROS MIDDLE SCHOOL,7,1
2013,3901429,011324,HARDIN COMMUNITY SCHOOL,7,1
2013,3901430,012684,BROADWAY ACADEMY,7,1
2013,3901431,012540,MUSKINGUM VALLEY STEMM ACADEMY,7,2
2013,3901432,012671,CONSTELLATION SCHOOLS: EASTSIDE ARTS ACADEMY,7,1
2013,3901433,012528,THE ACADEMY FOR URBAN SCHOLARS,7,1
2013,3901434,012644,STEAM ACADEMY OF WARREN,7,1
2013,3901435,012608,YOUTH EXPERIENCING SUCCESS,7,2
2013,3901436,012629,GREAT EXPECTATIONS ELEMENTARY SCHOOL,7,1
2013,3901437,011948,IMAGINE CLEVELAND ACADEMY,7,1
2013,3901438,012911,THE GATEHOUSE SCHOOL,7,2
2013,3901439,012626,OAK LEADERSHIP INSTITUTE,7,1
2013,3901440,012683,ACCELERATED ACHIEVEMENT ACADEMY OF NORTH CINCINNATI,7,1
2013,3901441,012557,WOODLAND ACADEMY,7,1
2013,3901442,012497,PICKERINGTON COMMUNITY SCHOOL,7,1
2013,3901444,012029,CITIZENS LEADERSHIP ACADEMY,7,1
2013,3901445,012628,IMAGINE INTEGRITY ACADEMY,7,1
2013,3901446,012543,O.N.E. ACADEMY  THE,7,2
2013,3901447,012536,UBAH MATH & READING ACADEMY,7,1
2013,3901448,012670,GCESC COMMUNITY SCHOOL,7,2
2013,3901449,012513,CINCINNATI COLLEGE PREPARATORY ACADEMY EAST,7,1
2013,3901450,012867,TOWNSEND NORTH COMMUNITY SCHOOL,7,1
2013,3901451,012529,FOCUS NORTH HIGH SCHOOL,7,1
2013,3901452,012631,IMPACT ACADEMY CINCINNATI,7,1
2013,3901453,012026,CONSTELLATION SCHOOLS: COLLINWOOD VILLAGE ACADEMY,7,1
2013,3901454,012627,STEAM ACADEMY OF AKRON,7,1
2013,3901455,012685,STEVE SANDERS ACADEMY  THE,7,6
2013,3901456,012556,PEARL ACADEMY,7,1
2013,3901457,012541,UNIVERSITY OF CLEVELAND PREPARATORY SCHOOL,7,1
2013,3901458,012681,LEADERSHIP ACADEMY OF MATHEMATICS & SCIENCE FOCUS,7,2
2013,3901459,009121,NEW DIRECTIONS ACADEMY,7,2
2013,3901460,012624,ACCELERATED ACHIEVEMENT ACADEMY OF EAST CINCINNATI,7,1
2013,3901461,012570,LEADERSHIP ACADEMY OF MATHEMATICS & SCIENCE OF CINCINNATI,7,6
2013,3901462,012668,GARFIELD ACADEMY,7,1
2013,3901463,012501,BEACON HILL ACADEMY,7,1
2013,3901464,012610,GAIN PRODUCTIVE SKILLS ACADEMY,7,2
2013,3901465,012558,GLOBAL VILLAGE ACADEMY,7,1
2013,3901466,012545,IMAGINE WOODBURY ACADEMY,7,1
2013,3901467,013200,NEXUS ACADEMY OF TOLEDO,7,1
2013,3901468,013082,THE HALEY SCHOOL,7,1
2013,3901469,013163,AKRON ACADEMY OF EXCELLENCE  THE,7,7
2013,3901470,013255,CANTON COLLEGE PREPARATORY SCHOOL,7,3
2013,3901471,013146,STEAM ACADEMY OF DAYTON,7,3
2013,3901472,013249,ACADEMY FOR URBAN SCHOLARS YOUNGSTOWN,7,3
2013,3901473,013170,HOPE ACADEMY FOR AUTISM,7,1
2013,3901474,013239,THE OPEN SCHOOL OF OHIO,7,7
2013,3901475,013175,KIDS UNLIMITED ACADEMY,7,1
2013,3901476,013059,WEST CARROLLTON SECONDARY ACADEMY,7,1
2013,3901477,013332,FIRST TIME LEARNERS ACADEMY,7,2
2013,3901478,012951,COLUMBUS COLLEGIATE ACADEMY - WEST,7,1
2013,3901479,013198,BROOKWOOD ACADEMY,7,1
2013,3901480,013232,A+ CHILDREN'S ACADEMY,7,1
2013,3901481,013080,FOUNDATION ACADEMY OF CLEVELAND,7,7
2013,3901482,013147,STEAM ACADEMY OF WARRENSVILLE HEIGHTS,7,3
2013,3901483,013201,NEXUS ACADEMY OF COLUMBUS,7,1
2013,3901484,013083,BIO-MED SCIENCE ACADEMY,7,2
2013,3901485,013240,CINCINNATI STATE STEM ACADEMY,7,1
2013,3901486,012852,CITIZENS ACADEMY EAST,7,1
2013,3901487,013253,OHIO COLLEGIATE ACADEMY,7,3
2013,3901488,013173,IMAGINE HILL AVENUE,7,1
2013,3901489,013164,BELIEVE TO ACHIEVE-CANTON,7,1
2013,3901490,012391,METRO EARLY COLLEGE HIGH SCHOOL,1,1
2013,3901491,013256,CUYAHOGA VALLEY ACADEMY,7,7
2013,3901492,013180,BAJIM VILLAGE ACADEMY,7,2
2013,3901493,013077,FOUNDATION ACADEMY OF AKRON,7,7
2013,3901494,013204,WALTON INSTITUTE FOR SCHOLARLY EDUCATION,7,2
2013,3901495,013030,GRAHAM PRIMARY SCHOOL,7,1
2013,3901496,013199,NEXUS ACADEMY OF CLEVELAND,7,1
2013,3901497,013081,URBAN PATHWAYS YOUNGSTOWN,7,7
2013,3901498,013148,STEPSTONE ACADEMY,7,1
2013,3901499,013132,LAKE ERIE COLLEGE PREPARATORY SCHOOL,7,1
2013,3901500,013245,YOUNG SCHOLARS PREP SCHOOL - SOUTH,7,7
2013,3901501,013233,SOUTHERN OHIO ACADEMY,7,1
2013,3901502,013195,ACADEMY OF EDUCATIONAL EXCELLENCE,7,1
2013,3901503,013254,AKRON PREPARATORY SCHOOL,7,3
2013,3901504,013174,YOUNG SCHOLARS PREP SCHOOL,7,1
2013,3901505,013034,VILLAGE PREPARATORY SCHOOL:: WOODLAND HILLS CAMPUS,7,1
2013,3901506,013165,BELIEVE TO ACHIEVE-CLEVELAND,7,1
2013,3901507,013320,CAMPBELL SCHOOL FOR GIRLS,7,2
2013,3901508,012924,DECA PREP,7,1
2013,3901509,013079,FOUNDATION ACADEMY OF CANTON,7,7
2013,3901510,013226,LIFE SKILLS HIGH SCHOOL OF CLEVELAND,7,1
2013,3901511,014066,MAIN STREET PREPARATORY ACADEMY,7,3
2013,3901512,014231,BIO-MED SCIENCE ACADEMY STEM SCHOOL,1,3
2013,3901513,013907,PORTAGE PATH PREPARATORY ACADEMY,7,7
2013,3901514,014189,WEST PARK ACADEMY,7,3
2013,3901515,014080,ALADDIN ACADEMY,7,3
2013,3901516,013864,CINCINNATI TECHNOLOGY ACADEMY,7,3
2013,3901517,014130,THE NEXT FRONTIER ACADEMY,7,3
2013,3901518,013914,PEGASUS ACADEMY,7,7
2013,3901519,014005,SECOR GARDENS ACADEMY,7,3
2013,3901520,014091,HOPE LEARNING ACADEMY OF TOLEDO,7,3
2013,3901521,014139,IMAGINE COLUMBUS PRIMARY SCHOOL,7,3
2013,3901522,013967,CINCINNATI LEARNING SCHOOLS,7,3
2013,3901523,014148,PROVOST ACADEMY OHIO,7,3
2013,3901524,014064,WINTON PREPARATORY ACADEMY,7,3
2013,3901525,014190,LIFE SKILLS HIGH SCHOOL OF SPRINGFIELD,7,3
2013,3901526,014187,EAST ACADEMY,7,3
2013,3901527,014061,CHAPELSIDE CLEVELAND ACADEMY,7,3
2013,3901528,011440,WINWIN ACADEMY,7,7
2013,3901529,014467,UNITED PREPARATORY ACADEMY,7,7
2013,3901530,014067,OHIO CONSTRUCTION ACADEMY,7,3
2013,3901531,014094,LAWRENCE COUNTY ACADEMY,7,3
2013,3901532,013909,CLASSICAL ACADEMY OF COLUMBUS GOVENING COUNCIL,7,7
2013,3901533,013892,FRANKLINTON PREPARATORY ACADEMY,7,3
2013,3901534,014081,INSIGHT SCHOOL OF OHIO,7,3
2013,3901535,013930,GLOBAL IMPACT STEM ACADEMY,1,3
2013,3901536,014149,DAYTON SMART ELEMENTARY SCHOOL,7,3
2013,3901537,014051,NORTHMONT SECONDARY ACADEMY,7,3
2013,3901538,014146,OHIO CYBER ACADEMY,7,7
2013,3901539,013994,ALBERT EINSTEIN ACADEMY FOR LETTERS  ARTS AND SCIENCES-OHIO,7,3
2013,3901540,014132,STEAM ACADEMY OF  CINCINNATI,7,3
2013,3901541,014072,OLYMPUS K-12 ONLINE SCHOOL,7,7
2013,3901542,014194,WATKINS ACADEMY,7,3
2013,3901543,014065,LINCOLN PARK ACADEMY,7,3
2013,3901544,013906,MELROSE PREPARATORY ACADEMY,7,7
2013,3901545,014188,DISCOVERY ACADEMY,7,3
2013,3901546,014062,LIFE SKILLS HIGH SCHOOL OF MIDDLETOWN,7,3
2013,3901547,014556,EARLY CAREER ACADEMY OHIO  THE,7,7
2013,3901548,013913,BEACON HILL MIDDLE/HIGH ACADEMY,7,7
2013,3901549,014121,IMAGINE LEADERSHIP ACADEMY,7,3
2013,3901550,014090,BERWYN EAST ACADEMY,7,3
2013,3901551,013962,LIBERTY PREPARATORY SCHOOL,7,3
2013,3901552,014158,CELERITY TENACIA CHARTER SCHOOL,7,3
2013,3901553,014060,BROWN STREET ACADEMY,7,3
2013,3901554,014147,EAST PREPARATORY ACADEMY,7,3
2013,3901555,013999,RISE & SHINE ACADEMY,7,3
2013,3901556,014063,UNIVERSITY ACADEMY,7,3
2013,3901557,014136,MOSAICA ONLINE OF OHIO,7,3
2013,3904348,043489,AKRON CITY,1,1
2013,3904349,043497,ALLIANCE CITY,1,1
2013,3904350,043505,ASHLAND CITY,1,1
2013,3904351,043513,ASHTABULA AREA CITY,1,1
2013,3904352,043521,ATHENS CITY,1,1
2013,3904353,043539,BARBERTON CITY,1,1
2013,3904354,043547,BAY VILLAGE CITY,1,1
2013,3904355,043554,BEACHWOOD CITY,1,1
2013,3904357,043570,BELLAIRE LOCAL,1,1
2013,3904358,043588,BELLEFONTAINE CITY,1,1
2013,3904359,043596,BELLEVUE CITY,1,1
2013,3904360,043612,BEREA CITY,1,1
2013,3904361,043604,BELPRE CITY,1,1
2013,3904362,043620,BEXLEY CITY,1,1
2013,3904363,043638,BOWLING GREEN CITY SCHOOL DISTRICT,1,1
2013,3904364,043646,BRECKSVILLE-BROADVIEW HEIGHTS CITY,1,1
2013,3904365,043653,BROOKLYN CITY,1,1
2013,3904366,043661,BRUNSWICK CITY,1,1
2013,3904367,043679,BRYAN CITY,1,1
2013,3904368,043687,BUCYRUS CITY,1,1
2013,3904369,043695,CAMBRIDGE CITY,1,1
2013,3904370,043703,CAMPBELL CITY,1,1
2013,3904371,043711,CANTON CITY,1,1
2013,3904373,043737,CENTERVILLE CITY,1,1
2013,3904374,043745,CHILLICOTHE CITY,1,1
2013,3904375,043752,CINCINNATI CITY,1,1
2013,3904376,043760,CIRCLEVILLE CITY,1,1
2013,3904377,043778,CLAYMONT CITY,1,1
2013,3904378,043786,CLEVELAND MUNICIPAL,1,1
2013,3904379,043794,CLEVELAND HEIGHTS-UNIVERSITY HEIGHTS CITY,1,1
2013,3904380,043802,COLUMBUS CITY SCHOOL DISTRICT,1,1
2013,3904381,043810,CONNEAUT AREA CITY,1,1
2013,3904382,043828,COSHOCTON CITY,1,1
2013,3904383,043836,CUYAHOGA FALLS CITY,1,1
2013,3904384,043844,DAYTON CITY,1,1
2013,3904385,043851,DEER PARK COMMUNITY CITY,1,1
2013,3904386,043869,DEFIANCE CITY,1,1
2013,3904387,043877,DELAWARE CITY,1,1
2013,3904388,043885,DELPHOS CITY,1,1
2013,3904389,043893,DOVER CITY,1,1
2013,3904390,043901,EAST CLEVELAND CITY SCHOOL DISTRICT,1,1
2013,3904391,043919,EAST LIVERPOOL CITY,1,1
2013,3904392,043927,EAST PALESTINE CITY,1,1
2013,3904393,043935,EATON COMMUNITY CITY,1,1
2013,3904394,043943,ELYRIA CITY SCHOOLS,1,1
2013,3904395,043950,EUCLID CITY,1,1
2013,3904396,043968,FAIRBORN CITY,1,1
2013,3904397,043976,FAIRVIEW PARK CITY,1,1
2013,3904399,043992,FOSTORIA CITY,1,1
2013,3904400,044008,FRANKLIN CITY,1,1
2013,3904401,044016,FREMONT CITY,1,1
2013,3904402,044024,GALION CITY,1,1
2013,3904403,044032,GALLIPOLIS CITY,1,1
2013,3904404,044040,GARFIELD HEIGHTS CITY SCHOOLS,1,1
2013,3904405,044057,GENEVA AREA CITY,1,1
2013,3904406,044065,GIRARD CITY SCHOOL DISTRICT,1,1
2013,3904407,044073,GRANDVIEW HEIGHTS CITY,1,1
2013,3904408,044081,WINTON WOODS CITY,1,1
2013,3904409,044099,GREENVILLE CITY,1,1
2013,3904410,044107,HAMILTON CITY,1,1
2013,3904411,044115,HEATH CITY,1,1
2013,3904412,044123,HILLSBORO CITY,1,1
2013,3904413,044131,HURON CITY SCHOOLS,1,1
2013,3904414,044149,IRONTON CITY,1,1
2013,3904415,044156,JACKSON CITY,1,1
2013,3904416,044164,KENT CITY,1,1
2013,3904418,044180,KETTERING CITY,1,1
2013,3904419,044198,LAKEWOOD CITY,1,1
2013,3904420,044206,LANCASTER CITY,1,1
2013,3904421,044214,LEBANON CITY,1,1
2013,3904422,044222,LIMA CITY,1,1
2013,3904423,044230,LOCKLAND LOCAL,1,1
2013,3904424,044248,LOGAN-HOCKING LOCAL,1,1
2013,3904425,044255,LONDON CITY,1,1
2013,3904426,044263,LORAIN CITY,1,1
2013,3904427,044271,LOVELAND CITY,1,1
2013,3904428,044289,MADEIRA CITY,1,1
2013,3904429,044297,MANSFIELD CITY,1,1
2013,3904430,044305,MAPLE HEIGHTS CITY,1,1
2013,3904431,044313,MARIEMONT CITY,1,1
2013,3904433,044339,MARION CITY,1,1
2013,3904434,044347,MARTINS FERRY CITY,1,1
2013,3904435,044354,MASSILLON CITY,1,1
2013,3904436,044362,MAUMEE CITY,1,1
2013,3904437,044370,MAYFIELD CITY,1,1
2013,3904438,044388,MEDINA CITY SD,1,1
2013,3904439,044396,MIAMISBURG CITY,1,1
2013,3904440,044404,MIDDLETOWN CITY,1,1
2013,3904441,044412,MT HEALTHY CITY,1,1
2013,3904443,044438,NAPOLEON AREA CITY,1,1
2013,3904444,044446,NELSONVILLE-YORK CITY,1,1
2013,3904445,044453,NEWARK CITY,1,1
2013,3904446,044461,NEW BOSTON LOCAL,1,1
2013,3904447,044479,NEW LEXINGTON CITY,1,1
2013,3904448,044487,NEW PHILADELPHIA CITY,1,1
2013,3904449,044495,NILES CITY,1,1
2013,3904450,044503,NORTH CANTON CITY,1,1
2013,3904451,044511,NORTH COLLEGE HILL CITY,1,1
2013,3904452,044529,NORTH OLMSTED CITY,1,1
2013,3904453,044537,NORTH RIDGEVILLE CITY,1,1
2013,3904454,044545,NORTH ROYALTON CITY,1,1
2013,3904455,044552,NORTON CITY,1,1
2013,3904456,044560,NORWALK CITY,1,1
2013,3904457,044578,NORWOOD CITY,1,1
2013,3904458,044586,OAKWOOD CITY,1,1
2013,3904459,044594,OBERLIN CITY SCHOOLS,1,1
2013,3904460,044602,OREGON CITY,1,1
2013,3904461,044610,ORRVILLE CITY,1,1
2013,3904463,044636,PARMA CITY,1,1
2013,3904464,044644,PIQUA CITY,1,1
2013,3904465,044651,PORT CLINTON CITY,1,1
2013,3904467,044677,PRINCETON CITY,1,1
2013,3904468,044685,RAVENNA CITY,1,1
2013,3904469,044693,READING COMMUNITY CITY,1,1
2013,3904470,044701,ROCKY RIVER CITY,1,1
2013,3904471,044719,ST BERNARD-ELMWOOD PLACE CITY,1,1
2013,3904472,044727,ST MARYS CITY,1,1
2013,3904474,044743,SANDUSKY CITY,1,1
2013,3904475,044750,SHAKER HEIGHTS CITY,1,1
2013,3904476,044768,SHEFFIELD-SHEFFIELD LAKE CITY,1,1
2013,3904479,044792,SOUTH EUCLID-LYNDHURST CITY,1,1
2013,3904480,044800,SOUTH-WESTERN CITY,1,1
2013,3904481,044818,SPRINGFIELD CITY,1,1
2013,3904482,044826,STEUBENVILLE CITY,1,1
2013,3904483,044834,STOW-MUNROE FALLS CITY SCHOOL DISTRICT,1,1
2013,3904484,044842,STRONGSVILLE CITY,1,1
2013,3904485,044859,STRUTHERS CITY,1,1
2013,3904486,044867,SYCAMORE COMMUNITY CITY,1,1
2013,3904487,044875,SYLVANIA CITY,1,1
2013,3904488,044883,TALLMADGE CITY,1,1
2013,3904489,044891,TIFFIN CITY,1,1
2013,3904490,044909,TOLEDO CITY,1,1
2013,3904491,044917,TORONTO CITY,1,1
2013,3904492,044925,TROY CITY,1,1
2013,3904493,044933,UPPER ARLINGTON CITY,1,1
2013,3904494,044941,URBANA CITY,1,1
2013,3904495,044958,VANDALIA-BUTLER CITY,1,1
2013,3904498,044982,WAPAKONETA CITY,1,1
2013,3904499,044990,WARREN CITY,1,1
2013,3904500,045005,WARRENSVILLE HEIGHTS CITY,1,1
2013,3904502,045021,WELLSTON CITY,1,1
2013,3904503,045039,WELLSVILLE LOCAL,1,1
2013,3904504,045047,WESTERVILLE CITY,1,1
2013,3904505,045054,WEST CARROLLTON CITY,1,1
2013,3904506,045062,WESTLAKE CITY,1,1
2013,3904507,045070,WHITEHALL CITY,1,1
2013,3904508,045088,WICKLIFFE CITY,1,1
2013,3904509,045096,WILLARD CITY,1,1
2013,3904510,045104,WILLOUGHBY-EASTLAKE CITY,1,1
2013,3904511,045112,WILMINGTON CITY,1,1
2013,3904513,045138,WORTHINGTON CITY,1,1
2013,3904514,045146,WYOMING CITY,1,1
2013,3904515,045153,XENIA COMMUNITY CITY,1,1
2013,3904516,045161,YOUNGSTOWN CITY SCHOOLS,1,1
2013,3904517,045179,ZANESVILLE CITY,1,1
2013,3904518,045187,ADA EXEMPTED VILLAGE,1,1
2013,3904519,045195,AMHERST EXEMPTED VILLAGE,1,1
2013,3904520,045203,BARNESVILLE EXEMPTED VILLAGE,1,1
2013,3904521,045211,BLUFFTON EXEMPTED VILLAGE,1,1
2013,3904522,045229,BRADFORD EXEMPTED VILLAGE,1,1
2013,3904523,045237,BRIDGEPORT EXEMPTED VILLAGE,1,1
2013,3904524,045245,HARRISON HILLS CITY,1,1
2013,3904525,045252,CALDWELL EXEMPTED VILLAGE,1,1
2013,3904526,045260,CAREY EXEMPTED VILLAGE,1,1
2013,3904527,045278,CARROLLTON EXEMPTED VILLAGE,1,1
2013,3904528,045286,CHAGRIN FALLS EXEMPTED VILLAGE,1,1
2013,3904529,045294,CHESAPEAKE UNION EXEMPTED VILLAGE,1,1
2013,3904531,045310,COLDWATER EXEMPTED VILLAGE,1,1
2013,3904532,045328,COLUMBIANA EXEMPTED VILLAGE,1,1
2013,3904533,045336,COVINGTON EXEMPTED VILLAGE,1,1
2013,3904535,045351,CROOKSVILLE EXEMPTED VILLAGE,1,1
2013,3904536,045369,FAIRPORT HARBOR EXEMPTED VILLAGE,1,1
2013,3904537,045377,GEORGETOWN EXEMPTED VILLAGE,1,1
2013,3904538,045385,GIBSONBURG EXEMPTED VILLAGE,1,1
2013,3904539,045393,GRANVILLE EXEMPTED VILLAGE,1,1
2013,3904540,045401,GREENFIELD EXEMPTED VILLAGE,1,1
2013,3904541,045419,HICKSVILLE EXEMPTED VILLAGE,1,1
2013,3904542,045427,HUBBARD EXEMPTED VILLAGE,1,1
2013,3904543,045435,INDIAN HILL EXEMPTED VILLAGE,1,1
2013,3904545,045450,LISBON EXEMPTED VILLAGE,1,1
2013,3904546,045468,LOUDONVILLE-PERRYSVILLE EXEMPTED VILLAGE,1,1
2013,3904547,045476,MARYSVILLE EXEMPTED VILLAGE,1,1
2013,3904548,045484,MECHANICSBURG EXEMPTED VILLAGE,1,1
2013,3904549,045492,MENTOR EXEMPTED VILLAGE,1,1
2013,3904550,045500,MILFORD EXEMPTED VILLAGE,1,1
2013,3904551,045518,MILTON-UNION EXEMPTED VILLAGE,1,1
2013,3904552,045526,MONTPELIER EXEMPTED VILLAGE,1,1
2013,3904553,045534,MOUNT GILEAD EXEMPTED VILLAGE,1,1
2013,3904554,045542,NEWCOMERSTOWN EXEMPTED VILLAGE,1,1
2013,3904555,045559,NEW RICHMOND EXEMPTED VILLAGE,1,1
2013,3904556,045567,NEWTON FALLS EXEMPTED VILLAGE,1,1
2013,3904557,045575,PAULDING EXEMPTED VILLAGE,1,1
2013,3904558,045583,PERRYSBURG EXEMPTED VILLAGE,1,1
2013,3904560,045609,ROSSFORD EXEMPTED VILLAGE,1,1
2013,3904561,045617,TIPP CITY EXEMPTED VILLAGE,1,1
2013,3904563,045633,VERSAILLES EXEMPTED VILLAGE,1,1
2013,3904564,045641,WAUSEON EXEMPTED VILLAGE,1,1
2013,3904565,045658,WELLINGTON EXEMPTED VILLAGE,1,1
2013,3904566,045666,WINDHAM EXEMPTED VILLAGE,1,1
2013,3904567,045674,YELLOW SPRINGS EXEMPTED VILLAGE,1,1
2013,3904574,045740,ALLEN COUNTY ESC,4,1
2013,3904575,045757,ALLEN EAST LOCAL,1,1
2013,3904576,045765,BATH LOCAL,1,1
2013,3904577,045773,ELIDA LOCAL,1,1
2013,3904578,045781,PERRY LOCAL,1,1
2013,3904579,045799,SHAWNEE LOCAL,1,1
2013,3904580,045807,SPENCERVILLE LOCAL,1,1
2013,3904582,045823,HILLSDALE LOCAL,1,1
2013,3904583,045831,MAPLETON LOCAL,1,1
2013,3904584,045849,ASHTABULA COUNTY ESC,4,1
2013,3904585,045856,BUCKEYE LOCAL,1,1
2013,3904586,045864,GRAND VALLEY LOCAL,1,1
2013,3904587,045872,JEFFERSON AREA LOCAL,1,1
2013,3904588,045880,PYMATUNING VALLEY LOCAL,1,1
2013,3904590,045906,ALEXANDER LOCAL,1,1
2013,3904591,045914,FEDERAL HOCKING LOCAL,1,1
2013,3904592,045922,TRIMBLE LOCAL,1,1
2013,3904593,045930,AUGLAIZE COUNTY ESC,4,1
2013,3904594,045948,MINSTER LOCAL,1,1
2013,3904595,045955,NEW BREMEN LOCAL,1,1
2013,3904596,045963,NEW KNOXVILLE LOCAL,1,1
2013,3904597,045971,WAYNESFIELD-GOSHEN LOCAL,1,1
2013,3904599,045997,ST CLAIRSVILLE-RICHLAND CITY,1,1
2013,3904600,046003,SHADYSIDE LOCAL,1,1
2013,3904601,046011,UNION LOCAL,1,1
2013,3904602,046029,BROWN ESC,4,1
2013,3904603,046037,EASTERN LOCAL,1,1
2013,3904604,046045,FAYETTEVILLE-PERRY LOCAL,1,1
2013,3904606,046060,WESTERN BROWN LOCAL,1,1
2013,3904607,046078,RIPLEY-UNION-LEWIS-HUNTINGTON LOCAL,1,1
2013,3904608,046086,BUTLER COUNTY ESC,4,1
2013,3904609,046094,EDGEWOOD CITY,1,1
2013,3904610,046102,FAIRFIELD CITY,1,1
2013,3904611,046110,LAKOTA LOCAL,1,1
2013,3904612,046128,MADISON LOCAL,1,1
2013,3904613,046136,NEW MIAMI LOCAL,1,1
2013,3904614,046144,ROSS LOCAL,1,1
2013,3904615,046151,TALAWANDA CITY,1,1
2013,3904617,046177,BROWN LOCAL,1,1
2013,3904619,046193,GRAHAM LOCAL,1,1
2013,3904620,046201,TRIAD LOCAL,1,1
2013,3904621,046219,WEST LIBERTY-SALEM LOCAL,1,1
2013,3904622,046227,CLARK COUNTY ESC,4,1
2013,3904623,046235,GREENON LOCAL,1,1
2013,3904624,046243,TECUMSEH LOCAL,1,1
2013,3904625,046250,NORTHEASTERN LOCAL,1,1
2013,3904626,046268,NORTHWESTERN LOCAL,1,1
2013,3904627,046276,SOUTHEASTERN LOCAL,1,1
2013,3904628,046284,CLARK-SHAWNEE LOCAL,1,1
2013,3904629,046292,CLERMONT COUNTY ESC,4,1
2013,3904630,046300,BATAVIA LOCAL,1,1
2013,3904631,046318,BETHEL-TATE LOCAL,1,1
2013,3904632,046326,CLERMONT NORTHEASTERN LOCAL,1,1
2013,3904633,046334,FELICITY-FRANKLIN LOCAL,1,1
2013,3904634,046342,GOSHEN LOCAL,1,1
2013,3904635,046359,WEST CLERMONT LOCAL,1,1
2013,3904636,046367,WILLIAMSBURG LOCAL,1,1
2013,3904637,046375,SOUTHERN OHIO ESC,4,1
2013,3904638,046383,BLANCHESTER LOCAL,1,1
2013,3904639,046391,CLINTON-MASSIE LOCAL,1,1
2013,3904640,046409,EAST CLINTON LOCAL,1,1
2013,3904641,046417,COLUMBIANA COUNTY ESC,4,1
2013,3904642,046425,BEAVER LOCAL,1,1
2013,3904643,046433,CRESTVIEW LOCAL,1,1
2013,3904644,046441,SOUTHERN LOCAL,1,1
2013,3904645,046458,UNITED LOCAL,1,1
2013,3904647,046474,RIDGEWOOD LOCAL,1,1
2013,3904648,046482,RIVER VIEW LOCAL,1,1
2013,3904650,046508,BUCKEYE CENTRAL LOCAL,1,1
2013,3904651,046516,COLONEL CRAWFORD LOCAL,1,1
2013,3904652,046524,WYNFORD LOCAL,1,1
2013,3904653,046532,ESC OF CUYAHOGA COUNTY,4,1
2013,3904655,046557,CUYAHOGA HEIGHTS LOCAL,1,1
2013,3904656,046565,INDEPENDENCE LOCAL,1,1
2013,3904657,046573,OLMSTED FALLS CITY,1,1
2013,3904659,046599,RICHMOND HEIGHTS LOCAL,1,1
2013,3904660,046607,SOLON CITY,1,1
2013,3904661,046615,DARKE COUNTY ESC,4,1
2013,3904662,046623,ANSONIA LOCAL,1,1
2013,3904663,046631,ARCANUM-BUTLER LOCAL,1,1
2013,3904664,046649,FRANKLIN MONROE LOCAL,1,1
2013,3904667,046672,MISSISSINAWA VALLEY LOCAL,1,1
2013,3904668,046680,TRI-VILLAGE LOCAL,1,1
2013,3904670,046706,AYERSVILLE LOCAL,1,1
2013,3904671,046714,CENTRAL LOCAL,1,1
2013,3904672,046722,NORTHEASTERN LOCAL,1,1
2013,3904674,046748,BIG WALNUT LOCAL,1,1
2013,3904675,046755,BUCKEYE VALLEY LOCAL,1,1
2013,3904676,046763,OLENTANGY LOCAL,1,1
2013,3904678,046789,EDISON LOCAL (FORMERLY BERLIN-MILAN),1,1
2013,3904679,046797,KELLEYS ISLAND LOCAL,1,1
2013,3904680,046805,MARGARETTA LOCAL,1,1
2013,3904681,046813,PERKINS LOCAL,1,1
2013,3904682,046821,VERMILION LOCAL,1,1
2013,3904683,046839,FAIRFIELD COUNTY ESC,4,1
2013,3904684,046847,AMANDA-CLEARCREEK LOCAL,1,1
2013,3904685,046854,BERNE UNION LOCAL,1,1
2013,3904686,046862,BLOOM-CARROLL LOCAL,1,1
2013,3904687,046870,FAIRFIELD UNION LOCAL,1,1
2013,3904688,046888,LIBERTY UNION-THURSTON LOCAL,1,1
2013,3904689,046896,PICKERINGTON LOCAL,1,1
2013,3904690,046904,WALNUT TOWNSHIP LOCAL,1,1
2013,3904693,046938,ESC OF CENTRAL OHIO,4,1
2013,3904694,046946,CANAL WINCHESTER LOCAL,1,1
2013,3904695,046953,HAMILTON LOCAL,1,1
2013,3904696,046961,GAHANNA-JEFFERSON CITY,1,1
2013,3904697,046979,GROVEPORT MADISON LOCAL,1,1
2013,3904699,046995,NEW ALBANY-PLAIN LOCAL,1,1
2013,3904700,047001,REYNOLDSBURG CITY,1,1
2013,3904701,047019,HILLIARD CITY,1,1
2013,3904702,047027,DUBLIN CITY,1,1
2013,3904704,047043,ARCHBOLD-AREA LOCAL,1,1
2013,3904705,047050,EVERGREEN LOCAL,1,1
2013,3904706,047068,FAYETTE LOCAL,1,1
2013,3904707,047076,PETTISVILLE LOCAL,1,1
2013,3904708,047084,PIKE-DELTA-YORK LOCAL,1,1
2013,3904709,047092,SWANTON LOCAL,1,1
2013,3904715,047159,GEAUGA COUNTY EDUCATIONAL SERVICE CENTER,4,1
2013,3904716,047167,BERKSHIRE LOCAL,1,1
2013,3904717,047175,CARDINAL LOCAL,1,1
2013,3904718,047183,CHARDON LOCAL,1,1
2013,3904719,047191,KENSTON LOCAL,1,1
2013,3904720,047209,LEDGEMONT LOCAL,1,1
2013,3904721,047217,NEWBURY LOCAL,1,1
2013,3904722,047225,WEST GEAUGA LOCAL,1,1
2013,3904723,047233,GREENE COUNTY ESC,4,1
2013,3904724,047241,BEAVERCREEK CITY,1,1
2013,3904725,047258,CEDAR CLIFF LOCAL,1,1
2013,3904726,047266,GREENEVIEW LOCAL,1,1
2013,3904727,047274,BELLBROOK-SUGARCREEK LOCAL SCHOOL DISTRICT,1,1
2013,3904730,047308,ROLLING HILLS LOCAL,1,1
2013,3904732,047324,HAMILTON COUNTY ESC,4,1
2013,3904733,047332,FINNEYTOWN LOCAL,1,1
2013,3904734,047340,FOREST HILLS LOCAL,1,1
2013,3904736,047365,NORTHWEST LOCAL,1,1
2013,3904737,047373,OAK HILLS LOCAL,1,1
2013,3904738,047381,SOUTHWEST LOCAL,1,1
2013,3904739,047399,THREE RIVERS LOCAL,1,1
2013,3904740,047407,HANCOCK COUNTY ESC,4,1
2013,3904742,047423,ARLINGTON LOCAL,1,1
2013,3904743,047431,CORY-RAWSON LOCAL,1,1
2013,3904744,047449,LIBERTY-BENTON LOCAL,1,1
2013,3904745,047456,MCCOMB LOCAL,1,1
2013,3904747,047472,VANLUE LOCAL,1,1
2013,3904748,047480,HARDIN COUNTY ESC,4,1
2013,3904749,047498,HARDIN NORTHERN LOCAL,1,1
2013,3904750,047506,RIDGEMONT LOCAL,1,1
2013,3904751,047514,RIVERDALE LOCAL,1,1
2013,3904752,047522,UPPER SCIOTO VALLEY LOCAL,1,1
2013,3904754,047548,CONOTTON VALLEY UNION LOCAL,1,1
2013,3904757,047571,HOLGATE LOCAL,1,1
2013,3904758,047589,LIBERTY CENTER LOCAL,1,1
2013,3904759,047597,PATRICK HENRY LOCAL,1,1
2013,3904761,047613,BRIGHT LOCAL,1,1
2013,3904762,047621,FAIRFIELD LOCAL,1,1
2013,3904763,047639,LYNCHBURG-CLAY LOCAL,1,1
2013,3904768,047688,EAST HOLMES LOCAL,1,1
2013,3904769,047696,WEST HOLMES LOCAL,1,1
2013,3904771,047712,MONROEVILLE LOCAL,1,1
2013,3904772,047720,NEW LONDON LOCAL,1,1
2013,3904773,047738,SOUTH CENTRAL LOCAL,1,1
2013,3904774,047746,WESTERN RESERVE LOCAL,1,1
2013,3904776,047761,OAK HILL UNION LOCAL,1,1
2013,3904777,047779,JEFFERSON COUNTY ESC,4,1
2013,3904778,047787,BUCKEYE LOCAL,1,1
2013,3904779,047795,EDISON LOCAL,1,1
2013,3904780,047803,INDIAN CREEK LOCAL,1,1
2013,3904781,047811,KNOX COUNTY ESC,4,1
2013,3904782,047829,CENTERBURG LOCAL,1,1
2013,3904783,047837,DANVILLE LOCAL,1,1
2013,3904785,047852,FREDERICKTOWN LOCAL,1,1
2013,3904786,047860,LAKE COUNTY ESC,4,1
2013,3904787,047878,KIRTLAND LOCAL,1,1
2013,3904788,047886,MADISON LOCAL,1,1
2013,3904790,047902,PERRY LOCAL,1,1
2013,3904791,047910,LAWRENCE COUNTY ESC,4,1
2013,3904792,047928,DAWSON-BRYANT LOCAL,1,1
2013,3904793,047936,FAIRLAND LOCAL,1,1
2013,3904794,047944,ROCK HILL LOCAL,1,1
2013,3904795,047951,SOUTH POINT LOCAL,1,1
2013,3904796,047969,SYMMES VALLEY LOCAL,1,1
2013,3904797,047977,LICKING COUNTY ESC,4,1
2013,3904798,047985,JOHNSTOWN-MONROE LOCAL,1,1
2013,3904799,047993,LAKEWOOD LOCAL,1,1
2013,3904800,048009,LICKING HEIGHTS LOCAL,1,1
2013,3904801,048017,LICKING VALLEY LOCAL,1,1
2013,3904802,048025,NORTH FORK LOCAL,1,1
2013,3904803,048033,NORTHRIDGE LOCAL,1,1
2013,3904804,048041,SOUTHWEST LICKING LOCAL,1,1
2013,3904805,048058,LOGAN COUNTY ESC,4,1
2013,3904807,048074,BENJAMIN LOGAN LOCAL,1,1
2013,3904808,048082,INDIAN LAKE LOCAL,1,1
2013,3904809,048090,RIVERSIDE LOCAL,1,1
2013,3904810,048108,LORAIN COUNTY ESC,4,1
2013,3904811,048116,AVON LOCAL,1,1
2013,3904812,048124,AVON LAKE CITY,1,1
2013,3904813,048132,CLEARVIEW LOCAL,1,1
2013,3904814,048140,COLUMBIA LOCAL,1,1
2013,3904815,048157,FIRELANDS LOCAL,1,1
2013,3904816,048165,KEYSTONE LOCAL,1,1
2013,3904817,048173,MIDVIEW LOCAL,1,1
2013,3904819,048199,ESC OF LAKE ERIE WEST,4,1
2013,3904820,048207,ANTHONY WAYNE LOCAL,1,1
2013,3904821,048215,OTTAWA HILLS LOCAL,1,1
2013,3904822,048223,SPRINGFIELD LOCAL,1,1
2013,3904823,048231,WASHINGTON LOCAL,1,1
2013,3904825,048256,JEFFERSON LOCAL,1,1
2013,3904826,048264,JONATHAN ALDER LOCAL,1,1
2013,3904827,048272,MADISON-PLAINS LOCAL,1,1
2013,3904828,048280,MAHONING COUNTY ESC,4,1
2013,3904829,048298,AUSTINTOWN LOCAL,1,1
2013,3904830,048306,BOARDMAN LOCAL,1,1
2013,3904831,048314,CANFIELD LOCAL,1,1
2013,3904832,048322,JACKSON-MILTON LOCAL,1,1
2013,3904833,048330,LOWELLVILLE LOCAL,1,1
2013,3904834,048348,POLAND LOCAL,1,1
2013,3904835,048355,SEBRING LOCAL,1,1
2013,3904836,048363,SOUTH RANGE LOCAL,1,1
2013,3904837,048371,SPRINGFIELD LOCAL,1,1
2013,3904838,048389,WEST BRANCH LOCAL,1,1
2013,3904839,048397,WESTERN RESERVE LOCAL,1,1
2013,3904841,048413,ELGIN LOCAL,1,1
2013,3904842,048421,PLEASANT LOCAL,1,1
2013,3904843,048439,RIDGEDALE LOCAL,1,1
2013,3904844,048447,RIVER VALLEY LOCAL,1,1
2013,3904845,048454,MEDINA COUNTY ESC,4,1
2013,3904846,048462,BLACK RIVER LOCAL,1,1
2013,3904847,048470,BUCKEYE LOCAL,1,1
2013,3904848,048488,CLOVERLEAF LOCAL,1,1
2013,3904849,048496,HIGHLAND LOCAL,1,1
2013,3904851,048512,EASTERN LOCAL,1,1
2013,3904852,048520,MEIGS LOCAL,1,1
2013,3904853,048538,SOUTHERN LOCAL,1,1
2013,3904854,048546,MERCER COUNTY ESC,4,1
2013,3904857,048579,PARKWAY LOCAL,1,1
2013,3904858,048587,ST HENRY CONSOLIDATED LOCAL,1,1
2013,3904859,048595,FORT RECOVERY LOCAL,1,1
2013,3904860,048603,MIAMI COUNTY ESC,4,1
2013,3904861,048611,BETHEL LOCAL,1,1
2013,3904862,048629,MIAMI EAST LOCAL,1,1
2013,3904863,048637,NEWTON LOCAL,1,1
2013,3904865,048652,SWITZERLAND OF OHIO LOCAL,1,1
2013,3904866,048660,MONTGOMERY COUNTY ESC,4,1
2013,3904867,048678,BROOKVILLE LOCAL,1,1
2013,3904868,048686,JEFFERSON TOWNSHIP LOCAL,1,1
2013,3904869,048694,TROTWOOD-MADISON CITY,1,1
2013,3904870,048702,MAD RIVER LOCAL,1,1
2013,3904871,048710,NEW LEBANON LOCAL,1,1
2013,3904872,048728,NORTHMONT CITY,1,1
2013,3904873,048736,NORTHRIDGE LOCAL,1,1
2013,3904874,048744,VALLEY VIEW LOCAL,1,1
2013,3904875,048751,HUBER HEIGHTS CITY,1,1
2013,3904877,048777,MORGAN LOCAL,1,1
2013,3904879,048793,CARDINGTON-LINCOLN LOCAL,1,1
2013,3904880,048801,HIGHLAND LOCAL,1,1
2013,3904881,048819,NORTHMOR LOCAL,1,1
2013,3904883,048835,EAST MUSKINGUM LOCAL,1,1
2013,3904884,048843,FRANKLIN LOCAL,1,1
2013,3904885,048850,MAYSVILLE LOCAL,1,1
2013,3904887,048876,TRI-VALLEY LOCAL,1,1
2013,3904888,048884,WEST MUSKINGUM LOCAL,1,1
2013,3904890,048900,NOBLE LOCAL,1,1
2013,3904892,048926,BENTON CARROLL SALEM LOCAL,1,1
2013,3904893,048934,DANBURY LOCAL,1,1
2013,3904894,048942,GENOA AREA LOCAL,1,1
2013,3904895,048959,MIDDLE BASS LOCAL,1,1
2013,3904896,048967,NORTH BASS LOCAL,1,1
2013,3904897,048975,PUT-IN-BAY LOCAL,1,1
2013,3904899,048991,ANTWERP LOCAL,1,1
2013,3904900,049296,TWIN VALLEY COMMUNITY LOCAL,1,1
2013,3904903,049031,WAYNE TRACE LOCAL,1,1
2013,3904905,049056,NORTHERN LOCAL,1,1
2013,3904906,049064,SOUTHERN LOCAL,1,1
2013,3904907,049072,PICKAWAY COUNTY ESC,4,1
2013,3904908,049080,LOGAN ELM LOCAL,1,1
2013,3904909,049098,TEAYS VALLEY LOCAL,1,1
2013,3904910,049106,WESTFALL LOCAL,1,1
2013,3904912,049122,EASTERN LOCAL,1,1
2013,3904913,049130,SCIOTO VALLEY LOCAL,1,1
2013,3904914,049148,WAVERLY CITY,1,1
2013,3904915,049155,WESTERN LOCAL,1,1
2013,3904916,049163,PORTAGE COUNTY ESC,4,1
2013,3904917,049171,AURORA CITY,1,1
2013,3904918,049189,CRESTWOOD LOCAL,1,1
2013,3904919,049197,FIELD LOCAL,1,1
2013,3904920,049205,JAMES A GARFIELD LOCAL,1,1
2013,3904921,049213,ROOTSTOWN LOCAL,1,1
2013,3904922,049221,SOUTHEAST LOCAL,1,1
2013,3904923,049239,STREETSBORO CITY,1,1
2013,3904924,049247,WATERLOO LOCAL,1,1
2013,3904925,049254,PREBLE COUNTY ESC,4,1
2013,3904926,091397,TRI-COUNTY NORTH LOCAL,1,1
2013,3904927,049270,NATIONAL TRAIL LOCAL,1,1
2013,3904928,049288,PREBLE SHAWNEE LOCAL,1,1
2013,3904930,049304,PUTNAM COUNTY ESC,4,1
2013,3904931,049312,COLUMBUS GROVE LOCAL,1,1
2013,3904932,049320,CONTINENTAL LOCAL,1,1
2013,3904933,049338,JENNINGS LOCAL,1,1
2013,3904934,049346,KALIDA LOCAL,1,1
2013,3904935,049353,LEIPSIC LOCAL,1,1
2013,3904936,049361,MILLER CITY-NEW CLEVELAND LOCAL,1,1
2013,3904937,049379,OTTAWA-GLANDORF LOCAL,1,1
2013,3904938,049387,OTTOVILLE LOCAL,1,1
2013,3904939,049395,PANDORA-GILBOA LOCAL,1,1
2013,3904941,049411,CLEAR FORK VALLEY LOCAL,1,1
2013,3904942,049429,CRESTVIEW LOCAL,1,1
2013,3904943,049437,LEXINGTON LOCAL,1,1
2013,3904944,049445,LUCAS LOCAL,1,1
2013,3904945,049452,MADISON LOCAL,1,1
2013,3904946,049460,PLYMOUTH-SHILOH LOCAL,1,1
2013,3904947,049478,ONTARIO LOCAL,1,1
2013,3904949,049494,ADENA LOCAL,1,1
2013,3904950,049502,HUNTINGTON LOCAL,1,1
2013,3904951,049510,PAINT VALLEY LOCAL,1,1
2013,3904952,049528,SOUTHEASTERN LOCAL,1,1
2013,3904953,049536,UNION-SCIOTO LOCAL,1,1
2013,3904954,049544,ZANE TRACE LOCAL,1,1
2013,3904956,049569,LAKOTA LOCAL,1,1
2013,3904957,049577,WOODMORE LOCAL,1,1
2013,3904959,049593,BLOOM-VERNON LOCAL,1,1
2013,3904961,049619,GREEN LOCAL,1,1
2013,3904962,049627,MINFORD LOCAL,1,1
2013,3904963,049635,NORTHWEST LOCAL,1,1
2013,3904964,049643,VALLEY LOCAL,1,1
2013,3904965,049650,WASHINGTON-NILE LOCAL,1,1
2013,3904966,049668,WHEELERSBURG LOCAL,1,1
2013,3904968,049684,SENECA EAST LOCAL,1,1
2013,3904969,049692,BETTSVILLE LOCAL,1,1
2013,3904970,049700,HOPEWELL-LOUDON LOCAL,1,1
2013,3904971,049718,NEW RIEGEL LOCAL,1,1
2013,3904974,049742,SHELBY COUNTY ESC,4,1
2013,3904976,049767,BOTKINS LOCAL,1,1
2013,3904977,049775,FAIRLAWN LOCAL,1,1
2013,3904978,049783,FORT LORAMIE LOCAL,1,1
2013,3904979,049791,HARDIN-HOUSTON LOCAL,1,1
2013,3904981,049817,RUSSIA LOCAL,1,1
2013,3904982,049825,STARK COUNTY ESC,4,1
2013,3904983,049833,CANTON LOCAL,1,1
2013,3904984,049841,FAIRLESS LOCAL,1,1
2013,3904985,049858,JACKSON LOCAL,1,1
2013,3904986,049866,LAKE LOCAL,1,1
2013,3904987,049874,LOUISVILLE CITY,1,1
2013,3904988,049882,MARLINGTON LOCAL,1,1
2013,3904989,049890,MINERVA LOCAL,1,1
2013,3904990,049908,NORTHWEST LOCAL,1,1
2013,3904991,049916,OSNABURG LOCAL,1,1
2013,3904992,049924,PERRY LOCAL,1,1
2013,3904993,049932,PLAIN LOCAL,1,1
2013,3904994,049940,SANDY VALLEY LOCAL,1,1
2013,3904995,049957,TUSLAW LOCAL,1,1
2013,3904996,049965,SUMMIT COUNTY ESC,4,1
2013,3904997,049973,WOODRIDGE LOCAL,1,1
2013,3904998,049981,COPLEY-FAIRLAWN CITY,1,1
2013,3904999,049999,COVENTRY LOCAL,1,1
2013,3905000,050005,MANCHESTER LOCAL,1,1
2013,3905001,050013,GREEN LOCAL,1,1
2013,3905002,050021,HUDSON CITY,1,1
2013,3905003,050039,MOGADORE LOCAL,1,1
2013,3905004,050047,NORDONIA HILLS CITY,1,1
2013,3905005,050054,REVERE LOCAL,1,1
2013,3905006,050062,SPRINGFIELD LOCAL,1,1
2013,3905007,050070,TWINSBURG CITY,1,1
2013,3905008,050088,TRUMBULL COUNTY ESC,4,1
2013,3905009,050096,BLOOMFIELD-MESPO LOCAL,1,1
2013,3905011,050112,BRISTOL LOCAL,1,1
2013,3905012,050120,BROOKFIELD LOCAL,1,1
2013,3905013,050138,CHAMPION LOCAL,1,1
2013,3905015,050153,MATHEWS LOCAL,1,1
2013,3905016,050161,HOWLAND LOCAL,1,1
2013,3905017,050179,JOSEPH BADGER LOCAL,1,1
2013,3905018,050187,LAKEVIEW LOCAL,1,1
2013,3905019,050195,LIBERTY LOCAL,1,1
2013,3905020,050203,LORDSTOWN LOCAL,1,1
2013,3905021,050211,MAPLEWOOD LOCAL,1,1
2013,3905022,050229,MCDONALD LOCAL,1,1
2013,3905023,050237,SOUTHINGTON LOCAL,1,1
2013,3905024,050245,LABRAE LOCAL,1,1
2013,3905025,050252,WEATHERSFIELD LOCAL,1,1
2013,3905026,050260,EAST CENTRAL OHIO ESC,4,1
2013,3905027,050278,GARAWAY LOCAL,1,1
2013,3905028,050286,INDIAN VALLEY LOCAL SCHOOLS,1,1
2013,3905029,050294,STRASBURG-FRANKLIN LOCAL,1,1
2013,3905030,050302,TUSCARAWAS VALLEY LOCAL,1,1
2013,3905032,050328,FAIRBANKS LOCAL,1,1
2013,3905033,050336,NORTH UNION LOCAL,1,1
2013,3905035,050351,CRESTVIEW LOCAL,1,1
2013,3905039,050393,VINTON COUNTY LOCAL,1,1
2013,3905040,050401,WARREN COUNTY ESC,4,1
2013,3905041,050419,CARLISLE LOCAL,1,1
2013,3905042,050427,SPRINGBORO COMMUNITY CITY,1,1
2013,3905043,050435,KINGS LOCAL,1,1
2013,3905044,050443,LITTLE MIAMI LOCAL,1,1
2013,3905045,050450,MASON CITY SCHOOL DISTRICT,1,1
2013,3905046,050468,WAYNE LOCAL,1,1
2013,3905048,050484,FORT FRYE LOCAL,1,1
2013,3905049,050492,FRONTIER LOCAL,1,1
2013,3905051,050518,WOLF CREEK LOCAL,1,1
2013,3905052,050526,TRI-COUNTY ESC,4,1
2013,3905053,050534,CHIPPEWA LOCAL,1,1
2013,3905054,050542,DALTON LOCAL,1,1
2013,3905055,050559,GREEN LOCAL,1,1
2013,3905056,050567,NORWAYNE LOCAL,1,1
2013,3905058,050583,SOUTHEAST LOCAL,1,1
2013,3905059,050591,TRIWAY LOCAL,1,1
2013,3905061,050617,EDGERTON LOCAL,1,1
2013,3905062,050625,EDON-NORTHWEST LOCAL,1,1
2013,3905063,050633,MILLCREEK-WEST UNITY LOCAL,1,1
2013,3905064,050641,NORTH CENTRAL LOCAL,1,1
2013,3905065,050658,STRYKER LOCAL,1,1
2013,3905066,050666,WOOD COUNTY ESC,4,1
2013,3905067,050674,EASTWOOD LOCAL,1,1
2013,3905068,050682,ELMWOOD LOCAL,1,1
2013,3905069,050690,LAKE LOCAL,1,1
2013,3905070,050708,NORTH BALTIMORE LOCAL,1,1
2013,3905071,050716,NORTHWOOD LOCAL SCHOOLS,1,1
2013,3905072,050724,OTSEGO LOCAL,1,1
2013,3905074,050740,MOHAWK LOCAL,1,1
2013,3905077,050773,APOLLO,4,1
2013,3905079,050799,SOUTHERN HILLS,4,1
2013,3905081,050815,ASHTABULA COUNTY TECHNICAL AND CAREER CENTER,4,1
2013,3905085,050856,BELMONT-HARRISON,4,1
2013,3905088,050880,BUTLER TECHNOLOGY & CAREER DEVELOPMENT SCHOOLS,4,1
2013,3905090,050906,COLUMBIANA COUNTY,4,1
2013,3905092,050922,CUYAHOGA VALLEY CAREER CENTER,4,1
2013,3905094,050948,POLARIS,4,1
2013,3905096,050963,FOUR COUNTY CAREER CENTER,4,1
2013,3905098,050989,DELAWARE AREA CAREER CENTER,4,1
2013,3905100,051003,EASTLAND-FAIRFIELD CAREER/TECH,4,1
2013,3905102,051029,EHOVE CAREER CENTER,4,1
2013,3905104,051045,GREENE COUNTY JT VOC SD,4,1
2013,3905106,051060,GREAT OAKS INST OF TECHNOLOGY,4,1
2013,3905112,051128,JEFFERSON COUNTY,4,1
2013,3905114,051144,KNOX COUNTY JVSD,4,1
2013,3905116,051169,AUBURN,4,1
2013,3905118,051185,LAWRENCE COUNTY,4,1
2013,3905120,051201,CAREER AND TECHNOLOGY EDUCATIONAL CENTERS,4,1
2013,3905122,051227,LORAIN COUNTY JVS,4,1
2013,3905124,051243,MAHONING CO CAREER & TECH CTR,4,1
2013,3905128,051284,MIAMI VALLEY CAREER TECH,4,1
2013,3905130,051300,MID-EAST CAREER AND TECHNOLOGY CENTERS,4,1
2013,3905133,051334,OHIO HI-POINT CAREER CENTER,4,1
2013,3905135,051359,PENTA CAREER CENTER,4,1
2013,3905137,051375,PIKE COUNTY AREA,4,1
2013,3905139,051391,MAPLEWOOD CAREER CENTER,4,1
2013,3905141,051417,PIONEER CAREER & TECHNOLOGY,4,1
2013,3905143,051433,PICKAWAY-ROSS COUNTY JVSD,4,1
2013,3905145,051458,VANGUARD-SENTINEL CAREER & TECHNOLOGY CENTERS,4,1
2013,3905147,051474,WARREN COUNTY VOCATIONAL SCHOOL,4,1
2013,3905149,051490,SCIOTO COUNTY CAREER TECHNICAL CENTER,4,1
2013,3905153,051532,SPRINGFIELD-CLARK COUNTY,4,1
2013,3905160,051607,TRI-COUNTY CAREER CENTER,4,1
2013,3905163,051631,TRUMBULL CAREER & TECH CTR,4,1
2013,3905165,051656,BUCKEYE,4,1
2013,3905167,051672,VANTAGE CAREER CENTER,4,1
2013,3905169,051698,WASHINGTON COUNTY CAREER CENTER,4,1
2013,3905171,051714,WAYNE COUNTY JVSD,4,1
2013,3906190,061903,ADAMS COUNTY/OHIO VALLEY LOCAL,1,1
2013,3906202,062026,STARK COUNTY AREA,4,1
2013,3906204,062042,ASHLAND COUNTY-WEST HOLMES,4,1
2013,3906206,062067,GALLIA-JACKSON-VINTON,4,1
2013,3906210,062109,MEDINA COUNTY JOINT VOCATIONAL SCHOOL DISTRICT,4,1
2013,3906212,062125,UPPER VALLEY CAREER CENTER,4,1
2013,3906280,062802,U S GRANT,4,1
2013,3906349,063495,PORTAGE LAKES,4,1
2013,3906351,063511,TOLLES CAREER & TECHNICAL CENTER,4,1
2013,3906496,064964,COLLEGE CORNER LOCAL,1,1
2013,3906522,065227,COSHOCTON COUNTY,4,1
2013,3906526,065268,TRI-RIVERS,4,1
2013,3906568,065680,GALLIA COUNTY LOCAL,1,1
2013,3906968,069682,EAST GUERNSEY LOCAL,1,1
2013,3910000,043984,FINDLAY CITY,1,1
2013,3910001,047464,VAN BUREN LOCAL,1,1
2013,3910002,047415,ARCADIA LOCAL,1,1
2013,3910003,044784,SIDNEY CITY,1,1
2013,3910004,049759,ANNA LOCAL,1,1
2013,3910005,049809,JACKSON CENTER LOCAL,1,1
2013,3910006,044735,SALEM CITY,1,1
2013,3910007,045443,LEETONIA EXEMPTED VILLAGE,1,1
2013,3910008,045344,CRESTLINE EXEMPTED VILLAGE,1,1
2013,3910009,044776,SHELBY CITY,1,1
2013,3910010,046920,MIAMI TRACE LOCAL,1,1
2013,3910011,045013,WASHINGTON COURT HOUSE CITY,1,1
2013,3910012,044420,MOUNT VERNON CITY,1,1
2013,3910013,047845,EAST KNOX LOCAL,1,1
2013,3910014,047894,RIVERSIDE LOCAL,1,1
2013,3910015,044628,PAINESVILLE CITY LOCAL,1,1
2013,3910016,046581,ORANGE CITY,1,1
2013,3910017,043562,BEDFORD CITY,1,1
2013,3910018,050500,WARREN LOCAL,1,1
2013,3910019,044321,MARIETTA CITY,1,1
2013,3910020,045302,CLYDE-GREEN SPRINGS EXEMPTED VILLAGE,1,1
2013,3910021,049726,OLD FORT LOCAL,1,1
2013,3910022,050369,LINCOLNVIEW LOCAL,1,1
2013,3910023,044966,VAN WERT CITY,1,1
2013,3910024,045625,UPPER SANDUSKY EXEMPTED VILLAGE,1,1
2013,3910025,044172,KENTON CITY,1,1
2013,3910026,049601,CLAY LOCAL,1,1
2013,3910027,044669,PORTSMOUTH CITY,1,1
2013,3910028,045591,RITTMAN EXEMPTED VILLAGE,1,1
2013,3910029,044974,WADSWORTH CITY,1,1
2013,3910030,043729,CELINA CITY,1,1
2013,3910031,048553,MARION LOCAL,1,1
2013,3910032,045120,WOOSTER CITY,1,1
2013,3910033,050575,NORTHWESTERN LOCAL,1,1
2014,3900001,071530,Ohio School For The Deaf,5,1
2014,3900002,071548,Ohio School For The Blind,5,1
2014,3900008,125252,Muskingum Valley ESC,4,1
2014,3900009,125658,South Central Ohio ESC,4,1
2014,3900012,125682,Gallia-Vinton ESC,4,1
2014,3900013,125690,North Point Educational Service Center,4,1
2014,3900014,123281,Ohio Valley ESC,4,1
2014,3900015,124297,Northwest Ohio Educational Service Center,4,1
2014,3900017,134072,Youngstown Community School,7,1
2014,3900019,134098,Constellation Schools: Old Brooklyn Community Elementary,7,1
2014,3900022,134122,Autism Model School,7,1
2014,3900023,134148,Aurora Academy,7,1
2014,3900025,134197,Green Inspiration Academy,7,1
2014,3900027,134213,Middlebury Academy,7,1
2014,3900028,134221,Colonial Prep Academy,7,1
2014,3900029,134247,City Day Community School,7,1
2014,3900031,133512,Cincinnati College Preparatory Academy,7,1
2014,3900032,133520,Citizens Academy,7,1
2014,3900033,133538,Edge Academy  The,7,1
2014,3900036,133561,Millennium Community School,7,1
2014,3900038,133587,Summit Academy Akron Elementary School,7,1
2014,3900040,133629,Horizon Science Acad Cleveland,7,1
2014,3900042,133660,Horizon Science Academy Columbus,7,1
2014,3900043,133678,Riverside Academy,7,1
2014,3900047,133736,Richard Allen Academy,7,1
2014,3900050,133801,Life Skills Ctr Of Youngstown,7,1
2014,3900051,133819,Lincoln Preparatory School,7,1
2014,3900052,133835,Invictus High School,7,1
2014,3900053,133868,Towpath Trail High School,7,1
2014,3900056,133942,Toledo School For The Arts,7,1
2014,3900057,133959,Dayton Leadership Academies-Dayton Liberty Campus,7,1
2014,3900063,123257,North Central Ohio ESC,4,1
2014,3900064,123521,Mid-Ohio ESC,4,1
2014,3900065,133215,Intergenerational School  The,7,1
2014,3900068,133256,Constellation Schools: Parma Community,7,1
2014,3900071,133306,Summit Academy Community School for Alternative Learn-Canton,7,1
2014,3900072,133330,T.C.P. World Academy,7,1
2014,3900073,133348,Richard Allen Preparatory,7,1
2014,3900077,133389,Lighthouse Community Sch Inc,7,1
2014,3900079,133413,Electronic Classroom Of Tomorrow,7,1
2014,3900080,133421,Graham School  The,7,1
2014,3900081,133439,Cornerstone Academy Community,7,1
2014,3900083,133454,Dayton Leadership Academies-Dayton View Campus,7,1
2014,3900084,133488,Life Skills Of Trumbull County,7,1
2014,3900086,133785,Life Skills Ctr Of Cincinnati,7,1
2014,3900089,134288,East End Comm Heritage School,7,2
2014,3900090,134999,Western Buckeye ESC,4,1
2014,3900091,135145,Athens-Meigs ESC,4,1
2014,3900092,137364,Madison-Champaign ESC,4,1
2014,3900093,138222,Ross-Pike ESC,4,1
2014,3900094,139303,Monroe Local School District,1,1
2014,3900096,132746,Summit Acdy Comm Schl for Alternative Learners of Middletown,7,1
2014,3900097,132761,Summit Academy Community School Alternative Learners -Xenia,7,1
2014,3900098,132779,Summit Academy Akron Middle School,7,1
2014,3900099,132787,Springfield Academy of Excellence,7,1
2014,3900100,132795,Cliff Park High School,7,1
2014,3900101,132803,Marshall High School,7,1
2014,3900102,132951,Constellation Schools: Lorain Community Elementary,7,1
2014,3900103,132969,Constellation Schools: Elyria Community,7,1
2014,3900104,132985,Youthbuild Columbus Community,7,1
2014,3900105,132993,Constellation Schools: Westpark Community Elementary,7,1
2014,3900106,133264,Dohn Community,7,1
2014,3900107,133280,Washington Park Community School,7,1
2014,3900109,133322,Summit Academy Community School Alternative Learners-Lorain,7,1
2014,3900113,133504,Phoenix Community Learning Ctr,7,1
2014,3900117,143297,The Autism Academy Of Learning,7,1
2014,3900118,143305,Treca Digital Academy,7,1
2014,3900119,143313,West Preparatory Academy,7,1
2014,3900120,143552,Eagle Academy,7,1
2014,3900121,143602,Hamilton Cnty Math & Science,7,1
2014,3900123,143644,Sciotoville,7,1
2014,3900125,000125,Polly Fox Academy Community School,7,1
2014,3900126,000130,Phoenix Academy Community School,7,1
2014,3900127,000131,Glass City Academy,7,1
2014,3900129,000138,Pathway School of Discovery,7,1
2014,3900130,000139,Alliance Academy of Cincinnati,7,1
2014,3900133,000162,Newark Digital Academy,7,1
2014,3900135,000197,Hamilton Alternative Academy,7,1
2014,3900138,000222,Wildwood Environmental Academy,7,1
2014,3900145,148981,Tomorrow Center,7,1
2014,3900146,148999,Mahoning Unlimited Classroom,7,1
2014,3900151,149047,Goal Digital Academy,7,1
2014,3900152,149054,Akron Digital Academy,7,1
2014,3900153,149062,Urbana Community School,7,1
2014,3900155,149088,Fairborn Digital Academy,7,1
2014,3900172,149260,Canton Local Digital Academy,7,2
2014,3900175,142901,Life Skills Center  of Canton,7,1
2014,3900176,142919,Life Skills Center of Elyria,7,1
2014,3900177,142927,Focus Learning Academy of Southwest Columbus,7,1
2014,3900178,142935,Focus Learning Academy of Southeastern Columbus,7,1
2014,3900179,142943,Focus Learning Academy of Northern Columbus,7,1
2014,3900180,142950,Ohio Virtual Academy,7,1
2014,3900181,142968,Hope Academy Northcoast,7,1
2014,3900184,143115,Mound Street IT Careers Academy,7,1
2014,3900185,143123,Mound Street Military Careers Academy,7,1
2014,3900186,143131,Mound Street Health Careers Acadmy,7,1
2014,3900189,143164,Life Skills Center Of Hamilton County,7,1
2014,3900190,143172,International Acad Of Columbus,7,1
2014,3900192,143198,Great Western Academy,7,1
2014,3900193,143206,Trotwood Fitness & Prep Acad,7,1
2014,3900194,143214,Middletown Fitness & Prep Acad,7,1
2014,3900199,143354,The ISUS Institute of Health Care,7,2
2014,3900203,143396,Alternative Education Academy,7,1
2014,3900209,143453,Mollie Kessler,7,2
2014,3900211,143479,Constellation Schools: Puritas Community Elementary,7,1
2014,3900212,143487,Constellation Schools: Stockyard Community Elementary,7,1
2014,3900213,143495,Constellation Schools: Mansfield Community Elementary,7,2
2014,3900214,143503,Lake Erie Academy,7,1
2014,3900216,143529,North Dayton School Of Science & Discovery,7,1
2014,3900217,143537,Virtual Community School Of Ohio,7,1
2014,3900219,143560,Richard Allen Academy II,7,1
2014,3900220,143578,Richard Allen Academy III,7,1
2014,3900223,143610,Arts & College Preparatory Academy,7,1
2014,3900226,148916,Marion City Digital Academy,7,1
2014,3900228,148932,Franklin Local Community School,7,1
2014,3900231,149302,Life Skills Center Of Toledo,7,1
2014,3900233,149328,Foxfire High School,7,1
2014,3900234,149336,Southwest Licking Digital Acad,7,1
2014,3900237,060988,Buckeye United School District,5,1
2014,3900238,065201,Ohio Central School System,5,1
2014,3900241,132944,Miami Valley Academies,7,1
2014,3900250,000236,Ohio Connections Academy  Inc,7,1
2014,3900252,000241,Quaker Digital Academy,7,1
2014,3900259,149427,Massillon Digital Academy  Inc,7,1
2014,3900262,151027,London Academy,7,1
2014,3900263,151035,Pleasant Community Digital,7,1
2014,3900266,151076,Cardington Lincoln Local Digital Academy,7,2
2014,3900273,151142,Lorain K-12 Digital Academy,7,1
2014,3900275,151167,Ridgedale Community School,7,1
2014,3900276,151175,West Central Learning Academy II,7,1
2014,3900277,151183,Lake Erie International High School,7,1
2014,3900278,151191,Life Skills Center Of Summit County,7,1
2014,3900279,151209,Life Skills Of Northeast Ohio,7,1
2014,3900282,151233,Lakewood Digital Academy,7,1
2014,3900285,000525,Canton Harbor High School,7,1
2014,3900286,000527,Cleveland Academy for Scholarship Technology and Leadership,7,1
2014,3900291,000534,Constellation Schools: Puritas Community Middle,7,1
2014,3900297,000541,Constellation Schools: Outreach Academy for Students with Di,7,1
2014,3900299,000543,Pinnacle Academy,7,1
2014,3900302,000546,Winterfield Venture Academy,7,1
2014,3900304,000553,Columbus Humanities  Arts and Technology Academy,7,1
2014,3900305,000556,A+ Arts Academy,7,1
2014,3900306,000557,Columbus Arts & Technology Academy,7,1
2014,3900307,000558,Columbus Preparatory Academy,7,1
2014,3900308,000559,Orion Academy,7,1
2014,3900309,000560,Apex Academy,7,1
2014,3900311,000564,Virtual Schoolhouse  Inc.,7,1
2014,3900313,000575,Hope Academy Northwest Campus,7,1
2014,3900314,000576,King Academy Community School,7,1
2014,3900315,000577,Emerson Academy,7,1
2014,3900321,000585,FCI Academy,7,1
2014,3900331,000598,Coshocton Opportunity School,7,1
2014,3900337,000608,Summit Academy Transition High School-Cincinnati,7,1
2014,3900338,000609,Summit Academy Middle School - Lorain,7,1
2014,3900339,000610,Summit Academy Middle School - Columbus,7,1
2014,3900341,000613,Heir Force Community School,7,1
2014,3900342,000614,Summit Academy Transition High School-Columbus,7,1
2014,3900344,000616,Summit Academy Alternative LearnersWarren Middle & Secondary,7,1
2014,3900348,000621,Summit Academy Transition High School Dayton,7,1
2014,3900350,000623,Summit Academy-Youngstown,7,1
2014,3900356,000629,Summit Academy Community School - Painesville,7,1
2014,3900360,000633,Summit Academy Toledo Learning Center,7,1
2014,3900361,000634,Summit Academy Secondary School - Middletown,7,1
2014,3900366,000640,Rittman Academy,7,1
2014,3900377,000652,Five R'S Academy,7,2
2014,3900381,000664,Life Skills Center of Columbus Southeast,7,1
2014,3900382,000677,New Day Academy Boarding & Day School,7,1
2014,3900383,000679,Oakstone Community School,7,1
2014,3900385,147231,Schnee Learning Center,7,1
2014,3900396,000725,Zenith Academy,7,1
2014,3900399,000736,HBCU Preparatory School 1,7,1
2014,3900400,000738,HBCU Preparatory School 2,7,1
2014,3900402,000740,Phoenix Village Academy Primary 1,7,2
2014,3900404,000743,Pschtecin Public School,7,2
2014,3900428,000770,Maritime Academy of Toledo  The,7,1
2014,3900434,000779,Educational Academy for Boys & Girls,7,1
2014,3900435,000780,Midnimo Cross Cultural Community School,7,1
2014,3900436,000781,Cincinnati Speech & Reading Intervention Center,7,1
2014,3900441,000804,Horizon Science Academy-Cincinnati,7,1
2014,3900444,000808,Horizon Science Academy-Dayton,7,1
2014,3900448,000813,Life Skills Center of Dayton,7,1
2014,3900451,000825,Horizon Science Academy-Springfield,7,1
2014,3900454,000838,Horizon Science Academy-Denison Middle School,7,1
2014,3900457,000843,Bennett Venture Academy,7,1
2014,3900467,000855,Stambaugh Charter Academy,7,1
2014,3900470,000858,Horizon Science Academy-Cleveland Middle School,7,1
2014,3900474,000875,Westside Academy,7,1
2014,3900478,000905,Interactive Media & Construction (IMAC),7,1
2014,3900479,000909,V L T Academy,7,2
2014,3900488,000282,Greater Ohio Virtual School,7,1
2014,3900490,000288,Auglaize County Educational Academy,7,1
2014,3900492,000296,Summit Academy Community School-Columbus,7,1
2014,3900493,000297,Summit Academy Community School - Dayton,7,1
2014,3900494,000298,Summit Academy Secondary - Akron,7,1
2014,3900495,000300,Summit Academy Secondary - Canton,7,1
2014,3900496,000301,Summit Academy Secondary - Lorain,7,1
2014,3900497,000302,Summit Academy Community School-Parma,7,1
2014,3900498,000303,Summit Academy Secondary - Youngstown,7,1
2014,3900499,000304,Summit Academy Community School-Toledo,7,1
2014,3900500,000305,Summit Academy Community School-Warren,7,1
2014,3900501,000306,Summit Academy Community School - Cincinnati,7,1
2014,3900502,000311,Bridges Community Academy,7,1
2014,3900503,000316,Constellation Schools: Westpark Community Middle,7,1
2014,3900505,000318,Menlo Park Academy,7,1
2014,3900506,000319,Constellation Schools: Madison Community Elementary,7,1
2014,3900507,000320,Constellation Schools: Lorain Community Middle,7,1
2014,3900508,000321,Constellation Schools: Old Brooklyn Community Middle,7,1
2014,3900510,000338,Horizon Science Academy Toledo,7,1
2014,3900514,000360,Miamisburg Secondary Academy,7,1
2014,3900523,000392,Mansfield Enhancement Academy,7,1
2014,3900525,000396,Mansfield Elective Academy,7,1
2014,3900528,000402,Findlay Digital Academy,7,1
2014,3900530,000417,Buckeye On-Line School for Success,7,1
2014,3900533,000420,Columbus Bilingual Academy,7,1
2014,3900534,000426,Lancaster Fairfield Community School,7,2
2014,3900537,000442,Manchester Local,1,1
2014,3900538,000445,General Chappie James Leadership Academy,7,2
2014,3900544,000481,P.A.C.E. High School,7,2
2014,3900550,000509,Whitehall Preparatory and Fitness Academy,7,1
2014,3900551,000510,Springfield Preparatory and Fitness Academy,7,1
2014,3900552,000511,Northland Preparatory and Fitness Academy,7,1
2014,3900557,000930,Cleveland Entrepreneurship Preparatory School,7,1
2014,3900562,000936,Promise Academy,7,1
2014,3900564,000938,Gateway Academy of Ohio,7,1
2014,3900567,000941,Par Excellence Academy,7,1
2014,3900568,000942,Lakewood City Academy,7,1
2014,3900569,000946,Cleveland Community School,7,1
2014,3900572,000949,Villaview Community School,7,1
2014,3900573,000951,Toledo Preparatory and Fitness Academy,7,1
2014,3900574,000952,Columbus Preparatory and Fitness Academy,7,1
2014,3900575,000953,Mt. Healthy Preparatory and Fitness Academy,7,1
2014,3900580,007984,Youngstown Academy of Excellence,7,1
2014,3900584,007995,Cleveland Arts and Social Sciences Academy,7,1
2014,3900585,007998,Center for Student Achievement,7,1
2014,3900586,007999,Charles School at Ohio Dominican University,7,1
2014,3900587,008000,Lorain Preparatory Academy,7,1
2014,3900592,008061,Arts and Science Preparatory Academy,7,2
2014,3900593,008063,Life Skills Center of North Akron,7,1
2014,3900594,008064,Academy of Arts and Sciences,7,1
2014,3900595,008065,Imani Learning Academy,7,2
2014,3900638,000912,Early College Academy,7,1
2014,3900639,008251,Mahoning Valley Opportunity Center,7,1
2014,3900640,008287,Groveport Community School,7,1
2014,3900641,008286,Harvard Avenue Community School,7,1
2014,3900642,008283,Dayton Technology Design High School,7,1
2014,3900643,008282,Life Skills Center of Columbus North,7,1
2014,3900644,008281,South Scioto Academy,7,1
2014,3900645,008280,Noble Academy-Columbus,7,1
2014,3900646,008278,Noble Academy-Cleveland,7,1
2014,3900647,008289,Eagle Learning Center,7,1
2014,3901296,009181,Clay Avenue Community School,7,1
2014,3901298,009171,Star Academy of Toledo,7,1
2014,3901301,009192,Foundation Academy,7,1
2014,3901302,009283,Dayton Early College Academy  Inc,7,1
2014,3901305,009122,Columbus Collegiate Academy,7,1
2014,3901308,009162,Bridge Academy of Ohio,7,2
2014,3901312,009154,Cincinnati Leadership Academy,7,1
2014,3901313,009164,Central Academy of Ohio,7,1
2014,3901314,009148,Zanesville Community School,7,1
2014,3901317,009163,C.M. Grant Leadership Academy,7,1
2014,3901319,009147,Northpointe Academy,7,1
2014,3901322,009179,Horizon Science Academy Columbus Middle School,7,1
2014,3901326,009149,Constellation Schools: Westside Community School of the Arts,7,1
2014,3901329,009996,Mahoning County High School,7,1
2014,3901330,009997,KIPP Columbus,7,1
2014,3901331,010005,Horizon Science Academy Cleveland Elementary School,7,2
2014,3901332,010006,Knight Academy,7,2
2014,3901333,010007,Horizon Science Academy Denison Elementary School,7,1
2014,3901335,010036,Cesar Chavez College Preparatory School,7,1
2014,3901336,010180,Mount Auburn International Academy,7,1
2014,3901337,010182,Performance Academy Eastland,7,1
2014,3901339,010205,L. Hollingworth School for Talented and Gifted,7,1
2014,3901340,009909,Constellation Schools: Mansfield Community Middle,7,2
2014,3901344,009953,Sullivant Avenue Community School,7,1
2014,3901345,009954,Harrisburg Pike Community School,7,1
2014,3901346,009955,Madison Avenue School of Arts,7,1
2014,3901347,009957,Klepinger Community School,7,1
2014,3901348,009964,Sciotoville Elementary Academy,7,1
2014,3901350,009971,Ashland County Community Academy,7,1
2014,3901353,009990,Horizon Science Academy Elementary School,7,1
2014,3901354,011439,Renaissance Academy,7,1
2014,3901356,011444,Rushmore Academy,7,1
2014,3901358,011470,A.B. Graham Academy,7,2
2014,3901359,011479,LifeLinks Community School,7,1
2014,3901361,011487,Falcon Academy of Creative Arts,7,1
2014,3901362,011507,Achieve Career Preparatory Academy,7,1
2014,3901363,011511,Lakeland Academy Community School,7,1
2014,3901364,011530,L.E.A.D. Academy,7,2
2014,3901365,011533,Horizon Science Academy Lorain,7,1
2014,3901366,011534,Horizon Science Academy Dayton High School,7,1
2014,3901368,011291,Village Preparatory School,7,1
2014,3901369,011381,Greater Summit County Early Learning Center,7,1
2014,3901370,011390,Bella Academy of Excellence,7,1
2014,3901371,011434,L.E.A.R.N. Academy,7,2
2014,3901372,011436,Pleasant Education Academy,7,1
2014,3901374,011506,Dayton Regional STEM School,1,1
2014,3901375,011468,Columbus Bilingual Academy-North,7,1
2014,3901376,011923,Northeast Ohio College Preparatory School,7,1
2014,3901377,011947,Imagine Akron Academy,7,1
2014,3901378,011956,Everest High School,7,1
2014,3901381,011967,Richland Academy School of Excellence,7,1
2014,3901382,011972,Graham Expeditionary Middle School,7,1
2014,3901383,011976,Horizon Science Academy Dayton Downtown,7,1
2014,3901388,011985,Theodore Roosevelt Public Community School,7,2
2014,3901389,011986,Horizon Science Academy Youngstown,7,1
2014,3901390,011987,Horizon Science Academy Toledo Downtown,7,2
2014,3901393,012000,Cruiser Academy,7,1
2014,3901396,012009,Zenith Academy East,7,1
2014,3901397,012010,Cleveland College Preparatory School,7,1
2014,3901398,012011,Columbus Performance Academy,7,1
2014,3901402,012024,Notten School for Science  Technology  Engineering and Mathe,7,2
2014,3901403,012025,Constellation Schools: Stockyard Community Middle,7,1
2014,3901405,012030,Near West Intergenerational School,7,1
2014,3901406,012031,Entrepreneurship Preparatory School - Woodland Hills Campus,7,1
2014,3901407,012033,Foxfire Intermediate School,7,1
2014,3901409,012036,Thurgood Marshall High School,7,1
2014,3901410,012037,New Beginnings Academy,7,1
2014,3901411,012038,Langston Hughes High School,7,1
2014,3901412,012040,Road to Success Academy,7,1
2014,3901413,012041,The Arch Academy,7,1
2014,3901414,012042,George V. Voinovich Reclamation Academy,7,1
2014,3901415,012043,Frederick Douglass Reclamation Academy,7,1
2014,3901416,012044,Capital High School,7,1
2014,3901417,012045,Patriot Preparatory Academy,7,1
2014,3901419,012052,Imagine on Superior,7,1
2014,3901420,012054,North Central Academy,7,1
2014,3901424,012078,Quest Community School,7,1
2014,3901427,012105,Southside Academy,7,1
2014,3901428,012060,Akros Middle School,7,1
2014,3901429,011324,Hardin Community School,7,1
2014,3901430,012684,Broadway Academy,7,1
2014,3901432,012671,Constellation Schools: Eastside Arts Academy,7,1
2014,3901433,012528,The Academy for Urban Scholars,7,1
2014,3901434,012644,STEAM Academy of Warren,7,1
2014,3901436,012629,Great Expectations Elementary School,7,1
2014,3901437,011948,Imagine Cleveland Academy,7,1
2014,3901439,012626,OAK Leadership Institute,7,1
2014,3901440,012683,Accelerated Achievement Academy of North Cincinnati,7,2
2014,3901441,012557,Woodland Academy,7,1
2014,3901442,012497,Pickerington Community School,7,1
2014,3901444,012029,Citizens Leadership Academy,7,1
2014,3901445,012628,Imagine Integrity Academy,7,1
2014,3901447,012536,Newbridge Math & Reading Preparatory Academy,7,1
2014,3901449,012513,Cincinnati College Preparatory Academy East,7,1
2014,3901450,012867,Townsend North Community School,7,1
2014,3901451,012529,Focus North High School,7,1
2014,3901452,012631,Impact Academy Cincinnati,7,1
2014,3901453,012026,Constellation Schools: Collinwood Village Academy,7,1
2014,3901454,012627,STEAM Academy of Akron,7,1
2014,3901455,012685,Steve Sanders Academy  The,7,2
2014,3901456,012556,Pearl Academy,7,1
2014,3901457,012541,University of Cleveland Preparatory School,7,1
2014,3901460,012624,Accelerated Achievement Academy of Cincinnati,7,1
2014,3901461,012570,Leadership Academy of Mathematics & Science of Cincinnati,7,2
2014,3901462,012668,Garfield Academy,7,1
2014,3901463,012501,Beacon Hill Academy,7,1
2014,3901465,012558,Global Village Academy,7,1
2014,3901466,012545,Imagine Woodbury Academy,7,1
2014,3901467,013200,Nexus Academy of Toledo,7,1
2014,3901468,013082,The Haley School,7,1
2014,3901469,013163,Akron Academy of Excellence  The,7,2
2014,3901470,013255,Canton College Preparatory School,7,1
2014,3901471,013146,STEAM Academy of Dayton,7,1
2014,3901472,013249,Academy for Urban Scholars Youngstown,7,1
2014,3901473,013170,Hope Academy for Autism,7,1
2014,3901474,013239,The Open School of Ohio,7,2
2014,3901475,013175,SunBridge Schools,7,1
2014,3901476,013059,West Carrollton Secondary Academy,7,1
2014,3901478,012951,Columbus Collegiate Academy - West,7,1
2014,3901479,013198,Brookwood Academy,7,1
2014,3901480,013232,A+ Children's Academy,7,1
2014,3901481,013080,Foundation Academy of Cleveland,7,2
2014,3901482,013147,STEAM Academy of Warrensville Heights,7,1
2014,3901483,013201,Nexus Academy of Columbus,7,1
2014,3901485,013240,Cincinnati State STEM Academy,7,1
2014,3901486,012852,Citizens Academy East,7,1
2014,3901487,013253,Ohio College Preparatory School,7,1
2014,3901488,013173,Imagine Hill Avenue,7,1
2014,3901489,013164,Believe to Achieve-Canton,7,2
2014,3901490,012391,Metro Early College High School,1,1
2014,3901491,013256,Cuyahoga Valley Academy,7,2
2014,3901493,013077,Foundation Academy of Akron,7,2
2014,3901495,013030,Graham Primary School,7,1
2014,3901496,013199,Nexus Academy of Cleveland,7,1
2014,3901497,013081,Urban Pathways Youngstown,7,2
2014,3901498,013148,Stepstone Academy,7,1
2014,3901499,013132,Lake Erie College Preparatory School,7,1
2014,3901500,013245,Young Scholars Prep School - South,7,2
2014,3901501,013233,Southern Ohio Academy,7,1
2014,3901502,013195,Academy of Educational Excellence,7,1
2014,3901503,013254,Akron Preparatory School,7,1
2014,3901504,013174,Young Scholars Prep School,7,1
2014,3901505,013034,Village Preparatory School:: Woodland Hills Campus,7,1
2014,3901506,013165,Believe To Achieve-Cleveland,7,2
2014,3901508,012924,DECA PREP,7,1
2014,3901509,013079,Foundation Academy of Canton,7,2
2014,3901510,013226,Life Skills High School of Cleveland,7,1
2014,3901511,014066,Main Street Preparatory Academy,7,1
2014,3901512,014231,Bio-Med Science Academy STEM School,1,1
2014,3901513,013907,Portage Path Preparatory Academy,7,7
2014,3901514,014189,West Park Academy,7,1
2014,3901515,014080,Aladdin Academy,7,1
2014,3901516,013864,Cincinnati Technology Academy,7,1
2014,3901517,014130,The Next Frontier Academy,7,1
2014,3901518,013914,Pegasus Academy,7,7
2014,3901519,014005,Secor Gardens Academy,7,2
2014,3901520,014091,Hope Learning Academy of Toledo,7,1
2014,3901521,014139,Imagine Columbus Primary School,7,1
2014,3901522,013967,Cincinnati Learning Schools,7,1
2014,3901523,014148,Provost Academy Ohio,7,1
2014,3901524,014064,Winton Preparatory Academy,7,1
2014,3901525,014190,Life Skills High School of Springfield,7,2
2014,3901526,014187,East Academy,7,1
2014,3901527,014061,Chapelside Cleveland Academy,7,1
2014,3901528,011440,WinWin Academy,7,2
2014,3901529,014467,United Preparatory Academy,7,3
2014,3901530,014067,Ohio Construction Academy,7,1
2014,3901531,014094,Lawrence County Academy,7,1
2014,3901532,013909,Classical Academy of Columbus Govening Council,7,7
2014,3901533,013892,Franklinton Preparatory Academy,7,1
2014,3901534,014081,Insight School of Ohio,7,1
2014,3901535,013930,Global Impact STEM Academy,1,1
2014,3901536,014149,Dayton SMART Elementary School,7,1
2014,3901537,014051,Northmont Secondary Academy,7,1
2014,3901538,014146,Ohio Cyber Academy,7,7
2014,3901539,013994,Albert Einstein Academy for Letters  Arts and Sciences-Ohio,7,1
2014,3901540,014132,STEAM Academy of  Cincinnati,7,1
2014,3901541,014072,Olympus K-12 Online School,7,7
2014,3901542,014194,Watkins Academy,7,1
2014,3901543,014065,Lincoln Park Academy,7,1
2014,3901544,013906,Melrose Preparatory Academy,7,7
2014,3901545,014188,Discovery Academy,7,1
2014,3901546,014062,Life Skills High School of Middletown,7,1
2014,3901547,014556,Early Career Academy Ohio  The,7,7
2014,3901548,013913,Beacon Hill Middle/High Academy,7,7
2014,3901549,014121,Imagine Leadership Academy,7,1
2014,3901550,014090,Berwyn East Academy,7,1
2014,3901551,013962,Liberty Preparatory School,7,1
2014,3901552,014158,Celerity Tenacia Charter School,7,1
2014,3901553,014060,Brown Street Academy,7,2
2014,3901554,014147,East Preparatory Academy,7,1
2014,3901555,013999,Rise & Shine Academy,7,1
2014,3901556,014063,University Academy,7,1
2014,3901557,014136,Mosaica Online of Ohio,7,6
2014,3901558,014633,City Prep Academy,7,3
2014,3901559,014912,Norwood Conversion Community School,7,3
2014,3901560,014858,REACH Academy,7,3
2014,3901561,014932,Cincinnati Generation Academy,7,3
2014,3901562,014825,Buckeye Preparatory Academy,7,3
2014,3901563,014864,Toledo SMART Elementary School,7,3
2014,3901564,014913,Lakeshore Intergenerational School,7,3
2014,3901565,014943,Valley STEM+ME2 Academy,1,7
2014,3901566,014830,Utica Shale Academy of Ohio,7,3
2014,3901567,014927,Steel Academy,7,3
2014,3901568,014904,T2 Honors Academy,7,3
2014,3904348,043489,Akron City,1,1
2014,3904349,043497,Alliance City,1,1
2014,3904350,043505,Ashland City,1,1
2014,3904351,043513,Ashtabula Area City,1,1
2014,3904352,043521,Athens City,1,1
2014,3904353,043539,Barberton City,1,1
2014,3904354,043547,Bay Village City,1,1
2014,3904355,043554,Beachwood City,1,1
2014,3904357,043570,Bellaire Local,1,1
2014,3904358,043588,Bellefontaine City,1,1
2014,3904359,043596,Bellevue City,1,1
2014,3904360,043612,Berea City,1,1
2014,3904361,043604,Belpre City,1,1
2014,3904362,043620,Bexley City,1,1
2014,3904363,043638,Bowling Green City School District,1,1
2014,3904364,043646,Brecksville-Broadview Heights City,1,1
2014,3904365,043653,Brooklyn City,1,1
2014,3904366,043661,Brunswick City,1,1
2014,3904367,043679,Bryan City,1,1
2014,3904368,043687,Bucyrus City,1,1
2014,3904369,043695,Cambridge City,1,1
2014,3904370,043703,Campbell City,1,1
2014,3904371,043711,Canton City,1,1
2014,3904373,043737,Centerville City,1,1
2014,3904374,043745,Chillicothe City,1,1
2014,3904375,043752,Cincinnati City,1,1
2014,3904376,043760,Circleville City,1,1
2014,3904377,043778,Claymont City,1,1
2014,3904378,043786,Cleveland Municipal,1,1
2014,3904379,043794,Cleveland Heights-University Heights City,1,1
2014,3904380,043802,Columbus City School District,1,1
2014,3904381,043810,Conneaut Area City,1,1
2014,3904382,043828,Coshocton City,1,1
2014,3904383,043836,Cuyahoga Falls City,1,1
2014,3904384,043844,Dayton City,1,1
2014,3904385,043851,Deer Park Community City,1,1
2014,3904386,043869,Defiance City,1,1
2014,3904387,043877,Delaware City,1,1
2014,3904388,043885,Delphos City,1,1
2014,3904389,043893,Dover City,1,1
2014,3904390,043901,East Cleveland City School District,1,1
2014,3904391,043919,East Liverpool City,1,1
2014,3904392,043927,East Palestine City,1,1
2014,3904393,043935,Eaton Community City,1,1
2014,3904394,043943,Elyria City Schools,1,1
2014,3904395,043950,Euclid City,1,1
2014,3904396,043968,Fairborn City,1,1
2014,3904397,043976,Fairview Park City,1,1
2014,3904399,043992,Fostoria City,1,1
2014,3904400,044008,Franklin City,1,1
2014,3904401,044016,Fremont City,1,1
2014,3904402,044024,Galion City,1,1
2014,3904403,044032,Gallipolis City,1,1
2014,3904404,044040,Garfield Heights City Schools,1,1
2014,3904405,044057,Geneva Area City,1,1
2014,3904406,044065,Girard City School District,1,1
2014,3904407,044073,Grandview Heights City,1,1
2014,3904408,044081,Winton Woods City,1,1
2014,3904409,044099,Greenville City,1,1
2014,3904410,044107,Hamilton City,1,1
2014,3904411,044115,Heath City,1,1
2014,3904412,044123,Hillsboro City,1,1
2014,3904413,044131,Huron City Schools,1,1
2014,3904414,044149,Ironton City,1,1
2014,3904415,044156,Jackson City,1,1
2014,3904416,044164,Kent City,1,1
2014,3904418,044180,Kettering City,1,1
2014,3904419,044198,Lakewood City,1,1
2014,3904420,044206,Lancaster City,1,1
2014,3904421,044214,Lebanon City,1,1
2014,3904422,044222,Lima City,1,1
2014,3904423,044230,Lockland Local,1,1
2014,3904424,044248,Logan-Hocking Local,1,1
2014,3904425,044255,London City,1,1
2014,3904426,044263,Lorain City,1,1
2014,3904427,044271,Loveland City,1,1
2014,3904428,044289,Madeira City,1,1
2014,3904429,044297,Mansfield City,1,1
2014,3904430,044305,Maple Heights City,1,1
2014,3904431,044313,Mariemont City,1,1
2014,3904433,044339,Marion City,1,1
2014,3904434,044347,Martins Ferry City,1,1
2014,3904435,044354,Massillon City,1,1
2014,3904436,044362,Maumee City,1,1
2014,3904437,044370,Mayfield City,1,1
2014,3904438,044388,Medina City SD,1,1
2014,3904439,044396,Miamisburg City,1,1
2014,3904440,044404,Middletown City,1,1
2014,3904441,044412,Mt Healthy City,1,1
2014,3904443,044438,Napoleon Area City,1,1
2014,3904444,044446,Nelsonville-York City,1,1
2014,3904445,044453,Newark City,1,1
2014,3904446,044461,New Boston Local,1,1
2014,3904447,044479,New Lexington City,1,1
2014,3904448,044487,New Philadelphia City,1,1
2014,3904449,044495,Niles City,1,1
2014,3904450,044503,North Canton City,1,1
2014,3904451,044511,North College Hill City,1,1
2014,3904452,044529,North Olmsted City,1,1
2014,3904453,044537,North Ridgeville City,1,1
2014,3904454,044545,North Royalton City,1,1
2014,3904455,044552,Norton City,1,1
2014,3904456,044560,Norwalk City,1,1
2014,3904457,044578,Norwood City,1,1
2014,3904458,044586,Oakwood City,1,1
2014,3904459,044594,Oberlin City Schools,1,1
2014,3904460,044602,Oregon City,1,1
2014,3904461,044610,Orrville City,1,1
2014,3904463,044636,Parma City,1,1
2014,3904464,044644,Piqua City,1,1
2014,3904465,044651,Port Clinton City,1,1
2014,3904467,044677,Princeton City,1,1
2014,3904468,044685,Ravenna City,1,1
2014,3904469,044693,Reading Community City,1,1
2014,3904470,044701,Rocky River City,1,1
2014,3904471,044719,St Bernard-Elmwood Place City,1,1
2014,3904472,044727,St Marys City,1,1
2014,3904474,044743,Sandusky City,1,1
2014,3904475,044750,Shaker Heights City,1,1
2014,3904476,044768,Sheffield-Sheffield Lake City,1,1
2014,3904479,044792,South Euclid-Lyndhurst City,1,1
2014,3904480,044800,South-Western City,1,1
2014,3904481,044818,Springfield City,1,1
2014,3904482,044826,Steubenville City,1,1
2014,3904483,044834,Stow-Munroe Falls City School District,1,1
2014,3904484,044842,Strongsville City,1,1
2014,3904485,044859,Struthers City,1,1
2014,3904486,044867,Sycamore Community City,1,1
2014,3904487,044875,Sylvania City,1,1
2014,3904488,044883,Tallmadge City,1,1
2014,3904489,044891,Tiffin City,1,1
2014,3904490,044909,Toledo City,1,1
2014,3904491,044917,Toronto City,1,1
2014,3904492,044925,Troy City,1,1
2014,3904493,044933,Upper Arlington City,1,1
2014,3904494,044941,Urbana City,1,1
2014,3904495,044958,Vandalia-Butler City,1,1
2014,3904498,044982,Wapakoneta City,1,1
2014,3904499,044990,Warren City,1,1
2014,3904500,045005,Warrensville Heights City,1,1
2014,3904502,045021,Wellston City,1,1
2014,3904503,045039,Wellsville Local,1,1
2014,3904504,045047,Westerville City,1,1
2014,3904505,045054,West Carrollton City,1,1
2014,3904506,045062,Westlake City,1,1
2014,3904507,045070,Whitehall City,1,1
2014,3904508,045088,Wickliffe City,1,1
2014,3904509,045096,Willard City,1,1
2014,3904510,045104,Willoughby-Eastlake City,1,1
2014,3904511,045112,Wilmington City,1,1
2014,3904513,045138,Worthington City,1,1
2014,3904514,045146,Wyoming City,1,1
2014,3904515,045153,Xenia Community City,1,1
2014,3904516,045161,Youngstown City Schools,1,1
2014,3904517,045179,Zanesville City,1,1
2014,3904518,045187,Ada Exempted Village,1,1
2014,3904519,045195,Amherst Exempted Village,1,1
2014,3904520,045203,Barnesville Exempted Village,1,1
2014,3904521,045211,Bluffton Exempted Village,1,1
2014,3904522,045229,Bradford Exempted Village,1,1
2014,3904523,045237,Bridgeport Exempted Village,1,1
2014,3904524,045245,Harrison Hills City,1,1
2014,3904525,045252,Caldwell Exempted Village,1,1
2014,3904526,045260,Carey Exempted Village,1,1
2014,3904527,045278,Carrollton Exempted Village,1,1
2014,3904528,045286,Chagrin Falls Exempted Village,1,1
2014,3904529,045294,Chesapeake Union Exempted Village,1,1
2014,3904531,045310,Coldwater Exempted Village,1,1
2014,3904532,045328,Columbiana Exempted Village,1,1
2014,3904533,045336,Covington Exempted Village,1,1
2014,3904535,045351,Crooksville Exempted Village,1,1
2014,3904536,045369,Fairport Harbor Exempted Village,1,1
2014,3904537,045377,Georgetown Exempted Village,1,1
2014,3904538,045385,Gibsonburg Exempted Village,1,1
2014,3904539,045393,Granville Exempted Village,1,1
2014,3904540,045401,Greenfield Exempted Village,1,1
2014,3904541,045419,Hicksville Exempted Village,1,1
2014,3904542,045427,Hubbard Exempted Village,1,1
2014,3904543,045435,Indian Hill Exempted Village,1,1
2014,3904545,045450,Lisbon Exempted Village,1,1
2014,3904546,045468,Loudonville-Perrysville Exempted Village,1,1
2014,3904547,045476,Marysville Exempted Village,1,1
2014,3904548,045484,Mechanicsburg Exempted Village,1,1
2014,3904549,045492,Mentor Exempted Village,1,1
2014,3904550,045500,Milford Exempted Village,1,1
2014,3904551,045518,Milton-Union Exempted Village,1,1
2014,3904552,045526,Montpelier Exempted Village,1,1
2014,3904553,045534,Mount Gilead Exempted Village,1,1
2014,3904554,045542,Newcomerstown Exempted Village,1,1
2014,3904555,045559,New Richmond Exempted Village,1,1
2014,3904556,045567,Newton Falls Exempted Village,1,1
2014,3904557,045575,Paulding Exempted Village,1,1
2014,3904558,045583,Perrysburg Exempted Village,1,1
2014,3904560,045609,Rossford Exempted Village,1,1
2014,3904561,045617,Tipp City Exempted Village,1,1
2014,3904563,045633,Versailles Exempted Village,1,1
2014,3904564,045641,Wauseon Exempted Village,1,1
2014,3904565,045658,Wellington Exempted Village,1,1
2014,3904566,045666,Windham Exempted Village,1,1
2014,3904567,045674,Yellow Springs Exempted Village,1,1
2014,3904574,045740,Allen County ESC,4,1
2014,3904575,045757,Allen East Local,1,1
2014,3904576,045765,Bath Local,1,1
2014,3904577,045773,Elida Local,1,1
2014,3904578,045781,Perry Local,1,1
2014,3904579,045799,Shawnee Local,1,1
2014,3904580,045807,Spencerville Local,1,1
2014,3904582,045823,Hillsdale Local,1,1
2014,3904583,045831,Mapleton Local,1,1
2014,3904584,045849,Ashtabula County ESC,4,1
2014,3904585,045856,Buckeye Local,1,1
2014,3904586,045864,Grand Valley Local,1,1
2014,3904587,045872,Jefferson Area Local,1,1
2014,3904588,045880,Pymatuning Valley Local,1,1
2014,3904590,045906,Alexander Local,1,1
2014,3904591,045914,Federal Hocking Local,1,1
2014,3904592,045922,Trimble Local,1,1
2014,3904593,045930,Auglaize County ESC,4,1
2014,3904594,045948,Minster Local,1,1
2014,3904595,045955,New Bremen Local,1,1
2014,3904596,045963,New Knoxville Local,1,1
2014,3904597,045971,Waynesfield-Goshen Local,1,1
2014,3904599,045997,St Clairsville-Richland City,1,1
2014,3904600,046003,Shadyside Local,1,1
2014,3904601,046011,Union Local,1,1
2014,3904602,046029,Brown ESC,4,1
2014,3904603,046037,Eastern Local,1,1
2014,3904604,046045,Fayetteville-Perry Local,1,1
2014,3904606,046060,Western Brown Local,1,1
2014,3904607,046078,Ripley-Union-Lewis-Huntington Local,1,1
2014,3904608,046086,Butler County ESC,4,1
2014,3904609,046094,Edgewood City,1,1
2014,3904610,046102,Fairfield City,1,1
2014,3904611,046110,Lakota Local,1,1
2014,3904612,046128,Madison Local,1,1
2014,3904613,046136,New Miami Local,1,1
2014,3904614,046144,Ross Local,1,1
2014,3904615,046151,Talawanda City,1,1
2014,3904617,046177,Brown Local,1,1
2014,3904619,046193,Graham Local,1,1
2014,3904620,046201,Triad Local,1,1
2014,3904621,046219,West Liberty-Salem Local,1,1
2014,3904622,046227,Clark County ESC,4,1
2014,3904623,046235,Greenon Local,1,1
2014,3904624,046243,Tecumseh Local,1,1
2014,3904625,046250,Northeastern Local,1,1
2014,3904626,046268,Northwestern Local,1,1
2014,3904627,046276,Southeastern Local,1,1
2014,3904628,046284,Clark-Shawnee Local,1,1
2014,3904629,046292,Clermont County ESC,4,1
2014,3904630,046300,Batavia Local,1,1
2014,3904631,046318,Bethel-Tate Local,1,1
2014,3904632,046326,Clermont Northeastern Local,1,1
2014,3904633,046334,Felicity-Franklin Local,1,1
2014,3904634,046342,Goshen Local,1,1
2014,3904635,046359,West Clermont Local,1,1
2014,3904636,046367,Williamsburg Local,1,1
2014,3904637,046375,Southern Ohio ESC,4,1
2014,3904638,046383,Blanchester Local,1,1
2014,3904639,046391,Clinton-Massie Local,1,1
2014,3904640,046409,East Clinton Local,1,1
2014,3904641,046417,Columbiana County ESC,4,1
2014,3904642,046425,Beaver Local,1,1
2014,3904643,046433,Crestview Local,1,1
2014,3904644,046441,Southern Local,1,1
2014,3904645,046458,United Local,1,1
2014,3904647,046474,Ridgewood Local,1,1
2014,3904648,046482,River View Local,1,1
2014,3904650,046508,Buckeye Central Local,1,1
2014,3904651,046516,Colonel Crawford Local,1,1
2014,3904652,046524,Wynford Local,1,1
2014,3904653,046532,ESC of Cuyahoga County,4,1
2014,3904655,046557,Cuyahoga Heights Local,1,1
2014,3904656,046565,Independence Local,1,1
2014,3904657,046573,Olmsted Falls City,1,1
2014,3904659,046599,Richmond Heights Local,1,1
2014,3904660,046607,Solon City,1,1
2014,3904661,046615,Darke County ESC,4,1
2014,3904662,046623,Ansonia Local,1,1
2014,3904663,046631,Arcanum-Butler Local,1,1
2014,3904664,046649,Franklin Monroe Local,1,1
2014,3904667,046672,Mississinawa Valley Local,1,1
2014,3904668,046680,Tri-Village Local,1,1
2014,3904670,046706,Ayersville Local,1,1
2014,3904671,046714,Central Local,1,1
2014,3904672,046722,Northeastern Local,1,1
2014,3904674,046748,Big Walnut Local,1,1
2014,3904675,046755,Buckeye Valley Local,1,1
2014,3904676,046763,Olentangy Local,1,1
2014,3904678,046789,Edison Local (formerly Berlin-Milan),1,1
2014,3904679,046797,Kelleys Island Local,1,1
2014,3904680,046805,Margaretta Local,1,1
2014,3904681,046813,Perkins Local,1,1
2014,3904682,046821,Vermilion Local,1,1
2014,3904683,046839,Fairfield County ESC,4,1
2014,3904684,046847,Amanda-Clearcreek Local,1,1
2014,3904685,046854,Berne Union Local,1,1
2014,3904686,046862,Bloom-Carroll Local,1,1
2014,3904687,046870,Fairfield Union Local,1,1
2014,3904688,046888,Liberty Union-Thurston Local,1,1
2014,3904689,046896,Pickerington Local,1,1
2014,3904690,046904,Walnut Township Local,1,1
2014,3904693,046938,ESC of Central Ohio,4,1
2014,3904694,046946,Canal Winchester Local,1,1
2014,3904695,046953,Hamilton Local,1,1
2014,3904696,046961,Gahanna-Jefferson City,1,1
2014,3904697,046979,Groveport Madison Local,1,1
2014,3904699,046995,New Albany-Plain Local,1,1
2014,3904700,047001,Reynoldsburg City,1,1
2014,3904701,047019,Hilliard City,1,1
2014,3904702,047027,Dublin City,1,1
2014,3904704,047043,Archbold-Area Local,1,1
2014,3904705,047050,Evergreen Local,1,1
2014,3904706,047068,Fayette Local,1,1
2014,3904707,047076,Pettisville Local,1,1
2014,3904708,047084,Pike-Delta-York Local,1,1
2014,3904709,047092,Swanton Local,1,1
2014,3904715,047159,Geauga County Educational Service Center,4,1
2014,3904716,047167,Berkshire Local,1,1
2014,3904717,047175,Cardinal Local,1,1
2014,3904718,047183,Chardon Local,1,1
2014,3904719,047191,Kenston Local,1,1
2014,3904720,047209,Ledgemont Local,1,1
2014,3904721,047217,Newbury Local,1,1
2014,3904722,047225,West Geauga Local,1,1
2014,3904723,047233,Greene County ESC,4,1
2014,3904724,047241,Beavercreek City,1,1
2014,3904725,047258,Cedar Cliff Local,1,1
2014,3904726,047266,Greeneview Local,1,1
2014,3904727,047274,Bellbrook-Sugarcreek Local School District,1,1
2014,3904730,047308,Rolling Hills Local,1,1
2014,3904732,047324,Hamilton County ESC,4,1
2014,3904733,047332,Finneytown Local,1,1
2014,3904734,047340,Forest Hills Local,1,1
2014,3904736,047365,Northwest Local,1,1
2014,3904737,047373,Oak Hills Local,1,1
2014,3904738,047381,Southwest Local,1,1
2014,3904739,047399,Three Rivers Local,1,1
2014,3904740,047407,Hancock County ESC,4,1
2014,3904742,047423,Arlington Local,1,1
2014,3904743,047431,Cory-Rawson Local,1,1
2014,3904744,047449,Liberty-Benton Local,1,1
2014,3904745,047456,McComb Local,1,1
2014,3904747,047472,Vanlue Local,1,1
2014,3904748,047480,Hardin County ESC,4,1
2014,3904749,047498,Hardin Northern Local,1,1
2014,3904750,047506,Ridgemont Local,1,1
2014,3904751,047514,Riverdale Local,1,1
2014,3904752,047522,Upper Scioto Valley Local,1,1
2014,3904754,047548,Conotton Valley Union Local,1,1
2014,3904757,047571,Holgate Local,1,1
2014,3904758,047589,Liberty Center Local,1,1
2014,3904759,047597,Patrick Henry Local,1,1
2014,3904761,047613,Bright Local,1,1
2014,3904762,047621,Fairfield Local,1,1
2014,3904763,047639,Lynchburg-Clay Local,1,1
2014,3904768,047688,East Holmes Local,1,1
2014,3904769,047696,West Holmes Local,1,1
2014,3904771,047712,Monroeville Local,1,1
2014,3904772,047720,New London Local,1,1
2014,3904773,047738,South Central Local,1,1
2014,3904774,047746,Western Reserve Local,1,1
2014,3904776,047761,Oak Hill Union Local,1,1
2014,3904777,047779,Jefferson County ESC,4,1
2014,3904778,047787,Buckeye Local,1,1
2014,3904779,047795,Edison Local,1,1
2014,3904780,047803,Indian Creek Local,1,1
2014,3904781,047811,Knox County ESC,4,1
2014,3904782,047829,Centerburg Local,1,1
2014,3904783,047837,Danville Local,1,1
2014,3904785,047852,Fredericktown Local,1,1
2014,3904786,047860,Lake County ESC,4,1
2014,3904787,047878,Kirtland Local,1,1
2014,3904788,047886,Madison Local,1,1
2014,3904790,047902,Perry Local,1,1
2014,3904791,047910,Lawrence County ESC,4,1
2014,3904792,047928,Dawson-Bryant Local,1,1
2014,3904793,047936,Fairland Local,1,1
2014,3904794,047944,Rock Hill Local,1,1
2014,3904795,047951,South Point Local,1,1
2014,3904796,047969,Symmes Valley Local,1,1
2014,3904797,047977,Licking County ESC,4,1
2014,3904798,047985,Johnstown-Monroe Local,1,1
2014,3904799,047993,Lakewood Local,1,1
2014,3904800,048009,Licking Heights Local,1,1
2014,3904801,048017,Licking Valley Local,1,1
2014,3904802,048025,North Fork Local,1,1
2014,3904803,048033,Northridge Local,1,1
2014,3904804,048041,Southwest Licking Local,1,1
2014,3904805,048058,Logan County ESC,4,1
2014,3904807,048074,Benjamin Logan Local,1,1
2014,3904808,048082,Indian Lake Local,1,1
2014,3904809,048090,Riverside Local,1,1
2014,3904810,048108,Lorain County ESC,4,1
2014,3904811,048116,Avon Local,1,1
2014,3904812,048124,Avon Lake City,1,1
2014,3904813,048132,Clearview Local,1,1
2014,3904814,048140,Columbia Local,1,1
2014,3904815,048157,Firelands Local,1,1
2014,3904816,048165,Keystone Local,1,1
2014,3904817,048173,Midview Local,1,1
2014,3904819,048199,ESC of Lake Erie West,4,1
2014,3904820,048207,Anthony Wayne Local,1,1
2014,3904821,048215,Ottawa Hills Local,1,1
2014,3904822,048223,Springfield Local,1,1
2014,3904823,048231,Washington Local,1,1
2014,3904825,048256,Jefferson Local,1,1
2014,3904826,048264,Jonathan Alder Local,1,1
2014,3904827,048272,Madison-Plains Local,1,1
2014,3904828,048280,Mahoning County ESC,4,1
2014,3904829,048298,Austintown Local,1,1
2014,3904830,048306,Boardman Local,1,1
2014,3904831,048314,Canfield Local,1,1
2014,3904832,048322,Jackson-Milton Local,1,1
2014,3904833,048330,Lowellville Local,1,1
2014,3904834,048348,Poland Local,1,1
2014,3904835,048355,Sebring Local,1,1
2014,3904836,048363,South Range Local,1,1
2014,3904837,048371,Springfield Local,1,1
2014,3904838,048389,West Branch Local,1,1
2014,3904839,048397,Western Reserve Local,1,1
2014,3904841,048413,Elgin Local,1,1
2014,3904842,048421,Pleasant Local,1,1
2014,3904843,048439,Ridgedale Local,1,1
2014,3904844,048447,River Valley Local,1,1
2014,3904845,048454,Medina County ESC,4,1
2014,3904846,048462,Black River Local,1,1
2014,3904847,048470,Buckeye Local,1,1
2014,3904848,048488,Cloverleaf Local,1,1
2014,3904849,048496,Highland Local,1,1
2014,3904851,048512,Eastern Local,1,1
2014,3904852,048520,Meigs Local,1,1
2014,3904853,048538,Southern Local,1,1
2014,3904854,048546,Mercer County ESC,4,1
2014,3904857,048579,Parkway Local,1,1
2014,3904858,048587,St Henry Consolidated Local,1,1
2014,3904859,048595,Fort Recovery Local,1,1
2014,3904860,048603,Miami County ESC,4,1
2014,3904861,048611,Bethel Local,1,1
2014,3904862,048629,Miami East Local,1,1
2014,3904863,048637,Newton Local,1,1
2014,3904865,048652,Switzerland of Ohio Local,1,1
2014,3904866,048660,Montgomery County ESC,4,1
2014,3904867,048678,Brookville Local,1,1
2014,3904868,048686,Jefferson Township Local,1,1
2014,3904869,048694,Trotwood-Madison City,1,1
2014,3904870,048702,Mad River Local,1,1
2014,3904871,048710,New Lebanon Local,1,1
2014,3904872,048728,Northmont City,1,1
2014,3904873,048736,Northridge Local,1,1
2014,3904874,048744,Valley View Local,1,1
2014,3904875,048751,Huber Heights City,1,1
2014,3904877,048777,Morgan Local,1,1
2014,3904879,048793,Cardington-Lincoln Local,1,1
2014,3904880,048801,Highland Local,1,1
2014,3904881,048819,Northmor Local,1,1
2014,3904883,048835,East Muskingum Local,1,1
2014,3904884,048843,Franklin Local,1,1
2014,3904885,048850,Maysville Local,1,1
2014,3904887,048876,Tri-Valley Local,1,1
2014,3904888,048884,West Muskingum Local,1,1
2014,3904890,048900,Noble Local,1,1
2014,3904892,048926,Benton Carroll Salem Local,1,1
2014,3904893,048934,Danbury Local,1,1
2014,3904894,048942,Genoa Area Local,1,1
2014,3904895,048959,Middle Bass Local,1,1
2014,3904896,048967,North Bass Local,1,1
2014,3904897,048975,Put-In-Bay Local,1,1
2014,3904899,048991,Antwerp Local,1,1
2014,3904900,049296,Twin Valley Community Local,1,1
2014,3904903,049031,Wayne Trace Local,1,1
2014,3904905,049056,Northern Local,1,1
2014,3904906,049064,Southern Local,1,1
2014,3904907,049072,Pickaway County ESC,4,1
2014,3904908,049080,Logan Elm Local,1,1
2014,3904909,049098,Teays Valley Local,1,1
2014,3904910,049106,Westfall Local,1,1
2014,3904912,049122,Eastern Local,1,1
2014,3904913,049130,Scioto Valley Local,1,1
2014,3904914,049148,Waverly City,1,1
2014,3904915,049155,Western Local,1,1
2014,3904916,049163,Portage County ESC,4,1
2014,3904917,049171,Aurora City,1,1
2014,3904918,049189,Crestwood Local,1,1
2014,3904919,049197,Field Local,1,1
2014,3904920,049205,James A Garfield Local,1,1
2014,3904921,049213,Rootstown Local,1,1
2014,3904922,049221,Southeast Local,1,1
2014,3904923,049239,Streetsboro City,1,1
2014,3904924,049247,Waterloo Local,1,1
2014,3904925,049254,Preble County ESC,4,1
2014,3904926,091397,Tri-County North Local,1,1
2014,3904927,049270,National Trail Local,1,1
2014,3904928,049288,Preble Shawnee Local,1,1
2014,3904930,049304,Putnam County ESC,4,1
2014,3904931,049312,Columbus Grove Local,1,1
2014,3904932,049320,Continental Local,1,1
2014,3904933,049338,Jennings Local,1,1
2014,3904934,049346,Kalida Local,1,1
2014,3904935,049353,Leipsic Local,1,1
2014,3904936,049361,Miller City-New Cleveland Local,1,1
2014,3904937,049379,Ottawa-Glandorf Local,1,1
2014,3904938,049387,Ottoville Local,1,1
2014,3904939,049395,Pandora-Gilboa Local,1,1
2014,3904941,049411,Clear Fork Valley Local,1,1
2014,3904942,049429,Crestview Local,1,1
2014,3904943,049437,Lexington Local,1,1
2014,3904944,049445,Lucas Local,1,1
2014,3904945,049452,Madison Local,1,1
2014,3904946,049460,Plymouth-Shiloh Local,1,1
2014,3904947,049478,Ontario Local,1,1
2014,3904949,049494,Adena Local,1,1
2014,3904950,049502,Huntington Local,1,1
2014,3904951,049510,Paint Valley Local,1,1
2014,3904952,049528,Southeastern Local,1,1
2014,3904953,049536,Union-Scioto Local,1,1
2014,3904954,049544,Zane Trace Local,1,1
2014,3904956,049569,Lakota Local,1,1
2014,3904957,049577,Woodmore Local,1,1
2014,3904959,049593,Bloom-Vernon Local,1,1
2014,3904961,049619,Green Local,1,1
2014,3904962,049627,Minford Local,1,1
2014,3904963,049635,Northwest Local,1,1
2014,3904964,049643,Valley Local,1,1
2014,3904965,049650,Washington-Nile Local,1,1
2014,3904966,049668,Wheelersburg Local,1,1
2014,3904968,049684,Seneca East Local,1,1
2014,3904969,049692,Bettsville Local,1,2
2014,3904970,049700,Hopewell-Loudon Local,1,1
2014,3904971,049718,New Riegel Local,1,1
2014,3904974,049742,Shelby County ESC,4,1
2014,3904976,049767,Botkins Local,1,1
2014,3904977,049775,Fairlawn Local,1,1
2014,3904978,049783,Fort Loramie Local,1,1
2014,3904979,049791,Hardin-Houston Local,1,1
2014,3904981,049817,Russia Local,1,1
2014,3904982,049825,Stark County ESC,4,1
2014,3904983,049833,Canton Local,1,1
2014,3904984,049841,Fairless Local,1,1
2014,3904985,049858,Jackson Local,1,1
2014,3904986,049866,Lake Local,1,1
2014,3904987,049874,Louisville City,1,1
2014,3904988,049882,Marlington Local,1,1
2014,3904989,049890,Minerva Local,1,1
2014,3904990,049908,Northwest Local,1,1
2014,3904991,049916,Osnaburg Local,1,1
2014,3904992,049924,Perry Local,1,1
2014,3904993,049932,Plain Local,1,1
2014,3904994,049940,Sandy Valley Local,1,1
2014,3904995,049957,Tuslaw Local,1,1
2014,3904996,049965,Summit County ESC,4,1
2014,3904997,049973,Woodridge Local,1,1
2014,3904998,049981,Copley-Fairlawn City,1,1
2014,3904999,049999,Coventry Local,1,1
2014,3905000,050005,Manchester Local,1,1
2014,3905001,050013,Green Local,1,1
2014,3905002,050021,Hudson City,1,1
2014,3905003,050039,Mogadore Local,1,1
2014,3905004,050047,Nordonia Hills City,1,1
2014,3905005,050054,Revere Local,1,1
2014,3905006,050062,Springfield Local,1,1
2014,3905007,050070,Twinsburg City,1,1
2014,3905008,050088,Trumbull County ESC,4,1
2014,3905009,050096,Bloomfield-Mespo Local,1,1
2014,3905011,050112,Bristol Local,1,1
2014,3905012,050120,Brookfield Local,1,1
2014,3905013,050138,Champion Local,1,1
2014,3905015,050153,Mathews Local,1,1
2014,3905016,050161,Howland Local,1,1
2014,3905017,050179,Joseph Badger Local,1,1
2014,3905018,050187,Lakeview Local,1,1
2014,3905019,050195,Liberty Local,1,1
2014,3905020,050203,Lordstown Local,1,1
2014,3905021,050211,Maplewood Local,1,1
2014,3905022,050229,McDonald Local,1,1
2014,3905023,050237,Southington Local,1,1
2014,3905024,050245,LaBrae Local,1,1
2014,3905025,050252,Weathersfield Local,1,1
2014,3905026,050260,East Central Ohio ESC,4,1
2014,3905027,050278,Garaway Local,1,1
2014,3905028,050286,Indian Valley Local Schools,1,1
2014,3905029,050294,Strasburg-Franklin Local,1,1
2014,3905030,050302,Tuscarawas Valley Local,1,1
2014,3905032,050328,Fairbanks Local,1,1
2014,3905033,050336,North Union Local,1,1
2014,3905035,050351,Crestview Local,1,1
2014,3905039,050393,Vinton County Local,1,1
2014,3905040,050401,Warren County ESC,4,1
2014,3905041,050419,Carlisle Local,1,1
2014,3905042,050427,Springboro Community City,1,1
2014,3905043,050435,Kings Local,1,1
2014,3905044,050443,Little Miami Local,1,1
2014,3905045,050450,Mason City School District,1,1
2014,3905046,050468,Wayne Local,1,1
2014,3905048,050484,Fort Frye Local,1,1
2014,3905049,050492,Frontier Local,1,1
2014,3905051,050518,Wolf Creek Local,1,1
2014,3905052,050526,Tri-County ESC,4,1
2014,3905053,050534,Chippewa Local,1,1
2014,3905054,050542,Dalton Local,1,1
2014,3905055,050559,Green Local,1,1
2014,3905056,050567,Norwayne Local,1,1
2014,3905058,050583,Southeast Local,1,1
2014,3905059,050591,Triway Local,1,1
2014,3905061,050617,Edgerton Local,1,1
2014,3905062,050625,Edon-Northwest Local,1,1
2014,3905063,050633,Millcreek-West Unity Local,1,1
2014,3905064,050641,North Central Local,1,1
2014,3905065,050658,Stryker Local,1,1
2014,3905066,050666,Wood County ESC,4,1
2014,3905067,050674,Eastwood Local,1,1
2014,3905068,050682,Elmwood Local,1,1
2014,3905069,050690,Lake Local,1,1
2014,3905070,050708,North Baltimore Local,1,1
2014,3905071,050716,Northwood Local Schools,1,1
2014,3905072,050724,Otsego Local,1,1
2014,3905074,050740,Mohawk Local,1,1
2014,3905077,050773,Apollo,4,1
2014,3905079,050799,Southern Hills,4,1
2014,3905081,050815,Ashtabula County Technical and Career Center,4,1
2014,3905085,050856,Belmont-Harrison,4,1
2014,3905088,050880,Butler Technology & Career Development Schools,4,1
2014,3905090,050906,Columbiana County,4,1
2014,3905092,050922,Cuyahoga Valley Career Center,4,1
2014,3905094,050948,Polaris,4,1
2014,3905096,050963,Four County Career Center,4,1
2014,3905098,050989,Delaware Area Career Center,4,1
2014,3905100,051003,Eastland-Fairfield Career/Tech,4,1
2014,3905102,051029,EHOVE Career Center,4,1
2014,3905104,051045,Greene County Vocational School District,4,1
2014,3905106,051060,Great Oaks Inst Of Technology,4,1
2014,3905112,051128,Jefferson County,4,1
2014,3905114,051144,Knox County JVSD,4,1
2014,3905116,051169,Auburn,4,1
2014,3905118,051185,Lawrence County,4,1
2014,3905120,051201,Career and Technology Educational Centers,4,1
2014,3905122,051227,Lorain County JVS,4,1
2014,3905124,051243,Mahoning Co Career & Tech Ctr,4,1
2014,3905128,051284,Miami Valley Career Tech,4,1
2014,3905130,051300,Mid-East Career and Technology Centers,4,1
2014,3905133,051334,Ohio Hi-Point Career Center,4,1
2014,3905135,051359,Penta Career Center - District,4,1
2014,3905137,051375,Pike County Area,4,1
2014,3905139,051391,Maplewood Career Center,4,1
2014,3905141,051417,Pioneer Career & Technology,4,1
2014,3905143,051433,Pickaway-Ross County JVSD,4,1
2014,3905145,051458,Vanguard-Sentinel Career & Technology Centers,4,1
2014,3905147,051474,Warren County Vocational School,4,1
2014,3905149,051490,Scioto County Career Technical Center,4,1
2014,3905153,051532,Springfield-Clark County,4,1
2014,3905160,051607,Tri-County Career Center,4,1
2014,3905163,051631,Trumbull Career & Tech Ctr,4,1
2014,3905165,051656,Buckeye,4,1
2014,3905167,051672,Vantage Career Center,4,1
2014,3905169,051698,Washington County Career Center,4,1
2014,3905171,051714,Wayne County JVSD,4,1
2014,3906190,061903,Adams County/Ohio Valley Local,1,1
2014,3906202,062026,Stark County Area,4,1
2014,3906204,062042,Ashland County-West Holmes,4,1
2014,3906206,062067,Gallia-Jackson-Vinton,4,1
2014,3906210,062109,Medina County Joint Vocational School District,4,1
2014,3906212,062125,Upper Valley Career Center,4,1
2014,3906280,062802,U S Grant,4,1
2014,3906349,063495,Portage Lakes,4,1
2014,3906351,063511,Tolles Career & Technical Center,4,1
2014,3906496,064964,College Corner Local,1,1
2014,3906522,065227,Coshocton County,4,1
2014,3906526,065268,Tri-Rivers,4,1
2014,3906568,065680,Gallia County Local,1,1
2014,3906968,069682,East Guernsey Local,1,1
2014,3910000,043984,Findlay City,1,1
2014,3910001,047464,Van Buren Local,1,1
2014,3910002,047415,Arcadia Local,1,1
2014,3910003,044784,Sidney City,1,1
2014,3910004,049759,Anna Local,1,1
2014,3910005,049809,Jackson Center Local,1,1
2014,3910006,044735,Salem City,1,1
2014,3910007,045443,Leetonia Exempted Village,1,1
2014,3910008,045344,Crestline Exempted Village,1,1
2014,3910009,044776,Shelby City,1,1
2014,3910010,046920,Miami Trace Local,1,1
2014,3910011,045013,Washington Court House City,1,1
2014,3910012,044420,Mount Vernon City,1,1
2014,3910013,047845,East Knox Local,1,1
2014,3910014,047894,Riverside Local,1,1
2014,3910015,044628,Painesville City Local,1,1
2014,3910016,046581,Orange City,1,1
2014,3910017,043562,Bedford City,1,1
2014,3910018,050500,Warren Local,1,1
2014,3910019,044321,Marietta City,1,1
2014,3910020,045302,Clyde-Green Springs Exempted Village,1,1
2014,3910021,049726,Old Fort Local,1,1
2014,3910022,050369,Lincolnview Local,1,1
2014,3910023,044966,Van Wert City,1,1
2014,3910024,045625,Upper Sandusky Exempted Village,1,1
2014,3910025,044172,Kenton City,1,1
2014,3910026,049601,Clay Local,1,1
2014,3910027,044669,Portsmouth City,1,1
2014,3910028,045591,Rittman Exempted Village,1,1
2014,3910029,044974,Wadsworth City,1,1
2014,3910030,043729,Celina City,1,1
2014,3910031,048553,Marion Local,1,1
2014,3910032,045120,Wooster City,1,1
2014,3910033,050575,Northwestern Local,1,1
2015,3900001,071530,Ohio School For The Deaf,5,1
2015,3900002,071548,Ohio School For The Blind,5,1
2015,3900008,125252,Muskingum Valley ESC,4,1
2015,3900009,125658,South Central Ohio ESC,4,1
2015,3900012,125682,Gallia-Vinton ESC,4,1
2015,3900013,125690,North Point Educational Service Center,4,1
2015,3900014,123281,Ohio Valley ESC,4,1
2015,3900015,124297,Northwest Ohio Educational Service Center,4,1
2015,3900017,134072,Youngstown Community School,7,1
2015,3900019,134098,Constellation Schools: Old Brooklyn Community Elementary,7,1
2015,3900022,134122,Autism Model School,7,1
2015,3900023,134148,Aurora Academy,7,1
2015,3900025,134197,Green Inspiration Academy,7,1
2015,3900027,134213,Middlebury Academy,7,1
2015,3900028,134221,Colonial Prep Academy,7,1
2015,3900029,134247,City Day Community School,7,1
2015,3900031,133512,Cincinnati College Preparatory Academy,7,1
2015,3900032,133520,Citizens Academy,7,1
2015,3900033,133538,Edge Academy The,7,1
2015,3900036,133561,Millennium Community School,7,1
2015,3900038,133587,Summit Academy Akron Elementary School,7,1
2015,3900040,133629,Horizon Science Acad Cleveland,7,1
2015,3900042,133660,Horizon Science Academy Columbus,7,1
2015,3900043,133678,Riverside Academy,7,1
2015,3900047,133736,Richard Allen Academy,7,1
2015,3900050,133801,Life Skills Ctr Of Youngstown,7,1
2015,3900051,133819,Lincoln Preparatory Academy,7,1
2015,3900052,133835,Invictus High School,7,1
2015,3900053,133868,Towpath Trail High School,7,1
2015,3900056,133942,Toledo School For The Arts,7,1
2015,3900057,133959,Dayton Leadership Academies-Early Learning Academy,7,1
2015,3900063,123257,North Central Ohio ESC,4,1
2015,3900064,123521,Mid-Ohio ESC,4,1
2015,3900065,133215,Intergenerational School The,7,1
2015,3900068,133256,Constellation Schools: Parma Community,7,1
2015,3900071,133306,Summit Academy Community School for Alternative Learn-Canton,7,1
2015,3900072,133330,T.C.P. World Academy,7,1
2015,3900073,133348,Richard Allen Preparatory,7,1
2015,3900077,133389,Lighthouse Community Sch Inc,7,1
2015,3900079,133413,Electronic Classroom Of Tomorrow,7,1
2015,3900080,133421,Graham School The,7,1
2015,3900081,133439,Cornerstone Academy Community School,7,1
2015,3900083,133454,Dayton Leadership Academies-Dayton View Campus,7,1
2015,3900084,133488,River Gate High School,7,1
2015,3900086,133785,Life Skills Ctr Of Cincinnati,7,1
2015,3900090,134999,Western Buckeye ESC,4,1
2015,3900091,135145,Athens-Meigs ESC,4,1
2015,3900092,137364,Madison-Champaign ESC,4,1
2015,3900093,138222,Ross-Pike ESC,4,1
2015,3900094,139303,Monroe Local,1,1
2015,3900096,132746,Summit Acdy Comm Schl for Alternative Learners of Middletown,7,1
2015,3900097,132761,Summit Academy Community School Alternative Learners -Xenia,7,1
2015,3900098,132779,Summit Academy Akron Middle School,7,1
2015,3900099,132787,Springfield Academy of Excellence,7,2
2015,3900100,132795,Cliff Park High School,7,1
2015,3900101,132803,Marshall High School,7,1
2015,3900102,132951,Constellation Schools: Lorain Community Elementary,7,1
2015,3900103,132969,Constellation Schools: Elyria Community,7,1
2015,3900104,132985,Youthbuild Columbus Community,7,1
2015,3900105,132993,Constellation Schools: Westpark Community Elementary,7,1
2015,3900106,133264,Dohn Community,7,1
2015,3900107,133280,Washington Park Community School,7,1
2015,3900109,133322,Summit Academy Community School Alternative Learners-Lorain,7,1
2015,3900113,133504,Phoenix Community Learning Ctr,7,1
2015,3900117,143297,The Autism Academy Of Learning,7,1
2015,3900118,143305,Treca Digital Academy,7,1
2015,3900119,143313,West Preparatory Academy,7,1
2015,3900120,143552,Eagle Academy,7,1
2015,3900121,143602,Hamilton Cnty Math & Science,7,1
2015,3900123,143644,Sciotoville,7,1
2015,3900125,000125,Polly Fox Academy Community School,7,1
2015,3900126,000130,Phoenix Academy Community School,7,1
2015,3900127,000131,Glass City Academy,7,1
2015,3900129,000138,Pathway School of Discovery,7,1
2015,3900130,000139,Alliance Academy of Cincinnati,7,1
2015,3900133,000162,Newark Digital Academy,7,1
2015,3900135,000197,Hamilton Alternative Academy,7,1
2015,3900138,000222,Wildwood Environmental Academy,7,1
2015,3900145,148981,Tomorrow Center,7,1
2015,3900146,148999,Mahoning Unlimited Classroom,7,1
2015,3900151,149047,Goal Digital Academy,7,1
2015,3900152,149054,Akron Digital Academy,7,1
2015,3900153,149062,Urbana Community School,7,1
2015,3900155,149088,Fairborn Digital Academy,7,1
2015,3900175,142901,Life Skills Center  of Canton,7,1
2015,3900176,142919,Life Skills Center of Elyria,7,1
2015,3900177,142927,Focus Learning Academy of Southwest Columbus,7,1
2015,3900178,142935,Focus Learning Academy of Southeastern Columbus,7,1
2015,3900179,142943,Focus Learning Academy of Northern Columbus,7,1
2015,3900180,142950,Ohio Virtual Academy,7,1
2015,3900181,142968,Hope Academy Northcoast,7,1
2015,3900184,143115,Mound Street IT Careers Academy,7,1
2015,3900185,143123,Mound Street Military Careers Academy,7,1
2015,3900186,143131,Mound Street Health Careers Acadmy,7,1
2015,3900189,143164,Life Skills Center Of Hamilton County,7,6
2015,3900190,143172,International Acad Of Columbus,7,1
2015,3900192,143198,Great Western Academy,7,1
2015,3900193,143206,Trotwood Fitness & Prep Acad,7,1
2015,3900194,143214,Middletown Fitness & Prep Acad,7,1
2015,3900203,143396,Alternative Education Academy,7,1
2015,3900211,143479,Constellation Schools: Puritas Community Elementary,7,1
2015,3900212,143487,Constellation Schools: Stockyard Community Elementary,7,1
2015,3900214,143503,Lake Erie Academy,7,2
2015,3900216,143529,North Dayton School Of Science & Discovery,7,1
2015,3900217,143537,Virtual Community School Of Ohio,7,1
2015,3900219,143560,Richard Allen Academy II,7,1
2015,3900220,143578,Richard Allen Academy III,7,1
2015,3900223,143610,Arts & College Preparatory Academy,7,1
2015,3900226,148916,Marion City Digital Academy,7,1
2015,3900228,148932,Franklin Local Community School,7,1
2015,3900231,149302,Life Skills Center Of Toledo,7,1
2015,3900233,149328,Foxfire High School,7,1
2015,3900234,149336,Southwest Licking Digital Acad,7,1
2015,3900237,060988,Buckeye United School District,5,1
2015,3900238,065201,Ohio Central School System,5,1
2015,3900241,132944,Miami Valley Academies,7,1
2015,3900250,000236,Ohio Connections Academy Inc,7,1
2015,3900252,000241,Quaker Digital Academy,7,1
2015,3900259,149427,Massillon Digital Academy Inc,7,1
2015,3900262,151027,London Academy,7,1
2015,3900263,151035,Pleasant Community Digital,7,1
2015,3900273,151142,Lorain K-12 Digital Academy,7,1
2015,3900275,151167,Ridgedale Community School,7,1
2015,3900276,151175,West Central Learning Academy II,7,1
2015,3900277,151183,Lake Erie International High School,7,1
2015,3900278,151191,The Capella Institute,7,1
2015,3900279,151209,Life Skills Of Northeast Ohio,7,1
2015,3900282,151233,Lakewood Digital Academy,7,1
2015,3900285,000525,Canton Harbor High School,7,1
2015,3900286,000527,Cleveland Academy for Scholarship Technology and Leadership,7,1
2015,3900291,000534,Constellation Schools: Puritas Community Middle,7,1
2015,3900297,000541,Constellation Schools: Outreach Academy for Students with Di,7,1
2015,3900299,000543,Pinnacle Academy,7,1
2015,3900302,000546,Winterfield Venture Academy,7,1
2015,3900304,000553,Columbus Humanities Arts and Technology Academy,7,1
2015,3900305,000556,A+ Arts Academy,7,1
2015,3900306,000557,Columbus Arts & Technology Academy,7,1
2015,3900307,000558,Columbus Preparatory Academy,7,1
2015,3900308,000559,Orion Academy,7,1
2015,3900309,000560,Apex Academy,7,1
2015,3900311,000564,Virtual Schoolhouse Inc.,7,1
2015,3900313,000575,Hope Academy Northwest Campus,7,1
2015,3900314,000576,King Academy Community School,7,1
2015,3900315,000577,Emerson Academy,7,1
2015,3900321,000585,FCI Academy,7,2
2015,3900331,000598,Coshocton Opportunity School,7,1
2015,3900337,000608,Summit Academy Transition High School-Cincinnati,7,1
2015,3900338,000609,Summit Academy Middle School - Lorain,7,1
2015,3900339,000610,Summit Academy Middle School - Columbus,7,1
2015,3900341,000613,Heir Force Community School,7,1
2015,3900342,000614,Summit Academy Transition High School-Columbus,7,1
2015,3900344,000616,Summit Academy Alternative LearnersWarren Middle & Secondary,7,1
2015,3900348,000621,Summit Academy Transition High School Dayton,7,1
2015,3900350,000623,Summit Academy-Youngstown,7,1
2015,3900356,000629,Summit Academy Community School - Painesville,7,1
2015,3900360,000633,Summit Academy Toledo Learning Center,7,1
2015,3900361,000634,Summit Academy Secondary School - Middletown,7,1
2015,3900366,000640,Rittman Academy,7,1
2015,3900381,000664,Life Skills Center of Columbus Southeast,7,1
2015,3900382,000677,New Day Academy Boarding & Day School,7,1
2015,3900383,000679,Oakstone Community School,7,1
2015,3900385,147231,Schnee Learning Center,7,1
2015,3900396,000725,Zenith Academy,7,1
2015,3900399,000736,HBCU Preparatory School 1,7,1
2015,3900400,000738,HBCU Preparatory School 2,7,1
2015,3900428,000770,Maritime Academy of Toledo The,7,1
2015,3900434,000779,Educational Academy for Boys & Girls,7,1
2015,3900435,000780,Midnimo Cross Cultural Community School,7,1
2015,3900436,000781,Cincinnati Speech & Reading Intervention Center,7,1
2015,3900441,000804,Horizon Science Academy-Cincinnati,7,1
2015,3900444,000808,Horizon Science Academy-Dayton,7,1
2015,3900448,000813,Life Skills Center of Dayton,7,1
2015,3900451,000825,Horizon Science Academy-Springfield,7,1
2015,3900454,000838,Horizon Science Academy-Denison Middle School,7,1
2015,3900457,000843,Bennett Venture Academy,7,1
2015,3900467,000855,Stambaugh Charter Academy,7,1
2015,3900470,000858,Horizon Science Academy-Cleveland Middle School,7,1
2015,3900474,000875,Westside Academy,7,1
2015,3900478,000905,Interactive Media & Construction (IMAC),7,1
2015,3900488,000282,Greater Ohio Virtual School,7,1
2015,3900490,000288,Auglaize County Educational Academy,7,1
2015,3900492,000296,Summit Academy Community School-Columbus,7,1
2015,3900493,000297,Summit Academy Community School - Dayton,7,1
2015,3900494,000298,Summit Academy Secondary - Akron,7,1
2015,3900495,000300,Summit Academy Secondary - Canton,7,1
2015,3900496,000301,Summit Academy Secondary - Lorain,7,1
2015,3900497,000302,Summit Academy Community School-Parma,7,1
2015,3900498,000303,Summit Academy Secondary - Youngstown,7,1
2015,3900499,000304,Summit Academy Community School-Toledo,7,1
2015,3900500,000305,Summit Academy Community School-Warren,7,1
2015,3900501,000306,Summit Academy Community School - Cincinnati,7,1
2015,3900502,000311,Bridges Community Academy,7,1
2015,3900503,000316,Constellation Schools: Westpark Community Middle,7,1
2015,3900505,000318,Menlo Park Academy,7,1
2015,3900506,000319,Constellation Schools: Madison Community Elementary,7,1
2015,3900507,000320,Constellation Schools: Lorain Community Middle,7,1
2015,3900508,000321,Constellation Schools: Old Brooklyn Community Middle,7,1
2015,3900510,000338,Horizon Science Academy Toledo,7,1
2015,3900514,000360,Miamisburg Secondary Academy,7,1
2015,3900523,000392,Mansfield Enhancement Academy,7,1
2015,3900525,000396,Mansfield Elective Academy,7,1
2015,3900528,000402,Findlay Digital Academy,7,1
2015,3900530,000417,Buckeye On-Line School for Success,7,1
2015,3900533,000420,Columbus Bilingual Academy,7,1
2015,3900537,000442,Manchester Local,1,1
2015,3900550,000509,Whitehall Preparatory and Fitness Academy,7,1
2015,3900551,000510,Springfield Preparatory and Fitness Academy,7,1
2015,3900552,000511,Northland Preparatory and Fitness Academy,7,1
2015,3900557,000930,Cleveland Entrepreneurship Preparatory School,7,1
2015,3900562,000936,Promise Academy,7,1
2015,3900564,000938,Gateway Academy of Ohio,7,1
2015,3900567,000941,Par Excellence Academy,7,1
2015,3900568,000942,Lakewood City Academy,7,1
2015,3900569,000946,Cleveland Community School,7,2
2015,3900572,000949,Villaview Community School,7,2
2015,3900573,000951,Toledo Preparatory and Fitness Academy,7,1
2015,3900574,000952,Columbus Preparatory and Fitness Academy,7,1
2015,3900575,000953,Mt. Healthy Preparatory and Fitness Academy,7,1
2015,3900580,007984,Youngstown Academy of Excellence,7,1
2015,3900584,007995,Cleveland Arts and Social Sciences Academy,7,1
2015,3900585,007998,Center for Student Achievement,7,1
2015,3900586,007999,Charles School at Ohio Dominican University,7,1
2015,3900587,008000,Lorain Preparatory Academy,7,1
2015,3900593,008063,Life Skills Center of North Akron,7,1
2015,3900594,008064,Academy of Arts and Sciences,7,1
2015,3900638,000912,Early College Academy,7,1
2015,3900639,008251,Mahoning Valley Opportunity Center,7,1
2015,3900640,008287,Groveport Community School,7,1
2015,3900641,008286,Harvard Avenue Performance Academy,7,1
2015,3900642,008283,Dayton Business Technology High School,7,1
2015,3900643,008282,Life Skills Center of Columbus North,7,1
2015,3900644,008281,South Scioto Academy,7,1
2015,3900645,008280,Noble Academy-Columbus,7,1
2015,3900646,008278,Noble Academy-Cleveland,7,1
2015,3900647,008289,Eagle Learning Center,7,1
2015,3901296,009181,Clay Avenue Community School,7,1
2015,3901298,009171,Star Academy of Toledo,7,1
2015,3901301,009192,Foundation Academy,7,1
2015,3901302,009283,Dayton Early College Academy Inc,7,1
2015,3901305,009122,Columbus Collegiate Academy,7,1
2015,3901312,009154,Cincinnati Leadership Academy,7,2
2015,3901313,009164,Central Academy of Ohio,7,1
2015,3901314,009148,Zanesville Community School,7,1
2015,3901317,009163,C.M. Grant Leadership Academy,7,1
2015,3901319,009147,Northpointe Academy,7,1
2015,3901322,009179,Horizon Science Academy Columbus Middle School,7,1
2015,3901326,009149,Constellation Schools: Westside Community School of the Arts,7,1
2015,3901329,009996,Mahoning County High School,7,1
2015,3901330,009997,KIPP Columbus,7,1
2015,3901333,010007,Horizon Science Academy Denison Elementary School,7,1
2015,3901335,010036,Cesar Chavez College Preparatory School,7,1
2015,3901336,010180,Mount Auburn International Academy,7,1
2015,3901337,010182,Performance Academy Eastland,7,1
2015,3901339,010205,L. Hollingworth School for Talented and Gifted,7,1
2015,3901344,009953,Sullivant Avenue Community School,7,1
2015,3901345,009954,Harrisburg Pike Community School,7,1
2015,3901346,009955,Madison Avenue School of Arts,7,1
2015,3901347,009957,Klepinger Community School,7,1
2015,3901348,009964,Sciotoville Elementary Academy,7,1
2015,3901350,009971,Ashland County Community Academy,7,1
2015,3901353,009990,Horizon Science Academy Elementary School,7,1
2015,3901354,011439,Renaissance Academy,7,1
2015,3901356,011444,Rushmore Academy,7,1
2015,3901359,011479,LifeLinks Community School,7,1
2015,3901361,011487,Falcon Academy of Creative Arts,7,2
2015,3901362,011507,Achieve Career Preparatory Academy,7,1
2015,3901363,011511,Lakeland Academy Community School,7,1
2015,3901365,011533,Horizon Science Academy Lorain,7,1
2015,3901366,011534,Horizon Science Academy Dayton High School,7,1
2015,3901368,011291,Village Preparatory School,7,1
2015,3901369,011381,Greater Summit County Early Learning Center,7,1
2015,3901370,011390,Bella Academy of Excellence,7,1
2015,3901372,011436,Pleasant Education Academy,7,1
2015,3901374,011506,Dayton Regional STEM School,1,1
2015,3901375,011468,Columbus Bilingual Academy-North,7,1
2015,3901376,011923,Northeast Ohio College Preparatory School,7,1
2015,3901377,011947,Imagine Akron Academy,7,1
2015,3901378,011956,Everest High School,7,1
2015,3901381,011967,Richland Academy School of Excellence,7,1
2015,3901382,011972,Graham Expeditionary Middle School,7,1
2015,3901383,011976,Horizon Science Academy Dayton Downtown,7,1
2015,3901389,011986,Horizon Science Academy Youngstown,7,1
2015,3901393,012000,Cruiser Academy,7,1
2015,3901396,012009,Zenith Academy East,7,1
2015,3901397,012010,Cleveland College Preparatory School,7,1
2015,3901398,012011,Columbus Performance Academy,7,1
2015,3901403,012025,Constellation Schools: Stockyard Community Middle,7,1
2015,3901405,012030,Near West Intergenerational School,7,1
2015,3901406,012031,Entrepreneurship Preparatory School - Woodland Hills Campus,7,1
2015,3901407,012033,Foxfire Intermediate School,7,1
2015,3901409,012036,Regent High School,7,1
2015,3901410,012037,Mason Run High School,7,1
2015,3901411,012038,Old Brook High School,7,1
2015,3901412,012040,Road to Success Academy,7,1
2015,3901413,012041,Central High School,7,1
2015,3901414,012042,George V. Voinovich Reclamation Academy,7,1
2015,3901415,012043,Frederick Douglass Reclamation Academy,7,1
2015,3901416,012044,Capital High School,7,1
2015,3901417,012045,Patriot Preparatory Academy,7,1
2015,3901419,012052,Imagine on Superior,7,6
2015,3901420,012054,North Central Academy,7,1
2015,3901424,012078,Quest Community School,7,1
2015,3901427,012105,Southside Academy,7,1
2015,3901428,012060,Akros Middle School,7,1
2015,3901429,011324,Hardin Community School,7,1
2015,3901430,012684,Broadway Academy,7,1
2015,3901432,012671,Constellation Schools: Eastside Arts Academy,7,1
2015,3901433,012528,The Academy for Urban Scholars,7,1
2015,3901434,012644,STEAM Academy of Warren,7,1
2015,3901436,012629,Great Expectations Elementary School,7,1
2015,3901437,011948,Imagine Cleveland Academy,7,6
2015,3901439,012626,OAK Leadership Institute,7,1
2015,3901441,012557,Woodland Academy,7,2
2015,3901442,012497,Pickerington Community School,7,1
2015,3901444,012029,Citizens Leadership Academy,7,1
2015,3901445,012628,Imagine Integrity Academy,7,1
2015,3901447,012536,Newbridge Math & Reading Preparatory Academy,7,1
2015,3901449,012513,Madisonville SMART Elementary,7,1
2015,3901450,012867,Townsend North Community School,7,1
2015,3901451,012529,Focus North High School,7,1
2015,3901452,012631,Impact Academy Cincinnati,7,1
2015,3901453,012026,Constellation Schools: Collinwood Village Academy,7,1
2015,3901454,012627,STEAM Academy of Akron,7,1
2015,3901456,012556,Pearl Academy,7,1
2015,3901457,012541,University of Cleveland Preparatory School,7,1
2015,3901460,012624,Accelerated Achievement Academy of Cincinnati,7,1
2015,3901462,012668,Garfield Academy,7,1
2015,3901463,012501,Beacon Hill Academy,7,1
2015,3901465,012558,Global Village Academy,7,1
2015,3901466,012545,Imagine Woodbury Academy,7,1
2015,3901467,013200,Nexus Academy of Toledo,7,1
2015,3901468,013082,The Haley School,7,1
2015,3901470,013255,Canton College Preparatory School,7,1
2015,3901471,013146,STEAM Academy of Dayton,7,1
2015,3901472,013249,Academy for Urban Scholars Youngstown,7,1
2015,3901473,013170,Hope Academy for Autism,7,1
2015,3901475,013175,SunBridge Schools,7,1
2015,3901476,013059,West Carrollton Secondary Academy,7,1
2015,3901478,012951,Columbus Collegiate Academy - West,7,1
2015,3901479,013198,Brookwood Academy,7,1
2015,3901480,013232,A+ Children's Academy,7,1
2015,3901482,013147,STEAM Academy of Warrensville Heights,7,1
2015,3901483,013201,Nexus Academy of Columbus,7,1
2015,3901485,013240,Cincinnati State STEM Academy,7,1
2015,3901486,012852,Citizens Academy East,7,1
2015,3901487,013253,Ohio College Preparatory School,7,1
2015,3901488,013173,Imagine Hill Avenue,7,1
2015,3901490,012391,Metro Early College High School,1,1
2015,3901495,013030,Graham Primary School,7,1
2015,3901496,013199,Nexus Academy of Cleveland,7,1
2015,3901498,013148,Stepstone Academy,7,1
2015,3901499,013132,Lake Erie College Preparatory School,7,1
2015,3901501,013233,Southern Ohio Academy,7,1
2015,3901502,013195,Academy of Educational Excellence,7,1
2015,3901503,013254,Akron Preparatory School,7,1
2015,3901504,013174,Young Scholars Prep School,7,2
2015,3901505,013034,Village Preparatory School:: Woodland Hills Campus,7,1
2015,3901508,012924,DECA PREP,7,1
2015,3901510,013226,Life Skills High School of Cleveland,7,1
2015,3901511,014066,Main Street Preparatory Academy,7,1
2015,3901512,014231,Bio-Med Science Academy STEM School,1,1
2015,3901513,013907,Portage Path Preparatory Academy,7,2
2015,3901514,014189,West Park Academy,7,1
2015,3901515,014080,Aladdin Academy,7,2
2015,3901516,013864,Cincinnati Technology Academy,7,1
2015,3901517,014130,The Next Frontier Academy,7,2
2015,3901518,013914,Pegasus Academy,7,2
2015,3901520,014091,Hope Learning Academy of Toledo,7,1
2015,3901521,014139,Imagine Columbus Primary School,7,1
2015,3901522,013967,Cincinnati Learning Schools,7,1
2015,3901523,014148,Provost Academy Ohio,7,1
2015,3901524,014064,Winton Preparatory Academy,7,1
2015,3901526,014187,East Academy,7,1
2015,3901527,014061,Chapelside Cleveland Academy,7,1
2015,3901529,014467,United Preparatory Academy,7,1
2015,3901530,014067,Ohio Construction Academy,7,1
2015,3901531,014094,Lawrence County Academy,7,1
2015,3901532,013909,Classical Academy of Columbus Govening Council,7,2
2015,3901533,013892,Franklinton Preparatory Academy,7,1
2015,3901534,014081,Insight School of Ohio,7,1
2015,3901535,013930,Global Impact STEM Academy,1,1
2015,3901536,014149,Dayton SMART Elementary School,7,1
2015,3901537,014051,Northmont Secondary Academy,7,1
2015,3901538,014146,Ohio Cyber Academy,7,2
2015,3901539,013994,Albert Einstein Academy for Letters Arts and Sciences-Ohio,7,1
2015,3901540,014132,STEAM Academy of  Cincinnati,7,2
2015,3901541,014072,Olympus K-12 Online School,7,2
2015,3901542,014194,Watkins Academy,7,1
2015,3901543,014065,Lincoln Park Academy,7,1
2015,3901544,013906,Melrose Preparatory Academy,7,2
2015,3901545,014188,Discovery Academy,7,1
2015,3901546,014062,Life Skills High School of Middletown,7,1
2015,3901547,014556,Early Career Academy Ohio The,7,2
2015,3901548,013913,Beacon Hill Middle/High Academy,7,2
2015,3901549,014121,Imagine Leadership Academy,7,1
2015,3901550,014090,Berwyn East Academy,7,1
2015,3901551,013962,Liberty Preparatory School,7,1
2015,3901552,014158,Celerity Tenacia Charter School,7,2
2015,3901554,014147,East Preparatory Academy,7,1
2015,3901555,013999,Rise & Shine Academy,7,1
2015,3901556,014063,University Academy,7,1
2015,3901557,014136,Mosaica Online of Ohio,7,2
2015,3901558,014633,City Prep Academy,7,1
2015,3901559,014912,Norwood Conversion Community School,7,1
2015,3901560,014858,REACH Academy,7,1
2015,3901561,014932,Cincinnati Generation Academy,7,1
2015,3901562,014825,Buckeye Preparatory Academy,7,1
2015,3901563,014864,Toledo SMART Elementary School,7,1
2015,3901564,014913,Lakeshore Intergenerational School,7,1
2015,3901565,014943,Valley STEM+ME2 Academy,1,3
2015,3901566,014830,Utica Shale Academy of Ohio,7,1
2015,3901567,014927,Steel Academy,7,1
2015,3901568,014904,T2 Honors Academy,7,1
2015,3901569,015236,Clark Preparatory Academy,7,3
2015,3901570,015261,Citizens Academy Southeast,7,3
2015,3901571,015239,Stonebrook Montessori,7,3
2015,3901572,014877,Metro Institute of Technology,1,3
2015,3901573,015240,Utica Shale Academy-Belmont,7,3
2015,3901574,015237,Flex High School,7,3
2015,3901575,015329,iSTEM Geauga Early College High School,1,3
2015,3901576,015234,Zenith Academy West,7,3
2015,3901577,015344,Tri State Early College STEM School,1,3
2015,3901578,015241,Ohio Valley Energy Technology Academy,7,3
2015,3901579,015238,Foxfire East Academy,7,3
2015,3901580,015328,Collins Career Center STEM Academy,1,3
2015,3904348,043489,Akron City,1,1
2015,3904349,043497,Alliance City,1,1
2015,3904350,043505,Ashland City,1,1
2015,3904351,043513,Ashtabula Area City,1,1
2015,3904352,043521,Athens City,1,1
2015,3904353,043539,Barberton City,1,1
2015,3904354,043547,Bay Village City,1,1
2015,3904355,043554,Beachwood City,1,1
2015,3904357,043570,Bellaire Local,1,1
2015,3904358,043588,Bellefontaine City,1,1
2015,3904359,043596,Bellevue City,1,1
2015,3904360,043612,Berea City,1,1
2015,3904361,043604,Belpre City,1,1
2015,3904362,043620,Bexley City,1,1
2015,3904363,043638,Bowling Green City School District,1,1
2015,3904364,043646,Brecksville-Broadview Heights City,1,1
2015,3904365,043653,Brooklyn City,1,1
2015,3904366,043661,Brunswick City,1,1
2015,3904367,043679,Bryan City,1,1
2015,3904368,043687,Bucyrus City,1,1
2015,3904369,043695,Cambridge City,1,1
2015,3904370,043703,Campbell City,1,1
2015,3904371,043711,Canton City,1,1
2015,3904373,043737,Centerville City,1,1
2015,3904374,043745,Chillicothe City,1,1
2015,3904375,043752,Cincinnati City,1,1
2015,3904376,043760,Circleville City,1,1
2015,3904377,043778,Claymont City,1,1
2015,3904378,043786,Cleveland Municipal,1,1
2015,3904379,043794,Cleveland Heights-University Heights City,1,1
2015,3904380,043802,Columbus City School District,1,1
2015,3904381,043810,Conneaut Area City,1,1
2015,3904382,043828,Coshocton City,1,1
2015,3904383,043836,Cuyahoga Falls City,1,1
2015,3904384,043844,Dayton City,1,1
2015,3904385,043851,Deer Park Community City,1,1
2015,3904386,043869,Defiance City,1,1
2015,3904387,043877,Delaware City,1,1
2015,3904388,043885,Delphos City,1,1
2015,3904389,043893,Dover City,1,1
2015,3904390,043901,East Cleveland City School District,1,1
2015,3904391,043919,East Liverpool City,1,1
2015,3904392,043927,East Palestine City,1,1
2015,3904393,043935,Eaton Community City,1,1
2015,3904394,043943,Elyria City Schools,1,1
2015,3904395,043950,Euclid City,1,1
2015,3904396,043968,Fairborn City,1,1
2015,3904397,043976,Fairview Park City,1,1
2015,3904399,043992,Fostoria City,1,1
2015,3904400,044008,Franklin City,1,1
2015,3904401,044016,Fremont City,1,1
2015,3904402,044024,Galion City,1,1
2015,3904403,044032,Gallipolis City,1,1
2015,3904404,044040,Garfield Heights City Schools,1,1
2015,3904405,044057,Geneva Area City,1,1
2015,3904406,044065,Girard City School District,1,1
2015,3904407,044073,Grandview Heights Schools,1,1
2015,3904408,044081,Winton Woods City,1,1
2015,3904409,044099,Greenville City,1,1
2015,3904410,044107,Hamilton City,1,1
2015,3904411,044115,Heath City,1,1
2015,3904412,044123,Hillsboro City,1,1
2015,3904413,044131,Huron City Schools,1,1
2015,3904414,044149,Ironton City,1,1
2015,3904415,044156,Jackson City,1,1
2015,3904416,044164,Kent City,1,1
2015,3904418,044180,Kettering City School District,1,1
2015,3904419,044198,Lakewood City,1,1
2015,3904420,044206,Lancaster City,1,1
2015,3904421,044214,Lebanon City,1,1
2015,3904422,044222,Lima City,1,1
2015,3904423,044230,Lockland Local,1,1
2015,3904424,044248,Logan-Hocking Local,1,1
2015,3904425,044255,London City,1,1
2015,3904426,044263,Lorain City,1,1
2015,3904427,044271,Loveland City,1,1
2015,3904428,044289,Madeira City,1,1
2015,3904429,044297,Mansfield City,1,1
2015,3904430,044305,Maple Heights City,1,1
2015,3904431,044313,Mariemont City,1,1
2015,3904433,044339,Marion City,1,1
2015,3904434,044347,Martins Ferry City,1,1
2015,3904435,044354,Massillon City,1,1
2015,3904436,044362,Maumee City,1,1
2015,3904437,044370,Mayfield City,1,1
2015,3904438,044388,Medina City SD,1,1
2015,3904439,044396,Miamisburg City,1,1
2015,3904440,044404,Middletown City,1,1
2015,3904441,044412,Mt Healthy City,1,1
2015,3904443,044438,Napoleon Area City,1,1
2015,3904444,044446,Nelsonville-York City,1,1
2015,3904445,044453,Newark City,1,1
2015,3904446,044461,New Boston Local,1,1
2015,3904447,044479,New Lexington City,1,1
2015,3904448,044487,New Philadelphia City,1,1
2015,3904449,044495,Niles City,1,1
2015,3904450,044503,North Canton City,1,1
2015,3904451,044511,North College Hill City,1,1
2015,3904452,044529,North Olmsted City,1,1
2015,3904453,044537,North Ridgeville City,1,1
2015,3904454,044545,North Royalton City,1,1
2015,3904455,044552,Norton City,1,1
2015,3904456,044560,Norwalk City,1,1
2015,3904457,044578,Norwood City,1,1
2015,3904458,044586,Oakwood City,1,1
2015,3904459,044594,Oberlin City Schools,1,1
2015,3904460,044602,Oregon City,1,1
2015,3904461,044610,Orrville City,1,1
2015,3904463,044636,Parma City,1,1
2015,3904464,044644,Piqua City,1,1
2015,3904465,044651,Port Clinton City,1,1
2015,3904467,044677,Princeton City,1,1
2015,3904468,044685,Ravenna City,1,1
2015,3904469,044693,Reading Community City,1,1
2015,3904470,044701,Rocky River City,1,1
2015,3904471,044719,St Bernard-Elmwood Place City,1,1
2015,3904472,044727,St Marys City,1,1
2015,3904474,044743,Sandusky City,1,1
2015,3904475,044750,Shaker Heights City,1,1
2015,3904476,044768,Sheffield-Sheffield Lake City,1,1
2015,3904479,044792,South Euclid-Lyndhurst City,1,1
2015,3904480,044800,South-Western City,1,1
2015,3904481,044818,Springfield City School District,1,1
2015,3904482,044826,Steubenville City,1,1
2015,3904483,044834,Stow-Munroe Falls City School District,1,1
2015,3904484,044842,Strongsville City,1,1
2015,3904485,044859,Struthers City,1,1
2015,3904486,044867,Sycamore Community City,1,1
2015,3904487,044875,Sylvania City,1,1
2015,3904488,044883,Tallmadge City,1,1
2015,3904489,044891,Tiffin City,1,1
2015,3904490,044909,Toledo City,1,1
2015,3904491,044917,Toronto City,1,1
2015,3904492,044925,Troy City,1,1
2015,3904493,044933,Upper Arlington City,1,1
2015,3904494,044941,Urbana City,1,1
2015,3904495,044958,Vandalia-Butler City,1,1
2015,3904498,044982,Wapakoneta City,1,1
2015,3904499,044990,Warren City,1,1
2015,3904500,045005,Warrensville Heights City,1,1
2015,3904502,045021,Wellston City,1,1
2015,3904503,045039,Wellsville Local,1,1
2015,3904504,045047,Westerville City,1,1
2015,3904505,045054,West Carrollton City,1,1
2015,3904506,045062,Westlake City,1,1
2015,3904507,045070,Whitehall City,1,1
2015,3904508,045088,Wickliffe City,1,1
2015,3904509,045096,Willard City,1,1
2015,3904510,045104,Willoughby-Eastlake City,1,1
2015,3904511,045112,Wilmington City,1,1
2015,3904513,045138,Worthington City,1,1
2015,3904514,045146,Wyoming City,1,1
2015,3904515,045153,Xenia Community City,1,1
2015,3904516,045161,Youngstown City,1,1
2015,3904517,045179,Zanesville City,1,1
2015,3904518,045187,Ada Exempted Village,1,1
2015,3904519,045195,Amherst Exempted Village,1,1
2015,3904520,045203,Barnesville Exempted Village,1,1
2015,3904521,045211,Bluffton Exempted Village,1,1
2015,3904522,045229,Bradford Exempted Village,1,1
2015,3904523,045237,Bridgeport Exempted Village,1,1
2015,3904524,045245,Harrison Hills City,1,1
2015,3904525,045252,Caldwell Exempted Village,1,1
2015,3904526,045260,Carey Exempted Village,1,1
2015,3904527,045278,Carrollton Exempted Village,1,1
2015,3904528,045286,Chagrin Falls Exempted Village,1,1
2015,3904529,045294,Chesapeake Union Exempted Village,1,1
2015,3904531,045310,Coldwater Exempted Village,1,1
2015,3904532,045328,Columbiana Exempted Village,1,1
2015,3904533,045336,Covington Exempted Village,1,1
2015,3904535,045351,Crooksville Exempted Village,1,1
2015,3904536,045369,Fairport Harbor Exempted Village,1,1
2015,3904537,045377,Georgetown Exempted Village,1,1
2015,3904538,045385,Gibsonburg Exempted Village,1,1
2015,3904539,045393,Granville Exempted Village,1,1
2015,3904540,045401,Greenfield Exempted Village,1,1
2015,3904541,045419,Hicksville Exempted Village,1,1
2015,3904542,045427,Hubbard Exempted Village,1,1
2015,3904543,045435,Indian Hill Exempted Village,1,1
2015,3904545,045450,Lisbon Exempted Village,1,1
2015,3904546,045468,Loudonville-Perrysville Exempted Village,1,1
2015,3904547,045476,Marysville Exempted Village,1,1
2015,3904548,045484,Mechanicsburg Exempted Village,1,1
2015,3904549,045492,Mentor Exempted Village,1,1
2015,3904550,045500,Milford Exempted Village,1,1
2015,3904551,045518,Milton-Union Exempted Village,1,1
2015,3904552,045526,Montpelier Exempted Village,1,1
2015,3904553,045534,Mount Gilead Exempted Village,1,1
2015,3904554,045542,Newcomerstown Exempted Village,1,1
2015,3904555,045559,New Richmond Exempted Village,1,1
2015,3904556,045567,Newton Falls Exempted Village,1,1
2015,3904557,045575,Paulding Exempted Village,1,1
2015,3904558,045583,Perrysburg Exempted Village,1,1
2015,3904560,045609,Rossford Exempted Village,1,1
2015,3904561,045617,Tipp City Exempted Village,1,1
2015,3904563,045633,Versailles Exempted Village,1,1
2015,3904564,045641,Wauseon Exempted Village,1,1
2015,3904565,045658,Wellington Exempted Village,1,1
2015,3904566,045666,Windham Exempted Village,1,1
2015,3904567,045674,Yellow Springs Exempted Village,1,1
2015,3904574,045740,Allen County ESC,4,1
2015,3904575,045757,Allen East Local,1,1
2015,3904576,045765,Bath Local,1,1
2015,3904577,045773,Elida Local,1,1
2015,3904578,045781,Perry Local,1,1
2015,3904579,045799,Shawnee Local,1,1
2015,3904580,045807,Spencerville Local,1,1
2015,3904582,045823,Hillsdale Local,1,1
2015,3904583,045831,Mapleton Local,1,1
2015,3904584,045849,Ashtabula County ESC,4,1
2015,3904585,045856,Buckeye Local,1,1
2015,3904586,045864,Grand Valley Local,1,1
2015,3904587,045872,Jefferson Area Local,1,1
2015,3904588,045880,Pymatuning Valley Local,1,1
2015,3904590,045906,Alexander Local,1,1
2015,3904591,045914,Federal Hocking Local,1,1
2015,3904592,045922,Trimble Local,1,1
2015,3904593,045930,Auglaize County ESC,4,1
2015,3904594,045948,Minster Local,1,1
2015,3904595,045955,New Bremen Local,1,1
2015,3904596,045963,New Knoxville Local,1,1
2015,3904597,045971,Waynesfield-Goshen Local,1,1
2015,3904599,045997,St Clairsville-Richland City,1,1
2015,3904600,046003,Shadyside Local,1,1
2015,3904601,046011,Union Local,1,1
2015,3904602,046029,Brown ESC,4,1
2015,3904603,046037,Eastern Local,1,1
2015,3904604,046045,Fayetteville-Perry Local,1,1
2015,3904606,046060,Western Brown Local,1,1
2015,3904607,046078,Ripley-Union-Lewis-Huntington Local,1,1
2015,3904608,046086,Butler County ESC,4,1
2015,3904609,046094,Edgewood City,1,1
2015,3904610,046102,Fairfield City,1,1
2015,3904611,046110,Lakota Local,1,1
2015,3904612,046128,Madison Local,1,1
2015,3904613,046136,New Miami Local,1,1
2015,3904614,046144,Ross Local,1,1
2015,3904615,046151,Talawanda City,1,1
2015,3904617,046177,Brown Local,1,1
2015,3904619,046193,Graham Local,1,1
2015,3904620,046201,Triad Local,1,1
2015,3904621,046219,West Liberty-Salem Local,1,1
2015,3904622,046227,Clark County ESC,4,1
2015,3904623,046235,Greenon Local,1,1
2015,3904624,046243,Tecumseh Local,1,1
2015,3904625,046250,Northeastern Local,1,1
2015,3904626,046268,Northwestern Local,1,1
2015,3904627,046276,Southeastern Local,1,1
2015,3904628,046284,Clark-Shawnee Local,1,1
2015,3904629,046292,Clermont County ESC,4,1
2015,3904630,046300,Batavia Local,1,1
2015,3904631,046318,Bethel-Tate Local,1,1
2015,3904632,046326,Clermont Northeastern Local,1,1
2015,3904633,046334,Felicity-Franklin Local,1,1
2015,3904634,046342,Goshen Local,1,1
2015,3904635,046359,West Clermont Local,1,1
2015,3904636,046367,Williamsburg Local,1,1
2015,3904637,046375,Southern Ohio ESC,4,1
2015,3904638,046383,Blanchester Local,1,1
2015,3904639,046391,Clinton-Massie Local,1,1
2015,3904640,046409,East Clinton Local,1,1
2015,3904641,046417,Columbiana County ESC,4,1
2015,3904642,046425,Beaver Local,1,1
2015,3904643,046433,Crestview Local,1,1
2015,3904644,046441,Southern Local,1,1
2015,3904645,046458,United Local,1,1
2015,3904647,046474,Ridgewood Local,1,1
2015,3904648,046482,River View Local,1,1
2015,3904650,046508,Buckeye Central Local,1,1
2015,3904651,046516,Colonel Crawford Local,1,1
2015,3904652,046524,Wynford Local,1,1
2015,3904653,046532,ESC of Cuyahoga County,4,1
2015,3904655,046557,Cuyahoga Heights Local,1,1
2015,3904656,046565,Independence Local,1,1
2015,3904657,046573,Olmsted Falls City,1,1
2015,3904659,046599,Richmond Heights Local,1,1
2015,3904660,046607,Solon City,1,1
2015,3904661,046615,Darke County ESC,4,1
2015,3904662,046623,Ansonia Local,1,1
2015,3904663,046631,Arcanum-Butler Local,1,1
2015,3904664,046649,Franklin Monroe Local,1,1
2015,3904667,046672,Mississinawa Valley Local,1,1
2015,3904668,046680,Tri-Village Local,1,1
2015,3904670,046706,Ayersville Local,1,1
2015,3904671,046714,Central Local,1,1
2015,3904672,046722,Northeastern Local,1,1
2015,3904674,046748,Big Walnut Local,1,1
2015,3904675,046755,Buckeye Valley Local,1,1
2015,3904676,046763,Olentangy Local,1,1
2015,3904678,046789,Edison Local (formerly Berlin-Milan),1,1
2015,3904679,046797,Kelleys Island Local,1,1
2015,3904680,046805,Margaretta Local,1,1
2015,3904681,046813,Perkins Local,1,1
2015,3904682,046821,Vermilion Local,1,1
2015,3904683,046839,Fairfield County ESC,4,1
2015,3904684,046847,Amanda-Clearcreek Local,1,1
2015,3904685,046854,Berne Union Local,1,1
2015,3904686,046862,Bloom-Carroll Local,1,1
2015,3904687,046870,Fairfield Union Local,1,1
2015,3904688,046888,Liberty Union-Thurston Local,1,1
2015,3904689,046896,Pickerington Local,1,1
2015,3904690,046904,Walnut Township Local,1,1
2015,3904693,046938,ESC of Central Ohio,4,1
2015,3904694,046946,Canal Winchester Local,1,1
2015,3904695,046953,Hamilton Local,1,1
2015,3904696,046961,Gahanna-Jefferson City,1,1
2015,3904697,046979,Groveport Madison Local,1,1
2015,3904699,046995,New Albany-Plain Local,1,1
2015,3904700,047001,Reynoldsburg City,1,1
2015,3904701,047019,Hilliard City,1,1
2015,3904702,047027,Dublin City,1,1
2015,3904704,047043,Archbold-Area Local,1,1
2015,3904705,047050,Evergreen Local,1,1
2015,3904706,047068,Fayette Local,1,1
2015,3904707,047076,Pettisville Local,1,1
2015,3904708,047084,Pike-Delta-York Local,1,1
2015,3904709,047092,Swanton Local,1,1
2015,3904715,047159,Geauga County Educational Service Center,4,1
2015,3904716,047167,Berkshire Local,1,1
2015,3904717,047175,Cardinal Local,1,1
2015,3904718,047183,Chardon Local,1,1
2015,3904719,047191,Kenston Local,1,1
2015,3904720,047209,Ledgemont Local,1,1
2015,3904721,047217,Newbury Local,1,1
2015,3904722,047225,West Geauga Local,1,1
2015,3904723,047233,Greene County ESC,4,1
2015,3904724,047241,Beavercreek City,1,1
2015,3904725,047258,Cedar Cliff Local,1,1
2015,3904726,047266,Greeneview Local,1,1
2015,3904727,047274,Bellbrook-Sugarcreek Local,1,1
2015,3904730,047308,Rolling Hills Local,1,1
2015,3904732,047324,Hamilton County ESC,4,1
2015,3904733,047332,Finneytown Local,1,1
2015,3904734,047340,Forest Hills Local,1,1
2015,3904736,047365,Northwest Local,1,1
2015,3904737,047373,Oak Hills Local,1,1
2015,3904738,047381,Southwest Local,1,1
2015,3904739,047399,Three Rivers Local,1,1
2015,3904740,047407,Hancock County ESC,4,1
2015,3904742,047423,Arlington Local,1,1
2015,3904743,047431,Cory-Rawson Local,1,1
2015,3904744,047449,Liberty-Benton Local,1,1
2015,3904745,047456,McComb Local,1,1
2015,3904747,047472,Vanlue Local,1,1
2015,3904748,047480,Hardin County ESC,4,1
2015,3904749,047498,Hardin Northern Local,1,1
2015,3904750,047506,Ridgemont Local,1,1
2015,3904751,047514,Riverdale Local,1,1
2015,3904752,047522,Upper Scioto Valley Local,1,1
2015,3904754,047548,Conotton Valley Union Local,1,1
2015,3904757,047571,Holgate Local,1,1
2015,3904758,047589,Liberty Center Local,1,1
2015,3904759,047597,Patrick Henry Local,1,1
2015,3904761,047613,Bright Local,1,1
2015,3904762,047621,Fairfield Local,1,1
2015,3904763,047639,Lynchburg-Clay Local,1,1
2015,3904768,047688,East Holmes Local,1,1
2015,3904769,047696,West Holmes Local,1,1
2015,3904771,047712,Monroeville Local,1,1
2015,3904772,047720,New London Local,1,1
2015,3904773,047738,South Central Local,1,1
2015,3904774,047746,Western Reserve Local,1,1
2015,3904776,047761,Oak Hill Union Local,1,1
2015,3904777,047779,Jefferson County ESC,4,1
2015,3904778,047787,Buckeye Local,1,1
2015,3904779,047795,Edison Local,1,1
2015,3904780,047803,Indian Creek Local,1,1
2015,3904781,047811,Knox County ESC,4,1
2015,3904782,047829,Centerburg Local,1,1
2015,3904783,047837,Danville Local,1,1
2015,3904785,047852,Fredericktown Local,1,1
2015,3904786,047860,Lake County ESC,4,1
2015,3904787,047878,Kirtland Local,1,1
2015,3904788,047886,Madison Local,1,1
2015,3904790,047902,Perry Local,1,1
2015,3904791,047910,Lawrence County ESC,4,1
2015,3904792,047928,Dawson-Bryant Local,1,1
2015,3904793,047936,Fairland Local,1,1
2015,3904794,047944,Rock Hill Local,1,1
2015,3904795,047951,South Point Local,1,1
2015,3904796,047969,Symmes Valley Local,1,1
2015,3904797,047977,Licking County ESC,4,1
2015,3904798,047985,Johnstown-Monroe Local,1,1
2015,3904799,047993,Lakewood Local,1,1
2015,3904800,048009,Licking Heights Local,1,1
2015,3904801,048017,Licking Valley Local,1,1
2015,3904802,048025,North Fork Local,1,1
2015,3904803,048033,Northridge Local,1,1
2015,3904804,048041,Southwest Licking Local,1,1
2015,3904805,048058,Logan County ESC,4,1
2015,3904807,048074,Benjamin Logan Local,1,1
2015,3904808,048082,Indian Lake Local,1,1
2015,3904809,048090,Riverside Local,1,1
2015,3904810,048108,Lorain County ESC,4,1
2015,3904811,048116,Avon Local,1,1
2015,3904812,048124,Avon Lake City,1,1
2015,3904813,048132,Clearview Local,1,1
2015,3904814,048140,Columbia Local,1,1
2015,3904815,048157,Firelands Local,1,1
2015,3904816,048165,Keystone Local,1,1
2015,3904817,048173,Midview Local,1,1
2015,3904819,048199,ESC of Lake Erie West,4,1
2015,3904820,048207,Anthony Wayne Local,1,1
2015,3904821,048215,Ottawa Hills Local,1,1
2015,3904822,048223,Springfield Local,1,1
2015,3904823,048231,Washington Local,1,1
2015,3904825,048256,Jefferson Local,1,1
2015,3904826,048264,Jonathan Alder Local,1,1
2015,3904827,048272,Madison-Plains Local,1,1
2015,3904828,048280,Mahoning County ESC,4,1
2015,3904829,048298,Austintown Local Schools,1,1
2015,3904830,048306,Boardman Local,1,1
2015,3904831,048314,Canfield Local,1,1
2015,3904832,048322,Jackson-Milton Local,1,1
2015,3904833,048330,Lowellville Local,1,1
2015,3904834,048348,Poland Local,1,1
2015,3904835,048355,Sebring Local,1,1
2015,3904836,048363,South Range Local,1,1
2015,3904837,048371,Springfield Local,1,1
2015,3904838,048389,West Branch Local,1,1
2015,3904839,048397,Western Reserve Local,1,1
2015,3904841,048413,Elgin Local,1,1
2015,3904842,048421,Pleasant Local,1,1
2015,3904843,048439,Ridgedale Local,1,1
2015,3904844,048447,River Valley Local,1,1
2015,3904845,048454,Medina County ESC,4,1
2015,3904846,048462,Black River Local,1,1
2015,3904847,048470,Buckeye Local,1,1
2015,3904848,048488,Cloverleaf Local,1,1
2015,3904849,048496,Highland Local,1,1
2015,3904851,048512,Eastern Local,1,1
2015,3904852,048520,Meigs Local,1,1
2015,3904853,048538,Southern Local,1,1
2015,3904854,048546,Mercer County ESC,4,1
2015,3904857,048579,Parkway Local,1,1
2015,3904858,048587,St Henry Consolidated Local,1,1
2015,3904859,048595,Fort Recovery Local,1,1
2015,3904860,048603,Miami County ESC,4,1
2015,3904861,048611,Bethel Local,1,1
2015,3904862,048629,Miami East Local,1,1
2015,3904863,048637,Newton Local,1,1
2015,3904865,048652,Switzerland of Ohio Local,1,1
2015,3904866,048660,Montgomery County ESC,4,1
2015,3904867,048678,Brookville Local,1,1
2015,3904868,048686,Jefferson Township Local,1,1
2015,3904869,048694,Trotwood-Madison City,1,1
2015,3904870,048702,Mad River Local,1,1
2015,3904871,048710,New Lebanon Local,1,1
2015,3904872,048728,Northmont City,1,1
2015,3904873,048736,Northridge Local,1,1
2015,3904874,048744,Valley View Local,1,1
2015,3904875,048751,Huber Heights City,1,1
2015,3904877,048777,Morgan Local,1,1
2015,3904879,048793,Cardington-Lincoln Local,1,1
2015,3904880,048801,Highland Local,1,1
2015,3904881,048819,Northmor Local,1,1
2015,3904883,048835,East Muskingum Local,1,1
2015,3904884,048843,Franklin Local,1,1
2015,3904885,048850,Maysville Local,1,1
2015,3904887,048876,Tri-Valley Local,1,1
2015,3904888,048884,West Muskingum Local,1,1
2015,3904890,048900,Noble Local,1,1
2015,3904892,048926,Benton Carroll Salem Local,1,1
2015,3904893,048934,Danbury Local,1,1
2015,3904894,048942,Genoa Area Local,1,1
2015,3904895,048959,Middle Bass Local,1,1
2015,3904896,048967,North Bass Local,1,1
2015,3904897,048975,Put-In-Bay Local,1,1
2015,3904899,048991,Antwerp Local,1,1
2015,3904900,049296,Twin Valley Community Local,1,1
2015,3904903,049031,Wayne Trace Local,1,1
2015,3904905,049056,Northern Local,1,1
2015,3904906,049064,Southern Local,1,1
2015,3904907,049072,Pickaway County ESC,4,1
2015,3904908,049080,Logan Elm Local,1,1
2015,3904909,049098,Teays Valley Local,1,1
2015,3904910,049106,Westfall Local,1,1
2015,3904912,049122,Eastern Local,1,1
2015,3904913,049130,Scioto Valley Local,1,1
2015,3904914,049148,Waverly City,1,1
2015,3904915,049155,Western Local,1,1
2015,3904916,049163,Portage County ESC,4,1
2015,3904917,049171,Aurora City,1,1
2015,3904918,049189,Crestwood Local,1,1
2015,3904919,049197,Field Local,1,1
2015,3904920,049205,James A Garfield Local,1,1
2015,3904921,049213,Rootstown Local,1,1
2015,3904922,049221,Southeast Local,1,1
2015,3904923,049239,Streetsboro City,1,1
2015,3904924,049247,Waterloo Local,1,1
2015,3904925,049254,Preble County ESC,4,1
2015,3904926,091397,Tri-County North Local,1,1
2015,3904927,049270,National Trail Local,1,1
2015,3904928,049288,Preble Shawnee Local,1,1
2015,3904930,049304,Putnam County ESC,4,1
2015,3904931,049312,Columbus Grove Local,1,1
2015,3904932,049320,Continental Local,1,1
2015,3904933,049338,Jennings Local,1,1
2015,3904934,049346,Kalida Local,1,1
2015,3904935,049353,Leipsic Local,1,1
2015,3904936,049361,Miller City-New Cleveland Local,1,1
2015,3904937,049379,Ottawa-Glandorf Local,1,1
2015,3904938,049387,Ottoville Local,1,1
2015,3904939,049395,Pandora-Gilboa Local,1,1
2015,3904941,049411,Clear Fork Valley Local,1,1
2015,3904942,049429,Crestview Local,1,1
2015,3904943,049437,Lexington Local,1,1
2015,3904944,049445,Lucas Local,1,1
2015,3904945,049452,Madison Local,1,1
2015,3904946,049460,Plymouth-Shiloh Local,1,1
2015,3904947,049478,Ontario Local,1,1
2015,3904949,049494,Adena Local,1,1
2015,3904950,049502,Huntington Local,1,1
2015,3904951,049510,Paint Valley Local,1,1
2015,3904952,049528,Southeastern Local,1,1
2015,3904953,049536,Union-Scioto Local,1,1
2015,3904954,049544,Zane Trace Local,1,1
2015,3904956,049569,Lakota Local,1,1
2015,3904957,049577,Woodmore Local,1,1
2015,3904959,049593,Bloom-Vernon Local,1,1
2015,3904961,049619,Green Local,1,1
2015,3904962,049627,Minford Local,1,1
2015,3904963,049635,Northwest Local,1,1
2015,3904964,049643,Valley Local,1,1
2015,3904965,049650,Washington-Nile Local,1,1
2015,3904966,049668,Wheelersburg Local,1,1
2015,3904968,049684,Seneca East Local,1,1
2015,3904970,049700,Hopewell-Loudon Local,1,1
2015,3904971,049718,New Riegel Local,1,1
2015,3904974,049742,Shelby County ESC,4,1
2015,3904976,049767,Botkins Local,1,1
2015,3904977,049775,Fairlawn Local,1,1
2015,3904978,049783,Fort Loramie Local,1,1
2015,3904979,049791,Hardin-Houston Local,1,1
2015,3904981,049817,Russia Local,1,1
2015,3904982,049825,Stark County ESC,4,1
2015,3904983,049833,Canton Local,1,1
2015,3904984,049841,Fairless Local,1,1
2015,3904985,049858,Jackson Local,1,1
2015,3904986,049866,Lake Local,1,1
2015,3904987,049874,Louisville City,1,1
2015,3904988,049882,Marlington Local,1,1
2015,3904989,049890,Minerva Local,1,1
2015,3904990,049908,Northwest Local,1,1
2015,3904991,049916,Osnaburg Local,1,1
2015,3904992,049924,Perry Local,1,1
2015,3904993,049932,Plain Local,1,1
2015,3904994,049940,Sandy Valley Local,1,1
2015,3904995,049957,Tuslaw Local,1,1
2015,3904996,049965,Summit County ESC,4,1
2015,3904997,049973,Woodridge Local,1,1
2015,3904998,049981,Copley-Fairlawn City,1,1
2015,3904999,049999,Coventry Local,1,1
2015,3905000,050005,Manchester Local,1,1
2015,3905001,050013,Green Local,1,1
2015,3905002,050021,Hudson City,1,1
2015,3905003,050039,Mogadore Local,1,1
2015,3905004,050047,Nordonia Hills City,1,1
2015,3905005,050054,Revere Local,1,1
2015,3905006,050062,Springfield Local,1,1
2015,3905007,050070,Twinsburg City,1,1
2015,3905008,050088,Trumbull County ESC,4,1
2015,3905009,050096,Bloomfield-Mespo Local,1,1
2015,3905011,050112,Bristol Local,1,1
2015,3905012,050120,Brookfield Local,1,1
2015,3905013,050138,Champion Local,1,1
2015,3905015,050153,Mathews Local,1,1
2015,3905016,050161,Howland Local,1,1
2015,3905017,050179,Joseph Badger Local,1,1
2015,3905018,050187,Lakeview Local,1,1
2015,3905019,050195,Liberty Local,1,1
2015,3905020,050203,Lordstown Local,1,1
2015,3905021,050211,Maplewood Local,1,1
2015,3905022,050229,McDonald Local,1,1
2015,3905023,050237,Southington Local,1,1
2015,3905024,050245,LaBrae Local,1,1
2015,3905025,050252,Weathersfield Local,1,1
2015,3905026,050260,East Central Ohio ESC,4,1
2015,3905027,050278,Garaway Local,1,1
2015,3905028,050286,Indian Valley Local,1,1
2015,3905029,050294,Strasburg-Franklin Local,1,1
2015,3905030,050302,Tuscarawas Valley Local,1,1
2015,3905032,050328,Fairbanks Local,1,1
2015,3905033,050336,North Union Local,1,1
2015,3905035,050351,Crestview Local,1,1
2015,3905039,050393,Vinton County Local,1,1
2015,3905040,050401,Warren County ESC,4,1
2015,3905041,050419,Carlisle Local,1,1
2015,3905042,050427,Springboro Community City,1,1
2015,3905043,050435,Kings Local,1,1
2015,3905044,050443,Little Miami Local,1,1
2015,3905045,050450,Mason City,1,1
2015,3905046,050468,Wayne Local,1,1
2015,3905048,050484,Fort Frye Local,1,1
2015,3905049,050492,Frontier Local,1,1
2015,3905051,050518,Wolf Creek Local,1,1
2015,3905052,050526,Tri-County ESC,4,1
2015,3905053,050534,Chippewa Local,1,1
2015,3905054,050542,Dalton Local,1,1
2015,3905055,050559,Green Local,1,1
2015,3905056,050567,Norwayne Local,1,1
2015,3905058,050583,Southeast Local,1,1
2015,3905059,050591,Triway Local,1,1
2015,3905061,050617,Edgerton Local,1,1
2015,3905062,050625,Edon Northwest Local,1,1
2015,3905063,050633,Millcreek-West Unity Local,1,1
2015,3905064,050641,North Central Local,1,1
2015,3905065,050658,Stryker Local,1,1
2015,3905066,050666,Wood County ESC,4,1
2015,3905067,050674,Eastwood Local,1,1
2015,3905068,050682,Elmwood Local,1,1
2015,3905069,050690,Lake Local,1,1
2015,3905070,050708,North Baltimore Local,1,1
2015,3905071,050716,Northwood Local Schools,1,1
2015,3905072,050724,Otsego Local,1,1
2015,3905074,050740,Mohawk Local,1,1
2015,3905077,050773,Apollo,4,1
2015,3905079,050799,Southern Hills,4,1
2015,3905081,050815,Ashtabula County Technical and Career Center,4,1
2015,3905085,050856,Belmont-Harrison,4,1
2015,3905088,050880,Butler Technology & Career Development Schools,4,1
2015,3905090,050906,Columbiana County,4,1
2015,3905092,050922,Cuyahoga Valley Career Center,4,1
2015,3905094,050948,Polaris,4,1
2015,3905096,050963,Four County Career Center,4,1
2015,3905098,050989,Delaware Area Career Center,4,1
2015,3905100,051003,Eastland-Fairfield Career/Tech,4,1
2015,3905102,051029,EHOVE Career Center,4,1
2015,3905104,051045,Greene County Vocational School District,4,1
2015,3905106,051060,Great Oaks Career Campuses,4,1
2015,3905112,051128,Jefferson County,4,1
2015,3905114,051144,Knox County JVSD,4,1
2015,3905116,051169,Auburn,4,1
2015,3905118,051185,Lawrence County,4,1
2015,3905120,051201,Career and Technology Educational Centers,4,1
2015,3905122,051227,Lorain County JVS,4,1
2015,3905124,051243,Mahoning Co Career & Tech Ctr,4,1
2015,3905128,051284,Miami Valley Career Tech,4,1
2015,3905130,051300,Mid-East Career and Technology Centers,4,1
2015,3905133,051334,Ohio Hi-Point Career Center,4,1
2015,3905135,051359,Penta Career Center - District,4,1
2015,3905137,051375,Pike County Area,4,1
2015,3905139,051391,Maplewood Career Center,4,1
2015,3905141,051417,Pioneer Career & Technology,4,1
2015,3905143,051433,Pickaway-Ross County JVSD,4,1
2015,3905145,051458,Vanguard-Sentinel Career & Technology Centers,4,1
2015,3905147,051474,Warren County Vocational School,4,1
2015,3905149,051490,Scioto County Career Technical Center,4,1
2015,3905153,051532,Springfield-Clark County,4,1
2015,3905160,051607,Tri-County Career Center,4,1
2015,3905163,051631,Trumbull Career & Tech Ctr,4,1
2015,3905165,051656,Buckeye,4,1
2015,3905167,051672,Vantage Career Center,4,1
2015,3905169,051698,Washington County Career Center,4,1
2015,3905171,051714,Wayne County JVSD,4,1
2015,3906190,061903,Adams County Ohio Valley Local,1,1
2015,3906202,062026,Stark County Area,4,1
2015,3906204,062042,Ashland County-West Holmes,4,1
2015,3906206,062067,Gallia-Jackson-Vinton,4,1
2015,3906210,062109,Medina County Joint Vocational School District,4,1
2015,3906212,062125,Upper Valley Career Center,4,1
2015,3906280,062802,U S Grant,4,1
2015,3906349,063495,Portage Lakes,4,1
2015,3906351,063511,Tolles Career & Technical Center,4,1
2015,3906496,064964,College Corner Local,1,1
2015,3906522,065227,Coshocton County,4,1
2015,3906526,065268,Tri-Rivers,4,1
2015,3906568,065680,Gallia County Local,1,1
2015,3906968,069682,East Guernsey Local,1,1
2015,3910000,043984,Findlay City,1,1
2015,3910001,047464,Van Buren Local,1,1
2015,3910002,047415,Arcadia Local,1,1
2015,3910003,044784,Sidney City,1,1
2015,3910004,049759,Anna Local,1,1
2015,3910005,049809,Jackson Center Local,1,1
2015,3910006,044735,Salem City,1,1
2015,3910007,045443,Leetonia Exempted Village,1,1
2015,3910008,045344,Crestline Exempted Village,1,1
2015,3910009,044776,Shelby City,1,1
2015,3910010,046920,Miami Trace Local,1,1
2015,3910011,045013,Washington Court House City,1,1
2015,3910012,044420,Mount Vernon City,1,1
2015,3910013,047845,East Knox Local,1,1
2015,3910014,047894,Riverside Local,1,1
2015,3910015,044628,Painesville City Local,1,1
2015,3910016,046581,Orange City,1,1
2015,3910017,043562,Bedford City,1,1
2015,3910018,050500,Warren Local,1,1
2015,3910019,044321,Marietta City,1,1
2015,3910020,045302,Clyde-Green Springs Exempted Village,1,1
2015,3910021,049726,Old Fort Local,1,1
2015,3910022,050369,Lincolnview Local,1,1
2015,3910023,044966,Van Wert City,1,1
2015,3910024,045625,Upper Sandusky Exempted Village,1,1
2015,3910025,044172,Kenton City,1,1
2015,3910026,049601,Clay Local,1,1
2015,3910027,044669,Portsmouth City,1,1
2015,3910028,045591,Rittman Exempted Village,1,1
2015,3910029,044974,Wadsworth City,1,1
2015,3910030,043729,Celina City,1,1
2015,3910031,048553,Marion Local,1,1
2015,3910032,045120,Wooster City,1,1
2015,3910033,050575,Northwestern Local,1,1
2016,3900001,071530,Ohio School For The Deaf,5,1
2016,3900002,071548,Ohio School For The Blind,5,1
2016,3900008,125252,Muskingum Valley ESC,4,1
2016,3900009,125658,South Central Ohio ESC,4,1
2016,3900012,125682,Gallia-Vinton ESC,4,1
2016,3900013,125690,North Point Educational Service Center,4,1
2016,3900014,123281,Ohio Valley ESC,4,1
2016,3900015,124297,Northwest Ohio Educational Service Center,4,1
2016,3900017,134072,Youngstown Community School,7,1
2016,3900019,134098,Constellation Schools: Old Brooklyn Community Elementary,7,1
2016,3900022,134122,Autism Model School,7,1
2016,3900023,134148,Aurora Academy,7,1
2016,3900025,134197,Green Inspiration Academy,7,1
2016,3900027,134213,Middlebury Academy,7,1
2016,3900028,134221,Colonial Prep Academy,7,1
2016,3900029,134247,City Day Community School,7,1
2016,3900031,133512,Cincinnati College Preparatory Academy,7,1
2016,3900032,133520,Citizens Academy,7,1
2016,3900033,133538,Edge Academy The,7,1
2016,3900036,133561,Millennium Community School,7,1
2016,3900038,133587,Summit Academy Akron Elementary School,7,1
2016,3900040,133629,Horizon Science Acad Cleveland,7,1
2016,3900042,133660,Horizon Science Academy Columbus,7,1
2016,3900043,133678,Riverside Academy,7,1
2016,3900047,133736,Richard Allen Academy,7,1
2016,3900050,133801,Life Skills Ctr Of Youngstown,7,1
2016,3900051,133819,Lincoln Preparatory Academy,7,1
2016,3900052,133835,Invictus High School,7,1
2016,3900053,133868,Towpath Trail High School,7,1
2016,3900056,133942,Toledo School For The Arts,7,1
2016,3900057,133959,Dayton Leadership Academies-Early Learning Academy,7,1
2016,3900063,123257,North Central Ohio ESC,4,1
2016,3900064,123521,Mid-Ohio ESC,4,1
2016,3900065,133215,Intergenerational School The,7,1
2016,3900068,133256,Constellation Schools: Parma Community,7,1
2016,3900071,133306,Summit Academy Community School for Alternative Learn-Canton,7,1
2016,3900072,133330,T.C.P. World Academy,7,1
2016,3900073,133348,Richard Allen Preparatory,7,1
2016,3900077,133389,Lighthouse Community Sch Inc,7,1
2016,3900079,133413,Electronic Classroom Of Tomorrow,7,1
2016,3900080,133421,Graham School The,7,1
2016,3900081,133439,Cornerstone Academy Community School,7,1
2016,3900083,133454,Dayton Leadership Academies-Dayton View Campus,7,1
2016,3900084,133488,River Gate High School,7,1
2016,3900086,133785,Life Skills Ctr Of Cincinnati,7,1
2016,3900090,134999,Western Buckeye ESC,4,1
2016,3900091,135145,Athens-Meigs ESC,4,1
2016,3900092,137364,Madison-Champaign ESC,4,1
2016,3900093,138222,Ross-Pike ESC,4,1
2016,3900094,139303,Monroe Local,1,1
2016,3900096,132746,Summit Acdy Comm Schl for Alternative Learners of Middletown,7,1
2016,3900097,132761,Summit Academy Community School Alternative Learners -Xenia,7,1
2016,3900098,132779,Summit Academy Akron Middle School,7,1
2016,3900100,132795,Cliff Park High School,7,1
2016,3900101,132803,Marshall High School,7,1
2016,3900102,132951,Constellation Schools: Lorain Community Elementary,7,1
2016,3900103,132969,Constellation Schools: Elyria Community,7,1
2016,3900104,132985,Youthbuild Columbus Community,7,1
2016,3900105,132993,Constellation Schools: Westpark Community Elementary,7,1
2016,3900106,133264,Dohn Community,7,1
2016,3900107,133280,Washington Park Community School,7,1
2016,3900109,133322,Summit Academy Community School Alternative Learners-Lorain,7,1
2016,3900113,133504,Phoenix Community Learning Ctr,7,1
2016,3900117,143297,The Autism Academy Of Learning,7,1
2016,3900118,143305,Treca Digital Academy,7,1
2016,3900119,143313,West Preparatory Academy,7,1
2016,3900120,143552,Eagle Academy,7,1
2016,3900121,143602,Hamilton Cnty Math & Science,7,1
2016,3900123,143644,Sciotoville,7,1
2016,3900125,000125,Polly Fox Academy Community School,7,1
2016,3900126,000130,Phoenix Academy Community School,7,1
2016,3900127,000131,Glass City Academy,7,1
2016,3900129,000138,Pathway School of Discovery,7,1
2016,3900130,000139,Alliance Academy of Cincinnati,7,1
2016,3900133,000162,Newark Digital Academy,7,1
2016,3900135,000197,Hamilton Alternative Academy,7,1
2016,3900138,000222,Wildwood Environmental Academy,7,1
2016,3900145,148981,Tomorrow Center,7,1
2016,3900146,148999,Mahoning Unlimited Classroom,7,1
2016,3900151,149047,Goal Digital Academy,7,1
2016,3900152,149054,Akron Digital Academy,7,1
2016,3900153,149062,Urbana Community School,7,1
2016,3900155,149088,Fairborn Digital Academy,7,1
2016,3900175,142901,Life Skills Center  of Canton,7,1
2016,3900176,142919,Life Skills Center of Elyria,7,1
2016,3900177,142927,Focus Learning Academy of Southwest Columbus,7,1
2016,3900178,142935,Focus Learning Academy of Southeastern Columbus,7,1
2016,3900179,142943,Focus Learning Academy of Northern Columbus,7,1
2016,3900180,142950,Ohio Virtual Academy,7,1
2016,3900181,142968,Hope Academy Northcoast,7,1
2016,3900184,143115,Mound Street IT Careers Academy,7,1
2016,3900185,143123,Mound Street Military Careers Academy,7,1
2016,3900186,143131,Mound Street Health Careers Academy,7,1
2016,3900189,143164,Life Skills Center Of Hamilton County,7,2
2016,3900190,143172,International Acad Of Columbus,7,1
2016,3900192,143198,Great Western Academy,7,1
2016,3900193,143206,Trotwood Fitness & Prep Acad,7,1
2016,3900194,143214,Middletown Fitness & Prep Acad,7,1
2016,3900203,143396,Alternative Education Academy,7,1
2016,3900211,143479,Constellation Schools: Puritas Community Elementary,7,1
2016,3900212,143487,Constellation Schools: Stockyard Community Elementary,7,1
2016,3900216,143529,North Dayton School Of Science & Discovery,7,1
2016,3900217,143537,Virtual Community School Of Ohio,7,1
2016,3900219,143560,Richard Allen Academy II,7,1
2016,3900220,143578,Richard Allen Academy III,7,1
2016,3900223,143610,Arts & College Preparatory Academy,7,1
2016,3900226,148916,Marion City Digital Academy,7,1
2016,3900228,148932,Franklin Local Community School,7,1
2016,3900231,149302,Life Skills Center Of Toledo,7,1
2016,3900233,149328,Foxfire High School,7,1
2016,3900234,149336,Southwest Licking Digital Acad,7,2
2016,3900237,060988,Buckeye United School District,5,1
2016,3900238,065201,Ohio Central School System,5,1
2016,3900241,132944,Miami Valley Academies,7,1
2016,3900250,000236,Ohio Connections Academy Inc,7,1
2016,3900252,000241,Quaker Digital Academy,7,1
2016,3900259,149427,Massillon Digital Academy Inc,7,1
2016,3900262,151027,London Academy,7,1
2016,3900263,151035,Pleasant Community Digital,7,1
2016,3900273,151142,Lorain K-12 Digital Academy,7,1
2016,3900275,151167,Ridgedale Community School,7,1
2016,3900276,151175,West Central Learning Academy II,7,1
2016,3900277,151183,Lake Erie International High School,7,1
2016,3900278,151191,The Capella Institute,7,1
2016,3900279,151209,Life Skills Of Northeast Ohio,7,1
2016,3900282,151233,Lakewood Digital Academy,7,2
2016,3900285,000525,Canton Harbor High School,7,1
2016,3900286,000527,Cleveland Academy for Scholarship Technology and Leadership,7,1
2016,3900291,000534,Constellation Schools: Puritas Community Middle,7,1
2016,3900297,000541,Constellation Schools: Outreach Academy for Students with Di,7,1
2016,3900299,000543,Pinnacle Academy,7,1
2016,3900302,000546,Winterfield Venture Academy,7,1
2016,3900304,000553,Columbus Humanities Arts and Technology Academy,7,1
2016,3900305,000556,A+ Arts Academy,7,1
2016,3900306,000557,Columbus Arts & Technology Academy,7,1
2016,3900307,000558,Columbus Preparatory Academy,7,1
2016,3900308,000559,Orion Academy,7,1
2016,3900309,000560,Apex Academy,7,1
2016,3900311,000564,Virtual Schoolhouse Inc.,7,2
2016,3900313,000575,Hope Academy Northwest Campus,7,1
2016,3900314,000576,King Academy Community School,7,1
2016,3900315,000577,Emerson Academy,7,1
2016,3900331,000598,Coshocton Opportunity School,7,1
2016,3900337,000608,Summit Academy Transition High School-Cincinnati,7,1
2016,3900338,000609,Summit Academy Middle School - Lorain,7,1
2016,3900339,000610,Summit Academy Middle School - Columbus,7,1
2016,3900341,000613,Heir Force Community School,7,1
2016,3900342,000614,Summit Academy Transition High School-Columbus,7,1
2016,3900344,000616,Summit Academy Alternative LearnersWarren Middle & Secondary,7,1
2016,3900348,000621,Summit Academy Transition High School Dayton,7,1
2016,3900350,000623,Summit Academy-Youngstown,7,1
2016,3900356,000629,Summit Academy Community School - Painesville,7,1
2016,3900360,000633,Summit Academy Toledo Learning Center,7,1
2016,3900361,000634,Summit Academy Secondary School - Middletown,7,1
2016,3900366,000640,Rittman Academy,7,1
2016,3900381,000664,Life Skills Center of Columbus Southeast,7,1
2016,3900382,000677,New Day Academy Boarding & Day School,7,1
2016,3900383,000679,Oakstone Community School,7,1
2016,3900385,147231,Schnee Learning Center,7,1
2016,3900396,000725,Zenith Academy,7,1
2016,3900399,000736,HBCU Preparatory School 1,7,1
2016,3900400,000738,HBCU Preparatory School 2,7,1
2016,3900428,000770,Maritime Academy of Toledo The,7,1
2016,3900434,000779,Educational Academy for Boys & Girls,7,1
2016,3900435,000780,Midnimo Cross Cultural Community School,7,1
2016,3900436,000781,Cincinnati Speech & Reading Intervention Center,7,2
2016,3900441,000804,Horizon Science Academy-Cincinnati,7,1
2016,3900444,000808,Horizon Science Academy-Dayton,7,1
2016,3900448,000813,Life Skills Center of Dayton,7,1
2016,3900451,000825,Horizon Science Academy-Springfield,7,1
2016,3900454,000838,Horizon Science Academy-Denison Middle School,7,1
2016,3900457,000843,Bennett Venture Academy,7,1
2016,3900467,000855,Stambaugh Charter Academy,7,1
2016,3900470,000858,Horizon Science Academy-Cleveland Middle School,7,1
2016,3900474,000875,Westside Academy,7,1
2016,3900478,000905,Interactive Media & Construction (IMAC),7,1
2016,3900488,000282,Greater Ohio Virtual School,7,1
2016,3900490,000288,Auglaize County Educational Academy,7,1
2016,3900492,000296,Summit Academy Community School-Columbus,7,1
2016,3900493,000297,Summit Academy Community School - Dayton,7,1
2016,3900494,000298,Summit Academy Secondary - Akron,7,1
2016,3900495,000300,Summit Academy Secondary - Canton,7,1
2016,3900496,000301,Summit Academy Secondary - Lorain,7,1
2016,3900497,000302,Summit Academy Community School-Parma,7,1
2016,3900498,000303,Summit Academy Secondary - Youngstown,7,1
2016,3900499,000304,Summit Academy Community School-Toledo,7,1
2016,3900500,000305,Summit Academy Community School-Warren,7,1
2016,3900501,000306,Summit Academy Community School - Cincinnati,7,1
2016,3900502,000311,Bridges Community Academy,7,1
2016,3900503,000316,Constellation Schools: Westpark Community Middle,7,1
2016,3900505,000318,Menlo Park Academy,7,1
2016,3900506,000319,Constellation Schools: Madison Community Elementary,7,1
2016,3900507,000320,Constellation Schools: Lorain Community Middle,7,1
2016,3900508,000321,Constellation Schools: Old Brooklyn Community Middle,7,1
2016,3900510,000338,Horizon Science Academy Toledo,7,1
2016,3900514,000360,Miamisburg Secondary Academy,7,1
2016,3900523,000392,Mansfield Enhancement Academy,7,2
2016,3900525,000396,Mansfield Elective Academy,7,1
2016,3900528,000402,Findlay Digital Academy,7,1
2016,3900530,000417,Buckeye On-Line School for Success,7,1
2016,3900533,000420,Columbus Bilingual Academy,7,2
2016,3900537,000442,Manchester Local,1,1
2016,3900550,000509,Whitehall Preparatory and Fitness Academy,7,1
2016,3900551,000510,Springfield Preparatory and Fitness Academy,7,1
2016,3900552,000511,Northland Preparatory and Fitness Academy,7,1
2016,3900557,000930,Cleveland Entrepreneurship Preparatory School,7,1
2016,3900562,000936,Promise Academy,7,1
2016,3900564,000938,East Bridge Academy of Excellence,7,1
2016,3900567,000941,Par Excellence Academy,7,1
2016,3900568,000942,Lakewood City Academy,7,1
2016,3900573,000951,Toledo Preparatory and Fitness Academy,7,1
2016,3900574,000952,Columbus Preparatory and Fitness Academy,7,1
2016,3900575,000953,Mt. Healthy Preparatory and Fitness Academy,7,1
2016,3900580,007984,Youngstown Academy of Excellence,7,1
2016,3900584,007995,Cleveland Arts and Social Sciences Academy,7,1
2016,3900585,007998,Center for Student Achievement,7,1
2016,3900586,007999,Charles School at Ohio Dominican University,7,1
2016,3900587,008000,Lorain Preparatory Academy,7,1
2016,3900593,008063,Life Skills Center of North Akron,7,1
2016,3900594,008064,Academy of Arts and Sciences,7,1
2016,3900638,000912,Early College Academy,7,1
2016,3900639,008251,Mahoning Valley Opportunity Center,7,1
2016,3900640,008287,Groveport Community School,7,1
2016,3900641,008286,Harvard Avenue Performance Academy,7,1
2016,3900642,008283,Dayton Business Technology High School,7,1
2016,3900643,008282,Life Skills Center of Columbus North,7,1
2016,3900644,008281,South Scioto Academy,7,1
2016,3900645,008280,Noble Academy-Columbus,7,1
2016,3900646,008278,Noble Academy-Cleveland,7,1
2016,3900647,008289,Eagle Learning Center,7,1
2016,3901296,009181,Clay Avenue Community School,7,1
2016,3901298,009171,Star Academy of Toledo,7,1
2016,3901301,009192,Foundation Academy,7,1
2016,3901302,009283,Dayton Early College Academy Inc,7,1
2016,3901305,009122,Columbus Collegiate Academy,7,1
2016,3901313,009164,Central Academy of Ohio,7,1
2016,3901314,009148,Zanesville Community School,7,1
2016,3901317,009163,C.M. Grant Leadership Academy,7,2
2016,3901319,009147,Northpointe Academy,7,1
2016,3901322,009179,Horizon Science Academy Columbus Middle School,7,1
2016,3901326,009149,Constellation Schools: Westside Community School of the Arts,7,1
2016,3901329,009996,Mahoning County High School,7,1
2016,3901330,009997,KIPP Columbus,7,1
2016,3901333,010007,Horizon Science Academy Denison Elementary School,7,1
2016,3901335,010036,Cesar Chavez College Preparatory School,7,1
2016,3901336,010180,Mount Auburn International Academy,7,1
2016,3901337,010182,Performance Academy Eastland,7,1
2016,3901339,010205,L. Hollingworth School for Talented and Gifted,7,1
2016,3901344,009953,Sullivant Avenue Community School,7,1
2016,3901345,009954,Harrisburg Pike Community School,7,1
2016,3901346,009955,Madison Avenue School of Arts,7,1
2016,3901347,009957,Klepinger Community School,7,1
2016,3901348,009964,Sciotoville Elementary Academy,7,1
2016,3901350,009971,Ashland County Community Academy,7,1
2016,3901353,009990,Horizon Science Academy Elementary School,7,1
2016,3901354,011439,Renaissance Academy,7,1
2016,3901356,011444,Rushmore Academy,7,1
2016,3901359,011479,LifeLinks Community School,7,1
2016,3901362,011507,Achieve Career Preparatory Academy,7,1
2016,3901363,011511,Lakeland Academy Community School,7,1
2016,3901365,011533,Horizon Science Academy Lorain,7,1
2016,3901366,011534,Horizon Science Academy Dayton High School,7,1
2016,3901368,011291,Village Preparatory School,7,1
2016,3901369,011381,Greater Summit County Early Learning Center,7,1
2016,3901370,011390,Bella Academy of Excellence,7,1
2016,3901372,011436,Pleasant Education Academy,7,2
2016,3901374,011506,Dayton Regional STEM School,1,1
2016,3901375,011468,Columbus Bilingual Academy-North,7,1
2016,3901376,011923,Northeast Ohio College Preparatory School,7,1
2016,3901377,011947,Imagine Akron Academy,7,1
2016,3901378,011956,Everest High School,7,1
2016,3901381,011967,The Richland School of Academic Arts,7,1
2016,3901382,011972,Graham Expeditionary Middle School,7,1
2016,3901383,011976,Horizon Science Academy Dayton Downtown,7,1
2016,3901389,011986,Horizon Science Academy Youngstown,7,1
2016,3901393,012000,Cruiser Academy,7,1
2016,3901396,012009,Zenith Academy East,7,1
2016,3901397,012010,Cleveland College Preparatory School,7,1
2016,3901398,012011,Columbus Performance Academy,7,1
2016,3901403,012025,Constellation Schools: Stockyard Community Middle,7,1
2016,3901405,012030,Near West Intergenerational School,7,1
2016,3901406,012031,Entrepreneurship Preparatory School - Woodland Hills Campus,7,1
2016,3901407,012033,Foxfire Intermediate School,7,1
2016,3901409,012036,Regent High School,7,1
2016,3901410,012037,Mason Run High School,7,1
2016,3901411,012038,Old Brook High School,7,1
2016,3901412,012040,Road to Success Academy,7,1
2016,3901413,012041,Central High School,7,1
2016,3901414,012042,George V. Voinovich Reclamation Academy,7,1
2016,3901415,012043,Frederick Douglass Reclamation Academy,7,1
2016,3901416,012044,Capital High School,7,1
2016,3901417,012045,Patriot Preparatory Academy,7,1
2016,3901419,012052,Imagine on Superior,7,2
2016,3901420,012054,North Central Academy,7,1
2016,3901424,012078,Quest Community School,7,1
2016,3901427,012105,Southside Academy,7,1
2016,3901428,012060,Akros Middle School,7,1
2016,3901429,011324,Hardin Community School,7,1
2016,3901430,012684,Broadway Academy,7,1
2016,3901432,012671,Constellation Schools: Eastside Arts Academy,7,1
2016,3901433,012528,The Academy for Urban Scholars,7,1
2016,3901434,012644,STEAM Academy of Warren,7,1
2016,3901436,012629,Great Expectations Elementary School,7,2
2016,3901437,011948,Imagine Cleveland Academy,7,2
2016,3901439,012626,OAK Leadership Institute,7,2
2016,3901442,012497,Pickerington Community School,7,1
2016,3901444,012029,Citizens Leadership Academy,7,1
2016,3901445,012628,Imagine Integrity Academy,7,2
2016,3901447,012536,Newbridge Math & Reading Preparatory Academy,7,1
2016,3901449,012513,Madisonville SMART Elementary,7,1
2016,3901450,012867,Townsend North Community School,7,1
2016,3901451,012529,Focus North High School,7,1
2016,3901452,012631,Impact Academy Cincinnati,7,2
2016,3901453,012026,Constellation Schools: Collinwood Village Academy,7,1
2016,3901454,012627,STEAM Academy of Akron,7,1
2016,3901456,012556,Pearl Academy,7,2
2016,3901457,012541,University of Cleveland Preparatory School,7,1
2016,3901460,012624,Accelerated Achievement Academy of Cincinnati,7,2
2016,3901462,012668,Garfield Academy,7,2
2016,3901463,012501,Beacon Hill Academy,7,1
2016,3901465,012558,Global Village Academy,7,1
2016,3901466,012545,Imagine Woodbury Academy,7,1
2016,3901467,013200,Nexus Academy of Toledo,7,1
2016,3901468,013082,The Haley School,7,1
2016,3901470,013255,Canton College Preparatory School,7,1
2016,3901471,013146,STEAM Academy of Dayton,7,1
2016,3901472,013249,Academy for Urban Scholars Youngstown,7,1
2016,3901473,013170,Hope Academy for Autism,7,1
2016,3901475,013175,SunBridge Schools,7,1
2016,3901476,013059,West Carrollton Secondary Academy,7,1
2016,3901478,012951,Columbus Collegiate Academy - West,7,1
2016,3901479,013198,Brookwood Academy,7,1
2016,3901480,013232,A+ Children's Academy,7,1
2016,3901482,013147,STEAM Academy of Warrensville Heights,7,1
2016,3901483,013201,Nexus Academy of Columbus,7,1
2016,3901485,013240,Cincinnati State STEM Academy,7,2
2016,3901486,012852,Citizens Academy East,7,1
2016,3901487,013253,Ohio College Preparatory School,7,1
2016,3901488,013173,Imagine Hill Avenue,7,1
2016,3901490,012391,Metro Early College High School,1,1
2016,3901495,013030,Graham Primary School,7,1
2016,3901496,013199,Nexus Academy of Cleveland,7,1
2016,3901498,013148,Stepstone Academy,7,1
2016,3901499,013132,Lake Erie College Preparatory School,7,1
2016,3901501,013233,Southern Ohio Academy,7,1
2016,3901502,013195,Academy of Educational Excellence,7,1
2016,3901503,013254,Akron Preparatory School,7,1
2016,3901505,013034,Village Preparatory School:: Woodland Hills Campus,7,1
2016,3901508,012924,DECA PREP,7,1
2016,3901510,013226,Life Skills High School of Cleveland,7,1
2016,3901511,014066,Main Preparatory Academy,7,1
2016,3901512,014231,Bio-Med Science Academy STEM School,1,1
2016,3901514,014189,West Park Academy,7,1
2016,3901516,013864,Cincinnati Technology Academy,7,1
2016,3901520,014091,Hope Learning Academy of Toledo,7,1
2016,3901521,014139,Imagine Columbus Primary School,7,1
2016,3901522,013967,Cincinnati Learning Schools,7,1
2016,3901523,014148,Provost Academy Ohio,7,1
2016,3901524,014064,Winton Preparatory Academy,7,1
2016,3901526,014187,East Academy,7,1
2016,3901527,014061,Chapelside Cleveland Academy,7,1
2016,3901529,014467,United Preparatory Academy,7,1
2016,3901530,014067,Ohio Construction Academy,7,1
2016,3901531,014094,Lawrence County Academy,7,1
2016,3901533,013892,Franklinton Preparatory Academy,7,1
2016,3901534,014081,Insight School of Ohio,7,1
2016,3901535,013930,Global Impact STEM Academy,1,1
2016,3901536,014149,Dayton SMART Elementary School,7,1
2016,3901537,014051,Northmont Secondary Academy,7,1
2016,3901539,013994,Albert Einstein Academy for Letters Arts and Sciences-Ohio,7,1
2016,3901542,014194,Watkins Academy,7,1
2016,3901543,014065,Lincoln Park Academy,7,1
2016,3901545,014188,Discovery Academy,7,1
2016,3901546,014062,Life Skills High School of Middletown,7,2
2016,3901549,014121,Imagine Leadership Academy,7,1
2016,3901550,014090,Berwyn East Academy,7,1
2016,3901551,013962,Liberty Preparatory School,7,1
2016,3901554,014147,East Preparatory Academy,7,1
2016,3901555,013999,Rise & Shine Academy,7,1
2016,3901556,014063,University Academy,7,1
2016,3901558,014633,City Prep Academy,7,2
2016,3901559,014912,Norwood Conversion Community School,7,1
2016,3901560,014858,REACH Academy,7,1
2016,3901561,014932,Cincinnati Generation Academy,7,1
2016,3901562,014825,Buckeye Preparatory Academy,7,1
2016,3901563,014864,Toledo SMART Elementary School,7,1
2016,3901564,014913,Lakeshore Intergenerational School,7,1
2016,3901565,014943,Valley STEM+ME2 Academy,1,1
2016,3901566,014830,Utica Shale Academy of Ohio,7,1
2016,3901567,014927,Steel Academy,7,1
2016,3901568,014904,T2 Honors Academy,7,1
2016,3901569,015236,Clark Preparatory Academy,7,1
2016,3901570,015261,Citizens Academy Southeast,7,1
2016,3901571,015239,Stonebrook Montessori,7,1
2016,3901572,014877,Metro Institute of Technology,1,1
2016,3901573,015240,Utica Shale Academy-Belmont,7,2
2016,3901574,015237,Flex High School,7,1
2016,3901575,015329,iSTEM Geauga Early College High School,1,1
2016,3901576,015234,Zenith Academy West,7,1
2016,3901577,015344,Tri State Early College STEM School,1,1
2016,3901578,015241,Ohio Valley Energy Technology Academy,7,1
2016,3901579,015238,Foxfire East Academy,7,1
2016,3901580,015328,Collins Career Center STEM Academy,1,2
2016,3901581,015722,Village Preparatory School Willard,7,3
2016,3901582,015710,Bridge Gate Community School,7,3
2016,3901583,015741,Westwood Preparatory Academy,7,3
2016,3901584,015713,East Branch Preparatory AcademydbaWright Preparatory Academy,7,3
2016,3901585,015736,iLEAD Spring Meadows,7,3
2016,3901586,015709,Beacon Academy,7,3
2016,3901587,015714,Urban Early College Network,7,3
2016,3901588,015737,Global Ambassadors Language Academy,7,3
2016,3901589,014777,Midwest Regional ESC,4,4
2016,3904348,043489,Akron City,1,1
2016,3904349,043497,Alliance City,1,1
2016,3904350,043505,Ashland City,1,1
2016,3904351,043513,Ashtabula Area City,1,1
2016,3904352,043521,Athens City,1,1
2016,3904353,043539,Barberton City,1,1
2016,3904354,043547,Bay Village City,1,1
2016,3904355,043554,Beachwood City,1,1
2016,3904357,043570,Bellaire Local,1,1
2016,3904358,043588,Bellefontaine City,1,1
2016,3904359,043596,Bellevue City,1,1
2016,3904360,043612,Berea City,1,1
2016,3904361,043604,Belpre City,1,1
2016,3904362,043620,Bexley City,1,1
2016,3904363,043638,Bowling Green City School District,1,1
2016,3904364,043646,Brecksville-Broadview Heights City,1,1
2016,3904365,043653,Brooklyn City,1,1
2016,3904366,043661,Brunswick City,1,1
2016,3904367,043679,Bryan City,1,1
2016,3904368,043687,Bucyrus City,1,1
2016,3904369,043695,Cambridge City,1,1
2016,3904370,043703,Campbell City,1,1
2016,3904371,043711,Canton City,1,1
2016,3904373,043737,Centerville City,1,1
2016,3904374,043745,Chillicothe City,1,1
2016,3904375,043752,Cincinnati City,1,1
2016,3904376,043760,Circleville City,1,1
2016,3904377,043778,Claymont City,1,1
2016,3904378,043786,Cleveland Municipal,1,1
2016,3904379,043794,Cleveland Heights-University Heights City,1,1
2016,3904380,043802,Columbus City School District,1,1
2016,3904381,043810,Conneaut Area City,1,1
2016,3904382,043828,Coshocton City,1,1
2016,3904383,043836,Cuyahoga Falls City,1,1
2016,3904384,043844,Dayton City,1,1
2016,3904385,043851,Deer Park Community City,1,1
2016,3904386,043869,Defiance City,1,1
2016,3904387,043877,Delaware City,1,1
2016,3904388,043885,Delphos City,1,1
2016,3904389,043893,Dover City,1,1
2016,3904390,043901,East Cleveland City School District,1,1
2016,3904391,043919,East Liverpool City,1,1
2016,3904392,043927,East Palestine City,1,1
2016,3904393,043935,Eaton Community City,1,1
2016,3904394,043943,Elyria City Schools,1,1
2016,3904395,043950,Euclid City,1,1
2016,3904396,043968,Fairborn City,1,1
2016,3904397,043976,Fairview Park City,1,1
2016,3904399,043992,Fostoria City,1,1
2016,3904400,044008,Franklin City,1,1
2016,3904401,044016,Fremont City,1,1
2016,3904402,044024,Galion City,1,1
2016,3904403,044032,Gallipolis City,1,1
2016,3904404,044040,Garfield Heights City Schools,1,1
2016,3904405,044057,Geneva Area City,1,1
2016,3904406,044065,Girard City School District,1,1
2016,3904407,044073,Grandview Heights Schools,1,1
2016,3904408,044081,Winton Woods City,1,1
2016,3904409,044099,Greenville City,1,1
2016,3904410,044107,Hamilton City,1,1
2016,3904411,044115,Heath City,1,1
2016,3904412,044123,Hillsboro City,1,1
2016,3904413,044131,Huron City Schools,1,1
2016,3904414,044149,Ironton City,1,1
2016,3904415,044156,Jackson City,1,1
2016,3904416,044164,Kent City,1,1
2016,3904418,044180,Kettering City School District,1,1
2016,3904419,044198,Lakewood City,1,1
2016,3904420,044206,Lancaster City,1,1
2016,3904421,044214,Lebanon City,1,1
2016,3904422,044222,Lima City,1,1
2016,3904423,044230,Lockland Local,1,1
2016,3904424,044248,Logan-Hocking Local,1,1
2016,3904425,044255,London City,1,1
2016,3904426,044263,Lorain City,1,1
2016,3904427,044271,Loveland City,1,1
2016,3904428,044289,Madeira City,1,1
2016,3904429,044297,Mansfield City,1,1
2016,3904430,044305,Maple Heights City,1,1
2016,3904431,044313,Mariemont City,1,1
2016,3904433,044339,Marion City,1,1
2016,3904434,044347,Martins Ferry City,1,1
2016,3904435,044354,Massillon City,1,1
2016,3904436,044362,Maumee City,1,1
2016,3904437,044370,Mayfield City,1,1
2016,3904438,044388,Medina City SD,1,1
2016,3904439,044396,Miamisburg City,1,1
2016,3904440,044404,Middletown City,1,1
2016,3904441,044412,Mt Healthy City,1,1
2016,3904443,044438,Napoleon Area City,1,1
2016,3904444,044446,Nelsonville-York City,1,1
2016,3904445,044453,Newark City,1,1
2016,3904446,044461,New Boston Local,1,1
2016,3904447,044479,New Lexington School District,1,1
2016,3904448,044487,New Philadelphia City,1,1
2016,3904449,044495,Niles City,1,1
2016,3904450,044503,North Canton City,1,1
2016,3904451,044511,North College Hill City,1,1
2016,3904452,044529,North Olmsted City,1,1
2016,3904453,044537,North Ridgeville City,1,1
2016,3904454,044545,North Royalton City,1,1
2016,3904455,044552,Norton City,1,1
2016,3904456,044560,Norwalk City,1,1
2016,3904457,044578,Norwood City,1,1
2016,3904458,044586,Oakwood City,1,1
2016,3904459,044594,Oberlin City Schools,1,1
2016,3904460,044602,Oregon City,1,1
2016,3904461,044610,Orrville City,1,1
2016,3904463,044636,Parma City,1,1
2016,3904464,044644,Piqua City,1,1
2016,3904465,044651,Port Clinton City,1,1
2016,3904467,044677,Princeton City,1,1
2016,3904468,044685,Ravenna City,1,1
2016,3904469,044693,Reading Community City,1,1
2016,3904470,044701,Rocky River City,1,1
2016,3904471,044719,St Bernard-Elmwood Place City,1,1
2016,3904472,044727,St Marys City,1,1
2016,3904474,044743,Sandusky City,1,1
2016,3904475,044750,Shaker Heights City,1,1
2016,3904476,044768,Sheffield-Sheffield Lake City,1,1
2016,3904479,044792,South Euclid-Lyndhurst City,1,1
2016,3904480,044800,South-Western City,1,1
2016,3904481,044818,Springfield City School District,1,1
2016,3904482,044826,Steubenville City,1,1
2016,3904483,044834,Stow-Munroe Falls City School District,1,1
2016,3904484,044842,Strongsville City,1,1
2016,3904485,044859,Struthers City,1,1
2016,3904486,044867,Sycamore Community City,1,1
2016,3904487,044875,Sylvania Schools,1,1
2016,3904488,044883,Tallmadge City,1,1
2016,3904489,044891,Tiffin City,1,1
2016,3904490,044909,Toledo City,1,1
2016,3904491,044917,Toronto City,1,1
2016,3904492,044925,Troy City,1,1
2016,3904493,044933,Upper Arlington City,1,1
2016,3904494,044941,Urbana City,1,1
2016,3904495,044958,Vandalia-Butler City,1,1
2016,3904498,044982,Wapakoneta City,1,1
2016,3904499,044990,Warren City,1,1
2016,3904500,045005,Warrensville Heights City,1,1
2016,3904502,045021,Wellston City,1,1
2016,3904503,045039,Wellsville Local,1,1
2016,3904504,045047,Westerville City,1,1
2016,3904505,045054,West Carrollton City,1,1
2016,3904506,045062,Westlake City,1,1
2016,3904507,045070,Whitehall City,1,1
2016,3904508,045088,Wickliffe City,1,1
2016,3904509,045096,Willard City,1,1
2016,3904510,045104,Willoughby-Eastlake City,1,1
2016,3904511,045112,Wilmington City,1,1
2016,3904513,045138,Worthington City,1,1
2016,3904514,045146,Wyoming City,1,1
2016,3904515,045153,Xenia Community City,1,1
2016,3904516,045161,Youngstown City,1,1
2016,3904517,045179,Zanesville City,1,1
2016,3904518,045187,Ada Exempted Village,1,1
2016,3904519,045195,Amherst Exempted Village,1,1
2016,3904520,045203,Barnesville Exempted Village,1,1
2016,3904521,045211,Bluffton Exempted Village,1,1
2016,3904522,045229,Bradford Exempted Village,1,1
2016,3904523,045237,Bridgeport Exempted Village,1,1
2016,3904524,045245,Harrison Hills City,1,1
2016,3904525,045252,Caldwell Exempted Village,1,1
2016,3904526,045260,Carey Exempted Village Schools,1,1
2016,3904527,045278,Carrollton Exempted Village,1,1
2016,3904528,045286,Chagrin Falls Exempted Village,1,1
2016,3904529,045294,Chesapeake Union Exempted Village,1,1
2016,3904531,045310,Coldwater Exempted Village,1,1
2016,3904532,045328,Columbiana Exempted Village,1,1
2016,3904533,045336,Covington Exempted Village,1,1
2016,3904535,045351,Crooksville Exempted Village,1,1
2016,3904536,045369,Fairport Harbor Exempted Village,1,1
2016,3904537,045377,Georgetown Exempted Village,1,1
2016,3904538,045385,Gibsonburg Exempted Village,1,1
2016,3904539,045393,Granville Exempted Village,1,1
2016,3904540,045401,Greenfield Exempted Village,1,1
2016,3904541,045419,Hicksville Exempted Village,1,1
2016,3904542,045427,Hubbard Exempted Village,1,1
2016,3904543,045435,Indian Hill Exempted Village,1,1
2016,3904545,045450,Lisbon Exempted Village,1,1
2016,3904546,045468,Loudonville-Perrysville Exempted Village,1,1
2016,3904547,045476,Marysville Exempted Village,1,1
2016,3904548,045484,Mechanicsburg Exempted Village,1,1
2016,3904549,045492,Mentor Exempted Village,1,1
2016,3904550,045500,Milford Exempted Village,1,1
2016,3904551,045518,Milton-Union Exempted Village,1,1
2016,3904552,045526,Montpelier Exempted Village,1,1
2016,3904553,045534,Mount Gilead Exempted Village,1,1
2016,3904554,045542,Newcomerstown Exempted Village,1,1
2016,3904555,045559,New Richmond Exempted Village,1,1
2016,3904556,045567,Newton Falls Exempted Village,1,1
2016,3904557,045575,Paulding Exempted Village,1,1
2016,3904558,045583,Perrysburg Exempted Village,1,1
2016,3904560,045609,Rossford Exempted Village,1,1
2016,3904561,045617,Tipp City Exempted Village,1,1
2016,3904563,045633,Versailles Exempted Village,1,1
2016,3904564,045641,Wauseon Exempted Village,1,1
2016,3904565,045658,Wellington Exempted Village,1,1
2016,3904566,045666,Windham Exempted Village,1,1
2016,3904567,045674,Yellow Springs Exempted Village,1,1
2016,3904574,045740,Allen County ESC,4,1
2016,3904575,045757,Allen East Local,1,1
2016,3904576,045765,Bath Local,1,1
2016,3904577,045773,Elida Local,1,1
2016,3904578,045781,Perry Local,1,1
2016,3904579,045799,Shawnee Local,1,1
2016,3904580,045807,Spencerville Local,1,1
2016,3904582,045823,Hillsdale Local,1,1
2016,3904583,045831,Mapleton Local,1,1
2016,3904584,045849,Ashtabula County ESC,4,1
2016,3904585,045856,Buckeye Local,1,1
2016,3904586,045864,Grand Valley Local,1,1
2016,3904587,045872,Jefferson Area Local,1,1
2016,3904588,045880,Pymatuning Valley Local,1,1
2016,3904590,045906,Alexander Local,1,1
2016,3904591,045914,Federal Hocking Local,1,1
2016,3904592,045922,Trimble Local,1,1
2016,3904593,045930,Auglaize County ESC,4,1
2016,3904594,045948,Minster Local,1,1
2016,3904595,045955,New Bremen Local,1,1
2016,3904596,045963,New Knoxville Local,1,1
2016,3904597,045971,Waynesfield-Goshen Local,1,1
2016,3904599,045997,St Clairsville-Richland City,1,1
2016,3904600,046003,Shadyside Local,1,1
2016,3904601,046011,Union Local,1,1
2016,3904602,046029,Brown ESC,4,1
2016,3904603,046037,Eastern Local,1,1
2016,3904604,046045,Fayetteville-Perry Local,1,1
2016,3904606,046060,Western Brown Local,1,1
2016,3904607,046078,Ripley-Union-Lewis-Huntington Local,1,1
2016,3904608,046086,Butler County ESC,4,1
2016,3904609,046094,Edgewood City,1,1
2016,3904610,046102,Fairfield City,1,1
2016,3904611,046110,Lakota Local,1,1
2016,3904612,046128,Madison Local,1,1
2016,3904613,046136,New Miami Local,1,1
2016,3904614,046144,Ross Local,1,1
2016,3904615,046151,Talawanda City,1,1
2016,3904617,046177,Brown Local,1,1
2016,3904619,046193,Graham Local,1,1
2016,3904620,046201,Triad Local,1,1
2016,3904621,046219,West Liberty-Salem Local,1,1
2016,3904622,046227,Clark County ESC,4,1
2016,3904623,046235,Greenon Local,1,1
2016,3904624,046243,Tecumseh Local,1,1
2016,3904625,046250,Northeastern Local,1,1
2016,3904626,046268,Northwestern Local,1,1
2016,3904627,046276,Southeastern Local,1,1
2016,3904628,046284,Clark-Shawnee Local,1,1
2016,3904629,046292,Clermont County ESC,4,1
2016,3904630,046300,Batavia Local,1,1
2016,3904631,046318,Bethel-Tate Local,1,1
2016,3904632,046326,Clermont Northeastern Local,1,1
2016,3904633,046334,Felicity-Franklin Local,1,1
2016,3904634,046342,Goshen Local,1,1
2016,3904635,046359,West Clermont Local,1,1
2016,3904636,046367,Williamsburg Local,1,1
2016,3904637,046375,Southern Ohio ESC,4,1
2016,3904638,046383,Blanchester Local,1,1
2016,3904639,046391,Clinton-Massie Local,1,1
2016,3904640,046409,East Clinton Local,1,1
2016,3904641,046417,Columbiana County ESC,4,1
2016,3904642,046425,Beaver Local,1,1
2016,3904643,046433,Crestview Local,1,1
2016,3904644,046441,Southern Local,1,1
2016,3904645,046458,United Local,1,1
2016,3904647,046474,Ridgewood Local,1,1
2016,3904648,046482,River View Local,1,1
2016,3904650,046508,Buckeye Central Local,1,1
2016,3904651,046516,Colonel Crawford Local,1,1
2016,3904652,046524,Wynford Local,1,1
2016,3904653,046532,ESC of Cuyahoga County,4,1
2016,3904655,046557,Cuyahoga Heights Local,1,1
2016,3904656,046565,Independence Local,1,1
2016,3904657,046573,Olmsted Falls City,1,1
2016,3904659,046599,Richmond Heights Local,1,1
2016,3904660,046607,Solon City,1,1
2016,3904661,046615,Darke County ESC,4,1
2016,3904662,046623,Ansonia Local,1,1
2016,3904663,046631,Arcanum-Butler Local,1,1
2016,3904664,046649,Franklin Monroe Local,1,1
2016,3904667,046672,Mississinawa Valley Local,1,1
2016,3904668,046680,Tri-Village Local,1,1
2016,3904670,046706,Ayersville Local,1,1
2016,3904671,046714,Central Local,1,1
2016,3904672,046722,Northeastern Local,1,1
2016,3904674,046748,Big Walnut Local,1,1
2016,3904675,046755,Buckeye Valley Local,1,1
2016,3904676,046763,Olentangy Local,1,1
2016,3904678,046789,Edison Local (formerly Berlin-Milan),1,1
2016,3904679,046797,Kelleys Island Local,1,1
2016,3904680,046805,Margaretta Local,1,1
2016,3904681,046813,Perkins Local,1,1
2016,3904682,046821,Vermilion Local,1,1
2016,3904683,046839,Fairfield County ESC,4,1
2016,3904684,046847,Amanda-Clearcreek Local,1,1
2016,3904685,046854,Berne Union Local,1,1
2016,3904686,046862,Bloom-Carroll Local,1,1
2016,3904687,046870,Fairfield Union Local,1,1
2016,3904688,046888,Liberty Union-Thurston Local,1,1
2016,3904689,046896,Pickerington Local,1,1
2016,3904690,046904,Walnut Township Local,1,1
2016,3904693,046938,ESC of Central Ohio,4,1
2016,3904694,046946,Canal Winchester Local,1,1
2016,3904695,046953,Hamilton Local,1,1
2016,3904696,046961,Gahanna-Jefferson City,1,1
2016,3904697,046979,Groveport Madison Local,1,1
2016,3904699,046995,New Albany-Plain Local,1,1
2016,3904700,047001,Reynoldsburg City,1,1
2016,3904701,047019,Hilliard City,1,1
2016,3904702,047027,Dublin City,1,1
2016,3904704,047043,Archbold-Area Local,1,1
2016,3904705,047050,Evergreen Local,1,1
2016,3904706,047068,Fayette Local,1,1
2016,3904707,047076,Pettisville Local,1,1
2016,3904708,047084,Pike-Delta-York Local,1,1
2016,3904709,047092,Swanton Local,1,1
2016,3904715,047159,Geauga County Educational Service Center,4,1
2016,3904716,047167,Berkshire Local,1,1
2016,3904717,047175,Cardinal Local,1,1
2016,3904718,047183,Chardon Local,1,1
2016,3904719,047191,Kenston Local,1,1
2016,3904720,047209,Ledgemont Local,1,2
2016,3904721,047217,Newbury Local,1,1
2016,3904722,047225,West Geauga Local,1,1
2016,3904723,047233,Greene County ESC,4,1
2016,3904724,047241,Beavercreek City,1,1
2016,3904725,047258,Cedar Cliff Local,1,1
2016,3904726,047266,Greeneview Local,1,1
2016,3904727,047274,Bellbrook-Sugarcreek Local,1,1
2016,3904730,047308,Rolling Hills Local,1,1
2016,3904732,047324,Hamilton County ESC,4,1
2016,3904733,047332,Finneytown Local,1,1
2016,3904734,047340,Forest Hills Local,1,1
2016,3904736,047365,Northwest Local,1,1
2016,3904737,047373,Oak Hills Local,1,1
2016,3904738,047381,Southwest Local,1,1
2016,3904739,047399,Three Rivers Local,1,1
2016,3904740,047407,Hancock County ESC,4,1
2016,3904742,047423,Arlington Local,1,1
2016,3904743,047431,Cory-Rawson Local,1,1
2016,3904744,047449,Liberty-Benton Local,1,1
2016,3904745,047456,McComb Local,1,1
2016,3904747,047472,Vanlue Local,1,1
2016,3904748,047480,Hardin County ESC,4,2
2016,3904749,047498,Hardin Northern Local,1,1
2016,3904750,047506,Ridgemont Local,1,1
2016,3904751,047514,Riverdale Local,1,1
2016,3904752,047522,Upper Scioto Valley Local,1,1
2016,3904754,047548,Conotton Valley Union Local,1,1
2016,3904757,047571,Holgate Local,1,1
2016,3904758,047589,Liberty Center Local,1,1
2016,3904759,047597,Patrick Henry Local,1,1
2016,3904761,047613,Bright Local,1,1
2016,3904762,047621,Fairfield Local,1,1
2016,3904763,047639,Lynchburg-Clay Local,1,1
2016,3904768,047688,East Holmes Local,1,1
2016,3904769,047696,West Holmes Local,1,1
2016,3904771,047712,Monroeville Local,1,1
2016,3904772,047720,New London Local,1,1
2016,3904773,047738,South Central Local,1,1
2016,3904774,047746,Western Reserve Local,1,1
2016,3904776,047761,Oak Hill Union Local,1,1
2016,3904777,047779,Jefferson County ESC,4,1
2016,3904778,047787,Buckeye Local,1,1
2016,3904779,047795,Edison Local,1,1
2016,3904780,047803,Indian Creek Local,1,1
2016,3904781,047811,Knox County ESC,4,1
2016,3904782,047829,Centerburg Local,1,1
2016,3904783,047837,Danville Local,1,1
2016,3904785,047852,Fredericktown Local,1,1
2016,3904786,047860,Lake County ESC,4,1
2016,3904787,047878,Kirtland Local,1,1
2016,3904788,047886,Madison Local,1,1
2016,3904790,047902,Perry Local,1,1
2016,3904791,047910,Lawrence County ESC,4,1
2016,3904792,047928,Dawson-Bryant Local,1,1
2016,3904793,047936,Fairland Local,1,1
2016,3904794,047944,Rock Hill Local,1,1
2016,3904795,047951,South Point Local,1,1
2016,3904796,047969,Symmes Valley Local,1,1
2016,3904797,047977,Licking County ESC,4,1
2016,3904798,047985,Johnstown-Monroe Local,1,1
2016,3904799,047993,Lakewood Local,1,1
2016,3904800,048009,Licking Heights Local,1,1
2016,3904801,048017,Licking Valley Local,1,1
2016,3904802,048025,North Fork Local,1,1
2016,3904803,048033,Northridge Local,1,1
2016,3904804,048041,Southwest Licking Local,1,1
2016,3904805,048058,Logan County ESC,4,2
2016,3904807,048074,Benjamin Logan Local,1,1
2016,3904808,048082,Indian Lake Local,1,1
2016,3904809,048090,Riverside Local,1,1
2016,3904810,048108,Lorain County ESC,4,1
2016,3904811,048116,Avon Local,1,1
2016,3904812,048124,Avon Lake City,1,1
2016,3904813,048132,Clearview Local,1,1
2016,3904814,048140,Columbia Local,1,1
2016,3904815,048157,Firelands Local,1,1
2016,3904816,048165,Keystone Local,1,1
2016,3904817,048173,Midview Local,1,1
2016,3904819,048199,ESC of Lake Erie West,4,1
2016,3904820,048207,Anthony Wayne Local,1,1
2016,3904821,048215,Ottawa Hills Local,1,1
2016,3904822,048223,Springfield Local,1,1
2016,3904823,048231,Washington Local,1,1
2016,3904825,048256,Jefferson Local,1,1
2016,3904826,048264,Jonathan Alder Local,1,1
2016,3904827,048272,Madison-Plains Local,1,1
2016,3904828,048280,Mahoning County ESC,4,1
2016,3904829,048298,Austintown Local Schools,1,1
2016,3904830,048306,Boardman Local,1,1
2016,3904831,048314,Canfield Local,1,1
2016,3904832,048322,Jackson-Milton Local,1,1
2016,3904833,048330,Lowellville Local,1,1
2016,3904834,048348,Poland Local,1,1
2016,3904835,048355,Sebring Local,1,1
2016,3904836,048363,South Range Local,1,1
2016,3904837,048371,Springfield Local,1,1
2016,3904838,048389,West Branch Local,1,1
2016,3904839,048397,Western Reserve Local,1,1
2016,3904841,048413,Elgin Local,1,1
2016,3904842,048421,Pleasant Local,1,1
2016,3904843,048439,Ridgedale Local,1,1
2016,3904844,048447,River Valley Local,1,1
2016,3904845,048454,Medina County ESC,4,1
2016,3904846,048462,Black River Local,1,1
2016,3904847,048470,Buckeye Local,1,1
2016,3904848,048488,Cloverleaf Local,1,1
2016,3904849,048496,Highland Local,1,1
2016,3904851,048512,Eastern Local,1,1
2016,3904852,048520,Meigs Local,1,1
2016,3904853,048538,Southern Local,1,1
2016,3904854,048546,Mercer County ESC,4,1
2016,3904857,048579,Parkway Local,1,1
2016,3904858,048587,St Henry Consolidated Local,1,1
2016,3904859,048595,Fort Recovery Local,1,1
2016,3904860,048603,Miami County ESC,4,1
2016,3904861,048611,Bethel Local,1,1
2016,3904862,048629,Miami East Local,1,1
2016,3904863,048637,Newton Local,1,1
2016,3904865,048652,Switzerland of Ohio Local,1,1
2016,3904866,048660,Montgomery County ESC,4,1
2016,3904867,048678,Brookville Local,1,1
2016,3904868,048686,Jefferson Township Local,1,1
2016,3904869,048694,Trotwood-Madison City,1,1
2016,3904870,048702,Mad River Local,1,1
2016,3904871,048710,New Lebanon Local,1,1
2016,3904872,048728,Northmont City,1,1
2016,3904873,048736,Northridge Local,1,1
2016,3904874,048744,Valley View Local,1,1
2016,3904875,048751,Huber Heights City,1,1
2016,3904877,048777,Morgan Local,1,1
2016,3904879,048793,Cardington-Lincoln Local,1,1
2016,3904880,048801,Highland Local,1,1
2016,3904881,048819,Northmor Local,1,1
2016,3904883,048835,East Muskingum Local,1,1
2016,3904884,048843,Franklin Local,1,1
2016,3904885,048850,Maysville Local,1,1
2016,3904887,048876,Tri-Valley Local,1,1
2016,3904888,048884,West Muskingum Local,1,1
2016,3904890,048900,Noble Local,1,1
2016,3904892,048926,Benton Carroll Salem Local,1,1
2016,3904893,048934,Danbury Local,1,1
2016,3904894,048942,Genoa Area Local,1,1
2016,3904895,048959,Middle Bass Local,1,1
2016,3904896,048967,North Bass Local,1,1
2016,3904897,048975,Put-In-Bay Local,1,1
2016,3904899,048991,Antwerp Local,1,1
2016,3904900,049296,Twin Valley Community Local,1,1
2016,3904903,049031,Wayne Trace Local,1,1
2016,3904905,049056,Northern Local,1,1
2016,3904906,049064,Southern Local,1,1
2016,3904907,049072,Pickaway County ESC,4,1
2016,3904908,049080,Logan Elm Local,1,1
2016,3904909,049098,Teays Valley Local,1,1
2016,3904910,049106,Westfall Local,1,1
2016,3904912,049122,Eastern Local,1,1
2016,3904913,049130,Scioto Valley Local,1,1
2016,3904914,049148,Waverly City,1,1
2016,3904915,049155,Western Local,1,1
2016,3904916,049163,Portage County ESC,4,1
2016,3904917,049171,Aurora City,1,1
2016,3904918,049189,Crestwood Local,1,1
2016,3904919,049197,Field Local,1,1
2016,3904920,049205,James A Garfield Local,1,1
2016,3904921,049213,Rootstown Local,1,1
2016,3904922,049221,Southeast Local,1,1
2016,3904923,049239,Streetsboro City,1,1
2016,3904924,049247,Waterloo Local,1,1
2016,3904925,049254,Preble County ESC,4,1
2016,3904926,091397,Tri-County North Local,1,1
2016,3904927,049270,National Trail Local,1,1
2016,3904928,049288,Preble Shawnee Local,1,1
2016,3904930,049304,Putnam County ESC,4,1
2016,3904931,049312,Columbus Grove Local,1,1
2016,3904932,049320,Continental Local,1,1
2016,3904933,049338,Jennings Local,1,1
2016,3904934,049346,Kalida Local,1,1
2016,3904935,049353,Leipsic Local,1,1
2016,3904936,049361,Miller City-New Cleveland Local,1,1
2016,3904937,049379,Ottawa-Glandorf Local,1,1
2016,3904938,049387,Ottoville Local,1,1
2016,3904939,049395,Pandora-Gilboa Local,1,1
2016,3904941,049411,Clear Fork Valley Local,1,1
2016,3904942,049429,Crestview Local,1,1
2016,3904943,049437,Lexington Local,1,1
2016,3904944,049445,Lucas Local,1,1
2016,3904945,049452,Madison Local,1,1
2016,3904946,049460,Plymouth-Shiloh Local,1,1
2016,3904947,049478,Ontario Local,1,1
2016,3904949,049494,Adena Local,1,1
2016,3904950,049502,Huntington Local,1,1
2016,3904951,049510,Paint Valley Local,1,1
2016,3904952,049528,Southeastern Local,1,1
2016,3904953,049536,Union-Scioto Local,1,1
2016,3904954,049544,Zane Trace Local,1,1
2016,3904956,049569,Lakota Local,1,1
2016,3904957,049577,Woodmore Local,1,1
2016,3904959,049593,Bloom-Vernon Local,1,1
2016,3904961,049619,Green Local,1,1
2016,3904962,049627,Minford Local,1,1
2016,3904963,049635,Northwest Local,1,1
2016,3904964,049643,Valley Local,1,1
2016,3904965,049650,Washington-Nile Local,1,1
2016,3904966,049668,Wheelersburg Local,1,1
2016,3904968,049684,Seneca East Local,1,1
2016,3904970,049700,Hopewell-Loudon Local,1,1
2016,3904971,049718,New Riegel Local,1,1
2016,3904974,049742,Shelby County ESC,4,2
2016,3904976,049767,Botkins Local,1,1
2016,3904977,049775,Fairlawn Local,1,1
2016,3904978,049783,Fort Loramie Local,1,1
2016,3904979,049791,Hardin-Houston Local,1,1
2016,3904981,049817,Russia Local,1,1
2016,3904982,049825,Stark County ESC,4,1
2016,3904983,049833,Canton Local,1,1
2016,3904984,049841,Fairless Local,1,1
2016,3904985,049858,Jackson Local,1,1
2016,3904986,049866,Lake Local,1,1
2016,3904987,049874,Louisville City,1,1
2016,3904988,049882,Marlington Local,1,1
2016,3904989,049890,Minerva Local,1,1
2016,3904990,049908,Northwest Local,1,1
2016,3904991,049916,Osnaburg Local,1,1
2016,3904992,049924,Perry Local,1,1
2016,3904993,049932,Plain Local,1,1
2016,3904994,049940,Sandy Valley Local,1,1
2016,3904995,049957,Tuslaw Local,1,1
2016,3904996,049965,Summit County ESC,4,1
2016,3904997,049973,Woodridge Local,1,1
2016,3904998,049981,Copley-Fairlawn City,1,1
2016,3904999,049999,Coventry Local,1,1
2016,3905000,050005,Manchester Local,1,1
2016,3905001,050013,Green Local,1,1
2016,3905002,050021,Hudson City,1,1
2016,3905003,050039,Mogadore Local,1,1
2016,3905004,050047,Nordonia Hills City,1,1
2016,3905005,050054,Revere Local,1,1
2016,3905006,050062,Springfield Local,1,1
2016,3905007,050070,Twinsburg City,1,1
2016,3905008,050088,Trumbull County ESC,4,1
2016,3905009,050096,Bloomfield-Mespo Local,1,1
2016,3905011,050112,Bristol Local,1,1
2016,3905012,050120,Brookfield Local,1,1
2016,3905013,050138,Champion Local,1,1
2016,3905015,050153,Mathews Local,1,1
2016,3905016,050161,Howland Local,1,1
2016,3905017,050179,Joseph Badger Local,1,1
2016,3905018,050187,Lakeview Local,1,1
2016,3905019,050195,Liberty Local,1,1
2016,3905020,050203,Lordstown Local,1,1
2016,3905021,050211,Maplewood Local,1,1
2016,3905022,050229,McDonald Local,1,1
2016,3905023,050237,Southington Local,1,1
2016,3905024,050245,LaBrae Local,1,1
2016,3905025,050252,Weathersfield Local,1,1
2016,3905026,050260,East Central Ohio ESC,4,1
2016,3905027,050278,Garaway Local,1,1
2016,3905028,050286,Indian Valley Local,1,1
2016,3905029,050294,Strasburg-Franklin Local,1,1
2016,3905030,050302,Tuscarawas Valley Local,1,1
2016,3905032,050328,Fairbanks Local,1,1
2016,3905033,050336,North Union Local School District,1,1
2016,3905035,050351,Crestview Local,1,1
2016,3905039,050393,Vinton County Local,1,1
2016,3905040,050401,Warren County ESC,4,1
2016,3905041,050419,Carlisle Local,1,1
2016,3905042,050427,Springboro Community City,1,1
2016,3905043,050435,Kings Local,1,1
2016,3905044,050443,Little Miami Local,1,1
2016,3905045,050450,Mason City,1,1
2016,3905046,050468,Wayne Local,1,1
2016,3905048,050484,Fort Frye Local,1,1
2016,3905049,050492,Frontier Local,1,1
2016,3905051,050518,Wolf Creek Local,1,1
2016,3905052,050526,Tri-County ESC,4,1
2016,3905053,050534,Chippewa Local,1,1
2016,3905054,050542,Dalton Local,1,1
2016,3905055,050559,Green Local,1,1
2016,3905056,050567,Norwayne Local,1,1
2016,3905058,050583,Southeast Local,1,1
2016,3905059,050591,Triway Local,1,1
2016,3905061,050617,Edgerton Local,1,1
2016,3905062,050625,Edon Northwest Local,1,1
2016,3905063,050633,Millcreek-West Unity Local,1,1
2016,3905064,050641,North Central Local,1,1
2016,3905065,050658,Stryker Local,1,1
2016,3905066,050666,Wood County ESC,4,1
2016,3905067,050674,Eastwood Local,1,1
2016,3905068,050682,Elmwood Local,1,1
2016,3905069,050690,Lake Local,1,1
2016,3905070,050708,North Baltimore Local,1,1
2016,3905071,050716,Northwood Local Schools,1,1
2016,3905072,050724,Otsego Local,1,1
2016,3905074,050740,Mohawk Local,1,1
2016,3905077,050773,Apollo,4,1
2016,3905079,050799,Southern Hills,4,1
2016,3905081,050815,Ashtabula County Technical and Career Center,4,1
2016,3905085,050856,Belmont-Harrison,4,1
2016,3905088,050880,Butler Technology & Career Development Schools,4,1
2016,3905090,050906,Columbiana County,4,1
2016,3905092,050922,Cuyahoga Valley Career Center,4,1
2016,3905094,050948,Polaris,4,1
2016,3905096,050963,Four County Career Center,4,1
2016,3905098,050989,Delaware Area Career Center,4,1
2016,3905100,051003,Eastland-Fairfield Career/Tech,4,1
2016,3905102,051029,EHOVE Career Center,4,1
2016,3905104,051045,Greene County Vocational School District,4,1
2016,3905106,051060,Great Oaks Career Campuses,4,1
2016,3905112,051128,Jefferson County,4,1
2016,3905114,051144,Knox County JVSD,4,1
2016,3905116,051169,Auburn,4,1
2016,3905118,051185,Lawrence County,4,1
2016,3905120,051201,Career and Technology Educational Centers,4,1
2016,3905122,051227,Lorain County JVS,4,1
2016,3905124,051243,Mahoning Co Career & Tech Ctr,4,1
2016,3905128,051284,Miami Valley Career Tech,4,1
2016,3905130,051300,Mid-East Career and Technology Centers,4,1
2016,3905133,051334,Ohio Hi-Point Career Center,4,1
2016,3905135,051359,Penta Career Center - District,4,1
2016,3905137,051375,Pike County Area,4,1
2016,3905139,051391,Maplewood Career Center,4,1
2016,3905141,051417,Pioneer Career & Technology,4,1
2016,3905143,051433,Pickaway-Ross County JVSD,4,1
2016,3905145,051458,Vanguard-Sentinel Career & Technology Centers,4,1
2016,3905147,051474,Warren County Vocational School,4,1
2016,3905149,051490,Scioto County Career Technical Center,4,1
2016,3905153,051532,Springfield-Clark County,4,1
2016,3905160,051607,Tri-County Career Center,4,1
2016,3905163,051631,Trumbull Career & Tech Ctr,4,1
2016,3905165,051656,Buckeye,4,1
2016,3905167,051672,Vantage Career Center,4,1
2016,3905169,051698,Washington County Career Center,4,1
2016,3905171,051714,Wayne County JVSD,4,1
2016,3906190,061903,Adams County Ohio Valley Local,1,1
2016,3906202,062026,Stark County Area,4,1
2016,3906204,062042,Ashland County-West Holmes,4,1
2016,3906206,062067,Gallia-Jackson-Vinton,4,1
2016,3906210,062109,Medina County Joint Vocational School District,4,1
2016,3906212,062125,Upper Valley Career Center,4,1
2016,3906280,062802,U S Grant,4,1
2016,3906349,063495,Portage Lakes,4,1
2016,3906351,063511,Tolles Career & Technical Center,4,1
2016,3906496,064964,College Corner Local,1,1
2016,3906522,065227,Coshocton County,4,1
2016,3906526,065268,Tri-Rivers,4,1
2016,3906568,065680,Gallia County Local,1,1
2016,3906968,069682,East Guernsey Local,1,1
2016,3910000,043984,Findlay City,1,1
2016,3910001,047464,Van Buren Local,1,1
2016,3910002,047415,Arcadia Local,1,1
2016,3910003,044784,Sidney City,1,1
2016,3910004,049759,Anna Local,1,1
2016,3910005,049809,Jackson Center Local,1,1
2016,3910006,044735,Salem City,1,1
2016,3910007,045443,Leetonia Exempted Village,1,1
2016,3910008,045344,Crestline Exempted Village,1,1
2016,3910009,044776,Shelby City,1,1
2016,3910010,046920,Miami Trace Local,1,1
2016,3910011,045013,Washington Court House City,1,1
2016,3910012,044420,Mount Vernon City,1,1
2016,3910013,047845,East Knox Local,1,1
2016,3910014,047894,Riverside Local,1,1
2016,3910015,044628,Painesville City Local,1,1
2016,3910016,046581,Orange City,1,1
2016,3910017,043562,Bedford City,1,1
2016,3910018,050500,Warren Local,1,1
2016,3910019,044321,Marietta City,1,1
2016,3910020,045302,Clyde-Green Springs Exempted Village,1,1
2016,3910021,049726,Old Fort Local,1,1
2016,3910022,050369,Lincolnview Local,1,1
2016,3910023,044966,Van Wert City,1,1
2016,3910024,045625,Upper Sandusky Exempted Village,1,1
2016,3910025,044172,Kenton City,1,1
2016,3910026,049601,Clay Local,1,1
2016,3910027,044669,Portsmouth City,1,1
2016,3910028,045591,Rittman Exempted Village,1,1
2016,3910029,044974,Wadsworth City,1,1
2016,3910030,043729,Celina City,1,1
2016,3910031,048553,Marion Local,1,1
2016,3910032,045120,Wooster City,1,1
2016,3910033,050575,Northwestern Local,1,1
2017,3900001,071530,Ohio School For The Deaf,5,1
2017,3900002,071548,Ohio School For The Blind,5,1
2017,3900008,125252,Muskingum Valley ESC,4,1
2017,3900009,125658,South Central Ohio ESC,4,1
2017,3900012,125682,Gallia-Vinton ESC,4,1
2017,3900013,125690,North Point Educational Service Center,4,1
2017,3900014,123281,Ohio Valley ESC,4,1
2017,3900015,124297,Northwest Ohio Educational Service Center,4,1
2017,3900017,134072,Youngstown Community School,7,1
2017,3900019,134098,Constellation Schools: Old Brooklyn Community Elementary,7,1
2017,3900022,134122,Autism Model School,7,1
2017,3900023,134148,Aurora Academy,7,1
2017,3900025,134197,Green Inspiration Academy,7,1
2017,3900027,134213,Middlebury Academy,7,1
2017,3900028,134221,Colonial Prep Academy,7,1
2017,3900029,134247,City Day Community School,7,1
2017,3900031,133512,Cincinnati College Preparatory Academy,7,1
2017,3900032,133520,Citizens Academy,7,1
2017,3900033,133538,Edge Academy The,7,1
2017,3900036,133561,Millennium Community School,7,1
2017,3900038,133587,Summit Academy Akron Elementary School,7,1
2017,3900040,133629,Horizon Science Acad Cleveland,7,1
2017,3900042,133660,Horizon Science Academy Columbus,7,1
2017,3900043,133678,Riverside Academy,7,1
2017,3900047,133736,Richard Allen Academy,7,1
2017,3900050,133801,Life Skills Ctr Of Youngstown,7,1
2017,3900051,133819,Lincoln Preparatory Academy,7,1
2017,3900052,133835,Invictus High School,7,1
2017,3900053,133868,Towpath Trail High School,7,1
2017,3900056,133942,Toledo School For The Arts,7,1
2017,3900057,133959,Dayton Leadership Academies-Early Learning Academy,7,1
2017,3900063,123257,North Central Ohio ESC,4,1
2017,3900064,123521,Mid-Ohio ESC,4,1
2017,3900065,133215,Intergenerational School The,7,1
2017,3900068,133256,Constellation Schools: Parma Community,7,1
2017,3900071,133306,Summit Academy Community School for Alternative Learn-Canton,7,1
2017,3900072,133330,T.C.P. World Academy,7,1
2017,3900073,133348,Richard Allen Preparatory,7,1
2017,3900077,133389,Lighthouse Community Sch Inc,7,1
2017,3900079,133413,Electronic Classroom Of Tomorrow,7,1
2017,3900080,133421,Graham School The,7,1
2017,3900081,133439,Cornerstone Academy Community School,7,1
2017,3900083,133454,Dayton Leadership Academies-Dayton View Campus,7,1
2017,3900084,133488,River Gate High School,7,1
2017,3900086,133785,Life Skills Ctr Of Cincinnati,7,1
2017,3900090,134999,Western Buckeye ESC,4,1
2017,3900091,135145,Athens-Meigs ESC,4,1
2017,3900092,137364,Madison-Champaign ESC,4,1
2017,3900093,138222,Ross-Pike ESC,4,1
2017,3900094,139303,Monroe Local,1,1
2017,3900096,132746,Summit Acdy Comm Schl for Alternative Learners of Middletown,7,1
2017,3900097,132761,Summit Academy Community School Alternative Learners -Xenia,7,1
2017,3900098,132779,Summit Academy Akron Middle School,7,1
2017,3900100,132795,Cliff Park High School,7,1
2017,3900101,132803,Marshall High School,7,1
2017,3900102,132951,Constellation Schools: Lorain Community Elementary,7,1
2017,3900103,132969,Constellation Schools: Elyria Community,7,1
2017,3900104,132985,Youthbuild Columbus Community,7,1
2017,3900105,132993,Constellation Schools: Westpark Community Elementary,7,1
2017,3900106,133264,Dohn Community,7,1
2017,3900107,133280,Washington Park Community School,7,1
2017,3900109,133322,Summit Academy Community School Alternative Learners-Lorain,7,1
2017,3900113,133504,Phoenix Community Learning Ctr,7,1
2017,3900117,143297,The Autism Academy Of Learning,7,1
2017,3900118,143305,TRECA Digital Academy,7,1
2017,3900119,143313,West Preparatory Academy,7,1
2017,3900120,143552,Eagle Academy,7,1
2017,3900121,143602,Hamilton Cnty Math & Science,7,1
2017,3900123,143644,Sciotoville,7,1
2017,3900125,000125,Polly Fox Academy Community School,7,1
2017,3900126,000130,Phoenix Academy Community School,7,1
2017,3900127,000131,Glass City Academy,7,1
2017,3900129,000138,Pathway School of Discovery,7,1
2017,3900130,000139,Alliance Academy of Cincinnati,7,1
2017,3900133,000162,Newark Digital Academy,7,1
2017,3900135,000197,Hamilton Alternative Academy,7,2
2017,3900138,000222,Wildwood Environmental Academy,7,1
2017,3900145,148981,Tomorrow Center,7,1
2017,3900146,148999,Mahoning Unlimited Classroom,7,1
2017,3900151,149047,Goal Digital Academy,7,1
2017,3900152,149054,Akron Digital Academy,7,1
2017,3900153,149062,Urbana Community School,7,2
2017,3900155,149088,Fairborn Digital Academy,7,1
2017,3900175,142901,Stark College and Career High School,7,1
2017,3900176,142919,Life Skills Center of Elyria,7,1
2017,3900177,142927,Focus Learning Academy of Southwest Columbus,7,1
2017,3900178,142935,Focus Learning Academy of Southeastern Columbus,7,1
2017,3900179,142943,Focus Learning Academy of Northern Columbus,7,1
2017,3900180,142950,Ohio Virtual Academy,7,1
2017,3900181,142968,Hope Academy Northcoast,7,1
2017,3900184,143115,Mound Street IT Careers Academy,7,1
2017,3900185,143123,Mound Street Military Careers Academy,7,1
2017,3900186,143131,Mound Street Health Careers Academy,7,1
2017,3900190,143172,International Acad Of Columbus,7,1
2017,3900192,143198,Great Western Academy,7,1
2017,3900193,143206,Trotwood Preparatory & Fitness Academy,7,1
2017,3900194,143214,Middletown Preparatory & Fitness Academy,7,1
2017,3900203,143396,Alternative Education Academy,7,1
2017,3900211,143479,Constellation Schools: Puritas Community Elementary,7,1
2017,3900212,143487,Constellation Schools: Stockyard Community Elementary,7,1
2017,3900216,143529,North Dayton School Of Science & Discovery,7,1
2017,3900217,143537,Virtual Community School Of Ohio,7,2
2017,3900219,143560,Richard Allen Academy II,7,1
2017,3900220,143578,Richard Allen Academy III,7,1
2017,3900223,143610,Arts & College Preparatory Academy,7,1
2017,3900226,148916,Marion City Digital Academy,7,2
2017,3900228,148932,Franklin Local Community School,7,1
2017,3900231,149302,Life Skills Center Of Toledo,7,1
2017,3900233,149328,Foxfire High School,7,1
2017,3900237,060988,Buckeye United School District,5,1
2017,3900238,065201,Ohio Central School System,5,1
2017,3900241,132944,Miami Valley Academies,7,1
2017,3900250,000236,Ohio Connections Academy Inc,7,1
2017,3900252,000241,Quaker Digital Academy,7,1
2017,3900259,149427,Massillon Digital Academy Inc,7,1
2017,3900262,151027,London Academy,7,2
2017,3900263,151035,Pleasant Community Digital,7,1
2017,3900273,151142,Lorain K-12 Digital Academy,7,1
2017,3900275,151167,Ridgedale Community School,7,2
2017,3900276,151175,West Central Learning Academy II,7,1
2017,3900277,151183,Lake Erie International High School,7,1
2017,3900278,151191,The Capella Institute,7,1
2017,3900279,151209,Life Skills Of Northeast Ohio,7,1
2017,3900285,000525,Canton Harbor High School,7,1
2017,3900286,000527,Cleveland Academy for Scholarship Technology and Leadership,7,1
2017,3900291,000534,Constellation Schools: Puritas Community Middle,7,1
2017,3900297,000541,Constellation Schools: Outreach Academy for Students with Di,7,2
2017,3900299,000543,Pinnacle Academy,7,1
2017,3900302,000546,Winterfield Venture Academy,7,1
2017,3900304,000553,Columbus Humanities Arts and Technology Academy,7,1
2017,3900305,000556,A+ Arts Academy,7,1
2017,3900306,000557,Columbus Arts & Technology Academy,7,1
2017,3900307,000558,Columbus Preparatory Academy,7,1
2017,3900308,000559,Orion Academy,7,1
2017,3900309,000560,Apex Academy,7,1
2017,3900313,000575,Hope Academy Northwest Campus,7,1
2017,3900314,000576,King Academy Community School,7,1
2017,3900315,000577,Emerson Academy,7,1
2017,3900331,000598,Coshocton Opportunity School,7,1
2017,3900337,000608,Summit Academy Transition High School-Cincinnati,7,1
2017,3900338,000609,Summit Academy School - Lorain,7,1
2017,3900339,000610,Summit Academy Middle School - Columbus,7,1
2017,3900341,000613,Heir Force Community School,7,1
2017,3900342,000614,Summit Academy Transition High School-Columbus,7,1
2017,3900344,000616,Summit Academy Alternative LearnersWarren Middle & Secondary,7,1
2017,3900348,000621,Summit Academy Transition High School Dayton,7,1
2017,3900350,000623,Summit Academy-Youngstown,7,1
2017,3900356,000629,Summit Academy Community School - Painesville,7,1
2017,3900360,000633,Summit Academy Toledo Learning Center,7,2
2017,3900361,000634,Summit Academy Secondary School - Middletown,7,1
2017,3900366,000640,Rittman Academy,7,1
2017,3900381,000664,Life Skills Center of Columbus Southeast,7,1
2017,3900382,000677,New Day Academy Boarding & Day School,7,1
2017,3900383,000679,Oakstone Community School,7,1
2017,3900385,147231,Schnee Learning Center,7,1
2017,3900396,000725,Zenith Academy,7,1
2017,3900399,000736,Wings Academy 1,7,1
2017,3900400,000738,Wings Academy 2,7,1
2017,3900428,000770,Maritime Academy of Toledo The,7,1
2017,3900434,000779,Educational Academy for Boys & Girls,7,1
2017,3900435,000780,Midnimo Cross Cultural Community School,7,1
2017,3900441,000804,Horizon Science Academy-Cincinnati,7,1
2017,3900444,000808,Horizon Science Academy-Dayton,7,1
2017,3900448,000813,Life Skills Center of Dayton,7,1
2017,3900451,000825,Horizon Science Academy-Springfield,7,1
2017,3900454,000838,Horizon Science Academy-Denison Middle School,7,1
2017,3900457,000843,Bennett Venture Academy,7,1
2017,3900467,000855,Stambaugh Charter Academy,7,1
2017,3900470,000858,Horizon Science Academy-Cleveland Middle School,7,1
2017,3900474,000875,Westside Academy,7,1
2017,3900478,000905,Interactive Media & Construction (IMAC),7,1
2017,3900488,000282,Greater Ohio Virtual School,7,1
2017,3900490,000288,Auglaize County Educational Academy,7,1
2017,3900492,000296,Summit Academy Community School-Columbus,7,1
2017,3900493,000297,Summit Academy Community School - Dayton,7,1
2017,3900494,000298,Summit Academy Secondary - Akron,7,1
2017,3900495,000300,Summit Academy Secondary - Canton,7,1
2017,3900496,000301,Summit Academy - Toledo,7,1
2017,3900497,000302,Summit Academy Community School-Parma,7,1
2017,3900498,000303,Summit Academy Secondary - Youngstown,7,1
2017,3900499,000304,Summit Academy Community School-Toledo,7,2
2017,3900500,000305,Summit Academy Community School-Warren,7,1
2017,3900501,000306,Summit Academy Community School - Cincinnati,7,1
2017,3900502,000311,Bridges Community Academy,7,1
2017,3900503,000316,Constellation Schools: Westpark Community Middle,7,1
2017,3900505,000318,Menlo Park Academy,7,1
2017,3900506,000319,Constellation Schools: Madison Community Elementary,7,1
2017,3900507,000320,Constellation Schools: Lorain Community Middle,7,1
2017,3900508,000321,Constellation Schools: Old Brooklyn Community Middle,7,1
2017,3900510,000338,Horizon Science Academy Toledo,7,1
2017,3900514,000360,Miamisburg Secondary Academy,7,1
2017,3900525,000396,Mansfield Elective Academy,7,2
2017,3900528,000402,Findlay Digital Academy,7,1
2017,3900530,000417,Buckeye On-Line School for Success,7,1
2017,3900537,000442,Manchester Local,1,1
2017,3900550,000509,Whitehall Preparatory and Fitness Academy,7,1
2017,3900551,000510,Springfield Preparatory and Fitness Academy,7,1
2017,3900552,000511,Northland Preparatory and Fitness Academy,7,1
2017,3900557,000930,Cleveland Entrepreneurship Preparatory School,7,1
2017,3900562,000936,Promise Academy,7,1
2017,3900564,000938,East Bridge Academy of Excellence,7,1
2017,3900567,000941,Par Excellence Academy,7,1
2017,3900568,000942,Lakewood City Academy,7,1
2017,3900573,000951,Toledo Preparatory and Fitness Academy,7,1
2017,3900574,000952,Columbus Preparatory and Fitness Academy,7,1
2017,3900575,000953,Mt. Healthy Preparatory and Fitness Academy,7,1
2017,3900580,007984,Youngstown Academy of Excellence,7,1
2017,3900584,007995,Cleveland Arts and Social Sciences Academy,7,1
2017,3900585,007998,Center for Student Achievement,7,2
2017,3900586,007999,Charles School at Ohio Dominican University,7,1
2017,3900587,008000,Lorain Preparatory Academy,7,1
2017,3900593,008063,Life Skills Center of North Akron,7,1
2017,3900594,008064,Monroe Preparatory Academy,7,1
2017,3900638,000912,Early College Academy,7,1
2017,3900639,008251,Mahoning Valley Opportunity Center,7,2
2017,3900640,008287,Groveport Community School,7,1
2017,3900641,008286,Harvard Avenue Performance Academy,7,1
2017,3900642,008283,Dayton Business Technology High School,7,1
2017,3900643,008282,Life Skills Center of Columbus North,7,1
2017,3900644,008281,South Scioto Academy,7,1
2017,3900645,008280,Noble Academy-Columbus,7,1
2017,3900646,008278,Noble Academy-Cleveland,7,1
2017,3900647,008289,Eagle Learning Center,7,1
2017,3901296,009181,Clay Avenue Community School,7,1
2017,3901298,009171,Star Academy of Toledo,7,1
2017,3901301,009192,Foundation Academy,7,1
2017,3901302,009283,Dayton Early College Academy Inc,7,1
2017,3901305,009122,Columbus Collegiate Academy,7,1
2017,3901313,009164,Central Academy of Ohio,7,1
2017,3901314,009148,Zanesville Community School,7,1
2017,3901319,009147,Northpointe Academy,7,1
2017,3901322,009179,Horizon Science Academy Columbus Middle School,7,1
2017,3901326,009149,Constellation Schools: Westside Community School of the Arts,7,1
2017,3901329,009996,Mahoning County High School,7,1
2017,3901330,009997,KIPP Columbus,7,1
2017,3901333,010007,Horizon Science Academy Denison Elementary School,7,1
2017,3901335,010036,Cesar Chavez College Preparatory School,7,1
2017,3901336,010180,Mount Auburn International Academy,7,1
2017,3901337,010182,Performance Academy Eastland,7,1
2017,3901339,010205,L. Hollingworth School for Talented and Gifted,7,1
2017,3901344,009953,Sullivant Avenue Community School,7,1
2017,3901345,009954,Harrisburg Pike Community School,7,1
2017,3901346,009955,Madison Avenue School of Arts,7,1
2017,3901347,009957,Klepinger Community School,7,1
2017,3901348,009964,Sciotoville Elementary Academy,7,2
2017,3901350,009971,Ashland County Community Academy,7,1
2017,3901353,009990,Horizon Science Academy Elementary School,7,1
2017,3901354,011439,Renaissance Academy,7,1
2017,3901356,011444,Rushmore Academy,7,1
2017,3901359,011479,LifeLinks Community School,7,2
2017,3901362,011507,Achieve Career Preparatory Academy,7,1
2017,3901363,011511,Lakeland Academy Community School,7,1
2017,3901365,011533,Horizon Science Academy Lorain,7,1
2017,3901366,011534,Horizon Science Academy Dayton High School,7,1
2017,3901368,011291,Village Preparatory School,7,1
2017,3901369,011381,Greater Summit County Early Learning Center,7,1
2017,3901370,011390,Bella Academy of Excellence,7,1
2017,3901374,011506,Dayton Regional STEM School,1,1
2017,3901375,011468,Columbus Bilingual Academy-North,7,1
2017,3901376,011923,Northeast Ohio College Preparatory School,7,1
2017,3901377,011947,Imagine Akron Academy,7,1
2017,3901378,011956,Everest High School,7,1
2017,3901381,011967,The Richland School of Academic Arts,7,1
2017,3901382,011972,Graham Elementary and Middle School,7,1
2017,3901383,011976,Horizon Science Academy Dayton Downtown,7,1
2017,3901389,011986,Horizon Science Academy Youngstown,7,1
2017,3901393,012000,Cruiser Academy,7,2
2017,3901396,012009,Zenith Academy East,7,1
2017,3901397,012010,Cleveland College Preparatory School,7,1
2017,3901398,012011,Columbus Performance Academy,7,1
2017,3901403,012025,Constellation Schools: Stockyard Community Middle,7,1
2017,3901405,012030,Near West Intergenerational School,7,1
2017,3901406,012031,Entrepreneurship Preparatory School - Woodland Hills Campus,7,1
2017,3901407,012033,Foxfire Intermediate School,7,1
2017,3901409,012036,Regent High School,7,1
2017,3901410,012037,Mason Run High School,7,1
2017,3901411,012038,Old Brook High School,7,1
2017,3901412,012040,Road to Success Academy,7,1
2017,3901413,012041,Central High School,7,1
2017,3901414,012042,George V. Voinovich Reclamation Academy,7,1
2017,3901415,012043,Frederick Douglass Reclamation Academy,7,1
2017,3901416,012044,Capital High School,7,1
2017,3901417,012045,Patriot Preparatory Academy,7,1
2017,3901420,012054,North Central Academy,7,1
2017,3901424,012078,Quest Community School,7,2
2017,3901427,012105,Southside Academy,7,1
2017,3901428,012060,Akros Middle School,7,1
2017,3901429,011324,Hardin Community School,7,1
2017,3901430,012684,Broadway Academy,7,1
2017,3901432,012671,Constellation Schools: Eastside Arts Academy,7,1
2017,3901433,012528,The Academy for Urban Scholars,7,1
2017,3901434,012644,STEAM Academy of Warren,7,1
2017,3901442,012497,Pickerington Community School,7,2
2017,3901444,012029,Citizens Leadership Academy,7,1
2017,3901447,012536,Newbridge Math & Reading Preparatory Academy,7,1
2017,3901449,012513,Madisonville SMART Elementary,7,1
2017,3901450,012867,Townsend North Community School,7,1
2017,3901451,012529,Focus North High School,7,1
2017,3901453,012026,Constellation Schools: Collinwood Village Academy,7,1
2017,3901454,012627,STEAM Academy of Akron,7,1
2017,3901457,012541,University of Cleveland Preparatory School,7,1
2017,3901463,012501,Beacon Hill Academy,7,1
2017,3901465,012558,Global Village Academy,7,1
2017,3901466,012545,Imagine Woodbury Academy,7,1
2017,3901467,013200,Nexus Academy of Toledo,7,2
2017,3901468,013082,The Haley School,7,1
2017,3901470,013255,Canton College Preparatory School,7,1
2017,3901471,013146,STEAM Academy of Dayton,7,1
2017,3901472,013249,Academy for Urban Scholars Youngstown,7,1
2017,3901473,013170,Hope Academy for Autism,7,1
2017,3901475,013175,SunBridge Schools,7,1
2017,3901476,013059,West Carrollton Secondary Academy,7,2
2017,3901478,012951,Columbus Collegiate Academy - West,7,1
2017,3901479,013198,Brookwood Academy,7,1
2017,3901480,013232,A+ Children's Academy,7,1
2017,3901482,013147,STEAM Academy of Warrensville Heights,7,1
2017,3901483,013201,Nexus Academy of Columbus,7,2
2017,3901486,012852,Citizens Academy East,7,1
2017,3901487,013253,Ohio College Preparatory School,7,1
2017,3901488,013173,Imagine Hill Avenue,7,1
2017,3901490,012391,Metro Early College High School,1,1
2017,3901495,013030,Graham Primary School,7,2
2017,3901496,013199,Cleveland Preparatory Academy,7,1
2017,3901498,013148,Stepstone Academy,7,1
2017,3901499,013132,Lake Erie College Preparatory School,7,1
2017,3901501,013233,Southern Ohio Academy,7,2
2017,3901502,013195,Academy of Educational Excellence,7,1
2017,3901503,013254,Akron Preparatory School,7,1
2017,3901505,013034,Village Preparatory School:: Woodland Hills Campus,7,1
2017,3901508,012924,DECA PREP,7,1
2017,3901510,013226,Life Skills High School of Cleveland,7,1
2017,3901511,014066,Main Preparatory Academy,7,1
2017,3901512,014231,Bio-Med Science Academy STEM School,1,1
2017,3901514,014189,West Park Academy,7,1
2017,3901516,013864,Cincinnati Technology Academy,7,1
2017,3901520,014091,Hope Learning Academy of Toledo,7,1
2017,3901521,014139,Imagine Columbus Primary School,7,1
2017,3901522,013967,Cincinnati Learning Schools,7,1
2017,3901523,014148,Provost Academy Ohio,7,2
2017,3901524,014064,Winton Preparatory Academy,7,1
2017,3901526,014187,East Academy,7,1
2017,3901527,014061,Chapelside Cleveland Academy,7,1
2017,3901529,014467,United Preparatory Academy,7,1
2017,3901530,014067,Ohio Construction Academy,7,1
2017,3901531,014094,Lawrence County Academy,7,2
2017,3901533,013892,Franklinton Preparatory Academy,7,1
2017,3901534,014081,Insight School of Ohio,7,1
2017,3901535,013930,Global Impact STEM Academy,1,1
2017,3901536,014149,Dayton SMART Elementary School,7,1
2017,3901537,014051,Northmont Secondary Academy,7,2
2017,3901539,013994,Albert Einstein Academy for Letters Arts and Sciences-Ohio,7,1
2017,3901542,014194,Watkins Academy,7,2
2017,3901543,014065,Lincoln Park Academy,7,1
2017,3901545,014188,Discovery Academy,7,1
2017,3901549,014121,Imagine Leadership Academy,7,1
2017,3901550,014090,Berwyn East Academy,7,1
2017,3901551,013962,Liberty Preparatory School,7,1
2017,3901554,014147,East Preparatory Academy,7,1
2017,3901555,013999,Rise & Shine Academy,7,1
2017,3901556,014063,University Academy,7,1
2017,3901559,014912,Norwood Conversion Community School,7,2
2017,3901560,014858,REACH Academy,7,1
2017,3901561,014932,Cincinnati Generation Academy,7,2
2017,3901562,014825,Buckeye Preparatory Academy,7,1
2017,3901563,014864,Toledo SMART Elementary School,7,1
2017,3901564,014913,Lakeshore Intergenerational School,7,1
2017,3901565,014943,Valley STEM+ME2 Academy,1,1
2017,3901566,014830,Utica Shale Academy of Ohio,7,1
2017,3901567,014927,Steel Academy,7,1
2017,3901568,014904,T2 Honors Academy,7,1
2017,3901569,015236,Clark Preparatory Academy,7,1
2017,3901570,015261,Citizens Academy Southeast,7,1
2017,3901571,015239,Stonebrook Montessori,7,1
2017,3901572,014877,Metro Institute of Technology,1,2
2017,3901574,015237,Flex High School,7,1
2017,3901575,015329,iSTEM Geauga Early College High School,1,1
2017,3901576,015234,Zenith Academy West,7,1
2017,3901577,015344,Tri-State STEM+M Early College High School,1,1
2017,3901578,015241,Ohio Valley Energy Technology Academy,7,2
2017,3901579,015238,Foxfire East Academy,7,2
2017,3901581,015722,Village Preparatory School Willard,7,1
2017,3901582,015710,Bridge Gate Community School,7,1
2017,3901583,015741,Westwood Preparatory Academy,7,1
2017,3901584,015713,East Branch Preparatory AcademydbaWright Preparatory Academy,7,1
2017,3901585,015736,iLEAD Spring Meadows,7,1
2017,3901586,015709,Beacon Academy,7,1
2017,3901587,015714,Urban Early College Network,7,1
2017,3901588,015737,Global Ambassadors Language Academy,7,1
2017,3901589,014777,Midwest Regional ESC,4,1
2017,3901590,016850,Southwest Ohio Preparatory School,7,3
2017,3901591,016836,Kids Care Elementary,7,3
2017,3901592,015712,Euclid Preparatory School,7,3
2017,3901593,016858,United Preparatory Academy East,7,3
2017,3901594,016843,Citizens Leadership Academy East,7,3
2017,3901595,016849,Liberty High School,7,3
2017,3901596,016829,South Columbus Preparatory Academy,7,3
2017,3901597,016837,Orchard Park Academy,7,3
2017,3904348,043489,Akron City,1,1
2017,3904349,043497,Alliance City,1,1
2017,3904350,043505,Ashland City,1,1
2017,3904351,043513,Ashtabula Area City,1,1
2017,3904352,043521,Athens City,1,1
2017,3904353,043539,Barberton City,1,1
2017,3904354,043547,Bay Village City,1,1
2017,3904355,043554,Beachwood City,1,1
2017,3904357,043570,Bellaire Local,1,1
2017,3904358,043588,Bellefontaine City,1,1
2017,3904359,043596,Bellevue City,1,1
2017,3904360,043612,Berea City,1,1
2017,3904361,043604,Belpre City,1,1
2017,3904362,043620,Bexley City,1,1
2017,3904363,043638,Bowling Green City School District,1,1
2017,3904364,043646,Brecksville-Broadview Heights City,1,1
2017,3904365,043653,Brooklyn City,1,1
2017,3904366,043661,Brunswick City,1,1
2017,3904367,043679,Bryan City,1,1
2017,3904368,043687,Bucyrus City,1,1
2017,3904369,043695,Cambridge City,1,1
2017,3904370,043703,Campbell City,1,1
2017,3904371,043711,Canton City,1,1
2017,3904373,043737,Centerville City,1,1
2017,3904374,043745,Chillicothe City,1,1
2017,3904375,043752,Cincinnati City,1,1
2017,3904376,043760,Circleville City,1,1
2017,3904377,043778,Claymont City,1,1
2017,3904378,043786,Cleveland Municipal,1,1
2017,3904379,043794,Cleveland Heights-University Heights City,1,1
2017,3904380,043802,Columbus City School District,1,1
2017,3904381,043810,Conneaut Area City,1,1
2017,3904382,043828,Coshocton City,1,1
2017,3904383,043836,Cuyahoga Falls City,1,1
2017,3904384,043844,Dayton City,1,1
2017,3904385,043851,Deer Park Community City,1,1
2017,3904386,043869,Defiance City,1,1
2017,3904387,043877,Delaware City,1,1
2017,3904388,043885,Delphos City,1,1
2017,3904389,043893,Dover City,1,1
2017,3904390,043901,East Cleveland City School District,1,1
2017,3904391,043919,East Liverpool City,1,1
2017,3904392,043927,East Palestine City,1,1
2017,3904393,043935,Eaton Community City,1,1
2017,3904394,043943,Elyria City Schools,1,1
2017,3904395,043950,Euclid City,1,1
2017,3904396,043968,Fairborn City,1,1
2017,3904397,043976,Fairview Park City,1,1
2017,3904399,043992,Fostoria City,1,1
2017,3904400,044008,Franklin City,1,1
2017,3904401,044016,Fremont City,1,1
2017,3904402,044024,Galion City,1,1
2017,3904403,044032,Gallipolis City,1,1
2017,3904404,044040,Garfield Heights City Schools,1,1
2017,3904405,044057,Geneva Area City,1,1
2017,3904406,044065,Girard City School District,1,1
2017,3904407,044073,Grandview Heights Schools,1,1
2017,3904408,044081,Winton Woods City,1,1
2017,3904409,044099,Greenville City,1,1
2017,3904410,044107,Hamilton City,1,1
2017,3904411,044115,Heath City,1,1
2017,3904412,044123,Hillsboro City,1,1
2017,3904413,044131,Huron City Schools,1,1
2017,3904414,044149,Ironton City,1,1
2017,3904415,044156,Jackson City,1,1
2017,3904416,044164,Kent City,1,1
2017,3904418,044180,Kettering City School District,1,1
2017,3904419,044198,Lakewood City,1,1
2017,3904420,044206,Lancaster City,1,1
2017,3904421,044214,Lebanon City,1,1
2017,3904422,044222,Lima City,1,1
2017,3904423,044230,Lockland Local,1,1
2017,3904424,044248,Logan-Hocking Local,1,1
2017,3904425,044255,London City,1,1
2017,3904426,044263,Lorain City,1,1
2017,3904427,044271,Loveland City,1,1
2017,3904428,044289,Madeira City,1,1
2017,3904429,044297,Mansfield City,1,1
2017,3904430,044305,Maple Heights City,1,1
2017,3904431,044313,Mariemont City,1,1
2017,3904433,044339,Marion City,1,1
2017,3904434,044347,Martins Ferry City,1,1
2017,3904435,044354,Massillon City,1,1
2017,3904436,044362,Maumee City,1,1
2017,3904437,044370,Mayfield City,1,1
2017,3904438,044388,Medina City SD,1,1
2017,3904439,044396,Miamisburg City,1,1
2017,3904440,044404,Middletown City,1,1
2017,3904441,044412,Mt Healthy City,1,1
2017,3904443,044438,Napoleon Area City,1,1
2017,3904444,044446,Nelsonville-York City,1,1
2017,3904445,044453,Newark City,1,1
2017,3904446,044461,New Boston Local,1,1
2017,3904447,044479,New Lexington School District,1,1
2017,3904448,044487,New Philadelphia City,1,1
2017,3904449,044495,Niles City,1,1
2017,3904450,044503,North Canton City,1,1
2017,3904451,044511,North College Hill City,1,1
2017,3904452,044529,North Olmsted City,1,1
2017,3904453,044537,North Ridgeville City,1,1
2017,3904454,044545,North Royalton City,1,1
2017,3904455,044552,Norton City,1,1
2017,3904456,044560,Norwalk City,1,1
2017,3904457,044578,Norwood City,1,1
2017,3904458,044586,Oakwood City,1,1
2017,3904459,044594,Oberlin City Schools,1,1
2017,3904460,044602,Oregon City,1,1
2017,3904461,044610,Orrville City,1,1
2017,3904463,044636,Parma City,1,1
2017,3904464,044644,Piqua City,1,1
2017,3904465,044651,Port Clinton City,1,1
2017,3904467,044677,Princeton City,1,1
2017,3904468,044685,Ravenna City,1,1
2017,3904469,044693,Reading Community City,1,1
2017,3904470,044701,Rocky River City,1,1
2017,3904471,044719,St Bernard-Elmwood Place City,1,1
2017,3904472,044727,St Marys City,1,1
2017,3904474,044743,Sandusky City,1,1
2017,3904475,044750,Shaker Heights City,1,1
2017,3904476,044768,Sheffield-Sheffield Lake City,1,1
2017,3904479,044792,South Euclid-Lyndhurst City,1,1
2017,3904480,044800,South-Western City,1,1
2017,3904481,044818,Springfield City School District,1,1
2017,3904482,044826,Steubenville City,1,1
2017,3904483,044834,Stow-Munroe Falls City School District,1,1
2017,3904484,044842,Strongsville City,1,1
2017,3904485,044859,Struthers City,1,1
2017,3904486,044867,Sycamore Community City,1,1
2017,3904487,044875,Sylvania Schools,1,1
2017,3904488,044883,Tallmadge City,1,1
2017,3904489,044891,Tiffin City,1,1
2017,3904490,044909,Toledo City,1,1
2017,3904491,044917,Toronto City,1,1
2017,3904492,044925,Troy City,1,1
2017,3904493,044933,Upper Arlington City,1,1
2017,3904494,044941,Urbana City,1,1
2017,3904495,044958,Vandalia-Butler City,1,1
2017,3904498,044982,Wapakoneta City,1,1
2017,3904499,044990,Warren City,1,1
2017,3904500,045005,Warrensville Heights City,1,1
2017,3904502,045021,Wellston City,1,1
2017,3904503,045039,Wellsville Local,1,1
2017,3904504,045047,Westerville City,1,1
2017,3904505,045054,West Carrollton City,1,1
2017,3904506,045062,Westlake City,1,1
2017,3904507,045070,Whitehall City,1,1
2017,3904508,045088,Wickliffe City,1,1
2017,3904509,045096,Willard City,1,1
2017,3904510,045104,Willoughby-Eastlake City,1,1
2017,3904511,045112,Wilmington City,1,1
2017,3904513,045138,Worthington City,1,1
2017,3904514,045146,Wyoming City,1,1
2017,3904515,045153,Xenia Community City,1,1
2017,3904516,045161,Youngstown City,1,1
2017,3904517,045179,Zanesville City,1,1
2017,3904518,045187,Ada Exempted Village,1,1
2017,3904519,045195,Amherst Exempted Village,1,1
2017,3904520,045203,Barnesville Exempted Village,1,1
2017,3904521,045211,Bluffton Exempted Village,1,1
2017,3904522,045229,Bradford Exempted Village,1,1
2017,3904523,045237,Bridgeport Exempted Village,1,1
2017,3904524,045245,Harrison Hills City,1,1
2017,3904525,045252,Caldwell Exempted Village,1,1
2017,3904526,045260,Carey Exempted Village Schools,1,1
2017,3904527,045278,Carrollton Exempted Village,1,1
2017,3904528,045286,Chagrin Falls Exempted Village,1,1
2017,3904529,045294,Chesapeake Union Exempted Village,1,1
2017,3904531,045310,Coldwater Exempted Village,1,1
2017,3904532,045328,Columbiana Exempted Village,1,1
2017,3904533,045336,Covington Exempted Village,1,1
2017,3904535,045351,Crooksville Exempted Village,1,1
2017,3904536,045369,Fairport Harbor Exempted Village,1,1
2017,3904537,045377,Georgetown Exempted Village,1,1
2017,3904538,045385,Gibsonburg Exempted Village,1,1
2017,3904539,045393,Granville Exempted Village,1,1
2017,3904540,045401,Greenfield Exempted Village,1,1
2017,3904541,045419,Hicksville Exempted Village,1,1
2017,3904542,045427,Hubbard Exempted Village,1,1
2017,3904543,045435,Indian Hill Exempted Village,1,1
2017,3904545,045450,Lisbon Exempted Village,1,1
2017,3904546,045468,Loudonville-Perrysville Exempted Village,1,1
2017,3904547,045476,Marysville Exempted Village,1,1
2017,3904548,045484,Mechanicsburg Exempted Village,1,1
2017,3904549,045492,Mentor Exempted Village,1,1
2017,3904550,045500,Milford Exempted Village,1,1
2017,3904551,045518,Milton-Union Exempted Village,1,1
2017,3904552,045526,Montpelier Exempted Village,1,1
2017,3904553,045534,Mount Gilead Exempted Village,1,1
2017,3904554,045542,Newcomerstown Exempted Village,1,1
2017,3904555,045559,New Richmond Exempted Village,1,1
2017,3904556,045567,Newton Falls Exempted Village,1,1
2017,3904557,045575,Paulding Exempted Village,1,1
2017,3904558,045583,Perrysburg Exempted Village,1,1
2017,3904560,045609,Rossford Exempted Village,1,1
2017,3904561,045617,Tipp City Exempted Village,1,1
2017,3904563,045633,Versailles Exempted Village,1,1
2017,3904564,045641,Wauseon Exempted Village,1,1
2017,3904565,045658,Wellington Exempted Village,1,1
2017,3904566,045666,Windham Exempted Village,1,1
2017,3904567,045674,Yellow Springs Exempted Village,1,1
2017,3904574,045740,Allen County ESC,4,1
2017,3904575,045757,Allen East Local,1,1
2017,3904576,045765,Bath Local,1,1
2017,3904577,045773,Elida Local,1,1
2017,3904578,045781,Perry Local,1,1
2017,3904579,045799,Shawnee Local,1,1
2017,3904580,045807,Spencerville Local,1,1
2017,3904582,045823,Hillsdale Local,1,1
2017,3904583,045831,Mapleton Local,1,1
2017,3904584,045849,Ashtabula County ESC,4,1
2017,3904585,045856,Buckeye Local,1,1
2017,3904586,045864,Grand Valley Local,1,1
2017,3904587,045872,Jefferson Area Local,1,1
2017,3904588,045880,Pymatuning Valley Local,1,1
2017,3904590,045906,Alexander Local,1,1
2017,3904591,045914,Federal Hocking Local,1,1
2017,3904592,045922,Trimble Local,1,1
2017,3904593,045930,Auglaize County ESC,4,1
2017,3904594,045948,Minster Local,1,1
2017,3904595,045955,New Bremen Local,1,1
2017,3904596,045963,New Knoxville Local,1,1
2017,3904597,045971,Waynesfield-Goshen Local,1,1
2017,3904599,045997,St Clairsville-Richland City,1,1
2017,3904600,046003,Shadyside Local,1,1
2017,3904601,046011,Union Local,1,1
2017,3904602,046029,Brown ESC,4,1
2017,3904603,046037,Eastern Local,1,1
2017,3904604,046045,Fayetteville-Perry Local,1,1
2017,3904606,046060,Western Brown Local,1,1
2017,3904607,046078,Ripley-Union-Lewis-Huntington Local,1,1
2017,3904608,046086,Butler County ESC,4,1
2017,3904609,046094,Edgewood City,1,1
2017,3904610,046102,Fairfield City,1,1
2017,3904611,046110,Lakota Local,1,1
2017,3904612,046128,Madison Local,1,1
2017,3904613,046136,New Miami Local,1,1
2017,3904614,046144,Ross Local,1,1
2017,3904615,046151,Talawanda City,1,1
2017,3904617,046177,Brown Local,1,1
2017,3904619,046193,Graham Local,1,1
2017,3904620,046201,Triad Local,1,1
2017,3904621,046219,West Liberty-Salem Local,1,1
2017,3904622,046227,Clark County ESC,4,1
2017,3904623,046235,Greenon Local,1,1
2017,3904624,046243,Tecumseh Local,1,1
2017,3904625,046250,Northeastern Local,1,1
2017,3904626,046268,Northwestern Local,1,1
2017,3904627,046276,Southeastern Local,1,1
2017,3904628,046284,Clark-Shawnee Local,1,1
2017,3904629,046292,Clermont County ESC,4,1
2017,3904630,046300,Batavia Local,1,1
2017,3904631,046318,Bethel-Tate Local,1,1
2017,3904632,046326,Clermont Northeastern Local,1,1
2017,3904633,046334,Felicity-Franklin Local,1,1
2017,3904634,046342,Goshen Local,1,1
2017,3904635,046359,West Clermont Local,1,1
2017,3904636,046367,Williamsburg Local,1,1
2017,3904637,046375,Southern Ohio ESC,4,1
2017,3904638,046383,Blanchester Local,1,1
2017,3904639,046391,Clinton-Massie Local,1,1
2017,3904640,046409,East Clinton Local,1,1
2017,3904641,046417,Columbiana County ESC,4,1
2017,3904642,046425,Beaver Local,1,1
2017,3904643,046433,Crestview Local,1,1
2017,3904644,046441,Southern Local,1,1
2017,3904645,046458,United Local,1,1
2017,3904647,046474,Ridgewood Local,1,1
2017,3904648,046482,River View Local,1,1
2017,3904650,046508,Buckeye Central Local,1,1
2017,3904651,046516,Colonel Crawford Local,1,1
2017,3904652,046524,Wynford Local,1,1
2017,3904653,046532,ESC of Cuyahoga County,4,1
2017,3904655,046557,Cuyahoga Heights Local,1,1
2017,3904656,046565,Independence Local,1,1
2017,3904657,046573,Olmsted Falls City,1,1
2017,3904659,046599,Richmond Heights Local,1,1
2017,3904660,046607,Solon City,1,1
2017,3904661,046615,Darke County ESC,4,1
2017,3904662,046623,Ansonia Local,1,1
2017,3904663,046631,Arcanum-Butler Local,1,1
2017,3904664,046649,Franklin Monroe Local,1,1
2017,3904667,046672,Mississinawa Valley Local,1,1
2017,3904668,046680,Tri-Village Local,1,1
2017,3904670,046706,Ayersville Local,1,1
2017,3904671,046714,Central Local,1,1
2017,3904672,046722,Northeastern Local,1,1
2017,3904674,046748,Big Walnut Local,1,1
2017,3904675,046755,Buckeye Valley Local,1,1
2017,3904676,046763,Olentangy Local,1,1
2017,3904678,046789,Edison Local (formerly Berlin-Milan),1,1
2017,3904679,046797,Kelleys Island Local,1,1
2017,3904680,046805,Margaretta Local,1,1
2017,3904681,046813,Perkins Local,1,1
2017,3904682,046821,Vermilion Local,1,1
2017,3904683,046839,Fairfield County ESC,4,1
2017,3904684,046847,Amanda-Clearcreek Local,1,1
2017,3904685,046854,Berne Union Local,1,1
2017,3904686,046862,Bloom-Carroll Local,1,1
2017,3904687,046870,Fairfield Union Local,1,1
2017,3904688,046888,Liberty Union-Thurston Local,1,1
2017,3904689,046896,Pickerington Local,1,1
2017,3904690,046904,Walnut Township Local,1,1
2017,3904693,046938,ESC of Central Ohio,4,1
2017,3904694,046946,Canal Winchester Local,1,1
2017,3904695,046953,Hamilton Local,1,1
2017,3904696,046961,Gahanna-Jefferson City,1,1
2017,3904697,046979,Groveport Madison Local,1,1
2017,3904699,046995,New Albany-Plain Local,1,1
2017,3904700,047001,Reynoldsburg City,1,1
2017,3904701,047019,Hilliard City,1,1
2017,3904702,047027,Dublin City,1,1
2017,3904704,047043,Archbold-Area Local,1,1
2017,3904705,047050,Evergreen Local,1,1
2017,3904706,047068,Fayette Local,1,1
2017,3904707,047076,Pettisville Local,1,1
2017,3904708,047084,Pike-Delta-York Local,1,1
2017,3904709,047092,Swanton Local,1,1
2017,3904715,047159,Geauga County Educational Service Center,4,1
2017,3904716,047167,Berkshire Local,1,1
2017,3904717,047175,Cardinal Local,1,1
2017,3904718,047183,Chardon Local,1,1
2017,3904719,047191,Kenston Local,1,1
2017,3904721,047217,Newbury Local,1,1
2017,3904722,047225,West Geauga Local,1,1
2017,3904723,047233,Greene County ESC,4,1
2017,3904724,047241,Beavercreek City,1,1
2017,3904725,047258,Cedar Cliff Local,1,1
2017,3904726,047266,Greeneview Local,1,1
2017,3904727,047274,Bellbrook-Sugarcreek Local,1,1
2017,3904730,047308,Rolling Hills Local,1,1
2017,3904732,047324,Hamilton County ESC,4,1
2017,3904733,047332,Finneytown Local,1,1
2017,3904734,047340,Forest Hills Local,1,1
2017,3904736,047365,Northwest Local,1,1
2017,3904737,047373,Oak Hills Local,1,1
2017,3904738,047381,Southwest Local,1,1
2017,3904739,047399,Three Rivers Local,1,1
2017,3904740,047407,Hancock County ESC,4,1
2017,3904742,047423,Arlington Local,1,1
2017,3904743,047431,Cory-Rawson Local,1,1
2017,3904744,047449,Liberty-Benton Local,1,1
2017,3904745,047456,McComb Local,1,1
2017,3904747,047472,Vanlue Local,1,1
2017,3904749,047498,Hardin Northern Local,1,1
2017,3904750,047506,Ridgemont Local,1,1
2017,3904751,047514,Riverdale Local,1,1
2017,3904752,047522,Upper Scioto Valley Local,1,1
2017,3904754,047548,Conotton Valley Union Local,1,1
2017,3904757,047571,Holgate Local,1,1
2017,3904758,047589,Liberty Center Local,1,1
2017,3904759,047597,Patrick Henry Local,1,1
2017,3904761,047613,Bright Local,1,1
2017,3904762,047621,Fairfield Local,1,1
2017,3904763,047639,Lynchburg-Clay Local,1,1
2017,3904768,047688,East Holmes Local,1,1
2017,3904769,047696,West Holmes Local,1,1
2017,3904771,047712,Monroeville Local,1,1
2017,3904772,047720,New London Local,1,1
2017,3904773,047738,South Central Local,1,1
2017,3904774,047746,Western Reserve Local,1,1
2017,3904776,047761,Oak Hill Union Local,1,1
2017,3904777,047779,Jefferson County ESC,4,1
2017,3904778,047787,Buckeye Local,1,1
2017,3904779,047795,Edison Local,1,1
2017,3904780,047803,Indian Creek Local,1,1
2017,3904781,047811,Knox County ESC,4,1
2017,3904782,047829,Centerburg Local,1,1
2017,3904783,047837,Danville Local,1,1
2017,3904785,047852,Fredericktown Local,1,1
2017,3904786,047860,Lake County ESC,4,1
2017,3904787,047878,Kirtland Local,1,1
2017,3904788,047886,Madison Local,1,1
2017,3904790,047902,Perry Local,1,1
2017,3904791,047910,Lawrence County ESC,4,1
2017,3904792,047928,Dawson-Bryant Local,1,1
2017,3904793,047936,Fairland Local,1,1
2017,3904794,047944,Rock Hill Local,1,1
2017,3904795,047951,South Point Local,1,1
2017,3904796,047969,Symmes Valley Local,1,1
2017,3904797,047977,Licking County ESC,4,1
2017,3904798,047985,Johnstown-Monroe Local,1,1
2017,3904799,047993,Lakewood Local,1,1
2017,3904800,048009,Licking Heights Local,1,1
2017,3904801,048017,Licking Valley Local,1,1
2017,3904802,048025,North Fork Local,1,1
2017,3904803,048033,Northridge Local,1,1
2017,3904804,048041,Southwest Licking Local,1,1
2017,3904807,048074,Benjamin Logan Local,1,1
2017,3904808,048082,Indian Lake Local,1,1
2017,3904809,048090,Riverside Local,1,1
2017,3904810,048108,Lorain County ESC,4,1
2017,3904811,048116,Avon Local,1,1
2017,3904812,048124,Avon Lake City,1,1
2017,3904813,048132,Clearview Local,1,1
2017,3904814,048140,Columbia Local,1,1
2017,3904815,048157,Firelands Local,1,1
2017,3904816,048165,Keystone Local,1,1
2017,3904817,048173,Midview Local,1,1
2017,3904819,048199,ESC of Lake Erie West,4,1
2017,3904820,048207,Anthony Wayne Local,1,1
2017,3904821,048215,Ottawa Hills Local,1,1
2017,3904822,048223,Springfield Local,1,1
2017,3904823,048231,Washington Local,1,1
2017,3904825,048256,Jefferson Local,1,1
2017,3904826,048264,Jonathan Alder Local,1,1
2017,3904827,048272,Madison-Plains Local,1,1
2017,3904828,048280,Mahoning County ESC,4,1
2017,3904829,048298,Austintown Local Schools,1,1
2017,3904830,048306,Boardman Local,1,1
2017,3904831,048314,Canfield Local,1,1
2017,3904832,048322,Jackson-Milton Local,1,1
2017,3904833,048330,Lowellville Local,1,1
2017,3904834,048348,Poland Local,1,1
2017,3904835,048355,Sebring Local,1,1
2017,3904836,048363,South Range Local,1,1
2017,3904837,048371,Springfield Local,1,1
2017,3904838,048389,West Branch Local,1,1
2017,3904839,048397,Western Reserve Local,1,1
2017,3904841,048413,Elgin Local,1,1
2017,3904842,048421,Pleasant Local,1,1
2017,3904843,048439,Ridgedale Local,1,1
2017,3904844,048447,River Valley Local,1,1
2017,3904845,048454,Medina County ESC,4,1
2017,3904846,048462,Black River Local,1,1
2017,3904847,048470,Buckeye Local,1,1
2017,3904848,048488,Cloverleaf Local,1,1
2017,3904849,048496,Highland Local,1,1
2017,3904851,048512,Eastern Local,1,1
2017,3904852,048520,Meigs Local,1,1
2017,3904853,048538,Southern Local,1,1
2017,3904854,048546,Mercer County ESC,4,1
2017,3904857,048579,Parkway Local,1,1
2017,3904858,048587,St Henry Consolidated Local,1,1
2017,3904859,048595,Fort Recovery Local,1,1
2017,3904860,048603,Miami County ESC,4,1
2017,3904861,048611,Bethel Local,1,1
2017,3904862,048629,Miami East Local,1,1
2017,3904863,048637,Newton Local,1,1
2017,3904865,048652,Switzerland of Ohio Local,1,1
2017,3904866,048660,Montgomery County ESC,4,1
2017,3904867,048678,Brookville Local,1,1
2017,3904868,048686,Jefferson Township Local,1,1
2017,3904869,048694,Trotwood-Madison City,1,1
2017,3904870,048702,Mad River Local,1,1
2017,3904871,048710,New Lebanon Local,1,1
2017,3904872,048728,Northmont City,1,1
2017,3904873,048736,Northridge Local,1,1
2017,3904874,048744,Valley View Local,1,1
2017,3904875,048751,Huber Heights City,1,1
2017,3904877,048777,Morgan Local,1,1
2017,3904879,048793,Cardington-Lincoln Local,1,1
2017,3904880,048801,Highland Local,1,1
2017,3904881,048819,Northmor Local,1,1
2017,3904883,048835,East Muskingum Local,1,1
2017,3904884,048843,Franklin Local,1,1
2017,3904885,048850,Maysville Local,1,1
2017,3904887,048876,Tri-Valley Local,1,1
2017,3904888,048884,West Muskingum Local,1,1
2017,3904890,048900,Noble Local,1,1
2017,3904892,048926,Benton Carroll Salem Local,1,1
2017,3904893,048934,Danbury Local,1,1
2017,3904894,048942,Genoa Area Local,1,1
2017,3904895,048959,Middle Bass Local,1,1
2017,3904896,048967,North Bass Local,1,1
2017,3904897,048975,Put-In-Bay Local,1,1
2017,3904899,048991,Antwerp Local,1,1
2017,3904900,049296,Twin Valley Community Local,1,1
2017,3904903,049031,Wayne Trace Local,1,1
2017,3904905,049056,Northern Local,1,1
2017,3904906,049064,Southern Local,1,1
2017,3904907,049072,Pickaway County ESC,4,1
2017,3904908,049080,Logan Elm Local,1,1
2017,3904909,049098,Teays Valley Local,1,1
2017,3904910,049106,Westfall Local,1,1
2017,3904912,049122,Eastern Local School District,1,1
2017,3904913,049130,Scioto Valley Local,1,1
2017,3904914,049148,Waverly City,1,1
2017,3904915,049155,Western Local,1,1
2017,3904916,049163,Portage County ESC,4,2
2017,3904917,049171,Aurora City,1,1
2017,3904918,049189,Crestwood Local,1,1
2017,3904919,049197,Field Local,1,1
2017,3904920,049205,James A Garfield Local,1,1
2017,3904921,049213,Rootstown Local,1,1
2017,3904922,049221,Southeast Local,1,1
2017,3904923,049239,Streetsboro City,1,1
2017,3904924,049247,Waterloo Local,1,1
2017,3904925,049254,Preble County ESC,4,1
2017,3904926,091397,Tri-County North Local,1,1
2017,3904927,049270,National Trail Local,1,1
2017,3904928,049288,Preble Shawnee Local,1,1
2017,3904930,049304,Putnam County ESC,4,1
2017,3904931,049312,Columbus Grove Local,1,1
2017,3904932,049320,Continental Local,1,1
2017,3904933,049338,Jennings Local,1,1
2017,3904934,049346,Kalida Local,1,1
2017,3904935,049353,Leipsic Local,1,1
2017,3904936,049361,Miller City-New Cleveland Local,1,1
2017,3904937,049379,Ottawa-Glandorf Local,1,1
2017,3904938,049387,Ottoville Local,1,1
2017,3904939,049395,Pandora-Gilboa Local,1,1
2017,3904941,049411,Clear Fork Valley Local,1,1
2017,3904942,049429,Crestview Local,1,1
2017,3904943,049437,Lexington Local,1,1
2017,3904944,049445,Lucas Local,1,1
2017,3904945,049452,Madison Local,1,1
2017,3904946,049460,Plymouth-Shiloh Local,1,1
2017,3904947,049478,Ontario Local,1,1
2017,3904949,049494,Adena Local,1,1
2017,3904950,049502,Huntington Local,1,1
2017,3904951,049510,Paint Valley Local,1,1
2017,3904952,049528,Southeastern Local,1,1
2017,3904953,049536,Union-Scioto Local,1,1
2017,3904954,049544,Zane Trace Local,1,1
2017,3904956,049569,Lakota Local,1,1
2017,3904957,049577,Woodmore Local,1,1
2017,3904959,049593,Bloom-Vernon Local,1,1
2017,3904961,049619,Green Local,1,1
2017,3904962,049627,Minford Local,1,1
2017,3904963,049635,Northwest Local,1,1
2017,3904964,049643,Valley Local,1,1
2017,3904965,049650,Washington-Nile Local,1,1
2017,3904966,049668,Wheelersburg Local,1,1
2017,3904968,049684,Seneca East Local,1,1
2017,3904970,049700,Hopewell-Loudon Local,1,1
2017,3904971,049718,New Riegel Local,1,1
2017,3904976,049767,Botkins Local,1,1
2017,3904977,049775,Fairlawn Local,1,1
2017,3904978,049783,Fort Loramie Local,1,1
2017,3904979,049791,Hardin-Houston Local,1,1
2017,3904981,049817,Russia Local,1,1
2017,3904982,049825,Stark County ESC,4,1
2017,3904983,049833,Canton Local,1,1
2017,3904984,049841,Fairless Local,1,1
2017,3904985,049858,Jackson Local,1,1
2017,3904986,049866,Lake Local,1,1
2017,3904987,049874,Louisville City,1,1
2017,3904988,049882,Marlington Local,1,1
2017,3904989,049890,Minerva Local,1,1
2017,3904990,049908,Northwest Local,1,1
2017,3904991,049916,Osnaburg Local,1,1
2017,3904992,049924,Perry Local,1,1
2017,3904993,049932,Plain Local,1,1
2017,3904994,049940,Sandy Valley Local,1,1
2017,3904995,049957,Tuslaw Local,1,1
2017,3904996,049965,Summit County ESC,4,1
2017,3904997,049973,Woodridge Local,1,1
2017,3904998,049981,Copley-Fairlawn City,1,1
2017,3904999,049999,Coventry Local,1,1
2017,3905000,050005,Manchester Local,1,1
2017,3905001,050013,Green Local,1,1
2017,3905002,050021,Hudson City,1,1
2017,3905003,050039,Mogadore Local,1,1
2017,3905004,050047,Nordonia Hills City,1,1
2017,3905005,050054,Revere Local,1,1
2017,3905006,050062,Springfield Local,1,1
2017,3905007,050070,Twinsburg City,1,1
2017,3905008,050088,Trumbull County ESC,4,1
2017,3905009,050096,Bloomfield-Mespo Local,1,1
2017,3905011,050112,Bristol Local,1,1
2017,3905012,050120,Brookfield Local,1,1
2017,3905013,050138,Champion Local,1,1
2017,3905015,050153,Mathews Local,1,1
2017,3905016,050161,Howland Local,1,1
2017,3905017,050179,Joseph Badger Local,1,1
2017,3905018,050187,Lakeview Local,1,1
2017,3905019,050195,Liberty Local,1,1
2017,3905020,050203,Lordstown Local,1,1
2017,3905021,050211,Maplewood Local,1,1
2017,3905022,050229,McDonald Local,1,1
2017,3905023,050237,Southington Local,1,1
2017,3905024,050245,LaBrae Local,1,1
2017,3905025,050252,Weathersfield Local,1,1
2017,3905026,050260,East Central Ohio ESC,4,1
2017,3905027,050278,Garaway Local,1,1
2017,3905028,050286,Indian Valley Local,1,1
2017,3905029,050294,Strasburg-Franklin Local,1,1
2017,3905030,050302,Tuscarawas Valley Local,1,1
2017,3905032,050328,Fairbanks Local,1,1
2017,3905033,050336,North Union Local School District,1,1
2017,3905035,050351,Crestview Local,1,1
2017,3905039,050393,Vinton County Local,1,1
2017,3905040,050401,Warren County ESC,4,1
2017,3905041,050419,Carlisle Local,1,1
2017,3905042,050427,Springboro Community City,1,1
2017,3905043,050435,Kings Local,1,1
2017,3905044,050443,Little Miami Local,1,1
2017,3905045,050450,Mason City,1,1
2017,3905046,050468,Wayne Local,1,1
2017,3905048,050484,Fort Frye Local,1,1
2017,3905049,050492,Frontier Local,1,1
2017,3905051,050518,Wolf Creek Local,1,1
2017,3905052,050526,Tri-County ESC,4,1
2017,3905053,050534,Chippewa Local,1,1
2017,3905054,050542,Dalton Local,1,1
2017,3905055,050559,Green Local,1,1
2017,3905056,050567,Norwayne Local,1,1
2017,3905058,050583,Southeast Local,1,1
2017,3905059,050591,Triway Local,1,1
2017,3905061,050617,Edgerton Local,1,1
2017,3905062,050625,Edon Northwest Local,1,1
2017,3905063,050633,Millcreek-West Unity Local,1,1
2017,3905064,050641,North Central Local,1,1
2017,3905065,050658,Stryker Local,1,1
2017,3905066,050666,Wood County ESC,4,1
2017,3905067,050674,Eastwood Local,1,1
2017,3905068,050682,Elmwood Local,1,1
2017,3905069,050690,Lake Local,1,1
2017,3905070,050708,North Baltimore Local,1,1
2017,3905071,050716,Northwood Local Schools,1,1
2017,3905072,050724,Otsego Local,1,1
2017,3905074,050740,Mohawk Local,1,1
2017,3905077,050773,Apollo,4,1
2017,3905079,050799,Southern Hills,4,1
2017,3905081,050815,Ashtabula County Technical and Career Center,4,1
2017,3905085,050856,Belmont-Harrison,4,1
2017,3905088,050880,Butler Technology & Career Development Schools,4,1
2017,3905090,050906,Columbiana County,4,1
2017,3905092,050922,Cuyahoga Valley Career Center,4,1
2017,3905094,050948,Polaris,4,1
2017,3905096,050963,Four County Career Center,4,1
2017,3905098,050989,Delaware Area Career Center,4,1
2017,3905100,051003,Eastland-Fairfield Career/Tech,4,1
2017,3905102,051029,EHOVE Career Center,4,1
2017,3905104,051045,Greene County Vocational School District,4,1
2017,3905106,051060,Great Oaks Career Campuses,4,1
2017,3905112,051128,Jefferson County,4,1
2017,3905114,051144,Knox County JVSD,4,1
2017,3905116,051169,Auburn,4,1
2017,3905118,051185,Lawrence County,4,1
2017,3905120,051201,Career and Technology Educational Centers,4,1
2017,3905122,051227,Lorain County JVS,4,1
2017,3905124,051243,Mahoning Co Career & Tech Ctr,4,1
2017,3905128,051284,Miami Valley Career Tech,4,1
2017,3905130,051300,Mid-East Career and Technology Centers,4,1
2017,3905133,051334,Ohio Hi-Point Career Center,4,1
2017,3905135,051359,Penta Career Center - District,4,1
2017,3905137,051375,Pike County Area,4,1
2017,3905139,051391,Maplewood Career Center,4,1
2017,3905141,051417,Pioneer Career & Technology,4,1
2017,3905143,051433,Pickaway-Ross County JVSD,4,1
2017,3905145,051458,Vanguard-Sentinel Career & Technology Centers,4,1
2017,3905147,051474,Warren County Vocational School,4,1
2017,3905149,051490,Scioto County Career Technical Center,4,1
2017,3905153,051532,Springfield-Clark County,4,1
2017,3905160,051607,Tri-County Career Center,4,1
2017,3905163,051631,Trumbull Career & Tech Ctr,4,1
2017,3905165,051656,Buckeye,4,1
2017,3905167,051672,Vantage Career Center,4,1
2017,3905169,051698,Washington County Career Center,4,1
2017,3905171,051714,Wayne County JVSD,4,1
2017,3906190,061903,Adams County Ohio Valley Local,1,1
2017,3906202,062026,Stark County Area,4,1
2017,3906204,062042,Ashland County-West Holmes,4,1
2017,3906206,062067,Gallia-Jackson-Vinton,4,1
2017,3906210,062109,Medina County Joint Vocational School District,4,1
2017,3906212,062125,Upper Valley Career Center,4,1
2017,3906280,062802,U S Grant,4,1
2017,3906349,063495,Portage Lakes,4,1
2017,3906351,063511,Tolles Career & Technical Center,4,1
2017,3906496,064964,College Corner Local,1,1
2017,3906522,065227,Coshocton County,4,1
2017,3906526,065268,Tri-Rivers,4,1
2017,3906568,065680,Gallia County Local,1,1
2017,3906968,069682,East Guernsey Local,1,1
2017,3910000,043984,Findlay City,1,1
2017,3910001,047464,Van Buren Local,1,1
2017,3910002,047415,Arcadia Local,1,1
2017,3910003,044784,Sidney City,1,1
2017,3910004,049759,Anna Local,1,1
2017,3910005,049809,Jackson Center Local,1,1
2017,3910006,044735,Salem City,1,1
2017,3910007,045443,Leetonia Exempted Village,1,1
2017,3910008,045344,Crestline Exempted Village,1,1
2017,3910009,044776,Shelby City,1,1
2017,3910010,046920,Miami Trace Local,1,1
2017,3910011,045013,Washington Court House City,1,1
2017,3910012,044420,Mount Vernon City,1,1
2017,3910013,047845,East Knox Local,1,1
2017,3910014,047894,Riverside Local,1,1
2017,3910015,044628,Painesville City Local,1,1
2017,3910016,046581,Orange City,1,1
2017,3910017,043562,Bedford City,1,1
2017,3910018,050500,Warren Local,1,1
2017,3910019,044321,Marietta City,1,1
2017,3910020,045302,Clyde-Green Springs Exempted Village,1,1
2017,3910021,049726,Old Fort Local,1,1
2017,3910022,050369,Lincolnview Local,1,1
2017,3910023,044966,Van Wert City,1,1
2017,3910024,045625,Upper Sandusky Exempted Village,1,1
2017,3910025,044172,Kenton City,1,1
2017,3910026,049601,Clay Local,1,1
2017,3910027,044669,Portsmouth City,1,1
2017,3910028,045591,Rittman Exempted Village,1,1
2017,3910029,044974,Wadsworth City,1,1
2017,3910030,043729,Celina City,1,1
2017,3910031,048553,Marion Local,1,1
2017,3910032,045120,Wooster City,1,1
2017,3910033,050575,Northwestern Local,1,1
2018,3900001,071530,Ohio School For The Deaf,5,1
2018,3900002,071548,Ohio School For The Blind,5,1
2018,3900008,125252,Muskingum Valley ESC,4,1
2018,3900009,125658,South Central Ohio ESC,4,1
2018,3900012,125682,Gallia-Vinton ESC,4,1
2018,3900013,125690,North Point Educational Service Center,4,1
2018,3900014,123281,Ohio Valley ESC,4,1
2018,3900015,124297,Northwest Ohio Educational Service Center,4,1
2018,3900017,134072,Youngstown Community School,7,1
2018,3900019,134098,Constellation Schools: Old Brooklyn Community Elementary,7,1
2018,3900022,134122,Autism Model School,7,1
2018,3900023,134148,Aurora Academy,7,1
2018,3900025,134197,Green Inspiration Academy,7,1
2018,3900027,134213,Middlebury Academy,7,1
2018,3900028,134221,Colonial Prep Academy,7,2
2018,3900029,134247,City Day Community School,7,1
2018,3900031,133512,Cincinnati College Preparatory Academy,7,1
2018,3900032,133520,Citizens Academy,7,1
2018,3900033,133538,Edge Academy The,7,1
2018,3900036,133561,Millennium Community School,7,1
2018,3900038,133587,Summit Academy Akron Elementary School,7,1
2018,3900040,133629,Horizon Science Acad Cleveland,7,1
2018,3900042,133660,Horizon Science Academy Columbus,7,1
2018,3900043,133678,Riverside Academy,7,1
2018,3900047,133736,Richard Allen Academy,7,1
2018,3900050,133801,Life Skills Ctr Of Youngstown,7,2
2018,3900051,133819,Lincoln Preparatory Academy,7,2
2018,3900052,133835,Invictus High School,7,1
2018,3900053,133868,Towpath Trail High School,7,1
2018,3900056,133942,Toledo School For The Arts,7,1
2018,3900057,133959,Dayton Leadership Academies-Early Learning Academy,7,2
2018,3900063,123257,North Central Ohio ESC,4,1
2018,3900064,123521,Mid-Ohio ESC,4,1
2018,3900065,133215,Intergenerational School The,7,1
2018,3900068,133256,Constellation Schools: Parma Community,7,1
2018,3900071,133306,Summit Academy Community School for Alternative Learn-Canton,7,1
2018,3900072,133330,T.C.P. World Academy,7,1
2018,3900073,133348,Richard Allen Preparatory,7,1
2018,3900077,133389,Lighthouse Community Sch Inc,7,1
2018,3900079,133413,Electronic Classroom Of Tomorrow,7,2
2018,3900080,133421,Graham School The,7,1
2018,3900081,133439,Cornerstone Academy Community School,7,1
2018,3900083,133454,Dayton Leadership Academies-Dayton View Campus,7,1
2018,3900084,133488,River Gate High School,7,1
2018,3900086,133785,Life Skills Ctr Of Cincinnati,7,1
2018,3900090,134999,Western Buckeye ESC,4,1
2018,3900091,135145,Athens-Meigs ESC,4,1
2018,3900092,137364,Madison-Champaign ESC,4,1
2018,3900093,138222,Ross-Pike ESC,4,1
2018,3900094,139303,Monroe Local,1,1
2018,3900096,132746,Summit Acdy Comm Schl for Alternative Learners of Middletown,7,1
2018,3900097,132761,Summit Academy Community School Alternative Learners -Xenia,7,1
2018,3900098,132779,Summit Academy Akron Middle School,7,1
2018,3900100,132795,Cliff Park High School,7,1
2018,3900101,132803,Marshall High School,7,1
2018,3900102,132951,Constellation Schools: Lorain Community Elementary,7,1
2018,3900103,132969,Constellation Schools: Elyria Community,7,1
2018,3900104,132985,YB Columbus Community School,7,1
2018,3900105,132993,Constellation Schools: Westpark Community Elementary,7,1
2018,3900106,133264,Dohn Community,7,1
2018,3900107,133280,Washington Park Community School,7,1
2018,3900109,133322,Summit Academy Community School Alternative Learners-Lorain,7,1
2018,3900113,133504,Phoenix Community Learning Ctr,7,1
2018,3900117,143297,The Autism Academy Of Learning,7,1
2018,3900118,143305,TRECA Digital Academy,7,1
2018,3900119,143313,West Preparatory Academy,7,1
2018,3900120,143552,Eagle Academy,7,2
2018,3900121,143602,Hamilton Cnty Math & Science,7,1
2018,3900123,143644,Sciotoville,7,1
2018,3900125,000125,Polly Fox Academy Community School,7,2
2018,3900126,000130,Phoenix Academy Community School,7,2
2018,3900127,000131,Glass City Academy,7,1
2018,3900129,000138,Pathway School of Discovery,7,1
2018,3900130,000139,Alliance Academy of Cincinnati,7,1
2018,3900133,000162,Newark Digital Academy,7,2
2018,3900138,000222,Wildwood Environmental Academy,7,1
2018,3900145,148981,Tomorrow Center,7,1
2018,3900146,148999,Mahoning Unlimited Classroom,7,1
2018,3900151,149047,Goal Digital Academy,7,1
2018,3900152,149054,Akron Digital Academy,7,2
2018,3900155,149088,Fairborn Digital Academy,7,1
2018,3900175,142901,Stark High School,7,1
2018,3900176,142919,Life Skills Center of Elyria,7,1
2018,3900177,142927,Focus Learning Academy of Southwest Columbus,7,1
2018,3900178,142935,Focus Learning Academy of Southeastern Columbus,7,1
2018,3900179,142943,Focus Learning Academy of Northern Columbus,7,1
2018,3900180,142950,Ohio Virtual Academy,7,1
2018,3900181,142968,Hope Academy Northcoast,7,1
2018,3900184,143115,Mound Street IT Careers Academy,7,2
2018,3900185,143123,Mound Street Academies,7,1
2018,3900186,143131,Mound Street Health Careers Academy,7,2
2018,3900190,143172,International Acad Of Columbus,7,1
2018,3900192,143198,Great Western Academy,7,1
2018,3900193,143206,Trotwood Preparatory & Fitness Academy,7,1
2018,3900194,143214,Middletown Preparatory & Fitness Academy,7,1
2018,3900203,143396,Alternative Education Academy,7,1
2018,3900211,143479,Constellation Schools: Puritas Community Elementary,7,1
2018,3900212,143487,Constellation Schools: Stockyard Community Elementary,7,1
2018,3900216,143529,North Dayton School Of Science & Discovery,7,1
2018,3900219,143560,Richard Allen Academy II,7,2
2018,3900220,143578,Richard Allen Academy III,7,2
2018,3900223,143610,Arts & College Preparatory Academy,7,1
2018,3900228,148932,Franklin Local Community School,7,1
2018,3900231,149302,Life Skills Center Of Toledo,7,1
2018,3900233,149328,Foxfire High School,7,1
2018,3900237,060988,Buckeye United School District,5,1
2018,3900238,065201,Ohio Central School System,5,1
2018,3900241,132944,Miami Valley Academies,7,1
2018,3900250,000236,Ohio Connections Academy Inc,7,1
2018,3900252,000241,Quaker Digital Academy,7,1
2018,3900259,149427,Massillon Digital Academy Inc,7,1
2018,3900263,151035,Pleasant Community Digital,7,1
2018,3900273,151142,Lorain K-12 Digital Academy,7,2
2018,3900276,151175,West Central Learning Academy II,7,1
2018,3900277,151183,Lake Erie International High School,7,1
2018,3900278,151191,The Capella Institute,7,2
2018,3900279,151209,Randall Park High School,7,6
2018,3900285,000525,Canton Harbor High School,7,1
2018,3900286,000527,Cleveland Academy for Scholarship Technology and Leadership,7,1
2018,3900291,000534,Constellation Schools: Puritas Community Middle,7,1
2018,3900299,000543,Pinnacle Academy,7,1
2018,3900302,000546,Winterfield Venture Academy,7,1
2018,3900304,000553,Columbus Humanities Arts and Technology Academy,7,1
2018,3900305,000556,A+ Arts Academy,7,1
2018,3900306,000557,Columbus Arts & Technology Academy,7,1
2018,3900307,000558,Columbus Preparatory Academy,7,1
2018,3900308,000559,Orion Academy,7,1
2018,3900309,000560,Apex Academy,7,1
2018,3900313,000575,Hope Academy Northwest Campus,7,1
2018,3900314,000576,King Academy Community School,7,1
2018,3900315,000577,Emerson Academy,7,1
2018,3900331,000598,Coshocton Opportunity School,7,1
2018,3900337,000608,Summit Academy Transition High School-Cincinnati,7,1
2018,3900338,000609,Summit Academy School - Lorain,7,1
2018,3900339,000610,Summit Academy Middle School - Columbus,7,1
2018,3900341,000613,Heir Force Community School,7,1
2018,3900342,000614,Summit Academy Transition High School-Columbus,7,1
2018,3900344,000616,Summit Academy Alternative LearnersWarren Middle & Secondary,7,1
2018,3900348,000621,Summit Academy Transition High School Dayton,7,1
2018,3900350,000623,Summit Academy-Youngstown,7,1
2018,3900356,000629,Summit Academy Community School - Painesville,7,1
2018,3900361,000634,Summit Academy Secondary School - Middletown,7,1
2018,3900366,000640,Rittman Academy,7,1
2018,3900381,000664,Life Skills Center of Columbus Southeast,7,1
2018,3900382,000677,New Day Academy Boarding & Day School,7,1
2018,3900383,000679,Oakstone Community School,7,1
2018,3900385,147231,Schnee Learning Center,7,1
2018,3900396,000725,Zenith Academy,7,1
2018,3900399,000736,Wings Academy 1,7,1
2018,3900400,000738,Wings Academy 2,7,6
2018,3900428,000770,Maritime Academy of Toledo The,7,1
2018,3900434,000779,Educational Academy for Boys & Girls,7,1
2018,3900435,000780,Midnimo Cross Cultural Community School,7,1
2018,3900441,000804,Horizon Science Academy-Cincinnati,7,1
2018,3900444,000808,Horizon Science Academy-Dayton,7,1
2018,3900448,000813,Life Skills Center of Dayton,7,1
2018,3900451,000825,Horizon Science Academy-Springfield,7,1
2018,3900454,000838,Horizon Science Academy-Denison Middle School,7,1
2018,3900457,000843,Bennett Venture Academy,7,1
2018,3900467,000855,Stambaugh Charter Academy,7,1
2018,3900470,000858,Horizon Science Academy-Cleveland Middle School,7,1
2018,3900474,000875,Westside Academy,7,1
2018,3900478,000905,Interactive Media & Construction (IMAC),7,1
2018,3900488,000282,Greater Ohio Virtual School,7,1
2018,3900490,000288,Auglaize County Educational Academy,7,1
2018,3900492,000296,Summit Academy Community School-Columbus,7,1
2018,3900493,000297,Summit Academy Community School - Dayton,7,1
2018,3900494,000298,Summit Academy Secondary - Akron,7,1
2018,3900495,000300,Summit Academy Secondary - Canton,7,1
2018,3900496,000301,Summit Academy - Toledo,7,1
2018,3900497,000302,Summit Academy Community School-Parma,7,1
2018,3900498,000303,Summit Academy Secondary - Youngstown,7,1
2018,3900500,000305,Summit Academy Community School-Warren,7,1
2018,3900501,000306,Summit Academy Community School - Cincinnati,7,1
2018,3900502,000311,Bridges Community Academy,7,1
2018,3900503,000316,Constellation Schools: Westpark Community Middle,7,1
2018,3900505,000318,Menlo Park Academy,7,1
2018,3900506,000319,Constellation Schools: Madison Community Elementary,7,1
2018,3900507,000320,Constellation Schools: Lorain Community Middle,7,1
2018,3900508,000321,Constellation Schools: Old Brooklyn Community Middle,7,1
2018,3900510,000338,Horizon Science Academy Toledo,7,1
2018,3900514,000360,Miamisburg Secondary Academy,7,2
2018,3900528,000402,Findlay Digital Academy,7,1
2018,3900530,000417,Buckeye On-Line School for Success,7,1
2018,3900537,000442,Manchester Local,1,1
2018,3900550,000509,Whitehall Preparatory and Fitness Academy,7,1
2018,3900551,000510,Springfield Preparatory and Fitness Academy,7,1
2018,3900552,000511,Northland Preparatory and Fitness Academy,7,1
2018,3900557,000930,Cleveland Entrepreneurship Preparatory School,7,1
2018,3900562,000936,Promise Academy,7,1
2018,3900564,000938,East Bridge Academy of Excellence,7,1
2018,3900567,000941,Par Excellence Academy,7,1
2018,3900568,000942,Lakewood City Academy,7,1
2018,3900573,000951,Toledo Preparatory and Fitness Academy,7,1
2018,3900574,000952,Columbus Preparatory and Fitness Academy,7,1
2018,3900575,000953,Mt. Healthy Preparatory and Fitness Academy,7,1
2018,3900580,007984,Youngstown Academy of Excellence,7,1
2018,3900584,007995,Cleveland Arts and Social Sciences Academy,7,1
2018,3900586,007999,Charles School at Ohio Dominican University,7,1
2018,3900587,008000,Lorain Preparatory Academy,7,1
2018,3900593,008063,Life Skills Center of North Akron,7,1
2018,3900594,008064,Monroe Preparatory Academy,7,1
2018,3900638,000912,Early College Academy,7,1
2018,3900640,008287,Groveport Community School,7,1
2018,3900641,008286,Harvard Avenue Performance Academy,7,1
2018,3900642,008283,Dayton Business Technology High School,7,1
2018,3900643,008282,Life Skills Center of Columbus North,7,1
2018,3900644,008281,South Scioto Academy,7,1
2018,3900645,008280,Noble Academy-Columbus,7,1
2018,3900646,008278,Noble Academy-Cleveland,7,1
2018,3900647,008289,Eagle Learning Center,7,1
2018,3901296,009181,Clay Avenue Community School,7,1
2018,3901298,009171,Star Academy of Toledo,7,1
2018,3901301,009192,Foundation Academy,7,1
2018,3901302,009283,Dayton Early College Academy Inc,7,1
2018,3901305,009122,Columbus Collegiate Academy,7,1
2018,3901313,009164,Central Academy of Ohio,7,1
2018,3901314,009148,Zanesville Community School,7,1
2018,3901319,009147,Northpointe Academy,7,2
2018,3901322,009179,Horizon Science Academy Columbus Middle School,7,1
2018,3901326,009149,Constellation Schools: Westside Community School of the Arts,7,1
2018,3901329,009996,Mahoning County High School,7,1
2018,3901330,009997,KIPP Columbus,7,1
2018,3901333,010007,Horizon Science Academy Denison Elementary School,7,2
2018,3901335,010036,Cesar Chavez College Preparatory School,7,1
2018,3901336,010180,Mount Auburn International Academy,7,2
2018,3901337,010182,Performance Academy Eastland,7,1
2018,3901339,010205,L. Hollingworth School for Talented and Gifted,7,1
2018,3901344,009953,Sullivant Avenue Community School,7,1
2018,3901345,009954,Harrisburg Pike Community School,7,1
2018,3901346,009955,Madison Avenue School of Arts,7,1
2018,3901347,009957,Klepinger Community School,7,1
2018,3901350,009971,Ashland County Community Academy,7,1
2018,3901353,009990,Horizon Science Academy Elementary School,7,1
2018,3901354,011439,Renaissance Academy,7,1
2018,3901356,011444,Rushmore Academy,7,2
2018,3901362,011507,Achieve Career Preparatory Academy,7,1
2018,3901363,011511,Lakeland Academy Community School,7,1
2018,3901365,011533,Horizon Science Academy Lorain,7,1
2018,3901366,011534,Horizon Science Academy Dayton High School,7,1
2018,3901368,011291,Village Preparatory School,7,1
2018,3901369,011381,Greater Summit County Early Learning Center,7,1
2018,3901370,011390,Bella Academy of Excellence,7,1
2018,3901374,011506,Dayton Regional STEM School,1,1
2018,3901375,011468,Columbus Bilingual Academy-North,7,1
2018,3901376,011923,Northeast Ohio College Preparatory School,7,1
2018,3901377,011947,Imagine Akron Academy,7,1
2018,3901378,011956,Everest High School,7,1
2018,3901381,011967,The Richland School of Academic Arts,7,1
2018,3901382,011972,Graham Elementary and Middle School,7,1
2018,3901383,011976,Horizon Science Academy Dayton Downtown,7,1
2018,3901389,011986,Horizon Science Academy Youngstown,7,1
2018,3901396,012009,Zenith Academy East,7,1
2018,3901397,012010,Cleveland College Preparatory School,7,1
2018,3901398,012011,Columbus Performance Academy,7,1
2018,3901403,012025,Constellation Schools: Stockyard Community Middle,7,1
2018,3901405,012030,Near West Intergenerational School,7,1
2018,3901406,012031,Entrepreneurship Preparatory School - Woodland Hills Campus,7,1
2018,3901407,012033,Foxfire Intermediate School,7,1
2018,3901409,012036,Regent High School,7,1
2018,3901410,012037,Mason Run High School,7,1
2018,3901411,012038,Old Brook High School,7,1
2018,3901412,012040,Road to Success Academy,7,1
2018,3901413,012041,Central High School,7,1
2018,3901414,012042,George V. Voinovich High School,7,1
2018,3901415,012043,Frederick Douglass High School,7,1
2018,3901416,012044,Capital High School,7,1
2018,3901417,012045,Patriot Preparatory Academy,7,1
2018,3901420,012054,North Central Academy,7,1
2018,3901427,012105,Southside Academy,7,1
2018,3901428,012060,Akros Middle School,7,1
2018,3901429,011324,Hardin Community School,7,1
2018,3901430,012684,Broadway Academy,7,1
2018,3901432,012671,Constellation Schools: Eastside Arts Academy,7,1
2018,3901433,012528,The Academy for Urban Scholars,7,1
2018,3901434,012644,STEAM Academy of Warren,7,1
2018,3901444,012029,Citizens Leadership Academy,7,1
2018,3901447,012536,Newbridge Math & Reading Preparatory Academy,7,2
2018,3901449,012513,Madisonville SMART Elementary,7,1
2018,3901450,012867,Townsend North Community School,7,1
2018,3901451,012529,Focus North High School,7,1
2018,3901453,012026,Constellation Schools: Collinwood Village Academy,7,2
2018,3901454,012627,STEAM Academy of Akron,7,1
2018,3901457,012541,University of Cleveland Preparatory School,7,1
2018,3901463,012501,Beacon Hill Academy,7,1
2018,3901465,012558,Global Village Academy,7,1
2018,3901466,012545,Imagine Woodbury Academy,7,2
2018,3901468,013082,The Haley School,7,2
2018,3901470,013255,Canton College Preparatory School,7,1
2018,3901471,013146,STEAM Academy of Dayton,7,2
2018,3901472,013249,Academy for Urban Scholars Youngstown,7,1
2018,3901473,013170,Hope Academy for Autism,7,1
2018,3901475,013175,SunBridge Schools,7,1
2018,3901478,012951,Columbus Collegiate Academy - West,7,1
2018,3901479,013198,Brookwood Academy,7,1
2018,3901480,013232,A+ Children's Academy,7,1
2018,3901482,013147,STEAM Academy of Warrensville Heights,7,1
2018,3901486,012852,Citizens Academy East,7,1
2018,3901487,013253,Ohio College Preparatory School,7,1
2018,3901488,013173,Imagine Hill Avenue,7,1
2018,3901490,012391,Metro Early College High School,1,1
2018,3901496,013199,Cleveland Preparatory Academy,7,1
2018,3901498,013148,Stepstone Academy,7,1
2018,3901499,013132,Lake Erie College Preparatory School,7,1
2018,3901502,013195,Academy of Educational Excellence,7,1
2018,3901503,013254,Akron Preparatory School,7,1
2018,3901505,013034,Village Preparatory School:: Woodland Hills Campus,7,1
2018,3901508,012924,DECA PREP,7,1
2018,3901510,013226,Life Skills High School of Cleveland,7,2
2018,3901511,014066,Main Preparatory Academy,7,1
2018,3901512,014231,Bio-Med Science Academy STEM School,1,1
2018,3901514,014189,West Park Academy,7,1
2018,3901516,013864,Cincinnati Technology Academy,7,1
2018,3901520,014091,Hope Learning Academy of Toledo,7,1
2018,3901521,014139,Imagine Columbus Primary School,7,1
2018,3901522,013967,Cincinnati Learning Schools,7,2
2018,3901524,014064,Winton Preparatory Academy,7,1
2018,3901526,014187,East Academy,7,1
2018,3901527,014061,Chapelside Cleveland Academy,7,1
2018,3901529,014467,United Preparatory Academy,7,1
2018,3901530,014067,Ohio Construction Academy,7,1
2018,3901533,013892,Franklinton Preparatory Academy,7,1
2018,3901534,014081,Insight School of Ohio,7,2
2018,3901535,013930,Global Impact STEM Academy,1,1
2018,3901536,014149,Dayton SMART Elementary School,7,1
2018,3901539,013994,Albert Einstein Academy for Letters Arts and Sciences-Ohio,7,1
2018,3901543,014065,Lincoln Park Academy,7,1
2018,3901545,014188,Discovery Academy,7,1
2018,3901549,014121,Imagine Leadership Academy,7,1
2018,3901550,014090,Eastland Preparatory Academy,7,1
2018,3901551,013962,Liberty Preparatory School,7,1
2018,3901554,014147,East Preparatory Academy,7,1
2018,3901555,013999,Rise & Shine Academy,7,1
2018,3901556,014063,University Academy,7,1
2018,3901560,014858,REACH Academy,7,1
2018,3901562,014825,Buckeye Preparatory Academy,7,1
2018,3901563,014864,Toledo SMART Elementary School,7,1
2018,3901564,014913,Lakeshore Intergenerational School,7,1
2018,3901565,014943,Valley STEM+ME2 Academy,1,1
2018,3901566,014830,Utica Shale Academy of Ohio,7,1
2018,3901567,014927,Steel Academy,7,1
2018,3901568,014904,T2 Honors Academy,7,1
2018,3901569,015236,Clark Preparatory Academy,7,1
2018,3901570,015261,Citizens Academy Southeast,7,1
2018,3901571,015239,Stonebrook Montessori,7,1
2018,3901574,015237,Flex High School,7,1
2018,3901575,015329,iSTEM Geauga Early College High School,1,1
2018,3901576,015234,Zenith Academy West,7,1
2018,3901577,015344,Tri-State STEM+M Early College High School,1,1
2018,3901581,015722,Village Preparatory School Willard,7,1
2018,3901582,015710,Bridge Gate Community School,7,1
2018,3901583,015741,Westwood Preparatory Academy,7,1
2018,3901584,015713,East Branch Preparatory AcademydbaWright Preparatory Academy,7,1
2018,3901585,015736,iLEAD Spring Meadows,7,1
2018,3901586,015709,Beacon Academy,7,1
2018,3901587,015714,Urban Early College Network,7,1
2018,3901588,015737,Global Ambassadors Language Academy,7,1
2018,3901589,014777,Midwest Regional ESC,4,1
2018,3901590,016850,Southwest Ohio Preparatory School,7,1
2018,3901591,016836,Kids Care Elementary,7,1
2018,3901592,015712,Euclid Preparatory School,7,1
2018,3901593,016858,United Preparatory Academy East,7,1
2018,3901594,016843,Citizens Leadership Academy East,7,1
2018,3901595,016849,Liberty High School,7,1
2018,3901596,016829,South Columbus Preparatory Academy,7,1
2018,3901597,016837,Orchard Park Academy,7,1
2018,3901598,016811,Inspire Charter School - Elementary,7,3
2018,3901599,017233,Great River Connections Academy,7,3
2018,3901600,016812,SMART Academy,7,3
2018,3901601,017212,Academy of Junior Scholars,7,3
2018,3901602,017275,AchievePoint Career Academy - Cincinnati,7,3
2018,3901603,017270,Lorain Bilingual Preparatory Academy,7,3
2018,3901604,017259,Montgomery Preparatory Academy,7,3
2018,3901605,017274,Mount Auburn Preparatory Academy,7,3
2018,3901606,017123,Horizon Science Academy Primary,7,3
2018,3901607,017280,AchievePoint Career Academy - Columbus,7,3
2018,3904348,043489,Akron City,1,1
2018,3904349,043497,Alliance City,1,1
2018,3904350,043505,Ashland City,1,1
2018,3904351,043513,Ashtabula Area City,1,1
2018,3904352,043521,Athens City,1,1
2018,3904353,043539,Barberton City,1,1
2018,3904354,043547,Bay Village City,1,1
2018,3904355,043554,Beachwood City,1,1
2018,3904357,043570,Bellaire Local,1,1
2018,3904358,043588,Bellefontaine City,1,1
2018,3904359,043596,Bellevue City,1,1
2018,3904360,043612,Berea City,1,1
2018,3904361,043604,Belpre City,1,1
2018,3904362,043620,Bexley City,1,1
2018,3904363,043638,Bowling Green City School District,1,1
2018,3904364,043646,Brecksville-Broadview Heights City,1,1
2018,3904365,043653,Brooklyn City,1,1
2018,3904366,043661,Brunswick City,1,1
2018,3904367,043679,Bryan City,1,1
2018,3904368,043687,Bucyrus City,1,1
2018,3904369,043695,Cambridge City,1,1
2018,3904370,043703,Campbell City,1,1
2018,3904371,043711,Canton City,1,1
2018,3904373,043737,Centerville City,1,1
2018,3904374,043745,Chillicothe City,1,1
2018,3904375,043752,Cincinnati Public Schools,1,1
2018,3904376,043760,Circleville City,1,1
2018,3904377,043778,Claymont City,1,1
2018,3904378,043786,Cleveland Municipal,1,1
2018,3904379,043794,Cleveland Heights-University Heights City,1,1
2018,3904380,043802,Columbus City School District,1,1
2018,3904381,043810,Conneaut Area City,1,1
2018,3904382,043828,Coshocton City,1,1
2018,3904383,043836,Cuyahoga Falls City,1,1
2018,3904384,043844,Dayton City,1,1
2018,3904385,043851,Deer Park Community City,1,1
2018,3904386,043869,Defiance City,1,1
2018,3904387,043877,Delaware City,1,1
2018,3904388,043885,Delphos City,1,1
2018,3904389,043893,Dover City,1,1
2018,3904390,043901,East Cleveland City School District,1,1
2018,3904391,043919,East Liverpool City,1,1
2018,3904392,043927,East Palestine City,1,1
2018,3904393,043935,Eaton Community City,1,1
2018,3904394,043943,Elyria City Schools,1,1
2018,3904395,043950,Euclid City,1,1
2018,3904396,043968,Fairborn City,1,1
2018,3904397,043976,Fairview Park City,1,1
2018,3904399,043992,Fostoria City,1,1
2018,3904400,044008,Franklin City,1,1
2018,3904401,044016,Fremont City,1,1
2018,3904402,044024,Galion City,1,1
2018,3904403,044032,Gallipolis City,1,1
2018,3904404,044040,Garfield Heights City Schools,1,1
2018,3904405,044057,Geneva Area City,1,1
2018,3904406,044065,Girard City School District,1,1
2018,3904407,044073,Grandview Heights Schools,1,1
2018,3904408,044081,Winton Woods City,1,1
2018,3904409,044099,Greenville City,1,1
2018,3904410,044107,Hamilton City,1,1
2018,3904411,044115,Heath City,1,1
2018,3904412,044123,Hillsboro City,1,1
2018,3904413,044131,Huron City Schools,1,1
2018,3904414,044149,Ironton City School District,1,1
2018,3904415,044156,Jackson City,1,1
2018,3904416,044164,Kent City,1,1
2018,3904418,044180,Kettering City School District,1,1
2018,3904419,044198,Lakewood City,1,1
2018,3904420,044206,Lancaster City,1,1
2018,3904421,044214,Lebanon City,1,1
2018,3904422,044222,Lima City,1,1
2018,3904423,044230,Lockland Local,1,1
2018,3904424,044248,Logan-Hocking Local,1,1
2018,3904425,044255,London City,1,1
2018,3904426,044263,Lorain City,1,1
2018,3904427,044271,Loveland City,1,1
2018,3904428,044289,Madeira City,1,1
2018,3904429,044297,Mansfield City,1,1
2018,3904430,044305,Maple Heights City,1,1
2018,3904431,044313,Mariemont City,1,1
2018,3904433,044339,Marion City,1,1
2018,3904434,044347,Martins Ferry City,1,1
2018,3904435,044354,Massillon City,1,1
2018,3904436,044362,Maumee City,1,1
2018,3904437,044370,Mayfield City,1,1
2018,3904438,044388,Medina City SD,1,1
2018,3904439,044396,Miamisburg City,1,1
2018,3904440,044404,Middletown City,1,1
2018,3904441,044412,Mt Healthy City,1,1
2018,3904443,044438,Napoleon Area City,1,1
2018,3904444,044446,Nelsonville-York City,1,1
2018,3904445,044453,Newark City,1,1
2018,3904446,044461,New Boston Local,1,1
2018,3904447,044479,New Lexington School District,1,1
2018,3904448,044487,New Philadelphia City,1,1
2018,3904449,044495,Niles City,1,1
2018,3904450,044503,North Canton City,1,1
2018,3904451,044511,North College Hill City,1,1
2018,3904452,044529,North Olmsted City,1,1
2018,3904453,044537,North Ridgeville City,1,1
2018,3904454,044545,North Royalton City,1,1
2018,3904455,044552,Norton City,1,1
2018,3904456,044560,Norwalk City,1,1
2018,3904457,044578,Norwood City,1,1
2018,3904458,044586,Oakwood City,1,1
2018,3904459,044594,Oberlin City Schools,1,1
2018,3904460,044602,Oregon City,1,1
2018,3904461,044610,Orrville City,1,1
2018,3904463,044636,Parma City,1,1
2018,3904464,044644,Piqua City,1,1
2018,3904465,044651,Port Clinton City,1,1
2018,3904467,044677,Princeton City,1,1
2018,3904468,044685,Ravenna City,1,1
2018,3904469,044693,Reading Community City,1,1
2018,3904470,044701,Rocky River City,1,1
2018,3904471,044719,St Bernard-Elmwood Place City,1,1
2018,3904472,044727,St Marys City,1,1
2018,3904474,044743,Sandusky City,1,1
2018,3904475,044750,Shaker Heights City,1,1
2018,3904476,044768,Sheffield-Sheffield Lake City,1,1
2018,3904479,044792,South Euclid-Lyndhurst City,1,1
2018,3904480,044800,South-Western City,1,1
2018,3904481,044818,Springfield City School District,1,1
2018,3904482,044826,Steubenville City,1,1
2018,3904483,044834,Stow-Munroe Falls City School District,1,1
2018,3904484,044842,Strongsville City,1,1
2018,3904485,044859,Struthers City,1,1
2018,3904486,044867,Sycamore Community City,1,1
2018,3904487,044875,Sylvania Schools,1,1
2018,3904488,044883,Tallmadge City,1,1
2018,3904489,044891,Tiffin City,1,1
2018,3904490,044909,Toledo City,1,1
2018,3904491,044917,Toronto City,1,1
2018,3904492,044925,Troy City,1,1
2018,3904493,044933,Upper Arlington City,1,1
2018,3904494,044941,Urbana City,1,1
2018,3904495,044958,Vandalia-Butler City,1,1
2018,3904498,044982,Wapakoneta City,1,1
2018,3904499,044990,Warren City,1,1
2018,3904500,045005,Warrensville Heights City,1,1
2018,3904502,045021,Wellston City,1,1
2018,3904503,045039,Wellsville Local,1,1
2018,3904504,045047,Westerville City,1,1
2018,3904505,045054,West Carrollton City,1,1
2018,3904506,045062,Westlake City,1,1
2018,3904507,045070,Whitehall City,1,1
2018,3904508,045088,Wickliffe City,1,1
2018,3904509,045096,Willard City,1,1
2018,3904510,045104,Willoughby-Eastlake City,1,1
2018,3904511,045112,Wilmington City,1,1
2018,3904513,045138,Worthington City,1,1
2018,3904514,045146,Wyoming City,1,1
2018,3904515,045153,Xenia Community City,1,1
2018,3904516,045161,Youngstown City,1,1
2018,3904517,045179,Zanesville City,1,1
2018,3904518,045187,Ada Exempted Village,1,1
2018,3904519,045195,Amherst Exempted Village,1,1
2018,3904520,045203,Barnesville Exempted Village,1,1
2018,3904521,045211,Bluffton Exempted Village,1,1
2018,3904522,045229,Bradford Exempted Village,1,1
2018,3904523,045237,Bridgeport Exempted Village,1,1
2018,3904524,045245,Harrison Hills City,1,1
2018,3904525,045252,Caldwell Exempted Village,1,1
2018,3904526,045260,Carey Exempted Village Schools,1,1
2018,3904527,045278,Carrollton Exempted Village,1,1
2018,3904528,045286,Chagrin Falls Exempted Village,1,1
2018,3904529,045294,Chesapeake Union Exempted Village,1,1
2018,3904531,045310,Coldwater Exempted Village,1,1
2018,3904532,045328,Columbiana Exempted Village,1,1
2018,3904533,045336,Covington Exempted Village,1,1
2018,3904535,045351,Crooksville Exempted Village,1,1
2018,3904536,045369,Fairport Harbor Exempted Village,1,1
2018,3904537,045377,Georgetown Exempted Village,1,1
2018,3904538,045385,Gibsonburg Exempted Village,1,1
2018,3904539,045393,Granville Exempted Village,1,1
2018,3904540,045401,Greenfield Exempted Village,1,1
2018,3904541,045419,Hicksville Exempted Village,1,1
2018,3904542,045427,Hubbard Exempted Village,1,1
2018,3904543,045435,Indian Hill Exempted Village,1,1
2018,3904545,045450,Lisbon Exempted Village,1,1
2018,3904546,045468,Loudonville-Perrysville Exempted Village,1,1
2018,3904547,045476,Marysville Exempted Village,1,1
2018,3904548,045484,Mechanicsburg Exempted Village,1,1
2018,3904549,045492,Mentor Exempted Village,1,1
2018,3904550,045500,Milford Exempted Village,1,1
2018,3904551,045518,Milton-Union Exempted Village,1,1
2018,3904552,045526,Montpelier Exempted Village,1,1
2018,3904553,045534,Mount Gilead Exempted Village,1,1
2018,3904554,045542,Newcomerstown Exempted Village,1,1
2018,3904555,045559,New Richmond Exempted Village,1,1
2018,3904556,045567,Newton Falls Exempted Village,1,1
2018,3904557,045575,Paulding Exempted Village,1,1
2018,3904558,045583,Perrysburg Exempted Village,1,1
2018,3904560,045609,Rossford Exempted Village,1,1
2018,3904561,045617,Tipp City Exempted Village,1,1
2018,3904563,045633,Versailles Exempted Village,1,1
2018,3904564,045641,Wauseon Exempted Village,1,1
2018,3904565,045658,Wellington Exempted Village,1,1
2018,3904566,045666,Windham Exempted Village,1,1
2018,3904567,045674,Yellow Springs Exempted Village,1,1
2018,3904574,045740,Allen County ESC,4,1
2018,3904575,045757,Allen East Local,1,1
2018,3904576,045765,Bath Local,1,1
2018,3904577,045773,Elida Local,1,1
2018,3904578,045781,Perry Local,1,1
2018,3904579,045799,Shawnee Local,1,1
2018,3904580,045807,Spencerville Local,1,1
2018,3904582,045823,Hillsdale Local,1,1
2018,3904583,045831,Mapleton Local,1,1
2018,3904584,045849,Ashtabula County ESC,4,1
2018,3904585,045856,Buckeye Local,1,1
2018,3904586,045864,Grand Valley Local,1,1
2018,3904587,045872,Jefferson Area Local,1,1
2018,3904588,045880,Pymatuning Valley Local,1,1
2018,3904590,045906,Alexander Local,1,1
2018,3904591,045914,Federal Hocking Local,1,1
2018,3904592,045922,Trimble Local,1,1
2018,3904593,045930,Auglaize County ESC,4,1
2018,3904594,045948,Minster Local,1,1
2018,3904595,045955,New Bremen Local,1,1
2018,3904596,045963,New Knoxville Local,1,1
2018,3904597,045971,Waynesfield-Goshen Local,1,1
2018,3904599,045997,St Clairsville-Richland City,1,1
2018,3904600,046003,Shadyside Local,1,1
2018,3904601,046011,Union Local,1,1
2018,3904602,046029,Brown ESC,4,1
2018,3904603,046037,Eastern Local,1,1
2018,3904604,046045,Fayetteville-Perry Local,1,1
2018,3904606,046060,Western Brown Local,1,1
2018,3904607,046078,Ripley-Union-Lewis-Huntington Local,1,1
2018,3904608,046086,Butler County ESC,4,1
2018,3904609,046094,Edgewood City,1,1
2018,3904610,046102,Fairfield City,1,1
2018,3904611,046110,Lakota Local,1,1
2018,3904612,046128,Madison Local,1,1
2018,3904613,046136,New Miami Local,1,1
2018,3904614,046144,Ross Local,1,1
2018,3904615,046151,Talawanda City,1,1
2018,3904617,046177,Brown Local,1,1
2018,3904619,046193,Graham Local,1,1
2018,3904620,046201,Triad Local,1,1
2018,3904621,046219,West Liberty-Salem Local,1,1
2018,3904622,046227,Clark County ESC,4,1
2018,3904623,046235,Greenon Local,1,1
2018,3904624,046243,Tecumseh Local,1,1
2018,3904625,046250,Northeastern Local,1,1
2018,3904626,046268,Northwestern Local,1,1
2018,3904627,046276,Southeastern Local,1,1
2018,3904628,046284,Clark-Shawnee Local,1,1
2018,3904629,046292,Clermont County ESC,4,1
2018,3904630,046300,Batavia Local,1,1
2018,3904631,046318,Bethel-Tate Local,1,1
2018,3904632,046326,Clermont Northeastern Local,1,1
2018,3904633,046334,Felicity-Franklin Local,1,1
2018,3904634,046342,Goshen Local,1,1
2018,3904635,046359,West Clermont Local,1,1
2018,3904636,046367,Williamsburg Local,1,1
2018,3904637,046375,Southern Ohio ESC,4,1
2018,3904638,046383,Blanchester Local,1,1
2018,3904639,046391,Clinton-Massie Local,1,1
2018,3904640,046409,East Clinton Local,1,1
2018,3904641,046417,Columbiana County ESC,4,1
2018,3904642,046425,Beaver Local,1,1
2018,3904643,046433,Crestview Local,1,1
2018,3904644,046441,Southern Local,1,1
2018,3904645,046458,United Local,1,1
2018,3904647,046474,Ridgewood Local,1,1
2018,3904648,046482,River View Local,1,1
2018,3904650,046508,Buckeye Central Local,1,1
2018,3904651,046516,Colonel Crawford Local,1,1
2018,3904652,046524,Wynford Local,1,1
2018,3904653,046532,ESC of Northeast Ohio,4,1
2018,3904655,046557,Cuyahoga Heights Local,1,1
2018,3904656,046565,Independence Local,1,1
2018,3904657,046573,Olmsted Falls City,1,1
2018,3904659,046599,Richmond Heights Local,1,1
2018,3904660,046607,Solon City,1,1
2018,3904661,046615,Darke County ESC,4,1
2018,3904662,046623,Ansonia Local,1,1
2018,3904663,046631,Arcanum-Butler Local,1,1
2018,3904664,046649,Franklin Monroe Local,1,1
2018,3904667,046672,Mississinawa Valley Local,1,1
2018,3904668,046680,Tri-Village Local,1,1
2018,3904670,046706,Ayersville Local,1,1
2018,3904671,046714,Central Local,1,1
2018,3904672,046722,Northeastern Local,1,1
2018,3904674,046748,Big Walnut Local,1,1
2018,3904675,046755,Buckeye Valley Local,1,1
2018,3904676,046763,Olentangy Local,1,1
2018,3904678,046789,Edison Local (formerly Berlin-Milan),1,1
2018,3904679,046797,Kelleys Island Local,1,1
2018,3904680,046805,Margaretta Local,1,1
2018,3904681,046813,Perkins Local,1,1
2018,3904682,046821,Vermilion Local,1,1
2018,3904683,046839,Fairfield County ESC,4,1
2018,3904684,046847,Amanda-Clearcreek Local,1,1
2018,3904685,046854,Berne Union Local,1,1
2018,3904686,046862,Bloom-Carroll Local,1,1
2018,3904687,046870,Fairfield Union Local,1,1
2018,3904688,046888,Liberty Union-Thurston Local,1,1
2018,3904689,046896,Pickerington Local,1,1
2018,3904690,046904,Walnut Township Local,1,1
2018,3904693,046938,ESC of Central Ohio,4,1
2018,3904694,046946,Canal Winchester Local,1,1
2018,3904695,046953,Hamilton Local,1,1
2018,3904696,046961,Gahanna-Jefferson City,1,1
2018,3904697,046979,Groveport Madison Local,1,1
2018,3904699,046995,New Albany-Plain Local,1,1
2018,3904700,047001,Reynoldsburg City,1,1
2018,3904701,047019,Hilliard City,1,1
2018,3904702,047027,Dublin City,1,1
2018,3904704,047043,Archbold-Area Local,1,1
2018,3904705,047050,Evergreen Local,1,1
2018,3904706,047068,Fayette Local,1,1
2018,3904707,047076,Pettisville Local,1,1
2018,3904708,047084,Pike-Delta-York Local,1,1
2018,3904709,047092,Swanton Local,1,1
2018,3904715,047159,Geauga County Educational Service Center,4,1
2018,3904716,047167,Berkshire Local,1,1
2018,3904717,047175,Cardinal Local,1,1
2018,3904718,047183,Chardon Local,1,1
2018,3904719,047191,Kenston Local,1,1
2018,3904721,047217,Newbury Local,1,1
2018,3904722,047225,West Geauga Local,1,1
2018,3904723,047233,Greene County ESC,4,1
2018,3904724,047241,Beavercreek City,1,1
2018,3904725,047258,Cedar Cliff Local,1,1
2018,3904726,047266,Greeneview Local,1,1
2018,3904727,047274,Bellbrook-Sugarcreek Local,1,1
2018,3904730,047308,Rolling Hills Local,1,1
2018,3904732,047324,Hamilton County ESC,4,1
2018,3904733,047332,Finneytown Local,1,1
2018,3904734,047340,Forest Hills Local,1,1
2018,3904736,047365,Northwest Local,1,1
2018,3904737,047373,Oak Hills Local,1,1
2018,3904738,047381,Southwest Local,1,1
2018,3904739,047399,Three Rivers Local,1,1
2018,3904740,047407,Hancock County ESC,4,1
2018,3904742,047423,Arlington Local,1,1
2018,3904743,047431,Cory-Rawson Local,1,1
2018,3904744,047449,Liberty-Benton Local,1,1
2018,3904745,047456,McComb Local,1,1
2018,3904747,047472,Vanlue Local,1,1
2018,3904749,047498,Hardin Northern Local,1,1
2018,3904750,047506,Ridgemont Local,1,1
2018,3904751,047514,Riverdale Local,1,1
2018,3904752,047522,Upper Scioto Valley Local,1,1
2018,3904754,047548,Conotton Valley Union Local,1,1
2018,3904757,047571,Holgate Local,1,1
2018,3904758,047589,Liberty Center Local,1,1
2018,3904759,047597,Patrick Henry Local,1,1
2018,3904761,047613,Bright Local,1,1
2018,3904762,047621,Fairfield Local,1,1
2018,3904763,047639,Lynchburg-Clay Local,1,1
2018,3904768,047688,East Holmes Local,1,1
2018,3904769,047696,West Holmes Local,1,1
2018,3904771,047712,Monroeville Local,1,1
2018,3904772,047720,New London Local,1,1
2018,3904773,047738,South Central Local,1,1
2018,3904774,047746,Western Reserve Local,1,1
2018,3904776,047761,Oak Hill Union Local,1,1
2018,3904777,047779,Jefferson County ESC,4,1
2018,3904778,047787,Buckeye Local,1,1
2018,3904779,047795,Edison Local,1,1
2018,3904780,047803,Indian Creek Local,1,1
2018,3904781,047811,Knox County ESC,4,1
2018,3904782,047829,Centerburg Local,1,1
2018,3904783,047837,Danville Local,1,1
2018,3904785,047852,Fredericktown Local,1,1
2018,3904786,047860,Lake County ESC,4,1
2018,3904787,047878,Kirtland Local,1,1
2018,3904788,047886,Madison Local,1,1
2018,3904790,047902,Perry Local,1,1
2018,3904791,047910,Lawrence County ESC,4,1
2018,3904792,047928,Dawson-Bryant Local,1,1
2018,3904793,047936,Fairland Local,1,1
2018,3904794,047944,Rock Hill Local,1,1
2018,3904795,047951,South Point Local,1,1
2018,3904796,047969,Symmes Valley Local,1,1
2018,3904797,047977,Licking County ESC,4,1
2018,3904798,047985,Johnstown-Monroe Local,1,1
2018,3904799,047993,Lakewood Local,1,1
2018,3904800,048009,Licking Heights Local,1,1
2018,3904801,048017,Licking Valley Local,1,1
2018,3904802,048025,North Fork Local,1,1
2018,3904803,048033,Northridge Local,1,1
2018,3904804,048041,Southwest Licking Local,1,1
2018,3904807,048074,Benjamin Logan Local,1,1
2018,3904808,048082,Indian Lake Local,1,1
2018,3904809,048090,Riverside Local,1,1
2018,3904810,048108,Lorain County ESC,4,1
2018,3904811,048116,Avon Local,1,1
2018,3904812,048124,Avon Lake City,1,1
2018,3904813,048132,Clearview Local,1,1
2018,3904814,048140,Columbia Local,1,1
2018,3904815,048157,Firelands Local,1,1
2018,3904816,048165,Keystone Local,1,1
2018,3904817,048173,Midview Local,1,1
2018,3904819,048199,ESC of Lake Erie West,4,1
2018,3904820,048207,Anthony Wayne Local,1,1
2018,3904821,048215,Ottawa Hills Local,1,1
2018,3904822,048223,Springfield Local,1,1
2018,3904823,048231,Washington Local,1,1
2018,3904825,048256,Jefferson Local,1,1
2018,3904826,048264,Jonathan Alder Local,1,1
2018,3904827,048272,Madison-Plains Local,1,1
2018,3904828,048280,Mahoning County ESC,4,1
2018,3904829,048298,Austintown Local Schools,1,1
2018,3904830,048306,Boardman Local,1,1
2018,3904831,048314,Canfield Local,1,1
2018,3904832,048322,Jackson-Milton Local,1,1
2018,3904833,048330,Lowellville Local,1,1
2018,3904834,048348,Poland Local,1,1
2018,3904835,048355,Sebring Local,1,1
2018,3904836,048363,South Range Local,1,1
2018,3904837,048371,Springfield Local,1,1
2018,3904838,048389,West Branch Local,1,1
2018,3904839,048397,Western Reserve Local,1,1
2018,3904841,048413,Elgin Local,1,1
2018,3904842,048421,Pleasant Local,1,1
2018,3904843,048439,Ridgedale Local,1,1
2018,3904844,048447,River Valley Local,1,1
2018,3904845,048454,Medina County ESC,4,1
2018,3904846,048462,Black River Local,1,1
2018,3904847,048470,Buckeye Local,1,1
2018,3904848,048488,Cloverleaf Local,1,1
2018,3904849,048496,Highland Local,1,1
2018,3904851,048512,Eastern Local,1,1
2018,3904852,048520,Meigs Local,1,1
2018,3904853,048538,Southern Local,1,1
2018,3904854,048546,Mercer County ESC,4,1
2018,3904857,048579,Parkway Local,1,1
2018,3904858,048587,St Henry Consolidated Local,1,1
2018,3904859,048595,Fort Recovery Local,1,1
2018,3904860,048603,Miami County ESC,4,1
2018,3904861,048611,Bethel Local,1,1
2018,3904862,048629,Miami East Local,1,1
2018,3904863,048637,Newton Local,1,1
2018,3904865,048652,Switzerland of Ohio Local,1,1
2018,3904866,048660,Montgomery County ESC,4,1
2018,3904867,048678,Brookville Local,1,1
2018,3904868,048686,Jefferson Township Local,1,1
2018,3904869,048694,Trotwood-Madison City,1,1
2018,3904870,048702,Mad River Local,1,1
2018,3904871,048710,New Lebanon Local,1,1
2018,3904872,048728,Northmont City,1,1
2018,3904873,048736,Northridge Local,1,1
2018,3904874,048744,Valley View Local,1,1
2018,3904875,048751,Huber Heights City,1,1
2018,3904877,048777,Morgan Local,1,1
2018,3904879,048793,Cardington-Lincoln Local,1,1
2018,3904880,048801,Highland Local,1,1
2018,3904881,048819,Northmor Local,1,1
2018,3904883,048835,East Muskingum Local,1,1
2018,3904884,048843,Franklin Local,1,1
2018,3904885,048850,Maysville Local,1,1
2018,3904887,048876,Tri-Valley Local,1,1
2018,3904888,048884,West Muskingum Local,1,1
2018,3904890,048900,Noble Local,1,1
2018,3904892,048926,Benton Carroll Salem Local,1,1
2018,3904893,048934,Danbury Local,1,1
2018,3904894,048942,Genoa Area Local,1,1
2018,3904895,048959,Middle Bass Local,1,1
2018,3904896,048967,North Bass Local,1,1
2018,3904897,048975,Put-In-Bay Local,1,1
2018,3904899,048991,Antwerp Local,1,1
2018,3904900,049296,Twin Valley Community Local,1,1
2018,3904903,049031,Wayne Trace Local,1,1
2018,3904905,049056,Northern Local,1,1
2018,3904906,049064,Southern Local,1,1
2018,3904907,049072,Pickaway County ESC,4,1
2018,3904908,049080,Logan Elm Local,1,1
2018,3904909,049098,Teays Valley Local,1,1
2018,3904910,049106,Westfall Local,1,1
2018,3904912,049122,Eastern Local School District,1,1
2018,3904913,049130,Scioto Valley Local,1,1
2018,3904914,049148,Waverly City,1,1
2018,3904915,049155,Western Local,1,1
2018,3904917,049171,Aurora City,1,1
2018,3904918,049189,Crestwood Local,1,1
2018,3904919,049197,Field Local,1,1
2018,3904920,049205,James A Garfield Local,1,1
2018,3904921,049213,Rootstown Local,1,1
2018,3904922,049221,Southeast Local,1,1
2018,3904923,049239,Streetsboro City,1,1
2018,3904924,049247,Waterloo Local,1,1
2018,3904925,049254,Preble County ESC,4,1
2018,3904926,091397,Tri-County North Local,1,1
2018,3904927,049270,National Trail Local,1,1
2018,3904928,049288,Preble Shawnee Local,1,1
2018,3904930,049304,Putnam County ESC,4,1
2018,3904931,049312,Columbus Grove Local,1,1
2018,3904932,049320,Continental Local,1,1
2018,3904933,049338,Jennings Local,1,1
2018,3904934,049346,Kalida Local,1,1
2018,3904935,049353,Leipsic Local,1,1
2018,3904936,049361,Miller City-New Cleveland Local,1,1
2018,3904937,049379,Ottawa-Glandorf Local,1,1
2018,3904938,049387,Ottoville Local,1,1
2018,3904939,049395,Pandora-Gilboa Local,1,1
2018,3904941,049411,Clear Fork Valley Local,1,1
2018,3904942,049429,Crestview Local,1,1
2018,3904943,049437,Lexington Local,1,1
2018,3904944,049445,Lucas Local,1,1
2018,3904945,049452,Madison Local,1,1
2018,3904946,049460,Plymouth-Shiloh Local,1,1
2018,3904947,049478,Ontario Local,1,1
2018,3904949,049494,Adena Local,1,1
2018,3904950,049502,Huntington Local,1,1
2018,3904951,049510,Paint Valley Local,1,1
2018,3904952,049528,Southeastern Local,1,1
2018,3904953,049536,Union-Scioto Local,1,1
2018,3904954,049544,Zane Trace Local,1,1
2018,3904956,049569,Lakota Local,1,1
2018,3904957,049577,Woodmore Local,1,1
2018,3904959,049593,Bloom-Vernon Local,1,1
2018,3904961,049619,Green Local,1,1
2018,3904962,049627,Minford Local,1,1
2018,3904963,049635,Northwest Local,1,1
2018,3904964,049643,Valley Local,1,1
2018,3904965,049650,Washington-Nile Local,1,1
2018,3904966,049668,Wheelersburg Local,1,1
2018,3904968,049684,Seneca East Local,1,1
2018,3904970,049700,Hopewell-Loudon Local,1,1
2018,3904971,049718,New Riegel Local,1,1
2018,3904976,049767,Botkins Local,1,1
2018,3904977,049775,Fairlawn Local,1,1
2018,3904978,049783,Fort Loramie Local,1,1
2018,3904979,049791,Hardin-Houston Local,1,1
2018,3904981,049817,Russia Local,1,1
2018,3904982,049825,Stark County ESC,4,1
2018,3904983,049833,Canton Local,1,1
2018,3904984,049841,Fairless Local,1,1
2018,3904985,049858,Jackson Local,1,1
2018,3904986,049866,Lake Local,1,1
2018,3904987,049874,Louisville City,1,1
2018,3904988,049882,Marlington Local,1,1
2018,3904989,049890,Minerva Local,1,1
2018,3904990,049908,Northwest Local,1,1
2018,3904991,049916,Osnaburg Local,1,1
2018,3904992,049924,Perry Local,1,1
2018,3904993,049932,Plain Local,1,1
2018,3904994,049940,Sandy Valley Local,1,1
2018,3904995,049957,Tuslaw Local,1,1
2018,3904996,049965,Summit County ESC,4,1
2018,3904997,049973,Woodridge Local,1,1
2018,3904998,049981,Copley-Fairlawn City,1,1
2018,3904999,049999,Coventry Local,1,1
2018,3905000,050005,Manchester Local,1,1
2018,3905001,050013,Green Local,1,1
2018,3905002,050021,Hudson City,1,1
2018,3905003,050039,Mogadore Local,1,1
2018,3905004,050047,Nordonia Hills City,1,1
2018,3905005,050054,Revere Local,1,1
2018,3905006,050062,Springfield Local,1,1
2018,3905007,050070,Twinsburg City,1,1
2018,3905008,050088,Trumbull County ESC,4,1
2018,3905009,050096,Bloomfield-Mespo Local,1,1
2018,3905011,050112,Bristol Local,1,1
2018,3905012,050120,Brookfield Local,1,1
2018,3905013,050138,Champion Local,1,1
2018,3905015,050153,Mathews Local,1,1
2018,3905016,050161,Howland Local,1,1
2018,3905017,050179,Joseph Badger Local,1,1
2018,3905018,050187,Lakeview Local,1,1
2018,3905019,050195,Liberty Local,1,1
2018,3905020,050203,Lordstown Local,1,1
2018,3905021,050211,Maplewood Local,1,1
2018,3905022,050229,McDonald Local,1,1
2018,3905023,050237,Southington Local,1,1
2018,3905024,050245,LaBrae Local,1,1
2018,3905025,050252,Weathersfield Local,1,1
2018,3905026,050260,East Central Ohio ESC,4,1
2018,3905027,050278,Garaway Local,1,1
2018,3905028,050286,Indian Valley Local,1,1
2018,3905029,050294,Strasburg-Franklin Local,1,1
2018,3905030,050302,Tuscarawas Valley Local,1,1
2018,3905032,050328,Fairbanks Local,1,1
2018,3905033,050336,North Union Local School District,1,1
2018,3905035,050351,Crestview Local,1,1
2018,3905039,050393,Vinton County Local,1,1
2018,3905040,050401,Warren County ESC,4,1
2018,3905041,050419,Carlisle Local,1,1
2018,3905042,050427,Springboro Community City,1,1
2018,3905043,050435,Kings Local,1,1
2018,3905044,050443,Little Miami Local,1,1
2018,3905045,050450,Mason City,1,1
2018,3905046,050468,Wayne Local,1,1
2018,3905048,050484,Fort Frye Local,1,1
2018,3905049,050492,Frontier Local,1,1
2018,3905051,050518,Wolf Creek Local,1,1
2018,3905052,050526,Tri-County ESC,4,1
2018,3905053,050534,Chippewa Local,1,1
2018,3905054,050542,Dalton Local,1,1
2018,3905055,050559,Green Local,1,1
2018,3905056,050567,Norwayne Local,1,1
2018,3905058,050583,Southeast Local,1,1
2018,3905059,050591,Triway Local,1,1
2018,3905061,050617,Edgerton Local,1,1
2018,3905062,050625,Edon Northwest Local,1,1
2018,3905063,050633,Millcreek-West Unity Local,1,1
2018,3905064,050641,North Central Local,1,1
2018,3905065,050658,Stryker Local,1,1
2018,3905066,050666,Wood County ESC,4,1
2018,3905067,050674,Eastwood Local,1,1
2018,3905068,050682,Elmwood Local,1,1
2018,3905069,050690,Lake Local,1,1
2018,3905070,050708,North Baltimore Local,1,1
2018,3905071,050716,Northwood Local Schools,1,1
2018,3905072,050724,Otsego Local,1,1
2018,3905074,050740,Mohawk Local,1,1
2018,3905077,050773,Apollo,4,1
2018,3905079,050799,Southern Hills,4,1
2018,3905081,050815,Ashtabula County Technical and Career Center,4,1
2018,3905085,050856,Belmont-Harrison,4,1
2018,3905088,050880,Butler Technology & Career Development Schools,4,1
2018,3905090,050906,Columbiana County,4,1
2018,3905092,050922,Cuyahoga Valley Career Center,4,1
2018,3905094,050948,Polaris,4,1
2018,3905096,050963,Four County Career Center,4,1
2018,3905098,050989,Delaware Area Career Center,4,1
2018,3905100,051003,Eastland-Fairfield Career/Tech,4,1
2018,3905102,051029,EHOVE Career Center,4,1
2018,3905104,051045,Greene County Vocational School District,4,1
2018,3905106,051060,Great Oaks Career Campuses,4,1
2018,3905112,051128,Jefferson County,4,1
2018,3905114,051144,Knox County JVSD,4,1
2018,3905116,051169,Auburn,4,1
2018,3905118,051185,Lawrence County,4,1
2018,3905120,051201,Career and Technology Educational Centers,4,1
2018,3905122,051227,Lorain County JVS,4,1
2018,3905124,051243,Mahoning Co Career & Tech Ctr,4,1
2018,3905128,051284,Miami Valley Career Tech,4,1
2018,3905130,051300,Mid-East Career and Technology Centers,4,1
2018,3905133,051334,Ohio Hi-Point Career Center,4,1
2018,3905135,051359,Penta Career Center - District,4,1
2018,3905137,051375,Pike County Area,4,1
2018,3905139,051391,Maplewood Career Center,4,1
2018,3905141,051417,Pioneer Career & Technology,4,1
2018,3905143,051433,Pickaway-Ross County JVSD,4,1
2018,3905145,051458,Vanguard-Sentinel Career & Technology Centers,4,1
2018,3905147,051474,Warren County Vocational School,4,1
2018,3905149,051490,Scioto County Career Technical Center,4,1
2018,3905153,051532,Springfield-Clark County,4,1
2018,3905160,051607,Tri-County Career Center,4,1
2018,3905163,051631,Trumbull Career & Tech Ctr,4,1
2018,3905165,051656,Buckeye,4,1
2018,3905167,051672,Vantage Career Center,4,1
2018,3905169,051698,Washington County Career Center,4,1
2018,3905171,051714,Wayne County JVSD,4,1
2018,3906190,061903,Adams County Ohio Valley Local,1,1
2018,3906202,062026,Stark County Area,4,1
2018,3906204,062042,Ashland County-West Holmes,4,1
2018,3906206,062067,Gallia-Jackson-Vinton,4,1
2018,3906210,062109,Medina County Joint Vocational School District,4,1
2018,3906212,062125,Upper Valley Career Center,4,1
2018,3906280,062802,U S Grant,4,1
2018,3906349,063495,Portage Lakes,4,1
2018,3906351,063511,Tolles Career & Technical Center,4,1
2018,3906496,064964,College Corner Local,1,1
2018,3906522,065227,Coshocton County,4,1
2018,3906526,065268,Tri-Rivers,4,1
2018,3906568,065680,Gallia County Local,1,1
2018,3906968,069682,East Guernsey Local,1,1
2018,3910000,043984,Findlay City,1,1
2018,3910001,047464,Van Buren Local,1,1
2018,3910002,047415,Arcadia Local,1,1
2018,3910003,044784,Sidney City,1,1
2018,3910004,049759,Anna Local,1,1
2018,3910005,049809,Jackson Center Local,1,1
2018,3910006,044735,Salem City,1,1
2018,3910007,045443,Leetonia Exempted Village,1,1
2018,3910008,045344,Crestline Exempted Village,1,1
2018,3910009,044776,Shelby City,1,1
2018,3910010,046920,Miami Trace Local,1,1
2018,3910011,045013,Washington Court House City,1,1
2018,3910012,044420,Mount Vernon City,1,1
2018,3910013,047845,East Knox Local,1,1
2018,3910014,047894,Riverside Local,1,1
2018,3910015,044628,Painesville City Local,1,1
2018,3910016,046581,Orange City,1,1
2018,3910017,043562,Bedford City,1,1
2018,3910018,050500,Warren Local,1,1
2018,3910019,044321,Marietta City,1,1
2018,3910020,045302,Clyde-Green Springs Exempted Village,1,1
2018,3910021,049726,Old Fort Local,1,1
2018,3910022,050369,Lincolnview Local,1,1
2018,3910023,044966,Van Wert City,1,1
2018,3910024,045625,Upper Sandusky Exempted Village,1,1
2018,3910025,044172,Kenton City,1,1
2018,3910026,049601,Clay Local,1,1
2018,3910027,044669,Portsmouth City,1,1
2018,3910028,045591,Rittman Exempted Village,1,1
2018,3910029,044974,Wadsworth City,1,1
2018,3910030,043729,Celina City,1,1
2018,3910031,048553,Marion Local,1,1
2018,3910032,045120,Wooster City,1,1
2018,3910033,050575,Northwestern Local,1,1
2019,3900001,071530,Ohio School For The Deaf,5,1
2019,3900002,071548,Ohio School For The Blind,5,1
2019,3900008,125252,Muskingum Valley ESC,4,1
2019,3900009,125658,South Central Ohio ESC,4,1
2019,3900012,125682,Gallia-Vinton ESC,4,1
2019,3900013,125690,North Point Educational Service Center,4,1
2019,3900014,123281,Ohio Valley ESC,4,1
2019,3900015,124297,Northwest Ohio Educational Service Center,4,1
2019,3900017,134072,Youngstown Community School,7,1
2019,3900019,134098,Constellation Schools: Old Brooklyn Community Elementary,7,1
2019,3900022,134122,Autism Model School,7,1
2019,3900023,134148,Aurora Academy,7,2
2019,3900025,134197,Green Inspiration Academy,7,1
2019,3900027,134213,Middlebury Academy,7,1
2019,3900029,134247,City Day Community School,7,1
2019,3900031,133512,Cincinnati College Preparatory Academy,7,1
2019,3900032,133520,Citizens Academy,7,1
2019,3900033,133538,Edge Academy The,7,1
2019,3900036,133561,Millennium Community School,7,1
2019,3900038,133587,Summit Academy Akron Elementary School,7,1
2019,3900040,133629,Horizon Science Acad Cleveland,7,1
2019,3900042,133660,Horizon Science Academy Columbus,7,1
2019,3900043,133678,Riverside Academy,7,1
2019,3900047,133736,Richard Allen Academy,7,1
2019,3900052,133835,Invictus High School,7,1
2019,3900053,133868,Towpath Trail High School,7,1
2019,3900056,133942,Toledo School For The Arts,7,1
2019,3900063,123257,North Central Ohio ESC,4,1
2019,3900064,123521,Mid-Ohio ESC,4,1
2019,3900065,133215,Intergenerational School The,7,1
2019,3900068,133256,Constellation Schools: Parma Community,7,1
2019,3900071,133306,Summit Academy Community School for Alternative Learn-Canton,7,1
2019,3900072,133330,T.C.P. World Academy,7,1
2019,3900073,133348,Richard Allen Preparatory,7,1
2019,3900077,133389,Lighthouse Community Sch Inc,7,1
2019,3900080,133421,Graham School The,7,1
2019,3900081,133439,Cornerstone Academy Community School,7,1
2019,3900083,133454,Dayton Leadership Academies-Dayton View Campus,7,1
2019,3900084,133488,River Gate High School,7,1
2019,3900086,133785,Queen City Career Prep High School,7,1
2019,3900090,134999,Western Buckeye ESC,4,1
2019,3900091,135145,Athens-Meigs ESC,4,1
2019,3900092,137364,Madison-Champaign ESC,4,1
2019,3900093,138222,Ross-Pike ESC,4,1
2019,3900094,139303,Monroe Local,1,1
2019,3900096,132746,Summit Acdy Comm Schl for Alternative Learners of Middletown,7,1
2019,3900097,132761,Summit Academy Community School Alternative Learners -Xenia,7,1
2019,3900098,132779,Summit Academy Akron Middle School,7,1
2019,3900100,132795,Cliff Park High School,7,1
2019,3900101,132803,Marshall High School,7,1
2019,3900102,132951,Constellation Schools: Lorain Community Elementary,7,1
2019,3900103,132969,Constellation Schools: Elyria Community,7,1
2019,3900104,132985,YB Columbus Community School,7,1
2019,3900105,132993,Constellation Schools: Westpark Community Elementary,7,1
2019,3900106,133264,Dohn Community,7,1
2019,3900107,133280,Washington Park Community School,7,1
2019,3900109,133322,Summit Academy Community School Alternative Learners-Lorain,7,1
2019,3900113,133504,Phoenix Community Learning Ctr,7,1
2019,3900117,143297,The Autism Academy Of Learning,7,1
2019,3900118,143305,TRECA Digital Academy,7,1
2019,3900119,143313,West Preparatory Academy,7,1
2019,3900121,143602,Hamilton Cnty Math & Science,7,1
2019,3900123,143644,Sciotoville,7,1
2019,3900127,000131,Glass City Academy,7,1
2019,3900129,000138,Pathway School of Discovery,7,1
2019,3900130,000139,Alliance Academy of Cincinnati,7,1
2019,3900138,000222,Wildwood Environmental Academy,7,1
2019,3900145,148981,Tomorrow Center,7,1
2019,3900146,148999,Mahoning Unlimited Classroom,7,1
2019,3900151,149047,Goal Digital Academy,7,1
2019,3900155,149088,Fairborn Digital Academy,7,1
2019,3900175,142901,Stark High School,7,1
2019,3900176,142919,Black River Career Prep High School,7,1
2019,3900177,142927,Focus Learning Academy of Southwest Columbus,7,1
2019,3900178,142935,Focus Learning Academy of Southeastern Columbus,7,1
2019,3900179,142943,Focus Learning Academy of Northern Columbus,7,1
2019,3900180,142950,Ohio Virtual Academy,7,1
2019,3900181,142968,Hope Academy Northcoast,7,1
2019,3900185,143123,Mound Street Academies,7,1
2019,3900190,143172,International Acad Of Columbus,7,1
2019,3900192,143198,Great Western Academy,7,1
2019,3900193,143206,Trotwood Preparatory & Fitness Academy,7,1
2019,3900194,143214,Middletown Preparatory & Fitness Academy,7,1
2019,3900203,143396,Alternative Education Academy,7,1
2019,3900211,143479,Constellation Schools: Puritas Community Elementary,7,1
2019,3900212,143487,Constellation Schools: Stockyard Community Elementary,7,1
2019,3900216,143529,North Dayton School Of Science & Discovery,7,1
2019,3900223,143610,Arts & College Preparatory Academy,7,1
2019,3900228,148932,Franklin Local Community School,7,2
2019,3900231,149302,Skyway Career Prep High School,7,1
2019,3900233,149328,Foxfire High School,7,1
2019,3900237,060988,Buckeye United School District,5,1
2019,3900238,065201,Ohio Central School System,5,1
2019,3900241,132944,Miami Valley Academies,7,1
2019,3900250,000236,Ohio Connections Academy Inc,7,1
2019,3900252,000241,Quaker Digital Academy,7,1
2019,3900259,149427,Massillon Digital Academy Inc,7,2
2019,3900263,151035,Pleasant Community Digital,7,2
2019,3900276,151175,West Central Learning Academy II,7,1
2019,3900277,151183,Lake Erie International High School,7,1
2019,3900279,151209,Randall Park High School,7,1
2019,3900285,000525,Canton Harbor High School,7,1
2019,3900286,000527,Cleveland Academy for Scholarship Technology and Leadership,7,1
2019,3900291,000534,Constellation Schools: Puritas Community Middle,7,1
2019,3900299,000543,Pinnacle Academy,7,1
2019,3900302,000546,Winterfield Venture Academy,7,1
2019,3900304,000553,Columbus Humanities Arts and Technology Academy,7,1
2019,3900305,000556,A+ Arts Academy,7,1
2019,3900306,000557,Columbus Arts & Technology Academy,7,1
2019,3900307,000558,Columbus Preparatory Academy,7,1
2019,3900308,000559,Orion Academy,7,1
2019,3900309,000560,Apex Academy,7,1
2019,3900313,000575,Hope Academy Northwest Campus,7,1
2019,3900314,000576,The Dream Academy Community School,7,1
2019,3900315,000577,Emerson Academy,7,1
2019,3900331,000598,Coshocton Opportunity School,7,1
2019,3900337,000608,Summit Academy Transition High School-Cincinnati,7,1
2019,3900338,000609,Summit Academy School - Lorain,7,1
2019,3900339,000610,Summit Academy Middle School - Columbus,7,1
2019,3900341,000613,Heir Force Community School,7,1
2019,3900342,000614,Summit Academy Transition High School-Columbus,7,1
2019,3900344,000616,Summit Academy Alternative LearnersWarren Middle & Secondary,7,1
2019,3900348,000621,Summit Academy Transition High School Dayton,7,1
2019,3900350,000623,Summit Academy-Youngstown,7,1
2019,3900356,000629,Summit Academy Community School - Painesville,7,1
2019,3900361,000634,Summit Academy Secondary School - Middletown,7,1
2019,3900366,000640,Rittman Academy,7,1
2019,3900381,000664,Capital City Career Prep High School,7,1
2019,3900382,000677,Paul D. White School of Excellence,7,2
2019,3900383,000679,Oakstone Community School,7,1
2019,3900385,147231,Schnee Learning Center,7,1
2019,3900396,000725,Zenith Academy,7,1
2019,3900399,000736,Wings Academy 1,7,1
2019,3900400,000738,Wings Academy 2,7,2
2019,3900428,000770,Maritime Academy of Toledo The,7,1
2019,3900434,000779,Educational Academy for Boys & Girls,7,1
2019,3900435,000780,Midnimo Cross Cultural Community School,7,1
2019,3900441,000804,Horizon Science Academy-Cincinnati,7,1
2019,3900444,000808,Horizon Science Academy-Dayton,7,1
2019,3900448,000813,Gem City Career Prep High School,7,1
2019,3900451,000825,Horizon Science Academy-Springfield,7,1
2019,3900454,000838,Horizon Science Academy-Denison Middle School,7,1
2019,3900457,000843,Bennett Venture Academy,7,1
2019,3900467,000855,Stambaugh Charter Academy,7,1
2019,3900470,000858,Horizon Science Academy-Cleveland Middle School,7,1
2019,3900474,000875,Westside Academy,7,1
2019,3900478,000905,Interactive Media & Construction (IMAC),7,1
2019,3900488,000282,Greater Ohio Virtual School,7,1
2019,3900490,000288,Auglaize County Educational Academy,7,1
2019,3900492,000296,Summit Academy Community School-Columbus,7,1
2019,3900493,000297,Summit Academy Community School - Dayton,7,1
2019,3900494,000298,Summit Academy Secondary - Akron,7,1
2019,3900495,000300,Summit Academy Secondary - Canton,7,1
2019,3900496,000301,Summit Academy - Toledo,7,1
2019,3900497,000302,Summit Academy Community School-Parma,7,1
2019,3900498,000303,Summit Academy Secondary - Youngstown,7,1
2019,3900500,000305,Summit Academy Community School-Warren,7,1
2019,3900501,000306,Summit Academy Community School - Cincinnati,7,1
2019,3900502,000311,Bridges Community Academy,7,1
2019,3900503,000316,Constellation Schools: Westpark Community Middle,7,1
2019,3900505,000318,Menlo Park Academy,7,1
2019,3900506,000319,Constellation Schools: Madison Community Elementary,7,1
2019,3900507,000320,Constellation Schools: Lorain Community Middle,7,1
2019,3900508,000321,Constellation Schools: Old Brooklyn Community Middle,7,1
2019,3900510,000338,Horizon Science Academy Toledo,7,1
2019,3900528,000402,Findlay Digital Academy,7,1
2019,3900530,000417,Buckeye On-Line School for Success,7,1
2019,3900537,000442,Manchester Local,1,1
2019,3900550,000509,Whitehall Preparatory and Fitness Academy,7,1
2019,3900551,000510,Springfield Preparatory and Fitness Academy,7,1
2019,3900552,000511,Northland Preparatory and Fitness Academy,7,1
2019,3900557,000930,Cleveland Entrepreneurship Preparatory School,7,2
2019,3900562,000936,Promise Academy,7,1
2019,3900564,000938,East Bridge Academy of Excellence,7,1
2019,3900567,000941,Par Excellence Academy,7,1
2019,3900568,000942,Lakewood City Academy,7,2
2019,3900573,000951,Toledo Preparatory and Fitness Academy,7,1
2019,3900574,000952,Columbus Preparatory and Fitness Academy,7,1
2019,3900575,000953,Mt. Healthy Preparatory and Fitness Academy,7,1
2019,3900580,007984,Youngstown Academy of Excellence,7,1
2019,3900584,007995,Cleveland Arts and Social Sciences Academy,7,1
2019,3900586,007999,Charles School at Ohio Dominican University,7,1
2019,3900587,008000,Lorain Preparatory Academy,7,1
2019,3900593,008063,Cascade Career Prep High School,7,1
2019,3900594,008064,Monroe Preparatory Academy,7,1
2019,3900638,000912,Early College Academy,7,1
2019,3900640,008287,Groveport Community School,7,1
2019,3900641,008286,Harvard Avenue Performance Academy,7,1
2019,3900642,008283,Dayton Business Technology High School,7,1
2019,3900643,008282,North Woods Career Prep High School,7,1
2019,3900644,008281,South Scioto Academy,7,1
2019,3900645,008280,Noble Academy-Columbus,7,1
2019,3900646,008278,Noble Academy-Cleveland,7,1
2019,3900647,008289,Eagle Learning Center,7,1
2019,3901296,009181,Clay Avenue Community School,7,1
2019,3901298,009171,Star Academy of Toledo,7,6
2019,3901301,009192,Foundation Academy,7,1
2019,3901302,009283,Dayton Early College Academy Inc,7,1
2019,3901305,009122,Columbus Collegiate Academy,7,1
2019,3901313,009164,Central Academy of Ohio,7,1
2019,3901314,009148,Zanesville Community School,7,1
2019,3901322,009179,Horizon Science Academy Columbus Middle School,7,1
2019,3901326,009149,Constellation Schools: Westside Community School of the Arts,7,1
2019,3901329,009996,Mahoning County High School,7,1
2019,3901330,009997,KIPP Columbus,7,1
2019,3901335,010036,Cesar Chavez College Preparatory School,7,1
2019,3901337,010182,Performance Academy Eastland,7,1
2019,3901339,010205,L. Hollingworth School for Talented and Gifted,7,1
2019,3901344,009953,Sullivant Avenue Community School,7,1
2019,3901345,009954,Harrisburg Pike Community School,7,1
2019,3901346,009955,Madison Avenue School of Arts,7,1
2019,3901347,009957,Klepinger Community School,7,1
2019,3901350,009971,Ashland County Community Academy,7,1
2019,3901353,009990,Horizon Science Academy Elementary School,7,1
2019,3901354,011439,Renaissance Academy,7,1
2019,3901362,011507,Achieve Career Preparatory Academy,7,1
2019,3901363,011511,Lakeland Academy Community School,7,1
2019,3901365,011533,Horizon Science Academy Lorain,7,1
2019,3901366,011534,Horizon Science Academy Dayton High School,7,1
2019,3901368,011291,Village Preparatory School Cliffs,7,1
2019,3901369,011381,Greater Summit County Early Learning Center,7,1
2019,3901370,011390,Bella Academy of Excellence,7,1
2019,3901374,011506,Dayton Regional STEM School,1,1
2019,3901375,011468,Columbus Bilingual Academy-North,7,1
2019,3901376,011923,Northeast Ohio College Preparatory School,7,1
2019,3901377,011947,Imagine Akron Academy,7,1
2019,3901378,011956,Everest High School,7,1
2019,3901381,011967,The Richland School of Academic Arts,7,1
2019,3901382,011972,Graham Elementary and Middle School,7,1
2019,3901383,011976,Horizon Science Academy Dayton Downtown,7,1
2019,3901389,011986,Horizon Science Academy Youngstown,7,1
2019,3901396,012009,Zenith Academy East,7,1
2019,3901397,012010,Cleveland College Preparatory School,7,1
2019,3901398,012011,Columbus Performance Academy,7,1
2019,3901403,012025,Constellation Schools: Stockyard Community Middle,7,1
2019,3901405,012030,Near West Intergenerational School,7,1
2019,3901406,012031,Entrepreneurship School - Woodland Hills Campus,7,2
2019,3901407,012033,Foxfire Intermediate School,7,1
2019,3901409,012036,Regent High School,7,1
2019,3901410,012037,Mason Run High School,7,1
2019,3901411,012038,Old Brook High School,7,1
2019,3901412,012040,Road to Success Academy,7,1
2019,3901413,012041,Central High School,7,1
2019,3901414,012042,George V. Voinovich High School,7,6
2019,3901415,012043,Frederick Douglass High School,7,1
2019,3901416,012044,Capital High School,7,1
2019,3901417,012045,Patriot Preparatory Academy,7,1
2019,3901420,012054,North Central Academy,7,1
2019,3901427,012105,Southside Academy,7,1
2019,3901428,012060,Akros Middle School,7,1
2019,3901429,011324,Hardin Community School,7,1
2019,3901430,012684,Broadway Academy,7,1
2019,3901432,012671,Constellation Schools: Eastside Arts Academy,7,1
2019,3901433,012528,The Academy for Urban Scholars,7,1
2019,3901434,012644,STEAM Academy of Warren,7,1
2019,3901444,012029,Citizens Leadership Academy,7,1
2019,3901449,012513,Madisonville SMART Elementary,7,2
2019,3901450,012867,Townsend North Community School,7,1
2019,3901451,012529,Focus North High School,7,1
2019,3901454,012627,STEAM Academy of Akron,7,1
2019,3901457,012541,University of Cleveland Preparatory School,7,1
2019,3901463,012501,Beacon Hill Academy,7,1
2019,3901465,012558,Global Village Academy,7,1
2019,3901470,013255,Canton College Preparatory School,7,1
2019,3901472,013249,Academy for Urban Scholars Youngstown,7,1
2019,3901473,013170,Hope Academy for Autism,7,1
2019,3901475,013175,SunBridge Schools,7,1
2019,3901478,012951,Columbus Collegiate Academy - West,7,1
2019,3901479,013198,Brookwood Academy,7,2
2019,3901480,013232,A+ Children's Academy,7,1
2019,3901482,013147,STEAM Academy of Warrensville Heights,7,1
2019,3901486,012852,Citizens Academy East,7,1
2019,3901487,013253,Ohio College Preparatory School,7,1
2019,3901488,013173,Imagine Hill Avenue,7,1
2019,3901490,012391,Metro Early College High School,1,1
2019,3901496,013199,Cleveland Preparatory Academy,7,1
2019,3901498,013148,Stepstone Academy,7,1
2019,3901499,013132,Lake Erie College Preparatory School,7,1
2019,3901502,013195,Academy of Educational Excellence,7,1
2019,3901503,013254,Akron Preparatory School,7,1
2019,3901505,013034,Village Preparatory School Woodland Hills,7,1
2019,3901508,012924,DECA PREP,7,1
2019,3901511,014066,Main Preparatory Academy,7,1
2019,3901512,014231,Bio-Med Science Academy STEM School,1,1
2019,3901514,014189,West Park Academy,7,1
2019,3901516,013864,Cincinnati Technology Academy,7,1
2019,3901520,014091,Hope Learning Academy of Toledo,7,1
2019,3901521,014139,Imagine Columbus Primary School,7,1
2019,3901524,014064,Winton Preparatory Academy,7,1
2019,3901526,014187,East Academy,7,1
2019,3901527,014061,Chapelside Cleveland Academy,7,1
2019,3901529,014467,United Preparatory Academy,7,1
2019,3901530,014067,Ohio Construction Academy,7,1
2019,3901533,013892,Franklinton Preparatory Academy,7,1
2019,3901535,013930,Global Impact STEM Academy,1,1
2019,3901536,014149,Dayton SMART Elementary School,7,1
2019,3901539,013994,Albert Einstein Academy for Letters Arts and Sciences-Ohio,7,1
2019,3901543,014065,Lincoln Park Academy,7,1
2019,3901545,014188,Discovery Academy,7,1
2019,3901549,014121,Imagine Leadership Academy,7,1
2019,3901550,014090,Eastland Preparatory Academy,7,1
2019,3901551,013962,Liberty Preparatory School,7,1
2019,3901554,014147,East Preparatory Academy,7,1
2019,3901555,013999,Rise & Shine Academy,7,1
2019,3901556,014063,University Academy,7,1
2019,3901560,014858,REACH Academy,7,2
2019,3901562,014825,Buckeye Preparatory Academy,7,2
2019,3901563,014864,Toledo SMART Elementary School,7,2
2019,3901564,014913,Lakeshore Intergenerational School,7,1
2019,3901565,014943,Valley STEM+ME2 Academy,1,1
2019,3901566,014830,Utica Shale Academy of Ohio,7,1
2019,3901567,014927,Steel Academy,7,1
2019,3901568,014904,T2 Honors Academy,7,1
2019,3901569,015236,Clark Preparatory Academy,7,2
2019,3901570,015261,Citizens Academy Southeast,7,1
2019,3901571,015239,Stonebrook Montessori,7,1
2019,3901574,015237,Flex High School,7,1
2019,3901575,015329,iSTEM Geauga Early College High School,1,1
2019,3901576,015234,Zenith Academy West,7,1
2019,3901577,015344,Tri-State STEM+M Early College High School,1,1
2019,3901581,015722,Village Preparatory School Willard,7,1
2019,3901582,015710,Bridge Gate Community School,7,1
2019,3901583,015741,Westwood Preparatory Academy,7,1
2019,3901584,015713,East Branch Preparatory AcademydbaWright Preparatory Academy,7,1
2019,3901585,015736,iLEAD Spring Meadows,7,1
2019,3901586,015709,Beacon Academy,7,1
2019,3901587,015714,Urban Early College Network,7,1
2019,3901588,015737,Global Ambassadors Language Academy,7,1
2019,3901589,014777,Midwest Regional ESC,4,1
2019,3901590,016850,Southwest Ohio Preparatory School,7,1
2019,3901591,016836,Kids Care Elementary,7,1
2019,3901592,015712,Euclid Preparatory School,7,1
2019,3901593,016858,United Preparatory Academy East,7,1
2019,3901594,016843,Citizens Leadership Academy East,7,1
2019,3901595,016849,Liberty High School,7,1
2019,3901596,016829,South Columbus Preparatory Academy,7,1
2019,3901597,016837,Orchard Park Academy,7,1
2019,3901598,016811,Inspire Charter School - Elementary,7,1
2019,3901599,017233,Great River Connections Academy,7,1
2019,3901600,016812,SMART Academy,7,1
2019,3901601,017212,Academy of Junior Scholars,7,1
2019,3901602,017275,AchievePoint Career Academy - Cincinnati,7,1
2019,3901603,017270,Lorain Bilingual Preparatory Academy,7,1
2019,3901604,017259,Montgomery Preparatory Academy,7,1
2019,3901605,017274,Mount Auburn Preparatory Academy,7,1
2019,3901606,017123,Horizon Science Academy Primary,7,1
2019,3901607,017280,AchievePoint Career Academy - Columbus,7,2
2019,3901608,017536,Kenmore Preparatory Academy dba Toledo Preparatory Academy,7,3
2019,3901609,017585,Marion Preparatory Academy,7,3
2019,3901610,017537,Capital Collegiate Preparatory Academy,7,3
2019,3901611,017538,North Columbus Preparatory Academy,7,3
2019,3901612,017535,Huber Heights Preparatory Academy dba Parma Academy,7,3
2019,3901613,017498,Northwest Ohio Classical Academy,7,3
2019,3901614,017490,ReGeneration Bond Hill,7,3
2019,3901615,017643,Ohio Digital Learning School,7,3
2019,3901616,017599,Urban Male Tech Academy,7,3
2019,3901617,017497,Cypress High School,7,3
2019,3904348,043489,Akron City,1,1
2019,3904349,043497,Alliance City,1,1
2019,3904350,043505,Ashland City,1,1
2019,3904351,043513,Ashtabula Area City,1,1
2019,3904352,043521,Athens City,1,1
2019,3904353,043539,Barberton City,1,1
2019,3904354,043547,Bay Village City,1,1
2019,3904355,043554,Beachwood City,1,1
2019,3904357,043570,Bellaire Local,1,1
2019,3904358,043588,Bellefontaine City,1,1
2019,3904359,043596,Bellevue City,1,1
2019,3904360,043612,Berea City,1,1
2019,3904361,043604,Belpre City,1,1
2019,3904362,043620,Bexley City,1,1
2019,3904363,043638,Bowling Green City School District,1,1
2019,3904364,043646,Brecksville-Broadview Heights City,1,1
2019,3904365,043653,Brooklyn City,1,1
2019,3904366,043661,Brunswick City,1,1
2019,3904367,043679,Bryan City,1,1
2019,3904368,043687,Bucyrus City,1,1
2019,3904369,043695,Cambridge City,1,1
2019,3904370,043703,Campbell City,1,1
2019,3904371,043711,Canton City,1,1
2019,3904373,043737,Centerville City,1,1
2019,3904374,043745,Chillicothe City,1,1
2019,3904375,043752,Cincinnati Public Schools,1,1
2019,3904376,043760,Circleville City,1,1
2019,3904377,043778,Claymont City,1,1
2019,3904378,043786,Cleveland Municipal,1,1
2019,3904379,043794,Cleveland Heights-University Heights City,1,1
2019,3904380,043802,Columbus City School District,1,1
2019,3904381,043810,Conneaut Area City,1,1
2019,3904382,043828,Coshocton City,1,1
2019,3904383,043836,Cuyahoga Falls City,1,1
2019,3904384,043844,Dayton City,1,1
2019,3904385,043851,Deer Park Community City,1,1
2019,3904386,043869,Defiance City,1,1
2019,3904387,043877,Delaware City,1,1
2019,3904388,043885,Delphos City,1,1
2019,3904389,043893,Dover City,1,1
2019,3904390,043901,East Cleveland City School District,1,1
2019,3904391,043919,East Liverpool City,1,1
2019,3904392,043927,East Palestine City,1,1
2019,3904393,043935,Eaton Community City,1,1
2019,3904394,043943,Elyria City Schools,1,1
2019,3904395,043950,Euclid City,1,1
2019,3904396,043968,Fairborn City,1,1
2019,3904397,043976,Fairview Park City,1,1
2019,3904399,043992,Fostoria City,1,1
2019,3904400,044008,Franklin City,1,1
2019,3904401,044016,Fremont City,1,1
2019,3904402,044024,Galion City,1,1
2019,3904403,044032,Gallipolis City,1,1
2019,3904404,044040,Garfield Heights City Schools,1,1
2019,3904405,044057,Geneva Area City,1,1
2019,3904406,044065,Girard City School District,1,1
2019,3904407,044073,Grandview Heights Schools,1,1
2019,3904408,044081,Winton Woods City,1,1
2019,3904409,044099,Greenville City,1,1
2019,3904410,044107,Hamilton City,1,1
2019,3904411,044115,Heath City,1,1
2019,3904412,044123,Hillsboro City,1,1
2019,3904413,044131,Huron City Schools,1,1
2019,3904414,044149,Ironton City School District,1,1
2019,3904415,044156,Jackson City,1,1
2019,3904416,044164,Kent City,1,1
2019,3904418,044180,Kettering City School District,1,1
2019,3904419,044198,Lakewood City,1,1
2019,3904420,044206,Lancaster City,1,1
2019,3904421,044214,Lebanon City,1,1
2019,3904422,044222,Lima City,1,1
2019,3904423,044230,Lockland Local,1,1
2019,3904424,044248,Logan-Hocking Local,1,1
2019,3904425,044255,London City,1,1
2019,3904426,044263,Lorain City,1,1
2019,3904427,044271,Loveland City,1,1
2019,3904428,044289,Madeira City,1,1
2019,3904429,044297,Mansfield City,1,1
2019,3904430,044305,Maple Heights City,1,1
2019,3904431,044313,Mariemont City,1,1
2019,3904433,044339,Marion City,1,1
2019,3904434,044347,Martins Ferry City,1,1
2019,3904435,044354,Massillon City,1,1
2019,3904436,044362,Maumee City,1,1
2019,3904437,044370,Mayfield City,1,1
2019,3904438,044388,Medina City SD,1,1
2019,3904439,044396,Miamisburg City,1,1
2019,3904440,044404,Middletown City,1,1
2019,3904441,044412,Mt Healthy City,1,1
2019,3904443,044438,Napoleon Area City,1,1
2019,3904444,044446,Nelsonville-York City,1,1
2019,3904445,044453,Newark City,1,1
2019,3904446,044461,New Boston Local,1,1
2019,3904447,044479,New Lexington School District,1,1
2019,3904448,044487,New Philadelphia City,1,1
2019,3904449,044495,Niles City,1,1
2019,3904450,044503,North Canton City,1,1
2019,3904451,044511,North College Hill City,1,1
2019,3904452,044529,North Olmsted City,1,1
2019,3904453,044537,North Ridgeville City,1,1
2019,3904454,044545,North Royalton City,1,1
2019,3904455,044552,Norton City,1,1
2019,3904456,044560,Norwalk City,1,1
2019,3904457,044578,Norwood City,1,1
2019,3904458,044586,Oakwood City,1,1
2019,3904459,044594,Oberlin City Schools,1,1
2019,3904460,044602,Oregon City,1,1
2019,3904461,044610,Orrville City,1,1
2019,3904463,044636,Parma City,1,1
2019,3904464,044644,Piqua City,1,1
2019,3904465,044651,Port Clinton City,1,1
2019,3904467,044677,Princeton City,1,1
2019,3904468,044685,Ravenna City,1,1
2019,3904469,044693,Reading Community City,1,1
2019,3904470,044701,Rocky River City,1,1
2019,3904471,044719,St Bernard-Elmwood Place City,1,1
2019,3904472,044727,St Marys City,1,1
2019,3904474,044743,Sandusky City,1,1
2019,3904475,044750,Shaker Heights City,1,1
2019,3904476,044768,Sheffield-Sheffield Lake City,1,1
2019,3904479,044792,South Euclid-Lyndhurst City,1,1
2019,3904480,044800,South-Western City,1,1
2019,3904481,044818,Springfield City School District,1,1
2019,3904482,044826,Steubenville City,1,1
2019,3904483,044834,Stow-Munroe Falls City School District,1,1
2019,3904484,044842,Strongsville City,1,1
2019,3904485,044859,Struthers City,1,1
2019,3904486,044867,Sycamore Community City,1,1
2019,3904487,044875,Sylvania Schools,1,1
2019,3904488,044883,Tallmadge City,1,1
2019,3904489,044891,Tiffin City,1,1
2019,3904490,044909,Toledo City,1,1
2019,3904491,044917,Toronto City,1,1
2019,3904492,044925,Troy City,1,1
2019,3904493,044933,Upper Arlington City,1,1
2019,3904494,044941,Urbana City,1,1
2019,3904495,044958,Vandalia-Butler City,1,1
2019,3904498,044982,Wapakoneta City,1,1
2019,3904499,044990,Warren City,1,1
2019,3904500,045005,Warrensville Heights City,1,1
2019,3904502,045021,Wellston City,1,1
2019,3904503,045039,Wellsville Local,1,1
2019,3904504,045047,Westerville City,1,1
2019,3904505,045054,West Carrollton City,1,1
2019,3904506,045062,Westlake City,1,1
2019,3904507,045070,Whitehall City,1,1
2019,3904508,045088,Wickliffe City,1,1
2019,3904509,045096,Willard City,1,1
2019,3904510,045104,Willoughby-Eastlake City,1,1
2019,3904511,045112,Wilmington City,1,1
2019,3904513,045138,Worthington City,1,1
2019,3904514,045146,Wyoming City,1,1
2019,3904515,045153,Xenia Community City,1,1
2019,3904516,045161,Youngstown City,1,1
2019,3904517,045179,Zanesville City,1,1
2019,3904518,045187,Ada Exempted Village,1,1
2019,3904519,045195,Amherst Exempted Village,1,1
2019,3904520,045203,Barnesville Exempted Village,1,1
2019,3904521,045211,Bluffton Exempted Village,1,1
2019,3904522,045229,Bradford Exempted Village,1,1
2019,3904523,045237,Bridgeport Exempted Village,1,1
2019,3904524,045245,Harrison Hills City,1,1
2019,3904525,045252,Caldwell Exempted Village,1,1
2019,3904526,045260,Carey Exempted Village Schools,1,1
2019,3904527,045278,Carrollton Exempted Village,1,1
2019,3904528,045286,Chagrin Falls Exempted Village,1,1
2019,3904529,045294,Chesapeake Union Exempted Village,1,1
2019,3904531,045310,Coldwater Exempted Village,1,1
2019,3904532,045328,Columbiana Exempted Village,1,1
2019,3904533,045336,Covington Exempted Village,1,1
2019,3904535,045351,Crooksville Exempted Village,1,1
2019,3904536,045369,Fairport Harbor Exempted Village,1,1
2019,3904537,045377,Georgetown Exempted Village,1,1
2019,3904538,045385,Gibsonburg Exempted Village,1,1
2019,3904539,045393,Granville Exempted Village,1,1
2019,3904540,045401,Greenfield Exempted Village,1,1
2019,3904541,045419,Hicksville Exempted Village,1,1
2019,3904542,045427,Hubbard Exempted Village,1,1
2019,3904543,045435,Indian Hill Exempted Village,1,1
2019,3904545,045450,Lisbon Exempted Village,1,1
2019,3904546,045468,Loudonville-Perrysville Exempted Village,1,1
2019,3904547,045476,Marysville Exempted Village,1,1
2019,3904548,045484,Mechanicsburg Exempted Village,1,1
2019,3904549,045492,Mentor Exempted Village,1,1
2019,3904550,045500,Milford Exempted Village,1,1
2019,3904551,045518,Milton-Union Exempted Village,1,1
2019,3904552,045526,Montpelier Exempted Village,1,1
2019,3904553,045534,Mount Gilead Exempted Village,1,1
2019,3904554,045542,Newcomerstown Exempted Village,1,1
2019,3904555,045559,New Richmond Exempted Village,1,1
2019,3904556,045567,Newton Falls Exempted Village,1,1
2019,3904557,045575,Paulding Exempted Village,1,1
2019,3904558,045583,Perrysburg Exempted Village,1,1
2019,3904560,045609,Rossford Exempted Village,1,1
2019,3904561,045617,Tipp City Exempted Village,1,1
2019,3904563,045633,Versailles Exempted Village,1,1
2019,3904564,045641,Wauseon Exempted Village,1,1
2019,3904565,045658,Wellington Exempted Village,1,1
2019,3904566,045666,Windham Exempted Village,1,1
2019,3904567,045674,Yellow Springs Exempted Village,1,1
2019,3904574,045740,Allen County ESC,4,1
2019,3904575,045757,Allen East Local,1,1
2019,3904576,045765,Bath Local,1,1
2019,3904577,045773,Elida Local,1,1
2019,3904578,045781,Perry Local,1,1
2019,3904579,045799,Shawnee Local,1,1
2019,3904580,045807,Spencerville Local,1,1
2019,3904582,045823,Hillsdale Local,1,1
2019,3904583,045831,Mapleton Local,1,1
2019,3904584,045849,Ashtabula County ESC,4,1
2019,3904585,045856,Buckeye Local,1,1
2019,3904586,045864,Grand Valley Local,1,1
2019,3904587,045872,Jefferson Area Local,1,1
2019,3904588,045880,Pymatuning Valley Local,1,1
2019,3904590,045906,Alexander Local,1,1
2019,3904591,045914,Federal Hocking Local,1,1
2019,3904592,045922,Trimble Local,1,1
2019,3904593,045930,Auglaize County ESC,4,1
2019,3904594,045948,Minster Local,1,1
2019,3904595,045955,New Bremen Local,1,1
2019,3904596,045963,New Knoxville Local,1,1
2019,3904597,045971,Waynesfield-Goshen Local,1,1
2019,3904599,045997,St Clairsville-Richland City,1,1
2019,3904600,046003,Shadyside Local,1,1
2019,3904601,046011,Union Local,1,1
2019,3904602,046029,Brown ESC,4,1
2019,3904603,046037,Eastern Local School District,1,1
2019,3904604,046045,Fayetteville-Perry Local,1,1
2019,3904606,046060,Western Brown Local,1,1
2019,3904607,046078,Ripley-Union-Lewis-Huntington Local,1,1
2019,3904608,046086,Butler County ESC,4,1
2019,3904609,046094,Edgewood City,1,1
2019,3904610,046102,Fairfield City,1,1
2019,3904611,046110,Lakota Local,1,1
2019,3904612,046128,Madison Local,1,1
2019,3904613,046136,New Miami Local,1,1
2019,3904614,046144,Ross Local,1,1
2019,3904615,046151,Talawanda City,1,1
2019,3904617,046177,Brown Local,1,1
2019,3904619,046193,Graham Local,1,1
2019,3904620,046201,Triad Local,1,1
2019,3904621,046219,West Liberty-Salem Local,1,1
2019,3904622,046227,Clark County ESC,4,1
2019,3904623,046235,Greenon Local,1,1
2019,3904624,046243,Tecumseh Local,1,1
2019,3904625,046250,Northeastern Local,1,1
2019,3904626,046268,Northwestern Local,1,1
2019,3904627,046276,Southeastern Local,1,1
2019,3904628,046284,Clark-Shawnee Local,1,1
2019,3904629,046292,Clermont County ESC,4,1
2019,3904630,046300,Batavia Local,1,1
2019,3904631,046318,Bethel-Tate Local,1,1
2019,3904632,046326,Clermont Northeastern Local,1,1
2019,3904633,046334,Felicity-Franklin Local,1,1
2019,3904634,046342,Goshen Local,1,1
2019,3904635,046359,West Clermont Local,1,1
2019,3904636,046367,Williamsburg Local,1,1
2019,3904637,046375,Southern Ohio ESC,4,1
2019,3904638,046383,Blanchester Local,1,1
2019,3904639,046391,Clinton-Massie Local,1,1
2019,3904640,046409,East Clinton Local,1,1
2019,3904641,046417,Columbiana County ESC,4,1
2019,3904642,046425,Beaver Local,1,1
2019,3904643,046433,Crestview Local,1,1
2019,3904644,046441,Southern Local,1,1
2019,3904645,046458,United Local,1,1
2019,3904647,046474,Ridgewood Local,1,1
2019,3904648,046482,River View Local,1,1
2019,3904650,046508,Buckeye Central Local,1,1
2019,3904651,046516,Colonel Crawford Local,1,1
2019,3904652,046524,Wynford Local,1,1
2019,3904653,046532,ESC of Northeast Ohio,4,1
2019,3904655,046557,Cuyahoga Heights Local,1,1
2019,3904656,046565,Independence Local,1,1
2019,3904657,046573,Olmsted Falls City,1,1
2019,3904659,046599,Richmond Heights Local,1,1
2019,3904660,046607,Solon City,1,1
2019,3904661,046615,Darke County ESC,4,1
2019,3904662,046623,Ansonia Local,1,1
2019,3904663,046631,Arcanum-Butler Local,1,1
2019,3904664,046649,Franklin Monroe Local,1,1
2019,3904667,046672,Mississinawa Valley Local,1,1
2019,3904668,046680,Tri-Village Local,1,1
2019,3904670,046706,Ayersville Local,1,1
2019,3904671,046714,Central Local,1,1
2019,3904672,046722,Northeastern Local,1,1
2019,3904674,046748,Big Walnut Local,1,1
2019,3904675,046755,Buckeye Valley Local,1,1
2019,3904676,046763,Olentangy Local,1,1
2019,3904678,046789,Edison Local (formerly Berlin-Milan),1,1
2019,3904679,046797,Kelleys Island Local,1,1
2019,3904680,046805,Margaretta Local,1,1
2019,3904681,046813,Perkins Local,1,1
2019,3904682,046821,Vermilion Local,1,1
2019,3904683,046839,Fairfield County ESC,4,1
2019,3904684,046847,Amanda-Clearcreek Local,1,1
2019,3904685,046854,Berne Union Local,1,1
2019,3904686,046862,Bloom-Carroll Local,1,1
2019,3904687,046870,Fairfield Union Local,1,1
2019,3904688,046888,Liberty Union-Thurston Local,1,1
2019,3904689,046896,Pickerington Local,1,1
2019,3904690,046904,Walnut Township Local,1,1
2019,3904693,046938,ESC of Central Ohio,4,1
2019,3904694,046946,Canal Winchester Local,1,1
2019,3904695,046953,Hamilton Local,1,1
2019,3904696,046961,Gahanna-Jefferson City,1,1
2019,3904697,046979,Groveport Madison Local,1,1
2019,3904699,046995,New Albany-Plain Local,1,1
2019,3904700,047001,Reynoldsburg City,1,1
2019,3904701,047019,Hilliard City,1,1
2019,3904702,047027,Dublin City,1,1
2019,3904704,047043,Archbold-Area Local,1,1
2019,3904705,047050,Evergreen Local,1,1
2019,3904706,047068,Fayette Local,1,1
2019,3904707,047076,Pettisville Local,1,1
2019,3904708,047084,Pike-Delta-York Local,1,1
2019,3904709,047092,Swanton Local,1,1
2019,3904715,047159,Geauga County Educational Service Center,4,1
2019,3904716,047167,Berkshire Local,1,1
2019,3904717,047175,Cardinal Local,1,1
2019,3904718,047183,Chardon Local,1,1
2019,3904719,047191,Kenston Local,1,1
2019,3904721,047217,Newbury Local,1,1
2019,3904722,047225,West Geauga Local,1,1
2019,3904723,047233,Greene County ESC,4,1
2019,3904724,047241,Beavercreek City,1,1
2019,3904725,047258,Cedar Cliff Local,1,1
2019,3904726,047266,Greeneview Local,1,1
2019,3904727,047274,Bellbrook-Sugarcreek Local,1,1
2019,3904730,047308,Rolling Hills Local,1,1
2019,3904732,047324,Hamilton County ESC,4,1
2019,3904733,047332,Finneytown Local,1,1
2019,3904734,047340,Forest Hills Local,1,1
2019,3904736,047365,Northwest Local,1,1
2019,3904737,047373,Oak Hills Local,1,1
2019,3904738,047381,Southwest Local,1,1
2019,3904739,047399,Three Rivers Local,1,1
2019,3904740,047407,Hancock County ESC,4,1
2019,3904742,047423,Arlington Local,1,1
2019,3904743,047431,Cory-Rawson Local,1,1
2019,3904744,047449,Liberty-Benton Local,1,1
2019,3904745,047456,McComb Local,1,1
2019,3904747,047472,Vanlue Local,1,1
2019,3904749,047498,Hardin Northern Local,1,1
2019,3904750,047506,Ridgemont Local,1,1
2019,3904751,047514,Riverdale Local,1,1
2019,3904752,047522,Upper Scioto Valley Local,1,1
2019,3904754,047548,Conotton Valley Union Local,1,1
2019,3904757,047571,Holgate Local,1,1
2019,3904758,047589,Liberty Center Local,1,1
2019,3904759,047597,Patrick Henry Local,1,1
2019,3904761,047613,Bright Local,1,1
2019,3904762,047621,Fairfield Local,1,1
2019,3904763,047639,Lynchburg-Clay Local,1,1
2019,3904768,047688,East Holmes Local,1,1
2019,3904769,047696,West Holmes Local,1,1
2019,3904771,047712,Monroeville Local,1,1
2019,3904772,047720,New London Local,1,1
2019,3904773,047738,South Central Local,1,1
2019,3904774,047746,Western Reserve Local,1,1
2019,3904776,047761,Oak Hill Union Local,1,1
2019,3904777,047779,Jefferson County ESC,4,1
2019,3904778,047787,Buckeye Local,1,1
2019,3904779,047795,Edison Local,1,1
2019,3904780,047803,Indian Creek Local,1,1
2019,3904781,047811,Knox County ESC,4,1
2019,3904782,047829,Centerburg Local,1,1
2019,3904783,047837,Danville Local,1,1
2019,3904785,047852,Fredericktown Local,1,1
2019,3904786,047860,Lake County ESC,4,1
2019,3904787,047878,Kirtland Local,1,1
2019,3904788,047886,Madison Local,1,1
2019,3904790,047902,Perry Local,1,1
2019,3904791,047910,Lawrence County ESC,4,1
2019,3904792,047928,Dawson-Bryant Local,1,1
2019,3904793,047936,Fairland Local,1,1
2019,3904794,047944,Rock Hill Local,1,1
2019,3904795,047951,South Point Local,1,1
2019,3904796,047969,Symmes Valley Local,1,1
2019,3904797,047977,Licking County ESC,4,1
2019,3904798,047985,Johnstown-Monroe Local,1,1
2019,3904799,047993,Lakewood Local,1,1
2019,3904800,048009,Licking Heights Local,1,1
2019,3904801,048017,Licking Valley Local,1,1
2019,3904802,048025,North Fork Local,1,1
2019,3904803,048033,Northridge Local,1,1
2019,3904804,048041,Southwest Licking Local,1,1
2019,3904807,048074,Benjamin Logan Local,1,1
2019,3904808,048082,Indian Lake Local,1,1
2019,3904809,048090,Riverside Local,1,1
2019,3904810,048108,Lorain County ESC,4,1
2019,3904811,048116,Avon Local,1,1
2019,3904812,048124,Avon Lake City,1,1
2019,3904813,048132,Clearview Local,1,1
2019,3904814,048140,Columbia Local,1,1
2019,3904815,048157,Firelands Local,1,1
2019,3904816,048165,Keystone Local,1,1
2019,3904817,048173,Midview Local,1,1
2019,3904819,048199,ESC of Lake Erie West,4,1
2019,3904820,048207,Anthony Wayne Local,1,1
2019,3904821,048215,Ottawa Hills Local,1,1
2019,3904822,048223,Springfield Local,1,1
2019,3904823,048231,Washington Local,1,1
2019,3904825,048256,Jefferson Local,1,1
2019,3904826,048264,Jonathan Alder Local,1,1
2019,3904827,048272,Madison-Plains Local,1,1
2019,3904828,048280,Mahoning County ESC,4,1
2019,3904829,048298,Austintown Local Schools,1,1
2019,3904830,048306,Boardman Local,1,1
2019,3904831,048314,Canfield Local,1,1
2019,3904832,048322,Jackson-Milton Local,1,1
2019,3904833,048330,Lowellville Local,1,1
2019,3904834,048348,Poland Local,1,1
2019,3904835,048355,Sebring Local,1,1
2019,3904836,048363,South Range Local,1,1
2019,3904837,048371,Springfield Local,1,1
2019,3904838,048389,West Branch Local,1,1
2019,3904839,048397,Western Reserve Local,1,1
2019,3904841,048413,Elgin Local,1,1
2019,3904842,048421,Pleasant Local,1,1
2019,3904843,048439,Ridgedale Local,1,1
2019,3904844,048447,River Valley Local,1,1
2019,3904845,048454,Medina County ESC,4,1
2019,3904846,048462,Black River Local,1,1
2019,3904847,048470,Buckeye Local,1,1
2019,3904848,048488,Cloverleaf Local,1,1
2019,3904849,048496,Highland Local,1,1
2019,3904851,048512,Eastern Local,1,1
2019,3904852,048520,Meigs Local,1,1
2019,3904853,048538,Southern Local,1,1
2019,3904854,048546,Mercer County Educational Service Center,4,1
2019,3904857,048579,Parkway Local,1,1
2019,3904858,048587,St Henry Consolidated Local,1,1
2019,3904859,048595,Fort Recovery Local,1,1
2019,3904860,048603,Miami County ESC,4,1
2019,3904861,048611,Bethel Local,1,1
2019,3904862,048629,Miami East Local,1,1
2019,3904863,048637,Newton Local,1,1
2019,3904865,048652,Switzerland of Ohio Local,1,1
2019,3904866,048660,Montgomery County ESC,4,1
2019,3904867,048678,Brookville Local,1,1
2019,3904868,048686,Jefferson Township Local,1,1
2019,3904869,048694,Trotwood-Madison City,1,1
2019,3904870,048702,Mad River Local,1,1
2019,3904871,048710,New Lebanon Local School District,1,1
2019,3904872,048728,Northmont City,1,1
2019,3904873,048736,Northridge Local,1,1
2019,3904874,048744,Valley View Local,1,1
2019,3904875,048751,Huber Heights City,1,1
2019,3904877,048777,Morgan Local,1,1
2019,3904879,048793,Cardington-Lincoln Local,1,1
2019,3904880,048801,Highland Local,1,1
2019,3904881,048819,Northmor Local,1,1
2019,3904883,048835,East Muskingum Local,1,1
2019,3904884,048843,Franklin Local,1,1
2019,3904885,048850,Maysville Local,1,1
2019,3904887,048876,Tri-Valley Local,1,1
2019,3904888,048884,West Muskingum Local,1,1
2019,3904890,048900,Noble Local,1,1
2019,3904892,048926,Benton Carroll Salem Local,1,1
2019,3904893,048934,Danbury Local,1,1
2019,3904894,048942,Genoa Area Local,1,1
2019,3904895,048959,Middle Bass Local,1,1
2019,3904896,048967,North Bass Local,1,1
2019,3904897,048975,Put-In-Bay Local,1,1
2019,3904899,048991,Antwerp Local,1,1
2019,3904900,049296,Twin Valley Community Local,1,1
2019,3904903,049031,Wayne Trace Local,1,1
2019,3904905,049056,Northern Local,1,1
2019,3904906,049064,Southern Local,1,1
2019,3904907,049072,Pickaway County ESC,4,1
2019,3904908,049080,Logan Elm Local,1,1
2019,3904909,049098,Teays Valley Local,1,1
2019,3904910,049106,Westfall Local,1,1
2019,3904912,049122,Eastern Local School District,1,1
2019,3904913,049130,Scioto Valley Local,1,1
2019,3904914,049148,Waverly City,1,1
2019,3904915,049155,Western Local,1,1
2019,3904917,049171,Aurora City,1,1
2019,3904918,049189,Crestwood Local,1,1
2019,3904919,049197,Field Local,1,1
2019,3904920,049205,James A Garfield Local,1,1
2019,3904921,049213,Rootstown Local,1,1
2019,3904922,049221,Southeast Local,1,1
2019,3904923,049239,Streetsboro City,1,1
2019,3904924,049247,Waterloo Local,1,1
2019,3904925,049254,Preble County ESC,4,1
2019,3904926,091397,Tri-County North Local,1,1
2019,3904927,049270,National Trail Local,1,1
2019,3904928,049288,Preble Shawnee Local,1,1
2019,3904930,049304,Putnam County ESC,4,1
2019,3904931,049312,Columbus Grove Local,1,1
2019,3904932,049320,Continental Local,1,1
2019,3904933,049338,Jennings Local,1,1
2019,3904934,049346,Kalida Local,1,1
2019,3904935,049353,Leipsic Local,1,1
2019,3904936,049361,Miller City-New Cleveland Local,1,1
2019,3904937,049379,Ottawa-Glandorf Local,1,1
2019,3904938,049387,Ottoville Local,1,1
2019,3904939,049395,Pandora-Gilboa Local,1,1
2019,3904941,049411,Clear Fork Valley Local,1,1
2019,3904942,049429,Crestview Local,1,1
2019,3904943,049437,Lexington Local,1,1
2019,3904944,049445,Lucas Local,1,1
2019,3904945,049452,Madison Local,1,1
2019,3904946,049460,Plymouth-Shiloh Local,1,1
2019,3904947,049478,Ontario Local,1,1
2019,3904949,049494,Adena Local,1,1
2019,3904950,049502,Huntington Local,1,1
2019,3904951,049510,Paint Valley Local,1,1
2019,3904952,049528,Southeastern Local,1,1
2019,3904953,049536,Union-Scioto Local,1,1
2019,3904954,049544,Zane Trace Local,1,1
2019,3904956,049569,Lakota Local,1,1
2019,3904957,049577,Woodmore Local,1,1
2019,3904959,049593,Bloom-Vernon Local,1,1
2019,3904961,049619,Green Local,1,1
2019,3904962,049627,Minford Local,1,1
2019,3904963,049635,Northwest Local,1,1
2019,3904964,049643,Valley Local,1,1
2019,3904965,049650,Washington-Nile Local,1,1
2019,3904966,049668,Wheelersburg Local,1,1
2019,3904968,049684,Seneca East Local,1,1
2019,3904970,049700,Hopewell-Loudon Local,1,1
2019,3904971,049718,New Riegel Local,1,1
2019,3904976,049767,Botkins Local,1,1
2019,3904977,049775,Fairlawn Local,1,1
2019,3904978,049783,Fort Loramie Local,1,1
2019,3904979,049791,Hardin-Houston Local,1,1
2019,3904981,049817,Russia Local,1,1
2019,3904982,049825,Stark County ESC,4,1
2019,3904983,049833,Canton Local,1,1
2019,3904984,049841,Fairless Local,1,1
2019,3904985,049858,Jackson Local,1,1
2019,3904986,049866,Lake Local,1,1
2019,3904987,049874,Louisville City,1,1
2019,3904988,049882,Marlington Local,1,1
2019,3904989,049890,Minerva Local,1,1
2019,3904990,049908,Northwest Local,1,1
2019,3904991,049916,Osnaburg Local,1,1
2019,3904992,049924,Perry Local,1,1
2019,3904993,049932,Plain Local,1,1
2019,3904994,049940,Sandy Valley Local,1,1
2019,3904995,049957,Tuslaw Local,1,1
2019,3904996,049965,Summit County ESC,4,1
2019,3904997,049973,Woodridge Local,1,1
2019,3904998,049981,Copley-Fairlawn City,1,1
2019,3904999,049999,Coventry Local,1,1
2019,3905000,050005,Manchester Local,1,1
2019,3905001,050013,Green Local,1,1
2019,3905002,050021,Hudson City,1,1
2019,3905003,050039,Mogadore Local,1,1
2019,3905004,050047,Nordonia Hills City,1,1
2019,3905005,050054,Revere Local,1,1
2019,3905006,050062,Springfield Local,1,1
2019,3905007,050070,Twinsburg City,1,1
2019,3905008,050088,Trumbull County ESC,4,1
2019,3905009,050096,Bloomfield-Mespo Local,1,1
2019,3905011,050112,Bristol Local,1,1
2019,3905012,050120,Brookfield Local,1,1
2019,3905013,050138,Champion Local,1,1
2019,3905015,050153,Mathews Local,1,1
2019,3905016,050161,Howland Local,1,1
2019,3905017,050179,Joseph Badger Local,1,1
2019,3905018,050187,Lakeview Local,1,1
2019,3905019,050195,Liberty Local,1,1
2019,3905020,050203,Lordstown Local,1,1
2019,3905021,050211,Maplewood Local,1,1
2019,3905022,050229,McDonald Local,1,1
2019,3905023,050237,Southington Local,1,1
2019,3905024,050245,LaBrae Local,1,1
2019,3905025,050252,Weathersfield Local,1,1
2019,3905026,050260,East Central Ohio ESC,4,1
2019,3905027,050278,Garaway Local,1,1
2019,3905028,050286,Indian Valley Local,1,1
2019,3905029,050294,Strasburg-Franklin Local,1,1
2019,3905030,050302,Tuscarawas Valley Local,1,1
2019,3905032,050328,Fairbanks Local,1,1
2019,3905033,050336,North Union Local School District,1,1
2019,3905035,050351,Crestview Local,1,1
2019,3905039,050393,Vinton County Local,1,1
2019,3905040,050401,Warren County ESC,4,1
2019,3905041,050419,Carlisle Local,1,1
2019,3905042,050427,Springboro Community City,1,1
2019,3905043,050435,Kings Local,1,1
2019,3905044,050443,Little Miami Local,1,1
2019,3905045,050450,Mason City,1,1
2019,3905046,050468,Wayne Local,1,1
2019,3905048,050484,Fort Frye Local,1,1
2019,3905049,050492,Frontier Local,1,1
2019,3905051,050518,Wolf Creek Local,1,1
2019,3905052,050526,Tri-County ESC,4,1
2019,3905053,050534,Chippewa Local,1,1
2019,3905054,050542,Dalton Local,1,1
2019,3905055,050559,Green Local,1,1
2019,3905056,050567,Norwayne Local,1,1
2019,3905058,050583,Southeast Local,1,1
2019,3905059,050591,Triway Local,1,1
2019,3905061,050617,Edgerton Local,1,1
2019,3905062,050625,Edon Northwest Local,1,1
2019,3905063,050633,Millcreek-West Unity Local,1,1
2019,3905064,050641,North Central Local,1,1
2019,3905065,050658,Stryker Local,1,1
2019,3905066,050666,Wood County ESC,4,1
2019,3905067,050674,Eastwood Local,1,1
2019,3905068,050682,Elmwood Local,1,1
2019,3905069,050690,Lake Local,1,1
2019,3905070,050708,North Baltimore Local,1,1
2019,3905071,050716,Northwood Local Schools,1,1
2019,3905072,050724,Otsego Local,1,1
2019,3905074,050740,Mohawk Local,1,1
2019,3905077,050773,Apollo,4,1
2019,3905079,050799,Southern Hills,4,1
2019,3905081,050815,Ashtabula County Technical and Career Center,4,1
2019,3905085,050856,Belmont-Harrison,4,1
2019,3905088,050880,Butler Technology & Career Development Schools,4,1
2019,3905090,050906,Columbiana County,4,1
2019,3905092,050922,Cuyahoga Valley Career Center,4,1
2019,3905094,050948,Polaris,4,1
2019,3905096,050963,Four County Career Center,4,1
2019,3905098,050989,Delaware Area Career Center,4,1
2019,3905100,051003,Eastland-Fairfield Career & Technical Schools,4,1
2019,3905102,051029,EHOVE Career Center,4,1
2019,3905104,051045,Greene County Vocational School District,4,1
2019,3905106,051060,Great Oaks Career Campuses,4,1
2019,3905112,051128,Jefferson County,4,1
2019,3905114,051144,Knox County JVSD,4,1
2019,3905116,051169,Auburn,4,1
2019,3905118,051185,Lawrence County,4,1
2019,3905120,051201,Career and Technology Educational Centers,4,1
2019,3905122,051227,Lorain County JVS,4,1
2019,3905124,051243,Mahoning Co Career & Tech Ctr,4,1
2019,3905128,051284,Miami Valley Career Tech,4,1
2019,3905130,051300,Mid-East Career and Technology Centers,4,1
2019,3905133,051334,Ohio Hi-Point Career Center,4,1
2019,3905135,051359,Penta Career Center - District,4,1
2019,3905137,051375,Pike County Area,4,1
2019,3905139,051391,Maplewood Career Center,4,1
2019,3905141,051417,Pioneer Career & Technology,4,1
2019,3905143,051433,Pickaway-Ross County JVSD,4,1
2019,3905145,051458,Vanguard-Sentinel Career & Technology Centers,4,1
2019,3905147,051474,Warren County Vocational School,4,1
2019,3905149,051490,Scioto County Career Technical Center,4,1
2019,3905153,051532,Springfield-Clark County,4,1
2019,3905160,051607,Tri-County Career Center,4,1
2019,3905163,051631,Trumbull Career & Tech Ctr,4,1
2019,3905165,051656,Buckeye,4,1
2019,3905167,051672,Vantage Career Center,4,1
2019,3905169,051698,Washington County Career Center,4,1
2019,3905171,051714,Wayne County JVSD,4,1
2019,3906190,061903,Adams County Ohio Valley Local,1,1
2019,3906202,062026,Stark County Area,4,1
2019,3906204,062042,Ashland County-West Holmes,4,1
2019,3906206,062067,Gallia-Jackson-Vinton,4,1
2019,3906210,062109,Medina County Joint Vocational School District,4,1
2019,3906212,062125,Upper Valley Career Center,4,1
2019,3906280,062802,U S Grant,4,1
2019,3906349,063495,Portage Lakes,4,1
2019,3906351,063511,Tolles Career & Technical Center,4,1
2019,3906496,064964,College Corner Local,1,1
2019,3906522,065227,Coshocton County,4,1
2019,3906526,065268,Tri-Rivers,4,1
2019,3906568,065680,Gallia County Local,1,1
2019,3906968,069682,East Guernsey Local,1,1
2019,3910000,043984,Findlay City,1,1
2019,3910001,047464,Van Buren Local,1,1
2019,3910002,047415,Arcadia Local,1,1
2019,3910003,044784,Sidney City,1,1
2019,3910004,049759,Anna Local,1,1
2019,3910005,049809,Jackson Center Local,1,1
2019,3910006,044735,Salem City,1,1
2019,3910007,045443,Leetonia Exempted Village,1,1
2019,3910008,045344,Crestline Exempted Village,1,1
2019,3910009,044776,Shelby City,1,1
2019,3910010,046920,Miami Trace Local,1,1
2019,3910011,045013,Washington Court House City,1,1
2019,3910012,044420,Mount Vernon City,1,1
2019,3910013,047845,East Knox Local,1,1
2019,3910014,047894,Riverside Local,1,1
2019,3910015,044628,Painesville City Local,1,1
2019,3910016,046581,Orange City,1,1
2019,3910017,043562,Bedford City,1,1
2019,3910018,050500,Warren Local,1,1
2019,3910019,044321,Marietta City,1,1
2019,3910020,045302,Clyde-Green Springs Exempted Village,1,1
2019,3910021,049726,Old Fort Local,1,1
2019,3910022,050369,Lincolnview Local,1,1
2019,3910023,044966,Van Wert City,1,1
2019,3910024,045625,Upper Sandusky Exempted Village,1,1
2019,3910025,044172,Kenton City,1,1
2019,3910026,049601,Clay Local,1,1
2019,3910027,044669,Portsmouth City,1,1
2019,3910028,045591,Rittman Exempted Village,1,1
2019,3910029,044974,Wadsworth City,1,1
2019,3910030,043729,Celina City,1,1
2019,3910031,048553,Marion Local,1,1
2019,3910032,045120,Wooster City,1,1
2019,3910033,050575,Northwestern Local,1,1
2020,3900001,071530,Ohio School For The Deaf,5,1
2020,3900002,071548,Ohio School For The Blind,5,1
2020,3900008,125252,Muskingum Valley ESC,4,1
2020,3900009,125658,South Central Ohio ESC,4,1
2020,3900012,125682,Gallia-Vinton ESC,4,1
2020,3900013,125690,North Point Educational Service Center,4,1
2020,3900014,123281,Ohio Valley ESC,4,1
2020,3900015,124297,Northwest Ohio Educational Service Center,4,1
2020,3900017,134072,Youngstown Community School,7,1
2020,3900019,134098,Constellation Schools: Old Brooklyn Community Elementary,7,1
2020,3900022,134122,Autism Model School,7,1
2020,3900025,134197,Green Inspiration Academy,7,1
2020,3900027,134213,Middlebury Academy,7,1
2020,3900029,134247,City Day Community School,7,1
2020,3900031,133512,Cincinnati College Preparatory Academy,7,1
2020,3900032,133520,Citizens Academy,7,1
2020,3900033,133538,Edge Academy The,7,1
2020,3900036,133561,Millennium Community School,7,1
2020,3900038,133587,Summit Academy Akron Elementary School,7,1
2020,3900040,133629,Horizon Science Acad Cleveland,7,1
2020,3900042,133660,Horizon Science Academy Columbus,7,1
2020,3900043,133678,Riverside Academy,7,1
2020,3900047,133736,Richard Allen Academy,7,1
2020,3900052,133835,Invictus High School,7,1
2020,3900053,133868,Towpath Trail High School,7,1
2020,3900056,133942,Toledo School For The Arts,7,1
2020,3900063,123257,North Central Ohio ESC,4,1
2020,3900064,123521,Mid-Ohio ESC,4,1
2020,3900065,133215,Intergenerational School The,7,1
2020,3900068,133256,Constellation Schools: Parma Community,7,1
2020,3900071,133306,Summit Academy Community School for Alternative Learn-Canton,7,1
2020,3900072,133330,T.C.P. World Academy,7,1
2020,3900073,133348,Richard Allen Preparatory,7,1
2020,3900077,133389,Lighthouse Community Sch Inc,7,2
2020,3900080,133421,Graham School The,7,1
2020,3900081,133439,Cornerstone Academy Community School,7,1
2020,3900083,133454,Dayton Leadership Academies-Dayton View Campus,7,1
2020,3900084,133488,River Gate High School,7,1
2020,3900086,133785,Queen City Career Prep High School,7,1
2020,3900090,134999,Western Buckeye ESC,4,1
2020,3900091,135145,Athens-Meigs ESC,4,1
2020,3900092,137364,Madison-Champaign ESC,4,1
2020,3900093,138222,Ross-Pike ESC,4,1
2020,3900094,139303,Monroe Local,1,1
2020,3900096,132746,Summit Acdy Comm Schl for Alternative Learners of Middletown,7,1
2020,3900097,132761,Summit Academy Community School Alternative Learners -Xenia,7,1
2020,3900098,132779,Summit Academy Akron Middle School,7,1
2020,3900100,132795,Cliff Park High School,7,1
2020,3900101,132803,Marshall High School,7,1
2020,3900102,132951,Constellation Schools: Lorain Community Elementary,7,1
2020,3900103,132969,Constellation Schools: Elyria Community,7,1
2020,3900104,132985,YB Columbus Community School,7,1
2020,3900105,132993,Constellation Schools: Westpark Community Elementary,7,1
2020,3900106,133264,Dohn Community,7,1
2020,3900107,133280,Washington Park Community School,7,1
2020,3900109,133322,Summit Academy Community School Alternative Learners-Lorain,7,1
2020,3900113,133504,Phoenix Community Learning Ctr,7,1
2020,3900117,143297,The Autism Academy Of Learning,7,1
2020,3900118,143305,TRECA Digital Academy,7,1
2020,3900119,143313,West Preparatory Academy,7,1
2020,3900121,143602,Hamilton Cnty Math & Science,7,1
2020,3900123,143644,Sciotoville,7,1
2020,3900127,000131,Glass City Academy,7,1
2020,3900129,000138,Pathway School of Discovery,7,1
2020,3900130,000139,Alliance Academy of Cincinnati,7,1
2020,3900138,000222,Wildwood Environmental Academy,7,1
2020,3900145,148981,Tomorrow Center,7,1
2020,3900146,148999,Mahoning Unlimited Classroom,7,1
2020,3900151,149047,GOAL Digital Academy,7,1
2020,3900155,149088,Fairborn Digital Academy,7,1
2020,3900175,142901,Stark High School,7,1
2020,3900176,142919,Black River Career Prep High School,7,1
2020,3900177,142927,Focus Learning Academy of Southwest Columbus,7,1
2020,3900178,142935,Focus Learning Academy of Southeastern Columbus,7,1
2020,3900179,142943,Focus Learning Academy of Northern Columbus,7,1
2020,3900180,142950,Ohio Virtual Academy,7,1
2020,3900181,142968,Hope Academy Northcoast,7,1
2020,3900185,143123,Mound Street Academies,7,2
2020,3900190,143172,International Acad Of Columbus,7,1
2020,3900192,143198,Great Western Academy,7,1
2020,3900193,143206,Trotwood Preparatory & Fitness Academy,7,1
2020,3900194,143214,Middletown Preparatory & Fitness Academy,7,1
2020,3900203,143396,Alternative Education Academy,7,1
2020,3900211,143479,Constellation Schools: Puritas Community Elementary,7,1
2020,3900212,143487,Constellation Schools: Stockyard Community Elementary,7,1
2020,3900216,143529,North Dayton School Of Science & Discovery,7,1
2020,3900223,143610,Arts & College Preparatory Academy,7,1
2020,3900231,149302,Skyway Career Prep High School,7,1
2020,3900233,149328,Foxfire High School,7,1
2020,3900237,060988,Buckeye United School District,5,1
2020,3900238,065201,Ohio Central School System,5,1
2020,3900241,132944,Miami Valley Academies,7,1
2020,3900250,000236,Ohio Connections Academy Inc,7,1
2020,3900252,000241,Quaker Digital Academy,7,1
2020,3900276,151175,West Central Learning Academy II,7,1
2020,3900277,151183,Lake Erie International High School,7,1
2020,3900279,151209,Randall Park High School,7,1
2020,3900285,000525,Canton Harbor High School,7,1
2020,3900286,000527,Cleveland Academy for Scholarship Technology and Leadership,7,1
2020,3900291,000534,Constellation Schools: Puritas Community Middle,7,1
2020,3900299,000543,Pinnacle Academy,7,1
2020,3900302,000546,Winterfield Venture Academy,7,1
2020,3900304,000553,Columbus Humanities Arts and Technology Academy,7,1
2020,3900305,000556,A+ Arts Academy,7,1
2020,3900306,000557,Columbus Arts & Technology Academy,7,1
2020,3900307,000558,Columbus Preparatory Academy,7,1
2020,3900308,000559,Orion Academy,7,1
2020,3900309,000560,Apex Academy,7,1
2020,3900313,000575,Hope Academy Northwest Campus,7,1
2020,3900314,000576,Elevated Excellence Academy,7,1
2020,3900315,000577,Emerson Academy,7,1
2020,3900331,000598,Coshocton Opportunity School,7,1
2020,3900337,000608,Summit Academy Transition High School-Cincinnati,7,1
2020,3900338,000609,Summit Academy School - Lorain,7,1
2020,3900339,000610,Summit Academy Middle School - Columbus,7,1
2020,3900341,000613,Heir Force Community School,7,1
2020,3900342,000614,Summit Academy Transition High School-Columbus,7,1
2020,3900344,000616,Summit Academy Alternative LearnersWarren Middle & Secondary,7,1
2020,3900348,000621,Summit Academy Transition High School Dayton,7,1
2020,3900350,000623,Summit Academy-Youngstown,7,1
2020,3900356,000629,Summit Academy Community School - Painesville,7,1
2020,3900361,000634,Summit Academy Secondary School - Middletown,7,1
2020,3900366,000640,Rittman Academy,7,1
2020,3900381,000664,Capital City Career Prep High School,7,1
2020,3900383,000679,Oakstone Community School,7,1
2020,3900385,147231,Schnee Learning Center,7,1
2020,3900396,000725,Zenith Academy,7,1
2020,3900399,000736,Wings Academy 1,7,1
2020,3900428,000770,Maritime Academy of Toledo The,7,1
2020,3900434,000779,Educational Academy for Boys & Girls,7,1
2020,3900435,000780,Midnimo Cross Cultural Community School,7,1
2020,3900441,000804,Horizon Science Academy-Cincinnati,7,1
2020,3900444,000808,Horizon Science Academy-Dayton,7,1
2020,3900448,000813,Gem City Career Prep High School,7,1
2020,3900451,000825,Horizon Science Academy-Springfield,7,1
2020,3900454,000838,Horizon Science Academy-Denison Middle School,7,1
2020,3900457,000843,Bennett Venture Academy,7,1
2020,3900467,000855,Stambaugh Charter Academy,7,1
2020,3900470,000858,Horizon Science Academy-Cleveland Middle School,7,1
2020,3900474,000875,Westside Academy,7,1
2020,3900478,000905,Interactive Media & Construction (IMAC),7,1
2020,3900488,000282,Greater Ohio Virtual School,7,1
2020,3900490,000288,Auglaize County Educational Academy,7,1
2020,3900492,000296,Summit Academy Community School-Columbus,7,1
2020,3900493,000297,Summit Academy Community School - Dayton,7,1
2020,3900494,000298,Summit Academy Secondary - Akron,7,1
2020,3900495,000300,Summit Academy Secondary - Canton,7,1
2020,3900496,000301,Summit Academy - Toledo,7,1
2020,3900497,000302,Summit Academy Community School-Parma,7,1
2020,3900498,000303,Summit Academy Secondary - Youngstown,7,1
2020,3900500,000305,Summit Academy Community School-Warren,7,1
2020,3900501,000306,Summit Academy Community School - Cincinnati,7,1
2020,3900502,000311,Bridges Community Academy,7,1
2020,3900503,000316,Constellation Schools: Westpark Community Middle,7,1
2020,3900505,000318,Menlo Park Academy,7,1
2020,3900506,000319,Constellation Schools: Madison Community Elementary,7,1
2020,3900507,000320,Constellation Schools: Lorain Community Middle,7,1
2020,3900508,000321,Constellation Schools: Old Brooklyn Community Middle,7,1
2020,3900510,000338,Horizon Science Academy Toledo,7,1
2020,3900528,000402,Findlay Digital Academy,7,1
2020,3900530,000417,Buckeye On-Line School for Success,7,1
2020,3900537,000442,Manchester Local,1,1
2020,3900550,000509,Whitehall Preparatory and Fitness Academy,7,1
2020,3900551,000510,Springfield Preparatory and Fitness Academy,7,1
2020,3900552,000511,Northland Preparatory and Fitness Academy,7,1
2020,3900562,000936,Promise Academy,7,1
2020,3900564,000938,East Bridge Academy of Excellence,7,1
2020,3900567,000941,Par Excellence Academy,7,1
2020,3900573,000951,Toledo Preparatory and Fitness Academy,7,1
2020,3900574,000952,Columbus Preparatory and Fitness Academy,7,1
2020,3900575,000953,Mt. Healthy Preparatory and Fitness Academy,7,1
2020,3900580,007984,Youngstown Academy of Excellence,7,1
2020,3900584,007995,Cleveland Arts and Social Sciences Academy,7,1
2020,3900586,007999,Charles School at Ohio Dominican University,7,1
2020,3900587,008000,Lorain Preparatory Academy,7,1
2020,3900593,008063,Cascade Career Prep High School,7,1
2020,3900594,008064,Monroe Preparatory Academy,7,1
2020,3900638,000912,Early College Academy,7,1
2020,3900640,008287,Groveport Community School,7,1
2020,3900641,008286,Harvard Avenue Performance Academy,7,1
2020,3900642,008283,Dayton Business Technology High School,7,1
2020,3900643,008282,North Woods Career Prep High School,7,1
2020,3900644,008281,South Scioto Academy,7,1
2020,3900645,008280,Noble Academy-Columbus,7,1
2020,3900646,008278,Noble Academy-Cleveland,7,1
2020,3900647,008289,Eagle Learning Center,7,1
2020,3901296,009181,Clay Avenue Community School,7,2
2020,3901298,009171,Star Academy of Toledo,7,2
2020,3901301,009192,Foundation Academy,7,1
2020,3901302,009283,Dayton Early College Academy Inc,7,1
2020,3901305,009122,Columbus Collegiate Academy,7,1
2020,3901313,009164,Central Academy of Ohio,7,1
2020,3901314,009148,Zanesville Community School,7,1
2020,3901322,009179,Horizon Science Academy Columbus Middle School,7,1
2020,3901326,009149,Constellation Schools: Westside Community School of the Arts,7,1
2020,3901329,009996,Mahoning County High School,7,1
2020,3901330,009997,KIPP Columbus,7,1
2020,3901335,010036,Cesar Chavez College Preparatory School,7,1
2020,3901337,010182,Performance Academy Eastland,7,1
2020,3901339,010205,L. Hollingworth School for Talented and Gifted,7,1
2020,3901344,009953,Sullivant Avenue Community School,7,1
2020,3901345,009954,Harrisburg Pike Community School,7,2
2020,3901346,009955,Madison Avenue School of Arts,7,1
2020,3901347,009957,Klepinger Community School,7,1
2020,3901350,009971,Ashland County Community Academy,7,1
2020,3901353,009990,Horizon Science Academy Elementary School,7,1
2020,3901354,011439,Renaissance Academy,7,1
2020,3901362,011507,Achieve Career Preparatory Academy,7,1
2020,3901363,011511,Lakeland Academy Community School,7,1
2020,3901365,011533,Horizon Science Academy Lorain,7,1
2020,3901366,011534,Horizon Science Academy Dayton High School,7,1
2020,3901368,011291,Village Preparatory School Cliffs,7,1
2020,3901369,011381,Greater Summit County Early Learning Center,7,1
2020,3901370,011390,Bella Academy of Excellence,7,1
2020,3901374,011506,Dayton Regional STEM School,1,1
2020,3901375,011468,Columbus Bilingual Academy-North,7,1
2020,3901376,011923,Northeast Ohio College Preparatory School,7,1
2020,3901377,011947,Imagine Akron Academy,7,1
2020,3901378,011956,Everest High School,7,1
2020,3901381,011967,The Richland School of Academic Arts,7,1
2020,3901382,011972,Graham Elementary and Middle School,7,1
2020,3901383,011976,Horizon Science Academy Dayton Downtown,7,1
2020,3901389,011986,Horizon Science Academy Youngstown,7,1
2020,3901396,012009,Zenith Academy East,7,1
2020,3901397,012010,Cleveland College Preparatory School,7,1
2020,3901398,012011,Columbus Performance Academy,7,1
2020,3901403,012025,Constellation Schools: Stockyard Community Middle,7,1
2020,3901405,012030,Near West Intergenerational School,7,1
2020,3901407,012033,Foxfire Intermediate School,7,1
2020,3901409,012036,Regent High School,7,1
2020,3901410,012037,Mason Run High School,7,1
2020,3901411,012038,Old Brook High School,7,1
2020,3901412,012040,Road to Success Academy,7,1
2020,3901413,012041,Central High School,7,1
2020,3901414,012042,George V. Voinovich High School,7,1
2020,3901415,012043,Frederick Douglass High School,7,1
2020,3901416,012044,Capital High School,7,1
2020,3901417,012045,Patriot Preparatory Academy,7,1
2020,3901420,012054,North Central Academy,7,1
2020,3901427,012105,Southside Academy,7,1
2020,3901428,012060,Akros Middle School,7,1
2020,3901429,011324,Hardin Community School,7,1
2020,3901430,012684,Broadway Academy,7,1
2020,3901432,012671,Constellation Schools: Eastside Arts Academy,7,1
2020,3901433,012528,The Academy for Urban Scholars,7,1
2020,3901434,012644,STEAM Academy of Warren,7,1
2020,3901444,012029,Citizens Leadership Academy,7,1
2020,3901450,012867,Townsend North Community School,7,1
2020,3901451,012529,Focus North High School,7,1
2020,3901454,012627,Eagle Elementary of Akron,7,1
2020,3901457,012541,University of Cleveland Preparatory School,7,1
2020,3901463,012501,Beacon Hill Academy,7,1
2020,3901465,012558,Global Village Academy,7,1
2020,3901470,013255,Canton College Preparatory School,7,1
2020,3901472,013249,Academy for Urban Scholars Youngstown,7,1
2020,3901473,013170,The Brilliance School,7,1
2020,3901475,013175,SunBridge Schools,7,1
2020,3901478,012951,Columbus Collegiate Academy - West,7,1
2020,3901480,013232,A+ Children's Academy,7,1
2020,3901482,013147,STEAM Academy of Warrensville Heights,7,1
2020,3901486,012852,Citizens Academy East,7,2
2020,3901487,013253,Ohio College Preparatory School,7,1
2020,3901488,013173,Imagine Environmental Science Academy,7,1
2020,3901490,012391,Metro Early College High School,1,1
2020,3901496,013199,Cleveland Preparatory Academy,7,1
2020,3901498,013148,Stepstone Academy,7,1
2020,3901499,013132,Lake Erie College Preparatory School,7,1
2020,3901502,013195,Academy of Educational Excellence,7,1
2020,3901503,013254,Akron Preparatory School,7,1
2020,3901505,013034,Village Preparatory School Woodland Hills,7,1
2020,3901508,012924,DECA PREP,7,1
2020,3901511,014066,Main Preparatory Academy,7,1
2020,3901512,014231,Bio-Med Science Academy STEM School,1,1
2020,3901514,014189,West Park Academy,7,1
2020,3901516,013864,Cincinnati Technology Academy,7,1
2020,3901520,014091,Hope Learning Academy of Toledo,7,1
2020,3901521,014139,Imagine Columbus Primary School,7,1
2020,3901524,014064,Winton Preparatory Academy,7,2
2020,3901526,014187,East Academy,7,1
2020,3901527,014061,Chapelside Cleveland Academy,7,2
2020,3901529,014467,United Preparatory Academy,7,1
2020,3901530,014067,Ohio Construction Academy,7,1
2020,3901533,013892,Franklinton Preparatory Academy,7,2
2020,3901535,013930,Global Impact STEM Academy,1,1
2020,3901536,014149,Dayton SMART Elementary School,7,1
2020,3901539,013994,Albert Einstein Academy for Letters Arts and Sciences-Ohio,7,1
2020,3901543,014065,Lincoln Park Academy,7,1
2020,3901545,014188,Discovery Academy,7,1
2020,3901549,014121,Imagine Leadership Academy,7,1
2020,3901550,014090,Eastland Preparatory Academy,7,1
2020,3901551,013962,Liberty Preparatory School,7,1
2020,3901554,014147,East Preparatory Academy,7,1
2020,3901555,013999,Rise & Shine Academy,7,1
2020,3901556,014063,University Academy,7,2
2020,3901564,014913,Lakeshore Intergenerational School,7,1
2020,3901565,014943,Valley STEM+ME2 Academy,1,1
2020,3901566,014830,Utica Shale Academy of Ohio,7,1
2020,3901567,014927,Steel Academy,7,1
2020,3901568,014904,T2 Honors Academy,7,1
2020,3901570,015261,Citizens Academy Southeast,7,1
2020,3901571,015239,Stonebrook Montessori,7,2
2020,3901574,015237,Flex High School,7,1
2020,3901575,015329,iSTEM Geauga Early College High School,1,1
2020,3901576,015234,Zenith Academy West,7,1
2020,3901577,015344,Tri-State STEM+M Early College High School,1,1
2020,3901581,015722,Village Preparatory School Willard,7,1
2020,3901582,015710,Bridge Gate Community School,7,1
2020,3901583,015741,Westwood Preparatory Academy,7,1
2020,3901584,015713,East Branch Preparatory AcademydbaWright Preparatory Academy,7,1
2020,3901585,015736,iLEAD Spring Meadows,7,1
2020,3901586,015709,Beacon Academy,7,1
2020,3901587,015714,Urban Early College Network,7,1
2020,3901588,015737,Global Ambassadors Language Academy,7,1
2020,3901589,014777,Midwest Regional ESC,4,1
2020,3901590,016850,Cincinnati Achievement Academy,7,1
2020,3901591,016836,Kids Care Elementary,7,1
2020,3901592,015712,Euclid Preparatory School,7,1
2020,3901593,016858,United Preparatory Academy East,7,1
2020,3901594,016843,Citizens Leadership Academy East,7,1
2020,3901595,016849,Liberty High School,7,1
2020,3901596,016829,South Columbus Preparatory Academy at German Village,7,1
2020,3901597,016837,Orchard Park Academy,7,1
2020,3901598,016811,Inspire Charter School - Elementary,7,2
2020,3901599,017233,Great River Connections Academy,7,1
2020,3901600,016812,SMART Academy,7,1
2020,3901601,017212,Dampe Community School,7,1
2020,3901602,017275,AchievePoint Career Academy - Cincinnati,7,1
2020,3901603,017270,Lorain Bilingual Preparatory Academy,7,1
2020,3901604,017259,Montgomery Preparatory Academy,7,1
2020,3901605,017274,Mount Auburn Preparatory Academy,7,1
2020,3901606,017123,Horizon Science Academy Primary,7,1
2020,3901608,017536,Kenmore Preparatory Academy dba Toledo Preparatory Academy,7,1
2020,3901609,017585,Marion Preparatory Academy,7,1
2020,3901610,017537,Capital Collegiate Preparatory Academy,7,1
2020,3901611,017538,North Columbus Preparatory Academy,7,1
2020,3901612,017535,Huber Heights Preparatory Academy dba Parma Academy,7,1
2020,3901613,017498,Northwest Ohio Classical Academy,7,1
2020,3901614,017490,ReGeneration Bond Hill,7,1
2020,3901615,017643,Ohio Digital Learning School,7,1
2020,3901616,017599,Priority High School,7,1
2020,3901617,017497,Cypress High School,7,1
2020,3901618,019152,Buckeye Community School,7,3
2020,3901619,019156,Quaker Preparatory Academy,7,3
2020,3901620,019197,Flex High School Cleveland,7,3
2020,3901621,019199,Central Point Preparatory Academy,7,3
2020,3901622,019200,South Columbus Preparatory Academy at Southfield,7,3
2020,3901623,019201,Franklinton Prep High School,7,3
2020,3901624,019212,Valor Academy Inc.,7,3
2020,3901625,019220,North Shore High School,7,3
2020,3901626,019221,Case Preparatory Academy,7,3
2020,3901627,019226,Franklinton High School,7,3
2020,3901628,019227,Dublin Preparatory Academy dba Northside Preparatory Academy,7,3
2020,3901629,019235,Focus Learning Academy of Central Columbus,7,3
2020,3904348,043489,Akron City,1,1
2020,3904349,043497,Alliance City,1,1
2020,3904350,043505,Ashland City,1,1
2020,3904351,043513,Ashtabula Area City,1,1
2020,3904352,043521,Athens City,1,1
2020,3904353,043539,Barberton City,1,1
2020,3904354,043547,Bay Village City,1,1
2020,3904355,043554,Beachwood City,1,1
2020,3904357,043570,Bellaire Local,1,1
2020,3904358,043588,Bellefontaine City,1,1
2020,3904359,043596,Bellevue City,1,1
2020,3904360,043612,Berea City,1,1
2020,3904361,043604,Belpre City,1,1
2020,3904362,043620,Bexley City,1,1
2020,3904363,043638,Bowling Green City School District,1,1
2020,3904364,043646,Brecksville-Broadview Heights City,1,1
2020,3904365,043653,Brooklyn City,1,1
2020,3904366,043661,Brunswick City,1,1
2020,3904367,043679,Bryan City,1,1
2020,3904368,043687,Bucyrus City,1,1
2020,3904369,043695,Cambridge City,1,1
2020,3904370,043703,Campbell City,1,1
2020,3904371,043711,Canton City,1,1
2020,3904373,043737,Centerville City,1,1
2020,3904374,043745,Chillicothe City,1,1
2020,3904375,043752,Cincinnati Public Schools,1,1
2020,3904376,043760,Circleville City,1,1
2020,3904377,043778,Claymont City,1,1
2020,3904378,043786,Cleveland Municipal,1,1
2020,3904379,043794,Cleveland Heights-University Heights City,1,1
2020,3904380,043802,Columbus City School District,1,1
2020,3904381,043810,Conneaut Area City,1,1
2020,3904382,043828,Coshocton City,1,1
2020,3904383,043836,Cuyahoga Falls City,1,1
2020,3904384,043844,Dayton City,1,1
2020,3904385,043851,Deer Park Community City,1,1
2020,3904386,043869,Defiance City,1,1
2020,3904387,043877,Delaware City,1,1
2020,3904388,043885,Delphos City,1,1
2020,3904389,043893,Dover City,1,1
2020,3904390,043901,East Cleveland City School District,1,1
2020,3904391,043919,East Liverpool City,1,1
2020,3904392,043927,East Palestine City,1,1
2020,3904393,043935,Eaton Community City,1,1
2020,3904394,043943,Elyria City Schools,1,1
2020,3904395,043950,Euclid City,1,1
2020,3904396,043968,Fairborn City,1,1
2020,3904397,043976,Fairview Park City,1,1
2020,3904399,043992,Fostoria City,1,1
2020,3904400,044008,Franklin City,1,1
2020,3904401,044016,Fremont City,1,1
2020,3904402,044024,Galion City,1,1
2020,3904403,044032,Gallipolis City,1,1
2020,3904404,044040,Garfield Heights City Schools,1,1
2020,3904405,044057,Geneva Area City,1,1
2020,3904406,044065,Girard City School District,1,1
2020,3904407,044073,Grandview Heights Schools,1,1
2020,3904408,044081,Winton Woods City,1,1
2020,3904409,044099,Greenville City,1,1
2020,3904410,044107,Hamilton City,1,1
2020,3904411,044115,Heath City,1,1
2020,3904412,044123,Hillsboro City,1,1
2020,3904413,044131,Huron City Schools,1,1
2020,3904414,044149,Ironton City School District,1,1
2020,3904415,044156,Jackson City,1,1
2020,3904416,044164,Kent City,1,1
2020,3904418,044180,Kettering City School District,1,1
2020,3904419,044198,Lakewood City,1,1
2020,3904420,044206,Lancaster City,1,1
2020,3904421,044214,Lebanon City,1,1
2020,3904422,044222,Lima City,1,1
2020,3904423,044230,Lockland Local,1,1
2020,3904424,044248,Logan-Hocking Local,1,1
2020,3904425,044255,London City,1,1
2020,3904426,044263,Lorain City,1,1
2020,3904427,044271,Loveland City,1,1
2020,3904428,044289,Madeira City,1,1
2020,3904429,044297,Mansfield City,1,1
2020,3904430,044305,Maple Heights City,1,1
2020,3904431,044313,Mariemont City,1,1
2020,3904433,044339,Marion City,1,1
2020,3904434,044347,Martins Ferry City,1,1
2020,3904435,044354,Massillon City,1,1
2020,3904436,044362,Maumee City,1,1
2020,3904437,044370,Mayfield City,1,1
2020,3904438,044388,Medina City SD,1,1
2020,3904439,044396,Miamisburg City,1,1
2020,3904440,044404,Middletown City,1,1
2020,3904441,044412,Mt Healthy City,1,1
2020,3904443,044438,Napoleon Area City,1,1
2020,3904444,044446,Nelsonville-York City,1,1
2020,3904445,044453,Newark City,1,1
2020,3904446,044461,New Boston Local,1,1
2020,3904447,044479,New Lexington School District,1,1
2020,3904448,044487,New Philadelphia City,1,1
2020,3904449,044495,Niles City,1,1
2020,3904450,044503,North Canton City,1,1
2020,3904451,044511,North College Hill City,1,1
2020,3904452,044529,North Olmsted City,1,1
2020,3904453,044537,North Ridgeville City,1,1
2020,3904454,044545,North Royalton City,1,1
2020,3904455,044552,Norton City,1,1
2020,3904456,044560,Norwalk City,1,1
2020,3904457,044578,Norwood City,1,1
2020,3904458,044586,Oakwood City,1,1
2020,3904459,044594,Oberlin City Schools,1,1
2020,3904460,044602,Oregon City,1,1
2020,3904461,044610,Orrville City,1,1
2020,3904463,044636,Parma City,1,1
2020,3904464,044644,Piqua City,1,1
2020,3904465,044651,Port Clinton City,1,1
2020,3904467,044677,Princeton City,1,1
2020,3904468,044685,Ravenna City,1,1
2020,3904469,044693,Reading Community City,1,1
2020,3904470,044701,Rocky River City,1,1
2020,3904471,044719,St Bernard-Elmwood Place City,1,1
2020,3904472,044727,St Marys City,1,1
2020,3904474,044743,Sandusky City,1,1
2020,3904475,044750,Shaker Heights City,1,1
2020,3904476,044768,Sheffield-Sheffield Lake City,1,1
2020,3904479,044792,South Euclid-Lyndhurst City,1,1
2020,3904480,044800,South-Western City,1,1
2020,3904481,044818,Springfield City School District,1,1
2020,3904482,044826,Steubenville City,1,1
2020,3904483,044834,Stow-Munroe Falls City School District,1,1
2020,3904484,044842,Strongsville City,1,1
2020,3904485,044859,Struthers City,1,1
2020,3904486,044867,Sycamore Community City,1,1
2020,3904487,044875,Sylvania Schools,1,1
2020,3904488,044883,Tallmadge City,1,1
2020,3904489,044891,Tiffin City Schools,1,1
2020,3904490,044909,Toledo City,1,1
2020,3904491,044917,Toronto City,1,1
2020,3904492,044925,Troy City,1,1
2020,3904493,044933,Upper Arlington City,1,1
2020,3904494,044941,Urbana City,1,1
2020,3904495,044958,Vandalia-Butler City,1,1
2020,3904498,044982,Wapakoneta City,1,1
2020,3904499,044990,Warren City,1,1
2020,3904500,045005,Warrensville Heights City,1,1
2020,3904502,045021,Wellston City,1,1
2020,3904503,045039,Wellsville Local,1,1
2020,3904504,045047,Westerville City,1,1
2020,3904505,045054,West Carrollton City,1,1
2020,3904506,045062,Westlake City,1,1
2020,3904507,045070,Whitehall City,1,1
2020,3904508,045088,Wickliffe City,1,1
2020,3904509,045096,Willard City,1,1
2020,3904510,045104,Willoughby-Eastlake City,1,1
2020,3904511,045112,Wilmington City,1,1
2020,3904513,045138,Worthington City,1,1
2020,3904514,045146,Wyoming City,1,1
2020,3904515,045153,Xenia Community City,1,1
2020,3904516,045161,Youngstown City,1,1
2020,3904517,045179,Zanesville City,1,1
2020,3904518,045187,Ada Exempted Village,1,1
2020,3904519,045195,Amherst Exempted Village,1,1
2020,3904520,045203,Barnesville Exempted Village,1,1
2020,3904521,045211,Bluffton Exempted Village,1,1
2020,3904522,045229,Bradford Exempted Village,1,1
2020,3904523,045237,Bridgeport Exempted Village,1,1
2020,3904524,045245,Harrison Hills City,1,1
2020,3904525,045252,Caldwell Exempted Village,1,1
2020,3904526,045260,Carey Exempted Village Schools,1,1
2020,3904527,045278,Carrollton Exempted Village,1,1
2020,3904528,045286,Chagrin Falls Exempted Village,1,1
2020,3904529,045294,Chesapeake Union Exempted Village,1,1
2020,3904531,045310,Coldwater Exempted Village,1,1
2020,3904532,045328,Columbiana Exempted Village,1,1
2020,3904533,045336,Covington Exempted Village,1,1
2020,3904535,045351,Crooksville Exempted Village,1,1
2020,3904536,045369,Fairport Harbor Exempted Village,1,1
2020,3904537,045377,Georgetown Exempted Village,1,1
2020,3904538,045385,Gibsonburg Exempted Village,1,1
2020,3904539,045393,Granville Exempted Village,1,1
2020,3904540,045401,Greenfield Exempted Village,1,1
2020,3904541,045419,Hicksville Exempted Village,1,1
2020,3904542,045427,Hubbard Exempted Village,1,1
2020,3904543,045435,Indian Hill Exempted Village,1,1
2020,3904545,045450,Lisbon Exempted Village,1,1
2020,3904546,045468,Loudonville-Perrysville Exempted Village,1,1
2020,3904547,045476,Marysville Exempted Village,1,1
2020,3904548,045484,Mechanicsburg Exempted Village,1,1
2020,3904549,045492,Mentor Exempted Village,1,1
2020,3904550,045500,Milford Exempted Village,1,1
2020,3904551,045518,Milton-Union Exempted Village,1,1
2020,3904552,045526,Montpelier Exempted Village,1,1
2020,3904553,045534,Mount Gilead Exempted Village,1,1
2020,3904554,045542,Newcomerstown Exempted Village,1,1
2020,3904555,045559,New Richmond Exempted Village,1,1
2020,3904556,045567,Newton Falls Exempted Village,1,1
2020,3904557,045575,Paulding Exempted Village,1,1
2020,3904558,045583,Perrysburg Exempted Village,1,1
2020,3904560,045609,Rossford Exempted Village,1,1
2020,3904561,045617,Tipp City Exempted Village,1,1
2020,3904563,045633,Versailles Exempted Village,1,1
2020,3904564,045641,Wauseon Exempted Village,1,1
2020,3904565,045658,Wellington Exempted Village,1,1
2020,3904566,045666,Windham Exempted Village,1,1
2020,3904567,045674,Yellow Springs Exempted Village,1,1
2020,3904574,045740,Allen County ESC,4,1
2020,3904575,045757,Allen East Local,1,1
2020,3904576,045765,Bath Local,1,1
2020,3904577,045773,Elida Local,1,1
2020,3904578,045781,Perry Local,1,1
2020,3904579,045799,Shawnee Local,1,1
2020,3904580,045807,Spencerville Local,1,1
2020,3904582,045823,Hillsdale Local,1,1
2020,3904583,045831,Mapleton Local,1,1
2020,3904584,045849,Ashtabula County ESC,4,1
2020,3904585,045856,Buckeye Local,1,1
2020,3904586,045864,Grand Valley Local,1,1
2020,3904587,045872,Jefferson Area Local,1,1
2020,3904588,045880,Pymatuning Valley Local,1,1
2020,3904590,045906,Alexander Local,1,1
2020,3904591,045914,Federal Hocking Local,1,1
2020,3904592,045922,Trimble Local,1,1
2020,3904593,045930,Auglaize County ESC,4,1
2020,3904594,045948,Minster Local,1,1
2020,3904595,045955,New Bremen Local,1,1
2020,3904596,045963,New Knoxville Local,1,1
2020,3904597,045971,Waynesfield-Goshen Local,1,1
2020,3904599,045997,St Clairsville-Richland City,1,1
2020,3904600,046003,Shadyside Local,1,1
2020,3904601,046011,Union Local,1,1
2020,3904602,046029,Brown ESC,4,1
2020,3904603,046037,Eastern Local School District,1,1
2020,3904604,046045,Fayetteville-Perry Local,1,1
2020,3904606,046060,Western Brown Local,1,1
2020,3904607,046078,Ripley-Union-Lewis-Huntington Local,1,1
2020,3904608,046086,Butler County ESC,4,1
2020,3904609,046094,Edgewood City,1,1
2020,3904610,046102,Fairfield City,1,1
2020,3904611,046110,Lakota Local,1,1
2020,3904612,046128,Madison Local,1,1
2020,3904613,046136,New Miami Local,1,1
2020,3904614,046144,Ross Local,1,1
2020,3904615,046151,Talawanda City,1,1
2020,3904617,046177,Brown Local,1,1
2020,3904619,046193,Graham Local,1,1
2020,3904620,046201,Triad Local,1,1
2020,3904621,046219,West Liberty-Salem Local,1,1
2020,3904622,046227,Clark County ESC,4,1
2020,3904623,046235,Greenon Local,1,1
2020,3904624,046243,Tecumseh Local,1,1
2020,3904625,046250,Northeastern Local,1,1
2020,3904626,046268,Northwestern Local,1,1
2020,3904627,046276,Southeastern Local,1,1
2020,3904628,046284,Clark-Shawnee Local,1,1
2020,3904629,046292,Clermont County ESC,4,1
2020,3904630,046300,Batavia Local,1,1
2020,3904631,046318,Bethel-Tate Local,1,1
2020,3904632,046326,Clermont Northeastern Local,1,1
2020,3904633,046334,Felicity-Franklin Local,1,1
2020,3904634,046342,Goshen Local,1,1
2020,3904635,046359,West Clermont Local,1,1
2020,3904636,046367,Williamsburg Local,1,1
2020,3904637,046375,Southern Ohio ESC,4,1
2020,3904638,046383,Blanchester Local,1,1
2020,3904639,046391,Clinton-Massie Local,1,1
2020,3904640,046409,East Clinton Local,1,1
2020,3904641,046417,Columbiana County ESC,4,1
2020,3904642,046425,Beaver Local,1,1
2020,3904643,046433,Crestview Local,1,1
2020,3904644,046441,Southern Local,1,1
2020,3904645,046458,United Local,1,1
2020,3904647,046474,Ridgewood Local,1,1
2020,3904648,046482,River View Local,1,1
2020,3904650,046508,Buckeye Central Local,1,1
2020,3904651,046516,Colonel Crawford Local,1,1
2020,3904652,046524,Wynford Local,1,1
2020,3904653,046532,ESC of Northeast Ohio,4,1
2020,3904655,046557,Cuyahoga Heights Local,1,1
2020,3904656,046565,Independence Local,1,1
2020,3904657,046573,Olmsted Falls City,1,1
2020,3904659,046599,Richmond Heights Local,1,1
2020,3904660,046607,Solon City,1,1
2020,3904661,046615,Darke County ESC,4,1
2020,3904662,046623,Ansonia Local,1,1
2020,3904663,046631,Arcanum-Butler Local,1,1
2020,3904664,046649,Franklin Monroe Local,1,1
2020,3904667,046672,Mississinawa Valley Local,1,1
2020,3904668,046680,Tri-Village Local,1,1
2020,3904670,046706,Ayersville Local,1,1
2020,3904671,046714,Central Local,1,1
2020,3904672,046722,Northeastern Local,1,1
2020,3904674,046748,Big Walnut Local,1,1
2020,3904675,046755,Buckeye Valley Local,1,1
2020,3904676,046763,Olentangy Local,1,1
2020,3904678,046789,Edison Local (formerly Berlin-Milan),1,1
2020,3904679,046797,Kelleys Island Local,1,1
2020,3904680,046805,Margaretta Local,1,1
2020,3904681,046813,Perkins Local,1,1
2020,3904682,046821,Vermilion Local,1,1
2020,3904683,046839,Fairfield County ESC,4,1
2020,3904684,046847,Amanda-Clearcreek Local,1,1
2020,3904685,046854,Berne Union Local,1,1
2020,3904686,046862,Bloom-Carroll Local,1,1
2020,3904687,046870,Fairfield Union Local,1,1
2020,3904688,046888,Liberty Union-Thurston Local,1,1
2020,3904689,046896,Pickerington Local,1,1
2020,3904690,046904,Walnut Township Local,1,1
2020,3904693,046938,ESC of Central Ohio,4,1
2020,3904694,046946,Canal Winchester Local,1,1
2020,3904695,046953,Hamilton Local,1,1
2020,3904696,046961,Gahanna-Jefferson City,1,1
2020,3904697,046979,Groveport Madison Local,1,1
2020,3904699,046995,New Albany-Plain Local,1,1
2020,3904700,047001,Reynoldsburg City,1,1
2020,3904701,047019,Hilliard City,1,1
2020,3904702,047027,Dublin City,1,1
2020,3904704,047043,Archbold-Area Local,1,1
2020,3904705,047050,Evergreen Local,1,1
2020,3904706,047068,Fayette Local,1,1
2020,3904707,047076,Pettisville Local,1,1
2020,3904708,047084,Pike-Delta-York Local,1,1
2020,3904709,047092,Swanton Local,1,1
2020,3904715,047159,Geauga County Educational Service Center,4,2
2020,3904716,047167,Berkshire Local,1,1
2020,3904717,047175,Cardinal Local,1,1
2020,3904718,047183,Chardon Local,1,1
2020,3904719,047191,Kenston Local,1,1
2020,3904721,047217,Newbury Local,1,2
2020,3904722,047225,West Geauga Local,1,1
2020,3904723,047233,Greene County ESC,4,1
2020,3904724,047241,Beavercreek City,1,1
2020,3904725,047258,Cedar Cliff Local,1,1
2020,3904726,047266,Greeneview Local,1,1
2020,3904727,047274,Bellbrook-Sugarcreek Local,1,1
2020,3904730,047308,Rolling Hills Local,1,1
2020,3904732,047324,Hamilton County ESC,4,1
2020,3904733,047332,Finneytown Local,1,1
2020,3904734,047340,Forest Hills Local,1,1
2020,3904736,047365,Northwest Local,1,1
2020,3904737,047373,Oak Hills Local,1,1
2020,3904738,047381,Southwest Local,1,1
2020,3904739,047399,Three Rivers Local,1,1
2020,3904740,047407,Hancock County ESC,4,1
2020,3904742,047423,Arlington Local,1,1
2020,3904743,047431,Cory-Rawson Local,1,1
2020,3904744,047449,Liberty-Benton Local,1,1
2020,3904745,047456,McComb Local,1,1
2020,3904747,047472,Vanlue Local,1,1
2020,3904749,047498,Hardin Northern Local,1,1
2020,3904750,047506,Ridgemont Local,1,1
2020,3904751,047514,Riverdale Local,1,1
2020,3904752,047522,Upper Scioto Valley Local,1,1
2020,3904754,047548,Conotton Valley Union Local,1,1
2020,3904757,047571,Holgate Local,1,1
2020,3904758,047589,Liberty Center Local,1,1
2020,3904759,047597,Patrick Henry Local,1,1
2020,3904761,047613,Bright Local,1,1
2020,3904762,047621,Fairfield Local,1,1
2020,3904763,047639,Lynchburg-Clay Local,1,1
2020,3904768,047688,East Holmes Local,1,1
2020,3904769,047696,West Holmes Local,1,1
2020,3904771,047712,Monroeville Local,1,1
2020,3904772,047720,New London Local,1,1
2020,3904773,047738,South Central Local,1,1
2020,3904774,047746,Western Reserve Local,1,1
2020,3904776,047761,Oak Hill Union Local,1,1
2020,3904777,047779,Jefferson County ESC,4,1
2020,3904778,047787,Buckeye Local,1,1
2020,3904779,047795,Edison Local,1,1
2020,3904780,047803,Indian Creek Local,1,1
2020,3904781,047811,Knox County ESC,4,1
2020,3904782,047829,Centerburg Local,1,1
2020,3904783,047837,Danville Local,1,1
2020,3904785,047852,Fredericktown Local,1,1
2020,3904786,047860,Educational Service Center of the Western Reserve,4,1
2020,3904787,047878,Kirtland Local,1,1
2020,3904788,047886,Madison Local,1,1
2020,3904790,047902,Perry Local,1,1
2020,3904791,047910,Lawrence County ESC,4,1
2020,3904792,047928,Dawson-Bryant Local,1,1
2020,3904793,047936,Fairland Local,1,1
2020,3904794,047944,Rock Hill Local,1,1
2020,3904795,047951,South Point Local,1,1
2020,3904796,047969,Symmes Valley Local,1,1
2020,3904797,047977,Licking County ESC,4,1
2020,3904798,047985,Johnstown-Monroe Local,1,1
2020,3904799,047993,Lakewood Local,1,1
2020,3904800,048009,Licking Heights Local,1,1
2020,3904801,048017,Licking Valley Local,1,1
2020,3904802,048025,North Fork Local,1,1
2020,3904803,048033,Northridge Local,1,1
2020,3904804,048041,Southwest Licking Local,1,1
2020,3904807,048074,Benjamin Logan Local,1,1
2020,3904808,048082,Indian Lake Local,1,1
2020,3904809,048090,Riverside Local,1,1
2020,3904810,048108,Lorain County ESC,4,1
2020,3904811,048116,Avon Local,1,1
2020,3904812,048124,Avon Lake City,1,1
2020,3904813,048132,Clearview Local,1,1
2020,3904814,048140,Columbia Local,1,1
2020,3904815,048157,Firelands Local,1,1
2020,3904816,048165,Keystone Local,1,1
2020,3904817,048173,Midview Local,1,1
2020,3904819,048199,ESC of Lake Erie West,4,1
2020,3904820,048207,Anthony Wayne Local,1,1
2020,3904821,048215,Ottawa Hills Local,1,1
2020,3904822,048223,Springfield Local,1,1
2020,3904823,048231,Washington Local,1,1
2020,3904825,048256,Jefferson Local,1,1
2020,3904826,048264,Jonathan Alder Local,1,1
2020,3904827,048272,Madison-Plains Local,1,1
2020,3904828,048280,Mahoning County ESC,4,1
2020,3904829,048298,Austintown Local Schools,1,1
2020,3904830,048306,Boardman Local,1,1
2020,3904831,048314,Canfield Local,1,1
2020,3904832,048322,Jackson-Milton Local,1,1
2020,3904833,048330,Lowellville Local,1,1
2020,3904834,048348,Poland Local,1,1
2020,3904835,048355,Sebring Local,1,1
2020,3904836,048363,South Range Local,1,1
2020,3904837,048371,Springfield Local,1,1
2020,3904838,048389,West Branch Local,1,1
2020,3904839,048397,Western Reserve Local,1,1
2020,3904841,048413,Elgin Local,1,1
2020,3904842,048421,Pleasant Local,1,1
2020,3904843,048439,Ridgedale Local,1,1
2020,3904844,048447,River Valley Local,1,1
2020,3904845,048454,Medina County ESC,4,1
2020,3904846,048462,Black River Local,1,1
2020,3904847,048470,Buckeye Local,1,1
2020,3904848,048488,Cloverleaf Local,1,1
2020,3904849,048496,Highland Local,1,1
2020,3904851,048512,Eastern Local,1,1
2020,3904852,048520,Meigs Local,1,1
2020,3904853,048538,Southern Local,1,1
2020,3904854,048546,Mercer County Educational Service Center,4,1
2020,3904857,048579,Parkway Local,1,1
2020,3904858,048587,St Henry Consolidated Local,1,1
2020,3904859,048595,Fort Recovery Local,1,1
2020,3904860,048603,Miami County ESC,4,1
2020,3904861,048611,Bethel Local,1,1
2020,3904862,048629,Miami East Local,1,1
2020,3904863,048637,Newton Local,1,1
2020,3904865,048652,Switzerland of Ohio Local,1,1
2020,3904866,048660,Montgomery County ESC,4,1
2020,3904867,048678,Brookville Local,1,1
2020,3904868,048686,Jefferson Township Local,1,1
2020,3904869,048694,Trotwood-Madison City,1,1
2020,3904870,048702,Mad River Local,1,1
2020,3904871,048710,New Lebanon Local School District,1,1
2020,3904872,048728,Northmont City,1,1
2020,3904873,048736,Northridge Local,1,1
2020,3904874,048744,Valley View Local,1,1
2020,3904875,048751,Huber Heights City,1,1
2020,3904877,048777,Morgan Local,1,1
2020,3904879,048793,Cardington-Lincoln Local,1,1
2020,3904880,048801,Highland Local,1,1
2020,3904881,048819,Northmor Local,1,1
2020,3904883,048835,East Muskingum Local,1,1
2020,3904884,048843,Franklin Local,1,1
2020,3904885,048850,Maysville Local,1,1
2020,3904887,048876,Tri-Valley Local,1,1
2020,3904888,048884,West Muskingum Local,1,1
2020,3904890,048900,Noble Local,1,1
2020,3904892,048926,Benton Carroll Salem Local,1,1
2020,3904893,048934,Danbury Local,1,1
2020,3904894,048942,Genoa Area Local,1,1
2020,3904895,048959,Middle Bass Local,1,1
2020,3904896,048967,North Bass Local,1,1
2020,3904897,048975,Put-In-Bay Local,1,1
2020,3904899,048991,Antwerp Local,1,1
2020,3904900,049296,Twin Valley Community Local,1,1
2020,3904903,049031,Wayne Trace Local,1,1
2020,3904905,049056,Northern Local,1,1
2020,3904906,049064,Southern Local,1,1
2020,3904907,049072,Pickaway County ESC,4,1
2020,3904908,049080,Logan Elm Local,1,1
2020,3904909,049098,Teays Valley Local,1,1
2020,3904910,049106,Westfall Local,1,1
2020,3904912,049122,Eastern Local School District,1,1
2020,3904913,049130,Scioto Valley Local,1,1
2020,3904914,049148,Waverly City,1,1
2020,3904915,049155,Western Local,1,1
2020,3904917,049171,Aurora City,1,1
2020,3904918,049189,Crestwood Local,1,1
2020,3904919,049197,Field Local,1,1
2020,3904920,049205,James A Garfield Local,1,1
2020,3904921,049213,Rootstown Local,1,1
2020,3904922,049221,Southeast Local,1,1
2020,3904923,049239,Streetsboro City,1,1
2020,3904924,049247,Waterloo Local,1,1
2020,3904925,049254,Preble County ESC,4,1
2020,3904926,091397,Tri-County North Local,1,1
2020,3904927,049270,National Trail Local,1,1
2020,3904928,049288,Preble Shawnee Local,1,1
2020,3904930,049304,Putnam County ESC,4,1
2020,3904931,049312,Columbus Grove Local,1,1
2020,3904932,049320,Continental Local,1,1
2020,3904933,049338,Jennings Local,1,1
2020,3904934,049346,Kalida Local,1,1
2020,3904935,049353,Leipsic Local,1,1
2020,3904936,049361,Miller City-New Cleveland Local,1,1
2020,3904937,049379,Ottawa-Glandorf Local,1,1
2020,3904938,049387,Ottoville Local,1,1
2020,3904939,049395,Pandora-Gilboa Local,1,1
2020,3904941,049411,Clear Fork Valley Local,1,1
2020,3904942,049429,Crestview Local,1,1
2020,3904943,049437,Lexington Local,1,1
2020,3904944,049445,Lucas Local,1,1
2020,3904945,049452,Madison Local,1,1
2020,3904946,049460,Plymouth-Shiloh Local,1,1
2020,3904947,049478,Ontario Local,1,1
2020,3904949,049494,Adena Local,1,1
2020,3904950,049502,Huntington Local,1,1
2020,3904951,049510,Paint Valley Local,1,1
2020,3904952,049528,Southeastern Local,1,1
2020,3904953,049536,Union-Scioto Local,1,1
2020,3904954,049544,Zane Trace Local,1,1
2020,3904956,049569,Lakota Local,1,1
2020,3904957,049577,Woodmore Local,1,1
2020,3904959,049593,Bloom-Vernon Local,1,1
2020,3904961,049619,Green Local,1,1
2020,3904962,049627,Minford Local,1,1
2020,3904963,049635,Northwest Local,1,1
2020,3904964,049643,Valley Local,1,1
2020,3904965,049650,Washington-Nile Local,1,1
2020,3904966,049668,Wheelersburg Local,1,1
2020,3904968,049684,Seneca East Local,1,1
2020,3904970,049700,Hopewell-Loudon Local,1,1
2020,3904971,049718,New Riegel Local,1,1
2020,3904976,049767,Botkins Local,1,1
2020,3904977,049775,Fairlawn Local,1,1
2020,3904978,049783,Fort Loramie Local,1,1
2020,3904979,049791,Hardin-Houston Local,1,1
2020,3904981,049817,Russia Local,1,1
2020,3904982,049825,Stark County ESC,4,1
2020,3904983,049833,Canton Local,1,1
2020,3904984,049841,Fairless Local,1,1
2020,3904985,049858,Jackson Local,1,1
2020,3904986,049866,Lake Local,1,1
2020,3904987,049874,Louisville City,1,1
2020,3904988,049882,Marlington Local,1,1
2020,3904989,049890,Minerva Local,1,1
2020,3904990,049908,Northwest Local,1,1
2020,3904991,049916,Osnaburg Local,1,1
2020,3904992,049924,Perry Local,1,1
2020,3904993,049932,Plain Local,1,1
2020,3904994,049940,Sandy Valley Local,1,1
2020,3904995,049957,Tuslaw Local,1,1
2020,3904996,049965,Summit County ESC,4,1
2020,3904997,049973,Woodridge Local,1,1
2020,3904998,049981,Copley-Fairlawn City,1,1
2020,3904999,049999,Coventry Local,1,1
2020,3905000,050005,Manchester Local,1,1
2020,3905001,050013,Green Local,1,1
2020,3905002,050021,Hudson City,1,1
2020,3905003,050039,Mogadore Local,1,1
2020,3905004,050047,Nordonia Hills City,1,1
2020,3905005,050054,Revere Local,1,1
2020,3905006,050062,Springfield Local,1,1
2020,3905007,050070,Twinsburg City,1,1
2020,3905008,050088,Trumbull County ESC,4,1
2020,3905009,050096,Bloomfield-Mespo Local,1,1
2020,3905011,050112,Bristol Local,1,1
2020,3905012,050120,Brookfield Local,1,1
2020,3905013,050138,Champion Local,1,1
2020,3905015,050153,Mathews Local,1,1
2020,3905016,050161,Howland Local,1,1
2020,3905017,050179,Joseph Badger Local,1,1
2020,3905018,050187,Lakeview Local,1,1
2020,3905019,050195,Liberty Local,1,1
2020,3905020,050203,Lordstown Local,1,1
2020,3905021,050211,Maplewood Local,1,1
2020,3905022,050229,McDonald Local,1,1
2020,3905023,050237,Southington Local,1,1
2020,3905024,050245,LaBrae Local,1,1
2020,3905025,050252,Weathersfield Local,1,1
2020,3905026,050260,East Central Ohio ESC,4,1
2020,3905027,050278,Garaway Local,1,1
2020,3905028,050286,Indian Valley Local,1,1
2020,3905029,050294,Strasburg-Franklin Local,1,1
2020,3905030,050302,Tuscarawas Valley Local,1,1
2020,3905032,050328,Fairbanks Local,1,1
2020,3905033,050336,North Union Local School District,1,1
2020,3905035,050351,Crestview Local,1,1
2020,3905039,050393,Vinton County Local,1,1
2020,3905040,050401,Warren County ESC,4,1
2020,3905041,050419,Carlisle Local,1,1
2020,3905042,050427,Springboro Community City,1,1
2020,3905043,050435,Kings Local,1,1
2020,3905044,050443,Little Miami Local,1,1
2020,3905045,050450,Mason City,1,1
2020,3905046,050468,Wayne Local,1,1
2020,3905048,050484,Fort Frye Local,1,1
2020,3905049,050492,Frontier Local,1,1
2020,3905051,050518,Wolf Creek Local,1,1
2020,3905052,050526,Tri-County ESC,4,1
2020,3905053,050534,Chippewa Local,1,1
2020,3905054,050542,Dalton Local,1,1
2020,3905055,050559,Green Local,1,1
2020,3905056,050567,Norwayne Local,1,1
2020,3905058,050583,Southeast Local,1,1
2020,3905059,050591,Triway Local,1,1
2020,3905061,050617,Edgerton Local,1,1
2020,3905062,050625,Edon Northwest Local,1,1
2020,3905063,050633,Millcreek-West Unity Local,1,1
2020,3905064,050641,North Central Local,1,1
2020,3905065,050658,Stryker Local,1,1
2020,3905066,050666,Wood County ESC,4,1
2020,3905067,050674,Eastwood Local,1,1
2020,3905068,050682,Elmwood Local,1,1
2020,3905069,050690,Lake Local,1,1
2020,3905070,050708,North Baltimore Local,1,1
2020,3905071,050716,Northwood Local Schools,1,1
2020,3905072,050724,Otsego Local,1,1
2020,3905074,050740,Mohawk Local,1,1
2020,3905077,050773,Apollo,4,1
2020,3905079,050799,Southern Hills,4,1
2020,3905081,050815,Ashtabula County Technical and Career Center,4,1
2020,3905085,050856,Belmont-Harrison,4,1
2020,3905088,050880,Butler Technology & Career Development Schools,4,1
2020,3905090,050906,Columbiana County,4,1
2020,3905092,050922,Cuyahoga Valley Career Center,4,1
2020,3905094,050948,Polaris,4,1
2020,3905096,050963,Four County Career Center,4,1
2020,3905098,050989,Delaware Area Career Center,4,1
2020,3905100,051003,Eastland-Fairfield Career & Technical Schools,4,1
2020,3905102,051029,EHOVE Career Center,4,1
2020,3905104,051045,Greene County Vocational School District,4,1
2020,3905106,051060,Great Oaks Career Campuses,4,1
2020,3905112,051128,Jefferson County,4,1
2020,3905114,051144,Knox County JVSD,4,1
2020,3905116,051169,Auburn,4,1
2020,3905118,051185,Lawrence County,4,1
2020,3905120,051201,Career and Technology Educational Centers,4,1
2020,3905122,051227,Lorain County JVS,4,1
2020,3905124,051243,Mahoning Co Career & Tech Ctr,4,1
2020,3905128,051284,Miami Valley Career Tech,4,1
2020,3905130,051300,Mid-East Career and Technology Centers,4,1
2020,3905133,051334,Ohio Hi-Point Career Center,4,1
2020,3905135,051359,Penta Career Center - District,4,1
2020,3905137,051375,Pike County Area,4,1
2020,3905139,051391,Maplewood Career Center District,4,1
2020,3905141,051417,Pioneer Career & Technology,4,1
2020,3905143,051433,Pickaway-Ross County JVSD,4,1
2020,3905145,051458,Vanguard-Sentinel Career & Technology Centers,4,1
2020,3905147,051474,Warren County Vocational School,4,1
2020,3905149,051490,Scioto County Career Technical Center,4,1
2020,3905153,051532,Springfield-Clark County,4,1
2020,3905160,051607,Tri-County Career Center,4,1
2020,3905163,051631,Trumbull Career & Tech Ctr,4,1
2020,3905165,051656,Buckeye,4,1
2020,3905167,051672,Vantage Career Center,4,1
2020,3905169,051698,Washington County Career Center,4,1
2020,3905171,051714,Wayne County JVSD,4,1
2020,3906190,061903,Adams County Ohio Valley Local,1,1
2020,3906202,062026,Stark County Area,4,1
2020,3906204,062042,Ashland County-West Holmes,4,1
2020,3906206,062067,Gallia-Jackson-Vinton,4,1
2020,3906210,062109,Medina County Joint Vocational School District,4,1
2020,3906212,062125,Upper Valley Career Center,4,1
2020,3906280,062802,U S Grant,4,1
2020,3906349,063495,Portage Lakes,4,1
2020,3906351,063511,Tolles Career & Technical Center,4,1
2020,3906496,064964,College Corner Local,1,1
2020,3906522,065227,Coshocton County,4,1
2020,3906526,065268,Tri-Rivers,4,1
2020,3906568,065680,Gallia County Local,1,1
2020,3906968,069682,East Guernsey Local,1,1
2020,3910000,043984,Findlay City,1,1
2020,3910001,047464,Van Buren Local,1,1
2020,3910002,047415,Arcadia Local,1,1
2020,3910003,044784,Sidney City,1,1
2020,3910004,049759,Anna Local,1,1
2020,3910005,049809,Jackson Center Local,1,1
2020,3910006,044735,Salem City,1,1
2020,3910007,045443,Leetonia Exempted Village School District,1,1
2020,3910008,045344,Crestline Exempted Village,1,1
2020,3910009,044776,Shelby City,1,1
2020,3910010,046920,Miami Trace Local,1,1
2020,3910011,045013,Washington Court House City,1,1
2020,3910012,044420,Mount Vernon City,1,1
2020,3910013,047845,East Knox Local,1,1
2020,3910014,047894,Riverside Local,1,1
2020,3910015,044628,Painesville City Local,1,1
2020,3910016,046581,Orange City,1,1
2020,3910017,043562,Bedford City,1,1
2020,3910018,050500,Warren Local,1,1
2020,3910019,044321,Marietta City,1,1
2020,3910020,045302,Clyde-Green Springs Exempted Village,1,1
2020,3910021,049726,Old Fort Local,1,1
2020,3910022,050369,Lincolnview Local,1,1
2020,3910023,044966,Van Wert City,1,1
2020,3910024,045625,Upper Sandusky Exempted Village,1,1
2020,3910025,044172,Kenton City,1,1
2020,3910026,049601,Clay Local,1,1
2020,3910027,044669,Portsmouth City,1,1
2020,3910028,045591,Rittman Exempted Village,1,1
2020,3910029,044974,Wadsworth City,1,1
2020,3910030,043729,Celina City,1,1
2020,3910031,048553,Marion Local,1,1
2020,3910032,045120,Wooster City,1,1
2020,3910033,050575,Northwestern Local,1,1
2021,3900001,071530,Ohio School For The Deaf,5,1
2021,3900002,071548,Ohio School For The Blind,5,1
2021,3900008,125252,Muskingum Valley ESC,4,1
2021,3900009,125658,South Central Ohio ESC,4,1
2021,3900012,125682,Gallia-Vinton ESC,4,1
2021,3900013,125690,North Point Educational Service Center,4,1
2021,3900014,123281,Ohio Valley ESC,4,1
2021,3900015,124297,Northwest Ohio Educational Service Center,4,1
2021,3900017,134072,Youngstown Community School,7,1
2021,3900019,134098,Constellation Schools: Old Brooklyn Community Elementary,7,1
2021,3900022,134122,Autism Model School,7,1
2021,3900025,134197,Green Inspiration Academy,7,1
2021,3900027,134213,Middlebury Academy,7,1
2021,3900029,134247,City Day Community School,7,1
2021,3900031,133512,Cincinnati College Preparatory Academy,7,1
2021,3900032,133520,Citizens Academy,7,2
2021,3900033,133538,Edge Academy The,7,1
2021,3900036,133561,Millennium Community School,7,1
2021,3900038,133587,Summit Academy Akron Elementary School,7,1
2021,3900040,133629,Horizon Science Acad Cleveland,7,1
2021,3900042,133660,Horizon Science Academy Columbus,7,1
2021,3900043,133678,Riverside Academy,7,1
2021,3900047,133736,Richard Allen Academy,7,1
2021,3900052,133835,Invictus High School,7,1
2021,3900053,133868,Towpath Trail High School,7,1
2021,3900056,133942,Toledo School For The Arts,7,1
2021,3900063,123257,North Central Ohio ESC,4,1
2021,3900064,123521,Mid-Ohio ESC,4,1
2021,3900065,133215,Intergenerational School The,7,1
2021,3900068,133256,Constellation Schools: Parma Community,7,1
2021,3900071,133306,Summit Academy Community School for Alternative Learn-Canton,7,1
2021,3900072,133330,T.C.P. World Academy,7,1
2021,3900073,133348,Richard Allen Preparatory,7,1
2021,3900080,133421,Graham School The,7,1
2021,3900081,133439,Cornerstone Academy Community School,7,1
2021,3900083,133454,Dayton Leadership Academies-Dayton View Campus,7,1
2021,3900084,133488,River Gate High School,7,1
2021,3900086,133785,Queen City Career Prep High School,7,1
2021,3900090,134999,Western Buckeye ESC,4,1
2021,3900091,135145,Athens-Meigs ESC,4,1
2021,3900092,137364,Madison-Champaign ESC,4,1
2021,3900093,138222,Ross-Pike ESC,4,1
2021,3900094,139303,Monroe Local,1,1
2021,3900096,132746,Summit Acdy Comm Schl for Alternative Learners of Middletown,7,1
2021,3900097,132761,Summit Academy Community School Alternative Learners -Xenia,7,1
2021,3900098,132779,Summit Academy Akron Middle School,7,1
2021,3900100,132795,Cliff Park High School,7,1
2021,3900101,132803,Marshall High School,7,1
2021,3900102,132951,Constellation Schools: Lorain Community Elementary,7,1
2021,3900103,132969,Constellation Schools: Elyria Community,7,1
2021,3900104,132985,YB Columbus Community School,7,1
2021,3900105,132993,Constellation Schools: Westpark Community Elementary,7,1
2021,3900106,133264,Dohn Community,7,1
2021,3900107,133280,Washington Park Community School,7,1
2021,3900109,133322,Summit Academy Community School Alternative Learners-Lorain,7,1
2021,3900113,133504,Phoenix Community Learning Ctr,7,1
2021,3900117,143297,The Autism Academy Of Learning,7,1
2021,3900118,143305,TRECA Digital Academy,7,1
2021,3900119,143313,Innovation Academy West,7,1
2021,3900121,143602,Hamilton Cnty Math & Science,7,1
2021,3900123,143644,Sciotoville,7,1
2021,3900127,000131,Glass City Academy,7,1
2021,3900129,000138,Pathway School of Discovery,7,1
2021,3900130,000139,Alliance Academy of Cincinnati,7,1
2021,3900138,000222,Wildwood Environmental Academy,7,1
2021,3900145,148981,Tomorrow Center,7,1
2021,3900146,148999,Mahoning Unlimited Classroom,7,1
2021,3900151,149047,GOAL Digital Academy,7,1
2021,3900155,149088,Fairborn Digital Academy,7,1
2021,3900175,142901,Stark High School,7,1
2021,3900176,142919,Black River Career Prep High School,7,1
2021,3900177,142927,Focus Learning Academy of Southwest Columbus,7,1
2021,3900178,142935,Focus Learning Academy of Southeastern Columbus,7,1
2021,3900179,142943,Focus Learning Academy of Northern Columbus,7,1
2021,3900180,142950,Ohio Virtual Academy,7,1
2021,3900181,142968,Hope Academy Northcoast,7,1
2021,3900190,143172,International Acad Of Columbus,7,1
2021,3900192,143198,Great Western Academy,7,1
2021,3900193,143206,Trotwood Preparatory & Fitness Academy,7,1
2021,3900194,143214,Middletown Preparatory & Fitness Academy,7,1
2021,3900203,143396,Alternative Education Academy,7,1
2021,3900211,143479,Constellation Schools: Puritas Community Elementary,7,1
2021,3900212,143487,Constellation Schools: Stockyard Community Elementary,7,1
2021,3900216,143529,North Dayton School Of Science & Discovery,7,1
2021,3900223,143610,Arts & College Preparatory Academy,7,1
2021,3900231,149302,Skyway Career Prep High School,7,1
2021,3900233,149328,Foxfire High School,7,1
2021,3900237,060988,Buckeye United School District,5,1
2021,3900238,065201,Ohio Central School System,5,1
2021,3900241,132944,Miami Valley Academies,7,1
2021,3900250,000236,Ohio Connections Academy Inc,7,1
2021,3900252,000241,Quaker Digital Academy,7,1
2021,3900276,151175,West Central Learning Academy II,7,1
2021,3900277,151183,Lake Erie International High School,7,1
2021,3900279,151209,Randall Park High School,7,1
2021,3900285,000525,Canton Harbor High School,7,1
2021,3900286,000527,Cleveland Academy for Scholarship Technology and Leadership,7,1
2021,3900291,000534,Constellation Schools: Puritas Community Middle,7,1
2021,3900299,000543,Pinnacle Academy,7,1
2021,3900302,000546,Winterfield Venture Academy,7,1
2021,3900304,000553,Columbus Humanities Arts and Technology Academy,7,1
2021,3900305,000556,A+ Arts Academy,7,1
2021,3900306,000557,Columbus Arts & Technology Academy,7,1
2021,3900307,000558,Columbus Preparatory Academy,7,1
2021,3900308,000559,Orion Academy,7,1
2021,3900309,000560,Apex Academy,7,1
2021,3900313,000575,Hope Academy Northwest Campus,7,1
2021,3900314,000576,Elevated Excellence Academy,7,1
2021,3900315,000577,Emerson Academy,7,1
2021,3900331,000598,Coshocton Opportunity School,7,1
2021,3900337,000608,Summit Academy Transition High School-Cincinnati,7,1
2021,3900338,000609,Summit Academy School - Lorain,7,1
2021,3900339,000610,Summit Academy Middle School - Columbus,7,1
2021,3900341,000613,Heir Force Community School,7,1
2021,3900342,000614,Summit Academy Transition High School-Columbus,7,1
2021,3900344,000616,Summit Academy Alternative LearnersWarren Middle & Secondary,7,1
2021,3900348,000621,Summit Academy Transition High School Dayton,7,1
2021,3900350,000623,Summit Academy-Youngstown,7,1
2021,3900356,000629,Summit Academy Community School - Painesville,7,1
2021,3900361,000634,Summit Academy Secondary School - Middletown,7,1
2021,3900366,000640,Rittman Academy,7,1
2021,3900381,000664,Capital City Career Prep High School,7,1
2021,3900383,000679,Oakstone Community School,7,1
2021,3900385,147231,Schnee Learning Center,7,1
2021,3900396,000725,Zenith Academy,7,1
2021,3900399,000736,Wings Academy 1,7,1
2021,3900428,000770,Maritime Academy of Toledo The,7,1
2021,3900434,000779,Educational Academy for Boys & Girls,7,1
2021,3900435,000780,Midnimo Cross Cultural Community School,7,1
2021,3900441,000804,Horizon Science Academy-Cincinnati,7,1
2021,3900444,000808,Horizon Science Academy-Dayton,7,1
2021,3900448,000813,Gem City Career Prep High School,7,1
2021,3900451,000825,Horizon Science Academy-Springfield,7,1
2021,3900454,000838,Horizon Science Academy-Denison Middle School,7,1
2021,3900457,000843,Bennett Venture Academy,7,1
2021,3900467,000855,Stambaugh Charter Academy,7,1
2021,3900470,000858,Horizon Science Academy-Cleveland Middle School,7,1
2021,3900474,000875,Westside Academy,7,1
2021,3900478,000905,Interactive Media & Construction (IMAC),7,1
2021,3900488,000282,Greater Ohio Virtual School,7,1
2021,3900490,000288,Auglaize County Educational Academy,7,1
2021,3900492,000296,Summit Academy Community School-Columbus,7,1
2021,3900493,000297,Summit Academy Community School - Dayton,7,1
2021,3900494,000298,Summit Academy Secondary - Akron,7,1
2021,3900495,000300,Summit Academy Secondary - Canton,7,1
2021,3900496,000301,Summit Academy - Toledo,7,1
2021,3900497,000302,Summit Academy Community School-Parma,7,1
2021,3900498,000303,Summit Academy Secondary - Youngstown,7,1
2021,3900500,000305,Summit Academy Community School-Warren,7,1
2021,3900501,000306,Summit Academy Community School - Cincinnati,7,1
2021,3900502,000311,Bridges Community Academy dba Bridges Preparatory Academy,7,1
2021,3900503,000316,Constellation Schools: Westpark Community Middle,7,1
2021,3900505,000318,Menlo Park Academy,7,1
2021,3900506,000319,Constellation Schools: Madison Community Elementary,7,1
2021,3900507,000320,Constellation Schools: Lorain Community Middle,7,1
2021,3900508,000321,Constellation Schools: Old Brooklyn Community Middle,7,1
2021,3900510,000338,Horizon Science Academy Toledo,7,1
2021,3900528,000402,Findlay Digital Academy,7,1
2021,3900530,000417,Buckeye On-Line School for Success,7,1
2021,3900537,000442,Manchester Local,1,1
2021,3900550,000509,Whitehall Preparatory and Fitness Academy,7,1
2021,3900551,000510,Springfield Preparatory and Fitness Academy,7,1
2021,3900552,000511,Northland Preparatory and Fitness Academy,7,1
2021,3900562,000936,Promise Academy,7,1
2021,3900564,000938,East Bridge Academy of Excellence,7,1
2021,3900567,000941,Par Excellence Academy,7,1
2021,3900573,000951,Toledo Preparatory and Fitness Academy,7,1
2021,3900574,000952,Columbus Preparatory and Fitness Academy,7,1
2021,3900575,000953,Mt. Healthy Preparatory and Fitness Academy,7,1
2021,3900580,007984,Youngstown Academy of Excellence,7,1
2021,3900584,007995,Cleveland Arts and Social Sciences Academy,7,1
2021,3900586,007999,Charles School at Ohio Dominican University,7,1
2021,3900587,008000,Lorain Preparatory Academy,7,1
2021,3900593,008063,Cascade Career Prep High School,7,1
2021,3900594,008064,Monroe Preparatory Academy,7,1
2021,3900638,000912,Early College Academy,7,1
2021,3900640,008287,Groveport Community School,7,1
2021,3900641,008286,Harvard Avenue Performance Academy,7,1
2021,3900642,008283,Dayton Business Technology High School,7,1
2021,3900643,008282,North Woods Career Prep High School,7,1
2021,3900644,008281,South Scioto Academy,7,1
2021,3900645,008280,Noble Academy-Columbus,7,1
2021,3900646,008278,Noble Academy-Cleveland,7,1
2021,3900647,008289,Eagle Learning Center,7,1
2021,3901301,009192,Foundation Academy,7,1
2021,3901302,009283,Dayton Early College Academy Inc,7,1
2021,3901305,009122,Columbus Collegiate Academy,7,1
2021,3901313,009164,Central Academy of Ohio,7,1
2021,3901314,009148,Zanesville Community School,7,1
2021,3901322,009179,Horizon Science Academy Columbus Middle School,7,1
2021,3901326,009149,Constellation Schools: Westside Community School of the Arts,7,1
2021,3901329,009996,Mahoning County High School,7,1
2021,3901330,009997,KIPP Columbus,7,1
2021,3901335,010036,Cesar Chavez College Preparatory School,7,1
2021,3901337,010182,Performance Academy Eastland,7,1
2021,3901339,010205,L. Hollingworth School for Talented and Gifted,7,1
2021,3901344,009953,Sullivant Avenue Community School,7,1
2021,3901346,009955,Madison Avenue School of Arts,7,1
2021,3901347,009957,Klepinger Community School,7,1
2021,3901350,009971,Ashland County Community Academy,7,1
2021,3901353,009990,Horizon Science Academy Elementary School,7,1
2021,3901354,011439,The Bessie Sherrod Price Preparatory Academy,7,1
2021,3901362,011507,Achieve Career Preparatory Academy,7,1
2021,3901363,011511,Lakeland Academy Community School,7,1
2021,3901365,011533,Horizon Science Academy Lorain,7,1
2021,3901366,011534,Horizon Science Academy Dayton High School,7,1
2021,3901368,011291,Village Preparatory School Cliffs,7,1
2021,3901369,011381,Greater Summit County Early Learning Center,7,1
2021,3901370,011390,Bella Academy of Excellence,7,1
2021,3901374,011506,Dayton Regional STEM School,1,1
2021,3901375,011468,Columbus Bilingual Academy-North,7,1
2021,3901376,011923,Northeast Ohio College Preparatory School,7,1
2021,3901377,011947,Imagine Akron Academy,7,1
2021,3901378,011956,Everest High School,7,1
2021,3901381,011967,The Richland School of Academic Arts,7,1
2021,3901382,011972,Graham Elementary and Middle School,7,1
2021,3901383,011976,Horizon Science Academy Dayton Downtown,7,1
2021,3901389,011986,Horizon Science Academy Youngstown,7,1
2021,3901396,012009,Zenith Academy East,7,1
2021,3901397,012010,Cleveland College Preparatory School,7,1
2021,3901398,012011,Columbus Performance Academy,7,1
2021,3901403,012025,Constellation Schools: Stockyard Community Middle,7,1
2021,3901405,012030,Near West Intergenerational School,7,1
2021,3901407,012033,Foxfire Intermediate School,7,1
2021,3901409,012036,Regent High School,7,1
2021,3901410,012037,Mason Run High School,7,1
2021,3901411,012038,Old Brook High School,7,1
2021,3901412,012040,Road to Success Academy,7,1
2021,3901413,012041,Central High School,7,1
2021,3901414,012042,George V. Voinovich High School,7,1
2021,3901415,012043,Frederick Douglass High School,7,1
2021,3901416,012044,Capital High School,7,1
2021,3901417,012045,Patriot Preparatory Academy,7,1
2021,3901420,012054,North Central Academy,7,1
2021,3901427,012105,Southside Academy,7,1
2021,3901428,012060,Akros Middle School,7,1
2021,3901429,011324,Hardin Community School,7,1
2021,3901430,012684,Broadway Academy,7,1
2021,3901432,012671,Constellation Schools: Eastside Arts Academy,7,1
2021,3901433,012528,The Academy for Urban Scholars,7,1
2021,3901434,012644,STEAM Academy of Warren,7,1
2021,3901444,012029,Citizens Leadership Academy,7,1
2021,3901450,012867,Townsend North Community School,7,1
2021,3901451,012529,Focus North High School,7,1
2021,3901454,012627,Eagle Elementary of Akron,7,1
2021,3901457,012541,University of Cleveland Preparatory School,7,1
2021,3901463,012501,Beacon Hill Academy,7,1
2021,3901465,012558,Global Village Academy,7,1
2021,3901470,013255,Canton College Preparatory School,7,1
2021,3901472,013249,Academy for Urban Scholars Youngstown,7,1
2021,3901473,013170,The Brilliance School,7,1
2021,3901475,013175,SunBridge Schools,7,1
2021,3901478,012951,Columbus Collegiate Academy - West,7,1
2021,3901480,013232,A+ Children's Academy,7,1
2021,3901482,013147,STEAM Academy of Warrensville Heights,7,1
2021,3901487,013253,Ohio College Preparatory School,7,1
2021,3901488,013173,Imagine Environmental Science Academy,7,1
2021,3901490,012391,Metro Early College High School,1,1
2021,3901496,013199,Cleveland Preparatory Academy,7,1
2021,3901498,013148,Stepstone Academy,7,1
2021,3901499,013132,Lake Erie College Preparatory School,7,1
2021,3901502,013195,Ann Jerkins-Harris Academy of Excellence,7,1
2021,3901503,013254,Akron Preparatory School,7,1
2021,3901505,013034,Village Preparatory School Woodland Hills,7,1
2021,3901508,012924,DECA PREP,7,1
2021,3901511,014066,Main Preparatory Academy,7,1
2021,3901512,014231,Bio-Med Science Academy STEM School,1,1
2021,3901514,014189,West Park Academy,7,1
2021,3901516,013864,Cincinnati Technology Academy,7,1
2021,3901520,014091,Hope Learning Academy of Toledo,7,1
2021,3901521,014139,Imagine Columbus Primary School,7,1
2021,3901526,014187,East Academy,7,1
2021,3901529,014467,United Preparatory Academy,7,1
2021,3901530,014067,Ohio Construction Academy,7,1
2021,3901535,013930,Global Impact STEM Academy,1,1
2021,3901536,014149,Dayton SMART Elementary School,7,1
2021,3901539,013994,Albert Einstein Academy for Letters Arts and Sciences-Ohio,7,1
2021,3901543,014065,Lincoln Park Academy,7,1
2021,3901545,014188,Discovery Academy,7,1
2021,3901549,014121,Imagine Leadership Academy,7,1
2021,3901550,014090,Eastland Preparatory Academy,7,1
2021,3901551,013962,Liberty Preparatory School,7,1
2021,3901554,014147,East Preparatory Academy,7,1
2021,3901555,013999,Rise & Shine Academy,7,1
2021,3901564,014913,Lakeshore Intergenerational School,7,1
2021,3901565,014943,Valley STEM+ME2 Academy,1,1
2021,3901566,014830,Utica Shale Academy of Ohio,7,1
2021,3901567,014927,Steel Academy,7,1
2021,3901568,014904,T2 Honors Academy,7,1
2021,3901570,015261,Citizens Academy Southeast,7,1
2021,3901574,015237,Flex High School,7,1
2021,3901575,015329,iSTEM Geauga Early College High School,1,1
2021,3901576,015234,Zenith Academy West,7,1
2021,3901577,015344,Tri-State STEM+M Early College High School,1,1
2021,3901581,015722,Village Preparatory School Willard,7,1
2021,3901582,015710,Bridge Gate Community School,7,1
2021,3901583,015741,Westwood Preparatory Academy,7,1
2021,3901584,015713,East Branch Preparatory AcademydbaWright Preparatory Academy,7,1
2021,3901585,015736,iLEAD Spring Meadows,7,1
2021,3901586,015709,Beacon Academy,7,1
2021,3901587,015714,Dayton Athletic Vocational Academy,7,1
2021,3901588,015737,Global Ambassadors Language Academy,7,1
2021,3901589,014777,Midwest Regional ESC,4,1
2021,3901590,016850,Cincinnati Achievement Academy,7,1
2021,3901591,016836,Kids Care Elementary,7,1
2021,3901592,015712,Euclid Preparatory School,7,1
2021,3901593,016858,United Preparatory Academy East,7,1
2021,3901594,016843,Citizens Leadership Academy East,7,1
2021,3901595,016849,Liberty High School,7,1
2021,3901596,016829,South Columbus Preparatory Academy at German Village,7,1
2021,3901597,016837,Orchard Park Academy,7,1
2021,3901599,017233,Great River Connections Academy,7,1
2021,3901600,016812,SMART Academy,7,1
2021,3901601,017212,Dampe Community School,7,1
2021,3901602,017275,AchievePoint Career Academy - Cincinnati,7,1
2021,3901603,017270,Lorain Bilingual Preparatory Academy,7,1
2021,3901604,017259,Montgomery Preparatory Academy,7,1
2021,3901605,017274,Mount Auburn Preparatory Academy,7,1
2021,3901606,017123,Horizon Science Academy Primary,7,1
2021,3901608,017536,Kenmore Preparatory Academy dba Toledo Preparatory Academy,7,1
2021,3901609,017585,Marion Preparatory Academy,7,1
2021,3901610,017537,Capital Collegiate Preparatory Academy,7,1
2021,3901611,017538,North Columbus Preparatory Academy,7,1
2021,3901612,017535,Huber Heights Preparatory Academy dba Parma Academy,7,1
2021,3901613,017498,Northwest Ohio Classical Academy,7,1
2021,3901614,017490,ReGeneration Bond Hill,7,1
2021,3901615,017643,Ohio Digital Learning School,7,1
2021,3901616,017599,Priority High School,7,1
2021,3901617,017497,Cypress High School,7,1
2021,3901618,019152,Buckeye Community School,7,1
2021,3901619,019156,Quaker Preparatory Academy,7,1
2021,3901620,019197,Flex High School Cleveland,7,1
2021,3901621,019199,Central Point Preparatory Academy,7,1
2021,3901622,019200,South Columbus Preparatory Academy at Southfield,7,1
2021,3901623,019201,Franklinton Prep High School,7,1
2021,3901624,019212,Valor Academy Inc.,7,1
2021,3901625,019220,North Shore High School,7,1
2021,3901626,019221,Case Preparatory Academy,7,1
2021,3901627,019226,Franklinton High School,7,1
2021,3901628,019227,Dublin Preparatory Academy dba Northside Preparatory Academy,7,1
2021,3901629,019235,Focus Learning Academy of Central Columbus,7,1
2021,3901630,019426,Dayton Career Tech High School,7,3
2021,3901631,019427,Akron Career Tech High School,7,3
2021,3901632,019441,Buckeye Community School - London,7,3
2021,3901633,019442,Buckeye Community School - Marion,7,3
2021,3901634,019450,Youngstown Preparatory Academy,7,3
2021,3901635,019452,Citizens of the World Charter Schools - Cincinnati,7,3
2021,3901636,019474,Explorers Academy of Science and Technology,7,3
2021,3901637,019478,Niles Preparatory Academy,7,3
2021,3901638,019511,Western Toledo Preparatory Academy,7,3
2021,3901639,019533,Eagle Charter Schools of Ohio,7,3
2021,3904348,043489,Akron City,1,1
2021,3904349,043497,Alliance City,1,1
2021,3904350,043505,Ashland City,1,1
2021,3904351,043513,Ashtabula Area City,1,1
2021,3904352,043521,Athens City,1,1
2021,3904353,043539,Barberton City,1,1
2021,3904354,043547,Bay Village City,1,1
2021,3904355,043554,Beachwood City,1,1
2021,3904357,043570,Bellaire Local,1,1
2021,3904358,043588,Bellefontaine City,1,1
2021,3904359,043596,Bellevue City,1,1
2021,3904360,043612,Berea City,1,1
2021,3904361,043604,Belpre City,1,1
2021,3904362,043620,Bexley City,1,1
2021,3904363,043638,Bowling Green City School District,1,1
2021,3904364,043646,Brecksville-Broadview Heights City,1,1
2021,3904365,043653,Brooklyn City,1,1
2021,3904366,043661,Brunswick City,1,1
2021,3904367,043679,Bryan City,1,1
2021,3904368,043687,Bucyrus City,1,1
2021,3904369,043695,Cambridge City,1,1
2021,3904370,043703,Campbell City,1,1
2021,3904371,043711,Canton City,1,1
2021,3904373,043737,Centerville City,1,1
2021,3904374,043745,Chillicothe City,1,1
2021,3904375,043752,Cincinnati Public Schools,1,1
2021,3904376,043760,Circleville City,1,1
2021,3904377,043778,Claymont City,1,1
2021,3904378,043786,Cleveland Municipal,1,1
2021,3904379,043794,Cleveland Heights-University Heights City,1,1
2021,3904380,043802,Columbus City School District,1,1
2021,3904381,043810,Conneaut Area City,1,1
2021,3904382,043828,Coshocton City,1,1
2021,3904383,043836,Cuyahoga Falls City,1,1
2021,3904384,043844,Dayton City,1,1
2021,3904385,043851,Deer Park Community City,1,1
2021,3904386,043869,Defiance City,1,1
2021,3904387,043877,Delaware City,1,1
2021,3904388,043885,Delphos City,1,1
2021,3904389,043893,Dover City,1,1
2021,3904390,043901,East Cleveland City School District,1,1
2021,3904391,043919,East Liverpool City,1,1
2021,3904392,043927,East Palestine City,1,1
2021,3904393,043935,Eaton Community City,1,1
2021,3904394,043943,Elyria City Schools,1,1
2021,3904395,043950,Euclid City,1,1
2021,3904396,043968,Fairborn City,1,1
2021,3904397,043976,Fairview Park City,1,1
2021,3904399,043992,Fostoria City,1,1
2021,3904400,044008,Franklin City,1,1
2021,3904401,044016,Fremont City,1,1
2021,3904402,044024,Galion City,1,1
2021,3904403,044032,Gallipolis City,1,1
2021,3904404,044040,Garfield Heights City Schools,1,1
2021,3904405,044057,Geneva Area City,1,1
2021,3904406,044065,Girard City School District,1,1
2021,3904407,044073,Grandview Heights Schools,1,1
2021,3904408,044081,Winton Woods City,1,1
2021,3904409,044099,Greenville City,1,1
2021,3904410,044107,Hamilton City,1,1
2021,3904411,044115,Heath City,1,1
2021,3904412,044123,Hillsboro City,1,1
2021,3904413,044131,Huron City Schools,1,1
2021,3904414,044149,Ironton City School District,1,1
2021,3904415,044156,Jackson City,1,1
2021,3904416,044164,Kent City,1,1
2021,3904418,044180,Kettering City School District,1,1
2021,3904419,044198,Lakewood City,1,1
2021,3904420,044206,Lancaster City,1,1
2021,3904421,044214,Lebanon City,1,1
2021,3904422,044222,Lima City,1,1
2021,3904423,044230,Lockland Local,1,1
2021,3904424,044248,Logan-Hocking Local,1,1
2021,3904425,044255,London City,1,1
2021,3904426,044263,Lorain City,1,1
2021,3904427,044271,Loveland City,1,1
2021,3904428,044289,Madeira City,1,1
2021,3904429,044297,Mansfield City,1,1
2021,3904430,044305,Maple Heights City,1,1
2021,3904431,044313,Mariemont City,1,1
2021,3904433,044339,Marion City,1,1
2021,3904434,044347,Martins Ferry City,1,1
2021,3904435,044354,Massillon City,1,1
2021,3904436,044362,Maumee City,1,1
2021,3904437,044370,Mayfield City,1,1
2021,3904438,044388,Medina City SD,1,1
2021,3904439,044396,Miamisburg City,1,1
2021,3904440,044404,Middletown City,1,1
2021,3904441,044412,Mt Healthy City,1,1
2021,3904443,044438,Napoleon Area City,1,1
2021,3904444,044446,Nelsonville-York City,1,1
2021,3904445,044453,Newark City,1,1
2021,3904446,044461,New Boston Local,1,1
2021,3904447,044479,New Lexington School District,1,1
2021,3904448,044487,New Philadelphia City,1,1
2021,3904449,044495,Niles City,1,1
2021,3904450,044503,North Canton City,1,1
2021,3904451,044511,North College Hill City,1,1
2021,3904452,044529,North Olmsted City,1,1
2021,3904453,044537,North Ridgeville City,1,1
2021,3904454,044545,North Royalton City,1,1
2021,3904455,044552,Norton City,1,1
2021,3904456,044560,Norwalk City,1,1
2021,3904457,044578,Norwood City,1,1
2021,3904458,044586,Oakwood City,1,1
2021,3904459,044594,Oberlin City Schools,1,1
2021,3904460,044602,Oregon City,1,1
2021,3904461,044610,Orrville City,1,1
2021,3904463,044636,Parma City,1,1
2021,3904464,044644,Piqua City,1,1
2021,3904465,044651,Port Clinton City,1,1
2021,3904467,044677,Princeton City,1,1
2021,3904468,044685,Ravenna City,1,1
2021,3904469,044693,Reading Community City,1,1
2021,3904470,044701,Rocky River City,1,1
2021,3904471,044719,St Bernard-Elmwood Place City,1,1
2021,3904472,044727,St Marys City,1,1
2021,3904474,044743,Sandusky City,1,1
2021,3904475,044750,Shaker Heights City,1,1
2021,3904476,044768,Sheffield-Sheffield Lake City,1,1
2021,3904479,044792,South Euclid-Lyndhurst City,1,1
2021,3904480,044800,South-Western City,1,1
2021,3904481,044818,Springfield City School District,1,1
2021,3904482,044826,Steubenville City,1,1
2021,3904483,044834,Stow-Munroe Falls City School District,1,1
2021,3904484,044842,Strongsville City,1,1
2021,3904485,044859,Struthers City,1,1
2021,3904486,044867,Sycamore Community City,1,1
2021,3904487,044875,Sylvania Schools,1,1
2021,3904488,044883,Tallmadge City,1,1
2021,3904489,044891,Tiffin City Schools,1,1
2021,3904490,044909,Toledo City,1,1
2021,3904491,044917,Toronto City,1,1
2021,3904492,044925,Troy City,1,1
2021,3904493,044933,Upper Arlington City,1,1
2021,3904494,044941,Urbana City,1,1
2021,3904495,044958,Vandalia-Butler City,1,1
2021,3904498,044982,Wapakoneta City,1,1
2021,3904499,044990,Warren City,1,1
2021,3904500,045005,Warrensville Heights City,1,1
2021,3904502,045021,Wellston City,1,1
2021,3904503,045039,Wellsville Local,1,1
2021,3904504,045047,Westerville City,1,1
2021,3904505,045054,West Carrollton City,1,1
2021,3904506,045062,Westlake City,1,1
2021,3904507,045070,Whitehall City,1,1
2021,3904508,045088,Wickliffe City,1,1
2021,3904509,045096,Willard City,1,1
2021,3904510,045104,Willoughby-Eastlake City,1,1
2021,3904511,045112,Wilmington City,1,1
2021,3904513,045138,Worthington City,1,1
2021,3904514,045146,Wyoming City,1,1
2021,3904515,045153,Xenia Community City,1,1
2021,3904516,045161,Youngstown City,1,1
2021,3904517,045179,Zanesville City,1,1
2021,3904518,045187,Ada Exempted Village,1,1
2021,3904519,045195,Amherst Exempted Village,1,1
2021,3904520,045203,Barnesville Exempted Village,1,1
2021,3904521,045211,Bluffton Exempted Village,1,1
2021,3904522,045229,Bradford Exempted Village,1,1
2021,3904523,045237,Bridgeport Exempted Village,1,1
2021,3904524,045245,Harrison Hills City,1,1
2021,3904525,045252,Caldwell Exempted Village,1,1
2021,3904526,045260,Carey Exempted Village Schools,1,1
2021,3904527,045278,Carrollton Exempted Village,1,1
2021,3904528,045286,Chagrin Falls Exempted Village,1,1
2021,3904529,045294,Chesapeake Union Exempted Village,1,1
2021,3904531,045310,Coldwater Exempted Village,1,1
2021,3904532,045328,Columbiana Exempted Village,1,1
2021,3904533,045336,Covington Exempted Village,1,1
2021,3904535,045351,Crooksville Exempted Village,1,1
2021,3904536,045369,Fairport Harbor Exempted Village,1,1
2021,3904537,045377,Georgetown Exempted Village,1,1
2021,3904538,045385,Gibsonburg Exempted Village,1,1
2021,3904539,045393,Granville Exempted Village,1,1
2021,3904540,045401,Greenfield Exempted Village,1,1
2021,3904541,045419,Hicksville Exempted Village,1,1
2021,3904542,045427,Hubbard Exempted Village,1,1
2021,3904543,045435,Indian Hill Exempted Village,1,1
2021,3904545,045450,Lisbon Exempted Village,1,1
2021,3904546,045468,Loudonville-Perrysville Exempted Village,1,1
2021,3904547,045476,Marysville Exempted Village,1,1
2021,3904548,045484,Mechanicsburg Exempted Village,1,1
2021,3904549,045492,Mentor Exempted Village,1,1
2021,3904550,045500,Milford Exempted Village,1,1
2021,3904551,045518,Milton-Union Exempted Village,1,1
2021,3904552,045526,Montpelier Exempted Village,1,1
2021,3904553,045534,Mount Gilead Exempted Village,1,1
2021,3904554,045542,Newcomerstown Exempted Village,1,1
2021,3904555,045559,New Richmond Exempted Village,1,1
2021,3904556,045567,Newton Falls Exempted Village,1,1
2021,3904557,045575,Paulding Exempted Village,1,1
2021,3904558,045583,Perrysburg Exempted Village,1,1
2021,3904560,045609,Rossford Exempted Village,1,1
2021,3904561,045617,Tipp City Exempted Village,1,1
2021,3904563,045633,Versailles Exempted Village,1,1
2021,3904564,045641,Wauseon Exempted Village,1,1
2021,3904565,045658,Wellington Exempted Village,1,1
2021,3904566,045666,Windham Exempted Village,1,1
2021,3904567,045674,Yellow Springs Exempted Village,1,1
2021,3904574,045740,Allen County ESC,4,1
2021,3904575,045757,Allen East Local,1,1
2021,3904576,045765,Bath Local,1,1
2021,3904577,045773,Elida Local,1,1
2021,3904578,045781,Perry Local,1,1
2021,3904579,045799,Shawnee Local,1,1
2021,3904580,045807,Spencerville Local,1,1
2021,3904582,045823,Hillsdale Local,1,1
2021,3904583,045831,Mapleton Local,1,1
2021,3904584,045849,Ashtabula County ESC,4,1
2021,3904585,045856,Buckeye Local,1,1
2021,3904586,045864,Grand Valley Local,1,1
2021,3904587,045872,Jefferson Area Local,1,1
2021,3904588,045880,Pymatuning Valley Local,1,1
2021,3904590,045906,Alexander Local,1,1
2021,3904591,045914,Federal Hocking Local,1,1
2021,3904592,045922,Trimble Local,1,1
2021,3904593,045930,Auglaize County ESC,4,1
2021,3904594,045948,Minster Local,1,1
2021,3904595,045955,New Bremen Local,1,1
2021,3904596,045963,New Knoxville Local,1,1
2021,3904597,045971,Waynesfield-Goshen Local,1,1
2021,3904599,045997,St Clairsville-Richland City,1,1
2021,3904600,046003,Shadyside Local,1,1
2021,3904601,046011,Union Local,1,1
2021,3904602,046029,Brown ESC,4,1
2021,3904603,046037,Eastern Local School District,1,1
2021,3904604,046045,Fayetteville-Perry Local,1,1
2021,3904606,046060,Western Brown Local,1,1
2021,3904607,046078,Ripley-Union-Lewis-Huntington Local,1,1
2021,3904608,046086,Butler County ESC,4,1
2021,3904609,046094,Edgewood City,1,1
2021,3904610,046102,Fairfield City,1,1
2021,3904611,046110,Lakota Local,1,1
2021,3904612,046128,Madison Local,1,1
2021,3904613,046136,New Miami Local,1,1
2021,3904614,046144,Ross Local,1,1
2021,3904615,046151,Talawanda City,1,1
2021,3904617,046177,Brown Local,1,1
2021,3904619,046193,Graham Local,1,1
2021,3904620,046201,Triad Local,1,1
2021,3904621,046219,West Liberty-Salem Local,1,1
2021,3904622,046227,Clark County ESC,4,1
2021,3904623,046235,Greenon Local,1,1
2021,3904624,046243,Tecumseh Local,1,1
2021,3904625,046250,Northeastern Local,1,1
2021,3904626,046268,Northwestern Local,1,1
2021,3904627,046276,Southeastern Local,1,1
2021,3904628,046284,Clark-Shawnee Local,1,1
2021,3904629,046292,Clermont County ESC,4,1
2021,3904630,046300,Batavia Local,1,1
2021,3904631,046318,Bethel-Tate Local,1,1
2021,3904632,046326,Clermont Northeastern Local,1,1
2021,3904633,046334,Felicity-Franklin Local,1,1
2021,3904634,046342,Goshen Local,1,1
2021,3904635,046359,West Clermont Local,1,1
2021,3904636,046367,Williamsburg Local,1,1
2021,3904637,046375,Southern Ohio ESC,4,1
2021,3904638,046383,Blanchester Local,1,1
2021,3904639,046391,Clinton-Massie Local,1,1
2021,3904640,046409,East Clinton Local,1,1
2021,3904641,046417,Columbiana County ESC,4,1
2021,3904642,046425,Beaver Local,1,1
2021,3904643,046433,Crestview Local,1,1
2021,3904644,046441,Southern Local,1,1
2021,3904645,046458,United Local,1,1
2021,3904647,046474,Ridgewood Local,1,1
2021,3904648,046482,River View Local,1,1
2021,3904650,046508,Buckeye Central Local,1,1
2021,3904651,046516,Colonel Crawford Local,1,1
2021,3904652,046524,Wynford Local,1,1
2021,3904653,046532,ESC of Northeast Ohio,4,1
2021,3904655,046557,Cuyahoga Heights Local,1,1
2021,3904656,046565,Independence Local,1,1
2021,3904657,046573,Olmsted Falls City,1,1
2021,3904659,046599,Richmond Heights Local,1,1
2021,3904660,046607,Solon City,1,1
2021,3904661,046615,Darke County ESC,4,1
2021,3904662,046623,Ansonia Local,1,1
2021,3904663,046631,Arcanum-Butler Local,1,1
2021,3904664,046649,Franklin Monroe Local,1,1
2021,3904667,046672,Mississinawa Valley Local,1,1
2021,3904668,046680,Tri-Village Local,1,1
2021,3904670,046706,Ayersville Local,1,1
2021,3904671,046714,Central Local,1,1
2021,3904672,046722,Northeastern Local,1,1
2021,3904674,046748,Big Walnut Local,1,1
2021,3904675,046755,Buckeye Valley Local,1,1
2021,3904676,046763,Olentangy Local,1,1
2021,3904678,046789,Edison Local (formerly Berlin-Milan),1,1
2021,3904679,046797,Kelleys Island Local,1,1
2021,3904680,046805,Margaretta Local,1,1
2021,3904681,046813,Perkins Local,1,1
2021,3904682,046821,Vermilion Local,1,1
2021,3904683,046839,Fairfield County ESC,4,1
2021,3904684,046847,Amanda-Clearcreek Local,1,1
2021,3904685,046854,Berne Union Local,1,1
2021,3904686,046862,Bloom-Carroll Local,1,1
2021,3904687,046870,Fairfield Union Local,1,1
2021,3904688,046888,Liberty Union-Thurston Local,1,1
2021,3904689,046896,Pickerington Local,1,1
2021,3904690,046904,Walnut Township Local,1,1
2021,3904693,046938,ESC of Central Ohio,4,1
2021,3904694,046946,Canal Winchester Local,1,1
2021,3904695,046953,Hamilton Local,1,1
2021,3904696,046961,Gahanna-Jefferson City,1,1
2021,3904697,046979,Groveport Madison Local,1,1
2021,3904699,046995,New Albany-Plain Local,1,1
2021,3904700,047001,Reynoldsburg City,1,1
2021,3904701,047019,Hilliard City,1,1
2021,3904702,047027,Dublin City,1,1
2021,3904704,047043,Archbold-Area Local,1,1
2021,3904705,047050,Evergreen Local,1,1
2021,3904706,047068,Fayette Local,1,1
2021,3904707,047076,Pettisville Local,1,1
2021,3904708,047084,Pike-Delta-York Local,1,1
2021,3904709,047092,Swanton Local,1,1
2021,3904716,047167,Berkshire Local,1,1
2021,3904717,047175,Cardinal Local,1,1
2021,3904718,047183,Chardon Local,1,1
2021,3904719,047191,Kenston Local,1,1
2021,3904722,047225,West Geauga Local,1,1
2021,3904723,047233,Greene County ESC,4,1
2021,3904724,047241,Beavercreek City,1,1
2021,3904725,047258,Cedar Cliff Local,1,1
2021,3904726,047266,Greeneview Local,1,1
2021,3904727,047274,Bellbrook-Sugarcreek Local,1,1
2021,3904730,047308,Rolling Hills Local,1,1
2021,3904732,047324,Hamilton County ESC,4,1
2021,3904733,047332,Finneytown Local,1,1
2021,3904734,047340,Forest Hills Local,1,1
2021,3904736,047365,Northwest Local,1,1
2021,3904737,047373,Oak Hills Local,1,1
2021,3904738,047381,Southwest Local,1,1
2021,3904739,047399,Three Rivers Local,1,1
2021,3904740,047407,Hancock County ESC,4,1
2021,3904742,047423,Arlington Local,1,1
2021,3904743,047431,Cory-Rawson Local,1,1
2021,3904744,047449,Liberty-Benton Local,1,1
2021,3904745,047456,McComb Local,1,1
2021,3904747,047472,Vanlue Local,1,1
2021,3904749,047498,Hardin Northern Local,1,1
2021,3904750,047506,Ridgemont Local,1,1
2021,3904751,047514,Riverdale Local,1,1
2021,3904752,047522,Upper Scioto Valley Local,1,1
2021,3904754,047548,Conotton Valley Union Local,1,1
2021,3904757,047571,Holgate Local,1,1
2021,3904758,047589,Liberty Center Local,1,1
2021,3904759,047597,Patrick Henry Local,1,1
2021,3904761,047613,Bright Local,1,1
2021,3904762,047621,Fairfield Local,1,1
2021,3904763,047639,Lynchburg-Clay Local,1,1
2021,3904768,047688,East Holmes Local,1,1
2021,3904769,047696,West Holmes Local,1,1
2021,3904771,047712,Monroeville Local,1,1
2021,3904772,047720,New London Local,1,1
2021,3904773,047738,South Central Local,1,1
2021,3904774,047746,Western Reserve Local,1,1
2021,3904776,047761,Oak Hill Union Local,1,1
2021,3904777,047779,Jefferson County ESC,4,1
2021,3904778,047787,Buckeye Local,1,1
2021,3904779,047795,Edison Local,1,1
2021,3904780,047803,Indian Creek Local,1,1
2021,3904781,047811,Knox County ESC,4,1
2021,3904782,047829,Centerburg Local,1,1
2021,3904783,047837,Danville Local,1,1
2021,3904785,047852,Fredericktown Local,1,1
2021,3904786,047860,Educational Service Center of the Western Reserve,4,1
2021,3904787,047878,Kirtland Local,1,1
2021,3904788,047886,Madison Local,1,1
2021,3904790,047902,Perry Local,1,1
2021,3904791,047910,Lawrence County ESC,4,1
2021,3904792,047928,Dawson-Bryant Local,1,1
2021,3904793,047936,Fairland Local,1,1
2021,3904794,047944,Rock Hill Local,1,1
2021,3904795,047951,South Point Local,1,1
2021,3904796,047969,Symmes Valley Local,1,1
2021,3904797,047977,Licking County ESC,4,1
2021,3904798,047985,Johnstown-Monroe Local,1,1
2021,3904799,047993,Lakewood Local,1,1
2021,3904800,048009,Licking Heights Local,1,1
2021,3904801,048017,Licking Valley Local,1,1
2021,3904802,048025,North Fork Local,1,1
2021,3904803,048033,Northridge Local,1,1
2021,3904804,048041,Southwest Licking Local,1,1
2021,3904807,048074,Benjamin Logan Local,1,1
2021,3904808,048082,Indian Lake Local,1,1
2021,3904809,048090,Riverside Local,1,1
2021,3904810,048108,Lorain County ESC,4,1
2021,3904811,048116,Avon Local,1,1
2021,3904812,048124,Avon Lake City,1,1
2021,3904813,048132,Clearview Local,1,1
2021,3904814,048140,Columbia Local,1,1
2021,3904815,048157,Firelands Local,1,1
2021,3904816,048165,Keystone Local,1,1
2021,3904817,048173,Midview Local,1,1
2021,3904819,048199,ESC of Lake Erie West,4,1
2021,3904820,048207,Anthony Wayne Local,1,1
2021,3904821,048215,Ottawa Hills Local,1,1
2021,3904822,048223,Springfield Local,1,1
2021,3904823,048231,Washington Local,1,1
2021,3904825,048256,Jefferson Local,1,1
2021,3904826,048264,Jonathan Alder Local,1,1
2021,3904827,048272,Madison-Plains Local,1,1
2021,3904828,048280,Mahoning County ESC,4,1
2021,3904829,048298,Austintown Local Schools,1,1
2021,3904830,048306,Boardman Local,1,1
2021,3904831,048314,Canfield Local,1,1
2021,3904832,048322,Jackson-Milton Local,1,1
2021,3904833,048330,Lowellville Local,1,1
2021,3904834,048348,Poland Local,1,1
2021,3904835,048355,Sebring Local,1,1
2021,3904836,048363,South Range Local,1,1
2021,3904837,048371,Springfield Local,1,1
2021,3904838,048389,West Branch Local,1,1
2021,3904839,048397,Western Reserve Local,1,1
2021,3904841,048413,Elgin Local,1,1
2021,3904842,048421,Pleasant Local,1,1
2021,3904843,048439,Ridgedale Local,1,1
2021,3904844,048447,River Valley Local,1,1
2021,3904845,048454,Medina County ESC,4,1
2021,3904846,048462,Black River Local,1,1
2021,3904847,048470,Buckeye Local,1,1
2021,3904848,048488,Cloverleaf Local,1,1
2021,3904849,048496,Highland Local,1,1
2021,3904851,048512,Eastern Local,1,1
2021,3904852,048520,Meigs Local,1,1
2021,3904853,048538,Southern Local,1,1
2021,3904854,048546,Mercer County Educational Service Center,4,1
2021,3904857,048579,Parkway Local,1,1
2021,3904858,048587,St Henry Consolidated Local,1,1
2021,3904859,048595,Fort Recovery Local,1,1
2021,3904860,048603,Miami County ESC,4,1
2021,3904861,048611,Bethel Local,1,1
2021,3904862,048629,Miami East Local,1,1
2021,3904863,048637,Newton Local,1,1
2021,3904865,048652,Switzerland of Ohio Local,1,1
2021,3904866,048660,Montgomery County ESC,4,1
2021,3904867,048678,Brookville Local,1,1
2021,3904868,048686,Jefferson Township Local,1,1
2021,3904869,048694,Trotwood-Madison City,1,1
2021,3904870,048702,Mad River Local,1,1
2021,3904871,048710,New Lebanon Local School District,1,1
2021,3904872,048728,Northmont City,1,1
2021,3904873,048736,Northridge Local,1,1
2021,3904874,048744,Valley View Local,1,1
2021,3904875,048751,Huber Heights City,1,1
2021,3904877,048777,Morgan Local,1,1
2021,3904879,048793,Cardington-Lincoln Local,1,1
2021,3904880,048801,Highland Local,1,1
2021,3904881,048819,Northmor Local,1,1
2021,3904883,048835,East Muskingum Local,1,1
2021,3904884,048843,Franklin Local,1,1
2021,3904885,048850,Maysville Local,1,1
2021,3904887,048876,Tri-Valley Local,1,1
2021,3904888,048884,West Muskingum Local,1,1
2021,3904890,048900,Noble Local,1,1
2021,3904892,048926,Benton Carroll Salem Local,1,1
2021,3904893,048934,Danbury Local,1,1
2021,3904894,048942,Genoa Area Local,1,1
2021,3904895,048959,Middle Bass Local,1,1
2021,3904896,048967,North Bass Local,1,1
2021,3904897,048975,Put-In-Bay Local,1,1
2021,3904899,048991,Antwerp Local,1,1
2021,3904900,049296,Twin Valley Community Local,1,1
2021,3904903,049031,Wayne Trace Local,1,1
2021,3904905,049056,Northern Local,1,1
2021,3904906,049064,Southern Local,1,1
2021,3904907,049072,Pickaway County ESC,4,1
2021,3904908,049080,Logan Elm Local,1,1
2021,3904909,049098,Teays Valley Local,1,1
2021,3904910,049106,Westfall Local,1,1
2021,3904912,049122,Eastern Local School District,1,1
2021,3904913,049130,Scioto Valley Local,1,1
2021,3904914,049148,Waverly City,1,1
2021,3904915,049155,Western Local,1,1
2021,3904917,049171,Aurora City,1,1
2021,3904918,049189,Crestwood Local,1,1
2021,3904919,049197,Field Local,1,1
2021,3904920,049205,James A Garfield Local,1,1
2021,3904921,049213,Rootstown Local,1,1
2021,3904922,049221,Southeast Local,1,1
2021,3904923,049239,Streetsboro City,1,1
2021,3904924,049247,Waterloo Local,1,1
2021,3904925,049254,Preble County ESC,4,1
2021,3904926,091397,Tri-County North Local,1,1
2021,3904927,049270,National Trail Local,1,1
2021,3904928,049288,Preble Shawnee Local,1,1
2021,3904930,049304,Putnam County ESC,4,1
2021,3904931,049312,Columbus Grove Local,1,1
2021,3904932,049320,Continental Local,1,1
2021,3904933,049338,Jennings Local,1,1
2021,3904934,049346,Kalida Local,1,1
2021,3904935,049353,Leipsic Local,1,1
2021,3904936,049361,Miller City-New Cleveland Local,1,1
2021,3904937,049379,Ottawa-Glandorf Local,1,1
2021,3904938,049387,Ottoville Local,1,1
2021,3904939,049395,Pandora-Gilboa Local,1,1
2021,3904941,049411,Clear Fork Valley Local,1,1
2021,3904942,049429,Crestview Local,1,1
2021,3904943,049437,Lexington Local,1,1
2021,3904944,049445,Lucas Local,1,1
2021,3904945,049452,Madison Local,1,1
2021,3904946,049460,Plymouth-Shiloh Local,1,1
2021,3904947,049478,Ontario Local,1,1
2021,3904949,049494,Adena Local,1,1
2021,3904950,049502,Huntington Local,1,1
2021,3904951,049510,Paint Valley Local,1,1
2021,3904952,049528,Southeastern Local,1,1
2021,3904953,049536,Union-Scioto Local,1,1
2021,3904954,049544,Zane Trace Local,1,1
2021,3904956,049569,Lakota Local,1,1
2021,3904957,049577,Woodmore Local,1,1
2021,3904959,049593,Bloom-Vernon Local,1,1
2021,3904961,049619,Green Local,1,1
2021,3904962,049627,Minford Local,1,1
2021,3904963,049635,Northwest Local,1,1
2021,3904964,049643,Valley Local,1,1
2021,3904965,049650,Washington-Nile Local,1,1
2021,3904966,049668,Wheelersburg Local,1,1
2021,3904968,049684,Seneca East Local,1,1
2021,3904970,049700,Hopewell-Loudon Local,1,1
2021,3904971,049718,New Riegel Local,1,1
2021,3904976,049767,Botkins Local,1,1
2021,3904977,049775,Fairlawn Local,1,1
2021,3904978,049783,Fort Loramie Local,1,1
2021,3904979,049791,Hardin-Houston Local,1,1
2021,3904981,049817,Russia Local,1,1
2021,3904982,049825,Stark County ESC,4,1
2021,3904983,049833,Canton Local,1,1
2021,3904984,049841,Fairless Local,1,1
2021,3904985,049858,Jackson Local,1,1
2021,3904986,049866,Lake Local,1,1
2021,3904987,049874,Louisville City,1,1
2021,3904988,049882,Marlington Local,1,1
2021,3904989,049890,Minerva Local,1,1
2021,3904990,049908,Northwest Local,1,1
2021,3904991,049916,Osnaburg Local,1,1
2021,3904992,049924,Perry Local,1,1
2021,3904993,049932,Plain Local,1,1
2021,3904994,049940,Sandy Valley Local,1,1
2021,3904995,049957,Tuslaw Local,1,1
2021,3904996,049965,Summit County ESC,4,1
2021,3904997,049973,Woodridge Local,1,1
2021,3904998,049981,Copley-Fairlawn City,1,1
2021,3904999,049999,Coventry Local,1,1
2021,3905000,050005,Manchester Local,1,1
2021,3905001,050013,Green Local,1,1
2021,3905002,050021,Hudson City,1,1
2021,3905003,050039,Mogadore Local,1,1
2021,3905004,050047,Nordonia Hills City,1,1
2021,3905005,050054,Revere Local,1,1
2021,3905006,050062,Springfield Local,1,1
2021,3905007,050070,Twinsburg City,1,1
2021,3905008,050088,Trumbull County ESC,4,1
2021,3905009,050096,Bloomfield-Mespo Local,1,1
2021,3905011,050112,Bristol Local,1,1
2021,3905012,050120,Brookfield Local,1,1
2021,3905013,050138,Champion Local,1,1
2021,3905015,050153,Mathews Local,1,1
2021,3905016,050161,Howland Local,1,1
2021,3905017,050179,Joseph Badger Local,1,1
2021,3905018,050187,Lakeview Local,1,1
2021,3905019,050195,Liberty Local,1,1
2021,3905020,050203,Lordstown Local,1,1
2021,3905021,050211,Maplewood Local,1,1
2021,3905022,050229,McDonald Local,1,1
2021,3905023,050237,Southington Local,1,1
2021,3905024,050245,LaBrae Local,1,1
2021,3905025,050252,Weathersfield Local,1,1
2021,3905026,050260,East Central Ohio ESC,4,1
2021,3905027,050278,Garaway Local,1,1
2021,3905028,050286,Indian Valley Local,1,1
2021,3905029,050294,Strasburg-Franklin Local,1,1
2021,3905030,050302,Tuscarawas Valley Local,1,1
2021,3905032,050328,Fairbanks Local,1,1
2021,3905033,050336,North Union Local School District,1,1
2021,3905035,050351,Crestview Local,1,1
2021,3905039,050393,Vinton County Local,1,1
2021,3905040,050401,Warren County ESC,4,1
2021,3905041,050419,Carlisle Local,1,1
2021,3905042,050427,Springboro Community City,1,1
2021,3905043,050435,Kings Local,1,1
2021,3905044,050443,Little Miami Local,1,1
2021,3905045,050450,Mason City,1,1
2021,3905046,050468,Wayne Local,1,1
2021,3905048,050484,Fort Frye Local,1,1
2021,3905049,050492,Frontier Local,1,1
2021,3905051,050518,Wolf Creek Local,1,1
2021,3905052,050526,Tri-County ESC,4,1
2021,3905053,050534,Chippewa Local,1,1
2021,3905054,050542,Dalton Local,1,1
2021,3905055,050559,Green Local,1,1
2021,3905056,050567,Norwayne Local,1,1
2021,3905058,050583,Southeast Local,1,1
2021,3905059,050591,Triway Local,1,1
2021,3905061,050617,Edgerton Local,1,1
2021,3905062,050625,Edon Northwest Local,1,1
2021,3905063,050633,Millcreek-West Unity Local,1,1
2021,3905064,050641,North Central Local,1,1
2021,3905065,050658,Stryker Local,1,1
2021,3905066,050666,Wood County ESC,4,1
2021,3905067,050674,Eastwood Local,1,1
2021,3905068,050682,Elmwood Local,1,1
2021,3905069,050690,Lake Local,1,1
2021,3905070,050708,North Baltimore Local,1,1
2021,3905071,050716,Northwood Local Schools,1,1
2021,3905072,050724,Otsego Local,1,1
2021,3905074,050740,Mohawk Local,1,1
2021,3905077,050773,Apollo,4,1
2021,3905079,050799,Southern Hills,4,1
2021,3905081,050815,Ashtabula County Technical and Career Center,4,1
2021,3905085,050856,Belmont-Harrison,4,1
2021,3905088,050880,Butler Technology & Career Development Schools,4,1
2021,3905090,050906,Columbiana County,4,1
2021,3905092,050922,Cuyahoga Valley Career Center,4,1
2021,3905094,050948,Polaris,4,1
2021,3905096,050963,Four County Career Center,4,1
2021,3905098,050989,Delaware Area Career Center,4,1
2021,3905100,051003,Eastland-Fairfield Career & Technical Schools,4,1
2021,3905102,051029,EHOVE Career Center,4,1
2021,3905104,051045,Greene County Vocational School District,4,1
2021,3905106,051060,Great Oaks Career Campuses,4,1
2021,3905112,051128,Jefferson County,4,1
2021,3905114,051144,Knox County JVSD,4,1
2021,3905116,051169,Auburn,4,1
2021,3905118,051185,Lawrence County,4,1
2021,3905120,051201,Career and Technology Educational Centers,4,1
2021,3905122,051227,Lorain County JVS,4,1
2021,3905124,051243,Mahoning Co Career & Tech Ctr,4,1
2021,3905128,051284,Miami Valley Career Tech,4,1
2021,3905130,051300,Mid-East Career and Technology Centers,4,1
2021,3905133,051334,Ohio Hi-Point Career Center,4,1
2021,3905135,051359,Penta Career Center - District,4,1
2021,3905137,051375,Pike County Area,4,1
2021,3905139,051391,Maplewood Career Center District,4,1
2021,3905141,051417,Pioneer Career & Technology,4,1
2021,3905143,051433,Pickaway-Ross County JVSD,4,1
2021,3905145,051458,Vanguard-Sentinel Career & Technology Centers,4,1
2021,3905147,051474,Warren County Vocational School,4,1
2021,3905149,051490,Scioto County Career Technical Center,4,1
2021,3905153,051532,Springfield-Clark County,4,1
2021,3905160,051607,Tri-County Career Center,4,1
2021,3905163,051631,Trumbull Career & Tech Ctr,4,1
2021,3905165,051656,Buckeye,4,1
2021,3905167,051672,Vantage Career Center,4,1
2021,3905169,051698,Washington County Career Center District,4,1
2021,3905171,051714,Wayne County JVSD,4,1
2021,3906190,061903,Adams County Ohio Valley Local,1,1
2021,3906202,062026,Stark County Area,4,1
2021,3906204,062042,Ashland County-West Holmes Joint Vocational School,4,1
2021,3906206,062067,Gallia-Jackson-Vinton,4,1
2021,3906210,062109,Medina County Joint Vocational School District,4,1
2021,3906212,062125,Upper Valley Career Center,4,1
2021,3906280,062802,U S Grant,4,1
2021,3906349,063495,Portage Lakes,4,1
2021,3906351,063511,Tolles Career & Technical Center,4,1
2021,3906496,064964,College Corner Local,1,1
2021,3906522,065227,Coshocton County,4,1
2021,3906526,065268,Tri-Rivers,4,1
2021,3906568,065680,Gallia County Local,1,1
2021,3906968,069682,East Guernsey Local,1,1
2021,3910000,043984,Findlay City,1,1
2021,3910001,047464,Van Buren Local,1,1
2021,3910002,047415,Arcadia Local,1,1
2021,3910003,044784,Sidney City,1,1
2021,3910004,049759,Anna Local,1,1
2021,3910005,049809,Jackson Center Local,1,1
2021,3910006,044735,Salem City,1,1
2021,3910007,045443,Leetonia Exempted Village School District,1,1
2021,3910008,045344,Crestline Exempted Village,1,1
2021,3910009,044776,Shelby City,1,1
2021,3910010,046920,Miami Trace Local,1,1
2021,3910011,045013,Washington Court House City,1,1
2021,3910012,044420,Mount Vernon City,1,1
2021,3910013,047845,East Knox Local,1,1
2021,3910014,047894,Riverside Local,1,1
2021,3910015,044628,Painesville City Local,1,1
2021,3910016,046581,Orange City,1,1
2021,3910017,043562,Bedford City,1,1
2021,3910018,050500,Warren Local,1,1
2021,3910019,044321,Marietta City,1,1
2021,3910020,045302,Clyde-Green Springs Exempted Village,1,1
2021,3910021,049726,Old Fort Local,1,1
2021,3910022,050369,Lincolnview Local,1,1
2021,3910023,044966,Van Wert City,1,1
2021,3910024,045625,Upper Sandusky Exempted Village,1,1
2021,3910025,044172,Kenton City,1,1
2021,3910026,049601,Clay Local,1,1
2021,3910027,044669,Portsmouth City,1,1
2021,3910028,045591,Rittman Exempted Village,1,1
2021,3910029,044974,Wadsworth City,1,1
2021,3910030,043729,Celina City,1,1
2021,3910031,048553,Marion Local,1,1
2021,3910032,045120,Wooster City,1,1
2021,3910033,050575,Northwestern Local,1,1
2022,3900001,071530,Ohio School For The Deaf,5,1
2022,3900002,071548,Ohio School For The Blind,5,1
2022,3900008,125252,Muskingum Valley ESC,4,1
2022,3900009,125658,South Central Ohio ESC,4,1
2022,3900012,125682,Gallia-Vinton ESC,4,1
2022,3900013,125690,North Point Educational Service Center,4,1
2022,3900014,123281,Ohio Valley ESC,4,1
2022,3900015,124297,Northwest Ohio Educational Service Center,4,1
2022,3900017,134072,Youngstown Community School,7,1
2022,3900019,134098,Constellation Schools: Old Brooklyn Community Elementary,7,1
2022,3900022,134122,Autism Model School,7,1
2022,3900025,134197,Green Inspiration Academy,7,1
2022,3900027,134213,Middlebury Academy,7,1
2022,3900029,134247,City Day Community School,7,1
2022,3900031,133512,Cincinnati College Preparatory Academy,7,1
2022,3900033,133538,Edge Academy The,7,1
2022,3900036,133561,Millennium Community School,7,1
2022,3900038,133587,Summit Academy Akron Elementary School,7,1
2022,3900040,133629,Horizon Science Acad Cleveland,7,1
2022,3900042,133660,Horizon Science Academy Columbus,7,1
2022,3900043,133678,Riverside Academy,7,1
2022,3900047,133736,Richard Allen Academy,7,1
2022,3900052,133835,Invictus High School,7,1
2022,3900053,133868,Towpath Trail High School,7,1
2022,3900056,133942,Toledo School For The Arts,7,1
2022,3900063,123257,North Central Ohio ESC,4,1
2022,3900064,123521,Mid-Ohio ESC,4,1
2022,3900065,133215,Intergenerational School The,7,1
2022,3900068,133256,Constellation Schools: Parma Community,7,1
2022,3900071,133306,Summit Academy Community School for Alternative Learn-Canton,7,1
2022,3900072,133330,T.C.P. World Academy,7,1
2022,3900073,133348,Richard Allen Preparatory,7,1
2022,3900080,133421,Graham School The,7,1
2022,3900081,133439,Cornerstone Academy Community School,7,1
2022,3900083,133454,Dayton Leadership Academies-Dayton View Campus,7,1
2022,3900084,133488,River Gate High School,7,1
2022,3900086,133785,Queen City Career Prep High School,7,1
2022,3900090,134999,Western Buckeye ESC,4,1
2022,3900091,135145,Athens-Meigs ESC,4,1
2022,3900092,137364,Madison-Champaign ESC,4,1
2022,3900093,138222,Ross-Pike ESC,4,1
2022,3900094,139303,Monroe Local,1,1
2022,3900096,132746,Summit Acdy Comm Schl for Alternative Learners of Middletown,7,1
2022,3900097,132761,Summit Academy Community School Alternative Learners -Xenia,7,1
2022,3900098,132779,Summit Academy Akron Middle School,7,1
2022,3900100,132795,Cliff Park High School,7,1
2022,3900101,132803,Marshall High School,7,1
2022,3900102,132951,Constellation Schools: Lorain Community Elementary,7,1
2022,3900103,132969,Constellation Schools: Elyria Community,7,1
2022,3900104,132985,YB Columbus Community School,7,1
2022,3900105,132993,Constellation Schools: Westpark Community Elementary,7,1
2022,3900106,133264,Dohn Community,7,1
2022,3900107,133280,Washington Park Community School,7,1
2022,3900109,133322,Summit Academy Community School Alternative Learners-Lorain,7,1
2022,3900113,133504,Phoenix Community Learning Ctr,7,1
2022,3900117,143297,The Autism Academy Of Learning,7,1
2022,3900118,143305,TRECA Digital Academy,7,1
2022,3900119,143313,Innovation Academy West,7,1
2022,3900121,143602,Hamilton Cnty Math & Science,7,1
2022,3900123,143644,Sciotoville,7,1
2022,3900127,000131,Glass City Academy,7,1
2022,3900129,000138,Pathway School of Discovery,7,1
2022,3900130,000139,Alliance Academy of Cincinnati,7,1
2022,3900138,000222,Wildwood Environmental Academy,7,1
2022,3900145,148981,Tomorrow Center,7,1
2022,3900146,148999,Mahoning Unlimited Classroom,7,1
2022,3900151,149047,GOAL Digital Academy,7,1
2022,3900155,149088,Fairborn Digital Academy,7,1
2022,3900175,142901,Stark High School,7,1
2022,3900176,142919,Black River Career Prep High School,7,1
2022,3900177,142927,Focus Learning Academy of Southwest Columbus,7,1
2022,3900178,142935,Focus Learning Academy of Southeastern Columbus,7,1
2022,3900179,142943,Focus Learning Academy of Northern Columbus,7,1
2022,3900180,142950,Ohio Virtual Academy,7,1
2022,3900181,142968,Hope Academy Northcoast,7,1
2022,3900190,143172,International Acad Of Columbus,7,1
2022,3900192,143198,Great Western Academy,7,1
2022,3900193,143206,Trotwood Preparatory & Fitness Academy,7,1
2022,3900194,143214,Middletown Preparatory & Fitness Academy,7,1
2022,3900203,143396,Alternative Education Academy,7,1
2022,3900211,143479,Constellation Schools: Puritas Community Elementary,7,1
2022,3900212,143487,Constellation Schools: Stockyard Community Elementary,7,1
2022,3900216,143529,North Dayton School Of Science & Discovery,7,1
2022,3900223,143610,Arts & College Preparatory Academy,7,1
2022,3900231,149302,Skyway Career Prep High School,7,1
2022,3900233,149328,Foxfire High School,7,1
2022,3900237,060988,Buckeye United School District,5,1
2022,3900238,065201,Ohio Central School System,5,1
2022,3900241,132944,Miami Valley Academies,7,1
2022,3900250,000236,Ohio Connections Academy Inc,7,1
2022,3900252,000241,Quaker Digital Academy,7,1
2022,3900276,151175,West Central Learning Academy II,7,1
2022,3900277,151183,Lake Erie International High School,7,1
2022,3900279,151209,Randall Park High School,7,1
2022,3900285,000525,Canton Harbor High School,7,1
2022,3900286,000527,Cleveland Academy for Scholarship Technology and Leadership,7,1
2022,3900291,000534,Constellation Schools: Puritas Community Middle,7,1
2022,3900299,000543,Pinnacle Academy,7,1
2022,3900302,000546,Winterfield Venture Academy,7,1
2022,3900304,000553,Columbus Humanities Arts and Technology Academy,7,1
2022,3900305,000556,A+ Arts Academy,7,1
2022,3900306,000557,Columbus Arts & Technology Academy,7,1
2022,3900307,000558,Columbus Preparatory Academy,7,1
2022,3900308,000559,Orion Academy,7,1
2022,3900309,000560,Apex Academy,7,1
2022,3900313,000575,Northwest School of the Arts,7,1
2022,3900314,000576,Elevated Excellence Academy,7,1
2022,3900315,000577,Emerson Academy,7,1
2022,3900331,000598,Coshocton Opportunity School,7,1
2022,3900337,000608,Summit Academy Transition High School-Cincinnati,7,1
2022,3900338,000609,Summit Academy School - Lorain,7,1
2022,3900339,000610,Summit Academy Middle School - Columbus,7,1
2022,3900341,000613,Heir Force Community School,7,1
2022,3900342,000614,Summit Academy Transition High School-Columbus,7,1
2022,3900344,000616,Summit Academy Alternative LearnersWarren Middle & Secondary,7,1
2022,3900348,000621,Summit Academy Transition High School Dayton,7,1
2022,3900350,000623,Summit Academy-Youngstown,7,1
2022,3900356,000629,Summit Academy Community School - Painesville,7,1
2022,3900361,000634,Summit Academy Secondary School - Middletown,7,1
2022,3900366,000640,Rittman Academy,7,1
2022,3900381,000664,Capital City Career Prep High School,7,1
2022,3900383,000679,Oakstone Community School,7,1
2022,3900385,147231,Schnee Learning Center,7,1
2022,3900396,000725,Zenith Academy,7,1
2022,3900399,000736,Wings Academy 1,7,1
2022,3900428,000770,Maritime Academy of Toledo The,7,1
2022,3900434,000779,Educational Academy for Boys & Girls,7,1
2022,3900435,000780,Midnimo Cross Cultural Community School,7,1
2022,3900441,000804,Horizon Science Academy-Cincinnati,7,1
2022,3900444,000808,Horizon Science Academy-Dayton,7,1
2022,3900448,000813,Gem City Career Prep High School,7,1
2022,3900451,000825,Horizon Science Academy-Springfield,7,1
2022,3900454,000838,Horizon Science Academy-Denison Middle School,7,1
2022,3900457,000843,Bennett Venture Academy,7,1
2022,3900467,000855,Stambaugh Charter Academy,7,1
2022,3900470,000858,Horizon Science Academy-Cleveland Middle School,7,1
2022,3900474,000875,Westside Academy,7,1
2022,3900478,000905,Interactive Media & Construction (IMAC),7,1
2022,3900488,000282,Greater Ohio Virtual School,7,1
2022,3900490,000288,Auglaize County Educational Academy,7,1
2022,3900492,000296,Summit Academy Community School-Columbus,7,1
2022,3900493,000297,Summit Academy Community School - Dayton,7,1
2022,3900494,000298,Summit Academy Secondary - Akron,7,1
2022,3900495,000300,Summit Academy Secondary - Canton,7,1
2022,3900496,000301,Summit Academy - Toledo,7,1
2022,3900497,000302,Summit Academy Community School-Parma,7,1
2022,3900498,000303,Summit Academy Secondary - Youngstown,7,1
2022,3900500,000305,Summit Academy Community School-Warren,7,1
2022,3900501,000306,Summit Academy Community School - Cincinnati,7,1
2022,3900502,000311,Bridges Community Academy dba Bridges Preparatory Academy,7,1
2022,3900503,000316,Constellation Schools: Westpark Community Middle,7,1
2022,3900505,000318,Menlo Park Academy,7,1
2022,3900506,000319,Constellation Schools: Madison Community Elementary,7,1
2022,3900507,000320,Constellation Schools: Lorain Community Middle,7,1
2022,3900508,000321,Constellation Schools: Old Brooklyn Community Middle,7,1
2022,3900510,000338,Horizon Science Academy Toledo,7,1
2022,3900528,000402,Findlay Digital Academy,7,1
2022,3900530,000417,Buckeye On-Line School for Success,7,1
2022,3900537,000442,Manchester Local,1,1
2022,3900550,000509,Whitehall Preparatory and Fitness Academy,7,1
2022,3900551,000510,Springfield Preparatory and Fitness Academy,7,1
2022,3900552,000511,Northland Preparatory and Fitness Academy,7,1
2022,3900562,000936,Promise Academy,7,1
2022,3900564,000938,East Bridge Academy of Excellence,7,1
2022,3900567,000941,Par Excellence Academy,7,1
2022,3900573,000951,Toledo Preparatory and Fitness Academy,7,1
2022,3900574,000952,Columbus Preparatory and Fitness Academy,7,1
2022,3900575,000953,Mt. Healthy Preparatory and Fitness Academy,7,1
2022,3900580,007984,Youngstown Academy of Excellence,7,1
2022,3900584,007995,Cleveland Arts and Social Sciences Academy,7,1
2022,3900586,007999,Charles School at Ohio Dominican University,7,1
2022,3900587,008000,Lorain Preparatory Academy,7,1
2022,3900593,008063,Cascade Career Prep High School,7,1
2022,3900594,008064,Monroe Preparatory Academy,7,1
2022,3900638,000912,Early College Academy,7,1
2022,3900640,008287,Groveport Community School,7,1
2022,3900641,008286,Harvard Avenue Performance Academy,7,1
2022,3900642,008283,Dayton Business Technology High School,7,1
2022,3900643,008282,North Woods Career Prep High School,7,1
2022,3900644,008281,South Scioto Academy,7,1
2022,3900645,008280,Noble Academy-Columbus,7,1
2022,3900646,008278,Noble Academy-Cleveland,7,1
2022,3900647,008289,Eagle Learning Center,7,1
2022,3901301,009192,Foundation Academy,7,1
2022,3901302,009283,Dayton Early College Academy Inc,7,1
2022,3901305,009122,Columbus Collegiate Academy,7,1
2022,3901313,009164,Central Academy of Ohio,7,1
2022,3901314,009148,Zanesville Community School,7,1
2022,3901322,009179,Horizon Science Academy Columbus Middle School,7,1
2022,3901326,009149,Constellation Schools: Westside Community School of the Arts,7,1
2022,3901329,009996,Mahoning County High School,7,1
2022,3901330,009997,KIPP Columbus,7,1
2022,3901335,010036,Cesar Chavez College Preparatory School,7,1
2022,3901337,010182,Performance Academy Eastland,7,1
2022,3901339,010205,L. Hollingworth School for Talented and Gifted,7,1
2022,3901344,009953,Sullivant Avenue Community School,7,1
2022,3901346,009955,Madison Avenue School of Arts,7,1
2022,3901347,009957,Klepinger Community School,7,1
2022,3901350,009971,Ashland County Community Academy,7,1
2022,3901353,009990,Horizon Science Academy Elementary School,7,1
2022,3901354,011439,The Bessie Sherrod Price Preparatory Academy,7,1
2022,3901362,011507,Achieve Career Preparatory Academy,7,1
2022,3901363,011511,Lakeland Academy Community School,7,1
2022,3901365,011533,Horizon Science Academy Lorain,7,1
2022,3901366,011534,Horizon Science Academy Dayton High School,7,1
2022,3901368,011291,Village Preparatory School Cliffs,7,1
2022,3901369,011381,Greater Summit County Early Learning Center,7,1
2022,3901370,011390,Bella Academy of Excellence,7,1
2022,3901374,011506,Dayton Regional STEM School,1,1
2022,3901375,011468,Columbus Bilingual Academy-North,7,1
2022,3901376,011923,Northeast Ohio College Preparatory School,7,1
2022,3901377,011947,Imagine Akron Academy,7,1
2022,3901378,011956,Everest High School,7,2
2022,3901381,011967,The Richland School of Academic Arts,7,1
2022,3901382,011972,Graham Elementary and Middle School,7,1
2022,3901383,011976,Horizon Science Academy Dayton Downtown,7,1
2022,3901389,011986,Horizon Science Academy Youngstown,7,1
2022,3901396,012009,Zenith Academy East,7,1
2022,3901397,012010,Cleveland College Preparatory School,7,1
2022,3901398,012011,Columbus Performance Academy,7,1
2022,3901403,012025,Constellation Schools: Stockyard Community Middle,7,1
2022,3901405,012030,Near West Intergenerational School,7,1
2022,3901407,012033,Foxfire Intermediate School,7,1
2022,3901409,012036,Regent High School,7,1
2022,3901410,012037,Mason Run High School,7,1
2022,3901411,012038,Old Brook High School,7,1
2022,3901412,012040,Road to Success Academy,7,1
2022,3901413,012041,Central High School,7,1
2022,3901414,012042,George Voinovich Contemporary Career High School,7,1
2022,3901415,012043,Frederick Douglass High School,7,1
2022,3901416,012044,Capital High School,7,1
2022,3901417,012045,Patriot Preparatory Academy,7,1
2022,3901420,012054,North Central Academy,7,1
2022,3901427,012105,Southside Academy,7,1
2022,3901428,012060,Akros Middle School,7,1
2022,3901429,011324,Hardin Community School,7,1
2022,3901430,012684,Broadway Academy,7,1
2022,3901432,012671,Constellation Schools: Eastside Arts Academy,7,1
2022,3901433,012528,The Academy for Urban Scholars,7,1
2022,3901434,012644,STEAM Academy of Warren,7,1
2022,3901444,012029,Citizens Leadership Academy,7,2
2022,3901450,012867,Townsend North Community School,7,1
2022,3901451,012529,Focus North High School,7,1
2022,3901454,012627,Eagle Elementary of Akron,7,1
2022,3901457,012541,University of Cleveland Preparatory School,7,1
2022,3901463,012501,Beacon Hill Academy,7,1
2022,3901465,012558,Global Village Academy,7,1
2022,3901470,013255,Canton College Preparatory School,7,1
2022,3901472,013249,Academy for Urban Scholars Youngstown,7,1
2022,3901473,013170,The Brilliance School,7,1
2022,3901475,013175,SunBridge Schools,7,1
2022,3901478,012951,Columbus Collegiate Academy - West,7,1
2022,3901480,013232,A+ Children's Academy,7,1
2022,3901482,013147,STEAM Academy of Warrensville Heights,7,1
2022,3901487,013253,Ohio College Preparatory School,7,1
2022,3901488,013173,Imagine Environmental Science Academy,7,1
2022,3901490,012391,Metro Early College High School,1,1
2022,3901496,013199,Cleveland Preparatory Academy,7,1
2022,3901498,013148,Stepstone Academy,7,1
2022,3901499,013132,Lake Erie College Preparatory School,7,1
2022,3901502,013195,Ann Jerkins-Harris Academy of Excellence,7,1
2022,3901503,013254,Akron Preparatory School,7,1
2022,3901505,013034,Village Preparatory School Woodland Hills,7,1
2022,3901508,012924,DECA PREP,7,1
2022,3901511,014066,Main Preparatory Academy,7,1
2022,3901512,014231,Bio-Med Science Academy STEM School,1,1
2022,3901514,014189,West Park Academy,7,1
2022,3901516,013864,Cincinnati Technology Academy,7,1
2022,3901520,014091,Hope Learning Academy of Toledo,7,1
2022,3901521,014139,Imagine Columbus Primary School,7,1
2022,3901526,014187,East Academy,7,1
2022,3901529,014467,United Preparatory Academy,7,1
2022,3901530,014067,Ohio Construction Academy,7,1
2022,3901535,013930,Global Impact STEM Academy,1,1
2022,3901536,014149,Dayton SMART Elementary School,7,1
2022,3901539,013994,Albert Einstein Academy for Letters Arts and Sciences-Ohio,7,1
2022,3901543,014065,Lincoln Park Academy,7,1
2022,3901545,014188,Discovery Academy,7,1
2022,3901549,014121,Imagine Leadership Academy,7,1
2022,3901550,014090,Eastland Preparatory Academy,7,1
2022,3901551,013962,Liberty Preparatory School,7,1
2022,3901554,014147,East Preparatory Academy,7,1
2022,3901555,013999,Rise & Shine Academy,7,1
2022,3901564,014913,Lakeshore Intergenerational School,7,1
2022,3901565,014943,Valley STEM+ME2 Academy,1,1
2022,3901566,014830,Utica Shale Academy of Ohio,7,1
2022,3901567,014927,Steel Academy,7,1
2022,3901568,014904,T2 Honors Academy,7,1
2022,3901570,015261,Citizens Academy Southeast,7,1
2022,3901574,015237,Flex High School,7,1
2022,3901575,015329,iSTEM Geauga Early College High School,1,1
2022,3901576,015234,Zenith Academy West,7,1
2022,3901577,015344,Tri-State STEM+M Early College High School,1,1
2022,3901581,015722,Village Preparatory School Willard,7,1
2022,3901582,015710,Bridge Gate Community School,7,1
2022,3901583,015741,Westwood Preparatory Academy,7,1
2022,3901584,015713,East Branch Preparatory AcademydbaWright Preparatory Academy,7,1
2022,3901585,015736,iLEAD Spring Meadows,7,1
2022,3901586,015709,Beacon Academy,7,1
2022,3901587,015714,Dayton Athletic Vocational Academy,7,1
2022,3901588,015737,Global Ambassadors Language Academy,7,1
2022,3901589,014777,Midwest Regional ESC,4,1
2022,3901590,016850,Cincinnati Achievement Academy,7,1
2022,3901591,016836,Kids Care Elementary,7,1
2022,3901592,015712,Euclid Preparatory School,7,1
2022,3901593,016858,United Preparatory Academy East,7,1
2022,3901594,016843,Citizens Leadership Academy East,7,1
2022,3901595,016849,Liberty High School,7,1
2022,3901596,016829,South Columbus Preparatory Academy at German Village,7,1
2022,3901597,016837,Orchard Park Academy,7,1
2022,3901599,017233,Great River Connections Academy,7,1
2022,3901600,016812,SMART Academy,7,1
2022,3901601,017212,Dampe Community School,7,1
2022,3901602,017275,AchievePoint Career Academy - Cincinnati,7,1
2022,3901603,017270,Lorain Bilingual Preparatory Academy,7,1
2022,3901604,017259,Montgomery Preparatory Academy,7,1
2022,3901605,017274,Mount Auburn Preparatory Academy,7,1
2022,3901606,017123,Horizon Science Academy Primary,7,1
2022,3901608,017536,Kenmore Preparatory Academy dba Toledo Preparatory Academy,7,1
2022,3901609,017585,Marion Preparatory Academy,7,1
2022,3901610,017537,Capital Collegiate Preparatory Academy,7,1
2022,3901611,017538,North Columbus Preparatory Academy,7,1
2022,3901612,017535,Huber Heights Preparatory Academy dba Parma Academy,7,1
2022,3901613,017498,Northwest Ohio Classical Academy,7,1
2022,3901614,017490,ReGeneration Bond Hill,7,1
2022,3901615,017643,Ohio Digital Learning School,7,1
2022,3901616,017599,Priority High School,7,1
2022,3901617,017497,Cypress High School,7,1
2022,3901618,019152,Buckeye Community School,7,1
2022,3901619,019156,Quaker Preparatory Academy,7,1
2022,3901620,019197,Flex High School Cleveland,7,1
2022,3901621,019199,Central Point Preparatory Academy,7,1
2022,3901622,019200,South Columbus Preparatory Academy at Southfield,7,1
2022,3901623,019201,Franklinton Prep High School,7,1
2022,3901624,019212,Valor Academy Inc.,7,1
2022,3901625,019220,North Shore High School,7,1
2022,3901626,019221,Case Preparatory Academy,7,1
2022,3901627,019226,Franklinton High School,7,1
2022,3901628,019227,Dublin Preparatory Academy dba Northside Preparatory Academy,7,1
2022,3901629,019235,Focus Learning Academy of Central Columbus,7,1
2022,3901630,019426,Dayton Career Tech High School,7,1
2022,3901631,019427,Akron Career Tech High School,7,1
2022,3901632,019441,Buckeye Community School - London,7,1
2022,3901633,019442,Buckeye Community School - Marion,7,1
2022,3901634,019450,Youngstown Preparatory Academy,7,1
2022,3901635,019452,Citizens of the World Charter Schools - Cincinnati,7,1
2022,3901636,019474,Explorers Academy of Science and Technology,7,1
2022,3901637,019478,Niles Preparatory Academy,7,1
2022,3901638,019511,Western Toledo Preparatory Academy,7,1
2022,3901639,019533,Eagle Charter Schools of Ohio,7,1
2022,3904348,043489,Akron City,1,1
2022,3904349,043497,Alliance City,1,1
2022,3904350,043505,Ashland City,1,1
2022,3904351,043513,Ashtabula Area City,1,1
2022,3904352,043521,Athens City,1,1
2022,3904353,043539,Barberton City,1,1
2022,3904354,043547,Bay Village City,1,1
2022,3904355,043554,Beachwood City,1,1
2022,3904357,043570,Bellaire Local,1,1
2022,3904358,043588,Bellefontaine City,1,1
2022,3904359,043596,Bellevue City,1,1
2022,3904360,043612,Berea City,1,1
2022,3904361,043604,Belpre City,1,1
2022,3904362,043620,Bexley City,1,1
2022,3904363,043638,Bowling Green City School District,1,1
2022,3904364,043646,Brecksville-Broadview Heights City,1,1
2022,3904365,043653,Brooklyn City,1,1
2022,3904366,043661,Brunswick City,1,1
2022,3904367,043679,Bryan City,1,1
2022,3904368,043687,Bucyrus City,1,1
2022,3904369,043695,Cambridge City,1,1
2022,3904370,043703,Campbell City,1,1
2022,3904371,043711,Canton City,1,1
2022,3904373,043737,Centerville City,1,1
2022,3904374,043745,Chillicothe City,1,1
2022,3904375,043752,Cincinnati Public Schools,1,1
2022,3904376,043760,Circleville City,1,1
2022,3904377,043778,Claymont City,1,1
2022,3904378,043786,Cleveland Municipal,1,1
2022,3904379,043794,Cleveland Heights-University Heights City,1,1
2022,3904380,043802,Columbus City Schools District,1,1
2022,3904381,043810,Conneaut Area City,1,1
2022,3904382,043828,Coshocton City,1,1
2022,3904383,043836,Cuyahoga Falls City,1,1
2022,3904384,043844,Dayton City,1,1
2022,3904385,043851,Deer Park Community City,1,1
2022,3904386,043869,Defiance City,1,1
2022,3904387,043877,Delaware City,1,1
2022,3904388,043885,Delphos City,1,1
2022,3904389,043893,Dover City,1,1
2022,3904390,043901,East Cleveland City School District,1,1
2022,3904391,043919,East Liverpool City,1,1
2022,3904392,043927,East Palestine City,1,1
2022,3904393,043935,Eaton Community City,1,1
2022,3904394,043943,Elyria City Schools,1,1
2022,3904395,043950,Euclid City,1,1
2022,3904396,043968,Fairborn City,1,1
2022,3904397,043976,Fairview Park City,1,1
2022,3904399,043992,Fostoria City,1,1
2022,3904400,044008,Franklin City,1,1
2022,3904401,044016,Fremont City,1,1
2022,3904402,044024,Galion City,1,1
2022,3904403,044032,Gallipolis City,1,1
2022,3904404,044040,Garfield Heights City Schools,1,1
2022,3904405,044057,Geneva Area City,1,1
2022,3904406,044065,Girard City School District,1,1
2022,3904407,044073,Grandview Heights Schools,1,1
2022,3904408,044081,Winton Woods City,1,1
2022,3904409,044099,Greenville City,1,1
2022,3904410,044107,Hamilton City,1,1
2022,3904411,044115,Heath City,1,1
2022,3904412,044123,Hillsboro City,1,1
2022,3904413,044131,Huron City Schools,1,1
2022,3904414,044149,Ironton City School District,1,1
2022,3904415,044156,Jackson City,1,1
2022,3904416,044164,Kent City,1,1
2022,3904418,044180,Kettering City School District,1,1
2022,3904419,044198,Lakewood City,1,1
2022,3904420,044206,Lancaster City,1,1
2022,3904421,044214,Lebanon City,1,1
2022,3904422,044222,Lima City,1,1
2022,3904423,044230,Lockland Local,1,1
2022,3904424,044248,Logan-Hocking Local,1,1
2022,3904425,044255,London City,1,1
2022,3904426,044263,Lorain City,1,1
2022,3904427,044271,Loveland City,1,1
2022,3904428,044289,Madeira City,1,1
2022,3904429,044297,Mansfield City,1,1
2022,3904430,044305,Maple Heights City,1,1
2022,3904431,044313,Mariemont City,1,1
2022,3904433,044339,Marion City,1,1
2022,3904434,044347,Martins Ferry City,1,1
2022,3904435,044354,Massillon City,1,1
2022,3904436,044362,Maumee City,1,1
2022,3904437,044370,Mayfield City,1,1
2022,3904438,044388,Medina City SD,1,1
2022,3904439,044396,Miamisburg City,1,1
2022,3904440,044404,Middletown City,1,1
2022,3904441,044412,Mt Healthy City,1,1
2022,3904443,044438,Napoleon Area City,1,1
2022,3904444,044446,Nelsonville-York City,1,1
2022,3904445,044453,Newark City,1,1
2022,3904446,044461,New Boston Local,1,1
2022,3904447,044479,New Lexington School District,1,1
2022,3904448,044487,New Philadelphia City,1,1
2022,3904449,044495,Niles City,1,1
2022,3904450,044503,North Canton City,1,1
2022,3904451,044511,North College Hill City,1,1
2022,3904452,044529,North Olmsted City,1,1
2022,3904453,044537,North Ridgeville City,1,1
2022,3904454,044545,North Royalton City,1,1
2022,3904455,044552,Norton City,1,1
2022,3904456,044560,Norwalk City,1,1
2022,3904457,044578,Norwood City,1,1
2022,3904458,044586,Oakwood City,1,1
2022,3904459,044594,Oberlin City Schools,1,1
2022,3904460,044602,Oregon City,1,1
2022,3904461,044610,Orrville City,1,1
2022,3904463,044636,Parma City,1,1
2022,3904464,044644,Piqua City,1,1
2022,3904465,044651,Port Clinton City,1,1
2022,3904467,044677,Princeton City,1,1
2022,3904468,044685,Ravenna City,1,1
2022,3904469,044693,Reading Community City,1,1
2022,3904470,044701,Rocky River City,1,1
2022,3904471,044719,St Bernard-Elmwood Place City,1,1
2022,3904472,044727,St Marys City,1,1
2022,3904474,044743,Sandusky City,1,1
2022,3904475,044750,Shaker Heights City,1,1
2022,3904476,044768,Sheffield-Sheffield Lake City,1,1
2022,3904479,044792,South Euclid-Lyndhurst City,1,1
2022,3904480,044800,South-Western City,1,1
2022,3904481,044818,Springfield City School District,1,1
2022,3904482,044826,Steubenville City,1,1
2022,3904483,044834,Stow-Munroe Falls City School District,1,1
2022,3904484,044842,Strongsville City,1,1
2022,3904485,044859,Struthers City,1,1
2022,3904486,044867,Sycamore Community City,1,1
2022,3904487,044875,Sylvania Schools,1,1
2022,3904488,044883,Tallmadge City,1,1
2022,3904489,044891,Tiffin City Schools,1,1
2022,3904490,044909,Toledo City,1,1
2022,3904491,044917,Toronto City,1,1
2022,3904492,044925,Troy City,1,1
2022,3904493,044933,Upper Arlington City,1,1
2022,3904494,044941,Urbana City,1,1
2022,3904495,044958,Vandalia-Butler City,1,1
2022,3904498,044982,Wapakoneta City,1,1
2022,3904499,044990,Warren City,1,1
2022,3904500,045005,Warrensville Heights City,1,1
2022,3904502,045021,Wellston City,1,1
2022,3904503,045039,Wellsville Local,1,1
2022,3904504,045047,Westerville City,1,1
2022,3904505,045054,West Carrollton City,1,1
2022,3904506,045062,Westlake City,1,1
2022,3904507,045070,Whitehall City,1,1
2022,3904508,045088,Wickliffe City,1,1
2022,3904509,045096,Willard City,1,1
2022,3904510,045104,Willoughby-Eastlake City,1,1
2022,3904511,045112,Wilmington City,1,1
2022,3904513,045138,Worthington City,1,1
2022,3904514,045146,Wyoming City,1,1
2022,3904515,045153,Xenia Community City,1,1
2022,3904516,045161,Youngstown City,1,1
2022,3904517,045179,Zanesville City,1,1
2022,3904518,045187,Ada Exempted Village,1,1
2022,3904519,045195,Amherst Exempted Village,1,1
2022,3904520,045203,Barnesville Exempted Village,1,1
2022,3904521,045211,Bluffton Exempted Village,1,1
2022,3904522,045229,Bradford Exempted Village,1,1
2022,3904523,045237,Bridgeport Exempted Village,1,1
2022,3904524,045245,Harrison Hills City,1,1
2022,3904525,045252,Caldwell Exempted Village,1,1
2022,3904526,045260,Carey Exempted Village Schools,1,1
2022,3904527,045278,Carrollton Exempted Village,1,1
2022,3904528,045286,Chagrin Falls Exempted Village,1,1
2022,3904529,045294,Chesapeake Union Exempted Village,1,1
2022,3904531,045310,Coldwater Exempted Village,1,1
2022,3904532,045328,Columbiana Exempted Village,1,1
2022,3904533,045336,Covington Exempted Village,1,1
2022,3904535,045351,Crooksville Exempted Village,1,1
2022,3904536,045369,Fairport Harbor Exempted Village,1,1
2022,3904537,045377,Georgetown Exempted Village,1,1
2022,3904538,045385,Gibsonburg Exempted Village,1,1
2022,3904539,045393,Granville Exempted Village,1,1
2022,3904540,045401,Greenfield Exempted Village,1,1
2022,3904541,045419,Hicksville Exempted Village School District,1,1
2022,3904542,045427,Hubbard Exempted Village,1,1
2022,3904543,045435,Indian Hill Exempted Village,1,1
2022,3904545,045450,Lisbon Exempted Village,1,1
2022,3904546,045468,Loudonville-Perrysville Exempted Village,1,1
2022,3904547,045476,Marysville Exempted Village,1,1
2022,3904548,045484,Mechanicsburg Exempted Village,1,1
2022,3904549,045492,Mentor Exempted Village,1,1
2022,3904550,045500,Milford Exempted Village,1,1
2022,3904551,045518,Milton-Union Exempted Village,1,1
2022,3904552,045526,Montpelier Exempted Village,1,1
2022,3904553,045534,Mount Gilead Exempted Village,1,1
2022,3904554,045542,Newcomerstown Exempted Village,1,1
2022,3904555,045559,New Richmond Exempted Village,1,1
2022,3904556,045567,Newton Falls Exempted Village,1,1
2022,3904557,045575,Paulding Exempted Village,1,1
2022,3904558,045583,Perrysburg Exempted Village,1,1
2022,3904560,045609,Rossford Exempted Village,1,1
2022,3904561,045617,Tipp City Exempted Village,1,1
2022,3904563,045633,Versailles Exempted Village,1,1
2022,3904564,045641,Wauseon Exempted Village,1,1
2022,3904565,045658,Wellington Exempted Village,1,1
2022,3904566,045666,Windham Exempted Village,1,1
2022,3904567,045674,Yellow Springs Exempted Village,1,1
2022,3904574,045740,Allen County ESC,4,1
2022,3904575,045757,Allen East Local,1,1
2022,3904576,045765,Bath Local,1,1
2022,3904577,045773,Elida Local,1,1
2022,3904578,045781,Perry Local,1,1
2022,3904579,045799,Shawnee Local,1,1
2022,3904580,045807,Spencerville Local,1,1
2022,3904582,045823,Hillsdale Local,1,1
2022,3904583,045831,Mapleton Local,1,1
2022,3904584,045849,Ashtabula County ESC,4,1
2022,3904585,045856,Buckeye Local,1,1
2022,3904586,045864,Grand Valley Local,1,1
2022,3904587,045872,Jefferson Area Local,1,1
2022,3904588,045880,Pymatuning Valley Local,1,1
2022,3904590,045906,Alexander Local,1,1
2022,3904591,045914,Federal Hocking Local,1,1
2022,3904592,045922,Trimble Local,1,1
2022,3904593,045930,Auglaize County ESC,4,1
2022,3904594,045948,Minster Local,1,1
2022,3904595,045955,New Bremen Local,1,1
2022,3904596,045963,New Knoxville Local,1,1
2022,3904597,045971,Waynesfield-Goshen Local,1,1
2022,3904599,045997,St Clairsville-Richland City,1,1
2022,3904600,046003,Shadyside Local,1,1
2022,3904601,046011,Union Local,1,1
2022,3904602,046029,Brown ESC,4,1
2022,3904603,046037,Eastern Local School District,1,1
2022,3904604,046045,Fayetteville-Perry Local,1,1
2022,3904606,046060,Western Brown Local,1,1
2022,3904607,046078,Ripley-Union-Lewis-Huntington Local,1,1
2022,3904608,046086,Butler County ESC,4,1
2022,3904609,046094,Edgewood City School District,1,1
2022,3904610,046102,Fairfield City,1,1
2022,3904611,046110,Lakota Local,1,1
2022,3904612,046128,Madison Local,1,1
2022,3904613,046136,New Miami Local,1,1
2022,3904614,046144,Ross Local,1,1
2022,3904615,046151,Talawanda City,1,1
2022,3904617,046177,Brown Local,1,1
2022,3904619,046193,Graham Local,1,1
2022,3904620,046201,Triad Local,1,1
2022,3904621,046219,West Liberty-Salem Local,1,1
2022,3904622,046227,Clark County ESC,4,1
2022,3904623,046235,Greenon Local,1,1
2022,3904624,046243,Tecumseh Local,1,1
2022,3904625,046250,Northeastern Local,1,1
2022,3904626,046268,Northwestern Local,1,1
2022,3904627,046276,Southeastern Local,1,1
2022,3904628,046284,Clark-Shawnee Local,1,1
2022,3904629,046292,Clermont County ESC,4,1
2022,3904630,046300,Batavia Local,1,1
2022,3904631,046318,Bethel-Tate Local,1,1
2022,3904632,046326,Clermont Northeastern Local,1,1
2022,3904633,046334,Felicity-Franklin Local,1,1
2022,3904634,046342,Goshen Local,1,1
2022,3904635,046359,West Clermont Local,1,1
2022,3904636,046367,Williamsburg Local,1,1
2022,3904637,046375,Southern Ohio ESC,4,1
2022,3904638,046383,Blanchester Local,1,1
2022,3904639,046391,Clinton-Massie Local,1,1
2022,3904640,046409,East Clinton Local,1,1
2022,3904641,046417,Columbiana County ESC,4,1
2022,3904642,046425,Beaver Local,1,1
2022,3904643,046433,Crestview Local,1,1
2022,3904644,046441,Southern Local,1,1
2022,3904645,046458,United Local,1,1
2022,3904647,046474,Ridgewood Local,1,1
2022,3904648,046482,River View Local,1,1
2022,3904650,046508,Buckeye Central Local,1,1
2022,3904651,046516,Colonel Crawford Local,1,1
2022,3904652,046524,Wynford Local,1,1
2022,3904653,046532,ESC of Northeast Ohio,4,1
2022,3904655,046557,Cuyahoga Heights Local,1,1
2022,3904656,046565,Independence Local,1,1
2022,3904657,046573,Olmsted Falls City,1,1
2022,3904659,046599,Richmond Heights Local,1,1
2022,3904660,046607,Solon City,1,1
2022,3904661,046615,Darke County ESC,4,1
2022,3904662,046623,Ansonia Local,1,1
2022,3904663,046631,Arcanum-Butler Local,1,1
2022,3904664,046649,Franklin Monroe Local,1,1
2022,3904667,046672,Mississinawa Valley Local,1,1
2022,3904668,046680,Tri-Village Local,1,1
2022,3904670,046706,Ayersville Local,1,1
2022,3904671,046714,Central Local,1,1
2022,3904672,046722,Northeastern Local,1,1
2022,3904674,046748,Big Walnut Local,1,1
2022,3904675,046755,Buckeye Valley Local,1,1
2022,3904676,046763,Olentangy Local,1,1
2022,3904678,046789,Edison Local (formerly Berlin-Milan),1,1
2022,3904679,046797,Kelleys Island Local,1,1
2022,3904680,046805,Margaretta Local,1,1
2022,3904681,046813,Perkins Local,1,1
2022,3904682,046821,Vermilion Local,1,1
2022,3904683,046839,Fairfield County ESC,4,1
2022,3904684,046847,Amanda-Clearcreek Local,1,1
2022,3904685,046854,Berne Union Local,1,1
2022,3904686,046862,Bloom-Carroll Local,1,1
2022,3904687,046870,Fairfield Union Local,1,1
2022,3904688,046888,Liberty Union-Thurston Local,1,1
2022,3904689,046896,Pickerington Local,1,1
2022,3904690,046904,Walnut Township Local,1,1
2022,3904693,046938,ESC of Central Ohio,4,1
2022,3904694,046946,Canal Winchester Local,1,1
2022,3904695,046953,Hamilton Local,1,1
2022,3904696,046961,Gahanna-Jefferson City,1,1
2022,3904697,046979,Groveport Madison Local,1,1
2022,3904699,046995,New Albany-Plain Local,1,1
2022,3904700,047001,Reynoldsburg City,1,1
2022,3904701,047019,Hilliard City,1,1
2022,3904702,047027,Dublin City,1,1
2022,3904704,047043,Archbold-Area Local,1,1
2022,3904705,047050,Evergreen Local,1,1
2022,3904706,047068,Fayette Local,1,1
2022,3904707,047076,Pettisville Local,1,1
2022,3904708,047084,Pike-Delta-York Local,1,1
2022,3904709,047092,Swanton Local,1,1
2022,3904716,047167,Berkshire Local,1,1
2022,3904717,047175,Cardinal Local,1,1
2022,3904718,047183,Chardon Local,1,1
2022,3904719,047191,Kenston Local,1,1
2022,3904722,047225,West Geauga Local,1,1
2022,3904723,047233,Greene County ESC,4,1
2022,3904724,047241,Beavercreek City,1,1
2022,3904725,047258,Cedar Cliff Local,1,1
2022,3904726,047266,Greeneview Local,1,1
2022,3904727,047274,Bellbrook-Sugarcreek Local,1,1
2022,3904730,047308,Rolling Hills Local,1,1
2022,3904732,047324,Hamilton County ESC,4,1
2022,3904733,047332,Finneytown Local,1,1
2022,3904734,047340,Forest Hills Local,1,1
2022,3904736,047365,Northwest Local,1,1
2022,3904737,047373,Oak Hills Local,1,1
2022,3904738,047381,Southwest Local,1,1
2022,3904739,047399,Three Rivers Local,1,1
2022,3904740,047407,Hancock County ESC,4,1
2022,3904742,047423,Arlington Local,1,1
2022,3904743,047431,Cory-Rawson Local,1,1
2022,3904744,047449,Liberty-Benton Local,1,1
2022,3904745,047456,McComb Local,1,1
2022,3904747,047472,Vanlue Local,1,1
2022,3904749,047498,Hardin Northern Local,1,1
2022,3904750,047506,Ridgemont Local,1,1
2022,3904751,047514,Riverdale Local,1,1
2022,3904752,047522,Upper Scioto Valley Local,1,1
2022,3904754,047548,Conotton Valley Union Local,1,1
2022,3904757,047571,Holgate Local,1,1
2022,3904758,047589,Liberty Center Local,1,1
2022,3904759,047597,Patrick Henry Local,1,1
2022,3904761,047613,Bright Local,1,1
2022,3904762,047621,Fairfield Local,1,1
2022,3904763,047639,Lynchburg-Clay Local,1,1
2022,3904768,047688,East Holmes Local,1,1
2022,3904769,047696,West Holmes Local,1,1
2022,3904771,047712,Monroeville Local,1,1
2022,3904772,047720,New London Local,1,1
2022,3904773,047738,South Central Local,1,1
2022,3904774,047746,Western Reserve Local,1,1
2022,3904776,047761,Oak Hill Union Local,1,1
2022,3904777,047779,Jefferson County ESC,4,1
2022,3904778,047787,Buckeye Local,1,1
2022,3904779,047795,Edison Local,1,1
2022,3904780,047803,Indian Creek Local,1,1
2022,3904781,047811,Knox County ESC,4,1
2022,3904782,047829,Centerburg Local,1,1
2022,3904783,047837,Danville Local,1,1
2022,3904785,047852,Fredericktown Local,1,1
2022,3904786,047860,Educational Service Center of the Western Reserve,4,1
2022,3904787,047878,Kirtland Local,1,1
2022,3904788,047886,Madison Local,1,1
2022,3904790,047902,Perry Local,1,1
2022,3904791,047910,Lawrence County ESC,4,1
2022,3904792,047928,Dawson-Bryant Local,1,1
2022,3904793,047936,Fairland Local,1,1
2022,3904794,047944,Rock Hill Local,1,1
2022,3904795,047951,South Point Local,1,1
2022,3904796,047969,Symmes Valley Local,1,1
2022,3904797,047977,Licking County ESC,4,1
2022,3904798,047985,Johnstown-Monroe Local,1,1
2022,3904799,047993,Lakewood Local,1,1
2022,3904800,048009,Licking Heights Local,1,1
2022,3904801,048017,Licking Valley Local,1,1
2022,3904802,048025,North Fork Local,1,1
2022,3904803,048033,Northridge Local,1,1
2022,3904804,048041,Southwest Licking Local,1,1
2022,3904807,048074,Benjamin Logan Local,1,1
2022,3904808,048082,Indian Lake Local,1,1
2022,3904809,048090,Riverside Local,1,1
2022,3904810,048108,Lorain County ESC,4,1
2022,3904811,048116,Avon Local,1,1
2022,3904812,048124,Avon Lake City,1,1
2022,3904813,048132,Clearview Local,1,1
2022,3904814,048140,Columbia Local,1,1
2022,3904815,048157,Firelands Local,1,1
2022,3904816,048165,Keystone Local,1,1
2022,3904817,048173,Midview Local,1,1
2022,3904819,048199,ESC of Lake Erie West,4,1
2022,3904820,048207,Anthony Wayne Local,1,1
2022,3904821,048215,Ottawa Hills Local,1,1
2022,3904822,048223,Springfield Local,1,1
2022,3904823,048231,Washington Local,1,1
2022,3904825,048256,Jefferson Local,1,1
2022,3904826,048264,Jonathan Alder Local,1,1
2022,3904827,048272,Madison-Plains Local,1,1
2022,3904828,048280,Mahoning County ESC,4,1
2022,3904829,048298,Austintown Local Schools,1,1
2022,3904830,048306,Boardman Local,1,1
2022,3904831,048314,Canfield Local,1,1
2022,3904832,048322,Jackson-Milton Local,1,1
2022,3904833,048330,Lowellville Local,1,1
2022,3904834,048348,Poland Local,1,1
2022,3904835,048355,Sebring Local,1,1
2022,3904836,048363,South Range Local,1,1
2022,3904837,048371,Springfield Local,1,1
2022,3904838,048389,West Branch Local,1,1
2022,3904839,048397,Western Reserve Local,1,1
2022,3904841,048413,Elgin Local,1,1
2022,3904842,048421,Pleasant Local,1,1
2022,3904843,048439,Ridgedale Local,1,1
2022,3904844,048447,River Valley Local,1,1
2022,3904845,048454,Medina County ESC,4,1
2022,3904846,048462,Black River Local,1,1
2022,3904847,048470,Buckeye Local,1,1
2022,3904848,048488,Cloverleaf Local,1,1
2022,3904849,048496,Highland Local,1,1
2022,3904851,048512,Eastern Local,1,1
2022,3904852,048520,Meigs Local,1,1
2022,3904853,048538,Southern Local,1,1
2022,3904854,048546,Mercer County Educational Service Center,4,1
2022,3904857,048579,Parkway Local,1,1
2022,3904858,048587,St Henry Consolidated Local,1,1
2022,3904859,048595,Fort Recovery Local,1,1
2022,3904860,048603,Miami County ESC,4,1
2022,3904861,048611,Bethel Local,1,1
2022,3904862,048629,Miami East Local,1,1
2022,3904863,048637,Newton Local,1,1
2022,3904865,048652,Switzerland of Ohio Local,1,1
2022,3904866,048660,Montgomery County ESC,4,1
2022,3904867,048678,Brookville Local,1,1
2022,3904868,048686,Jefferson Township Local,1,1
2022,3904869,048694,Trotwood-Madison City,1,1
2022,3904870,048702,Mad River Local,1,1
2022,3904871,048710,New Lebanon Local School District,1,1
2022,3904872,048728,Northmont City,1,1
2022,3904873,048736,Northridge Local,1,1
2022,3904874,048744,Valley View Local,1,1
2022,3904875,048751,Huber Heights City,1,1
2022,3904877,048777,Morgan Local,1,1
2022,3904879,048793,Cardington-Lincoln Local,1,1
2022,3904880,048801,Highland Local,1,1
2022,3904881,048819,Northmor Local,1,1
2022,3904883,048835,East Muskingum Local,1,1
2022,3904884,048843,Franklin Local,1,1
2022,3904885,048850,Maysville Local,1,1
2022,3904887,048876,Tri-Valley Local,1,1
2022,3904888,048884,West Muskingum Local,1,1
2022,3904890,048900,Noble Local,1,1
2022,3904892,048926,Benton Carroll Salem Local,1,1
2022,3904893,048934,Danbury Local,1,1
2022,3904894,048942,Genoa Area Local,1,1
2022,3904895,048959,Middle Bass Local,1,1
2022,3904896,048967,North Bass Local,1,1
2022,3904897,048975,Put-In-Bay Local,1,1
2022,3904899,048991,Antwerp Local,1,1
2022,3904900,049296,Twin Valley Community Local,1,1
2022,3904903,049031,Wayne Trace Local,1,1
2022,3904905,049056,Northern Local,1,1
2022,3904906,049064,Southern Local,1,1
2022,3904907,049072,Pickaway County ESC,4,1
2022,3904908,049080,Logan Elm Local,1,1
2022,3904909,049098,Teays Valley Local,1,1
2022,3904910,049106,Westfall Local,1,1
2022,3904912,049122,Eastern Local School District,1,1
2022,3904913,049130,Scioto Valley Local,1,1
2022,3904914,049148,Waverly City,1,1
2022,3904915,049155,Western Local,1,1
2022,3904917,049171,Aurora City,1,1
2022,3904918,049189,Crestwood Local,1,1
2022,3904919,049197,Field Local,1,1
2022,3904920,049205,James A Garfield Local,1,1
2022,3904921,049213,Rootstown Local,1,1
2022,3904922,049221,Southeast Local,1,1
2022,3904923,049239,Streetsboro City,1,1
2022,3904924,049247,Waterloo Local,1,1
2022,3904925,049254,Preble County ESC,4,1
2022,3904926,091397,Tri-County North Local,1,1
2022,3904927,049270,National Trail Local,1,1
2022,3904928,049288,Preble Shawnee Local,1,1
2022,3904930,049304,Putnam County ESC,4,1
2022,3904931,049312,Columbus Grove Local,1,1
2022,3904932,049320,Continental Local,1,1
2022,3904933,049338,Jennings Local,1,1
2022,3904934,049346,Kalida Local,1,1
2022,3904935,049353,Leipsic Local,1,1
2022,3904936,049361,Miller City-New Cleveland Local,1,1
2022,3904937,049379,Ottawa-Glandorf Local,1,1
2022,3904938,049387,Ottoville Local,1,1
2022,3904939,049395,Pandora-Gilboa Local,1,1
2022,3904941,049411,Clear Fork Valley Local,1,1
2022,3904942,049429,Crestview Local,1,1
2022,3904943,049437,Lexington Local,1,1
2022,3904944,049445,Lucas Local,1,1
2022,3904945,049452,Madison Local,1,1
2022,3904946,049460,Plymouth-Shiloh Local,1,1
2022,3904947,049478,Ontario Local,1,1
2022,3904949,049494,Adena Local,1,1
2022,3904950,049502,Huntington Local,1,1
2022,3904951,049510,Paint Valley Local,1,1
2022,3904952,049528,Southeastern Local,1,1
2022,3904953,049536,Union-Scioto Local,1,1
2022,3904954,049544,Zane Trace Local,1,1
2022,3904956,049569,Lakota Local,1,1
2022,3904957,049577,Woodmore Local,1,1
2022,3904959,049593,Bloom-Vernon Local,1,1
2022,3904961,049619,Green Local,1,1
2022,3904962,049627,Minford Local,1,1
2022,3904963,049635,Northwest Local,1,1
2022,3904964,049643,Valley Local,1,1
2022,3904965,049650,Washington-Nile Local,1,1
2022,3904966,049668,Wheelersburg Local,1,1
2022,3904968,049684,Seneca East Local,1,1
2022,3904970,049700,Hopewell-Loudon Local,1,1
2022,3904971,049718,New Riegel Local,1,1
2022,3904976,049767,Botkins Local,1,1
2022,3904977,049775,Fairlawn Local,1,1
2022,3904978,049783,Fort Loramie Local,1,1
2022,3904979,049791,Hardin-Houston Local,1,1
2022,3904981,049817,Russia Local,1,1
2022,3904982,049825,Stark County ESC,4,1
2022,3904983,049833,Canton Local,1,1
2022,3904984,049841,Fairless Local,1,1
2022,3904985,049858,Jackson Local,1,1
2022,3904986,049866,Lake Local,1,1
2022,3904987,049874,Louisville City,1,1
2022,3904988,049882,Marlington Local,1,1
2022,3904989,049890,Minerva Local,1,1
2022,3904990,049908,Northwest Local,1,1
2022,3904991,049916,Osnaburg Local,1,1
2022,3904992,049924,Perry Local,1,1
2022,3904993,049932,Plain Local,1,1
2022,3904994,049940,Sandy Valley Local,1,1
2022,3904995,049957,Tuslaw Local,1,1
2022,3904996,049965,Summit County ESC,4,1
2022,3904997,049973,Woodridge Local,1,1
2022,3904998,049981,Copley-Fairlawn City,1,1
2022,3904999,049999,Coventry Local,1,1
2022,3905000,050005,Manchester Local,1,1
2022,3905001,050013,Green Local,1,1
2022,3905002,050021,Hudson City,1,1
2022,3905003,050039,Mogadore Local,1,1
2022,3905004,050047,Nordonia Hills City,1,1
2022,3905005,050054,Revere Local,1,1
2022,3905006,050062,Springfield Local,1,1
2022,3905007,050070,Twinsburg City,1,1
2022,3905008,050088,Trumbull County ESC,4,1
2022,3905009,050096,Bloomfield-Mespo Local,1,1
2022,3905011,050112,Bristol Local,1,1
2022,3905012,050120,Brookfield Local,1,1
2022,3905013,050138,Champion Local,1,1
2022,3905015,050153,Mathews Local,1,1
2022,3905016,050161,Howland Local,1,1
2022,3905017,050179,Joseph Badger Local,1,1
2022,3905018,050187,Lakeview Local,1,1
2022,3905019,050195,Liberty Local,1,1
2022,3905020,050203,Lordstown Local,1,1
2022,3905021,050211,Maplewood Local,1,1
2022,3905022,050229,McDonald Local,1,1
2022,3905023,050237,Southington Local,1,1
2022,3905024,050245,LaBrae Local,1,1
2022,3905025,050252,Weathersfield Local,1,1
2022,3905026,050260,East Central Ohio ESC,4,1
2022,3905027,050278,Garaway Local,1,1
2022,3905028,050286,Indian Valley Local,1,1
2022,3905029,050294,Strasburg-Franklin Local,1,1
2022,3905030,050302,Tuscarawas Valley Local,1,1
2022,3905032,050328,Fairbanks Local,1,1
2022,3905033,050336,North Union Local School District,1,1
2022,3905035,050351,Crestview Local,1,1
2022,3905039,050393,Vinton County Local,1,1
2022,3905040,050401,Warren County ESC,4,1
2022,3905041,050419,Carlisle Local,1,1
2022,3905042,050427,Springboro Community City,1,1
2022,3905043,050435,Kings Local,1,1
2022,3905044,050443,Little Miami Local,1,1
2022,3905045,050450,Mason City,1,1
2022,3905046,050468,Wayne Local,1,1
2022,3905048,050484,Fort Frye Local,1,1
2022,3905049,050492,Frontier Local,1,1
2022,3905051,050518,Wolf Creek Local,1,1
2022,3905052,050526,Tri-County ESC,4,1
2022,3905053,050534,Chippewa Local,1,1
2022,3905054,050542,Dalton Local,1,1
2022,3905055,050559,Green Local,1,1
2022,3905056,050567,Norwayne Local,1,1
2022,3905058,050583,Southeast Local,1,1
2022,3905059,050591,Triway Local,1,1
2022,3905061,050617,Edgerton Local,1,1
2022,3905062,050625,Edon Northwest Local,1,1
2022,3905063,050633,Millcreek-West Unity Local,1,1
2022,3905064,050641,North Central Local,1,1
2022,3905065,050658,Stryker Local,1,1
2022,3905066,050666,Wood County ESC,4,1
2022,3905067,050674,Eastwood Local,1,1
2022,3905068,050682,Elmwood Local,1,1
2022,3905069,050690,Lake Local,1,1
2022,3905070,050708,North Baltimore Local,1,1
2022,3905071,050716,Northwood Local Schools,1,1
2022,3905072,050724,Otsego Local,1,1
2022,3905074,050740,Mohawk Local,1,1
2022,3905077,050773,Apollo,4,1
2022,3905079,050799,Southern Hills,4,1
2022,3905081,050815,Ashtabula County Technical and Career Center,4,1
2022,3905085,050856,Belmont-Harrison,4,1
2022,3905088,050880,Butler Technology & Career Development Schools,4,1
2022,3905090,050906,Columbiana County,4,1
2022,3905092,050922,Cuyahoga Valley Career Center,4,1
2022,3905094,050948,Polaris,4,1
2022,3905096,050963,Four County Career Center,4,1
2022,3905098,050989,Delaware Area Career Center,4,1
2022,3905100,051003,Eastland-Fairfield Career & Technical Schools,4,1
2022,3905102,051029,EHOVE Career Center,4,1
2022,3905104,051045,Greene County Vocational School District,4,1
2022,3905106,051060,Great Oaks Career Campuses,4,1
2022,3905112,051128,Jefferson County,4,1
2022,3905114,051144,Knox County JVSD,4,1
2022,3905116,051169,Auburn,4,1
2022,3905118,051185,Lawrence County,4,1
2022,3905120,051201,Career and Technology Educational Centers,4,1
2022,3905122,051227,Lorain County JVS,4,1
2022,3905124,051243,Mahoning Co Career & Tech Ctr,4,1
2022,3905128,051284,Miami Valley Career Tech,4,1
2022,3905130,051300,Mid-East Career and Technology Centers,4,1
2022,3905133,051334,Ohio Hi-Point Career Center,4,1
2022,3905135,051359,Penta Career Center - District,4,1
2022,3905137,051375,Pike County Area,4,1
2022,3905139,051391,Maplewood Career Center District,4,1
2022,3905141,051417,Pioneer Career & Technology,4,1
2022,3905143,051433,Pickaway-Ross County JVSD,4,1
2022,3905145,051458,Vanguard-Sentinel Career & Technology Centers,4,1
2022,3905147,051474,Warren County Vocational School,4,1
2022,3905149,051490,Scioto County Joint Vocational School,4,1
2022,3905153,051532,Springfield-Clark County,4,1
2022,3905160,051607,Tri-County Career Center,4,1
2022,3905163,051631,Trumbull Career & Tech Ctr,4,1
2022,3905165,051656,Buckeye,4,1
2022,3905167,051672,Vantage Career Center,4,1
2022,3905169,051698,Washington County Career Center District,4,1
2022,3905171,051714,Wayne County JVSD,4,1
2022,3906190,061903,Adams County Ohio Valley Local,1,1
2022,3906202,062026,Stark County Area,4,1
2022,3906204,062042,Ashland County-West Holmes Joint Vocational School,4,1
2022,3906206,062067,Gallia-Jackson-Vinton,4,1
2022,3906210,062109,Medina County Joint Vocational School District,4,1
2022,3906212,062125,Upper Valley Career Center,4,1
2022,3906280,062802,U S Grant,4,1
2022,3906349,063495,Portage Lakes,4,1
2022,3906351,063511,Tolles Career & Technical Center,4,1
2022,3906496,064964,College Corner Local,1,1
2022,3906522,065227,Coshocton County,4,1
2022,3906526,065268,Tri-Rivers,4,1
2022,3906568,065680,Gallia County Local,1,1
2022,3906968,069682,East Guernsey Local,1,1
2022,3910000,043984,Findlay City,1,1
2022,3910001,047464,Van Buren Local,1,1
2022,3910002,047415,Arcadia Local,1,1
2022,3910003,044784,Sidney City,1,1
2022,3910004,049759,Anna Local,1,1
2022,3910005,049809,Jackson Center Local,1,1
2022,3910006,044735,Salem City,1,1
2022,3910007,045443,Leetonia Exempted Village School District,1,1
2022,3910008,045344,Crestline Exempted Village,1,1
2022,3910009,044776,Shelby City,1,1
2022,3910010,046920,Miami Trace Local,1,1
2022,3910011,045013,Washington Court House City,1,1
2022,3910012,044420,Mount Vernon City,1,1
2022,3910013,047845,East Knox Local,1,1
2022,3910014,047894,Riverside Local,1,1
2022,3910015,044628,Painesville City Local,1,1
2022,3910016,046581,Orange City,1,1
2022,3910017,043562,Bedford City,1,1
2022,3910018,050500,Warren Local,1,1
2022,3910019,044321,Marietta City,1,1
2022,3910020,045302,Clyde-Green Springs Exempted Village,1,1
2022,3910021,049726,Old Fort Local,1,1
2022,3910022,050369,Lincolnview Local,1,1
2022,3910023,044966,Van Wert City,1,1
2022,3910024,045625,Upper Sandusky Exempted Village,1,1
2022,3910025,044172,Kenton City,1,1
2022,3910026,049601,Clay Local,1,1
2022,3910027,044669,Portsmouth City,1,1
2022,3910028,045591,Rittman Exempted Village,1,1
2022,3910029,044974,Wadsworth City,1,1
2022,3910030,043729,Celina City,1,1
2022,3910031,048553,Marion Local,1,1
2022,3910032,045120,Wooster City,1,1
2022,3910033,050575,Northwestern Local,1,1
2022,3910034,019530,Cincinnati Classical Academy,7,3
2022,3910035,020007,IDEA Greater Cincinnati Inc,7,3
2022,3910036,020046,Unity Academy,7,3
2022,3910037,020076,Solon Academy,7,3
2022,3910038,020077,Westlake Academy,7,3
2022,3910039,020078,Gateway Online Academy of Ohio,7,3
2022,3910040,020091,Legacy Academy of Excellence,7,3
2022,3910041,020092,Sheffield Academy,7,3
2022,3910042,020186,Lorain Preparatory High School,7,3
2022,3910043,020189,Strongsville Academy,7,3
2022,3910044,020265,Victory Academy of Toledo,7,3
2022,3910045,020293,The Dayton School,7,3
2023,3900001,071530,Ohio School For The Deaf,5,2
2023,3900002,071548,Ohio School For The Blind,5,2
2023,3900008,125252,Muskingum Valley ESC,4,1
2023,3900009,125658,South Central Ohio ESC,4,1
2023,3900012,125682,Gallia-Vinton ESC,4,1
2023,3900013,125690,North Point Educational Service Center,4,1
2023,3900014,123281,Ohio Valley ESC,4,1
2023,3900015,124297,Northwest Ohio Educational Service Center,4,1
2023,3900017,134072,Youngstown Community School,7,1
2023,3900019,134098,Constellation Schools: Old Brooklyn Community Elementary,7,1
2023,3900022,134122,Autism Model School,7,1
2023,3900025,134197,Green Inspiration Academy,7,1
2023,3900027,134213,Middlebury Academy,7,1
2023,3900029,134247,City Day Community School,7,1
2023,3900031,133512,Cincinnati College Preparatory Academy,7,1
2023,3900033,133538,Edge Learning,7,1
2023,3900036,133561,Ohio Achievement Charter Schools Inc. dba Millennium Commun,7,1
2023,3900038,133587,Summit Academy Akron Elementary School,7,1
2023,3900040,133629,Horizon Science Acad Cleveland,7,1
2023,3900042,133660,Horizon Science Academy Columbus,7,1
2023,3900043,133678,Riverside Community School Inc. dba Riverside Academy,7,1
2023,3900047,133736,Richard Allen Academy,7,1
2023,3900052,133835,Invictus High School,7,1
2023,3900053,133868,Towpath Trail High School,7,1
2023,3900056,133942,Toledo School For The Arts,7,1
2023,3900063,123257,North Central Ohio ESC,4,1
2023,3900064,123521,Mid-Ohio ESC,4,1
2023,3900065,133215,Intergenerational School The,7,1
2023,3900068,133256,Constellation Schools: Parma Community,7,1
2023,3900071,133306,Summit Academy Community School for Alternative Learn-Canton,7,1
2023,3900072,133330,T.C.P. World Academy,7,1
2023,3900073,133348,Richard Allen Preparatory,7,1
2023,3900080,133421,Graham School The,7,1
2023,3900081,133439,Cornerstone Academy Community School,7,1
2023,3900083,133454,Alliance Community Schools Inc. dba Dayton Leadership Acade,7,1
2023,3900084,133488,River Gate High School,7,1
2023,3900086,133785,Queen City Career Prep High School,7,1
2023,3900090,134999,Western Buckeye ESC,4,1
2023,3900091,135145,Athens-Meigs ESC,4,1
2023,3900092,137364,Madison-Champaign ESC,4,1
2023,3900093,138222,Ross-Pike ESC,4,1
2023,3900094,139303,Monroe Local,1,1
2023,3900096,132746,Summit Acdy Comm Schl for Alternative Learners of Middletown,7,1
2023,3900097,132761,Summit Academy Community School Alternative Learners -Xenia,7,1
2023,3900098,132779,Summit Academy Akron Middle School,7,1
2023,3900100,132795,Cliff Park High School,7,1
2023,3900101,132803,Marshall High School,7,1
2023,3900102,132951,Constellation Schools: Lorain Community Elementary,7,1
2023,3900103,132969,Constellation Schools: Elyria Community,7,1
2023,3900104,132985,YB Columbus Community School,7,1
2023,3900105,132993,Constellation Schools: Westpark Community Elementary,7,1
2023,3900106,133264,Dohn Community,7,1
2023,3900107,133280,Washington Park Community School,7,1
2023,3900109,133322,Summit Academy Community School Alternative Learners-Lorain,7,1
2023,3900113,133504,ReGeneration Schools Avondale Elementary,7,1
2023,3900117,143297,The Autism Academy Of Learning,7,1
2023,3900118,143305,TRECA Digital Academy,7,1
2023,3900119,143313,Innovation Academy West,7,1
2023,3900121,143602,Hamilton Cnty Math & Science,7,1
2023,3900123,143644,Sciotoville Community School,7,1
2023,3900127,000131,Glass City Academy,7,1
2023,3900129,000138,Pathway School of Discovery,7,1
2023,3900130,000139,Alliance Academy of Cincinnati,7,1
2023,3900138,000222,Wildwood Environmental Academy,7,1
2023,3900145,148981,Tomorrow Center,7,1
2023,3900146,148999,The Unlimited Classroom dba Valley Virtual Remote Learning A,7,1
2023,3900151,149047,GOAL Digital Academy,7,1
2023,3900155,149088,Fairborn Digital Academy,7,1
2023,3900175,142901,Stark High School,7,1
2023,3900176,142919,Black River Career Prep High School,7,1
2023,3900177,142927,Focus Learning Academy of Southwestern Columbus,7,1
2023,3900178,142935,Focus Learning Academy of Southeastern Columbus,7,1
2023,3900179,142943,Focus Learning Academy of Northern Columbus,7,1
2023,3900180,142950,Ohio Virtual Academy,7,1
2023,3900181,142968,Hope Academy Northcoast,7,1
2023,3900190,143172,International Acad Of Columbus,7,1
2023,3900192,143198,Great Western Academy,7,1
2023,3900193,143206,Trotwood Preparatory & Fitness Academy,7,1
2023,3900194,143214,Middletown Preparatory & Fitness Academy,7,1
2023,3900203,143396,Alternative Education Academy,7,1
2023,3900211,143479,Constellation Schools: Puritas Community Elementary,7,1
2023,3900212,143487,Constellation Schools: Stockyard Community Elementary,7,1
2023,3900216,143529,North Dayton School of Discovery,7,1
2023,3900223,143610,Arts & College Preparatory Academy,7,1
2023,3900231,149302,Skyway Career Prep High School,7,1
2023,3900233,149328,Foxfire High School,7,1
2023,3900237,060988,Buckeye United School District,5,1
2023,3900238,065201,Ohio Central School System,5,1
2023,3900241,132944,Miami Valley Academies,7,1
2023,3900250,000236,Ohio Connections Academy Inc,7,1
2023,3900252,000241,Quaker Digital Academy,7,1
2023,3900276,151175,West Central Learning Academy II,7,1
2023,3900277,151183,Lake Erie International High School,7,1
2023,3900279,151209,Randall Park High School,7,1
2023,3900285,000525,Canton Harbor High School,7,1
2023,3900286,000527,Cleveland Academy for Scholarship Technology and Leadership,7,1
2023,3900291,000534,Constellation Schools: Puritas Community Middle,7,1
2023,3900299,000543,Pinnacle Academy,7,1
2023,3900302,000546,Winterfield Venture Academy,7,1
2023,3900304,000553,Columbus Humanities Arts and Technology Academy,7,1
2023,3900305,000556,A+ Arts Academy,7,1
2023,3900306,000557,Columbus Arts & Technology Academy,7,1
2023,3900307,000558,Columbus Preparatory Academy,7,1
2023,3900308,000559,Orion Academy,7,1
2023,3900309,000560,Apex Academy,7,1
2023,3900313,000575,Northwest School of the Arts,7,1
2023,3900314,000576,Elevated Excellence Academy,7,1
2023,3900315,000577,Emerson Academy,7,1
2023,3900331,000598,Coshocton Opportunity School,7,1
2023,3900337,000608,Summit Academy Transition High School-Cincinnati,7,1
2023,3900338,000609,Summit Academy School - Lorain,7,2
2023,3900339,000610,Summit Academy Middle School - Columbus,7,1
2023,3900341,000613,Heir Force Community School,7,1
2023,3900342,000614,Summit Academy Transition High School-Columbus,7,1
2023,3900344,000616,Summit Academy Alternative LearnersWarren Middle & Secondary,7,1
2023,3900348,000621,Summit Academy Transition High School Dayton,7,1
2023,3900350,000623,Summit Academy-Youngstown,7,1
2023,3900356,000629,Summit Academy Community School - Painesville,7,2
2023,3900361,000634,Summit Academy Secondary School - Middletown,7,1
2023,3900366,000640,Rittman Academy,7,1
2023,3900381,000664,Capital City Career Prep High School,7,1
2023,3900383,000679,Oakstone Community School,7,1
2023,3900385,147231,Schnee Learning Center,7,1
2023,3900396,000725,Zenith Academy,7,1
2023,3900399,000736,Phoenix Village Academy Primary 2 dba Wings Academy 1,7,1
2023,3900428,000770,Maritime Academy of Toledo The,7,1
2023,3900434,000779,Educational Academy for Boys & Girls,7,1
2023,3900435,000780,Midnimo Cross Cultural Middle School,7,1
2023,3900441,000804,Horizon Science Academy-Cincinnati,7,1
2023,3900444,000808,Horizon Science Academy-Dayton,7,1
2023,3900448,000813,Gem City Career Prep High School,7,1
2023,3900451,000825,Horizon Science Academy-Springfield,7,1
2023,3900454,000838,Horizon Science Academy-Denison Middle School,7,1
2023,3900457,000843,Bennett Venture Academy,7,1
2023,3900467,000855,Stambaugh Charter Academy,7,1
2023,3900470,000858,Horizon Science Academy-Cleveland Middle School,7,1
2023,3900474,000875,Westside Academy,7,1
2023,3900478,000905,Interactive Media & Construction (IMAC),7,2
2023,3900488,000282,Greater Ohio Virtual School,7,1
2023,3900490,000288,Auglaize County Educational Academy,7,1
2023,3900492,000296,Summit Academy Community School-Columbus,7,1
2023,3900493,000297,Summit Academy Community School - Dayton,7,1
2023,3900494,000298,Summit Academy Secondary - Akron,7,1
2023,3900495,000300,Summit Academy Secondary - Canton,7,1
2023,3900496,000301,Summit Academy - Toledo,7,1
2023,3900497,000302,Summit Academy Community School-Parma,7,1
2023,3900498,000303,Summit Academy Secondary - Youngstown,7,1
2023,3900500,000305,Summit Academy Community School-Warren,7,1
2023,3900501,000306,Summit Academy Community School - Cincinnati,7,1
2023,3900502,000311,Bridges Community Academy dba Bridges Preparatory Academy,7,1
2023,3900503,000316,Constellation Schools: Westpark Community Middle,7,1
2023,3900505,000318,Menlo Park Academy,7,1
2023,3900506,000319,Constellation Schools: Madison Community Elementary,7,1
2023,3900507,000320,Constellation Schools: Lorain Community Middle,7,1
2023,3900508,000321,Constellation Schools: Old Brooklyn Community Middle,7,1
2023,3900510,000338,Horizon Science Academy Toledo,7,1
2023,3900528,000402,Findlay Digital Academy,7,1
2023,3900530,000417,Buckeye On-Line School for Success,7,1
2023,3900537,000442,Manchester Local,1,1
2023,3900550,000509,Whitehall Preparatory and Fitness Academy,7,1
2023,3900551,000510,Springfield Preparatory and Fitness Academy,7,1
2023,3900552,000511,Northland Preparatory and Fitness Academy,7,1
2023,3900562,000936,Promise Academy,7,1
2023,3900564,000938,East Bridge Academy of Excellence,7,1
2023,3900567,000941,Par Excellence Academy dba Par Excellence STEM Academy,7,1
2023,3900573,000951,Toledo Preparatory and Fitness Academy,7,1
2023,3900574,000952,Columbus Preparatory and Fitness Academy,7,1
2023,3900575,000953,Mt. Healthy Preparatory and Fitness Academy,7,1
2023,3900580,007984,Youngstown Academy of Excellence,7,1
2023,3900584,007995,Cleveland Arts and Social Sciences Academy,7,1
2023,3900586,007999,Charles School at Ohio Dominican University,7,1
2023,3900587,008000,Lorain Preparatory Academy,7,1
2023,3900593,008063,Cascade Career Prep High School,7,1
2023,3900594,008064,Monroe Preparatory Academy,7,1
2023,3900638,000912,Early College Academy,7,1
2023,3900640,008287,Groveport Community School,7,1
2023,3900641,008286,Harvard Avenue Performance Academy,7,1
2023,3900642,008283,Dayton Business Technology High School,7,1
2023,3900643,008282,North Woods Career Prep High School,7,1
2023,3900644,008281,South Scioto Academy,7,1
2023,3900645,008280,Noble Academy-Columbus,7,1
2023,3900646,008278,Noble Academy-Cleveland,7,1
2023,3900647,008289,Eagle Learning Center,7,1
2023,3901301,009192,Foundation Academy,7,1
2023,3901302,009283,Dayton Early College Academy Inc,7,1
2023,3901305,009122,Columbus Collegiate Academy,7,2
2023,3901313,009164,Central Academy of Ohio,7,2
2023,3901314,009148,Zanesville Community High School,7,1
2023,3901322,009179,Horizon Science Academy Columbus Middle School,7,1
2023,3901326,009149,Constellation Schools: Westside Community School of the Arts,7,1
2023,3901329,009996,Mahoning County High School,7,1
2023,3901330,009997,KIPP Columbus,7,1
2023,3901335,010036,Cesar Chavez College Preparatory School,7,1
2023,3901337,010182,Performance Academy Eastland,7,1
2023,3901339,010205,L. Hollingworth School for Talented and Gifted,7,1
2023,3901344,009953,Sullivant Avenue Community School,7,1
2023,3901346,009955,Madison Avenue School of Arts,7,1
2023,3901347,009957,Klepinger Community School,7,1
2023,3901350,009971,Ashland County Community Academy,7,1
2023,3901353,009990,Horizon Science Academy Elementary School,7,1
2023,3901354,011439,Renaissance Academy dba Bessie Sherrod Price Preparatory Aca,7,1
2023,3901362,011507,Achieve Career Preparatory Academy,7,2
2023,3901363,011511,Lakeland Academy Community School,7,1
2023,3901365,011533,Horizon Science Academy Lorain,7,1
2023,3901366,011534,Horizon Science Academy Dayton High School,7,1
2023,3901368,011291,Village Preparatory School Cliffs,7,1
2023,3901369,011381,Greater Summit County Early Learning Center,7,1
2023,3901370,011390,Bella Academy of Excellence,7,1
2023,3901374,011506,Dayton Regional STEM School,1,1
2023,3901375,011468,Columbus Bilingual Academy-North,7,1
2023,3901376,011923,Northeast Ohio College Preparatory School,7,1
2023,3901377,011947,Imagine Akron Academy,7,1
2023,3901381,011967,The Richland School of Academic Arts,7,1
2023,3901382,011972,Graham Elementary and Middle School,7,1
2023,3901383,011976,Horizon Science Academy Dayton Downtown,7,1
2023,3901389,011986,Horizon Science Academy Youngstown,7,1
2023,3901396,012009,Zenith Academy East,7,1
2023,3901397,012010,Cleveland College Preparatory School,7,1
2023,3901398,012011,Columbus Performance Academy,7,1
2023,3901403,012025,Constellation Schools: Stockyard Community Middle,7,1
2023,3901405,012030,Near West Intergenerational School,7,1
2023,3901407,012033,Foxfire Intermediate School,7,1
2023,3901409,012036,Regent High School,7,1
2023,3901410,012037,Mason Run High School,7,1
2023,3901411,012038,Old Brook High School,7,1
2023,3901412,012040,Road to Success Academy,7,1
2023,3901413,012041,Central High School,7,1
2023,3901414,012042,Southern Cleveland Drop Back Indba Innovative Career Academy,7,1
2023,3901415,012043,West Cleveland Drop Back In dba Frederick Douglass High Scho,7,1
2023,3901416,012044,Capital High School,7,1
2023,3901417,012045,Patriot Preparatory Academy,7,1
2023,3901420,012054,North Central Academy,7,1
2023,3901427,012105,Southside Academy,7,1
2023,3901428,012060,Akros Middle School,7,1
2023,3901429,011324,Hardin Community School,7,1
2023,3901430,012684,Broadway Academy,7,1
2023,3901432,012671,Constellation Schools: Eastside Arts Academy,7,1
2023,3901433,012528,The Academy for Urban Scholars,7,1
2023,3901434,012644,STEAM Academy of Warren,7,1
2023,3901450,012867,Townsend Community School,7,1
2023,3901451,012529,Focus North High School,7,1
2023,3901454,012627,Eagle Elementary of Akron,7,1
2023,3901457,012541,University of Cleveland Preparatory School,7,1
2023,3901463,012501,Beacon Hill Academy,7,1
2023,3901465,012558,Global Village Academy,7,1
2023,3901470,013255,Canton College Preparatory School,7,1
2023,3901472,013249,Academy for Urban Scholars Youngstown,7,1
2023,3901473,013170,The Brilliance School,7,1
2023,3901475,013175,SunBridge Schools,7,1
2023,3901478,012951,Columbus Collegiate Academy - West,7,2
2023,3901480,013232,A+ Children's Academy,7,1
2023,3901482,013147,STEAM Academy of Warrensville Heights,7,1
2023,3901487,013253,Ohio College Preparatory School,7,1
2023,3901488,013173,Imagine Environmental Science Academy,7,1
2023,3901490,012391,Metro Early College High School,1,1
2023,3901496,013199,Cleveland Preparatory Academy,7,1
2023,3901498,013148,Stepstone Academy,7,1
2023,3901499,013132,Lake Erie College Preparatory School,7,1
2023,3901502,013195,Ann Jerkins-Harris Academy of Excellence,7,1
2023,3901503,013254,Akron Preparatory School,7,1
2023,3901505,013034,Village Preparatory School Woodland Hills,7,1
2023,3901508,012924,DECA PREP,7,1
2023,3901511,014066,Main Preparatory Academy,7,1
2023,3901512,014231,Bio-Med Science Academy STEM School,1,1
2023,3901514,014189,West Park Academy,7,1
2023,3901516,013864,Cincinnati Technology Academy,7,1
2023,3901520,014091,Hope Learning Academy of Toledo,7,1
2023,3901521,014139,Imagine Columbus Primary Academy,7,1
2023,3901526,014187,East Academy,7,1
2023,3901529,014467,United Preparatory Academy,7,1
2023,3901530,014067,Ohio Construction Academy,7,1
2023,3901535,013930,Global Impact STEM Academy,1,1
2023,3901536,014149,Dayton SMART Elementary School,7,1
2023,3901539,013994,Albert Einstein Academy for Letters Arts and Sciences-Ohio,7,1
2023,3901543,014065,Lincoln Park Academy,7,1
2023,3901545,014188,Discovery Academy,7,1
2023,3901549,014121,Imagine Leadership Academy,7,1
2023,3901550,014090,Eastland Preparatory Academy,7,1
2023,3901551,013962,Liberty Preparatory School,7,1
2023,3901554,014147,East Preparatory Academy,7,1
2023,3901555,013999,Rise & Shine Academy,7,1
2023,3901564,014913,Lakeshore Intergenerational School,7,1
2023,3901565,014943,Valley STEM+ME2 Academy,1,1
2023,3901566,014830,Utica Shale Academy of Ohio,7,1
2023,3901567,014927,Steel Academy,7,1
2023,3901568,014904,T2 Honors Academy,7,1
2023,3901570,015261,Citizens Academy Southeast,7,1
2023,3901574,015237,Flex High School,7,1
2023,3901575,015329,iSTEM,1,1
2023,3901576,015234,Zenith Academy West,7,1
2023,3901577,015344,Tri-State STEM+M School,1,1
2023,3901581,015722,Village Preparatory School Willard,7,1
2023,3901582,015710,Bridge Gate Community School,7,1
2023,3901583,015741,Westwood Preparatory Academy,7,1
2023,3901584,015713,East Branch Preparatory AcademydbaWright Preparatory Academy,7,1
2023,3901585,015736,iLEAD Spring Meadows,7,2
2023,3901586,015709,Beacon Academy,7,1
2023,3901587,015714,Dayton Athletic Vocational Academy,7,1
2023,3901588,015737,Global Ambassadors Language Academy,7,1
2023,3901589,014777,Midwest Regional ESC,4,1
2023,3901590,016850,Cincinnati Achievement Academy,7,1
2023,3901591,016836,Kids Care Elementary,7,1
2023,3901592,015712,Euclid Preparatory School,7,1
2023,3901593,016858,United Preparatory Academy East,7,2
2023,3901594,016843,Citizens Leadership Academy East,7,1
2023,3901595,016849,Liberty High School,7,1
2023,3901596,016829,South Columbus Preparatory Academy at German Village,7,1
2023,3901597,016837,Orchard Park Academy,7,1
2023,3901599,017233,Great River Connections Academy,7,1
2023,3901600,016812,SMART Academy,7,1
2023,3901601,017212,Dampe Community School,7,1
2023,3901602,017275,AchievePoint Career Academy - Cincinnati,7,1
2023,3901603,017270,Lorain Bilingual Preparatory Academy,7,1
2023,3901604,017259,Montgomery Preparatory Academy,7,1
2023,3901605,017274,Mount Auburn Preparatory Academy,7,1
2023,3901606,017123,Horizon Science Academy Primary,7,1
2023,3901608,017536,Kenmore Preparatory Academy dba Toledo Preparatory Academy,7,1
2023,3901609,017585,Marion Preparatory Academy,7,1
2023,3901610,017537,Capital Collegiate Preparatory Academy,7,1
2023,3901611,017538,North Columbus Preparatory Academy,7,1
2023,3901612,017535,Huber Heights Preparatory Academy dba Parma Academy,7,1
2023,3901613,017498,Northwest Ohio Classical Academy,7,1
2023,3901614,017490,ReGeneration Bond Hill,7,1
2023,3901615,017643,Ohio Digital Learning School,7,1
2023,3901616,017599,Priority High School,7,1
2023,3901617,017497,Cypress High School,7,1
2023,3901618,019152,Buckeye Community School,7,1
2023,3901619,019156,Quaker Preparatory Academy,7,1
2023,3901620,019197,Flex High School Cleveland,7,1
2023,3901621,019199,Central Point Preparatory Academy,7,1
2023,3901622,019200,South Columbus Preparatory Academy at Southfield,7,1
2023,3901623,019201,Franklinton Prep High School,7,1
2023,3901624,019212,Valor Academy Inc.,7,1
2023,3901625,019220,North Shore High School,7,1
2023,3901626,019221,Case Preparatory Academy,7,1
2023,3901627,019226,Franklinton High School,7,1
2023,3901628,019227,Dublin Preparatory Academy dba Northside Preparatory Academy,7,1
2023,3901629,019235,Focus Learning Academy of Central Columbus,7,1
2023,3901630,019426,Dayton Career Tech High School,7,1
2023,3901631,019427,Akron Career Tech High School,7,1
2023,3901632,019441,Buckeye Community School - London,7,1
2023,3901633,019442,Buckeye Community School - Marion,7,1
2023,3901634,019450,Youngstown Preparatory Academy,7,1
2023,3901635,019452,Citizens of the World Charter Schools - Cincinnati,7,2
2023,3901636,019474,Explorers Academy of Science and Technology,7,1
2023,3901637,019478,Niles Preparatory Academy,7,1
2023,3901638,019511,Western Toledo Preparatory Academy,7,1
2023,3901639,019533,Eagle Charter Schools of Ohio dba the Shepard School,7,1
2023,3904348,043489,Akron City,1,1
2023,3904349,043497,Alliance City,1,1
2023,3904350,043505,Ashland City,1,1
2023,3904351,043513,Ashtabula Area City,1,1
2023,3904352,043521,Athens City,1,1
2023,3904353,043539,Barberton City,1,1
2023,3904354,043547,Bay Village City,1,1
2023,3904355,043554,Beachwood City,1,1
2023,3904357,043570,Bellaire Local,1,1
2023,3904358,043588,Bellefontaine City,1,1
2023,3904359,043596,Bellevue City,1,1
2023,3904360,043612,Berea City,1,1
2023,3904361,043604,Belpre City,1,1
2023,3904362,043620,Bexley City,1,1
2023,3904363,043638,Bowling Green City School District,1,1
2023,3904364,043646,Brecksville-Broadview Heights City,1,1
2023,3904365,043653,Brooklyn City,1,1
2023,3904366,043661,Brunswick City,1,1
2023,3904367,043679,Bryan City,1,1
2023,3904368,043687,Bucyrus City,1,1
2023,3904369,043695,Cambridge City,1,1
2023,3904370,043703,Campbell City,1,1
2023,3904371,043711,Canton City,1,1
2023,3904373,043737,Centerville City,1,1
2023,3904374,043745,Chillicothe City,1,1
2023,3904375,043752,Cincinnati Public Schools,1,1
2023,3904376,043760,Circleville City,1,1
2023,3904377,043778,Claymont City,1,1
2023,3904378,043786,Cleveland Municipal,1,1
2023,3904379,043794,Cleveland Heights-University Heights City,1,1
2023,3904380,043802,Columbus City Schools District,1,1
2023,3904381,043810,Conneaut Area City,1,1
2023,3904382,043828,Coshocton City,1,1
2023,3904383,043836,Cuyahoga Falls City,1,1
2023,3904384,043844,Dayton City,1,1
2023,3904385,043851,Deer Park Community City,1,1
2023,3904386,043869,Defiance City,1,1
2023,3904387,043877,Delaware City,1,1
2023,3904388,043885,Delphos City,1,1
2023,3904389,043893,Dover City,1,1
2023,3904390,043901,East Cleveland City School District,1,1
2023,3904391,043919,East Liverpool City,1,1
2023,3904392,043927,East Palestine City,1,1
2023,3904393,043935,Eaton Community City,1,1
2023,3904394,043943,Elyria City Schools,1,1
2023,3904395,043950,Euclid City,1,1
2023,3904396,043968,Fairborn City,1,1
2023,3904397,043976,Fairview Park City,1,1
2023,3904399,043992,Fostoria City,1,1
2023,3904400,044008,Franklin City,1,1
2023,3904401,044016,Fremont City,1,1
2023,3904402,044024,Galion City,1,1
2023,3904403,044032,Gallipolis City,1,1
2023,3904404,044040,Garfield Heights City Schools,1,1
2023,3904405,044057,Geneva Area City,1,1
2023,3904406,044065,Girard City School District,1,1
2023,3904407,044073,Grandview Heights Schools,1,1
2023,3904408,044081,Winton Woods City,1,1
2023,3904409,044099,Greenville City,1,1
2023,3904410,044107,Hamilton City,1,1
2023,3904411,044115,Heath City,1,1
2023,3904412,044123,Hillsboro City,1,1
2023,3904413,044131,Huron City Schools,1,1
2023,3904414,044149,Ironton City School District,1,1
2023,3904415,044156,Jackson City,1,1
2023,3904416,044164,Kent City,1,1
2023,3904418,044180,Kettering City School District,1,1
2023,3904419,044198,Lakewood City,1,1
2023,3904420,044206,Lancaster City,1,1
2023,3904421,044214,Lebanon City,1,1
2023,3904422,044222,Lima City,1,1
2023,3904423,044230,Lockland Local,1,1
2023,3904424,044248,Logan-Hocking Local,1,1
2023,3904425,044255,London City,1,1
2023,3904426,044263,Lorain City,1,1
2023,3904427,044271,Loveland City,1,1
2023,3904428,044289,Madeira City,1,1
2023,3904429,044297,Mansfield City,1,1
2023,3904430,044305,Maple Heights City,1,1
2023,3904431,044313,Mariemont City,1,1
2023,3904433,044339,Marion City,1,1
2023,3904434,044347,Martins Ferry City,1,1
2023,3904435,044354,Massillon City,1,1
2023,3904436,044362,Maumee City,1,1
2023,3904437,044370,Mayfield City,1,1
2023,3904438,044388,Medina City SD,1,1
2023,3904439,044396,Miamisburg City,1,1
2023,3904440,044404,Middletown City,1,1
2023,3904441,044412,Mt Healthy City,1,1
2023,3904443,044438,Napoleon Area City,1,1
2023,3904444,044446,Nelsonville-York City,1,1
2023,3904445,044453,Newark City,1,1
2023,3904446,044461,New Boston Local,1,1
2023,3904447,044479,New Lexington School District,1,1
2023,3904448,044487,New Philadelphia City,1,1
2023,3904449,044495,Niles City,1,1
2023,3904450,044503,North Canton City,1,1
2023,3904451,044511,North College Hill City,1,1
2023,3904452,044529,North Olmsted City,1,1
2023,3904453,044537,North Ridgeville City,1,1
2023,3904454,044545,North Royalton City,1,1
2023,3904455,044552,Norton City,1,1
2023,3904456,044560,Norwalk City,1,1
2023,3904457,044578,Norwood City,1,1
2023,3904458,044586,Oakwood City,1,1
2023,3904459,044594,Oberlin City Schools,1,1
2023,3904460,044602,Oregon City,1,1
2023,3904461,044610,Orrville City,1,1
2023,3904463,044636,Parma City,1,1
2023,3904464,044644,Piqua City,1,1
2023,3904465,044651,Port Clinton City,1,1
2023,3904467,044677,Princeton City,1,1
2023,3904468,044685,Ravenna City,1,1
2023,3904469,044693,Reading Community City,1,1
2023,3904470,044701,Rocky River City,1,1
2023,3904471,044719,St Bernard-Elmwood Place City,1,1
2023,3904472,044727,St Marys City,1,1
2023,3904474,044743,Sandusky City,1,1
2023,3904475,044750,Shaker Heights City,1,1
2023,3904476,044768,Sheffield-Sheffield Lake City,1,1
2023,3904479,044792,South Euclid-Lyndhurst City,1,1
2023,3904480,044800,South-Western City,1,1
2023,3904481,044818,Springfield City School District,1,1
2023,3904482,044826,Steubenville City,1,1
2023,3904483,044834,Stow-Munroe Falls City School District,1,1
2023,3904484,044842,Strongsville City,1,1
2023,3904485,044859,Struthers City,1,1
2023,3904486,044867,Sycamore Community City,1,1
2023,3904487,044875,Sylvania Schools,1,1
2023,3904488,044883,Tallmadge City,1,1
2023,3904489,044891,Tiffin City Schools,1,1
2023,3904490,044909,Toledo City,1,1
2023,3904491,044917,Toronto City,1,1
2023,3904492,044925,Troy City,1,1
2023,3904493,044933,Upper Arlington City,1,1
2023,3904494,044941,Urbana City,1,1
2023,3904495,044958,Vandalia-Butler City,1,1
2023,3904498,044982,Wapakoneta City,1,1
2023,3904499,044990,Warren City,1,1
2023,3904500,045005,Warrensville Heights City,1,1
2023,3904502,045021,Wellston City,1,1
2023,3904503,045039,Wellsville Local,1,1
2023,3904504,045047,Westerville City,1,1
2023,3904505,045054,West Carrollton City,1,1
2023,3904506,045062,Westlake City,1,1
2023,3904507,045070,Whitehall City,1,1
2023,3904508,045088,Wickliffe City,1,1
2023,3904509,045096,Willard City,1,1
2023,3904510,045104,Willoughby-Eastlake City,1,1
2023,3904511,045112,Wilmington City,1,1
2023,3904513,045138,Worthington City,1,1
2023,3904514,045146,Wyoming City,1,1
2023,3904515,045153,Xenia Community City,1,1
2023,3904516,045161,Youngstown City,1,1
2023,3904517,045179,Zanesville City,1,1
2023,3904518,045187,Ada Exempted Village,1,1
2023,3904519,045195,Amherst Exempted Village,1,1
2023,3904520,045203,Barnesville Exempted Village,1,1
2023,3904521,045211,Bluffton Exempted Village,1,1
2023,3904522,045229,Bradford Exempted Village,1,1
2023,3904523,045237,Bridgeport Exempted Village,1,1
2023,3904524,045245,Harrison Hills City,1,1
2023,3904525,045252,Caldwell Exempted Village,1,1
2023,3904526,045260,Carey Exempted Village Schools,1,1
2023,3904527,045278,Carrollton Exempted Village,1,1
2023,3904528,045286,Chagrin Falls Exempted Village,1,1
2023,3904529,045294,Chesapeake Union Exempted Village,1,1
2023,3904531,045310,Coldwater Exempted Village,1,1
2023,3904532,045328,Columbiana Exempted Village,1,1
2023,3904533,045336,Covington Exempted Village,1,1
2023,3904535,045351,Crooksville Exempted Village,1,1
2023,3904536,045369,Fairport Harbor Exempted Village,1,1
2023,3904537,045377,Georgetown Exempted Village,1,1
2023,3904538,045385,Gibsonburg Exempted Village,1,1
2023,3904539,045393,Granville Exempted Village,1,1
2023,3904540,045401,Greenfield Exempted Village,1,1
2023,3904541,045419,Hicksville Exempted Village School District,1,1
2023,3904542,045427,Hubbard Exempted Village,1,1
2023,3904543,045435,Indian Hill Exempted Village,1,1
2023,3904545,045450,Lisbon Exempted Village,1,1
2023,3904546,045468,Loudonville-Perrysville Exempted Village,1,1
2023,3904547,045476,Marysville Exempted Village,1,1
2023,3904548,045484,Mechanicsburg Exempted Village,1,1
2023,3904549,045492,Mentor Exempted Village,1,1
2023,3904550,045500,Milford Exempted Village,1,1
2023,3904551,045518,Milton-Union Exempted Village,1,1
2023,3904552,045526,Montpelier Exempted Village,1,1
2023,3904553,045534,Mount Gilead Exempted Village,1,1
2023,3904554,045542,Newcomerstown Exempted Village,1,1
2023,3904555,045559,New Richmond Exempted Village,1,1
2023,3904556,045567,Newton Falls Exempted Village,1,1
2023,3904557,045575,Paulding Exempted Village,1,1
2023,3904558,045583,Perrysburg Exempted Village,1,1
2023,3904560,045609,Rossford Exempted Village,1,1
2023,3904561,045617,Tipp City Exempted Village,1,1
2023,3904563,045633,Versailles Exempted Village,1,1
2023,3904564,045641,Wauseon Exempted Village,1,1
2023,3904565,045658,Wellington Exempted Village,1,1
2023,3904566,045666,Windham Exempted Village,1,1
2023,3904567,045674,Yellow Springs Exempted Village,1,1
2023,3904574,045740,Allen County ESC,4,1
2023,3904575,045757,Allen East Local,1,1
2023,3904576,045765,Bath Local,1,1
2023,3904577,045773,Elida Local,1,1
2023,3904578,045781,Perry Local,1,1
2023,3904579,045799,Shawnee Local,1,1
2023,3904580,045807,Spencerville Local,1,1
2023,3904582,045823,Hillsdale Local,1,1
2023,3904583,045831,Mapleton Local,1,1
2023,3904584,045849,Ashtabula County ESC,4,1
2023,3904585,045856,Buckeye Local,1,1
2023,3904586,045864,Grand Valley Local,1,1
2023,3904587,045872,Jefferson Area Local,1,1
2023,3904588,045880,Pymatuning Valley Local,1,1
2023,3904590,045906,Alexander Local,1,1
2023,3904591,045914,Federal Hocking Local,1,1
2023,3904592,045922,Trimble Local,1,1
2023,3904593,045930,Auglaize County ESC,4,1
2023,3904594,045948,Minster Local,1,1
2023,3904595,045955,New Bremen Local,1,1
2023,3904596,045963,New Knoxville Local,1,1
2023,3904597,045971,Waynesfield-Goshen Local,1,1
2023,3904599,045997,St Clairsville-Richland City,1,1
2023,3904600,046003,Shadyside Local,1,1
2023,3904601,046011,Union Local,1,1
2023,3904602,046029,Brown ESC,4,1
2023,3904603,046037,Eastern Local School District,1,1
2023,3904604,046045,Fayetteville-Perry Local,1,1
2023,3904606,046060,Western Brown Local,1,1
2023,3904607,046078,Ripley-Union-Lewis-Huntington Local,1,1
2023,3904608,046086,Butler County ESC,4,1
2023,3904609,046094,Edgewood City School District,1,1
2023,3904610,046102,Fairfield City,1,1
2023,3904611,046110,Lakota Local,1,1
2023,3904612,046128,Madison Local,1,1
2023,3904613,046136,New Miami Local,1,1
2023,3904614,046144,Ross Local,1,1
2023,3904615,046151,Talawanda City,1,1
2023,3904617,046177,Brown Local,1,1
2023,3904619,046193,Graham Local,1,1
2023,3904620,046201,Triad Local,1,1
2023,3904621,046219,West Liberty-Salem Local,1,1
2023,3904622,046227,Clark County ESC,4,1
2023,3904623,046235,Greenon Local,1,1
2023,3904624,046243,Tecumseh Local,1,1
2023,3904625,046250,Northeastern Local,1,1
2023,3904626,046268,Northwestern Local,1,1
2023,3904627,046276,Southeastern Local,1,1
2023,3904628,046284,Clark-Shawnee Local,1,1
2023,3904629,046292,Clermont County ESC,4,1
2023,3904630,046300,Batavia Local,1,1
2023,3904631,046318,Bethel-Tate Local,1,1
2023,3904632,046326,Clermont Northeastern Local,1,1
2023,3904633,046334,Felicity-Franklin Local,1,1
2023,3904634,046342,Goshen Local,1,1
2023,3904635,046359,West Clermont Local,1,1
2023,3904636,046367,Williamsburg Local,1,1
2023,3904637,046375,Southern Ohio ESC,4,1
2023,3904638,046383,Blanchester Local,1,1
2023,3904639,046391,Clinton-Massie Local,1,1
2023,3904640,046409,East Clinton Local,1,1
2023,3904641,046417,Columbiana County ESC,4,1
2023,3904642,046425,Beaver Local,1,1
2023,3904643,046433,Crestview Local,1,1
2023,3904644,046441,Southern Local,1,1
2023,3904645,046458,United Local,1,1
2023,3904647,046474,Ridgewood Local,1,1
2023,3904648,046482,River View Local,1,1
2023,3904650,046508,Buckeye Central Local,1,1
2023,3904651,046516,Colonel Crawford Local,1,1
2023,3904652,046524,Wynford Local,1,1
2023,3904653,046532,ESC of Northeast Ohio,4,1
2023,3904655,046557,Cuyahoga Heights Local,1,1
2023,3904656,046565,Independence Local,1,1
2023,3904657,046573,Olmsted Falls City,1,1
2023,3904659,046599,Richmond Heights Local,1,1
2023,3904660,046607,Solon City,1,1
2023,3904661,046615,Darke County ESC,4,1
2023,3904662,046623,Ansonia Local,1,1
2023,3904663,046631,Arcanum-Butler Local,1,1
2023,3904664,046649,Franklin Monroe Local,1,1
2023,3904667,046672,Mississinawa Valley Local,1,1
2023,3904668,046680,Tri-Village Local,1,1
2023,3904670,046706,Ayersville Local,1,1
2023,3904671,046714,Central Local,1,1
2023,3904672,046722,Northeastern Local,1,1
2023,3904674,046748,Big Walnut Local,1,1
2023,3904675,046755,Buckeye Valley Local,1,1
2023,3904676,046763,Olentangy Local,1,1
2023,3904678,046789,Edison Local (formerly Berlin-Milan),1,1
2023,3904679,046797,Kelleys Island Local,1,1
2023,3904680,046805,Margaretta Local,1,1
2023,3904681,046813,Perkins Local,1,1
2023,3904682,046821,Vermilion Local,1,1
2023,3904683,046839,Fairfield County ESC,4,1
2023,3904684,046847,Amanda-Clearcreek Local,1,1
2023,3904685,046854,Berne Union Local,1,1
2023,3904686,046862,Bloom-Carroll Local,1,1
2023,3904687,046870,Fairfield Union Local,1,1
2023,3904688,046888,Liberty Union-Thurston Local,1,1
2023,3904689,046896,Pickerington Local,1,1
2023,3904690,046904,Walnut Township Local,1,1
2023,3904693,046938,ESC of Central Ohio,4,1
2023,3904694,046946,Canal Winchester Local,1,1
2023,3904695,046953,Hamilton Local,1,1
2023,3904696,046961,Gahanna-Jefferson City,1,1
2023,3904697,046979,Groveport Madison Local,1,1
2023,3904699,046995,New Albany-Plain Local,1,1
2023,3904700,047001,Reynoldsburg City,1,1
2023,3904701,047019,Hilliard City,1,1
2023,3904702,047027,Dublin City,1,1
2023,3904704,047043,Archbold-Area Local,1,1
2023,3904705,047050,Evergreen Local,1,1
2023,3904706,047068,Fayette Local,1,1
2023,3904707,047076,Pettisville Local,1,1
2023,3904708,047084,Pike-Delta-York Local,1,1
2023,3904709,047092,Swanton Local,1,1
2023,3904716,047167,Berkshire Local,1,1
2023,3904717,047175,Cardinal Local,1,1
2023,3904718,047183,Chardon Local,1,1
2023,3904719,047191,Kenston Local,1,1
2023,3904722,047225,West Geauga Local,1,1
2023,3904723,047233,Greene County ESC,4,1
2023,3904724,047241,Beavercreek City,1,1
2023,3904725,047258,Cedar Cliff Local,1,1
2023,3904726,047266,Greeneview Local,1,1
2023,3904727,047274,Bellbrook-Sugarcreek Local,1,1
2023,3904730,047308,Rolling Hills Local,1,1
2023,3904732,047324,Hamilton County ESC,4,1
2023,3904733,047332,Finneytown Local,1,1
2023,3904734,047340,Forest Hills Local,1,1
2023,3904736,047365,Northwest Local,1,1
2023,3904737,047373,Oak Hills Local,1,1
2023,3904738,047381,Southwest Local,1,1
2023,3904739,047399,Three Rivers Local,1,1
2023,3904740,047407,Hancock County ESC,4,1
2023,3904742,047423,Arlington Local,1,1
2023,3904743,047431,Cory-Rawson Local,1,1
2023,3904744,047449,Liberty-Benton Local,1,1
2023,3904745,047456,McComb Local,1,1
2023,3904747,047472,Vanlue Local,1,1
2023,3904749,047498,Hardin Northern Local,1,1
2023,3904750,047506,Ridgemont Local,1,1
2023,3904751,047514,Riverdale Local,1,1
2023,3904752,047522,Upper Scioto Valley Local,1,1
2023,3904754,047548,Conotton Valley Union Local,1,1
2023,3904757,047571,Holgate Local,1,1
2023,3904758,047589,Liberty Center Local,1,1
2023,3904759,047597,Patrick Henry Local,1,1
2023,3904761,047613,Bright Local,1,1
2023,3904762,047621,Fairfield Local,1,1
2023,3904763,047639,Lynchburg-Clay Local,1,1
2023,3904768,047688,East Holmes Local,1,1
2023,3904769,047696,West Holmes Local,1,1
2023,3904771,047712,Monroeville Local,1,1
2023,3904772,047720,New London Local,1,1
2023,3904773,047738,South Central Local,1,1
2023,3904774,047746,Western Reserve Local,1,1
2023,3904776,047761,Oak Hill Union Local,1,1
2023,3904777,047779,Jefferson County ESC,4,1
2023,3904778,047787,Buckeye Local,1,1
2023,3904779,047795,Edison Local,1,1
2023,3904780,047803,Indian Creek Local,1,1
2023,3904781,047811,Knox County ESC,4,1
2023,3904782,047829,Centerburg Local,1,1
2023,3904783,047837,Danville Local,1,1
2023,3904785,047852,Fredericktown Local,1,1
2023,3904786,047860,Educational Service Center of the Western Reserve,4,1
2023,3904787,047878,Kirtland Local,1,1
2023,3904788,047886,Madison Local,1,1
2023,3904790,047902,Perry Local,1,1
2023,3904791,047910,Lawrence County ESC,4,1
2023,3904792,047928,Dawson-Bryant Local,1,1
2023,3904793,047936,Fairland Local,1,1
2023,3904794,047944,Rock Hill Local,1,1
2023,3904795,047951,South Point Local,1,1
2023,3904796,047969,Symmes Valley Local,1,1
2023,3904797,047977,Licking Regional Educational Service Center,4,1
2023,3904798,047985,Johnstown-Monroe Local,1,1
2023,3904799,047993,Lakewood Local,1,1
2023,3904800,048009,Licking Heights Local,1,1
2023,3904801,048017,Licking Valley Local,1,1
2023,3904802,048025,North Fork Local,1,1
2023,3904803,048033,Northridge Local,1,1
2023,3904804,048041,Southwest Licking Local,1,1
2023,3904807,048074,Benjamin Logan Local,1,1
2023,3904808,048082,Indian Lake Local,1,1
2023,3904809,048090,Riverside Local,1,1
2023,3904810,048108,Lorain County ESC,4,1
2023,3904811,048116,Avon Local,1,1
2023,3904812,048124,Avon Lake City,1,1
2023,3904813,048132,Clearview Local,1,1
2023,3904814,048140,Columbia Local,1,1
2023,3904815,048157,Firelands Local,1,1
2023,3904816,048165,Keystone Local,1,1
2023,3904817,048173,Midview Local,1,1
2023,3904819,048199,ESC of Lake Erie West,4,1
2023,3904820,048207,Anthony Wayne Local,1,1
2023,3904821,048215,Ottawa Hills Local,1,1
2023,3904822,048223,Springfield Local,1,1
2023,3904823,048231,Washington Local,1,1
2023,3904825,048256,Jefferson Local,1,1
2023,3904826,048264,Jonathan Alder Local,1,1
2023,3904827,048272,Madison-Plains Local,1,1
2023,3904828,048280,Educational Service Center of Eastern Ohio,4,1
2023,3904829,048298,Austintown Local Schools,1,1
2023,3904830,048306,Boardman Local,1,1
2023,3904831,048314,Canfield Local,1,1
2023,3904832,048322,Jackson-Milton Local,1,1
2023,3904833,048330,Lowellville Local,1,1
2023,3904834,048348,Poland Local,1,1
2023,3904835,048355,Sebring Local,1,1
2023,3904836,048363,South Range Local,1,1
2023,3904837,048371,Springfield Local,1,1
2023,3904838,048389,West Branch Local,1,1
2023,3904839,048397,Western Reserve Local,1,1
2023,3904841,048413,Elgin Local,1,1
2023,3904842,048421,Pleasant Local,1,1
2023,3904843,048439,Ridgedale Local,1,1
2023,3904844,048447,River Valley Local,1,1
2023,3904845,048454,ESC of Medina County,4,1
2023,3904846,048462,Black River Local,1,1
2023,3904847,048470,Buckeye Local,1,1
2023,3904848,048488,Cloverleaf Local,1,1
2023,3904849,048496,Highland Local,1,1
2023,3904851,048512,Eastern Local,1,1
2023,3904852,048520,Meigs Local,1,1
2023,3904853,048538,Southern Local,1,1
2023,3904854,048546,Mercer County Educational Service Center,4,1
2023,3904857,048579,Parkway Local,1,1
2023,3904858,048587,St Henry Consolidated Local,1,1
2023,3904859,048595,Fort Recovery Local,1,1
2023,3904860,048603,Miami County ESC,4,1
2023,3904861,048611,Bethel Local,1,1
2023,3904862,048629,Miami East Local,1,1
2023,3904863,048637,Newton Local,1,1
2023,3904865,048652,Switzerland of Ohio Local,1,1
2023,3904866,048660,Montgomery County ESC,4,1
2023,3904867,048678,Brookville Local,1,1
2023,3904868,048686,Jefferson Township Local,1,1
2023,3904869,048694,Trotwood-Madison City,1,1
2023,3904870,048702,Mad River Local,1,1
2023,3904871,048710,New Lebanon Local School District,1,1
2023,3904872,048728,Northmont City,1,1
2023,3904873,048736,Northridge Local,1,1
2023,3904874,048744,Valley View Local,1,1
2023,3904875,048751,Huber Heights City,1,1
2023,3904877,048777,Morgan Local,1,1
2023,3904879,048793,Cardington-Lincoln Local,1,1
2023,3904880,048801,Highland Local,1,1
2023,3904881,048819,Northmor Local,1,1
2023,3904883,048835,East Muskingum Local,1,1
2023,3904884,048843,Franklin Local,1,1
2023,3904885,048850,Maysville Local,1,1
2023,3904887,048876,Tri-Valley Local,1,1
2023,3904888,048884,West Muskingum Local,1,1
2023,3904890,048900,Noble Local,1,1
2023,3904892,048926,Benton Carroll Salem Local,1,1
2023,3904893,048934,Danbury Local,1,1
2023,3904894,048942,Genoa Area Local,1,1
2023,3904895,048959,Middle Bass Local,1,1
2023,3904896,048967,North Bass Local,1,1
2023,3904897,048975,Put-In-Bay Local,1,1
2023,3904899,048991,Antwerp Local,1,1
2023,3904900,049296,Twin Valley Community Local,1,1
2023,3904903,049031,Wayne Trace Local,1,1
2023,3904905,049056,Northern Local,1,1
2023,3904906,049064,Southern Local,1,1
2023,3904907,049072,Pickaway County ESC,4,1
2023,3904908,049080,Logan Elm Local,1,1
2023,3904909,049098,Teays Valley Local,1,1
2023,3904910,049106,Westfall Local,1,1
2023,3904912,049122,Eastern Local School District,1,1
2023,3904913,049130,Scioto Valley Local,1,1
2023,3904914,049148,Waverly City,1,1
2023,3904915,049155,Western Local,1,1
2023,3904917,049171,Aurora City,1,1
2023,3904918,049189,Crestwood Local,1,1
2023,3904919,049197,Field Local,1,1
2023,3904920,049205,James A Garfield Local,1,1
2023,3904921,049213,Rootstown Local,1,1
2023,3904922,049221,Southeast Local,1,1
2023,3904923,049239,Streetsboro City,1,1
2023,3904924,049247,Waterloo Local,1,1
2023,3904925,049254,Preble County ESC,4,1
2023,3904926,091397,Tri-County North Local,1,1
2023,3904927,049270,National Trail Local,1,1
2023,3904928,049288,Preble Shawnee Local,1,1
2023,3904930,049304,Putnam County ESC,4,1
2023,3904931,049312,Columbus Grove Local,1,1
2023,3904932,049320,Continental Local,1,1
2023,3904933,049338,Jennings Local,1,1
2023,3904934,049346,Kalida Local,1,1
2023,3904935,049353,Leipsic Local,1,1
2023,3904936,049361,Miller City-New Cleveland Local,1,1
2023,3904937,049379,Ottawa-Glandorf Local,1,1
2023,3904938,049387,Ottoville Local,1,1
2023,3904939,049395,Pandora-Gilboa Local,1,1
2023,3904941,049411,Clear Fork Valley Local,1,1
2023,3904942,049429,Crestview Local,1,1
2023,3904943,049437,Lexington Local,1,1
2023,3904944,049445,Lucas Local,1,1
2023,3904945,049452,Madison Local,1,1
2023,3904946,049460,Plymouth-Shiloh Local,1,1
2023,3904947,049478,Ontario Local,1,1
2023,3904949,049494,Adena Local,1,1
2023,3904950,049502,Huntington Local,1,1
2023,3904951,049510,Paint Valley Local,1,1
2023,3904952,049528,Southeastern Local,1,1
2023,3904953,049536,Union-Scioto Local,1,1
2023,3904954,049544,Zane Trace Local,1,1
2023,3904956,049569,Lakota Local,1,1
2023,3904957,049577,Woodmore Local,1,1
2023,3904959,049593,Bloom-Vernon Local,1,1
2023,3904961,049619,Green Local,1,1
2023,3904962,049627,Minford Local,1,1
2023,3904963,049635,Northwest Local,1,1
2023,3904964,049643,Valley Local,1,1
2023,3904965,049650,Washington-Nile Local,1,1
2023,3904966,049668,Wheelersburg Local,1,1
2023,3904968,049684,Seneca East Local,1,1
2023,3904970,049700,Hopewell-Loudon Local,1,1
2023,3904971,049718,New Riegel Local,1,1
2023,3904976,049767,Botkins Local,1,1
2023,3904977,049775,Fairlawn Local,1,1
2023,3904978,049783,Fort Loramie Local,1,1
2023,3904979,049791,Hardin-Houston Local,1,1
2023,3904981,049817,Russia Local,1,1
2023,3904982,049825,Stark County ESC,4,1
2023,3904983,049833,Canton Local,1,1
2023,3904984,049841,Fairless Local,1,1
2023,3904985,049858,Jackson Local,1,1
2023,3904986,049866,Lake Local,1,1
2023,3904987,049874,Louisville City,1,1
2023,3904988,049882,Marlington Local,1,1
2023,3904989,049890,Minerva Local,1,1
2023,3904990,049908,Northwest Local,1,1
2023,3904991,049916,Osnaburg Local,1,1
2023,3904992,049924,Perry Local,1,1
2023,3904993,049932,Plain Local,1,1
2023,3904994,049940,Sandy Valley Local,1,1
2023,3904995,049957,Tuslaw Local,1,1
2023,3904996,049965,Summit County ESC,4,1
2023,3904997,049973,Woodridge Local,1,1
2023,3904998,049981,Copley-Fairlawn City,1,1
2023,3904999,049999,Coventry Local,1,1
2023,3905000,050005,Manchester Local,1,1
2023,3905001,050013,Green Local,1,1
2023,3905002,050021,Hudson City,1,1
2023,3905003,050039,Mogadore Local,1,1
2023,3905004,050047,Nordonia Hills City,1,1
2023,3905005,050054,Revere Local,1,1
2023,3905006,050062,Springfield Local,1,1
2023,3905007,050070,Twinsburg City,1,1
2023,3905008,050088,Trumbull County ESC,4,1
2023,3905009,050096,Bloomfield-Mespo Local,1,1
2023,3905011,050112,Bristol Local,1,1
2023,3905012,050120,Brookfield Local,1,1
2023,3905013,050138,Champion Local,1,1
2023,3905015,050153,Mathews Local,1,1
2023,3905016,050161,Howland Local,1,1
2023,3905017,050179,Joseph Badger Local,1,1
2023,3905018,050187,Lakeview Local,1,1
2023,3905019,050195,Liberty Local,1,1
2023,3905020,050203,Lordstown Local,1,1
2023,3905021,050211,Maplewood Local,1,1
2023,3905022,050229,McDonald Local,1,1
2023,3905023,050237,Southington Local,1,1
2023,3905024,050245,LaBrae Local,1,1
2023,3905025,050252,Weathersfield Local,1,1
2023,3905026,050260,East Central Ohio ESC,4,1
2023,3905027,050278,Garaway Local,1,1
2023,3905028,050286,Indian Valley Local,1,1
2023,3905029,050294,Strasburg-Franklin Local,1,1
2023,3905030,050302,Tuscarawas Valley Local,1,1
2023,3905032,050328,Fairbanks Local,1,1
2023,3905033,050336,North Union Local School District,1,1
2023,3905035,050351,Crestview Local,1,1
2023,3905039,050393,Vinton County Local,1,1
2023,3905040,050401,Warren County ESC,4,1
2023,3905041,050419,Carlisle Local,1,1
2023,3905042,050427,Springboro Community City,1,1
2023,3905043,050435,Kings Local,1,1
2023,3905044,050443,Little Miami Local,1,1
2023,3905045,050450,Mason City,1,1
2023,3905046,050468,Wayne Local,1,1
2023,3905048,050484,Fort Frye Local,1,1
2023,3905049,050492,Frontier Local,1,1
2023,3905051,050518,Wolf Creek Local,1,1
2023,3905052,050526,Tri-County ESC,4,1
2023,3905053,050534,Chippewa Local,1,1
2023,3905054,050542,Dalton Local,1,1
2023,3905055,050559,Green Local,1,1
2023,3905056,050567,Norwayne Local,1,1
2023,3905058,050583,Southeast Local,1,1
2023,3905059,050591,Triway Local,1,1
2023,3905061,050617,Edgerton Local,1,1
2023,3905062,050625,Edon Northwest Local,1,1
2023,3905063,050633,Millcreek-West Unity Local,1,1
2023,3905064,050641,North Central Local,1,1
2023,3905065,050658,Stryker Local,1,1
2023,3905066,050666,Wood County ESC,4,1
2023,3905067,050674,Eastwood Local,1,1
2023,3905068,050682,Elmwood Local,1,1
2023,3905069,050690,Lake Local,1,1
2023,3905070,050708,North Baltimore Local,1,1
2023,3905071,050716,Northwood Local Schools,1,1
2023,3905072,050724,Otsego Local,1,1
2023,3905074,050740,Mohawk Local,1,1
2023,3905077,050773,Apollo,4,1
2023,3905079,050799,Southern Hills,4,1
2023,3905081,050815,Ashtabula County Technical and Career Center,4,1
2023,3905085,050856,Belmont-Harrison,4,1
2023,3905088,050880,Butler Technology & Career Development Schools,4,1
2023,3905090,050906,Columbiana County,4,1
2023,3905092,050922,Cuyahoga Valley Career Center,4,1
2023,3905094,050948,Polaris,4,1
2023,3905096,050963,Four County Career Center,4,1
2023,3905098,050989,Delaware Area Career Center,4,1
2023,3905100,051003,Eastland-Fairfield Career & Technical Schools,4,1
2023,3905102,051029,EHOVE Career Center,4,1
2023,3905104,051045,Greene County Vocational School District,4,1
2023,3905106,051060,Great Oaks Career Campuses,4,1
2023,3905112,051128,Jefferson County,4,1
2023,3905114,051144,Knox County JVSD,4,1
2023,3905116,051169,Auburn,4,1
2023,3905118,051185,Lawrence County,4,1
2023,3905120,051201,Career and Technology Educational Centers,4,1
2023,3905122,051227,Lorain County JVS,4,1
2023,3905124,051243,Mahoning Co Career & Tech Ctr,4,1
2023,3905128,051284,Miami Valley Career Tech,4,1
2023,3905130,051300,Mid-East Career and Technology Centers,4,1
2023,3905133,051334,Ohio Hi-Point Career Center,4,1
2023,3905135,051359,Penta Career Center - District,4,1
2023,3905137,051375,Pike County Area,4,1
2023,3905139,051391,Maplewood Career Center District,4,1
2023,3905141,051417,Pioneer Career & Technology,4,1
2023,3905143,051433,Pickaway-Ross County JVSD,4,1
2023,3905145,051458,Vanguard-Sentinel Career & Technology Centers,4,1
2023,3905147,051474,Warren County Vocational School,4,1
2023,3905149,051490,Scioto County Joint Vocational School,4,1
2023,3905153,051532,Springfield-Clark County,4,1
2023,3905160,051607,Tri-County Career Center,4,1
2023,3905163,051631,Trumbull Career & Tech Ctr,4,1
2023,3905165,051656,Buckeye,4,1
2023,3905167,051672,Vantage Career Center,4,1
2023,3905169,051698,Washington County Career Center District,4,1
2023,3905171,051714,Wayne County JVSD,4,1
2023,3906190,061903,Adams County Ohio Valley Local,1,1
2023,3906202,062026,Stark County Area,4,1
2023,3906204,062042,Ashland County-West Holmes Joint Vocational School,4,1
2023,3906206,062067,Gallia-Jackson-Vinton,4,1
2023,3906210,062109,Medina County Joint Vocational School District,4,1
2023,3906212,062125,Upper Valley Career Center,4,1
2023,3906280,062802,U S Grant,4,1
2023,3906349,063495,Portage Lakes,4,1
2023,3906351,063511,Tolles Career & Technical Center,4,1
2023,3906496,064964,College Corner Local,1,1
2023,3906522,065227,Coshocton County,4,1
2023,3906526,065268,Tri-Rivers,4,1
2023,3906568,065680,Gallia County Local,1,1
2023,3906968,069682,East Guernsey Local,1,1
2023,3910000,043984,Findlay City,1,1
2023,3910001,047464,Van Buren Local,1,1
2023,3910002,047415,Arcadia Local,1,1
2023,3910003,044784,Sidney City,1,1
2023,3910004,049759,Anna Local,1,1
2023,3910005,049809,Jackson Center Local,1,1
2023,3910006,044735,Salem City,1,1
2023,3910007,045443,Leetonia Exempted Village School District,1,1
2023,3910008,045344,Crestline Exempted Village,1,1
2023,3910009,044776,Shelby City,1,1
2023,3910010,046920,Miami Trace Local,1,1
2023,3910011,045013,Washington Court House City,1,1
2023,3910012,044420,Mount Vernon City,1,1
2023,3910013,047845,East Knox Local,1,1
2023,3910014,047894,Riverside Local,1,1
2023,3910015,044628,Painesville City Local,1,1
2023,3910016,046581,Orange City,1,1
2023,3910017,043562,Bedford City,1,1
2023,3910018,050500,Warren Local,1,1
2023,3910019,044321,Marietta City,1,1
2023,3910020,045302,Clyde-Green Springs Exempted Village,1,1
2023,3910021,049726,Old Fort Local,1,1
2023,3910022,050369,Lincolnview Local,1,1
2023,3910023,044966,Van Wert City,1,1
2023,3910024,045625,Upper Sandusky Exempted Village,1,1
2023,3910025,044172,Kenton City,1,1
2023,3910026,049601,Clay Local,1,1
2023,3910027,044669,Portsmouth City,1,1
2023,3910028,045591,Rittman Exempted Village,1,1
2023,3910029,044974,Wadsworth City,1,1
2023,3910030,043729,Celina City,1,1
2023,3910031,048553,Marion Local,1,1
2023,3910032,045120,Wooster City,1,1
2023,3910033,050575,Northwestern Local,1,1
2023,3910034,019530,Cincinnati Classical Academy,7,1
2023,3910035,020007,IDEA Greater Cincinnati Inc,7,1
2023,3910036,020046,Unity Academy,7,1
2023,3910037,020076,Solon Academy,7,1
2023,3910038,020077,Westlake Academy,7,1
2023,3910039,020078,Gateway Online Academy of Ohio,7,1
2023,3910040,020091,Legacy Academy of Excellence,7,1
2023,3910041,020092,Sheffield Academy,7,1
2023,3910042,020186,Lorain Preparatory High School,7,1
2023,3910043,020189,Strongsville Academy,7,1
2023,3910044,020265,Victory Academy of Toledo,7,1
2023,3910045,020293,The Dayton School,7,1
2023,3910046,019602,Community STE(A)M Academy - Xenia,1,3
2023,3910047,020188,Hinckley Preparatory Academy,7,3
2023,3910048,020726,ChallengeU Ohio Community School,7,3
2023,3910049,020728,Mosaic Classical Academy,7,3
2023,3910050,020729,AkroTech High School,7,3
2023,3910051,020754,Buckeye Community School - Fremont,7,3
2023,3910052,020755,Pathfinder Career Academy of Ohio,7,3
2023,3910053,020759,Fairfield Preparatory Academy,7,3
2023,3910054,020760,Franklin Learning Academy,7,3
2023,3910055,020811,Southern Ohio Career Academy,7,3
2023,3910056,020817,ReGeneration Middle School,7,3
2023,3910057,020825,Springfield Sports Academy,7,3
2023,3910058,020863,Ohio Deaf and Blind Education Services,5,3
