county,district_irn,district_name,building_irn,building_name,grade_levels,open_closed,designated,option_a_academic_distress,option_b_pi_and_title1,academic_distress_school,bottom_20_pi_two_of_two,bottom_20_pi_2122,bottom_20_pi_2223,title1_at_least_20_three_years,title1_share_2122,title1_share_2223,title1_share_2324,title1_average
Adams,000442,Manchester Local,000450,Manchester High School,7-12;PS,Open,no,no,no,no,no,no,no,yes,0.30166270783848,0.270108043217287,0.279901356350185,0.283890702468651
Adams,000442,Manchester Local,000451,Manchester Elementary School,K-6,Open,no,no,no,no,no,no,no,yes,0.30166270783848,0.270108043217287,0.279901356350185,0.283890702468651
Adams,061903,Adams County Ohio Valley Local,029520,Peebles Elementary School,K-6;P,Open,no,no,no,no,no,no,no,yes,0.297498797498797,0.270716889428919,0.266195524146054,0.278137070357923
Adams,061903,Adams County Ohio Valley Local,029538,Peebles High School,7-12,Open,no,no,no,no,no,no,no,yes,0.297498797498797,0.270716889428919,0.266195524146054,0.278137070357923
Adams,061903,Adams County Ohio Valley Local,033936,North Adams Elementary School,K-6;P,Open,no,no,no,no,no,no,no,yes,0.297498797498797,0.270716889428919,0.266195524146054,0.278137070357923
Adams,061903,Adams County Ohio Valley Local,033944,North Adams High School,7-12,Open,no,no,no,no,no,no,no,yes,0.297498797498797,0.270716889428919,0.266195524146054,0.278137070357923
Adams,061903,Adams County Ohio Valley Local,038885,West Union Elementary School,K-6;P,Open,no,no,no,no,no,no,no,yes,0.297498797498797,0.270716889428919,0.266195524146054,0.278137070357923
Adams,061903,Adams County Ohio Valley Local,038893,West Union High School,7-12,Open,yes,no,yes,no,yes,yes,yes,yes,0.297498797498797,0.270716889428919,0.266195524146054,0.278137070357923
Allen,043885,Delphos City,012120,Franklin Elementary School,K-4,Open,no,no,no,no,no,no,no,no,0.1122763726095,0.080914144533663,0.098651960784314,0.097280825975826
Allen,043885,Delphos City,018184,Jefferson High School,5-12,Open,no,no,no,no,no,no,no,no,0.1122763726095,0.080914144533663,0.098651960784314,0.097280825975826
Allen,043885,Delphos City,064048,Jefferson Middle School,5-8,Open,no,no,no,no,no,no,no,no,0.1122763726095,0.080914144533663,0.098651960784314,0.097280825975826
Allen,044222,Lima City,000470,Independence Elementary School,K-4;P,Open,yes,no,yes,no,yes,yes,yes,yes,0.319083969465649,0.275014293882218,0.339957140074031,0.311351801140633
Allen,044222,Lima City,000472,Liberty Arts Magnet K-8,K-8,Open,no,no,no,no,no,no,yes,yes,0.319083969465649,0.275014293882218,0.339957140074031,0.311351801140633
Allen,044222,Lima City,005660,Lima North Middle School,5-6,Open,yes,no,yes,no,yes,yes,yes,yes,0.319083969465649,0.275014293882218,0.339957140074031,0.311351801140633
Allen,044222,Lima City,008298,Lima Senior High School,9-12,Open,yes,no,yes,no,yes,yes,yes,yes,0.319083969465649,0.275014293882218,0.339957140074031,0.311351801140633
Allen,044222,Lima City,035097,Lima South Science-Technology Magnet K-8,K-8,Open,no,no,no,no,no,no,no,yes,0.319083969465649,0.275014293882218,0.339957140074031,0.311351801140633
Allen,044222,Lima City,040576,Lima West Middle School,7-8,Open,yes,no,yes,no,yes,yes,yes,yes,0.319083969465649,0.275014293882218,0.339957140074031,0.311351801140633
Allen,044222,Lima City,146035,Unity Elementary School,K-4;P,Open,yes,no,yes,no,yes,yes,yes,yes,0.319083969465649,0.275014293882218,0.339957140074031,0.311351801140633
Allen,044222,Lima City,146043,Freedom Elementary School,K-4;P,Open,yes,no,yes,no,yes,yes,yes,yes,0.319083969465649,0.275014293882218,0.339957140074031,0.311351801140633
Allen,044222,Lima City,146050,Heritage Elementary School,K-4;P,Open,no,no,no,no,no,no,no,yes,0.319083969465649,0.275014293882218,0.339957140074031,0.311351801140633
Allen,045211,Bluffton Exempted Village,003020,Bluffton Elementary School,K-5,Open,no,no,no,no,no,no,no,no,0.05283381364073,0.046065259117083,0.062962962962963,0.053954011906925
Allen,045211,Bluffton Exempted Village,003038,Bluffton High School,9-12,Open,no,no,no,no,no,no,no,no,0.05283381364073,0.046065259117083,0.062962962962963,0.053954011906925
Allen,045211,Bluffton Exempted Village,127639,Bluffton Middle School,6-8,Open,no,no,no,no,no,no,no,no,0.05283381364073,0.046065259117083,0.062962962962963,0.053954011906925
Allen,045757,Allen East Local,000364,Allen East High School,9-12,Open,no,no,no,no,no,no,no,no,0.089931573802542,0.064077669902913,0.088584474885845,0.080864572863766
Allen,045757,Allen East Local,000448,Allen East Elementary School,K-4;P,Open,no,no,no,no,no,no,no,no,0.089931573802542,0.064077669902913,0.088584474885845,0.080864572863766
Allen,045757,Allen East Local,015724,Allen East Middle School,5-8,Open,no,no,no,no,no,no,no,no,0.089931573802542,0.064077669902913,0.088584474885845,0.080864572863766
Allen,045765,Bath Local,001743,Bath Elementary School,K-5,Open,no,no,no,no,no,no,no,no,0.122149837133551,0.114861186717474,0.135706340378198,0.124239121409741
Allen,045765,Bath Local,001750,Bath High School,9-12,Open,no,no,no,no,no,no,no,no,0.122149837133551,0.114861186717474,0.135706340378198,0.124239121409741
Allen,045765,Bath Local,001768,Bath Middle School,6-8,Open,no,no,no,no,no,no,no,no,0.122149837133551,0.114861186717474,0.135706340378198,0.124239121409741
Allen,045765,Bath Local,019817,Bath Digital Academy,K-12,Open,no,no,no,no,no,no,yes,no,0.122149837133551,0.114861186717474,0.135706340378198,0.124239121409741
Allen,045773,Elida Local,010082,Elida Middle School,6-8,Open,no,no,no,no,no,no,no,no,0.164102564102564,0.149059829059829,0.17413737504031,0.162433256067568
Allen,045773,Elida Local,010199,Elida High School,9-12,Open,no,no,no,no,no,no,no,no,0.164102564102564,0.149059829059829,0.17413737504031,0.162433256067568
Allen,045773,Elida Local,036350,Elida Elementary,K-5,Open,no,no,no,no,no,no,no,no,0.164102564102564,0.149059829059829,0.17413737504031,0.162433256067568
Allen,045781,Perry Local,029686,Perry Elementary School,K-6,Open,no,no,no,no,no,no,no,no,0.202072538860104,0.181347150259067,0.154228855721393,0.179216181613521
Allen,045781,Perry Local,029694,Perry High School,7-12,Open,no,no,no,no,no,no,no,no,0.202072538860104,0.181347150259067,0.154228855721393,0.179216181613521
Allen,045799,Shawnee Local,034207,Elmwood Elementary School,K-2,Open,no,no,no,no,no,no,no,no,0.07891930323498,0.07708703374778,0.081639566395664,0.079215301126141
Allen,045799,Shawnee Local,034215,Shawnee Middle School,5-8,Open,no,no,no,no,no,no,no,no,0.07891930323498,0.07708703374778,0.081639566395664,0.079215301126141
Allen,045799,Shawnee Local,034272,Shawnee High School,9-12,Open,no,no,no,no,no,no,no,no,0.07891930323498,0.07708703374778,0.081639566395664,0.079215301126141
Allen,045799,Shawnee Local,064303,Maplewood Elementary School,3-4,Open,no,no,no,no,no,no,no,no,0.07891930323498,0.07708703374778,0.081639566395664,0.079215301126141
Allen,045807,Spencerville Local,035337,Spencerville Elementary School,K-4,Open,no,no,no,no,no,no,no,no,0.125555555555556,0.088691796008869,0.111587982832618,0.108611778132348
Allen,045807,Spencerville Local,035345,Spencerville High School,9-12,Open,no,no,no,no,no,no,no,no,0.125555555555556,0.088691796008869,0.111587982832618,0.108611778132348
Allen,045807,Spencerville Local,061960,Spencerville Middle School,5-8,Open,no,no,no,no,no,no,no,no,0.125555555555556,0.088691796008869,0.111587982832618,0.108611778132348
Ashland,043505,Ashland City,001081,Ashland High School,9-12,Open,no,no,no,no,no,no,no,no,0.208038422649141,0.145042059648228,0.136566186107471,0.163215556134947
Ashland,043505,Ashland City,001099,Ashland Middle School,6-8,Open,no,no,no,no,no,no,no,no,0.208038422649141,0.145042059648228,0.136566186107471,0.163215556134947
Ashland,043505,Ashland City,010025,Edison Elementary School,K-3,Open,no,no,no,no,no,no,no,no,0.208038422649141,0.145042059648228,0.136566186107471,0.163215556134947
Ashland,043505,Ashland City,025395,Taft Intermediate School,4-5,Open,no,no,no,no,no,no,no,no,0.208038422649141,0.145042059648228,0.136566186107471,0.163215556134947
Ashland,043505,Ashland City,028811,Reagan Elementary School,K-3;P,Open,no,no,no,no,no,no,no,no,0.208038422649141,0.145042059648228,0.136566186107471,0.163215556134947
Ashland,045468,Loudonville-Perrysville Exempted Village,004192,Budd Elementary School,4-6,Open,no,no,no,no,no,no,no,no,0.228956228956229,0.166938110749186,0.153783563873068,0.183225967859494
Ashland,045468,Loudonville-Perrysville Exempted Village,021519,Loudonville High School,7-12,Open,no,no,no,no,no,no,no,no,0.228956228956229,0.166938110749186,0.153783563873068,0.183225967859494
Ashland,045468,Loudonville-Perrysville Exempted Village,023903,McMullen Elementary School,K-3,Open,no,no,no,no,no,no,no,no,0.228956228956229,0.166938110749186,0.153783563873068,0.183225967859494
Ashland,045823,Hillsdale Local,015719,Hillsdale PK-6,K-6;P,Open,no,no,no,no,no,no,no,no,0.143702451394759,0.099744245524297,0.116538131962296,0.119994942960451
Ashland,045823,Hillsdale Local,016352,Hillsdale 7-12,7-12,Open,no,no,no,no,no,no,no,no,0.143702451394759,0.099744245524297,0.116538131962296,0.119994942960451
Ashland,045823,Hillsdale Local,018275,Hillsdale Middle School,5-8,Closed,no,no,no,no,no,no,no,no,0.143702451394759,0.099744245524297,0.116538131962296,0.119994942960451
Ashland,045831,Mapleton Local,000400,Mapleton Elementary School,K-5;P,Open,no,no,no,no,no,no,no,no,0.215358931552588,0.17003367003367,0.134195634599838,0.173196078728699
Ashland,045831,Mapleton Local,012410,Mapleton Middle School,6-8,Open,no,no,no,no,no,no,no,no,0.215358931552588,0.17003367003367,0.134195634599838,0.173196078728699
Ashland,045831,Mapleton Local,019762,Mapleton Virtual Academy,K-12,Open,no,no,no,no,yes,yes,yes,no,0.215358931552588,0.17003367003367,0.134195634599838,0.173196078728699
Ashland,045831,Mapleton Local,022640,Mapleton High School,9-12,Open,no,no,no,no,no,no,no,no,0.215358931552588,0.17003367003367,0.134195634599838,0.173196078728699
Ashtabula,043513,Ashtabula Area City,001123,Lakeside High School,9-12,Open,yes,no,yes,no,yes,yes,yes,yes,0.31638418079096,0.293066476054325,0.285714285714286,0.298388314186524
Ashtabula,043513,Ashtabula Area City,004242,Ontario Primary School,2,Open,no,no,no,no,no,no,yes,yes,0.31638418079096,0.293066476054325,0.285714285714286,0.298388314186524
Ashtabula,043513,Ashtabula Area City,007088,Lakeside Junior High School,7-8,Open,yes,no,yes,no,yes,yes,yes,yes,0.31638418079096,0.293066476054325,0.285714285714286,0.298388314186524
Ashtabula,043513,Ashtabula Area City,011518,Superior Intermediate School,3-4,Open,no,no,no,no,no,no,yes,yes,0.31638418079096,0.293066476054325,0.285714285714286,0.298388314186524
Ashtabula,043513,Ashtabula Area City,033670,Erie Intermediate School,5-6,Open,yes,no,yes,no,yes,yes,yes,yes,0.31638418079096,0.293066476054325,0.285714285714286,0.298388314186524
Ashtabula,043513,Ashtabula Area City,035873,Michigan Primary School,K-1,Open,no,no,no,no,no,no,yes,yes,0.31638418079096,0.293066476054325,0.285714285714286,0.298388314186524
Ashtabula,043513,Ashtabula Area City,037093,Huron Primary School,P,Open,no,no,no,no,no,no,yes,yes,0.31638418079096,0.293066476054325,0.285714285714286,0.298388314186524
Ashtabula,043810,Conneaut Area City,000388,Gateway Elementary School,3-5,Open,no,no,no,no,no,no,no,yes,0.2372634643377,0.245459008345606,0.24749498997996,0.243405820887755
Ashtabula,043810,Conneaut Area City,000389,Lakeshore Primary Elementary School,K-2;P,Open,no,no,no,no,no,no,no,yes,0.2372634643377,0.245459008345606,0.24749498997996,0.243405820887755
Ashtabula,043810,Conneaut Area City,007211,Conneaut High School,9-12,Open,no,no,no,no,no,no,no,yes,0.2372634643377,0.245459008345606,0.24749498997996,0.243405820887755
Ashtabula,043810,Conneaut Area City,032813,Conneaut Middle School,6-8,Open,no,no,no,no,no,no,no,yes,0.2372634643377,0.245459008345606,0.24749498997996,0.243405820887755
Ashtabula,044057,Geneva Area City,001321,Austinburg Elementary School,K-5;P,Open,no,no,no,no,no,no,no,no,0.179169992019154,0.180274858528698,0.179284525790349,0.179576458779401
Ashtabula,044057,Geneva Area City,007344,Cork Elementary School,K-5,Open,no,no,no,no,no,no,no,no,0.179169992019154,0.180274858528698,0.179284525790349,0.179576458779401
Ashtabula,044057,Geneva Area City,012015,Geneva Platt R. Spencer Elementary School,K-5,Open,no,no,no,no,no,no,no,no,0.179169992019154,0.180274858528698,0.179284525790349,0.179576458779401
Ashtabula,044057,Geneva Area City,013219,Geneva High School,9-12,Open,no,no,no,no,no,no,no,no,0.179169992019154,0.180274858528698,0.179284525790349,0.179576458779401
Ashtabula,044057,Geneva Area City,013227,Geneva Middle School,6-8,Open,no,no,no,no,no,no,no,no,0.179169992019154,0.180274858528698,0.179284525790349,0.179576458779401
Ashtabula,045856,Buckeye Local,009936,Edgewood High School,9-12,Open,no,no,no,no,no,no,no,no,0.173638968481375,0.168793503480278,0.174480712166172,0.172304394709275
Ashtabula,045856,Buckeye Local,009944,Wallace H Braden Middle School,6-8,Open,no,no,no,no,no,no,no,no,0.173638968481375,0.168793503480278,0.174480712166172,0.172304394709275
Ashtabula,045856,Buckeye Local,019125,Kingsville Elementary School,K-5,Open,no,no,no,no,no,no,no,no,0.173638968481375,0.168793503480278,0.174480712166172,0.172304394709275
Ashtabula,045856,Buckeye Local,031682,Ridgeview Elementary School,K-5,Open,no,no,no,no,no,no,no,no,0.173638968481375,0.168793503480278,0.174480712166172,0.172304394709275
Ashtabula,045864,Grand Valley Local,000870,Grand Valley Elementary School,K-4,Open,no,no,no,no,no,no,no,no,0.152514872904273,0.127531472359059,0.112866817155756,0.130971054139696
Ashtabula,045864,Grand Valley Local,014084,Grand Valley Middle School,5-8,Open,no,no,no,no,no,no,no,no,0.152514872904273,0.127531472359059,0.112866817155756,0.130971054139696
Ashtabula,045864,Grand Valley Local,014092,Grand Valley High School,9-12,Open,no,no,no,no,no,no,no,no,0.152514872904273,0.127531472359059,0.112866817155756,0.130971054139696
Ashtabula,045872,Jefferson Area Local,017905,Jefferson Area Sr High School,9-12,Open,no,no,no,no,no,no,no,no,0.201095890410959,0.165834719911259,0.157337367624811,0.17475599264901
Ashtabula,045872,Jefferson Area Local,017947,Jefferson Elementary,K-6,Open,no,no,no,no,no,no,no,no,0.201095890410959,0.165834719911259,0.157337367624811,0.17475599264901
Ashtabula,045872,Jefferson Area Local,032144,Rock Creek Elementary School,K-6,Open,no,no,no,no,no,no,no,no,0.201095890410959,0.165834719911259,0.157337367624811,0.17475599264901
Ashtabula,045872,Jefferson Area Local,061929,Jefferson Area Junior High School,7-8,Open,no,no,no,no,no,no,no,no,0.201095890410959,0.165834719911259,0.157337367624811,0.17475599264901
Ashtabula,045880,Pymatuning Valley Local,000711,Pymatuning Valley Primary Elementary School,K-4;P,Open,no,no,no,no,no,no,no,yes,0.268464996788696,0.235867446393762,0.206401045068583,0.236911162750347
Ashtabula,045880,Pymatuning Valley Local,019743,Pymatuning Valley Local Schools Online,K-12,Open,no,no,no,no,no,yes,no,yes,0.268464996788696,0.235867446393762,0.206401045068583,0.236911162750347
Ashtabula,045880,Pymatuning Valley Local,030932,Pymatuning Valley High School,9-12,Open,no,no,no,no,no,no,no,yes,0.268464996788696,0.235867446393762,0.206401045068583,0.236911162750347
Ashtabula,045880,Pymatuning Valley Local,064667,Pymatuning Valley Middle School,5-8,Open,no,no,no,no,no,no,no,yes,0.268464996788696,0.235867446393762,0.206401045068583,0.236911162750347
Athens,043521,Athens City,001149,Athens High School,9-12,Open,no,no,no,no,no,no,no,no,0.194522754732179,0.163643692059653,0.210250654695099,0.18947236716231
Athens,043521,Athens City,009431,East Elementary School,K-3;P,Open,no,no,no,no,no,no,no,no,0.194522754732179,0.163643692059653,0.210250654695099,0.18947236716231
Athens,043521,Athens City,024471,Athens Middle School,7-8,Open,no,no,no,no,no,no,no,no,0.194522754732179,0.163643692059653,0.210250654695099,0.18947236716231
Athens,043521,Athens City,025585,Morrison Gordon Elementary School,K-3;P,Open,no,no,no,no,no,no,no,no,0.194522754732179,0.163643692059653,0.210250654695099,0.18947236716231
Athens,043521,Athens City,037028,The Plains Intermediate School,4-6,Open,no,no,no,no,no,no,no,no,0.194522754732179,0.163643692059653,0.210250654695099,0.18947236716231
Athens,044446,Nelsonville-York City,026567,Nelsonville-York High School,9-12,Open,yes,no,yes,no,yes,yes,yes,yes,0.278768233387358,0.256305939788446,0.317027281279398,0.284033818151734
Athens,044446,Nelsonville-York City,026575,Nelsonville-York Junior High School,6-8,Open,yes,no,yes,no,yes,yes,yes,yes,0.278768233387358,0.256305939788446,0.317027281279398,0.284033818151734
Athens,044446,Nelsonville-York City,042440,Nelsonville-York Elementary School,K-5;P,Open,no,no,no,no,no,no,no,yes,0.278768233387358,0.256305939788446,0.317027281279398,0.284033818151734
Athens,045906,Alexander Local,000257,Alexander Elementary School,K-5;P,Open,no,no,no,no,no,no,no,no,0.180428134556575,0.147329650092081,0.178872326636423,0.168876703761693
Athens,045906,Alexander Local,000315,Alexander Jr. / Sr. High School,6-12,Open,no,no,no,no,no,no,no,no,0.180428134556575,0.147329650092081,0.178872326636423,0.168876703761693
Athens,045914,Federal Hocking Local,000620,Amesville Elementary School,K-5;P,Open,yes,no,yes,no,yes,yes,yes,yes,0.24174053182917,0.209677419354839,0.259192825112108,0.236870258765372
Athens,045914,Federal Hocking Local,007302,Coolville Elementary School,K-5;P,Open,no,no,no,no,no,no,no,yes,0.24174053182917,0.209677419354839,0.259192825112108,0.236870258765372
Athens,045914,Federal Hocking Local,011478,Federal Hocking High School,9-12,Open,no,no,no,no,no,no,no,yes,0.24174053182917,0.209677419354839,0.259192825112108,0.236870258765372
Athens,045914,Federal Hocking Local,091389,Federal Hocking Middle School,6-8,Open,yes,no,yes,no,yes,yes,yes,yes,0.24174053182917,0.209677419354839,0.259192825112108,0.236870258765372
Athens,045922,Trimble Local,013755,Trimble High School,9-12,Open,yes,no,yes,no,yes,yes,yes,yes,0.282828282828283,0.258227848101266,0.299120234604106,0.280058788511218
Athens,045922,Trimble Local,037556,Trimble Elementary School,K-5;P,Open,yes,no,yes,no,yes,yes,yes,yes,0.282828282828283,0.258227848101266,0.299120234604106,0.280058788511218
Athens,045922,Trimble Local,065318,Trimble Junior High,6-8,Open,yes,no,yes,no,yes,yes,yes,yes,0.282828282828283,0.258227848101266,0.299120234604106,0.280058788511218
Auglaize,044727,St Marys City,009308,St. Marys East Primary School,K-2,Open,no,no,no,no,no,no,no,no,0.102337891486546,0.075777485764345,0.117845117845118,0.098653498365336
Auglaize,044727,St Marys City,023390,St. Marys Middle School,6-8,Open,no,no,no,no,no,no,no,no,0.102337891486546,0.075777485764345,0.117845117845118,0.098653498365336
Auglaize,044727,St Marys City,024208,St Marys Memorial High School,9-12,Open,no,no,no,no,no,no,no,no,0.102337891486546,0.075777485764345,0.117845117845118,0.098653498365336
Auglaize,044727,St Marys City,040337,St Marys West Intermediate School,3-5,Open,no,no,no,no,no,no,no,no,0.102337891486546,0.075777485764345,0.117845117845118,0.098653498365336
Auglaize,044982,Wapakoneta City,003046,Wapakoneta Middle School,5-7,Open,no,no,no,no,no,no,no,no,0.101732991014121,0.082536647546208,0.121240024554942,0.101836554371757
Auglaize,044982,Wapakoneta City,007757,Cridersville Elementary School,K-4;P,Open,no,no,no,no,no,no,no,no,0.101732991014121,0.082536647546208,0.121240024554942,0.101836554371757
Auglaize,044982,Wapakoneta City,011748,Wapakoneta Elementary,K-4;P,Open,no,no,no,no,no,no,no,no,0.101732991014121,0.082536647546208,0.121240024554942,0.101836554371757
Auglaize,044982,Wapakoneta City,011749,Wapakoneta Jr. High,8,Open,no,no,no,no,no,no,no,no,0.101732991014121,0.082536647546208,0.121240024554942,0.101836554371757
Auglaize,044982,Wapakoneta City,039164,Wapakoneta High School,9-12,Open,no,no,no,no,no,no,no,no,0.101732991014121,0.082536647546208,0.121240024554942,0.101836554371757
Auglaize,045948,Minster Local,025114,Minster Jr/Sr High School,7-12,Open,no,no,no,no,no,no,no,no,0.046153846153846,0.022405660377358,0.02995867768595,0.032839394739052
Auglaize,045948,Minster Local,146332,Minster Elementary School,K-6,Open,no,no,no,no,no,no,no,no,0.046153846153846,0.022405660377358,0.02995867768595,0.032839394739052
Auglaize,045955,New Bremen Local,026633,New Bremen Elementary School,K-6,Open,no,no,no,no,no,no,no,no,0.038167938931298,0.0271444082519,0.031818181818182,0.03237684300046
Auglaize,045955,New Bremen Local,026641,New Bremen High School,7-12,Open,no,no,no,no,no,no,no,no,0.038167938931298,0.0271444082519,0.031818181818182,0.03237684300046
Auglaize,045963,New Knoxville Local,026757,New Knoxville Elementary School,K-8,Open,no,no,no,no,no,no,no,no,0.062146892655367,0.064425770308123,0.053571428571429,0.06004803051164
Auglaize,045963,New Knoxville Local,026765,New Knoxville High School,9-12,Open,no,no,no,no,no,no,no,no,0.062146892655367,0.064425770308123,0.053571428571429,0.06004803051164
Auglaize,045971,Waynesfield-Goshen Local,040097,Waynesfield-Goshen Local High School,6-12,Open,no,no,no,no,no,no,no,no,0.128623188405797,0.066546762589928,0.069351230425056,0.08817372714026
Auglaize,045971,Waynesfield-Goshen Local,040105,Waynesfield-Goshen Local Elementary School,K-5;P,Open,no,no,no,no,no,no,no,no,0.128623188405797,0.066546762589928,0.069351230425056,0.08817372714026
Belmont,043570,Bellaire Local,002139,Bellaire High School,9-12,Open,no,no,no,no,no,no,no,yes,0.181620839363242,0.246715328467153,0.270123839009288,0.232820002279894
Belmont,043570,Bellaire Local,142505,Bellaire Elementary School,K-4,Open,no,no,no,no,no,no,no,yes,0.181620839363242,0.246715328467153,0.270123839009288,0.232820002279894
Belmont,043570,Bellaire Local,142513,Bellaire Middle School,5-8,Open,no,no,no,no,no,no,no,yes,0.181620839363242,0.246715328467153,0.270123839009288,0.232820002279894
Belmont,044347,Martins Ferry City,010004,Anna Marie Ayers Elementary School,K-4;P,Open,no,no,no,no,no,no,no,yes,0.178545716342693,0.221656976744186,0.243754220121539,0.214652304402806
Belmont,044347,Martins Ferry City,010314,Martins Ferry Middle School,5-8,Open,no,no,no,no,no,no,no,yes,0.178545716342693,0.221656976744186,0.243754220121539,0.214652304402806
Belmont,044347,Martins Ferry City,023036,Martins Ferry High School,9-12,Open,no,no,no,no,no,yes,no,yes,0.178545716342693,0.221656976744186,0.243754220121539,0.214652304402806
Belmont,045203,Barnesville Exempted Village,001594,Barnesville Elementary School,K-4;P,Open,no,no,no,no,no,no,no,no,0.139455782312925,0.170668953687822,0.195652173913043,0.168592303304597
Belmont,045203,Barnesville Exempted Village,001602,Barnesville High School,9-12,Open,no,no,no,no,no,no,no,no,0.139455782312925,0.170668953687822,0.195652173913043,0.168592303304597
Belmont,045203,Barnesville Exempted Village,064600,Barnesville Middle School,5-8,Open,no,no,no,no,no,no,no,no,0.139455782312925,0.170668953687822,0.195652173913043,0.168592303304597
Belmont,045237,Bridgeport Exempted Village,003558,The Bridgeport School District - High School,9-12,Open,no,no,no,no,no,no,no,yes,0.192045454545455,0.213302752293578,0.246674727932285,0.217340978257106
Belmont,045237,Bridgeport Exempted Village,019190,The Bridgeport School DIstrict - Middle School,5-8,Open,no,no,no,no,no,no,no,yes,0.192045454545455,0.213302752293578,0.246674727932285,0.217340978257106
Belmont,045237,Bridgeport Exempted Village,040618,The Bridgeport School District - Elementary,K-4;P,Open,no,no,no,no,no,no,no,yes,0.192045454545455,0.213302752293578,0.246674727932285,0.217340978257106
Belmont,045997,St Clairsville-Richland City,035618,St Clairsville Middle School,5-8,Open,no,no,no,no,no,no,no,no,0.070870535714286,0.10237556561086,0.120313374370453,0.0978531585652
Belmont,045997,St Clairsville-Richland City,035626,St Clairsville High School,9-12,Open,no,no,no,no,no,no,no,no,0.070870535714286,0.10237556561086,0.120313374370453,0.0978531585652
Belmont,045997,St Clairsville-Richland City,043216,St Clairsville Elementary School,K-4;P,Open,no,no,no,no,no,no,no,no,0.070870535714286,0.10237556561086,0.120313374370453,0.0978531585652
Belmont,046003,Shadyside Local,017913,Jefferson Ave Elementary School,K-2;P,Open,no,no,no,no,no,no,no,no,0.084958217270195,0.109550561797753,0.155492154065621,0.116666977711189
Belmont,046003,Shadyside Local,020172,Leona Ave Middle School,3-6,Open,no,no,no,no,no,no,no,no,0.084958217270195,0.109550561797753,0.155492154065621,0.116666977711189
Belmont,046003,Shadyside Local,034090,Shadyside High School,7-12,Open,no,no,no,no,no,no,no,no,0.084958217270195,0.109550561797753,0.155492154065621,0.116666977711189
Belmont,046011,Union Local,037846,Union Local High School,9-12,Open,no,no,no,no,no,no,no,no,0.100294985250738,0.140625,0.175306957708049,0.138742314319596
Belmont,046011,Union Local,132258,Union Local Middle School,6-8,Open,no,no,no,no,no,no,no,no,0.100294985250738,0.140625,0.175306957708049,0.138742314319596
Belmont,046011,Union Local,132266,Union Local Elementary School,K-5;P,Open,no,no,no,no,no,no,no,no,0.100294985250738,0.140625,0.175306957708049,0.138742314319596
Brown,045377,Georgetown Exempted Village,013326,Georgetown Jr/Sr High School,7-12,Open,no,no,no,no,no,no,no,yes,0.214566929133858,0.190900098911968,0.223853211009174,0.209773413018334
Brown,045377,Georgetown Exempted Village,031252,Georgetown Elementary School,K-6;P,Open,no,no,no,no,no,no,no,yes,0.214566929133858,0.190900098911968,0.223853211009174,0.209773413018334
Brown,046037,Eastern Local School District,010769,Eastern High School,9-12,Open,no,no,no,no,no,no,no,no,0.16562282533055,0.152447552447552,0.19078104993598,0.169617142571361
Brown,046037,Eastern Local School District,033605,Sardinia Elementary School,K-5,Open,no,no,no,no,no,no,no,no,0.16562282533055,0.152447552447552,0.19078104993598,0.169617142571361
Brown,046037,Eastern Local School District,124214,Russellville Elementary School,K-5,Open,no,no,no,no,no,no,no,no,0.16562282533055,0.152447552447552,0.19078104993598,0.169617142571361
Brown,046037,Eastern Local School District,124222,Eastern MS,6-8,Open,no,no,no,no,no,no,no,no,0.16562282533055,0.152447552447552,0.19078104993598,0.169617142571361
Brown,046045,Fayetteville-Perry Local,011452,Fayetteville-Perry Elementary School,K-5,Open,no,no,no,no,no,no,no,no,0.106382978723404,0.097989949748744,0.136363636363636,0.113578854945261
Brown,046045,Fayetteville-Perry Local,011460,Fayetteville-Perry High School,9-12,Open,no,no,no,no,no,no,no,no,0.106382978723404,0.097989949748744,0.136363636363636,0.113578854945261
Brown,046045,Fayetteville-Perry Local,082578,Fayetteville-Perry Middle School,6-8,Open,no,no,no,no,no,no,no,no,0.106382978723404,0.097989949748744,0.136363636363636,0.113578854945261
Brown,046060,Western Brown Local,014886,Hamersville Elementary School,K-8,Open,no,no,no,no,no,no,no,no,0.163713910761155,0.15727002967359,0.197784294558488,0.172922744997745
Brown,046060,Western Brown Local,025866,Western Brown High School,9-12,Open,no,no,no,no,no,no,no,no,0.163713910761155,0.15727002967359,0.197784294558488,0.172922744997745
Brown,046060,Western Brown Local,043224,Mt Orab Primary Elementary School,K-4,Open,no,no,no,no,no,no,no,no,0.163713910761155,0.15727002967359,0.197784294558488,0.172922744997745
Brown,046060,Western Brown Local,120337,Mt Orab Middle School,5-8,Open,no,no,no,no,no,no,no,no,0.163713910761155,0.15727002967359,0.197784294558488,0.172922744997745
Brown,046078,Ripley-Union-Lewis-Huntington Local,000501,Ripley Union Lewis Huntington Junior High School,7-8,Open,no,no,no,no,no,no,no,yes,0.16793893129771,0.197507190795781,0.301486199575372,0.222310773889621
Brown,046078,Ripley-Union-Lewis-Huntington Local,031815,Ripley-Union-Lewis-Huntington Senior High School,9-12;PS;SN,Open,yes,no,yes,no,yes,yes,yes,yes,0.16793893129771,0.197507190795781,0.301486199575372,0.222310773889621
Brown,046078,Ripley-Union-Lewis-Huntington Local,121434,Ripley Union Lewis Huntington Elementary School,K-6,Open,no,no,no,no,no,no,no,yes,0.16793893129771,0.197507190795781,0.301486199575372,0.222310773889621
Butler,044107,Hamilton City,006650,Brookwood Elementary School,K-6,Open,no,no,no,no,no,no,no,yes,0.232689682075288,0.195754944524843,0.197003383276945,0.208482669959025
Butler,044107,Hamilton City,011482,Fairwood Elementary School,K-6;P,Open,no,no,no,no,no,no,yes,yes,0.232689682075288,0.195754944524843,0.197003383276945,0.208482669959025
Butler,044107,Hamilton City,011483,Linden Elementary School,K-6;P,Open,no,no,no,no,no,no,no,yes,0.232689682075288,0.195754944524843,0.197003383276945,0.208482669959025
Butler,044107,Hamilton City,011484,Ridgeway Elementary School,K-6;P,Open,no,no,no,no,no,no,no,yes,0.232689682075288,0.195754944524843,0.197003383276945,0.208482669959025
Butler,044107,Hamilton City,011485,Bridgeport Elementary School,K-6;P,Open,yes,no,yes,no,yes,yes,yes,yes,0.232689682075288,0.195754944524843,0.197003383276945,0.208482669959025
Butler,044107,Hamilton City,011619,Highland Elementary School,K-6;P,Open,no,no,no,no,no,no,no,yes,0.232689682075288,0.195754944524843,0.197003383276945,0.208482669959025
Butler,044107,Hamilton City,013102,Garfield Middle School,6-8,Open,no,no,no,no,no,no,no,yes,0.232689682075288,0.195754944524843,0.197003383276945,0.208482669959025
Butler,044107,Hamilton City,015404,Riverview Elementary School,K-6;P,Open,no,no,no,no,no,no,no,yes,0.232689682075288,0.195754944524843,0.197003383276945,0.208482669959025
Butler,044107,Hamilton City,016672,Miami School,K;1-12;SN,Open,yes,no,yes,no,yes,yes,yes,yes,0.232689682075288,0.195754944524843,0.197003383276945,0.208482669959025
Butler,044107,Hamilton City,036822,Hamilton High School,9-12,Open,no,no,no,no,no,no,no,yes,0.232689682075288,0.195754944524843,0.197003383276945,0.208482669959025
Butler,044107,Hamilton City,038216,Crawford Woods Elementary School,K-6,Open,no,no,no,no,no,no,no,yes,0.232689682075288,0.195754944524843,0.197003383276945,0.208482669959025
Butler,044107,Hamilton City,041640,Wilson Middle School,6-8,Open,no,no,no,no,no,no,no,yes,0.232689682075288,0.195754944524843,0.197003383276945,0.208482669959025
Butler,044404,Middletown City,000547,Amanda Elementary School,K-5,Open,yes,no,yes,no,yes,yes,yes,yes,0.298113672790038,0.259818360333824,0.247295208655332,0.268409080593065
Butler,044404,Middletown City,005405,Central Academy Nongraded Elementary School,K-6,Open,yes,no,yes,no,yes,yes,yes,yes,0.298113672790038,0.259818360333824,0.247295208655332,0.268409080593065
Butler,044404,Middletown City,007609,Creekview Elementary School,K-5,Open,yes,no,yes,no,yes,yes,yes,yes,0.298113672790038,0.259818360333824,0.247295208655332,0.268409080593065
Butler,044404,Middletown City,008933,Rosa Parks Elementary School,K-5,Open,yes,no,yes,no,yes,yes,yes,yes,0.298113672790038,0.259818360333824,0.247295208655332,0.268409080593065
Butler,044404,Middletown City,013284,Highview 6th Grade Center,6,Open,yes,no,yes,no,yes,yes,yes,yes,0.298113672790038,0.259818360333824,0.247295208655332,0.268409080593065
Butler,044404,Middletown City,023283,Mayfield Elementary School,K-5,Open,yes,no,yes,no,yes,yes,yes,yes,0.298113672790038,0.259818360333824,0.247295208655332,0.268409080593065
Butler,044404,Middletown City,024562,Middletown High School,9-12,Open,yes,no,yes,no,yes,yes,yes,yes,0.298113672790038,0.259818360333824,0.247295208655332,0.268409080593065
Butler,044404,Middletown City,032664,Miller Ridge Elementary School,K-5,Open,no,no,no,no,no,no,no,yes,0.298113672790038,0.259818360333824,0.247295208655332,0.268409080593065
Butler,044404,Middletown City,041277,Wildwood Elementary School,K-5,Open,yes,no,yes,no,yes,yes,yes,yes,0.298113672790038,0.259818360333824,0.247295208655332,0.268409080593065
Butler,044404,Middletown City,064360,Middletown Middle School,7-8,Open,yes,no,yes,no,yes,yes,yes,yes,0.298113672790038,0.259818360333824,0.247295208655332,0.268409080593065
Butler,046094,Edgewood City School District,001438,Edgewood Early Childhood Center,K;P,Open,no,no,no,no,no,no,no,no,0.097920505396157,0.088813204086979,0.097148624779208,0.094627444754115
Butler,046094,Edgewood City School District,002923,Edgewood Intermediate School,3-5,Open,no,no,no,no,no,no,no,no,0.097920505396157,0.088813204086979,0.097148624779208,0.094627444754115
Butler,046094,Edgewood City School District,037481,Edgewood High School,9-12,Open,no,no,no,no,no,no,no,no,0.097920505396157,0.088813204086979,0.097148624779208,0.094627444754115
Butler,046094,Edgewood City School District,061697,Edgewood Primary School,1-2,Open,no,no,no,no,no,no,no,no,0.097920505396157,0.088813204086979,0.097148624779208,0.094627444754115
Butler,046094,Edgewood City School District,117382,Edgewood Middle School,6-8,Open,no,no,no,no,no,no,no,no,0.097920505396157,0.088813204086979,0.097148624779208,0.094627444754115
Butler,046102,Fairfield City,005462,Fairfield Central Elementary School,K-5,Open,no,no,no,no,no,no,no,no,0.101425485961123,0.088930936613056,0.094202277982359,0.094852900185512
Butler,046102,Fairfield City,010991,Fairfield Freshman High School,9-11,Open,no,no,no,no,no,no,no,no,0.101425485961123,0.088930936613056,0.094202277982359,0.094852900185512
Butler,046102,Fairfield City,011049,Fairfield High School,10-12,Open,no,no,no,no,no,no,no,no,0.101425485961123,0.088930936613056,0.094202277982359,0.094852900185512
Butler,046102,Fairfield City,016476,Fairfield Compass Elementary,K-5,Open,no,no,no,no,no,no,no,no,0.101425485961123,0.088930936613056,0.094202277982359,0.094852900185512
Butler,046102,Fairfield City,027383,Fairfield North Elementary School,K-5,Open,no,no,no,no,no,no,no,no,0.101425485961123,0.088930936613056,0.094202277982359,0.094852900185512
Butler,046102,Fairfield City,040386,Fairfield West Elementary School,K-5;P,Open,no,no,no,no,no,no,no,no,0.101425485961123,0.088930936613056,0.094202277982359,0.094852900185512
Butler,046102,Fairfield City,064816,Fairfield South Elementary School,K-5,Open,no,no,no,no,no,no,no,no,0.101425485961123,0.088930936613056,0.094202277982359,0.094852900185512
Butler,046102,Fairfield City,070847,Creekside Middle School,6-8,Open,no,no,no,no,no,no,no,no,0.101425485961123,0.088930936613056,0.094202277982359,0.094852900185512
Butler,046102,Fairfield City,124073,Crossroads Middle School,6-8,Open,no,no,no,no,no,no,no,no,0.101425485961123,0.088930936613056,0.094202277982359,0.094852900185512
Butler,046102,Fairfield City,124081,Fairfield East Elementary School,K-5;P,Open,no,no,no,no,no,no,no,no,0.101425485961123,0.088930936613056,0.094202277982359,0.094852900185512
Butler,046110,Lakota Local,008983,Wyandot Early Childhood School,K-2,Open,no,no,no,no,no,no,no,no,0.06205066344994,0.054992555592911,0.055529367398888,0.057524195480579
Butler,046110,Lakota Local,008984,Endeavor Elementary School,3-6,Open,no,no,no,no,no,no,no,no,0.06205066344994,0.054992555592911,0.055529367398888,0.057524195480579
Butler,046110,Lakota Local,016824,Hopewell Early Childhood School,K-2,Open,no,no,no,no,no,no,no,no,0.06205066344994,0.054992555592911,0.055529367398888,0.057524195480579
Butler,046110,Lakota Local,019729,Liberty Junior School,7-8,Open,no,no,no,no,no,no,no,no,0.06205066344994,0.054992555592911,0.055529367398888,0.057524195480579
Butler,046110,Lakota Local,019737,Lakota West High School,9-12;UNG,Open,no,no,no,no,no,no,no,no,0.06205066344994,0.054992555592911,0.055529367398888,0.057524195480579
Butler,046110,Lakota Local,020059,Lakota Central,K-12,Open,no,no,no,no,no,,yes,no,0.06205066344994,0.054992555592911,0.055529367398888,0.057524195480579
Butler,046110,Lakota Local,020321,Liberty Early Childhood School,K-2;P,Open,no,no,no,no,no,no,no,no,0.06205066344994,0.054992555592911,0.055529367398888,0.057524195480579
Butler,046110,Lakota Local,037820,Union Elementary School,3-6,Open,no,no,no,no,no,no,no,no,0.06205066344994,0.054992555592911,0.055529367398888,0.057524195480579
Butler,046110,Lakota Local,065466,Hopewell Junior School,7-8,Open,no,no,no,no,no,no,no,no,0.06205066344994,0.054992555592911,0.055529367398888,0.057524195480579
Butler,046110,Lakota Local,070920,Adena Elementary School,3-6,Open,no,no,no,no,no,no,no,no,0.06205066344994,0.054992555592911,0.055529367398888,0.057524195480579
Butler,046110,Lakota Local,098467,Freedom Elementary School,3-6,Open,no,no,no,no,no,no,no,no,0.06205066344994,0.054992555592911,0.055529367398888,0.057524195480579
Butler,046110,Lakota Local,111179,Shawnee Early Childhood School,K-2,Open,no,no,no,no,no,no,no,no,0.06205066344994,0.054992555592911,0.055529367398888,0.057524195480579
Butler,046110,Lakota Local,111187,Woodland Elementary School,3-6,Open,no,no,no,no,no,no,no,no,0.06205066344994,0.054992555592911,0.055529367398888,0.057524195480579
Butler,046110,Lakota Local,113910,Heritage Early Childhood School,K-2,Open,no,no,no,no,no,no,no,no,0.06205066344994,0.054992555592911,0.055529367398888,0.057524195480579
Butler,046110,Lakota Local,119768,Cherokee Elementary School,3-6,Open,no,no,no,no,no,no,no,no,0.06205066344994,0.054992555592911,0.055529367398888,0.057524195480579
Butler,046110,Lakota Local,119776,Independence Elementary School,3-6,Open,no,no,no,no,no,no,no,no,0.06205066344994,0.054992555592911,0.055529367398888,0.057524195480579
Butler,046110,Lakota Local,123810,Creekside Early Childhood School,K-2,Open,no,no,no,no,no,no,no,no,0.06205066344994,0.054992555592911,0.055529367398888,0.057524195480579
Butler,046110,Lakota Local,123828,Lakota Ridge Junior School,7-8,Open,no,no,no,no,no,no,no,no,0.06205066344994,0.054992555592911,0.055529367398888,0.057524195480579
Butler,046110,Lakota Local,123836,Lakota East High School,9-12;UNG,Open,no,no,no,no,no,no,no,no,0.06205066344994,0.054992555592911,0.055529367398888,0.057524195480579
Butler,046110,Lakota Local,146837,VanGorden Elementary School,3-6,Open,no,no,no,no,no,no,no,no,0.06205066344994,0.054992555592911,0.055529367398888,0.057524195480579
Butler,046110,Lakota Local,146845,Lakota Plains Junior School,7-8,Open,no,no,no,no,no,no,no,no,0.06205066344994,0.054992555592911,0.055529367398888,0.057524195480579
Butler,046128,Madison Local,022061,Madison Junior High,6-8,Open,no,no,no,no,no,no,no,no,0.111634162743779,0.093708165997323,0.096339113680154,0.100560480807085
Butler,046128,Madison Local,022087,Madison High School,9-12,Open,no,no,no,no,no,no,no,no,0.111634162743779,0.093708165997323,0.096339113680154,0.100560480807085
Butler,046128,Madison Local,030437,Madison Elementary School,K-5;P,Open,no,no,no,no,no,no,no,no,0.111634162743779,0.093708165997323,0.096339113680154,0.100560480807085
Butler,046136,New Miami Local,010134,New Miami Middle School,6-8,Open,no,no,no,no,yes,yes,yes,no,0.185944363103953,0.135568513119534,0.215088282504013,0.178867052909167
Butler,046136,New Miami Local,026864,New Miami Elementary School,K-5;P,Open,no,no,no,no,no,no,yes,no,0.185944363103953,0.135568513119534,0.215088282504013,0.178867052909167
Butler,046136,New Miami Local,026872,New Miami High School,9-12,Open,no,no,no,no,yes,yes,yes,no,0.185944363103953,0.135568513119534,0.215088282504013,0.178867052909167
Butler,046144,Ross Local,010157,Elda Elementary School,K-3,Open,no,no,no,no,no,no,no,no,0.063604240282686,0.056603773584906,0.06422893481717,0.06147898289492
Butler,046144,Ross Local,019462,Ross Intermediate School,4-5,Open,no,no,no,no,no,no,no,no,0.063604240282686,0.056603773584906,0.06422893481717,0.06147898289492
Butler,046144,Ross Local,025502,Morgan Elementary School,K-3;P,Open,no,no,no,no,no,no,no,no,0.063604240282686,0.056603773584906,0.06422893481717,0.06147898289492
Butler,046144,Ross Local,032748,Ross Middle School,6-8,Open,no,no,no,no,no,no,no,no,0.063604240282686,0.056603773584906,0.06422893481717,0.06147898289492
Butler,046144,Ross Local,032755,Ross High School,9-12,Open,no,no,no,no,no,no,no,no,0.063604240282686,0.056603773584906,0.06422893481717,0.06147898289492
Butler,046151,Talawanda City,019323,Kramer Elementary School,K-5;P,Open,no,no,no,no,no,no,no,no,0.098050797401063,0.085243974132863,0.094441446303292,0.092578739279073
Butler,046151,Talawanda City,023226,Maude Marshall Elementary School,K-5;P,Open,no,no,no,no,no,no,no,no,0.098050797401063,0.085243974132863,0.094441446303292,0.092578739279073
Butler,046151,Talawanda City,036061,Bogan Elementary,K-5;P,Open,no,no,no,no,no,no,no,no,0.098050797401063,0.085243974132863,0.094441446303292,0.092578739279073
Butler,046151,Talawanda City,036863,Talawanda High School,9-12,Open,no,no,no,no,no,no,no,no,0.098050797401063,0.085243974132863,0.094441446303292,0.092578739279073
Butler,046151,Talawanda City,099754,Talawanda Middle School,6-8,Open,no,no,no,no,no,no,no,no,0.098050797401063,0.085243974132863,0.094441446303292,0.092578739279073
Butler,139303,Monroe Local,016889,Monroe Junior High School,7-8,Open,no,no,no,no,no,no,no,no,0.076543209876543,0.064317902498976,0.061669829222011,0.067510313865843
Butler,139303,Monroe Local,025221,Monroe Primary School,K-1;P,Open,no,no,no,no,no,no,no,no,0.076543209876543,0.064317902498976,0.061669829222011,0.067510313865843
Butler,139303,Monroe Local,139311,Monroe High School,9-12,Open,no,no,no,no,no,no,no,no,0.076543209876543,0.064317902498976,0.061669829222011,0.067510313865843
Butler,139303,Monroe Local,139337,Monroe Elementary School,2-6,Open,no,no,no,no,no,no,no,no,0.076543209876543,0.064317902498976,0.061669829222011,0.067510313865843
Carroll,045278,Carrollton Exempted Village,005017,Carrollton High School-Carrollton Middle School,6-12,Open,no,no,no,no,no,no,no,no,0.138790035587189,0.139459895203547,0.183176100628931,0.153808677139889
Carroll,045278,Carrollton Exempted Village,008326,Carrollton Elementary School,K-5;P,Open,no,no,no,no,no,no,no,no,0.138790035587189,0.139459895203547,0.183176100628931,0.153808677139889
Carroll,046177,Brown Local,000291,Malvern Middle School,6-8,Open,no,no,no,no,no,no,no,no,0.175808720112518,0.171919770773639,0.216783216783217,0.188170569223124
Carroll,046177,Brown Local,022350,Malvern Elementary School,K-5,Open,no,no,no,no,no,no,no,no,0.175808720112518,0.171919770773639,0.216783216783217,0.188170569223124
Carroll,046177,Brown Local,022368,Malvern High School,9-12,Open,no,no,no,no,no,no,no,no,0.175808720112518,0.171919770773639,0.216783216783217,0.188170569223124
Champaign,044941,Urbana City,009423,Urbana Elementary School,K-5,Open,no,no,no,no,no,no,no,no,0.139945652173913,0.156005522319374,0.185971389017074,0.160640854503454
Champaign,044941,Urbana City,037986,Urbana Junior High School,6-8,Open,no,no,no,no,no,no,yes,no,0.139945652173913,0.156005522319374,0.185971389017074,0.160640854503454
Champaign,044941,Urbana City,037994,Urbana High School,9-12,Open,no,no,no,no,no,no,no,no,0.139945652173913,0.156005522319374,0.185971389017074,0.160640854503454
Champaign,045484,Mechanicsburg Exempted Village,014678,Mechanicsburg Middle School,6-8,Open,no,no,no,no,no,no,no,no,0.094295692665891,0.105200945626478,0.098265895953757,0.099254178082042
Champaign,045484,Mechanicsburg Exempted Village,024018,Dohron Wilson Elementary School,K-5,Open,no,no,no,no,no,no,no,no,0.094295692665891,0.105200945626478,0.098265895953757,0.099254178082042
Champaign,045484,Mechanicsburg Exempted Village,024026,Mechanicsburg High School,9-12,Open,no,no,no,no,no,no,no,no,0.094295692665891,0.105200945626478,0.098265895953757,0.099254178082042
Champaign,046193,Graham Local,014027,Graham High School,9-12,Open,no,no,no,no,no,no,no,no,0.076774505070015,0.093673369298676,0.113168724279835,0.094538866216175
Champaign,046193,Graham Local,014035,Graham Elementary School,K-5;P,Open,no,no,no,no,no,no,no,no,0.076774505070015,0.093673369298676,0.113168724279835,0.094538866216175
Champaign,046193,Graham Local,035675,Graham Middle School,6-8,Open,no,no,no,no,no,no,no,no,0.076774505070015,0.093673369298676,0.113168724279835,0.094538866216175
Champaign,046201,Triad Local,037523,Triad Elementary School,K-4;P,Open,no,no,no,no,no,no,no,no,0.106360792492179,0.117088607594937,0.096517412935323,0.106655604340813
Champaign,046201,Triad Local,037531,Triad High School,9-12,Open,no,no,no,no,no,no,no,no,0.106360792492179,0.117088607594937,0.096517412935323,0.106655604340813
Champaign,046201,Triad Local,140871,Triad Middle School,5-8,Open,no,no,no,no,no,no,no,no,0.106360792492179,0.117088607594937,0.096517412935323,0.106655604340813
Champaign,046219,West Liberty-Salem Local,019581,West Liberty-Salem Middle School,6-8,Open,no,no,no,no,no,,no,no,0.065693430656934,0.083179297597042,0.072202166064982,0.073691631439653
Champaign,046219,West Liberty-Salem Local,038752,West Liberty-Salem Elementary School,K-5,Open,no,no,no,no,no,no,no,no,0.065693430656934,0.083179297597042,0.072202166064982,0.073691631439653
Champaign,046219,West Liberty-Salem Local,038760,West Liberty-Salem High School,9-12,Open,no,no,no,no,no,no,no,no,0.065693430656934,0.083179297597042,0.072202166064982,0.073691631439653
Clark,044818,Springfield City School District,010421,SPRINGFIELD SCHOOL OF INNOVATION,9-12,Open,yes,no,yes,no,yes,yes,yes,yes,0.284493421792421,0.296551724137931,0.343150087260035,0.308065077730129
Clark,044818,Springfield City School District,012740,Fulton Elementary School,K-6,Open,yes,no,yes,no,yes,yes,yes,yes,0.284493421792421,0.296551724137931,0.343150087260035,0.308065077730129
Clark,044818,Springfield City School District,015735,Hayward Middle School,7-8,Open,yes,no,yes,no,yes,yes,yes,yes,0.284493421792421,0.296551724137931,0.343150087260035,0.308065077730129
Clark,044818,Springfield City School District,018820,Kenton Elementary School,K-6,Open,yes,no,yes,no,yes,yes,yes,yes,0.284493421792421,0.296551724137931,0.343150087260035,0.308065077730129
Clark,044818,Springfield City School District,018895,Kenwood Elementary,K-6,Open,yes,no,yes,no,yes,yes,yes,yes,0.284493421792421,0.296551724137931,0.343150087260035,0.308065077730129
Clark,044818,Springfield City School District,019430,Lagonda Elementary School,K-6,Open,yes,no,yes,no,yes,yes,yes,yes,0.284493421792421,0.296551724137931,0.343150087260035,0.308065077730129
Clark,044818,Springfield City School District,019761,Springfield City Online,K-12,Open,yes,no,yes,no,yes,yes,yes,yes,0.284493421792421,0.296551724137931,0.343150087260035,0.308065077730129
Clark,044818,Springfield City School District,020792,Lincoln Elementary School,K-6,Open,yes,no,yes,no,yes,yes,yes,yes,0.284493421792421,0.296551724137931,0.343150087260035,0.308065077730129
Clark,044818,Springfield City School District,022459,Mann Elementary School,K-6,Open,yes,no,yes,no,yes,yes,yes,yes,0.284493421792421,0.296551724137931,0.343150087260035,0.308065077730129
Clark,044818,Springfield City School District,029652,Perrin Woods Elementary School,K-6,Open,yes,no,yes,no,yes,yes,yes,yes,0.284493421792421,0.296551724137931,0.343150087260035,0.308065077730129
Clark,044818,Springfield City School District,032540,Roosevelt Middle School,7-8,Open,yes,no,yes,no,yes,yes,yes,yes,0.284493421792421,0.296551724137931,0.343150087260035,0.308065077730129
Clark,044818,Springfield City School District,033704,Schaefer Middle School,7-8,Open,yes,no,yes,no,yes,yes,yes,yes,0.284493421792421,0.296551724137931,0.343150087260035,0.308065077730129
Clark,044818,Springfield City School District,034801,Snowhill Elementary School,K-6,Open,no,no,no,no,no,no,no,yes,0.284493421792421,0.296551724137931,0.343150087260035,0.308065077730129
Clark,044818,Springfield City School District,034827,Snyder Park Elementary School,K-6,Open,yes,no,yes,no,yes,yes,yes,yes,0.284493421792421,0.296551724137931,0.343150087260035,0.308065077730129
Clark,044818,Springfield City School District,035527,Springfield High School,9-12,Open,yes,no,yes,no,yes,yes,yes,yes,0.284493421792421,0.296551724137931,0.343150087260035,0.308065077730129
Clark,044818,Springfield City School District,039180,Warder Park-Wayne Elementary School,K-6,Open,yes,no,yes,no,yes,yes,yes,yes,0.284493421792421,0.296551724137931,0.343150087260035,0.308065077730129
Clark,046235,Greenon Local,010611,Greenon Elementary School,K-6,Open,no,no,no,no,no,no,no,no,0.09544235924933,0.097035040431267,0.111604938271605,0.101360779317401
Clark,046235,Greenon Local,014571,Greenon High School,9-12,Open,no,no,no,no,no,no,no,no,0.09544235924933,0.097035040431267,0.111604938271605,0.101360779317401
Clark,046235,Greenon Local,017400,Greenon Jr. High School,7-8,Open,no,no,no,no,no,no,no,no,0.09544235924933,0.097035040431267,0.111604938271605,0.101360779317401
Clark,046243,Tecumseh Local,008615,Donnelsville Elementary School,2-5,Open,no,no,no,no,no,no,no,no,0.136087095741274,0.139085640695428,0.188010043942247,0.154394260126317
Clark,046243,Tecumseh Local,028555,Tecumseh Middle School,6-8,Open,no,no,no,no,no,no,no,no,0.136087095741274,0.139085640695428,0.188010043942247,0.154394260126317
Clark,046243,Tecumseh Local,029140,Park Layne Elementary School,K-1,Open,no,no,no,no,no,no,no,no,0.136087095741274,0.139085640695428,0.188010043942247,0.154394260126317
Clark,046243,Tecumseh Local,036988,Tecumseh High School,9-12,Open,no,no,no,no,no,no,no,no,0.136087095741274,0.139085640695428,0.188010043942247,0.154394260126317
Clark,046243,Tecumseh Local,040741,New Carlisle Elementary School,2-5,Open,no,no,no,no,no,no,no,no,0.136087095741274,0.139085640695428,0.188010043942247,0.154394260126317
Clark,046250,Northeastern Local,000137,Northridge Middle School,6-8,Closed,no,no,no,no,no,no,no,no,0.096078431372549,0.090729783037475,0.12573673870334,0.104181651037788
Clark,046250,Northeastern Local,027656,Northeastern Middle/High School,7-12,Open,no,no,no,no,no,no,no,no,0.096078431372549,0.090729783037475,0.12573673870334,0.104181651037788
Clark,046250,Northeastern Local,061705,Kenton Ridge Elementary,K-6;P,Open,no,no,no,no,no,no,no,no,0.096078431372549,0.090729783037475,0.12573673870334,0.104181651037788
Clark,046250,Northeastern Local,061713,Northeastern Elementary School,K-6;P,Open,no,no,no,no,no,no,no,no,0.096078431372549,0.090729783037475,0.12573673870334,0.104181651037788
Clark,046250,Northeastern Local,066407,Rolling Hills Elementary School,K-5;P,Closed,no,no,no,no,no,no,no,no,0.096078431372549,0.090729783037475,0.12573673870334,0.104181651037788
Clark,046250,Northeastern Local,068577,Kenton Ridge Middle/High School,7-12,Open,no,no,no,no,no,no,no,no,0.096078431372549,0.090729783037475,0.12573673870334,0.104181651037788
Clark,046268,Northwestern Local,027870,Northwestern Elementary School,K-6;P,Open,no,no,no,no,no,no,no,no,0.104238258877434,0.10880829015544,0.13031914893617,0.114455232656348
Clark,046268,Northwestern Local,027896,Northwestern Junior/Senior High School,7-12,Open,no,no,no,no,no,no,no,no,0.104238258877434,0.10880829015544,0.13031914893617,0.114455232656348
Clark,046276,Southeastern Local,030106,Miami View Elementary School,K-6,Open,no,no,no,no,no,no,no,no,0.117250673854447,0.107046070460705,0.127937336814621,0.117411360376591
Clark,046276,Southeastern Local,035196,Southeastern Sr. High School,9-12,Open,no,no,no,no,no,no,no,no,0.117250673854447,0.107046070460705,0.127937336814621,0.117411360376591
Clark,046276,Southeastern Local,139022,Southeastern Jr. High School,7-8,Open,no,no,no,no,no,no,no,no,0.117250673854447,0.107046070460705,0.127937336814621,0.117411360376591
Clark,046284,Clark-Shawnee Local,030593,Shawnee Elementary School,K-6;P,Open,no,no,no,no,no,no,no,no,0.132019704433498,0.128776622090144,0.157149829184968,0.139315385236203
Clark,046284,Clark-Shawnee Local,034256,Shawnee Middle School/High School,7-12,Open,no,no,no,no,no,no,no,no,0.132019704433498,0.128776622090144,0.157149829184968,0.139315385236203
Clermont,045500,Milford Exempted Village,019628,Milford Academy,9-12,Open,no,no,no,no,yes,yes,yes,no,0.066990539503963,0.056863501865432,0.057651861932451,0.060501967767282
Clermont,045500,Milford Exempted Village,024745,Milford Sr High School,9-12,Open,no,no,no,no,no,no,no,no,0.066990539503963,0.056863501865432,0.057651861932451,0.060501967767282
Clermont,045500,Milford Exempted Village,024752,Milford Junior High School,7-8,Open,no,no,no,no,no,no,no,no,0.066990539503963,0.056863501865432,0.057651861932451,0.060501967767282
Clermont,045500,Milford Exempted Village,030270,Charles L Seipelt Elementary School,K-6,Open,no,no,no,no,no,no,no,no,0.066990539503963,0.056863501865432,0.057651861932451,0.060501967767282
Clermont,045500,Milford Exempted Village,084970,Boyd E Smith Elementary School,K-6,Open,no,no,no,no,no,no,no,no,0.066990539503963,0.056863501865432,0.057651861932451,0.060501967767282
Clermont,045500,Milford Exempted Village,151928,Mulberry Elementary School,K-6,Open,no,no,no,no,no,no,no,no,0.066990539503963,0.056863501865432,0.057651861932451,0.060501967767282
Clermont,045500,Milford Exempted Village,151936,McCormick Elementary School,K-6,Open,no,no,no,no,no,no,no,no,0.066990539503963,0.056863501865432,0.057651861932451,0.060501967767282
Clermont,045500,Milford Exempted Village,151944,Meadowview Elementary School,K-6,Open,no,no,no,no,no,no,no,no,0.066990539503963,0.056863501865432,0.057651861932451,0.060501967767282
Clermont,045500,Milford Exempted Village,151951,Pattison Elementary School,K-6,Open,no,no,no,no,no,no,no,no,0.066990539503963,0.056863501865432,0.057651861932451,0.060501967767282
Clermont,045559,New Richmond Exempted Village,025296,Monroe Elementary School,K-5;P,Open,no,no,no,no,no,no,no,no,0.169211721007016,0.144578313253012,0.122175732217573,0.1453219221592
Clermont,045559,New Richmond Exempted Village,026922,New Richmond High School,9-12,Open,no,no,no,no,no,no,no,no,0.169211721007016,0.144578313253012,0.122175732217573,0.1453219221592
Clermont,045559,New Richmond Exempted Village,026930,New Richmond Middle School,6-8,Open,no,no,no,no,no,no,no,no,0.169211721007016,0.144578313253012,0.122175732217573,0.1453219221592
Clermont,045559,New Richmond Exempted Village,125765,Locust Corner Elementary School,K-5;P,Open,no,no,no,no,no,no,no,no,0.169211721007016,0.144578313253012,0.122175732217573,0.1453219221592
Clermont,046300,Batavia Local,001693,Batavia Elementary School,K-5;P,Open,no,no,no,no,no,no,no,no,0.170777105630526,0.145327102803738,0.149442950441798,0.155182386292021
Clermont,046300,Batavia Local,001701,Batavia High School,9-12,Open,no,no,no,no,no,no,no,no,0.170777105630526,0.145327102803738,0.149442950441798,0.155182386292021
Clermont,046300,Batavia Local,124859,Batavia Middle School,6-8,Open,no,no,no,no,no,no,no,no,0.170777105630526,0.145327102803738,0.149442950441798,0.155182386292021
Clermont,046318,Bethel-Tate Local,002568,Bethel Tate High School,9-12,Open,no,no,no,no,no,no,no,no,0.140660592255125,0.124928366762178,0.129775621588842,0.131788193535382
Clermont,046318,Bethel-Tate Local,002584,Bethel-Tate Middle School,6-8,Open,no,no,no,no,no,no,no,no,0.140660592255125,0.124928366762178,0.129775621588842,0.131788193535382
Clermont,046318,Bethel-Tate Local,145292,Hill Intermediate Elementary School,3-5,Open,no,no,no,no,no,no,no,no,0.140660592255125,0.124928366762178,0.129775621588842,0.131788193535382
Clermont,046318,Bethel-Tate Local,145300,Bick Primary Elementary School,K-2;P,Open,no,no,no,no,no,no,no,no,0.140660592255125,0.124928366762178,0.129775621588842,0.131788193535382
Clermont,046326,Clermont Northeastern Local,006635,Clermont Northeastern High School,9-12,Open,no,no,no,no,no,no,no,no,0.135874877810362,0.119035907525824,0.112,0.122303595112062
Clermont,046326,Clermont Northeastern Local,027664,Clermont Northeastern Middle School,6-8,Open,no,no,no,no,no,no,no,no,0.135874877810362,0.119035907525824,0.112,0.122303595112062
Clermont,046326,Clermont Northeastern Local,028985,Clermont Northeastern Elementary School,K-5,Open,no,no,no,no,no,no,no,no,0.135874877810362,0.119035907525824,0.112,0.122303595112062
Clermont,046334,Felicity-Franklin Local,011494,Felicity-Franklin Local Elementary School,H;K;1-6,Open,no,no,no,no,no,no,no,no,0.159090909090909,0.130600571973308,0.182440136830103,0.157377205964773
Clermont,046334,Felicity-Franklin Local,011502,Felicity-Franklin Local High School,9-12,Open,no,no,no,no,no,no,no,no,0.159090909090909,0.130600571973308,0.182440136830103,0.157377205964773
Clermont,046334,Felicity-Franklin Local,125351,Felicity-Franklin Local Middle School,7-8,Open,no,no,no,no,no,no,no,no,0.159090909090909,0.130600571973308,0.182440136830103,0.157377205964773
Clermont,046342,Goshen Local,013912,Marr/Cook Elementary School,K-2;P,Open,no,no,no,no,no,no,no,no,0.132374100719424,0.117221418234443,0.11899237653298,0.122862631828949
Clermont,046342,Goshen Local,013920,Goshen High School,9-12,Open,no,no,no,no,no,no,no,no,0.132374100719424,0.117221418234443,0.11899237653298,0.122862631828949
Clermont,046342,Goshen Local,013946,Goshen Middle School,6-8,Open,no,no,no,no,no,no,no,no,0.132374100719424,0.117221418234443,0.11899237653298,0.122862631828949
Clermont,046342,Goshen Local,070235,Spaulding Elementary School,3-5,Open,no,no,no,no,no,no,no,no,0.132374100719424,0.117221418234443,0.11899237653298,0.122862631828949
Clermont,046359,West Clermont Local,000596,Amelia Elementary School,K-5,Open,no,no,no,no,no,no,no,no,0.110915655957782,0.095136041744316,0.09771866629722,0.101256787999773
Clermont,046359,West Clermont Local,000612,West Clermont Middle School,6-8,Open,no,no,no,no,no,no,no,no,0.110915655957782,0.095136041744316,0.09771866629722,0.101256787999773
Clermont,046359,West Clermont Local,003434,Summerside Elementary,K-5,Open,no,no,no,no,no,no,no,no,0.110915655957782,0.095136041744316,0.09771866629722,0.101256787999773
Clermont,046359,West Clermont Local,006742,Clough Pike Elementary School,K-5,Open,no,no,no,no,no,no,no,no,0.110915655957782,0.095136041744316,0.09771866629722,0.101256787999773
Clermont,046359,West Clermont Local,013532,West Clermont High School,9-12,Open,no,no,no,no,no,no,no,no,0.110915655957782,0.095136041744316,0.09771866629722,0.101256787999773
Clermont,046359,West Clermont Local,024323,Merwin Elementary School,K-5,Open,no,no,no,no,no,no,no,no,0.110915655957782,0.095136041744316,0.09771866629722,0.101256787999773
Clermont,046359,West Clermont Local,041533,Willowville Elementary School,K-5;P,Open,no,no,no,no,no,no,no,no,0.110915655957782,0.095136041744316,0.09771866629722,0.101256787999773
Clermont,046359,West Clermont Local,041897,Withamsville-Tobasco Elementary School,K-5,Open,no,no,no,no,no,no,no,no,0.110915655957782,0.095136041744316,0.09771866629722,0.101256787999773
Clermont,046359,West Clermont Local,089565,Holly Hill Elementary School,K-5;P,Open,no,no,no,no,no,no,no,no,0.110915655957782,0.095136041744316,0.09771866629722,0.101256787999773
Clermont,046367,Williamsburg Local,041434,Williamsburg Elementary School,K-5,Open,no,no,no,no,no,no,no,no,0.128181818181818,0.127172918572736,0.118006103763988,0.124453613506181
Clermont,046367,Williamsburg Local,041442,Williamsburg High School,6-12,Open,no,no,no,no,no,no,no,no,0.128181818181818,0.127172918572736,0.118006103763988,0.124453613506181
Clinton,045112,Wilmington City,008409,Denver Place Elementary School,3-5,Open,no,no,no,no,no,no,no,no,0.210160266102208,0.155104513783702,0.166218236173393,0.177161005353101
Clinton,045112,Wilmington City,016618,Roy E Holmes Elementary School,K-2,Open,no,no,no,no,no,no,no,no,0.210160266102208,0.155104513783702,0.166218236173393,0.177161005353101
Clinton,045112,Wilmington City,021204,Rodger O. Borror Middle School,6-8,Open,no,no,no,no,no,yes,no,no,0.210160266102208,0.155104513783702,0.166218236173393,0.177161005353101
Clinton,045112,Wilmington City,041558,Wilmington High School,9-12,Open,no,no,no,no,no,no,no,no,0.210160266102208,0.155104513783702,0.166218236173393,0.177161005353101
Clinton,046383,Blanchester Local,002832,Blanchester Middle School,4-8,Open,no,no,no,no,no,no,no,no,0.206987475280158,0.155981493721084,0.134146341463415,0.165705103488219
Clinton,046383,Blanchester Local,002840,Blanchester High School,9-12,Open,no,no,no,no,no,no,no,no,0.206987475280158,0.155981493721084,0.134146341463415,0.165705103488219
Clinton,046383,Blanchester Local,030916,Putman Elementary School,K-4;P,Open,no,no,no,no,no,no,no,no,0.206987475280158,0.155981493721084,0.134146341463415,0.165705103488219
Clinton,046391,Clinton-Massie Local,006734,Clinton-Massie High School,9-12,Open,no,no,no,no,no,no,no,no,0.09027027027027,0.069616837560712,0.080918534718425,0.080268547516469
Clinton,046391,Clinton-Massie Local,088963,Clinton-Massie Elementary School,K-5;P,Open,no,no,no,no,no,no,no,no,0.09027027027027,0.069616837560712,0.080918534718425,0.080268547516469
Clinton,046391,Clinton-Massie Local,099853,Clinton-Massie Middle School,6-8,Open,no,no,no,no,no,no,no,no,0.09027027027027,0.069616837560712,0.080918534718425,0.080268547516469
Clinton,046409,East Clinton Local,008995,East Clinton High School,9-12,Open,no,no,no,no,no,no,no,no,0.201612903225806,0.138133725202057,0.149318018664752,0.163021549030872
Clinton,046409,East Clinton Local,026989,New Vienna Elementary School,K-5;P,Open,no,no,no,no,no,no,no,no,0.201612903225806,0.138133725202057,0.149318018664752,0.163021549030872
Clinton,046409,East Clinton Local,033399,Sabina Elementary School,K-5;P,Open,no,no,no,no,no,no,no,no,0.201612903225806,0.138133725202057,0.149318018664752,0.163021549030872
Clinton,046409,East Clinton Local,124867,East Clinton Junior High School,6-8,Open,no,no,no,no,no,no,no,no,0.201612903225806,0.138133725202057,0.149318018664752,0.163021549030872
Columbiana,043919,East Liverpool City,009084,East Liverpool High School,9-12,Open,yes,no,yes,no,yes,yes,yes,yes,0.232615894039735,0.267894516534115,0.326649958228906,0.275720122934252
Columbiana,043919,East Liverpool City,019380,Lacroft Elementary School,K-4,Open,yes,no,yes,no,yes,yes,yes,yes,0.232615894039735,0.267894516534115,0.326649958228906,0.275720122934252
Columbiana,043919,East Liverpool City,027433,North Elementary School,K-4,Open,no,no,no,no,no,yes,no,yes,0.232615894039735,0.267894516534115,0.326649958228906,0.275720122934252
Columbiana,043919,East Liverpool City,040717,Westgate Middle School,5-6,Open,yes,no,yes,no,yes,yes,yes,yes,0.232615894039735,0.267894516534115,0.326649958228906,0.275720122934252
Columbiana,043919,East Liverpool City,040733,East Liverpool Junior High,7-8,Open,yes,no,yes,no,yes,yes,yes,yes,0.232615894039735,0.267894516534115,0.326649958228906,0.275720122934252
Columbiana,043927,East Palestine City,004838,East Palestine Elementary School,H;P;K;1-4,Open,no,no,no,no,no,no,no,no,0.156846473029046,0.168624161073825,0.20734506503443,0.177605233045767
Columbiana,043927,East Palestine City,009134,East Palestine High School,9-12,Open,no,no,no,no,no,no,no,no,0.156846473029046,0.168624161073825,0.20734506503443,0.177605233045767
Columbiana,043927,East Palestine City,038844,East Palestine Middle School,5-8,Open,no,no,no,no,no,no,no,no,0.156846473029046,0.168624161073825,0.20734506503443,0.177605233045767
Columbiana,044735,Salem City,004119,Buckeye Elementary School,K-2,Open,no,no,no,no,no,no,no,no,0.15665914221219,0.191693290734824,0.221260815822002,0.189871082923005
Columbiana,044735,Salem City,031328,Reilly Elementary School,3-4,Open,no,no,no,no,no,no,no,no,0.15665914221219,0.191693290734824,0.221260815822002,0.189871082923005
Columbiana,044735,Salem City,033431,Salem Junior High School,7-8,Open,no,no,no,no,no,no,no,no,0.15665914221219,0.191693290734824,0.221260815822002,0.189871082923005
Columbiana,044735,Salem City,033472,Salem High School,9-12,Open,no,no,no,no,no,no,no,no,0.15665914221219,0.191693290734824,0.221260815822002,0.189871082923005
Columbiana,044735,Salem City,043000,Southeast Elementary School,5-6,Open,no,no,no,no,no,no,no,no,0.15665914221219,0.191693290734824,0.221260815822002,0.189871082923005
Columbiana,045039,Wellsville Local,008185,Daw Elementary School,3-6,Open,yes,no,yes,no,yes,yes,yes,yes,0.244623655913978,0.283967391304348,0.330472103004292,0.286354383407539
Columbiana,045039,Wellsville Local,012971,Garfield Elementary School,K-2;P,Open,no,no,no,no,no,no,no,yes,0.244623655913978,0.283967391304348,0.330472103004292,0.286354383407539
Columbiana,045039,Wellsville Local,040279,Wellsville Jr. Sr. High,7-12,Open,no,no,no,no,no,no,yes,yes,0.244623655913978,0.283967391304348,0.330472103004292,0.286354383407539
Columbiana,045328,Columbiana Exempted Village,007062,Columbiana High School,9-12,Open,no,no,no,no,no,no,no,no,0.103626943005181,0.117277486910995,0.115526802218115,0.112143744044764
Columbiana,045328,Columbiana Exempted Village,008540,Joshua Dixon Elementary School,K-4;P,Open,no,no,no,no,no,no,no,no,0.103626943005181,0.117277486910995,0.115526802218115,0.112143744044764
Columbiana,045328,Columbiana Exempted Village,033340,South Side Middle School,5-8,Open,no,no,no,no,no,no,no,no,0.103626943005181,0.117277486910995,0.115526802218115,0.112143744044764
Columbiana,045443,Leetonia Exempted Village School District,020107,Leetonia Jr./Sr. High School,7-12,Open,no,no,no,no,no,no,no,no,0.154450261780105,0.166887417218543,0.222371967654987,0.181236548884545
Columbiana,045443,Leetonia Exempted Village School District,028746,Leetonia Elementary K-6,K-6,Open,no,no,no,no,no,no,no,no,0.154450261780105,0.166887417218543,0.222371967654987,0.181236548884545
Columbiana,045450,Lisbon Exempted Village,008136,David Anderson Jr/Sr High School,6-12,Open,no,no,no,no,no,no,no,yes,0.178034682080925,0.211448598130841,0.255555555555556,0.215012945255774
Columbiana,045450,Lisbon Exempted Village,023820,McKinley Elementary School,K-5;P,Open,no,no,no,no,no,no,no,yes,0.178034682080925,0.211448598130841,0.255555555555556,0.215012945255774
Columbiana,046425,Beaver Local,001933,Beaver Local Middle School,5-8,Open,no,no,no,no,no,no,no,no,0.128615702479339,0.147181628392484,0.186477644492912,0.154091658454912
Columbiana,046425,Beaver Local,001958,Beaver Local High School,9-12,Open,no,no,no,no,no,no,no,no,0.128615702479339,0.147181628392484,0.186477644492912,0.154091658454912
Columbiana,046425,Beaver Local,004549,Beaver Local Elementary School,K-4,Open,no,no,no,no,no,no,no,no,0.128615702479339,0.147181628392484,0.186477644492912,0.154091658454912
Columbiana,046433,Crestview Local,007658,Crestview High School,9-12,Open,no,no,no,no,no,no,no,no,0.120559741657697,0.138193688792165,0.139512195121951,0.132755208523938
Columbiana,046433,Crestview Local,010983,Crestview Middle School,5-8,Open,no,no,no,no,no,no,no,no,0.120559741657697,0.138193688792165,0.139512195121951,0.132755208523938
Columbiana,046433,Crestview Local,027003,Crestview Elementary School,K-4,Open,no,no,no,no,no,no,no,no,0.120559741657697,0.138193688792165,0.139512195121951,0.132755208523938
Columbiana,046441,Southern Local,033498,Southern Local Elementary School,K-5;P,Open,no,no,no,no,no,no,no,no,0.159065628476085,0.167415730337079,0.254079254079254,0.193520204297472
Columbiana,046441,Southern Local,036095,Southern Local Jr/Sr High School,6-12,Open,no,no,no,no,yes,yes,yes,no,0.159065628476085,0.167415730337079,0.254079254079254,0.193520204297472
Columbiana,046458,United Local,037903,United Elementary School,K-5,Open,no,no,no,no,no,no,no,no,0.114671163575042,0.14419795221843,0.193636363636364,0.150835159809945
Columbiana,046458,United Local,037911,United High School,6-12,Open,no,no,no,no,no,no,no,no,0.114671163575042,0.14419795221843,0.193636363636364,0.150835159809945
Coshocton,043828,Coshocton City,007427,Coshocton High School,7-12,Open,no,no,no,no,no,no,no,yes,0.241662110442865,0.283205268935236,0.265392781316348,0.263420053564816
Coshocton,043828,Coshocton City,081810,Coshocton Elementary,K-6;P,Open,no,no,no,no,no,no,no,yes,0.241662110442865,0.283205268935236,0.265392781316348,0.263420053564816
Coshocton,046474,Ridgewood Local,009128,Ridgewood Elementary School,K-3;P,Open,no,no,no,no,no,no,no,no,0.17184265010352,0.179930795847751,0.152628245725142,0.168133897225471
Coshocton,046474,Ridgewood Local,031732,Ridgewood High School,8-12,Open,no,no,no,no,no,no,no,no,0.17184265010352,0.179930795847751,0.152628245725142,0.168133897225471
Coshocton,046474,Ridgewood Local,138552,Ridgewood Middle School,4-7,Open,no,no,no,no,no,no,no,no,0.17184265010352,0.179930795847751,0.152628245725142,0.168133897225471
Coshocton,046482,River View Local,007187,Conesville Elementary School,K-6;P,Closed,no,no,no,no,no,no,no,no,0.157976052529934,0.178294573643411,0.157126392623895,0.164465672932414
Coshocton,046482,River View Local,018622,Keene Elementary School,K-6,Closed,no,no,no,no,no,no,no,no,0.157976052529934,0.178294573643411,0.157126392623895,0.164465672932414
Coshocton,046482,River View Local,031880,River View High School,7-12,Open,no,no,no,no,no,no,no,no,0.157976052529934,0.178294573643411,0.157126392623895,0.164465672932414
Coshocton,046482,River View Local,039289,River View Elementary School,K-2;P,Open,no,no,no,no,no,no,no,no,0.157976052529934,0.178294573643411,0.157126392623895,0.164465672932414
Coshocton,046482,River View Local,084988,River View Intermediate School,3-6,Open,no,no,no,no,no,no,no,no,0.157976052529934,0.178294573643411,0.157126392623895,0.164465672932414
Crawford,043687,Bucyrus City,004184,Bucyrus Secondary School,9-12,Open,no,no,no,no,no,no,no,yes,0.228331177231565,0.198314970836034,0.216852540272615,0.214499562780071
Crawford,043687,Bucyrus City,011732,Bucyrus Elementary School,K-5;P,Open,no,no,no,no,no,no,no,yes,0.228331177231565,0.198314970836034,0.216852540272615,0.214499562780071
Crawford,043687,Bucyrus City,019255,Bucyrus Middle School,6-8,Open,no,no,no,no,no,yes,no,yes,0.228331177231565,0.198314970836034,0.216852540272615,0.214499562780071
Crawford,044024,Galion City,008201,Primary Elementary School,K-2;P,Open,no,no,no,no,no,no,no,no,0.207323107372588,0.182178217821782,0.201014292300599,0.19683853916499
Crawford,044024,Galion City,012773,Galion High School,9-12,Open,no,no,no,no,no,no,no,no,0.207323107372588,0.182178217821782,0.201014292300599,0.19683853916499
Crawford,044024,Galion City,012781,Galion Middle School,6-8,Open,no,no,no,no,no,no,no,no,0.207323107372588,0.182178217821782,0.201014292300599,0.19683853916499
Crawford,044024,Galion City,031369,Intermediate Elementary School,3-5,Open,no,no,no,no,no,no,no,no,0.207323107372588,0.182178217821782,0.201014292300599,0.19683853916499
Crawford,045344,Crestline Exempted Village,007617,Crestline High School,6-12,Open,yes,no,yes,no,yes,yes,yes,yes,0.2334455667789,0.214848143982002,0.236813778256189,0.228369163005697
Crawford,045344,Crestline Exempted Village,035154,Crestline Elementary School,K-5,Open,no,no,no,no,no,no,no,yes,0.2334455667789,0.214848143982002,0.236813778256189,0.228369163005697
Crawford,046508,Buckeye Central Local,004085,Buckeye Central High School,9-12,Open,no,no,no,no,no,no,no,no,0.094936708860759,0.078306878306878,0.1415313225058,0.104924969891146
Crawford,046508,Buckeye Central Local,011768,Buckeye Central Middle School,5-8,Open,no,no,no,no,no,no,no,no,0.094936708860759,0.078306878306878,0.1415313225058,0.104924969891146
Crawford,046508,Buckeye Central Local,146936,Buckeye Central Elementary School,K-4;P,Open,no,no,no,no,no,no,no,no,0.094936708860759,0.078306878306878,0.1415313225058,0.104924969891146
Crawford,046516,Colonel Crawford Local,006965,Col Crawford High School,9-12,Open,no,no,no,no,no,no,no,no,0.102244389027431,0.09375,0.101162790697674,0.099052393241702
Crawford,046516,Colonel Crawford Local,026351,William Crawford Intermediate Schools,6-8,Open,no,no,no,no,no,no,no,no,0.102244389027431,0.09375,0.101162790697674,0.099052393241702
Crawford,046516,Colonel Crawford Local,036400,Hannah Crawford Elementary School grades 3 -5,3-5,Open,no,no,no,no,no,no,no,no,0.102244389027431,0.09375,0.101162790697674,0.099052393241702
Crawford,046516,Colonel Crawford Local,040956,Hannah Crawford Elementary School PreK-Grade 2,K-2;P,Open,no,no,no,no,no,no,no,no,0.102244389027431,0.09375,0.101162790697674,0.099052393241702
Crawford,046524,Wynford Local,011994,Wynford Middle School,6-8,Open,no,no,no,no,no,no,no,no,0.139557266602502,0.120038722168441,0.123388581952118,0.127661523574354
Crawford,046524,Wynford Local,016642,Wynford Elementary School,K-5;P,Open,no,no,no,no,no,no,no,no,0.139557266602502,0.120038722168441,0.123388581952118,0.127661523574354
Crawford,046524,Wynford Local,042366,Wynford High School,9-12,Open,no,no,no,no,no,no,no,no,0.139557266602502,0.120038722168441,0.123388581952118,0.127661523574354
Cuyahoga,043547,Bay Village City,001792,Bay High School,9-12,Open,no,no,no,no,no,no,no,no,0.03859380970577,0.032033963720571,0.03156146179402,0.034063078406787
Cuyahoga,043547,Bay Village City,001800,Bay Middle School,5-8,Open,no,no,no,no,no,no,no,no,0.03859380970577,0.032033963720571,0.03156146179402,0.034063078406787
Cuyahoga,043547,Bay Village City,027359,Normandy Elementary School,K-2,Open,no,no,no,no,no,no,no,no,0.03859380970577,0.032033963720571,0.03156146179402,0.034063078406787
Cuyahoga,043547,Bay Village City,040626,Westerly Elementary School,3-4,Open,no,no,no,no,no,no,no,no,0.03859380970577,0.032033963720571,0.03156146179402,0.034063078406787
Cuyahoga,043554,Beachwood City,001842,Beachwood High School,9-12,Open,no,no,no,no,no,no,no,no,0.062804878048781,0.059149722735675,0.065143824027073,0.062366141603843
Cuyahoga,043554,Beachwood City,004044,Bryden Elementary School,K-2,Open,no,no,no,no,no,no,no,no,0.062804878048781,0.059149722735675,0.065143824027073,0.062366141603843
Cuyahoga,043554,Beachwood City,016428,Hilltop Elementary School,3-5,Open,no,no,no,no,no,no,no,no,0.062804878048781,0.059149722735675,0.065143824027073,0.062366141603843
Cuyahoga,043554,Beachwood City,042614,Beachwood Middle School,6-8,Open,no,no,no,no,no,no,no,no,0.062804878048781,0.059149722735675,0.065143824027073,0.062366141603843
Cuyahoga,043562,Bedford City,002022,Bedford High School,9-12,Open,yes,no,yes,no,yes,yes,yes,yes,0.250599840042655,0.208456773498519,0.254085397996837,0.237714003846004
Cuyahoga,043562,Bedford City,005041,Carylwood Intermediate School,3-5,Open,yes,no,yes,no,yes,yes,yes,yes,0.250599840042655,0.208456773498519,0.254085397996837,0.237714003846004
Cuyahoga,043562,Bedford City,005561,Central Primary School,K-2;P,Open,yes,no,yes,no,yes,yes,yes,yes,0.250599840042655,0.208456773498519,0.254085397996837,0.237714003846004
Cuyahoga,043562,Bedford City,007070,Columbus Intermediate School,3-5,Open,yes,no,yes,no,yes,yes,yes,yes,0.250599840042655,0.208456773498519,0.254085397996837,0.237714003846004
Cuyahoga,043562,Bedford City,013607,Glendale Primary School,K-2;P,Open,no,no,no,no,no,no,no,yes,0.250599840042655,0.208456773498519,0.254085397996837,0.237714003846004
Cuyahoga,043562,Bedford City,015974,Heskett Middle School,6-8,Open,yes,no,yes,no,yes,yes,yes,yes,0.250599840042655,0.208456773498519,0.254085397996837,0.237714003846004
Cuyahoga,043562,Bedford City,019796,EXCEL,K-12,Open,yes,no,yes,no,yes,yes,yes,yes,0.250599840042655,0.208456773498519,0.254085397996837,0.237714003846004
Cuyahoga,043612,Berea City,003806,Brook Park Elementary School,K-4;P,Open,no,no,no,no,no,no,no,no,0.144282310899345,0.124567474048443,0.147007299270073,0.13861902807262
Cuyahoga,043612,Berea City,011908,Berea-Midpark Middle School,5-8,Open,no,no,no,no,no,no,no,no,0.144282310899345,0.124567474048443,0.147007299270073,0.13861902807262
Cuyahoga,043612,Berea City,024521,Big Creek Elementary School,K-4;P,Open,no,no,no,no,no,no,no,no,0.144282310899345,0.124567474048443,0.147007299270073,0.13861902807262
Cuyahoga,043612,Berea City,024570,Berea-Midpark High School,9-12,Open,no,no,no,no,no,no,no,no,0.144282310899345,0.124567474048443,0.147007299270073,0.13861902807262
Cuyahoga,043612,Berea City,034710,Grindstone Elementary School,K-4;P,Open,no,no,no,no,no,no,no,no,0.144282310899345,0.124567474048443,0.147007299270073,0.13861902807262
Cuyahoga,043646,Brecksville-Broadview Heights City,003467,Brecksville-Broadview Heights High School,9-12,Open,no,no,no,no,no,no,no,no,0.052024428862248,0.043647166361974,0.05259768140833,0.049423092210851
Cuyahoga,043646,Brecksville-Broadview Heights City,003475,Brecksville-Broadview Heights Middle School,6-8,Open,no,no,no,no,no,no,no,no,0.052024428862248,0.043647166361974,0.05259768140833,0.049423092210851
Cuyahoga,043646,Brecksville-Broadview Heights City,019910,Brecksville-Broadview Heights Elementary School,K-5;P,Open,no,no,no,no,no,,no,no,0.052024428862248,0.043647166361974,0.05259768140833,0.049423092210851
Cuyahoga,043653,Brooklyn City,003780,Brooklyn High School,8-12,Open,no,no,no,no,no,no,no,no,0.180408738548273,0.155982905982906,0.189345314505777,0.175245653012319
Cuyahoga,043653,Brooklyn City,122143,Brooklyn School,P;K;1-7,Open,no,no,no,no,no,no,no,no,0.180408738548273,0.155982905982906,0.189345314505777,0.175245653012319
Cuyahoga,043794,Cleveland Heights-University Heights City,002352,Gearity Professional Development School,K-5;P,Open,no,no,no,no,yes,yes,yes,no,0.198719590268886,0.177231565329884,0.202959338226727,0.192970164608499
Cuyahoga,043794,Cleveland Heights-University Heights City,003251,Boulevard Elementary School,K-5,Open,no,no,no,no,no,yes,no,no,0.198719590268886,0.177231565329884,0.202959338226727,0.192970164608499
Cuyahoga,043794,Cleveland Heights-University Heights City,004804,Canterbury Elementary School,K-5,Open,no,no,no,no,no,no,no,no,0.198719590268886,0.177231565329884,0.202959338226727,0.192970164608499
Cuyahoga,043794,Cleveland Heights-University Heights City,010967,Fairfax Elementary School,K-5,Open,no,no,no,no,no,no,no,no,0.198719590268886,0.177231565329884,0.202959338226727,0.192970164608499
Cuyahoga,043794,Cleveland Heights-University Heights City,015842,Cleveland Heights High School,9-12,Open,no,no,no,no,yes,yes,yes,no,0.198719590268886,0.177231565329884,0.202959338226727,0.192970164608499
Cuyahoga,043794,Cleveland Heights-University Heights City,019726,Tiger Virtual Academy,K-12,Open,no,no,no,no,yes,yes,yes,no,0.198719590268886,0.177231565329884,0.202959338226727,0.192970164608499
Cuyahoga,043794,Cleveland Heights-University Heights City,025411,Monticello Middle School,6-8,Open,no,no,no,no,yes,yes,yes,no,0.198719590268886,0.177231565329884,0.202959338226727,0.192970164608499
Cuyahoga,043794,Cleveland Heights-University Heights City,027250,Noble Elementary School,K-5;P,Open,no,no,no,no,no,no,no,no,0.198719590268886,0.177231565329884,0.202959338226727,0.192970164608499
Cuyahoga,043794,Cleveland Heights-University Heights City,028993,Oxford Elementary School,K-5;P,Open,no,no,no,no,yes,yes,yes,no,0.198719590268886,0.177231565329884,0.202959338226727,0.192970164608499
Cuyahoga,043794,Cleveland Heights-University Heights City,032839,Roxboro Elementary School,K-5,Open,no,no,no,no,no,no,no,no,0.198719590268886,0.177231565329884,0.202959338226727,0.192970164608499
Cuyahoga,043794,Cleveland Heights-University Heights City,032847,Roxboro Middle School,6-8,Open,no,no,no,no,yes,yes,yes,no,0.198719590268886,0.177231565329884,0.202959338226727,0.192970164608499
Cuyahoga,043901,East Cleveland City School District,004598,Caledonia Elementary School,K-2,Open,yes,yes,yes,yes,yes,yes,yes,yes,0.445489376523859,0.371569317382125,0.488163265306122,0.435073986404036
Cuyahoga,043901,East Cleveland City School District,020109,Superior School for the Performing Arts,3-8,Open,yes,yes,no,yes,no,,yes,yes,0.445489376523859,0.371569317382125,0.488163265306122,0.435073986404036
Cuyahoga,043901,East Cleveland City School District,032912,Mayfair Elementary School,3-5,Open,yes,yes,yes,yes,yes,yes,yes,yes,0.445489376523859,0.371569317382125,0.488163265306122,0.435073986404036
Cuyahoga,043901,East Cleveland City School District,034199,Shaw High School,9-12,Open,yes,yes,yes,yes,yes,yes,yes,yes,0.445489376523859,0.371569317382125,0.488163265306122,0.435073986404036
Cuyahoga,043901,East Cleveland City School District,038679,W.H. Kirk Middle School,6-8,Open,yes,yes,yes,yes,yes,yes,yes,yes,0.445489376523859,0.371569317382125,0.488163265306122,0.435073986404036
Cuyahoga,043950,Euclid City,000475,Bluestone Elementary School,K-5,Open,yes,no,yes,no,yes,yes,yes,yes,0.290692792162351,0.241798642533937,0.293253671894449,0.275248368863579
Cuyahoga,043950,Euclid City,010793,Euclid Middle School,6-8,Open,yes,no,yes,no,yes,yes,yes,yes,0.290692792162351,0.241798642533937,0.293253671894449,0.275248368863579
Cuyahoga,043950,Euclid City,010819,Euclid High School,9-12,Open,yes,no,yes,no,yes,yes,yes,yes,0.290692792162351,0.241798642533937,0.293253671894449,0.275248368863579
Cuyahoga,043950,Euclid City,018051,Chardon Hills Elementary School,K-5,Open,no,no,no,no,no,no,no,yes,0.290692792162351,0.241798642533937,0.293253671894449,0.275248368863579
Cuyahoga,043950,Euclid City,019682,Euclid Virtual Learning Academy,1-12,Open,yes,no,yes,no,yes,yes,yes,yes,0.290692792162351,0.241798642533937,0.293253671894449,0.275248368863579
Cuyahoga,043950,Euclid City,020719,Arbor Elementary School,K-5,Open,yes,no,yes,no,yes,yes,yes,yes,0.290692792162351,0.241798642533937,0.293253671894449,0.275248368863579
Cuyahoga,043950,Euclid City,037978,Shoreview Elementary School,K-5,Open,yes,no,yes,no,yes,yes,yes,yes,0.290692792162351,0.241798642533937,0.293253671894449,0.275248368863579
Cuyahoga,043950,Euclid City,118844,Euclid Schools Early Learning Village,K-2;P,Open,yes,no,yes,no,yes,yes,yes,yes,0.290692792162351,0.241798642533937,0.293253671894449,0.275248368863579
Cuyahoga,043976,Fairview Park City,011304,Fairview High School,9-12,Open,no,no,no,no,no,no,no,no,0.093471113198685,0.077835785476982,0.092993079584775,0.088099992753481
Cuyahoga,043976,Fairview Park City,020263,Lewis F Mayer Middle School,6-8,Open,no,no,no,no,no,no,no,no,0.093471113198685,0.077835785476982,0.092993079584775,0.088099992753481
Cuyahoga,043976,Fairview Park City,029223,Gilles-Sweet Elementary School,K-5,Open,no,no,no,no,no,no,no,no,0.093471113198685,0.077835785476982,0.092993079584775,0.088099992753481
Cuyahoga,043976,Fairview Park City,099812,Parkview Early Education Center,D;P;K,Open,no,no,no,no,no,no,no,no,0.093471113198685,0.077835785476982,0.092993079584775,0.088099992753481
Cuyahoga,044040,Garfield Heights City Schools,010413,Elmwood Elementary School,K-5,Open,yes,no,yes,no,yes,yes,yes,yes,0.291085362969969,0.252986144290492,0.289858012170385,0.277976506476949
Cuyahoga,044040,Garfield Heights City Schools,013136,Garfield Heights High School,9-12,Open,yes,no,yes,no,yes,yes,yes,yes,0.291085362969969,0.252986144290492,0.289858012170385,0.277976506476949
Cuyahoga,044040,Garfield Heights City Schools,013144,Garfield Heights Middle School,6-8,Open,yes,no,yes,no,yes,yes,yes,yes,0.291085362969969,0.252986144290492,0.289858012170385,0.277976506476949
Cuyahoga,044040,Garfield Heights City Schools,022574,Maple Leaf Elementary School,K-5,Open,yes,no,yes,no,yes,yes,yes,yes,0.291085362969969,0.252986144290492,0.289858012170385,0.277976506476949
Cuyahoga,044040,Garfield Heights City Schools,041335,William Foster Elementary School,K-5;P,Open,yes,no,yes,no,yes,yes,yes,yes,0.291085362969969,0.252986144290492,0.289858012170385,0.277976506476949
Cuyahoga,044198,Lakewood City,009116,Harding Middle School,6-8,Open,no,no,no,no,no,no,no,no,0.163321912220591,0.13353115727003,0.157952669235003,0.151601912908541
Cuyahoga,044198,Lakewood City,009117,Garfield Middle School,6-8,Open,no,no,no,no,no,no,no,no,0.163321912220591,0.13353115727003,0.157952669235003,0.151601912908541
Cuyahoga,044198,Lakewood City,009119,Hayes Elementary School,K-5;P,Open,no,no,no,no,no,no,no,no,0.163321912220591,0.13353115727003,0.157952669235003,0.151601912908541
Cuyahoga,044198,Lakewood City,009120,Harrison Elementary School,K-5;P,Open,no,no,no,no,no,no,no,no,0.163321912220591,0.13353115727003,0.157952669235003,0.151601912908541
Cuyahoga,044198,Lakewood City,014142,Grant Elementary School,K-5;P,Open,no,no,no,no,no,no,no,no,0.163321912220591,0.13353115727003,0.157952669235003,0.151601912908541
Cuyahoga,044198,Lakewood City,019687,Lakewood High School,9-12,Open,no,no,no,no,no,no,no,no,0.163321912220591,0.13353115727003,0.157952669235003,0.151601912908541
Cuyahoga,044198,Lakewood City,019839,Franklin School of Opportunity Online,K-12,Open,no,no,no,no,yes,yes,yes,no,0.163321912220591,0.13353115727003,0.157952669235003,0.151601912908541
Cuyahoga,044198,Lakewood City,020859,Lincoln Elementary School,K-5;P,Open,no,no,no,no,no,no,no,no,0.163321912220591,0.13353115727003,0.157952669235003,0.151601912908541
Cuyahoga,044198,Lakewood City,023705,Horace Mann Elementary School,K-5;P,Open,no,no,no,no,no,no,no,no,0.163321912220591,0.13353115727003,0.157952669235003,0.151601912908541
Cuyahoga,044198,Lakewood City,032359,Roosevelt Elementary School,K-5,Open,no,no,no,no,no,no,no,no,0.163321912220591,0.13353115727003,0.157952669235003,0.151601912908541
Cuyahoga,044198,Lakewood City,036772,Emerson Elementary School,K-5;P,Open,no,no,no,no,no,no,no,no,0.163321912220591,0.13353115727003,0.157952669235003,0.151601912908541
Cuyahoga,044305,Maple Heights City,009029,Barack Obama School,4-5,Open,yes,no,yes,no,yes,yes,yes,yes,0.345920253498812,0.283008802347293,0.325912324994262,0.318280460280122
Cuyahoga,044305,Maple Heights City,009030,Abraham Lincoln School,K-1;P,Open,yes,no,yes,no,yes,yes,yes,yes,0.345920253498812,0.283008802347293,0.325912324994262,0.318280460280122
Cuyahoga,044305,Maple Heights City,009031,J.F. Kennedy School,2-3,Open,yes,no,yes,no,yes,yes,yes,yes,0.345920253498812,0.283008802347293,0.325912324994262,0.318280460280122
Cuyahoga,044305,Maple Heights City,009522,Milkovich Middle School,6-8,Open,yes,no,yes,no,yes,yes,yes,yes,0.345920253498812,0.283008802347293,0.325912324994262,0.318280460280122
Cuyahoga,044305,Maple Heights City,022566,Maple Heights High School,9-12,Open,yes,no,yes,no,yes,yes,yes,yes,0.345920253498812,0.283008802347293,0.325912324994262,0.318280460280122
Cuyahoga,044370,Mayfield City,013193,Gates Mills Elementary School,K-5,Open,no,no,no,no,no,no,no,no,0.075622130949505,0.0703125,0.080176388053718,0.075370339667741
Cuyahoga,044370,Mayfield City,019778,Lander Elementary,K-5,Open,no,no,no,no,no,no,no,no,0.075622130949505,0.0703125,0.080176388053718,0.075370339667741
Cuyahoga,044370,Mayfield City,023317,Mayfield Center Elementary School,K-5,Open,no,no,no,no,no,no,no,no,0.075622130949505,0.0703125,0.080176388053718,0.075370339667741
Cuyahoga,044370,Mayfield City,023325,Mayfield High School,9-12,Open,no,no,no,no,no,no,no,no,0.075622130949505,0.0703125,0.080176388053718,0.075370339667741
Cuyahoga,044370,Mayfield City,024885,Millridge Elementary School,K-5,Open,no,no,no,no,no,no,no,no,0.075622130949505,0.0703125,0.080176388053718,0.075370339667741
Cuyahoga,044370,Mayfield City,062349,Mayfield Middle School,6-8,Open,no,no,no,no,no,no,no,no,0.075622130949505,0.0703125,0.080176388053718,0.075370339667741
Cuyahoga,044529,North Olmsted City,006189,Chestnut Elementary School,1-3,Open,no,no,no,no,no,no,no,no,0.153334861333944,0.134290344987266,0.151851030813567,0.146492079044926
Cuyahoga,044529,North Olmsted City,022533,Maple Elementary School,1-3,Open,no,no,no,no,no,no,no,no,0.153334861333944,0.134290344987266,0.151851030813567,0.146492079044926
Cuyahoga,044529,North Olmsted City,026302,North Olmsted High School,9-12,Open,no,no,no,no,no,no,no,no,0.153334861333944,0.134290344987266,0.151851030813567,0.146492079044926
Cuyahoga,044529,North Olmsted City,026310,North Olmsted Middle School,6-8,Open,no,no,no,no,no,no,no,no,0.153334861333944,0.134290344987266,0.151851030813567,0.146492079044926
Cuyahoga,044529,North Olmsted City,030023,Pine Intermediate School,4-5,Open,no,no,no,no,no,no,no,no,0.153334861333944,0.134290344987266,0.151851030813567,0.146492079044926
Cuyahoga,044529,North Olmsted City,111062,Birch Primary School,K;P,Open,no,no,no,no,no,no,no,no,0.153334861333944,0.134290344987266,0.151851030813567,0.146492079044926
Cuyahoga,044545,North Royalton City,000265,North Royalton Elementary School,K-4;P,Open,no,no,no,no,no,no,no,no,0.064007976071785,0.064867042707494,0.071294910179641,0.066723309652973
Cuyahoga,044545,North Royalton City,010660,North Royalton High School,9-12,Open,no,no,no,no,no,no,no,no,0.064007976071785,0.064867042707494,0.071294910179641,0.066723309652973
Cuyahoga,044545,North Royalton City,099416,North Royalton Middle School,5-8,Open,no,no,no,no,no,no,no,no,0.064007976071785,0.064867042707494,0.071294910179641,0.066723309652973
Cuyahoga,044636,Parma City,008391,Dentzler Elementary School,K-4,Open,no,no,no,no,no,no,no,no,0.160448027395306,0.143773884202178,0.170365803534731,0.158195905044071
Cuyahoga,044636,Parma City,014423,Green Valley Elementary School,K-4,Open,no,no,no,no,no,no,no,no,0.160448027395306,0.143773884202178,0.170365803534731,0.158195905044071
Cuyahoga,044636,Parma City,014431,Greenbriar Middle School,5-8,Open,no,no,no,no,no,no,no,no,0.160448027395306,0.143773884202178,0.170365803534731,0.158195905044071
Cuyahoga,044636,Parma City,016378,Hillside Middle School,5-8,Open,no,no,no,no,no,no,no,no,0.160448027395306,0.143773884202178,0.170365803534731,0.158195905044071
Cuyahoga,044636,Parma City,018424,John Muir Elementary School,K-4,Open,no,no,no,no,no,no,no,no,0.160448027395306,0.143773884202178,0.170365803534731,0.158195905044071
Cuyahoga,044636,Parma City,020317,Parma Virtual Learning Academy,K-12,Open,no,no,no,no,no,,no,no,0.160448027395306,0.143773884202178,0.170365803534731,0.158195905044071
Cuyahoga,044636,Parma City,027367,Normandy High School,9-12,Open,no,no,no,no,no,no,no,no,0.160448027395306,0.143773884202178,0.170365803534731,0.158195905044071
Cuyahoga,044636,Parma City,029330,Parma High School,8-12,Closed,no,no,no,no,yes,yes,yes,no,0.160448027395306,0.143773884202178,0.170365803534731,0.158195905044071
Cuyahoga,044636,Parma City,029348,Parma Park Elementary School,K-4,Closed,no,no,no,no,no,no,no,no,0.160448027395306,0.143773884202178,0.170365803534731,0.158195905044071
Cuyahoga,044636,Parma City,030353,Pleasant Valley Elementary School,K-4,Open,no,no,no,no,no,no,no,no,0.160448027395306,0.143773884202178,0.170365803534731,0.158195905044071
Cuyahoga,044636,Parma City,031377,Renwood Elementary School,K-4,Closed,no,no,no,no,no,no,no,no,0.160448027395306,0.143773884202178,0.170365803534731,0.158195905044071
Cuyahoga,044636,Parma City,031617,Ridge-Brook Elementary School,K-4,Open,no,no,no,no,no,no,no,no,0.160448027395306,0.143773884202178,0.170365803534731,0.158195905044071
Cuyahoga,044636,Parma City,034462,Shiloh Middle School,5-8,Open,no,no,no,no,no,yes,no,no,0.160448027395306,0.143773884202178,0.170365803534731,0.158195905044071
Cuyahoga,044636,Parma City,037143,Thoreau Park Elementary School,K-4,Open,no,no,no,no,no,no,no,no,0.160448027395306,0.143773884202178,0.170365803534731,0.158195905044071
Cuyahoga,044636,Parma City,038109,Valley Forge High School,9-12,Open,no,no,no,no,no,no,no,no,0.160448027395306,0.143773884202178,0.170365803534731,0.158195905044071
Cuyahoga,044701,Rocky River City,013797,Goldwood Primary Elementary School,K-2,Open,no,no,no,no,no,no,no,no,0.060523631417885,0.051185159738921,0.059187279151944,0.056965356769583
Cuyahoga,044701,Rocky River City,018754,Kensington Intermediate Elementary School,3-5,Open,no,no,no,no,no,no,no,no,0.060523631417885,0.051185159738921,0.059187279151944,0.056965356769583
Cuyahoga,044701,Rocky River City,032235,Rocky River Middle School,6-8,Open,no,no,no,no,no,no,no,no,0.060523631417885,0.051185159738921,0.059187279151944,0.056965356769583
Cuyahoga,044701,Rocky River City,032243,Rocky River High School,9-12,Open,no,no,no,no,no,no,no,no,0.060523631417885,0.051185159738921,0.059187279151944,0.056965356769583
Cuyahoga,044750,Shaker Heights City,003244,Boulevard Elementary School,K-4,Open,no,no,no,no,no,no,no,no,0.131040723981901,0.106986100950988,0.113902563232049,0.117309796054979
Cuyahoga,044750,Shaker Heights City,004457,Shaker Hts Middle School,7-8,Open,no,no,no,no,no,no,no,no,0.131040723981901,0.106986100950988,0.113902563232049,0.117309796054979
Cuyahoga,044750,Shaker Heights City,011536,Fernway Elementary School,K-4,Open,no,no,no,no,no,no,no,no,0.131040723981901,0.106986100950988,0.113902563232049,0.117309796054979
Cuyahoga,044750,Shaker Heights City,021279,Lomond Elementary School,K-4,Open,no,no,no,no,no,no,no,no,0.131040723981901,0.106986100950988,0.113902563232049,0.117309796054979
Cuyahoga,044750,Shaker Heights City,024307,Mercer Elementary School,K-4,Open,no,no,no,no,no,no,no,no,0.131040723981901,0.106986100950988,0.113902563232049,0.117309796054979
Cuyahoga,044750,Shaker Heights City,028647,Onaway Elementary School,K-4;P,Open,no,no,no,no,no,no,no,no,0.131040723981901,0.106986100950988,0.113902563232049,0.117309796054979
Cuyahoga,044750,Shaker Heights City,034108,Shaker Hts High School,9-12,Open,no,no,no,no,no,no,no,no,0.131040723981901,0.106986100950988,0.113902563232049,0.117309796054979
Cuyahoga,044750,Shaker Heights City,041939,Woodbury Elementary School,5-6,Open,no,no,no,no,no,no,no,no,0.131040723981901,0.106986100950988,0.113902563232049,0.117309796054979
Cuyahoga,044792,South Euclid-Lyndhurst City,000232,Adrian Elementary School,K-3,Open,no,no,no,no,no,no,no,no,0.158331604067234,0.14321660725519,0.160993944456045,0.154180718592823
Cuyahoga,044792,South Euclid-Lyndhurst City,003996,Brush High School,9-12,Open,no,no,no,no,yes,yes,yes,no,0.158331604067234,0.14321660725519,0.160993944456045,0.154180718592823
Cuyahoga,044792,South Euclid-Lyndhurst City,014613,Greenview Upper Elementary School,4-6,Open,no,no,no,no,no,yes,no,no,0.158331604067234,0.14321660725519,0.160993944456045,0.154180718592823
Cuyahoga,044792,South Euclid-Lyndhurst City,024216,Memorial Junior High School,7-8,Open,no,no,no,no,yes,yes,yes,no,0.158331604067234,0.14321660725519,0.160993944456045,0.154180718592823
Cuyahoga,044792,South Euclid-Lyndhurst City,032821,Rowland Elementary School,K-3;P,Open,no,no,no,no,no,no,no,no,0.158331604067234,0.14321660725519,0.160993944456045,0.154180718592823
Cuyahoga,044792,South Euclid-Lyndhurst City,036525,Sunview Elementary School,K-3,Open,no,no,no,no,no,no,no,no,0.158331604067234,0.14321660725519,0.160993944456045,0.154180718592823
Cuyahoga,044842,Strongsville City,019658,Strongsville Online Learning Opportunity Academy,K-12,Open,no,no,no,no,yes,yes,yes,no,0.070886075949367,0.062810856899247,0.073072264836496,0.068923065895037
Cuyahoga,044842,Strongsville City,025999,Muraski Elementary School,K-5,Open,no,no,no,no,no,no,no,no,0.070886075949367,0.062810856899247,0.073072264836496,0.068923065895037
Cuyahoga,044842,Strongsville City,036277,Strongsville High School,9-12,Open,no,no,no,no,no,no,no,no,0.070886075949367,0.062810856899247,0.073072264836496,0.068923065895037
Cuyahoga,044842,Strongsville City,036285,Strongsville Middle School,6-8,Open,no,no,no,no,no,no,no,no,0.070886075949367,0.062810856899247,0.073072264836496,0.068923065895037
Cuyahoga,044842,Strongsville City,036558,Surrarrer Elementary School,K-5,Open,no,no,no,no,no,no,no,no,0.070886075949367,0.062810856899247,0.073072264836496,0.068923065895037
Cuyahoga,044842,Strongsville City,041053,Whitney Elementary School,K-5,Open,no,no,no,no,no,no,no,no,0.070886075949367,0.062810856899247,0.073072264836496,0.068923065895037
Cuyahoga,044842,Strongsville City,064741,Chapman Elementary School,K-5;P,Open,no,no,no,no,no,no,no,no,0.070886075949367,0.062810856899247,0.073072264836496,0.068923065895037
Cuyahoga,044842,Strongsville City,125955,Kinsner Elementary School,K-5,Open,no,no,no,no,no,no,no,no,0.070886075949367,0.062810856899247,0.073072264836496,0.068923065895037
Cuyahoga,045005,Warrensville Heights City,012394,Warrensville Heights Elementary School,1-5,Open,yes,no,yes,no,yes,yes,yes,yes,0.356899488926746,0.283132530120482,0.3451536643026,0.328395227783276
Cuyahoga,045005,Warrensville Heights City,039263,Warrensville Heights High School,9-12,Open,yes,no,yes,no,yes,yes,yes,yes,0.356899488926746,0.283132530120482,0.3451536643026,0.328395227783276
Cuyahoga,045005,Warrensville Heights City,039271,Warrensville Heights Middle School,6-8,Open,yes,no,yes,no,yes,yes,yes,yes,0.356899488926746,0.283132530120482,0.3451536643026,0.328395227783276
Cuyahoga,045062,Westlake City,001677,Westlake Elementary School,K-4;P,Open,no,no,no,no,no,no,no,no,0.074642556770395,0.065646908859146,0.077113402061856,0.072467622563799
Cuyahoga,045062,Westlake City,020073,Lee Burneson Middle School,7-8,Open,no,no,no,no,no,no,no,no,0.074642556770395,0.065646908859146,0.077113402061856,0.072467622563799
Cuyahoga,045062,Westlake City,029207,Dover Intermediate School,5-6,Open,no,no,no,no,no,no,no,no,0.074642556770395,0.065646908859146,0.077113402061856,0.072467622563799
Cuyahoga,045062,Westlake City,040758,Westlake High School,9-12,Open,no,no,no,no,no,no,no,no,0.074642556770395,0.065646908859146,0.077113402061856,0.072467622563799
Cuyahoga,045286,Chagrin Falls Exempted Village,005751,Chagrin Falls High School,9-12,Open,no,no,no,no,no,no,no,no,0.038662486938349,0.033298097251586,0.036999493157628,0.036320025782521
Cuyahoga,045286,Chagrin Falls Exempted Village,005769,Chagrin Falls Middle School,7-8,Open,no,no,no,no,no,no,no,no,0.038662486938349,0.033298097251586,0.036999493157628,0.036320025782521
Cuyahoga,045286,Chagrin Falls Exempted Village,014787,Gurney Elementary School,K-3;P,Open,no,no,no,no,no,no,no,no,0.038662486938349,0.033298097251586,0.036999493157628,0.036320025782521
Cuyahoga,045286,Chagrin Falls Exempted Village,033548,Chagrin Falls Intermediate Elementary School,4-6,Open,no,no,no,no,no,no,no,no,0.038662486938349,0.033298097251586,0.036999493157628,0.036320025782521
Cuyahoga,046557,Cuyahoga Heights Local,007948,Cuyahoga Hts Elementary School,K-5;P,Open,no,no,no,no,no,no,no,no,0.09037037037037,0.081723625557206,0.085987261146497,0.086027085691358
Cuyahoga,046557,Cuyahoga Heights Local,007955,Cuyahoga Hts High School,9-12,Open,no,no,no,no,no,no,no,no,0.09037037037037,0.081723625557206,0.085987261146497,0.086027085691358
Cuyahoga,046557,Cuyahoga Heights Local,118414,Cuyahoga Hts Middle School,6-8,Open,no,no,no,no,no,no,no,no,0.09037037037037,0.081723625557206,0.085987261146497,0.086027085691358
Cuyahoga,046565,Independence Local,016360,Independence Primary School,K-4;P,Open,no,no,no,no,no,no,no,no,0.054290718038529,0.042477876106195,0.03763440860215,0.044801000915625
Cuyahoga,046565,Independence Local,017285,Independence High School,9-12,Open,no,no,no,no,no,no,no,no,0.054290718038529,0.042477876106195,0.03763440860215,0.044801000915625
Cuyahoga,046565,Independence Local,017293,Independence Middle School,5-8,Open,no,no,no,no,no,no,no,no,0.054290718038529,0.042477876106195,0.03763440860215,0.044801000915625
Cuyahoga,046573,Olmsted Falls City,011710,Olmsted Falls Early Childhood Center,K;P,Open,no,no,no,no,no,no,no,no,0.060572987721692,0.055938275006889,0.067305203209941,0.06127215531284
Cuyahoga,046573,Olmsted Falls City,011783,Olmsted Falls Intermediate Building,4-5,Open,no,no,no,no,no,no,no,no,0.060572987721692,0.055938275006889,0.067305203209941,0.06127215531284
Cuyahoga,046573,Olmsted Falls City,020164,Falls-Lenox Primary Elementary School,1-3,Open,no,no,no,no,no,no,no,no,0.060572987721692,0.055938275006889,0.067305203209941,0.06127215531284
Cuyahoga,046573,Olmsted Falls City,028605,Olmsted Falls High School,9-12,Open,no,no,no,no,no,no,no,no,0.060572987721692,0.055938275006889,0.067305203209941,0.06127215531284
Cuyahoga,046573,Olmsted Falls City,028613,Olmsted Falls Middle School,6-8,Open,no,no,no,no,no,no,no,no,0.060572987721692,0.055938275006889,0.067305203209941,0.06127215531284
Cuyahoga,046581,Orange City,003400,Ballard Brady Middle School,6-8,Open,no,no,no,no,no,no,no,no,0.066722268557131,0.053917438921651,0.050884157343919,0.057174621607567
Cuyahoga,046581,Orange City,028712,Orange High School,9-12,Open,no,no,no,no,no,no,no,no,0.066722268557131,0.053917438921651,0.050884157343919,0.057174621607567
Cuyahoga,046581,Orange City,142554,Moreland Hills Elementary School,K-5,Open,no,no,no,no,no,no,no,no,0.066722268557131,0.053917438921651,0.050884157343919,0.057174621607567
Cuyahoga,046599,Richmond Heights Local,016796,Richmond Heights Middle School,7-8,Open,yes,no,yes,no,yes,yes,yes,yes,0.250214224507284,0.208658008658009,0.219224283305228,0.22603217215684
Cuyahoga,046599,Richmond Heights Local,031575,Richmond Heights Elementary School,K-6;P,Open,yes,no,yes,no,yes,yes,yes,yes,0.250214224507284,0.208658008658009,0.219224283305228,0.22603217215684
Cuyahoga,046599,Richmond Heights Local,031583,Richmond Heights High School,9-12,Open,yes,no,yes,no,yes,yes,yes,yes,0.250214224507284,0.208658008658009,0.219224283305228,0.22603217215684
Cuyahoga,046607,Solon City,008623,Dorothy E Lewis Elementary School,K;1-4;UNG,Open,no,no,no,no,no,no,no,no,0.062355658198614,0.051548578701739,0.053235701563428,0.05571331282126
Cuyahoga,046607,Solon City,032854,Grace L Roxbury Elementary School,K;1-4;UNG,Open,no,no,no,no,no,no,no,no,0.062355658198614,0.051548578701739,0.053235701563428,0.05571331282126
Cuyahoga,046607,Solon City,034835,Solon High School,9-12,Open,no,no,no,no,no,no,no,no,0.062355658198614,0.051548578701739,0.053235701563428,0.05571331282126
Cuyahoga,046607,Solon City,064162,Orchard Middle School,5-6,Open,no,no,no,no,no,no,no,no,0.062355658198614,0.051548578701739,0.053235701563428,0.05571331282126
Cuyahoga,046607,Solon City,113860,Solon Middle School,7-8,Open,no,no,no,no,no,no,no,no,0.062355658198614,0.051548578701739,0.053235701563428,0.05571331282126
Cuyahoga,046607,Solon City,113878,Parkside Elementary School,K-4,Open,no,no,no,no,no,no,no,no,0.062355658198614,0.051548578701739,0.053235701563428,0.05571331282126
Darke,044099,Greenville City,009365,Greenville Elementary School,K-4,Open,no,no,no,no,no,no,no,no,0.197865853658537,0.146125686394143,0.170863309352518,0.171618283135066
Darke,044099,Greenville City,014621,Greenville Senior High School,9-12,Open,no,no,no,no,no,no,no,no,0.197865853658537,0.146125686394143,0.170863309352518,0.171618283135066
Darke,044099,Greenville City,014639,Greenville Middle School,5-8,Open,no,no,no,no,no,no,no,no,0.197865853658537,0.146125686394143,0.170863309352518,0.171618283135066
Darke,045633,Versailles Exempted Village,038406,Versailles Elementary School,K-4,Open,no,no,no,no,no,no,no,no,0.065664556962025,0.046714172604909,0.04066265060241,0.051013793389781
Darke,045633,Versailles Exempted Village,038414,Versailles High School,9-12,Open,no,no,no,no,no,no,no,no,0.065664556962025,0.046714172604909,0.04066265060241,0.051013793389781
Darke,045633,Versailles Exempted Village,067827,Versailles Middle School,5-8,Open,no,no,no,no,no,no,no,no,0.065664556962025,0.046714172604909,0.04066265060241,0.051013793389781
Darke,046623,Ansonia Local,000760,Ansonia Elementary School,K-6;P,Open,no,no,no,no,no,no,no,no,0.167235494880546,0.116040955631399,0.127496159754224,0.136924203422057
Darke,046623,Ansonia Local,000778,Ansonia High School,9-12,Open,no,no,no,no,no,no,no,no,0.167235494880546,0.116040955631399,0.127496159754224,0.136924203422057
Darke,046623,Ansonia Local,061572,Ansonia Middle School,7-8,Open,no,no,no,no,no,no,no,no,0.167235494880546,0.116040955631399,0.127496159754224,0.136924203422057
Darke,046631,Arcanum-Butler Local,000901,Arcanum Elementary School,K-4,Open,no,no,no,no,no,no,no,no,0.108910891089109,0.090188305252726,0.092414995640802,0.097171397327545
Darke,046631,Arcanum-Butler Local,000919,Arcanum High School,9-12,Open,no,no,no,no,no,no,no,no,0.108910891089109,0.090188305252726,0.092414995640802,0.097171397327545
Darke,046631,Arcanum-Butler Local,004408,Butler Middle School,5-8,Open,no,no,no,no,no,no,no,no,0.108910891089109,0.090188305252726,0.092414995640802,0.097171397327545
Darke,046649,Franklin Monroe Local,012195,Franklin Monroe Elementary School,K-6;P,Open,no,no,no,no,no,no,no,no,0.093558282208589,0.081413210445468,0.102102102102102,0.09235786491872
Darke,046649,Franklin Monroe Local,012377,Franklin Monroe High School,6-12,Open,no,no,no,no,no,no,no,no,0.093558282208589,0.081413210445468,0.102102102102102,0.09235786491872
Darke,046672,Mississinawa Valley Local,009167,Mississinawa Valley Elementary School,K-6,Open,no,no,no,no,no,no,no,yes,0.249671484888305,0.173455978975033,0.186556927297668,0.203228130387002
Darke,046672,Mississinawa Valley Local,025122,Mississinawa Valley JR/SR High School,7-12,Open,no,no,no,no,no,no,no,yes,0.249671484888305,0.173455978975033,0.186556927297668,0.203228130387002
Darke,046680,Tri-Village Local,026849,Tri-Village High School,7-12,Open,no,no,no,no,no,no,no,no,0.178571428571429,0.123724489795918,0.136191677175284,0.146162531847544
Darke,046680,Tri-Village Local,040774,Tri-Village Elementary School,K-6,Open,no,no,no,no,no,no,no,no,0.178571428571429,0.123724489795918,0.136191677175284,0.146162531847544
Defiance,043869,Defiance City,008292,Defiance Middle School,6-8,Open,no,no,no,no,no,no,no,no,0.153301007086908,0.148840688107704,0.156036036036036,0.152725910410216
Defiance,043869,Defiance City,008300,Defiance High School,9-12,Open,no,no,no,no,no,no,no,no,0.153301007086908,0.148840688107704,0.156036036036036,0.152725910410216
Defiance,043869,Defiance City,011430,Defiance Elementary School,K-5,Open,no,no,no,no,no,no,no,no,0.153301007086908,0.148840688107704,0.156036036036036,0.152725910410216
Defiance,045419,Hicksville Exempted Village School District,016030,Hicksville Elementary School,K-4,Open,no,no,no,no,no,no,no,no,0.117773019271949,0.113856068743287,0.103482587064677,0.111703891693304
Defiance,045419,Hicksville Exempted Village School District,016048,Hicksville High School,9-12,Open,no,no,no,no,no,no,no,no,0.117773019271949,0.113856068743287,0.103482587064677,0.111703891693304
Defiance,045419,Hicksville Exempted Village School District,019613,Hicksville Middle School,5-8,Open,no,no,no,no,no,no,no,no,0.117773019271949,0.113856068743287,0.103482587064677,0.111703891693304
Defiance,046706,Ayersville Local,001412,Ayersville Elementary School,K-6,Open,no,no,no,no,no,no,no,no,0.0768,0.073836276083467,0.086309523809524,0.078981933297664
Defiance,046706,Ayersville Local,001420,Ayersville High School,7-12,Open,no,no,no,no,no,no,no,no,0.0768,0.073836276083467,0.086309523809524,0.078981933297664
Defiance,046714,Central Local,011288,Fairview High School,9-12,Open,no,no,no,no,no,no,no,no,0.084055459272097,0.091304347826087,0.131046613896218,0.102135473664801
Defiance,046714,Central Local,027193,Fairview Middle School,6-8,Open,no,no,no,no,no,no,no,no,0.084055459272097,0.091304347826087,0.131046613896218,0.102135473664801
Defiance,046714,Central Local,142406,Fairview Elementary School,K-5,Open,no,no,no,no,no,no,no,no,0.084055459272097,0.091304347826087,0.131046613896218,0.102135473664801
Defiance,046722,Northeastern Local,037275,Tinora High School,9-12,Open,no,no,no,no,no,no,no,no,0.084600760456274,0.085795996186845,0.076210092687951,0.082202283110356
Defiance,046722,Northeastern Local,064139,Tinora Middle School,5-8,Open,no,no,no,no,no,no,no,no,0.084600760456274,0.085795996186845,0.076210092687951,0.082202283110356
Defiance,046722,Northeastern Local,139204,Tinora Elementary School,K-4,Open,no,no,no,no,no,no,no,no,0.084600760456274,0.085795996186845,0.076210092687951,0.082202283110356
Delaware,043877,Delaware City,008151,David Smith Elementary School,K-5,Open,no,no,no,no,no,no,no,no,0.09352096159484,0.06534422403734,0.077032359905288,0.078632515179156
Delaware,043877,Delaware City,010686,Ervin Carlisle Elementary School,K-5,Open,no,no,no,no,no,no,no,no,0.09352096159484,0.06534422403734,0.077032359905288,0.078632515179156
Delaware,043877,Delaware City,017822,James Conger Elementary School,K-5,Open,no,no,no,no,no,no,no,no,0.09352096159484,0.06534422403734,0.077032359905288,0.078632515179156
Delaware,043877,Delaware City,033084,Rutherford B Hayes High School,9-12,Open,no,no,no,no,no,no,no,no,0.09352096159484,0.06534422403734,0.077032359905288,0.078632515179156
Delaware,043877,Delaware City,042143,Laura Woodward Elementary School,K-5;P,Open,no,no,no,no,no,no,no,no,0.09352096159484,0.06534422403734,0.077032359905288,0.078632515179156
Delaware,043877,Delaware City,122093,Robert F Schultz Elementary School,K-5,Open,no,no,no,no,no,no,no,no,0.09352096159484,0.06534422403734,0.077032359905288,0.078632515179156
Delaware,043877,Delaware City,138065,John C Dempsey Middle School,6-8,Open,no,no,no,no,no,no,no,no,0.09352096159484,0.06534422403734,0.077032359905288,0.078632515179156
Delaware,046748,Big Walnut Local,002709,Big Walnut High School,9-12,Open,no,no,no,no,no,no,no,no,0.045281098957008,0.031898734177215,0.036039855840577,0.037739896324933
Delaware,046748,Big Walnut Local,012103,General Rosecrans Elementary,K-4,Open,no,no,no,no,no,no,no,no,0.045281098957008,0.031898734177215,0.036039855840577,0.037739896324933
Delaware,046748,Big Walnut Local,012495,Big Walnut Intermediate School,5-6,Open,no,no,no,no,no,no,no,no,0.045281098957008,0.031898734177215,0.036039855840577,0.037739896324933
Delaware,046748,Big Walnut Local,012765,Prairie Run Elementary School,K-4,Open,no,no,no,no,no,no,no,no,0.045281098957008,0.031898734177215,0.036039855840577,0.037739896324933
Delaware,046748,Big Walnut Local,036483,Big Walnut Elementary School,K-4,Open,no,no,no,no,no,no,no,no,0.045281098957008,0.031898734177215,0.036039855840577,0.037739896324933
Delaware,046748,Big Walnut Local,043265,Big Walnut Middle School,7-8,Open,no,no,no,no,no,no,no,no,0.045281098957008,0.031898734177215,0.036039855840577,0.037739896324933
Delaware,046748,Big Walnut Local,066456,Hylen Souders Elementary School,K-4,Open,no,no,no,no,no,no,no,no,0.045281098957008,0.031898734177215,0.036039855840577,0.037739896324933
Delaware,046755,Buckeye Valley Local,001107,Buckeye Valley East Elementary School,K-5;P,Open,no,no,no,no,no,no,no,no,0.063331405436669,0.052479815455594,0.062866449511401,0.059559223467888
Delaware,046755,Buckeye Valley Local,004143,Buckeye Valley Local High School,9-12,Open,no,no,no,no,no,no,no,no,0.063331405436669,0.052479815455594,0.062866449511401,0.059559223467888
Delaware,046755,Buckeye Valley Local,028845,Buckeye Valley West Elementary School,K-5;P,Open,no,no,no,no,no,no,no,no,0.063331405436669,0.052479815455594,0.062866449511401,0.059559223467888
Delaware,046755,Buckeye Valley Local,125245,Buckeye Valley Local Middle School,6-8,Open,no,no,no,no,no,no,no,no,0.063331405436669,0.052479815455594,0.062866449511401,0.059559223467888
Delaware,046763,Olentangy Local,000892,Glen Oak Elementary School,K-5,Open,no,no,no,no,no,no,no,no,0.025630696409688,0.018792282635931,0.023969777237396,0.022797585427672
Delaware,046763,Olentangy Local,008162,Olentangy Meadows Elementary School,K-5,Open,no,no,no,no,no,no,no,no,0.025630696409688,0.018792282635931,0.023969777237396,0.022797585427672
Delaware,046763,Olentangy Local,009075,Johnnycake Corners Elementary School,K-5,Open,no,no,no,no,no,no,no,no,0.025630696409688,0.018792282635931,0.023969777237396,0.022797585427672
Delaware,046763,Olentangy Local,009077,Hyatts Middle School,6-8,Open,no,no,no,no,no,no,no,no,0.025630696409688,0.018792282635931,0.023969777237396,0.022797585427672
Delaware,046763,Olentangy Local,009078,Liberty Tree Elementary School,K-5;P,Open,no,no,no,no,no,no,no,no,0.025630696409688,0.018792282635931,0.023969777237396,0.022797585427672
Delaware,046763,Olentangy Local,009286,Orange High School,9-12,Open,no,no,no,no,no,no,no,no,0.025630696409688,0.018792282635931,0.023969777237396,0.022797585427672
Delaware,046763,Olentangy Local,010162,Freedom Trail Elementary,K-5,Open,no,no,no,no,no,no,no,no,0.025630696409688,0.018792282635931,0.023969777237396,0.022797585427672
Delaware,046763,Olentangy Local,010163,Cheshire Elementary,K-5,Open,no,no,no,no,no,no,no,no,0.025630696409688,0.018792282635931,0.023969777237396,0.022797585427672
Delaware,046763,Olentangy Local,010164,Heritage Elementary School,K-5,Open,no,no,no,no,no,no,no,no,0.025630696409688,0.018792282635931,0.023969777237396,0.022797585427672
Delaware,046763,Olentangy Local,010166,Berkshire Middle School,6-8,Open,no,no,no,no,no,no,no,no,0.025630696409688,0.018792282635931,0.023969777237396,0.022797585427672
Delaware,046763,Olentangy Local,016941,Olentangy Berlin High School,9-12,Open,no,no,no,no,no,no,no,no,0.025630696409688,0.018792282635931,0.023969777237396,0.022797585427672
Delaware,046763,Olentangy Local,019480,Shale Meadows Elementary School,K-5;P,Open,no,no,no,no,no,no,no,no,0.025630696409688,0.018792282635931,0.023969777237396,0.022797585427672
Delaware,046763,Olentangy Local,028548,Olentangy High School,9-12,Open,no,no,no,no,no,no,no,no,0.025630696409688,0.018792282635931,0.023969777237396,0.022797585427672
Delaware,046763,Olentangy Local,043281,Olentangy Shanahan Middle School,6-8,Open,no,no,no,no,no,no,no,no,0.025630696409688,0.018792282635931,0.023969777237396,0.022797585427672
Delaware,046763,Olentangy Local,117770,Wyandot Run Elementary School,K-5;P,Open,no,no,no,no,no,no,no,no,0.025630696409688,0.018792282635931,0.023969777237396,0.022797585427672
Delaware,046763,Olentangy Local,123141,Alum Creek Elementary School,K-5;P,Open,no,no,no,no,no,no,no,no,0.025630696409688,0.018792282635931,0.023969777237396,0.022797585427672
Delaware,046763,Olentangy Local,132225,Scioto Ridge Elementary School,K-5,Open,no,no,no,no,no,no,no,no,0.025630696409688,0.018792282635931,0.023969777237396,0.022797585427672
Delaware,046763,Olentangy Local,132233,Arrowhead Elementary School,K-5;P,Open,no,no,no,no,no,no,no,no,0.025630696409688,0.018792282635931,0.023969777237396,0.022797585427672
Delaware,046763,Olentangy Local,139360,Oak Creek Elementary School,K-5,Open,no,no,no,no,no,no,no,no,0.025630696409688,0.018792282635931,0.023969777237396,0.022797585427672
Delaware,046763,Olentangy Local,140970,Tyler Run Elementary School,K-5,Open,no,no,no,no,no,no,no,no,0.025630696409688,0.018792282635931,0.023969777237396,0.022797585427672
Delaware,046763,Olentangy Local,140988,Olentangy Liberty Middle School,6-8,Open,no,no,no,no,no,no,no,no,0.025630696409688,0.018792282635931,0.023969777237396,0.022797585427672
Delaware,046763,Olentangy Local,145953,Olentangy Liberty High School,9-12,Open,no,no,no,no,no,no,no,no,0.025630696409688,0.018792282635931,0.023969777237396,0.022797585427672
Delaware,046763,Olentangy Local,146860,Olentangy Orange Middle School,6-8,Open,no,no,no,no,no,no,no,no,0.025630696409688,0.018792282635931,0.023969777237396,0.022797585427672
Delaware,046763,Olentangy Local,146878,Indian Springs Elementary,K-5,Open,no,no,no,no,no,no,no,no,0.025630696409688,0.018792282635931,0.023969777237396,0.022797585427672
Delaware,046763,Olentangy Local,146886,Walnut Creek Elementary,K-5,Open,no,no,no,no,no,no,no,no,0.025630696409688,0.018792282635931,0.023969777237396,0.022797585427672
Erie,044131,Huron City Schools,010002,Shawnee Elementary,K-2;P,Closed,no,no,no,no,no,no,no,no,0.115989515072084,0.093729372937294,0.148448043184885,0.119388977064754
Erie,044131,Huron City Schools,017194,Huron High School,9-12,Open,no,no,no,no,no,no,no,no,0.115989515072084,0.093729372937294,0.148448043184885,0.119388977064754
Erie,044131,Huron City Schools,023473,McCormick Middle School,6-8,Open,no,no,no,no,no,no,no,no,0.115989515072084,0.093729372937294,0.148448043184885,0.119388977064754
Erie,044131,Huron City Schools,064287,Woodlands Elementary School,K-5;P,Open,no,no,no,no,no,no,no,no,0.115989515072084,0.093729372937294,0.148448043184885,0.119388977064754
Erie,044743,Sandusky City,000083,Sandusky Middle School,7-8,Open,yes,no,yes,no,yes,yes,yes,yes,0.304995859784709,0.239767699115044,0.350078905839032,0.298280821579595
Erie,044743,Sandusky City,015040,The Early Learning Academy,K;P,Open,yes,no,yes,no,yes,yes,yes,yes,0.304995859784709,0.239767699115044,0.350078905839032,0.298280821579595
Erie,044743,Sandusky City,028662,The Sandusky Primary School,1-2,Open,yes,no,yes,no,yes,yes,yes,yes,0.304995859784709,0.239767699115044,0.350078905839032,0.298280821579595
Erie,044743,Sandusky City,028829,The Sandusky Intermediate School,3-6,Open,yes,no,yes,no,yes,yes,yes,yes,0.304995859784709,0.239767699115044,0.350078905839032,0.298280821579595
Erie,044743,Sandusky City,033555,Sandusky High School,9-12,Open,no,no,no,no,no,no,yes,yes,0.304995859784709,0.239767699115044,0.350078905839032,0.298280821579595
Erie,046789,Edison Local (formerly Berlin-Milan),002485,Edison Middle School (formerly Berlin-Milan Middle School),4-8,Open,no,no,no,no,no,no,no,no,0.129765886287625,0.091644204851752,0.117533718689788,0.112981269943055
Erie,046789,Edison Local (formerly Berlin-Milan),010041,Edison High School,9-12,Open,no,no,no,no,no,no,no,no,0.129765886287625,0.091644204851752,0.117533718689788,0.112981269943055
Erie,046789,Edison Local (formerly Berlin-Milan),024679,Edison Elementary School (formerly Milan Elem),K-3;P,Open,no,no,no,no,no,no,no,no,0.129765886287625,0.091644204851752,0.117533718689788,0.112981269943055
Erie,046805,Margaretta Local,022764,Margaretta High School,6-12,Open,no,no,no,no,no,no,no,no,0.106988783433995,0.092254134029591,0.180616740088106,0.126619885850564
Erie,046805,Margaretta Local,037432,Margaretta Elementary School,K-5;P,Open,no,no,no,no,no,no,no,no,0.106988783433995,0.092254134029591,0.180616740088106,0.126619885850564
Erie,046813,Perkins Local,012757,Furry Elementary School,K-2;P,Open,no,no,no,no,no,no,no,no,0.092687950566426,0.070539419087137,0.087912087912088,0.083713152521884
Erie,046813,Perkins Local,023994,Meadowlawn Elementary School,3-5,Open,no,no,no,no,no,no,no,no,0.092687950566426,0.070539419087137,0.087912087912088,0.083713152521884
Erie,046813,Perkins Local,029629,Briar Middle School,6-8,Open,no,no,no,no,no,no,no,no,0.092687950566426,0.070539419087137,0.087912087912088,0.083713152521884
Erie,046813,Perkins Local,029637,Perkins High School,9-12,Open,no,no,no,no,no,no,no,no,0.092687950566426,0.070539419087137,0.087912087912088,0.083713152521884
Erie,046821,Vermilion Local,035139,Vermilion Elementary School,K-3;P,Open,no,no,no,no,no,no,no,no,0.12861136999068,0.091377694470478,0.109994977398292,0.109994680619817
Erie,046821,Vermilion Local,038331,Sailorway Middle School,4-7,Open,no,no,no,no,no,no,no,no,0.12861136999068,0.091377694470478,0.109994977398292,0.109994680619817
Erie,046821,Vermilion Local,038349,Vermilion High School,8-12,Open,no,no,no,no,no,no,no,no,0.12861136999068,0.091377694470478,0.109994977398292,0.109994680619817
Fairfield,044206,Lancaster City,005132,Gorsuch West Elementary School,K-5,Open,no,no,no,no,no,no,no,no,0.162701668033908,0.123213804259908,0.162637362637363,0.149517611643726
Fairfield,044206,Lancaster City,009340,Mt. Pleasant Elementary School,K-5,Open,no,no,no,no,no,no,no,no,0.162701668033908,0.123213804259908,0.162637362637363,0.149517611643726
Fairfield,044206,Lancaster City,019752,Lancaster High School,9-12;UNG,Open,no,no,no,no,no,no,no,no,0.162701668033908,0.123213804259908,0.162637362637363,0.149517611643726
Fairfield,044206,Lancaster City,024042,Medill Elementary School,K-5,Open,no,no,no,no,no,no,no,no,0.162701668033908,0.123213804259908,0.162637362637363,0.149517611643726
Fairfield,044206,Lancaster City,036889,Tallmadge Elementary School,K-5,Open,no,no,no,no,no,no,no,no,0.162701668033908,0.123213804259908,0.162637362637363,0.149517611643726
Fairfield,044206,Lancaster City,036913,Tarhe Trails Elementary School,K-5,Open,no,no,no,no,no,no,no,no,0.162701668033908,0.123213804259908,0.162637362637363,0.149517611643726
Fairfield,044206,Lancaster City,061630,General Sherman Junior High School,6-8,Open,no,no,no,no,no,no,no,no,0.162701668033908,0.123213804259908,0.162637362637363,0.149517611643726
Fairfield,044206,Lancaster City,061655,Thomas Ewing Junior High School,6-8,Open,no,no,no,no,no,no,no,no,0.162701668033908,0.123213804259908,0.162637362637363,0.149517611643726
Fairfield,046847,Amanda-Clearcreek Local,000539,Amanda-Clearcreek Elementary School,3-5,Open,no,no,no,no,no,no,no,no,0.107405313736574,0.084310441094361,0.126686217008798,0.106133990613244
Fairfield,046847,Amanda-Clearcreek Local,000562,Amanda-Clearcreek High School,9-12,Open,no,no,no,no,no,no,no,no,0.107405313736574,0.084310441094361,0.126686217008798,0.106133990613244
Fairfield,046847,Amanda-Clearcreek Local,006585,Amanda-Clearcreek Primary School,K-2;P,Open,no,no,no,no,no,no,no,no,0.107405313736574,0.084310441094361,0.126686217008798,0.106133990613244
Fairfield,046847,Amanda-Clearcreek Local,122069,Amanda-Clearcreek Middle School,6-8,Open,no,no,no,no,no,no,no,no,0.107405313736574,0.084310441094361,0.126686217008798,0.106133990613244
Fairfield,046854,Berne Union Local,002493,Berne Union Elementary School,K-6;P,Open,no,no,no,no,no,no,no,no,0.105424769703173,0.090080971659919,0.117078410311493,0.104194717224862
Fairfield,046854,Berne Union Local,002501,Berne Union High School,7-12,Open,no,no,no,no,no,no,no,no,0.105424769703173,0.090080971659919,0.117078410311493,0.104194717224862
Fairfield,046862,Bloom-Carroll Local,002857,Bloom Carroll Intermediate School,3-5,Open,no,no,no,no,no,no,no,no,0.048167539267016,0.041882109617373,0.054231717337716,0.048093788740702
Fairfield,046862,Bloom-Carroll Local,002907,Bloom Carroll Primary School,K-2,Open,no,no,no,no,no,no,no,no,0.048167539267016,0.041882109617373,0.054231717337716,0.048093788740702
Fairfield,046862,Bloom-Carroll Local,004994,Bloom-Carroll High School,9-12,Open,no,no,no,no,no,no,no,no,0.048167539267016,0.041882109617373,0.054231717337716,0.048093788740702
Fairfield,046862,Bloom-Carroll Local,067926,Bloom-Carroll Middle School,6-8,Open,no,no,no,no,no,no,no,no,0.048167539267016,0.041882109617373,0.054231717337716,0.048093788740702
Fairfield,046870,Fairfield Union Local,011064,Bremen Elementary School,K-4,Open,no,no,no,no,no,no,no,no,0.123986647591798,0.092365692742696,0.118840579710145,0.111730973348213
Fairfield,046870,Fairfield Union Local,011072,Fairfield Union High School,9-12,Open,no,no,no,no,no,no,no,no,0.123986647591798,0.092365692742696,0.118840579710145,0.111730973348213
Fairfield,046870,Fairfield Union Local,030395,Pleasantville Elementary School,K-4,Open,no,no,no,no,no,no,no,no,0.123986647591798,0.092365692742696,0.118840579710145,0.111730973348213
Fairfield,046870,Fairfield Union Local,067991,Fairfield Union Rushville Middle School,5-8,Open,no,no,no,no,no,no,no,no,0.123986647591798,0.092365692742696,0.118840579710145,0.111730973348213
Fairfield,046888,Liberty Union-Thurston Local,020404,Liberty Union Elementary School,K-4,Open,no,no,no,no,no,no,no,no,0.125177809388336,0.089248067463106,0.096965210954848,0.103797029268763
Fairfield,046888,Liberty Union-Thurston Local,020420,Liberty Union High School,9-12,Open,no,no,no,no,no,no,no,no,0.125177809388336,0.089248067463106,0.096965210954848,0.103797029268763
Fairfield,046888,Liberty Union-Thurston Local,068452,Liberty Union Middle School,5-8,Open,no,no,no,no,no,no,no,no,0.125177809388336,0.089248067463106,0.096965210954848,0.103797029268763
Fairfield,046896,Pickerington Local,011368,Sycamore Creek Elementary School,K-4;P,Open,no,no,no,no,no,no,no,no,0.069387390605465,0.053212142605012,0.066904920212766,0.063168151141081
Fairfield,046896,Pickerington Local,011369,Toll Gate Middle School,5-6,Open,no,no,no,no,no,no,no,no,0.069387390605465,0.053212142605012,0.066904920212766,0.063168151141081
Fairfield,046896,Pickerington Local,011370,Toll Gate Elementary,K-4,Open,no,no,no,no,no,no,no,no,0.069387390605465,0.053212142605012,0.066904920212766,0.063168151141081
Fairfield,046896,Pickerington Local,016945,Pickerington Alternative School,9-12,Open,no,no,no,no,yes,yes,yes,no,0.069387390605465,0.053212142605012,0.066904920212766,0.063168151141081
Fairfield,046896,Pickerington Local,019617,PICKERINGTON ACADEMY,K-12,Open,no,no,no,no,yes,yes,yes,no,0.069387390605465,0.053212142605012,0.066904920212766,0.063168151141081
Fairfield,046896,Pickerington Local,029868,Pickerington Elementary School,K-4;P,Open,no,no,no,no,no,no,no,no,0.069387390605465,0.053212142605012,0.066904920212766,0.063168151141081
Fairfield,046896,Pickerington Local,029876,Pickerington High School Central,9-12,Open,no,no,no,no,no,no,no,no,0.069387390605465,0.053212142605012,0.066904920212766,0.063168151141081
Fairfield,046896,Pickerington Local,065433,Violet Elementary School,K-4;P,Open,no,no,no,no,no,no,no,no,0.069387390605465,0.053212142605012,0.066904920212766,0.063168151141081
Fairfield,046896,Pickerington Local,086579,Fairfield Elementary School,K-4,Open,no,no,no,no,no,no,no,no,0.069387390605465,0.053212142605012,0.066904920212766,0.063168151141081
Fairfield,046896,Pickerington Local,112581,Pickerington Ridgeview Junior High School,7-8,Open,no,no,no,no,no,no,no,no,0.069387390605465,0.053212142605012,0.066904920212766,0.063168151141081
Fairfield,046896,Pickerington Local,123307,Tussing Elementary School,K-4;P,Open,no,no,no,no,no,no,no,no,0.069387390605465,0.053212142605012,0.066904920212766,0.063168151141081
Fairfield,046896,Pickerington Local,138958,Harmon Middle School,5-6,Open,no,no,no,no,no,no,no,no,0.069387390605465,0.053212142605012,0.066904920212766,0.063168151141081
Fairfield,046896,Pickerington Local,138966,Diley Middle School,5-6,Open,no,no,no,no,no,no,no,no,0.069387390605465,0.053212142605012,0.066904920212766,0.063168151141081
Fairfield,046896,Pickerington Local,142638,Heritage Elementary School,K-4,Open,no,no,no,no,no,no,no,no,0.069387390605465,0.053212142605012,0.066904920212766,0.063168151141081
Fairfield,046896,Pickerington Local,145078,Pickerington Lakeview Junior High,7-8,Open,no,no,no,no,no,no,no,no,0.069387390605465,0.053212142605012,0.066904920212766,0.063168151141081
Fairfield,046896,Pickerington Local,145086,Pickerington High School North,9-12,Open,no,no,no,no,no,no,no,no,0.069387390605465,0.053212142605012,0.066904920212766,0.063168151141081
Fairfield,046904,Walnut Township Local,039065,Millersport Elementary School,K-5,Open,no,no,no,no,no,no,no,no,0.105882352941176,0.079941860465116,0.148464163822526,0.111429459076273
Fairfield,046904,Walnut Township Local,039081,Millersport Jr/Sr High School,6-12,Open,no,no,no,no,no,no,no,no,0.105882352941176,0.079941860465116,0.148464163822526,0.111429459076273
Fayette,045013,Washington Court House City,011579,Cherry Hill Primary,K-2;P,Open,no,no,no,no,no,no,no,yes,0.226021684737281,0.226383687057844,0.259501430322844,0.237302267372657
Fayette,045013,Washington Court House City,011580,Belle Aire Intermediate,3-5,Open,no,no,no,no,no,no,no,yes,0.226021684737281,0.226383687057844,0.259501430322844,0.237302267372657
Fayette,045013,Washington Court House City,039628,Washington Middle School,6-8,Open,no,no,no,no,no,no,no,yes,0.226021684737281,0.226383687057844,0.259501430322844,0.237302267372657
Fayette,045013,Washington Court House City,039701,Washington High School,9-12,Open,no,no,no,no,no,no,no,yes,0.226021684737281,0.226383687057844,0.259501430322844,0.237302267372657
Fayette,046920,Miami Trace Local,002964,Miami Trace Middle School,6-8,Open,no,no,no,no,no,no,no,no,0.187143400532522,0.166603415559772,0.178596993557623,0.177447936549973
Fayette,046920,Miami Trace Local,009487,Miami Trace Elementary School,K-5,Open,no,no,no,no,no,no,no,no,0.187143400532522,0.166603415559772,0.178596993557623,0.177447936549973
Fayette,046920,Miami Trace Local,024414,Miami Trace High School,9-12,Open,no,no,no,no,no,no,no,no,0.187143400532522,0.166603415559772,0.178596993557623,0.177447936549973
Franklin,043620,Bexley City,002675,Bexley High School,9-12,Open,no,no,no,no,no,no,no,no,0.037960954446855,0.044038668098818,0.041362530413625,0.041120717653099
Franklin,043620,Bexley City,005082,Cassingham Elementary School,K-5,Open,no,no,no,no,no,no,no,no,0.037960954446855,0.044038668098818,0.041362530413625,0.041120717653099
Franklin,043620,Bexley City,023093,Maryland Elementary School,K-5,Open,no,no,no,no,no,no,no,no,0.037960954446855,0.044038668098818,0.041362530413625,0.041120717653099
Franklin,043620,Bexley City,025445,Montrose Elementary School,K-5,Open,no,no,no,no,no,no,no,no,0.037960954446855,0.044038668098818,0.041362530413625,0.041120717653099
Franklin,043620,Bexley City,070201,Bexley Middle School,6-8,Open,no,no,no,no,no,no,no,no,0.037960954446855,0.044038668098818,0.041362530413625,0.041120717653099
Franklin,043802,Columbus City Schools District,000435,Eastgate Elementary School,K-5;P,Open,yes,no,yes,no,yes,yes,yes,yes,0.297663563794521,0.310912122684243,0.300344479266492,0.302973388581752
Franklin,043802,Columbus City Schools District,000497,Alpine Elementary School,K-3;P,Open,no,no,no,no,no,no,no,yes,0.297663563794521,0.310912122684243,0.300344479266492,0.302973388581752
Franklin,043802,Columbus City Schools District,000513,Columbus Scioto 6-12,6-12,Open,yes,no,yes,no,yes,yes,yes,yes,0.297663563794521,0.310912122684243,0.300344479266492,0.302973388581752
Franklin,043802,Columbus City Schools District,001396,Avondale Elementary School,K-5;P,Open,yes,no,yes,no,yes,yes,yes,yes,0.297663563794521,0.310912122684243,0.300344479266492,0.302973388581752
Franklin,043802,Columbus City Schools District,001917,Beatty Park Elementary School,K-5,Open,yes,no,yes,no,yes,yes,yes,yes,0.297663563794521,0.310912122684243,0.300344479266492,0.302973388581752
Franklin,043802,Columbus City Schools District,001925,Columbus Spanish Immersion K-7 School,K-5;P,Open,yes,no,yes,no,yes,yes,yes,yes,0.297663563794521,0.310912122684243,0.300344479266492,0.302973388581752
Franklin,043802,Columbus City Schools District,002527,Berwick Alternative K-8 School,P;K-8,Open,yes,no,yes,no,yes,yes,yes,yes,0.297663563794521,0.310912122684243,0.300344479266492,0.302973388581752
Franklin,043802,Columbus City Schools District,002733,Binns Elementary School,K-5,Open,yes,no,yes,no,yes,yes,yes,yes,0.297663563794521,0.310912122684243,0.300344479266492,0.302973388581752
Franklin,043802,Columbus City Schools District,003665,Broadleigh Elementary School,K-5;P,Open,yes,no,yes,no,yes,yes,yes,yes,0.297663563794521,0.310912122684243,0.300344479266492,0.302973388581752
Franklin,043802,Columbus City Schools District,004135,Buckeye Middle School,6-8,Open,yes,no,yes,no,yes,yes,yes,yes,0.297663563794521,0.310912122684243,0.300344479266492,0.302973388581752
Franklin,043802,Columbus City Schools District,004341,Burroughs Elementary School,K-5;P,Open,yes,no,yes,no,yes,yes,yes,yes,0.297663563794521,0.310912122684243,0.300344479266492,0.302973388581752
Franklin,043802,Columbus City Schools District,005181,Cedarwood Alternative Elementary School,K-5;P,Open,yes,no,yes,no,yes,yes,yes,yes,0.297663563794521,0.310912122684243,0.300344479266492,0.302973388581752
Franklin,043802,Columbus City Schools District,005827,Champion Middle School,6-8,Open,yes,no,yes,no,yes,yes,yes,yes,0.297663563794521,0.310912122684243,0.300344479266492,0.302973388581752
Franklin,043802,Columbus City Schools District,006387,Watkins Elementary School,K-5;P,Open,yes,no,yes,no,yes,yes,yes,yes,0.297663563794521,0.310912122684243,0.300344479266492,0.302973388581752
Franklin,043802,Columbus City Schools District,006692,Clinton Elementary School,K-5,Open,no,no,no,no,no,no,no,yes,0.297663563794521,0.310912122684243,0.300344479266492,0.302973388581752
Franklin,043802,Columbus City Schools District,006874,Colerain Elementary School,K-5;P,Open,no,no,no,no,no,no,no,yes,0.297663563794521,0.310912122684243,0.300344479266492,0.302973388581752
Franklin,043802,Columbus City Schools District,007120,Como Elementary School,K-5;P,Open,yes,no,yes,no,yes,yes,yes,yes,0.297663563794521,0.310912122684243,0.300344479266492,0.302973388581752
Franklin,043802,Columbus City Schools District,007567,Cranbrook Elementary School,K-5,Open,no,no,no,no,no,yes,no,yes,0.297663563794521,0.310912122684243,0.300344479266492,0.302973388581752
Franklin,043802,Columbus City Schools District,008037,Starling PK-8,P;K-8,Open,yes,no,yes,no,yes,yes,yes,yes,0.297663563794521,0.310912122684243,0.300344479266492,0.302973388581752
Franklin,043802,Columbus City Schools District,008474,Devonshire Alternative Elementary School,K-5;P,Open,yes,no,yes,no,yes,yes,yes,yes,0.297663563794521,0.310912122684243,0.300344479266492,0.302973388581752
Franklin,043802,Columbus City Schools District,008581,Dominion Middle School,6-8,Open,no,no,no,no,no,no,no,yes,0.297663563794521,0.310912122684243,0.300344479266492,0.302973388581752
Franklin,043802,Columbus City Schools District,008912,Duxberry Park Alternative Elementary School,K-5;P,Open,yes,no,yes,no,yes,yes,yes,yes,0.297663563794521,0.310912122684243,0.300344479266492,0.302973388581752
Franklin,043802,Columbus City Schools District,009001,East Columbus Elementary School,K-5;P,Open,yes,no,yes,no,yes,yes,yes,yes,0.297663563794521,0.310912122684243,0.300344479266492,0.302973388581752
Franklin,043802,Columbus City Schools District,009076,East Linden Elementary School,K-5;P,Open,yes,no,yes,no,yes,yes,yes,yes,0.297663563794521,0.310912122684243,0.300344479266492,0.302973388581752
Franklin,043802,Columbus City Schools District,009233,Eakin Elementary School,K-5;P,Open,yes,no,yes,no,yes,yes,yes,yes,0.297663563794521,0.310912122684243,0.300344479266492,0.302973388581752
Franklin,043802,Columbus City Schools District,009514,East High School,9-12,Open,yes,no,yes,no,yes,yes,yes,yes,0.297663563794521,0.310912122684243,0.300344479266492,0.302973388581752
Franklin,043802,Columbus City Schools District,009613,Easthaven Elementary School,K-5;P,Open,yes,no,yes,no,yes,yes,yes,yes,0.297663563794521,0.310912122684243,0.300344479266492,0.302973388581752
Franklin,043802,Columbus City Schools District,010876,Arts Impact Middle School (Aims),6-8,Open,yes,no,yes,no,yes,yes,yes,yes,0.297663563794521,0.310912122684243,0.300344479266492,0.302973388581752
Franklin,043802,Columbus City Schools District,011189,Fairmoor Elementary School,K-5;P,Open,yes,no,yes,no,yes,yes,yes,yes,0.297663563794521,0.310912122684243,0.300344479266492,0.302973388581752
Franklin,043802,Columbus City Schools District,011312,Fairwood Alternative Elementary School,K-6;P,Open,yes,no,yes,no,yes,yes,yes,yes,0.297663563794521,0.310912122684243,0.300344479266492,0.302973388581752
Franklin,043802,Columbus City Schools District,011593,Hubbard Elementary School,K-5;P,Open,yes,no,yes,no,yes,yes,yes,yes,0.297663563794521,0.310912122684243,0.300344479266492,0.302973388581752
Franklin,043802,Columbus City Schools District,011957,Forest Park Elementary School,K-5;P,Open,yes,no,yes,no,yes,yes,yes,yes,0.297663563794521,0.310912122684243,0.300344479266492,0.302973388581752
Franklin,043802,Columbus City Schools District,011995,Columbus International High School,9-12,Open,yes,no,yes,no,yes,yes,yes,yes,0.297663563794521,0.310912122684243,0.300344479266492,0.302973388581752
Franklin,043802,Columbus City Schools District,011996,Columbus City Preparatory School for Girls,6-8,Open,yes,no,yes,no,yes,yes,yes,yes,0.297663563794521,0.310912122684243,0.300344479266492,0.302973388581752
Franklin,043802,Columbus City Schools District,011997,Columbus City Preparatory School for Boys,6-8,Open,yes,no,yes,no,yes,yes,yes,yes,0.297663563794521,0.310912122684243,0.300344479266492,0.302973388581752
Franklin,043802,Columbus City Schools District,013334,Georgian Heights Alt Elementary School,K-5;P,Open,no,no,no,no,no,no,no,yes,0.297663563794521,0.310912122684243,0.300344479266492,0.302973388581752
Franklin,043802,Columbus City Schools District,014902,Hamilton STEM Academy (K-6),K-6;P,Open,yes,no,yes,no,yes,yes,yes,yes,0.297663563794521,0.310912122684243,0.300344479266492,0.302973388581752
Franklin,043802,Columbus City Schools District,015723,Northgate Intermediate,4-5,Open,no,no,no,no,no,no,no,yes,0.297663563794521,0.310912122684243,0.300344479266492,0.302973388581752
Franklin,043802,Columbus City Schools District,016113,Highland Elementary School,K-5;P,Open,yes,no,yes,no,yes,yes,yes,yes,0.297663563794521,0.310912122684243,0.300344479266492,0.302973388581752
Franklin,043802,Columbus City Schools District,016386,Hilltonia Middle School,6-8,Open,yes,no,yes,no,yes,yes,yes,yes,0.297663563794521,0.310912122684243,0.300344479266492,0.302973388581752
Franklin,043802,Columbus City Schools District,017228,Huy/A.G. Bell Elementary School,K-5;P,Open,yes,no,yes,no,yes,yes,yes,yes,0.297663563794521,0.310912122684243,0.300344479266492,0.302973388581752
Franklin,043802,Columbus City Schools District,017308,Columbus Africentric Early College Middle School,6-8,Open,yes,no,yes,no,yes,yes,yes,yes,0.297663563794521,0.310912122684243,0.300344479266492,0.302973388581752
Franklin,043802,Columbus City Schools District,017392,Indian Springs Elementary School,K-5,Open,no,no,no,no,no,no,no,yes,0.297663563794521,0.310912122684243,0.300344479266492,0.302973388581752
Franklin,043802,Columbus City Schools District,017434,Indianola Informal K-8 School,K-8,Open,no,no,no,no,no,no,no,yes,0.297663563794521,0.310912122684243,0.300344479266492,0.302973388581752
Franklin,043802,Columbus City Schools District,018465,Johnson Park Middle School,6-8,Open,yes,no,yes,no,yes,yes,yes,yes,0.297663563794521,0.310912122684243,0.300344479266492,0.302973388581752
Franklin,043802,Columbus City Schools District,018879,Ecole Kenwood French Immersion,K-5;P,Open,no,no,no,no,no,no,no,yes,0.297663563794521,0.310912122684243,0.300344479266492,0.302973388581752
Franklin,043802,Columbus City Schools District,019525,World Language Middle School,6-8,Open,yes,no,yes,no,yes,yes,yes,yes,0.297663563794521,0.310912122684243,0.300344479266492,0.302973388581752
Franklin,043802,Columbus City Schools District,020024,Leawood Elementary School,K-5;P,Open,yes,no,yes,no,yes,yes,yes,yes,0.297663563794521,0.310912122684243,0.300344479266492,0.302973388581752
Franklin,043802,Columbus City Schools District,020245,Columbus Online Academy,K-12,Open,no,no,no,no,no,,yes,yes,0.297663563794521,0.310912122684243,0.300344479266492,0.302973388581752
Franklin,043802,Columbus City Schools District,020974,Lincoln Park Elementary School,K-6;P,Open,yes,no,yes,no,yes,yes,yes,yes,0.297663563794521,0.310912122684243,0.300344479266492,0.302973388581752
Franklin,043802,Columbus City Schools District,021014,Lindbergh Elementary School,K-5;P,Open,yes,no,yes,no,yes,yes,yes,yes,0.297663563794521,0.310912122684243,0.300344479266492,0.302973388581752
Franklin,043802,Columbus City Schools District,021022,Linden STEM Academy (K-6),K-6;P,Open,yes,no,yes,no,yes,yes,yes,yes,0.297663563794521,0.310912122684243,0.300344479266492,0.302973388581752
Franklin,043802,Columbus City Schools District,021030,Linden-McKinley STEM Academy,7-12,Open,yes,no,yes,no,yes,yes,yes,yes,0.297663563794521,0.310912122684243,0.300344479266492,0.302973388581752
Franklin,043802,Columbus City Schools District,021147,Livingston Elementary School,K-6;P,Open,yes,no,yes,no,yes,yes,yes,yes,0.297663563794521,0.310912122684243,0.300344479266492,0.302973388581752
Franklin,043802,Columbus City Schools District,022293,Maize Road Elementary School,K-5;P,Open,yes,no,yes,no,yes,yes,yes,yes,0.297663563794521,0.310912122684243,0.300344479266492,0.302973388581752
Franklin,043802,Columbus City Schools District,022855,Marion-Franklin High School,9-12,Open,yes,no,yes,no,yes,yes,yes,yes,0.297663563794521,0.310912122684243,0.300344479266492,0.302973388581752
Franklin,043802,Columbus City Schools District,023606,Columbus Alternative High School,9-12,Open,no,no,no,no,no,no,no,yes,0.297663563794521,0.310912122684243,0.300344479266492,0.302973388581752
Franklin,043802,Columbus City Schools District,024067,Medina Middle School,6-8,Open,yes,no,yes,no,yes,yes,yes,yes,0.297663563794521,0.310912122684243,0.300344479266492,0.302973388581752
Franklin,043802,Columbus City Schools District,024653,Cassady Alternative Elementary School,K-5;P,Open,yes,no,yes,no,yes,yes,yes,yes,0.297663563794521,0.310912122684243,0.300344479266492,0.302973388581752
Franklin,043802,Columbus City Schools District,024661,Mifflin High School,9-12,Open,yes,no,yes,no,yes,yes,yes,yes,0.297663563794521,0.310912122684243,0.300344479266492,0.302973388581752
Franklin,043802,Columbus City Schools District,025163,Columbus Africentric Early College ES,K-5;P,Open,yes,no,yes,no,yes,yes,yes,yes,0.297663563794521,0.310912122684243,0.300344479266492,0.302973388581752
Franklin,043802,Columbus City Schools District,025171,Moler Elementary School,K-6;P,Open,yes,no,yes,no,yes,yes,yes,yes,0.297663563794521,0.310912122684243,0.300344479266492,0.302973388581752
Franklin,043802,Columbus City Schools District,026245,North Linden Elementary School,K-5,Open,yes,no,yes,no,yes,yes,yes,yes,0.297663563794521,0.310912122684243,0.300344479266492,0.302973388581752
Franklin,043802,Columbus City Schools District,026542,Special Education Center,K;1-12;UNG,Open,yes,no,yes,no,yes,yes,yes,yes,0.297663563794521,0.310912122684243,0.300344479266492,0.302973388581752
Franklin,043802,Columbus City Schools District,027680,Northland High School,9-12,Open,yes,no,yes,no,yes,yes,yes,yes,0.297663563794521,0.310912122684243,0.300344479266492,0.302973388581752
Franklin,043802,Columbus City Schools District,027813,Northtowne Elementary School,K-5;P,Open,yes,no,yes,no,yes,yes,yes,yes,0.297663563794521,0.310912122684243,0.300344479266492,0.302973388581752
Franklin,043802,Columbus City Schools District,028290,Oakland Park Alternative Elementary,K-5;P,Open,yes,no,yes,no,yes,yes,yes,yes,0.297663563794521,0.310912122684243,0.300344479266492,0.302973388581752
Franklin,043802,Columbus City Schools District,028316,Oakmont Elementary School,K-5,Open,yes,no,yes,no,yes,yes,yes,yes,0.297663563794521,0.310912122684243,0.300344479266492,0.302973388581752
Franklin,043802,Columbus City Schools District,028423,Ohio Avenue Elementary School,K-5;P,Open,yes,no,yes,no,yes,yes,yes,yes,0.297663563794521,0.310912122684243,0.300344479266492,0.302973388581752
Franklin,043802,Columbus City Schools District,028530,Olde Orchard Alt Elementary School,K-5;P,Open,no,no,no,no,no,yes,no,yes,0.297663563794521,0.310912122684243,0.300344479266492,0.302973388581752
Franklin,043802,Columbus City Schools District,029181,Parkmoor Elementary School,K-5;P,Open,no,no,no,no,no,no,no,yes,0.297663563794521,0.310912122684243,0.300344479266492,0.302973388581752
Franklin,043802,Columbus City Schools District,029355,Parsons Elementary School,K-5;P,Open,yes,no,yes,no,yes,yes,yes,yes,0.297663563794521,0.310912122684243,0.300344479266492,0.302973388581752
Franklin,043802,Columbus City Schools District,031740,Ridgeview Middle School,6-8,Open,yes,no,yes,no,yes,yes,yes,yes,0.297663563794521,0.310912122684243,0.300344479266492,0.302973388581752
Franklin,043802,Columbus City Schools District,033258,South Mifflin STEM Academy (K-6),K-6;P,Open,no,no,no,no,no,yes,no,yes,0.297663563794521,0.310912122684243,0.300344479266492,0.302973388581752
Franklin,043802,Columbus City Schools District,033464,Salem Elementary School,K-5;P,Open,yes,no,yes,no,yes,yes,yes,yes,0.297663563794521,0.310912122684243,0.300344479266492,0.302973388581752
Franklin,043802,Columbus City Schools District,033894,Scottwood Elementary School,K-5;P,Open,yes,no,yes,no,yes,yes,yes,yes,0.297663563794521,0.310912122684243,0.300344479266492,0.302973388581752
Franklin,043802,Columbus City Schools District,034082,Shady Lane Elementary School,K-5;P,Open,yes,no,yes,no,yes,yes,yes,yes,0.297663563794521,0.310912122684243,0.300344479266492,0.302973388581752
Franklin,043802,Columbus City Schools District,034439,Sherwood Middle School,6-8,Open,yes,no,yes,no,yes,yes,yes,yes,0.297663563794521,0.310912122684243,0.300344479266492,0.302973388581752
Franklin,043802,Columbus City Schools District,034587,Siebert Elementary School,K-6;P,Open,yes,no,yes,no,yes,yes,yes,yes,0.297663563794521,0.310912122684243,0.300344479266492,0.302973388581752
Franklin,043802,Columbus City Schools District,035063,South High School,7-12,Open,yes,no,yes,no,yes,yes,yes,yes,0.297663563794521,0.310912122684243,0.300344479266492,0.302973388581752
Franklin,043802,Columbus City Schools District,035279,Southwood Elementary School,K-6;P,Open,yes,no,yes,no,yes,yes,yes,yes,0.297663563794521,0.310912122684243,0.300344479266492,0.302973388581752
Franklin,043802,Columbus City Schools District,036053,Stewart Alternative Elementary School,K-6;P,Open,yes,no,yes,no,yes,yes,yes,yes,0.297663563794521,0.310912122684243,0.300344479266492,0.302973388581752
Franklin,043802,Columbus City Schools District,036392,Sullivant Elementary School,K-5;P,Open,yes,no,yes,no,yes,yes,yes,yes,0.297663563794521,0.310912122684243,0.300344479266492,0.302973388581752
Franklin,043802,Columbus City Schools District,037499,Trevitt Elementary School,K-5;P,Open,yes,no,yes,no,yes,yes,yes,yes,0.297663563794521,0.310912122684243,0.300344479266492,0.302973388581752
Franklin,043802,Columbus City Schools District,038091,Valley Forge Elementary School,K-5;P,Open,yes,no,yes,no,yes,yes,yes,yes,0.297663563794521,0.310912122684243,0.300344479266492,0.302973388581752
Franklin,043802,Columbus City Schools District,038190,Valleyview Elementary School,K-5;P,Open,yes,no,yes,no,yes,yes,yes,yes,0.297663563794521,0.310912122684243,0.300344479266492,0.302973388581752
Franklin,043802,Columbus City Schools District,038562,West Broad Elementary School,K-5;P,Open,yes,no,yes,no,yes,yes,yes,yes,0.297663563794521,0.310912122684243,0.300344479266492,0.302973388581752
Franklin,043802,Columbus City Schools District,038828,West Mound Elementary School,K-5;P,Open,yes,no,yes,no,yes,yes,yes,yes,0.297663563794521,0.310912122684243,0.300344479266492,0.302973388581752
Franklin,043802,Columbus City Schools District,039107,Walnut Ridge High School,9-12,Open,yes,no,yes,no,yes,yes,yes,yes,0.297663563794521,0.310912122684243,0.300344479266492,0.302973388581752
Franklin,043802,Columbus City Schools District,040162,Wedgewood Middle School,6-8,Open,yes,no,yes,no,yes,yes,yes,yes,0.297663563794521,0.310912122684243,0.300344479266492,0.302973388581752
Franklin,043802,Columbus City Schools District,040188,Weinland Park Elementary School,K-5;P,Open,yes,no,yes,no,yes,yes,yes,yes,0.297663563794521,0.310912122684243,0.300344479266492,0.302973388581752
Franklin,043802,Columbus City Schools District,040527,West High School,9-12,Open,yes,no,yes,no,yes,yes,yes,yes,0.297663563794521,0.310912122684243,0.300344479266492,0.302973388581752
Franklin,043802,Columbus City Schools District,040725,Westgate Alternative Elementary School,K-5;P,Open,yes,no,yes,no,yes,yes,yes,yes,0.297663563794521,0.310912122684243,0.300344479266492,0.302973388581752
Franklin,043802,Columbus City Schools District,040782,Westmoor Middle School,6-8,Open,yes,no,yes,no,yes,yes,yes,yes,0.297663563794521,0.310912122684243,0.300344479266492,0.302973388581752
Franklin,043802,Columbus City Schools District,040964,Whetstone High School,9-12,Open,yes,no,yes,no,yes,yes,yes,yes,0.297663563794521,0.310912122684243,0.300344479266492,0.302973388581752
Franklin,043802,Columbus City Schools District,041749,Windsor STEM Academy (K-6),K-6;P,Open,yes,no,yes,no,yes,yes,yes,yes,0.297663563794521,0.310912122684243,0.300344479266492,0.302973388581752
Franklin,043802,Columbus City Schools District,041822,Winterset Elementary School,K-5;P,Open,no,no,no,no,no,no,no,yes,0.297663563794521,0.310912122684243,0.300344479266492,0.302973388581752
Franklin,043802,Columbus City Schools District,041947,Woodcrest Elementary School,K-5;P,Open,yes,no,yes,no,yes,yes,yes,yes,0.297663563794521,0.310912122684243,0.300344479266492,0.302973388581752
Franklin,043802,Columbus City Schools District,042184,Woodward Park Middle School,6-8,Open,yes,no,yes,no,yes,yes,yes,yes,0.297663563794521,0.310912122684243,0.300344479266492,0.302973388581752
Franklin,043802,Columbus City Schools District,042499,Yorktown Middle School,6-8,Open,yes,no,yes,no,yes,yes,yes,yes,0.297663563794521,0.310912122684243,0.300344479266492,0.302973388581752
Franklin,043802,Columbus City Schools District,067728,Briggs High School,9-12,Open,yes,no,yes,no,yes,yes,yes,yes,0.297663563794521,0.310912122684243,0.300344479266492,0.302973388581752
Franklin,043802,Columbus City Schools District,067736,Independence High School,9-12,Open,yes,no,yes,no,yes,yes,yes,yes,0.297663563794521,0.310912122684243,0.300344479266492,0.302973388581752
Franklin,043802,Columbus City Schools District,067744,Innis Elementary School,K-5,Open,yes,no,yes,no,yes,yes,yes,yes,0.297663563794521,0.310912122684243,0.300344479266492,0.302973388581752
Franklin,043802,Columbus City Schools District,067751,Liberty Elementary School,K-5;P,Open,yes,no,yes,no,yes,yes,yes,yes,0.297663563794521,0.310912122684243,0.300344479266492,0.302973388581752
Franklin,043802,Columbus City Schools District,068239,Fort Hayes Arts and Academic HS,9-12,Open,yes,no,yes,no,yes,yes,yes,yes,0.297663563794521,0.310912122684243,0.300344479266492,0.302973388581752
Franklin,043802,Columbus City Schools District,068528,Beechcroft High School,9-12,Open,yes,no,yes,no,yes,yes,yes,yes,0.297663563794521,0.310912122684243,0.300344479266492,0.302973388581752
Franklin,043802,Columbus City Schools District,068536,Centennial High School,9-12,Open,yes,no,yes,no,yes,yes,yes,yes,0.297663563794521,0.310912122684243,0.300344479266492,0.302973388581752
Franklin,043802,Columbus City Schools District,068544,Gables Elementary School,K-5,Open,no,no,no,no,no,no,no,yes,0.297663563794521,0.310912122684243,0.300344479266492,0.302973388581752
Franklin,043802,Columbus City Schools District,070078,Mifflin Alternative Middle School,6-8,Open,yes,no,yes,no,yes,yes,yes,yes,0.297663563794521,0.310912122684243,0.300344479266492,0.302973388581752
Franklin,043802,Columbus City Schools District,070086,Avalon Elementary School,K-3,Open,yes,no,yes,no,yes,yes,yes,yes,0.297663563794521,0.310912122684243,0.300344479266492,0.302973388581752
Franklin,043802,Columbus City Schools District,138198,Eastmoor Academy,9-12,Open,yes,no,yes,no,yes,yes,yes,yes,0.297663563794521,0.310912122684243,0.300344479266492,0.302973388581752
Franklin,043802,Columbus City Schools District,142034,Columbus Africentric Early College High School,9-12,Open,yes,no,yes,no,yes,yes,yes,yes,0.297663563794521,0.310912122684243,0.300344479266492,0.302973388581752
Franklin,044073,Grandview Heights Schools,014100,Grandview Heights High School,9-12,Open,no,no,no,no,no,no,no,no,0.050632911392405,0.047805642633229,0.041269841269841,0.046569465098492
Franklin,044073,Grandview Heights Schools,014118,Larson Middle School,4-8,Open,no,no,no,no,no,no,no,no,0.050632911392405,0.047805642633229,0.041269841269841,0.046569465098492
Franklin,044073,Grandview Heights Schools,032078,Stevenson Elementary,K-3,Open,no,no,no,no,no,no,no,no,0.050632911392405,0.047805642633229,0.041269841269841,0.046569465098492
Franklin,044800,South-Western City,000505,Alton Hall Elementary School,K-4;P,Open,no,no,no,no,yes,yes,yes,no,0.177882989516402,0.199114385651559,0.19939781708694,0.192131730751634
Franklin,044800,South-Western City,008102,Darbydale Elementary School,H;K;1-4,Open,no,no,no,no,no,no,no,no,0.177882989516402,0.199114385651559,0.19939781708694,0.192131730751634
Franklin,044800,South-Western City,011643,Finland Elementary School,K-4;P,Open,no,no,no,no,no,no,no,no,0.177882989516402,0.199114385651559,0.19939781708694,0.192131730751634
Franklin,044800,South-Western City,012328,Franklin Heights High School,9-12,Open,no,no,no,no,yes,yes,yes,no,0.177882989516402,0.199114385651559,0.19939781708694,0.192131730751634
Franklin,044800,South-Western City,015759,Bolton Crossing Elementary,K-4;P,Open,no,no,no,no,no,no,no,no,0.177882989516402,0.199114385651559,0.19939781708694,0.192131730751634
Franklin,044800,South-Western City,017307,East Franklin Elementary School,K-4;P,Open,no,no,no,no,yes,yes,yes,no,0.177882989516402,0.199114385651559,0.19939781708694,0.192131730751634
Franklin,044800,South-Western City,025379,Monterey Elementary School,K-4,Open,no,no,no,no,no,no,no,no,0.177882989516402,0.199114385651559,0.19939781708694,0.192131730751634
Franklin,044800,South-Western City,030676,Prairie Lincoln Elementary School,K-4,Open,no,no,no,no,yes,yes,yes,no,0.177882989516402,0.199114385651559,0.19939781708694,0.192131730751634
Franklin,044800,South-Western City,030684,Prairie Norton Elementary School,K-4;P,Open,no,no,no,no,no,no,yes,no,0.177882989516402,0.199114385651559,0.19939781708694,0.192131730751634
Franklin,044800,South-Western City,031468,Richard Avenue Elementary School,K-4,Open,no,no,no,no,no,no,no,no,0.177882989516402,0.199114385651559,0.19939781708694,0.192131730751634
Franklin,044800,South-Western City,033191,James A Harmon Elementary School,K-4;P,Open,no,no,no,no,no,no,no,no,0.177882989516402,0.199114385651559,0.19939781708694,0.192131730751634
Franklin,044800,South-Western City,034892,JC Sommer Elementary School,K-4,Open,no,no,no,no,no,no,no,no,0.177882989516402,0.199114385651559,0.19939781708694,0.192131730751634
Franklin,044800,South-Western City,036129,Stiles Elementary School,K-4;P,Open,no,no,no,no,yes,yes,yes,no,0.177882989516402,0.199114385651559,0.19939781708694,0.192131730751634
Franklin,044800,South-Western City,038646,West Franklin Elementary School,K-4,Open,no,no,no,no,no,no,no,no,0.177882989516402,0.199114385651559,0.19939781708694,0.192131730751634
Franklin,044800,South-Western City,043026,Highland Park Elementary School,K-4,Open,no,no,no,no,no,no,no,no,0.177882989516402,0.199114385651559,0.19939781708694,0.192131730751634
Franklin,044800,South-Western City,061325,Grove City High School,9-12,Open,no,no,no,no,no,no,no,no,0.177882989516402,0.199114385651559,0.19939781708694,0.192131730751634
Franklin,044800,South-Western City,061333,Westland High School,9-12,Open,no,no,no,no,no,no,yes,no,0.177882989516402,0.199114385651559,0.19939781708694,0.192131730751634
Franklin,044800,South-Western City,062182,Pleasant View Middle School,7-8,Open,no,no,no,no,no,no,no,no,0.177882989516402,0.199114385651559,0.19939781708694,0.192131730751634
Franklin,044800,South-Western City,062190,Beulah Park Middle School,7-8,Open,no,no,no,no,no,no,no,no,0.177882989516402,0.199114385651559,0.19939781708694,0.192131730751634
Franklin,044800,South-Western City,062208,Finland Middle School,7-8,Open,no,no,no,no,no,no,no,no,0.177882989516402,0.199114385651559,0.19939781708694,0.192131730751634
Franklin,044800,South-Western City,062216,Norton Middle School,7-8,Open,no,no,no,no,yes,yes,yes,no,0.177882989516402,0.199114385651559,0.19939781708694,0.192131730751634
Franklin,044800,South-Western City,121525,Buckeye Woods Elementary School,K-4,Open,no,no,no,no,no,no,no,no,0.177882989516402,0.199114385651559,0.19939781708694,0.192131730751634
Franklin,044800,South-Western City,121533,Darby Woods Elementary School,K-4,Open,no,no,no,no,no,no,no,no,0.177882989516402,0.199114385651559,0.19939781708694,0.192131730751634
Franklin,044800,South-Western City,138727,Franklin Woods Intermediate School,5-6,Open,no,no,no,no,yes,yes,yes,no,0.177882989516402,0.199114385651559,0.19939781708694,0.192131730751634
Franklin,044800,South-Western City,138735,Holt Crossing Intermediate School,5-6,Open,no,no,no,no,no,no,no,no,0.177882989516402,0.199114385651559,0.19939781708694,0.192131730751634
Franklin,044800,South-Western City,138743,Galloway Ridge Intermediate School,5-6,Open,no,no,no,no,yes,yes,yes,no,0.177882989516402,0.199114385651559,0.19939781708694,0.192131730751634
Franklin,044800,South-Western City,138750,Park Street Intermediate School,5-6,Open,no,no,no,no,no,no,no,no,0.177882989516402,0.199114385651559,0.19939781708694,0.192131730751634
Franklin,044800,South-Western City,142000,Jackson Middle School,7-8,Open,no,no,no,no,no,no,no,no,0.177882989516402,0.199114385651559,0.19939781708694,0.192131730751634
Franklin,044800,South-Western City,142018,Central Crossing High School,9-12,Open,no,no,no,no,no,no,no,no,0.177882989516402,0.199114385651559,0.19939781708694,0.192131730751634
Franklin,044800,South-Western City,152132,Hayes Intermediate School,5-6,Open,no,no,no,no,no,no,no,no,0.177882989516402,0.199114385651559,0.19939781708694,0.192131730751634
Franklin,044933,Upper Arlington City,001644,Barrington Road Elementary School,K-5,Open,no,no,no,no,no,no,no,no,0.02569895509743,0.030625087400364,0.033320266562133,0.029881436353309
Franklin,044933,Upper Arlington City,014597,Greensview Elementary School,K-5,Open,no,no,no,no,no,no,no,no,0.02569895509743,0.030625087400364,0.033320266562133,0.029881436353309
Franklin,044933,Upper Arlington City,015602,Hastings Middle School,6-8,Open,no,no,no,no,no,no,no,no,0.02569895509743,0.030625087400364,0.033320266562133,0.029881436353309
Franklin,044933,Upper Arlington City,018531,Jones Middle School,6-8,Open,no,no,no,no,no,no,no,no,0.02569895509743,0.030625087400364,0.033320266562133,0.029881436353309
Franklin,044933,Upper Arlington City,019643,Upper Arlington Online Academy,6-12,Open,no,no,no,no,yes,yes,yes,no,0.02569895509743,0.030625087400364,0.033320266562133,0.029881436353309
Franklin,044933,Upper Arlington City,037465,Tremont Elementary School,K-5,Open,no,no,no,no,no,no,no,no,0.02569895509743,0.030625087400364,0.033320266562133,0.029881436353309
Franklin,044933,Upper Arlington City,037945,Upper Arlington High School,9-12,Open,no,no,no,no,no,no,no,no,0.02569895509743,0.030625087400364,0.033320266562133,0.029881436353309
Franklin,044933,Upper Arlington City,041194,Wickliffe Elementary School,K-5,Open,no,no,no,no,no,no,no,no,0.02569895509743,0.030625087400364,0.033320266562133,0.029881436353309
Franklin,044933,Upper Arlington City,041715,Windermere Elementary School,K-5,Open,no,no,no,no,no,no,no,no,0.02569895509743,0.030625087400364,0.033320266562133,0.029881436353309
Franklin,045047,Westerville City,006049,Cherrington Elementary School,K-5,Open,no,no,no,no,no,no,no,no,0.106073168203959,0.106696818625687,0.116602816597421,0.109790934475689
Franklin,045047,Westerville City,010504,Emerson Elementary School,1-5,Open,no,no,no,no,no,no,no,no,0.106073168203959,0.106696818625687,0.116602816597421,0.109790934475689
Franklin,045047,Westerville City,015032,Hanby Building Elementary School,1-5,Open,no,no,no,no,no,no,no,no,0.106073168203959,0.106696818625687,0.116602816597421,0.109790934475689
Franklin,045047,Westerville City,015651,Hawthorne Elementary School,K-5,Open,no,no,no,no,no,no,no,no,0.106073168203959,0.106696818625687,0.116602816597421,0.109790934475689
Franklin,045047,Westerville City,017053,Huber Ridge Elementary School,K-5,Open,no,no,no,no,no,no,no,no,0.106073168203959,0.106696818625687,0.116602816597421,0.109790934475689
Franklin,045047,Westerville City,019875,Minerva France Elementary School,K-5,Open,no,no,no,no,no,,no,no,0.106073168203959,0.106696818625687,0.116602816597421,0.109790934475689
Franklin,045047,Westerville City,039115,Walnut Springs Middle School,6-8,Open,no,no,no,no,no,no,no,no,0.106073168203959,0.106696818625687,0.116602816597421,0.109790934475689
Franklin,045047,Westerville City,040675,Westerville-South High School,9-12,Open,no,no,no,no,no,no,no,no,0.106073168203959,0.106696818625687,0.116602816597421,0.109790934475689
Franklin,045047,Westerville City,041160,Whittier Elementary School,K-5,Open,no,no,no,no,no,no,no,no,0.106073168203959,0.106696818625687,0.116602816597421,0.109790934475689
Franklin,045047,Westerville City,043091,Blendon Middle School,6-8,Open,no,no,no,no,no,no,no,no,0.106073168203959,0.106696818625687,0.116602816597421,0.109790934475689
Franklin,045047,Westerville City,061358,Annehurst Elementary School,K-5,Open,no,no,no,no,no,no,no,no,0.106073168203959,0.106696818625687,0.116602816597421,0.109790934475689
Franklin,045047,Westerville City,065557,Pointview Elementary School,K-5;P,Open,no,no,no,no,no,no,no,no,0.106073168203959,0.106696818625687,0.116602816597421,0.109790934475689
Franklin,045047,Westerville City,066811,Mark Twain Elementary School,K-5,Open,no,no,no,no,no,no,no,no,0.106073168203959,0.106696818625687,0.116602816597421,0.109790934475689
Franklin,045047,Westerville City,066829,Robert Frost Elementary School,K-5,Open,no,no,no,no,no,no,no,no,0.106073168203959,0.106696818625687,0.116602816597421,0.109790934475689
Franklin,045047,Westerville City,067959,Westerville-North High School,9-12,Open,no,no,no,no,no,no,no,no,0.106073168203959,0.106696818625687,0.116602816597421,0.109790934475689
Franklin,045047,Westerville City,099648,McVay Elementary School,K-5,Open,no,no,no,no,no,no,no,no,0.106073168203959,0.106696818625687,0.116602816597421,0.109790934475689
Franklin,045047,Westerville City,099655,Wilder Elementary School,K-5,Open,no,no,no,no,no,no,no,no,0.106073168203959,0.106696818625687,0.116602816597421,0.109790934475689
Franklin,045047,Westerville City,099663,Heritage Middle School,6-8,Open,no,no,no,no,no,no,no,no,0.106073168203959,0.106696818625687,0.116602816597421,0.109790934475689
Franklin,045047,Westerville City,135327,Genoa Middle School,6-8,Open,no,no,no,no,no,no,no,no,0.106073168203959,0.106696818625687,0.116602816597421,0.109790934475689
Franklin,045047,Westerville City,146167,Fouse Elementary School,K-5,Open,no,no,no,no,no,no,no,no,0.106073168203959,0.106696818625687,0.116602816597421,0.109790934475689
Franklin,045047,Westerville City,146175,Alcott Elementary School,K-5,Open,no,no,no,no,no,no,no,no,0.106073168203959,0.106696818625687,0.116602816597421,0.109790934475689
Franklin,045047,Westerville City,146183,Westerville Central High School,9-12,Open,no,no,no,no,no,no,no,no,0.106073168203959,0.106696818625687,0.116602816597421,0.109790934475689
Franklin,045070,Whitehall City,002048,Beechwood Elementary School,2-5,Open,yes,no,yes,no,yes,yes,yes,yes,0.258537962178944,0.283119060927893,0.287285750831415,0.276314257979417
Franklin,045070,Whitehall City,010785,Etna Road Elementary School,2-5,Open,no,no,no,no,no,yes,no,yes,0.258537962178944,0.283119060927893,0.287285750831415,0.276314257979417
Franklin,045070,Whitehall City,018580,Kae Avenue Elementary School,K-1;P,Open,yes,no,yes,no,yes,yes,yes,yes,0.258537962178944,0.283119060927893,0.287285750831415,0.276314257979417
Franklin,045070,Whitehall City,032698,Rosemore Middle School,6-8,Open,yes,no,yes,no,yes,yes,yes,yes,0.258537962178944,0.283119060927893,0.287285750831415,0.276314257979417
Franklin,045070,Whitehall City,041020,Whitehall Yearling High School,9-12,Open,yes,no,yes,no,yes,yes,yes,yes,0.258537962178944,0.283119060927893,0.287285750831415,0.276314257979417
Franklin,045138,Worthington City,003822,Brookside Elementary School,K-5,Open,no,no,no,no,no,no,no,no,0.065301120448179,0.07246879334258,0.076719795193658,0.071496569661472
Franklin,045138,Worthington City,006999,Colonial Hills Elementary School,K-5,Open,no,no,no,no,no,no,no,no,0.065301120448179,0.07246879334258,0.076719795193658,0.071496569661472
Franklin,045138,Worthington City,009511,Phoenix Middle School,7-8,Open,no,no,no,no,no,no,no,no,0.065301120448179,0.07246879334258,0.076719795193658,0.071496569661472
Franklin,045138,Worthington City,010868,Evening Street Elementary School,K-5,Open,no,no,no,no,no,no,no,no,0.065301120448179,0.07246879334258,0.076719795193658,0.071496569661472
Franklin,045138,Worthington City,019514,Perry Middle School,6-8,Open,no,no,no,no,no,no,no,no,0.065301120448179,0.07246879334258,0.076719795193658,0.071496569661472
Franklin,045138,Worthington City,041624,Wilson Hill Elementary School,K-5,Open,no,no,no,no,no,no,no,no,0.065301120448179,0.07246879334258,0.076719795193658,0.071496569661472
Franklin,045138,Worthington City,042275,Worthington Estates Elementary School,K-5,Open,no,no,no,no,no,no,no,no,0.065301120448179,0.07246879334258,0.076719795193658,0.071496569661472
Franklin,045138,Worthington City,042283,Thomas Worthington High School,9-12,Open,no,no,no,no,no,no,no,no,0.065301120448179,0.07246879334258,0.076719795193658,0.071496569661472
Franklin,045138,Worthington City,042291,Worthingway Middle School,6-8,Open,no,no,no,no,no,no,no,no,0.065301120448179,0.07246879334258,0.076719795193658,0.071496569661472
Franklin,045138,Worthington City,064089,Worthington Hills Elementary School,K-5,Open,no,no,no,no,no,no,no,no,0.065301120448179,0.07246879334258,0.076719795193658,0.071496569661472
Franklin,045138,Worthington City,086454,Liberty Elementary School,K-5,Open,no,no,no,no,no,no,no,no,0.065301120448179,0.07246879334258,0.076719795193658,0.071496569661472
Franklin,045138,Worthington City,095794,Mccord Middle School,6-8,Open,no,no,no,no,no,no,no,no,0.065301120448179,0.07246879334258,0.076719795193658,0.071496569661472
Franklin,045138,Worthington City,098079,Granby Elementary School,K-5,Open,no,no,no,no,no,no,no,no,0.065301120448179,0.07246879334258,0.076719795193658,0.071496569661472
Franklin,045138,Worthington City,098087,Worthington Park Elementary School,K-5,Open,no,no,no,no,no,no,no,no,0.065301120448179,0.07246879334258,0.076719795193658,0.071496569661472
Franklin,045138,Worthington City,110460,Slate Hill Elementary School,K-5,Open,no,no,no,no,no,no,no,no,0.065301120448179,0.07246879334258,0.076719795193658,0.071496569661472
Franklin,045138,Worthington City,112094,Worthington Kilbourne High School,9-12,Open,no,no,no,no,no,no,no,no,0.065301120448179,0.07246879334258,0.076719795193658,0.071496569661472
Franklin,045138,Worthington City,112128,Bluffsview Elementary School,K-5,Open,no,no,no,no,no,no,no,no,0.065301120448179,0.07246879334258,0.076719795193658,0.071496569661472
Franklin,045138,Worthington City,118257,Kilbourne Middle School,6-8,Open,no,no,no,no,no,no,no,no,0.065301120448179,0.07246879334258,0.076719795193658,0.071496569661472
Franklin,046946,Canal Winchester Local,004770,Canal Winchester High School,9-12,Open,no,no,no,no,no,no,no,no,0.09255079006772,0.111508379888268,0.118818527634818,0.107625899196935
Franklin,046946,Canal Winchester Local,118158,Canal Winchester Middle School,6-8,Open,no,no,no,no,no,no,no,no,0.09255079006772,0.111508379888268,0.118818527634818,0.107625899196935
Franklin,046946,Canal Winchester Local,136911,Indian Trail Elementary School,K-2,Open,no,no,no,no,no,no,no,no,0.09255079006772,0.111508379888268,0.118818527634818,0.107625899196935
Franklin,046946,Canal Winchester Local,145466,Winchester Trail Elementary,P;3-5,Open,no,no,no,no,no,no,no,no,0.09255079006772,0.111508379888268,0.118818527634818,0.107625899196935
Franklin,046953,Hamilton Local,000118,Hamilton Intermediate School,4-6,Open,no,no,no,no,no,no,no,no,0.141567142441014,0.170802077322562,0.1976401179941,0.170003112585892
Franklin,046953,Hamilton Local,014910,Hamilton Elementary School,K-3,Open,no,no,no,no,no,no,no,no,0.141567142441014,0.170802077322562,0.1976401179941,0.170003112585892
Franklin,046953,Hamilton Local,014944,Hamilton Township High School,9-12,Open,no,no,no,no,no,no,no,no,0.141567142441014,0.170802077322562,0.1976401179941,0.170003112585892
Franklin,046953,Hamilton Local,028407,Hamilton Middle School,7-8,Open,no,no,no,no,no,no,no,no,0.141567142441014,0.170802077322562,0.1976401179941,0.170003112585892
Franklin,046961,Gahanna-Jefferson City,005868,Chapelfield Elementary School,K-5,Open,no,no,no,no,no,no,no,no,0.092820351098497,0.090151988340621,0.084654439954409,0.089208926464509
Franklin,046961,Gahanna-Jefferson City,013938,Goshen Lane Elementary School,K-5;P,Open,no,no,no,no,no,no,no,no,0.092820351098497,0.090151988340621,0.084654439954409,0.089208926464509
Franklin,046961,Gahanna-Jefferson City,017939,Jefferson Elementary School,K-5,Open,no,no,no,no,no,no,no,no,0.092820351098497,0.090151988340621,0.084654439954409,0.089208926464509
Franklin,046961,Gahanna-Jefferson City,020875,Lincoln Elementary School,K-5,Open,no,no,no,no,no,no,no,no,0.092820351098497,0.090151988340621,0.084654439954409,0.089208926464509
Franklin,046961,Gahanna-Jefferson City,020883,Lincoln High School,9-12,Open,no,no,no,no,no,no,no,no,0.092820351098497,0.090151988340621,0.084654439954409,0.089208926464509
Franklin,046961,Gahanna-Jefferson City,020941,Gahanna East Middle School,6-8,Open,no,no,no,no,no,no,no,no,0.092820351098497,0.090151988340621,0.084654439954409,0.089208926464509
Franklin,046961,Gahanna-Jefferson City,032862,Royal Manor Elementary School,K-5,Open,no,no,no,no,no,no,no,no,0.092820351098497,0.090151988340621,0.084654439954409,0.089208926464509
Franklin,046961,Gahanna-Jefferson City,036335,Gahanna West Middle School,6-8,Open,no,no,no,no,no,no,no,no,0.092820351098497,0.090151988340621,0.084654439954409,0.089208926464509
Franklin,046961,Gahanna-Jefferson City,098392,High Point Elementary School,K-5,Open,no,no,no,no,no,no,no,no,0.092820351098497,0.090151988340621,0.084654439954409,0.089208926464509
Franklin,046961,Gahanna-Jefferson City,114819,Gahanna South Middle School,6-8,Open,no,no,no,no,no,no,no,no,0.092820351098497,0.090151988340621,0.084654439954409,0.089208926464509
Franklin,046961,Gahanna-Jefferson City,120360,Blacklick Elementary School,K-5,Open,no,no,no,no,no,no,no,no,0.092820351098497,0.090151988340621,0.084654439954409,0.089208926464509
Franklin,046979,Groveport Madison Local,001073,Asbury Elementary School,K-5,Open,yes,no,yes,no,yes,yes,yes,yes,0.202593372492519,0.216661178794863,0.217791755588004,0.212348768958462
Franklin,046979,Groveport Madison Local,008888,Dunloe Elementary School,K-5,Open,yes,no,yes,no,yes,yes,yes,yes,0.202593372492519,0.216661178794863,0.217791755588004,0.212348768958462
Franklin,046979,Groveport Madison Local,014696,Groveport Elementary School,K-5,Open,no,no,no,no,no,no,no,yes,0.202593372492519,0.216661178794863,0.217791755588004,0.212348768958462
Franklin,046979,Groveport Madison Local,014704,Groveport Madison High School,9-12,Open,yes,no,yes,no,yes,yes,yes,yes,0.202593372492519,0.216661178794863,0.217791755588004,0.212348768958462
Franklin,046979,Groveport Madison Local,014712,Groveport Madison Middle School Central,6-8,Open,no,no,no,no,no,no,yes,yes,0.202593372492519,0.216661178794863,0.217791755588004,0.212348768958462
Franklin,046979,Groveport Madison Local,022046,Madison Elementary School,K-5,Open,no,no,no,no,no,no,no,yes,0.202593372492519,0.216661178794863,0.217791755588004,0.212348768958462
Franklin,046979,Groveport Madison Local,061549,Glendening Elementary School,K-5,Open,no,no,no,no,no,no,no,yes,0.202593372492519,0.216661178794863,0.217791755588004,0.212348768958462
Franklin,046979,Groveport Madison Local,061556,Sedalia Elementary,K-5,Open,no,no,no,no,no,no,no,yes,0.202593372492519,0.216661178794863,0.217791755588004,0.212348768958462
Franklin,046979,Groveport Madison Local,067900,Groveport Madison Middle School South,6-8,Open,yes,no,yes,no,yes,yes,yes,yes,0.202593372492519,0.216661178794863,0.217791755588004,0.212348768958462
Franklin,046979,Groveport Madison Local,067934,Groveport Madison Middle School North,6-8,Open,yes,no,yes,no,yes,yes,yes,yes,0.202593372492519,0.216661178794863,0.217791755588004,0.212348768958462
Franklin,046995,New Albany-Plain Local,015142,New Albany Intermediate School,4-6,Open,no,no,no,no,no,no,no,no,0.054117189020829,0.051282051282051,0.053121087461992,0.052840109254958
Franklin,046995,New Albany-Plain Local,030148,New Albany Primary School,1-3,Open,no,no,no,no,no,no,no,no,0.054117189020829,0.051282051282051,0.053121087461992,0.052840109254958
Franklin,046995,New Albany-Plain Local,030155,New Albany High School,9-12,Open,no,no,no,no,no,no,no,no,0.054117189020829,0.051282051282051,0.053121087461992,0.052840109254958
Franklin,046995,New Albany-Plain Local,064766,New Albany Middle School,7-8,Open,no,no,no,no,no,no,no,no,0.054117189020829,0.051282051282051,0.053121087461992,0.052840109254958
Franklin,046995,New Albany-Plain Local,147215,New Albany Early Learning Center,K;P,Open,no,no,no,no,no,no,no,no,0.054117189020829,0.051282051282051,0.053121087461992,0.052840109254958
Franklin,047001,Reynoldsburg City,000878,Slate Ridge Elementary School,K-5,Open,no,no,no,no,yes,yes,yes,no,0.149837556855101,0.15360824742268,0.165500603136309,0.15631546913803
Franklin,047001,Reynoldsburg City,000879,Waggoner Road Middle School,5-6,Open,no,no,no,no,no,no,no,no,0.149837556855101,0.15360824742268,0.165500603136309,0.15631546913803
Franklin,047001,Reynoldsburg City,009201,Waggoner Road Junior High,6-8,Open,no,no,no,no,no,no,yes,no,0.149837556855101,0.15360824742268,0.165500603136309,0.15631546913803
Franklin,047001,Reynoldsburg City,012518,French Run Elementary School,K-5,Open,no,no,no,no,no,no,no,no,0.149837556855101,0.15360824742268,0.165500603136309,0.15631546913803
Franklin,047001,Reynoldsburg City,012560,Summit Road Elementary,K-5,Open,no,no,no,no,no,no,no,no,0.149837556855101,0.15360824742268,0.165500603136309,0.15631546913803
Franklin,047001,Reynoldsburg City,020066,Reynoldsburg High School,9-12,Open,no,no,no,no,no,,yes,no,0.149837556855101,0.15360824742268,0.165500603136309,0.15631546913803
Franklin,047001,Reynoldsburg City,024893,Herbert Mills Elementary School,K-5,Open,no,no,no,no,no,no,no,no,0.149837556855101,0.15360824742268,0.165500603136309,0.15631546913803
Franklin,047001,Reynoldsburg City,031427,Hannah J Ashton Middle School,5-8,Open,no,no,no,no,yes,yes,yes,no,0.149837556855101,0.15360824742268,0.165500603136309,0.15631546913803
Franklin,047001,Reynoldsburg City,032631,Rose Hill Elementary School,K-5,Open,no,no,no,no,no,no,no,no,0.149837556855101,0.15360824742268,0.165500603136309,0.15631546913803
Franklin,047001,Reynoldsburg City,066738,Baldwin Road Junior High School,6-8,Open,no,no,no,no,no,no,no,no,0.149837556855101,0.15360824742268,0.165500603136309,0.15631546913803
Franklin,047001,Reynoldsburg City,115881,Taylor Road Elementary School,K-5,Open,no,no,no,no,no,no,no,no,0.149837556855101,0.15360824742268,0.165500603136309,0.15631546913803
Franklin,047019,Hilliard City,001347,Avery Elementary School,K-5,Open,no,no,no,no,no,no,no,no,0.078786579483332,0.088901862958442,0.087819900180525,0.085169447540766
Franklin,047019,Hilliard City,001859,Beacon Elementary School,K-5,Open,no,no,no,no,no,no,no,no,0.078786579483332,0.088901862958442,0.087819900180525,0.085169447540766
Franklin,047019,Hilliard City,003657,Britton Elementary School,K-2,Open,no,no,no,no,no,no,no,no,0.078786579483332,0.088901862958442,0.087819900180525,0.085169447540766
Franklin,047019,Hilliard City,003897,Brown Elementary School,K-5,Open,no,no,no,no,no,no,no,no,0.078786579483332,0.088901862958442,0.087819900180525,0.085169447540766
Franklin,047019,Hilliard City,009090,Washington Elementary School,K-5,Open,no,no,no,no,no,no,no,no,0.078786579483332,0.088901862958442,0.087819900180525,0.085169447540766
Franklin,047019,Hilliard City,009091,Hilliard Bradley High School,9-12,Open,no,no,no,no,no,no,no,no,0.078786579483332,0.088901862958442,0.087819900180525,0.085169447540766
Franklin,047019,Hilliard City,016287,Scioto Darby Elementary School,K-5,Open,no,no,no,no,no,no,no,no,0.078786579483332,0.088901862958442,0.087819900180525,0.085169447540766
Franklin,047019,Hilliard City,016303,Hilliard Davidson High School,9-12,Open,no,no,no,no,no,no,no,no,0.078786579483332,0.088901862958442,0.087819900180525,0.085169447540766
Franklin,047019,Hilliard City,016311,Hilliard Heritage Middle School,7-8,Open,no,no,no,no,no,no,no,no,0.078786579483332,0.088901862958442,0.087819900180525,0.085169447540766
Franklin,047019,Hilliard City,019655,Hilliard Online Academy,9-12,Open,no,no,no,no,yes,yes,yes,no,0.078786579483332,0.088901862958442,0.087819900180525,0.085169447540766
Franklin,047019,Hilliard City,031195,J W Reason Elementary School,K-5,Open,no,no,no,no,no,no,no,no,0.078786579483332,0.088901862958442,0.087819900180525,0.085169447540766
Franklin,047019,Hilliard City,031724,Ridgewood Elementary School,K-5,Open,no,no,no,no,no,no,no,no,0.078786579483332,0.088901862958442,0.087819900180525,0.085169447540766
Franklin,047019,Hilliard City,112698,Hilliard Station Sixth Grade Elementary School,6,Open,no,no,no,no,no,no,no,no,0.078786579483332,0.088901862958442,0.087819900180525,0.085169447540766
Franklin,047019,Hilliard City,118042,Norwich Elementary School,3-5,Open,no,no,no,no,no,no,no,no,0.078786579483332,0.088901862958442,0.087819900180525,0.085169447540766
Franklin,047019,Hilliard City,118059,Hilliard Crossing Elementary School,K-5,Open,no,no,no,no,no,no,no,no,0.078786579483332,0.088901862958442,0.087819900180525,0.085169447540766
Franklin,047019,Hilliard City,119438,Hilliard Weaver Middle School,7-8,Open,no,no,no,no,no,no,no,no,0.078786579483332,0.088901862958442,0.087819900180525,0.085169447540766
Franklin,047019,Hilliard City,122747,Hilliard Horizon Elementary School,K-5,Open,no,no,no,no,no,no,no,no,0.078786579483332,0.088901862958442,0.087819900180525,0.085169447540766
Franklin,047019,Hilliard City,123539,Hilliard Darby High School,9-12,Open,no,no,no,no,no,no,no,no,0.078786579483332,0.088901862958442,0.087819900180525,0.085169447540766
Franklin,047019,Hilliard City,125344,Darby Creek Elementary School,K-5,Open,no,no,no,no,no,no,no,no,0.078786579483332,0.088901862958442,0.087819900180525,0.085169447540766
Franklin,047019,Hilliard City,140806,Alton Darby Elementary School,K-5,Open,no,no,no,no,no,no,no,no,0.078786579483332,0.088901862958442,0.087819900180525,0.085169447540766
Franklin,047019,Hilliard City,140814,Hilliard Tharp Sixth Grade Elementary School,4-6,Open,no,no,no,no,no,no,no,no,0.078786579483332,0.088901862958442,0.087819900180525,0.085169447540766
Franklin,047019,Hilliard City,140822,Hoffman Trails Elementary School,K-5,Open,no,no,no,no,no,no,no,no,0.078786579483332,0.088901862958442,0.087819900180525,0.085169447540766
Franklin,047019,Hilliard City,140830,Hilliard Memorial Middle School,7-8,Open,no,no,no,no,no,no,no,no,0.078786579483332,0.088901862958442,0.087819900180525,0.085169447540766
Franklin,047027,Dublin City,008257,Glacier Ridge Elementary,K-5,Open,no,no,no,no,no,no,no,no,0.058039168998155,0.068085357227069,0.064606126914661,0.063576884379962
Franklin,047027,Dublin City,017368,Indian Run Elementary School,K-5,Open,no,no,no,no,no,no,no,no,0.058039168998155,0.068085357227069,0.064606126914661,0.063576884379962
Franklin,047027,Dublin City,018998,Hopewell Elementary,K-5,Open,no,no,no,no,no,no,no,no,0.058039168998155,0.068085357227069,0.064606126914661,0.063576884379962
Franklin,047027,Dublin City,019017,Abraham Depp Elementary,K-5,Open,no,no,no,no,no,no,no,no,0.058039168998155,0.068085357227069,0.064606126914661,0.063576884379962
Franklin,047027,Dublin City,019393,Eversole Run Middle School,6-8,Open,no,no,no,no,no,no,no,no,0.058039168998155,0.068085357227069,0.064606126914661,0.063576884379962
Franklin,047027,Dublin City,020079,DCS Virtual,K-8,Open,no,no,no,no,no,,yes,no,0.058039168998155,0.068085357227069,0.064606126914661,0.063576884379962
Franklin,047027,Dublin City,028415,Olde Sawmill Elementary School,K-5,Open,no,no,no,no,no,no,no,no,0.058039168998155,0.068085357227069,0.064606126914661,0.063576884379962
Franklin,047027,Dublin City,039693,John Sells Middle School,6-8,Open,no,no,no,no,no,no,no,no,0.058039168998155,0.068085357227069,0.064606126914661,0.063576884379962
Franklin,047027,Dublin City,064758,Dublin Coffman High School,9-12,Open,no,no,no,no,no,no,no,no,0.058039168998155,0.068085357227069,0.064606126914661,0.063576884379962
Franklin,047027,Dublin City,085076,Deer Run Elementary School,K-5,Open,no,no,no,no,no,no,no,no,0.058039168998155,0.068085357227069,0.064606126914661,0.063576884379962
Franklin,047027,Dublin City,092726,Riverside Elementary School,K-5,Open,no,no,no,no,no,no,no,no,0.058039168998155,0.068085357227069,0.064606126914661,0.063576884379962
Franklin,047027,Dublin City,097071,Scottish Corners Elementary School,K-5,Open,no,no,no,no,no,no,no,no,0.058039168998155,0.068085357227069,0.064606126914661,0.063576884379962
Franklin,047027,Dublin City,098475,Ann Simpson Davis Middle School,6-8,Open,no,no,no,no,no,no,no,no,0.058039168998155,0.068085357227069,0.064606126914661,0.063576884379962
Franklin,047027,Dublin City,098483,Griffith Thomas Elementary School,K-5,Open,no,no,no,no,no,no,no,no,0.058039168998155,0.068085357227069,0.064606126914661,0.063576884379962
Franklin,047027,Dublin City,098491,Wyandot Elementary School,K-5,Open,no,no,no,no,no,no,no,no,0.058039168998155,0.068085357227069,0.064606126914661,0.063576884379962
Franklin,047027,Dublin City,099580,Albert Chapman Elementary School,K-5,Open,no,no,no,no,no,no,no,no,0.058039168998155,0.068085357227069,0.064606126914661,0.063576884379962
Franklin,047027,Dublin City,099598,Daniel Wright Elementary School,K-5,Open,no,no,no,no,no,no,no,no,0.058039168998155,0.068085357227069,0.064606126914661,0.063576884379962
Franklin,047027,Dublin City,120212,Willard Grizzell Middle School,6-8,Open,no,no,no,no,no,no,no,no,0.058039168998155,0.068085357227069,0.064606126914661,0.063576884379962
Franklin,047027,Dublin City,120485,Dublin Scioto High School,9-12,Open,no,no,no,no,no,no,no,no,0.058039168998155,0.068085357227069,0.064606126914661,0.063576884379962
Franklin,047027,Dublin City,122507,Mary Emma Bailey Elementary School,K-5,Open,no,no,no,no,no,no,no,no,0.058039168998155,0.068085357227069,0.064606126914661,0.063576884379962
Franklin,047027,Dublin City,135301,Henry Karrer Middle School,6-8,Open,no,no,no,no,no,no,no,no,0.058039168998155,0.068085357227069,0.064606126914661,0.063576884379962
Franklin,047027,Dublin City,146084,Eli Pinney Elementary School,K-5,Open,no,no,no,no,no,no,no,no,0.058039168998155,0.068085357227069,0.064606126914661,0.063576884379962
Franklin,047027,Dublin City,146928,Dublin Jerome High School,9-12,Open,no,no,no,no,no,no,no,no,0.058039168998155,0.068085357227069,0.064606126914661,0.063576884379962
Fulton,045641,Wauseon Exempted Village,004333,Wauseon Middle School,6-8,Open,no,no,no,no,no,no,no,no,0.090416892257715,0.105119825708061,0.106052490626674,0.100529736197483
Fulton,045641,Wauseon Exempted Village,010348,Wauseon Elementary School,3-5,Open,no,no,no,no,no,no,no,no,0.090416892257715,0.105119825708061,0.106052490626674,0.100529736197483
Fulton,045641,Wauseon Exempted Village,039883,Wauseon High School,9-12,Open,no,no,no,no,no,no,no,no,0.090416892257715,0.105119825708061,0.106052490626674,0.100529736197483
Fulton,045641,Wauseon Exempted Village,135863,Wauseon Primary School,K-2,Open,no,no,no,no,no,no,no,no,0.090416892257715,0.105119825708061,0.106052490626674,0.100529736197483
Fulton,047043,Archbold-Area Local,000927,Archbold Elementary School,K-4,Open,no,no,no,no,no,no,no,no,0.069298952457695,0.083333333333333,0.077039274924471,0.076557186905167
Fulton,047043,Archbold-Area Local,000935,Archbold High School,9-12,Open,no,no,no,no,no,no,no,no,0.069298952457695,0.083333333333333,0.077039274924471,0.076557186905167
Fulton,047043,Archbold-Area Local,031690,Archbold Middle School,5-8,Open,no,no,no,no,no,no,no,no,0.069298952457695,0.083333333333333,0.077039274924471,0.076557186905167
Fulton,047050,Evergreen Local,010884,Evergreen High School,9-12,Open,no,no,no,no,no,no,no,no,0.073038073038073,0.077223088923557,0.083102493074792,0.077787885012141
Fulton,047050,Evergreen Local,012708,Evergreen Elementary School,K-5;P,Open,no,no,no,no,no,no,no,no,0.073038073038073,0.077223088923557,0.083102493074792,0.077787885012141
Fulton,047050,Evergreen Local,024349,Evergreen Middle School,6-8,Open,no,no,no,no,no,no,no,no,0.073038073038073,0.077223088923557,0.083102493074792,0.077787885012141
Fulton,047068,Fayette Local,013862,Fayette Elementary School,K-6;P,Open,no,no,no,no,no,no,no,no,0.091314031180401,0.098654708520179,0.152224824355972,0.114064521352184
Fulton,047068,Fayette Local,013870,Fayette Jr/Sr High School,7-12,Open,no,no,no,no,no,no,no,no,0.091314031180401,0.098654708520179,0.152224824355972,0.114064521352184
Fulton,047076,Pettisville Local,029785,Pettisville Elementary School,K-6,Open,no,no,no,no,no,no,no,no,0.056410256410256,0.079896907216495,0.076372315035799,0.070893159554184
Fulton,047076,Pettisville Local,029793,Pettisville High School,7-12,Open,no,no,no,no,no,no,no,no,0.056410256410256,0.079896907216495,0.076372315035799,0.070893159554184
Fulton,047084,Pike-Delta-York Local,008334,Delta Elementary School,K-4,Open,no,no,no,no,no,no,no,no,0.114741641337386,0.107715813598167,0.114326040931546,0.112261165289033
Fulton,047084,Pike-Delta-York Local,008342,Pike-Delta-York High School,9-12,Open,no,no,no,no,no,no,no,no,0.114741641337386,0.107715813598167,0.114326040931546,0.112261165289033
Fulton,047084,Pike-Delta-York Local,008359,Pike-Delta-York Middle School,5-8,Open,no,no,no,no,no,no,no,no,0.114741641337386,0.107715813598167,0.114326040931546,0.112261165289033
Fulton,047092,Swanton Local,006072,Swanton Middle School,5-8,Open,no,no,no,no,no,no,no,no,0.108783783783784,0.116610169491525,0.117129316181449,0.114174423152253
Fulton,047092,Swanton Local,029108,Swanton Elementary School,K-4,Open,no,no,no,no,no,no,no,no,0.108783783783784,0.116610169491525,0.117129316181449,0.114174423152253
Fulton,047092,Swanton Local,036582,Swanton High School,9-12,Open,no,no,no,no,no,no,no,no,0.108783783783784,0.116610169491525,0.117129316181449,0.114174423152253
Gallia,044032,Gallipolis City,010836,Gallia Academy Middle School,6-8,Open,no,no,no,no,no,yes,no,yes,0.263276327632763,0.228520017993702,0.247330960854093,0.246375768826853
Gallia,044032,Gallipolis City,012799,Gallia Academy High School,9-12,Open,no,no,no,no,no,no,no,yes,0.263276327632763,0.228520017993702,0.247330960854093,0.246375768826853
Gallia,044032,Gallipolis City,014332,Green Elementary School,K-5;P,Open,no,no,no,no,no,no,no,yes,0.263276327632763,0.228520017993702,0.247330960854093,0.246375768826853
Gallia,044032,Gallipolis City,031781,Rio Grande Elementary School,K-5;P,Open,no,no,no,no,no,no,no,yes,0.263276327632763,0.228520017993702,0.247330960854093,0.246375768826853
Gallia,044032,Gallipolis City,039651,Washington Elementary School,K-5;P,Open,no,no,no,no,no,no,no,yes,0.263276327632763,0.228520017993702,0.247330960854093,0.246375768826853
Gallia,065680,Gallia County Local,000141,Addaville Elementary School,K-5;P,Open,no,no,no,no,no,no,no,yes,0.211455331412104,0.183225341972642,0.227289178429244,0.207323283937996
Gallia,065680,Gallia County Local,002683,River Valley Middle School,6-8,Open,no,no,no,no,no,no,no,yes,0.211455331412104,0.183225341972642,0.227289178429244,0.207323283937996
Gallia,065680,Gallia County Local,004515,Southwestern Elementary School,K-5;P,Open,no,no,no,no,no,no,no,yes,0.211455331412104,0.183225341972642,0.227289178429244,0.207323283937996
Gallia,065680,Gallia County Local,011708,South Gallia Middle School,6-8,Open,no,no,no,no,no,no,yes,yes,0.211455331412104,0.183225341972642,0.227289178429244,0.207323283937996
Gallia,065680,Gallia County Local,015081,Hannan Trace Elementary School,K-5;P,Open,no,no,no,no,no,yes,no,yes,0.211455331412104,0.183225341972642,0.227289178429244,0.207323283937996
Gallia,065680,Gallia County Local,015099,South Gallia High School,9-12,Open,no,no,no,no,no,no,no,yes,0.211455331412104,0.183225341972642,0.227289178429244,0.207323283937996
Gallia,065680,Gallia County Local,019364,River Valley High School,9-12,Open,yes,no,yes,no,yes,yes,yes,yes,0.211455331412104,0.183225341972642,0.227289178429244,0.207323283937996
Gallia,065680,Gallia County Local,019727,Southern Ohio Digital Academy,K-12,Open,yes,no,yes,no,yes,yes,yes,yes,0.211455331412104,0.183225341972642,0.227289178429244,0.207323283937996
Gallia,065680,Gallia County Local,038489,Vinton Elementary School,K-5;P,Open,no,no,no,no,no,no,no,yes,0.211455331412104,0.183225341972642,0.227289178429244,0.207323283937996
Geauga,047167,Berkshire Local,002436,Berkshire High School,9-12;SN,Open,no,no,no,no,no,no,no,no,0.077205882352941,0.072059507205951,0.071556350626118,0.073607246728337
Geauga,047167,Berkshire Local,004366,Berkshire Middle School,5-8;SN,Open,no,no,no,no,no,no,no,no,0.077205882352941,0.072059507205951,0.071556350626118,0.073607246728337
Geauga,047167,Berkshire Local,015327,Berkshire Elementary,K;1-4;SN,Open,no,no,no,no,no,no,no,no,0.077205882352941,0.072059507205951,0.071556350626118,0.073607246728337
Geauga,047175,Cardinal Local,004846,Cardinal Middle School,5-8,Open,no,no,no,no,no,no,no,no,0.087453646477132,0.082629107981221,0.101240834743373,0.090441196400575
Geauga,047175,Cardinal Local,004853,Cardinal High School,9-12,Open,no,no,no,no,no,no,no,no,0.087453646477132,0.082629107981221,0.101240834743373,0.090441196400575
Geauga,047175,Cardinal Local,017178,A J Jordak Elementary School,K-4,Open,no,no,no,no,no,no,no,no,0.087453646477132,0.082629107981221,0.101240834743373,0.090441196400575
Geauga,047183,Chardon Local,005876,Chardon High School,8-12,Open,no,no,no,no,no,no,no,no,0.047003525264395,0.062481404343945,0.073012119420633,0.060832349676324
Geauga,047183,Chardon Local,005884,Chardon Middle School,4-7,Open,no,no,no,no,no,no,no,no,0.047003525264395,0.062481404343945,0.073012119420633,0.060832349676324
Geauga,047183,Chardon Local,017306,Chardon Early Learning Center,K;P,Open,no,no,no,no,no,,no,no,0.047003525264395,0.062481404343945,0.073012119420633,0.060832349676324
Geauga,047183,Chardon Local,025981,Munson Elementary School,K-3,Open,no,no,no,no,no,no,no,no,0.047003525264395,0.062481404343945,0.073012119420633,0.060832349676324
Geauga,047183,Chardon Local,029090,Park Elementary School,K-3,Open,no,no,no,no,no,no,no,no,0.047003525264395,0.062481404343945,0.073012119420633,0.060832349676324
Geauga,047191,Kenston Local,001230,Timmons Elementary School,K-3;P,Open,no,no,no,no,no,no,no,no,0.03445093817287,0.037060105886017,0.039514623522091,0.037008555860326
Geauga,047191,Kenston Local,018770,Kenston High School,9-12,Open,no,no,no,no,no,no,no,no,0.03445093817287,0.037060105886017,0.039514623522091,0.037008555860326
Geauga,047191,Kenston Local,018788,Kenston Middle School,6-8,Open,no,no,no,no,no,no,no,no,0.03445093817287,0.037060105886017,0.039514623522091,0.037008555860326
Geauga,047191,Kenston Local,029439,Kenston Intermediate School,4-5,Open,no,no,no,no,no,no,no,no,0.03445093817287,0.037060105886017,0.039514623522091,0.037008555860326
Geauga,047225,West Geauga Local,027821,Robert C Lindsey Elementary School,3-5,Open,no,no,no,no,no,no,no,no,0.035834738617201,0.039184453647658,0.053818884950048,0.042946025738303
Geauga,047225,West Geauga Local,038653,West Geauga High School,9-12,Open,no,no,no,no,no,no,no,no,0.035834738617201,0.039184453647658,0.053818884950048,0.042946025738303
Geauga,047225,West Geauga Local,038661,West Geauga Middle School,6-8,Open,no,no,no,no,no,no,no,no,0.035834738617201,0.039184453647658,0.053818884950048,0.042946025738303
Geauga,047225,West Geauga Local,040857,Westwood Elementary School,K-2,Open,no,no,no,no,no,no,no,no,0.035834738617201,0.039184453647658,0.053818884950048,0.042946025738303
Greene,043968,Fairborn City,011817,Fairborn Primary School,K-3;P,Open,no,no,no,no,no,no,no,yes,0.213047711781889,0.169084929386729,0.225909261342332,0.202680634170317
Greene,043968,Fairborn City,029041,Fairborn Intermediate School,2-6,Open,no,no,no,no,no,no,no,yes,0.213047711781889,0.169084929386729,0.225909261342332,0.202680634170317
Greene,043968,Fairborn City,042796,Fairborn High School,8-12,Open,no,no,no,no,no,no,no,yes,0.213047711781889,0.169084929386729,0.225909261342332,0.202680634170317
Greene,043968,Fairborn City,062422,Baker Middle School,5-9,Open,no,no,no,no,no,yes,no,yes,0.213047711781889,0.169084929386729,0.225909261342332,0.202680634170317
Greene,045153,Xenia Community City,007542,Cox Elementary School,K-5,Open,no,no,no,no,no,no,no,no,0.201191728005608,0.164,0.196316758747698,0.187169495584435
Greene,045153,Xenia Community City,018838,Arrowood Elementary,K-5,Open,no,no,no,no,no,no,no,no,0.201191728005608,0.164,0.196316758747698,0.187169495584435
Greene,045153,Xenia Community City,023671,McKinley Elementary School,K-5,Open,no,no,no,no,no,no,no,no,0.201191728005608,0.164,0.196316758747698,0.187169495584435
Greene,045153,Xenia Community City,034249,Shawnee Elementary School,K-5,Open,no,no,no,no,no,no,no,no,0.201191728005608,0.164,0.196316758747698,0.187169495584435
Greene,045153,Xenia Community City,036970,Tecumseh Elementary School,K-5,Open,no,no,no,no,no,no,no,no,0.201191728005608,0.164,0.196316758747698,0.187169495584435
Greene,045153,Xenia Community City,040568,Warner Middle School,6-8,Open,no,no,no,no,no,no,yes,no,0.201191728005608,0.164,0.196316758747698,0.187169495584435
Greene,045153,Xenia Community City,042408,Xenia High School,9-12,Open,no,no,no,no,no,no,no,no,0.201191728005608,0.164,0.196316758747698,0.187169495584435
Greene,045674,Yellow Springs Exempted Village,024919,Mills Lawn Elementary School,K-6,Open,no,no,no,no,no,no,no,no,0.091867469879518,0.07185628742515,0.111111111111111,0.09161162280526
Greene,045674,Yellow Springs Exempted Village,042416,Yellow Springs/McKinney High School,7-12,Open,no,no,no,no,no,no,no,no,0.091867469879518,0.07185628742515,0.111111111111111,0.09161162280526
Greene,047241,Beavercreek City,001966,Beavercreek High School,10-12,Open,no,no,no,no,no,no,no,no,0.047086648032681,0.036934244235696,0.049323705888335,0.044448199385571
Greene,047241,Beavercreek City,011528,Jacob Coy Middle School,6-8,Open,no,no,no,no,no,no,no,no,0.047086648032681,0.036934244235696,0.049323705888335,0.044448199385571
Greene,047241,Beavercreek City,013929,Trebein Elementary School,K-5,Open,no,no,no,no,no,no,no,no,0.047086648032681,0.036934244235696,0.049323705888335,0.044448199385571
Greene,047241,Beavercreek City,016890,Ferguson Hall Freshman School,9,Open,no,no,no,no,no,no,no,no,0.047086648032681,0.036934244235696,0.049323705888335,0.044448199385571
Greene,047241,Beavercreek City,022251,Main Elementary School,K-5,Open,no,no,no,no,no,no,no,no,0.047086648032681,0.036934244235696,0.049323705888335,0.044448199385571
Greene,047241,Beavercreek City,029322,Parkwood Elementary School,K-5;P,Open,no,no,no,no,no,no,no,no,0.047086648032681,0.036934244235696,0.049323705888335,0.044448199385571
Greene,047241,Beavercreek City,034181,Shaw Elementary School,K-5,Open,no,no,no,no,no,no,no,no,0.047086648032681,0.036934244235696,0.049323705888335,0.044448199385571
Greene,047241,Beavercreek City,038083,Valley Elementary School,K-5,Open,no,no,no,no,no,no,no,no,0.047086648032681,0.036934244235696,0.049323705888335,0.044448199385571
Greene,047241,Beavercreek City,043299,Herman K Ankeney Middle School,6-8,Open,no,no,no,no,no,no,no,no,0.047086648032681,0.036934244235696,0.049323705888335,0.044448199385571
Greene,047241,Beavercreek City,050757,Fairbrook Elementary School,K-5,Open,no,no,no,no,no,no,no,no,0.047086648032681,0.036934244235696,0.049323705888335,0.044448199385571
Greene,047258,Cedar Cliff Local,005165,Cedarville Elementary School,K-5,Open,no,no,no,no,no,no,no,no,0.091405184174625,0.067842605156038,0.084626234132581,0.081291341154415
Greene,047258,Cedar Cliff Local,005173,Cedarville High School,6-12,Open,no,no,no,no,no,no,no,no,0.091405184174625,0.067842605156038,0.084626234132581,0.081291341154415
Greene,047266,Greeneview Local,014480,Greeneview Middle School,4-7,Open,no,no,no,no,no,no,no,no,0.138711960368011,0.106113843991567,0.118715083798883,0.12118029605282
Greene,047266,Greeneview Local,014498,Greeneview High School,8-12,Open,no,no,no,no,no,no,no,no,0.138711960368011,0.106113843991567,0.118715083798883,0.12118029605282
Greene,047266,Greeneview Local,145987,Greeneview Elementary School,K-3,Open,no,no,no,no,no,no,no,no,0.138711960368011,0.106113843991567,0.118715083798883,0.12118029605282
Greene,047274,Bellbrook-Sugarcreek Local,002147,Bellbrook Middle School,6-8,Open,no,no,no,no,no,no,no,no,0.050885668276973,0.044103547459252,0.052834669041258,0.049274628259161
Greene,047274,Bellbrook-Sugarcreek Local,002154,Bellbrook High School,9-12,Open,no,no,no,no,no,no,no,no,0.050885668276973,0.044103547459252,0.052834669041258,0.049274628259161
Greene,047274,Bellbrook-Sugarcreek Local,035972,Stephen Bell Elementary School,K-2,Open,no,no,no,no,no,no,no,no,0.050885668276973,0.044103547459252,0.052834669041258,0.049274628259161
Greene,047274,Bellbrook-Sugarcreek Local,123216,Bell Creek Intermediate School,3-5,Open,no,no,no,no,no,no,no,no,0.050885668276973,0.044103547459252,0.052834669041258,0.049274628259161
Guernsey,043695,Cambridge City,004614,Cambridge Middle School,6-8,Open,yes,no,yes,no,yes,yes,yes,yes,0.260370697263901,0.252766710934042,0.258989726027397,0.257375711408447
Guernsey,043695,Cambridge City,004622,Cambridge High School,9-12,Open,yes,no,yes,no,yes,yes,yes,yes,0.260370697263901,0.252766710934042,0.258989726027397,0.257375711408447
Guernsey,043695,Cambridge City,148809,Cambridge Primary School,K-2,Open,no,no,no,no,no,no,no,yes,0.260370697263901,0.252766710934042,0.258989726027397,0.257375711408447
Guernsey,043695,Cambridge City,148817,Cambridge Intermediate School,3-5,Open,no,no,no,no,no,yes,no,yes,0.260370697263901,0.252766710934042,0.258989726027397,0.257375711408447
Guernsey,047308,Rolling Hills Local,004218,Brook Intermediate School,3-5,Open,no,no,no,no,no,no,no,yes,0.196581196581197,0.196246648793566,0.217270194986072,0.203366013453612
Guernsey,047308,Rolling Hills Local,004432,Byesville Elementary School,K-2,Open,no,no,no,no,no,yes,no,yes,0.196581196581197,0.196246648793566,0.217270194986072,0.203366013453612
Guernsey,047308,Rolling Hills Local,023960,Meadowbrook High School,9-12,Open,no,no,no,no,no,no,no,yes,0.196581196581197,0.196246648793566,0.217270194986072,0.203366013453612
Guernsey,047308,Rolling Hills Local,085084,Meadowbrook Middle School,6-8,Open,no,no,no,no,no,no,no,yes,0.196581196581197,0.196246648793566,0.217270194986072,0.203366013453612
Guernsey,047308,Rolling Hills Local,096396,Secrest Elementary School,K-2,Open,no,no,no,no,no,no,no,yes,0.196581196581197,0.196246648793566,0.217270194986072,0.203366013453612
Guernsey,069682,East Guernsey Local,022095,Buckeye Trail Elementary,K-5,Open,no,no,no,no,no,no,no,no,0.156599552572707,0.150449101796407,0.192481203007519,0.166509952458878
Guernsey,069682,East Guernsey Local,028522,Buckeye Trail Middle School,6-8,Open,no,no,no,no,no,no,no,no,0.156599552572707,0.150449101796407,0.192481203007519,0.166509952458878
Guernsey,069682,East Guernsey Local,042564,Buckeye Trail High School,9-12,Open,no,no,no,no,no,no,no,no,0.156599552572707,0.150449101796407,0.192481203007519,0.166509952458878
Hamilton,043752,Cincinnati Public Schools,003152,Bond Hill Academy,K-6;P,Open,yes,no,yes,no,yes,yes,yes,yes,0.305666200913432,0.268397545602538,0.335973810774765,0.303345852430245
Hamilton,043752,Cincinnati Public Schools,005025,Dater Montessori School,K-6;P,Open,no,no,no,no,no,no,no,yes,0.305666200913432,0.268397545602538,0.335973810774765,0.303345852430245
Hamilton,043752,Cincinnati Public Schools,006015,Chase School,K-6;P,Open,yes,no,yes,no,yes,yes,yes,yes,0.305666200913432,0.268397545602538,0.335973810774765,0.303345852430245
Hamilton,043752,Cincinnati Public Schools,006239,Cheviot School,K-6;P,Open,yes,no,yes,no,yes,yes,yes,yes,0.305666200913432,0.268397545602538,0.335973810774765,0.303345852430245
Hamilton,043752,Cincinnati Public Schools,006932,College Hill Fundamental Academy,K-6;P,Open,yes,no,yes,no,yes,yes,yes,yes,0.305666200913432,0.268397545602538,0.335973810774765,0.303345852430245
Hamilton,043752,Cincinnati Public Schools,007492,Covedale School,K-6;P,Open,no,no,no,no,no,yes,no,yes,0.305666200913432,0.268397545602538,0.335973810774765,0.303345852430245
Hamilton,043752,Cincinnati Public Schools,008110,Gilbert A. Dater High School,7-12,Open,yes,no,yes,no,yes,yes,yes,yes,0.305666200913432,0.268397545602538,0.335973810774765,0.303345852430245
Hamilton,043752,Cincinnati Public Schools,008698,Frederick Douglass School,K-6;P,Open,yes,no,yes,no,yes,yes,yes,yes,0.305666200913432,0.268397545602538,0.335973810774765,0.303345852430245
Hamilton,043752,Cincinnati Public Schools,009200,James N. Gamble Montessori High School,7-12,Open,yes,no,yes,no,yes,yes,yes,yes,0.305666200913432,0.268397545602538,0.335973810774765,0.303345852430245
Hamilton,043752,Cincinnati Public Schools,011247,Fairview-Clifton German Language School,K-6,Open,no,no,no,no,no,no,no,yes,0.305666200913432,0.268397545602538,0.335973810774765,0.303345852430245
Hamilton,043752,Cincinnati Public Schools,011609,Hughes STEM High School,7-12,Open,yes,no,yes,no,yes,yes,yes,yes,0.305666200913432,0.268397545602538,0.335973810774765,0.303345852430245
Hamilton,043752,Cincinnati Public Schools,013184,Hyde Park School,K-6,Open,no,no,no,no,no,no,no,yes,0.305666200913432,0.268397545602538,0.335973810774765,0.303345852430245
Hamilton,043752,Cincinnati Public Schools,015529,Hartwell School,2-8,Open,yes,no,yes,no,yes,yes,yes,yes,0.305666200913432,0.268397545602538,0.335973810774765,0.303345852430245
Hamilton,043752,Cincinnati Public Schools,015818,George Hays-Jennie Porter School,K-6;P,Open,yes,no,yes,no,yes,yes,yes,yes,0.305666200913432,0.268397545602538,0.335973810774765,0.303345852430245
Hamilton,043752,Cincinnati Public Schools,016519,Evanston Academy,K-6;P,Open,yes,no,yes,no,yes,yes,yes,yes,0.305666200913432,0.268397545602538,0.335973810774765,0.303345852430245
Hamilton,043752,Cincinnati Public Schools,016701,Spencer Center for Gifted and Exceptional Students,3-12,Open,no,no,no,no,no,no,no,yes,0.305666200913432,0.268397545602538,0.335973810774765,0.303345852430245
Hamilton,043752,Cincinnati Public Schools,016702,Rising Stars at Carthage,K-1;P,Open,yes,no,yes,no,yes,yes,yes,yes,0.305666200913432,0.268397545602538,0.335973810774765,0.303345852430245
Hamilton,043752,Cincinnati Public Schools,016703,Leap Academy at North Fairmount,K-6;P,Open,yes,no,yes,no,yes,yes,yes,yes,0.305666200913432,0.268397545602538,0.335973810774765,0.303345852430245
Hamilton,043752,Cincinnati Public Schools,016916,Clifton Area Neighborhood School,K-6;P,Open,no,no,no,no,no,no,no,yes,0.305666200913432,0.268397545602538,0.335973810774765,0.303345852430245
Hamilton,043752,Cincinnati Public Schools,017353,James N. Gamble Montessori Elementary School,K-6;P,Open,yes,no,yes,no,yes,yes,yes,yes,0.305666200913432,0.268397545602538,0.335973810774765,0.303345852430245
Hamilton,043752,Cincinnati Public Schools,019000,Kilgour School,K-6,Open,no,no,no,no,no,no,no,yes,0.305666200913432,0.268397545602538,0.335973810774765,0.303345852430245
Hamilton,043752,Cincinnati Public Schools,019192,Lighthouse School,7-12,Open,yes,no,yes,no,yes,yes,yes,yes,0.305666200913432,0.268397545602538,0.335973810774765,0.303345852430245
Hamilton,043752,Cincinnati Public Schools,019734,Cincinnati Digital Academy,K-12,Open,yes,no,yes,no,yes,yes,yes,yes,0.305666200913432,0.268397545602538,0.335973810774765,0.303345852430245
Hamilton,043752,Cincinnati Public Schools,021857,John P. Parker School,K-6;P,Open,no,no,no,no,no,yes,no,yes,0.305666200913432,0.268397545602538,0.335973810774765,0.303345852430245
Hamilton,043752,Cincinnati Public Schools,024612,Midway School,K-6;P,Open,yes,no,yes,no,yes,yes,yes,yes,0.305666200913432,0.268397545602538,0.335973810774765,0.303345852430245
Hamilton,043752,Cincinnati Public Schools,024927,Ethel M. Taylor Academy,K-6;P,Open,yes,no,yes,no,yes,yes,yes,yes,0.305666200913432,0.268397545602538,0.335973810774765,0.303345852430245
Hamilton,043752,Cincinnati Public Schools,025726,Mt. Airy School,K-6;P,Open,yes,no,yes,no,yes,yes,yes,yes,0.305666200913432,0.268397545602538,0.335973810774765,0.303345852430245
Hamilton,043752,Cincinnati Public Schools,025940,Mt. Washington School,K-6;P,Open,no,no,no,no,no,no,yes,yes,0.305666200913432,0.268397545602538,0.335973810774765,0.303345852430245
Hamilton,043752,Cincinnati Public Schools,026054,North Avondale Montessori School,K-6;P,Open,yes,no,yes,no,yes,yes,yes,yes,0.305666200913432,0.268397545602538,0.335973810774765,0.303345852430245
Hamilton,043752,Cincinnati Public Schools,029009,Oyler School,K-12;P,Open,yes,no,yes,no,yes,yes,yes,yes,0.305666200913432,0.268397545602538,0.335973810774765,0.303345852430245
Hamilton,043752,Cincinnati Public Schools,030288,Pleasant Hill Academy,K-6;P,Open,yes,no,yes,no,yes,yes,yes,yes,0.305666200913432,0.268397545602538,0.335973810774765,0.303345852430245
Hamilton,043752,Cincinnati Public Schools,030312,Pleasant Ridge Montessori School,K-6;P,Open,no,no,no,no,no,no,no,yes,0.305666200913432,0.268397545602538,0.335973810774765,0.303345852430245
Hamilton,043752,Cincinnati Public Schools,032086,Roberts Academy,P;K-8,Open,yes,no,yes,no,yes,yes,yes,yes,0.305666200913432,0.268397545602538,0.335973810774765,0.303345852430245
Hamilton,043752,Cincinnati Public Schools,032177,Rockdale Academy,K-6;P,Open,yes,no,yes,no,yes,yes,yes,yes,0.305666200913432,0.268397545602538,0.335973810774765,0.303345852430245
Hamilton,043752,Cincinnati Public Schools,032680,Roselawn Condon School,P;K-8,Open,yes,no,yes,no,yes,yes,yes,yes,0.305666200913432,0.268397545602538,0.335973810774765,0.303345852430245
Hamilton,043752,Cincinnati Public Schools,032797,Rothenberg Preparatory Academy,K-6;P,Open,yes,no,yes,no,yes,yes,yes,yes,0.305666200913432,0.268397545602538,0.335973810774765,0.303345852430245
Hamilton,043752,Cincinnati Public Schools,033134,South Avondale School,K-6;P,Open,yes,no,yes,no,yes,yes,yes,yes,0.305666200913432,0.268397545602538,0.335973810774765,0.303345852430245
Hamilton,043752,Cincinnati Public Schools,033530,Sands Montessori School,K-6;P,Open,no,no,no,no,no,no,no,yes,0.305666200913432,0.268397545602538,0.335973810774765,0.303345852430245
Hamilton,043752,Cincinnati Public Schools,033688,Sayler Park School,P;K-8,Open,yes,no,yes,no,yes,yes,yes,yes,0.305666200913432,0.268397545602538,0.335973810774765,0.303345852430245
Hamilton,043752,Cincinnati Public Schools,034538,Shroder High School,7-12,Open,yes,no,yes,no,yes,yes,yes,yes,0.305666200913432,0.268397545602538,0.335973810774765,0.303345852430245
Hamilton,043752,Cincinnati Public Schools,034629,Silverton Elementary,K-6;P,Open,yes,no,yes,no,yes,yes,yes,yes,0.305666200913432,0.268397545602538,0.335973810774765,0.303345852430245
Hamilton,043752,Cincinnati Public Schools,036780,William H Taft Elementary School,K-6;P,Open,yes,no,yes,no,yes,yes,yes,yes,0.305666200913432,0.268397545602538,0.335973810774765,0.303345852430245
Hamilton,043752,Cincinnati Public Schools,036830,Robert A. Taft Information Technology High School,7-12,Open,yes,no,yes,no,yes,yes,yes,yes,0.305666200913432,0.268397545602538,0.335973810774765,0.303345852430245
Hamilton,043752,Cincinnati Public Schools,039073,Walnut Hills High School,7-12,Open,no,no,no,no,no,no,no,yes,0.305666200913432,0.268397545602538,0.335973810774765,0.303345852430245
Hamilton,043752,Cincinnati Public Schools,040865,Westwood School,K-6,Open,yes,no,yes,no,yes,yes,yes,yes,0.305666200913432,0.268397545602538,0.335973810774765,0.303345852430245
Hamilton,043752,Cincinnati Public Schools,041855,Winton Hills Academy,K-6;P,Open,yes,no,yes,no,yes,yes,yes,yes,0.305666200913432,0.268397545602538,0.335973810774765,0.303345852430245
Hamilton,043752,Cincinnati Public Schools,041863,Parker Woods Montessori School,K-6;P,Open,yes,no,yes,no,yes,yes,yes,yes,0.305666200913432,0.268397545602538,0.335973810774765,0.303345852430245
Hamilton,043752,Cincinnati Public Schools,068619,School For Creative and Performing Arts,K-12,Open,no,no,no,no,no,no,no,yes,0.305666200913432,0.268397545602538,0.335973810774765,0.303345852430245
Hamilton,043752,Cincinnati Public Schools,070326,Woodford Academy,K-6;P,Open,yes,no,yes,no,yes,yes,yes,yes,0.305666200913432,0.268397545602538,0.335973810774765,0.303345852430245
Hamilton,043752,Cincinnati Public Schools,094623,Academy Of World Languages School,P;K-8,Open,yes,no,yes,no,yes,yes,yes,yes,0.305666200913432,0.268397545602538,0.335973810774765,0.303345852430245
Hamilton,043752,Cincinnati Public Schools,098590,Clark Montessori High School,7-12,Open,no,no,no,no,no,no,no,yes,0.305666200913432,0.268397545602538,0.335973810774765,0.303345852430245
Hamilton,043752,Cincinnati Public Schools,139873,Carson School,K-6;P,Open,yes,no,yes,no,yes,yes,yes,yes,0.305666200913432,0.268397545602538,0.335973810774765,0.303345852430245
Hamilton,043752,Cincinnati Public Schools,142398,Virtual High School,K-12,Open,yes,no,yes,no,yes,yes,yes,yes,0.305666200913432,0.268397545602538,0.335973810774765,0.303345852430245
Hamilton,043752,Cincinnati Public Schools,145557,Western Hills University High School,7-12,Open,yes,no,yes,no,yes,yes,yes,yes,0.305666200913432,0.268397545602538,0.335973810774765,0.303345852430245
Hamilton,043752,Cincinnati Public Schools,145581,Academy for Multilingual Immersion Studies,P;K-8,Open,yes,no,yes,no,yes,yes,yes,yes,0.305666200913432,0.268397545602538,0.335973810774765,0.303345852430245
Hamilton,043752,Cincinnati Public Schools,145722,Riverview East Academy,K-12;P,Open,yes,no,yes,no,yes,yes,yes,yes,0.305666200913432,0.268397545602538,0.335973810774765,0.303345852430245
Hamilton,043752,Cincinnati Public Schools,146365,Withrow University High School,7-12,Open,yes,no,yes,no,yes,yes,yes,yes,0.305666200913432,0.268397545602538,0.335973810774765,0.303345852430245
Hamilton,043752,Cincinnati Public Schools,147280,Rees E. Price Academy,K-6;P,Open,yes,no,yes,no,yes,yes,yes,yes,0.305666200913432,0.268397545602538,0.335973810774765,0.303345852430245
Hamilton,043752,Cincinnati Public Schools,147520,Woodward Career Technical High School,7-12,Open,yes,no,yes,no,yes,yes,yes,yes,0.305666200913432,0.268397545602538,0.335973810774765,0.303345852430245
Hamilton,043752,Cincinnati Public Schools,147538,Aiken New Tech High School,7-12,Open,yes,no,yes,no,yes,yes,yes,yes,0.305666200913432,0.268397545602538,0.335973810774765,0.303345852430245
Hamilton,043752,Cincinnati Public Schools,148320,Roll Hill School,K-6;P,Open,yes,no,yes,no,yes,yes,yes,yes,0.305666200913432,0.268397545602538,0.335973810774765,0.303345852430245
Hamilton,043851,Deer Park Community City,000653,Amity Elementary School,K-6;P,Open,no,no,no,no,no,no,no,no,0.12761780104712,0.119187950229208,0.154114365411437,0.133640038895921
Hamilton,043851,Deer Park Community City,008250,Deer Park Jr/Sr High School,7-12,Open,no,no,no,no,no,no,no,no,0.12761780104712,0.119187950229208,0.154114365411437,0.133640038895921
Hamilton,044081,Winton Woods City,002055,Early Childhood Center,K;P,Open,no,no,no,no,yes,yes,yes,no,0.20061919504644,0.162915548213917,0.211916583912612,0.191817109057656
Hamilton,044081,Winton Woods City,011973,Winton Woods Intermediate School,5-6,Open,no,no,no,no,yes,yes,yes,no,0.20061919504644,0.162915548213917,0.211916583912612,0.191817109057656
Hamilton,044081,Winton Woods City,014548,Winton Woods Middle School,7-8,Open,no,no,no,no,yes,yes,yes,no,0.20061919504644,0.162915548213917,0.211916583912612,0.191817109057656
Hamilton,044081,Winton Woods City,019620,Winton Woods Primary,1-2,Open,no,no,no,no,yes,yes,yes,no,0.20061919504644,0.162915548213917,0.211916583912612,0.191817109057656
Hamilton,044081,Winton Woods City,064147,Winton Woods High School,9-12,Open,no,no,no,no,yes,yes,yes,no,0.20061919504644,0.162915548213917,0.211916583912612,0.191817109057656
Hamilton,044081,Winton Woods City,066787,Winton Woods Elementary School,3-4,Open,no,no,no,no,yes,yes,yes,no,0.20061919504644,0.162915548213917,0.211916583912612,0.191817109057656
Hamilton,044230,Lockland Local,010243,Lockland Middle School,7-8,Closed,no,no,no,no,yes,yes,yes,yes,0.357971014492754,0.281159420289855,0.378453038674033,0.339194491152214
Hamilton,044230,Lockland Local,021170,Lockland Elementary School,H;K;1-6,Open,yes,no,yes,no,yes,yes,yes,yes,0.357971014492754,0.281159420289855,0.378453038674033,0.339194491152214
Hamilton,044230,Lockland Local,021188,Lockland Junior Senior High School,7-12,Open,yes,no,yes,no,yes,yes,yes,yes,0.357971014492754,0.281159420289855,0.378453038674033,0.339194491152214
Hamilton,044271,Loveland City,021162,Loveland Early Childhood Center,K;P,Open,no,no,no,no,no,no,no,no,0.056472919418758,0.045055491137982,0.054607508532423,0.052045306363055
Hamilton,044271,Loveland City,021592,Loveland Middle School,7-8,Open,no,no,no,no,no,no,no,no,0.056472919418758,0.045055491137982,0.054607508532423,0.052045306363055
Hamilton,044271,Loveland City,021600,Loveland High School,9-12,Open,no,no,no,no,no,no,no,no,0.056472919418758,0.045055491137982,0.054607508532423,0.052045306363055
Hamilton,044271,Loveland City,021618,Loveland Primary School,1-2,Open,no,no,no,no,no,no,no,no,0.056472919418758,0.045055491137982,0.054607508532423,0.052045306363055
Hamilton,044271,Loveland City,118828,Loveland Elementary School,3-4,Open,no,no,no,no,no,no,no,no,0.056472919418758,0.045055491137982,0.054607508532423,0.052045306363055
Hamilton,044271,Loveland City,139717,Loveland Intermediate School,5-6,Open,no,no,no,no,no,no,no,no,0.056472919418758,0.045055491137982,0.054607508532423,0.052045306363055
Hamilton,044289,Madeira City,021956,Madeira High School,9-12,Open,no,no,no,no,no,no,no,no,0.039135514018692,0.028638223261251,0.032919847328244,0.033564528202729
Hamilton,044289,Madeira City,024398,Madeira Elementary School,K-5,Open,no,no,no,no,no,no,no,no,0.039135514018692,0.028638223261251,0.032919847328244,0.033564528202729
Hamilton,044289,Madeira City,033985,Madeira Middle School,6-8,Open,no,no,no,no,no,no,no,no,0.039135514018692,0.028638223261251,0.032919847328244,0.033564528202729
Hamilton,044313,Mariemont City,022772,Mariemont High School,9-12,Open,no,no,no,no,no,no,no,no,0.084390512961941,0.065637065637066,0.050955414012739,0.066994330870582
Hamilton,044313,Mariemont City,037002,Terrace Park Elementary School,K-6,Open,no,no,no,no,no,no,no,no,0.084390512961941,0.065637065637066,0.050955414012739,0.066994330870582
Hamilton,044313,Mariemont City,061275,Mariemont Elementary School,K-6,Open,no,no,no,no,no,no,no,no,0.084390512961941,0.065637065637066,0.050955414012739,0.066994330870582
Hamilton,044313,Mariemont City,122622,Mariemont Junior High School,7-8,Open,no,no,no,no,no,no,no,no,0.084390512961941,0.065637065637066,0.050955414012739,0.066994330870582
Hamilton,044412,Mt Healthy City,016733,Mt. Healthy South Elementary School,1-6,Open,yes,no,yes,no,yes,yes,yes,yes,0.316972972972973,0.259948096885813,0.339936775553214,0.305619281804
Hamilton,044412,Mt Healthy City,019522,Mt. Healthy Early Learning Center,K;P,Open,no,no,no,no,no,,no,yes,0.316972972972973,0.259948096885813,0.339936775553214,0.305619281804
Hamilton,044412,Mt Healthy City,019945,MT. HEALTHY VIRTUAL ACADEMY,K-12,Open,no,no,no,no,no,,yes,yes,0.316972972972973,0.259948096885813,0.339936775553214,0.305619281804
Hamilton,044412,Mt Healthy City,025817,Mt Healthy High School,9-12,Open,yes,no,yes,no,yes,yes,yes,yes,0.316972972972973,0.259948096885813,0.339936775553214,0.305619281804
Hamilton,044412,Mt Healthy City,026658,Mt. Healthy North Elementary School,1-6,Open,yes,no,yes,no,yes,yes,yes,yes,0.316972972972973,0.259948096885813,0.339936775553214,0.305619281804
Hamilton,044412,Mt Healthy City,035105,Mt Healthy Junior High School,7-8,Open,yes,no,yes,no,yes,yes,yes,yes,0.316972972972973,0.259948096885813,0.339936775553214,0.305619281804
Hamilton,044511,North College Hill City,006775,North College Hill Elementary School,K-4;P,Open,yes,no,yes,no,yes,yes,yes,yes,0.286226318484383,0.240266393442623,0.340321794246709,0.288938168724572
Hamilton,044511,North College Hill City,011868,North College Hill Middle School,5-8,Open,yes,no,yes,no,yes,yes,yes,yes,0.286226318484383,0.240266393442623,0.340321794246709,0.288938168724572
Hamilton,044511,North College Hill City,019785,North College Hill Trojan Way Learning Center,K;1-12;SN,Open,no,no,no,no,no,,yes,yes,0.286226318484383,0.240266393442623,0.340321794246709,0.288938168724572
Hamilton,044511,North College Hill City,026120,North College Hill High School,9-12,Open,yes,no,yes,no,yes,yes,yes,yes,0.286226318484383,0.240266393442623,0.340321794246709,0.288938168724572
Hamilton,044578,Norwood City,000471,Sharpsburg Elementary,K-5;P,Open,no,no,no,no,no,no,no,yes,0.233178654292343,0.205029013539652,0.247281514297221,0.228496394043072
Hamilton,044578,Norwood City,019994,The Norwood Montessori School,K-2;P,Open,no,no,no,no,no,,no,yes,0.233178654292343,0.205029013539652,0.247281514297221,0.228496394043072
Hamilton,044578,Norwood City,028100,Norwood High School,9-12,Open,no,no,no,no,no,no,no,yes,0.233178654292343,0.205029013539652,0.247281514297221,0.228496394043072
Hamilton,044578,Norwood City,028118,Norwood View Elementary School,K-5;P,Open,no,no,no,no,no,no,no,yes,0.233178654292343,0.205029013539652,0.247281514297221,0.228496394043072
Hamilton,044578,Norwood City,041418,Williams Avenue Elementary School,K-5;P,Open,no,no,no,no,no,no,no,yes,0.233178654292343,0.205029013539652,0.247281514297221,0.228496394043072
Hamilton,044578,Norwood City,064857,Norwood Middle School,6-8,Open,no,no,no,no,no,no,no,yes,0.233178654292343,0.205029013539652,0.247281514297221,0.228496394043072
Hamilton,044677,Princeton City,010843,Evendale Elementary School,K-5;P,Open,no,no,no,no,no,no,no,no,0.181987577639752,0.163718187461204,0.195518453427065,0.180408072842674
Hamilton,044677,Princeton City,013581,Glendale Elementary School,K-5,Open,no,no,no,no,no,no,no,no,0.181987577639752,0.163718187461204,0.195518453427065,0.180408072842674
Hamilton,044677,Princeton City,015966,Heritage Hill Elementary School,K-5,Open,no,no,no,no,no,no,no,no,0.181987577639752,0.163718187461204,0.195518453427065,0.180408072842674
Hamilton,044677,Princeton City,017377,Princeton Innovation Center,7-12,Open,no,no,no,no,yes,yes,yes,no,0.181987577639752,0.163718187461204,0.195518453427065,0.180408072842674
Hamilton,044677,Princeton City,020917,Lincoln Heights Elementary School,K-5,Open,no,no,no,no,no,no,yes,no,0.181987577639752,0.163718187461204,0.195518453427065,0.180408072842674
Hamilton,044677,Princeton City,030742,Princeton Community Middle School,6-8,Open,no,no,no,no,no,yes,no,no,0.181987577639752,0.163718187461204,0.195518453427065,0.180408072842674
Hamilton,044677,Princeton City,030759,Princeton High School,9-12,Open,no,no,no,no,no,no,no,no,0.181987577639752,0.163718187461204,0.195518453427065,0.180408072842674
Hamilton,044677,Princeton City,034157,Sharonville Elementary School,K-5,Open,no,no,no,no,no,no,no,no,0.181987577639752,0.163718187461204,0.195518453427065,0.180408072842674
Hamilton,044677,Princeton City,035436,Springdale Elementary School,K-5;P,Open,no,no,no,no,no,no,no,no,0.181987577639752,0.163718187461204,0.195518453427065,0.180408072842674
Hamilton,044677,Princeton City,036087,Stewart Elementary School,K-5;P,Open,no,no,no,no,no,no,no,no,0.181987577639752,0.163718187461204,0.195518453427065,0.180408072842674
Hamilton,044677,Princeton City,042028,Woodlawn Elementary School,K-5;P,Open,no,no,no,no,no,no,no,no,0.181987577639752,0.163718187461204,0.195518453427065,0.180408072842674
Hamilton,044693,Reading Community City,005728,Reading Elementary School,K-6;P,Open,no,no,no,no,no,no,no,no,0.165822784810127,0.142495250158328,0.194092827004219,0.167470287324225
Hamilton,044693,Reading Community City,031187,Reading Junior Senior High School,7-12,Open,no,no,no,no,no,no,no,no,0.165822784810127,0.142495250158328,0.194092827004219,0.167470287324225
Hamilton,044719,St Bernard-Elmwood Place City,010447,Elmwood Place Elementary School,K-6;P,Open,no,no,no,no,no,no,yes,yes,0.205217391304348,0.198080279232112,0.296368989205103,0.233222219913854
Hamilton,044719,St Bernard-Elmwood Place City,035584,St Bernard-Elmwood Place High School,7-12,Open,no,no,no,no,no,no,no,yes,0.205217391304348,0.198080279232112,0.296368989205103,0.233222219913854
Hamilton,044719,St Bernard-Elmwood Place City,037408,St Bernard Elementary School,K-6,Open,no,no,no,no,no,no,no,yes,0.205217391304348,0.198080279232112,0.296368989205103,0.233222219913854
Hamilton,044867,Sycamore Community City,002998,Blue Ash Elementary,K-4;P,Open,no,no,no,no,no,no,no,no,0.053343949044586,0.050183208539111,0.06241312204615,0.055313426543282
Hamilton,044867,Sycamore Community City,022525,Maple Dale Elementary School,K-4,Open,no,no,no,no,no,no,no,no,0.053343949044586,0.050183208539111,0.06241312204615,0.055313426543282
Hamilton,044867,Sycamore Community City,025387,Montgomery Elementary School,K-4,Open,no,no,no,no,no,no,no,no,0.053343949044586,0.050183208539111,0.06241312204615,0.055313426543282
Hamilton,044867,Sycamore Community City,036640,Sycamore High School,9-12,Open,no,no,no,no,no,no,no,no,0.053343949044586,0.050183208539111,0.06241312204615,0.055313426543282
Hamilton,044867,Sycamore Community City,036657,Edwin H Greene Intermediate Middle School,5-6,Open,no,no,no,no,no,no,no,no,0.053343949044586,0.050183208539111,0.06241312204615,0.055313426543282
Hamilton,044867,Sycamore Community City,066761,Sycamore Junior High School,7-8,Open,no,no,no,no,no,no,no,no,0.053343949044586,0.050183208539111,0.06241312204615,0.055313426543282
Hamilton,044867,Sycamore Community City,099804,Symmes Elementary School,K-4;P,Open,no,no,no,no,no,no,no,no,0.053343949044586,0.050183208539111,0.06241312204615,0.055313426543282
Hamilton,045146,Wyoming City,010306,Elm Avenue Elementary School,K-4,Open,no,no,no,no,no,no,no,no,0.062561094819159,0.047409579667644,0.042020563254359,0.050663745913721
Hamilton,045146,Wyoming City,016402,Hilltop Elementary School,K-4,Open,no,no,no,no,no,no,no,no,0.062561094819159,0.047409579667644,0.042020563254359,0.050663745913721
Hamilton,045146,Wyoming City,029553,Wyoming Middle School,5-8,Open,no,no,no,no,no,no,no,no,0.062561094819159,0.047409579667644,0.042020563254359,0.050663745913721
Hamilton,045146,Wyoming City,038356,Vermont Avenue Elementary School,K-4,Open,no,no,no,no,no,no,no,no,0.062561094819159,0.047409579667644,0.042020563254359,0.050663745913721
Hamilton,045146,Wyoming City,042382,Wyoming High School,9-12,Open,no,no,no,no,no,no,no,no,0.062561094819159,0.047409579667644,0.042020563254359,0.050663745913721
Hamilton,045435,Indian Hill Exempted Village,008763,Indian Hill Elementary School,3-5,Open,no,no,no,no,no,no,no,no,0.040719002201027,0.035963302752294,0.046853625170999,0.041178643374773
Hamilton,045435,Indian Hill Exempted Village,017301,Indian Hill High School,9-12,Open,no,no,no,no,no,no,no,no,0.040719002201027,0.035963302752294,0.046853625170999,0.041178643374773
Hamilton,045435,Indian Hill Exempted Village,043158,Indian Hill Middle School,6-8,Open,no,no,no,no,no,no,no,no,0.040719002201027,0.035963302752294,0.046853625170999,0.041178643374773
Hamilton,045435,Indian Hill Exempted Village,099606,Indian Hill Primary Elementary School,K-2,Open,no,no,no,no,no,no,no,no,0.040719002201027,0.035963302752294,0.046853625170999,0.041178643374773
Hamilton,047332,Finneytown Local,011668,Finneytown Secondary Campus,7-12,Open,no,no,no,no,yes,yes,yes,no,0.12217659137577,0.116589625064201,0.151345291479821,0.130037169306597
Hamilton,047332,Finneytown Local,019940,Finneytown Elementary,K-6,Open,no,no,no,no,no,,yes,no,0.12217659137577,0.116589625064201,0.151345291479821,0.130037169306597
Hamilton,047340,Forest Hills Local,000687,Anderson High School,9-12,Open,no,no,no,no,no,no,no,no,0.04881037475748,0.042937276899541,0.053342889321184,0.048363513659402
Hamilton,047340,Forest Hills Local,021949,Maddux Elementary School,K-6,Open,no,no,no,no,no,no,no,no,0.04881037475748,0.042937276899541,0.053342889321184,0.048363513659402
Hamilton,047340,Forest Hills Local,027185,Mercer Elementary School,K-6,Open,no,no,no,no,no,no,no,no,0.04881037475748,0.042937276899541,0.053342889321184,0.048363513659402
Hamilton,047340,Forest Hills Local,036459,Summit Elementary School,K-6,Open,no,no,no,no,no,no,no,no,0.04881037475748,0.042937276899541,0.053342889321184,0.048363513659402
Hamilton,047340,Forest Hills Local,041608,Wilson Elementary School,K-6,Open,no,no,no,no,no,no,no,no,0.04881037475748,0.042937276899541,0.053342889321184,0.048363513659402
Hamilton,047340,Forest Hills Local,061937,Sherwood Elementary School,K-6;P,Open,no,no,no,no,no,no,no,no,0.04881037475748,0.042937276899541,0.053342889321184,0.048363513659402
Hamilton,047340,Forest Hills Local,065391,Ayer Elementary School,K-6,Open,no,no,no,no,no,no,no,no,0.04881037475748,0.042937276899541,0.053342889321184,0.048363513659402
Hamilton,047340,Forest Hills Local,068502,Turpin High School,9-12,Open,no,no,no,no,no,no,no,no,0.04881037475748,0.042937276899541,0.053342889321184,0.048363513659402
Hamilton,047340,Forest Hills Local,135830,Nagel Middle School,7-8,Open,no,no,no,no,no,no,no,no,0.04881037475748,0.042937276899541,0.053342889321184,0.048363513659402
Hamilton,047365,Northwest Local,006882,Colerain Elementary School,K-5,Open,no,no,no,no,no,no,no,no,0.142260350615442,0.121707335273487,0.167239762425758,0.143735816104896
Hamilton,047365,Northwest Local,006890,Colerain High School,9-12,Open,no,no,no,no,no,no,no,no,0.142260350615442,0.121707335273487,0.167239762425758,0.143735816104896
Hamilton,047365,Northwest Local,006908,Colerain Middle School,6-8,Open,no,no,no,no,no,no,yes,no,0.142260350615442,0.121707335273487,0.167239762425758,0.143735816104896
Hamilton,047365,Northwest Local,025205,Monfort Heights Elementary School,K-5,Open,no,no,no,no,no,no,no,no,0.142260350615442,0.121707335273487,0.167239762425758,0.143735816104896
Hamilton,047365,Northwest Local,030320,Pleasant Run Elementary School,K-5,Open,no,no,no,no,no,no,no,no,0.142260350615442,0.121707335273487,0.167239762425758,0.143735816104896
Hamilton,047365,Northwest Local,036921,Taylor Elementary School,K-5,Open,no,no,no,no,yes,yes,yes,no,0.142260350615442,0.121707335273487,0.167239762425758,0.143735816104896
Hamilton,047365,Northwest Local,040170,Struble Elementary School,K-5,Open,no,no,no,no,no,no,no,no,0.142260350615442,0.121707335273487,0.167239762425758,0.143735816104896
Hamilton,047365,Northwest Local,041012,White Oak Middle School,6-8,Open,no,no,no,no,no,no,yes,no,0.142260350615442,0.121707335273487,0.167239762425758,0.143735816104896
Hamilton,047365,Northwest Local,043315,Pleasant Run Middle School,6-8,Open,no,no,no,no,yes,yes,yes,no,0.142260350615442,0.121707335273487,0.167239762425758,0.143735816104896
Hamilton,047365,Northwest Local,064683,Northwest High School,9-12,Open,no,no,no,no,no,no,yes,no,0.142260350615442,0.121707335273487,0.167239762425758,0.143735816104896
Hamilton,047373,Oak Hills Local,003566,Bridgetown Middle School,6-8,Open,no,no,no,no,no,no,no,no,0.079313583198156,0.075032010243278,0.100774534002894,0.085040042481442
Hamilton,047373,Oak Hills Local,004473,C O Harrison Elementary School,K-5;P,Open,no,no,no,no,no,no,no,no,0.079313583198156,0.075032010243278,0.100774534002894,0.085040042481442
Hamilton,047373,Oak Hills Local,005967,Charles W Springmyer Elementary School,K-5,Open,no,no,no,no,no,no,no,no,0.079313583198156,0.075032010243278,0.100774534002894,0.085040042481442
Hamilton,047373,Oak Hills Local,008318,Delhi Middle School,6-8,Open,no,no,no,no,no,no,no,no,0.079313583198156,0.075032010243278,0.100774534002894,0.085040042481442
Hamilton,047373,Oak Hills Local,018390,John Foster Dulles Elementary School,K-5;P,Open,no,no,no,no,no,no,no,no,0.079313583198156,0.075032010243278,0.100774534002894,0.085040042481442
Hamilton,047373,Oak Hills Local,028217,Oak Hills High School,9-12,Open,no,no,no,no,no,no,no,no,0.079313583198156,0.075032010243278,0.100774534002894,0.085040042481442
Hamilton,047373,Oak Hills Local,043323,Delshire Elementary School,K-5;P,Open,no,no,no,no,no,no,no,no,0.079313583198156,0.075032010243278,0.100774534002894,0.085040042481442
Hamilton,047373,Oak Hills Local,043331,Oakdale Elementary School,K-5,Open,no,no,no,no,no,no,no,no,0.079313583198156,0.075032010243278,0.100774534002894,0.085040042481442
Hamilton,047373,Oak Hills Local,135269,Rapid Run Middle School,6-8,Open,no,no,no,no,no,no,no,no,0.079313583198156,0.075032010243278,0.100774534002894,0.085040042481442
Hamilton,047381,Southwest Local,007849,Crosby Elementary School,K-5,Open,no,no,no,no,no,no,no,no,0.149872122762148,0.137666325486182,0.158005752636625,0.148514733628319
Hamilton,047381,Southwest Local,015396,Harrison Elementary School,K-5,Open,no,no,no,no,no,no,no,no,0.149872122762148,0.137666325486182,0.158005752636625,0.148514733628319
Hamilton,047381,Southwest Local,024430,Miami Whitewater Elementary School,K-5,Open,no,no,no,no,no,no,no,no,0.149872122762148,0.137666325486182,0.158005752636625,0.148514733628319
Hamilton,047381,Southwest Local,041368,William Henry Harrison High School,9-12,Open,no,no,no,no,no,no,no,no,0.149872122762148,0.137666325486182,0.158005752636625,0.148514733628319
Hamilton,047381,Southwest Local,064378,Harrison Middle School,6-8,Open,no,no,no,no,no,no,no,no,0.149872122762148,0.137666325486182,0.158005752636625,0.148514733628319
Hamilton,047399,Three Rivers Local,017484,Taylor Middle School,5-8,Open,no,no,no,no,no,no,no,no,0.097592295345104,0.07800963081862,0.102529049897471,0.092710325353732
Hamilton,047399,Three Rivers Local,036954,Taylor High School,9-12,Open,no,no,no,no,no,no,no,no,0.097592295345104,0.07800963081862,0.102529049897471,0.092710325353732
Hamilton,047399,Three Rivers Local,042523,Three Rivers Elementary,K-4;P,Open,no,no,no,no,no,no,no,no,0.097592295345104,0.07800963081862,0.102529049897471,0.092710325353732
Hancock,043984,Findlay City,005686,Glenwood Middle School,6-8,Open,no,no,no,no,no,no,no,no,0.138980392156863,0.126285804715936,0.157176951926355,0.140814382933051
Hancock,043984,Findlay City,008607,Donnell Middle School,6-8,Open,no,no,no,no,no,no,no,no,0.138980392156863,0.126285804715936,0.157176951926355,0.140814382933051
Hancock,043984,Findlay City,011627,Findlay High School,9-12,Open,no,no,no,no,no,no,no,no,0.138980392156863,0.126285804715936,0.157176951926355,0.140814382933051
Hancock,043984,Findlay City,015437,Trojan Academy Blended,6-12,Closed,no,no,no,no,yes,yes,yes,no,0.138980392156863,0.126285804715936,0.157176951926355,0.140814382933051
Hancock,043984,Findlay City,017814,Whittier Primary School,K-2,Open,no,no,no,no,no,no,no,no,0.138980392156863,0.126285804715936,0.157176951926355,0.140814382933051
Hancock,043984,Findlay City,018044,Jefferson Primary School,K-2,Open,no,no,no,no,no,no,no,no,0.138980392156863,0.126285804715936,0.157176951926355,0.140814382933051
Hancock,043984,Findlay City,019705,Trojan Academy Online,6-12,Closed,no,no,no,no,yes,yes,yes,no,0.138980392156863,0.126285804715936,0.157176951926355,0.140814382933051
Hancock,043984,Findlay City,027839,Northview Primary School,K-2,Open,no,no,no,no,no,no,no,no,0.138980392156863,0.126285804715936,0.157176951926355,0.140814382933051
Hancock,043984,Findlay City,042804,Bigelow Hill Elementary School,3-5,Open,no,no,no,no,no,no,no,no,0.138980392156863,0.126285804715936,0.157176951926355,0.140814382933051
Hancock,043984,Findlay City,042812,Wilson Vance Elementary School,3-5,Open,no,no,no,no,no,no,no,no,0.138980392156863,0.126285804715936,0.157176951926355,0.140814382933051
Hancock,043984,Findlay City,061366,Chamberlin Hill Elementary School,3-5,Open,no,no,no,no,no,no,no,no,0.138980392156863,0.126285804715936,0.157176951926355,0.140814382933051
Hancock,047415,Arcadia Local,000699,Arcadia Middle School,7-8,Open,no,no,no,no,no,no,no,no,0.084714548802947,0.070631970260223,0.103296703296703,0.086214407453291
Hancock,047415,Arcadia Local,000885,Arcadia Elementary School,K-6,Open,no,no,no,no,no,no,no,no,0.084714548802947,0.070631970260223,0.103296703296703,0.086214407453291
Hancock,047415,Arcadia Local,000893,Arcadia High School,9-12,Open,no,no,no,no,no,no,no,no,0.084714548802947,0.070631970260223,0.103296703296703,0.086214407453291
Hancock,047423,Arlington Local,000976,Arlington Local Elementary School,K-6,Open,no,no,no,no,no,no,no,no,0.049612403100775,0.0703125,0.058823529411765,0.059582810837513
Hancock,047423,Arlington Local,000992,Arlington Local High School,7-12,Open,no,no,no,no,no,no,no,no,0.049612403100775,0.0703125,0.058823529411765,0.059582810837513
Hancock,047431,Cory-Rawson Local,007401,Cory-Rawson High School,7-12,Open,no,no,no,no,no,no,no,no,0.092675635276532,0.093373493975904,0.102067183462532,0.096038770904989
Hancock,047431,Cory-Rawson Local,031120,Cory-Rawson Elementary School,K-6,Open,no,no,no,no,no,no,no,no,0.092675635276532,0.093373493975904,0.102067183462532,0.096038770904989
Hancock,047449,Liberty-Benton Local,020438,Liberty-Benton Elementary School,K-4,Open,no,no,no,no,no,no,no,no,0.066403162055336,0.059808612440191,0.060931899641577,0.062381224712368
Hancock,047449,Liberty-Benton Local,020446,Liberty-Benton High School,9-12,Open,no,no,no,no,no,no,no,no,0.066403162055336,0.059808612440191,0.060931899641577,0.062381224712368
Hancock,047449,Liberty-Benton Local,122028,Liberty-Benton Middle School,5-8,Open,no,no,no,no,no,no,no,no,0.066403162055336,0.059808612440191,0.060931899641577,0.062381224712368
Hancock,047456,McComb Local,017665,McComb Local Jr/Sr High School,7-12,Open,no,no,no,no,no,no,no,no,0.075495049504951,0.073474470734745,0.101394169835234,0.08345456335831
Hancock,047456,McComb Local,023440,McComb Local Elementary School,K-6,Open,no,no,no,no,no,no,no,no,0.075495049504951,0.073474470734745,0.101394169835234,0.08345456335831
Hancock,047464,Van Buren Local,038208,Van Buren Elementary School,K-5,Open,no,no,no,no,no,no,no,no,0.06187624750499,0.066398390342052,0.067662565905097,0.065312401250713
Hancock,047464,Van Buren Local,038232,Van Buren High School,9-12,Open,no,no,no,no,no,no,no,no,0.06187624750499,0.066398390342052,0.067662565905097,0.065312401250713
Hancock,047464,Van Buren Local,137455,Van Buren Middle School,6-8,Open,no,no,no,no,no,no,no,no,0.06187624750499,0.066398390342052,0.067662565905097,0.065312401250713
Hancock,047472,Vanlue Local,038281,Vanlue Elementary School,K-5,Open,no,no,no,no,no,no,no,no,0.07421875,0.059055118110236,0.061818181818182,0.065030683309473
Hancock,047472,Vanlue Local,038299,Vanlue High School,6-12,Open,no,no,no,no,no,no,no,no,0.07421875,0.059055118110236,0.061818181818182,0.065030683309473
Hancock,047514,Riverdale Local,011916,Riverdale Elementary School,K-2,Open,no,no,no,no,no,no,no,no,0.120300751879699,0.121327014218009,0.147058823529412,0.129562196542373
Hancock,047514,Riverdale Local,025742,Riverdale Elementary School,3-5,Open,no,no,no,no,no,no,no,no,0.120300751879699,0.121327014218009,0.147058823529412,0.129562196542373
Hancock,047514,Riverdale Local,031898,Riverdale High School,9-12,Open,no,no,no,no,no,no,no,no,0.120300751879699,0.121327014218009,0.147058823529412,0.129562196542373
Hancock,047514,Riverdale Local,040915,Riverdale Middle School,6-8,Open,no,no,no,no,no,no,no,no,0.120300751879699,0.121327014218009,0.147058823529412,0.129562196542373
Hardin,044172,Kenton City,015131,Kenton Elementary School,K-6;P,Open,no,no,no,no,no,no,no,yes,0.215105162523901,0.193764988009592,0.264953040039545,0.224607730191013
Hardin,044172,Kenton City,018846,Kenton High School,9-12,Open,no,no,no,no,no,no,no,yes,0.215105162523901,0.193764988009592,0.264953040039545,0.224607730191013
Hardin,044172,Kenton City,018853,Kenton Middle School,6-8,Open,no,no,no,no,no,no,no,yes,0.215105162523901,0.193764988009592,0.264953040039545,0.224607730191013
Hardin,045187,Ada Exempted Village,000059,Ada Elementary School,K-6,Open,no,no,no,no,no,no,no,no,0.13423517169615,0.115062761506276,0.172413793103448,0.140570575435291
Hardin,045187,Ada Exempted Village,000067,Ada High School,7-12,Open,no,no,no,no,no,no,no,no,0.13423517169615,0.115062761506276,0.172413793103448,0.140570575435291
Hardin,047498,Hardin Northern Local,015164,Hardin Northern Elementary School,K-6,Open,no,no,no,no,no,no,no,no,0.138,0.148893360160966,0.152505446623094,0.14646626892802
Hardin,047498,Hardin Northern Local,015172,Hardin Northern High School,7-12,Open,no,no,no,no,no,no,no,no,0.138,0.148893360160966,0.152505446623094,0.14646626892802
Hardin,047506,Ridgemont Local,031674,Ridgemont Elementary School,K-5,Open,no,no,no,no,no,no,no,no,0.126453488372093,0.12992700729927,0.139949109414758,0.13210986836204
Hardin,047506,Ridgemont Local,031716,Ridgemont High School,6-12,Open,no,no,no,no,no,no,no,no,0.126453488372093,0.12992700729927,0.139949109414758,0.13210986836204
Hardin,047522,Upper Scioto Valley Local,000349,Upper Scioto Valley Middle School,7-8,Open,no,no,no,no,no,yes,no,no,0.122666666666667,0.130026809651475,0.213578500707214,0.155423992341785
Hardin,047522,Upper Scioto Valley Local,032805,Upper Scioto Valley Elementary School,K-6,Open,no,no,no,no,no,no,no,no,0.122666666666667,0.130026809651475,0.213578500707214,0.155423992341785
Hardin,047522,Upper Scioto Valley Local,037960,Upper Scioto Valley High School,9-12,Open,no,no,no,no,no,no,no,no,0.122666666666667,0.130026809651475,0.213578500707214,0.155423992341785
Harrison,045245,Harrison Hills City,004507,Harrison Central Jr./Sr. High School,7-12,Open,no,no,no,no,no,no,no,no,0.192574257425743,0.173173173173173,0.207347760442879,0.191031730347265
Harrison,045245,Harrison Hills City,012348,Harrison Central Elementary School,P;K;1-6;SN,Open,no,no,no,no,no,no,no,no,0.192574257425743,0.173173173173173,0.207347760442879,0.191031730347265
Harrison,047548,Conotton Valley Union Local,003277,Conotton Valley Elementary,K-5;P,Open,no,no,no,no,no,no,no,yes,0.21272365805169,0.205645161290323,0.191358024691358,0.203242281344457
Harrison,047548,Conotton Valley Union Local,007245,Conotton Valley High School,6-12,Open,no,no,no,no,no,no,no,yes,0.21272365805169,0.205645161290323,0.191358024691358,0.203242281344457
Henry,044438,Napoleon Area City,005397,Napoleon Elementary School,K-6,Open,no,no,no,no,no,no,no,no,0.107271095152603,0.107719928186715,0.12060737527115,0.111866132870156
Henry,044438,Napoleon Area City,026419,Napoleon Junior/Senior High School,7-12,Open,no,no,no,no,no,no,no,no,0.107271095152603,0.107719928186715,0.12060737527115,0.111866132870156
Henry,047571,Holgate Local,016550,Holgate Elementary School,K-5,Open,no,no,no,no,no,no,no,no,0.076190476190476,0.073809523809524,0.066059225512529,0.07201974183751
Henry,047571,Holgate Local,016568,Holgate High School,6-12,Open,no,no,no,no,no,no,no,no,0.076190476190476,0.073809523809524,0.066059225512529,0.07201974183751
Henry,047589,Liberty Center Local,020289,Liberty Center Elementary School,K-4,Open,no,no,no,no,no,no,no,no,0.116970278044104,0.123800383877159,0.121504339440694,0.120758333787319
Henry,047589,Liberty Center Local,020297,Liberty Center High School,9-12,Open,no,no,no,no,no,no,no,no,0.116970278044104,0.123800383877159,0.121504339440694,0.120758333787319
Henry,047589,Liberty Center Local,140020,Liberty Center Middle School,5-8,Open,no,no,no,no,no,no,no,no,0.116970278044104,0.123800383877159,0.121504339440694,0.120758333787319
Henry,047597,Patrick Henry Local,008433,Patrick Henry High School,9-12,Open,no,no,no,no,no,no,no,no,0.104638619201726,0.11231101511879,0.125792811839323,0.11424748205328
Henry,047597,Patrick Henry Local,022319,Patrick Henry Elementary School,K-4,Open,no,no,no,no,no,no,no,no,0.104638619201726,0.11231101511879,0.125792811839323,0.11424748205328
Henry,047597,Patrick Henry Local,147587,Patrick Henry Middle School,5-8,Open,no,no,no,no,no,no,no,no,0.104638619201726,0.11231101511879,0.125792811839323,0.11424748205328
Highland,044123,Hillsboro City,016345,Hillsboro High School,9-12,Open,no,no,no,no,no,no,no,yes,0.215372907153729,0.224818077364994,0.202565069784987,0.214252018101237
Highland,044123,Hillsboro City,039396,Hillsboro Intermediate School,4-5,Open,no,no,no,no,no,no,no,yes,0.215372907153729,0.224818077364994,0.202565069784987,0.214252018101237
Highland,044123,Hillsboro City,040147,Hillsboro Primary School,2-3,Open,no,no,no,no,no,no,no,yes,0.215372907153729,0.224818077364994,0.202565069784987,0.214252018101237
Highland,044123,Hillsboro City,095661,Hillsboro Early Childhood Center,K-1;P,Open,no,no,no,no,no,no,no,yes,0.215372907153729,0.224818077364994,0.202565069784987,0.214252018101237
Highland,044123,Hillsboro City,135517,Hillsboro Middle School,6-8,Open,no,no,no,no,no,no,no,yes,0.215372907153729,0.224818077364994,0.202565069784987,0.214252018101237
Highland,045401,Greenfield Exempted Village,004176,Buckskin Elementary School,K-5,Open,no,no,no,no,no,no,no,yes,0.234995383194829,0.244661095636026,0.237928007023705,0.239194828618187
Highland,045401,Greenfield Exempted Village,014514,Greenfield Elementary School,K-5;P,Open,no,no,no,no,no,no,no,yes,0.234995383194829,0.244661095636026,0.237928007023705,0.239194828618187
Highland,045401,Greenfield Exempted Village,023424,McClain High School,9-12,Open,no,no,no,no,no,no,no,yes,0.234995383194829,0.244661095636026,0.237928007023705,0.239194828618187
Highland,045401,Greenfield Exempted Village,031039,Rainsboro Elementary School,K-5;P,Open,no,no,no,no,no,no,no,yes,0.234995383194829,0.244661095636026,0.237928007023705,0.239194828618187
Highland,045401,Greenfield Exempted Village,098574,Greenfield Middle School,6-8,Open,no,no,no,no,no,no,no,yes,0.234995383194829,0.244661095636026,0.237928007023705,0.239194828618187
Highland,047613,Bright Local,000519,Whiteoak Junior High School,7-8,Open,no,no,no,no,no,no,no,no,0.201660735468565,0.191895113230036,0.178531073446328,0.190695640714976
Highland,047613,Bright Local,041004,Whiteoak High School,9-12,Open,no,no,no,no,no,no,no,no,0.201660735468565,0.191895113230036,0.178531073446328,0.190695640714976
Highland,047613,Bright Local,139477,Bright Elementary School,K-6;P,Open,no,no,no,no,no,no,no,no,0.201660735468565,0.191895113230036,0.178531073446328,0.190695640714976
Highland,047621,Fairfield Local,011031,Fairfield Local Elementary School,K-5;P,Open,no,no,no,no,no,no,no,no,0.146031746031746,0.154255319148936,0.133817427385892,0.144701497522191
Highland,047621,Fairfield Local,011056,Fairfield Local High School,9-12,Open,no,no,no,no,no,no,no,no,0.146031746031746,0.154255319148936,0.133817427385892,0.144701497522191
Highland,047621,Fairfield Local,142190,Fairfield Local Middle School,6-8,Open,no,no,no,no,no,no,no,no,0.146031746031746,0.154255319148936,0.133817427385892,0.144701497522191
Highland,047639,Lynchburg-Clay Local,021816,Lynchburg-Clay High School,9-12,Open,no,no,no,no,no,no,no,no,0.17699836867863,0.161475409836066,0.161777032690696,0.166750270401797
Highland,047639,Lynchburg-Clay Local,139212,Lynchburg-Clay Elementary School,K-5;P,Open,no,no,no,no,no,no,no,no,0.17699836867863,0.161475409836066,0.161777032690696,0.166750270401797
Highland,047639,Lynchburg-Clay Local,139220,Lynchburg-Clay Middle School,6-8,Open,no,no,no,no,no,no,no,no,0.17699836867863,0.161475409836066,0.161777032690696,0.166750270401797
Hocking,044248,Logan-Hocking Local,000384,Chieftain Elementary School,K-4;P,Open,no,no,no,no,no,no,no,yes,0.199895479487849,0.185699039487727,0.214539908490086,0.200044809155221
Hocking,044248,Logan-Hocking Local,000385,Hocking Hills Elementary School,K-4;P,Open,no,no,no,no,no,no,no,yes,0.199895479487849,0.185699039487727,0.214539908490086,0.200044809155221
Hocking,044248,Logan-Hocking Local,000387,Central Elementary School,K-4;P,Open,no,no,no,no,no,no,no,yes,0.199895479487849,0.185699039487727,0.214539908490086,0.200044809155221
Hocking,044248,Logan-Hocking Local,014324,Green Elementary School,K-4;P,Open,no,no,no,no,no,no,no,yes,0.199895479487849,0.185699039487727,0.214539908490086,0.200044809155221
Hocking,044248,Logan-Hocking Local,021246,Logan High School,9-12,Open,no,no,no,no,no,no,no,yes,0.199895479487849,0.185699039487727,0.214539908490086,0.200044809155221
Hocking,044248,Logan-Hocking Local,065581,Union Furnace Elementary School,K-4;P,Open,no,no,no,no,no,no,no,yes,0.199895479487849,0.185699039487727,0.214539908490086,0.200044809155221
Hocking,044248,Logan-Hocking Local,112573,Logan-Hocking Middle School,5-8,Open,no,no,no,no,no,no,no,yes,0.199895479487849,0.185699039487727,0.214539908490086,0.200044809155221
Holmes,047688,East Holmes Local,002451,Berlin Elementary School,K-6,Open,no,no,no,no,no,no,no,no,0.109736123748863,0.094626810929763,0.102395740905058,0.102252891861228
Holmes,047688,East Holmes Local,006213,Chestnut Ridge Elementary School,K-8,Open,no,no,no,no,no,no,no,no,0.109736123748863,0.094626810929763,0.102395740905058,0.102252891861228
Holmes,047688,East Holmes Local,016220,Hiland High School,7-12,Open,no,no,no,no,no,no,no,no,0.109736123748863,0.094626810929763,0.102395740905058,0.102252891861228
Holmes,047688,East Holmes Local,025825,Mt Hope Elementary School,K-8,Open,no,no,no,no,no,no,no,no,0.109736123748863,0.094626810929763,0.102395740905058,0.102252891861228
Holmes,047688,East Holmes Local,039040,Walnut Creek Elementary School,K-6,Open,no,no,no,no,no,no,no,no,0.109736123748863,0.094626810929763,0.102395740905058,0.102252891861228
Holmes,047688,East Holmes Local,041814,Winesburg Elementary School,K-6,Open,no,no,no,no,no,no,no,no,0.109736123748863,0.094626810929763,0.102395740905058,0.102252891861228
Holmes,047688,East Holmes Local,041889,Wise Elementary School,5-8,Open,no,no,no,no,no,no,no,no,0.109736123748863,0.094626810929763,0.102395740905058,0.102252891861228
Holmes,047688,East Holmes Local,065672,Flat Ridge Elementary School,K-4,Open,no,no,no,no,no,no,no,no,0.109736123748863,0.094626810929763,0.102395740905058,0.102252891861228
Holmes,047696,West Holmes Local,019018,Killbuck Elementary School,K-5,Open,no,no,no,no,no,no,no,no,0.149507119386637,0.139034482758621,0.190409026798307,0.159650209647855
Holmes,047696,West Holmes Local,019679,Lakeville Elementary School,3-5,Open,no,no,no,no,no,no,no,no,0.149507119386637,0.139034482758621,0.190409026798307,0.159650209647855
Holmes,047696,West Holmes Local,019694,West Holmes Digital Academy,K-12,Open,no,no,no,no,yes,yes,yes,no,0.149507119386637,0.139034482758621,0.190409026798307,0.159650209647855
Holmes,047696,West Holmes Local,024869,Millersburg Elementary School,K-5,Open,no,no,no,no,no,no,no,no,0.149507119386637,0.139034482758621,0.190409026798307,0.159650209647855
Holmes,047696,West Holmes Local,026435,Nashville Elementary School,K-2,Open,no,no,no,no,no,no,no,no,0.149507119386637,0.139034482758621,0.190409026798307,0.159650209647855
Holmes,047696,West Holmes Local,038695,West Holmes High School,9-12,Open,no,no,no,no,no,no,no,no,0.149507119386637,0.139034482758621,0.190409026798307,0.159650209647855
Holmes,047696,West Holmes Local,064790,West Holmes Middle School,6-8,Open,no,no,no,no,no,no,no,no,0.149507119386637,0.139034482758621,0.190409026798307,0.159650209647855
Huron,043596,Bellevue City,002246,Bellevue High School,9-12;SN,Open,no,no,no,no,no,no,no,no,0.100888888888889,0.10228802153432,0.114212108200945,0.105796339541385
Huron,043596,Bellevue City,002253,Bellevue Middle School,6-8,Open,no,no,no,no,no,no,no,no,0.100888888888889,0.10228802153432,0.114212108200945,0.105796339541385
Huron,043596,Bellevue City,042424,Bellevue Elementary School,K-5;P,Open,no,no,no,no,no,no,no,no,0.100888888888889,0.10228802153432,0.114212108200945,0.105796339541385
Huron,044560,Norwalk City,000270,Main Street School,5-6,Open,no,no,no,no,no,no,no,no,0.135083834229674,0.140401146131805,0.158852560148057,0.144779180169845
Huron,044560,Norwalk City,019968,League Elementary School,3-6,Open,no,no,no,no,no,no,no,no,0.135083834229674,0.140401146131805,0.158852560148057,0.144779180169845
Huron,044560,Norwalk City,022632,Maplehurst Elementary School,K-1;P,Open,no,no,no,no,no,no,no,no,0.135083834229674,0.140401146131805,0.158852560148057,0.144779180169845
Huron,044560,Norwalk City,028050,Norwalk Middle School,7-8,Open,no,no,no,no,no,no,no,no,0.135083834229674,0.140401146131805,0.158852560148057,0.144779180169845
Huron,044560,Norwalk City,028068,Norwalk High School,9-12,Open,no,no,no,no,no,no,no,no,0.135083834229674,0.140401146131805,0.158852560148057,0.144779180169845
Huron,044560,Norwalk City,030221,Pleasant Elementary School,1-3,Open,no,no,no,no,no,no,no,no,0.135083834229674,0.140401146131805,0.158852560148057,0.144779180169845
Huron,045096,Willard City,005439,Willard Elementary School,K-5;P,Open,no,no,no,no,no,no,no,no,0.174944812362031,0.186563020544142,0.201186623516721,0.187564818807631
Huron,045096,Willard City,031559,Willard Middle School,6-8,Open,no,no,no,no,no,no,no,no,0.174944812362031,0.186563020544142,0.201186623516721,0.187564818807631
Huron,045096,Willard City,041319,Willard High School,9-12,Open,no,no,no,no,no,no,no,no,0.174944812362031,0.186563020544142,0.201186623516721,0.187564818807631
Huron,047712,Monroeville Local,025353,Monroeville Elementary School,K-6;P,Open,no,no,no,no,no,no,no,no,0.096128170894526,0.080645161290323,0.085014409221902,0.087262580468917
Huron,047712,Monroeville Local,025361,Monroeville High School,7-12,Open,no,no,no,no,no,no,no,no,0.096128170894526,0.080645161290323,0.085014409221902,0.087262580468917
Huron,047720,New London Local,026815,New London Elementary School,K-5;P,Open,no,no,no,no,no,no,no,no,0.158806544754572,0.133591481122943,0.150243902439024,0.147547309438846
Huron,047720,New London Local,026823,New London High School,9-12,Open,no,no,no,no,no,no,no,no,0.158806544754572,0.133591481122943,0.150243902439024,0.147547309438846
Huron,047720,New London Local,142281,New London Middle School,6-8,Open,no,no,no,no,no,no,no,no,0.158806544754572,0.133591481122943,0.150243902439024,0.147547309438846
Huron,047738,South Central Local,011023,South Central Elementary School,K-5;P,Open,no,no,no,no,no,no,no,no,0.141836734693878,0.118974358974359,0.143822393822394,0.134877829163543
Huron,047738,South Central Local,011462,South Central Junior High School,6-8,Open,no,no,no,no,no,no,no,no,0.141836734693878,0.118974358974359,0.143822393822394,0.134877829163543
Huron,047738,South Central Local,034918,South Central High School,9-12,Open,no,no,no,no,no,no,no,no,0.141836734693878,0.118974358974359,0.143822393822394,0.134877829163543
Huron,047746,Western Reserve Local,037424,Western Reserve Middle School,6-8,Open,no,no,no,no,no,no,no,no,0.116063919259882,0.133671742808799,0.1624674196351,0.137401027234594
Huron,047746,Western Reserve Local,042341,Western Reserve High School,9-12,Open,no,no,no,no,no,no,no,no,0.116063919259882,0.133671742808799,0.1624674196351,0.137401027234594
Huron,047746,Western Reserve Local,146217,Western Reserve Elementary School,K-5;P,Open,no,no,no,no,no,no,no,no,0.116063919259882,0.133671742808799,0.1624674196351,0.137401027234594
Jackson,044156,Jackson City,000429,Jackson Westview Elementary School,P;K;1-5;SN,Open,no,no,no,no,no,no,no,yes,0.24390243902439,0.192929672809327,0.223520818115413,0.220117643316377
Jackson,044156,Jackson City,009160,Jackson Northview Elementary School,K-5;P,Open,no,no,no,no,no,no,no,yes,0.24390243902439,0.192929672809327,0.223520818115413,0.220117643316377
Jackson,044156,Jackson City,017756,Jackson High School,9-12;PS;SN,Open,no,no,no,no,no,no,no,yes,0.24390243902439,0.192929672809327,0.223520818115413,0.220117643316377
Jackson,044156,Jackson City,020453,Jackson Middle School,6-8;SN,Open,no,no,no,no,no,no,no,yes,0.24390243902439,0.192929672809327,0.223520818115413,0.220117643316377
Jackson,044156,Jackson City,152298,Jackson Southview Elementary School,P;K;1-5;SN,Open,no,no,no,no,no,no,no,yes,0.24390243902439,0.192929672809327,0.223520818115413,0.220117643316377
Jackson,045021,Wellston City,005447,Wellston Middle School,6-8,Open,no,no,no,no,no,no,no,yes,0.282428115015974,0.229508196721311,0.308227848101266,0.273388053279517
Jackson,045021,Wellston City,006809,Wellston Intermediate School,3-5,Open,no,no,no,no,no,no,no,yes,0.282428115015974,0.229508196721311,0.308227848101266,0.273388053279517
Jackson,045021,Wellston City,040261,Wellston High School,9-12,Open,no,no,no,no,no,no,no,yes,0.282428115015974,0.229508196721311,0.308227848101266,0.273388053279517
Jackson,045021,Wellston City,062786,Bundy Elementary School,K-2;P,Open,no,no,no,no,no,no,no,yes,0.282428115015974,0.229508196721311,0.308227848101266,0.273388053279517
Jackson,047761,Oak Hill Union Local,000119,Oak Hill Middle/High School,6-12,Open,no,no,no,no,no,no,no,yes,0.227409638554217,0.176077265973254,0.225373134328358,0.209620012951943
Jackson,047761,Oak Hill Union Local,000124,Oak Hill Elementary,K-5;P,Open,no,no,no,no,no,no,no,yes,0.227409638554217,0.176077265973254,0.225373134328358,0.209620012951943
Jefferson,044826,Steubenville City,004200,Pugliese Elementary West,P;K;1-4;SN,Open,no,no,no,no,no,no,no,yes,0.33872502378687,0.279942965779468,0.314024390243902,0.310897459936747
Jefferson,044826,Steubenville City,015180,Harding Middle School,5-8;SN,Open,no,no,no,no,no,no,no,yes,0.33872502378687,0.279942965779468,0.314024390243902,0.310897459936747
Jefferson,044826,Steubenville City,017520,McKinley STEM Academy,P;K;1-4;SN,Open,no,no,no,no,no,no,no,yes,0.33872502378687,0.279942965779468,0.314024390243902,0.310897459936747
Jefferson,044826,Steubenville City,032433,East Garfield Elementary School,P;K;1-4;SN,Open,no,no,no,no,no,no,no,yes,0.33872502378687,0.279942965779468,0.314024390243902,0.310897459936747
Jefferson,044826,Steubenville City,036020,Steubenville High School,9-12,Open,no,no,no,no,no,no,no,yes,0.33872502378687,0.279942965779468,0.314024390243902,0.310897459936747
Jefferson,044826,Steubenville City,040246,Wells Academy,P;K;1-4;SN,Open,no,no,no,no,no,no,no,yes,0.33872502378687,0.279942965779468,0.314024390243902,0.310897459936747
Jefferson,044917,Toronto City,037390,Toronto Jr. / Sr. High School,6-12,Open,no,no,no,no,no,no,no,yes,0.258241758241758,0.203296703296703,0.253349573690621,0.238296011743028
Jefferson,044917,Toronto City,089631,Toronto Elementary School,K-5,Open,no,no,no,no,no,no,no,yes,0.258241758241758,0.203296703296703,0.253349573690621,0.238296011743028
Jefferson,047787,Buckeye Local,000190,Buckeye West Elementary School,K-6;P,Open,no,no,no,no,no,no,no,no,0.163926258096662,0.153692614770459,0.207183758459136,0.174934210442086
Jefferson,047787,Buckeye Local,003590,Buckeye North Elementary School,K-6;P,Open,no,no,no,no,no,no,no,no,0.163926258096662,0.153692614770459,0.207183758459136,0.174934210442086
Jefferson,047787,Buckeye Local,039214,Buckeye Local Junior High,7-8,Open,no,no,no,no,no,no,no,no,0.163926258096662,0.153692614770459,0.207183758459136,0.174934210442086
Jefferson,047787,Buckeye Local,042515,Buckeye South Elementary School,K-6;P,Open,no,no,no,no,no,no,no,no,0.163926258096662,0.153692614770459,0.207183758459136,0.174934210442086
Jefferson,047787,Buckeye Local,111138,Buckeye Local High School,9-12,Open,no,no,no,no,no,yes,no,no,0.163926258096662,0.153692614770459,0.207183758459136,0.174934210442086
Jefferson,047795,Edison Local,018218,Edison High School,9-12,Open,no,no,no,no,no,no,no,no,0.162593984962406,0.141917293233083,0.190429205722743,0.164980161306077
Jefferson,047795,Edison Local,018374,John E Gregg Elementary School,K-6;P,Open,no,no,no,no,no,no,no,no,0.162593984962406,0.141917293233083,0.190429205722743,0.164980161306077
Jefferson,047795,Edison Local,035493,Edison Jr. High School,7-8,Open,no,no,no,no,no,no,no,no,0.162593984962406,0.141917293233083,0.190429205722743,0.164980161306077
Jefferson,047795,Edison Local,035790,Stanton Elementary School,K-6;P,Open,no,no,no,no,no,no,no,no,0.162593984962406,0.141917293233083,0.190429205722743,0.164980161306077
Jefferson,047803,Indian Creek Local,014089,Indian Creek Middle School Grades 5 & 6,4-6,Open,no,no,no,no,no,no,no,yes,0.220008133387556,0.189178193653377,0.191063174114022,0.200083167051651
Jefferson,047803,Indian Creek Local,016337,Hills Elementary School,K-4;P,Open,no,no,no,no,no,no,no,yes,0.220008133387556,0.189178193653377,0.191063174114022,0.200083167051651
Jefferson,047803,Indian Creek Local,025098,Indian Creek Middle School Grades 7 & 8,7-8,Open,no,no,no,no,no,no,no,yes,0.220008133387556,0.189178193653377,0.191063174114022,0.200083167051651
Jefferson,047803,Indian Creek Local,041830,Cross Creek Elementary,K-4;P,Open,no,no,no,no,no,no,yes,yes,0.220008133387556,0.189178193653377,0.191063174114022,0.200083167051651
Jefferson,047803,Indian Creek Local,041848,Indian Creek High School,9-12,Open,no,no,no,no,no,no,no,yes,0.220008133387556,0.189178193653377,0.191063174114022,0.200083167051651
Knox,044420,Mount Vernon City,007005,Columbia Elementary School,K-5,Open,no,no,no,no,no,no,no,no,0.177572202166065,0.156333630686887,0.188998899889989,0.17430157758098
Knox,044420,Mount Vernon City,008029,Dan Emmett Elementary School,K-5,Open,no,no,no,no,no,no,no,no,0.177572202166065,0.156333630686887,0.188998899889989,0.17430157758098
Knox,044420,Mount Vernon City,009258,East Elementary School,K-5,Open,no,no,no,no,no,no,no,no,0.177572202166065,0.156333630686887,0.188998899889989,0.17430157758098
Knox,044420,Mount Vernon City,012823,Wiggin Street Elementary School,K-5,Open,no,no,no,no,no,no,no,no,0.177572202166065,0.156333630686887,0.188998899889989,0.17430157758098
Knox,044420,Mount Vernon City,025932,Mount Vernon High School,9-12,Open,no,no,no,no,no,no,no,no,0.177572202166065,0.156333630686887,0.188998899889989,0.17430157758098
Knox,044420,Mount Vernon City,040477,Twin Oak Elementary School,K-5,Open,no,no,no,no,no,no,no,no,0.177572202166065,0.156333630686887,0.188998899889989,0.17430157758098
Knox,044420,Mount Vernon City,061457,Mount Vernon Middle School,6-8,Open,no,no,no,no,no,no,no,no,0.177572202166065,0.156333630686887,0.188998899889989,0.17430157758098
Knox,044420,Mount Vernon City,061465,Pleasant Street Elementary School,K-5,Open,no,no,no,no,no,no,no,no,0.177572202166065,0.156333630686887,0.188998899889989,0.17430157758098
Knox,047829,Centerburg Local,000187,Centerburg Middle School,6-8,Open,no,no,no,no,no,no,no,no,0.083963691376702,0.089071856287425,0.111904761904762,0.09498010318963
Knox,047829,Centerburg Local,005280,Centerburg Elementary School,K-5,Open,no,no,no,no,no,no,no,no,0.083963691376702,0.089071856287425,0.111904761904762,0.09498010318963
Knox,047829,Centerburg Local,005298,Centerburg High School,9-12,Open,no,no,no,no,no,no,no,no,0.083963691376702,0.089071856287425,0.111904761904762,0.09498010318963
Knox,047837,Danville Local,008078,Danville Elementary School,K-6;P,Open,no,no,no,no,no,no,no,no,0.154411764705882,0.170909090909091,0.207974137931034,0.177764997848669
Knox,047837,Danville Local,008086,Danville High School,7-12,Open,no,no,no,no,no,no,no,no,0.154411764705882,0.170909090909091,0.207974137931034,0.177764997848669
Knox,047845,East Knox Local,009043,East Knox Junior/Senior High School,7-12,Open,no,no,no,no,no,no,no,no,0.172783738001129,0.161542761319173,0.151597184623714,0.161974561314672
Knox,047845,East Knox Local,009871,East Knox Elementary School,K-6,Open,no,no,no,no,no,no,no,no,0.172783738001129,0.161542761319173,0.151597184623714,0.161974561314672
Knox,047852,Fredericktown Local,012443,Fredericktown Elementary School,K-5,Open,no,no,no,no,no,no,no,no,0.149889786921381,0.143895348837209,0.157113958192852,0.150299697983814
Knox,047852,Fredericktown Local,012450,Fredericktown High School,9-12,Open,no,no,no,no,no,no,no,no,0.149889786921381,0.143895348837209,0.157113958192852,0.150299697983814
Knox,047852,Fredericktown Local,062380,Fredericktown Middle School,6-8,Open,no,no,no,no,no,no,no,no,0.149889786921381,0.143895348837209,0.157113958192852,0.150299697983814
Lake,044628,Painesville City Local,005157,Chestnut Elementary School,K-5,Open,no,no,no,no,no,no,no,yes,0.236757909704941,0.23869801084991,0.274089206673476,0.249848375742776
Lake,044628,Painesville City Local,015560,Harvey High School,7-12,Open,yes,no,yes,no,yes,yes,yes,yes,0.236757909704941,0.23869801084991,0.274089206673476,0.249848375742776
Lake,044628,Painesville City Local,017152,Elm Street Elementary School,K-5,Open,no,no,no,no,no,yes,no,yes,0.236757909704941,0.23869801084991,0.274089206673476,0.249848375742776
Lake,044628,Painesville City Local,019877,Maple Elementary School,K-5;P,Open,no,no,no,no,no,no,no,yes,0.236757909704941,0.23869801084991,0.274089206673476,0.249848375742776
Lake,044628,Painesville City Local,039099,Heritage Middle School,6-8,Open,yes,no,yes,no,yes,yes,yes,yes,0.236757909704941,0.23869801084991,0.274089206673476,0.249848375742776
Lake,045088,Wickliffe City,020776,Wickliffe Lower School,K-6;P,Open,no,no,no,no,no,no,no,no,0.126834997064005,0.115361625821877,0.119088319088319,0.1204283139914
Lake,045088,Wickliffe City,041202,Wickliffe Upper School,7-12,Open,no,no,no,no,no,no,no,no,0.126834997064005,0.115361625821877,0.119088319088319,0.1204283139914
Lake,045088,Wickliffe City,041210,Wickliffe Middle School,5-8,Closed,no,no,no,no,no,no,no,no,0.126834997064005,0.115361625821877,0.119088319088319,0.1204283139914
Lake,045104,Willoughby-Eastlake City,009621,Eastlake Middle School,6-8,Open,no,no,no,no,no,no,no,no,0.109598685754518,0.106161929782661,0.083304205988582,0.09968827384192
Lake,045104,Willoughby-Eastlake City,009985,Edison Elementary School,K-5,Open,no,no,no,no,no,no,no,no,0.109598685754518,0.106161929782661,0.083304205988582,0.09968827384192
Lake,045104,Willoughby-Eastlake City,014175,Grant Elementary School,K-5,Open,no,no,no,no,no,no,no,no,0.109598685754518,0.106161929782661,0.083304205988582,0.09968827384192
Lake,045104,Willoughby-Eastlake City,015137,School of Innovation,3-8,Open,no,no,no,no,no,no,no,no,0.109598685754518,0.106161929782661,0.083304205988582,0.09968827384192
Lake,045104,Willoughby-Eastlake City,018077,Jefferson Elementary School,K-5,Open,no,no,no,no,no,no,no,no,0.109598685754518,0.106161929782661,0.083304205988582,0.09968827384192
Lake,045104,Willoughby-Eastlake City,019618,Willoughby-Eastlake City Schools Online Academy,K-12,Closed,no,no,no,no,yes,yes,yes,no,0.109598685754518,0.106161929782661,0.083304205988582,0.09968827384192
Lake,045104,Willoughby-Eastlake City,021378,Longfellow Elementary School,K-5,Open,no,no,no,no,no,no,no,no,0.109598685754518,0.106161929782661,0.083304205988582,0.09968827384192
Lake,045104,Willoughby-Eastlake City,027573,North High School,9-12,Open,no,no,no,no,no,no,no,no,0.109598685754518,0.106161929782661,0.083304205988582,0.09968827384192
Lake,045104,Willoughby-Eastlake City,032904,Royalview Elementary School,K-5,Open,no,no,no,no,no,no,no,no,0.109598685754518,0.106161929782661,0.083304205988582,0.09968827384192
Lake,045104,Willoughby-Eastlake City,035089,South High School,9-12,Open,no,no,no,no,no,no,no,no,0.109598685754518,0.106161929782661,0.083304205988582,0.09968827384192
Lake,045104,Willoughby-Eastlake City,041509,Willoughby Middle School,6-8,Open,no,no,no,no,no,yes,no,no,0.109598685754518,0.106161929782661,0.083304205988582,0.09968827384192
Lake,045104,Willoughby-Eastlake City,041525,Willowick Middle School,6-8,Open,no,no,no,no,no,no,no,no,0.109598685754518,0.106161929782661,0.083304205988582,0.09968827384192
Lake,045369,Fairport Harbor Exempted Village,011239,Fairport Harding High School,6-12,Open,no,no,no,no,yes,yes,yes,no,0.144549763033175,0.125301204819277,0.196601941747573,0.155484303200008
Lake,045369,Fairport Harbor Exempted Village,023804,Mckinley Elementary School,K-5,Open,no,no,no,no,no,no,no,no,0.144549763033175,0.125301204819277,0.196601941747573,0.155484303200008
Lake,045492,Mentor Exempted Village,003509,Ridge Elementary School,K-5,Open,no,no,no,no,no,no,no,no,0.069108422939068,0.068148148148148,0.062185642432556,0.066480737839924
Lake,045492,Mentor Exempted Village,010975,Fairfax Elementary School,K-5,Open,no,no,no,no,no,no,no,no,0.069108422939068,0.068148148148148,0.062185642432556,0.066480737839924
Lake,045492,Mentor Exempted Village,016832,Hopkins Elementary School,K-5,Open,no,no,no,no,no,no,no,no,0.069108422939068,0.068148148148148,0.062185642432556,0.066480737839924
Lake,045492,Mentor Exempted Village,020375,Cardinal Autism Resource and Education School (CARES),K;1-12;UNG;SN,Open,no,no,no,no,no,,yes,no,0.069108422939068,0.068148148148148,0.062185642432556,0.066480737839924
Lake,045492,Mentor Exempted Village,024224,Memorial Middle School,6-8,Open,no,no,no,no,no,no,no,no,0.069108422939068,0.068148148148148,0.062185642432556,0.066480737839924
Lake,045492,Mentor Exempted Village,024281,Mentor High School,9-12,Open,no,no,no,no,no,no,no,no,0.069108422939068,0.068148148148148,0.062185642432556,0.066480737839924
Lake,045492,Mentor Exempted Village,036012,Sterling Morton Elementary School,K-5,Open,no,no,no,no,no,no,no,no,0.069108422939068,0.068148148148148,0.062185642432556,0.066480737839924
Lake,045492,Mentor Exempted Village,043174,Lake Elementary School,K-5,Open,no,no,no,no,no,no,no,no,0.069108422939068,0.068148148148148,0.062185642432556,0.066480737839924
Lake,045492,Mentor Exempted Village,061663,Orchard Hollow Elementary School,K-5,Open,no,no,no,no,no,no,no,no,0.069108422939068,0.068148148148148,0.062185642432556,0.066480737839924
Lake,045492,Mentor Exempted Village,061671,Shore Middle School,6-8,Open,no,no,no,no,no,no,no,no,0.069108422939068,0.068148148148148,0.062185642432556,0.066480737839924
Lake,045492,Mentor Exempted Village,064824,Bellflower Elementary School,K-5,Open,no,no,no,no,no,no,no,no,0.069108422939068,0.068148148148148,0.062185642432556,0.066480737839924
Lake,047878,Kirtland Local,019208,Kirtland Elementary School,K-5;P,Open,no,no,no,no,no,no,no,no,0.055257099002302,0.04765625,0.072766570605187,0.058559973202497
Lake,047878,Kirtland Local,019216,Kirtland High School,9-12,Open,no,no,no,no,no,no,no,no,0.055257099002302,0.04765625,0.072766570605187,0.058559973202497
Lake,047878,Kirtland Local,019224,Kirtland Middle School,6-8,Open,no,no,no,no,no,no,no,no,0.055257099002302,0.04765625,0.072766570605187,0.058559973202497
Lake,047886,Madison Local,019678,Madison Online Learning Academy,K;1-12;SN,Closed,no,no,no,no,yes,yes,yes,no,0.112569740728585,0.113188647746244,0.097826086956522,0.10786149181045
Lake,047886,Madison Local,022038,Madison Middle School,6-8,Open,no,no,no,no,no,no,no,no,0.112569740728585,0.113188647746244,0.097826086956522,0.10786149181045
Lake,047886,Madison Local,022111,Madison High School,9-12,Open,no,no,no,no,no,no,no,no,0.112569740728585,0.113188647746244,0.097826086956522,0.10786149181045
Lake,047886,Madison Local,026252,North Elementary School,K-5,Open,no,no,no,no,no,no,no,no,0.112569740728585,0.113188647746244,0.097826086956522,0.10786149181045
Lake,047886,Madison Local,031203,South Elementary School,K-5,Open,no,no,no,no,no,no,no,no,0.112569740728585,0.113188647746244,0.097826086956522,0.10786149181045
Lake,047894,Riverside Local,004101,Buckeye Elementary School,K-5,Open,no,no,no,no,no,no,no,no,0.070525038988044,0.068053596614951,0.063365650969529,0.067314762190841
Lake,047894,Riverside Local,014845,Riverview Elementary School,K-5,Open,no,no,no,no,no,no,no,no,0.070525038988044,0.068053596614951,0.063365650969529,0.067314762190841
Lake,047894,Riverside Local,019634,Riverside Virtual Academy,K-12,Closed,no,no,no,no,yes,yes,yes,no,0.070525038988044,0.068053596614951,0.063365650969529,0.067314762190841
Lake,047894,Riverside Local,020180,Parkside Elementary School,K-5,Open,no,no,no,no,no,no,no,no,0.070525038988044,0.068053596614951,0.063365650969529,0.067314762190841
Lake,047894,Riverside Local,024141,Melridge Elementary School,K-5,Open,no,no,no,no,no,no,no,no,0.070525038988044,0.068053596614951,0.063365650969529,0.067314762190841
Lake,047894,Riverside Local,031989,Riverside Jr/Sr High School,8-12;SN,Open,no,no,no,no,no,no,no,no,0.070525038988044,0.068053596614951,0.063365650969529,0.067314762190841
Lake,047894,Riverside Local,061895,Henry F Lamuth Middle School,6-8,Open,no,no,no,no,no,no,no,no,0.070525038988044,0.068053596614951,0.063365650969529,0.067314762190841
Lake,047902,Perry Local,005264,Perry Elementary School,K-4;P,Open,no,no,no,no,no,no,no,no,0.08289241622575,0.073608617594255,0.10794420861128,0.088148414143761
Lake,047902,Perry Local,029710,Perry High School,9-12,Open,no,no,no,no,no,no,no,no,0.08289241622575,0.073608617594255,0.10794420861128,0.088148414143761
Lake,047902,Perry Local,029728,Perry Middle School,5-8,Open,no,no,no,no,no,no,no,no,0.08289241622575,0.073608617594255,0.10794420861128,0.088148414143761
Lawrence,044149,Ironton City School District,004713,Ironton Middle School,6-8,Open,no,no,no,no,no,no,no,yes,0.264986376021798,0.287081339712919,0.259707192870783,0.270591636201833
Lawrence,044149,Ironton City School District,017491,Ironton High School,9-12,Open,no,no,no,no,no,no,no,yes,0.264986376021798,0.287081339712919,0.259707192870783,0.270591636201833
Lawrence,044149,Ironton City School District,041186,Ironton Elementary School,K-5;P,Open,no,no,no,no,no,no,no,yes,0.264986376021798,0.287081339712919,0.259707192870783,0.270591636201833
Lawrence,045294,Chesapeake Union Exempted Village,006098,Chesapeake High School,9-12,Open,no,no,no,no,no,no,no,no,0.197183098591549,0.195447409733124,0.17296389588581,0.188531468070161
Lawrence,045294,Chesapeake Union Exempted Village,009373,Chesapeake Middle School,5-8,Open,no,no,no,no,no,no,no,no,0.197183098591549,0.195447409733124,0.17296389588581,0.188531468070161
Lawrence,045294,Chesapeake Union Exempted Village,040303,Chesapeake Elementary School,K-4;P,Open,no,no,no,no,no,no,no,no,0.197183098591549,0.195447409733124,0.17296389588581,0.188531468070161
Lawrence,047928,Dawson-Bryant Local,008219,Dawson-Bryant High School,9-12,Open,no,no,no,no,no,no,yes,yes,0.195845697329377,0.254960317460317,0.204204204204204,0.218336739664633
Lawrence,047928,Dawson-Bryant Local,008227,Dawson-Bryant Middle School,6-8,Open,no,no,no,no,no,no,no,yes,0.195845697329377,0.254960317460317,0.204204204204204,0.218336739664633
Lawrence,047928,Dawson-Bryant Local,008284,Dawson-Bryant Elementary School,K-5;P,Open,no,no,no,no,no,no,no,yes,0.195845697329377,0.254960317460317,0.204204204204204,0.218336739664633
Lawrence,047936,Fairland Local,000177,Fairland West Elementary School,3-5,Open,no,no,no,no,no,no,no,no,0.150409062303335,0.172348484848485,0.153704837721984,0.158820794957935
Lawrence,047936,Fairland Local,011106,Fairland East Elementary School,K-2,Open,no,no,no,no,no,no,no,no,0.150409062303335,0.172348484848485,0.153704837721984,0.158820794957935
Lawrence,047936,Fairland Local,011114,Fairland High School,9-12,Open,no,no,no,no,no,no,no,no,0.150409062303335,0.172348484848485,0.153704837721984,0.158820794957935
Lawrence,047936,Fairland Local,011122,Fairland Middle School,6-8,Open,no,no,no,no,no,no,no,no,0.150409062303335,0.172348484848485,0.153704837721984,0.158820794957935
Lawrence,047944,Rock Hill Local,146464,Rock Hill Elementary School,K-5;P,Open,no,no,no,no,no,no,no,yes,0.279041180086048,0.281288723667906,0.26215505913272,0.274161654295558
Lawrence,047944,Rock Hill Local,146472,Rock Hill Middle School,6-8,Open,no,no,no,no,no,no,no,yes,0.279041180086048,0.281288723667906,0.26215505913272,0.274161654295558
Lawrence,047944,Rock Hill Local,146480,Rock Hill Sr High School,9-12,Open,yes,no,yes,no,yes,yes,yes,yes,0.279041180086048,0.281288723667906,0.26215505913272,0.274161654295558
Lawrence,047951,South Point Local,004317,Burlington Elementary School,K-5;P,Open,no,no,no,no,no,no,no,yes,0.229567933368037,0.243596445373758,0.251372118551043,0.24151216576428
Lawrence,047951,South Point Local,033274,South Point Elementary School,K-5;P,Open,no,no,no,no,no,no,no,yes,0.229567933368037,0.243596445373758,0.251372118551043,0.24151216576428
Lawrence,047951,South Point Local,033282,South Point High School,9-12,Open,no,no,no,no,no,no,no,yes,0.229567933368037,0.243596445373758,0.251372118551043,0.24151216576428
Lawrence,047951,South Point Local,033290,South Point Middle School,6-8,Open,no,no,no,no,no,no,no,yes,0.229567933368037,0.243596445373758,0.251372118551043,0.24151216576428
Lawrence,047969,Symmes Valley Local,023143,Symmes Valley Elementary School,K-8,Open,no,no,no,no,no,no,no,no,0.184319119669876,0.220689655172414,0.18646408839779,0.197157621080027
Lawrence,047969,Symmes Valley Local,036749,Symmes Valley High School,9-12,Open,no,no,no,no,no,no,yes,no,0.184319119669876,0.220689655172414,0.18646408839779,0.197157621080027
Licking,044115,Heath City,012724,Heath Middle School,6-8,Open,no,no,no,no,no,no,no,no,0.106133333333333,0.120021242697823,0.165242165242165,0.13046558042444
Licking,044115,Heath City,013078,Garfield Elementary School,K-2,Open,no,no,no,no,no,no,no,no,0.106133333333333,0.120021242697823,0.165242165242165,0.13046558042444
Licking,044115,Heath City,015792,Heath High School,9-12,Open,no,no,no,no,no,no,no,no,0.106133333333333,0.120021242697823,0.165242165242165,0.13046558042444
Licking,044115,Heath City,121954,Stevenson Elementary School,3-5,Open,no,no,no,no,no,no,no,no,0.106133333333333,0.120021242697823,0.165242165242165,0.13046558042444
Licking,044453,Newark City,006080,Cherry Valley Elementary School,K-5;P,Open,no,no,no,no,no,no,no,yes,0.200973300013153,0.200759559979047,0.25197666882696,0.217903176273053
Licking,044453,Newark City,006627,John Clem Elementary School,K-5,Open,no,no,no,no,no,no,no,yes,0.200973300013153,0.200759559979047,0.25197666882696,0.217903176273053
Licking,044453,Newark City,009212,Carson Elementary School,K-5,Open,no,no,no,no,no,no,no,yes,0.200973300013153,0.200759559979047,0.25197666882696,0.217903176273053
Licking,044453,Newark City,009213,Heritage Middle School,6-8,Open,yes,no,yes,no,yes,yes,yes,yes,0.200973300013153,0.200759559979047,0.25197666882696,0.217903176273053
Licking,044453,Newark City,009214,Hillview Elementary School,K-5;P,Open,no,no,no,no,no,no,no,yes,0.200973300013153,0.200759559979047,0.25197666882696,0.217903176273053
Licking,044453,Newark City,009216,Legend Elementary,K-5,Open,no,no,no,no,no,no,no,yes,0.200973300013153,0.200759559979047,0.25197666882696,0.217903176273053
Licking,044453,Newark City,009218,Liberty Middle School,6-8,Open,no,no,no,no,no,no,no,yes,0.200973300013153,0.200759559979047,0.25197666882696,0.217903176273053
Licking,044453,Newark City,012229,Ben Franklin Elementary School,K-5,Open,no,no,no,no,no,no,no,yes,0.200973300013153,0.200759559979047,0.25197666882696,0.217903176273053
Licking,044453,Newark City,017325,Newark Digital Academy,K-12,Open,yes,no,yes,no,yes,yes,yes,yes,0.200973300013153,0.200759559979047,0.25197666882696,0.217903176273053
Licking,044453,Newark City,023572,McGuffey Elementary School,K-5,Open,no,no,no,no,no,no,no,yes,0.200973300013153,0.200759559979047,0.25197666882696,0.217903176273053
Licking,044453,Newark City,027011,Newark High School,9-12,Open,no,no,no,no,no,no,no,yes,0.200973300013153,0.200759559979047,0.25197666882696,0.217903176273053
Licking,044453,Newark City,041657,Wilson Middle School,6-8,Open,no,no,no,no,no,yes,no,yes,0.200973300013153,0.200759559979047,0.25197666882696,0.217903176273053
Licking,045393,Granville Exempted Village,014241,Granville Elementary School,K-3,Open,no,no,no,no,no,no,no,no,0.037462908011869,0.028814185445142,0.025423728813559,0.030566940756857
Licking,045393,Granville Exempted Village,014258,Granville High School,9-12,Open,no,no,no,no,no,no,no,no,0.037462908011869,0.028814185445142,0.025423728813559,0.030566940756857
Licking,045393,Granville Exempted Village,037804,Granville Middle School,7-8,Open,no,no,no,no,no,no,no,no,0.037462908011869,0.028814185445142,0.025423728813559,0.030566940756857
Licking,045393,Granville Exempted Village,145532,Granville Intermediate School,4-6,Open,no,no,no,no,no,no,no,no,0.037462908011869,0.028814185445142,0.025423728813559,0.030566940756857
Licking,047985,Johnstown-Monroe Local,008672,Johnstown Elementary School,K-5,Open,no,no,no,no,no,no,no,no,0.061922868006518,0.05895078420768,0.0741885625966,0.065020738270266
Licking,047985,Johnstown-Monroe Local,018473,Johnstown Middle School,6-8,Open,no,no,no,no,no,no,no,no,0.061922868006518,0.05895078420768,0.0741885625966,0.065020738270266
Licking,047985,Johnstown-Monroe Local,018481,Johnstown High School,9-12,Open,no,no,no,no,no,no,no,no,0.061922868006518,0.05895078420768,0.0741885625966,0.065020738270266
Licking,047985,Johnstown-Monroe Local,019946,JOHNSTOWN INTERMEDIATE SCHOOL,4-5,Open,no,no,no,no,no,,no,no,0.061922868006518,0.05895078420768,0.0741885625966,0.065020738270266
Licking,047993,Lakewood Local,015826,Lakewood Elementary School,K-2;P,Open,no,no,no,no,no,no,no,no,0.119358920286799,0.121377572448551,0.165883458646617,0.135539983793989
Licking,047993,Lakewood Local,019695,Lakewood High School,9-12,Open,no,no,no,no,no,no,no,no,0.119358920286799,0.121377572448551,0.165883458646617,0.135539983793989
Licking,047993,Lakewood Local,019703,Lakewood Middle School,6-8,Open,no,no,no,no,no,no,no,no,0.119358920286799,0.121377572448551,0.165883458646617,0.135539983793989
Licking,047993,Lakewood Local,066472,Jackson Intermediate,3-5,Open,no,no,no,no,no,no,no,no,0.119358920286799,0.121377572448551,0.165883458646617,0.135539983793989
Licking,048009,Licking Heights Local,008242,LICKING HEIGHTS CENTRAL INTERMEDIATE SCHOOL,5-6,Open,no,no,no,no,no,no,no,no,0.116081670107823,0.107695810564663,0.108994321304268,0.110923933992251
Licking,048009,Licking Heights Local,016936,LICKING HEIGHTS NORTH ELEMENTARY SCHOOL,K,Open,no,no,no,no,no,no,no,no,0.116081670107823,0.107695810564663,0.108994321304268,0.110923933992251
Licking,048009,Licking Heights Local,018283,West Elementary School,1-4,Open,no,no,no,no,no,no,no,no,0.116081670107823,0.107695810564663,0.108994321304268,0.110923933992251
Licking,048009,Licking Heights Local,020461,Licking Heights High School,9-12,Open,no,no,no,no,no,no,no,no,0.116081670107823,0.107695810564663,0.108994321304268,0.110923933992251
Licking,048009,Licking Heights Local,036467,South Elementary,1-4,Open,no,no,no,no,no,no,no,no,0.116081670107823,0.107695810564663,0.108994321304268,0.110923933992251
Licking,048009,Licking Heights Local,067868,Licking Heights Middle School,7-8,Open,no,no,no,no,no,no,no,no,0.116081670107823,0.107695810564663,0.108994321304268,0.110923933992251
Licking,048017,Licking Valley Local,019648,Licking Valley Online Learning School,K-12,Open,no,no,no,no,yes,yes,yes,no,0.098078867542973,0.094111726220433,0.119981105337742,0.104057233033716
Licking,048017,Licking Valley Local,020479,Licking Valley Middle School,6-8,Open,no,no,no,no,no,no,no,no,0.098078867542973,0.094111726220433,0.119981105337742,0.104057233033716
Licking,048017,Licking Valley Local,020487,Licking Valley High School,9-12,Open,no,no,no,no,no,no,no,no,0.098078867542973,0.094111726220433,0.119981105337742,0.104057233033716
Licking,048017,Licking Valley Local,022053,Licking Valley Elementary School,K;1-5;SN,Open,no,no,no,no,no,no,no,no,0.098078867542973,0.094111726220433,0.119981105337742,0.104057233033716
Licking,048025,North Fork Local,027136,Newton Elementary School,K-5,Open,no,no,no,no,no,no,no,no,0.127413127413127,0.118042226487524,0.166068682726807,0.137174678875819
Licking,048025,North Fork Local,038034,Utica Elementary School,K-5,Open,no,no,no,no,no,no,no,no,0.127413127413127,0.118042226487524,0.166068682726807,0.137174678875819
Licking,048025,North Fork Local,038042,Utica High School,9-12,Open,no,no,no,no,no,no,no,no,0.127413127413127,0.118042226487524,0.166068682726807,0.137174678875819
Licking,048025,North Fork Local,038059,Utica Middle School,6-8,Open,no,no,no,no,no,no,no,no,0.127413127413127,0.118042226487524,0.166068682726807,0.137174678875819
Licking,048033,Northridge Local,010197,Northridge Elementary,K-5;P,Open,no,no,no,no,no,no,no,no,0.076732673267327,0.076401725200247,0.098459477561956,0.083864625343176
Licking,048033,Northridge Local,027771,Northridge High School,9-12,Open,no,no,no,no,no,no,no,no,0.076732673267327,0.076401725200247,0.098459477561956,0.083864625343176
Licking,048033,Northridge Local,113175,Northridge Middle School,6-8,Open,no,no,no,no,no,no,no,no,0.076732673267327,0.076401725200247,0.098459477561956,0.083864625343176
Licking,048041,Southwest Licking Local,010777,Watkins Intermediate School,4-5,Open,no,no,no,no,no,no,no,no,0.077540106951872,0.07828786870703,0.091997008227375,0.082608327962092
Licking,048041,Southwest Licking Local,019174,Kirkersville Elementary School,K-3,Open,no,no,no,no,no,no,no,no,0.077540106951872,0.07828786870703,0.091997008227375,0.082608327962092
Licking,048041,Southwest Licking Local,019459,Etna Elementary,K-3,Open,no,no,no,no,no,no,no,no,0.077540106951872,0.07828786870703,0.091997008227375,0.082608327962092
Licking,048041,Southwest Licking Local,020112,SWL Digital Academy,K-12,Open,no,no,no,no,no,,yes,no,0.077540106951872,0.07828786870703,0.091997008227375,0.082608327962092
Licking,048041,Southwest Licking Local,029363,Pataskala Elementary School,K-3,Open,no,no,no,no,no,no,no,no,0.077540106951872,0.07828786870703,0.091997008227375,0.082608327962092
Licking,048041,Southwest Licking Local,039842,Watkins Memorial High School,9-12,Open,no,no,no,no,no,no,no,no,0.077540106951872,0.07828786870703,0.091997008227375,0.082608327962092
Licking,048041,Southwest Licking Local,067876,Watkins Middle School,6-8,Open,no,no,no,no,no,no,no,no,0.077540106951872,0.07828786870703,0.091997008227375,0.082608327962092
Logan,043588,Bellefontaine City,002220,Bellefontaine High School,9-12,Open,no,no,no,no,no,no,no,no,0.163705103969754,0.162079510703364,0.178856152512998,0.168213589062039
Logan,043588,Bellefontaine City,035188,Bellefontaine Elementary School,K-2;P,Open,no,no,no,no,no,no,no,no,0.163705103969754,0.162079510703364,0.178856152512998,0.168213589062039
Logan,043588,Bellefontaine City,040634,Bellefontaine Intermediate School,3-5,Open,no,no,no,no,no,no,no,no,0.163705103969754,0.162079510703364,0.178856152512998,0.168213589062039
Logan,043588,Bellefontaine City,062406,Bellefontaine Middle School,6-8,Open,no,no,no,no,no,no,no,no,0.163705103969754,0.162079510703364,0.178856152512998,0.168213589062039
Logan,048074,Benjamin Logan Local,002170,Benjamin Logan Elementary School,K-4,Open,no,no,no,no,no,no,no,no,0.092291557420032,0.080909571655209,0.095712861415753,0.089637996830331
Logan,048074,Benjamin Logan Local,021220,Benjamin Logan High School,9-12,Open,no,no,no,no,no,no,no,no,0.092291557420032,0.080909571655209,0.095712861415753,0.089637996830331
Logan,048074,Benjamin Logan Local,061952,Benjamin Logan Middle School,5-8,Open,no,no,no,no,no,no,no,no,0.092291557420032,0.080909571655209,0.095712861415753,0.089637996830331
Logan,048082,Indian Lake Local,017335,Indian Lake Middle School,5-8,Open,no,no,no,no,no,no,no,no,0.1396933560477,0.145642201834862,0.16838905775076,0.151241538544441
Logan,048082,Indian Lake Local,017343,Indian Lake High School,9-12,Open,no,no,no,no,no,no,no,no,0.1396933560477,0.145642201834862,0.16838905775076,0.151241538544441
Logan,048082,Indian Lake Local,019653,Indian Lake Elementary School,K-4;P,Open,no,no,no,no,no,no,no,no,0.1396933560477,0.145642201834862,0.16838905775076,0.151241538544441
Logan,048090,Riverside Local,031914,Riverside Elementary School,K-6;P,Open,no,no,no,no,no,no,no,no,0.110970996216898,0.113375796178344,0.123055162659123,0.115800651684788
Logan,048090,Riverside Local,031997,Riverside High School,7-12,Open,no,no,no,no,no,no,no,no,0.110970996216898,0.113375796178344,0.123055162659123,0.115800651684788
Lorain,043943,Elyria City Schools,007716,Westwood Elementary School,K-4,Open,no,no,no,no,no,yes,no,yes,0.289155168240135,0.206256820662059,0.26937984496124,0.254930611287812
Lorain,043943,Elyria City Schools,010454,Ely Elementary School,K-4,Open,yes,no,yes,no,yes,yes,yes,yes,0.289155168240135,0.206256820662059,0.26937984496124,0.254930611287812
Lorain,043943,Elyria City Schools,010462,Elyria High School,9-12,Open,yes,no,yes,no,yes,yes,yes,yes,0.289155168240135,0.206256820662059,0.26937984496124,0.254930611287812
Lorain,043943,Elyria City Schools,010751,Eastern Heights Middle School,5-8,Open,yes,no,yes,no,yes,yes,yes,yes,0.289155168240135,0.206256820662059,0.26937984496124,0.254930611287812
Lorain,043943,Elyria City Schools,012369,Hamilton Elementary School,K-4;P,Open,yes,no,yes,no,yes,yes,yes,yes,0.289155168240135,0.206256820662059,0.26937984496124,0.254930611287812
Lorain,043943,Elyria City Schools,027979,Northwood Middle School,5-8,Open,yes,no,yes,no,yes,yes,yes,yes,0.289155168240135,0.206256820662059,0.26937984496124,0.254930611287812
Lorain,043943,Elyria City Schools,030783,Eastern Heights Elementary School,K-4,Open,yes,no,yes,no,yes,yes,yes,yes,0.289155168240135,0.206256820662059,0.26937984496124,0.254930611287812
Lorain,043943,Elyria City Schools,041756,Northwood Elementary School,K-4,Open,no,no,no,no,no,no,no,yes,0.289155168240135,0.206256820662059,0.26937984496124,0.254930611287812
Lorain,043943,Elyria City Schools,064733,Westwood Middle School,5-8,Open,no,no,no,no,no,no,yes,yes,0.289155168240135,0.206256820662059,0.26937984496124,0.254930611287812
Lorain,044263,Lorain City,000348,Palm Elementary School,K-5;P,Open,yes,no,yes,no,yes,yes,yes,yes,0.38834852052831,0.274899989742538,0.370837537840565,0.344695349370471
Lorain,044263,Lorain City,000676,Frank Jacinto Elementary,K-5;P,Open,yes,no,yes,no,yes,yes,yes,yes,0.38834852052831,0.274899989742538,0.370837537840565,0.344695349370471
Lorain,044263,Lorain City,000840,General Johnnie Wilson Middle School,6-8,Open,yes,no,yes,no,yes,yes,yes,yes,0.38834852052831,0.274899989742538,0.370837537840565,0.344695349370471
Lorain,044263,Lorain City,000841,Longfellow Middle School,6-8,Open,yes,no,yes,no,yes,yes,yes,yes,0.38834852052831,0.274899989742538,0.370837537840565,0.344695349370471
Lorain,044263,Lorain City,008309,Lorain High School,9-12,Open,yes,no,yes,no,yes,yes,yes,yes,0.38834852052831,0.274899989742538,0.370837537840565,0.344695349370471
Lorain,044263,Lorain City,009221,Toni Wofford Morrison ES,K-5;P,Open,yes,no,yes,no,yes,yes,yes,yes,0.38834852052831,0.274899989742538,0.370837537840565,0.344695349370471
Lorain,044263,Lorain City,009222,Helen Steiner Rice ES,K-5;P,Open,yes,no,yes,no,yes,yes,yes,yes,0.38834852052831,0.274899989742538,0.370837537840565,0.344695349370471
Lorain,044263,Lorain City,012335,New Beginnings,9-12,Open,yes,no,yes,no,yes,yes,yes,yes,0.38834852052831,0.274899989742538,0.370837537840565,0.344695349370471
Lorain,044263,Lorain City,012963,Garfield Elementary School,K-5;P,Open,yes,no,yes,no,yes,yes,yes,yes,0.38834852052831,0.274899989742538,0.370837537840565,0.344695349370471
Lorain,044263,Lorain City,015734,Southview Middle School,6-8,Open,yes,no,yes,no,yes,yes,yes,yes,0.38834852052831,0.274899989742538,0.370837537840565,0.344695349370471
Lorain,044263,Lorain City,017509,Hawthorne Elementary School,K-5;P,Open,yes,no,yes,no,yes,yes,yes,yes,0.38834852052831,0.274899989742538,0.370837537840565,0.344695349370471
Lorain,044263,Lorain City,019646,Admiral King Elementary School,K-5;P,Open,yes,no,yes,no,yes,yes,yes,yes,0.38834852052831,0.274899989742538,0.370837537840565,0.344695349370471
Lorain,044263,Lorain City,019851,Larkmoor Elementary School,K-5;P,Open,yes,no,yes,no,yes,yes,yes,yes,0.38834852052831,0.274899989742538,0.370837537840565,0.344695349370471
Lorain,044263,Lorain City,021659,Stevan Dohanos Elementary School,K-5;P,Open,yes,no,yes,no,yes,yes,yes,yes,0.38834852052831,0.274899989742538,0.370837537840565,0.344695349370471
Lorain,044263,Lorain City,039347,Washington Elementary School,K-5;P,Open,yes,no,yes,no,yes,yes,yes,yes,0.38834852052831,0.274899989742538,0.370837537840565,0.344695349370471
Lorain,044537,North Ridgeville City,016786,Ranger High Tech Academy,2-8,Open,no,no,no,no,no,no,no,no,0.070366259711432,0.053146542139204,0.069601753744976,0.064371518531871
Lorain,044537,North Ridgeville City,026336,North Ridgeville High School,9-12,Open,no,no,no,no,no,no,no,no,0.070366259711432,0.053146542139204,0.069601753744976,0.064371518531871
Lorain,044537,North Ridgeville City,026344,North Ridgeville Academic Center,3-8,Open,no,no,no,no,no,no,no,no,0.070366259711432,0.053146542139204,0.069601753744976,0.064371518531871
Lorain,044537,North Ridgeville City,068510,Liberty Elementary School,1-2,Open,no,no,no,no,no,no,no,no,0.070366259711432,0.053146542139204,0.069601753744976,0.064371518531871
Lorain,044537,North Ridgeville City,118323,North Ridgeville Early Childhood Learning Community,K;P,Open,no,no,no,no,no,no,no,no,0.070366259711432,0.053146542139204,0.069601753744976,0.064371518531871
Lorain,044594,Oberlin City Schools,009738,Oberlin Elementary School,K-5;P,Open,no,no,no,no,no,no,no,no,0.210734017363852,0.140711462450593,0.18639798488665,0.179281154900365
Lorain,044594,Oberlin City Schools,028381,Langston Middle School,6-8,Open,no,no,no,no,no,no,no,no,0.210734017363852,0.140711462450593,0.18639798488665,0.179281154900365
Lorain,044594,Oberlin City Schools,028399,Oberlin High School,9-12,Open,no,no,no,no,no,no,no,no,0.210734017363852,0.140711462450593,0.18639798488665,0.179281154900365
Lorain,044768,Sheffield-Sheffield Lake City,001628,Brookside Intermediate School,3-6,Open,no,no,no,no,no,no,no,no,0.16359102244389,0.125374625374625,0.163761225567882,0.150908957795466
Lorain,044768,Sheffield-Sheffield Lake City,003830,Brookside High School,9-12,Open,no,no,no,no,no,no,no,no,0.16359102244389,0.125374625374625,0.163761225567882,0.150908957795466
Lorain,044768,Sheffield-Sheffield Lake City,019273,Knollwood Elementary School,K-2,Open,no,no,no,no,no,no,no,no,0.16359102244389,0.125374625374625,0.163761225567882,0.150908957795466
Lorain,044768,Sheffield-Sheffield Lake City,034280,Brookside Middle School,7-8,Open,no,no,no,no,no,no,no,no,0.16359102244389,0.125374625374625,0.163761225567882,0.150908957795466
Lorain,044768,Sheffield-Sheffield Lake City,036996,Forestlawn Early Learning Center,K;P,Open,no,no,no,no,no,no,no,no,0.16359102244389,0.125374625374625,0.163761225567882,0.150908957795466
Lorain,045195,Amherst Exempted Village,022871,Marion L Steele High School,9-12,Open,no,no,no,no,no,no,no,no,0.079526226734349,0.05812545410511,0.089219330855019,0.075623670564826
Lorain,045195,Amherst Exempted Village,030635,Powers Elementary School,K-3;P,Open,no,no,no,no,no,no,no,no,0.079526226734349,0.05812545410511,0.089219330855019,0.075623670564826
Lorain,045195,Amherst Exempted Village,034553,Walter G. Nord Middle School,4-5,Open,no,no,no,no,no,no,no,no,0.079526226734349,0.05812545410511,0.089219330855019,0.075623670564826
Lorain,045195,Amherst Exempted Village,064113,Amherst Junior High School,6-8,Open,no,no,no,no,no,no,no,no,0.079526226734349,0.05812545410511,0.089219330855019,0.075623670564826
Lorain,045658,Wellington Exempted Village,022244,Mccormick Middle School,4-8,Open,no,no,no,no,no,no,no,no,0.113103448275862,0.091223220456116,0.124904214559387,0.109743627763788
Lorain,045658,Wellington Exempted Village,040881,Westwood Elementary School,K-3,Open,no,no,no,no,no,no,no,no,0.113103448275862,0.091223220456116,0.124904214559387,0.109743627763788
Lorain,045658,Wellington Exempted Village,061317,Wellington High School,9-12,Open,no,no,no,no,no,no,no,no,0.113103448275862,0.091223220456116,0.124904214559387,0.109743627763788
Lorain,048116,Avon Local,000701,Avon Heritage Elementary School,3-5,Open,no,no,no,no,no,no,no,no,0.051503094606543,0.04295837023915,0.052485163204748,0.048982209350147
Lorain,048116,Avon Local,001354,Avon East Elementary School,1-2,Open,no,no,no,no,no,no,no,no,0.051503094606543,0.04295837023915,0.052485163204748,0.048982209350147
Lorain,048116,Avon Local,001362,Avon Early Learning Center,K,Open,no,no,no,no,no,no,no,no,0.051503094606543,0.04295837023915,0.052485163204748,0.048982209350147
Lorain,048116,Avon Local,001370,Avon High School,9-12,Open,no,no,no,no,no,no,no,no,0.051503094606543,0.04295837023915,0.052485163204748,0.048982209350147
Lorain,048116,Avon Local,126359,Avon Middle School,6-8,Open,no,no,no,no,no,no,no,no,0.051503094606543,0.04295837023915,0.052485163204748,0.048982209350147
Lorain,048124,Avon Lake City,001388,Avon Lake High School,9-12,Open,no,no,no,no,no,no,no,no,0.043589149084164,0.035772357723577,0.044232437120555,0.041197981309432
Lorain,048124,Avon Lake City,009712,Eastview Elementary School,K-4,Open,no,no,no,no,no,no,no,no,0.043589149084164,0.035772357723577,0.044232437120555,0.041197981309432
Lorain,048124,Avon Lake City,010652,Erieview Elementary School,K-4,Open,no,no,no,no,no,no,no,no,0.043589149084164,0.035772357723577,0.044232437120555,0.041197981309432
Lorain,048124,Avon Lake City,031211,Redwood Elementary School,K-4;P,Open,no,no,no,no,no,no,no,no,0.043589149084164,0.035772357723577,0.044232437120555,0.041197981309432
Lorain,048124,Avon Lake City,040808,Westview Elementary School,K-4,Open,no,no,no,no,no,no,no,no,0.043589149084164,0.035772357723577,0.044232437120555,0.041197981309432
Lorain,048124,Avon Lake City,061911,Troy Intermediate Elementary School,5-6,Open,no,no,no,no,no,no,no,no,0.043589149084164,0.035772357723577,0.044232437120555,0.041197981309432
Lorain,048124,Avon Lake City,062398,Learwood Middle School,7-8,Open,no,no,no,no,no,no,no,no,0.043589149084164,0.035772357723577,0.044232437120555,0.041197981309432
Lorain,048132,Clearview Local,006619,Clearview High School,9-12,Open,yes,no,yes,no,yes,yes,yes,yes,0.303225806451613,0.233610341643583,0.335740072202166,0.290858740099121
Lorain,048132,Clearview Local,008896,Durling Middle School,5-8,Open,no,no,no,no,no,no,yes,yes,0.303225806451613,0.233610341643583,0.335740072202166,0.290858740099121
Lorain,048132,Clearview Local,019741,Clearview Local Schools,6-12,Open,yes,no,yes,no,yes,yes,yes,yes,0.303225806451613,0.233610341643583,0.335740072202166,0.290858740099121
Lorain,048132,Clearview Local,038448,Vincent Elementary School,K-4,Open,no,no,no,no,no,no,no,yes,0.303225806451613,0.233610341643583,0.335740072202166,0.290858740099121
Lorain,048140,Columbia Local,007021,Columbia High School,9-12,Open,no,no,no,no,no,no,no,no,0.098499061913696,0.070488721804511,0.076923076923077,0.081970286880428
Lorain,048140,Columbia Local,007039,Columbia Middle School,5-8,Open,no,no,no,no,no,no,no,no,0.098499061913696,0.070488721804511,0.076923076923077,0.081970286880428
Lorain,048140,Columbia Local,007336,Copopa Elementary School,K-4;P,Open,no,no,no,no,no,no,no,no,0.098499061913696,0.070488721804511,0.076923076923077,0.081970286880428
Lorain,048157,Firelands Local,011676,Firelands Elementary School,K-5,Open,no,no,no,no,no,no,no,no,0.086426299045599,0.0803618946248,0.101258581235698,0.089348924968699
Lorain,048157,Firelands Local,011684,Firelands High School,9-12,Open,no,no,no,no,no,no,no,no,0.086426299045599,0.0803618946248,0.101258581235698,0.089348924968699
Lorain,048157,Firelands Local,033126,Firelands Middle School,6-8,Open,no,no,no,no,no,no,no,no,0.086426299045599,0.0803618946248,0.101258581235698,0.089348924968699
Lorain,048165,Keystone Local,018960,Keystone High School,9-12,Open,no,no,no,no,no,no,no,no,0.114928909952607,0.084009269988413,0.12139689578714,0.106778358576053
Lorain,048165,Keystone Local,019448,Keystone Middle School,6-8,Open,no,no,no,no,no,no,no,no,0.114928909952607,0.084009269988413,0.12139689578714,0.106778358576053
Lorain,048165,Keystone Local,029561,Keystone Elementary School,K-5,Open,no,no,no,no,no,no,no,no,0.114928909952607,0.084009269988413,0.12139689578714,0.106778358576053
Lorain,048173,Midview Local,003988,Midview North Elementary School,K-2,Open,no,no,no,no,no,no,no,no,0.117545871559633,0.099368179207352,0.123529411764706,0.11348115417723
Lorain,048173,Midview Local,008979,Midview West Elementary School,K;3-4,Open,no,no,no,no,no,no,no,no,0.117545871559633,0.099368179207352,0.123529411764706,0.11348115417723
Lorain,048173,Midview Local,010198,Midview East Intermediate School,5-6,Open,no,no,no,no,no,no,no,no,0.117545871559633,0.099368179207352,0.123529411764706,0.11348115417723
Lorain,048173,Midview Local,019730,Midview Virtual Programming,K-12,Open,no,no,no,no,no,no,yes,no,0.117545871559633,0.099368179207352,0.123529411764706,0.11348115417723
Lorain,048173,Midview Local,024596,Midview High School,9-12,Open,no,no,no,no,no,no,no,no,0.117545871559633,0.099368179207352,0.123529411764706,0.11348115417723
Lorain,048173,Midview Local,024604,Midview Middle School,7-8,Open,no,no,no,no,no,no,no,no,0.117545871559633,0.099368179207352,0.123529411764706,0.11348115417723
Lucas,044362,Maumee City,011007,Fairfield Elementary School,K-3,Open,no,no,no,no,no,no,no,no,0.123990165086055,0.125658125658126,0.136670216542421,0.128772835762201
Lucas,044362,Maumee City,012666,Fort Miami Elementary School,K-3,Open,no,no,no,no,no,no,no,no,0.123990165086055,0.125658125658126,0.136670216542421,0.128772835762201
Lucas,044362,Maumee City,023234,Maumee Middle School,6-8,Open,no,no,no,no,no,no,no,no,0.123990165086055,0.125658125658126,0.136670216542421,0.128772835762201
Lucas,044362,Maumee City,023242,Maumee High School,9-12,Open,no,no,no,no,no,no,no,no,0.123990165086055,0.125658125658126,0.136670216542421,0.128772835762201
Lucas,044362,Maumee City,040063,Maumee Intermediate School,4-5,Open,no,no,no,no,no,no,no,no,0.123990165086055,0.125658125658126,0.136670216542421,0.128772835762201
Lucas,044602,Oregon City,006494,Clay High School,9-12,Open,no,no,no,no,no,no,no,no,0.128367670364501,0.133051742344245,0.142348754448399,0.134589389052381
Lucas,044602,Oregon City,007559,Coy Elementary School,K-4,Open,no,no,no,no,no,no,no,no,0.128367670364501,0.133051742344245,0.142348754448399,0.134589389052381
Lucas,044602,Oregon City,011429,Fassett Junior High School,7-8,Open,no,no,no,no,no,no,no,no,0.128367670364501,0.133051742344245,0.142348754448399,0.134589389052381
Lucas,044602,Oregon City,014259,Eisenhower Intermediate School,5-6,Open,no,no,no,no,no,no,no,no,0.128367670364501,0.133051742344245,0.142348754448399,0.134589389052381
Lucas,044602,Oregon City,018291,Jerusalem Elementary School,K-4,Open,no,no,no,no,no,no,no,no,0.128367670364501,0.133051742344245,0.142348754448399,0.134589389052381
Lucas,044602,Oregon City,035832,Starr Elementary School,K-4,Open,no,no,no,no,no,no,no,no,0.128367670364501,0.133051742344245,0.142348754448399,0.134589389052381
Lucas,044875,Sylvania Schools,005330,Central Trail Elementary School,K-5,Open,no,no,no,no,no,no,no,no,0.090292724924666,0.093148327417446,0.087837170240095,0.090426074194069
Lucas,044875,Sylvania Schools,016444,Hill View Elementary School,K-5,Open,no,no,no,no,no,no,no,no,0.090292724924666,0.093148327417446,0.087837170240095,0.090426074194069
Lucas,044875,Sylvania Schools,022665,Maplewood Elementary School,K-5;P,Open,no,no,no,no,no,no,no,no,0.090292724924666,0.093148327417446,0.087837170240095,0.090426074194069
Lucas,044875,Sylvania Schools,036681,Sylvan Elementary School,K-5,Open,no,no,no,no,no,no,no,no,0.090292724924666,0.093148327417446,0.087837170240095,0.090426074194069
Lucas,044875,Sylvania Schools,036699,Highland Elementary School,K-5,Open,no,no,no,no,no,no,no,no,0.090292724924666,0.093148327417446,0.087837170240095,0.090426074194069
Lucas,044875,Sylvania Schools,036707,Sylvania Northview High School,9-12,Open,no,no,no,no,no,no,no,no,0.090292724924666,0.093148327417446,0.087837170240095,0.090426074194069
Lucas,044875,Sylvania Schools,036723,Stranahan Elementary School,K-5,Open,no,no,no,no,no,no,no,no,0.090292724924666,0.093148327417446,0.087837170240095,0.090426074194069
Lucas,044875,Sylvania Schools,036731,Whiteford Elementary School,K-5;P,Open,no,no,no,no,no,no,no,no,0.090292724924666,0.093148327417446,0.087837170240095,0.090426074194069
Lucas,044875,Sylvania Schools,061309,Sylvania Arbor Hills Junior High School,6-8,Open,no,no,no,no,no,no,no,no,0.090292724924666,0.093148327417446,0.087837170240095,0.090426074194069
Lucas,044875,Sylvania Schools,062356,Sylvania Mccord Junior High School,6-8,Open,no,no,no,no,no,no,no,no,0.090292724924666,0.093148327417446,0.087837170240095,0.090426074194069
Lucas,044875,Sylvania Schools,068551,Sylvania Southview High School,9-12,Open,no,no,no,no,no,no,no,no,0.090292724924666,0.093148327417446,0.087837170240095,0.090426074194069
Lucas,044875,Sylvania Schools,125567,Sylvania Timberstone Junior High School,6-8,Open,no,no,no,no,no,no,no,no,0.090292724924666,0.093148327417446,0.087837170240095,0.090426074194069
Lucas,044909,Toledo City,000234,Ella P. Stewart Academy for Girls,K-6;P,Open,yes,no,yes,no,yes,yes,yes,yes,0.360491529598511,0.354306808859721,0.333597150771666,0.349465163076633
Lucas,044909,Toledo City,000968,Arlington Elementary School,K-8,Open,yes,no,yes,no,yes,yes,yes,yes,0.360491529598511,0.354306808859721,0.333597150771666,0.349465163076633
Lucas,044909,Toledo City,002642,Beverly Elementary School,P;K-8,Open,no,no,no,no,no,no,no,yes,0.360491529598511,0.354306808859721,0.333597150771666,0.349465163076633
Lucas,044909,Toledo City,002758,Birmingham Elementary School,P;K-8,Open,yes,no,yes,no,yes,yes,yes,yes,0.360491529598511,0.354306808859721,0.333597150771666,0.349465163076633
Lucas,044909,Toledo City,003301,Bowsher High School,9-12,Open,yes,no,yes,no,yes,yes,yes,yes,0.360491529598511,0.354306808859721,0.333597150771666,0.349465163076633
Lucas,044909,Toledo City,004358,Burroughs Elementary School,K-8,Open,yes,no,yes,no,yes,yes,yes,yes,0.360491529598511,0.354306808859721,0.333597150771666,0.349465163076633
Lucas,044909,Toledo City,006007,Chase STEM Academy,K-8,Open,yes,no,yes,no,yes,yes,yes,yes,0.360491529598511,0.354306808859721,0.333597150771666,0.349465163076633
Lucas,044909,Toledo City,006056,Rosa Parks Elementary School,P;K-8,Open,yes,no,yes,no,yes,yes,yes,yes,0.360491529598511,0.354306808859721,0.333597150771666,0.349465163076633
Lucas,044909,Toledo City,007856,Byrnedale Elementary School,K-8,Open,yes,no,yes,no,yes,yes,yes,yes,0.360491529598511,0.354306808859721,0.333597150771666,0.349465163076633
Lucas,044909,Toledo City,008262,Jesup W. Scott High School,9-12,Open,yes,no,yes,no,yes,yes,yes,yes,0.360491529598511,0.354306808859721,0.333597150771666,0.349465163076633
Lucas,044909,Toledo City,008441,DeVeaux Elementary School,K-8,Open,yes,no,yes,no,yes,yes,yes,yes,0.360491529598511,0.354306808859721,0.333597150771666,0.349465163076633
Lucas,044909,Toledo City,009038,Toledo Early College High School,7-12,Open,no,no,no,no,no,no,no,yes,0.360491529598511,0.354306808859721,0.333597150771666,0.349465163076633
Lucas,044909,Toledo City,009902,Edgewater Elementary School,P;K-8,Open,yes,no,yes,no,yes,yes,yes,yes,0.360491529598511,0.354306808859721,0.333597150771666,0.349465163076633
Lucas,044909,Toledo City,010371,Elmhurst Elementary School,K-8,Open,no,no,no,no,no,no,no,yes,0.360491529598511,0.354306808859721,0.333597150771666,0.349465163076633
Lucas,044909,Toledo City,012922,Garfield Elementary School,P;K-8,Open,yes,no,yes,no,yes,yes,yes,yes,0.360491529598511,0.354306808859721,0.333597150771666,0.349465163076633
Lucas,044909,Toledo City,013599,Glendale-Feilbach Elementary School,K-8,Open,yes,no,yes,no,yes,yes,yes,yes,0.360491529598511,0.354306808859721,0.333597150771666,0.349465163076633
Lucas,044909,Toledo City,013706,Glenwood Elementary School,P;K-8,Open,yes,no,yes,no,yes,yes,yes,yes,0.360491529598511,0.354306808859721,0.333597150771666,0.349465163076633
Lucas,044909,Toledo City,014688,Grove Patterson Academy Elementary School,P;K-8,Open,no,no,no,no,no,no,no,yes,0.360491529598511,0.354306808859721,0.333597150771666,0.349465163076633
Lucas,044909,Toledo City,014936,Leverette Elementary School,P;K-8,Open,yes,no,yes,no,yes,yes,yes,yes,0.360491529598511,0.354306808859721,0.333597150771666,0.349465163076633
Lucas,044909,Toledo City,015545,Harvard Elementary School,P;K-8,Open,yes,no,yes,no,yes,yes,yes,yes,0.360491529598511,0.354306808859721,0.333597150771666,0.349465163076633
Lucas,044909,Toledo City,015636,Hawkins Elementary School,K-8,Open,yes,no,yes,no,yes,yes,yes,yes,0.360491529598511,0.354306808859721,0.333597150771666,0.349465163076633
Lucas,044909,Toledo City,017615,Escuela SMART Academy,K-6;P,Open,yes,no,yes,no,yes,yes,yes,yes,0.360491529598511,0.354306808859721,0.333597150771666,0.349465163076633
Lucas,044909,Toledo City,018523,Jones Leadership Academy of Business,7-12,Open,yes,no,yes,no,yes,yes,yes,yes,0.360491529598511,0.354306808859721,0.333597150771666,0.349465163076633
Lucas,044909,Toledo City,018952,Keyser Elementary School,P;K-8,Open,yes,no,yes,no,yes,yes,yes,yes,0.360491529598511,0.354306808859721,0.333597150771666,0.349465163076633
Lucas,044909,Toledo City,019622,Toledo Public Schools Virtual Academy,K-12,Open,yes,no,yes,no,yes,yes,yes,yes,0.360491529598511,0.354306808859721,0.333597150771666,0.349465163076633
Lucas,044909,Toledo City,019836,Larchmont Elementary School,K-8,Open,yes,no,yes,no,yes,yes,yes,yes,0.360491529598511,0.354306808859721,0.333597150771666,0.349465163076633
Lucas,044909,Toledo City,019918,Toledo Pre-Medical and Health Science Academy,9-12,Open,no,no,no,no,no,,no,yes,0.360491529598511,0.354306808859721,0.333597150771666,0.349465163076633
Lucas,044909,Toledo City,021386,Longfellow Elementary School,K-8,Open,yes,no,yes,no,yes,yes,yes,yes,0.360491529598511,0.354306808859721,0.333597150771666,0.349465163076633
Lucas,044909,Toledo City,022970,Marshall STEMM Academy,P;K-8,Open,yes,no,yes,no,yes,yes,yes,yes,0.360491529598511,0.354306808859721,0.333597150771666,0.349465163076633
Lucas,044909,Toledo City,023291,Westfield/Robinson Achievement,K-12,Open,yes,no,yes,no,yes,yes,yes,yes,0.360491529598511,0.354306808859721,0.333597150771666,0.349465163076633
Lucas,044909,Toledo City,023648,McKinley STEMM Academy,K-8,Open,yes,no,yes,no,yes,yes,yes,yes,0.360491529598511,0.354306808859721,0.333597150771666,0.349465163076633
Lucas,044909,Toledo City,023929,McTigue Elementary School,P;K-8,Open,yes,no,yes,no,yes,yes,yes,yes,0.360491529598511,0.354306808859721,0.333597150771666,0.349465163076633
Lucas,044909,Toledo City,026484,Navarre Elementary School,P;K-8,Open,yes,no,yes,no,yes,yes,yes,yes,0.360491529598511,0.354306808859721,0.333597150771666,0.349465163076633
Lucas,044909,Toledo City,028258,Oakdale Elementary School,P;K-8,Open,yes,no,yes,no,yes,yes,yes,yes,0.360491529598511,0.354306808859721,0.333597150771666,0.349465163076633
Lucas,044909,Toledo City,028514,Old Orchard Elementary School,P;K-8,Open,yes,no,yes,no,yes,yes,yes,yes,0.360491529598511,0.354306808859721,0.333597150771666,0.349465163076633
Lucas,044909,Toledo City,028902,Ottawa River Elementary School,P;K-8,Open,no,no,no,no,no,yes,no,yes,0.360491529598511,0.354306808859721,0.333597150771666,0.349465163076633
Lucas,044909,Toledo City,029892,Pickett Elementary School,K-8,Open,yes,no,yes,no,yes,yes,yes,yes,0.360491529598511,0.354306808859721,0.333597150771666,0.349465163076633
Lucas,044909,Toledo City,031153,Raymer Elementary School,P;K-8,Open,yes,no,yes,no,yes,yes,yes,yes,0.360491529598511,0.354306808859721,0.333597150771666,0.349465163076633
Lucas,044909,Toledo City,031401,Reynolds Elementary School,K-12;P,Open,yes,no,yes,no,yes,yes,yes,yes,0.360491529598511,0.354306808859721,0.333597150771666,0.349465163076633
Lucas,044909,Toledo City,031955,Riverside Elementary School,P;K-8,Open,yes,no,yes,no,yes,yes,yes,yes,0.360491529598511,0.354306808859721,0.333597150771666,0.349465163076633
Lucas,044909,Toledo City,032102,Robinson Elementary School,P;K-8,Open,yes,no,yes,no,yes,yes,yes,yes,0.360491529598511,0.354306808859721,0.333597150771666,0.349465163076633
Lucas,044909,Toledo City,032276,Rogers High School,9-12,Open,yes,no,yes,no,yes,yes,yes,yes,0.360491529598511,0.354306808859721,0.333597150771666,0.349465163076633
Lucas,044909,Toledo City,032441,Martin Luther King Academy for Boys Elementary School,K-6;P,Open,yes,no,yes,no,yes,yes,yes,yes,0.360491529598511,0.354306808859721,0.333597150771666,0.349465163076633
Lucas,044909,Toledo City,034389,Sherman Elementary School,P;K-8,Open,yes,no,yes,no,yes,yes,yes,yes,0.360491529598511,0.354306808859721,0.333597150771666,0.349465163076633
Lucas,044909,Toledo City,035352,Spring Elementary School,P;K-8,Open,yes,no,yes,no,yes,yes,yes,yes,0.360491529598511,0.354306808859721,0.333597150771666,0.349465163076633
Lucas,044909,Toledo City,035865,Start High School,9-12,Open,yes,no,yes,no,yes,yes,yes,yes,0.360491529598511,0.354306808859721,0.333597150771666,0.349465163076633
Lucas,044909,Toledo City,038950,Waite High School,9-12,Open,yes,no,yes,no,yes,yes,yes,yes,0.360491529598511,0.354306808859721,0.333597150771666,0.349465163076633
Lucas,044909,Toledo City,038984,Walbridge Elementary School,K-8,Open,yes,no,yes,no,yes,yes,yes,yes,0.360491529598511,0.354306808859721,0.333597150771666,0.349465163076633
Lucas,044909,Toledo City,041137,Whittier Elementary School,K-8,Open,yes,no,yes,no,yes,yes,yes,yes,0.360491529598511,0.354306808859721,0.333597150771666,0.349465163076633
Lucas,044909,Toledo City,042150,Woodward High School,9-12,Open,yes,no,yes,no,yes,yes,yes,yes,0.360491529598511,0.354306808859721,0.333597150771666,0.349465163076633
Lucas,044909,Toledo City,068478,East Broadway Elementary School,P;K-8,Open,yes,no,yes,no,yes,yes,yes,yes,0.360491529598511,0.354306808859721,0.333597150771666,0.349465163076633
Lucas,044909,Toledo City,068486,Old West End Academy Elementary School,K-8,Open,no,no,no,no,no,yes,no,yes,0.360491529598511,0.354306808859721,0.333597150771666,0.349465163076633
Lucas,044909,Toledo City,146373,Toledo Technology Academy High School,7-12,Open,no,no,no,no,no,no,no,yes,0.360491529598511,0.354306808859721,0.333597150771666,0.349465163076633
Lucas,048207,Anthony Wayne Local,000810,Anthony Wayne High School,9-12,Open,no,no,no,no,no,no,no,no,0.07087075361187,0.066926829268293,0.053927315357562,0.063908299412575
Lucas,048207,Anthony Wayne Local,011346,Fallen Timbers Middle School,5-6,Open,no,no,no,no,no,no,no,no,0.07087075361187,0.066926829268293,0.053927315357562,0.063908299412575
Lucas,048207,Anthony Wayne Local,025197,Monclova Elementary School,K-4,Open,no,no,no,no,no,no,no,no,0.07087075361187,0.066926829268293,0.053927315357562,0.063908299412575
Lucas,048207,Anthony Wayne Local,039800,Waterville Primary School,K-4,Open,no,no,no,no,no,no,no,no,0.07087075361187,0.066926829268293,0.053927315357562,0.063908299412575
Lucas,048207,Anthony Wayne Local,041038,Whitehouse Primary School,K-4,Open,no,no,no,no,no,no,no,no,0.07087075361187,0.066926829268293,0.053927315357562,0.063908299412575
Lucas,048207,Anthony Wayne Local,125229,Anthony Wayne Junior High School,7-8,Open,no,no,no,no,no,no,no,no,0.07087075361187,0.066926829268293,0.053927315357562,0.063908299412575
Lucas,048215,Ottawa Hills Local,028886,Ottawa Hills Elementary School,K-6,Open,no,no,no,no,no,no,no,no,0.068931068931069,0.066933066933067,0.045833333333333,0.060565823065823
Lucas,048215,Ottawa Hills Local,028894,Ottawa Hills High School,7-12,Open,no,no,no,no,no,no,no,no,0.068931068931069,0.066933066933067,0.045833333333333,0.060565823065823
Lucas,048223,Springfield Local,007799,Crissey Elementary School,K-3;P,Open,no,no,no,no,no,no,no,no,0.158281389136242,0.165554072096128,0.157303370786517,0.160379610672962
Lucas,048223,Springfield Local,008649,Dorr Street Elementary School,K-3;P,Open,no,no,no,no,no,no,no,no,0.158281389136242,0.165554072096128,0.157303370786517,0.160379610672962
Lucas,048223,Springfield Local,016576,Holland Intermediate School,4-5,Open,no,no,no,no,no,no,no,no,0.158281389136242,0.165554072096128,0.157303370786517,0.160379610672962
Lucas,048223,Springfield Local,020063,Springfield Digital Academy (SDA),K-12,Open,no,no,no,no,no,,yes,no,0.158281389136242,0.165554072096128,0.157303370786517,0.160379610672962
Lucas,048223,Springfield Local,035477,Springfield High School,9-12,Open,no,no,no,no,no,no,no,no,0.158281389136242,0.165554072096128,0.157303370786517,0.160379610672962
Lucas,048223,Springfield Local,035501,Springfield Middle School,6-8,Open,no,no,no,no,no,no,no,no,0.158281389136242,0.165554072096128,0.157303370786517,0.160379610672962
Lucas,048223,Springfield Local,119792,Holloway Elementary School,K-3;P,Open,no,no,no,no,no,no,no,no,0.158281389136242,0.165554072096128,0.157303370786517,0.160379610672962
Lucas,048231,Washington Local,016006,Hiawatha Elementary School,K-6,Open,no,no,no,no,no,no,no,yes,0.203165098374679,0.213624055864329,0.205645161290323,0.207478105176444
Lucas,048231,Washington Local,018127,Jefferson Junior High School,8,Open,no,no,no,no,no,no,yes,yes,0.203165098374679,0.213624055864329,0.205645161290323,0.207478105176444
Lucas,048231,Washington Local,023549,Mcgregor Elementary School,K-6,Open,no,no,no,no,no,no,no,yes,0.203165098374679,0.213624055864329,0.205645161290323,0.207478105176444
Lucas,048231,Washington Local,024000,Meadowvale Elementary School,K-6,Open,no,no,no,no,no,no,no,yes,0.203165098374679,0.213624055864329,0.205645161290323,0.207478105176444
Lucas,048231,Washington Local,025189,Monac Elementary School,K-6,Open,no,no,no,no,no,no,no,yes,0.203165098374679,0.213624055864329,0.205645161290323,0.207478105176444
Lucas,048231,Washington Local,027946,Greenwood Elementary School,K-6,Open,yes,no,yes,no,yes,yes,yes,yes,0.203165098374679,0.213624055864329,0.205645161290323,0.207478105176444
Lucas,048231,Washington Local,034504,Shoreland Elementary School,K-6,Open,no,no,no,no,no,no,no,yes,0.203165098374679,0.213624055864329,0.205645161290323,0.207478105176444
Lucas,048231,Washington Local,039438,Washington Junior High School,7,Open,yes,no,yes,no,yes,yes,yes,yes,0.203165098374679,0.213624055864329,0.205645161290323,0.207478105176444
Lucas,048231,Washington Local,040295,Silver Creek Elementary School,K-6,Open,yes,no,yes,no,yes,yes,yes,yes,0.203165098374679,0.213624055864329,0.205645161290323,0.207478105176444
Lucas,048231,Washington Local,041046,Whitmer High School,9-12,Open,no,no,no,no,no,no,no,yes,0.203165098374679,0.213624055864329,0.205645161290323,0.207478105176444
Madison,044255,London City,005348,London MIddle School,6-8,Open,no,no,no,no,no,no,no,no,0.138200782268579,0.129653964082348,0.179640718562874,0.149165154971267
Madison,044255,London City,021287,London High School,9-12,Open,no,no,no,no,no,no,no,no,0.138200782268579,0.129653964082348,0.179640718562874,0.149165154971267
Madison,044255,London City,089599,London Elementary School,K-5,Open,no,no,no,no,no,no,no,no,0.138200782268579,0.129653964082348,0.179640718562874,0.149165154971267
Madison,048256,Jefferson Local,017970,Norwood Elementary School,K-5,Open,no,no,no,no,no,no,no,no,0.109075770191507,0.123322147651007,0.175043327556326,0.13581374846628
Madison,048256,Jefferson Local,038729,West Jefferson Middle School,6-8,Open,no,no,no,no,no,no,no,no,0.109075770191507,0.123322147651007,0.175043327556326,0.13581374846628
Madison,048256,Jefferson Local,038737,West Jefferson High School,9-12,Open,no,no,no,no,no,no,no,no,0.109075770191507,0.123322147651007,0.175043327556326,0.13581374846628
Madison,048264,Jonathan Alder Local,000883,Canaan Middle School,5-6,Open,no,no,no,no,no,no,no,no,0.072105480016481,0.062191103789127,0.09822934232715,0.077508642044253
Madison,048264,Jonathan Alder Local,004747,Jonathan Alder Junior High,7-8,Open,no,no,no,no,no,no,no,no,0.072105480016481,0.062191103789127,0.09822934232715,0.077508642044253
Madison,048264,Jonathan Alder Local,018507,Jonathan Alder High School,9-12,Open,no,no,no,no,no,no,no,no,0.072105480016481,0.062191103789127,0.09822934232715,0.077508642044253
Madison,048264,Jonathan Alder Local,025270,Monroe Elementary School,K-4;P,Open,no,no,no,no,no,no,no,no,0.072105480016481,0.062191103789127,0.09822934232715,0.077508642044253
Madison,048264,Jonathan Alder Local,030130,Plain City Elementary School,K-4;P,Open,no,no,no,no,no,no,no,no,0.072105480016481,0.062191103789127,0.09822934232715,0.077508642044253
Madison,048272,Madison-Plains Local,012523,Madison-Plains Elementary School,K-3,Open,no,no,no,no,no,no,no,no,0.107310529845741,0.117408906882591,0.172947510094213,0.132555648940848
Madison,048272,Madison-Plains Local,012524,Madison-Plains Intermediate School,4-6,Open,no,no,no,no,no,no,no,no,0.107310529845741,0.117408906882591,0.172947510094213,0.132555648940848
Madison,048272,Madison-Plains Local,022160,Madison-Plains High School,9-12,Open,no,no,no,no,no,no,no,no,0.107310529845741,0.117408906882591,0.172947510094213,0.132555648940848
Madison,048272,Madison-Plains Local,037010,Madison-Plains Junior High,7-8,Open,no,no,no,no,no,no,no,no,0.107310529845741,0.117408906882591,0.172947510094213,0.132555648940848
Mahoning,043703,Campbell City,017640,Northeast Ohio Impact Academy,7-12,Open,no,no,no,no,no,no,no,yes,0.365556458164094,0.322899505766063,0.398455598455598,0.362303854128585
Mahoning,043703,Campbell City,024190,Memorial High School,7-12,Open,yes,no,yes,no,yes,yes,yes,yes,0.365556458164094,0.322899505766063,0.398455598455598,0.362303854128585
Mahoning,043703,Campbell City,029579,Campbell Elementary School,K-6,Open,no,no,no,no,no,no,no,yes,0.365556458164094,0.322899505766063,0.398455598455598,0.362303854128585
Mahoning,044859,Struthers City,011601,Struthers Middle School,5-8,Open,no,no,no,no,no,no,no,yes,0.247374562427071,0.234597156398104,0.292025243832473,0.257998987552549
Mahoning,044859,Struthers City,036301,Struthers High School,9-12,Open,no,no,no,no,no,no,no,yes,0.247374562427071,0.234597156398104,0.292025243832473,0.257998987552549
Mahoning,044859,Struthers City,145870,Struthers Elementary School,K-4,Open,no,no,no,no,no,no,no,yes,0.247374562427071,0.234597156398104,0.292025243832473,0.257998987552549
Mahoning,045161,Youngstown City,000520,Youngstown Rayen Early College High School,9-12,Open,yes,yes,no,yes,no,no,no,yes,0.473990844777362,0.408794445613297,0.511688311688312,0.464824534026323
Mahoning,045161,Youngstown City,004267,Paul C Bunn Elementary School,K-5;P,Open,yes,yes,yes,yes,yes,yes,yes,yes,0.473990844777362,0.408794445613297,0.511688311688312,0.464824534026323
Mahoning,045161,Youngstown City,005850,Chaney High,9-12,Open,yes,yes,yes,yes,yes,yes,yes,yes,0.473990844777362,0.408794445613297,0.511688311688312,0.464824534026323
Mahoning,045161,Youngstown City,011493,Rayen Early College Middle School,5-8,Open,yes,yes,no,yes,no,no,no,yes,0.473990844777362,0.408794445613297,0.511688311688312,0.464824534026323
Mahoning,045161,Youngstown City,015206,Harding Elementary School,K-5;P,Open,yes,yes,yes,yes,yes,yes,yes,yes,0.473990844777362,0.408794445613297,0.511688311688312,0.464824534026323
Mahoning,045161,Youngstown City,016804,Wilson Alternative School,K-12,Open,yes,yes,yes,yes,yes,yes,yes,yes,0.473990844777362,0.408794445613297,0.511688311688312,0.464824534026323
Mahoning,045161,Youngstown City,016805,Volney Rogers School,K-5;P,Open,yes,yes,yes,yes,yes,yes,yes,yes,0.473990844777362,0.408794445613297,0.511688311688312,0.464824534026323
Mahoning,045161,Youngstown City,016806,Kirkmere School,K-5;P,Open,yes,yes,yes,yes,yes,yes,yes,yes,0.473990844777362,0.408794445613297,0.511688311688312,0.464824534026323
Mahoning,045161,Youngstown City,019724,Youngstown Virtual Academy,K-12,Open,yes,yes,yes,yes,yes,yes,yes,yes,0.473990844777362,0.408794445613297,0.511688311688312,0.464824534026323
Mahoning,045161,Youngstown City,027599,M L King Elementary School,K-5;P,Open,yes,yes,yes,yes,yes,yes,yes,yes,0.473990844777362,0.408794445613297,0.511688311688312,0.464824534026323
Mahoning,045161,Youngstown City,031138,East High School,9-12,Open,yes,yes,yes,yes,yes,yes,yes,yes,0.473990844777362,0.408794445613297,0.511688311688312,0.464824534026323
Mahoning,045161,Youngstown City,036798,Taft Elementary School,K-5;P,Open,yes,yes,yes,yes,yes,yes,yes,yes,0.473990844777362,0.408794445613297,0.511688311688312,0.464824534026323
Mahoning,045161,Youngstown City,040436,Chaney Middle at McGuffey,6-8,Open,yes,yes,yes,yes,yes,yes,yes,yes,0.473990844777362,0.408794445613297,0.511688311688312,0.464824534026323
Mahoning,045161,Youngstown City,041467,East Middle at PRBerry,6-8,Open,yes,yes,yes,yes,yes,yes,yes,yes,0.473990844777362,0.408794445613297,0.511688311688312,0.464824534026323
Mahoning,048298,Austintown Local Schools,001339,Austintown Middle School,6-8,Open,no,no,no,no,no,no,no,no,0.157170091082398,0.144329896907216,0.18452380952381,0.162007932504475
Mahoning,048298,Austintown Local Schools,011791,Fitch High School,9-12,Open,no,no,no,no,no,no,no,no,0.157170091082398,0.144329896907216,0.18452380952381,0.162007932504475
Mahoning,048298,Austintown Local Schools,028480,Austintown Intermediate School,3-5,Open,no,no,no,no,no,no,no,no,0.157170091082398,0.144329896907216,0.18452380952381,0.162007932504475
Mahoning,048298,Austintown Local Schools,039867,Austintown Elementary School,K-2;P,Open,no,no,no,no,no,no,no,no,0.157170091082398,0.144329896907216,0.18452380952381,0.162007932504475
Mahoning,048306,Boardman Local,003053,Boardman Glenwood Junior High,7-8,Open,no,no,no,no,no,no,no,no,0.179951954575235,0.154970112906797,0.193725809737217,0.176215959073083
Mahoning,048306,Boardman Local,003061,Boardman High School,9-12,Open,no,no,no,no,no,no,no,no,0.179951954575235,0.154970112906797,0.193725809737217,0.176215959073083
Mahoning,048306,Boardman Local,019689,Spartan Online Academy,K-12,Open,no,no,no,no,no,no,no,no,0.179951954575235,0.154970112906797,0.193725809737217,0.176215959073083
Mahoning,048306,Boardman Local,032136,Robinwood Lane Elementary School,K-3,Open,no,no,no,no,no,no,no,no,0.179951954575235,0.154970112906797,0.193725809737217,0.176215959073083
Mahoning,048306,Boardman Local,035691,Stadium Drive Elementary School,K-3,Open,no,no,no,no,no,no,no,no,0.179951954575235,0.154970112906797,0.193725809737217,0.176215959073083
Mahoning,048306,Boardman Local,038539,West Boulevard Elementary School,K-3,Open,no,no,no,no,no,no,no,no,0.179951954575235,0.154970112906797,0.193725809737217,0.176215959073083
Mahoning,048306,Boardman Local,043364,Boardman Center Intermediate School,4-6,Open,no,no,no,no,no,no,no,no,0.179951954575235,0.154970112906797,0.193725809737217,0.176215959073083
Mahoning,048314,Canfield Local,004697,C H Campbell Elementary School,K-4,Open,no,no,no,no,no,no,no,no,0.05,0.04736490993996,0.058246280468503,0.051870396802821
Mahoning,048314,Canfield Local,004796,Canfield High School,9-12,Open,no,no,no,no,no,no,no,no,0.05,0.04736490993996,0.058246280468503,0.051870396802821
Mahoning,048314,Canfield Local,038430,Hilltop Elementary School,K-4,Open,no,no,no,no,no,no,no,no,0.05,0.04736490993996,0.058246280468503,0.051870396802821
Mahoning,048314,Canfield Local,070417,Canfield Village Middle School,5-8,Open,no,no,no,no,no,no,no,no,0.05,0.04736490993996,0.058246280468503,0.051870396802821
Mahoning,048322,Jackson-Milton Local,017699,Jackson-Milton Middle School,6-8,Open,no,no,no,no,no,no,no,no,0.14828431372549,0.132919254658385,0.170238095238095,0.150480554540657
Mahoning,048322,Jackson-Milton Local,017798,Jackson-Milton High School,9-12,Open,no,no,no,no,no,no,no,no,0.14828431372549,0.132919254658385,0.170238095238095,0.150480554540657
Mahoning,048322,Jackson-Milton Local,066746,Jackson-Milton Elementary School,K-5,Open,no,no,no,no,no,no,no,no,0.14828431372549,0.132919254658385,0.170238095238095,0.150480554540657
Mahoning,048330,Lowellville Local,021683,Lowellville High School,7-12,Open,no,no,no,no,no,no,no,no,0.105421686746988,0.09480122324159,0.159863945578231,0.120028951855603
Mahoning,048330,Lowellville Local,138040,Lowellville Elementary School,K-6,Open,no,no,no,no,no,no,no,no,0.105421686746988,0.09480122324159,0.159863945578231,0.120028951855603
Mahoning,048348,Poland Local,030445,Poland Middle School,4-6,Open,no,no,no,no,no,no,no,no,0.061780997017469,0.055675442382391,0.075405523893029,0.06428732109763
Mahoning,048348,Poland Local,030452,Poland Seminary High School,7-12,Open,no,no,no,no,no,no,no,no,0.061780997017469,0.055675442382391,0.075405523893029,0.06428732109763
Mahoning,048348,Poland Local,064311,Mckinley Elementary School,K-3,Open,no,no,no,no,no,no,no,no,0.061780997017469,0.055675442382391,0.075405523893029,0.06428732109763
Mahoning,048355,Sebring Local,023879,Mckinley High School,7-12,Open,no,no,no,no,no,no,no,yes,0.216262975778547,0.178947368421053,0.295412844036697,0.230207729412099
Mahoning,048355,Sebring Local,024836,B L Miller Elementary School,K-6,Open,no,no,no,no,no,no,no,yes,0.216262975778547,0.178947368421053,0.295412844036697,0.230207729412099
Mahoning,048363,South Range Local,014522,South Range Middle School,5-8,Open,no,no,no,no,no,no,no,no,0.09452736318408,0.078991596638656,0.118409680207433,0.097309546676723
Mahoning,048363,South Range Local,026211,South Range Elementary School,K-4,Open,no,no,no,no,no,no,no,no,0.09452736318408,0.078991596638656,0.118409680207433,0.097309546676723
Mahoning,048363,South Range Local,026229,South Range High School,9-12,Open,no,no,no,no,no,no,no,no,0.09452736318408,0.078991596638656,0.118409680207433,0.097309546676723
Mahoning,048371,Springfield Local,026880,Springfield Elementary School,K-4,Open,no,no,no,no,no,no,no,no,0.113345521023766,0.094531974050046,0.117254528122021,0.108377341065278
Mahoning,048371,Springfield Local,035451,Springfield Intermediate Middle School,5-8,Open,no,no,no,no,no,no,no,no,0.113345521023766,0.094531974050046,0.117254528122021,0.108377341065278
Mahoning,048371,Springfield Local,035469,Springfield High School,9-12,Open,no,no,no,no,no,no,no,no,0.113345521023766,0.094531974050046,0.117254528122021,0.108377341065278
Mahoning,048389,West Branch Local,002311,West Branch Intermediate School,3-4,Closed,no,no,no,no,no,no,no,no,0.138638638638639,0.126646403242148,0.144615384615385,0.136633475498724
Mahoning,048389,West Branch Local,019281,West Branch Early Learning Center,K-2,Open,no,no,no,no,no,no,no,no,0.138638638638639,0.126646403242148,0.144615384615385,0.136633475498724
Mahoning,048389,West Branch Local,019666,West Branch Digital Academy,K-12,Open,no,no,no,no,yes,yes,yes,no,0.138638638638639,0.126646403242148,0.144615384615385,0.136633475498724
Mahoning,048389,West Branch Local,038547,West Branch Middle School,3-7,Open,no,no,no,no,no,no,no,no,0.138638638638639,0.126646403242148,0.144615384615385,0.136633475498724
Mahoning,048389,West Branch Local,038554,West Branch High School,8-12,Open,no,no,no,no,no,no,no,no,0.138638638638639,0.126646403242148,0.144615384615385,0.136633475498724
Mahoning,048397,Western Reserve Local,002444,Western Reserve Middle School,6-8,Open,no,no,no,no,no,no,no,no,0.088388214904679,0.0896309314587,0.126582278481013,0.101533808281464
Mahoning,048397,Western Reserve Local,010298,Western Reserve Elementary School,K-5,Open,no,no,no,no,no,no,no,no,0.088388214904679,0.0896309314587,0.126582278481013,0.101533808281464
Mahoning,048397,Western Reserve Local,042333,Western Reserve High School,9-12,Open,no,no,no,no,no,no,no,no,0.088388214904679,0.0896309314587,0.126582278481013,0.101533808281464
Marion,044339,Marion City,000351,Ulysses S. Grant Middle School,6-8,Open,yes,no,yes,no,yes,yes,yes,yes,0.251835681682874,0.253092479874337,0.286133960047004,0.263687373868072
Marion,044339,Marion City,000352,William McKinley Elementary School,K-5;P,Open,yes,no,yes,no,yes,yes,yes,yes,0.251835681682874,0.253092479874337,0.286133960047004,0.263687373868072
Marion,044339,Marion City,015214,Harding High School,9-12,Open,yes,no,yes,no,yes,yes,yes,yes,0.251835681682874,0.253092479874337,0.286133960047004,0.263687373868072
Marion,044339,Marion City,034611,Rutherford B. Hayes Elementary School,K-5;P,Open,yes,no,yes,no,yes,yes,yes,yes,0.251835681682874,0.253092479874337,0.286133960047004,0.263687373868072
Marion,044339,Marion City,039586,George Washington Elementary School,K-5;P,Open,yes,no,yes,no,yes,yes,yes,yes,0.251835681682874,0.253092479874337,0.286133960047004,0.263687373868072
Marion,044339,Marion City,042861,Benjamin Harrison Elementary School,K-5;P,Open,no,no,no,no,no,no,no,yes,0.251835681682874,0.253092479874337,0.286133960047004,0.263687373868072
Marion,044339,Marion City,147603,William H. Taft Elementary School,K-5;P,Open,yes,no,yes,no,yes,yes,yes,yes,0.251835681682874,0.253092479874337,0.286133960047004,0.263687373868072
Marion,044339,Marion City,147611,James A. Garfield Elementary School,K-5;P,Open,yes,no,yes,no,yes,yes,yes,yes,0.251835681682874,0.253092479874337,0.286133960047004,0.263687373868072
Marion,048413,Elgin Local,010173,Elgin High School,9-12,Open,no,no,no,no,no,no,no,no,0.113266097750194,0.135280553420446,0.178445229681979,0.142330626950873
Marion,048413,Elgin Local,014316,Elgin Middle School,6-8,Open,no,no,no,no,no,no,no,no,0.113266097750194,0.135280553420446,0.178445229681979,0.142330626950873
Marion,048413,Elgin Local,030825,Elgin Elementary School,K-5,Open,no,no,no,no,no,no,no,no,0.113266097750194,0.135280553420446,0.178445229681979,0.142330626950873
Marion,048421,Pleasant Local,030205,Pleasant Elementary School,K-4,Open,no,no,no,no,no,no,no,no,0.117502054231717,0.1033360455655,0.119589141599413,0.11347574713221
Marion,048421,Pleasant Local,030213,Pleasant Middle School,5-8,Open,no,no,no,no,no,no,no,no,0.117502054231717,0.1033360455655,0.119589141599413,0.11347574713221
Marion,048421,Pleasant Local,030304,Pleasant High School,9-12,Open,no,no,no,no,no,no,no,no,0.117502054231717,0.1033360455655,0.119589141599413,0.11347574713221
Marion,048439,Ridgedale Local,031666,Ridgedale Jr/Sr High School,6-12,Open,no,no,no,no,no,no,no,no,0.172229639519359,0.105960264900662,0.117571059431525,0.131920321283849
Marion,048439,Ridgedale Local,067819,Ridgedale Elementary School,K-5;P,Open,no,no,no,no,no,no,no,no,0.172229639519359,0.105960264900662,0.117571059431525,0.131920321283849
Marion,048447,River Valley Local,004580,Liberty Elementary School,K-5;P,Open,no,no,no,no,no,no,no,no,0.098717233686559,0.107853982300885,0.120408163265306,0.108993126417583
Marion,048447,River Valley Local,019649,River Valley Virtual School,K-12,Open,no,no,no,no,no,no,yes,no,0.098717233686559,0.107853982300885,0.120408163265306,0.108993126417583
Marion,048447,River Valley Local,031872,River Valley High School,9-12,Open,no,no,no,no,no,no,no,no,0.098717233686559,0.107853982300885,0.120408163265306,0.108993126417583
Marion,048447,River Valley Local,038992,Heritage Elementary School,K-5,Open,no,no,no,no,no,no,no,no,0.098717233686559,0.107853982300885,0.120408163265306,0.108993126417583
Marion,048447,River Valley Local,043372,River Valley Middle School,6-8,Open,no,no,no,no,no,no,no,no,0.098717233686559,0.107853982300885,0.120408163265306,0.108993126417583
Medina,043661,Brunswick City,000877,Applewood Elementary School,K-5,Open,no,no,no,no,no,no,no,no,0.056341586659929,0.056245249556625,0.072001017682229,0.061529284632928
Medina,043661,Brunswick City,003970,Brunswick High School,9-12,Open,no,no,no,no,no,no,no,no,0.056341586659929,0.056245249556625,0.072001017682229,0.061529284632928
Medina,043661,Brunswick City,004481,C R Towslee Elementary School,K-5,Closed,no,no,no,no,no,no,no,no,0.056341586659929,0.056245249556625,0.072001017682229,0.061529284632928
Medina,043661,Brunswick City,007633,Crestview Elementary School,K-5,Open,no,no,no,no,no,no,no,no,0.056341586659929,0.056245249556625,0.072001017682229,0.061529284632928
Medina,043661,Brunswick City,014001,Walter Kidder Elementary School,K-5;P,Open,no,no,no,no,no,no,no,no,0.056341586659929,0.056245249556625,0.072001017682229,0.061529284632928
Medina,043661,Brunswick City,017145,Huntington Elementary School,K-5,Open,no,no,no,no,no,no,no,no,0.056341586659929,0.056245249556625,0.072001017682229,0.061529284632928
Medina,043661,Brunswick City,064675,Hickory Ridge Elementary School,K-5,Open,no,no,no,no,no,no,no,no,0.056341586659929,0.056245249556625,0.072001017682229,0.061529284632928
Medina,043661,Brunswick City,071357,Brunswick Memorial Elementary School,K-5,Open,no,no,no,no,no,no,no,no,0.056341586659929,0.056245249556625,0.072001017682229,0.061529284632928
Medina,043661,Brunswick City,098426,Brunswick Middle School,6-8,Open,no,no,no,no,no,no,no,no,0.056341586659929,0.056245249556625,0.072001017682229,0.061529284632928
Medina,044388,Medina City SD,010249,Ella Canavan Elementary School,K-5,Open,no,no,no,no,no,no,no,no,0.054101221640489,0.054290718038529,0.065050038491147,0.057813992723388
Medina,044388,Medina City SD,011319,Eliza Northrop Elementary,K-5;P,Open,no,no,no,no,no,no,no,no,0.054101221640489,0.054290718038529,0.065050038491147,0.057813992723388
Medina,044388,Medina City SD,011321,Ralph E. Waite Elementary,K-5,Open,no,no,no,no,no,no,no,no,0.054101221640489,0.054290718038529,0.065050038491147,0.057813992723388
Medina,044388,Medina City SD,011707,Evolve Academy,1-12,Open,no,no,no,no,yes,yes,yes,no,0.054101221640489,0.054290718038529,0.065050038491147,0.057813992723388
Medina,044388,Medina City SD,012914,Garfield Elementary School,K-5,Open,no,no,no,no,no,no,no,no,0.054101221640489,0.054290718038529,0.065050038491147,0.057813992723388
Medina,044388,Medina City SD,024059,Claggett Middle School,6-8,Open,no,no,no,no,no,no,no,no,0.054101221640489,0.054290718038529,0.065050038491147,0.057813992723388
Medina,044388,Medina City SD,024075,Medina High School,9-12,Open,no,no,no,no,no,no,no,no,0.054101221640489,0.054290718038529,0.065050038491147,0.057813992723388
Medina,044388,Medina City SD,034579,Sidney Fenn Elementary School,K-5,Open,no,no,no,no,no,no,no,no,0.054101221640489,0.054290718038529,0.065050038491147,0.057813992723388
Medina,044388,Medina City SD,067892,Heritage Elementary School,K-5,Open,no,no,no,no,no,no,no,no,0.054101221640489,0.054290718038529,0.065050038491147,0.057813992723388
Medina,044388,Medina City SD,115873,A. I. Root Middle School,6-8,Open,no,no,no,no,no,no,no,no,0.054101221640489,0.054290718038529,0.065050038491147,0.057813992723388
Medina,044388,Medina City SD,140046,H G Blake Elementary School,K-5,Open,no,no,no,no,no,no,no,no,0.054101221640489,0.054290718038529,0.065050038491147,0.057813992723388
Medina,044974,Wadsworth City,005710,Wadsworth Middle School,7-8,Open,no,no,no,no,no,no,no,no,0.057781526781948,0.058997673926834,0.075277497477296,0.064018899395359
Medina,044974,Wadsworth City,012286,Franklin Elementary School,K-4,Open,no,no,no,no,no,no,no,no,0.057781526781948,0.058997673926834,0.075277497477296,0.064018899395359
Medina,044974,Wadsworth City,017533,Isham Memorial Elementary School,K-4,Open,no,no,no,no,no,no,no,no,0.057781526781948,0.058997673926834,0.075277497477296,0.064018899395359
Medina,044974,Wadsworth City,020784,Lincoln Elementary School,K-4,Open,no,no,no,no,no,no,no,no,0.057781526781948,0.058997673926834,0.075277497477296,0.064018899395359
Medina,044974,Wadsworth City,028969,Overlook Elementary School,K-4;P,Open,no,no,no,no,no,no,no,no,0.057781526781948,0.058997673926834,0.075277497477296,0.064018899395359
Medina,044974,Wadsworth City,038158,Valley View Elementary School,K;1-4;SN,Open,no,no,no,no,no,no,no,no,0.057781526781948,0.058997673926834,0.075277497477296,0.064018899395359
Medina,044974,Wadsworth City,038935,Wadsworth High School,9-12,Open,no,no,no,no,no,no,no,no,0.057781526781948,0.058997673926834,0.075277497477296,0.064018899395359
Medina,044974,Wadsworth City,139287,Central Intermediate School,5-6,Open,no,no,no,no,no,no,no,no,0.057781526781948,0.058997673926834,0.075277497477296,0.064018899395359
Medina,048462,Black River Local,002782,Black River High School,9-12,Open,no,no,no,no,no,no,no,no,0.133230452674897,0.119958634953464,0.138844727080021,0.130677938236128
Medina,048462,Black River Local,035311,Black River Education Center Middle School,6-8,Open,no,no,no,no,no,no,no,no,0.133230452674897,0.119958634953464,0.138844727080021,0.130677938236128
Medina,048462,Black River Local,036384,Black River Education Center Elementary School,K-5;P,Open,no,no,no,no,no,no,no,no,0.133230452674897,0.119958634953464,0.138844727080021,0.130677938236128
Medina,048470,Buckeye Local,004127,Buckeye High School,9-12,Open,no,no,no,no,no,no,no,no,0.061771058315335,0.05716760502382,0.070499370541334,0.063146011293496
Medina,048470,Buckeye Local,021139,Buckeye Intermediate School,P;4-6,Open,no,no,no,no,no,no,no,no,0.061771058315335,0.05716760502382,0.070499370541334,0.063146011293496
Medina,048470,Buckeye Local,042457,Buckeye Primary School,K-3,Open,no,no,no,no,no,no,no,no,0.061771058315335,0.05716760502382,0.070499370541334,0.063146011293496
Medina,048470,Buckeye Local,065383,Buckeye Junior High School,7-8,Open,no,no,no,no,no,no,no,no,0.061771058315335,0.05716760502382,0.070499370541334,0.063146011293496
Medina,048488,Cloverleaf Local,006759,Cloverleaf High School,9-12,Open,no,no,no,no,no,no,no,no,0.087397708674304,0.08697079094191,0.108201240523777,0.094189913379997
Medina,048488,Cloverleaf Local,019641,Cloverleaf Online Learning Academy,K;1-12;SN,Closed,no,no,no,no,yes,yes,yes,no,0.087397708674304,0.08697079094191,0.108201240523777,0.094189913379997
Medina,048488,Cloverleaf Local,034041,Cloverleaf Elementary School,K-5;P,Open,no,no,no,no,no,no,no,no,0.087397708674304,0.08697079094191,0.108201240523777,0.094189913379997
Medina,048488,Cloverleaf Local,061432,Cloverleaf Middle School,6-8,Open,no,no,no,no,no,no,no,no,0.087397708674304,0.08697079094191,0.108201240523777,0.094189913379997
Medina,048496,Highland Local,000350,Granger Elementary School,K-5;P,Open,no,no,no,no,no,no,no,no,0.029528158295282,0.030515715593531,0.036980749746707,0.03234154121184
Medina,048496,Highland Local,016154,Highland High School,9-12,Open,no,no,no,no,no,no,no,no,0.029528158295282,0.030515715593531,0.036980749746707,0.03234154121184
Medina,048496,Highland Local,016477,Hinckley Elementary School,K-5,Open,no,no,no,no,no,no,no,no,0.029528158295282,0.030515715593531,0.036980749746707,0.03234154121184
Medina,048496,Highland Local,024497,Highland Middle School,6-8,Open,no,no,no,no,no,no,no,no,0.029528158295282,0.030515715593531,0.036980749746707,0.03234154121184
Medina,048496,Highland Local,034132,Sharon Elementary School,K-5,Open,no,no,no,no,no,no,no,no,0.029528158295282,0.030515715593531,0.036980749746707,0.03234154121184
Meigs,048512,Eastern Local,009571,Eastern High School,7-12,Open,no,no,no,no,no,no,no,no,0.168175937904269,0.158034528552457,0.171704957678356,0.165971808045027
Meigs,048512,Eastern Local,135046,Eastern Elementary School,K-6,Open,no,no,no,no,no,no,no,no,0.168175937904269,0.158034528552457,0.171704957678356,0.165971808045027
Meigs,048520,Meigs Local,000102,Meigs Primary School,K-2,Open,no,no,no,no,no,no,no,yes,0.245012787723785,0.246848739495798,0.295190713101161,0.262350746773581
Meigs,048520,Meigs Local,000105,Meigs Intermediate School,3-5,Open,no,no,no,no,no,no,yes,yes,0.245012787723785,0.246848739495798,0.295190713101161,0.262350746773581
Meigs,048520,Meigs Local,024117,Meigs High School,9-12,Open,yes,no,yes,no,yes,yes,yes,yes,0.245012787723785,0.246848739495798,0.295190713101161,0.262350746773581
Meigs,048520,Meigs Local,062307,Meigs Middle School,6-8,Open,yes,no,yes,no,yes,yes,yes,yes,0.245012787723785,0.246848739495798,0.295190713101161,0.262350746773581
Meigs,048538,Southern Local,035220,Southern High School,9-12,Open,no,no,no,no,no,no,no,yes,0.213872832369942,0.195845697329377,0.215447154471545,0.208388561390288
Meigs,048538,Southern Local,142141,Southern Elementary School,P;K-8,Open,no,no,no,no,no,no,no,yes,0.213872832369942,0.195845697329377,0.215447154471545,0.208388561390288
Mercer,043729,Celina City,005199,Celina Middle School,7-10,Open,no,no,no,no,no,no,no,no,0.118434603501545,0.112175102599179,0.13728757080973,0.122632425636818
Mercer,043729,Celina City,005207,Celina High School,7-12,Open,no,no,no,no,no,no,no,no,0.118434603501545,0.112175102599179,0.13728757080973,0.122632425636818
Mercer,043729,Celina City,009381,Celina Primary School,K-2,Open,no,no,no,no,no,no,no,no,0.118434603501545,0.112175102599179,0.13728757080973,0.122632425636818
Mercer,043729,Celina City,040360,Celina Elementary School,3-4,Open,no,no,no,no,no,no,no,no,0.118434603501545,0.112175102599179,0.13728757080973,0.122632425636818
Mercer,043729,Celina City,125823,Celina Intermediate Elementary School,5-6,Open,no,no,no,no,no,no,no,no,0.118434603501545,0.112175102599179,0.13728757080973,0.122632425636818
Mercer,045310,Coldwater Exempted Village,006858,Coldwater High School,9-12,Open,no,no,no,no,no,no,no,no,0.055466237942122,0.049639711769415,0.033731553056922,0.046279167589487
Mercer,045310,Coldwater Exempted Village,111054,Coldwater Elementary School,K-4,Open,no,no,no,no,no,no,no,no,0.055466237942122,0.049639711769415,0.033731553056922,0.046279167589487
Mercer,045310,Coldwater Exempted Village,125187,Coldwater Middle School,5-8,Open,no,no,no,no,no,no,no,no,0.055466237942122,0.049639711769415,0.033731553056922,0.046279167589487
Mercer,048553,Marion Local,022822,Marion Local Elementary School,K-8,Open,no,no,no,no,no,no,no,no,0.068639053254438,0.05188679245283,0.099260823653643,0.073262223120304
Mercer,048553,Marion Local,022863,Marion Local High School,9-12,Open,no,no,no,no,no,no,no,no,0.068639053254438,0.05188679245283,0.099260823653643,0.073262223120304
Mercer,048579,Parkway Local,029272,Parkway Middle School,5-8,Open,no,no,no,no,no,no,no,no,0.127134724857685,0.122043519394513,0.117272727272727,0.122150323841642
Mercer,048579,Parkway Local,029280,Parkway High School,9-12,Open,no,no,no,no,no,no,no,no,0.127134724857685,0.122043519394513,0.117272727272727,0.122150323841642
Mercer,048579,Parkway Local,114652,Parkway Elementary School,K-4;P,Open,no,no,no,no,no,no,no,no,0.127134724857685,0.122043519394513,0.117272727272727,0.122150323841642
Mercer,048587,St Henry Consolidated Local,035634,St Henry Elementary School,K-4;P,Open,no,no,no,no,no,no,no,no,0.03411513859275,0.036093418259023,0.022110552763819,0.030773036538531
Mercer,048587,St Henry Consolidated Local,035642,St Henry Middle School,5-8,Open,no,no,no,no,no,no,no,no,0.03411513859275,0.036093418259023,0.022110552763819,0.030773036538531
Mercer,048587,St Henry Consolidated Local,035659,St Henry High School,9-12,Open,no,no,no,no,no,no,no,no,0.03411513859275,0.036093418259023,0.022110552763819,0.030773036538531
Mercer,048595,Fort Recovery Local,009324,Fort Recovery Middle School,6-8,Open,no,no,no,no,no,no,no,no,0.053304904051173,0.055260361317747,0.04040404040404,0.049656435257653
Mercer,048595,Fort Recovery Local,012674,Fort Recovery High School,9-12,Open,no,no,no,no,no,no,no,no,0.053304904051173,0.055260361317747,0.04040404040404,0.049656435257653
Mercer,048595,Fort Recovery Local,040311,Fort Recovery Elementary School,K-5;P,Open,no,no,no,no,no,no,no,no,0.053304904051173,0.055260361317747,0.04040404040404,0.049656435257653
Miami,044644,Piqua City,016089,Washington Primary Elementary School,K-3,Open,no,no,no,no,no,no,no,no,0.167899408284024,0.167361963190184,0.165947729002791,0.167069700159
Miami,044644,Piqua City,030098,Piqua High School,9-12,Open,no,no,no,no,no,no,no,no,0.167899408284024,0.167361963190184,0.165947729002791,0.167069700159
Miami,044644,Piqua City,035428,Springcreek Primary Elementary School,K-3,Open,no,no,no,no,no,no,no,no,0.167899408284024,0.167361963190184,0.165947729002791,0.167069700159
Miami,044644,Piqua City,041269,Piqua Central Intermediate School,4-6,Open,no,no,no,no,no,no,no,no,0.167899408284024,0.167361963190184,0.165947729002791,0.167069700159
Miami,044644,Piqua City,137463,Piqua Junior High School,7-8,Open,no,no,no,no,no,no,no,no,0.167899408284024,0.167361963190184,0.165947729002791,0.167069700159
Miami,044925,Troy City,007161,Concord Elementary School,K-5,Open,no,no,no,no,no,no,no,no,0.102468212415856,0.099384672757785,0.113356428021555,0.105069771065065
Miami,044925,Troy City,007294,Cookson Elementary School,K-5,Open,no,no,no,no,no,no,no,no,0.102468212415856,0.099384672757785,0.113356428021555,0.105069771065065
Miami,044925,Troy City,011924,Forest Elementary School,3-5,Open,no,no,no,no,no,no,no,no,0.102468212415856,0.099384672757785,0.113356428021555,0.105069771065065
Miami,044925,Troy City,015990,Heywood Elementary School,K-5,Open,no,no,no,no,no,no,no,no,0.102468212415856,0.099384672757785,0.113356428021555,0.105069771065065
Miami,044925,Troy City,016725,Hook Elementary School,K-5,Open,no,no,no,no,no,no,no,no,0.102468212415856,0.099384672757785,0.113356428021555,0.105069771065065
Miami,044925,Troy City,019372,Kyle Elementary School,K-2,Open,no,no,no,no,no,no,no,no,0.102468212415856,0.099384672757785,0.113356428021555,0.105069771065065
Miami,044925,Troy City,037598,Troy High School,9-12,Open,no,no,no,no,no,no,no,no,0.102468212415856,0.099384672757785,0.113356428021555,0.105069771065065
Miami,044925,Troy City,065292,Troy Junior High School,7-8,Open,no,no,no,no,no,no,no,no,0.102468212415856,0.099384672757785,0.113356428021555,0.105069771065065
Miami,044925,Troy City,066498,Van Cleve Elementary School,6,Open,no,no,no,no,no,no,no,no,0.102468212415856,0.099384672757785,0.113356428021555,0.105069771065065
Miami,045229,Bradford Exempted Village,003368,Bradford Elementary School,K-5,Open,no,no,no,no,no,no,no,no,0.137285491419657,0.112324492979719,0.138047138047138,0.129219040815505
Miami,045229,Bradford Exempted Village,003376,Bradford High School,6-12,Open,no,no,no,no,no,no,no,no,0.137285491419657,0.112324492979719,0.138047138047138,0.129219040815505
Miami,045336,Covington Exempted Village,007526,Covington Elementary School,K-5,Open,no,no,no,no,no,no,no,no,0.107258938244854,0.080906148867314,0.106904231625835,0.098356439579334
Miami,045336,Covington Exempted Village,007534,Covington High School,9-12,Open,no,no,no,no,no,no,no,no,0.107258938244854,0.080906148867314,0.106904231625835,0.098356439579334
Miami,045336,Covington Exempted Village,066282,Covington Middle School,6-8,Open,no,no,no,no,no,no,no,no,0.107258938244854,0.080906148867314,0.106904231625835,0.098356439579334
Miami,045518,Milton-Union Exempted Village,024976,Milton-Union Middle School,6-8,Open,no,no,no,no,no,no,no,no,0.11547619047619,0.105450236966825,0.12761780104712,0.116181409496712
Miami,045518,Milton-Union Exempted Village,024984,Milton-Union High School,9-12,Open,no,no,no,no,no,no,no,no,0.11547619047619,0.105450236966825,0.12761780104712,0.116181409496712
Miami,045518,Milton-Union Exempted Village,024992,Milton-Union Elementary School,K-5,Open,no,no,no,no,no,no,no,no,0.11547619047619,0.105450236966825,0.12761780104712,0.116181409496712
Miami,045617,Tipp City Exempted Village,003707,Broadway Elementary School,2-3,Open,no,no,no,no,no,no,no,no,0.051994301994302,0.050336760014179,0.05306561491574,0.051798892308074
Miami,045617,Tipp City Exempted Village,026591,Nevin Coppock Elementary School,K-1,Open,no,no,no,no,no,no,no,no,0.051994301994302,0.050336760014179,0.05306561491574,0.051798892308074
Miami,045617,Tipp City Exempted Village,037283,L. T. Ball Intermediate School,4-5,Open,no,no,no,no,no,no,no,no,0.051994301994302,0.050336760014179,0.05306561491574,0.051798892308074
Miami,045617,Tipp City Exempted Village,037291,Tippecanoe High School,9-12,Open,no,no,no,no,no,no,no,no,0.051994301994302,0.050336760014179,0.05306561491574,0.051798892308074
Miami,045617,Tipp City Exempted Village,066464,Tippecanoe Middle School,6-8,Open,no,no,no,no,no,no,no,no,0.051994301994302,0.050336760014179,0.05306561491574,0.051798892308074
Miami,048611,Bethel Local,002543,Bethel Elementary School,K-5,Open,no,no,no,no,no,no,no,no,0.0625,0.079591836734694,0.067580803134182,0.069890879956292
Miami,048611,Bethel Local,002576,Bethel High School,9-12,Open,no,no,no,no,no,no,no,no,0.0625,0.079591836734694,0.067580803134182,0.069890879956292
Miami,048611,Bethel Local,068080,Bethel Middle School,6-8,Open,no,no,no,no,no,no,no,no,0.0625,0.079591836734694,0.067580803134182,0.069890879956292
Miami,048629,Miami East Local,010207,Miami East Elementary,K-5,Open,no,no,no,no,no,no,no,no,0.07920059215396,0.054532056005895,0.050607287449393,0.061446645203083
Miami,048629,Miami East Local,024364,Miami East Junior High School,6-8,Open,no,no,no,no,no,no,no,no,0.07920059215396,0.054532056005895,0.050607287449393,0.061446645203083
Miami,048629,Miami East Local,024372,Miami East High School,9-12,Open,no,no,no,no,no,no,no,no,0.07920059215396,0.054532056005895,0.050607287449393,0.061446645203083
Miami,048637,Newton Local,027110,Newton Elementary School,K-6,Open,no,no,no,no,no,no,no,no,0.116504854368932,0.082258064516129,0.043545878693624,0.080769599192895
Miami,048637,Newton Local,027169,Newton High School,7-12,Open,no,no,no,no,no,no,no,no,0.116504854368932,0.082258064516129,0.043545878693624,0.080769599192895
Monroe,048652,Switzerland of Ohio Local,001875,Beallsville Elementary School,K-6,Open,no,no,no,no,no,no,no,no,0.185616713539574,0.195921631347461,0.19918200408998,0.193573449659005
Monroe,048652,Switzerland of Ohio Local,001883,Beallsville High School,7-12;PS,Open,no,no,no,no,no,no,yes,no,0.185616713539574,0.195921631347461,0.19918200408998,0.193573449659005
Monroe,048652,Switzerland of Ohio Local,015107,River Elementary School,K-8,Open,no,no,no,no,no,no,no,no,0.185616713539574,0.195921631347461,0.19918200408998,0.193573449659005
Monroe,048652,Switzerland of Ohio Local,030643,Powhatan Elementary School,K-8,Open,no,no,no,no,no,no,no,no,0.185616713539574,0.195921631347461,0.19918200408998,0.193573449659005
Monroe,048652,Switzerland of Ohio Local,031856,River High School,9-12,Open,no,no,no,no,no,yes,no,no,0.185616713539574,0.195921631347461,0.19918200408998,0.193573449659005
Monroe,048652,Switzerland of Ohio Local,034678,Skyvue Elementary School,K-8,Open,no,no,no,no,no,no,no,no,0.185616713539574,0.195921631347461,0.19918200408998,0.193573449659005
Monroe,048652,Switzerland of Ohio Local,042077,Woodsfield Elementary School,K-8,Open,no,no,no,no,no,no,no,no,0.185616713539574,0.195921631347461,0.19918200408998,0.193573449659005
Monroe,048652,Switzerland of Ohio Local,042085,Monroe Central High School,9-12,Open,no,no,no,no,no,no,no,no,0.185616713539574,0.195921631347461,0.19918200408998,0.193573449659005
Montgomery,043737,Centerville City,005322,Centerville High School,9-12;SN,Open,no,no,no,no,no,no,no,no,0.064194008559201,0.060712328767123,0.067236071109345,0.064047469478557
Montgomery,043737,Centerville City,008789,Driscoll Elementary School,2-5,Open,no,no,no,no,no,no,no,no,0.064194008559201,0.060712328767123,0.067236071109345,0.064047469478557
Montgomery,043737,Centerville City,009220,Centerville Primary Village South,K-1;P,Open,no,no,no,no,no,no,no,no,0.064194008559201,0.060712328767123,0.067236071109345,0.064047469478557
Montgomery,043737,Centerville City,016543,Dr John Hole Elementary School,2-5,Open,no,no,no,no,no,no,no,no,0.064194008559201,0.060712328767123,0.067236071109345,0.064047469478557
Montgomery,043737,Centerville City,027342,Normandy Elementary School,2-5,Open,no,no,no,no,no,no,no,no,0.064194008559201,0.060712328767123,0.067236071109345,0.064047469478557
Montgomery,043737,Centerville City,036145,Stingley Elementary School,2-5,Open,no,no,no,no,no,no,no,no,0.064194008559201,0.060712328767123,0.067236071109345,0.064047469478557
Montgomery,043737,Centerville City,037416,Tower Heights Middle School,6-8,Open,no,no,no,no,no,no,no,no,0.064194008559201,0.060712328767123,0.067236071109345,0.064047469478557
Montgomery,043737,Centerville City,040196,Weller Elementary School,2-5,Open,no,no,no,no,no,no,no,no,0.064194008559201,0.060712328767123,0.067236071109345,0.064047469478557
Montgomery,043737,Centerville City,042655,Hadley E Watts Middle School,6-8,Open,no,no,no,no,no,no,no,no,0.064194008559201,0.060712328767123,0.067236071109345,0.064047469478557
Montgomery,043737,Centerville City,061218,Centerville Primary Village North,K-1;P,Open,no,no,no,no,no,no,no,no,0.064194008559201,0.060712328767123,0.067236071109345,0.064047469478557
Montgomery,043737,Centerville City,068379,W O Cline Elementary School,2-5,Open,no,no,no,no,no,no,no,no,0.064194008559201,0.060712328767123,0.067236071109345,0.064047469478557
Montgomery,043737,Centerville City,070060,Magsig Middle School,6-8,Open,no,no,no,no,no,no,no,no,0.064194008559201,0.060712328767123,0.067236071109345,0.064047469478557
Montgomery,043844,Dayton City,000884,Charity Adams Earley Girls Academy,P;K-8,Open,yes,no,yes,no,yes,yes,yes,yes,0.362346178029282,0.345362214632393,0.366300366300366,0.358002919654014
Montgomery,043844,Dayton City,002196,Belle Haven Elementary School,K-6;P,Open,yes,no,yes,no,yes,yes,yes,yes,0.362346178029282,0.345362214632393,0.366300366300366,0.358002919654014
Montgomery,043844,Dayton City,002303,Belmont High School,7-12,Open,yes,no,yes,no,yes,yes,yes,yes,0.362346178029282,0.345362214632393,0.366300366300366,0.358002919654014
Montgomery,043844,Dayton City,004952,Louise Troy Elementary School,K-6;P,Open,yes,no,yes,no,yes,yes,yes,yes,0.362346178029282,0.345362214632393,0.366300366300366,0.358002919654014
Montgomery,043844,Dayton City,006643,Cleveland Elementary School,K-6;P,Open,yes,no,yes,no,yes,yes,yes,yes,0.362346178029282,0.345362214632393,0.366300366300366,0.358002919654014
Montgomery,043844,Dayton City,006841,Thurgood Marshall High School,9-12,Open,yes,no,yes,no,yes,yes,yes,yes,0.362346178029282,0.345362214632393,0.366300366300366,0.358002919654014
Montgomery,043844,Dayton City,008821,Dunbar Early College High School,9-12,Open,yes,no,yes,no,yes,yes,yes,yes,0.362346178029282,0.345362214632393,0.366300366300366,0.358002919654014
Montgomery,043844,Dayton City,009647,Eastmont Elementary School,K-6;P,Open,no,no,no,no,no,yes,no,yes,0.362346178029282,0.345362214632393,0.366300366300366,0.358002919654014
Montgomery,043844,Dayton City,010033,Edison Elementary School,K-6;P,Open,yes,no,yes,no,yes,yes,yes,yes,0.362346178029282,0.345362214632393,0.366300366300366,0.358002919654014
Montgomery,043844,Dayton City,010811,Ruskin Elementary School,K-6;P,Open,yes,no,yes,no,yes,yes,yes,yes,0.362346178029282,0.345362214632393,0.366300366300366,0.358002919654014
Montgomery,043844,Dayton City,011262,Fairview Elementary School,K-6;P,Open,yes,no,yes,no,yes,yes,yes,yes,0.362346178029282,0.345362214632393,0.366300366300366,0.358002919654014
Montgomery,043844,Dayton City,012112,River's Edge Montessori Elementary School,K-6;P,Open,yes,no,yes,no,yes,yes,yes,yes,0.362346178029282,0.345362214632393,0.366300366300366,0.358002919654014
Montgomery,043844,Dayton City,016840,Horace Mann Elementary School,K-6;P,Open,yes,no,yes,no,yes,yes,yes,yes,0.362346178029282,0.345362214632393,0.366300366300366,0.358002919654014
Montgomery,043844,Dayton City,018119,Westwood Elementary School,K-6;P,Open,yes,no,yes,no,yes,yes,yes,yes,0.362346178029282,0.345362214632393,0.366300366300366,0.358002919654014
Montgomery,043844,Dayton City,018671,Kemp Elementary School,K-6;P,Open,yes,no,yes,no,yes,yes,yes,yes,0.362346178029282,0.345362214632393,0.366300366300366,0.358002919654014
Montgomery,043844,Dayton City,019266,Mound Street Academy,9-12,Open,yes,no,yes,no,yes,yes,yes,yes,0.362346178029282,0.345362214632393,0.366300366300366,0.358002919654014
Montgomery,043844,Dayton City,020246,The International School,K-12;P,Open,no,no,no,no,no,,yes,yes,0.362346178029282,0.345362214632393,0.366300366300366,0.358002919654014
Montgomery,043844,Dayton City,023978,Valerie Elementary School,K-6;P,Open,yes,no,yes,no,yes,yes,yes,yes,0.362346178029282,0.345362214632393,0.366300366300366,0.358002919654014
Montgomery,043844,Dayton City,023986,Meadowdale High School,9-12,Open,yes,no,yes,no,yes,yes,yes,yes,0.362346178029282,0.345362214632393,0.366300366300366,0.358002919654014
Montgomery,043844,Dayton City,028795,Wright Brothers Middle School,7-8,Open,yes,no,yes,no,yes,yes,yes,yes,0.362346178029282,0.345362214632393,0.366300366300366,0.358002919654014
Montgomery,043844,Dayton City,036152,Stivers School For The Arts,7-12,Open,no,no,no,no,no,no,no,yes,0.362346178029282,0.345362214632393,0.366300366300366,0.358002919654014
Montgomery,043844,Dayton City,038257,Edwin Joel Brown Middle School,7-8,Open,yes,no,yes,no,yes,yes,yes,yes,0.362346178029282,0.345362214632393,0.366300366300366,0.358002919654014
Montgomery,043844,Dayton City,040121,Kiser Elementary School,K-6;P,Open,yes,no,yes,no,yes,yes,yes,yes,0.362346178029282,0.345362214632393,0.366300366300366,0.358002919654014
Montgomery,043844,Dayton City,041921,Wogaman Middle School,7-8,Open,yes,no,yes,no,yes,yes,yes,yes,0.362346178029282,0.345362214632393,0.366300366300366,0.358002919654014
Montgomery,043844,Dayton City,066795,David H. Ponitz Career Technology Center,9-12,Open,yes,no,yes,no,yes,yes,yes,yes,0.362346178029282,0.345362214632393,0.366300366300366,0.358002919654014
Montgomery,043844,Dayton City,133603,Roosevelt Elementary School,K-6;P,Open,yes,no,yes,no,yes,yes,yes,yes,0.362346178029282,0.345362214632393,0.366300366300366,0.358002919654014
Montgomery,044180,Kettering City School District,001982,Beavertown Elementary School,K-5;P,Open,no,no,no,no,no,no,no,no,0.127297565822156,0.12078373015873,0.140800719748088,0.129627338576325
Montgomery,044180,Kettering City School District,014563,Greenmont Elementary School,K-5;P,Open,no,no,no,no,no,no,no,no,0.127297565822156,0.12078373015873,0.140800719748088,0.129627338576325
Montgomery,044180,Kettering City School District,017350,Indian Riffle Elementary School,K-5;P,Open,no,no,no,no,no,no,no,no,0.127297565822156,0.12078373015873,0.140800719748088,0.129627338576325
Montgomery,044180,Kettering City School District,018747,J F Kennedy Elementary School,K-5;P,Open,no,no,no,no,no,no,no,no,0.127297565822156,0.12078373015873,0.140800719748088,0.129627338576325
Montgomery,044180,Kettering City School District,018911,Kettering Middle School,6-8,Open,no,no,no,no,no,no,no,no,0.127297565822156,0.12078373015873,0.140800719748088,0.129627338576325
Montgomery,044180,Kettering City School District,018929,Kettering Fairmont High School,9-12,Open,no,no,no,no,no,no,no,no,0.127297565822156,0.12078373015873,0.140800719748088,0.129627338576325
Montgomery,044180,Kettering City School District,028324,Oakview Elementary School,K-5;P,Open,no,no,no,no,no,no,no,no,0.127297565822156,0.12078373015873,0.140800719748088,0.129627338576325
Montgomery,044180,Kettering City School District,028753,Orchard Park Elementary School,K-5,Open,no,no,no,no,no,no,no,no,0.127297565822156,0.12078373015873,0.140800719748088,0.129627338576325
Montgomery,044180,Kettering City School District,030692,Prass Elementary School,K-5,Open,no,no,no,no,no,no,no,no,0.127297565822156,0.12078373015873,0.140800719748088,0.129627338576325
Montgomery,044180,Kettering City School District,035147,Southdale Elementary School,K-5,Open,no,no,no,no,no,no,no,no,0.127297565822156,0.12078373015873,0.140800719748088,0.129627338576325
Montgomery,044180,Kettering City School District,038224,Van Buren Middle School,6-8,Open,no,no,no,no,no,no,no,no,0.127297565822156,0.12078373015873,0.140800719748088,0.129627338576325
Montgomery,044396,Miamisburg City,001776,Bauer Elementary School,K-5,Open,no,no,no,no,no,no,no,no,0.135558039278301,0.134790237677461,0.142673315103748,0.137673864019836
Montgomery,044396,Miamisburg City,001891,Bear Elementary School,K-5,Open,no,no,no,no,no,no,no,no,0.135558039278301,0.134790237677461,0.142673315103748,0.137673864019836
Montgomery,044396,Miamisburg City,011993,Jane Chance Elementary,K-5,Open,no,no,no,no,no,no,no,no,0.135558039278301,0.134790237677461,0.142673315103748,0.137673864019836
Montgomery,044396,Miamisburg City,019034,Kinder Elementary School,K-5,Open,no,no,no,no,no,no,no,no,0.135558039278301,0.134790237677461,0.142673315103748,0.137673864019836
Montgomery,044396,Miamisburg City,022905,Mark Twain Elementary School,K-5,Open,no,no,no,no,no,no,no,no,0.135558039278301,0.134790237677461,0.142673315103748,0.137673864019836
Montgomery,044396,Miamisburg City,024422,Miamisburg High School,9-12,Open,no,no,no,no,no,no,no,no,0.135558039278301,0.134790237677461,0.142673315103748,0.137673864019836
Montgomery,044396,Miamisburg City,025668,Mound Elementary School,K-5,Open,no,no,no,no,no,no,no,no,0.135558039278301,0.134790237677461,0.142673315103748,0.137673864019836
Montgomery,044396,Miamisburg City,039156,Miamisburg Middle School,6-8,Open,no,no,no,no,no,no,no,no,0.135558039278301,0.134790237677461,0.142673315103748,0.137673864019836
Montgomery,044396,Miamisburg City,136598,Medlar View Elementary School,K-5,Open,no,no,no,no,no,no,no,no,0.135558039278301,0.134790237677461,0.142673315103748,0.137673864019836
Montgomery,044586,Oakwood City,015289,Harman Elementary School,1-6,Open,no,no,no,no,no,no,no,no,0.077245230339693,0.067379182156134,0.030554343081624,0.058392918525817
Montgomery,044586,Oakwood City,028373,Oakwood High School,9-12,Open,no,no,no,no,no,no,no,no,0.077245230339693,0.067379182156134,0.030554343081624,0.058392918525817
Montgomery,044586,Oakwood City,034694,Smith Elementary School,K-6;P,Open,no,no,no,no,no,no,no,no,0.077245230339693,0.067379182156134,0.030554343081624,0.058392918525817
Montgomery,044586,Oakwood City,093195,Oakwood Junior High School,7-8,Open,no,no,no,no,no,no,no,no,0.077245230339693,0.067379182156134,0.030554343081624,0.058392918525817
Montgomery,044586,Oakwood City,138826,Julian & Marjorie Lange School Elementary School,K,Open,no,no,no,no,no,no,no,no,0.077245230339693,0.067379182156134,0.030554343081624,0.058392918525817
Montgomery,044958,Vandalia-Butler City,004416,Butler High School,9-12,Open,no,no,no,no,no,no,no,no,0.110777626193724,0.113079019073569,0.120042305658382,0.114632983641892
Montgomery,044958,Vandalia-Butler City,008375,Demmitt Elementary School,K-3,Open,no,no,no,no,no,no,no,no,0.110777626193724,0.113079019073569,0.120042305658382,0.114632983641892
Montgomery,044958,Vandalia-Butler City,014054,Smith Middle School,4-5,Open,no,no,no,no,no,no,no,no,0.110777626193724,0.113079019073569,0.120042305658382,0.114632983641892
Montgomery,044958,Vandalia-Butler City,025619,Morton Middle School,6-8,Open,no,no,no,no,no,no,no,no,0.110777626193724,0.113079019073569,0.120042305658382,0.114632983641892
Montgomery,044958,Vandalia-Butler City,061382,Helke Elementary School,K-5,Open,no,no,no,no,no,no,no,no,0.110777626193724,0.113079019073569,0.120042305658382,0.114632983641892
Montgomery,045054,West Carrollton City,016584,West Carrollton Intermediate School,5-6,Open,no,no,no,no,no,no,no,yes,0.202216066481994,0.191853155644959,0.206054439074027,0.200041220400327
Montgomery,045054,West Carrollton City,033027,Harry Russell Elementary School,4,Open,no,no,no,no,no,no,no,yes,0.202216066481994,0.191853155644959,0.206054439074027,0.200041220400327
Montgomery,045054,West Carrollton City,034074,West Carrollton Early Childhood Center,K-1;P,Open,no,no,no,no,no,no,no,yes,0.202216066481994,0.191853155644959,0.206054439074027,0.200041220400327
Montgomery,045054,West Carrollton City,038117,Harold Schnell Elementary School,2-3,Open,no,no,no,no,no,no,no,yes,0.202216066481994,0.191853155644959,0.206054439074027,0.200041220400327
Montgomery,045054,West Carrollton City,038588,West Carrollton High School,9-12,Open,no,no,no,no,no,no,yes,yes,0.202216066481994,0.191853155644959,0.206054439074027,0.200041220400327
Montgomery,045054,West Carrollton City,038596,West Carrollton Middle School,7-8,Open,yes,no,yes,no,yes,yes,yes,yes,0.202216066481994,0.191853155644959,0.206054439074027,0.200041220400327
Montgomery,048678,Brookville Local,003863,Brookville High School,9-12,Open,no,no,no,no,no,no,no,no,0.0880303989867,0.093611638203669,0.106925880923451,0.09618930603794
Montgomery,048678,Brookville Local,040600,Brookville Elementary School,K-3;P,Open,no,no,no,no,no,no,no,no,0.0880303989867,0.093611638203669,0.106925880923451,0.09618930603794
Montgomery,048678,Brookville Local,043380,Brookville Intermediate School,4-8,Open,no,no,no,no,no,no,no,no,0.0880303989867,0.093611638203669,0.106925880923451,0.09618930603794
Montgomery,048686,Jefferson Township Local,002824,Blairwood Elementary School,K-6,Open,yes,no,yes,no,yes,yes,yes,yes,0.266749379652605,0.259305210918114,0.290743155149935,0.272265915240218
Montgomery,048686,Jefferson Township Local,018150,Jefferson Jr./Sr. High School,7-12,Open,yes,no,yes,no,yes,yes,yes,yes,0.266749379652605,0.259305210918114,0.290743155149935,0.272265915240218
Montgomery,048694,Trotwood-Madison City,009224,Madison Park Elementary,2-3,Open,yes,no,yes,no,yes,yes,yes,yes,0.341775836972343,0.318604651162791,0.350295857988166,0.336892115374433
Montgomery,048694,Trotwood-Madison City,013322,Westbrooke Village,3-5,Open,yes,no,yes,no,yes,yes,yes,yes,0.341775836972343,0.318604651162791,0.350295857988166,0.336892115374433
Montgomery,048694,Trotwood-Madison City,013957,Trotwood-Madison Middle School,6-8,Open,yes,no,yes,no,yes,yes,yes,yes,0.341775836972343,0.318604651162791,0.350295857988166,0.336892115374433
Montgomery,048694,Trotwood-Madison City,019677,RAM Nation Virtual Academy,K;1-12;SN,Open,yes,no,yes,no,yes,yes,yes,yes,0.341775836972343,0.318604651162791,0.350295857988166,0.336892115374433
Montgomery,048694,Trotwood-Madison City,022186,Trotwood-Madison High School,9-12,Open,yes,no,yes,no,yes,yes,yes,yes,0.341775836972343,0.318604651162791,0.350295857988166,0.336892115374433
Montgomery,048694,Trotwood-Madison City,028571,Trotwood-Madison Early Learning Center,K-1;P,Open,yes,no,yes,no,yes,yes,yes,yes,0.341775836972343,0.318604651162791,0.350295857988166,0.336892115374433
Montgomery,048702,Mad River Local,002667,Beverly Gardens Elementary School,K-4,Open,no,no,no,no,no,no,no,no,0.186555075593953,0.176867080075492,0.195908071748879,0.186443409139441
Montgomery,048702,Mad River Local,003442,Brantwood Elementary School,K-4,Open,no,no,no,no,no,no,no,no,0.186555075593953,0.176867080075492,0.195908071748879,0.186443409139441
Montgomery,048702,Mad River Local,015461,Virginia Stevenson Elementary School,K-4,Open,no,no,no,no,no,no,no,no,0.186555075593953,0.176867080075492,0.195908071748879,0.186443409139441
Montgomery,048702,Mad River Local,019625,Mad River Local Schools Remote Learning Center,K-12,Open,no,no,no,no,yes,yes,yes,no,0.186555075593953,0.176867080075492,0.195908071748879,0.186443409139441
Montgomery,048702,Mad River Local,021931,Spinning Hills Middle School (5-6),5-6,Open,no,no,no,no,no,no,no,no,0.186555075593953,0.176867080075492,0.195908071748879,0.186443409139441
Montgomery,048702,Mad River Local,033647,Saville Elementary School,K-4,Open,no,no,no,no,no,no,no,no,0.186555075593953,0.176867080075492,0.195908071748879,0.186443409139441
Montgomery,048702,Mad River Local,035956,Stebbins High School,9-12,Open,no,no,no,no,no,no,no,no,0.186555075593953,0.176867080075492,0.195908071748879,0.186443409139441
Montgomery,048702,Mad River Local,043398,Mad River Middle School,7-8,Open,no,no,no,no,no,no,yes,no,0.186555075593953,0.176867080075492,0.195908071748879,0.186443409139441
Montgomery,048710,New Lebanon Local School District,008532,Dixie High School,9-12,Open,no,no,no,no,no,no,no,yes,0.22046511627907,0.193308550185874,0.192131747483989,0.201968471316311
Montgomery,048710,New Lebanon Local School District,026773,Dixie Elementary School,K-4;P,Open,no,no,no,no,no,no,no,yes,0.22046511627907,0.193308550185874,0.192131747483989,0.201968471316311
Montgomery,048710,New Lebanon Local School District,026781,Dixie Middle School,5-8,Open,no,no,no,no,no,no,no,yes,0.22046511627907,0.193308550185874,0.192131747483989,0.201968471316311
Montgomery,048728,Northmont City,010595,Englewood Elementary School,2-6,Closed,no,no,no,no,no,no,no,no,0.100429922613929,0.092907436029538,0.103962131837307,0.099099830160258
Montgomery,048728,Northmont City,010603,Englewood Hills Elementary School,2-6,Open,no,no,no,no,no,no,no,no,0.100429922613929,0.092907436029538,0.103962131837307,0.099099830160258
Montgomery,048728,Northmont City,013126,Kleptz Early Childhood Learning Center,K-1;P,Open,no,no,no,no,no,no,no,no,0.100429922613929,0.092907436029538,0.103962131837307,0.099099830160258
Montgomery,048728,Northmont City,027698,Northmont High School,9-12,Open,no,no,no,no,no,no,no,no,0.100429922613929,0.092907436029538,0.103962131837307,0.099099830160258
Montgomery,048728,Northmont City,027706,Northmont Middle School,7-8,Open,no,no,no,no,no,no,no,no,0.100429922613929,0.092907436029538,0.103962131837307,0.099099830160258
Montgomery,048728,Northmont City,027714,Northmoor Elementary School,2-6,Open,no,no,no,no,no,no,no,no,0.100429922613929,0.092907436029538,0.103962131837307,0.099099830160258
Montgomery,048728,Northmont City,037754,Union Elementary School,2-6,Open,no,no,no,no,no,no,no,no,0.100429922613929,0.092907436029538,0.103962131837307,0.099099830160258
Montgomery,048728,Northmont City,061507,Northwood Elementary School,2-6,Open,no,no,no,no,no,no,no,no,0.100429922613929,0.092907436029538,0.103962131837307,0.099099830160258
Montgomery,048736,Northridge Local,013995,NORTHRIDGE MIDDLE SCHOOL,6-8,Open,yes,no,yes,no,yes,yes,yes,yes,0.433676559660812,0.371376811594203,0.4270765206017,0.410709963952238
Montgomery,048736,Northridge Local,025577,Northridge Elementary School,K-5;P,Open,yes,no,yes,no,yes,yes,yes,yes,0.433676559660812,0.371376811594203,0.4270765206017,0.410709963952238
Montgomery,048736,Northridge Local,027763,Northridge High School,9-12,Open,yes,no,yes,no,yes,yes,yes,yes,0.433676559660812,0.371376811594203,0.4270765206017,0.410709963952238
Montgomery,048744,Valley View Local,011395,Valley View Intermediate School,P;4-6,Open,no,no,no,no,no,no,no,no,0.106297229219144,0.104124748490946,0.117948717948718,0.109456898552936
Montgomery,048744,Valley View Local,013359,Valley View Primary School,K-3,Open,no,no,no,no,no,no,no,no,0.106297229219144,0.104124748490946,0.117948717948718,0.109456898552936
Montgomery,048744,Valley View Local,013367,Valley View Junior High School,7-8,Open,no,no,no,no,no,no,no,no,0.106297229219144,0.104124748490946,0.117948717948718,0.109456898552936
Montgomery,048744,Valley View Local,038174,Valley View High School,9-12,Open,no,no,no,no,no,no,no,no,0.106297229219144,0.104124748490946,0.117948717948718,0.109456898552936
Montgomery,048751,Huber Heights City,024273,Wright Brothers Elementary School,K-6,Open,no,no,no,no,no,no,yes,no,0.162736813411476,0.151878062057703,0.157737691577377,0.157450855682185
Montgomery,048751,Huber Heights City,025403,Monticello Elementary School,K-6,Open,no,no,no,no,no,no,no,no,0.162736813411476,0.151878062057703,0.157737691577377,0.157450855682185
Montgomery,048751,Huber Heights City,032961,Rushmore Elementary School,K-6,Open,no,no,no,no,no,no,no,no,0.162736813411476,0.151878062057703,0.157737691577377,0.157450855682185
Montgomery,048751,Huber Heights City,040048,Wayne High School,9-12,Open,no,no,no,no,no,no,yes,no,0.162736813411476,0.151878062057703,0.157737691577377,0.157450855682185
Montgomery,048751,Huber Heights City,061523,Valley Forge Elementary School,K-6,Open,no,no,no,no,yes,yes,yes,no,0.162736813411476,0.151878062057703,0.157737691577377,0.157450855682185
Montgomery,048751,Huber Heights City,064618,Charles Huber Elementary School,K-6,Open,no,no,no,no,no,no,no,no,0.162736813411476,0.151878062057703,0.157737691577377,0.157450855682185
Montgomery,048751,Huber Heights City,066837,Weisenborn Junior High,7-8,Open,no,no,no,no,yes,yes,yes,no,0.162736813411476,0.151878062057703,0.157737691577377,0.157450855682185
Morgan,048777,Morgan Local,025544,Morgan High School,9-12,Open,no,no,no,no,no,no,no,no,0.198557692307692,0.171289537712895,0.224303797468354,0.198050342496314
Morgan,048777,Morgan Local,142158,Morgan Junior High School,7-8,Open,no,no,no,no,no,no,no,no,0.198557692307692,0.171289537712895,0.224303797468354,0.198050342496314
Morgan,048777,Morgan Local,142166,East Elementary School,K-6;P,Open,no,no,no,no,no,no,no,no,0.198557692307692,0.171289537712895,0.224303797468354,0.198050342496314
Morgan,048777,Morgan Local,142174,West Elementary School,K-6;P,Open,no,no,no,no,no,no,no,no,0.198557692307692,0.171289537712895,0.224303797468354,0.198050342496314
Morgan,048777,Morgan Local,142182,South Elementary School,K-6;P,Open,no,no,no,no,no,no,no,no,0.198557692307692,0.171289537712895,0.224303797468354,0.198050342496314
Morrow,045534,Mount Gilead Exempted Village,025783,Mt Gilead High School,9-12,Open,no,no,no,no,no,no,no,no,0.129992169146437,0.112709832134293,0.164016736401674,0.135572912560801
Morrow,045534,Mount Gilead Exempted Village,025791,Park Avenue Elementary School,K-5;P,Open,no,no,no,no,no,no,yes,no,0.129992169146437,0.112709832134293,0.164016736401674,0.135572912560801
Morrow,045534,Mount Gilead Exempted Village,025809,Mt Gilead Middle School,6-8,Open,no,no,no,no,no,no,no,no,0.129992169146437,0.112709832134293,0.164016736401674,0.135572912560801
Morrow,048793,Cardington-Lincoln Local,004861,Cardington-Lincoln High School,9-12,Open,no,no,no,no,no,no,no,no,0.131118881118881,0.122994652406417,0.163284132841328,0.139132555455542
Morrow,048793,Cardington-Lincoln Local,004879,Cardington-Lincoln Elementary School,K-4;P,Open,no,no,no,no,no,no,no,no,0.131118881118881,0.122994652406417,0.163284132841328,0.139132555455542
Morrow,048793,Cardington-Lincoln Local,110007,Cardington-Lincoln Middle School,5-8,Open,no,no,no,no,no,no,no,no,0.131118881118881,0.122994652406417,0.163284132841328,0.139132555455542
Morrow,048801,Highland Local,016162,Highland High School,9-12,Open,no,no,no,no,no,no,no,no,0.102241662110443,0.105908584169454,0.118900729108245,0.109016991796047
Morrow,048801,Highland Local,035295,Highland Middle School,6-8,Open,no,no,no,no,no,no,no,no,0.102241662110443,0.105908584169454,0.118900729108245,0.109016991796047
Morrow,048801,Highland Local,089649,Highland Elementary School,K-5;P,Open,no,no,no,no,no,no,no,no,0.102241662110443,0.105908584169454,0.118900729108245,0.109016991796047
Morrow,048819,Northmor Local,017269,Northmor Elementary School,K-6;P,Open,no,no,no,no,no,no,no,no,0.137426900584795,0.137853949329359,0.144631117604091,0.139970655839415
Morrow,048819,Northmor Local,027722,Northmor High School,7-12,Open,no,no,no,no,no,no,no,no,0.137426900584795,0.137853949329359,0.144631117604091,0.139970655839415
Muskingum,045179,Zanesville City,000831,National Road,K-6;P,Open,no,no,no,no,no,no,no,yes,0.327705827937095,0.305833139669998,0.328029948525971,0.320522972044355
Muskingum,045179,Zanesville City,025973,John McIntire Elementary School,K-6;P,Open,no,no,no,no,no,no,no,yes,0.327705827937095,0.305833139669998,0.328029948525971,0.320522972044355
Muskingum,045179,Zanesville City,032581,Zanesville Middle School,7-8,Open,yes,no,yes,no,yes,yes,yes,yes,0.327705827937095,0.305833139669998,0.328029948525971,0.320522972044355
Muskingum,045179,Zanesville City,041582,Zane Grey Elementary School,K-6;P,Open,no,no,no,no,no,yes,no,yes,0.327705827937095,0.305833139669998,0.328029948525971,0.320522972044355
Muskingum,045179,Zanesville City,042598,Zanesville High School,9-12,Open,yes,no,yes,no,yes,yes,yes,yes,0.327705827937095,0.305833139669998,0.328029948525971,0.320522972044355
Muskingum,048835,East Muskingum Local,013656,John Glenn High School,9-12,Open,no,no,no,no,no,no,no,no,0.14590570719603,0.132901941264311,0.120287253141831,0.133031633867391
Muskingum,048835,East Muskingum Local,026690,New Concord Elementary School,K-2,Open,no,no,no,no,no,no,no,no,0.14590570719603,0.132901941264311,0.120287253141831,0.133031633867391
Muskingum,048835,East Muskingum Local,029678,Perry Elementary School,K-2,Open,no,no,no,no,no,no,no,no,0.14590570719603,0.132901941264311,0.120287253141831,0.133031633867391
Muskingum,048835,East Muskingum Local,029959,Pike Elementary School,K-2,Open,no,no,no,no,no,no,no,no,0.14590570719603,0.132901941264311,0.120287253141831,0.133031633867391
Muskingum,048835,East Muskingum Local,067835,East Muskingum Middle School,6-8,Open,no,no,no,no,no,no,no,no,0.14590570719603,0.132901941264311,0.120287253141831,0.133031633867391
Muskingum,048835,East Muskingum Local,152280,Larry Miller Intermediate Elementary School,3-5,Open,no,no,no,no,no,no,no,no,0.14590570719603,0.132901941264311,0.120287253141831,0.133031633867391
Muskingum,048843,Franklin Local,008839,Duncan Falls Elementary School,K-5;P,Open,no,no,no,no,no,no,no,no,0.161638901395768,0.14485559566787,0.177434030937216,0.161309509333618
Muskingum,048843,Franklin Local,008847,Philo Junior High School,6-8,Open,no,no,no,no,no,no,no,no,0.161638901395768,0.14485559566787,0.177434030937216,0.161309509333618
Muskingum,048843,Franklin Local,017494,Franklin Local Community School,7-12,Open,no,no,no,no,yes,yes,yes,no,0.161638901395768,0.14485559566787,0.177434030937216,0.161309509333618
Muskingum,048843,Franklin Local,029843,Philo High School,9-12,Open,no,no,no,no,no,no,no,no,0.161638901395768,0.14485559566787,0.177434030937216,0.161309509333618
Muskingum,048843,Franklin Local,062224,Roseville Elementary School,K-6,Open,no,no,no,no,yes,yes,yes,no,0.161638901395768,0.14485559566787,0.177434030937216,0.161309509333618
Muskingum,048850,Maysville Local,023358,Maysville High School,9-12,Open,no,no,no,no,no,no,no,no,0.144492911668484,0.159016393442623,0.166380789022298,0.156630031377802
Muskingum,048850,Maysville Local,062232,Maysville Middle School,6-8,Open,no,no,no,no,no,no,no,no,0.144492911668484,0.159016393442623,0.166380789022298,0.156630031377802
Muskingum,048850,Maysville Local,145352,Maysville Elementary School,K-5,Open,no,no,no,no,no,no,no,no,0.144492911668484,0.159016393442623,0.166380789022298,0.156630031377802
Muskingum,048876,Tri-Valley Local,000117,Adamsville Elementary School,K-6;P,Open,no,no,no,no,no,no,no,no,0.139955569660425,0.131361323155216,0.197604790419162,0.156307227744934
Muskingum,048876,Tri-Valley Local,012419,Frazeysburg Elementary School,K-6;P,Open,no,no,no,no,no,no,no,no,0.139955569660425,0.131361323155216,0.197604790419162,0.156307227744934
Muskingum,048876,Tri-Valley Local,018069,Dresden Elementary School,K-6,Open,no,no,no,no,no,no,no,no,0.139955569660425,0.131361323155216,0.197604790419162,0.156307227744934
Muskingum,048876,Tri-Valley Local,026427,Nashport Elementary School,K-6,Open,no,no,no,no,no,no,no,no,0.139955569660425,0.131361323155216,0.197604790419162,0.156307227744934
Muskingum,048876,Tri-Valley Local,037515,Tri-Valley High School,9-12,Open,no,no,no,no,no,no,no,no,0.139955569660425,0.131361323155216,0.197604790419162,0.156307227744934
Muskingum,048876,Tri-Valley Local,067322,Tri-Valley Middle School,7-8,Open,no,no,no,no,no,no,no,no,0.139955569660425,0.131361323155216,0.197604790419162,0.156307227744934
Muskingum,048884,West Muskingum Local,008508,West Muskingum Elementary School,K-4,Open,no,no,no,no,no,no,no,no,0.177173913043478,0.161764705882353,0.16632548618219,0.168421368369341
Muskingum,048884,West Muskingum Local,038836,West Muskingum High School,9-12,Open,no,no,no,no,no,no,no,no,0.177173913043478,0.161764705882353,0.16632548618219,0.168421368369341
Muskingum,048884,West Muskingum Local,067850,West Muskingum Middle School,5-8,Open,no,no,no,no,no,no,no,no,0.177173913043478,0.161764705882353,0.16632548618219,0.168421368369341
Noble,045252,Caldwell Exempted Village,004556,Caldwell High School,9-12,Open,no,no,no,no,no,no,no,no,0.155172413793104,0.153763440860215,0.167800453514739,0.158912102722686
Noble,045252,Caldwell Exempted Village,004564,Caldwell Elementary School,K-8,Open,no,no,no,no,no,no,no,no,0.155172413793104,0.153763440860215,0.167800453514739,0.158912102722686
Noble,048900,Noble Local,034314,Shenandoah High School,9-12,Open,no,no,no,no,no,no,no,no,0.136078782452999,0.147058823529412,0.174288179465056,0.152475261815822
Noble,048900,Noble Local,091363,Shenandoah Elementary School,P;K-8,Open,no,no,no,no,no,no,no,no,0.136078782452999,0.147058823529412,0.174288179465056,0.152475261815822
Ottawa,044651,Port Clinton City,001685,Bataan Memorial Primary School,K-2;P,Open,no,no,no,no,no,no,no,no,0.163069544364508,0.134382566585956,0.17707701637356,0.158176375774675
Ottawa,044651,Port Clinton City,018093,Bataan Memorial Intermediate School,3-5,Open,no,no,no,no,no,no,no,no,0.163069544364508,0.134382566585956,0.17707701637356,0.158176375774675
Ottawa,044651,Port Clinton City,030833,Port Clinton Middle School,6-8,Open,no,no,no,no,no,no,no,no,0.163069544364508,0.134382566585956,0.17707701637356,0.158176375774675
Ottawa,044651,Port Clinton City,030841,Port Clinton High School,9-12,Open,no,no,no,no,no,no,no,no,0.163069544364508,0.134382566585956,0.17707701637356,0.158176375774675
Ottawa,048926,Benton Carroll Salem Local,028183,Oak Harbor High School,7-12,Open,no,no,no,no,no,no,no,no,0.102258469259724,0.077946768060837,0.100632911392405,0.093612716237655
Ottawa,048926,Benton Carroll Salem Local,030973,R C Waters Elementary School,K-3,Open,no,no,no,no,no,no,no,no,0.102258469259724,0.077946768060837,0.100632911392405,0.093612716237655
Ottawa,048926,Benton Carroll Salem Local,067843,Oak Harbor Middle School,4-6,Open,no,no,no,no,no,no,no,no,0.102258469259724,0.077946768060837,0.100632911392405,0.093612716237655
Ottawa,048934,Danbury Local,008045,Danbury Elementary School,K-5;P,Open,no,no,no,no,no,no,no,no,0.118712273641851,0.101626016260163,0.121681415929204,0.114006568610406
Ottawa,048934,Danbury Local,008052,Danbury High School,9-12,Open,no,no,no,no,no,no,no,no,0.118712273641851,0.101626016260163,0.121681415929204,0.114006568610406
Ottawa,048934,Danbury Local,010244,Danbury Middle School,6-8,Open,no,no,no,no,no,no,no,no,0.118712273641851,0.101626016260163,0.121681415929204,0.114006568610406
Ottawa,048942,Genoa Area Local,000356,Genoa Elementary,K-5,Open,no,no,no,no,no,no,no,no,0.071428571428571,0.065882352941177,0.070631970260223,0.06931429820999
Ottawa,048942,Genoa Area Local,013243,Genoa Area High School,9-12,Open,no,no,no,no,no,no,no,no,0.071428571428571,0.065882352941177,0.070631970260223,0.06931429820999
Ottawa,048942,Genoa Area Local,013250,Genoa Area Middle School,6-8,Open,no,no,no,no,no,no,no,no,0.071428571428571,0.065882352941177,0.070631970260223,0.06931429820999
Ottawa,048975,Put-In-Bay Local,030890,Put-In-Bay Elementary School,K-6,Open,no,no,no,no,no,no,no,no,0.076923076923077,0.107692307692308,0.161290322580645,0.115301902398677
Ottawa,048975,Put-In-Bay Local,030908,Put-In-Bay High School,7-12,Open,no,no,no,no,no,no,no,no,0.076923076923077,0.107692307692308,0.161290322580645,0.115301902398677
Paulding,045575,Paulding Exempted Village,001255,Oakwood Elementary School,K-6;P,Open,no,no,no,no,no,no,no,no,0.120559114735003,0.130409356725146,0.158947970268725,0.136638813909625
Paulding,045575,Paulding Exempted Village,029447,Paulding Middle School,6-8,Open,no,no,no,no,no,no,no,no,0.120559114735003,0.130409356725146,0.158947970268725,0.136638813909625
Paulding,045575,Paulding Exempted Village,029454,Paulding High School,9-12,Open,no,no,no,no,no,no,no,no,0.120559114735003,0.130409356725146,0.158947970268725,0.136638813909625
Paulding,045575,Paulding Exempted Village,064071,Paulding Elementary School,K-5;P,Open,no,no,no,no,no,no,no,no,0.120559114735003,0.130409356725146,0.158947970268725,0.136638813909625
Paulding,048991,Antwerp Local,000836,Antwerp Local Elementary School,K-5;P,Open,no,no,no,no,no,no,no,no,0.12443095599393,0.13109756097561,0.133425034387895,0.129651183785812
Paulding,048991,Antwerp Local,000844,Antwerp Local High School,9-12,Open,no,no,no,no,no,no,no,no,0.12443095599393,0.13109756097561,0.133425034387895,0.129651183785812
Paulding,048991,Antwerp Local,152157,Antwerp Local Middle School,6-8,Open,no,no,no,no,no,no,no,no,0.12443095599393,0.13109756097561,0.133425034387895,0.129651183785812
Paulding,049031,Wayne Trace Local,014720,Grover Hill Elementary School,K-6,Open,no,no,no,no,no,no,no,no,0.105590062111801,0.113423517169615,0.126569037656904,0.115194205646107
Paulding,049031,Wayne Trace Local,029462,Payne Elementary School,K-6,Open,no,no,no,no,no,no,no,no,0.105590062111801,0.113423517169615,0.126569037656904,0.115194205646107
Paulding,049031,Wayne Trace Local,029470,Wayne Trace High School,7-12,Open,no,no,no,no,no,no,no,no,0.105590062111801,0.113423517169615,0.126569037656904,0.115194205646107
Perry,044479,New Lexington School District,018564,Junction City Elementary School,K-5,Open,no,no,no,no,no,no,no,yes,0.212403100775194,0.180972078593588,0.214170692431562,0.202515290600115
Perry,044479,New Lexington School District,026799,New Lexington Elementary School,K-5,Open,no,no,no,no,no,no,no,yes,0.212403100775194,0.180972078593588,0.214170692431562,0.202515290600115
Perry,044479,New Lexington School District,026807,New Lexington Middle School,6-8,Open,no,no,no,no,no,no,no,yes,0.212403100775194,0.180972078593588,0.214170692431562,0.202515290600115
Perry,044479,New Lexington School District,064865,New Lexington High School,9-12,Open,no,no,no,no,no,no,no,yes,0.212403100775194,0.180972078593588,0.214170692431562,0.202515290600115
Perry,045351,Crooksville Exempted Village,007450,Crooksville Middle School,5-8,Open,no,no,no,no,no,no,no,no,0.201780415430267,0.172447968285431,0.216271884654995,0.196833422790231
Perry,045351,Crooksville Exempted Village,007823,Crooksville High School,9-12,Open,no,no,no,no,yes,yes,yes,no,0.201780415430267,0.172447968285431,0.216271884654995,0.196833422790231
Perry,045351,Crooksville Exempted Village,118331,Crooksville Elementary School,K-4,Open,no,no,no,no,no,no,no,no,0.201780415430267,0.172447968285431,0.216271884654995,0.196833422790231
Perry,049056,Northern Local,013615,Glenford Elementary School,K-5,Open,no,no,no,no,no,no,no,no,0.122490782466202,0.117261172611726,0.140190476190476,0.126647477089468
Perry,049056,Northern Local,034363,Sheridan High School,9-12,Open,no,no,no,no,no,no,no,no,0.122490782466202,0.117261172611726,0.140190476190476,0.126647477089468
Perry,049056,Northern Local,034868,Somerset Elementary School,K-5,Open,no,no,no,no,no,no,no,no,0.122490782466202,0.117261172611726,0.140190476190476,0.126647477089468
Perry,049056,Northern Local,037176,Thornville Elementary School,K-5,Open,no,no,no,no,no,no,no,no,0.122490782466202,0.117261172611726,0.140190476190476,0.126647477089468
Perry,049056,Northern Local,061598,Sheridan Middle School,6-8,Open,no,no,no,no,no,no,no,no,0.122490782466202,0.117261172611726,0.140190476190476,0.126647477089468
Perry,049064,Southern Local,024851,Miller High School,7-12,Open,no,no,no,no,no,no,no,yes,0.18007662835249,0.177749360613811,0.283602150537634,0.213809379834645
Perry,049064,Southern Local,118141,Millcreek Elementary School,K-6;P,Open,no,no,no,no,no,no,no,yes,0.18007662835249,0.177749360613811,0.283602150537634,0.213809379834645
Pickaway,043760,Circleville City,006320,Circleville High School,9-12,Open,no,no,no,no,no,no,no,yes,0.205414697034809,0.26001705029838,0.208842105263158,0.224757950865449
Pickaway,043760,Circleville City,006338,Circleville Middle School,6-8,Open,no,no,no,no,no,yes,no,yes,0.205414697034809,0.26001705029838,0.208842105263158,0.224757950865449
Pickaway,043760,Circleville City,027201,Circleville Elementary School,K-5;P,Open,no,no,no,no,no,no,no,yes,0.205414697034809,0.26001705029838,0.208842105263158,0.224757950865449
Pickaway,049080,Logan Elm Local,021212,Logan Elm Middle/High School,6-12,Open,no,no,no,no,no,no,no,no,0.155164835164835,0.151781786185658,0.137073170731707,0.148006597360733
Pickaway,049080,Logan Elm Local,029850,Pickaway Elementary School,K-4,Closed,no,no,no,no,no,no,no,no,0.155164835164835,0.151781786185658,0.137073170731707,0.148006597360733
Pickaway,049080,Logan Elm Local,033514,Salt Creek Intermediate School,5-6,Closed,no,no,no,no,no,no,no,no,0.155164835164835,0.151781786185658,0.137073170731707,0.148006597360733
Pickaway,049080,Logan Elm Local,039388,Washington Elementary School,K-4,Closed,no,no,no,no,no,no,no,no,0.155164835164835,0.151781786185658,0.137073170731707,0.148006597360733
Pickaway,049080,Logan Elm Local,064170,George Mcdowell-Exchange Middle School,7-8,Closed,no,no,no,no,no,no,no,no,0.155164835164835,0.151781786185658,0.137073170731707,0.148006597360733
Pickaway,049080,Logan Elm Local,064717,Logan Elm Elementary School,K-5;P,Open,no,no,no,no,no,no,no,no,0.155164835164835,0.151781786185658,0.137073170731707,0.148006597360733
Pickaway,049098,Teays Valley Local,001131,Ashville Elementary School,K-5,Open,no,no,no,no,no,no,no,no,0.087360087360087,0.113187110750068,0.091685912240185,0.097411036783447
Pickaway,049098,Teays Valley Local,011463,Teays Valley West Middle School,6-8,Open,no,no,no,no,no,no,no,no,0.087360087360087,0.113187110750068,0.091685912240185,0.097411036783447
Pickaway,049098,Teays Valley Local,011943,South Bloomfield Elementary,K-5,Open,no,no,no,no,no,no,no,no,0.087360087360087,0.113187110750068,0.091685912240185,0.097411036783447
Pickaway,049098,Teays Valley Local,019829,Teays Valley Digital Academy,K;12,Open,no,no,no,no,no,,yes,no,0.087360087360087,0.113187110750068,0.091685912240185,0.097411036783447
Pickaway,049098,Teays Valley Local,033811,Scioto Elementary School,K-5;P,Open,no,no,no,no,no,no,no,no,0.087360087360087,0.113187110750068,0.091685912240185,0.097411036783447
Pickaway,049098,Teays Valley Local,036962,Teays Valley High School,9-12,Open,no,no,no,no,no,no,no,no,0.087360087360087,0.113187110750068,0.091685912240185,0.097411036783447
Pickaway,049098,Teays Valley Local,039057,Walnut Elementary School,K-5;P,Open,no,no,no,no,no,no,no,no,0.087360087360087,0.113187110750068,0.091685912240185,0.097411036783447
Pickaway,049098,Teays Valley Local,064188,Teays Valley East Middle School,6-8,Open,no,no,no,no,no,no,no,no,0.087360087360087,0.113187110750068,0.091685912240185,0.097411036783447
Pickaway,049106,Westfall Local,040683,Westfall High School,9-12,Open,no,no,no,no,no,no,no,no,0.137328339575531,0.159851301115242,0.121060171919771,0.139413270870181
Pickaway,049106,Westfall Local,064196,Westfall Middle School,6-8,Open,no,no,no,no,no,no,no,no,0.137328339575531,0.159851301115242,0.121060171919771,0.139413270870181
Pickaway,049106,Westfall Local,146209,Westfall Elementary School,K-5;P,Open,no,no,no,no,no,no,no,no,0.137328339575531,0.159851301115242,0.121060171919771,0.139413270870181
Pike,049122,Eastern Local School District,009589,Eastern High School,9-12,Open,no,no,no,no,no,no,no,yes,0.278436018957346,0.229940119760479,0.234357224118316,0.247577787612047
Pike,049122,Eastern Local School District,146381,Eastern Primary Elementary School,K-2,Open,no,no,no,no,no,no,no,yes,0.278436018957346,0.229940119760479,0.234357224118316,0.247577787612047
Pike,049122,Eastern Local School District,146399,Eastern Intermediate Elementary School,3-5,Open,no,no,no,no,no,no,no,yes,0.278436018957346,0.229940119760479,0.234357224118316,0.247577787612047
Pike,049122,Eastern Local School District,146407,Eastern Middle School,6-8,Open,no,no,no,no,no,no,no,yes,0.278436018957346,0.229940119760479,0.234357224118316,0.247577787612047
Pike,049130,Scioto Valley Local,017897,Jasper Elementary School,K-4,Open,no,no,no,no,no,no,no,yes,0.257627118644068,0.223367697594502,0.271830985915493,0.250941934051354
Pike,049130,Scioto Valley Local,029991,Piketon Jr/Sr High School,5-12,Open,no,no,no,no,no,no,no,yes,0.257627118644068,0.223367697594502,0.271830985915493,0.250941934051354
Pike,049148,Waverly City,009407,Waverly Primary School,K-2;P,Open,no,no,no,no,no,yes,no,yes,0.21561135371179,0.203980099502488,0.234764175940647,0.218118543051641
Pike,049148,Waverly City,027425,Waverly Junior High School,6-8,Open,no,no,no,no,no,yes,no,yes,0.21561135371179,0.203980099502488,0.234764175940647,0.218118543051641
Pike,049148,Waverly City,039909,Waverly High School,9-12,Open,yes,no,yes,no,yes,yes,yes,yes,0.21561135371179,0.203980099502488,0.234764175940647,0.218118543051641
Pike,049148,Waverly City,040410,Waverly Intermediate School,3-5,Open,no,no,no,no,no,no,no,yes,0.21561135371179,0.203980099502488,0.234764175940647,0.218118543051641
Pike,049155,Western Local,013298,Western Primary,K-3,Open,yes,no,yes,no,yes,yes,yes,yes,0.308791208791209,0.274247491638796,0.316705336426914,0.299914678952306
Pike,049155,Western Local,029157,Western Elementary School,4-6,Open,no,no,no,no,no,no,no,yes,0.308791208791209,0.274247491638796,0.316705336426914,0.299914678952306
Pike,049155,Western Local,040667,Western High School,7-12,Open,no,no,no,no,no,no,no,yes,0.308791208791209,0.274247491638796,0.316705336426914,0.299914678952306
Portage,044164,Kent City,005504,Davey Elementary School,K-5;P,Open,no,no,no,no,no,no,no,no,0.161531279178338,0.148474363007235,0.213027061044682,0.174344234410085
Portage,044164,Kent City,016535,Holden Elementary School,K-5,Open,no,no,no,no,no,no,no,no,0.161531279178338,0.148474363007235,0.213027061044682,0.174344234410085
Portage,044164,Kent City,021311,Longcoy Elementary School,K-5,Open,no,no,no,no,no,no,no,no,0.161531279178338,0.148474363007235,0.213027061044682,0.174344234410085
Portage,044164,Kent City,032508,Theodore Roosevelt High School,9-12,Open,no,no,no,no,no,no,no,no,0.161531279178338,0.148474363007235,0.213027061044682,0.174344234410085
Portage,044164,Kent City,039032,Walls Elementary School,K-5,Open,no,no,no,no,no,no,no,no,0.161531279178338,0.148474363007235,0.213027061044682,0.174344234410085
Portage,044164,Kent City,137273,Stanton Middle School,6-8,Open,no,no,no,no,no,no,no,no,0.161531279178338,0.148474363007235,0.213027061044682,0.174344234410085
Portage,044685,Ravenna City,003905,Brown Middle School,5-8,Open,yes,no,yes,no,yes,yes,yes,yes,0.219047619047619,0.204193881058783,0.283356741573034,0.235532747226479
Portage,044685,Ravenna City,031104,Ravenna High School,9-12,Open,yes,no,yes,no,yes,yes,yes,yes,0.219047619047619,0.204193881058783,0.283356741573034,0.235532747226479
Portage,044685,Ravenna City,038786,West Main Elementary School,3-4,Open,no,no,no,no,no,no,no,yes,0.219047619047619,0.204193881058783,0.283356741573034,0.235532747226479
Portage,044685,Ravenna City,038851,West Park Elementary School,K,Open,no,no,no,no,no,no,no,yes,0.219047619047619,0.204193881058783,0.283356741573034,0.235532747226479
Portage,044685,Ravenna City,066514,Willyard Elementary School,1-2,Open,no,no,no,no,no,no,yes,yes,0.219047619047619,0.204193881058783,0.283356741573034,0.235532747226479
Portage,045666,Windham Exempted Village,022558,Katherine Thomas Elementary School,K-4;P,Open,yes,no,yes,no,yes,yes,yes,yes,0.208092485549133,0.170802919708029,0.309297912713473,0.229397772656878
Portage,045666,Windham Exempted Village,041723,Windham High School,9-12,Open,no,no,no,no,no,no,no,yes,0.208092485549133,0.170802919708029,0.309297912713473,0.229397772656878
Portage,045666,Windham Exempted Village,071381,Windham Junior High School,5-8,Open,no,no,no,no,no,no,yes,yes,0.208092485549133,0.170802919708029,0.309297912713473,0.229397772656878
Portage,049171,Aurora City,001297,Aurora High School,9-12,Open,no,no,no,no,no,no,no,no,0.043250784792466,0.031723651744801,0.043090181594337,0.039354872710534
Portage,049171,Aurora City,001313,Craddock Elementary School,1-2,Open,no,no,no,no,no,no,no,no,0.043250784792466,0.031723651744801,0.043090181594337,0.039354872710534
Portage,049171,Aurora City,015313,Miller Elementary School,K;P,Open,no,no,no,no,no,no,no,no,0.043250784792466,0.031723651744801,0.043090181594337,0.039354872710534
Portage,049171,Aurora City,066803,Harmon Middle School,6-8,Open,no,no,no,no,no,no,no,no,0.043250784792466,0.031723651744801,0.043090181594337,0.039354872710534
Portage,049171,Aurora City,140889,Leighton Elementary School,3-5,Open,no,no,no,no,no,no,no,no,0.043250784792466,0.031723651744801,0.043090181594337,0.039354872710534
Portage,049189,Crestwood Local,000382,Crestwood Primary School,K-3;P,Open,no,no,no,no,no,no,no,no,0.107766990291262,0.084307992202729,0.131192161132281,0.107755714542091
Portage,049189,Crestwood Local,000383,Crestwood Intermediate School,4-6;UNG,Open,no,no,no,no,no,no,no,no,0.107766990291262,0.084307992202729,0.131192161132281,0.107755714542091
Portage,049189,Crestwood Local,007724,Crestwood High School,7-12,Open,no,no,no,no,no,no,no,no,0.107766990291262,0.084307992202729,0.131192161132281,0.107755714542091
Portage,049197,Field Local,003616,Brimfield Elementary School,K-5,Open,no,no,no,no,no,no,no,no,0.098062953995157,0.092985318107667,0.123505976095618,0.104851416066147
Portage,049197,Field Local,011551,Field High School,9-12,Open,no,no,no,no,no,no,no,no,0.098062953995157,0.092985318107667,0.123505976095618,0.104851416066147
Portage,049197,Field Local,011569,Field Middle School,6-8,Open,no,no,no,no,no,no,no,no,0.098062953995157,0.092985318107667,0.123505976095618,0.104851416066147
Portage,049197,Field Local,036343,Suffield Elementary School,K-5,Open,no,no,no,no,no,no,no,no,0.098062953995157,0.092985318107667,0.123505976095618,0.104851416066147
Portage,049205,James A Garfield Local,013060,James A Garfield Elementary School,K-6;P,Open,no,no,no,no,no,no,no,no,0.117073170731707,0.076760563380282,0.129781420765027,0.107871718292339
Portage,049205,James A Garfield Local,013110,James A Garfield High School,9-12,Open,no,no,no,no,no,no,no,no,0.117073170731707,0.076760563380282,0.129781420765027,0.107871718292339
Portage,049205,James A Garfield Local,013177,James A Garfield Middle School,7-8,Open,no,no,no,no,no,no,no,no,0.117073170731707,0.076760563380282,0.129781420765027,0.107871718292339
Portage,049213,Rootstown Local,032599,Rootstown Elementary School,K-5,Open,no,no,no,no,no,no,no,no,0.091543832428239,0.070588235294118,0.101481481481481,0.087871183067946
Portage,049213,Rootstown Local,032607,Rootstown/Ward Davis Bldg High School,9-12,Open,no,no,no,no,no,no,no,no,0.091543832428239,0.070588235294118,0.101481481481481,0.087871183067946
Portage,049213,Rootstown Local,032615,Rootstown/Mabel Schnee Bldg Middle School,6-8,Open,no,no,no,no,no,no,no,no,0.091543832428239,0.070588235294118,0.101481481481481,0.087871183067946
Portage,049221,Southeast Local,035170,Southeast High School,9-12,Open,no,no,no,no,no,no,no,no,0.128563743948359,0.105492115280043,0.17432735426009,0.136127737829497
Portage,049221,Southeast Local,062018,Southeast Primary Elementary School,K-2,Open,no,no,no,no,no,no,no,no,0.128563743948359,0.105492115280043,0.17432735426009,0.136127737829497
Portage,049221,Southeast Local,071399,Southeast Junior High School,6-8,Open,no,no,no,no,no,no,no,no,0.128563743948359,0.105492115280043,0.17432735426009,0.136127737829497
Portage,049221,Southeast Local,136788,Southeast Intermediate Elementary School,3-5,Open,no,no,no,no,no,no,no,no,0.128563743948359,0.105492115280043,0.17432735426009,0.136127737829497
Portage,049239,Streetsboro City,004739,Streetsboro Elementary School,K-3;P,Open,no,no,no,no,no,yes,no,no,0.107881990312638,0.085002225189141,0.130197396052079,0.107693870517953
Portage,049239,Streetsboro City,036251,Streetsboro Middle School,6-8,Open,no,no,no,no,no,no,no,no,0.107881990312638,0.085002225189141,0.130197396052079,0.107693870517953
Portage,049239,Streetsboro City,036269,Streetsboro High School,9-12,Open,no,no,no,no,no,no,no,no,0.107881990312638,0.085002225189141,0.130197396052079,0.107693870517953
Portage,049239,Streetsboro City,144881,Henry Defer Intermediate Elementary School,4-5,Open,no,no,no,no,no,no,no,no,0.107881990312638,0.085002225189141,0.130197396052079,0.107693870517953
Portage,049247,Waterloo Local,001206,Waterloo Elementary School,K-6;P,Open,no,no,no,no,no,no,no,no,0.118311981914092,0.106626047220107,0.136603773584906,0.120513934239701
Portage,049247,Waterloo Local,031054,Waterloo Middle School,7-8,Open,no,no,no,no,no,no,no,no,0.118311981914092,0.106626047220107,0.136603773584906,0.120513934239701
Portage,049247,Waterloo Local,039784,Waterloo High School,9-12,Open,no,no,no,no,no,no,no,no,0.118311981914092,0.106626047220107,0.136603773584906,0.120513934239701
Preble,043935,Eaton Community City,003954,William Bruce Elementary School,3-5,Open,no,no,no,no,no,no,no,no,0.127040141155712,0.117389399912396,0.142362613587192,0.128930718218433
Preble,043935,Eaton Community City,008557,Eaton Middle School,6-8,Open,no,no,no,no,no,no,no,no,0.127040141155712,0.117389399912396,0.142362613587192,0.128930718218433
Preble,043935,Eaton Community City,009282,Hollingsworth East Elementary School,K-2,Open,no,no,no,no,no,no,no,no,0.127040141155712,0.117389399912396,0.142362613587192,0.128930718218433
Preble,043935,Eaton Community City,009803,Eaton High School,9-12,Open,no,no,no,no,no,no,no,no,0.127040141155712,0.117389399912396,0.142362613587192,0.128930718218433
Preble,049270,National Trail Local,018002,National Trail Elementary School,K-4,Open,no,no,no,no,no,no,no,no,0.170231729055258,0.154867256637168,0.151785714285714,0.15896156665938
Preble,049270,National Trail Local,025247,National Trail Middle School,5-8,Open,no,no,no,no,no,no,no,no,0.170231729055258,0.154867256637168,0.151785714285714,0.15896156665938
Preble,049270,National Trail Local,026468,National Trail High School,9-12,Open,no,no,no,no,no,no,no,no,0.170231729055258,0.154867256637168,0.151785714285714,0.15896156665938
Preble,049288,Preble Shawnee Local,004630,Preble Shawnee Elementary School,K-4;P,Open,no,no,no,no,no,no,no,no,0.121107266435986,0.121565934065934,0.148316062176166,0.130329754226029
Preble,049288,Preble Shawnee Local,019519,Preble Shawnee Middle School,5-8,Open,no,no,no,no,no,no,no,no,0.121107266435986,0.121565934065934,0.148316062176166,0.130329754226029
Preble,049288,Preble Shawnee Local,034264,Preble Shawnee High School High School,9-12,Open,no,no,no,no,no,no,no,no,0.121107266435986,0.121565934065934,0.148316062176166,0.130329754226029
Preble,049296,Twin Valley Community Local,019810,Twin Valley South Middle School,7-8,Open,no,no,no,no,no,no,no,no,0.126819126819127,0.130030959752322,0.12603305785124,0.127627714807563
Preble,049296,Twin Valley Community Local,037705,Twin Valley South High School,9-12,Open,no,no,no,no,no,no,no,no,0.126819126819127,0.130030959752322,0.12603305785124,0.127627714807563
Preble,049296,Twin Valley Community Local,038513,Twin Valley South Elementary School,K-6;P,Open,no,no,no,no,no,no,no,no,0.126819126819127,0.130030959752322,0.12603305785124,0.127627714807563
Preble,091397,Tri-County North Local,020206,Tri-County North Elementary School,K-4;P,Open,no,no,no,no,no,no,no,no,0.108349900596421,0.106614017769003,0.132543103448276,0.1158356739379
Preble,091397,Tri-County North Local,037697,Tri-County North High School,9-12,Open,no,no,no,no,no,no,no,no,0.108349900596421,0.106614017769003,0.132543103448276,0.1158356739379
Preble,091397,Tri-County North Local,038398,Tri-County North Middle School,5-8,Open,no,no,no,no,no,no,no,no,0.108349900596421,0.106614017769003,0.132543103448276,0.1158356739379
Putnam,049312,Columbus Grove Local,007096,Columbus Grove Elementary School,K-4,Open,no,no,no,no,no,no,no,no,0.095566502463054,0.096172718351325,0.094025465230166,0.095254895348182
Putnam,049312,Columbus Grove Local,007104,Columbus Grove High School,9-12,Open,no,no,no,no,no,no,no,no,0.095566502463054,0.096172718351325,0.094025465230166,0.095254895348182
Putnam,049312,Columbus Grove Local,038307,Columbus Grove Middle School,5-8,Open,no,no,no,no,no,no,no,no,0.095566502463054,0.096172718351325,0.094025465230166,0.095254895348182
Putnam,049320,Continental Local,007260,Continental Local Elementary School,K-6,Open,no,no,no,no,no,no,no,no,0.103565365025467,0.086294416243655,0.086816720257235,0.092225500508786
Putnam,049320,Continental Local,007278,Continental Local High School,7-12,Open,no,no,no,no,no,no,no,no,0.103565365025467,0.086294416243655,0.086816720257235,0.092225500508786
Putnam,049338,Jennings Local,012617,Fort Jennings Elementary School,K-5,Open,no,no,no,no,no,no,no,no,0.021108179419525,0.034210526315789,0.062992125984252,0.039436943906522
Putnam,049338,Jennings Local,012625,Fort Jennings High School,6-12,Open,no,no,no,no,no,no,no,no,0.021108179419525,0.034210526315789,0.062992125984252,0.039436943906522
Putnam,049346,Kalida Local,018598,Kalida Elementary School,K-4,Open,no,no,no,no,no,no,no,no,0.050520059435364,0.034023668639053,0.031298904538341,0.038614210870919
Putnam,049346,Kalida Local,018606,Kalida High School,5-12,Open,no,no,no,no,no,no,no,no,0.050520059435364,0.034023668639053,0.031298904538341,0.038614210870919
Putnam,049353,Leipsic Local,020131,Leipsic Elementary School,K-5,Open,no,no,no,no,no,no,no,no,0.131054131054131,0.115056818181818,0.119015047879617,0.121708665705189
Putnam,049353,Leipsic Local,020149,Leipsic High School,6-12,Open,no,no,no,no,no,no,no,no,0.131054131054131,0.115056818181818,0.119015047879617,0.121708665705189
Putnam,049361,Miller City-New Cleveland Local,024802,Miller City Elementary School,K-5,Open,no,no,no,no,no,no,no,no,0.0390625,0.041450777202072,0.032786885245902,0.037766720815991
Putnam,049361,Miller City-New Cleveland Local,024810,Miller City High School,9-12,Open,no,no,no,no,no,no,no,no,0.0390625,0.041450777202072,0.032786885245902,0.037766720815991
Putnam,049361,Miller City-New Cleveland Local,026682,Miller City Middle School,6-8,Open,no,no,no,no,no,no,no,no,0.0390625,0.041450777202072,0.032786885245902,0.037766720815991
Putnam,049379,Ottawa-Glandorf Local,013508,Glandorf Elementary School,K-8,Open,no,no,no,no,no,no,no,no,0.065773447015834,0.057142857142857,0.052335396736072,0.058417233631588
Putnam,049379,Ottawa-Glandorf Local,028878,Ottawa Elementary School,K-8,Open,no,no,no,no,no,no,no,no,0.065773447015834,0.057142857142857,0.052335396736072,0.058417233631588
Putnam,049379,Ottawa-Glandorf Local,028910,Ottawa-Glandorf High School,9-12,Open,no,no,no,no,no,no,no,no,0.065773447015834,0.057142857142857,0.052335396736072,0.058417233631588
Putnam,049387,Ottoville Local,028928,Ottoville Elementary School,K-6,Open,no,no,no,no,no,no,no,no,0.023605150214592,0.025641025641026,0.036402569593148,0.028549581816255
Putnam,049387,Ottoville Local,028936,Ottoville High School,7-12,Open,no,no,no,no,no,no,no,no,0.023605150214592,0.025641025641026,0.036402569593148,0.028549581816255
Putnam,049395,Pandora-Gilboa Local,013458,Pandora-Gilboa Middle School,5-8,Open,no,no,no,no,no,no,no,no,0.04582651391162,0.052032520325203,0.073313782991202,0.057057605742675
Putnam,049395,Pandora-Gilboa Local,029066,Pandora-Gilboa Elementary School,K-4,Open,no,no,no,no,no,no,no,no,0.04582651391162,0.052032520325203,0.073313782991202,0.057057605742675
Putnam,049395,Pandora-Gilboa Local,029074,Pandora-Gilboa High School,9-12,Open,no,no,no,no,no,no,no,no,0.04582651391162,0.052032520325203,0.073313782991202,0.057057605742675
Richland,044297,Mansfield City,003624,Malabar Intermediate School,3-6,Open,yes,no,yes,no,yes,yes,yes,yes,0.336590229312064,0.275786539227399,0.332074759297716,0.314817175945726
Richland,044297,Mansfield City,010158,Mansfield Spanish Immersion School,K-8,Open,no,no,no,no,no,no,no,yes,0.336590229312064,0.275786539227399,0.332074759297716,0.314817175945726
Richland,044297,Mansfield City,015745,Springmill STEM Elementary,K-6,Open,no,no,no,no,no,yes,no,yes,0.336590229312064,0.275786539227399,0.332074759297716,0.314817175945726
Richland,044297,Mansfield City,019565,Tyger Digital Academy,K-12,Open,yes,no,yes,no,yes,yes,yes,yes,0.336590229312064,0.275786539227399,0.332074759297716,0.314817175945726
Richland,044297,Mansfield City,022301,Mansfield Middle School,7-8,Open,yes,no,yes,no,yes,yes,yes,yes,0.336590229312064,0.275786539227399,0.332074759297716,0.314817175945726
Richland,044297,Mansfield City,022483,Mansfield Senior High School,9-12;SN,Open,yes,no,yes,no,yes,yes,yes,yes,0.336590229312064,0.275786539227399,0.332074759297716,0.314817175945726
Richland,044297,Mansfield City,034405,Sherman Elementary School,K-2;P,Open,yes,no,yes,no,yes,yes,yes,yes,0.336590229312064,0.275786539227399,0.332074759297716,0.314817175945726
Richland,044297,Mansfield City,041962,Woodland Elementary School,K-2,Open,yes,no,yes,no,yes,yes,yes,yes,0.336590229312064,0.275786539227399,0.332074759297716,0.314817175945726
Richland,044776,Shelby City,008730,Shelby Elementary School,K-5;P,Open,no,no,no,no,no,no,no,no,0.140573577809121,0.123185011709602,0.157105030891439,0.140287873470054
Richland,044776,Shelby City,034298,Shelby Middle School,6-8,Open,no,no,no,no,no,no,no,no,0.140573577809121,0.123185011709602,0.157105030891439,0.140287873470054
Richland,044776,Shelby City,034306,Shelby High School,9-12,Open,no,no,no,no,no,no,no,no,0.140573577809121,0.123185011709602,0.157105030891439,0.140287873470054
Richland,049411,Clear Fork Valley Local,002279,Bellville Elementary School,K-5,Open,no,no,no,no,no,no,no,no,0.118102114492006,0.095482546201232,0.098000975134081,0.103861878609106
Richland,049411,Clear Fork Valley Local,004390,Butler Elementary School,K-5,Open,no,no,no,no,no,no,no,no,0.118102114492006,0.095482546201232,0.098000975134081,0.103861878609106
Richland,049411,Clear Fork Valley Local,006551,Clear Fork High School,9-12,Open,no,no,no,no,no,no,no,no,0.118102114492006,0.095482546201232,0.098000975134081,0.103861878609106
Richland,049411,Clear Fork Valley Local,134692,Clear Fork Middle School,6-8,Open,no,no,no,no,no,no,no,no,0.118102114492006,0.095482546201232,0.098000975134081,0.103861878609106
Richland,049429,Crestview Local,007674,Crestview High School,9-12,Open,no,no,no,no,no,no,no,no,0.206762028608583,0.152895250487964,0.161149281698938,0.173602186931828
Richland,049429,Crestview Local,033639,Crestview Elementary School,K-4;P,Open,no,no,no,no,no,no,no,no,0.206762028608583,0.152895250487964,0.161149281698938,0.173602186931828
Richland,049429,Crestview Local,037796,Crestview Middle School,5-8,Open,no,no,no,no,no,no,no,no,0.206762028608583,0.152895250487964,0.161149281698938,0.173602186931828
Richland,049437,Lexington Local,005496,Central Elementary School,2-3,Open,no,no,no,no,no,no,no,no,0.087443946188341,0.076435495898583,0.086571233810498,0.083483558632474
Richland,049437,Lexington Local,020255,Lexington High School,9-12,Open,no,no,no,no,no,no,no,no,0.087443946188341,0.076435495898583,0.086571233810498,0.083483558632474
Richland,049437,Lexington Local,040659,Western Elementary School,K-1,Open,no,no,no,no,no,no,no,no,0.087443946188341,0.076435495898583,0.086571233810498,0.083483558632474
Richland,049437,Lexington Local,062372,Lexington Junior High School,7-8,Open,no,no,no,no,no,no,no,no,0.087443946188341,0.076435495898583,0.086571233810498,0.083483558632474
Richland,049437,Lexington Local,064626,Eastern Elementary School,4-6,Open,no,no,no,no,no,no,no,no,0.087443946188341,0.076435495898583,0.086571233810498,0.083483558632474
Richland,049445,Lucas Local,021709,Lucas Elementary School,K-5,Open,no,no,no,no,no,no,no,no,0.124600638977636,0.097133757961783,0.101200686106346,0.107645027681922
Richland,049445,Lucas Local,021717,Lucas High School,8-12,Open,no,no,no,no,no,no,no,no,0.124600638977636,0.097133757961783,0.101200686106346,0.107645027681922
Richland,049445,Lucas Local,083873,Lucas Heritage Middle School,6-7,Open,no,no,no,no,no,no,no,no,0.124600638977636,0.097133757961783,0.101200686106346,0.107645027681922
Richland,049452,Madison Local,009704,Eastview Elementary School,K-4,Open,no,no,no,no,no,no,no,no,0.209488601355515,0.166666666666667,0.198118753674309,0.19142467389883
Richland,049452,Madison Local,022103,Madison Middle School,5-8,Open,no,no,no,no,no,no,no,no,0.209488601355515,0.166666666666667,0.198118753674309,0.19142467389883
Richland,049452,Madison Local,022152,Madison South Elementary School,K-4;P,Open,no,no,no,no,no,no,yes,no,0.209488601355515,0.166666666666667,0.198118753674309,0.19142467389883
Richland,049452,Madison Local,022178,Madison High School,9-12,Open,no,no,no,no,no,no,no,no,0.209488601355515,0.166666666666667,0.198118753674309,0.19142467389883
Richland,049452,Madison Local,024646,Mifflin Elementary School,K-4,Open,no,no,no,no,no,no,no,no,0.209488601355515,0.166666666666667,0.198118753674309,0.19142467389883
Richland,049460,Plymouth-Shiloh Local,030429,Plymouth High School,9-12,Open,no,no,no,no,no,no,no,no,0.20706106870229,0.151428571428571,0.148183556405354,0.168891065512072
Richland,049460,Plymouth-Shiloh Local,034447,Shiloh Middle School,5-8,Open,no,no,no,no,no,no,no,no,0.20706106870229,0.151428571428571,0.148183556405354,0.168891065512072
Richland,049460,Plymouth-Shiloh Local,098731,Shiloh Elementary School,K-4;P,Open,no,no,no,no,no,no,no,no,0.20706106870229,0.151428571428571,0.148183556405354,0.168891065512072
Richland,049478,Ontario Local,028670,Ontario High School,9-12,Open,no,no,no,no,no,no,no,no,0.094602114635504,0.077605321507761,0.100849256900212,0.091018897681159
Richland,049478,Ontario Local,028688,Ontario Middle School,6-8,Open,no,no,no,no,no,no,no,no,0.094602114635504,0.077605321507761,0.100849256900212,0.091018897681159
Richland,049478,Ontario Local,139485,Stingel Elementary School,K-5;P,Open,no,no,no,no,no,no,no,no,0.094602114635504,0.077605321507761,0.100849256900212,0.091018897681159
Ross,043745,Chillicothe City,006296,Chillicothe High School,9-12,Open,yes,no,yes,no,yes,yes,yes,yes,0.260506706408346,0.242569798859201,0.275998866534429,0.259691790600659
Ross,043745,Chillicothe City,025841,Chillicothe Primary School,K-2,Open,no,no,no,no,no,no,yes,yes,0.260506706408346,0.242569798859201,0.275998866534429,0.259691790600659
Ross,043745,Chillicothe City,034736,Chillicothe Middle School,7-8,Open,yes,no,yes,no,yes,yes,yes,yes,0.260506706408346,0.242569798859201,0.275998866534429,0.259691790600659
Ross,043745,Chillicothe City,037234,Chillicothe Intermediate School,3-6,Open,no,no,no,no,no,no,no,yes,0.260506706408346,0.242569798859201,0.275998866534429,0.259691790600659
Ross,049494,Adena Local,000208,Adena High School,9-12,Open,no,no,no,no,no,no,no,no,0.165217391304348,0.152230971128609,0.174962292609351,0.164136885014103
Ross,049494,Adena Local,012096,Adena Elementary School,K-5;P,Open,no,no,no,no,no,no,no,no,0.165217391304348,0.152230971128609,0.174962292609351,0.164136885014103
Ross,049494,Adena Local,123547,Adena Middle School,6-8,Open,no,no,no,no,no,no,no,no,0.165217391304348,0.152230971128609,0.174962292609351,0.164136885014103
Ross,049502,Huntington Local,017137,Huntington Elementary School,K-4,Open,no,no,no,no,no,no,no,yes,0.223607647547797,0.186767169179229,0.223327305605787,0.211234040777604
Ross,049502,Huntington Local,017160,Huntington High School,9-12,Open,no,no,no,no,no,no,no,yes,0.223607647547797,0.186767169179229,0.223327305605787,0.211234040777604
Ross,049502,Huntington Local,137265,Huntington Middle School,5-8,Open,no,no,no,no,no,yes,no,yes,0.223607647547797,0.186767169179229,0.223327305605787,0.211234040777604
Ross,049510,Paint Valley Local,001453,Paint Valley Middle School,6-8,Open,no,no,no,no,no,yes,no,yes,0.223658051689861,0.194831013916501,0.22680412371134,0.215097729772567
Ross,049510,Paint Valley Local,029025,Paint Valley High School,9-12,Open,no,no,no,no,no,no,no,yes,0.223658051689861,0.194831013916501,0.22680412371134,0.215097729772567
Ross,049510,Paint Valley Local,037689,Paint Valley Elementary,K-5;P,Open,no,no,no,no,no,no,no,yes,0.223658051689861,0.194831013916501,0.22680412371134,0.215097729772567
Ross,049528,Southeastern Local,016055,Southeastern Middle School,5-8,Open,no,no,no,no,no,no,no,no,0.147482014388489,0.145833333333333,0.17511961722488,0.156144988315568
Ross,049528,Southeastern Local,021295,Southeastern Elementary School,K-4;P,Open,no,no,no,no,no,no,no,no,0.147482014388489,0.145833333333333,0.17511961722488,0.156144988315568
Ross,049528,Southeastern Local,035204,Southeastern High School,9-12,Open,no,no,no,no,no,no,no,no,0.147482014388489,0.145833333333333,0.17511961722488,0.156144988315568
Ross,049536,Union-Scioto Local,000231,Unioto Elementary,K-5;P,Open,no,no,no,no,no,no,no,no,0.18706942236354,0.163002680965147,0.210361067503925,0.186811056944204
Ross,049536,Union-Scioto Local,037861,Unioto High School,9-12,Open,no,no,no,no,no,no,no,no,0.18706942236354,0.163002680965147,0.210361067503925,0.186811056944204
Ross,049536,Union-Scioto Local,065532,Unioto Middle School,6-8,Open,no,no,no,no,no,no,no,no,0.18706942236354,0.163002680965147,0.210361067503925,0.186811056944204
Ross,049544,Zane Trace Local,005736,Zane Trace Elementary School,K-4,Open,no,no,no,no,no,no,no,no,0.135897435897436,0.131697869593286,0.152607855763039,0.14006772041792
Ross,049544,Zane Trace Local,019117,Zane Trace Middle School,5-8,Open,no,no,no,no,no,no,no,no,0.135897435897436,0.131697869593286,0.152607855763039,0.14006772041792
Ross,049544,Zane Trace Local,042572,Zane Trace High School,9-12,Open,no,no,no,no,no,no,no,no,0.135897435897436,0.131697869593286,0.152607855763039,0.14006772041792
Sandusky,044016,Fremont City,001172,Atkinson Elementary School,K-5,Open,no,no,no,no,no,no,no,no,0.146202670168527,0.155619596541787,0.203875134553283,0.168565800421199
Sandusky,044016,Fremont City,007815,Croghan Elementary School,K-5,Open,no,no,no,no,no,no,no,no,0.146202670168527,0.155619596541787,0.203875134553283,0.168565800421199
Sandusky,044016,Fremont City,012492,Fremont Middle School,6-8,Open,no,no,no,no,no,no,no,no,0.146202670168527,0.155619596541787,0.203875134553283,0.168565800421199
Sandusky,044016,Fremont City,012500,Fremont Ross High School,9-12,Open,no,no,no,no,no,yes,no,no,0.146202670168527,0.155619596541787,0.203875134553283,0.168565800421199
Sandusky,044016,Fremont City,021774,Lutz Elementary School,K-5,Open,no,no,no,no,no,no,no,no,0.146202670168527,0.155619596541787,0.203875134553283,0.168565800421199
Sandusky,044016,Fremont City,028852,Otis Elementary School,K-5,Open,no,no,no,no,no,no,no,no,0.146202670168527,0.155619596541787,0.203875134553283,0.168565800421199
Sandusky,045302,Clyde-Green Springs Exempted Village,006783,McPherson Middle School,5-8,Open,no,no,no,no,no,no,no,no,0.121240601503759,0.111269614835949,0.155523944997629,0.129344720445779
Sandusky,045302,Clyde-Green Springs Exempted Village,006791,Clyde High School,9-12,Open,no,no,no,no,no,no,no,no,0.121240601503759,0.111269614835949,0.155523944997629,0.129344720445779
Sandusky,045302,Clyde-Green Springs Exempted Village,014399,Green Springs Elementary School,K-5,Open,no,no,no,no,no,no,no,no,0.121240601503759,0.111269614835949,0.155523944997629,0.129344720445779
Sandusky,045302,Clyde-Green Springs Exempted Village,033241,Clyde Elementary School,K-3;P,Open,no,no,no,no,no,no,no,no,0.121240601503759,0.111269614835949,0.155523944997629,0.129344720445779
Sandusky,045385,Gibsonburg Exempted Village,013425,James J Hilfiker Elementary School,K-5;P,Open,no,no,no,no,no,no,no,no,0.073144104803493,0.085082872928177,0.108419838523645,0.088882272085105
Sandusky,045385,Gibsonburg Exempted Village,013433,Gibsonburg High School,9-12,Open,no,no,no,no,no,no,no,no,0.073144104803493,0.085082872928177,0.108419838523645,0.088882272085105
Sandusky,045385,Gibsonburg Exempted Village,124727,Gibsonburg Middle School,6-8,Open,no,no,no,no,no,no,no,no,0.073144104803493,0.085082872928177,0.108419838523645,0.088882272085105
Sandusky,049569,Lakota Local,017764,Lakota Middle School,5-8,Open,no,no,no,no,no,no,no,no,0.113058720420684,0.096830985915493,0.10126582278481,0.103718509706996
Sandusky,049569,Lakota Local,019711,Lakota Elementary School,K-4;P,Open,no,no,no,no,no,no,no,no,0.113058720420684,0.096830985915493,0.10126582278481,0.103718509706996
Sandusky,049569,Lakota Local,019745,Lakota High School,9-12,Open,no,no,no,no,no,no,no,no,0.113058720420684,0.096830985915493,0.10126582278481,0.103718509706996
Sandusky,049577,Woodmore Local,015151,Woodmore Middle School,5-8,Open,no,no,no,no,no,no,no,no,0.080229226361031,0.078336557059961,0.073006724303554,0.077190835908182
Sandusky,049577,Woodmore Local,042036,Woodmore Elementary School,K-4;P,Open,no,no,no,no,no,no,no,no,0.080229226361031,0.078336557059961,0.073006724303554,0.077190835908182
Sandusky,049577,Woodmore Local,042044,Woodmore High School,9-12,Open,no,no,no,no,no,no,no,no,0.080229226361031,0.078336557059961,0.073006724303554,0.077190835908182
Scioto,044461,New Boston Local,013730,Glenwood High School,7-12,Open,no,no,no,no,no,no,no,yes,0.44,0.411764705882353,0.465181058495822,0.438981921459392
Scioto,044461,New Boston Local,028159,Oak Intermediate Elementary School,4-6,Open,no,no,no,no,no,no,no,yes,0.44,0.411764705882353,0.465181058495822,0.438981921459392
Scioto,044461,New Boston Local,035774,Stanton Primary Elementary School,K-3;P,Open,no,no,no,no,no,no,yes,yes,0.44,0.411764705882353,0.465181058495822,0.438981921459392
Scioto,044669,Portsmouth City,015198,East Portsmouth Elementary,K-6;P,Open,yes,no,yes,no,yes,yes,yes,yes,0.400623268698061,0.385714285714286,0.464959568733154,0.4170990410485
Scioto,044669,Portsmouth City,030569,Portsmouth Junior High School/Portsmouth High School,7-12,Open,yes,no,yes,no,yes,yes,yes,yes,0.400623268698061,0.385714285714286,0.464959568733154,0.4170990410485
Scioto,044669,Portsmouth City,140350,Portsmouth Elementary,K-6;P,Open,yes,no,yes,no,yes,yes,yes,yes,0.400623268698061,0.385714285714286,0.464959568733154,0.4170990410485
Scioto,049593,Bloom-Vernon Local,002873,South Webster Jr/Sr High School,7-12,Open,no,no,no,no,no,no,no,no,0.178359096313912,0.149521531100478,0.215123859191656,0.181001495535349
Scioto,049593,Bloom-Vernon Local,038372,Bloom-Vernon Elementary School,K-6;P,Open,no,no,no,no,no,no,no,no,0.178359096313912,0.149521531100478,0.215123859191656,0.181001495535349
Scioto,049601,Clay Local,006502,Clay High School,9-12,Open,no,no,no,no,no,no,no,yes,0.278810408921933,0.239252336448598,0.298372513562387,0.272145086310973
Scioto,049601,Clay Local,032706,Clay Elementary School,K-5;P,Open,no,no,no,no,no,no,no,yes,0.278810408921933,0.239252336448598,0.298372513562387,0.272145086310973
Scioto,049601,Clay Local,032938,Clay Middle School,6-8,Open,no,no,no,no,no,no,no,yes,0.278810408921933,0.239252336448598,0.298372513562387,0.272145086310973
Scioto,049619,Green Local,014340,Green Elementary School,K-6,Open,no,no,no,no,no,no,no,yes,0.23371104815864,0.203994293865906,0.261380323054332,0.233028555026293
Scioto,049619,Green Local,014373,Green High School,7-12,Open,no,no,no,no,no,no,no,yes,0.23371104815864,0.203994293865906,0.261380323054332,0.233028555026293
Scioto,049619,Green Local,122127,Green Primary Elementary School,K-2,Closed,no,no,no,no,no,no,no,yes,0.23371104815864,0.203994293865906,0.261380323054332,0.233028555026293
Scioto,049627,Minford Local,025072,Minford Primary Elementary School,K-3;P,Open,no,no,no,no,no,no,no,yes,0.210834553440703,0.199558173784978,0.236259814418273,0.215550847214651
Scioto,049627,Minford Local,025080,Minford High School,9-12,Open,no,no,no,no,no,no,no,yes,0.210834553440703,0.199558173784978,0.236259814418273,0.215550847214651
Scioto,049627,Minford Local,036517,Minford Middle School,4-8,Open,no,no,no,no,no,no,no,yes,0.210834553440703,0.199558173784978,0.236259814418273,0.215550847214651
Scioto,049635,Northwest Local,027854,Northwest High School,9-12,Open,no,no,no,no,no,no,no,yes,0.244910179640719,0.223493975903614,0.279279279279279,0.249227811607871
Scioto,049635,Northwest Local,120261,Northwest Middle School,6-8,Open,no,no,no,no,no,no,no,yes,0.244910179640719,0.223493975903614,0.279279279279279,0.249227811607871
Scioto,049635,Northwest Local,120279,Northwest Elementary School,K-5;P,Open,no,no,no,no,no,no,no,yes,0.244910179640719,0.223493975903614,0.279279279279279,0.249227811607871
Scioto,049643,Valley Local,038075,Valley Elementary School,K-4;P,Open,no,no,no,no,no,no,no,yes,0.219298245614035,0.194260485651214,0.24197247706422,0.21851040277649
Scioto,049643,Valley Local,038125,Valley High School,9-12,Open,no,no,no,no,no,no,no,yes,0.219298245614035,0.194260485651214,0.24197247706422,0.21851040277649
Scioto,049643,Valley Local,038133,Valley Middle School,5-8,Open,no,no,no,no,no,no,no,yes,0.219298245614035,0.194260485651214,0.24197247706422,0.21851040277649
Scioto,049650,Washington-Nile Local,030585,Portsmouth West High School,9-12,Open,no,no,no,no,no,no,no,yes,0.271950271950272,0.26192337763878,0.320060105184072,0.284644584924375
Scioto,049650,Washington-Nile Local,125773,Portsmouth West Elementary School,K-4;P,Open,no,no,no,no,no,no,no,yes,0.271950271950272,0.26192337763878,0.320060105184072,0.284644584924375
Scioto,049650,Washington-Nile Local,125781,Portsmouth West Middle School,5-8,Open,no,no,no,no,no,no,no,yes,0.271950271950272,0.26192337763878,0.320060105184072,0.284644584924375
Scioto,049668,Wheelersburg Local,040923,Wheelersburg Elementary School,K-3;P,Open,no,no,no,no,no,no,no,yes,0.19,0.181888544891641,0.234104046242775,0.201997530378138
Scioto,049668,Wheelersburg Local,040931,Wheelersburg High School,9-12,Open,no,no,no,no,no,no,no,yes,0.19,0.181888544891641,0.234104046242775,0.201997530378138
Scioto,049668,Wheelersburg Local,146308,Wheelersburg Middle School,4-8,Open,no,no,no,no,no,no,no,yes,0.19,0.181888544891641,0.234104046242775,0.201997530378138
Seneca,043992,Fostoria City,012039,Fostoria Junior/Senior High School,7-12,Open,yes,no,yes,no,yes,yes,yes,yes,0.241708126036484,0.218098415346122,0.25462962962963,0.238145390337412
Seneca,043992,Fostoria City,031757,Fostoria Elementary School,K-6;P,Open,no,no,no,no,no,no,yes,yes,0.241708126036484,0.218098415346122,0.25462962962963,0.238145390337412
Seneca,044891,Tiffin City Schools,007054,Columbian High School,9-12,Open,no,no,no,no,no,no,no,no,0.137573004542505,0.117511520737327,0.148876404494382,0.134653643258071
Seneca,044891,Tiffin City Schools,019331,Krout 2-3 Elementary,2-3,Open,no,no,no,no,no,no,no,no,0.137573004542505,0.117511520737327,0.148876404494382,0.134653643258071
Seneca,044891,Tiffin City Schools,019784,Tornado Academy,K-12,Open,no,no,no,no,yes,yes,yes,no,0.137573004542505,0.117511520737327,0.148876404494382,0.134653643258071
Seneca,044891,Tiffin City Schools,027268,Noble 4-5 Elementary,4-5,Open,no,no,no,no,no,no,no,no,0.137573004542505,0.117511520737327,0.148876404494382,0.134653643258071
Seneca,044891,Tiffin City Schools,039420,Washington K-1 Elementary School,K-1,Open,no,no,no,no,no,no,no,no,0.137573004542505,0.117511520737327,0.148876404494382,0.134653643258071
Seneca,044891,Tiffin City Schools,040584,Tiffin Middle School,6-8,Open,no,no,no,no,no,no,no,no,0.137573004542505,0.117511520737327,0.148876404494382,0.134653643258071
Seneca,049684,Seneca East Local,001180,Seneca East Elementary,K-5,Open,no,no,no,no,no,no,no,no,0.069686411149826,0.067757009345794,0.090163934426229,0.075869118307283
Seneca,049684,Seneca East Local,001198,Seneca East High School,9-12,Open,no,no,no,no,no,no,no,no,0.069686411149826,0.067757009345794,0.090163934426229,0.075869118307283
Seneca,049684,Seneca East Local,061846,Seneca East Middle School,6-8,Open,no,no,no,no,no,no,no,no,0.069686411149826,0.067757009345794,0.090163934426229,0.075869118307283
Seneca,049700,Hopewell-Loudon Local,016808,Hopewell-Loudon Local Elementary School,K-6,Open,no,no,no,no,no,no,no,no,0.065052950075643,0.056316590563166,0.074966532797858,0.065445357812222
Seneca,049700,Hopewell-Loudon Local,016816,Hopewell-Loudon Local High School,7-12,Open,no,no,no,no,no,no,no,no,0.065052950075643,0.056316590563166,0.074966532797858,0.065445357812222
Seneca,049718,New Riegel Local,026948,New Riegel Elementary School,K-5,Open,no,no,no,no,no,no,no,no,0.06140350877193,0.055882352941177,0.075581395348837,0.064289085687315
Seneca,049718,New Riegel Local,026955,New Riegel High School,6-12,Open,no,no,no,no,no,no,no,no,0.06140350877193,0.055882352941177,0.075581395348837,0.064289085687315
Seneca,049726,Old Fort Local,028498,Old Fort Elementary School Bettsville Campus,K-6;P,Open,no,no,no,no,no,no,no,no,0.085714285714286,0.065259117082534,0.105660377358491,0.085544593385103
Seneca,049726,Old Fort Local,028506,Old Fort High School,7-12,Open,no,no,no,no,no,no,no,no,0.085714285714286,0.065259117082534,0.105660377358491,0.085544593385103
Shelby,044784,Sidney City,010512,Emerson Primary School,K-2,Open,no,no,no,no,no,no,no,no,0.147259468360386,0.157156443176415,0.187813620071685,0.164076510536162
Shelby,044784,Sidney City,019732,Jacket Virtual Academy,3-12,Open,no,no,no,no,no,,yes,no,0.147259468360386,0.157156443176415,0.187813620071685,0.164076510536162
Shelby,044784,Sidney City,021337,Longfellow Primary School,K-2,Open,no,no,no,no,no,no,no,no,0.147259468360386,0.157156443176415,0.187813620071685,0.164076510536162
Shelby,044784,Sidney City,029306,Northwood Intermediate School,3-4,Open,no,no,no,no,no,no,no,no,0.147259468360386,0.157156443176415,0.187813620071685,0.164076510536162
Shelby,044784,Sidney City,034561,Sidney High School,9-12,Open,no,no,no,no,no,no,no,no,0.147259468360386,0.157156443176415,0.187813620071685,0.164076510536162
Shelby,044784,Sidney City,043018,Sidney Middle School,5-8,Open,no,no,no,no,no,no,no,no,0.147259468360386,0.157156443176415,0.187813620071685,0.164076510536162
Shelby,049759,Anna Local,000745,Anna Elementary School,K-5,Open,no,no,no,no,no,no,no,no,0.038327526132404,0.046654929577465,0.044921875,0.043301443569956
Shelby,049759,Anna Local,000752,Anna High School,9-12,Open,no,no,no,no,no,no,no,no,0.038327526132404,0.046654929577465,0.044921875,0.043301443569956
Shelby,049759,Anna Local,142331,Anna Middle School,6-8,Open,no,no,no,no,no,no,no,no,0.038327526132404,0.046654929577465,0.044921875,0.043301443569956
Shelby,049767,Botkins Local,003210,Botkins Elementary School,K-6,Open,no,no,no,no,no,no,no,no,0.046683046683047,0.037220843672457,0.048837209302326,0.044247033219276
Shelby,049767,Botkins Local,003228,Botkins High School,7-12,Open,no,no,no,no,no,no,no,no,0.046683046683047,0.037220843672457,0.048837209302326,0.044247033219276
Shelby,049775,Fairlawn Local,011155,Fairlawn Elementary School,K-5;P,Open,no,no,no,no,no,no,no,no,0.143564356435644,0.13,0.116402116402116,0.129988824279253
Shelby,049775,Fairlawn Local,011163,Fairlawn High School,6-12,Open,no,no,no,no,no,no,no,no,0.143564356435644,0.13,0.116402116402116,0.129988824279253
Shelby,049783,Fort Loramie Local,012633,Fort Loramie Elementary School,K-6,Open,no,no,no,no,no,no,no,no,0.025806451612903,0.027379400260756,0.030193236714976,0.027793029529545
Shelby,049783,Fort Loramie Local,012641,Fort Loramie Junior-Senior High School,7-12,Open,no,no,no,no,no,no,no,no,0.025806451612903,0.027379400260756,0.030193236714976,0.027793029529545
Shelby,049791,Hardin-Houston Local,015149,Hardin Houston Elementary School,K-6,Open,no,no,no,no,no,no,no,no,0.117983963344788,0.104166666666667,0.093376764386536,0.105175798132664
Shelby,049791,Hardin-Houston Local,015156,Houston High School,7-12,Open,no,no,no,no,no,no,no,no,0.117983963344788,0.104166666666667,0.093376764386536,0.105175798132664
Shelby,049809,Jackson Center Local,017574,Jackson Center Elementary School,K-6;P,Open,no,no,no,no,no,no,no,no,0.075789473684211,0.08067940552017,0.103313840155945,0.086594239786775
Shelby,049809,Jackson Center Local,017582,Jackson Center High School,7-12,Open,no,no,no,no,no,no,no,no,0.075789473684211,0.08067940552017,0.103313840155945,0.086594239786775
Shelby,049817,Russia Local,033043,Russia Elementary School,K-6,Open,no,no,no,no,no,no,no,no,0.042079207920792,0.04,0.023560209424084,0.035213139114959
Shelby,049817,Russia Local,033050,Russia High School,7-12,Open,no,no,no,no,no,no,no,no,0.042079207920792,0.04,0.023560209424084,0.035213139114959
Stark,043497,Alliance City,000463,Alliance High School,9-12,Open,yes,no,yes,no,yes,yes,yes,yes,0.25836854078648,0.263363754889179,0.259259259259259,0.26033051831164
Stark,043497,Alliance City,029256,Alliance Early Learning School,K-1,Open,no,no,no,no,no,no,no,yes,0.25836854078648,0.263363754889179,0.259259259259259,0.26033051831164
Stark,043497,Alliance City,145391,Alliance Middle School,6-8,Open,yes,no,yes,no,yes,yes,yes,yes,0.25836854078648,0.263363754889179,0.259259259259259,0.26033051831164
Stark,043497,Alliance City,145409,Alliance Intermediate School @ Northside,4-5,Open,no,no,no,no,no,no,no,yes,0.25836854078648,0.263363754889179,0.259259259259259,0.26033051831164
Stark,043497,Alliance City,145417,Alliance Elementary School at Rockhill,2-3,Open,no,no,no,no,no,no,no,yes,0.25836854078648,0.263363754889179,0.259259259259259,0.26033051831164
Stark,043711,Canton City,000406,Stephanie Rushin Patrick Elementary School,K-6,Open,yes,no,yes,no,yes,yes,yes,yes,0.370258272800646,0.376794016575702,0.358549730524253,0.368534006633534
Stark,043711,Canton City,000859,Canton Arts Academy @ Summit,K-6,Open,no,no,no,no,no,no,no,yes,0.370258272800646,0.376794016575702,0.358549730524253,0.368534006633534
Stark,043711,Canton City,005124,Cedar Elementary School,K-3,Open,yes,no,yes,no,yes,yes,yes,yes,0.370258272800646,0.376794016575702,0.358549730524253,0.368534006633534
Stark,043711,Canton City,006379,Clarendon Intermediate School,4-6,Open,yes,no,yes,no,yes,yes,yes,yes,0.370258272800646,0.376794016575702,0.358549730524253,0.368534006633534
Stark,043711,Canton City,010216,Bulldog Virtual Academy,K-12,Open,yes,no,yes,no,yes,yes,yes,yes,0.370258272800646,0.376794016575702,0.358549730524253,0.368534006633534
Stark,043711,Canton City,013409,Gibbs Elementary School,K-3,Open,yes,no,yes,no,yes,yes,yes,yes,0.370258272800646,0.376794016575702,0.358549730524253,0.368534006633534
Stark,043711,Canton City,015123,Harter Elementary School,K-3,Open,yes,no,yes,no,yes,yes,yes,yes,0.370258272800646,0.376794016575702,0.358549730524253,0.368534006633534
Stark,043711,Canton City,015495,STEAMM Academy,4-8,Open,yes,no,yes,no,yes,yes,yes,yes,0.370258272800646,0.376794016575702,0.358549730524253,0.368534006633534
Stark,043711,Canton City,016912,AIM Academy @ Belden,K-6,Open,yes,no,yes,no,yes,yes,yes,yes,0.370258272800646,0.376794016575702,0.358549730524253,0.368534006633534
Stark,043711,Canton City,023531,McGregor Intermediate School,4-6,Open,yes,no,yes,no,yes,yes,yes,yes,0.370258272800646,0.376794016575702,0.358549730524253,0.368534006633534
Stark,043711,Canton City,023846,McKinley High School,9-12,Open,yes,no,yes,no,yes,yes,yes,yes,0.370258272800646,0.376794016575702,0.358549730524253,0.368534006633534
Stark,043711,Canton City,036194,Belle Stone Elementary School,K-3,Open,yes,no,yes,no,yes,yes,yes,yes,0.370258272800646,0.376794016575702,0.358549730524253,0.368534006633534
Stark,043711,Canton City,042259,Worley Elementary School,K-6,Open,yes,no,yes,no,yes,yes,yes,yes,0.370258272800646,0.376794016575702,0.358549730524253,0.368534006633534
Stark,043711,Canton City,042549,Youtz Intermediate School,4-6,Open,yes,no,yes,no,yes,yes,yes,yes,0.370258272800646,0.376794016575702,0.358549730524253,0.368534006633534
Stark,043711,Canton City,065508,Crenshaw Middle School,7-8,Open,yes,no,yes,no,yes,yes,yes,yes,0.370258272800646,0.376794016575702,0.358549730524253,0.368534006633534
Stark,043711,Canton City,123026,Portage Collab Montessori Middle School,K-6;P,Open,no,no,no,no,no,no,no,yes,0.370258272800646,0.376794016575702,0.358549730524253,0.368534006633534
Stark,043711,Canton City,140152,Choices Alternative School,10-12,Open,yes,no,yes,no,yes,yes,yes,yes,0.370258272800646,0.376794016575702,0.358549730524253,0.368534006633534
Stark,044354,Massillon City,000737,Massillon Junior High School,7-8,Open,no,no,no,no,no,no,no,yes,0.217627118644068,0.229898074745187,0.225697569756976,0.22440758771541
Stark,044354,Massillon City,012245,Franklin Elementary School,K-3,Open,no,no,no,no,no,no,no,yes,0.217627118644068,0.229898074745187,0.225697569756976,0.22440758771541
Stark,044354,Massillon City,013124,Massillon Intermediate School,4-6,Open,no,no,no,no,no,no,no,yes,0.217627118644068,0.229898074745187,0.225697569756976,0.22440758771541
Stark,044354,Massillon City,013896,Gorrell Elementary School,K-3,Open,no,no,no,no,no,no,no,yes,0.217627118644068,0.229898074745187,0.225697569756976,0.22440758771541
Stark,044354,Massillon City,039602,Washington High School,9-12,Open,no,no,no,no,no,no,no,yes,0.217627118644068,0.229898074745187,0.225697569756976,0.22440758771541
Stark,044354,Massillon City,041178,Whittier Elementary School,K-3,Open,no,no,no,no,no,no,no,yes,0.217627118644068,0.229898074745187,0.225697569756976,0.22440758771541
Stark,044503,North Canton City,006601,North Canton Primary School,K-2;P,Open,no,no,no,no,no,no,no,no,0.065459903178278,0.060312104597216,0.069464847848898,0.065078951874798
Stark,044503,North Canton City,014605,Greentown Intermediate School,3-5,Closed,no,no,no,no,no,no,no,no,0.065459903178278,0.060312104597216,0.069464847848898,0.065078951874798
Stark,044503,North Canton City,016758,Hoover High School,9-12,Open,no,no,no,no,no,no,no,no,0.065459903178278,0.060312104597216,0.069464847848898,0.065078951874798
Stark,044503,North Canton City,026104,North Canton Middle School,6-8,Open,no,no,no,no,no,no,no,no,0.065459903178278,0.060312104597216,0.069464847848898,0.065078951874798
Stark,044503,North Canton City,028738,North Canton Intermediate School,3-5,Open,no,no,no,no,no,no,no,no,0.065459903178278,0.060312104597216,0.069464847848898,0.065078951874798
Stark,044503,North Canton City,064212,Northwood Elementary School,K-2,Closed,no,no,no,no,no,no,no,no,0.065459903178278,0.060312104597216,0.069464847848898,0.065078951874798
Stark,049833,Canton Local,004812,Canton South High School,9-12,Open,no,no,no,no,no,no,no,no,0.165797705943691,0.185513288170922,0.210027855153203,0.187112949755939
Stark,049833,Canton Local,043430,Canton South Middle School,6-8,Open,no,no,no,no,no,no,no,no,0.165797705943691,0.185513288170922,0.210027855153203,0.187112949755939
Stark,049833,Canton Local,061804,Faircrest Memorial Elementary School,K-5,Open,no,no,no,no,no,no,no,no,0.165797705943691,0.185513288170922,0.210027855153203,0.187112949755939
Stark,049841,Fairless Local,009488,Fairless Elementary School,K-5,Open,no,no,no,no,no,no,no,no,0.13931718061674,0.131898454746137,0.118229166666667,0.129814934009848
Stark,049841,Fairless Local,011171,Fairless High School,9-12,Open,no,no,no,no,no,no,no,no,0.13931718061674,0.131898454746137,0.118229166666667,0.129814934009848
Stark,049841,Fairless Local,018572,Fairless Middle School,6-8,Open,no,no,no,no,no,no,no,no,0.13931718061674,0.131898454746137,0.118229166666667,0.129814934009848
Stark,049858,Jackson Local,000638,Amherst Elementary School,K-5,Open,no,no,no,no,no,no,no,no,0.056391599140069,0.068102734051367,0.06415829710688,0.062884210099439
Stark,049858,Jackson Local,017772,Jackson High School,9-12;PS;UNG;SN,Open,no,no,no,no,no,no,no,no,0.056391599140069,0.068102734051367,0.06415829710688,0.062884210099439
Stark,049858,Jackson Local,019489,Lake Cable Elementary School,K-5,Open,no,no,no,no,no,no,no,no,0.056391599140069,0.068102734051367,0.06415829710688,0.062884210099439
Stark,049858,Jackson Local,033621,Sauder Elementary School,K-5,Open,no,no,no,no,no,no,no,no,0.056391599140069,0.068102734051367,0.06415829710688,0.062884210099439
Stark,049858,Jackson Local,067975,Jackson Memorial Middle School,6-8,Open,no,no,no,no,no,no,no,no,0.056391599140069,0.068102734051367,0.06415829710688,0.062884210099439
Stark,049858,Jackson Local,145433,Strausser Elementary School,K-5,Open,no,no,no,no,no,no,no,no,0.056391599140069,0.068102734051367,0.06415829710688,0.062884210099439
Stark,049866,Lake Local,037879,Lake Primary School,K-1,Open,no,no,no,no,no,no,no,no,0.062229437229437,0.064822348793057,0.056824078879087,0.061291954967194
Stark,049866,Lake Local,061812,Lake Middle / High School,7-12,Open,no,no,no,no,no,no,no,no,0.062229437229437,0.064822348793057,0.056824078879087,0.061291954967194
Stark,049866,Lake Local,081786,Lake Elementary School,2-6,Open,no,no,no,no,no,no,no,no,0.062229437229437,0.064822348793057,0.056824078879087,0.061291954967194
Stark,049874,Louisville City,021568,Louisville Elementary School,K-5,Open,no,no,no,no,no,no,no,no,0.097305863708399,0.103207367418228,0.097000638162093,0.099171289762907
Stark,049874,Louisville City,021576,Louisville High School,9-12,Open,no,no,no,no,no,no,no,no,0.097305863708399,0.103207367418228,0.097000638162093,0.099171289762907
Stark,049874,Louisville City,021584,Louisville Middle School,6-8,Open,no,no,no,no,no,no,no,no,0.097305863708399,0.103207367418228,0.097000638162093,0.099171289762907
Stark,049874,Louisville City,026286,North Nimishillen Elementary School,K-2;P,Open,no,no,no,no,no,no,no,no,0.097305863708399,0.103207367418228,0.097000638162093,0.099171289762907
Stark,049882,Marlington Local,019223,Marlboro Elementary,K-5,Open,no,no,no,no,no,no,no,no,0.104059913283406,0.099921011058452,0.122134038800705,0.108704987714188
Stark,049882,Marlington Local,020230,Lexington Elementary School,K-5,Open,no,no,no,no,no,no,no,no,0.104059913283406,0.099921011058452,0.122134038800705,0.108704987714188
Stark,049882,Marlington Local,022947,Marlington High School,9-12,Open,no,no,no,no,no,no,no,no,0.104059913283406,0.099921011058452,0.122134038800705,0.108704987714188
Stark,049882,Marlington Local,039537,Washington Elementary School,K-5,Open,no,no,no,no,no,no,no,no,0.104059913283406,0.099921011058452,0.122134038800705,0.108704987714188
Stark,049882,Marlington Local,061820,Marlington Middle School,6-8,Open,no,no,no,no,no,no,no,no,0.104059913283406,0.099921011058452,0.122134038800705,0.108704987714188
Stark,049890,Minerva Local,023077,Minerva Elementary School,K-5,Open,no,no,no,no,no,no,no,no,0.178282009724473,0.181372549019608,0.173164556962025,0.177606371902035
Stark,049890,Minerva Local,025031,Minerva Middle School,6-8,Open,no,no,no,no,no,no,no,no,0.178282009724473,0.181372549019608,0.173164556962025,0.177606371902035
Stark,049890,Minerva Local,025056,Minerva High School,9-12,Open,no,no,no,no,no,no,no,no,0.178282009724473,0.181372549019608,0.173164556962025,0.177606371902035
Stark,049908,Northwest Local,004754,W. S. Stinson Elementary School,3-5,Open,no,no,no,no,no,no,no,no,0.088152985074627,0.08933582787652,0.095051445369917,0.090846752773688
Stark,049908,Northwest Local,006700,Northwest Primary School,K-2,Open,no,no,no,no,no,no,no,no,0.088152985074627,0.08933582787652,0.095051445369917,0.090846752773688
Stark,049908,Northwest Local,027862,Northwest High School,9-12,Open,no,no,no,no,no,no,no,no,0.088152985074627,0.08933582787652,0.095051445369917,0.090846752773688
Stark,049908,Northwest Local,028134,Northwest Middle School,6-8,Open,no,no,no,no,no,no,no,no,0.088152985074627,0.08933582787652,0.095051445369917,0.090846752773688
Stark,049916,Osnaburg Local,008953,East Canton Elementary School,K-5;P,Open,no,no,no,no,no,no,no,no,0.100250626566416,0.10929648241206,0.091775923718713,0.100441010899063
Stark,049916,Osnaburg Local,008961,East Canton High School,9-12,Open,no,no,no,no,no,no,no,no,0.100250626566416,0.10929648241206,0.091775923718713,0.100441010899063
Stark,049916,Osnaburg Local,117879,East Canton Middle School,6-8,Open,no,no,no,no,no,no,no,no,0.100250626566416,0.10929648241206,0.091775923718713,0.100441010899063
Stark,049924,Perry Local,010058,Edison Middle School,7-8,Open,no,no,no,no,no,no,no,no,0.107430617726052,0.115721013680197,0.111352289993488,0.111501307133246
Stark,049924,Perry Local,013268,Genoa Elementary School,K-4,Open,no,no,no,no,no,no,no,no,0.107430617726052,0.115721013680197,0.111352289993488,0.111501307133246
Stark,049924,Perry Local,021253,Lohr Elementary School,K-4,Open,no,no,no,no,no,no,no,no,0.107430617726052,0.115721013680197,0.111352289993488,0.111501307133246
Stark,049924,Perry Local,029702,Perry High School,9-12,Open,no,no,no,no,no,no,no,no,0.107430617726052,0.115721013680197,0.111352289993488,0.111501307133246
Stark,049924,Perry Local,039859,Watson Elementary School,K-4,Open,no,no,no,no,no,no,no,no,0.107430617726052,0.115721013680197,0.111352289993488,0.111501307133246
Stark,049924,Perry Local,040972,Whipple Heights Elementary School,K-4,Open,no,no,no,no,no,no,no,no,0.107430617726052,0.115721013680197,0.111352289993488,0.111501307133246
Stark,049924,Perry Local,061838,T C Knapp Elementary School,K-4;P,Open,no,no,no,no,no,no,no,no,0.107430617726052,0.115721013680197,0.111352289993488,0.111501307133246
Stark,049924,Perry Local,067942,Pfeiffer Intermediate School,5-6,Open,no,no,no,no,no,no,no,no,0.107430617726052,0.115721013680197,0.111352289993488,0.111501307133246
Stark,049932,Plain Local,001404,Avondale Elementary School,K-4,Open,no,no,no,no,no,no,no,no,0.134897360703812,0.141597028783658,0.133333333333333,0.136609240940268
Stark,049932,Plain Local,005926,Charles L Warstler Elementary School,K-4,Open,no,no,no,no,no,no,no,no,0.134897360703812,0.141597028783658,0.133333333333333,0.136609240940268
Stark,049932,Plain Local,008304,Middlebranch Elementary School,K-4,Open,no,no,no,no,no,no,no,no,0.134897360703812,0.141597028783658,0.133333333333333,0.136609240940268
Stark,049932,Plain Local,012401,Frazer Elementary School,K-4,Open,no,no,no,no,no,no,no,no,0.134897360703812,0.141597028783658,0.133333333333333,0.136609240940268
Stark,049932,Plain Local,024505,Oakwood Middle School,7-8,Open,no,no,no,no,no,no,no,no,0.134897360703812,0.141597028783658,0.133333333333333,0.136609240940268
Stark,049932,Plain Local,028365,GlenOak High School,9-12,Open,no,no,no,no,no,no,no,no,0.134897360703812,0.141597028783658,0.133333333333333,0.136609240940268
Stark,049932,Plain Local,031070,Ransom H Barr Elementary School,K-4,Open,no,no,no,no,no,no,no,no,0.134897360703812,0.141597028783658,0.133333333333333,0.136609240940268
Stark,049932,Plain Local,036848,Glenwood Intermediate School,5-6,Open,no,no,no,no,no,no,no,no,0.134897360703812,0.141597028783658,0.133333333333333,0.136609240940268
Stark,049932,Plain Local,041384,Robert A. Taft Elementary School,K-4,Open,no,no,no,no,no,no,no,no,0.134897360703812,0.141597028783658,0.133333333333333,0.136609240940268
Stark,049940,Sandy Valley Local,009968,Sandy Valley Elementary School,K-5;P,Open,no,no,no,no,no,no,no,no,0.135036496350365,0.169714703730797,0.168564920273349,0.15777204011817
Stark,049940,Sandy Valley Local,009972,Sandy Valley Middle School,6-8,Open,no,no,no,no,no,no,no,no,0.135036496350365,0.169714703730797,0.168564920273349,0.15777204011817
Stark,049940,Sandy Valley Local,033563,Sandy Valley High School,9-12,Open,no,no,no,no,no,no,no,no,0.135036496350365,0.169714703730797,0.168564920273349,0.15777204011817
Stark,049957,Tuslaw Local,025130,Tuslaw Middle School,5-8,Open,no,no,no,no,no,no,no,no,0.085637221847606,0.096621621621622,0.087414755114693,0.089891199527974
Stark,049957,Tuslaw Local,027532,Tuslaw Elementary School,K-4,Open,no,no,no,no,no,no,no,no,0.085637221847606,0.096621621621622,0.087414755114693,0.089891199527974
Stark,049957,Tuslaw Local,037671,Tuslaw High School,9-12,Open,no,no,no,no,no,no,no,no,0.085637221847606,0.096621621621622,0.087414755114693,0.089891199527974
Summit,043489,Akron City,000363,Akron Alternative Academy,9-12,Open,yes,no,yes,no,yes,yes,yes,yes,0.369251987079447,0.266279324709494,0.300711485407289,0.312080932398743
Summit,043489,Akron City,001537,Barber Community Learning Center,K-5;P,Open,yes,no,yes,no,yes,yes,yes,yes,0.369251987079447,0.266279324709494,0.300711485407289,0.312080932398743
Summit,043489,Akron City,002634,Betty Jane Community Learning Center,K-5,Open,no,no,no,no,no,no,no,yes,0.369251987079447,0.266279324709494,0.300711485407289,0.312080932398743
Summit,043489,Akron City,004077,Buchtel Community Learning Center,6-12,Open,yes,no,yes,no,yes,yes,yes,yes,0.369251987079447,0.266279324709494,0.300711485407289,0.312080932398743
Summit,043489,Akron City,005074,Case Community Learning Center,K-5;P,Open,no,no,no,no,no,no,no,yes,0.369251987079447,0.266279324709494,0.300711485407289,0.312080932398743
Summit,043489,Akron City,007864,Crouse Community Learning Center,K-5;P,Open,yes,no,yes,no,yes,yes,yes,yes,0.369251987079447,0.266279324709494,0.300711485407289,0.312080932398743
Summit,043489,Akron City,009107,Helen Arnold Community Learning Center,K-5,Open,yes,no,yes,no,yes,yes,yes,yes,0.369251987079447,0.266279324709494,0.300711485407289,0.312080932398743
Summit,043489,Akron City,009145,Akron Early College High School,9-12,Open,no,no,no,no,no,no,no,yes,0.369251987079447,0.266279324709494,0.300711485407289,0.312080932398743
Summit,043489,Akron City,009498,East Community Learning Center,6-12,Open,yes,no,yes,no,yes,yes,yes,yes,0.369251987079447,0.266279324709494,0.300711485407289,0.312080932398743
Summit,043489,Akron City,010272,Ellet Community Learning Center,9-12,Open,yes,no,yes,no,yes,yes,yes,yes,0.369251987079447,0.266279324709494,0.300711485407289,0.312080932398743
Summit,043489,Akron City,011130,Judith A Resnik Community Learning Center,K-5,Open,no,no,no,no,no,no,no,yes,0.369251987079447,0.266279324709494,0.300711485407289,0.312080932398743
Summit,043489,Akron City,011532,National Inventors Hall of Fame School Center for STEM,5-8,Open,no,no,no,no,no,no,no,yes,0.369251987079447,0.266279324709494,0.300711485407289,0.312080932398743
Summit,043489,Akron City,011635,Findley Community Learning Center,K-5,Open,yes,no,yes,no,yes,yes,yes,yes,0.369251987079447,0.266279324709494,0.300711485407289,0.312080932398743
Summit,043489,Akron City,011692,Firestone Community Learning Center,9-12,Open,yes,no,yes,no,yes,yes,yes,yes,0.369251987079447,0.266279324709494,0.300711485407289,0.312080932398743
Summit,043489,Akron City,011700,Firestone Park Elementary School,K-5,Open,yes,no,yes,no,yes,yes,yes,yes,0.369251987079447,0.266279324709494,0.300711485407289,0.312080932398743
Summit,043489,Akron City,011932,Forest Hill Community Learning Center,K-5,Open,yes,no,yes,no,yes,yes,yes,yes,0.369251987079447,0.266279324709494,0.300711485407289,0.312080932398743
Summit,043489,Akron City,013128,Garfield Community Learning Center,9-12,Open,yes,no,yes,no,yes,yes,yes,yes,0.369251987079447,0.266279324709494,0.300711485407289,0.312080932398743
Summit,043489,Akron City,013231,Akron STEM High School,9-12,Open,no,no,no,no,no,no,no,yes,0.369251987079447,0.266279324709494,0.300711485407289,0.312080932398743
Summit,043489,Akron City,013771,Glover Community Learning Center,K-5,Open,yes,no,yes,no,yes,yes,yes,yes,0.369251987079447,0.266279324709494,0.300711485407289,0.312080932398743
Summit,043489,Akron City,015347,Harris/Jackson Community Learning Center,K-5,Open,yes,no,yes,no,yes,yes,yes,yes,0.369251987079447,0.266279324709494,0.300711485407289,0.312080932398743
Summit,043489,Akron City,015610,Hatton Community Learning Center,K-5,Open,no,no,no,no,no,no,yes,yes,0.369251987079447,0.266279324709494,0.300711485407289,0.312080932398743
Summit,043489,Akron City,016188,Sam Salem Community Learning Center,K-5;P,Open,no,no,no,no,no,no,no,yes,0.369251987079447,0.266279324709494,0.300711485407289,0.312080932398743
Summit,043489,Akron City,016253,David Hill Community Learning Center,K-5,Open,yes,no,yes,no,yes,yes,yes,yes,0.369251987079447,0.266279324709494,0.300711485407289,0.312080932398743
Summit,043489,Akron City,017199,I Promise School,3-8,Open,yes,no,yes,no,yes,yes,yes,yes,0.369251987079447,0.266279324709494,0.300711485407289,0.312080932398743
Summit,043489,Akron City,017251,Hyre Community Learning Center,6-8,Open,yes,no,yes,no,yes,yes,yes,yes,0.369251987079447,0.266279324709494,0.300711485407289,0.312080932398743
Summit,043489,Akron City,017459,Innes Community Learning Center,6-8,Open,yes,no,yes,no,yes,yes,yes,yes,0.369251987079447,0.266279324709494,0.300711485407289,0.312080932398743
Summit,043489,Akron City,018259,Jennings Community Learning Center,6-8,Open,yes,no,yes,no,yes,yes,yes,yes,0.369251987079447,0.266279324709494,0.300711485407289,0.312080932398743
Summit,043489,Akron City,019042,King Community Learning Center,K-5,Open,no,no,no,no,no,no,no,yes,0.369251987079447,0.266279324709494,0.300711485407289,0.312080932398743
Summit,043489,Akron City,019803,APS Online,K-12,Open,yes,no,yes,no,yes,yes,yes,yes,0.369251987079447,0.266279324709494,0.300711485407289,0.312080932398743
Summit,043489,Akron City,020115,Leggett Community Learning Center,K-5,Open,yes,no,yes,no,yes,yes,yes,yes,0.369251987079447,0.266279324709494,0.300711485407289,0.312080932398743
Summit,043489,Akron City,021097,Litchfield Community Learning Center,6-8,Open,yes,no,yes,no,yes,yes,yes,yes,0.369251987079447,0.266279324709494,0.300711485407289,0.312080932398743
Summit,043489,Akron City,023135,Mason Community Learning Center,K-5;P,Open,yes,no,yes,no,yes,yes,yes,yes,0.369251987079447,0.266279324709494,0.300711485407289,0.312080932398743
Summit,043489,Akron City,023382,McEbright Community Learning Center,K-5,Open,yes,no,yes,no,yes,yes,yes,yes,0.369251987079447,0.266279324709494,0.300711485407289,0.312080932398743
Summit,043489,Akron City,027565,North High School,9-12,Open,yes,no,yes,no,yes,yes,yes,yes,0.369251987079447,0.266279324709494,0.300711485407289,0.312080932398743
Summit,043489,Akron City,029801,Pfeiffer Elementary School,K-5,Open,yes,no,yes,no,yes,yes,yes,yes,0.369251987079447,0.266279324709494,0.300711485407289,0.312080932398743
Summit,043489,Akron City,030536,Portage Path Community Learning Center,K-5,Open,yes,no,yes,no,yes,yes,yes,yes,0.369251987079447,0.266279324709494,0.300711485407289,0.312080932398743
Summit,043489,Akron City,031773,Rimer Community Learning Center,K-5;P,Open,no,no,no,no,no,no,no,yes,0.369251987079447,0.266279324709494,0.300711485407289,0.312080932398743
Summit,043489,Akron City,031849,Ritzman Community Learning Center,K-5,Open,no,no,no,no,no,no,no,yes,0.369251987079447,0.266279324709494,0.300711485407289,0.312080932398743
Summit,043489,Akron City,032110,Henry L Robinson Community Learning Center,K-5;P,Open,yes,no,yes,no,yes,yes,yes,yes,0.369251987079447,0.266279324709494,0.300711485407289,0.312080932398743
Summit,043489,Akron City,033746,Schumacher Community Learning Center,K-5,Open,yes,no,yes,no,yes,yes,yes,yes,0.369251987079447,0.266279324709494,0.300711485407289,0.312080932398743
Summit,043489,Akron City,033977,Seiberling Community Learning Center,K-5,Open,yes,no,yes,no,yes,yes,yes,yes,0.369251987079447,0.266279324709494,0.300711485407289,0.312080932398743
Summit,043489,Akron City,035048,Miller-South Visual Performing Arts,4-8,Open,no,no,no,no,no,no,no,yes,0.369251987079447,0.266279324709494,0.300711485407289,0.312080932398743
Summit,043489,Akron City,038505,Voris Community Learning Center,K-5,Open,no,no,no,no,no,no,yes,yes,0.369251987079447,0.266279324709494,0.300711485407289,0.312080932398743
Summit,043489,Akron City,041699,Windemere Community Learning Center,K-5;P,Open,no,no,no,no,no,no,no,yes,0.369251987079447,0.266279324709494,0.300711485407289,0.312080932398743
Summit,043539,Barberton City,001545,Barberton High School,9-12,Open,no,no,no,no,no,no,no,yes,0.27141041931385,0.227958088423205,0.267119565217391,0.255496024318149
Summit,043539,Barberton City,018457,Barberton Primary School,K-2,Open,no,no,no,no,no,no,no,yes,0.27141041931385,0.227958088423205,0.267119565217391,0.255496024318149
Summit,043539,Barberton City,019704,Barberton Virtual Academy,K-8,Open,yes,no,yes,no,yes,yes,yes,yes,0.27141041931385,0.227958088423205,0.267119565217391,0.255496024318149
Summit,043539,Barberton City,020503,Barberton Middle School,6-8,Open,no,no,no,no,no,no,no,yes,0.27141041931385,0.227958088423205,0.267119565217391,0.255496024318149
Summit,043539,Barberton City,030528,Barberton Intermediate School,3-5,Open,no,no,no,no,no,no,no,yes,0.27141041931385,0.227958088423205,0.267119565217391,0.255496024318149
Summit,043836,Cuyahoga Falls City,003103,Bolich Middle School,6-8,Open,no,no,no,no,no,no,no,no,0.128677839851024,0.096067415730337,0.109256449165402,0.111333901582254
Summit,043836,Cuyahoga Falls City,007930,Cuyahoga Falls High School,9-12,Open,no,no,no,no,no,no,no,no,0.128677839851024,0.096067415730337,0.109256449165402,0.111333901582254
Summit,043836,Cuyahoga Falls City,010215,Elizabeth Price Elementary School,K-5,Open,no,no,no,no,no,no,no,no,0.128677839851024,0.096067415730337,0.109256449165402,0.111333901582254
Summit,043836,Cuyahoga Falls City,013839,Gordon Dewitt Elementary School,K-5,Open,no,no,no,no,no,no,no,no,0.128677839851024,0.096067415730337,0.109256449165402,0.111333901582254
Summit,043836,Cuyahoga Falls City,020644,Lincoln Elementary School,K-5,Open,no,no,no,no,no,no,no,no,0.128677839851024,0.096067415730337,0.109256449165402,0.111333901582254
Summit,043836,Cuyahoga Falls City,030700,Preston Elementary School,K-5,Open,no,no,no,no,no,no,no,no,0.128677839851024,0.096067415730337,0.109256449165402,0.111333901582254
Summit,043836,Cuyahoga Falls City,031476,Richardson Elementary School,K-5,Open,no,no,no,no,no,no,no,no,0.128677839851024,0.096067415730337,0.109256449165402,0.111333901582254
Summit,043836,Cuyahoga Falls City,034603,Silver Lake Elementary School,K-5,Open,no,no,no,no,no,no,no,no,0.128677839851024,0.096067415730337,0.109256449165402,0.111333901582254
Summit,043836,Cuyahoga Falls City,042762,Roberts Middle School,6-8,Open,no,no,no,no,no,no,no,no,0.128677839851024,0.096067415730337,0.109256449165402,0.111333901582254
Summit,044552,Norton City,027995,Norton High School,9-12,Open,no,no,no,no,no,no,no,no,0.113468634686347,0.087198515769944,0.103756708407871,0.101474619621387
Summit,044552,Norton City,028001,Norton Elementary School,1-4,Open,no,no,no,no,no,no,no,no,0.113468634686347,0.087198515769944,0.103756708407871,0.101474619621387
Summit,044552,Norton City,028027,Norton Middle School,5-8,Open,no,no,no,no,no,no,no,no,0.113468634686347,0.087198515769944,0.103756708407871,0.101474619621387
Summit,044552,Norton City,028035,Norton Primary Elementary School,K;P,Open,no,no,no,no,no,no,no,no,0.113468634686347,0.087198515769944,0.103756708407871,0.101474619621387
Summit,044834,Stow-Munroe Falls City School District,009829,Echo Hills Elementary School,K-4,Open,no,no,no,no,no,no,no,no,0.08602856673781,0.062582562747688,0.071859296482412,0.073490141989303
Summit,044834,Stow-Munroe Falls City School District,011767,Fishcreek Elementary School,K-4,Open,no,no,no,no,no,no,no,no,0.08602856673781,0.062582562747688,0.071859296482412,0.073490141989303
Summit,044834,Stow-Munroe Falls City School District,016121,Highland Elementary School,K-4,Open,no,no,no,no,no,no,no,no,0.08602856673781,0.062582562747688,0.071859296482412,0.073490141989303
Summit,044834,Stow-Munroe Falls City School District,032011,Riverview Elementary School,K-4,Open,no,no,no,no,no,no,no,no,0.08602856673781,0.062582562747688,0.071859296482412,0.073490141989303
Summit,044834,Stow-Munroe Falls City School District,036210,Stow-Munroe Falls High School,9-12,Open,no,no,no,no,no,no,no,no,0.08602856673781,0.062582562747688,0.071859296482412,0.073490141989303
Summit,044834,Stow-Munroe Falls City School District,041988,Woodland Elementary School,K-4,Open,no,no,no,no,no,no,no,no,0.08602856673781,0.062582562747688,0.071859296482412,0.073490141989303
Summit,044834,Stow-Munroe Falls City School District,043034,Indian Trail Elementary School,K-4;P,Open,no,no,no,no,no,no,no,no,0.08602856673781,0.062582562747688,0.071859296482412,0.073490141989303
Summit,044834,Stow-Munroe Falls City School District,061291,Kimpton Middle School,7-8,Open,no,no,no,no,no,no,no,no,0.08602856673781,0.062582562747688,0.071859296482412,0.073490141989303
Summit,044834,Stow-Munroe Falls City School District,098418,Lakeview Elementary School,5-6,Open,no,no,no,no,no,no,no,no,0.08602856673781,0.062582562747688,0.071859296482412,0.073490141989303
Summit,044883,Tallmadge City,025965,Tallmadge Elementary School,K-5,Open,no,no,no,no,no,no,no,no,0.127985074626866,0.100225225225225,0.102870813397129,0.110360371083073
Summit,044883,Tallmadge City,036871,Tallmadge Middle School,6-8,Open,no,no,no,no,no,no,no,no,0.127985074626866,0.100225225225225,0.102870813397129,0.110360371083073
Summit,044883,Tallmadge City,036897,Tallmadge High School,9-12,Open,no,no,no,no,no,no,no,no,0.127985074626866,0.100225225225225,0.102870813397129,0.110360371083073
Summit,049973,Woodridge Local,003202,Woodridge Middle School,6-8;UNG,Open,no,no,no,no,no,no,no,no,0.171356572868543,0.135557432432432,0.163529411764706,0.156814472355227
Summit,049973,Woodridge Local,019725,Woodridge Virtual Academy,6-12;SN,Open,no,no,no,no,yes,yes,yes,no,0.171356572868543,0.135557432432432,0.163529411764706,0.156814472355227
Summit,049973,Woodridge Local,042051,Woodridge High School,9-12;UNG,Open,no,no,no,no,no,no,no,no,0.171356572868543,0.135557432432432,0.163529411764706,0.156814472355227
Summit,049973,Woodridge Local,123034,Woodridge Elementary School,K;1-5;UNG,Open,no,no,no,no,no,no,no,no,0.171356572868543,0.135557432432432,0.163529411764706,0.156814472355227
Summit,049981,Copley-Fairlawn City,001024,Arrowhead Primary Elementary School,K-4,Open,no,no,no,no,no,no,no,no,0.06815578465063,0.052707373271889,0.05985401459854,0.06023905750702
Summit,049981,Copley-Fairlawn City,007310,Copley High School,9-12,Open,no,no,no,no,no,no,no,no,0.06815578465063,0.052707373271889,0.05985401459854,0.06023905750702
Summit,049981,Copley-Fairlawn City,007328,Copley-Fairlawn Middle School,5-8,Open,no,no,no,no,no,no,no,no,0.06815578465063,0.052707373271889,0.05985401459854,0.06023905750702
Summit,049981,Copley-Fairlawn City,012609,Fort Island Primary Elementary School,K-4,Open,no,no,no,no,no,no,no,no,0.06815578465063,0.052707373271889,0.05985401459854,0.06023905750702
Summit,049981,Copley-Fairlawn City,015933,Herberich Primary Elementary School,K-4,Open,no,no,no,no,no,no,no,no,0.06815578465063,0.052707373271889,0.05985401459854,0.06023905750702
Summit,049999,Coventry Local,007286,Coventry High School,9-12,Open,no,no,no,no,no,no,no,no,0.170289855072464,0.117182756527019,0.143737166324435,0.143736592641306
Summit,049999,Coventry Local,010702,Coventry Middle School,5-8,Open,no,no,no,no,no,no,no,no,0.170289855072464,0.117182756527019,0.143737166324435,0.143736592641306
Summit,049999,Coventry Local,037622,Coventry Elementary School,K-4,Open,no,no,no,no,no,no,no,no,0.170289855072464,0.117182756527019,0.143737166324435,0.143736592641306
Summit,050005,Manchester Local,022400,Manchester Middle School,5-8,Open,no,no,no,no,no,no,no,no,0.098915989159892,0.074301295160191,0.099295774647887,0.090837686322657
Summit,050005,Manchester Local,022418,Manchester High School,9-12,Open,no,no,no,no,no,no,no,no,0.098915989159892,0.074301295160191,0.099295774647887,0.090837686322657
Summit,050005,Manchester Local,027318,Nolley Elementary School,K-4,Open,no,no,no,no,no,no,no,no,0.098915989159892,0.074301295160191,0.099295774647887,0.090837686322657
Summit,050013,Green Local,008252,Green Primary School,1-3,Open,no,no,no,no,no,no,no,no,0.125145382647127,0.082124473561067,0.081281833616299,0.096183896608164
Summit,050013,Green Local,014365,Green High School,9-12,Open,no,no,no,no,no,no,no,no,0.125145382647127,0.082124473561067,0.081281833616299,0.096183896608164
Summit,050013,Green Local,014654,Greenwood Early Learning Center,K;P,Open,no,no,no,no,no,no,no,no,0.125145382647127,0.082124473561067,0.081281833616299,0.096183896608164
Summit,050013,Green Local,043448,Green Middle School,7-8,Open,no,no,no,no,no,no,no,no,0.125145382647127,0.082124473561067,0.081281833616299,0.096183896608164
Summit,050013,Green Local,123398,Green Intermediate Elementary School,4-6,Open,no,no,no,no,no,no,no,no,0.125145382647127,0.082124473561067,0.081281833616299,0.096183896608164
Summit,050021,Hudson City,010827,McDowell Early Learning School,K;P,Open,no,no,no,no,no,no,no,no,0.026822818284851,0.021842355175688,0.026066350710901,0.024910508057147
Summit,050021,Hudson City,017079,Ellsworth Hill Elementary School,1-2,Open,no,no,no,no,no,no,no,no,0.026822818284851,0.021842355175688,0.026066350710901,0.024910508057147
Summit,050021,Hudson City,017087,Hudson Middle School,6-8,Open,no,no,no,no,no,no,no,no,0.026822818284851,0.021842355175688,0.026066350710901,0.024910508057147
Summit,050021,Hudson City,017095,Hudson High School,9-12,Open,no,no,no,no,no,no,no,no,0.026822818284851,0.021842355175688,0.026066350710901,0.024910508057147
Summit,050021,Hudson City,114090,East Woods Intermediate School,3-5,Open,no,no,no,no,no,no,no,no,0.026822818284851,0.021842355175688,0.026066350710901,0.024910508057147
Summit,050039,Mogadore Local,025148,Mogadore High School,9-12,Open,no,no,no,no,no,no,no,no,0.103139013452915,0.082706766917293,0.094420600858369,0.093422127076192
Summit,050039,Mogadore Local,034850,O H Somers Elementary School,K-6,Open,no,no,no,no,no,no,no,no,0.103139013452915,0.082706766917293,0.094420600858369,0.093422127076192
Summit,050039,Mogadore Local,138347,Mogadore Junior High School,7-8,Open,no,no,no,no,no,no,no,no,0.103139013452915,0.082706766917293,0.094420600858369,0.093422127076192
Summit,050047,Nordonia Hills City,009787,Lee Eaton Intermediate School,5-6,Open,no,no,no,no,no,no,no,no,0.061154911570424,0.048425112491965,0.0542966120709,0.054625545377763
Summit,050047,Nordonia Hills City,020065,Ledgeview Elementary School,K-4,Open,no,no,no,no,no,no,no,no,0.061154911570424,0.048425112491965,0.0542966120709,0.054625545377763
Summit,050047,Nordonia Hills City,027326,Nordonia Middle School,7-8,Open,no,no,no,no,no,no,no,no,0.061154911570424,0.048425112491965,0.0542966120709,0.054625545377763
Summit,050047,Nordonia Hills City,027334,Nordonia High School,9-12,Open,no,no,no,no,no,no,no,no,0.061154911570424,0.048425112491965,0.0542966120709,0.054625545377763
Summit,050047,Nordonia Hills City,027672,Northfield Elementary School,K-4,Open,no,no,no,no,no,no,no,no,0.061154911570424,0.048425112491965,0.0542966120709,0.054625545377763
Summit,050047,Nordonia Hills City,061473,Rushwood Elementary School,K-4,Open,no,no,no,no,no,no,no,no,0.061154911570424,0.048425112491965,0.0542966120709,0.054625545377763
Summit,050054,Revere Local,001735,Bath Elementary School,3-5,Open,no,no,no,no,no,no,no,no,0.045068773778168,0.035020600353149,0.039819485001327,0.039969619710881
Summit,050054,Revere Local,009720,Revere Middle School,6-8,Open,no,no,no,no,no,no,no,no,0.045068773778168,0.035020600353149,0.039819485001327,0.039969619710881
Summit,050054,Revere Local,016261,Richfield Elementary School,K-2;P,Open,no,no,no,no,no,no,no,no,0.045068773778168,0.035020600353149,0.039819485001327,0.039969619710881
Summit,050054,Revere Local,031393,Revere High School,9-12,Open,no,no,no,no,no,no,no,no,0.045068773778168,0.035020600353149,0.039819485001327,0.039969619710881
Summit,050062,Springfield Local,032482,Spring Hill Elementary,K-3,Open,no,no,no,no,no,no,no,no,0.219810576164167,0.177451369591108,0.191153238546603,0.196138394767293
Summit,050062,Springfield Local,033738,Schrop Intermediate School,4-6,Open,no,no,no,no,no,no,no,no,0.219810576164167,0.177451369591108,0.191153238546603,0.196138394767293
Summit,050062,Springfield Local,035485,Springfield Junior/Senior High School,7-12,Open,no,no,no,no,no,no,no,no,0.219810576164167,0.177451369591108,0.191153238546603,0.196138394767293
Summit,050070,Twinsburg City,002766,Samuel Bissell Elementary School,2-3,Open,no,no,no,no,no,no,no,no,0.076203833567087,0.050540667606958,0.053617021276596,0.060120507483547
Summit,050070,Twinsburg City,005785,R B Chamberlin Middle School,7-8,Open,no,no,no,no,no,no,no,no,0.076203833567087,0.050540667606958,0.053617021276596,0.060120507483547
Summit,050070,Twinsburg City,041251,Wilcox Elementary School,K-1;P,Open,no,no,no,no,no,no,no,no,0.076203833567087,0.050540667606958,0.053617021276596,0.060120507483547
Summit,050070,Twinsburg City,061481,Geo G Dodge Elementary School,4-6,Open,no,no,no,no,no,no,no,no,0.076203833567087,0.050540667606958,0.053617021276596,0.060120507483547
Summit,050070,Twinsburg City,136101,Twinsburg High School,9-12,Open,no,no,no,no,no,no,no,no,0.076203833567087,0.050540667606958,0.053617021276596,0.060120507483547
Trumbull,044065,Girard City School District,009159,Prospect Elementary School,K-3,Open,no,no,no,no,no,no,no,yes,0.2614590058102,0.304432855280313,0.246730083234245,0.270873981441586
Trumbull,044065,Girard City School District,013482,Girard Sr High School,9-12,Open,no,no,no,no,no,no,no,yes,0.2614590058102,0.304432855280313,0.246730083234245,0.270873981441586
Trumbull,044065,Girard City School District,037366,Girard Intermediate Middle School,4-6,Open,no,no,no,no,no,no,no,yes,0.2614590058102,0.304432855280313,0.246730083234245,0.270873981441586
Trumbull,044065,Girard City School District,139584,Girard Junior High School,7-8,Open,no,no,no,no,no,no,no,yes,0.2614590058102,0.304432855280313,0.246730083234245,0.270873981441586
Trumbull,044495,Niles City,010074,Niles Middle School,6-8,Open,no,no,no,no,no,no,no,yes,0.282591725214676,0.339905362776025,0.261359223300971,0.294618770430557
Trumbull,044495,Niles City,020735,Niles Primary School,K-2;P,Open,no,no,no,no,no,no,no,yes,0.282591725214676,0.339905362776025,0.261359223300971,0.294618770430557
Trumbull,044495,Niles City,023838,McKinley High School,9-12,Open,no,no,no,no,no,no,no,yes,0.282591725214676,0.339905362776025,0.261359223300971,0.294618770430557
Trumbull,044495,Niles City,039305,Niles Intermediate School,3-8,Open,no,no,no,no,no,no,no,yes,0.282591725214676,0.339905362776025,0.261359223300971,0.294618770430557
Trumbull,044990,Warren City,009108,Lincoln PK-8 School,P;K-8,Open,yes,no,yes,no,yes,yes,yes,yes,0.457351891506067,0.525112511251125,0.402080886054707,0.461515096270633
Trumbull,044990,Warren City,009109,Willard Avenue PK-8 School,P;K-8,Open,yes,no,yes,no,yes,yes,yes,yes,0.457351891506067,0.525112511251125,0.402080886054707,0.461515096270633
Trumbull,044990,Warren City,009112,Jefferson PK-8 School,P;K-8,Open,yes,no,yes,no,yes,yes,yes,yes,0.457351891506067,0.525112511251125,0.402080886054707,0.461515096270633
Trumbull,044990,Warren City,009113,McGuffey PK-8 School,P;K-8,Open,yes,no,yes,no,yes,yes,yes,yes,0.457351891506067,0.525112511251125,0.402080886054707,0.461515096270633
Trumbull,044990,Warren City,015222,Warren G Harding High School,9-12,Open,yes,no,yes,no,yes,yes,yes,yes,0.457351891506067,0.525112511251125,0.402080886054707,0.461515096270633
Trumbull,045427,Hubbard Exempted Village,017046,Hubbard High School,9-12,Open,no,no,no,no,no,no,no,no,0.166573191250701,0.16647791619479,0.128734383487235,0.153928496977576
Trumbull,045427,Hubbard Exempted Village,031245,Hubbard Middle School,5-8,Open,no,no,no,no,no,no,no,no,0.166573191250701,0.16647791619479,0.128734383487235,0.153928496977576
Trumbull,045427,Hubbard Exempted Village,032391,Hubbard Elementary School,K-4,Open,no,no,no,no,no,no,no,no,0.166573191250701,0.16647791619479,0.128734383487235,0.153928496977576
Trumbull,045567,Newton Falls Exempted Village,000950,Newton Falls Elementary School,K-3,Open,no,no,no,no,no,no,no,no,0.180769230769231,0.19036519036519,0.166533864541833,0.179222761892085
Trumbull,045567,Newton Falls Exempted Village,005256,Newton Falls Middle School,4-5,Open,no,no,no,no,no,no,no,no,0.180769230769231,0.19036519036519,0.166533864541833,0.179222761892085
Trumbull,045567,Newton Falls Exempted Village,027151,Newton Falls High School,9-12,Open,no,no,no,no,no,no,no,no,0.180769230769231,0.19036519036519,0.166533864541833,0.179222761892085
Trumbull,045567,Newton Falls Exempted Village,064725,Newton Falls Junior High School,6-8,Open,no,no,no,no,yes,yes,yes,no,0.180769230769231,0.19036519036519,0.166533864541833,0.179222761892085
Trumbull,050096,Bloomfield-Mespo Local,002956,Bloomfield High School,6-12,Open,no,no,no,no,no,no,no,no,0.160109789569991,0.168207024029575,0.107692307692308,0.145336373763958
Trumbull,050096,Bloomfield-Mespo Local,024331,Mesopotamia Elementary School,K-5;P,Open,no,no,no,no,no,no,yes,no,0.160109789569991,0.168207024029575,0.107692307692308,0.145336373763958
Trumbull,050112,Bristol Local,003632,Bristol Elementary School,K-6,Open,no,no,no,no,no,no,no,no,0.141199226305609,0.146627565982405,0.135772357723577,0.14119971667053
Trumbull,050112,Bristol Local,003640,Bristol High School,7-12,Open,no,no,no,no,no,no,no,no,0.141199226305609,0.146627565982405,0.135772357723577,0.14119971667053
Trumbull,050120,Brookfield Local,003749,Brookfield High School,9-12,Open,no,no,no,no,no,no,no,yes,0.237333333333333,0.263252470799641,0.211521152115212,0.237368985416062
Trumbull,050120,Brookfield Local,003756,Brookfield Middle School,5-8,Open,no,no,no,no,no,no,no,yes,0.237333333333333,0.263252470799641,0.211521152115212,0.237368985416062
Trumbull,050120,Brookfield Local,007906,Brookfield Elementary School,K-4,Open,no,no,no,no,no,no,no,yes,0.237333333333333,0.263252470799641,0.211521152115212,0.237368985416062
Trumbull,050138,Champion Local,005801,Champion Central Elementary School,K-4,Open,no,no,no,no,no,no,no,no,0.113505747126437,0.12844702467344,0.112551159618008,0.118167977139295
Trumbull,050138,Champion Local,005819,Champion High School,9-12,Open,no,no,no,no,no,no,no,no,0.113505747126437,0.12844702467344,0.112551159618008,0.118167977139295
Trumbull,050138,Champion Local,005835,Champion Middle School,5-8,Open,no,no,no,no,no,no,no,no,0.113505747126437,0.12844702467344,0.112551159618008,0.118167977139295
Trumbull,050153,Mathews Local,001461,Baker Elementary School,3-5,Open,no,no,no,no,no,no,no,no,0.174488567990373,0.180048661800487,0.143684820393975,0.166074016728278
Trumbull,050153,Mathews Local,007898,Currie Elementary School,K-2,Open,no,no,no,no,no,no,no,no,0.174488567990373,0.180048661800487,0.143684820393975,0.166074016728278
Trumbull,050153,Mathews Local,023218,Mathews High School,9-12,Open,no,no,no,no,no,no,no,no,0.174488567990373,0.180048661800487,0.143684820393975,0.166074016728278
Trumbull,050153,Mathews Local,026500,Mathews Junior High School,6-8,Open,no,no,no,no,no,no,no,no,0.174488567990373,0.180048661800487,0.143684820393975,0.166074016728278
Trumbull,050161,Howland Local,017004,Howland High School,9-12,Open,no,no,no,no,no,no,no,no,0.149253731343284,0.171931083991385,0.13942628418946,0.15353703317471
Trumbull,050161,Howland Local,017012,Howland Middle School,5-8,Open,no,no,no,no,no,no,no,no,0.149253731343284,0.171931083991385,0.13942628418946,0.15353703317471
Trumbull,050161,Howland Local,025064,Mines Elementary School,3-4,Open,no,no,no,no,no,no,no,no,0.149253731343284,0.171931083991385,0.13942628418946,0.15353703317471
Trumbull,050161,Howland Local,061986,Howland Glen Elementary School,1-2,Open,no,no,no,no,no,no,no,no,0.149253731343284,0.171931083991385,0.13942628418946,0.15353703317471
Trumbull,050161,Howland Local,061994,Howland Springs Elementary School,K;P,Open,no,no,no,no,no,no,no,no,0.149253731343284,0.171931083991385,0.13942628418946,0.15353703317471
Trumbull,050179,Joseph Badger Local,001446,Badger High School,9-12,Open,no,no,no,no,no,no,no,no,0.146579804560261,0.164654226125137,0.140112994350282,0.150449008345227
Trumbull,050179,Joseph Badger Local,014795,Badger Elementary School,K-4;P,Open,no,no,no,no,no,no,no,no,0.146579804560261,0.164654226125137,0.140112994350282,0.150449008345227
Trumbull,050179,Joseph Badger Local,038364,Badger Middle School,5-8,Open,no,no,no,no,no,no,no,no,0.146579804560261,0.164654226125137,0.140112994350282,0.150449008345227
Trumbull,050187,Lakeview Local,001818,Lakeview Elementary School,K-4,Open,no,no,no,no,no,no,no,no,0.120854412591343,0.135641316685585,0.10010649627263,0.11886740851652
Trumbull,050187,Lakeview Local,019661,Lakeview High School,8-12,Open,no,no,no,no,no,no,no,no,0.120854412591343,0.135641316685585,0.10010649627263,0.11886740851652
Trumbull,050187,Lakeview Local,071027,Lakeview Middle School,5-7,Open,no,no,no,no,no,no,no,no,0.120854412591343,0.135641316685585,0.10010649627263,0.11886740851652
Trumbull,050195,Liberty Local,002980,E J Blott Elementary School,K-3;P,Open,no,no,no,no,no,no,no,yes,0.259036144578313,0.297498309668695,0.235047846889952,0.263860767045653
Trumbull,050195,Liberty Local,014803,William S Guy Middle School,4-6,Open,yes,no,yes,no,yes,yes,yes,yes,0.259036144578313,0.297498309668695,0.235047846889952,0.263860767045653
Trumbull,050195,Liberty Local,020388,Liberty High School,7-12,Open,no,no,no,no,no,no,no,yes,0.259036144578313,0.297498309668695,0.235047846889952,0.263860767045653
Trumbull,050203,Lordstown Local,021469,Lordstown Elementary School,K-6,Open,no,no,no,no,no,no,no,no,0.173913043478261,0.192468619246862,0.133474576271186,0.166618746332103
Trumbull,050203,Lordstown Local,021477,Lordstown High School,7-12,Open,no,no,no,no,no,no,no,no,0.173913043478261,0.192468619246862,0.133474576271186,0.166618746332103
Trumbull,050211,Maplewood Local,022681,Maplewood High School,7-12,Open,no,no,no,no,no,no,no,no,0.139877300613497,0.185873605947955,0.155339805825243,0.160363570795565
Trumbull,050211,Maplewood Local,022699,Maplewood Elementary School,K-6,Open,no,no,no,no,no,no,no,no,0.139877300613497,0.185873605947955,0.155339805825243,0.160363570795565
Trumbull,050229,McDonald Local,023515,McDonald High School,7-12,Open,no,no,no,no,no,no,no,no,0.119808306709265,0.138709677419355,0.113636363636364,0.124051449254995
Trumbull,050229,McDonald Local,032490,Roosevelt Elementary School,K-6,Open,no,no,no,no,no,no,no,no,0.119808306709265,0.138709677419355,0.113636363636364,0.124051449254995
Trumbull,050237,Southington Local,005777,Chalker High School,9-12,Open,no,no,no,no,no,no,no,no,0.108771929824561,0.161347517730496,0.119083969465649,0.129734472340236
Trumbull,050237,Southington Local,035238,Southington Elementary School,K-5;P,Open,no,no,no,no,no,no,no,no,0.108771929824561,0.161347517730496,0.119083969465649,0.129734472340236
Trumbull,050237,Southington Local,098566,Southington Middle School,6-8,Open,no,no,no,no,no,no,no,no,0.108771929824561,0.161347517730496,0.119083969465649,0.129734472340236
Trumbull,050245,LaBrae Local,001669,Bascom Elementary School,K-2,Open,no,no,no,no,no,no,no,yes,0.252100840336135,0.264855687606112,0.229678638941399,0.248878388961215
Trumbull,050245,LaBrae Local,003335,LaBrae Intermediate School,3-5,Open,no,no,no,no,no,no,no,yes,0.252100840336135,0.264855687606112,0.229678638941399,0.248878388961215
Trumbull,050245,LaBrae Local,019992,LaBrae Middle School,6-8,Open,no,no,no,no,no,no,no,yes,0.252100840336135,0.264855687606112,0.229678638941399,0.248878388961215
Trumbull,050245,LaBrae Local,020008,LaBrae High School,9-12,Open,no,no,no,no,no,no,no,yes,0.252100840336135,0.264855687606112,0.229678638941399,0.248878388961215
Trumbull,050252,Weathersfield Local,025023,Mineral Ridge High School,7-12,Open,no,no,no,no,no,no,no,yes,0.201388888888889,0.221598877980365,0.178756476683938,0.20058141451773
Trumbull,050252,Weathersfield Local,033928,Seaborn Elementary School,K-6;P,Open,no,no,no,no,no,no,no,yes,0.201388888888889,0.221598877980365,0.178756476683938,0.20058141451773
Tuscarawas,043778,Claymont City,006510,Claymont Middle School,6-8,Open,no,no,no,no,no,no,no,yes,0.221323179438363,0.18936877076412,0.247164461247637,0.219285470483373
Tuscarawas,043778,Claymont City,006528,Claymont High School,9-12,Open,no,no,no,no,no,no,no,yes,0.221323179438363,0.18936877076412,0.247164461247637,0.219285470483373
Tuscarawas,043778,Claymont City,009688,Claymont Elementary School,1-2,Open,no,no,no,no,no,no,no,yes,0.221323179438363,0.18936877076412,0.247164461247637,0.219285470483373
Tuscarawas,043778,Claymont City,027805,Claymont Intermediate School,3-5,Open,no,no,no,no,no,no,no,yes,0.221323179438363,0.18936877076412,0.247164461247637,0.219285470483373
Tuscarawas,043778,Claymont City,037473,Claymont Primary School,K;P,Open,no,no,no,no,no,no,no,yes,0.221323179438363,0.18936877076412,0.247164461247637,0.219285470483373
Tuscarawas,043893,Dover City,008706,Dover Avenue Elementary School,4-5,Open,no,no,no,no,no,no,no,no,0.103846153846154,0.084420567920184,0.115900036218761,0.101388919328366
Tuscarawas,043893,Dover City,008722,Dover High School,9-12,Open,no,no,no,no,no,no,no,no,0.103846153846154,0.084420567920184,0.115900036218761,0.101388919328366
Tuscarawas,043893,Dover City,009274,East Elementary School,2-3,Open,no,no,no,no,no,no,no,no,0.103846153846154,0.084420567920184,0.115900036218761,0.101388919328366
Tuscarawas,043893,Dover City,034934,South Elementary School,K-1;P,Open,no,no,no,no,no,no,no,no,0.103846153846154,0.084420567920184,0.115900036218761,0.101388919328366
Tuscarawas,043893,Dover City,071068,Dover Middle School,6-8,Open,no,no,no,no,no,no,no,no,0.103846153846154,0.084420567920184,0.115900036218761,0.101388919328366
Tuscarawas,044487,New Philadelphia City,005371,Central Elementary School,5,Open,no,no,no,no,no,no,no,no,0.151802076970067,0.135588056063376,0.167840375586854,0.151743502873433
Tuscarawas,044487,New Philadelphia City,009241,East Elementary School,K-1;P,Open,no,no,no,no,no,no,no,no,0.151802076970067,0.135588056063376,0.167840375586854,0.151743502873433
Tuscarawas,044487,New Philadelphia City,026906,New Philadelphia High School,9-12,Open,no,no,no,no,no,no,no,no,0.151802076970067,0.135588056063376,0.167840375586854,0.151743502873433
Tuscarawas,044487,New Philadelphia City,034959,South Elementary School,2-3,Open,no,no,no,no,no,no,no,no,0.151802076970067,0.135588056063376,0.167840375586854,0.151743502873433
Tuscarawas,044487,New Philadelphia City,040287,Joseph Welty Middle School,6-8,Open,no,no,no,no,no,no,no,no,0.151802076970067,0.135588056063376,0.167840375586854,0.151743502873433
Tuscarawas,044487,New Philadelphia City,040352,West Elementary School,4,Open,no,no,no,no,no,no,no,no,0.151802076970067,0.135588056063376,0.167840375586854,0.151743502873433
Tuscarawas,044487,New Philadelphia City,042465,York Elementary School,K-1,Open,no,no,no,no,no,no,no,no,0.151802076970067,0.135588056063376,0.167840375586854,0.151743502873433
Tuscarawas,045542,Newcomerstown Exempted Village,009464,East Elementary School,K-1,Open,no,no,no,no,no,no,no,no,0.183111954459203,0.170454545454545,0.208498023715415,0.187354841209721
Tuscarawas,045542,Newcomerstown Exempted Village,024489,Newcomerstown Middle School,6-8,Open,no,no,no,no,no,no,no,no,0.183111954459203,0.170454545454545,0.208498023715415,0.187354841209721
Tuscarawas,045542,Newcomerstown Exempted Village,027060,Newcomerstown High School,9-12,Open,no,no,no,no,no,no,no,no,0.183111954459203,0.170454545454545,0.208498023715415,0.187354841209721
Tuscarawas,045542,Newcomerstown Exempted Village,040345,West Elementary School,K-5,Open,no,no,no,no,no,no,no,no,0.183111954459203,0.170454545454545,0.208498023715415,0.187354841209721
Tuscarawas,050278,Garaway Local,008854,Dundee Elementary School,K-6,Open,no,no,no,no,no,no,no,no,0.104967602591793,0.091026747195859,0.085460170146945,0.093818173311532
Tuscarawas,050278,Garaway Local,012849,Garaway High School,7-12,Open,no,no,no,no,no,no,no,no,0.104967602591793,0.091026747195859,0.085460170146945,0.093818173311532
Tuscarawas,050278,Garaway Local,012856,Baltic Elementary School,K-6,Open,no,no,no,no,no,no,no,no,0.104967602591793,0.091026747195859,0.085460170146945,0.093818173311532
Tuscarawas,050278,Garaway Local,024794,Miller Avenue Elementary School,K-6,Open,no,no,no,no,no,no,no,no,0.104967602591793,0.091026747195859,0.085460170146945,0.093818173311532
Tuscarawas,050278,Garaway Local,031021,Ragersville Elementary School,K-6,Open,no,no,no,no,no,no,no,no,0.104967602591793,0.091026747195859,0.085460170146945,0.093818173311532
Tuscarawas,050286,Indian Valley Local,017426,Indian Valley High School,9-12,Open,no,no,no,no,no,no,no,no,0.14643237486688,0.136484333510356,0.158357771260997,0.147091493212744
Tuscarawas,050286,Indian Valley Local,024588,Midvale Elementary School,K-5,Open,no,no,no,no,no,no,no,no,0.14643237486688,0.136484333510356,0.158357771260997,0.147091493212744
Tuscarawas,050286,Indian Valley Local,030866,Port Washington Elementary School,K-5,Open,no,no,no,no,no,no,no,no,0.14643237486688,0.136484333510356,0.158357771260997,0.147091493212744
Tuscarawas,050286,Indian Valley Local,037655,Tuscarawas Middle School,6-8,Open,no,no,no,no,no,no,no,no,0.14643237486688,0.136484333510356,0.158357771260997,0.147091493212744
Tuscarawas,050294,Strasburg-Franklin Local,036236,Strasburg-Franklin Elementary School,K-5,Open,no,no,no,no,no,no,no,no,0.114329268292683,0.089665653495441,0.110062893081761,0.104685938289962
Tuscarawas,050294,Strasburg-Franklin Local,036244,Strasburg-Franklin High School,6-12,Open,no,no,no,no,no,no,no,no,0.114329268292683,0.089665653495441,0.110062893081761,0.104685938289962
Tuscarawas,050302,Tuscarawas Valley Local,003129,Tuscarawas Valley Elementary School,2-6;SN,Open,no,no,no,no,no,no,no,no,0.082882882882883,0.089275014979029,0.132075471698113,0.101411123186675
Tuscarawas,050302,Tuscarawas Valley Local,025007,Tuscarawas Valley Primary,P;K;1;SN,Open,no,no,no,no,no,no,no,no,0.082882882882883,0.089275014979029,0.132075471698113,0.101411123186675
Tuscarawas,050302,Tuscarawas Valley Local,037663,Tuscarawas Valley Middle-High School,7-12;UNG,Open,no,no,no,no,no,no,no,no,0.082882882882883,0.089275014979029,0.132075471698113,0.101411123186675
Tuscarawas,050302,Tuscarawas Valley Local,122887,Tuscarawas Valley Middle School,5-8;SN,Closed,no,no,no,no,no,no,no,no,0.082882882882883,0.089275014979029,0.132075471698113,0.101411123186675
Union,045476,Marysville Exempted Village,008112,Northwood Elementary,K-4,Open,no,no,no,no,no,no,no,no,0.054117647058823,0.046998680738786,0.061224489795918,0.054113605864509
Union,045476,Marysville Exempted Village,009928,Edgewood Elementary School,K-4,Open,no,no,no,no,no,no,no,no,0.054117647058823,0.046998680738786,0.061224489795918,0.054113605864509
Union,045476,Marysville Exempted Village,014691,Marysville STEM Early College High School,9-12,Open,no,no,no,no,no,no,no,no,0.054117647058823,0.046998680738786,0.061224489795918,0.054113605864509
Union,045476,Marysville Exempted Village,023119,Marysville High School,9-12,Open,no,no,no,no,no,no,no,no,0.054117647058823,0.046998680738786,0.061224489795918,0.054113605864509
Union,045476,Marysville Exempted Village,023127,Bunsold Middle School,7-8,Open,no,no,no,no,no,no,no,no,0.054117647058823,0.046998680738786,0.061224489795918,0.054113605864509
Union,045476,Marysville Exempted Village,031179,Raymond Elementary School,K-4,Open,no,no,no,no,no,no,no,no,0.054117647058823,0.046998680738786,0.061224489795918,0.054113605864509
Union,045476,Marysville Exempted Village,125047,Mill Valley Elementary School,K-4;P,Open,no,no,no,no,no,no,no,no,0.054117647058823,0.046998680738786,0.061224489795918,0.054113605864509
Union,045476,Marysville Exempted Village,140590,Creekview Intermediate Elementary School,5-6,Open,no,no,no,no,no,no,no,no,0.054117647058823,0.046998680738786,0.061224489795918,0.054113605864509
Union,045476,Marysville Exempted Village,146134,Navin Elementary School,K-4;P,Open,no,no,no,no,no,no,no,no,0.054117647058823,0.046998680738786,0.061224489795918,0.054113605864509
Union,050328,Fairbanks Local,010926,Fairbanks High School,9-12,Open,no,no,no,no,no,no,no,no,0.050482553823311,0.041942604856512,0.036621823617339,0.043015660765721
Union,050328,Fairbanks Local,024711,Fairbanks Elementary School,K-5,Open,no,no,no,no,no,no,no,no,0.050482553823311,0.041942604856512,0.036621823617339,0.043015660765721
Union,050328,Fairbanks Local,091371,Fairbanks Middle School,6-8,Open,no,no,no,no,no,no,no,no,0.050482553823311,0.041942604856512,0.036621823617339,0.043015660765721
Union,050336,North Union Local School District,000242,North Union Elementary School,K-5;P,Open,no,no,no,no,no,no,no,no,0.093037584719655,0.079345850999394,0.099596231493944,0.090659889070998
Union,050336,North Union Local School District,026385,North Union Middle School,6-8,Open,no,no,no,no,no,no,no,no,0.093037584719655,0.079345850999394,0.099596231493944,0.090659889070998
Union,050336,North Union Local School District,026393,North Union High School,9-12,Open,no,no,no,no,no,no,no,no,0.093037584719655,0.079345850999394,0.099596231493944,0.090659889070998
Van Wert,044966,Van Wert City,012905,Van Wert Early Childhood Center,K;P,Open,no,no,no,no,no,no,no,no,0.136234626300852,0.120550545799715,0.14873417721519,0.135173116438586
Van Wert,044966,Van Wert City,018135,Van Wert Elementary School,1-5,Open,no,no,no,no,no,no,no,no,0.136234626300852,0.120550545799715,0.14873417721519,0.135173116438586
Van Wert,044966,Van Wert City,020594,Van Wert Middle School,6-8,Open,no,no,no,no,no,no,no,no,0.136234626300852,0.120550545799715,0.14873417721519,0.135173116438586
Van Wert,044966,Van Wert City,038265,Van Wert High School,9-12,Open,no,no,no,no,no,no,no,no,0.136234626300852,0.120550545799715,0.14873417721519,0.135173116438586
Van Wert,050351,Crestview Local,007666,Crestview High School,9-12,Open,no,no,no,no,no,no,no,no,0.065040650406504,0.060676779463244,0.098039215686274,0.074585548518674
Van Wert,050351,Crestview Local,007690,Crestview Elementary School,K-5,Open,no,no,no,no,no,no,no,no,0.065040650406504,0.060676779463244,0.098039215686274,0.074585548518674
Van Wert,050351,Crestview Local,012555,Crestview Middle School,6-8,Open,no,no,no,no,no,no,no,no,0.065040650406504,0.060676779463244,0.098039215686274,0.074585548518674
Van Wert,050351,Crestview Local,018984,Crestview Early Childhood Center,K;P,Open,no,no,no,no,no,,no,no,0.065040650406504,0.060676779463244,0.098039215686274,0.074585548518674
Van Wert,050369,Lincolnview Local,020990,Lincolnview Jr/Sr High School,7-12,Open,no,no,no,no,no,no,no,no,0.050802139037433,0.069611780455154,0.079245283018868,0.066553067503818
Van Wert,050369,Lincolnview Local,027508,Lincolnview Elementary School,K-6,Open,no,no,no,no,no,no,no,no,0.050802139037433,0.069611780455154,0.079245283018868,0.066553067503818
Vinton,050393,Vinton County Local,000455,West Elementary,K-5;P,Open,no,no,no,no,no,no,no,yes,0.266346153846154,0.230067243035543,0.254346746150025,0.250253381010574
Vinton,050393,Vinton County Local,014878,South Elementary,K-5;P,Open,no,no,no,no,no,no,no,yes,0.266346153846154,0.230067243035543,0.254346746150025,0.250253381010574
Vinton,050393,Vinton County Local,023374,Central Elementary,K-5;P,Open,no,no,no,no,no,no,no,yes,0.266346153846154,0.230067243035543,0.254346746150025,0.250253381010574
Vinton,050393,Vinton County Local,038471,Vinton County High School,9-12;SN,Open,no,no,no,no,no,no,yes,yes,0.266346153846154,0.230067243035543,0.254346746150025,0.250253381010574
Vinton,050393,Vinton County Local,111526,Vinton County Middle School,6-8,Open,no,no,no,no,no,no,no,yes,0.266346153846154,0.230067243035543,0.254346746150025,0.250253381010574
Warren,044008,Franklin City,000802,Anthony Wayne Elementary School,K-6,Open,no,no,no,no,no,no,no,no,0.120960569226208,0.1440329218107,0.151837230488916,0.138943573841941
Warren,044008,Franklin City,012310,Franklin High School,9-12,Open,no,no,no,no,no,no,no,no,0.120960569226208,0.1440329218107,0.151837230488916,0.138943573841941
Warren,044008,Franklin City,013276,George H Gerke Elementary School,K-6,Open,no,no,no,no,no,no,no,no,0.120960569226208,0.1440329218107,0.151837230488916,0.138943573841941
Warren,044008,Franklin City,017129,Hunter Elementary School,K-6,Open,no,no,no,no,no,no,no,no,0.120960569226208,0.1440329218107,0.151837230488916,0.138943573841941
Warren,044008,Franklin City,029595,Pennyroyal Elementary School,K-6,Open,no,no,no,no,no,no,no,no,0.120960569226208,0.1440329218107,0.151837230488916,0.138943573841941
Warren,044008,Franklin City,041327,William C Schenck Elementary School,K-6,Open,no,no,no,no,no,no,no,no,0.120960569226208,0.1440329218107,0.151837230488916,0.138943573841941
Warren,044008,Franklin City,062331,Franklin Junior High School,7-8,Open,no,no,no,no,no,no,no,no,0.120960569226208,0.1440329218107,0.151837230488916,0.138943573841941
Warren,044214,Lebanon City,000491,Bowman Primary School,K-2;P,Open,no,no,no,no,no,no,no,no,0.072345567134874,0.076980792316927,0.076365250850969,0.07523053676759
Warren,044214,Lebanon City,000493,Lebanon Junior High,7-8,Open,no,no,no,no,no,no,no,no,0.072345567134874,0.076980792316927,0.076365250850969,0.07523053676759
Warren,044214,Lebanon City,002519,Berry Intermediate School,5-6,Open,no,no,no,no,no,no,no,no,0.072345567134874,0.076980792316927,0.076365250850969,0.07523053676759
Warren,044214,Lebanon City,020032,Lebanon High School,9-12,Open,no,no,no,no,no,no,no,no,0.072345567134874,0.076980792316927,0.076365250850969,0.07523053676759
Warren,044214,Lebanon City,095679,Donovan Elementary School,3-4,Open,no,no,no,no,no,no,no,no,0.072345567134874,0.076980792316927,0.076365250850969,0.07523053676759
Warren,050419,Carlisle Local,004911,Carlisle High School,9-12,Open,no,no,no,no,no,no,no,no,0.085069444444444,0.088454910970706,0.086752637749121,0.086758997721424
Warren,050419,Carlisle Local,004929,Carlisle Primary Elementary School,K-3;P,Open,no,no,no,no,no,no,no,no,0.085069444444444,0.088454910970706,0.086752637749121,0.086758997721424
Warren,050419,Carlisle Local,004937,Carlisle Intermediate Elementary School,4-6,Open,no,no,no,no,no,no,no,no,0.085069444444444,0.088454910970706,0.086752637749121,0.086758997721424
Warren,050419,Carlisle Local,064907,Carlisle Junior High School,7-8,Open,no,no,no,no,no,no,no,no,0.085069444444444,0.088454910970706,0.086752637749121,0.086758997721424
Warren,050427,Springboro Community City,006577,Clearcreek Elementary School,K-1;P,Open,no,no,no,no,no,no,no,no,0.025455597338733,0.030577088716624,0.029705608099108,0.028579431384821
Warren,050427,Springboro Community City,006593,Springboro High School,9-12,Open,no,no,no,no,no,no,no,no,0.025455597338733,0.030577088716624,0.029705608099108,0.028579431384821
Warren,050427,Springboro Community City,008290,Dennis,2-5,Open,no,no,no,no,no,no,no,no,0.025455597338733,0.030577088716624,0.029705608099108,0.028579431384821
Warren,050427,Springboro Community City,008294,Five Points,2-5,Open,no,no,no,no,no,no,no,no,0.025455597338733,0.030577088716624,0.029705608099108,0.028579431384821
Warren,050427,Springboro Community City,065417,Springboro Junior High School,7-8,Open,no,no,no,no,no,no,no,no,0.025455597338733,0.030577088716624,0.029705608099108,0.028579431384821
Warren,050427,Springboro Community City,138602,Springboro Intermediate School,6,Open,no,no,no,no,no,no,no,no,0.025455597338733,0.030577088716624,0.029705608099108,0.028579431384821
Warren,050435,Kings Local,017541,J F Burns Elementary School,K-4,Open,no,no,no,no,no,no,no,no,0.04701230228471,0.05514385353095,0.059469026548673,0.053875060788111
Warren,050435,Kings Local,019075,Kings Junior High School,7-8,Open,no,no,no,no,no,no,no,no,0.04701230228471,0.05514385353095,0.059469026548673,0.053875060788111
Warren,050435,Kings Local,019083,Kings Mills Elementary School,K-4,Open,no,no,no,no,no,no,no,no,0.04701230228471,0.05514385353095,0.059469026548673,0.053875060788111
Warren,050435,Kings Local,033217,South Lebanon Elementary School,K-4,Open,no,no,no,no,no,no,no,no,0.04701230228471,0.05514385353095,0.059469026548673,0.053875060788111
Warren,050435,Kings Local,098640,Kings High School,9-12,Open,no,no,no,no,no,no,no,no,0.04701230228471,0.05514385353095,0.059469026548673,0.053875060788111
Warren,050435,Kings Local,124875,Columbia Intermediate School,5-6,Open,no,no,no,no,no,no,no,no,0.04701230228471,0.05514385353095,0.059469026548673,0.053875060788111
Warren,050443,Little Miami Local,009927,Little Miami Primary School,2-3,Open,no,no,no,no,no,no,no,no,0.039761431411531,0.043938307030129,0.050115651503469,0.04460512998171
Warren,050443,Little Miami Local,019447,Little Miami Early Childhood Center,K-1;P,Open,no,no,no,no,no,,no,no,0.039761431411531,0.043938307030129,0.050115651503469,0.04460512998171
Warren,050443,Little Miami Local,021113,Little Miami High School,9-12,Open,no,no,no,no,no,no,no,no,0.039761431411531,0.043938307030129,0.050115651503469,0.04460512998171
Warren,050443,Little Miami Local,021121,Little Miami Middle School,6-8,Open,no,no,no,no,no,no,no,no,0.039761431411531,0.043938307030129,0.050115651503469,0.04460512998171
Warren,050443,Little Miami Local,138859,Little Miami Elementary School,4-5,Open,no,no,no,no,no,no,no,no,0.039761431411531,0.043938307030129,0.050115651503469,0.04460512998171
Warren,050450,Mason City,005363,Mason Middle School,7-8;SN,Open,no,no,no,no,no,no,no,no,0.024411788324099,0.032270916334661,0.035756853396901,0.030813186018554
Warren,050450,Mason City,041376,William Mason High School,9-12,Open,no,no,no,no,no,no,no,no,0.024411788324099,0.032270916334661,0.035756853396901,0.030813186018554
Warren,050450,Mason City,121871,Mason Early Childhood Center Elementary School,K-2;P,Open,no,no,no,no,no,no,no,no,0.024411788324099,0.032270916334661,0.035756853396901,0.030813186018554
Warren,050450,Mason City,126193,Mason Intermediate Elementary School,3-6,Open,no,no,no,no,no,no,no,no,0.024411788324099,0.032270916334661,0.035756853396901,0.030813186018554
Warren,050468,Wayne Local,039925,Waynesville Elementary School,K-6;P,Open,no,no,no,no,no,no,no,no,0.052631578947368,0.05537873965627,0.067216981132075,0.058409099911905
Warren,050468,Wayne Local,040055,Waynesville High School,9-12,Open,no,no,no,no,no,no,no,no,0.052631578947368,0.05537873965627,0.067216981132075,0.058409099911905
Warren,050468,Wayne Local,061614,Waynesville Middle School,7-8,Open,no,no,no,no,no,no,no,no,0.052631578947368,0.05537873965627,0.067216981132075,0.058409099911905
Washington,043604,Belpre City,002337,Belpre High School,7-12,Open,no,no,no,no,no,no,no,yes,0.185483870967742,0.225339366515837,0.222045995241872,0.210956410908484
Washington,043604,Belpre City,019798,Belpre Blue Sky Academy,K;1-12;SN,Open,no,no,no,no,no,no,yes,yes,0.185483870967742,0.225339366515837,0.222045995241872,0.210956410908484
Washington,043604,Belpre City,142240,Belpre Elementary School,K-6,Open,no,no,no,no,no,no,no,yes,0.185483870967742,0.225339366515837,0.222045995241872,0.210956410908484
Washington,044321,Marietta City,015297,Marietta Elementary School,3-6,Open,no,no,no,no,no,no,no,yes,0.189848384970336,0.238746248749583,0.217087765957447,0.215227466559122
Washington,044321,Marietta City,022798,Marietta High School,7-12,Open,no,no,no,no,no,no,no,yes,0.189848384970336,0.238746248749583,0.217087765957447,0.215227466559122
Washington,044321,Marietta City,029819,Phillips School,K-2,Open,no,no,no,no,no,no,no,yes,0.189848384970336,0.238746248749583,0.217087765957447,0.215227466559122
Washington,044321,Marietta City,039578,Washington School,K-2,Open,no,no,no,no,no,no,no,yes,0.189848384970336,0.238746248749583,0.217087765957447,0.215227466559122
Washington,050484,Fort Frye Local,002659,Beverly-Center Elementary School,K-5,Open,no,no,no,no,no,no,no,no,0.111111111111111,0.161779575328615,0.196984924623116,0.156625203687614
Washington,050484,Fort Frye Local,012591,Fort Frye High School,7-12,Open,no,no,no,no,no,no,no,no,0.111111111111111,0.161779575328615,0.196984924623116,0.156625203687614
Washington,050484,Fort Frye Local,019466,Fort Frye Middle School,6-8,Open,no,no,no,no,no,no,no,no,0.111111111111111,0.161779575328615,0.196984924623116,0.156625203687614
Washington,050484,Fort Frye Local,021675,Lowell Elementary School,K-5,Open,no,no,no,no,no,no,no,no,0.111111111111111,0.161779575328615,0.196984924623116,0.156625203687614
Washington,050484,Fort Frye Local,033480,Salem-Liberty Elementary School,K-5,Open,no,no,no,no,no,no,no,no,0.111111111111111,0.161779575328615,0.196984924623116,0.156625203687614
Washington,050492,Frontier Local,012567,Frontier High/Middle School,7-12,Open,no,no,no,no,no,no,no,no,0.106382978723404,0.155704697986577,0.179970972423803,0.147352883044595
Washington,050492,Frontier Local,023192,Matamoras Elementary School,K-6,Open,no,no,no,no,no,no,no,no,0.106382978723404,0.155704697986577,0.179970972423803,0.147352883044595
Washington,050492,Frontier Local,027094,Newport Elementary School,K-6,Open,no,no,no,no,no,no,no,no,0.106382978723404,0.155704697986577,0.179970972423803,0.147352883044595
Washington,050500,Warren Local,001578,Warren Middle School,5-8,Open,no,no,no,no,no,no,no,no,0.104263402279443,0.123188405797101,0.134296642583935,0.120582816886827
Washington,050500,Warren Local,021105,Warren Elementary School,K-4,Open,no,no,no,no,no,no,no,no,0.104263402279443,0.123188405797101,0.134296642583935,0.120582816886827
Washington,050500,Warren Local,039248,Warren High School,9-12,Open,no,no,no,no,no,no,no,no,0.104263402279443,0.123188405797101,0.134296642583935,0.120582816886827
Washington,050518,Wolf Creek Local,039743,Waterford Elementary School,K-8,Open,no,no,no,no,no,no,no,no,0.089722675367047,0.110197368421053,0.099186991869919,0.09970234521934
Washington,050518,Wolf Creek Local,039750,Waterford High School,9-12,Open,no,no,no,no,no,no,no,no,0.089722675367047,0.110197368421053,0.099186991869919,0.09970234521934
Wayne,044610,Orrville City,027458,Orrville Elementary School,K-4,Open,no,no,no,no,no,no,no,no,0.14792899408284,0.117170626349892,0.139161924469736,0.134753848300823
Wayne,044610,Orrville City,028779,Orrville High School,9-12,Open,no,no,no,no,no,no,no,no,0.14792899408284,0.117170626349892,0.139161924469736,0.134753848300823
Wayne,044610,Orrville City,062364,Orrville Middle School,5-8,Open,no,no,no,no,no,no,no,no,0.14792899408284,0.117170626349892,0.139161924469736,0.134753848300823
Wayne,045120,Wooster City,009910,Edgewood Middle School,5-7,Open,no,no,no,no,no,no,no,no,0.162102689486553,0.128198818897638,0.151310861423221,0.147204123269137
Wayne,045120,Wooster City,021766,Kean Elementary School,K-4,Open,no,no,no,no,no,no,no,no,0.162102689486553,0.128198818897638,0.151310861423221,0.147204123269137
Wayne,045120,Wooster City,024166,Melrose Elementary School,K-4,Open,no,no,no,no,no,no,no,no,0.162102689486553,0.128198818897638,0.151310861423221,0.147204123269137
Wayne,045120,Wooster City,029249,Parkview Elementary School,K-4,Open,no,no,no,no,no,no,no,no,0.162102689486553,0.128198818897638,0.151310861423221,0.147204123269137
Wayne,045120,Wooster City,042218,Wooster High School,8-12,Open,no,no,no,no,no,no,no,no,0.162102689486553,0.128198818897638,0.151310861423221,0.147204123269137
Wayne,045120,Wooster City,123463,Cornerstone Elementary School,K-4,Open,no,no,no,no,yes,yes,yes,no,0.162102689486553,0.128198818897638,0.151310861423221,0.147204123269137
Wayne,045591,Rittman Exempted Village,011734,Rittman Middle School,6-8,Open,no,no,no,no,no,no,no,no,0.160377358490566,0.112736660929432,0.151978417266187,0.141697478895395
Wayne,045591,Rittman Exempted Village,031831,Rittman High School,9-12,Open,no,no,no,no,no,no,no,no,0.160377358490566,0.112736660929432,0.151978417266187,0.141697478895395
Wayne,045591,Rittman Exempted Village,038687,Rittman Elementary School,K-5,Open,no,no,no,no,no,no,no,no,0.160377358490566,0.112736660929432,0.151978417266187,0.141697478895395
Wayne,050534,Chippewa Local,006312,Chippewa Jr./Sr. High School,7-12,Open,no,no,no,no,no,no,no,no,0.091185410334347,0.070818070818071,0.10748959778086,0.089831026311092
Wayne,050534,Chippewa Local,008748,Chippewa Intermediate School,3-6,Open,no,no,no,no,no,no,no,no,0.091185410334347,0.070818070818071,0.10748959778086,0.089831026311092
Wayne,050534,Chippewa Local,015743,Hazel Harvey Elementary School,K-2;P,Open,no,no,no,no,no,no,no,no,0.091185410334347,0.070818070818071,0.10748959778086,0.089831026311092
Wayne,050534,Chippewa Local,019629,Chippewa Virtual Learning Academy,K-12,Open,no,no,no,no,no,no,yes,no,0.091185410334347,0.070818070818071,0.10748959778086,0.089831026311092
Wayne,050542,Dalton Local,007997,Dalton Elementary School,K-4,Open,no,no,no,no,no,no,no,no,0.186490455212922,0.122328666175387,0.10941475826972,0.139411293219343
Wayne,050542,Dalton Local,008003,Dalton High School,9-12,Open,no,no,no,no,no,no,no,no,0.186490455212922,0.122328666175387,0.10941475826972,0.139411293219343
Wayne,050542,Dalton Local,066845,Dalton Middle School,5-8,Open,no,no,no,no,no,no,no,no,0.186490455212922,0.122328666175387,0.10941475826972,0.139411293219343
Wayne,050559,Green Local,014456,Green Middle School,6-8,Open,no,no,no,no,no,no,no,no,0.118203309692671,0.08623417721519,0.100910470409712,0.101782652439191
Wayne,050559,Green Local,022996,Green Elementary School,K-5,Open,no,no,no,no,no,no,no,no,0.118203309692671,0.08623417721519,0.100910470409712,0.101782652439191
Wayne,050559,Green Local,034793,Smithville High School,9-12,Open,no,no,no,no,no,no,no,no,0.118203309692671,0.08623417721519,0.100910470409712,0.101782652439191
Wayne,050567,Norwayne Local,007625,Norwayne Middle School,6-8,Open,no,no,no,no,no,no,no,no,0.140472878998609,0.107466852756455,0.111409395973154,0.119783042576073
Wayne,050567,Norwayne Local,028076,Norwayne High School,9-12,Open,no,no,no,no,no,no,no,no,0.140472878998609,0.107466852756455,0.111409395973154,0.119783042576073
Wayne,050567,Norwayne Local,036004,Norwayne Elementary School,K-5,Open,no,no,no,no,no,no,no,no,0.140472878998609,0.107466852756455,0.111409395973154,0.119783042576073
Wayne,050575,Northwestern Local,007195,Northwestern Middle School,6-8,Open,no,no,no,no,no,no,no,no,0.148344370860927,0.114950166112957,0.138676844783715,0.133990460585866
Wayne,050575,Northwestern Local,027888,Northwestern High School,9-12,Open,no,no,no,no,no,no,no,no,0.148344370860927,0.114950166112957,0.138676844783715,0.133990460585866
Wayne,050575,Northwestern Local,152116,Northwestern Elementary School,K-5;P,Open,no,no,no,no,no,no,no,no,0.148344370860927,0.114950166112957,0.138676844783715,0.133990460585866
Wayne,050583,Southeast Local,000851,Apple Creek Elementary School,K-6;P,Open,no,no,no,no,no,no,no,no,0.135031559963932,0.105275073579353,0.09970174691095,0.113336126818078
Wayne,050583,Southeast Local,012435,Fredericksburg Elementary School,K-8,Open,no,no,no,no,no,no,no,no,0.135031559963932,0.105275073579353,0.09970174691095,0.113336126818078
Wayne,050583,Southeast Local,016659,Holmesville Elementary School,K-6,Open,no,no,no,no,no,no,no,no,0.135031559963932,0.105275073579353,0.09970174691095,0.113336126818078
Wayne,050583,Southeast Local,018440,John R Lea Middle School,7-8,Open,no,no,no,no,no,no,no,no,0.135031559963932,0.105275073579353,0.09970174691095,0.113336126818078
Wayne,050583,Southeast Local,025767,Mount Eaton Elementary School,K-6,Open,no,no,no,no,no,no,no,no,0.135031559963932,0.105275073579353,0.09970174691095,0.113336126818078
Wayne,050583,Southeast Local,040071,Waynedale High School,9-12,Open,no,no,no,no,no,no,no,no,0.135031559963932,0.105275073579353,0.09970174691095,0.113336126818078
Wayne,050591,Triway Local,034520,Shreve Elementary School,K-5,Open,no,no,no,no,no,no,no,no,0.157490974729242,0.117300724637681,0.114085125054849,0.129625608140591
Wayne,050591,Triway Local,037564,Triway High School,9-12,Open,no,no,no,no,no,no,no,no,0.157490974729242,0.117300724637681,0.114085125054849,0.129625608140591
Wayne,050591,Triway Local,042234,Wooster Twp Elementary School,K-5,Open,no,no,no,no,no,no,no,no,0.157490974729242,0.117300724637681,0.114085125054849,0.129625608140591
Wayne,050591,Triway Local,061622,Triway Middle School,6-8,Open,no,no,no,no,no,no,no,no,0.157490974729242,0.117300724637681,0.114085125054849,0.129625608140591
Williams,043679,Bryan City,004002,Bryan Elementary,K-5;P,Open,no,no,no,no,no,no,no,no,0.114518447532343,0.138998035363458,0.141724941724942,0.131747141540248
Williams,043679,Bryan City,004028,Bryan Middle School/High School,6-12,Open,no,no,no,no,no,no,no,no,0.114518447532343,0.138998035363458,0.141724941724942,0.131747141540248
Williams,045526,Montpelier Exempted Village,025429,Montpelier Elementary School,K-6,Open,no,no,no,no,no,no,no,no,0.132470119521912,0.174846625766871,0.161780673181325,0.156365806156703
Williams,045526,Montpelier Exempted Village,025437,Montpelier High School,7-12,Open,no,no,no,no,no,no,no,no,0.132470119521912,0.174846625766871,0.161780673181325,0.156365806156703
Williams,050617,Edgerton Local,009886,Edgerton Elementary School,K-6,Open,no,no,no,no,no,no,no,no,0.081805359661495,0.086830680173661,0.083969465648855,0.084201835161337
Williams,050617,Edgerton Local,009894,Edgerton High School,7-12,Open,no,no,no,no,no,no,no,no,0.081805359661495,0.086830680173661,0.083969465648855,0.084201835161337
Williams,050625,Edon Northwest Local,010090,Edon High School,7-12,Open,no,no,no,no,no,no,no,no,0.10573476702509,0.130514705882353,0.105169340463458,0.113806271123634
Williams,050625,Edon Northwest Local,010108,Edon Elementary School,K-6,Open,no,no,no,no,no,no,no,no,0.10573476702509,0.130514705882353,0.105169340463458,0.113806271123634
Williams,050633,Millcreek-West Unity Local,016436,Hilltop High School,7-12,Open,no,no,no,no,no,no,no,no,0.111650485436893,0.117940199335548,0.093103448275862,0.107564711016101
Williams,050633,Millcreek-West Unity Local,038901,Hilltop Elementary School,K-6,Open,no,no,no,no,no,no,no,no,0.111650485436893,0.117940199335548,0.093103448275862,0.107564711016101
Williams,050641,North Central Local,026112,North Central Junior/High School,7-12,Open,no,no,no,no,no,no,no,no,0.143063583815029,0.137982195845697,0.119013062409289,0.133352947356672
Williams,050641,North Central Local,030064,North Central Elementary School,K-6,Open,no,no,no,no,no,no,no,no,0.143063583815029,0.137982195845697,0.119013062409289,0.133352947356672
Williams,050658,Stryker Local,036319,Stryker Elementary School,K-6,Open,no,no,no,no,no,no,no,no,0.116033755274262,0.129589632829374,0.143820224719101,0.129814537607579
Williams,050658,Stryker Local,036327,Stryker High School,7-12,Open,no,no,no,no,no,no,no,no,0.116033755274262,0.129589632829374,0.143820224719101,0.129814537607579
Wood,043638,Bowling Green City School District,003285,Bowling Green High School,9-12,Open,no,no,no,no,no,no,no,no,0.108223872073101,0.102814474439977,0.1188228761799,0.109953740897659
Wood,043638,Bowling Green City School District,003293,Bowling Green Middle School,6-8,Open,no,no,no,no,no,no,no,no,0.108223872073101,0.102814474439977,0.1188228761799,0.109953740897659
Wood,043638,Bowling Green City School District,007203,Conneaut Elementary School,K-5,Open,no,no,no,no,no,no,no,no,0.108223872073101,0.102814474439977,0.1188228761799,0.109953740897659
Wood,043638,Bowling Green City School District,007773,Crim Elementary School,K-5,Open,no,no,no,no,no,no,no,no,0.108223872073101,0.102814474439977,0.1188228761799,0.109953740897659
Wood,043638,Bowling Green City School District,018887,Kenwood Elementary School,K-5,Open,no,no,no,no,no,no,no,no,0.108223872073101,0.102814474439977,0.1188228761799,0.109953740897659
Wood,045583,Perrysburg Exempted Village,010355,Toth Elementary School,K-4,Open,no,no,no,no,no,no,no,no,0.035560765924189,0.034752049980476,0.039611964430073,0.036641593444913
Wood,045583,Perrysburg Exempted Village,016012,Hull Prairie Intermediate School,5-6,Open,no,no,no,no,no,no,no,no,0.035560765924189,0.034752049980476,0.039611964430073,0.036641593444913
Wood,045583,Perrysburg Exempted Village,029736,Perrysburg Junior High School,7-8,Open,no,no,no,no,no,no,no,no,0.035560765924189,0.034752049980476,0.039611964430073,0.036641593444913
Wood,045583,Perrysburg Exempted Village,029744,Perrysburg High School,9-12,Open,no,no,no,no,no,no,no,no,0.035560765924189,0.034752049980476,0.039611964430073,0.036641593444913
Wood,045583,Perrysburg Exempted Village,030031,Frank Elementary School,K-4,Open,no,no,no,no,no,no,no,no,0.035560765924189,0.034752049980476,0.039611964430073,0.036641593444913
Wood,045583,Perrysburg Exempted Village,081802,Woodland Elementary School,K-4,Open,no,no,no,no,no,no,no,no,0.035560765924189,0.034752049980476,0.039611964430073,0.036641593444913
Wood,045583,Perrysburg Exempted Village,111146,Fort Meigs Elementary School,K-4,Open,no,no,no,no,no,no,no,no,0.035560765924189,0.034752049980476,0.039611964430073,0.036641593444913
Wood,045609,Rossford Exempted Village,009225,Rossford Elementary School,K-5;P,Open,no,no,no,no,no,no,no,no,0.100189035916824,0.10056657223796,0.116042780748663,0.105599462967816
Wood,045609,Rossford Exempted Village,032763,Rossford High School,9-12,Open,no,no,no,no,no,no,no,no,0.100189035916824,0.10056657223796,0.116042780748663,0.105599462967816
Wood,045609,Rossford Exempted Village,095828,Rossford Junior High School,6-8,Open,no,no,no,no,no,no,no,no,0.100189035916824,0.10056657223796,0.116042780748663,0.105599462967816
Wood,050674,Eastwood Local,009779,Eastwood I High School,9-12,Open,no,no,no,no,no,no,no,no,0.095625,0.085518102372035,0.081133290405666,0.087425464259234
Wood,050674,Eastwood Local,021725,Eastwood Elementary School,K-5,Open,no,no,no,no,no,no,no,no,0.095625,0.085518102372035,0.081133290405666,0.087425464259234
Wood,050674,Eastwood Local,061499,Eastwood Middle School,6-8,Open,no,no,no,no,no,no,no,no,0.095625,0.085518102372035,0.081133290405666,0.087425464259234
Wood,050682,Elmwood Local,000345,Elmwood Elementary School,K-4;P,Open,no,no,no,no,no,no,no,no,0.071661237785016,0.07160292921074,0.090524534686971,0.077929567227576
Wood,050682,Elmwood Local,007963,Elmwood Middle School,5-8,Open,no,no,no,no,no,no,no,no,0.071661237785016,0.07160292921074,0.090524534686971,0.077929567227576
Wood,050682,Elmwood Local,010439,Elmwood High School,9-12,Open,no,no,no,no,no,no,no,no,0.071661237785016,0.07160292921074,0.090524534686971,0.077929567227576
Wood,050690,Lake Local,019521,Lake Elementary School,K-4;P,Open,no,no,no,no,no,no,no,no,0.099505222649808,0.106593406593407,0.116759776536313,0.107619468593176
Wood,050690,Lake Local,019539,Lake High School,8-12,Open,no,no,no,no,no,no,no,no,0.099505222649808,0.106593406593407,0.116759776536313,0.107619468593176
Wood,050690,Lake Local,019547,Lake Middle School,5-7,Open,no,no,no,no,no,no,no,no,0.099505222649808,0.106593406593407,0.116759776536313,0.107619468593176
Wood,050708,North Baltimore Local,008920,E A Powell Elementary School,K-6,Open,no,no,no,no,no,no,no,no,0.130759651307597,0.120646766169154,0.16914749661705,0.140184638031267
Wood,050708,North Baltimore Local,026070,North Baltimore High School,9-12,Open,no,no,no,no,no,no,no,no,0.130759651307597,0.120646766169154,0.16914749661705,0.140184638031267
Wood,050708,North Baltimore Local,082586,North Baltimore Middle School,7-8,Open,no,no,no,no,no,no,no,no,0.130759651307597,0.120646766169154,0.16914749661705,0.140184638031267
Wood,050716,Northwood Local Schools,019683,Ranger Online Academy,K;1-12;SN,Open,no,no,no,no,yes,yes,yes,no,0.109473684210526,0.109358569926393,0.130994152046784,0.116608802061234
Wood,050716,Northwood Local Schools,027953,Northwood Elementary School,K-6,Open,no,no,no,no,no,no,no,no,0.109473684210526,0.109358569926393,0.130994152046784,0.116608802061234
Wood,050716,Northwood Local Schools,027961,Northwood High School,7-12,Open,no,no,no,no,no,no,no,no,0.109473684210526,0.109358569926393,0.130994152046784,0.116608802061234
Wood,050724,Otsego Local,014076,Otsego Elementary School,K-5;P,Open,no,no,no,no,no,no,no,no,0.092945128779395,0.085570469798658,0.091710758377425,0.090075452318493
Wood,050724,Otsego Local,028860,Otsego High School,9-12,Open,no,no,no,no,no,no,no,no,0.092945128779395,0.085570469798658,0.091710758377425,0.090075452318493
Wood,050724,Otsego Local,032920,Otsego Junior High,6-8,Open,no,no,no,no,no,no,no,no,0.092945128779395,0.085570469798658,0.091710758377425,0.090075452318493
Wyandot,045260,Carey Exempted Village Schools,004887,Carey High School,6-12,Open,no,no,no,no,no,no,no,no,0.10075026795284,0.094771241830065,0.089108910891089,0.094876806891332
Wyandot,045260,Carey Exempted Village Schools,006957,Carey Elementary School,K-5;P,Open,no,no,no,no,no,no,no,no,0.10075026795284,0.094771241830065,0.089108910891089,0.094876806891332
Wyandot,045625,Upper Sandusky Exempted Village,008946,East Elementary School,K-5,Open,no,no,no,no,no,no,no,no,0.086648501362398,0.088544548976204,0.105205479452055,0.093466176596885
Wyandot,045625,Upper Sandusky Exempted Village,022954,Union Elementary School,K-3,Open,no,no,no,no,no,no,no,no,0.086648501362398,0.088544548976204,0.105205479452055,0.093466176596885
Wyandot,045625,Upper Sandusky Exempted Village,033167,South Elementary School,K-5,Open,no,no,no,no,no,no,no,no,0.086648501362398,0.088544548976204,0.105205479452055,0.093466176596885
Wyandot,045625,Upper Sandusky Exempted Village,037952,Upper Sandusky High School,9-12,Open,no,no,no,no,no,no,no,no,0.086648501362398,0.088544548976204,0.105205479452055,0.093466176596885
Wyandot,045625,Upper Sandusky Exempted Village,066480,Upper Sandusky Middle School,4-8,Open,no,no,no,no,no,no,no,no,0.086648501362398,0.088544548976204,0.105205479452055,0.093466176596885
Wyandot,050740,Mohawk Local,025155,Mohawk High School,7-12,Open,no,no,no,no,no,no,no,no,0.075987841945289,0.065573770491803,0.088427947598253,0.076663186678448
Wyandot,050740,Mohawk Local,036624,Mohawk Elementary School,K-6;P,Open,no,no,no,no,no,no,no,no,0.075987841945289,0.065573770491803,0.088427947598253,0.076663186678448
