building_irn,building_name,district_irn,district_name,county,enrollment,chronic_absenteeism,achievement_star_rating,performance_index_2425,performance_index_2324,performance_index_2223
000059,Ada Elementary School,045187,Ada Exempted Village,Hardin,460,11.9,4,94.7,89.7,91.2
000067,Ada High School,045187,Ada Exempted Village,Hardin,349,16.9,4,94.0,91.6,92.4
000083,Sandusky Middle School,044743,Sandusky City,Erie,407,37.4,2,64.3,61.4,63.4
000102,Meigs Primary School,048520,Meigs Local,Meigs,359,25.2,,NC,NC,NC
000105,Meigs Intermediate School,048520,Meigs Local,Meigs,326,18.4,2,70.8,66.5,69.6
000117,Adamsville Elementary School,048876,Tri-Valley Local,Muskingum,255,13.6,4,91.1,85.9,87.9
000118,Hamilton Intermediate School,046953,Hamilton Local,Franklin,704,25.0,3,83.7,83.7,84.8
000119,Oak Hill Middle/High School,047761,Oak Hill Union Local,Jackson,519,36.7,2,77.0,77.2,80.8
000124,Oak Hill Elementary,047761,Oak Hill Union Local,Jackson,537,24.9,4,91.1,92.7,94.1
000131,Glass City Academy,000131,Glass City Academy,Lucas,364,99.7,1,42.7,40.3,43.7
000138,Pathway School of Discovery,000138,Pathway School of Discovery,Montgomery,819,30.2,2,76.1,73.6,71.5
000139,Alliance Academy of Cincinnati,000139,Alliance Academy of Cincinnati,Hamilton,351,58.7,2,75.7,71.3,67.0
000141,Addaville Elementary School,065680,Gallia County Local,Gallia,315,12.3,3,85.8,79.6,88.7
000177,Fairland West Elementary School,047936,Fairland Local,Lawrence,306,9.8,4,95.7,91.0,92.6
000187,Centerburg Middle School,047829,Centerburg Local,Knox,243,12.8,3,86.0,88.4,88.9
000190,Buckeye West Elementary School,047787,Buckeye Local,Jefferson,166,48.8,3,83.6,76.4,85.0
000208,Adena High School,049494,Adena Local,Ross,253,27.0,2,76.4,76.8,75.3
000222,Wildwood Environmental Academy,000222,Wildwood Environmental Academy,Lucas,341,27.9,2,71.8,71.4,73.3
000224,Adlai Stevenson School,043786,Cleveland Municipal,Cuyahoga,287,34.4,1,51.2,47.7,43.2
000231,Unioto Elementary,049536,Union-Scioto Local,Ross,1034,22.1,3,88.1,88.9,91.1
000232,Adrian Elementary School,044792,South Euclid-Lyndhurst City,Cuyahoga,266,26.7,4,99.8,89.9,94.0
000234,Ella P. Stewart Academy for Girls,044909,Toledo City,Lucas,211,27.1,2,69.8,62.6,61.6
000236,Ohio Connections Academy; Inc,000236,Ohio Connections Academy; Inc,Franklin,4743,11.5,2,69.9,69.8,65.7
000241,Quaker Digital Academy,000241,Quaker Digital Academy,Tuscarawas,753,18.2,2,56.5,55.6,57.8
000242,North Union Elementary School,050336,North Union Local School District,Union,657,10.7,4,91.5,91.3,94.3
000257,Alexander Elementary School,045906,Alexander Local,Athens,666,18.8,3,86.4,86.3,85.9
000265,North Royalton Elementary School,044545,North Royalton City,Cuyahoga,1509,12.9,5,102.0,104.8,103.1
000270,Main Street School,044560,Norwalk City,Huron,370,16.5,3,84.6,84.5,86.5
000282,Greater Ohio Virtual School,000282,Greater Ohio Virtual School,Warren,435,0.7,2,56.4,52.7,48.7
000288,Auglaize County Educational Academy,000288,Auglaize County Educational Academy,Auglaize,83,0.0,2,65.9,70.6,66.7
000291,Malvern Middle School,046177,Brown Local,Carroll,146,25.6,2,75.3,76.7,81.4
000296,Summit Academy Community School-Columbus,000296,Summit Academy Community School-Columbus,Franklin,55,61.4,1,39.4,41.5,44.0
000297,Summit Academy Community School - Dayton,000297,Summit Academy Community School - Dayton,Montgomery,40,82.7,1,42.2,35.4,43.2
000298,Summit Academy Secondary - Akron,000298,Summit Academy Secondary - Akron,Summit,58,53.7,1,55.1,55.7,61.8
000300,Summit Academy Secondary - Canton,000300,Summit Academy Secondary - Canton,Stark,81,62.5,1,55.0,49.4,43.2
000301,Summit Academy - Toledo,000301,Summit Academy - Toledo,Lucas,124,47.3,1,46.0,47.3,49.2
000302,Summit Academy Community School - Parma,000302,Summit Academy Community School - Parma,Cuyahoga,92,68.2,1,48.0,49.9,46.3
000303,Summit Academy Secondary - Youngstown,000303,Summit Academy Secondary - Youngstown,Mahoning,83,86.7,1,44.3,45.2,43.2
000305,Summit Academy Community School-Warren,000305,Summit Academy Community School-Warren,Trumbull,114,27.0,1,53.3,50.5,48.6
000306,Summit Academy Community School - Cincinnati,000306,Summit Academy Community School - Cincinnati,Hamilton,66,68.1,1,44.7,38.6,38.9
000311,Bridges Community Academy dba Bridges Preparatory Academy,000311,Bridges Community Academy dba Bridges Preparatory Academy,Seneca,108,45.0,2,64.0,63.9,54.2
000315,Alexander Jr. / Sr. High School,045906,Alexander Local,Athens,685,21.8,3,86.6,85.9,85.3
000316,Constellation Schools: Westpark Community Middle,000316,Constellation Schools: Westpark Community Middle,Cuyahoga,168,43.5,2,72.4,70.9,72.0
000318,Menlo Park Academy,000318,Menlo Park Academy,Cuyahoga,330,14.8,5,104.2,97.7,99.4
000319,Constellation Schools: Madison Community Elementary,000319,Constellation Schools: Madison Community Elementary,Cuyahoga,199,52.8,1,46.6,44.5,43.2
000320,Constellation Schools: Lorain Community Middle,000320,Constellation Schools: Lorain Community Middle,Lorain,98,52.1,1,49.6,52.1,52.5
000321,Constellation Schools: Old Brooklyn Community Middle,000321,Constellation Schools: Old Brooklyn Community Middle,Cuyahoga,269,61.7,1,48.1,55.2,56.8
000338,Horizon Science Academy Toledo,000338,Horizon Science Academy Toledo,Lucas,488,30.6,2,70.0,68.4,69.7
000345,Elmwood Elementary School,050682,Elmwood Local,Wood,476,10.4,4,93.8,92.6,95.7
000348,Palm Elementary School,044263,Lorain City,Lorain,297,50.5,1,51.7,52.4,55.6
000349,Upper Scioto Valley Middle School,047522,Upper Scioto Valley Local,Hardin,47,18.6,2,76.7,71.9,76.3
000350,Granger Elementary School,048496,Highland Local,Medina,517,6.5,5,109.8,109.4,109.9
000351,Ulysses S. Grant Middle School,044339,Marion City,Marion,910,45.0,2,62.0,59.1,60.6
000352,William McKinley Elementary School,044339,Marion City,Marion,442,39.2,2,59.2,58.2,54.5
000356,Genoa Elementary,048942,Genoa Area Local,Ottawa,623,10.8,5,100.6,97.7,100.2
000363,Akron Alternative Academy,043489,Akron City,Summit,144,90.2,2,58.4,39.4,50.7
000364,Allen East High School,045757,Allen East Local,Allen,239,17.6,4,93.6,88.7,90.3
000382,Crestwood Primary School,049189,Crestwood Local,Portage,366,13.7,4,92.4,91.5,89.4
000383,Crestwood Intermediate School,049189,Crestwood Local,Portage,324,26.6,3,84.9,76.8,79.4
000384,Chieftain Elementary School,044248,Logan-Hocking Local,Hocking,350,13.2,4,94.2,94.4,103.6
000385,Hocking Hills Elementary School,044248,Logan-Hocking Local,Hocking,120,16.3,5,106.6,96.8,103.7
000387,Central Elementary School,044248,Logan-Hocking Local,Hocking,394,15.9,5,103.6,100.6,104.4
000388,Gateway Elementary School,043810,Conneaut Area City,Ashtabula,349,22.9,3,83.7,82.2,75.4
000389,Lakeshore Primary Elementary School,043810,Conneaut Area City,Ashtabula,465,20.7,,NC,NC,NC
000400,Mapleton Elementary School,045831,Mapleton Local,Ashland,361,19.6,4,94.5,87.4,93.2
000402,Findlay Digital Academy,000402,Findlay Digital Academy,Hancock,196,32.7,2,68.4,64.6,64.0
000406,Stephanie Rushin Patrick Elementary School,043711,Canton City,Stark,421,10.8,1,53.0,57.2,51.0
000417,Buckeye On-Line School for Success,000417,Buckeye On-Line School for Success,Columbiana,517,22.5,2,65.7,64.8,65.1
000429,Jackson Westview Elementary School,044156,Jackson City,Jackson,388,19.6,4,94.1,93.3,94.2
000435,Eastgate Elementary School,043802,Columbus City Schools District,Franklin,177,63.4,1,41.4,47.1,42.3
000448,Allen East Elementary School,045757,Allen East Local,Allen,461,11.9,3,84.8,80.9,89.4
000450,Manchester High School,000442,Manchester Local,Adams,313,22.7,3,80.8,78.1,79.8
000451,Manchester Elementary School,000442,Manchester Local,Adams,355,21.4,3,88.3,85.4,86.1
000455,West Elementary,050393,Vinton County Local,Vinton,256,23.4,4,94.4,101.3,98.9
000463,Alliance High School,043497,Alliance City,Stark,839,38.3,2,77.3,71.2,71.1
000470,Independence Elementary School,044222,Lima City,Allen,282,34.7,2,61.8,68.8,68.2
000471,Sharpsburg Elementary,044578,Norwood City,Hamilton,257,33.2,4,89.4,89.3,88.8
000472,Liberty Arts Magnet K-8,044222,Lima City,Allen,340,14.9,2,71.0,68.6,67.6
000475,Bluestone Elementary School,043950,Euclid City,Cuyahoga,274,32.2,2,65.7,58.2,49.2
000489,Almira,043786,Cleveland Municipal,Cuyahoga,495,56.9,1,49.7,48.7,48.7
000491,Bowman Primary School,044214,Lebanon City,Warren,1015,14.2,,NC,NC,NC
000493,Lebanon Junior High,044214,Lebanon City,Warren,817,19.6,4,89.8,88.6,89.6
000497,Alpine Elementary School,043802,Columbus City Schools District,Franklin,346,20.3,4,89.2,90.7,81.0
000501,Ripley Union Lewis Huntington Junior High School,046078,Ripley-Union-Lewis-Huntington Local,Brown,76,24.7,2,73.3,69.4,71.5
000505,Alton Hall Elementary School,044800,South-Western City,Franklin,515,21.7,2,73.0,69.6,71.3
000509,Whitehall Preparatory and Fitness Academy,000509,Whitehall Preparatory and Fitness Academy,Franklin,379,53.1,2,72.3,66.2,62.9
000510,Springfield Preparatory and Fitness Academy,000510,Springfield Preparatory and Fitness Academy,Clark,152,42.9,2,67.2,69.2,57.5
000511,Northland Preparatory and Fitness Academy,000511,Northland Preparatory and Fitness Academy,Franklin,138,68.2,3,79.9,86.0,66.3
000513,Columbus Scioto 6-12,043802,Columbus City Schools District,Franklin,90,88.6,1,27.3,26.2,27.8
000519,Whiteoak Junior High School,047613,Bright Local,Highland,93,12.2,3,87.7,81.7,82.4
000520,Youngstown Rayen Early College High School,045161,Youngstown City,Mahoning,291,17.1,4,93.5,93.9,92.8
000525,Canton Harbor High School,000525,Canton Harbor High School,Stark,112,90.0,1,52.4,55.4,51.8
000527,Cleveland Academy for Scholarship Technology and Leadership,000527,Cleveland Academy for Scholarship Technology and Leadership,Cuyahoga,281,85.1,1,43.6,38.9,35.9
000534,Constellation Schools: Puritas Community Middle,000534,Constellation Schools: Puritas Community Middle,Cuyahoga,94,35.1,2,63.4,61.4,60.0
000539,Amanda-Clearcreek Elementary School,046847,Amanda-Clearcreek Local,Fairfield,341,17.2,3,81.7,77.8,78.8
000543,Pinnacle Academy,000543,Pinnacle Academy,Cuyahoga,741,30.1,2,71.9,71.2,72.8
000546,Winterfield Venture Academy,000546,Winterfield Venture Academy,Lucas,364,42.4,2,56.6,60.1,64.3
000547,Amanda Elementary School,044404,Middletown City,Butler,385,30.0,2,65.1,71.2,62.2
000553,Columbus Humanities; Arts and Technology Academy,000553,Columbus Humanities; Arts and Technology Academy,Franklin,631,23.0,2,59.9,60.9,65.4
000556,A+ Arts Academy,000556,A+ Arts Academy,Franklin,266,74.9,1,42.8,47.9,44.0
000557,Columbus Arts & Technology Academy,000557,Columbus Arts & Technology Academy,Franklin,534,74.1,2,60.3,55.0,51.7
000558,Columbus Preparatory Academy,000558,Columbus Preparatory Academy,Franklin,778,34.2,3,85.4,80.7,82.0
000559,Orion Academy,000559,Orion Academy,Hamilton,441,60.8,1,55.6,55.4,54.2
000560,Apex Academy,000560,Apex Academy,Cuyahoga,482,54.4,2,66.4,70.3,69.5
000562,Amanda-Clearcreek High School,046847,Amanda-Clearcreek Local,Fairfield,400,32.5,3,83.8,83.5,82.1
000575,Northwest School of the Arts,043786,Cleveland Municipal,Cuyahoga,280,56.5,3,80.7,71.4,74.5
000577,Emerson Academy,000577,Emerson Academy,Montgomery,659,46.2,2,58.9,63.3,67.0
000596,Amelia Elementary School,046359,West Clermont Local,Clermont,670,20.6,3,88.0,85.4,83.6
000598,Coshocton Opportunity School,000598,Coshocton Opportunity School,Coshocton,58,27.2,1,53.9,55.7,48.2
000608,Summit Academy Transition High School-Cincinnati,000608,Summit Academy Transition High School-Cincinnati,Hamilton,45,57.9,2,55.8,50.7,57.5
000612,West Clermont Middle School,046359,West Clermont Local,Clermont,1695,31.6,3,79.5,79.9,81.0
000613,Heir Force Community School,000613,Heir Force Community School,Allen,205,33.1,2,65.9,66.0,68.2
000614,Summit Academy Transition High School-Columbus,000614,Summit Academy Transition High School-Columbus,Franklin,30,59.4,1,37.1,48.5,44.9
000616,Summit Academy Alternative LearnersWarren Middle & Secondary,000616,Summit Academy Alternative LearnersWarren Middle & Secondary,Trumbull,68,57.9,1,48.0,46.2,55.8
000620,Amesville Elementary School,045914,Federal Hocking Local,Athens,184,26.4,3,78.8,69.9,65.5
000621,Summit Academy Dayton,000621,Summit Academy Dayton,Montgomery,87,67.4,1,47.9,43.9,52.1
000623,Summit Academy-Youngstown,000623,Summit Academy-Youngstown,Mahoning,128,46.7,1,50.5,49.6,42.6
000634,Summit Academy Secondary School - Middletown,000634,Summit Academy Secondary School - Middletown,Butler,83,65.5,1,54.4,47.9,54.2
000638,Amherst Elementary School,049858,Jackson Local,Stark,471,13.0,4,96.5,93.6,90.8
000640,Rittman Academy,000640,Rittman Academy,Wayne,31,73.5,1,46.6,64.3,54.8
000653,Amity Elementary School,043851,Deer Park Community City,Hamilton,568,21.7,3,87.2,89.8,87.9
000664,Capital City Career Prep High School,000664,Capital City Career Prep High School,Franklin,120,99.2,1,38.5,46.9,46.3
000676,Frank Jacinto Elementary,044263,Lorain City,Lorain,306,54.9,1,47.7,46.1,50.0
000679,Oakstone Community School,000679,Oakstone Community School,Franklin,174,17.2,2,72.3,71.8,71.2
000687,Anderson High School,047340,Forest Hills Local,Hamilton,1081,20.9,4,97.8,98.2,95.9
000699,Arcadia Middle School,047415,Arcadia Local,Hancock,84,4.2,4,89.1,88.9,96.5
000701,Avon Heritage Elementary School,048116,Avon Local,Lorain,974,8.7,5,105.2,103.8,104.1
000711,Pymatuning Valley Primary Elementary School,045880,Pymatuning Valley Local School District,Ashtabula,465,19.2,4,91.9,94.5,92.0
000725,Zenith Academy,000725,Zenith Academy,Franklin,444,0.4,2,73.3,62.9,64.9
000729,Andrew J Rickoff,043786,Cleveland Municipal,Cuyahoga,441,62.9,1,49.0,45.1,48.8
000736,Phoenix Village Academy Primary 2 dba Wings Academy 1,043786,Cleveland Municipal,Cuyahoga,99,59.8,2,63.6,61.2,53.6
000737,Massillon Junior High School,044354,Massillon City,Stark,598,48.5,2,69.3,70.7,75.3
000745,Anna Elementary School,049759,Anna Local,Shelby,514,4.7,5,107.0,107.2,105.6
000752,Anna High School,049759,Anna Local,Shelby,298,5.4,4,98.5,98.4,102.0
000760,Ansonia Elementary School,046623,Ansonia Local,Darke,493,7.3,4,98.5,96.1,95.5
000770,Maritime Academy of Toledo; The,000770,Maritime Academy of Toledo; The,Lucas,206,91.2,1,52.8,46.6,50.2
000778,Ansonia High School,046623,Ansonia Local,Darke,216,11.7,4,93.5,92.9,93.1
000779,Educational Academy for Boys & Girls,000779,Educational Academy for Boys & Girls,Franklin,178,23.1,2,76.8,65.8,69.0
000780,Midnimo Cross Cultural Middle School,000780,Midnimo Cross Cultural Middle School,Franklin,164,31.6,2,77.9,74.4,75.2
000804,Horizon Science Academy-Cincinnati,000804,Horizon Science Academy-Cincinnati,Hamilton,204,57.3,1,49.7,49.4,54.0
000808,Horizon Science Academy-Dayton,000808,Horizon Science Academy-Dayton,Montgomery,180,48.6,2,69.6,61.1,51.4
000810,Anthony Wayne High School,048207,Anthony Wayne Local,Lucas,1152,14.8,4,97.6,94.2,95.2
000813,Gem City Career Prep High School,000813,Gem City Career Prep High School,Montgomery,149,99.9,1,53.0,32.4,36.7
000825,Horizon Science Academy-Springfield,000825,Horizon Science Academy-Springfield,Lucas,320,40.8,2,76.2,73.2,69.9
000828,Anton Grdina,043786,Cleveland Municipal,Cuyahoga,314,66.7,1,36.8,39.1,38.9
000831,National Road,045179,Zanesville City,Muskingum,378,26.4,2,77.0,81.1,82.0
000836,Antwerp Local Elementary School,048991,Antwerp Local,Paulding,343,10.5,4,97.3,101.7,100.5
000838,Horizon Science Academy-Denison Middle School,000838,Horizon Science Academy-Denison Middle School,Cuyahoga,276,49.1,2,60.4,57.9,61.0
000840,General Johnnie Wilson Middle School,044263,Lorain City,Lorain,434,60.4,1,49.5,48.4,49.1
000841,Longfellow Middle School,044263,Lorain City,Lorain,392,61.1,1,52.5,54.0,56.8
000843,Bennett Venture Academy,000843,Bennett Venture Academy,Lucas,440,46.8,2,64.4,64.9,64.1
000844,Antwerp Local High School,048991,Antwerp Local,Paulding,171,15.2,4,91.0,94.9,94.0
000851,Waynedale Elementary School,050583,Waynedale Local,Wayne,456,11.9,3,83.9,83.7,85.8
000855,Stambaugh Charter Academy,000855,Stambaugh Charter Academy,Mahoning,473,61.2,2,58.1,55.2,63.5
000858,Horizon Science Academy-Cleveland Middle School,000858,Horizon Science Academy-Cleveland Middle School,Cuyahoga,274,50.7,2,55.9,58.7,63.3
000859,Canton Arts Academy @ Summit,043711,Canton City,Stark,266,10.6,4,90.5,94.5,93.9
000870,Grand Valley Elementary School,045864,Grand Valley Local,Ashtabula,368,18.6,3,86.9,80.4,93.0
000875,Westside Academy,000875,Westside Academy,Franklin,348,26.5,2,69.4,73.1,69.1
000877,Applewood Elementary School,043661,Brunswick City,Medina,470,14.8,4,93.5,92.7,97.4
000878,Slate Ridge Elementary School,047001,Reynoldsburg City,Licking,574,27.0,2,76.2,73.1,67.7
000883,Canaan Middle School,048264,Jonathan Alder Local,Madison,352,12.2,4,94.3,93.4,95.1
000884,Charity Adams Earley Girls Academy,043844,Dayton City,Montgomery,382,35.0,2,57.1,56.5,54.5
000885,Arcadia Elementary School,047415,Arcadia Local,Hancock,304,6.2,4,99.0,97.7,99.5
000892,Glen Oak Elementary School,046763,Olentangy Local,Delaware,613,11.9,5,100.2,100.9,100.9
000893,Arcadia High School,047415,Arcadia Local,Hancock,153,2.9,4,96.6,89.2,90.0
000901,Arcanum Elementary School,046631,Arcanum-Butler Local,Darke,435,12.3,5,105.4,102.8,100.8
000912,Early College Academy,000912,Early College Academy,Franklin,114,89.4,1,32.2,42.1,35.0
000919,Arcanum High School,046631,Arcanum-Butler Local,Darke,265,5.8,4,93.2,94.0,94.1
000927,Archbold Elementary School,047043,Archbold-Area Local,Fulton,441,7.4,5,105.5,103.0,105.3
000935,Archbold High School,047043,Archbold-Area Local,Fulton,317,12.2,4,97.3,99.0,96.1
000936,Promise Academy,000936,Promise Academy,Cuyahoga,104,98.6,1,17.5,36.4,36.5
000938,East Bridge Academy of Excellence,000938,East Bridge Academy of Excellence,Franklin,132,37.9,1,48.2,42.6,35.2
000941,Par Excellence Academy dba Par Excellence STEM Academy,000941,Par Excellence Academy dba Par Excellence STEM Academy,Licking,190,35.3,3,84.2,90.2,93.6
000950,Newton Falls Elementary School,045567,Newton Falls Exempted Village,Trumbull,246,31.7,3,80.0,68.5,87.7
000951,Toledo Preparatory and Fitness Academy,000951,Toledo Preparatory and Fitness Academy,Lucas,271,45.2,2,75.8,93.7,85.8
000952,Columbus Preparatory and Fitness Academy,000952,Columbus Preparatory and Fitness Academy,Franklin,395,41.6,2,64.7,66.4,57.5
000953,Mt. Healthy Preparatory and Fitness Academy,000953,Mt. Healthy Preparatory and Fitness Academy,Hamilton,206,51.3,2,60.9,59.9,60.2
000968,Arlington Elementary School,044909,Toledo City,Lucas,309,40.7,1,47.0,46.7,50.4
000976,Arlington Local Elementary School,047423,Arlington Local,Hancock,360,3.6,5,100.2,97.1,101.3
000992,Arlington Local High School,047423,Arlington Local,Hancock,235,9.2,4,94.2,94.5,93.9
001024,Arrowhead Primary Elementary School,049981,Copley-Fairlawn City,Summit,370,6.4,5,104.8,104.4,101.9
001040,Artemus Ward,043786,Cleveland Municipal,Cuyahoga,499,44.2,2,59.4,53.7,54.3
001073,Asbury Elementary School,046979,Groveport Madison Local,Franklin,514,25.6,2,71.3,71.1,66.8
001081,Ashland High School,043505,Ashland City,Ashland,804,17.7,4,91.8,92.4,90.3
001099,Ashland Middle School,043505,Ashland City,Ashland,681,18.7,4,90.7,85.5,89.1
001107,Buckeye Valley East Elementary School,046755,Buckeye Valley Local,Delaware,439,14.0,4,92.8,91.1,90.2
001123,Lakeside High School,043513,Ashtabula Area City,Ashtabula,783,48.1,2,63.8,64.5,64.9
001131,Ashville Elementary School,049098,Teays Valley Local,Pickaway,485,16.0,4,97.6,99.3,98.6
001149,Athens High School,043521,Athens City School District,Athens,637,28.6,4,89.5,88.4,87.8
001172,Atkinson Elementary School,044016,Fremont City,Sandusky,322,19.3,3,86.7,83.3,81.2
001180,Seneca East Elementary,049684,Seneca East Local,Seneca,346,3.1,5,103.0,100.7,104.6
001198,Seneca East High School,049684,Seneca East Local,Seneca,218,15.4,4,94.7,92.3,94.8
001206,Waterloo Elementary School,049247,Waterloo Local,Portage,457,19.1,3,85.0,85.9,88.8
001230,Timmons Elementary School,047191,Kenston Local,Geauga,763,8.0,5,109.2,106.3,107.2
001255,Oakwood Elementary School,045575,Paulding Exempted Village,Paulding,289,5.1,5,102.9,103.1,102.4
001297,Aurora High School,049171,Aurora City,Portage,935,11.8,5,107.1,105.3,103.9
001313,Craddock Elementary School,049171,Aurora City,Portage,434,8.4,,NC,NC,NC
001321,Austinburg Elementary School,044057,Geneva Area City,Ashtabula,220,17.0,4,96.8,95.7,101.6
001339,Austintown Middle School,048298,Austintown Local Schools,Mahoning,980,28.1,3,85.9,81.9,83.9
001347,Avery Elementary School,047019,Hilliard City,Franklin,430,5.6,4,93.6,92.0,87.9
001354,Avon East Elementary School,048116,Avon Local,Lorain,541,6.9,,NC,NC,NC
001362,Avon Early Learning Center,048116,Avon Local,Lorain,385,10.8,,NC,NC,NC
001370,Avon High School,048116,Avon Local,Lorain,1349,12.6,5,105.7,100.1,99.6
001388,Avon Lake High School,048124,Avon Lake City,Lorain,1033,25.8,5,101.2,100.5,101.8
001396,Avondale Elementary School,043802,Columbus City Schools District,Franklin,271,51.8,2,56.1,58.2,54.8
001404,Avondale Elementary School,049932,Plain Local,Stark,255,8.9,4,99.1,105.7,105.2
001412,Ayersville Elementary School,046706,Ayersville Local,Defiance,324,6.4,5,104.1,102.7,102.2
001420,Ayersville High School,046706,Ayersville Local,Defiance,300,15.1,4,92.3,94.0,98.8
001438,Edgewood Early Childhood Center,046094,Edgewood City School District,Butler,295,27.1,,NC,NC,NC
001446,Badger High School,050179,Joseph Badger Local,Trumbull,141,31.5,3,89.0,94.5,90.3
001453,Paint Valley Middle School,049510,Paint Valley Local,Ross,166,27.5,2,74.7,75.4,76.9
001461,Mathews Elementary School (Intermediate),050153,Mathews Local,Trumbull,126,16.7,4,93.8,91.6,93.3
001537,Barber Community Learning Center,043489,Akron City,Summit,435,28.2,2,67.2,66.0,59.3
001545,Barberton High School,043539,Barberton City,Summit,1000,38.0,3,84.9,79.1,79.7
001578,Warren Middle School,050500,Warren Local,Washington,651,17.2,3,87.3,88.1,90.3
001594,Barnesville Elementary School,045203,Barnesville Exempted Village,Belmont,515,19.0,4,94.7,97.0,93.6
001602,Barnesville High School,045203,Barnesville Exempted Village,Belmont,336,29.6,3,83.7,83.2,77.2
001628,Brookside Intermediate School,044768,Sheffield-Sheffield Lake City,Lorain,413,23.4,3,83.0,85.5,85.9
001644,Barrington Road Elementary School,044933,Upper Arlington City,Franklin,801,2.5,5,105.9,106.2,104.9
001669,Bascom Elementary School,050245,LaBrae Local,Trumbull,229,20.5,,NC,NC,NC
001677,Westlake Elementary School,045062,Westlake City,Cuyahoga,1210,8.5,5,101.9,103.4,104.0
001685,Bataan Memorial Primary School,044651,Port Clinton City,Ottawa,372,14.6,,NC,NC,NC
001693,Batavia Elementary School,046300,Batavia Local,Clermont,1241,22.7,4,89.3,86.3,86.8
001701,Batavia High School,046300,Batavia Local,Clermont,619,33.7,3,87.0,85.7,85.7
001735,Bath Elementary School,050054,Revere Local,Summit,664,6.4,5,110.6,109.5,109.1
001743,Bath Elementary School,045765,Bath Local,Allen,729,11.4,5,102.8,104.7,102.9
001750,Bath High School,045765,Bath Local,Allen,397,14.7,4,98.7,97.1,91.8
001768,Bath Middle School,045765,Bath Local,Allen,417,13.4,4,94.4,96.1,96.4
001776,Bauer Primary School,044396,Miamisburg City,Montgomery,306,21.5,,NC,85.6,76.1
001792,Bay High School,043547,Bay Village City,Cuyahoga,671,13.3,5,109.4,106.4,104.5
001800,Bay Middle School,043547,Bay Village City,Cuyahoga,735,7.6,5,107.0,105.2,106.7
001818,Lakeview Elementary School,050187,Lakeview Local,Trumbull,547,12.4,5,101.1,103.9,103.5
001842,Beachwood High School,043554,Beachwood City,Cuyahoga,538,21.2,5,103.3,99.9,103.5
001859,Beacon Elementary School,047019,Hilliard City,Franklin,449,9.4,3,88.0,86.1,81.1
001875,Beallsville Elementary School,048652,Switzerland of Ohio Local,Monroe,139,19.9,3,78.6,77.9,77.4
001883,Beallsville High School,048652,Switzerland of Ohio Local,Monroe,94,30.4,2,66.8,62.4,70.0
001891,Bear Primary School,044396,Miamisburg City,Montgomery,174,20.8,,NC,76.7,76.8
001917,Beatty Park Elementary School,043802,Columbus City Schools District,Franklin,67,61.8,1,42.2,45.1,45.1
001925,Columbus Spanish Immersion K-7 School,043802,Columbus City Schools District,Franklin,473,28.3,2,68.9,66.1,63.6
001933,Beaver Local Middle School,046425,Beaver Local,Columbiana,555,21.4,4,92.4,92.1,93.7
001958,Beaver Local High School,046425,Beaver Local,Columbiana,503,28.9,4,92.4,90.7,85.4
001966,Beavercreek High School,047241,Beavercreek City,Greene,1423,19.8,4,96.9,95.5,96.1
001982,Beavertown Elementary School,044180,Kettering City School District,Montgomery,384,10.4,4,95.7,94.0,92.0
002022,Bedford High School,043562,Bedford City,Cuyahoga,811,49.3,2,72.2,68.3,65.7
002048,Beechwood Elementary School,045070,Whitehall City,Franklin,512,23.3,2,63.5,68.4,69.0
002055,Early Childhood Center,044081,Winton Woods City,Hamilton,421,30.4,,NC,NC,NC
002139,Bellaire High School,043570,Bellaire Local,Belmont,304,42.6,3,81.1,75.3,80.6
002147,Bellbrook Middle School,047274,Bellbrook-Sugarcreek Local,Greene,618,9.0,5,100.3,100.8,102.7
002154,Bellbrook High School,047274,Bellbrook-Sugarcreek Local,Greene,756,14.9,5,104.5,102.1,100.2
002170,Benjamin Logan Elementary School,048074,Benjamin Logan Local,Logan,583,10.0,4,93.1,90.3,84.2
002196,Belle Haven Elementary School,043844,Dayton City,Montgomery,480,23.7,1,52.7,48.6,44.7
002220,Bellefontaine High School,043588,Bellefontaine City,Logan,588,38.6,3,82.5,79.0,82.5
002246,Bellevue High School,043596,Bellevue City,Sandusky,491,17.0,4,91.9,88.9,87.5
002253,Bellevue Middle School,043596,Bellevue City,Huron,395,12.4,4,92.0,89.1,91.4
002279,Bellville Elementary School,049411,Clear Fork Valley Local,Richland,401,3.8,4,96.3,99.7,97.3
002303,Belmont High School,043844,Dayton City,Montgomery,1097,71.9,1,50.8,46.4,40.5
002337,Belpre High School,043604,Belpre City,Washington,380,40.2,3,80.4,77.1,77.3
002352,Gearity Professional Development School,043794,Cleveland Heights-University Heights City,Cuyahoga,407,25.2,2,73.9,76.7,71.2
002378,Benjamin Franklin,043786,Cleveland Municipal,Cuyahoga,378,53.2,1,55.4,51.3,53.4
002436,Berkshire High School,047167,Berkshire Local,Geauga,367,22.1,4,90.5,85.1,83.7
002444,Western Reserve Middle School,048397,Western Reserve Local,Mahoning,143,14.7,4,98.9,99.5,97.4
002451,Berlin Elementary School,047688,East Holmes Local,Holmes,332,8.4,4,95.7,94.5,92.1
002485,Edison Middle School (formerly Berlin-Milan Middle School),046789,Edison Local (formerly Berlin-Milan),Erie,524,13.0,4,96.9,94.0,95.5
002493,Berne Union Elementary School,046854,Berne Union Local,Fairfield,444,14.3,4,96.3,89.7,88.3
002501,Berne Union High School,046854,Berne Union Local,Fairfield,358,20.5,3,82.3,82.0,85.5
002519,Berry Intermediate School,044214,Lebanon City,Warren,771,15.5,4,93.1,92.9,93.2
002527,Berwick Alternative K-8 School,043802,Columbus City Schools District,Franklin,684,43.9,2,70.4,67.2,67.5
002543,Bethel Elementary School,048611,Bethel Local,Miami,942,13.5,4,90.1,93.5,92.9
002568,Bethel Tate High School,046318,Bethel-Tate Local,Clermont,347,30.7,4,93.0,94.7,87.2
002576,Bethel High School,048611,Bethel Local,Miami,507,13.2,3,85.5,89.1,89.0
002584,Bethel-Tate Middle School,046318,Bethel-Tate Local,Clermont,284,21.7,4,90.8,90.6,93.0
002634,Betty Jane Community Learning Center,043489,Akron City,Summit,352,24.9,2,73.8,76.3,79.3
002642,Beverly Elementary School,044909,Toledo City,Lucas,559,13.0,3,86.4,85.9,87.0
002659,Beverly-Center Elementary School,050484,Fort Frye Local,Washington,226,6.4,4,99.7,101.7,94.5
002667,Beverly Gardens Elementary School,048702,Mad River Local,Montgomery,384,12.2,3,86.9,91.8,88.9
002675,Bexley High School,043620,Bexley City,Franklin,760,16.6,5,106.6,100.6,102.9
002683,River Valley Middle School,065680,Gallia County Local,Gallia,334,28.9,3,83.3,78.2,80.5
002709,Big Walnut High School,046748,Big Walnut Local,Delaware,1143,20.7,4,92.8,90.5,92.6
002733,Binns Elementary School,043802,Columbus City Schools District,Franklin,309,47.7,2,70.0,71.2,70.9
002758,Birmingham Elementary School,044909,Toledo City,Lucas,305,53.7,1,52.8,52.6,48.0
002766,Samuel Bissell Elementary School,050070,Twinsburg City,Summit,581,8.7,5,100.7,99.9,102.2
002782,Black River High School,048462,Black River Local,Ashland,316,16.6,4,92.1,90.1,90.5
002824,Blairwood Elementary School,048686,Jefferson Township Local,Montgomery,147,37.1,1,53.4,46.3,46.7
002832,Blanchester Middle School,046383,Blanchester Local,Clinton,351,22.1,3,87.2,78.5,82.0
002840,Blanchester High School,046383,Blanchester Local,Clinton,266,28.0,4,89.8,86.5,81.6
002857,Bloom Carroll Intermediate School,046862,Bloom-Carroll Local,Fairfield,547,10.0,4,95.2,97.0,95.7
002873,South Webster Jr/Sr High School,049593,Bloom-Vernon Local,Scioto,278,23.6,4,94.8,89.9,90.5
002907,Bloom Carroll Primary School,046862,Bloom-Carroll Local,Fairfield,479,9.1,,NC,NC,NC
002923,Edgewood Intermediate School,046094,Edgewood City School District,Butler,735,20.9,3,86.8,85.4,85.8
002956,Bloomfield High School,050096,Bloomfield-Mespo Local,Trumbull,80,37.7,3,81.9,79.0,83.4
002964,Miami Trace Middle School,046920,Miami Trace Local,Fayette,577,20.5,3,85.4,86.2,89.0
002980,E J Blott Elementary School,050195,Liberty Local,Trumbull,351,36.5,2,76.9,82.8,77.3
002998,Blue Ash Elementary,044867,Sycamore Community City,Hamilton,640,6.7,5,104.1,108.6,106.3
003020,Bluffton Elementary School,045211,Bluffton Exempted Village,Allen,533,5.9,5,104.8,105.2,101.1
003038,Bluffton High School,045211,Bluffton Exempted Village,Allen,296,6.8,4,98.1,97.2,95.2
003046,Wapakoneta Middle School,044982,Wapakoneta City,Auglaize,612,14.3,4,90.0,91.6,91.4
003053,Boardman Glenwood Junior High,048306,Boardman Local,Mahoning,549,22.8,4,91.5,90.1,93.2
003061,Boardman High School,048306,Boardman Local,Mahoning,995,23.1,4,96.2,93.6,88.0
003103,Bolich Middle School,043836,Cuyahoga Falls City School District,Summit,506,22.9,3,78.6,78.1,78.9
003129,Tuscarawas Valley Elementary School,050302,Tuscarawas Valley Local,Tuscarawas,683,8.3,4,92.8,94.0,93.1
003137,Bolton,043786,Cleveland Municipal,Cuyahoga,207,67.5,1,35.8,37.1,36.2
003152,Bond Hill Academy,043752,Cincinnati Public Schools,Hamilton,312,64.8,2,57.0,50.1,44.7
003202,Woodridge Middle School,049973,Woodridge Local,Summit,404,28.7,3,86.7,85.5,86.7
003210,Botkins Elementary School,049767,Botkins Local,Shelby,322,3.8,5,104.9,102.8,103.5
003228,Botkins High School,049767,Botkins Local,Shelby,257,7.4,5,100.2,98.5,99.3
003244,Boulevard Elementary School,044750,Shaker Heights City,Cuyahoga,376,19.4,4,90.6,95.8,88.5
003251,Boulevard Elementary School,043794,Cleveland Heights-University Heights City,Cuyahoga,272,34.1,3,79.4,73.6,75.9
003277,Conotton Valley Elementary,047548,Conotton Valley Union Local,Carroll,295,8.5,4,95.3,94.4,89.9
003285,Bowling Green High School,043638,Bowling Green City School District,Wood,697,22.8,4,91.4,85.4,84.6
003293,Bowling Green Middle School,043638,Bowling Green City School District,Wood,593,19.3,4,89.1,87.0,86.0
003301,Bowsher High School,044909,Toledo City,Lucas,744,42.2,2,56.2,50.2,65.0
003335,LaBrae Intermediate School,050245,LaBrae Local,Trumbull,247,18.9,3,86.5,89.3,92.1
003368,Bradford Elementary School,045229,Bradford Exempted Village,Darke,273,10.4,3,86.8,85.5,88.6
003376,Bradford High School,045229,Bradford Exempted Village,Darke,222,22.3,2,75.2,74.5,76.9
003400,Ballard Brady Middle School,046581,Orange City,Cuyahoga,463,5.3,5,107.0,105.5,105.2
003434,Summerside Elementary,046359,West Clermont Local,Clermont,615,24.7,3,84.8,83.3,79.8
003442,Brantwood Elementary School,048702,Mad River Local,Montgomery,371,23.1,3,85.1,80.7,84.1
003467,Brecksville-Broadview Heights High School,043646,Brecksville-Broadview Heights City,Cuyahoga,1106,11.1,5,107.8,108.1,107.4
003475,Brecksville-Broadview Heights Middle School,043646,Brecksville-Broadview Heights City,Cuyahoga,792,11.9,5,106.0,107.0,107.4
003509,Ridge Elementary School,045492,Mentor Exempted Village,Lake,651,9.6,4,99.5,95.1,93.9
003558,The Bridgeport School District - High School,045237,Bridgeport Exempted Village,Belmont,193,34.5,2,68.5,74.7,76.0
003566,Bridgetown Middle School,047373,Oak Hills Local,Hamilton,611,19.9,5,102.7,98.3,95.2
003590,Buckeye North Elementary School,047787,Buckeye Local,Jefferson,238,41.5,4,90.3,85.4,91.3
003616,Brimfield Elementary School,049197,Field Local,Portage,534,14.5,4,89.9,87.8,92.5
003624,Malabar Intermediate School,044297,Mansfield City,Richland,678,28.1,2,65.9,62.3,64.3
003632,Bristol Elementary School,050112,Bristol Local,Trumbull,232,17.0,4,100.1,97.8,94.7
003640,Bristol High School,050112,Bristol Local,Trumbull,180,42.9,3,85.3,80.7,79.9
003657,Britton Elementary School,047019,Hilliard City,Franklin,441,6.3,,NC,NC,NC
003665,Broadleigh Elementary School,043802,Columbus City Schools District,Franklin,307,47.7,1,54.4,64.4,56.7
003707,Broadway Elementary School,045617,Tipp City Exempted Village,Miami,454,10.8,,NC,101.0,101.4
003749,Brookfield High School,050120,Brookfield Local,Trumbull,276,36.0,3,79.9,75.6,82.4
003756,Brookfield Middle School,050120,Brookfield Local,Trumbull,297,33.7,3,80.0,76.4,78.0
003780,Brooklyn High School,043653,Brooklyn City,Cuyahoga,360,35.9,3,80.1,76.0,79.3
003806,Brook Park Elementary School,043612,Berea City,Cuyahoga,925,20.3,3,83.9,83.2,83.6
003822,Brookside Elementary School,045138,Worthington City,Franklin,313,11.0,4,96.8,95.4,91.6
003830,Brookside High School,044768,Sheffield-Sheffield Lake City,Lorain,407,32.0,3,86.3,81.3,83.1
003863,Brookville High School,048678,Brookville Local,Montgomery,392,11.0,4,93.3,94.4,99.1
003897,Brown Elementary School,047019,Hilliard City,Franklin,450,8.0,4,97.0,94.5,91.8
003905,Brown Middle School,044685,Ravenna City,Portage,507,37.1,2,64.1,67.2,70.3
003954,William Bruce Elementary School,043935,Eaton Community City,Preble,431,12.0,4,91.9,92.4,95.8
003970,Brunswick High School,043661,Brunswick City,Medina,1726,18.0,4,92.6,90.7,90.2
003988,Midview North Elementary School,048173,Midview Local,Lorain,517,16.4,,NC,NC,NC
003996,Brush High School,044792,South Euclid-Lyndhurst City,Cuyahoga,912,51.9,2,72.8,71.2,69.6
004002,Bryan Elementary,043679,Bryan City,Williams,868,9.8,4,96.1,95.9,94.5
004028,Bryan Middle School/High School,043679,Bryan City,Williams,867,15.9,3,87.5,85.6,88.1
004044,Bryden Elementary School,043554,Beachwood City,Cuyahoga,265,13.8,,NC,NC,NC
004077,Buchtel Community Learning Center,043489,Akron City,Summit,964,65.8,1,54.0,48.5,46.2
004085,Buckeye Central High School,046508,Buckeye Central Local,Crawford,172,12.2,4,90.2,93.5,96.2
004101,Buckeye Elementary School,047894,Riverside Local,Lake,369,13.7,4,92.7,91.7,93.6
004119,Buckeye Elementary School,044735,Salem City,Columbiana,413,24.9,,NC,NC,NC
004127,Buckeye High School,048470,Buckeye Local,Medina,530,20.5,4,98.4,96.0,96.4
004135,Buckeye Middle School,043802,Columbus City Schools District,Franklin,332,71.8,1,48.4,47.5,43.5
004143,Buckeye Valley Local High School,046755,Buckeye Valley Local,Delaware,568,18.0,5,103.1,96.8,96.0
004176,Buckskin Elementary School,045401,Greenfield Exempted Village,Ross,202,10.0,3,81.9,84.3,86.5
004184,Bucyrus Secondary School,043687,Bucyrus City,Crawford,204,32.5,2,76.2,76.2,74.8
004192,Budd Elementary School,045468,Loudonville-Perrysville Exempted Village,Ashland,206,6.8,4,95.7,95.2,90.2
004200,Pugliese Elementary West,044826,Steubenville City,Jefferson,450,5.7,5,111.3,108.7,110.8
004218,Brook Intermediate School,047308,Rolling Hills Local,Guernsey,348,17.2,2,76.6,77.2,80.4
004234,Buhrer,043786,Cleveland Municipal,Cuyahoga,420,25.7,3,83.2,77.5,74.1
004242,Ontario Primary School,043513,Ashtabula Area City,Ashtabula,265,36.9,,NC,NC,NC
004267,Paul C Bunn Elementary School,045161,Youngstown City,Mahoning,313,51.0,2,70.0,76.9,60.4
004317,Burlington Elementary School,047951,South Point Local,Lawrence,365,18.9,4,90.7,91.0,81.4
004333,Wauseon Middle School,045641,Wauseon Exempted Village,Fulton,388,16.6,3,85.6,88.5,87.4
004341,Burroughs Elementary School,043802,Columbus City Schools District,Franklin,382,51.4,1,44.3,44.7,43.2
004358,Burroughs Elementary School,044909,Toledo City,Lucas,311,41.9,2,63.4,61.3,63.2
004366,Berkshire Middle School,047167,Berkshire Local,Geauga,387,19.2,3,85.7,85.6,85.8
004390,Butler Elementary School,049411,Clear Fork Valley Local,Richland,256,10.1,4,95.9,92.6,90.1
004408,Butler Middle School,046631,Arcanum-Butler Local,Darke,316,9.4,4,97.3,94.6,96.6
004416,Butler High School,044958,Vandalia-Butler City,Montgomery,833,24.4,4,89.2,89.3,91.2
004432,Byesville Elementary School,047308,Rolling Hills Local,Guernsey,209,15.2,,NC,NC,NC
004457,Shaker Hts Middle School,044750,Shaker Heights City,Cuyahoga,936,21.1,3,83.1,82.6,82.9
004473,C O Harrison Elementary School,047373,Oak Hills Local,Hamilton,843,19.5,5,101.8,98.5,100.5
004507,Harrison Central Jr./Sr. High School,045245,Harrison Hills City,Harrison,547,34.3,2,75.2,74.2,74.3
004515,Southwestern Elementary School,065680,Gallia County Local,Gallia,161,17.4,3,88.3,90.3,90.5
004549,Beaver Local Elementary School,046425,Beaver Local,Columbiana,613,24.5,4,91.2,96.1,88.9
004556,Caldwell High School,045252,Caldwell Exempted Village,Noble,227,33.6,3,79.7,71.3,73.1
004564,Caldwell Elementary School,045252,Caldwell Exempted Village,Noble,518,21.3,3,78.9,75.2,78.5
004580,Liberty Elementary School,048447,River Valley Local,Marion,407,13.7,3,81.2,90.2,87.0
004598,Caledonia Elementary School,043901,East Cleveland City School District,Cuyahoga,245,54.4,,NC,NC,NC
004614,Cambridge Middle School,043695,Cambridge City,Guernsey,397,32.2,2,68.0,68.7,70.9
004622,Cambridge High School,043695,Cambridge City,Guernsey,464,41.4,2,67.2,65.3,65.4
004630,Preble Shawnee Elementary School,049288,Preble Shawnee Local,Preble,460,8.5,3,82.1,80.1,83.0
004697,C H Campbell Elementary School,048314,Canfield Local,Mahoning,470,10.3,5,106.8,108.7,101.6
004713,Ironton Middle School,044149,Ironton City School District,Lawrence,292,17.8,3,86.1,83.0,83.0
004739,Streetsboro Elementary School,049239,Streetsboro City,Portage,610,14.4,3,83.7,75.5,76.6
004747,Jonathan Alder Junior High,048264,Jonathan Alder Local,Madison,351,17.4,4,98.4,96.1,94.7
004754,W. S. Stinson Elementary School,049908,Northwest Local,Stark,383,2.4,5,101.0,101.2,104.5
004770,Canal Winchester High School,046946,Canal Winchester Local,Franklin,1109,26.6,4,90.9,86.6,87.5
004796,Canfield High School,048314,Canfield Local,Mahoning,677,22.3,5,106.2,104.1,105.4
004804,Canterbury Elementary School,043794,Cleveland Heights-University Heights City,Cuyahoga,311,15.3,4,90.2,85.4,80.2
004812,Canton South High School,049833,Canton Local,Stark,611,30.0,3,79.9,78.4,78.0
004838,East Palestine Elementary School,043927,East Palestine City,Columbiana,412,29.5,3,86.9,94.4,91.6
004853,Cardinal Jr/Sr High School,047175,Cardinal Local,Geauga,285,19.0,3,81.5,84.0,79.3
004861,Cardington-Lincoln High School,048793,Cardington-Lincoln Local,Morrow,242,16.8,3,83.5,81.5,78.8
004879,Cardington-Lincoln Elementary School,048793,Cardington-Lincoln Local,Morrow,395,11.3,2,76.2,80.7,86.7
004887,Carey High School,045260,Carey Exempted Village Schools,Wyandot,468,14.2,3,83.8,84.7,86.5
004911,Carlisle High School,050419,Carlisle Local,Warren,409,24.9,3,85.9,84.9,82.2
004929,Carlisle Primary Elementary School,050419,Carlisle Local,Warren,478,10.2,4,98.9,94.2,97.7
004937,Carlisle Intermediate Elementary School,050419,Carlisle Local,Warren,361,14.7,3,82.7,84.3,85.0
004952,Louise Troy Elementary School,043844,Dayton City,Montgomery,324,42.4,2,57.8,51.2,52.3
004994,Bloom-Carroll High School,046862,Bloom-Carroll Local,Fairfield,677,13.4,4,91.7,93.0,93.4
005017,Carrollton High School,045278,Carrollton Exempted Village,Carroll,499,27.0,4,91.5,83.8,83.7
005025,Dater Montessori School,043752,Cincinnati Public Schools,Hamilton,720,17.6,2,75.7,75.2,79.8
005041,Carylwood Intermediate School,043562,Bedford City,Cuyahoga,253,23.0,2,68.9,69.1,65.5
005074,Case Community Learning Center,043489,Akron City,Summit,370,36.1,3,78.2,78.4,74.9
005082,Cassingham Elementary School,043620,Bexley City,Franklin,480,5.6,5,103.7,100.6,101.0
005124,Cedar Elementary School,043711,Canton City,Stark,364,13.5,2,74.9,61.3,60.7
005132,Gorsuch West Elementary School,044206,Lancaster City,Fairfield,525,26.4,2,74.7,76.4,76.3
005157,Chestnut Elementary School,044628,Painesville City Local,Lake,422,20.7,2,75.3,76.7,77.8
005165,Cedarville Elementary School,047258,Cedar Cliff Local,Greene,252,12.4,5,103.7,103.2,104.7
005173,Cedarville High School,047258,Cedar Cliff Local,Greene,296,7.7,4,97.3,92.1,95.0
005181,Cedarwood Alternative Elementary School,043802,Columbus City Schools District,Franklin,340,42.7,2,70.2,67.2,69.1
005199,Celina Middle School,043729,Celina City,Mercer,342,12.2,4,89.3,85.6,86.5
005207,Celina High School,043729,Celina City,Mercer,726,17.3,3,85.4,82.7,76.8
005256,Newton Falls Middle School,045567,Newton Falls Exempted Village,Trumbull,118,31.5,3,84.2,82.3,83.6
005264,Perry Elementary School,047902,Perry Local,Lake,543,12.4,4,90.4,89.2,93.5
005280,Centerburg Elementary School,047829,Centerburg Local,Knox,443,9.2,4,96.7,100.6,100.9
005298,Centerburg High School,047829,Centerburg Local,Knox,295,20.1,4,93.6,91.9,89.3
005322,Centerville High School,043737,Centerville City,Montgomery,2607,19.4,4,98.4,96.0,94.9
005330,Central Trail Elementary School,044875,Sylvania Schools,Lucas,665,10.6,4,97.9,99.5,100.8
005348,London MIddle School,044255,London City,Madison,467,28.4,2,74.0,72.7,74.2
005363,Mason Middle School,050450,Mason City,Warren,1635,12.7,5,103.5,102.7,101.8
005371,Central Elementary School,044487,New Philadelphia City,Tuscarawas,197,9.4,4,96.1,97.5,91.8
005397,Napoleon Elementary School,044438,Napoleon Area City,Henry,917,7.5,4,98.8,97.7,97.5
005405,Central Academy Nongraded Elementary School,044404,Middletown City,Butler,352,30.6,2,64.4,65.8,69.1
005439,Willard Elementary School,045096,Willard City,Huron,558,23.3,3,80.2,86.0,80.3
005447,Wellston Middle School,045021,Wellston City,Jackson,283,30.7,2,72.5,78.6,80.5
005462,Fairfield Central Elementary School,046102,Fairfield City,Butler,726,15.4,3,83.5,83.9,84.0
005496,Central Elementary School,049437,Lexington Local,Richland,329,9.2,4,97.7,99.9,106.3
005504,Davey Elementary School,044164,Kent City,Portage,442,16.1,4,89.5,89.1,90.6
005561,Central Primary School,043562,Bedford City,Cuyahoga,404,31.4,,NC,NC,NC
005637,Alfred Benesch,043786,Cleveland Municipal,Cuyahoga,239,75.9,1,36.8,37.6,36.8
005660,Lima North Middle School,044222,Lima City,Allen,320,45.5,1,53.6,54.2,53.0
005686,Glenwood Middle School,043984,Findlay City,Hancock,564,18.8,3,80.5,81.4,83.0
005710,Wadsworth Middle School,044974,Wadsworth City,Medina,598,20.0,4,97.6,96.5,96.5
005728,Reading Elementary School,044693,Reading Community City,Hamilton,767,25.2,2,75.3,76.8,76.5
005736,Zane Trace Elementary School,049544,Zane Trace Local,Ross,473,15.2,4,92.0,88.0,90.3
005751,Chagrin Falls High School,045286,Chagrin Falls Exempted Village,Cuyahoga,515,13.3,5,110.1,110.8,104.6
005769,Chagrin Falls Middle School,045286,Chagrin Falls Exempted Village,Cuyahoga,224,6.2,5,112.8,112.2,112.1
005777,Chalker High School,050237,Southington Local,Trumbull,124,32.0,4,90.6,89.9,95.4
005785,R B Chamberlin Middle School,050070,Twinsburg City,Summit,565,17.8,4,94.4,94.5,98.3
005801,Champion Central Elementary School,050138,Champion Local,Trumbull,453,18.7,4,95.9,96.7,94.5
005819,Champion High School,050138,Champion Local,Trumbull,321,24.2,4,97.2,90.2,90.4
005827,Champion Middle School,043802,Columbus City Schools District,Franklin,342,78.4,1,43.6,43.8,45.1
005835,Champion Middle School,050138,Champion Local,Trumbull,364,19.0,4,98.9,97.1,97.7
005850,Chaney High,045161,Youngstown City,Mahoning,506,71.9,2,60.4,52.6,52.0
005868,Chapelfield Elementary School,046961,Gahanna-Jefferson City,Franklin,413,9.7,4,91.7,89.9,90.3
005876,Chardon High School,047183,Chardon Local,Geauga,989,26.0,5,101.8,100.6,97.1
005884,Chardon Middle School,047183,Chardon Local,Geauga,708,13.8,5,101.4,103.6,104.1
005892,Charles A Mooney School,043786,Cleveland Municipal,Cuyahoga,317,40.9,2,58.0,59.9,57.6
005900,Charles Dickens School,043786,Cleveland Municipal,Cuyahoga,257,56.9,1,43.5,44.8,42.8
005926,Charles L Warstler Elementary School,049932,Plain Local,Stark,285,13.4,3,84.5,82.4,85.4
005942,Whitney M Young,043786,Cleveland Municipal,Cuyahoga,263,50.2,1,44.0,40.8,37.0
005967,Charles W Springmyer Elementary School,047373,Oak Hills Local,Hamilton,412,11.8,4,99.8,102.0,104.7
006007,Chase STEM Academy,044909,Toledo City,Lucas,249,48.7,1,55.4,53.2,61.9
006015,Chase School,043752,Cincinnati Public Schools,Hamilton,271,46.9,2,65.7,56.4,59.3
006049,Cherrington Elementary School,045047,Westerville City,Franklin,334,16.3,3,86.9,88.5,89.9
006056,Rosa Parks Elementary School,044909,Toledo City,Lucas,290,52.1,1,45.6,46.5,43.7
006072,Swanton Middle School,047092,Swanton Local,Fulton,374,19.7,4,90.3,92.5,97.3
006080,Cherry Valley Elementary School,044453,Newark City,Licking,340,20.9,3,85.9,87.3,90.5
006098,Chesapeake High School,045294,Chesapeake Union Exempted Village,Lawrence,265,30.7,3,79.7,78.6,77.7
006189,Chestnut Elementary School,044529,North Olmsted City,Cuyahoga,411,12.0,4,93.7,96.6,94.1
006213,Chestnut Ridge Elementary School,047688,East Holmes Local,Holmes,217,3.2,5,104.7,105.7,104.8
006239,Cheviot School,043752,Cincinnati Public Schools,Hamilton,573,48.6,2,77.7,76.8,71.0
006296,Chillicothe High School,043745,Chillicothe City,Ross,681,48.2,2,74.1,70.4,66.8
006312,Chippewa Jr./Sr. High School,050534,Chippewa Local,Wayne,484,17.3,5,100.4,101.7,98.7
006320,Circleville High School,043760,Circleville City,Pickaway,465,36.3,2,73.9,73.7,77.2
006338,Circleville Middle School,043760,Circleville City,Pickaway,449,35.7,2,74.3,69.1,72.8
006353,Clara E Westropp School,043786,Cleveland Municipal,Cuyahoga,413,60.1,2,65.0,62.1,60.7
006379,Clarendon Intermediate School,043711,Canton City,Stark,267,22.6,1,53.5,53.4,48.9
006387,Watkins Elementary School,043802,Columbus City Schools District,Franklin,296,66.5,1,49.6,47.6,49.7
006429,Clark School,043786,Cleveland Municipal,Cuyahoga,637,27.3,3,83.5,74.6,72.5
006494,Clay High School,044602,Oregon City,Lucas,1101,29.9,3,88.0,85.9,81.8
006502,Clay High School,049601,Clay Local,Scioto,141,28.2,3,82.2,77.2,80.3
006510,Claymont Middle School,043778,Claymont City,Tuscarawas,353,18.8,3,81.3,79.2,82.4
006528,Claymont High School,043778,Claymont City,Tuscarawas,375,26.0,3,85.9,80.6,79.4
006551,Clear Fork High School,049411,Clear Fork Valley Local,Richland,395,25.4,3,87.4,84.6,80.8
006577,Clearcreek Elementary School,050427,Springboro Community City,Warren,718,6.2,,NC,NC,NC
006585,Amanda-Clearcreek Primary School,046847,Amanda-Clearcreek Local,Fairfield,420,15.1,,NC,NC,NC
006593,Springboro High School,050427,Springboro Community City,Warren,1752,10.5,5,101.3,100.7,100.6
006601,North Canton Primary School,044503,North Canton City,Stark,998,10.8,,NC,NC,NC
006619,Clearview High School,048132,Clearview Local,Lorain,326,52.5,2,70.7,70.6,71.2
006627,John Clem Elementary School,044453,Newark City,Licking,378,19.3,2,77.5,75.9,76.9
006635,Clermont Northeastern High School,046326,Clermont Northeastern Local,Clermont,374,28.1,3,82.8,78.3,77.5
006643,Cleveland Elementary School,043844,Dayton City,Montgomery,404,30.3,2,61.5,62.9,59.1
006650,Brookwood Elementary School,044107,Hamilton City,Butler,600,22.3,3,86.1,84.2,83.0
006692,Clinton Elementary School,043802,Columbus City Schools District,Franklin,495,17.3,5,101.2,103.2,104.4
006700,Northwest Primary School,049908,Northwest Local,Stark,368,4.6,,NC,NC,NC
006734,Clinton-Massie High School,046391,Clinton-Massie Local,Clinton,410,14.5,3,88.9,90.7,90.6
006742,Clough Pike Elementary School,046359,West Clermont Local,Clermont,476,13.3,4,97.3,101.0,98.2
006759,Cloverleaf High School,048488,Cloverleaf Local,Medina,602,24.0,4,95.4,95.6,87.8
006775,North College Hill Elementary School,044511,North College Hill City,Hamilton,459,53.8,2,57.7,59.1,57.5
006783,McPherson Middle School,045302,Clyde-Green Springs Exempted Village,Sandusky,423,21.0,4,89.9,86.0,90.3
006791,Clyde High School,045302,Clyde-Green Springs Exempted Village,Sandusky,536,24.7,3,86.3,85.7,80.1
006809,Wellston Intermediate School,045021,Wellston City,Jackson,264,15.3,3,84.3,84.4,77.2
006841,Thurgood Marshall High School,043844,Dayton City,Montgomery,545,66.9,1,46.8,36.1,36.6
006858,Coldwater High School,045310,Coldwater Exempted Village,Mercer,341,7.4,4,97.1,99.6,95.0
006874,Colerain Elementary School,043802,Columbus City Schools District,Franklin,177,58.2,3,78.8,89.4,89.6
006882,Colerain Elementary School,047365,Northwest Local,Hamilton,642,22.2,3,86.6,86.6,84.8
006890,Colerain High School,047365,Northwest Local,Hamilton,1280,42.1,3,79.4,71.9,75.9
006908,Colerain Middle School,047365,Northwest Local,Hamilton,505,35.4,2,72.4,72.8,69.6
006932,College Hill Fundamental Academy,043752,Cincinnati Public Schools,Hamilton,440,30.8,2,67.9,61.9,57.4
006940,Collinwood High School,043786,Cleveland Municipal,Cuyahoga,235,81.3,1,47.0,45.6,46.3
006957,Carey Elementary School,045260,Carey Exempted Village Schools,Wyandot,368,10.1,4,90.2,89.8,92.5
006965,Col Crawford High School,046516,Colonel Crawford Local,Crawford,207,14.2,4,94.4,92.8,93.8
006999,Colonial Hills Elementary School,045138,Worthington City,Franklin,365,7.7,4,93.3,92.0,93.7
007005,Columbia Elementary School,044420,Mount Vernon City,Knox,243,7.6,4,93.6,93.0,93.2
007021,Columbia High School,048140,Columbia Local,Lorain,259,14.1,4,98.6,95.1,92.4
007039,Columbia Middle School,048140,Columbia Local,Lorain,341,14.0,4,93.0,91.2,91.4
007054,Columbian High School,044891,Tiffin City Schools,Seneca,655,24.7,3,84.6,83.5,85.1
007062,Columbiana High School,045328,Columbiana Exempted Village,Columbiana,307,12.1,4,97.5,98.4,98.4
007070,Columbus Intermediate School,043562,Bedford City,Cuyahoga,366,27.3,2,73.0,72.1,70.1
007088,Lakeside Junior High School,043513,Ashtabula Area City,Ashtabula,380,41.2,2,61.2,61.6,66.4
007096,Columbus Grove Elementary School,049312,Columbus Grove Local,Putnam,255,4.8,4,91.3,98.0,103.6
007104,Columbus Grove High School,049312,Columbus Grove Local,Putnam,197,6.4,5,101.1,99.2,96.1
007120,Como Elementary School,043802,Columbus City Schools District,Franklin,242,43.6,2,58.6,61.3,57.2
007161,Concord Elementary School,044925,Troy City,Miami,638,9.9,5,103.6,105.3,105.1
007195,Northwestern Middle School,050575,Northwestern Local,Wayne,277,13.1,3,87.8,86.2,84.0
007203,Conneaut Elementary School,043638,Bowling Green City School District,Wood,414,7.9,4,98.0,98.0,92.2
007211,Conneaut High School,043810,Conneaut Area City,Ashtabula,390,39.8,3,78.6,75.2,75.4
007245,Conotton Valley High School,047548,Conotton Valley Union Local,Carroll,213,23.8,4,90.4,87.5,83.3
007260,Continental Local Elementary School,049320,Continental Local,Putnam,288,9.1,5,100.8,103.1,102.0
007278,Continental Local High School,049320,Continental Local,Putnam,188,8.6,3,85.6,85.4,86.0
007286,Coventry High School,049999,Coventry Local,Summit,476,39.5,2,76.6,74.4,78.7
007294,Cookson Elementary School,044925,Troy City,Miami,315,19.8,4,94.6,88.1,84.5
007302,Coolville Elementary School,045914,Federal Hocking Local,Athens,217,13.8,4,97.0,96.0,94.2
007310,Copley High School,049981,Copley-Fairlawn City,Summit,793,20.6,4,96.1,91.7,94.7
007328,Copley-Fairlawn Middle School,049981,Copley-Fairlawn City,Summit,846,11.8,4,97.5,99.2,100.5
007336,Copopa Elementary School,048140,Columbia Local,Lorain,426,8.6,4,97.3,92.6,96.8
007344,Cork Elementary School,044057,Geneva Area City,Ashtabula,290,22.7,4,89.5,89.5,86.4
007401,Cory-Rawson High School,047431,Cory-Rawson Local,Hancock,249,14.0,3,77.9,74.8,80.2
007427,Coshocton High School,043828,Coshocton City,Coshocton,585,28.5,3,80.8,79.4,78.0
007450,Crooksville Middle School,045351,Crooksville Exempted Village,Perry,316,18.9,2,70.8,69.2,74.2
007492,Covedale School,043752,Cincinnati Public Schools,Hamilton,434,43.6,2,74.1,73.4,77.0
007526,Covington Elementary School,045336,Covington Exempted Village,Miami,376,8.5,4,94.2,93.4,93.2
007534,Covington High School,045336,Covington Exempted Village,Miami,180,11.4,3,86.9,86.1,85.5
007542,Cox Elementary School,045153,Xenia Community City,Greene,218,17.8,3,81.0,81.8,79.1
007559,Coy Elementary School,044602,Oregon City,Lucas,347,11.5,4,98.1,99.9,103.2
007567,Cranbrook Elementary School,043802,Columbus City Schools District,Franklin,303,25.9,2,74.7,68.4,77.8
007609,Creekview Elementary School,044404,Middletown City,Butler,386,20.7,2,68.5,66.4,60.1
007617,Crestline High School,045344,Crestline Exempted Village,Crawford,222,29.2,2,69.4,60.8,68.0
007625,Norwayne Middle School,050567,Norwayne Local,Wayne,308,14.0,5,101.9,98.3,99.9
007633,Crestview Elementary School,043661,Brunswick City,Medina,435,6.2,5,104.2,104.0,103.2
007658,Crestview High School,046433,Crestview Local,Columbiana,323,27.6,4,95.0,90.2,88.5
007666,Crestview High School,050351,Crestview Local,Van Wert,248,13.8,4,93.5,95.2,95.5
007674,Crestview High School,049429,Crestview Local,Richland,237,15.8,3,86.5,78.2,80.5
007690,Crestview Elementary School,050351,Crestview Local,Van Wert,336,5.6,5,105.9,105.8,105.3
007716,Westwood Elementary School,043943,Elyria City Schools,Lorain,444,28.3,2,69.9,71.9,71.5
007724,Crestwood High School,049189,Crestwood Local,Portage,579,42.8,3,86.4,86.8,86.2
007757,Cridersville Elementary School,044982,Wapakoneta City,Auglaize,351,19.8,2,75.6,83.2,82.3
007773,Crim Elementary School,043638,Bowling Green City School District,Wood,350,16.7,3,83.4,86.3,77.5
007799,Crissey Elementary School,048223,Springfield Local,Lucas,360,16.5,3,86.0,77.5,82.5
007815,Croghan Elementary School,044016,Fremont City,Sandusky,386,14.1,3,78.7,77.4,73.0
007823,Crooksville High School,045351,Crooksville Exempted Village,Perry,279,17.8,2,74.0,66.7,69.8
007849,Crosby Elementary School,047381,Southwest Local,Hamilton,785,7.0,5,108.5,107.3,108.6
007856,Byrnedale Elementary School,044909,Toledo City,Lucas,315,29.3,1,54.6,55.9,61.6
007864,Crouse Community Learning Center,043489,Akron City,Summit,446,39.9,2,56.5,55.6,51.4
007898,Mathews Elementary School (Primary),050153,Mathews Local,Trumbull,144,16.0,,NC,NC,NC
007906,Brookfield Elementary School,050120,Brookfield Local,Trumbull,384,23.2,3,83.3,82.9,80.5
007930,Cuyahoga Falls High School,043836,Cuyahoga Falls City School District,Summit,1056,39.1,3,82.5,74.7,73.6
007948,Cuyahoga Hts Elementary School,046557,Cuyahoga Heights Local,Cuyahoga,351,6.1,5,101.8,103.9,102.2
007955,Cuyahoga Hts High School,046557,Cuyahoga Heights Local,Cuyahoga,222,7.8,5,102.4,103.7,103.1
007963,Elmwood Middle School,050682,Elmwood Local,Wood,328,18.2,3,83.3,86.0,88.3
007984,Youngstown Academy of Excellence,007984,Youngstown Academy of Excellence,Mahoning,226,70.5,1,54.8,54.5,57.8
007995,Cleveland Arts and Social Sciences Academy,007995,Cleveland Arts and Social Sciences Academy,Cuyahoga,365,48.1,4,92.8,79.7,77.2
007997,Dalton Elementary School,050542,Dalton Local,Wayne,336,2.9,4,99.0,104.0,102.7
007999,Charles School at Ohio Dominican University,007999,Charles School at Ohio Dominican University,Franklin,313,52.5,2,66.7,67.4,70.0
008000,Lorain Preparatory Academy,008000,Lorain Preparatory Academy,Lorain,427,51.7,2,58.7,52.2,50.7
008003,Dalton High School,050542,Dalton Local,Wayne,235,15.3,4,99.4,95.3,92.0
008029,Dan Emmett Elementary School,044420,Mount Vernon City,Knox,254,21.4,4,99.5,100.7,100.5
008037,Starling PK-8,043802,Columbus City Schools District,Franklin,520,68.0,1,43.9,42.2,44.2
008045,Danbury Elementary School,048934,Danbury Local,Ottawa,268,9.5,5,103.4,99.4,97.2
008052,Danbury High School,048934,Danbury Local,Ottawa,138,20.9,4,94.1,90.8,91.1
008060,Daniel E Morgan School,043786,Cleveland Municipal,Cuyahoga,283,41.7,2,56.2,52.2,48.3
008063,Cascade Career Prep High School,008063,Cascade Career Prep High School,Summit,97,95.9,1,34.9,36.5,40.0
008064,Monroe Preparatory Academy,008064,Monroe Preparatory Academy,Erie,204,54.1,2,71.3,68.3,66.0
008078,Danville Elementary School,047837,Danville Local,Knox,357,8.7,4,95.2,94.1,92.7
008086,Danville High School,047837,Danville Local,Knox,210,18.3,3,87.7,80.8,83.2
008102,Darbydale Elementary School,044800,South-Western City,Franklin,408,21.7,3,83.3,82.0,85.2
008110,Gilbert A. Dater High School,043752,Cincinnati Public Schools,Hamilton,878,58.1,1,54.1,50.6,53.6
008112,Northwood Elementary,045476,Marysville Exempted Village,Union,608,12.8,4,98.2,101.6,103.1
008136,David Anderson Jr/Sr High School,045450,Lisbon Exempted Village,Columbiana,373,39.5,2,75.2,69.7,73.4
008151,David Smith Elementary School,043877,Delaware City,Delaware,380,13.5,4,90.3,90.6,91.7
008162,Olentangy Meadows Elementary School,046763,Olentangy Local,Delaware,529,9.2,4,96.9,100.2,98.6
008185,Daw Elementary School,045039,Wellsville Local,Columbiana,205,30.2,2,75.6,75.9,69.5
008201,Galion Primary Elementary School,044024,Galion City,Crawford,435,19.1,,NC,NC,NC
008219,Dawson-Bryant High School,047928,Dawson-Bryant Local,Lawrence,253,43.5,3,79.8,69.8,70.0
008227,Dawson-Bryant Middle School,047928,Dawson-Bryant Local,Lawrence,253,20.7,4,93.4,81.9,83.8
008242,Summit Station Intermediate,048009,Licking Heights Local,Licking,833,10.7,3,85.9,83.4,76.1
008250,Deer Park  Jr/Sr High School,043851,Deer Park Community City,Hamilton,476,36.5,3,85.7,81.4,77.9
008252,Green Primary School,050013,Green Local,Summit,844,8.6,4,99.9,96.1,98.0
008257,Glacier Ridge Elementary,047027,Dublin City,Union,528,6.9,5,104.9,104.0,106.2
008262,Jesup W. Scott High School,044909,Toledo City,Lucas,715,54.3,2,57.1,46.0,49.9
008278,Noble Academy-Cleveland,008278,Noble Academy-Cleveland,Cuyahoga,318,36.8,2,67.7,67.6,70.1
008280,Noble Academy-Columbus,008280,Noble Academy-Columbus,Franklin,283,20.0,2,70.0,67.6,65.3
008281,South Scioto Academy,008281,South Scioto Academy,Franklin,213,62.5,2,76.4,70.8,73.1
008282,North Woods Career Prep High School,008282,North Woods Career Prep High School,Franklin,98,93.2,1,49.9,45.5,45.3
008283,Dayton Business Technology High School,008283,Dayton Business Technology High School,Montgomery,73,84.9,2,57.2,47.0,49.7
008284,Dawson-Bryant Elementary School,047928,Dawson-Bryant Local,Lawrence,571,25.7,4,99.0,99.5,102.9
008286,Harvard Avenue Performance Academy,008286,Harvard Avenue Performance Academy,Cuyahoga,375,57.8,2,76.8,66.7,57.5
008287,Groveport Community School,008287,Groveport Community School,Franklin,597,28.5,2,67.4,65.9,65.7
008289,Eagle Learning Center,008289,Eagle Learning Center,Lucas,42,100.0,1,52.6,43.6,58.4
008290,Dennis,050427,Springboro Community City,Warren,864,6.0,5,100.2,99.1,101.1
008292,Defiance Middle School,043869,Defiance City,Defiance,565,17.4,3,81.6,76.2,77.2
008294,Five Points,050427,Springboro Community City,Warren,982,7.0,5,101.8,101.7,101.8
008298,Lima Senior High School,044222,Lima City,Allen,976,51.5,1,54.5,60.2,59.1
008300,Defiance High School,043869,Defiance City,Defiance,682,21.6,3,86.7,80.9,77.6
008304,Middlebranch Elementary School,049932,Plain Local,Stark,527,11.1,4,96.3,98.6,101.0
008309,Lorain High School,044263,Lorain City,Lorain,1679,66.7,1,53.8,50.2,53.3
008318,Delhi Middle School,047373,Oak Hills Local,Hamilton,515,25.8,3,88.8,84.8,83.1
008326,Carrollton Elementary School,045278,Carrollton Exempted Village,Carroll,792,7.8,2,77.5,80.6,81.4
008334,Delta Elementary School,047084,Pike-Delta-York Local,Fulton,358,8.1,4,89.4,93.5,92.2
008342,Pike-Delta-York High School,047084,Pike-Delta-York Local,Fulton,342,19.8,4,92.4,97.0,95.9
008359,Pike-Delta-York Middle School,047084,Pike-Delta-York Local,Fulton,359,11.6,4,93.7,93.5,97.0
008375,Demmitt Elementary School,044958,Vandalia-Butler City,Montgomery,376,19.2,,NC,103.9,88.4
008383,Denison,043786,Cleveland Municipal,Cuyahoga,265,53.3,2,72.4,68.7,57.5
008391,Dentzler Elementary School,044636,Parma City,Cuyahoga,446,15.4,4,99.8,98.7,98.8
008409,Denver Place Elementary School,045112,Wilmington City,Clinton,489,14.8,3,80.2,80.0,82.3
008433,Patrick Henry High School,047597,Patrick Henry Local,Henry,230,11.8,4,91.5,91.7,89.9
008441,DeVeaux Elementary School,044909,Toledo City,Lucas,432,33.2,2,60.2,57.6,52.9
008474,Devonshire Alternative Elementary School,043802,Columbus City Schools District,Franklin,412,32.8,2,62.4,60.2,62.4
008490,Dike School of Arts,043786,Cleveland Municipal,Cuyahoga,300,50.1,1,50.3,47.7,48.7
008508,West Muskingum Elementary School,048884,West Muskingum Local,Muskingum,684,14.0,4,94.7,87.7,87.8
008532,Dixie High School,048710,New Lebanon Local School District,Montgomery,290,22.1,2,74.1,75.2,75.9
008540,Joshua Dixon Elementary School,045328,Columbiana Exempted Village,Columbiana,369,15.6,5,102.4,102.6,95.5
008557,Eaton Middle School,043935,Eaton Community City,Preble,400,17.8,4,91.7,88.2,85.4
008581,Dominion Middle School,043802,Columbus City Schools District,Franklin,739,41.5,2,76.7,75.4,74.5
008607,Donnell Middle School,043984,Findlay City,Hancock,514,15.6,3,82.9,84.6,83.6
008615,Donnelsville Elementary School,046243,Tecumseh Local,Clark,332,11.5,4,93.3,91.5,91.0
008623,Dorothy E Lewis Elementary School,046607,Solon City,Cuyahoga,512,6.7,5,114.4,114.2,114.2
008649,Dorr Street Elementary School,048223,Springfield Local,Lucas,396,27.1,2,77.8,71.5,78.0
008672,Johnstown Elementary School,047985,Johnstown-Monroe Local,Licking,482,7.8,4,96.3,98.2,101.0
008680,Memorial School,043786,Cleveland Municipal,Cuyahoga,388,49.8,2,61.9,62.0,60.9
008698,Frederick Douglass School,043752,Cincinnati Public Schools,Hamilton,235,55.8,1,52.0,53.0,51.2
008706,Dover Avenue Elementary School,043893,Dover City,Tuscarawas,391,7.3,4,93.1,94.7,94.0
008722,Dover High School,043893,Dover City,Tuscarawas,743,22.8,4,89.5,84.3,89.0
008730,Shelby Elementary School,044776,Shelby City,Richland,863,7.3,4,91.0,89.4,85.8
008748,Chippewa Intermediate School,050534,Chippewa Local,Wayne,336,13.9,5,103.7,104.2,102.6
008763,Indian Hill Elementary School,045435,Indian Hill Exempted Village,Hamilton,538,7.6,5,104.3,105.7,105.9
008789,Driscoll Elementary School,043737,Centerville City,Montgomery,270,9.3,4,91.8,92.7,93.4
008821,Dunbar Early College High School,043844,Dayton City,Montgomery,537,80.6,1,42.8,37.6,35.5
008839,Duncan Falls Elementary School,048843,Franklin Local,Muskingum,647,11.4,4,89.6,87.3,89.7
008847,Philo Junior High School,048843,Franklin Local,Muskingum,435,27.2,2,69.0,73.2,73.5
008854,Dundee Elementary School,050278,Garaway Local,Tuscarawas,153,8.6,5,104.4,106.2,104.1
008888,Dunloe Elementary School,046979,Groveport Madison Local,Franklin,510,23.2,2,72.1,65.1,59.6
008896,Durling Middle School,048132,Clearview Local,Lorain,443,44.1,2,63.7,66.4,69.2
008912,Duxberry Park Alternative Elementary School,043802,Columbus City Schools District,Franklin,187,43.7,2,57.9,61.3,54.5
008920,E A Powell Elementary School,050708,North Baltimore Local,Wood,361,11.5,3,81.4,79.9,79.5
008933,Rosa Parks Elementary School,044404,Middletown City,Butler,494,42.8,1,53.9,52.2,47.7
008946,East Elementary School,045625,Upper Sandusky Exempted Village,Wyandot,116,6.8,5,108.7,103.3,96.0
008953,East Canton Elementary School,049916,Osnaburg Local,Stark,446,18.1,3,88.8,85.2,86.0
008961,East Canton High School,049916,Osnaburg Local,Stark,219,23.6,3,80.2,81.3,82.6
008979,Midview West Elementary School,048173,Midview Local,Lorain,385,16.1,4,92.3,94.8,92.4
008983,Wyandot Early Childhood School,046110,Lakota Local,Butler,635,11.4,,NC,NC,NC
008984,Endeavor Elementary School,046110,Lakota Local,Butler,741,6.7,5,100.7,100.4,97.7
008987,East Clark,043786,Cleveland Municipal,Cuyahoga,176,59.9,2,57.9,50.3,47.4
008995,East Clinton High School,046409,East Clinton Local,Clinton,227,37.2,2,76.3,75.4,73.6
009001,East Columbus Elementary School,043802,Columbus City Schools District,Franklin,370,67.4,1,53.3,47.1,48.9
009029,Barack Obama School,044305,Maple Heights City,Cuyahoga,444,40.5,2,62.9,58.4,58.4
009030,Abraham Lincoln School,044305,Maple Heights City,Cuyahoga,470,34.6,,NC,NC,NC
009031,J.F. Kennedy School,044305,Maple Heights City,Cuyahoga,467,39.3,2,62.0,73.1,65.7
009038,Toledo Early College High School,044909,Toledo City,Lucas,345,14.9,4,99.0,92.9,100.8
009043,East Knox Junior/Senior High School,047845,East Knox Local,Knox,355,17.9,3,78.5,78.3,74.1
009075,Johnnycake Corners Elementary School,046763,Olentangy Local,Delaware,575,4.5,5,102.5,104.0,104.1
009076,East Linden Elementary School,043802,Columbus City Schools District,Franklin,312,48.3,2,66.9,61.3,50.3
009077,Hyatts Middle School,046763,Olentangy Local,Delaware,838,8.1,5,102.8,102.2,105.2
009078,Liberty Tree Elementary School,046763,Olentangy Local,Delaware,660,6.2,5,104.1,105.1,106.4
009084,East Liverpool High School,043919,East Liverpool City,Columbiana,566,46.9,2,70.5,64.4,64.2
009090,Washington Elementary School,047019,Hilliard City,Franklin,463,3.5,4,100.1,101.2,99.8
009091,Hilliard Bradley High School,047019,Hilliard City,Franklin,1605,20.3,4,91.5,88.4,90.1
009107,Helen Arnold Community Learning Center,043489,Akron City,Summit,301,34.2,2,62.6,64.5,62.6
009108,Lincoln PK-8 School,044990,Warren City,Trumbull,1015,40.1,2,66.8,65.3,68.0
009109,Willard Avenue PK-8 School,044990,Warren City,Trumbull,893,38.6,2,65.8,67.1,67.3
009112,Jefferson PK-8 School,044990,Warren City,Trumbull,721,46.7,2,66.6,62.9,59.4
009113,McGuffey PK-8 School,044990,Warren City,Trumbull,778,42.4,2,69.4,65.0,61.3
009116,Harding Middle School,044198,Lakewood City,Cuyahoga,445,19.2,5,100.9,98.0,100.0
009117,Garfield Middle School,044198,Lakewood City,Cuyahoga,465,19.8,3,85.5,86.1,86.6
009119,Hayes Elementary School,044198,Lakewood City,Cuyahoga,295,7.3,5,101.5,101.6,106.5
009120,Harrison Elementary School,044198,Lakewood City,Cuyahoga,263,19.7,4,89.1,83.5,84.5
009128,Ridgewood Elementary School,046474,Ridgewood Local,Coshocton,438,6.8,3,78.3,87.7,87.0
009134,East Palestine High School,043927,East Palestine City,Columbiana,253,45.7,3,79.4,83.7,78.6
009145,Akron Early College High School,043489,Akron City,Summit,398,2.8,5,108.7,106.6,101.9
009148,Zanesville Community High School,009148,Zanesville Community High School,Muskingum,174,40.5,2,56.2,43.3,63.6
009149,Constellation Schools: Westside Community School of the Arts,009149,Constellation Schools: Westside Community School of the Arts,Cuyahoga,168,49.7,2,56.2,59.7,50.6
009159,Prospect Elementary School,044065,Girard City School District,Trumbull,500,25.3,3,88.5,87.3,87.2
009160,Jackson Northview Elementary School,044156,Jackson City,Jackson,382,20.0,4,89.8,89.7,95.2
009167,Mississinawa Valley Elementary School,046672,Mississinawa Valley Local,Darke,299,15.1,4,91.7,94.1,92.4
009179,Horizon Science Academy Columbus Middle School,009179,Horizon Science Academy Columbus Middle School,Franklin,460,29.5,2,66.4,55.1,61.9
009192,Foundation Academy,009192,Foundation Academy,Richland,378,35.6,2,68.4,60.2,61.3
009200,James N. Gamble Montessori High School,043752,Cincinnati Public Schools,Hamilton,683,41.6,2,59.2,55.4,53.5
009201,Waggoner Road Junior High,047001,Reynoldsburg City,Franklin,906,22.4,2,68.7,68.4,69.4
009212,Carson Elementary School,044453,Newark City,Licking,411,33.7,3,79.2,80.0,81.7
009213,Heritage Middle School,044453,Newark City,Licking,413,48.5,2,69.8,64.2,66.4
009214,Hillview Elementary School,044453,Newark City,Licking,411,22.1,4,97.7,92.6,91.9
009216,Legend Elementary,044453,Newark City,Licking,474,18.9,4,97.1,87.8,90.9
009218,Liberty Middle School,044453,Newark City,Licking,453,24.4,3,86.6,87.6,89.6
009220,Centerville Primary Village South,043737,Centerville City,Montgomery,566,16.6,,NC,NC,NC
009221,Toni Wofford Morrison ES,044263,Lorain City,Lorain,321,47.9,2,67.2,66.7,71.1
009222,Helen Steiner Rice ES,044263,Lorain City,Lorain,296,46.1,2,61.6,55.8,59.0
009224,Madison Park Elementary,048694,Trotwood-Madison City,Montgomery,344,31.9,2,63.3,62.2,61.8
009225,Rossford Elementary School,045609,Rossford Exempted Village,Wood,815,12.6,3,85.1,84.6,85.6
009233,Eakin Elementary School,043802,Columbus City Schools District,Franklin,251,44.4,1,52.9,49.6,44.2
009241,East Elementary School,044487,New Philadelphia City,Tuscarawas,236,17.5,,NC,NC,NC
009258,East Elementary School,044420,Mount Vernon City,Knox,237,13.3,5,105.8,109.0,106.2
009274,East Elementary School,043893,Dover City,Tuscarawas,402,8.3,4,90.4,91.6,90.7
009282,Hollingsworth East Elementary School,043935,Eaton Community City,Preble,418,13.4,,NC,NC,NC
009283,Dayton Early College Academy; Inc,009283,Dayton Early College Academy; Inc,Montgomery,319,22.0,3,88.8,84.0,81.9
009285,Douglas MacArthur,043786,Cleveland Municipal,Cuyahoga,280,27.7,3,87.6,86.6,82.1
009286,Orange High School,046763,Olentangy Local,Delaware,1865,20.3,5,101.6,100.8,97.6
009308,St. Marys East Primary School,044727,St Marys City,Auglaize,446,9.4,,NC,NC,NC
009324,Fort Recovery Middle School,048595,Fort Recovery Local,Mercer,190,2.6,5,104.2,98.9,103.2
009340,Mt. Pleasant Elementary School,044206,Lancaster City,Fairfield,534,27.0,3,83.0,82.0,82.6
009365,Greenville Elementary School,044099,Greenville City,Darke,792,18.5,3,85.3,86.2,90.2
009373,Chesapeake Middle School,045294,Chesapeake Union Exempted Village,Lawrence,336,20.0,3,85.1,80.2,78.9
009407,Waverly Primary School,049148,Waverly City,Pike,413,25.1,,NC,NC,NC
009421,Ginn Academy,043786,Cleveland Municipal,Cuyahoga,328,84.2,2,59.3,53.9,47.1
009423,Urbana Elementary School,044941,Urbana City,Champaign,857,17.4,2,74.8,81.2,80.1
009431,East Elementary School,043521,Athens City School District,Athens,330,14.4,3,83.6,90.1,85.3
009464,East Elementary School,045542,Newcomerstown Exempted Village,Tuscarawas,126,5.5,,NC,NC,NC
009487,Miami Trace Elementary School,046920,Miami Trace Local,Fayette,1136,14.9,4,91.6,94.1,93.2
009488,Fairless Elementary School,049841,Fairless Local,Stark,619,14.6,4,89.2,93.9,91.8
009498,East Community Learning Center,043489,Akron City,Summit,899,68.6,2,58.0,50.8,48.3
009511,Phoenix Middle School,045138,Worthington City,Franklin,153,10.0,5,101.4,98.3,104.1
009514,East High School,043802,Columbus City Schools District,Franklin,418,85.2,2,57.5,46.4,37.1
009522,Milkovich Middle School,044305,Maple Heights City,Cuyahoga,638,48.2,2,58.5,58.0,57.1
009555,East Technical High School,043786,Cleveland Municipal,Cuyahoga,475,86.1,1,51.7,41.8,39.8
009571,Eastern High School,048512,Eastern Local,Meigs,329,39.5,2,70.6,68.7,74.4
009589,Eastern High School,049122,Eastern Local School District,Pike,163,39.9,3,81.4,79.3,77.8
009613,Easthaven Elementary School,043802,Columbus City Schools District,Franklin,482,37.0,2,58.9,58.4,53.0
009621,Eastlake Middle School,045104,Willoughby-Eastlake City,Lake,328,30.3,2,77.4,78.5,80.4
009647,Eastmont Elementary School,043844,Dayton City,Montgomery,415,25.1,2,70.5,74.8,71.4
009688,Claymont Elementary School,043778,Claymont City,Tuscarawas,223,16.8,,NC,NC,NC
009704,Eastview Elementary School,049452,Madison Local,Richland,216,15.3,4,98.9,93.9,87.0
009712,Eastview Elementary School,048124,Avon Lake City,Lorain,344,8.7,5,103.3,102.8,104.3
009720,Revere Middle School,050054,Revere Local,Summit,597,7.8,5,102.2,100.5,101.6
009738,Oberlin Elementary School,044594,Oberlin City Schools,Lorain,356,16.0,3,86.1,83.7,86.3
009779,Eastwood I High School,050674,Eastwood Local,Wood,369,18.9,4,97.8,98.0,93.5
009787,Lee Eaton Intermediate School,050047,Nordonia Hills City,Summit,484,16.5,5,102.3,101.5,101.3
009803,Eaton High School,043935,Eaton Community City,Preble,469,22.3,3,87.7,88.1,90.3
009829,Echo Hills Elementary School,044834,Stow-Munroe Falls City School District,Summit,298,11.5,4,93.8,91.1,85.6
009871,East Knox Elementary School,047845,East Knox Local,Knox,518,15.6,3,86.7,84.7,84.6
009886,Edgerton Elementary School,050617,Edgerton Local,Williams,248,8.4,5,101.7,95.5,97.3
009894,Edgerton High School,050617,Edgerton Local,Williams,249,21.7,4,91.3,94.2,88.8
009902,Edgewater Elementary School,044909,Toledo City,Lucas,126,23.8,4,94.0,83.2,67.2
009910,Edgewood Middle School,045120,Wooster City,Wayne,703,14.4,3,84.3,85.3,85.5
009927,Little Miami Primary School,050443,Little Miami Local,Warren,936,10.5,4,93.9,91.7,95.4
009928,Edgewood Elementary School,045476,Marysville Exempted Village,Union,488,12.5,5,100.2,99.2,101.2
009936,Edgewood High School,045856,Buckeye Local,Ashtabula,458,40.8,3,80.0,82.7,80.3
009944,Wallace H Braden Middle School,045856,Buckeye Local,Ashtabula,371,37.6,3,78.7,76.6,75.8
009953,Sullivant Avenue Community School,009953,Sullivant Avenue Community School,Franklin,304,57.0,1,46.9,50.6,45.1
009955,Madison Avenue School of Arts,009955,Madison Avenue School of Arts,Lucas,369,61.0,1,51.5,47.5,44.8
009957,Klepinger Community School,009957,Klepinger Community School,Montgomery,544,45.2,1,49.9,49.4,45.4
009968,Sandy Valley Elementary School,049940,Sandy Valley Local,Stark,580,15.0,4,92.8,94.6,95.0
009971,Ashland County Community Academy,009971,Ashland County Community Academy,Ashland,64,78.9,1,51.2,50.1,50.3
009972,Sandy Valley Middle School,049940,Sandy Valley Local,Stark,264,23.0,3,82.4,83.2,85.3
009985,Edison Elementary School,045104,Willoughby-Eastlake City,Lake,545,24.1,3,82.9,87.9,82.3
009990,Horizon Science Academy Elementary School,009990,Horizon Science Academy Elementary School,Franklin,761,24.4,2,73.3,72.6,67.9
009996,Mahoning Valley Community School,009996,Mahoning Valley Community School,Mahoning,147,69.8,2,57.3,37.8,37.0
009997,KIPP Columbus,009997,KIPP Columbus,Franklin,1910,42.1,2,73.0,60.0,62.5
010004,Anna Marie Ayers Elementary School,044347,Martins Ferry City,Belmont,489,28.4,3,87.9,89.7,85.7
010025,Edison Elementary School,043505,Ashland City,Ashland,412,14.7,3,88.9,88.9,93.1
010033,Edison Elementary School,043844,Dayton City,Montgomery,366,39.5,1,48.7,51.0,48.8
010036,Cesar Chavez College Preparatory School,010036,Cesar Chavez College Preparatory School,Franklin,402,27.5,3,82.9,85.5,78.6
010041,Edison High School,046789,Edison Local (formerly Berlin-Milan),Erie,296,16.5,4,91.5,91.5,92.0
010058,Edison Middle School,049924,Perry Local,Stark,581,26.0,4,96.1,90.0,90.3
010074,Niles Middle School,044495,Niles City,Trumbull,445,45.7,2,77.2,76.1,75.2
010082,Elida Middle School,045773,Elida Local,Allen,463,24.8,4,91.8,87.6,88.9
010090,Edon High School,050625,Edon Northwest Local,Williams,224,13.6,4,89.6,88.3,90.1
010108,Edon Elementary School,050625,Edon Northwest Local,Williams,289,4.3,4,93.1,94.0,90.2
010134,New Miami Middle School,046136,New Miami Local,Butler,139,44.2,2,71.3,67.3,64.5
010157,Elda Elementary School,046144,Ross Local,Butler,310,10.7,5,100.4,101.3,102.8
010158,Mansfield Spanish Immersion School,044297,Mansfield City,Richland,220,11.9,5,104.1,103.7,101.1
010162,Freedom Trail Elementary,046763,Olentangy Local,Delaware,566,7.2,5,102.4,100.8,104.2
010163,Cheshire Elementary,046763,Olentangy Local,Delaware,470,6.1,5,105.0,106.7,107.0
010164,Heritage Elementary School,046763,Olentangy Local,Delaware,569,9.2,5,108.0,106.2,107.7
010166,Berkshire Middle School,046763,Olentangy Local,Delaware,884,7.4,5,103.7,103.0,104.5
010173,Elgin High School,048413,Elgin Local,Marion,253,28.8,4,89.3,84.1,84.1
010182,Performance Academy Eastland,010182,Performance Academy Eastland,Franklin,315,36.3,2,69.8,63.0,58.1
010197,Northridge Elementary,048033,Northridge Local,Licking,549,9.5,4,91.5,88.1,88.6
010198,Midview East Intermediate School,048173,Midview Local,Lorain,429,18.4,3,88.5,91.1,92.6
010199,Elida High School,045773,Elida Local,Allen,482,25.6,4,92.2,95.5,91.1
010200,MC^2 STEM High School,043786,Cleveland Municipal,Cuyahoga,219,79.2,2,66.9,53.1,58.2
010205,L. Hollingworth School for Talented and Gifted,010205,L. Hollingworth School for Talented and Gifted,Lucas,300,37.9,2,66.9,59.3,65.3
010207,Miami East Elementary,048629,Miami East Local,Miami,600,7.8,5,100.4,100.9,102.0
010215,Elizabeth Price Elementary School,043836,Cuyahoga Falls City School District,Summit,275,16.9,3,84.6,87.7,90.0
010244,Danbury Middle School,048934,Danbury Local,Ottawa,112,14.1,4,90.0,86.8,88.6
010249,Ella Canavan Elementary School,044388,Medina City SD,Medina,473,8.0,4,100.1,100.0,93.3
010272,Ellet Community Learning Center,043489,Akron City,Summit,822,56.4,2,75.2,70.3,67.5
010298,Western Reserve Elementary School,048397,Western Reserve Local,Mahoning,269,11.8,5,100.2,98.7,103.2
010306,Elm Avenue Elementary School,045146,Wyoming City,Hamilton,194,3.6,5,110.2,109.3,109.5
010314,Martins Ferry Middle School,044347,Martins Ferry City,Belmont,434,24.2,3,82.9,79.8,82.2
010348,Wauseon Elementary School,045641,Wauseon Exempted Village,Fulton,394,8.3,3,87.2,90.8,88.4
010355,Toth Elementary School,045583,Perrysburg Exempted Village,Wood,409,7.5,5,104.2,105.7,108.0
010371,Elmhurst Elementary School,044909,Toledo City,Lucas,384,17.6,3,88.3,89.5,88.5
010413,Elmwood Elementary School,044040,Garfield Heights City Schools,Cuyahoga,387,40.3,2,67.1,63.9,55.7
010421,Springfield School of Innovation,044818,Springfield City School District,Clark,114,47.8,2,67.9,56.4,47.5
010439,Elmwood High School,050682,Elmwood Local,Wood,312,10.6,3,83.3,80.9,89.2
010454,Ely Elementary School,043943,Elyria City Schools,Lorain,470,31.3,2,67.0,74.5,66.7
010462,Elyria High School,043943,Elyria City Schools,Lorain,1497,40.4,2,66.8,65.8,67.5
010504,Emerson Elementary School,045047,Westerville City,Franklin,252,8.3,5,102.7,102.9,104.9
010512,Emerson Primary School,044784,Sidney City,Shelby,332,25.0,,NC,NC,NC
010603,Englewood Hills Elementary School,048728,Northmont City,Montgomery,364,16.3,3,88.3,90.4,89.0
010611,Greenon Elementary School,046235,Greenon Local,Clark,901,16.9,3,85.2,86.0,85.3
010652,Erieview Elementary School,048124,Avon Lake City,Lorain,273,7.6,5,101.8,105.3,106.9
010660,North Royalton High School,044545,North Royalton City,Cuyahoga,1327,17.8,4,99.5,100.0,101.6
010686,Ervin Carlisle Elementary School,043877,Delaware City,Delaware,529,10.2,4,97.1,90.6,87.1
010702,Coventry Middle School,049999,Coventry Local,Summit,429,28.7,3,88.0,86.7,87.7
010751,Eastern Heights Middle School,043943,Elyria City Schools,Lorain,547,37.3,2,64.0,60.2,57.5
010769,Eastern High School,046037,Eastern Local School District,Brown,248,16.6,3,86.4,92.4,88.0
010777,Watkins Intermediate School,048041,Southwest Licking Local,Licking,802,10.5,4,94.5,94.2,93.5
010785,Etna Road Elementary School,045070,Whitehall City,Franklin,509,22.3,2,69.6,75.6,74.1
010793,Euclid Middle School,043950,Euclid City,Cuyahoga,873,43.2,2,60.4,56.2,56.2
010801,Euclid Park Elementary School,043786,Cleveland Municipal,Cuyahoga,284,45.7,2,56.8,56.6,59.4
010811,Ruskin Elementary School,043844,Dayton City,Montgomery,553,33.5,2,60.2,63.2,56.7
010819,Euclid High School,043950,Euclid City,Cuyahoga,1308,59.8,2,63.6,64.2,62.5
010827,McDowell Early Learning School,050021,Hudson City,Summit,370,4.2,,NC,NC,NC
010836,Gallia Academy Middle School,044032,Gallipolis City,Gallia,402,40.0,2,74.4,73.0,71.4
010843,Evendale Elementary School,044677,Princeton City,Hamilton,229,18.0,4,94.9,92.8,89.8
010868,Evening Street Elementary School,045138,Worthington City,Franklin,488,4.5,5,109.0,107.5,106.4
010876,Arts Impact Middle School (Aims),043802,Columbus City Schools District,Franklin,504,54.4,2,55.7,54.1,53.5
010884,Evergreen High School,047050,Evergreen Local,Fulton,296,12.6,4,99.3,95.9,96.0
010926,Fairbanks High School,050328,Fairbanks Local,Union,348,16.5,4,98.8,96.3,94.8
010967,Fairfax Elementary School,043794,Cleveland Heights-University Heights City,Cuyahoga,302,24.2,3,85.8,85.9,86.8
010975,Fairfax Elementary School,045492,Mentor Exempted Village,Lake,304,9.1,4,90.8,92.5,88.3
010983,Crestview Middle School,046433,Crestview Local,Columbiana,365,22.3,4,90.5,89.1,92.2
010991,Fairfield Freshman High School,046102,Fairfield City,Butler,699,17.6,4,96.0,96.9,88.0
011007,Fairfield Elementary School,044362,Maumee City,Lucas,319,8.3,4,98.2,100.3,90.7
011023,South Central Elementary School,047738,South Central Local,Huron,375,7.4,4,91.0,92.6,92.3
011031,Fairfield Local Elementary School,047621,Fairfield Local,Highland,433,8.0,4,93.6,97.0,91.3
011049,Fairfield High School,046102,Fairfield City,Butler,1778,34.2,3,81.3,77.6,76.5
011056,Fairfield Local High School,047621,Fairfield Local,Highland,208,24.5,4,93.1,89.5,88.5
011064,Bremen Elementary School,046870,Fairfield Union Local,Fairfield,354,11.8,3,87.5,86.7,90.0
011072,Fairfield Union High School,046870,Fairfield Union Local,Fairfield,551,21.9,4,94.1,90.5,89.1
011106,Fairland East Elementary School,047936,Fairland Local,Lawrence,296,12.2,,NC,NC,NC
011114,Fairland High School,047936,Fairland Local,Lawrence,337,28.9,3,80.2,80.6,81.5
011122,Fairland Middle School,047936,Fairland Local,Lawrence,330,25.9,4,93.0,87.7,89.2
011130,Judith A Resnik Community Learning Center,043489,Akron City,Summit,365,22.5,3,80.2,84.7,85.4
011155,Fairlawn Elementary School,049775,Fairlawn Local,Shelby,262,6.2,5,101.4,105.0,102.4
011163,Fairlawn High School,049775,Fairlawn Local,Shelby,232,14.2,4,93.4,91.9,93.2
011171,Fairless High School,049841,Fairless Local,Stark,294,23.3,3,84.1,82.1,81.2
011189,Fairmoor Elementary School,043802,Columbus City Schools District,Franklin,466,55.4,1,49.9,45.6,46.8
011239,Fairport Harding High School,045369,Fairport Harbor Exempted Village,Lake,269,42.3,2,72.5,65.0,66.5
011247,Fairview-Clifton German Language School,043752,Cincinnati Public Schools,Hamilton,647,7.8,4,93.7,95.4,91.7
011262,Fairview Elementary School,043844,Dayton City,Montgomery,470,44.0,1,45.9,46.4,42.1
011288,Fairview High School,046714,Central Local,Defiance,250,8.8,4,97.7,92.4,90.6
011291,Village Preparatory School Cliffs,043786,Cleveland Municipal,Cuyahoga,495,48.1,2,60.3,66.1,69.0
011304,Fairview High School,043976,Fairview Park City,Cuyahoga,411,22.5,4,94.6,90.7,89.5
011312,Fairwood Alternative Elementary School,043802,Columbus City Schools District,Franklin,192,66.1,1,53.1,46.6,43.0
011319,Eliza Northrop Elementary,044388,Medina City SD,Medina,467,11.0,4,95.6,91.6,94.4
011321,Ralph E. Waite Elementary,044388,Medina City SD,Medina,501,9.0,5,102.3,98.1,104.1
011324,Hardin Community School,011324,Hardin Community School,Hardin,37,2.9,1,46.2,36.9,37.9
011346,Fallen Timbers Middle School,048207,Anthony Wayne Local,Lucas,708,6.8,5,108.8,108.1,106.2
011368,Sycamore Creek Elementary School,046896,Pickerington Local,Fairfield,603,8.4,5,102.1,104.0,99.5
011369,Toll Gate Middle School,046896,Pickerington Local,Fairfield,599,8.7,5,103.0,103.6,103.0
011370,Toll Gate Elementary,046896,Pickerington Local,Fairfield,882,8.1,5,103.5,105.9,104.8
011381,Greater Summit County Early Learning Center,011381,Greater Summit County Early Learning Center,Summit,98,37.3,5,103.9,103.3,98.8
011390,Bella Academy of Excellence,011390,Bella Academy of Excellence,Cuyahoga,152,41.5,2,61.3,60.8,59.5
011395,Valley View Elementary School,048744,Valley View Local,Montgomery,817,12.8,4,93.5,84.3,87.1
011429,Fassett Junior High  School,044602,Oregon City,Lucas,478,23.1,3,86.4,83.9,83.9
011430,Defiance Elementary School,043869,Defiance City,Defiance,1070,13.3,3,83.6,86.6,84.6
011439,Renaissance Academy dba Bessie Sherrod Price Preparatory Aca,011439,Renaissance Academy dba Bessie Sherrod Price Preparatory Aca,Franklin,127,80.6,1,36.4,38.2,38.8
011452,Fayetteville-Perry Elementary School,046045,Fayetteville-Perry Local,Brown,345,11.6,3,84.6,88.9,90.1
011460,Fayetteville-Perry High School,046045,Fayetteville-Perry Local,Brown,197,19.4,3,85.2,86.5,86.0
011462,South Central Junior High School,047738,South Central Local,Huron,153,12.2,3,81.8,76.1,80.9
011463,Teays Valley West Middle School,049098,Teays Valley Local,Pickaway,578,19.9,4,92.8,90.2,92.1
011468,Columbus Bilingual Academy-North,011468,Columbus Bilingual Academy-North,Franklin,519,40.5,2,70.5,67.0,64.0
011478,Federal Hocking High School,045914,Federal Hocking Local,Athens,205,36.4,2,76.6,71.6,73.5
011482,Fairwood Elementary School,044107,Hamilton City,Butler,615,27.8,2,70.4,66.5,70.3
011483,Linden Elementary School,044107,Hamilton City,Butler,682,24.4,3,78.8,81.8,82.5
011484,Ridgeway Elementary School,044107,Hamilton City,Butler,702,18.9,3,87.6,87.9,86.2
011485,Bridgeport Elementary School,044107,Hamilton City,Butler,573,23.8,3,78.7,76.8,71.0
011493,Rayen Early College Middle School,045161,Youngstown City,Mahoning,364,34.8,2,71.6,73.7,80.2
011494,Felicity-Franklin Local  Elementary School,046334,Felicity-Franklin Local,Clermont,345,25.6,4,95.5,96.8,97.1
011502,Felicity-Franklin Local  High School,046334,Felicity-Franklin Local,Clermont,176,29.1,2,77.1,77.0,74.3
011506,Dayton Regional STEM Schools,011506,Dayton Regional STEM Schools,Montgomery,774,10.6,5,102.4,104.3,101.3
011511,Lakeland Academy Community School,011511,Lakeland Academy Community School,Harrison,75,25.9,2,57.5,56.5,66.0
011518,Superior Intermediate School,043513,Ashtabula Area City,Ashtabula,373,33.8,2,65.8,59.6,69.6
011528,Jacob Coy Middle School,047241,Beavercreek City,Greene,1016,13.1,4,98.9,96.7,96.7
011532,National Inventors Hall of Fame School; Center for STEM,043489,Akron City,Summit,382,16.4,4,91.1,85.8,87.1
011533,Horizon Science Academy Lorain,011533,Horizon Science Academy Lorain,Lorain,823,27.6,2,68.5,68.3,65.6
011534,Horizon Science Academy Dayton High School,011534,Horizon Science Academy Dayton High School,Montgomery,290,61.9,1,52.3,52.3,48.3
011536,Fernway Elementary School,044750,Shaker Heights City,Cuyahoga,327,9.9,4,93.9,99.9,90.7
011551,Field High School,049197,Field Local,Portage,516,26.1,3,87.5,89.1,88.6
011569,Field Middle School,049197,Field Local,Portage,442,21.8,4,90.6,88.6,91.4
011579,Cherry Hill Primary,045013,Washington Court House City,Fayette,506,29.1,,NC,NC,NC
011580,Belle Aire Intermediate,045013,Washington Court House City,Fayette,391,24.6,3,82.6,85.5,90.9
011593,Hubbard Elementary School,043802,Columbus City Schools District,Franklin,280,48.5,2,68.6,64.2,61.7
011601,Struthers Middle School,044859,Struthers City,Mahoning,493,27.8,3,80.6,76.0,77.8
011609,Hughes STEM High School,043752,Cincinnati Public Schools,Hamilton,1144,60.9,2,56.7,55.6,54.6
011619,Highland Elementary School,044107,Hamilton City,Butler,712,30.9,2,76.0,75.6,75.9
011627,Findlay High School,043984,Findlay City,Hancock,1469,22.3,4,89.8,85.7,89.8
011635,Findley Community Learning Center,043489,Akron City,Summit,550,28.8,2,61.8,60.2,51.2
011643,Finland Elementary School,044800,South-Western City,Franklin,398,33.3,2,72.8,65.0,74.9
011668,Finneytown Secondary Campus - Middle and High School,047332,Finneytown Local,Hamilton,478,40.5,2,74.6,70.9,70.8
011676,Firelands Elementary School,048157,Firelands Local,Lorain,788,9.9,4,95.0,97.3,98.1
011684,Firelands High School,048157,Firelands Local,Lorain,448,15.8,4,93.4,89.7,91.0
011692,Firestone Community Learning Center,043489,Akron City,Summit,1011,59.4,2,76.8,68.2,68.4
011707,Evolve Academy,044388,Medina City SD,Medina,13,88.1,1,49.1,NC,50.7
011708,South Gallia Middle School,065680,Gallia County Local,Gallia,114,29.4,2,60.2,69.2,70.5
011710,Olmsted Falls Early Childhood Center,046573,Olmsted Falls City,Cuyahoga,327,13.6,,NC,NC,NC
011732,Bucyrus Elementary School,043687,Bucyrus City,Crawford,566,17.8,2,76.4,73.4,75.4
011734,Rittman Middle School,045591,Rittman Exempted Village,Wayne,189,14.2,3,86.8,84.5,87.8
011748,Wapakoneta Elementary,044982,Wapakoneta City,Auglaize,801,8.3,3,86.8,91.3,91.4
011749,Wapakoneta Jr. High,044982,Wapakoneta City,Auglaize,208,15.4,4,90.7,86.2,84.3
011767,Fishcreek Elementary School,044834,Stow-Munroe Falls City School District,Summit,303,10.7,4,96.3,94.0,98.7
011768,Buckeye Central Middle School,046508,Buckeye Central Local,Crawford,189,11.9,4,94.7,97.0,95.0
011783,Olmsted Falls Intermediate Building,046573,Olmsted Falls City,Cuyahoga,505,11.4,4,95.7,100.1,100.4
011791,Fitch High School,048298,Austintown Local Schools,Mahoning,1226,32.4,3,86.0,83.7,87.2
011817,Fairborn Primary School,043968,Fairborn City,Greene,1291,24.3,,NC,NC,NC
011868,North College Hill Middle School,044511,North College Hill City,Hamilton,445,61.7,1,51.0,53.5,54.5
011908,Berea-Midpark Middle School,043612,Berea City,Cuyahoga,1500,25.2,3,81.3,81.9,82.7
011916,Riverdale Elementary School,047514,Riverdale Local,Hancock,192,12.8,,NC,NC,NC
011923,Northeast Ohio College Preparatory School,043786,Cleveland Municipal,Cuyahoga,358,78.7,2,62.3,62.3,60.3
011924,Forest Elementary School,044925,Troy City,Miami,190,17.6,3,88.3,84.2,81.1
011932,Forest Hill Community Learning Center,043489,Akron City,Summit,410,19.6,2,69.0,71.6,69.1
011943,South Bloomfield Elementary,049098,Teays Valley Local,Pickaway,606,11.0,4,97.6,96.3,98.7
011947,Imagine Akron Academy,011947,Imagine Akron Academy,Summit,28,31.2,,NC,NC,NC
011957,Forest Park Elementary School,043802,Columbus City Schools District,Franklin,382,31.0,2,64.0,60.8,58.8
011967,The Richland School of Academic Arts,011967,The Richland School of Academic Arts,Richland,338,28.1,2,75.4,77.4,78.8
011972,Graham Elementary and Middle School,011972,Graham Elementary and Middle School,Franklin,303,48.9,2,58.0,58.1,48.8
011973,Winton Woods Intermediate School,044081,Winton Woods City,Hamilton,609,28.6,2,63.9,62.7,59.1
011976,Horizon Science Academy Dayton Downtown,011976,Horizon Science Academy Dayton Downtown,Montgomery,185,53.2,1,51.4,51.1,46.8
011986,Horizon Science Academy Youngstown,011986,Horizon Science Academy Youngstown,Mahoning,428,43.9,2,76.4,72.3,71.7
011993,Jane Chance Intermediate School,044396,Miamisburg City,Montgomery,327,18.6,3,85.0,85.3,84.4
011994,Wynford Middle School,046524,Wynford Local,Crawford,237,16.5,3,80.6,79.7,83.5
011995,Columbus International High School,043802,Columbus City Schools District,Franklin,521,63.2,2,58.5,51.4,48.0
011996,Columbus City Preparatory School for Girls,043802,Columbus City Schools District,Franklin,190,48.3,2,67.1,63.8,65.5
011997,Columbus City Preparatory School for Boys,043802,Columbus City Schools District,Franklin,101,62.2,1,48.1,46.1,50.3
012009,Zenith Academy East,012009,Zenith Academy East,Franklin,183,0.0,2,68.0,62.6,62.6
012010,Cleveland College Preparatory School,012010,Cleveland College Preparatory School,Cuyahoga,161,73.6,1,50.5,47.4,52.5
012011,Columbus Performance Academy,012011,Columbus Performance Academy,Franklin,146,67.4,2,73.0,80.8,66.1
012015,Geneva Platt R. Spencer Elementary School,044057,Geneva Area City,Ashtabula,338,29.9,3,82.2,77.1,79.8
012025,Constellation Schools: Stockyard Community Middle,012025,Constellation Schools: Stockyard Community Middle,Cuyahoga,34,69.5,2,60.1,52.9,42.0
012030,Near West Intergenerational School,043786,Cleveland Municipal,Cuyahoga,212,23.4,4,90.1,87.6,83.9
012033,Foxfire Intermediate School,048850,Maysville Local,Muskingum,127,45.7,1,49.2,44.0,47.1
012036,Regent High School,012036,Regent High School,Cuyahoga,274,99.8,1,52.1,50.1,48.9
012037,Mason Run High School,012037,Mason Run High School,Franklin,142,98.4,1,46.5,45.2,51.2
012038,Old Brook High School,012038,Old Brook High School,Cuyahoga,478,98.4,1,53.9,53.0,56.6
012039,Fostoria Junior/Senior High School,043992,Fostoria City,Wood,656,40.6,2,65.7,65.2,68.5
012040,Road to Success Academy,012040,Road to Success Academy,Franklin,68,100.0,1,46.1,31.2,39.7
012041,Central High School,012041,Central High School,Franklin,99,79.0,1,36.4,41.6,37.9
012042,Southern Cleveland Drop Back Indba Innovative Career Academy,012042,Southern Cleveland Drop Back Indba Innovative Career Academy,Cuyahoga,69,83.9,2,59.9,49.0,35.6
012043,West Cleveland Drop Back In dba Frederick Douglass High Scho,012043,West Cleveland Drop Back In dba Frederick Douglass High Scho,Cuyahoga,556,97.9,1,47.1,46.8,52.9
012044,Capital High School,012044,Capital High School,Franklin,71,96.9,1,32.0,30.3,44.6
012045,Patriot Preparatory Academy,012045,Patriot Preparatory Academy,Franklin,723,20.0,3,80.2,77.7,78.0
012054,North Central Academy,012054,North Central Academy,Seneca,64,62.0,2,56.6,47.9,51.6
012060,Akros Middle School,012060,Akros Middle School,Summit,123,36.4,1,54.1,52.8,59.0
012096,Adena Elementary School,049494,Adena Local,Ross,529,14.7,3,83.1,81.1,83.4
012103,General Rosecrans Elementary,046748,Big Walnut Local,Delaware,287,5.9,4,93.3,97.1,97.2
012105,Southside Academy,012105,Southside Academy,Mahoning,179,71.5,2,68.6,85.2,54.2
012112,River's Edge Montessori Elementary School,043844,Dayton City,Montgomery,548,13.5,2,73.2,71.8,65.7
012120,Franklin Elementary School,043885,Delphos City,Allen,363,13.5,4,99.2,102.1,103.7
012195,Franklin Monroe Elementary School,046649,Franklin Monroe Local,Darke,287,1.1,5,104.0,102.8,103.3
012229,Ben Franklin Elementary School,044453,Newark City,Licking,264,27.3,3,77.9,75.0,77.0
012245,Franklin Elementary School,044354,Massillon City,Stark,485,33.0,3,84.6,89.8,89.8
012286,Franklin Elementary School,044974,Wadsworth City,Medina,247,10.6,4,99.6,95.4,92.2
012310,Franklin High School,044008,Franklin City,Warren,628,31.1,3,81.6,83.5,84.5
012328,Franklin Heights High School,044800,South-Western City,Franklin,1374,48.8,2,75.5,72.4,68.9
012335,New Beginnings,044263,Lorain City,Lorain,144,87.9,1,37.2,33.9,38.1
012348,Harrison Central Elementary School,045245,Harrison Hills City,Harrison,769,25.0,2,77.3,79.1,76.3
012350,Campus International School,043786,Cleveland Municipal,Cuyahoga,694,20.2,3,83.7,81.9,79.8
012352,New Technology West,043786,Cleveland Municipal,Cuyahoga,303,64.7,2,63.9,55.8,57.5
012355,Facing History High School@Charles Mooney,043786,Cleveland Municipal,Cuyahoga,139,83.2,1,53.6,60.6,55.4
012369,Hamilton Elementary School,043943,Elyria City Schools,Lorain,430,43.8,1,49.5,51.9,56.3
012377,Franklin Monroe High School,046649,Franklin Monroe Local,Darke,207,2.1,4,90.2,91.3,92.0
012391,Metro Early College High School,012391,Metro Early College High School,Franklin,856,14.6,4,89.6,85.9,86.0
012394,Warrensville Heights Elementary School,045005,Warrensville Heights City,Cuyahoga,686,24.9,2,70.0,69.6,68.3
012401,Frazer Elementary School,049932,Plain Local,Stark,260,12.1,5,103.5,100.0,98.2
012410,Mapleton Middle School,045831,Mapleton Local,Ashland,171,28.4,3,86.8,83.2,82.7
012419,Frazeysburg Elementary School,048876,Tri-Valley Local,Muskingum,297,17.2,4,99.9,101.2,98.4
012443,Fredericktown Elementary School,047852,Fredericktown Local,Knox,535,11.4,4,95.0,96.4,96.8
012450,Fredericktown High School,047852,Fredericktown Local,Knox,279,19.0,4,94.2,86.7,88.2
012492,Fremont Middle School,044016,Fremont City,Sandusky,790,23.4,2,76.2,73.1,77.2
012495,Big Walnut Intermediate School,046748,Big Walnut Local,Delaware,662,9.7,4,96.7,92.8,92.9
012500,Fremont Ross High School,044016,Fremont City,Sandusky,820,31.4,3,79.3,74.2,72.3
012501,Beacon Hill Community School AKA Beacon Hill Academy,012501,Beacon Hill Community School AKA Beacon Hill Academy,Wayne,175,12.8,3,87.1,85.8,82.1
012518,French Run Elementary School,047001,Reynoldsburg City,Franklin,395,21.5,2,76.5,72.4,71.5
012523,Madison-Plains Elementary School,048272,Madison-Plains Local,Madison,322,10.9,3,83.1,90.3,87.2
012524,Madison-Plains Intermediate School,048272,Madison-Plains Local,Madison,273,15.1,3,84.8,89.2,92.3
012528,The Academy for Urban Scholars,012528,The Academy for Urban Scholars,Franklin,387,16.9,1,42.6,40.0,33.1
012529,Focus North High School,012529,Focus North High School,Franklin,260,90.7,1,51.9,47.7,50.3
012541,University of Cleveland Preparatory School,012541,University of Cleveland Preparatory School,Cuyahoga,146,67.0,1,47.2,43.9,47.6
012555,Crestview Middle School,050351,Crestview Local,Van Wert,192,10.1,4,94.1,92.2,93.0
012558,Global Village Academy,012558,Global Village Academy,Cuyahoga,234,5.4,4,91.3,91.5,94.1
012560,Summit Road Elementary,047001,Reynoldsburg City,Licking,409,16.4,3,83.1,84.1,85.6
012567,Frontier High/Middle School,050492,Frontier Local,Washington,208,33.7,2,76.5,79.0,81.5
012591,Fort Frye High School,050484,Fort Frye Local,Washington,222,14.6,4,96.3,92.4,93.4
012609,Fort Island Primary Elementary School,049981,Copley-Fairlawn City,Summit,358,12.8,5,101.4,100.0,103.4
012617,Fort Jennings Elementary School,049338,Jennings Local,Putnam,148,2.9,4,96.4,91.7,95.9
012625,Fort Jennings High School,049338,Jennings Local,Putnam,172,8.7,4,93.2,94.0,95.1
012633,Fort Loramie Elementary School,049783,Fort Loramie Local,Shelby,404,1.1,5,110.6,111.7,110.6
012641,Fort Loramie Junior-Senior High School,049783,Fort Loramie Local,Shelby,244,1.9,5,106.1,107.1,106.0
012644,STEAM Academy of Warren,012644,STEAM Academy of Warren,Trumbull,362,35.8,4,93.7,84.8,75.4
012666,Fort Miami Elementary School,044362,Maumee City,Lucas,349,14.3,4,90.8,94.1,79.8
012671,Constellation Schools: Eastside Arts Academy,012671,Constellation Schools: Eastside Arts Academy,Cuyahoga,149,43.0,2,64.8,58.7,63.5
012674,Fort Recovery High School,048595,Fort Recovery Local,Mercer,255,8.4,5,103.8,104.5,100.7
012682,Albert Bushnell Hart,043786,Cleveland Municipal,Cuyahoga,259,52.6,2,61.6,53.4,54.6
012684,Broadway Academy,012684,Broadway Academy,Cuyahoga,448,66.2,3,78.4,62.3,66.6
012708,Evergreen Elementary School,047050,Evergreen Local,Fulton,491,9.9,5,105.4,101.5,102.7
012724,Heath Middle School,044115,Heath City,Licking,368,13.4,4,91.9,89.3,89.8
012740,Fulton Elementary School,044818,Springfield City School District,Clark,435,29.1,1,51.7,52.8,45.2
012757,Furry Elementary School,046813,Perkins Local,Erie,494,10.7,,NC,NC,NC
012765,Prairie Run Elementary School,046748,Big Walnut Local,Delaware,352,10.2,4,92.8,98.1,101.3
012773,Galion High School,044024,Galion City,Crawford,392,23.8,3,78.5,75.7,74.1
012781,Galion Middle School,044024,Galion City,Crawford,343,26.2,3,78.9,78.2,80.9
012799,Gallia Academy High School,044032,Gallipolis City,Gallia,434,38.5,2,70.9,74.4,71.9
012823,Wiggin Street Elementary School,044420,Mount Vernon City,Knox,216,6.3,5,103.4,105.2,101.1
012849,Garaway High School,050278,Garaway Local,Tuscarawas,436,7.3,4,97.2,95.6,92.4
012856,Baltic Elementary School,050278,Garaway Local,Tuscarawas,138,3.6,4,92.9,87.1,88.1
012867,Townsend Community School,012867,Townsend Community School,Erie,395,39.8,1,53.8,56.1,54.2
012898,Garfield Elementary School,043786,Cleveland Municipal,Cuyahoga,536,37.4,2,70.6,67.2,67.4
012905,Van Wert Early Childhood Center,044966,Van Wert City,Van Wert,353,23.3,,NC,NC,NC
012922,Garfield Elementary School,044909,Toledo City,Lucas,432,49.5,1,46.8,49.9,48.2
012924,DECA PREP,012924,DECA PREP,Montgomery,940,27.4,2,72.2,72.4,70.3
012963,Garfield Elementary School,044263,Lorain City,Lorain,265,57.2,1,48.2,45.9,51.1
012971,Garfield Elementary School,045039,Wellsville Local,Columbiana,205,39.4,,NC,NC,82.5
013034,Village Preparatory School Woodland Hills,043786,Cleveland Municipal,Cuyahoga,492,58.1,1,50.8,49.8,52.3
013060,James A Garfield Elementary School,049205,James A Garfield Local,Portage,666,19.0,4,90.2,89.2,85.0
013078,Garfield Elementary School,044115,Heath City,Licking,332,11.5,,NC,NC,NC
013102,Garfield Middle School,044107,Hamilton City,Butler,788,36.1,2,70.1,70.7,74.5
013110,James A Garfield High School,049205,James A Garfield Local,Portage,329,23.8,4,92.4,89.6,88.5
013124,Massillon Intermediate School,044354,Massillon City,Stark,898,33.2,2,73.6,71.2,73.3
013126,Kleptz Early Childhood Learning Center,048728,Northmont City,Montgomery,873,22.3,,NC,NC,NC
013128,Garfield Community Learning Center,043489,Akron City,Summit,866,71.9,2,62.6,56.6,51.0
013132,Lake Erie College Preparatory School,013132,Lake Erie College Preparatory School,Cuyahoga,279,63.9,2,65.0,58.5,59.8
013136,Garfield Heights High School,044040,Garfield Heights City Schools,Cuyahoga,859,72.0,2,63.3,61.4,55.8
013144,Garfield Heights Middle School,044040,Garfield Heights City Schools,Cuyahoga,559,61.4,1,51.7,45.8,50.4
013147,STEAM Academy of Warrensville Heights,013147,STEAM Academy of Warrensville Heights,Cuyahoga,342,61.3,2,74.0,66.9,68.6
013148,Stepstone Academy,043786,Cleveland Municipal,Cuyahoga,192,66.9,2,55.9,57.0,56.6
013170,The Brilliance School,013170,The Brilliance School,Cuyahoga,230,57.8,1,51.1,46.2,45.9
013175,SunBridge Schools,013175,SunBridge Schools,Lucas,255,69.4,1,46.4,46.0,42.5
013177,James A Garfield Middle School,049205,James A Garfield Local,Portage,167,23.3,4,90.6,88.2,83.2
013184,Hyde Park School,043752,Cincinnati Public Schools,Hamilton,624,9.7,5,103.0,106.0,106.1
013193,Gates Mills Elementary School,044370,Mayfield City,Cuyahoga,120,17.4,5,112.5,107.8,111.3
013195,Ann Jerkins-Harris Academy of Excellence,013195,Ann Jerkins-Harris Academy of Excellence,Lucas,130,35.2,1,40.8,42.1,43.4
013199,Cleveland Preparatory Academy,013199,Cleveland Preparatory Academy,Cuyahoga,117,81.9,2,64.7,51.4,53.3
013219,Geneva High School,044057,Geneva Area City,Ashtabula,634,41.0,3,85.2,87.7,86.3
013227,Geneva Middle School,044057,Geneva Area City,Ashtabula,440,32.5,2,71.4,74.5,77.6
013231,National Inventors Hall of Fame STEM HS at Robinson CLC,043489,Akron City,Summit,311,22.2,3,83.9,85.7,78.2
013232,A+ Children's Academy,013232,A+ Children's Academy,Franklin,98,67.6,2,56.1,58.6,57.7
013243,Genoa Area High School,048942,Genoa Area Local,Ottawa,302,15.4,4,90.9,85.7,89.0
013249,Academy for Urban Scholars Youngstown,013249,Academy for Urban Scholars Youngstown,Mahoning,374,48.4,1,49.5,39.6,37.6
013250,Genoa Area Middle School,048942,Genoa Area Local,Ottawa,279,14.9,3,88.6,84.8,88.3
013253,Ohio College Preparatory School,013253,Ohio College Preparatory School,Cuyahoga,164,56.9,3,85.6,53.3,58.4
013254,Akron Preparatory School,013254,Akron Preparatory School,Summit,352,69.0,2,56.1,56.3,52.9
013255,Canton College Preparatory School,013255,Canton College Preparatory School,Stark,398,54.4,2,64.1,60.9,53.7
013268,Southway Elementary School,049924,Perry Local,Stark,467,14.2,4,89.3,92.1,90.5
013276,George H Gerke Elementary School,044008,Franklin City,Warren,244,22.1,,NC,79.7,82.9
013284,Highview 6th Grade Center,044404,Middletown City,Butler,426,37.5,2,61.8,52.7,55.4
013292,George Washington Carver,043786,Cleveland Municipal,Cuyahoga,341,57.0,1,49.3,45.3,42.4
013298,Western Primary,049155,Western Local,Pike,256,26.9,2,74.3,73.6,68.4
013322,Westbrooke Village,048694,Trotwood-Madison City,Montgomery,331,31.6,2,58.4,56.1,50.5
013326,Georgetown Jr/Sr High School,045377,Georgetown Exempted Village,Brown,374,21.3,3,88.9,89.0,87.0
013334,Georgian Heights Alt Elementary School,043802,Columbus City Schools District,Franklin,481,33.7,2,69.2,73.8,75.1
013367,Valley View Middle School,048744,Valley View Local,Montgomery,386,17.0,3,83.7,85.4,83.7
013409,Gibbs Elementary School,043711,Canton City,Stark,363,22.0,2,58.8,52.9,51.0
013425,James J Hilfiker Elementary School,045385,Gibsonburg Exempted Village,Sandusky,365,7.0,4,98.3,98.4,93.9
013433,Gibsonburg High School,045385,Gibsonburg Exempted Village,Sandusky,189,15.2,3,80.6,76.8,81.8
013458,Pandora-Gilboa Middle School,049395,Pandora-Gilboa Local,Putnam,153,4.6,4,92.7,91.6,94.9
013482,Girard Sr High School,044065,Girard City School District,Trumbull,412,43.7,3,81.2,76.2,80.7
013508,Glandorf Elementary School,049379,Ottawa-Glandorf Local,Putnam,493,1.1,5,103.1,103.7,100.3
013532,West Clermont High School,046359,West Clermont Local,Clermont,1958,40.4,4,90.2,85.2,83.5
013581,Glendale Elementary School,044677,Princeton City,Hamilton,272,12.8,3,80.8,84.4,79.3
013599,Glendale-Feilbach Elementary School,044909,Toledo City,Lucas,332,31.9,1,49.2,48.8,51.0
013607,Glendale Primary School,043562,Bedford City,Cuyahoga,318,31.2,,NC,NC,NC
013615,Glenford Elementary School,049056,Northern Local,Perry,323,17.2,4,95.9,96.6,94.6
013656,John Glenn High School,048835,East Muskingum Local,Muskingum,525,23.7,4,92.6,93.3,90.4
013680,Glenville High School,043786,Cleveland Municipal,Cuyahoga,334,87.1,1,46.8,44.4,44.0
013706,Glenwood Elementary School,044909,Toledo City,Lucas,285,37.1,2,57.9,51.8,54.0
013730,Glenwood High School,044461,New Boston Local,Scioto,148,19.2,3,84.1,83.9,74.0
013755,Trimble High School,045922,Trimble Local,Athens,170,51.6,2,73.9,67.4,66.1
013771,Glover Community Learning Center,043489,Akron City,Summit,347,48.8,2,64.1,67.7,61.2
013797,Goldwood Primary Elementary School,044701,Rocky River City,Cuyahoga,573,5.2,,NC,NC,NC
013839,Gordon Dewitt Elementary School,043836,Cuyahoga Falls City School District,Summit,361,15.2,4,94.8,94.8,95.7
013847,Halle,043786,Cleveland Municipal,Cuyahoga,435,60.7,1,42.5,41.6,41.7
013862,Fayette Elementary School,047068,Fayette Local,Fulton,219,8.2,4,89.8,87.0,82.7
013864,Cincinnati Technology Academy,013864,Cincinnati Technology Academy,Hamilton,144,53.9,2,69.6,41.4,46.6
013870,Fayette Jr/Sr High School,047068,Fayette Local,Fulton,110,26.5,2,72.8,76.2,77.5
013896,Gorrell Elementary School,044354,Massillon City,Stark,338,26.5,4,92.7,91.4,84.2
013912,Marr/Cook Elementary School,046342,Goshen Local,Clermont,654,14.6,,NC,NC,NC
013920,Goshen High School,046342,Goshen Local,Clermont,735,14.6,3,88.2,90.1,89.0
013929,Trebein Elementary School,047241,Beavercreek City,Greene,833,8.4,5,108.5,106.6,107.1
013930,Global Impact STEM Academy,013930,Global Impact STEM Academy,Clark,670,19.1,3,81.6,80.6,77.2
013938,Goshen Lane Elementary School,046961,Gahanna-Jefferson City,Franklin,454,12.5,3,83.2,83.1,83.7
013946,Goshen Middle School,046342,Goshen Local,Clermont,638,22.5,3,88.6,88.9,88.9
013957,Trotwood-Madison Middle School,048694,Trotwood-Madison City,Montgomery,532,46.8,1,51.5,46.9,48.4
013962,Liberty Preparatory School,013962,Liberty Preparatory School,Wayne,48,82.4,1,46.2,42.7,55.0
013994,Albert Einstein Academy for Letters; Arts and Sciences-Ohio,013994,Albert Einstein Academy for Letters; Arts and Sciences-Ohio,Cuyahoga,282,36.6,2,67.6,69.1,69.8
013995,NORTHRIDGE MIDDLE SCHOOL,048736,Northridge Local,Montgomery,355,48.7,1,49.1,47.3,51.8
013999,Rise & Shine Academy,013999,Rise & Shine Academy,Lucas,94,40.4,2,70.5,51.6,44.7
014001,Walter Kidder Elementary School,043661,Brunswick City,Medina,494,10.8,4,92.5,92.6,94.4
014027,Graham High School,046193,Graham Local,Champaign,365,7.1,3,87.6,78.6,87.2
014035,Graham Elementary School,046193,Graham Local,Champaign,739,12.3,4,90.7,88.3,87.7
014054,Smith Intermediate School,044958,Vandalia-Butler City,Montgomery,649,17.7,4,90.9,92.2,92.4
014065,Lincoln Park Academy,014065,Lincoln Park Academy,Cuyahoga,222,67.3,2,68.1,59.4,58.4
014066,Main Preparatory Academy,014066,Main Preparatory Academy,Summit,98,75.0,2,62.4,67.7,55.3
014067,Ohio Construction Academy,014067,Ohio Construction Academy,Franklin,120,67.0,1,45.8,36.1,36.5
014076,Otsego Elementary School,050724,Otsego Local,Wood,789,8.5,4,91.6,89.7,88.5
014084,Grand Valley Middle School,045864,Grand Valley Local,Ashtabula,170,18.2,3,79.2,80.0,78.5
014089,Indian Creek Middle School Grades 5 & 6,047803,Indian Creek Local,Jefferson,263,47.6,3,79.0,83.2,77.4
014090,Eastland Preparatory Academy,014090,Eastland Preparatory Academy,Franklin,222,81.7,1,53.3,47.3,51.0
014091,Hope Learning Academy of Toledo,014091,Hope Learning Academy of Toledo,Lucas,57,35.4,2,59.8,58.3,55.5
014092,Grand Valley High School,045864,Grand Valley Local,Ashtabula,240,38.5,3,84.1,73.5,78.1
014100,Grandview Heights High School,044073,Grandview Heights Schools,Franklin,326,11.6,5,107.9,107.8,102.7
014118,Larson Middle School,044073,Grandview Heights Schools,Franklin,455,6.1,5,105.3,105.1,104.6
014121,Imagine Leadership Academy,014121,Imagine Leadership Academy,Summit,144,31.8,2,67.5,60.3,64.9
014139,Imagine Columbus Primary Academy,014139,Imagine Columbus Primary Academy,Franklin,270,28.0,1,48.7,47.9,50.9
014142,Grant Elementary School,044198,Lakewood City,Cuyahoga,321,9.7,5,108.9,108.6,102.8
014147,East Preparatory Academy,014147,East Preparatory Academy,Cuyahoga,206,67.8,2,57.0,53.8,52.6
014149,Dayton SMART Elementary School,014149,Dayton SMART Elementary School,Montgomery,95,40.2,2,58.1,57.7,53.7
014175,Grant Elementary School,045104,Willoughby-Eastlake City,Lake,520,19.9,3,82.8,83.6,80.9
014187,East Academy,014187,East Academy,Cuyahoga,205,67.2,1,47.5,50.5,47.7
014188,Discovery Academy,014188,Discovery Academy,Lucas,309,55.3,2,62.4,69.7,65.4
014189,West Park Bilingual Academy,014189,West Park Bilingual Academy,Cuyahoga,209,61.2,1,48.3,47.4,45.8
014231,Bio-Med Science Academy STEM School,014231,Bio-Med Science Academy STEM School,Portage,907,26.3,3,81.8,83.3,83.2
014241,Granville Elementary School,045393,Granville Exempted Village,Licking,661,7.2,5,101.4,104.1,104.6
014258,Granville High School,045393,Granville Exempted Village,Licking,805,15.8,5,109.1,106.4,105.0
014259,Eisenhower Intermediate School,044602,Oregon City,Lucas,494,16.3,4,92.7,93.2,92.6
014316,Elgin Middle School,048413,Elgin Local,Marion,255,27.2,2,73.9,70.9,78.6
014324,Green Elementary School,044248,Logan-Hocking Local,Hocking,317,17.1,4,98.2,93.7,94.2
014332,Green Elementary School,044032,Gallipolis City,Gallia,317,16.0,4,94.0,94.5,96.7
014340,Green Elementary School,049619,Green Local,Scioto,253,23.2,3,79.4,80.5,75.0
014365,Green High School,050013,Green Local,Summit,1116,18.8,4,99.3,98.3,97.0
014373,Green High School,049619,Green Local,Scioto,201,19.5,3,85.8,85.7,83.1
014399,Green Springs Elementary School,045302,Clyde-Green Springs Exempted Village,Sandusky,431,12.3,4,92.8,95.0,93.5
014423,Green Valley Elementary School,044636,Parma City,Cuyahoga,370,15.8,3,86.9,90.0,93.7
014431,Greenbriar Middle School,044636,Parma City,Cuyahoga,1049,26.8,3,80.7,80.9,80.7
014456,Green Middle School,050559,Green Local,Wayne,252,11.8,4,91.1,88.8,89.7
014467,United Schools Columbus,014467,United Schools Columbus,Franklin,822,54.2,2,64.9,64.4,70.6
014480,Greeneview Middle School,047266,Greeneview Local,Greene,441,18.7,4,89.5,91.8,93.0
014498,Greeneview High School,047266,Greeneview Local,Greene,386,26.9,3,85.2,80.7,83.4
014514,Greenfield Elementary School,045401,Greenfield Exempted Village,Highland,564,13.8,3,86.2,87.9,88.1
014522,South Range Middle School,048363,South Range Local,Mahoning,399,10.8,5,102.2,99.8,100.3
014548,Winton Woods Middle School,044081,Winton Woods City,Hamilton,600,38.1,2,56.5,53.2,57.6
014563,Greenmont Elementary School,044180,Kettering City School District,Montgomery,265,16.2,4,90.6,92.1,88.9
014571,Greenon High School,046235,Greenon Local,Clark,395,25.7,3,83.7,82.8,83.6
014597,Greensview Elementary School,044933,Upper Arlington City,Franklin,482,3.1,5,106.6,107.4,107.8
014613,Greenview School,044792,South Euclid-Lyndhurst City,Cuyahoga,637,33.5,2,77.8,76.3,73.1
014621,Greenville Senior High School,044099,Greenville City,Darke,752,26.6,3,84.6,84.1,83.6
014639,Greenville Middle School,044099,Greenville City,Darke,652,20.4,3,80.6,81.7,82.5
014654,Greenwood Early Learning Center,050013,Green Local,Summit,374,11.8,,NC,NC,NC
014678,Mechanicsburg Middle School,045484,Mechanicsburg Exempted Village,Champaign,175,18.2,4,93.8,96.6,98.2
014688,Grove Patterson Academy Elementary School,044909,Toledo City,Lucas,371,8.9,4,89.9,87.5,89.0
014691,Marysville STEM Early College High School,045476,Marysville Exempted Village,Union,467,24.8,5,104.3,102.1,102.3
014696,Groveport Elementary School,046979,Groveport Madison Local,Franklin,478,16.3,3,84.8,84.7,81.8
014704,Groveport Madison High School,046979,Groveport Madison Local,Franklin,1818,43.1,2,72.1,65.2,63.5
014712,Groveport Madison Middle School Central,046979,Groveport Madison Local,Franklin,489,28.0,2,76.8,68.0,67.3
014720,Grover Hill Elementary School,049031,Wayne Trace Local,Paulding,216,5.6,4,96.8,95.8,96.6
014787,Gurney Elementary School,045286,Chagrin Falls Exempted Village,Geauga,479,8.6,5,113.3,114.5,113.4
014795,Badger Elementary School,050179,Joseph Badger Local,Trumbull,250,15.0,4,90.8,85.6,89.9
014803,William S Guy Middle School,050195,Liberty Local,Trumbull,242,30.2,3,79.1,75.7,68.6
014830,Utica Shale Academy of Ohio,014830,Utica Shale Academy of Ohio,Columbiana,148,24.0,1,40.0,32.8,39.2
014845,Riverview Elementary School,047894,Riverside Local,Lake,619,16.9,4,93.4,89.5,89.4
014878,South Elementary,050393,Vinton County Local,Vinton,225,10.8,4,95.3,90.5,86.6
014886,Hamersville Elementary School,046060,Western Brown Local,Brown,562,18.7,4,91.6,87.9,88.0
014902,Hamilton STEM Academy (K-6),043802,Columbus City Schools District,Franklin,374,59.9,1,53.0,44.2,41.6
014904,T2 Honors Academy,014904,T2 Honors Academy,Cuyahoga,126,37.4,2,67.5,64.5,51.4
014910,Hamilton Elementary School,046953,Hamilton Local,Franklin,1034,27.8,4,89.1,96.8,96.9
014918,Cleveland High School for the Digital Arts,043786,Cleveland Municipal,Cuyahoga,297,67.7,3,78.1,64.1,64.6
014919,John F Kennedy High School,043786,Cleveland Municipal,Cuyahoga,606,93.3,1,47.0,41.2,37.1
014920,Bard Early College Cleveland,043786,Cleveland Municipal,Cuyahoga,344,51.1,4,93.7,78.4,78.1
014927,Steel Academy,014927,Steel Academy,Summit,89,63.6,1,41.3,44.5,41.2
014936,Leverette Elementary School,044909,Toledo City,Lucas,469,48.3,1,40.4,42.0,43.0
014943,Valley STEM+ME2 Academy,014943,Valley STEM+ME2 Academy,Mahoning,197,31.2,3,81.2,85.0,79.9
014944,Hamilton Township High School,046953,Hamilton Local,Franklin,830,43.7,3,86.0,84.7,84.5
015032,Hanby Building Elementary School,045047,Westerville City,Franklin,360,6.3,4,94.3,92.6,98.4
015040,The Early Learning Academy,044743,Sandusky City,Erie,390,34.9,,NC,NC,NC
015073,Hannah Gibbons-Nottingham Elementary School,043786,Cleveland Municipal,Cuyahoga,219,46.0,1,41.5,43.9,46.1
015081,Hannan Trace Elementary School,065680,Gallia County Local,Gallia,244,20.5,2,73.4,63.1,73.2
015099,South Gallia High School,065680,Gallia County Local,Gallia,121,41.6,2,76.5,77.8,79.3
015107,River Elementary School,048652,Switzerland of Ohio Local,Monroe,284,26.6,3,83.9,82.3,83.0
015123,Harter Elementary School,043711,Canton City,Stark,397,19.9,2,60.4,59.9,56.1
015131,Kenton Elementary School,044172,Kenton City,Hardin,1023,13.2,3,77.9,80.3,78.1
015137,School of Innovation,045104,Willoughby-Eastlake City,Lake,448,14.8,5,111.8,110.0,112.1
015142,New Albany Intermediate School,046995,New Albany-Plain Local,Franklin,1146,6.1,5,105.5,105.5,105.2
015149,Hardin Houston Elementary School,049791,Hardin-Houston Local,Shelby,393,9.3,4,98.6,95.8,94.5
015151,Woodmore Middle School,049577,Woodmore Local,Ottawa,271,6.5,3,87.2,86.6,87.6
015156,Houston High School,049791,Hardin-Houston Local,Shelby,259,17.8,4,95.7,90.6,87.8
015164,Hardin Northern Elementary School,047498,Hardin Northern Local,Hardin,209,9.6,4,92.0,97.8,94.6
015172,Hardin Northern High School,047498,Hardin Northern Local,Hardin,166,15.5,3,83.5,80.7,82.3
015180,Harding Middle School,044826,Steubenville City,Jefferson,779,5.7,4,99.0,105.1,103.6
015198,East Portsmouth Elementary,044669,Portsmouth City,Scioto,139,45.9,2,60.8,57.3,67.4
015206,Harding Elementary School,045161,Youngstown City,Mahoning,337,57.8,1,46.6,45.6,52.5
015214,Harding High School,044339,Marion City,Marion,853,44.7,2,77.0,67.5,67.3
015222,Warren G Harding High School,044990,Warren City,Trumbull,1177,56.8,2,62.2,59.2,59.3
015234,Zenith Academy West,015234,Zenith Academy West,Franklin,161,0.9,2,69.4,61.8,51.0
015237,Flex High School,015237,Flex High School,Franklin,384,82.6,2,57.1,64.1,54.8
015261,Citizens Academy Southeast,043786,Cleveland Municipal,Cuyahoga,588,46.4,1,53.4,58.3,60.2
015289,Harman Elementary School,044586,Oakwood City,Montgomery,401,2.6,5,109.8,108.2,108.4
015297,Marietta Elementary School,044321,Marietta City,Washington,622,19.8,2,74.5,73.5,74.5
015313,Miller Elementary School,049171,Aurora City,Portage,286,10.5,,NC,NC,NC
015327,Berkshire Elementary,047167,Berkshire Local,Geauga,510,14.2,3,86.1,88.4,85.5
015329,iSTEM,015329,iSTEM,Lake,154,24.5,4,92.0,92.7,85.2
015344,Tri-State STEM+M School,015344,Tri-State STEM+M School,Lawrence,87,20.0,3,88.0,72.9,81.0
015347,Harris/Jackson Community Learning Center,043489,Akron City,Summit,480,24.1,2,66.8,67.7,69.4
015396,Harrison Elementary School,047381,Southwest Local,Hamilton,571,16.0,4,92.8,94.6,94.9
015404,Riverview Elementary School,044107,Hamilton City,Butler,630,26.8,2,68.8,66.7,72.3
015461,Virginia Stevenson Elementary School,048702,Mad River Local,Montgomery,288,33.4,3,82.9,85.1,85.4
015495,STEAMM Academy,043711,Canton City,Stark,470,32.5,2,59.0,59.2,60.0
015529,Hartwell School,043752,Cincinnati Public Schools,Hamilton,445,29.9,2,63.8,67.3,59.9
015545,Harvard Elementary School,044909,Toledo City,Lucas,265,32.2,2,64.8,63.6,69.8
015560,Harvey High School,044628,Painesville City Local,Lake,759,31.8,2,70.6,63.2,64.2
015578,Harvey Rice Elementary School,043786,Cleveland Municipal,Cuyahoga,463,68.7,1,43.0,42.5,40.3
015598,John Marshall School of Engineering,043786,Cleveland Municipal,Cuyahoga,471,72.2,2,61.4,59.9,56.7
015599,John Marshall School of Business and Civic Leadership,043786,Cleveland Municipal,Cuyahoga,481,81.6,2,67.7,59.0,55.9
015600,John Marshall School of Information Technology,043786,Cleveland Municipal,Cuyahoga,463,76.2,2,64.7,59.8,56.3
015602,Hastings Middle School,044933,Upper Arlington City,Franklin,753,7.0,5,100.5,97.3,98.2
015610,Hatton Community Learning Center,043489,Akron City,Summit,429,38.3,2,72.4,72.6,70.5
015636,Hawkins Elementary School,044909,Toledo City,Lucas,362,25.9,2,67.5,65.0,64.2
015651,Hawthorne Elementary School,045047,Westerville City,Franklin,520,13.1,3,87.1,83.7,81.2
015709,Beacon Academy,015709,Beacon Academy,Stark,198,53.6,2,64.5,57.0,39.3
015710,Bridge Gate Community School,015710,Bridge Gate Community School,Franklin,217,59.1,2,64.6,46.6,41.2
015712,Euclid Preparatory School,015712,Euclid Preparatory School,Cuyahoga,371,62.4,1,50.8,49.5,47.0
015713,East Branch Preparatory AcademydbaWright Preparatory Academy,015713,East Branch Preparatory AcademydbaWright Preparatory Academy,Stark,186,64.1,2,65.4,62.0,45.9
015714,Dayton Athletic Vocational Academy,015714,Dayton Athletic Vocational Academy,Montgomery,87,85.4,2,58.7,24.3,47.1
015719,Hillsdale PK-6,045823,Hillsdale Local,Ashland,547,7.6,4,95.8,94.5,94.0
015722,Village Preparatory School Willard,043786,Cleveland Municipal,Cuyahoga,432,52.4,2,65.9,65.5,62.6
015723,Northgate Intermediate,043802,Columbus City Schools District,Franklin,274,30.8,2,77.0,76.6,76.5
015724,Allen East Middle School,045757,Allen East Local,Allen,336,16.0,3,86.7,89.4,90.8
015734,Southview Middle School,044263,Lorain City,Lorain,411,62.7,1,47.6,44.3,47.8
015735,Hayward Middle School,044818,Springfield City School District,Clark,360,49.7,1,48.6,47.1,51.6
015737,Global Ambassadors Language Academy,015737,Global Ambassadors Language Academy,Cuyahoga,281,32.5,2,73.6,76.9,78.2
015741,Westwood Preparatory Academy,015741,Westwood Preparatory Academy,Franklin,339,NC,,NC,NC,NC
015743,Hazel Harvey Elementary School,050534,Chippewa Local,Wayne,308,9.5,,NC,NC,NC
015745,Springmill STEM Elementary,044297,Mansfield City,Richland,249,20.7,2,67.0,73.3,73.8
015759,Bolton Crossing Elementary,044800,South-Western City,Franklin,714,22.6,2,67.3,72.1,73.9
015792,Heath High School,044115,Heath City,Licking,441,26.5,4,94.8,93.9,91.2
015818,George Hays-Jennie Porter School,043752,Cincinnati Public Schools,Hamilton,270,64.1,3,80.4,74.7,67.0
015826,Lakewood Elementary School,047993,Lakewood Local,Licking,419,14.8,,NC,NC,NC
015842,Cleveland Heights High School,043794,Cleveland Heights-University Heights City,Cuyahoga,1589,56.8,2,75.3,68.7,69.5
015933,Herberich Primary Elementary School,049981,Copley-Fairlawn City,Summit,256,14.3,5,108.0,107.8,110.6
015966,Heritage Hill Elementary School,044677,Princeton City,Hamilton,412,17.8,3,80.6,79.8,73.5
015974,Heskett Middle School,043562,Bedford City,Cuyahoga,589,36.1,2,59.4,58.0,60.3
015990,Heywood Elementary School,044925,Troy City,Miami,269,23.8,3,85.6,85.5,78.0
016006,Hiawatha Elementary School,048231,Washington Local,Lucas,308,17.2,2,76.2,81.2,74.8
016012,Hull Prairie Intermediate School,045583,Perrysburg Exempted Village,Wood,922,7.2,5,104.1,102.5,99.8
016030,Hicksville Elementary School,045419,Hicksville Exempted Village School District,Defiance,379,6.4,5,105.4,103.2,103.9
016048,Hicksville High School,045419,Hicksville Exempted Village School District,Defiance,207,21.2,5,101.2,104.2,100.5
016055,Southeastern Middle School,049528,Southeastern Local,Ross,278,26.9,4,90.4,88.2,88.8
016089,Washington Primary Elementary School,044644,Piqua City,Miami,511,24.6,3,84.0,80.3,85.1
016113,Highland Elementary School,043802,Columbus City Schools District,Franklin,326,64.8,1,40.4,40.4,40.5
016121,Highland Elementary School,044834,Stow-Munroe Falls City School District,Summit,286,9.0,4,99.4,95.1,96.7
016154,Highland High School,048496,Highland Local,Medina,968,13.6,5,104.6,102.6,103.2
016162,Highland High School,048801,Highland Local,Morrow,463,16.6,3,85.2,85.0,84.8
016188,Sam Salem Community Learning Center,043489,Akron City,Summit,363,39.5,2,76.0,75.0,76.4
016220,Hiland High School,047688,East Holmes Local,Holmes,360,14.4,4,97.7,96.1,97.9
016253,David Hill Community Learning Center,043489,Akron City,Summit,355,51.2,2,59.2,62.3,57.1
016261,Richfield Elementary School,050054,Revere Local,Summit,702,8.5,,NC,NC,NC
016287,Scioto Darby Elementary School,047019,Hilliard City,Franklin,385,6.2,4,94.3,90.1,90.4
016303,Hilliard Davidson High School,047019,Hilliard City,Franklin,1770,16.2,4,91.3,88.3,93.5
016311,Hilliard Heritage Middle School,047019,Hilliard City,Franklin,777,14.8,3,86.1,83.7,84.9
016337,Hills Elementary School,047803,Indian Creek Local,Jefferson,379,35.3,4,97.5,100.8,97.1
016345,Hillsboro High School,044123,Hillsboro City,Highland,538,37.2,3,87.7,87.7,86.5
016352,Hillsdale 7-12,045823,Hillsdale Local,Ashland,347,11.0,4,91.3,86.9,88.5
016360,Independence Primary School,046565,Independence Local,Cuyahoga,440,8.6,5,104.9,105.7,105.3
016378,Hillside Middle School,044636,Parma City,Cuyahoga,720,23.4,4,90.9,90.3,94.7
016386,Hilltonia Middle School,043802,Columbus City Schools District,Franklin,396,72.4,1,44.8,43.7,43.9
016402,Hilltop Elementary School,045146,Wyoming City,Hamilton,274,6.8,5,112.8,111.7,110.3
016427,Lincoln West School Of Global Studies,043786,Cleveland Municipal,Cuyahoga,284,79.5,1,44.5,45.3,45.6
016428,Hilltop Elementary School,043554,Beachwood City,Cuyahoga,304,14.4,5,106.8,108.3,109.1
016429,Lincoln West School of Science & Health,043786,Cleveland Municipal,Cuyahoga,207,65.6,2,57.7,50.7,48.3
016436,Hilltop High School,050633,Millcreek-West Unity Local,Williams,205,18.2,3,86.4,88.6,90.5
016444,Hill View Elementary School,044875,Sylvania Schools,Lucas,344,16.1,4,98.9,101.6,102.3
016476,Fairfield Compass Elementary,046102,Fairfield City,Butler,687,16.0,3,85.7,86.7,86.9
016477,Hinckley Elementary School,048496,Highland Local,Medina,383,4.8,5,113.3,113.4,112.1
016519,Evanston Academy,043752,Cincinnati Public Schools,Hamilton,238,52.5,2,71.3,66.9,69.2
016535,Holden Elementary School,044164,Kent City,Portage,223,19.3,4,90.4,88.3,81.1
016543,Dr John Hole Elementary School,043737,Centerville City,Montgomery,379,7.2,5,102.7,103.1,101.3
016550,Holgate Elementary School,047571,Holgate Local,Henry,164,1.6,4,93.6,91.5,95.7
016568,Holgate High School,047571,Holgate Local,Henry,216,7.7,3,84.5,89.9,92.8
016576,Holland Intermediate School,048223,Springfield Local,Lucas,459,21.8,2,75.9,78.7,85.1
016584,West Carrollton Intermediate School,045054,West Carrollton City,Montgomery,451,25.7,2,72.0,69.9,72.4
016618,Roy E Holmes Elementary School,045112,Wilmington City,Clinton,568,23.9,,NC,NC,NC
016642,Wynford Elementary School,046524,Wynford Local,Crawford,567,12.1,3,86.9,87.9,87.2
016672,Miami School,044107,Hamilton City,Butler,151,83.7,1,43.0,47.2,46.1
016701,Spencer Center for Gifted and Exceptional Students,043752,Cincinnati Public Schools,Hamilton,372,25.6,5,108.4,108.6,105.7
016702,Rising Stars at Carthage,043752,Cincinnati Public Schools,Hamilton,243,26.7,,NC,NC,NC
016703,Leap Academy at North Fairmount,043752,Cincinnati Public Schools,Hamilton,332,48.1,2,60.4,59.3,51.2
016725,Hook Elementary School,044925,Troy City,Miami,273,15.2,5,101.2,102.3,97.8
016733,Mt. Healthy South Elementary School,044412,Mt Healthy City,Hamilton,600,47.2,1,51.0,58.7,57.4
016758,Hoover High School,044503,North Canton City,Stark,1417,18.5,5,101.5,99.0,98.1
016786,Ranger High Tech Academy,044537,North Ridgeville City,Lorain,258,9.3,5,103.7,101.6,99.4
016796,Richmond Heights Middle School,046599,Richmond Heights Local,Cuyahoga,134,17.5,2,57.4,58.6,57.1
016804,Wilson Alternative School,045161,Youngstown City,Mahoning,102,83.8,1,44.3,37.7,33.5
016805,Volney Rogers Elementary at McGuffey,045161,Youngstown City,Mahoning,572,50.6,2,61.8,62.2,63.2
016808,Hopewell-Loudon Local Elementary School,049700,Hopewell-Loudon Local,Seneca,394,10.8,4,95.0,97.1,99.8
016812,SMART Academy,016812,SMART Academy,Cuyahoga,94,41.4,2,77.4,64.3,43.5
016816,Hopewell-Loudon Local High School,049700,Hopewell-Loudon Local,Seneca,325,6.3,4,97.5,97.4,97.2
016824,Hopewell Early Childhood School,046110,Lakota Local,Butler,726,11.9,,NC,NC,NC
016829,South Columbus Preparatory Academy at German Village,016829,South Columbus Preparatory Academy at German Village,Franklin,265,79.0,2,60.3,59.3,59.4
016832,Hopkins Elementary School,045492,Mentor Exempted Village,Lake,456,7.5,5,104.1,102.3,103.0
016836,Kids Care Elementary,016836,Kids Care Elementary,Franklin,164,39.4,2,66.3,63.3,52.9
016837,Orchard Park Academy,016837,Orchard Park Academy,Cuyahoga,375,32.5,2,66.6,71.0,72.5
016840,Horace Mann Elementary School,043844,Dayton City,Montgomery,389,31.6,2,64.9,66.0,68.9
016843,Citizens Leadership Academy East,043786,Cleveland Municipal,Cuyahoga,343,55.9,1,50.0,53.5,51.7
016849,Liberty High School,016849,Liberty High School,Montgomery,356,97.0,1,55.2,48.2,49.7
016850,Cincinnati Achievement Academy,016850,Cincinnati Achievement Academy,Hamilton,137,69.8,1,53.4,44.3,48.5
016882,Rhodes School of Environmental Studies,043786,Cleveland Municipal,Cuyahoga,319,82.5,2,70.9,50.3,55.9
016883,Rhodes College and Career Academy,043786,Cleveland Municipal,Cuyahoga,561,80.5,2,71.7,62.0,59.4
016885,John Adams College & Career Academy,043786,Cleveland Municipal,Cuyahoga,436,80.9,1,46.7,41.6,42.5
016886,Campus International High School,043786,Cleveland Municipal,Cuyahoga,207,75.8,2,60.2,49.2,55.6
016887,Davis Aerospace & Maritime High School,043786,Cleveland Municipal,Cuyahoga,248,73.7,2,76.6,67.5,62.5
016889,Monroe Junior High School,139303,Monroe Local,Butler,428,12.1,4,95.5,93.9,92.3
016890,Ferguson Hall Freshman School,047241,Beavercreek City,Greene,619,19.4,5,101.7,107.1,102.1
016912,AIM Academy @ Belden,043711,Canton City,Stark,265,18.8,2,64.6,67.1,64.2
016916,Clifton Area Neighborhood School,043752,Cincinnati Public Schools,Hamilton,337,29.1,4,92.0,80.9,80.5
016928,Bridges,044206,Lancaster City,Fairfield,17,28.3,1,34.8,NC,NC
016936,Lima Ridge Elementary,048009,Licking Heights Local,Licking,747,6.2,4,90.7,NC,NC
016941,Olentangy Berlin High School,046763,Olentangy Local,Delaware,1747,13.6,5,104.5,99.8,99.3
017004,Howland High School,050161,Howland Local,Trumbull,674,31.8,4,95.8,91.6,91.3
017012,Howland Middle School,050161,Howland Local,Trumbull,691,27.1,4,92.1,91.3,91.3
017046,Hubbard High School,045427,Hubbard Exempted Village,Trumbull,518,27.9,3,84.4,86.7,85.8
017053,Huber Ridge Elementary School,045047,Westerville City,Franklin,462,18.7,3,82.5,81.3,84.5
017079,Ellsworth Hill Elementary School,050021,Hudson City,Summit,616,7.7,,NC,NC,NC
017087,Hudson Middle School,050021,Hudson City,Summit,1028,9.1,5,107.0,106.0,106.8
017095,Hudson High School,050021,Hudson City,Summit,1360,11.4,5,108.1,106.9,101.9
017129,Hunter Elementary School,044008,Franklin City,Warren,220,18.8,,NC,96.0,95.4
017137,Huntington Elementary School,049502,Huntington Local,Ross,404,23.9,3,82.9,88.3,83.7
017145,Huntington Elementary School,043661,Brunswick City,Medina,510,11.7,4,96.6,93.9,91.8
017152,Elm Street Elementary School,044628,Painesville City Local,Lake,424,22.4,2,63.9,72.6,72.0
017160,Huntington High School,049502,Huntington Local,Ross,245,33.7,2,76.5,74.3,75.1
017178,Cardinal Elementary School,047175,Cardinal Local,Geauga,390,18.7,3,86.8,85.5,87.7
017190,William Rainey Harper,043786,Cleveland Municipal,Cuyahoga,434,13.5,2,75.5,72.0,69.7
017194,Huron High School,044131,Huron City Schools,Erie,343,13.3,4,97.2,95.6,96.6
017199,I Promise School,043489,Akron City,Summit,470,42.6,1,46.7,44.7,42.9
017212,Empowered by the Arts Academy,017212,Empowered by the Arts Academy,Hamilton,167,97.2,1,33.6,35.0,33.3
017228,Huy/A.G. Bell Elementary School,043802,Columbus City Schools District,Franklin,456,46.3,2,66.0,66.7,63.5
017233,Great River Connections Academy,017233,Great River Connections Academy,Franklin,1521,15.5,2,63.2,62.3,60.0
017251,Hyre Community Learning Center,043489,Akron City,Summit,657,51.8,2,62.0,60.9,61.1
017259,Montgomery Preparatory Academy,017259,Montgomery Preparatory Academy,Montgomery,220,76.0,2,56.9,50.1,51.2
017269,Northmor Elementary School,048819,Northmor Local,Morrow,535,17.6,3,88.2,89.2,92.5
017270,Lorain Bilingual Preparatory Academy,017270,Lorain Bilingual Preparatory Academy,Lorain,251,45.9,2,59.0,54.3,54.1
017274,Mount Auburn Preparatory Academy,017274,Mount Auburn Preparatory Academy,Hamilton,360,72.9,3,80.8,66.3,49.3
017275,AchievePoint Career Academy - Cincinnati,017275,AchievePoint Career Academy - Cincinnati,Hamilton,292,92.1,1,41.6,31.9,30.8
017285,Independence High School,046565,Independence Local,Cuyahoga,276,24.1,5,101.5,99.9,94.3
017293,Independence Middle School,046565,Independence Local,Cuyahoga,299,9.4,5,102.2,100.6,97.6
017301,Indian Hill High School,045435,Indian Hill Exempted Village,Hamilton,611,18.9,5,104.7,103.2,102.9
017306,Chardon Early Learning Center,047183,Chardon Local,Geauga,213,16.2,,NC,NC,NC
017307,East Franklin Elementary School,044800,South-Western City,Franklin,261,25.4,2,64.7,65.4,56.0
017308,Columbus Africentric Early College Middle School,043802,Columbus City Schools District,Franklin,197,68.9,1,43.7,41.2,43.2
017325,NCS Digital,044453,Newark City,Licking,174,42.0,2,64.5,60.1,62.6
017335,Indian Lake Middle School,048082,Indian Lake Local,Logan,388,12.1,4,94.3,93.9,93.3
017343,Indian Lake High School,048082,Indian Lake Local,Logan,388,16.8,3,87.0,85.1,90.0
017350,Indian Riffle Elementary School,044180,Kettering City School District,Montgomery,518,9.6,4,100.0,103.6,105.4
017353,James N. Gamble Montessori Elementary School,043752,Cincinnati Public Schools,Hamilton,477,23.2,2,70.4,67.5,63.5
017368,Indian Run Elementary School,047027,Dublin City,Franklin,449,8.6,4,93.2,93.8,91.6
017377,Princeton Innovation Center,044677,Princeton City,Hamilton,247,70.7,1,38.6,41.3,41.0
017392,Indian Springs Elementary School,043802,Columbus City Schools District,Franklin,398,26.3,4,97.7,98.6,94.4
017400,Greenon Jr. High School,046235,Greenon Local,Clark,226,20.5,2,76.0,77.8,81.3
017426,Indian Valley High School,050286,Indian Valley Local,Tuscarawas,383,18.8,4,93.6,91.5,90.1
017434,Indianola Informal K-8 School,043802,Columbus City Schools District,Franklin,719,19.4,3,82.6,83.5,80.5
017459,Innes Community Learning Center,043489,Akron City,Summit,677,64.3,1,47.8,49.3,48.5
017484,Taylor Middle School,047399,Three Rivers Local,Hamilton,590,18.8,4,93.9,90.4,90.6
017490,ReGeneration Bond Hill,017490,ReGeneration Bond Hill,Hamilton,223,66.1,2,66.9,64.0,59.4
017491,Ironton High School,044149,Ironton City School District,Lawrence,325,22.2,3,86.9,76.9,76.3
017497,Cypress High School,017497,Cypress High School,Richland,232,87.7,2,61.6,53.4,58.4
017498,Northwest Ohio Classical Academy,017498,Northwest Ohio Classical Academy,Lucas,596,9.8,3,81.0,80.8,82.4
017509,Hawthorne Elementary School,044263,Lorain City,Lorain,222,48.4,2,57.5,54.6,58.2
017520,McKinley STEM Academy,044826,Steubenville City,Jefferson,174,5.6,5,116.2,111.4,112.5
017533,Isham Memorial Elementary School,044974,Wadsworth City,Medina,341,11.9,4,99.7,98.6,98.7
017535,Huber Heights Preparatory Academy dba Parma Academy,017535,Huber Heights Preparatory Academy dba Parma Academy,Cuyahoga,156,37.8,2,76.0,67.6,73.4
017536,Kenmore Preparatory Academy dba Toledo Preparatory Academy,017536,Kenmore Preparatory Academy dba Toledo Preparatory Academy,Lucas,363,78.6,2,57.7,51.6,47.9
017537,Capital Collegiate Preparatory Academy,017537,Capital Collegiate Preparatory Academy,Franklin,126,68.8,1,46.6,43.6,48.0
017538,North Columbus Preparatory Academy,017538,North Columbus Preparatory Academy,Franklin,126,79.9,1,45.8,43.2,42.8
017541,J F Burns Elementary School,050435,Kings Local,Warren,815,10.7,5,100.2,100.3,101.1
017574,Jackson Center Elementary School,049809,Jackson Center Local,Shelby,327,8.2,5,105.7,104.9,103.6
017582,Jackson Center High School,049809,Jackson Center Local,Shelby,177,7.6,4,99.2,96.6,95.1
017585,Academy of Arts and Technology,017585,Academy of Arts and Technology,Marion,142,44.7,1,52.5,51.0,48.1
017615,Escuela SMART Academy,044909,Toledo City,Lucas,281,14.9,2,66.9,65.5,59.9
017640,Northeast Ohio Impact Academy,043703,Campbell City,Mahoning,171,42.1,3,85.4,78.1,84.6
017643,Ohio Digital Learning School,017643,Ohio Digital Learning School,Lucas,1072,23.3,1,52.0,52.2,57.4
017665,McComb Local Jr/Sr High School,047456,McComb Local,Hancock,268,20.9,3,81.2,86.7,83.8
017699,Jackson-Milton Middle School,048322,Jackson-Milton Local,Mahoning,209,14.5,4,93.3,92.5,92.8
017756,Jackson High School,044156,Jackson City,Jackson,512,22.0,3,84.5,84.3,78.8
017764,Lakota Middle School,049569,Lakota Local,Sandusky,281,16.1,3,85.0,83.0,82.7
017772,Jackson High School,049858,Jackson Local,Stark,1819,12.6,4,98.7,98.9,97.3
017798,Jackson-Milton High School,048322,Jackson-Milton Local,Mahoning,161,23.2,4,97.1,96.1,98.6
017814,Whittier Primary School,043984,Findlay City,Hancock,381,12.2,,NC,NC,NC
017822,James Conger Elementary School,043877,Delaware City,Delaware,457,14.6,3,81.8,78.9,77.1
017897,Jasper Elementary School,049130,Scioto Valley Local,Pike,479,19.9,3,80.2,80.8,74.6
017905,Jefferson Area Sr High School,045872,Jefferson Area Local,Ashtabula,392,27.8,3,86.8,86.3,86.1
017913,Jefferson Ave Elementary School,046003,Shadyside Local,Belmont,224,20.9,,NC,NC,NC
017939,Jefferson Elementary School,046961,Gahanna-Jefferson City,Franklin,444,6.9,4,100.1,99.4,93.8
017947,Jefferson Elementary,045872,Jefferson Area Local,Ashtabula,646,14.0,3,86.5,84.8,84.1
017970,Norwood Elementary School,048256,Jefferson Local,Madison,443,12.8,4,90.6,93.8,94.6
018002,National Trail Elementary School,049270,National Trail Local,Preble,358,11.2,4,98.6,96.5,97.7
018044,Jefferson Primary School,043984,Findlay City,Hancock,354,9.8,,NC,NC,NC
018051,Chardon Hills Elementary School,043950,Euclid City,Cuyahoga,473,20.0,3,85.7,85.2,85.6
018069,Dresden Elementary School,048876,Tri-Valley Local,Muskingum,489,13.2,4,93.6,93.5,90.8
018077,Jefferson Elementary School,045104,Willoughby-Eastlake City,Lake,396,24.5,3,82.3,83.3,82.6
018093,Bataan Memorial Intermediate School,044651,Port Clinton City,Ottawa,298,13.9,3,87.0,88.8,91.4
018119,Westwood Elementary School,043844,Dayton City,Montgomery,363,44.6,1,47.5,42.1,43.8
018127,Jefferson Junior High School,048231,Washington Local,Lucas,488,31.2,2,74.1,70.2,69.9
018135,Van Wert Elementary School,044966,Van Wert City,Van Wert,692,13.4,3,86.6,87.1,87.7
018150,Jefferson Jr./Sr. High School,048686,Jefferson Township Local,Montgomery,111,55.2,2,57.4,47.7,50.1
018184,Jefferson High School,043885,Delphos City,Van Wert,225,19.0,4,95.3,95.2,90.1
018218,Edison High School,047795,Edison Local,Jefferson,353,11.4,4,90.8,86.2,80.7
018259,Jennings Community Learning Center,043489,Akron City,Summit,854,37.5,1,54.8,51.7,50.4
018283,Everest Elementary School,048009,Licking Heights Local,Licking,679,7.4,4,90.1,83.5,86.5
018291,Jerusalem Elementary School,044602,Oregon City,Lucas,423,9.7,4,99.3,94.8,96.2
018374,John E Gregg Elementary School,047795,Edison Local,Jefferson,375,6.3,4,97.4,94.2,94.8
018390,John Foster Dulles Elementary School,047373,Oak Hills Local,Hamilton,777,11.1,4,97.7,98.6,102.4
018408,Cleveland Early College High,043786,Cleveland Municipal,Cuyahoga,259,23.8,4,98.4,91.9,85.9
018424,John Muir Elementary School,044636,Parma City,Cuyahoga,530,21.1,3,85.5,85.1,80.1
018440,Waynedale Middle School,050583,Waynedale Local,Wayne,240,18.8,3,81.2,90.3,96.2
018457,Barberton Primary School,043539,Barberton City,Summit,672,23.6,,NC,NC,NC
018465,Johnson Park Middle School,043802,Columbus City Schools District,Franklin,357,64.4,1,43.2,42.5,41.5
018473,Johnstown Middle School,047985,Johnstown-Monroe Local,Licking,395,13.9,4,95.4,95.2,95.6
018481,Johnstown High School,047985,Johnstown-Monroe Local,Licking,437,32.4,3,88.8,90.1,89.7
018507,Jonathan Alder High School,048264,Jonathan Alder Local,Madison,586,22.0,4,95.1,94.4,91.6
018523,Jones Leadership Academy of Business,044909,Toledo City,Lucas,191,13.8,2,56.8,51.8,50.9
018531,Jones Middle School,044933,Upper Arlington City,Franklin,728,10.0,5,103.8,103.0,101.5
018564,Junction City Elementary School,044479,New Lexington School District,Perry,420,14.2,4,92.1,96.0,96.7
018572,Fairless Middle School,049841,Fairless Local,Stark,288,32.0,3,84.3,79.1,79.1
018580,Kae Avenue Elementary School,045070,Whitehall City,Franklin,659,26.9,,NC,NC,NC
018598,Kalida Elementary School,049346,Kalida Local,Putnam,204,2.0,5,105.0,110.0,108.4
018606,Kalida High School,049346,Kalida Local,Putnam,390,8.9,5,103.0,104.0,101.9
018671,Kemp Elementary School,043844,Dayton City,Montgomery,424,20.1,2,58.7,62.9,63.4
018747,J F Kennedy Elementary School,044180,Kettering City School District,Montgomery,598,12.8,4,96.5,97.3,94.7
018754,Kensington Intermediate Elementary School,044701,Rocky River City,Cuyahoga,590,7.5,5,113.0,111.9,111.4
018770,Kenston High School,047191,Kenston Local,Geauga,927,9.6,5,102.2,105.3,103.2
018788,Kenston Middle School,047191,Kenston Local,Geauga,774,10.7,5,104.0,103.2,99.2
018820,Kenton Elementary School,044818,Springfield City School District,Clark,486,33.9,2,68.0,65.9,65.8
018838,Arrowood Elementary,045153,Xenia Community City,Greene,453,22.8,4,94.1,88.2,87.2
018846,Kenton High School,044172,Kenton City,Hardin,471,30.3,3,82.9,75.3,83.7
018853,Kenton Middle School,044172,Kenton City,Hardin,260,24.8,2,73.2,72.4,76.5
018879,Ecole Kenwood French Immersion,043802,Columbus City Schools District,Franklin,472,10.8,4,95.6,89.3,86.5
018887,Kenwood Elementary School,043638,Bowling Green City School District,Wood,296,15.3,4,91.5,93.5,81.0
018895,Kenwood Elementary,044818,Springfield City School District,Clark,399,38.4,2,57.2,50.9,53.3
018911,Kettering Middle School,044180,Kettering City School District,Montgomery,978,17.5,3,87.5,83.8,85.1
018929,Kettering Fairmont High School,044180,Kettering City School District,Montgomery,2376,20.4,4,90.4,89.7,89.5
018952,Keyser Elementary School,044909,Toledo City,Lucas,321,39.4,1,51.1,51.4,49.1
018960,Keystone High School,048165,Keystone Local,Lorain,383,17.9,4,90.3,88.9,92.3
018984,Crestview Early Childhood Center,050351,Crestview Local,Van Wert,163,6.8,,NC,NC,NC
018998,Hopewell Elementary,047027,Dublin City,Franklin,499,15.4,3,85.8,88.4,88.0
019000,Kilgour School,043752,Cincinnati Public Schools,Hamilton,577,7.6,5,109.8,108.7,107.1
019017,Abraham Depp Elementary,047027,Dublin City,Union,852,8.6,5,103.5,102.8,103.3
019018,Killbuck Elementary School,047696,West Holmes Local,Holmes,218,8.0,4,90.8,91.6,91.2
019034,Kinder Intermediate School,044396,Miamisburg City,Montgomery,401,13.8,3,86.1,83.8,82.5
019042,King Community Learning Center,043489,Akron City,Summit,374,19.6,3,86.6,88.4,86.2
019075,Kings Junior High School,050435,Kings Local,Warren,703,16.6,4,95.5,94.8,97.9
019083,Kings Mills Elementary School,050435,Kings Local,Warren,575,12.6,4,98.8,102.3,104.3
019117,Zane Trace Middle School,049544,Zane Trace Local,Ross,387,20.3,3,84.0,85.0,83.8
019125,Kingsville Elementary School,045856,Buckeye Local,Ashtabula,391,24.3,3,88.6,85.2,82.2
019152,Buckeye Community School,019152,Buckeye Community School,Richland,504,61.4,1,47.3,30.5,23.6
019156,Quaker Preparatory Academy,044487,New Philadelphia City,Tuscarawas,133,6.7,1,55.5,59.6,58.6
019174,Kirkersville Elementary School,048041,Southwest Licking Local,Licking,484,11.1,4,95.5,96.0,93.4
019190,The Bridgeport School DIstrict - Middle School,045237,Bridgeport Exempted Village,Belmont,218,32.9,2,76.7,79.7,83.1
019192,Dr. O dell Owens Center for Learning,043752,Cincinnati Public Schools,Hamilton,247,73.4,1,29.5,39.7,27.4
019194,Garrett Morgan School of Leadership and Innovation,043786,Cleveland Municipal,Cuyahoga,419,79.3,2,60.3,58.0,52.3
019197,Flex High School Cleveland,019197,Flex High School Cleveland,Cuyahoga,131,84.3,2,57.0,58.1,43.7
019199,Central Point Preparatory Academy,019199,Central Point Preparatory Academy,Franklin,129,83.7,1,52.1,38.7,42.0
019200,South Columbus Preparatory Academy at Southfield,019200,South Columbus Preparatory Academy at Southfield,Franklin,237,54.6,3,80.4,72.1,67.0
019201,Franklinton Prep High School,019201,Franklinton Prep High School,Franklin,221,99.5,2,57.4,46.6,49.6
019208,Kirtland Elementary School,047878,Kirtland Local,Lake,453,6.7,5,106.4,104.9,104.3
019216,Kirtland High School,047878,Kirtland Local,Lake,310,17.2,5,101.2,102.4,100.2
019220,North Shore High School,019220,North Shore High School,Cuyahoga,412,94.5,1,48.9,49.5,49.3
019221,Case Preparatory Academy,019221,Case Preparatory Academy,Summit,302,71.9,1,53.9,46.8,46.7
019223,Marlboro Elementary,049882,Marlington Local,Stark,219,7.1,4,99.4,95.7,93.9
019224,Kirtland Middle School,047878,Kirtland Local,Lake,265,11.8,5,102.5,99.0,98.7
019226,Franklinton High School,019226,Franklinton High School,Franklin,149,60.8,1,51.7,63.5,57.8
019227,Dublin Preparatory Academy dba Northside Preparatory Academy,019227,Dublin Preparatory Academy dba Northside Preparatory Academy,Hamilton,257,79.5,2,64.3,50.6,50.6
019235,Focus Learning Academy of Central Columbus,019235,Focus Learning Academy of Central Columbus,Franklin,146,13.4,,NC,NC,NC
019255,Bucyrus Middle School,043687,Bucyrus City,Crawford,237,29.9,2,74.9,70.8,71.3
019266,Mound Street Academy,043844,Dayton City,Montgomery,147,89.8,1,43.1,49.5,41.7
019273,Knollwood Elementary School,044768,Sheffield-Sheffield Lake City,Lorain,201,17.5,,NC,NC,NC
019281,West Branch Early Learning Center,048389,West Branch Local,Mahoning,375,15.3,,NC,NC,NC
019323,Kramer Elementary School,046151,Talawanda City,Butler,519,22.2,3,84.8,91.1,91.7
019331,Krout 2-3 Elementary,044891,Tiffin City Schools,Seneca,346,15.1,3,80.4,84.8,85.9
019364,River Valley High School,065680,Gallia County Local,Gallia,317,41.7,2,72.3,70.6,65.0
019372,Kyle Elementary School,044925,Troy City,Miami,192,20.1,,NC,NC,NC
019380,Lacroft Elementary School,043919,East Liverpool City,Columbiana,334,36.6,2,70.8,64.6,66.7
019393,Eversole Run Middle School,047027,Dublin City,Union,845,9.3,5,102.1,101.3,103.4
019406,Cleveland School of Architecture & Design,043786,Cleveland Municipal,Cuyahoga,212,48.9,4,98.2,89.0,82.7
019426,Dayton Career Tech High School dba Riverscape Career Tech,019426,Dayton Career Tech High School dba Riverscape Career Tech,Montgomery,138,78.5,1,35.5,35.8,44.2
019427,Akron Career Tech High School,019427,Akron Career Tech High School,Summit,89,85.9,1,47.9,42.5,49.6
019430,Lagonda Elementary School,044818,Springfield City School District,Clark,366,22.1,2,67.3,59.6,55.5
019441,Buckeye Community School - London,019441,Buckeye Community School - London,Madison,277,38.2,1,49.3,37.7,34.2
019442,Buckeye Community School - Marion,019442,Buckeye Community School - Marion,Marion,687,59.6,1,42.5,24.3,35.9
019447,Little Miami Early Childhood Center,050443,Little Miami Local,Warren,770,13.7,,NC,NC,NC
019448,Keystone Middle School,048165,Keystone Local,Lorain,338,25.6,3,86.8,89.1,84.7
019450,Youngstown Preparatory Academy,019450,Youngstown Preparatory Academy,Mahoning,122,32.7,2,67.9,71.2,40.5
019459,Etna Elementary,048041,Southwest Licking Local,Licking,520,13.7,5,100.3,89.3,95.0
019462,Ross Intermediate School,046144,Ross Local,Butler,373,10.0,5,104.3,103.3,101.6
019466,Fort Frye Middle School,050484,Fort Frye Local,Washington,256,13.5,3,86.8,82.7,84.9
019474,Explorers Academy of Science and Technology,019474,Explorers Academy of Science and Technology,Lucas,329,42.2,1,55.5,51.9,48.3
019478,Niles Preparatory Academy,019478,Niles Preparatory Academy,Trumbull,151,33.7,4,95.3,86.9,81.9
019480,Shale Meadows Elementary School,046763,Olentangy Local,Delaware,686,5.9,5,107.2,106.2,103.6
019489,Lake Cable Elementary School,049858,Jackson Local,Stark,546,6.5,5,102.5,103.4,102.1
019511,Western Toledo Preparatory Academy,019511,Western Toledo Preparatory Academy,Lucas,309,51.7,2,65.1,56.3,65.0
019514,Perry Middle School,045138,Worthington City,Franklin,528,17.1,4,90.1,84.9,83.2
019519,Preble Shawnee Middle School,049288,Preble Shawnee Local,Preble,406,18.5,2,77.8,76.3,76.8
019521,Lake Elementary School,050690,Lake Local,Wood,767,13.8,4,91.5,89.6,91.8
019522,Mt. Healthy Early Learning Center,044412,Mt Healthy City,Hamilton,294,47.6,,NC,NC,NC
019525,World Language Middle School,043802,Columbus City Schools District,Franklin,526,30.6,2,61.8,59.2,58.7
019530,Cincinnati Classical Academy,019530,Cincinnati Classical Academy,Hamilton,746,10.7,4,96.7,96.5,94.6
019539,Lake High School,050690,Lake Local,Wood,401,18.7,3,84.2,81.8,84.4
019547,Lake Middle School,050690,Lake Local,Wood,363,17.7,3,83.4,84.0,87.1
019581,West Liberty-Salem Middle School,046219,West Liberty-Salem Local,Champaign,279,16.1,4,95.7,95.3,94.6
019602,Community STE(A)M Academy - Xenia,019602,Community STE(A)M Academy - Xenia,Greene,221,40.6,2,73.2,82.1,NC
019613,Hicksville Middle School,045419,Hicksville Exempted Village School District,Defiance,282,12.7,5,101.1,99.3,99.3
019617,Pickerington Academy,046896,Pickerington Local,Fairfield,42,NC,2,71.8,64.1,66.2
019620,Winton Woods Primary,044081,Winton Woods City,Hamilton,551,26.9,,NC,NC,NC
019622,Toledo Public Schools Virtual Academy,044909,Toledo City,Lucas,184,14.2,1,53.4,48.9,49.4
019625,Mad River Local Schools Remote Learning Center,048702,Mad River Local,Montgomery,29,24.2,2,63.3,37.4,60.7
019628,Milford Academy,045500,Milford Exempted Village,Clermont,50,77.1,1,52.5,67.3,68.6
019643,Upper Arlington Online Academy,044933,Upper Arlington City,Franklin,33,41.7,2,75.1,75.4,40.7
019646,Admiral King Elementary School,044263,Lorain City,Lorain,276,47.9,1,48.8,52.0,53.0
019653,Indian Lake Elementary School,048082,Indian Lake Local,Logan,529,13.9,4,98.2,95.2,98.0
019655,Hilliard Online Academy,047019,Hilliard City,Franklin,51,71.9,2,67.0,49.8,49.9
019657,Transitions Academy,047365,Northwest Local,Hamilton,30,0.2,1,39.7,NC,NC
019661,Lakeview High School,050187,Lakeview Local,Trumbull,520,19.9,4,97.3,97.7,98.8
019664,Cleveland Metro Remote School K-12,043786,Cleveland Municipal,Cuyahoga,358,71.2,1,43.3,39.5,39.4
019677,RAM Nation Virtual Academy,048694,Trotwood-Madison City,Montgomery,25,18.1,1,40.0,39.4,34.5
019679,Lakeville Elementary School,047696,West Holmes Local,Holmes,101,6.7,4,92.9,97.8,101.5
019682,Euclid Virtual Learning Academy,043950,Euclid City,Cuyahoga,98,NC,1,41.7,35.6,51.2
019687,Lakewood High School,044198,Lakewood City,Cuyahoga,1308,36.6,4,91.9,93.7,92.5
019694,West Holmes Digital Academy,047696,West Holmes Local,Holmes,12,10.7,1,52.2,51.5,58.8
019695,Lakewood High School,047993,Lakewood Local,Licking,412,35.6,3,84.4,83.5,86.4
019703,Lakewood Middle School,047993,Lakewood Local,Licking,387,23.3,3,79.4,81.3,78.4
019711,Lakota Elementary School,049569,Lakota Local,Wood,406,10.4,4,92.8,95.9,94.0
019722,Warrior Academy,048751,Huber Heights City,Montgomery,23,93.8,,NC,NC,NC
019724,Youngstown Virtual Academy,045161,Youngstown City,Mahoning,22,45.1,1,44.2,39.2,26.3
019725,Woodridge Virtual Academy,049973,Woodridge Local,Summit,22,49.9,2,66.9,57.4,60.2
019727,Southern Ohio Digital Academy,065680,Gallia County Local,Gallia,57,0.0,2,57.3,NC,58.0
019729,Liberty Junior School,046110,Lakota Local,Butler,646,9.0,5,101.4,96.8,93.6
019732,Jacket Virtual Academy,044784,Sidney City,Shelby,43,0.0,1,40.1,50.1,52.5
019734,John J. Gilligan Digital Academy,043752,Cincinnati Public Schools,Hamilton,188,60.2,1,41.3,44.6,40.5
019737,Lakota West High School,046110,Lakota Local,Butler,2519,23.6,4,95.3,93.2,90.3
019745,Lakota High School,049569,Lakota Local,Sandusky,207,25.1,3,82.2,79.6,84.6
019752,Lancaster High School,044206,Lancaster City,Fairfield,1838,38.3,3,80.6,76.3,78.6
019753,Southern Online Academy,046441,Southern Local,Columbiana,10,NC,,NC,59.5,NC
019761,Springfield City Online,044818,Springfield City School District,Clark,13,69.3,,NC,59.5,37.1
019778,Lander Elementary,044370,Mayfield City,Cuyahoga,502,22.6,4,95.0,94.5,91.5
019785,North College Hill Trojan Way Learning Center,044511,North College Hill City,Hamilton,84,18.4,1,47.0,39.7,42.4
019796,Excel Academy,043562,Bedford City,Cuyahoga,105,45.1,1,31.8,29.0,38.5
019798,Belpre Blue Sky Academy,043604,Belpre City,Washington,10,NC,,NC,NC,NC
019803,APS Online,043489,Akron City,Summit,99,11.7,2,56.8,54.2,51.9
019810,Twin Valley South Middle School,049296,Twin Valley Community Local,Preble,92,12.3,2,74.4,75.4,74.5
019829,Teays Valley Digital Academy,049098,Teays Valley Local,Pickaway,48,70.3,1,55.3,49.9,47.8
019836,Larchmont Elementary School,044909,Toledo City,Lucas,383,33.6,2,58.7,58.3,59.2
019839,Franklin School of Opportunity Online,044198,Lakewood City,Cuyahoga,22,0.0,2,67.8,71.2,68.2
019851,Larkmoor Elementary School,044263,Lorain City,Lorain,432,60.3,2,71.0,68.8,64.9
019875,Minerva France Elementary School,045047,Westerville City,Franklin,541,9.4,3,82.5,90.6,89.7
019877,Maple Elementary School,044628,Painesville City Local,Lake,439,20.9,2,67.5,71.1,71.5
019910,Brecksville-Broadview Heights Elementary School,043646,Brecksville-Broadview Heights City,Cuyahoga,1700,6.9,5,105.8,105.5,104.7
019918,Toledo Pre-Medical and Health Science Academy,044909,Toledo City,Lucas,257,10.1,4,94.0,91.6,96.2
019940,Finneytown Elementary,047332,Finneytown Local,Hamilton,657,23.5,2,62.2,66.5,67.6
019946,JOHNSTOWN INTERMEDIATE SCHOOL,047985,Johnstown-Monroe Local,Licking,271,6.1,4,98.4,100.0,102.3
019968,League Elementary School,044560,Norwalk City,Huron,192,12.8,5,100.4,94.1,92.6
019992,LaBrae Middle School,050245,LaBrae Local,Trumbull,230,30.4,2,76.4,76.5,80.5
019994,The Norwood Montessori School,044578,Norwood City,Hamilton,124,16.5,,NC,NC,NC
020007,IDEA Greater Cincinnati; Inc,020007,IDEA Greater Cincinnati; Inc,Hamilton,982,67.4,1,52.8,56.2,50.7
020008,LaBrae High School,050245,LaBrae Local,Trumbull,270,28.5,3,87.2,86.5,85.1
020024,Leawood Elementary School,043802,Columbus City Schools District,Franklin,324,50.6,2,57.6,63.6,53.8
020032,Lebanon High School,044214,Lebanon City,Warren,1432,19.8,4,93.9,91.1,90.5
020046,Unity Academy,020046,Unity Academy,Franklin,89,38.2,3,78.9,77.2,57.4
020059,Lakota Central,046110,Lakota Local,Butler,147,52.3,2,68.6,63.2,66.9
020063,Springfield Digital Academy (SDA),048223,Springfield Local,Lucas,83,31.6,2,63.9,57.6,57.4
020064,Olentangy Berlin Middle School,046763,Olentangy Local,Delaware,897,9.8,5,103.8,102.4,NC
020065,Ledgeview Elementary School,050047,Nordonia Hills City,Summit,432,15.0,4,99.3,96.6,102.5
020066,Reynoldsburg High School,047001,Reynoldsburg City,Franklin,2094,46.3,2,72.9,72.5,69.5
020073,Lee Burneson Middle School,045062,Westlake City,Cuyahoga,499,16.6,4,98.5,97.5,100.9
020076,Solon Academy,020076,Solon Academy,Cuyahoga,74,34.5,,NC,NC,NC
020077,Westlake Academy,020077,Westlake Academy,Cuyahoga,50,38.2,,NC,NC,NC
020078,Gateway Online Academy of Ohio,020078,Gateway Online Academy of Ohio,Cuyahoga,1032,63.2,2,55.7,53.7,35.8
020091,Legacy Academy of Excellence,020091,Legacy Academy of Excellence,Franklin,200,25.9,1,40.8,37.3,40.8
020092,Sheffield Academy,020092,Sheffield Academy,Lorain,186,52.9,2,74.4,66.3,80.3
020107,Leetonia Jr./Sr. High School,045443,Leetonia Exempted Village School District,Columbiana,197,39.8,3,87.9,86.1,81.0
020109,Superior School for the Performing Arts,043901,East Cleveland City School District,Cuyahoga,118,33.9,2,67.8,60.9,67.3
020112,SWL Digital Academy,048041,Southwest Licking Local,Licking,43,53.1,1,43.7,54.2,63.2
020115,Leggett Community Learning Center,043489,Akron City,Summit,387,41.8,2,65.9,54.9,58.2
020131,Leipsic Elementary School,049353,Leipsic Local,Putnam,289,8.0,4,92.9,92.7,95.0
020149,Leipsic High School,049353,Leipsic Local,Putnam,340,13.1,4,94.1,91.8,92.5
020164,Falls-Lenox Primary Elementary School,046573,Olmsted Falls City,Cuyahoga,701,12.5,4,92.8,90.6,96.3
020172,Leona Ave Middle School,046003,Shadyside Local,Belmont,187,19.7,4,97.4,99.6,103.6
020180,Parkside Elementary School,047894,Riverside Local,Lake,551,10.8,5,103.3,101.6,102.2
020186,Lorain Preparatory High School,020186,Lorain Preparatory High School,Lorain,104,83.3,1,46.6,51.5,49.5
020188,Hinckley Preparatory Academy,020188,Hinckley Preparatory Academy,Medina,54,35.2,5,115.6,NC,NC
020189,Strongsville Academy,020189,Strongsville Academy,Cuyahoga,62,25.4,,NC,NC,NC
020206,Tri-County North Elementary School,091397,Tri-County North Local,Preble,297,6.5,3,83.1,84.7,87.5
020230,Lexington Elementary School,049882,Marlington Local,Stark,303,11.2,3,88.0,80.1,82.4
020245,Columbus Online Academy,043802,Columbus City Schools District,Franklin,122,95.8,1,51.0,40.6,39.8
020246,The International School,043844,Dayton City,Montgomery,346,23.5,1,36.4,40.3,43.8
020255,Lexington High School,049437,Lexington Local,Richland,600,14.9,4,89.9,95.4,89.6
020263,Lewis F Mayer Middle School,043976,Fairview Park City,Cuyahoga,302,16.3,4,94.5,93.0,95.5
020289,Liberty Center Elementary School,047589,Liberty Center Local,Henry,411,5.9,5,103.1,102.9,101.9
020293,Engage High School,020293,Engage High School,Montgomery,38,93.4,1,25.8,22.5,42.5
020297,Liberty Center High School,047589,Liberty Center Local,Henry,302,16.1,4,93.7,95.5,89.0
020317,Parma Virtual Learning Academy,044636,Parma City,Cuyahoga,54,12.6,2,69.7,84.5,76.4
020321,Liberty Early Childhood School,046110,Lakota Local,Butler,409,15.0,,NC,NC,NC
020375,Cardinal Autism Resource and Education School (CARES),045492,Mentor Exempted Village,Lake,81,13.4,1,50.6,NC,50.3
020388,Liberty High School,050195,Liberty Local,Trumbull,484,46.6,2,68.4,67.1,74.4
020404,Liberty Union Elementary School,046888,Liberty Union-Thurston Local,Fairfield,439,9.3,4,91.1,94.9,91.6
020420,Liberty Union High School,046888,Liberty Union-Thurston Local,Fairfield,318,21.7,3,86.6,86.0,85.2
020438,Liberty-Benton Elementary School,047449,Liberty-Benton Local,Hancock,619,3.2,5,101.8,100.2,101.0
020446,Liberty-Benton High School,047449,Liberty-Benton Local,Hancock,431,8.6,4,100.0,98.8,98.3
020453,Jackson Middle School,044156,Jackson City,Jackson,521,28.1,3,83.0,87.0,87.4
020456,Minerva Park Middle School,045047,Westerville City,Franklin,752,17.4,3,81.2,76.1,NC
020461,Licking Heights High School,048009,Licking Heights Local,Licking,1392,23.5,4,90.9,88.9,85.5
020479,Licking Valley Middle School,048017,Licking Valley Local,Licking,505,20.2,3,79.3,78.2,77.9
020487,Licking Valley High School,048017,Licking Valley Local,Licking,577,27.8,3,83.5,82.4,79.9
020503,Barberton Middle School,043539,Barberton City,Summit,725,38.0,2,73.3,70.4,76.8
020594,Van Wert Middle School,044966,Van Wert City,Van Wert,398,22.6,3,80.2,77.2,79.0
020644,Lincoln Elementary School,043836,Cuyahoga Falls City School District,Summit,376,18.7,3,80.4,85.4,84.3
020719,Arbor Elementary School,043950,Euclid City,Cuyahoga,377,35.3,2,66.4,61.9,58.0
020726,ChallengeU Ohio Community School,020726,ChallengeU Ohio Community School,Hamilton,217,0.0,2,55.8,46.0,NC
020728,Mosaic Classical Academy,020728,Mosaic Classical Academy,Lucas,21,85.8,,NC,NC,NC
020729,AkroTech High School,020729,AkroTech High School,Summit,63,46.4,2,66.7,60.5,NC
020735,Niles Primary School,044495,Niles City,Trumbull,448,34.5,,NC,NC,NC
020754,Buckeye Community School - Fremont,020754,Buckeye Community School - Fremont,Sandusky,137,29.4,1,49.4,NC,NC
020755,Pathfinder Career Academy of Ohio,020755,Pathfinder Career Academy of Ohio,Cuyahoga,425,9.2,1,44.6,46.8,NC
020759,Fairfield Preparatory Academy,020759,Fairfield Preparatory Academy,Butler,168,44.4,3,79.2,80.8,NC
020760,Franklin Learning Academy,020760,Franklin Learning Academy,Franklin,43,61.0,,NC,NC,NC
020761,New Richmond Preparatory Academy,020761,New Richmond Preparatory Academy,Clermont,49,20.6,3,81.7,NC,NC
020776,Wickliffe Lower School,045088,Wickliffe City,Lake,650,22.1,3,79.1,76.2,85.5
020784,Lincoln Elementary School,044974,Wadsworth City,Medina,197,20.2,4,95.8,80.7,82.0
020792,Lincoln Elementary School,044818,Springfield City School District,Clark,400,40.2,1,46.9,45.6,46.0
020811,Southern Ohio Career Academy,020811,Southern Ohio Career Academy,Ross,49,92.7,1,42.4,27.4,NC
020817,ReGeneration Middle School,020817,ReGeneration Middle School,Hamilton,153,70.7,1,51.8,48.4,NC
020825,Springfield Sports Academy,020825,Springfield Sports Academy,Clark,105,76.2,2,61.8,66.0,NC
020854,Grizzly Academy,044974,Wadsworth City,Medina,28,12.4,1,54.5,NC,NC
020859,Lincoln Elementary School,044198,Lakewood City,Cuyahoga,269,15.3,5,107.4,105.8,108.6
020866,Aerospace & Natural Science Academy of Toledo,044909,Toledo City,Lucas,428,15.1,4,89.9,89.0,NC
020873,Warrensville Heights Early Learning Center,045005,Warrensville Heights City,Cuyahoga,218,23.0,,NC,NC,NC
020875,Lincoln Elementary School,046961,Gahanna-Jefferson City,Franklin,734,8.9,4,96.0,92.2,87.6
020883,Lincoln High School,046961,Gahanna-Jefferson City,Franklin,2376,31.9,3,86.1,84.1,82.5
020884,Waggoner Road Elementary,047001,Reynoldsburg City,Franklin,699,22.1,2,74.3,72.0,NC
020917,Lincoln Heights Elementary School,044677,Princeton City,Hamilton,223,24.0,2,71.6,67.8,62.9
020941,Gahanna East Middle School,046961,Gahanna-Jefferson City,Franklin,658,11.1,4,97.5,96.5,94.2
020974,Lincoln Park Elementary School,043802,Columbus City Schools District,Franklin,232,48.6,1,46.4,49.4,54.5
020990,Lincolnview Jr/Sr High School,050369,Lincolnview Local,Van Wert,339,10.2,4,97.8,94.9,97.8
021014,Lindbergh Elementary School,043802,Columbus City Schools District,Franklin,271,51.6,2,69.9,65.0,66.8
021022,Linden STEM Academy (K-6),043802,Columbus City Schools District,Franklin,403,49.5,1,47.6,51.8,48.0
021030,Linden-McKinley STEM Academy,043802,Columbus City Schools District,Franklin,751,82.8,1,42.9,36.0,34.3
021097,Litchfield Community Learning Center,043489,Akron City,Summit,468,47.8,2,61.6,61.2,58.0
021105,Warren Elementary School,050500,Warren Local,Washington,783,11.8,4,96.2,93.6,93.8
021113,Little Miami High School,050443,Little Miami Local,Warren,1500,25.0,4,92.6,93.2,94.7
021121,Little Miami Middle School,050443,Little Miami Local,Warren,1267,11.0,4,91.9,91.0,90.5
021139,Buckeye Intermediate School,048470,Buckeye Local,Medina,582,14.9,4,96.0,96.2,95.3
021147,Livingston Elementary School,043802,Columbus City Schools District,Franklin,300,56.7,1,42.8,40.9,42.6
021162,Loveland Early Childhood Center,044271,Loveland City,Clermont,337,12.0,,NC,NC,NC
021170,Lockland Elementary School,044230,Lockland Local,Hamilton,203,42.1,2,56.9,50.7,48.1
021188,Lockland Junior Senior High School,044230,Lockland Local,Hamilton,208,61.4,2,57.4,50.3,55.3
021201,Peachblow Crossing Elementary,046763,Olentangy Local,Delaware,622,8.2,5,106.7,NC,NC
021204,Rodger O. Borror Middle School,045112,Wilmington City,Clinton,430,24.8,3,78.4,77.8,78.3
021212,Logan Elm Middle/High School,049080,Logan Elm Local,Pickaway,804,23.2,3,84.5,85.1,87.9
021220,Benjamin Logan High School,048074,Benjamin Logan Local,Logan,465,9.7,3,89.0,90.9,88.2
021232,Carrollton Middle School,045278,Carrollton Exempted Village,Carroll,410,22.9,3,81.1,NC,NC
021246,Logan High School,044248,Logan-Hocking Local,Hocking,981,31.4,3,85.9,84.4,83.3
021253,Lohr Elementary School,049924,Perry Local,Stark,444,9.3,4,97.2,97.8,97.2
021279,Lomond Elementary School,044750,Shaker Heights City,Cuyahoga,466,19.3,3,84.5,86.6,83.5
021287,London High School,044255,London City,Madison,555,27.7,3,85.8,85.3,82.3
021295,Southeastern Elementary School,049528,Southeastern Local,Ross,380,22.9,3,85.5,90.7,90.7
021311,Longcoy Elementary School,044164,Kent City,Portage,283,28.9,3,86.9,92.9,88.2
021337,Longfellow Primary School,044784,Sidney City,Shelby,302,21.1,,NC,NC,NC
021378,Longfellow Elementary School,045104,Willoughby-Eastlake City,Lake,431,21.6,3,85.2,81.7,75.7
021386,Longfellow Elementary School,044909,Toledo City,Lucas,476,32.6,2,56.7,59.7,56.3
021440,Mater Academy Preparatory; Inc.,021440,Mater Academy Preparatory; Inc.,Franklin,59,19.2,,NC,NC,NC
021442,Legacy Academy of Excellence Mansfield,021442,Legacy Academy of Excellence Mansfield,Richland,94,40.5,1,38.7,NC,NC
021445,Steel City High School,021445,Steel City High School,Lorain,97,93.1,1,51.6,NC,NC
021446,ACE Community Academy,021446,ACE Community Academy,Geauga,26,58.0,1,54.4,NC,NC
021447,Heart of Ohio Classical Academy,021447,Heart of Ohio Classical Academy,Franklin,179,26.7,3,83.1,NC,NC
021448,Columbus Noor Academy,021448,Columbus Noor Academy,Franklin,41,21.4,1,46.4,NC,NC
021449,Northeast Ohio Classical Academy,021449,Northeast Ohio Classical Academy,Summit,85,6.5,2,69.3,NC,NC
021450,Southeast Ohio Classical Academy,021450,Southeast Ohio Classical Academy,Hocking,100,4.9,2,77.4,NC,NC
021456,Ginn-Thompson School for Girls,021456,Ginn-Thompson School for Girls,Cuyahoga,26,86.9,2,72.6,NC,NC
021457,Lake Erie Bilingual Academy,021457,Lake Erie Bilingual Academy,Lake,51,48.8,3,82.4,NC,NC
021458,Huron Sports Academy,021458,Huron Sports Academy,Erie,23,34.9,,NC,NC,NC
021469,Lordstown Elementary School,050203,Lordstown Local,Trumbull,207,14.9,5,104.8,106.1,107.1
021477,Lordstown High School,050203,Lordstown Local,Trumbull,170,25.4,4,95.8,90.6,86.7
021487,Columbus Bilingual West,021487,Columbus Bilingual West,Franklin,63,66.5,,NC,NC,NC
021509,Career Prep Virtual High School. Inc.,021509,Career Prep Virtual High School. Inc.,Franklin,27,73.6,1,55.0,NC,NC
021513,Buckeye Community School - Springfield,021513,Buckeye Community School - Springfield,Clark,194,18.2,1,45.9,NC,NC
021519,Loudonville High School,045468,Loudonville-Perrysville Exempted Village,Ashland,319,18.6,3,82.8,83.0,83.6
021527,Mary Church Terrell,043786,Cleveland Municipal,Cuyahoga,255,52.5,2,59.3,64.8,65.1
021543,Franklin D. Roosevelt,043786,Cleveland Municipal,Cuyahoga,385,64.1,1,40.8,38.9,35.8
021547,LINC Academy Columbus,021547,LINC Academy Columbus,Franklin,26,62.5,,NC,NC,NC
021550,Louisa May Alcott Elementary School,043786,Cleveland Municipal,Cuyahoga,167,38.5,2,71.2,72.0,62.6
021568,Louisville Elementary School,049874,Louisville City,Stark,990,12.4,4,96.8,98.4,101.9
021576,Louisville High School,049874,Louisville City,Stark,757,18.4,4,94.0,94.3,91.5
021584,Louisville Middle School,049874,Louisville City,Stark,624,16.5,4,93.2,91.1,91.0
021590,Whitmer Virtual School,048231,Washington Local,Lucas,20,64.3,1,39.2,NC,NC
021592,Loveland Middle School,044271,Loveland City,Hamilton,593,11.6,5,100.5,101.6,101.1
021593,Wildcat Pathways Academy,047381,Southwest Local,Hamilton,30,89.3,1,49.5,NC,NC
021600,Loveland High School,044271,Loveland City,Hamilton,1151,21.6,5,102.8,101.6,98.1
021610,Franklin Intermediate School,044008,Franklin City,Warren,627,23.7,3,86.1,NC,NC
021618,Loveland Primary School,044271,Loveland City,Hamilton,598,11.7,,NC,NC,NC
021655,Shroder Middle School,043752,Cincinnati Public Schools,Hamilton,144,50.1,1,54.2,NC,NC
021659,Stevan Dohanos Elementary School,044263,Lorain City,Lorain,306,48.1,1,53.8,51.7,53.5
021675,Lowell Elementary School,050484,Fort Frye Local,Washington,81,4.9,4,89.1,95.5,88.5
021683,Lowellville High School,048330,Lowellville Local,Mahoning,205,49.8,3,81.7,74.7,74.1
021693,Franklin School of Opportunity - On Site,044198,Lakewood City,Cuyahoga,62,61.0,2,64.2,NC,NC
021709,Lucas Elementary School,049445,Lucas Local,Richland,200,7.9,5,101.0,95.7,95.1
021717,Lucas High School,049445,Lucas Local,Richland,114,26.2,3,85.2,87.2,83.4
021725,Eastwood Elementary School,050674,Eastwood Local,Wood,684,5.8,5,102.7,102.6,103.9
021766,Kean Elementary School,045120,Wooster City,Wayne,314,5.2,4,97.4,92.8,98.7
021774,Lutz Elementary School,044016,Fremont City,Sandusky,400,13.8,4,93.3,89.4,85.0
021816,Lynchburg-Clay High School,047639,Lynchburg-Clay Local,Highland,263,15.5,3,84.3,86.6,85.3
021857,John P. Parker School,043752,Cincinnati Public Schools,Hamilton,350,48.3,2,69.7,70.5,71.8
021931,Spinning Hills Middle School (5-6),048702,Mad River Local,Montgomery,510,25.9,3,83.5,81.0,81.0
021949,Maddux Elementary School,047340,Forest Hills Local,Hamilton,536,10.0,5,101.7,100.6,105.1
021956,Madeira High School,044289,Madeira City,Hamilton,437,11.7,5,105.9,107.4,106.3
022038,Madison Middle School,047886,Madison Local,Lake,606,24.9,3,78.8,80.7,81.8
022046,Madison Elementary School,046979,Groveport Madison Local,Franklin,359,28.6,2,65.2,64.9,75.9
022053,Licking Valley Elementary School,048017,Licking Valley Local,Licking,909,11.4,4,92.7,91.1,93.5
022061,Madison Junior High,046128,Madison Local,Butler,336,18.3,3,88.1,82.2,80.7
022087,Madison High School,046128,Madison Local,Butler,395,22.1,3,84.6,82.5,78.5
022095,Buckeye Trail Elementary,069682,East Guernsey Local,Guernsey,433,17.2,3,83.2,79.7,82.1
022103,Madison Middle School,049452,Madison Local,Richland,747,25.2,3,82.2,81.1,84.5
022111,Madison High School,047886,Madison Local,Lake,729,30.9,3,82.4,82.0,84.8
022152,Madison South Elementary School,049452,Madison Local,Richland,484,16.9,2,74.0,73.2,69.1
022160,Madison-Plains High School,048272,Madison-Plains Local,Madison,317,21.3,3,88.3,88.5,86.3
022178,Madison High School,049452,Madison Local,Richland,823,25.9,3,81.3,82.0,80.3
022186,Trotwood-Madison High School,048694,Trotwood-Madison City,Montgomery,808,59.1,2,65.1,53.5,53.2
022244,Mccormick Middle School,045658,Wellington Exempted Village,Lorain,338,20.2,3,78.0,77.1,79.9
022251,Main Elementary School,047241,Beavercreek City,Greene,732,11.4,5,102.2,101.4,102.1
022293,Maize Road Elementary School,043802,Columbus City Schools District,Franklin,347,41.1,2,58.3,53.1,52.7
022301,Mansfield Middle School,044297,Mansfield City,Richland,383,35.5,1,53.3,55.7,55.0
022319,Patrick Henry Elementary School,047597,Patrick Henry Local,Henry,334,8.6,5,102.7,102.0,102.4
022350,Malvern Elementary School,046177,Brown Local,Carroll,259,19.5,3,85.9,90.5,83.6
022368,Malvern High School,046177,Brown Local,Carroll,151,22.0,3,79.4,71.8,74.5
022400,Manchester Middle School,050005,Manchester Local,Summit,275,11.2,4,95.8,95.0,95.4
022418,Manchester High School,050005,Manchester Local,Summit,365,16.2,4,92.8,92.7,90.5
022459,Mann Elementary School,044818,Springfield City School District,Clark,435,32.6,1,55.4,64.1,69.1
022483,Mansfield Senior High School,044297,Mansfield City,Richland,776,31.4,2,70.1,66.7,68.9
022525,Maple Dale Elementary School,044867,Sycamore Community City,Hamilton,573,5.7,5,111.3,112.2,110.6
022533,Maple Elementary School,044529,North Olmsted City,Cuyahoga,349,12.8,3,86.8,87.7,86.0
022558,Katherine Thomas Elementary School,045666,Windham Exempted Village,Portage,199,24.6,3,78.4,68.3,62.6
022566,Maple Heights High School,044305,Maple Heights City,Cuyahoga,868,44.9,2,67.9,63.7,62.6
022574,Maple Leaf Elementary School,044040,Garfield Heights City Schools,Cuyahoga,337,42.2,2,66.9,62.2,52.7
022632,Maplehurst Elementary School,044560,Norwalk City,Huron,454,17.1,,NC,NC,NC
022640,Mapleton High School,045831,Mapleton Local,Ashland,203,31.0,3,82.1,76.8,80.0
022665,Maplewood Elementary School,044875,Sylvania Schools,Lucas,549,9.0,5,101.1,101.0,102.1
022681,Maplewood High School,050211,Maplewood Local,Trumbull,240,9.7,5,102.7,101.4,94.1
022699,Maplewood Elementary School,050211,Maplewood Local,Trumbull,354,15.9,5,100.2,100.0,99.0
022764,Margaretta High School,046805,Margaretta Local,Erie,492,18.1,3,87.6,83.2,82.7
022772,Mariemont High School,044313,Mariemont City,Hamilton,433,15.3,5,109.2,108.7,107.7
022798,Marietta High School,044321,Marietta City,Washington,956,30.6,3,80.9,77.5,75.8
022822,Marion Local Elementary School,048553,Marion Local,Mercer,710,2.0,5,112.3,112.1,111.8
022855,Marion-Franklin High School,043802,Columbus City Schools District,Franklin,402,79.0,1,55.6,45.8,44.9
022863,Marion Local High School,048553,Marion Local,Mercer,244,2.1,5,109.9,110.1,108.3
022871,Marion L Steele High School,045195,Amherst Exempted Village,Lorain,990,22.3,4,94.9,92.9,92.5
022905,Mark Twain Primary School,044396,Miamisburg City,Montgomery,254,24.4,,NC,92.0,92.5
022947,Marlington High School,049882,Marlington Local,Stark,576,19.2,3,88.1,85.3,90.2
022954,Union Elementary School,045625,Upper Sandusky Exempted Village,Wyandot,268,9.1,4,99.0,105.3,100.1
022970,Marshall STEMM Academy,044909,Toledo City,Lucas,375,54.1,1,47.1,46.9,48.0
022996,Green  Elementary School,050559,Green Local,Wayne,528,12.5,4,95.4,97.7,96.1
023036,Martins Ferry High School,044347,Martins Ferry City,Belmont,338,31.3,2,77.8,75.6,72.5
023069,Mary B Martin School,043786,Cleveland Municipal,Cuyahoga,241,65.6,1,45.6,43.9,42.2
023077,Minerva Elementary School,049890,Minerva Local,Stark,742,11.2,4,93.7,92.4,91.7
023085,Mary M Bethune,043786,Cleveland Municipal,Cuyahoga,263,57.9,1,48.7,51.1,48.6
023093,Maryland Elementary School,043620,Bexley City,Franklin,332,7.5,5,103.4,99.9,100.9
023119,Marysville High School,045476,Marysville Exempted Village,Union,939,25.1,3,87.9,87.1,82.9
023127,Bunsold Middle School,045476,Marysville Exempted Village,Union,821,16.3,4,95.7,93.1,96.6
023135,Mason Community Learning Center,043489,Akron City,Summit,381,43.1,2,61.4,76.1,67.9
023143,Symmes Valley Elementary School,047969,Symmes Valley Local,Lawrence,534,18.4,4,91.8,87.7,88.9
023192,Matamoras Elementary School,050492,Frontier Local,Washington,104,27.8,2,76.6,76.2,72.2
023218,Mathews High School,050153,Mathews Local,Trumbull,172,28.8,3,83.8,83.1,89.9
023226,Maude Marshall Elementary School,046151,Talawanda City,Butler,350,17.3,4,92.2,89.0,88.5
023234,Maumee Middle School,044362,Maumee City,Lucas,494,13.9,3,87.3,85.2,90.8
023242,Maumee High School,044362,Maumee City,Lucas,570,19.5,4,92.6,90.7,90.6
023259,Max S Hayes High School,043786,Cleveland Municipal,Cuyahoga,579,71.6,1,54.2,50.0,50.3
023283,Mayfield Elementary School,044404,Middletown City,Butler,498,30.7,2,71.1,72.2,70.3
023291,Westfield/Robinson Achievement,044909,Toledo City,Lucas,44,85.5,1,32.6,32.1,30.6
023317,Mayfield Center Elementary School,044370,Mayfield City,Cuyahoga,467,8.0,5,103.7,102.7,100.9
023325,Mayfield High School,044370,Mayfield City,Cuyahoga,1257,27.3,4,94.9,96.3,92.1
023358,Maysville High School,048850,Maysville Local,Muskingum,465,28.0,3,81.9,82.1,84.5
023374,Central Elementary,050393,Vinton County Local,Vinton,332,22.5,3,88.1,87.9,87.8
023382,McEbright Community Learning Center,043489,Akron City,Summit,361,47.0,2,62.6,59.4,56.6
023390,St. Marys Middle School,044727,St Marys City,Auglaize,445,8.2,3,81.6,81.9,83.5
023424,McClain High School,045401,Greenfield Exempted Village,Highland,496,15.5,3,80.5,77.9,80.1
023440,McComb Local Elementary School,047456,McComb Local,Hancock,311,11.7,4,91.8,89.7,91.7
023473,McCormick Middle School,044131,Huron City Schools,Erie,261,10.4,4,95.2,95.4,90.0
023515,McDonald High School,050229,McDonald Local,Trumbull,310,24.5,4,93.8,98.1,97.6
023531,McGregor Intermediate School,043711,Canton City,Stark,209,21.5,2,61.7,55.9,64.3
023549,Mcgregor Elementary School,048231,Washington Local,Lucas,375,17.5,3,81.4,82.5,75.5
023572,McGuffey Elementary School,044453,Newark City,Licking,409,20.2,3,80.6,78.3,81.0
023606,Columbus Alternative High School,043802,Columbus City Schools District,Franklin,799,44.5,3,87.8,80.6,82.6
023648,McKinley STEMM Academy,044909,Toledo City,Lucas,313,37.5,1,52.5,55.5,56.4
023671,McKinley Elementary School,045153,Xenia Community City,Greene,314,23.6,4,92.8,86.9,88.4
023705,Horace Mann Elementary School,044198,Lakewood City,Cuyahoga,269,14.9,3,87.5,90.1,89.0
023804,Mckinley Elementary School,045369,Fairport Harbor Exempted Village,Lake,243,20.4,2,70.5,79.8,75.1
023820,McKinley Elementary School,045450,Lisbon Exempted Village,Columbiana,306,33.8,4,90.5,95.5,87.0
023838,McKinley High School,044495,Niles City,Trumbull,528,52.0,3,80.8,76.1,75.9
023846,McKinley High School,043711,Canton City,Stark,1955,52.1,2,63.0,53.7,53.2
023879,Mckinley High School,048355,Sebring Local,Mahoning,145,32.3,3,78.3,72.8,78.5
023903,McMullen Elementary School,045468,Loudonville-Perrysville Exempted Village,Ashland,291,9.5,4,95.0,88.0,87.9
023929,McTigue Elementary School,044909,Toledo City,Lucas,563,37.1,2,57.1,56.3,54.3
023960,Meadowbrook High School,047308,Rolling Hills Local,Guernsey,394,34.4,2,76.5,72.5,78.7
023978,Valerie Elementary School,043844,Dayton City,Montgomery,570,41.5,1,48.0,50.5,52.5
023986,Meadowdale High School,043844,Dayton City,Montgomery,456,60.3,2,60.7,51.4,43.9
023994,Meadowlawn Elementary School,046813,Perkins Local,Erie,419,7.7,3,84.2,87.1,85.7
024000,Meadowvale Elementary School,048231,Washington Local,Lucas,503,19.1,3,79.1,76.5,73.2
024018,Dohron Wilson Elementary School,045484,Mechanicsburg Exempted Village,Champaign,378,10.3,3,87.0,88.0,90.9
024026,Mechanicsburg High School,045484,Mechanicsburg Exempted Village,Champaign,233,14.5,4,89.6,93.6,89.2
024042,Medill Elementary School,044206,Lancaster City,Fairfield,523,20.8,3,83.3,80.7,81.4
024059,Claggett Middle School,044388,Medina City SD,Medina,693,20.7,4,90.0,89.5,89.7
024067,Medina Middle School,043802,Columbus City Schools District,Franklin,447,52.0,1,48.4,48.3,46.6
024075,Medina High School,044388,Medina City SD,Medina,1685,27.6,4,97.9,96.6,96.5
024117,Meigs High School,048520,Meigs Local,Meigs,521,53.4,2,67.8,60.9,67.1
024141,Melridge Elementary School,047894,Riverside Local,Lake,301,14.7,4,95.3,99.9,100.4
024166,Melrose Elementary School,045120,Wooster City,Wayne,248,9.5,3,88.8,85.6,81.7
024190,Memorial High School,043703,Campbell City,Mahoning,248,50.8,2,63.0,56.0,55.0
024208,St Marys Memorial High School,044727,St Marys City,Auglaize,617,12.8,3,83.9,81.8,83.4
024216,Memorial Junior High School,044792,South Euclid-Lyndhurst City,Cuyahoga,468,35.4,2,66.7,66.7,69.9
024224,Memorial Middle School,045492,Mentor Exempted Village,Lake,848,22.9,4,93.5,94.7,93.3
024273,Wright Brothers Elementary School,048751,Huber Heights City,Montgomery,665,21.1,2,77.9,72.4,70.0
024281,Mentor High School,045492,Mentor Exempted Village,Lake,2113,23.2,4,96.1,94.7,92.0
024307,Mercer Elementary School,044750,Shaker Heights City,Cuyahoga,397,17.1,3,84.1,82.9,81.7
024323,Merwin Elementary School,046359,West Clermont Local,Clermont,601,16.2,4,90.9,91.9,91.2
024331,Mesopotamia Elementary School,050096,Bloomfield-Mespo Local,Trumbull,118,31.9,2,62.6,68.9,64.0
024349,Evergreen Middle School,047050,Evergreen Local,Fulton,329,7.1,4,97.4,92.2,92.8
024364,Miami East Junior High School,048629,Miami East Local,Miami,328,9.1,4,96.5,97.4,99.8
024372,Miami East High School,048629,Miami East Local,Miami,350,11.2,5,101.1,100.4,99.6
024398,Madeira Elementary School,044289,Madeira City,Hamilton,849,2.7,5,109.8,106.9,107.6
024414,Miami Trace High School,046920,Miami Trace Local,Fayette,571,20.2,3,88.0,90.0,88.9
024422,Miamisburg High School,044396,Miamisburg City,Montgomery,1368,30.1,3,86.2,84.2,83.3
024430,Miami Whitewater Elementary School,047381,Southwest Local,Hamilton,644,16.8,4,95.5,88.8,91.3
024471,Athens Middle School,043521,Athens City School District,Athens,358,28.2,3,88.4,81.4,80.6
024489,Newcomerstown Middle School,045542,Newcomerstown Exempted Village,Tuscarawas,182,5.8,3,79.3,81.9,80.3
024497,Highland Middle School,048496,Highland Local,Medina,780,9.2,5,104.3,102.8,102.1
024505,Oakwood Middle School,049932,Plain Local,Stark,850,21.3,4,90.0,87.2,90.6
024521,Big Creek Elementary School,043612,Berea City,Cuyahoga,559,10.5,4,98.9,100.4,95.6
024562,Middletown High School,044404,Middletown City,Butler,1387,46.9,2,66.0,64.4,65.6
024570,Berea-Midpark High School,043612,Berea City,Cuyahoga,1424,32.1,3,87.8,86.6,86.4
024588,Midvale Elementary School,050286,Indian Valley Local,Tuscarawas,389,14.6,4,95.1,93.5,91.1
024596,Midview High School,048173,Midview Local,Lorain,695,27.9,4,92.9,90.8,90.2
024604,Midview Middle School,048173,Midview Local,Lorain,428,25.0,3,86.3,86.3,88.0
024612,Midway School,043752,Cincinnati Public Schools,Hamilton,547,46.2,2,64.0,66.7,58.7
024646,Mifflin Elementary School,049452,Madison Local,Richland,252,10.6,4,98.0,89.6,91.8
024653,Cassady Alternative Elementary School,043802,Columbus City Schools District,Franklin,336,41.6,2,68.5,58.8,59.8
024661,Mifflin High School,043802,Columbus City Schools District,Franklin,789,77.9,2,57.2,49.2,47.9
024679,Edison Elementary School (formerly Milan Elem),046789,Edison Local (formerly Berlin-Milan),Erie,528,14.3,5,102.3,101.2,92.4
024687,Miles School,043786,Cleveland Municipal,Cuyahoga,261,48.7,1,42.8,41.4,41.0
024695,Miles Park School,043786,Cleveland Municipal,Cuyahoga,360,53.5,1,48.8,45.7,46.2
024703,Stonebrook-White Montessori,043786,Cleveland Municipal,Cuyahoga,370,41.0,2,56.1,54.6,55.5
024711,Fairbanks Elementary School,050328,Fairbanks Local,Union,449,7.9,5,102.7,102.2,105.6
024745,Milford Sr High School,045500,Milford Exempted Village,Clermont,1687,27.2,4,96.7,97.2,95.9
024752,Milford Junior High School,045500,Milford Exempted Village,Clermont,941,17.4,4,95.1,96.5,96.3
024794,Miller Avenue Elementary School,050278,Garaway Local,Tuscarawas,176,11.5,4,92.0,89.1,88.0
024802,Miller City Elementary School,049361,Miller City-New Cleveland Local,Putnam,242,1.2,5,112.8,112.8,115.2
024810,Miller City High School,049361,Miller City-New Cleveland Local,Putnam,149,1.3,5,104.6,105.4,102.4
024836,B L Miller Elementary School,048355,Sebring Local,Mahoning,215,17.5,3,87.8,86.6,83.2
024851,Miller High School,049064,Southern Local,Perry,232,40.9,2,70.8,71.4,71.7
024869,Millersburg Elementary School,047696,West Holmes Local,Holmes,359,6.7,4,97.1,93.9,97.6
024885,Millridge Elementary School,044370,Mayfield City,Cuyahoga,603,10.7,5,104.7,102.6,99.6
024893,Herbert Mills Elementary School,047001,Reynoldsburg City,Franklin,431,29.1,2,74.7,74.0,75.0
024919,Mills Lawn Elementary School,045674,Yellow Springs Exempted Village,Greene,282,17.9,4,96.9,97.8,95.8
024927,Ethel M. Taylor Academy,043752,Cincinnati Public Schools,Hamilton,275,66.2,1,45.6,46.7,49.7
024976,Milton-Union Middle School,045518,Milton-Union Exempted Village,Miami,305,25.0,3,82.3,81.8,85.3
024984,Milton-Union High School,045518,Milton-Union Exempted Village,Miami,304,26.4,3,84.2,84.1,87.7
024992,Milton-Union Elementary School,045518,Milton-Union Exempted Village,Miami,653,13.5,3,86.1,86.4,91.7
025023,Mineral Ridge High School,050252,Weathersfield Local,Trumbull,410,28.2,4,95.6,95.4,93.4
025031,Minerva Middle School,049890,Minerva Local,Stark,457,20.9,3,85.7,85.0,85.9
025056,Minerva High School,049890,Minerva Local,Stark,391,21.9,3,83.0,82.4,83.1
025064,Mines Elementary School,050161,Howland Local,Trumbull,329,24.2,4,91.4,93.3,93.8
025072,Minford Primary Elementary School,049627,Minford Local,Scioto,408,15.8,3,86.1,84.5,88.0
025080,Minford High School,049627,Minford Local,Scioto,296,34.3,3,78.6,82.9,84.0
025098,Indian Creek Middle School Grades 7 & 8,047803,Indian Creek Local,Jefferson,248,45.8,3,78.7,76.9,79.9
025114,Minster Jr/Sr High School,045948,Minster Local,Auglaize,369,11.2,5,108.9,106.2,108.5
025122,Mississinawa Valley JR/SR High School,046672,Mississinawa Valley Local,Darke,237,18.7,3,85.5,84.1,83.6
025130,Tuslaw Middle School,049957,Tuslaw Local,Stark,425,10.1,4,99.5,99.5,99.7
025148,Mogadore High School,050039,Mogadore Local,Summit,199,20.8,4,89.7,86.4,83.9
025155,Mohawk High School,050740,Mohawk Local,Wyandot,313,12.1,4,92.5,89.5,91.5
025163,Columbus Africentric Early College ES,043802,Columbus City Schools District,Franklin,378,45.6,2,65.5,61.0,56.2
025171,Moler Elementary School,043802,Columbus City Schools District,Franklin,295,56.9,1,45.2,41.3,41.3
025189,Monac Elementary School,048231,Washington Local,Lucas,466,14.5,3,81.2,80.8,78.4
025197,Monclova Elementary School,048207,Anthony Wayne Local,Lucas,427,6.3,5,111.8,110.2,109.0
025205,Monfort Heights Elementary School,047365,Northwest Local,Hamilton,584,18.9,4,92.1,91.0,86.0
025221,Monroe Primary School,139303,Monroe Local,Butler,455,9.7,,NC,NC,NC
025247,National Trail Middle School,049270,National Trail Local,Preble,273,15.4,3,84.8,84.7,82.1
025270,Monroe Elementary School,048264,Jonathan Alder Local,Madison,244,17.2,3,84.3,77.4,75.1
025296,Monroe Elementary School,045559,New Richmond Exempted Village,Clermont,557,15.4,4,92.3,94.6,93.6
025353,Monroeville Elementary School,047712,Monroeville Local,Huron,296,14.1,3,84.9,82.3,81.4
025361,Monroeville High School,047712,Monroeville Local,Huron,230,21.7,3,81.6,82.3,79.9
025379,Monterey Elementary School,044800,South-Western City,Franklin,434,17.0,3,86.2,87.2,88.5
025387,Montgomery Elementary School,044867,Sycamore Community City,Hamilton,539,4.3,5,111.5,112.9,110.9
025395,Taft Intermediate School,043505,Ashland City,Ashland,458,14.5,4,96.8,100.0,98.5
025403,Monticello Elementary School,048751,Huber Heights City,Montgomery,564,20.5,3,79.1,75.8,74.9
025411,Monticello Middle School,043794,Cleveland Heights-University Heights City,Cuyahoga,519,39.0,2,64.4,58.0,63.6
025429,Montpelier Elementary School,045526,Montpelier Exempted Village,Williams,452,9.3,3,85.9,84.2,83.4
025437,Montpelier High School,045526,Montpelier Exempted Village,Williams,315,23.2,3,85.2,86.4,83.7
025445,Montrose Elementary School,043620,Bexley City,Franklin,327,4.7,5,102.0,101.8,98.1
025502,Morgan Elementary School,046144,Ross Local,Butler,366,6.0,5,108.8,101.5,106.8
025544,Morgan High School,048777,Morgan Local,Morgan,490,28.0,3,84.6,84.5,82.5
025577,Northridge Elementary School,048736,Northridge Local,Montgomery,797,41.3,2,64.2,56.7,55.3
025585,Morrison Gordon Elementary School,043521,Athens City School District,Athens,402,24.3,4,95.6,90.3,92.2
025619,Morton Middle School,044958,Vandalia-Butler City,Montgomery,679,17.4,3,83.8,84.0,85.2
025650,Mound Elementary School,043786,Cleveland Municipal,Cuyahoga,331,67.9,1,40.7,39.1,37.3
025668,Mound Intermediate School,044396,Miamisburg City,Montgomery,302,15.7,4,90.2,89.7,87.8
025726,Mt. Airy School,043752,Cincinnati Public Schools,Hamilton,596,55.3,2,61.2,62.2,60.2
025742,Riverdale Elementary School,047514,Riverdale Local,Hancock,218,10.1,3,88.2,91.9,93.3
025783,Mt Gilead High School,045534,Mount Gilead Exempted Village,Morrow,264,20.2,4,93.0,90.7,87.0
025791,Park Avenue Elementary School,045534,Mount Gilead Exempted Village,Morrow,477,14.4,2,74.0,74.1,70.6
025809,Mt Gilead Middle School,045534,Mount Gilead Exempted Village,Morrow,226,21.3,2,77.0,83.1,86.9
025817,Mt Healthy High School,044412,Mt Healthy City,Hamilton,821,58.1,2,59.3,52.8,53.9
025825,Mt Hope Elementary School,047688,East Holmes Local,Holmes,99,3.8,4,93.8,97.8,104.7
025841,Chillicothe Primary School,043745,Chillicothe City,Ross,561,36.6,,NC,NC,NC
025866,Western Brown High School,046060,Western Brown Local,Brown,700,19.4,3,79.7,76.6,74.8
025874,The School of One,043786,Cleveland Municipal,Cuyahoga,265,50.9,2,60.0,57.7,62.5
025932,Mount Vernon High School,044420,Mount Vernon City,Knox,887,22.3,4,91.4,91.7,91.6
025940,Mt. Washington School,043752,Cincinnati Public Schools,Hamilton,413,46.0,2,62.3,69.0,68.4
025965,Tallmadge Elementary School,044883,Tallmadge City,Summit,1094,12.5,3,88.4,89.1,92.3
025973,John McIntire Elementary School,045179,Zanesville City,Muskingum,600,21.8,3,86.9,86.9,82.6
025981,Munson Elementary School,047183,Chardon Local,Geauga,231,11.3,5,105.3,104.2,NC
025999,Muraski Elementary School,044842,Strongsville City,Cuyahoga,520,8.8,5,104.2,103.6,101.2
026054,North Avondale Montessori School,043752,Cincinnati Public Schools,Hamilton,567,24.7,2,67.4,65.6,62.2
026070,North Baltimore High School,050708,North Baltimore Local,Wood,128,27.7,3,85.1,82.4,82.0
026104,North Canton Middle School,044503,North Canton City,Stark,958,15.7,4,98.6,97.7,99.5
026112,North Central Junior/High School,050641,North Central Local,Williams,201,25.8,3,81.6,75.2,76.0
026120,North College Hill High School,044511,North College Hill City,Hamilton,311,64.1,2,62.5,58.5,62.8
026211,South Range Elementary School,048363,South Range Local,Mahoning,472,9.2,5,111.6,111.4,107.1
026229,South Range High School,048363,South Range Local,Mahoning,351,13.3,4,94.2,99.2,100.4
026245,North Linden Elementary School,043802,Columbus City Schools District,Franklin,305,27.7,2,58.2,55.4,48.2
026252,North Elementary School,047886,Madison Local,Lake,572,23.3,3,88.9,90.4,93.2
026286,North Nimishillen Elementary School,049874,Louisville City,Stark,372,10.0,,NC,NC,NC
026302,North Olmsted High School,044529,North Olmsted City,Cuyahoga,1000,32.7,3,83.6,82.4,83.0
026310,North Olmsted Middle School,044529,North Olmsted City,Cuyahoga,803,27.2,3,86.1,83.4,85.1
026336,North Ridgeville High School,044537,North Ridgeville City,Lorain,1232,28.6,4,94.1,94.7,93.0
026344,North Ridgeville Academic Center,044537,North Ridgeville City,Lorain,1862,13.8,3,88.7,88.8,88.7
026351,William Crawford Intermediate Schools,046516,Colonel Crawford Local,Crawford,231,5.0,4,94.2,93.0,92.9
026385,North Union Middle School,050336,North Union Local School District,Union,324,18.2,3,82.6,88.2,92.8
026393,North Union High School,050336,North Union Local School District,Union,374,32.3,3,87.3,85.1,85.4
026419,Napoleon Junior/Senior High School,044438,Napoleon Area City,Henry,739,13.2,4,90.4,91.5,89.3
026427,Nashport Elementary School,048876,Tri-Valley Local,Muskingum,539,10.2,4,99.6,100.6,99.7
026435,Nashville Elementary School,047696,West Holmes Local,Holmes,96,8.4,,NC,NC,NC
026443,Nathan Hale School,043786,Cleveland Municipal,Cuyahoga,380,49.6,1,52.3,49.8,48.2
026468,National Trail High School,049270,National Trail Local,Preble,233,18.8,3,80.7,82.4,82.0
026484,Navarre Elementary School,044909,Toledo City,Lucas,346,52.8,2,58.3,53.9,48.7
026500,Mathews Junior High School,050153,Mathews Local,Trumbull,137,25.2,3,86.7,81.5,80.4
026542,Special Education Center,043802,Columbus City Schools District,Franklin,195,6.9,1,30.3,25.9,26.8
026567,Nelsonville-York High School,044446,Nelsonville-York City,Athens,253,52.6,2,65.3,61.8,69.3
026575,Nelsonville-York Junior High School,044446,Nelsonville-York City,Athens,237,46.1,2,62.2,60.8,63.9
026633,New Bremen Elementary School,045955,New Bremen Local,Auglaize,444,1.7,5,108.1,107.2,106.4
026641,New Bremen High School,045955,New Bremen Local,Auglaize,360,5.0,5,107.3,108.6,107.7
026658,Mt. Healthy North Elementary School,044412,Mt Healthy City,Hamilton,540,40.8,2,56.6,56.2,53.0
026682,Miller City Middle School,049361,Miller City-New Cleveland Local,Putnam,120,1.5,5,106.6,105.8,105.1
026690,New Concord Elementary School,048835,East Muskingum Local,Muskingum,294,12.5,,NC,NC,NC
026757,New Knoxville Elementary School,045963,New Knoxville Local,Auglaize,295,5.5,5,103.7,102.8,104.0
026765,New Knoxville High School,045963,New Knoxville Local,Auglaize,100,9.3,5,100.9,106.1,97.7
026773,Dixie Elementary School,048710,New Lebanon Local School District,Montgomery,438,13.9,4,90.8,90.5,88.3
026781,Dixie Middle School,048710,New Lebanon Local School District,Montgomery,285,25.5,2,77.4,80.2,79.6
026799,New Lexington Elementary School,044479,New Lexington School District,Perry,459,20.9,2,77.5,73.5,76.9
026807,New Lexington Middle School,044479,New Lexington School District,Perry,384,26.3,3,81.0,78.0,75.7
026815,New London Elementary School,047720,New London Local,Huron,460,8.0,3,84.9,85.6,84.5
026823,New London High School,047720,New London Local,Huron,209,21.3,3,88.7,85.6,91.0
026849,Tri-Village High School,046680,Tri-Village Local,Darke,358,19.7,5,101.9,103.3,98.8
026864,New Miami Elementary School,046136,New Miami Local,Butler,297,36.5,2,63.3,70.9,69.3
026872,New Miami  High School,046136,New Miami Local,Butler,144,44.6,2,70.1,66.7,68.0
026880,Springfield Elementary School,048371,Springfield Local,Mahoning,345,13.0,4,99.4,99.7,102.1
026906,New Philadelphia High School,044487,New Philadelphia City,Tuscarawas,723,29.5,3,84.3,87.4,82.1
026922,New Richmond High School,045559,New Richmond Exempted Village,Clermont,550,26.0,3,87.4,86.7,85.2
026930,New Richmond Middle School,045559,New Richmond Exempted Village,Clermont,423,23.9,3,78.0,79.9,81.6
026948,New Riegel Elementary School,049718,New Riegel Local,Seneca,179,5.5,5,100.5,99.8,101.5
026955,New Riegel High School,049718,New Riegel Local,Seneca,192,8.5,4,92.6,92.3,91.7
026989,New Vienna Elementary School,046409,East Clinton Local,Clinton,252,15.5,4,92.9,93.3,91.8
027003,Crestview Elementary School,046433,Crestview Local,Columbiana,413,19.7,4,96.3,99.1,97.8
027011,Newark High School,044453,Newark City,Licking,1269,43.9,3,80.1,80.4,82.3
027060,Newcomerstown High School,045542,Newcomerstown Exempted Village,Tuscarawas,233,29.6,3,83.1,75.2,74.6
027094,Newport Elementary School,050492,Frontier Local,Washington,217,18.6,3,87.5,88.6,88.2
027102,Newton D Baker School,043786,Cleveland Municipal,Cuyahoga,318,43.8,2,62.6,62.0,60.6
027110,Newton Elementary School,048637,Newton Local,Miami,358,7.3,5,103.3,104.8,104.3
027136,Newton Elementary School,048025,North Fork Local,Licking,349,12.7,3,82.5,85.3,90.5
027151,Newton Falls High School,045567,Newton Falls Exempted Village,Trumbull,245,52.1,3,83.3,78.7,77.0
027169,Newton High School,048637,Newton Local,Miami,230,10.8,4,96.1,96.0,91.6
027185,Mercer Elementary School,047340,Forest Hills Local,Hamilton,613,10.9,5,102.6,101.9,101.4
027193,Fairview Middle School,046714,Central Local,Defiance,211,13.4,4,92.7,88.2,92.3
027201,Circleville Elementary School,043760,Circleville City,Pickaway,1119,28.1,3,86.6,85.2,81.8
027250,Noble Elementary School,043794,Cleveland Heights-University Heights City,Cuyahoga,403,26.4,3,78.8,76.7,76.0
027268,Noble 4-5 Elementary,044891,Tiffin City Schools,Seneca,317,15.8,3,87.1,88.4,87.4
027318,Nolley Elementary School,050005,Manchester Local,Summit,525,7.9,5,103.2,104.5,105.9
027326,Nordonia Middle School,050047,Nordonia Hills City,Summit,524,16.6,5,101.0,96.7,101.6
027334,Nordonia High School,050047,Nordonia Hills City,Summit,1088,25.4,4,93.7,91.9,95.7
027342,Normandy Elementary School,043737,Centerville City,Montgomery,497,13.1,4,96.4,96.9,96.8
027359,Normandy Elementary School,043547,Bay Village City,Cuyahoga,478,2.9,,NC,NC,NC
027367,Normandy High School,044636,Parma City,Cuyahoga,1569,24.2,3,85.6,83.9,85.7
027383,Fairfield North Elementary School,046102,Fairfield City,Butler,590,8.8,4,96.5,99.4,95.3
027425,Waverly Junior High School,049148,Waverly City,Pike,381,24.2,2,73.3,73.8,76.9
027433,North Elementary School,043919,East Liverpool City,Columbiana,397,34.5,2,69.5,72.0,71.8
027458,Orrville Elementary School,044610,Orrville City,Wayne,515,11.3,3,87.5,89.0,86.7
027508,Lincolnview Elementary School,050369,Lincolnview Local,Van Wert,433,5.2,4,91.7,92.7,96.1
027532,Tuslaw Elementary School,049957,Tuslaw Local,Stark,481,8.7,4,97.1,99.9,100.5
027565,North High School,043489,Akron City,Summit,896,52.9,2,65.4,57.7,56.5
027573,North High School,045104,Willoughby-Eastlake City,Lake,1118,37.9,3,78.1,74.9,75.2
027599,M L King Elementary School,045161,Youngstown City,Mahoning,311,54.8,1,52.2,52.2,54.3
027656,Northeastern Middle/High School,046250,Northeastern Local,Clark,477,35.8,3,79.5,78.9,82.2
027664,Clermont Northeastern Middle School,046326,Clermont Northeastern Local,Clermont,298,24.8,2,71.8,78.2,83.2
027672,Northfield Elementary School,050047,Nordonia Hills City,Summit,338,8.3,5,101.8,103.0,101.0
027680,Northland High School,043802,Columbus City Schools District,Franklin,992,74.0,2,56.0,46.3,48.2
027698,Northmont High School,048728,Northmont City,Montgomery,1346,28.4,4,91.9,89.8,88.7
027706,Northmont Middle School,048728,Northmont City,Montgomery,687,22.4,4,89.5,83.1,87.6
027714,Northmoor Elementary School,048728,Northmont City,Montgomery,462,13.3,5,100.1,101.6,98.6
027722,Northmor High School,048819,Northmor Local,Morrow,443,20.9,4,92.7,91.8,92.5
027763,Northridge High School,048736,Northridge Local,Montgomery,474,55.0,2,58.2,54.9,63.6
027771,Northridge High School,048033,Northridge Local,Licking,311,25.1,3,85.0,91.1,90.0
027805,Claymont Intermediate School,043778,Claymont City,Tuscarawas,338,15.5,3,81.4,83.4,82.6
027813,Northtowne Elementary School,043802,Columbus City Schools District,Franklin,331,31.3,2,62.5,55.8,55.2
027821,Robert C Lindsey Elementary School,047225,West Geauga Local,Geauga,459,5.4,5,108.3,109.6,112.6
027839,Northview Primary School,043984,Findlay City,Hancock,386,19.6,,NC,NC,NC
027854,Northwest High School,049635,Northwest Local,Scioto,275,24.1,4,93.9,89.8,89.2
027862,Northwest High School,049908,Northwest Local,Stark,447,12.3,4,99.2,97.1,98.9
027870,Northwestern Elementary School,046268,Northwestern Local,Clark,951,20.2,3,84.7,84.4,85.4
027888,Northwestern High School,050575,Northwestern Local,Wayne,308,19.6,3,83.2,84.8,87.0
027896,Northwestern Junior/Senior High School,046268,Northwestern Local,Clark,581,18.1,3,82.3,80.9,78.6
027946,Greenwood Elementary School,048231,Washington Local,Lucas,519,17.9,2,68.4,69.1,67.0
027953,Northwood Elementary School,050716,Northwood Local Schools,Wood,464,19.5,3,83.3,81.7,82.5
027961,Northwood High School,050716,Northwood Local Schools,Wood,342,29.7,3,82.8,79.4,80.0
027979,Northwood Middle School,043943,Elyria City Schools,Lorain,586,28.4,2,70.9,70.5,69.8
027995,Norton High School,044552,Norton City,Summit,619,26.0,4,95.3,91.2,86.5
028001,Norton Elementary School,044552,Norton City,Summit,573,12.4,5,101.7,101.0,101.2
028027,Norton Middle School,044552,Norton City,Summit,651,18.0,4,92.9,92.5,93.2
028035,Norton Primary Elementary School,044552,Norton City,Summit,220,11.1,,NC,NC,NC
028050,Norwalk Middle School,044560,Norwalk City,Huron,333,25.6,3,86.3,82.6,83.9
028068,Norwalk High School,044560,Norwalk City,Huron,639,21.1,3,86.8,85.1,83.4
028076,Norwayne High School,050567,Norwayne Local,Wayne,372,10.3,4,95.4,94.4,92.2
028100,Norwood High School,044578,Norwood City,Hamilton,431,47.2,3,81.6,78.7,79.4
028118,Norwood View Elementary School,044578,Norwood City,Hamilton,252,30.9,3,85.7,86.3,84.1
028134,Northwest Middle School,049908,Northwest Local,Stark,402,2.6,4,98.1,98.6,101.1
028159,Oak Intermediate Elementary School,044461,New Boston Local,Scioto,88,34.1,2,66.8,67.8,81.6
028183,Oak Harbor High School,048926,Benton Carroll Salem Local,Ottawa,545,17.9,4,99.9,98.1,99.8
028217,Oak Hills High School,047373,Oak Hills Local,Hamilton,2162,31.5,4,93.0,92.5,89.7
028258,Oakdale Elementary School,044909,Toledo City,Lucas,398,36.4,2,58.7,56.5,56.9
028290,Oakland Park Alternative Elementary,043802,Columbus City Schools District,Franklin,292,38.0,1,54.3,58.4,57.1
028316,Oakmont  Elementary School,043802,Columbus City Schools District,Franklin,310,33.4,2,62.8,67.0,67.0
028324,Oakview Elementary School,044180,Kettering City School District,Montgomery,473,9.3,5,101.0,100.9,100.7
028365,GlenOak High School,049932,Plain Local,Stark,1961,17.9,3,88.5,86.9,82.0
028373,Oakwood High School,044586,Oakwood City,Montgomery,622,14.8,5,110.1,110.0,108.8
028381,Langston Middle School,044594,Oberlin City Schools,Lorain,185,17.1,3,88.3,82.6,85.3
028399,Oberlin High School,044594,Oberlin City Schools,Lorain,210,23.0,3,82.7,79.9,73.5
028407,Hamilton Middle School,046953,Hamilton Local,Franklin,477,34.5,2,73.2,74.8,84.0
028415,Olde Sawmill Elementary School,047027,Dublin City,Franklin,344,14.5,3,82.7,87.4,89.1
028423,Ohio Avenue Elementary School,043802,Columbus City Schools District,Franklin,213,55.6,1,53.5,44.2,46.7
028480,Austintown Intermediate School,048298,Austintown Local Schools,Mahoning,888,21.3,4,100.0,98.8,98.6
028498,Old Fort Elementary School Bettsville Campus,049726,Old Fort Local,Seneca,377,8.7,3,88.2,90.6,92.9
028506,Old Fort High School,049726,Old Fort Local,Seneca,243,9.8,4,91.4,90.9,86.8
028514,Old Orchard Elementary School,044909,Toledo City,Lucas,426,31.2,2,62.3,60.8,61.7
028522,Buckeye Trail Middle School,069682,East Guernsey Local,Guernsey,212,22.4,3,81.4,78.4,86.4
028530,Olde Orchard Alt Elementary School,043802,Columbus City Schools District,Franklin,526,33.9,2,73.8,76.2,73.4
028548,Olentangy High School,046763,Olentangy Local,Delaware,1681,14.2,5,106.9,104.3,102.3
028555,Tecumseh  Middle School,046243,Tecumseh Local,Clark,581,27.3,2,77.1,74.8,75.4
028571,Trotwood-Madison Early Learning Center,048694,Trotwood-Madison City,Montgomery,413,43.0,,NC,NC,NC
028589,Oliver Hazard Perry Elementary School,043786,Cleveland Municipal,Cuyahoga,285,54.9,1,47.8,43.3,42.8
028605,Olmsted Falls High School,046573,Olmsted Falls City,Cuyahoga,1031,20.8,4,95.4,90.3,87.6
028613,Olmsted Falls Middle School,046573,Olmsted Falls City,Cuyahoga,731,17.0,4,91.1,90.5,92.4
028647,Onaway Elementary School,044750,Shaker Heights City,Cuyahoga,468,10.4,4,96.4,93.5,95.2
028662,The Sandusky Primary School,044743,Sandusky City,Erie,391,31.7,,NC,NC,NC
028670,Ontario High School,049478,Ontario Local,Richland,524,15.5,4,93.1,93.1,90.1
028688,Ontario Middle School,049478,Ontario Local,Richland,463,14.8,4,95.1,95.0,95.3
028712,Orange High School,046581,Orange City,Cuyahoga,571,15.5,5,105.5,101.8,100.3
028720,Orchard School,043786,Cleveland Municipal,Cuyahoga,508,44.2,1,53.9,51.5,51.5
028738,North Canton Intermediate School,044503,North Canton City,Stark,893,8.6,5,102.4,102.5,101.4
028746,Leetonia Elementary K-6,045443,Leetonia Exempted Village School District,Columbiana,282,27.3,4,100.0,100.0,96.5
028753,Orchard Park Elementary School,044180,Kettering City School District,Montgomery,297,10.2,5,102.3,105.4,104.2
028779,Orrville High School,044610,Orrville City,Wayne,397,21.1,3,87.5,88.9,86.7
028795,Wright Brothers Middle School,043844,Dayton City,Montgomery,380,55.9,1,42.2,41.6,45.0
028811,Reagan Elementary School,043505,Ashland City,Ashland,541,10.1,5,106.9,99.5,104.7
028829,The Sandusky Intermediate School,044743,Sandusky City,Erie,875,30.1,2,65.5,66.4,65.8
028845,Buckeye Valley West Elementary School,046755,Buckeye Valley Local,Delaware,651,7.5,5,102.2,100.9,100.5
028852,Otis Elementary School,044016,Fremont City,Sandusky,398,12.5,4,92.4,92.8,91.0
028860,Otsego High School,050724,Otsego Local,Wood,394,17.6,4,94.7,88.3,93.5
028878,Ottawa Elementary School,049379,Ottawa-Glandorf Local,Putnam,387,6.5,4,93.6,88.5,84.4
028886,Ottawa Hills Elementary School,048215,Ottawa Hills Local,Lucas,553,7.8,5,109.0,108.7,107.3
028894,Ottawa Hills High School,048215,Ottawa Hills Local,Lucas,469,11.3,5,109.4,107.9,105.1
028902,Ottawa River Elementary School,044909,Toledo City,Lucas,370,31.8,2,66.0,71.8,72.9
028910,Ottawa-Glandorf High School,049379,Ottawa-Glandorf Local,Putnam,510,8.8,4,95.6,98.4,99.8
028928,Ottoville Elementary School,049387,Ottoville Local,Putnam,277,2.7,5,103.8,104.8,106.2
028936,Ottoville High School,049387,Ottoville Local,Putnam,201,6.4,5,101.9,101.7,103.8
028969,Overlook Elementary School,044974,Wadsworth City,Medina,401,9.2,5,101.5,101.5,103.2
028985,Clermont Northeastern Elementary School,046326,Clermont Northeastern Local,Clermont,497,18.8,3,84.4,87.7,87.9
028993,Oxford Elementary School,043794,Cleveland Heights-University Heights City,Cuyahoga,268,23.4,2,68.5,66.8,66.4
029009,Oyler School,043752,Cincinnati Public Schools,Hamilton,518,60.7,2,59.5,56.1,57.5
029025,Paint Valley High School,049510,Paint Valley Local,Ross,168,40.9,3,81.2,75.8,80.3
029041,Fairborn Intermediate School,043968,Fairborn City,Greene,1048,23.1,3,85.3,83.8,83.6
029066,Pandora-Gilboa Elementary School,049395,Pandora-Gilboa Local,Putnam,176,8.5,4,97.9,96.6,101.2
029074,Pandora-Gilboa High School,049395,Pandora-Gilboa Local,Putnam,166,11.5,4,96.8,93.2,92.7
029090,Park Elementary School,047183,Chardon Local,Geauga,227,11.5,5,108.3,101.1,NC
029108,Swanton Elementary School,047092,Swanton Local,Fulton,425,10.7,4,98.4,93.7,96.1
029140,Park Layne Elementary School,046243,Tecumseh Local,Clark,423,18.5,,NC,NC,NC
029157,Western Elementary School,049155,Western Local,Pike,169,26.1,2,68.6,71.3,75.9
029181,Parkmoor Elementary School,043802,Columbus City Schools District,Franklin,311,26.7,3,78.4,77.6,72.9
029207,Dover Intermediate School,045062,Westlake City,Cuyahoga,473,12.7,5,103.5,100.2,100.3
029223,Gilles-Sweet Elementary School,043976,Fairview Park City,Cuyahoga,626,7.0,5,102.0,100.4,97.8
029249,Parkview Elementary School,045120,Wooster City,Wayne,262,10.6,4,89.6,79.8,84.6
029256,Alliance Early Learning School,043497,Alliance City,Stark,408,32.2,,NC,NC,NC
029272,Parkway Middle School,048579,Parkway Local,Mercer,282,7.3,4,92.7,90.8,95.3
029280,Parkway High School,048579,Parkway Local,Mercer,287,14.4,4,93.0,91.6,90.8
029306,Northwood Intermediate School,044784,Sidney City,Shelby,441,17.2,2,73.7,77.6,77.5
029322,Parkwood Elementary School,047241,Beavercreek City,Greene,543,11.1,4,95.9,93.4,90.2
029355,Parsons Elementary School,043802,Columbus City Schools District,Franklin,371,60.3,2,59.6,52.8,49.4
029363,Pataskala Elementary School,048041,Southwest Licking Local,Licking,457,14.4,3,87.7,89.2,87.7
029371,Stephanie Tubbs Jones,043786,Cleveland Municipal,Cuyahoga,237,59.2,1,39.9,40.8,39.2
029413,Paul L Dunbar Elementary School,043786,Cleveland Municipal,Cuyahoga,390,46.8,2,69.4,70.0,67.9
029447,Paulding Middle School,045575,Paulding Exempted Village,Paulding,247,9.0,3,82.9,78.0,79.8
029454,Paulding High School,045575,Paulding Exempted Village,Paulding,318,11.4,3,81.9,77.0,78.2
029462,Payne Elementary School,049031,Wayne Trace Local,Paulding,258,13.5,4,91.7,94.0,96.6
029470,Wayne Trace High School,049031,Wayne Trace Local,Paulding,369,14.8,4,90.8,89.4,91.3
029520,Peebles Elementary School,061903,Adams County Ohio Valley Local,Adams,548,28.2,3,81.3,87.5,84.9
029538,Peebles High School,061903,Adams County Ohio Valley Local,Adams,345,33.1,3,86.9,84.1,79.2
029553,Wyoming Middle School,045146,Wyoming City,Hamilton,623,12.5,5,107.0,106.4,104.4
029561,Keystone Elementary School,048165,Keystone Local,Lorain,656,8.6,3,85.0,88.9,88.2
029579,Campbell Elementary School,043703,Campbell City,Mahoning,614,35.7,2,74.5,77.6,74.2
029629,Briar Middle School,046813,Perkins Local,Erie,414,13.3,3,83.0,82.2,85.9
029637,Perkins High School,046813,Perkins Local,Erie,489,16.9,4,93.8,91.0,88.2
029652,Perrin Woods Elementary School,044818,Springfield City School District,Clark,373,28.9,1,53.4,52.2,47.3
029678,Perry Elementary School,048835,East Muskingum Local,Muskingum,187,10.7,,NC,NC,NC
029686,Perry Elementary School,045781,Perry Local,Allen,408,19.9,3,83.4,80.6,76.5
029694,Perry High School,045781,Perry Local,Allen,249,29.3,3,80.2,76.9,80.3
029702,Perry High School,049924,Perry Local,Stark,1330,27.4,4,90.6,90.0,89.7
029710,Perry High School,047902,Perry Local,Lake,487,16.5,4,98.2,98.1,94.7
029728,Perry Middle School,047902,Perry Local,Lake,446,18.4,4,92.7,91.0,89.9
029736,Perrysburg Junior High School,045583,Perrysburg Exempted Village,Wood,820,8.7,5,102.6,99.5,101.5
029744,Perrysburg High School,045583,Perrysburg Exempted Village,Wood,1545,10.4,5,104.6,105.3,104.7
029785,Pettisville Elementary School,047076,Pettisville Local,Fulton,259,3.4,4,99.7,99.8,96.4
029793,Pettisville High School,047076,Pettisville Local,Fulton,207,9.4,4,91.5,97.0,96.0
029801,Pfeiffer Elementary School,043489,Akron City,Summit,198,37.8,2,56.7,66.3,62.8
029819,Phillips School,044321,Marietta City,Washington,204,13.5,,NC,NC,NC
029843,Philo High School,048843,Franklin Local,Muskingum,423,24.4,3,85.5,82.7,82.2
029868,Pickerington Elementary School,046896,Pickerington Local,Fairfield,556,5.1,4,92.5,86.3,81.3
029876,Pickerington High School Central,046896,Pickerington Local,Fairfield,1693,28.4,3,85.1,84.8,84.7
029892,Pickett Elementary School,044909,Toledo City,Lucas,217,49.7,1,48.7,46.3,47.6
029991,Piketon Jr/Sr High School,049130,Scioto Valley Local,Pike,642,27.7,2,74.0,71.1,72.2
030023,Pine Intermediate School,044529,North Olmsted City,Cuyahoga,511,13.6,4,90.9,89.8,85.6
030031,Frank Elementary School,045583,Perrysburg Exempted Village,Wood,462,6.0,4,99.8,103.3,106.2
030064,North Central Elementary School,050641,North Central Local,Williams,301,10.9,3,86.8,88.8,90.3
030098,Piqua High School,044644,Piqua City,Miami,733,42.7,3,83.2,81.6,80.3
030106,Miami View Elementary School,046276,Southeastern Local,Clark,419,17.4,3,85.9,85.8,85.4
030130,Plain City Elementary School,048264,Jonathan Alder Local,Madison,709,8.4,5,100.2,98.1,98.6
030148,New Albany Primary School,046995,New Albany-Plain Local,Franklin,993,4.8,5,104.9,105.9,104.2
030155,New Albany High School,046995,New Albany-Plain Local,Franklin,1567,15.7,5,104.4,101.6,102.7
030205,Pleasant Elementary School,048421,Pleasant Local,Marion,483,13.2,4,89.5,91.1,88.6
030213,Pleasant Middle School,048421,Pleasant Local,Marion,436,18.8,3,85.5,85.8,89.1
030221,Pleasant Elementary School,044560,Norwalk City,Huron,391,13.2,4,99.8,99.1,101.2
030270,Charles L Seipelt Elementary School,045500,Milford Exempted Village,Clermont,412,11.6,4,94.8,94.9,91.5
030288,Pleasant Hill Academy,043752,Cincinnati Public Schools,Hamilton,435,57.8,1,53.1,52.1,47.5
030304,Pleasant High School,048421,Pleasant Local,Marion,327,14.4,4,92.0,93.6,84.3
030312,Pleasant Ridge Montessori School,043752,Cincinnati Public Schools,Hamilton,735,25.5,3,81.5,76.7,75.5
030320,Pleasant Run Elementary School,047365,Northwest Local,Hamilton,749,23.6,3,82.4,81.2,76.9
030353,Pleasant Valley Elementary School,044636,Parma City,Cuyahoga,969,18.9,4,93.2,89.8,88.2
030395,Pleasantville Elementary School,046870,Fairfield Union Local,Fairfield,352,13.3,4,90.5,93.2,94.8
030429,Plymouth High School,049460,Plymouth-Shiloh Local,Richland,118,17.5,3,87.2,80.1,86.8
030437,Madison Elementary School,046128,Madison Local,Butler,713,13.2,4,91.5,97.8,97.7
030445,Poland Middle School,048348,Poland Local,Mahoning,382,13.3,5,102.6,101.1,99.8
030452,Poland Seminary High School,048348,Poland Local,Mahoning,728,22.7,4,94.7,94.9,94.1
030528,Barberton Intermediate School,043539,Barberton City,Summit,661,27.5,3,81.3,78.1,78.7
030536,Portage Path Community Learning Center,043489,Akron City,Summit,296,35.2,2,60.7,58.5,57.0
030569,Portsmouth Junior High School/Portsmouth High School,044669,Portsmouth City,Scioto,625,41.8,2,69.6,65.2,65.9
030585,Portsmouth West High School,049650,Washington-Nile Local,Scioto,249,31.5,3,83.6,73.0,73.8
030593,Shawnee Elementary School,046284,Clark-Shawnee Local,Clark,986,12.4,3,86.6,85.7,86.1
030635,Powers Elementary School,045195,Amherst Exempted Village,Lorain,1116,13.5,4,89.4,91.7,97.1
030643,Powhatan Elementary School,048652,Switzerland of Ohio Local,Belmont,202,38.5,2,70.7,68.4,72.9
030676,Prairie Lincoln Elementary School,044800,South-Western City,Franklin,508,27.0,2,70.6,66.5,62.5
030684,Prairie Norton Elementary School,044800,South-Western City,Franklin,513,20.0,2,76.5,74.5,70.2
030692,Prass Elementary School,044180,Kettering City School District,Montgomery,427,6.9,5,101.8,107.4,106.8
030700,Preston Elementary School,043836,Cuyahoga Falls City School District,Summit,240,15.1,3,83.7,81.8,82.5
030742,Princeton Community Middle School,044677,Princeton City,Hamilton,1253,26.1,2,75.9,70.7,71.7
030759,Princeton High School,044677,Princeton City,Hamilton,1505,25.0,3,88.0,83.3,83.7
030783,Eastern Heights Elementary School,043943,Elyria City Schools,Lorain,563,20.4,2,69.5,71.9,70.3
030825,Elgin Elementary School,048413,Elgin Local,Marion,493,23.0,3,86.5,87.2,90.1
030833,Port Clinton Middle School,044651,Port Clinton City,Ottawa,285,18.9,3,87.4,82.8,86.7
030841,Port Clinton High School,044651,Port Clinton City,Ottawa,409,23.3,4,92.4,90.0,92.1
030866,Port Washington Elementary School,050286,Indian Valley Local,Tuscarawas,378,7.7,5,104.5,102.2,103.4
030890,Put-In-Bay Elementary School,048975,Put-In-Bay Local,Ottawa,49,5.3,2,76.3,85.1,83.1
030908,Put-In-Bay High School,048975,Put-In-Bay Local,Ottawa,25,26.8,3,87.4,80.3,90.8
030916,Putman Elementary School,046383,Blanchester Local,Clinton,479,18.0,5,101.0,100.2,92.0
030932,Pymatuning Valley High School,045880,Pymatuning Valley Local School District,Ashtabula,333,32.8,3,79.6,75.4,74.4
030973,R C Waters Elementary School,048926,Benton Carroll Salem Local,Ottawa,358,6.3,4,99.8,94.6,100.6
031021,Ragersville Elementary School,050278,Garaway Local,Tuscarawas,146,2.5,4,98.6,98.1,105.2
031039,Rainsboro Elementary School,045401,Greenfield Exempted Village,Highland,223,21.5,3,81.2,82.0,78.0
031054,Waterloo Middle School,049247,Waterloo Local,Portage,131,25.2,2,76.8,83.0,84.1
031070,Ransom H Barr Elementary School,049932,Plain Local,Stark,362,16.6,4,94.6,95.8,97.9
031104,Ravenna High School,044685,Ravenna City,Portage,510,48.3,2,75.2,70.9,67.2
031120,Cory-Rawson Elementary School,047431,Cory-Rawson Local,Hancock,240,11.7,3,81.6,80.6,82.5
031138,East High School,045161,Youngstown City,Mahoning,574,79.3,2,57.1,49.0,45.7
031153,Raymer Elementary School,044909,Toledo City,Lucas,378,48.5,1,53.3,52.9,50.5
031179,Raymond Elementary School,045476,Marysville Exempted Village,Union,242,7.9,4,95.5,98.6,97.2
031187,Reading Junior Senior High School,044693,Reading Community City,Hamilton,616,34.2,3,80.4,78.2,80.5
031195,J W Reason Elementary School,047019,Hilliard City,Franklin,479,11.3,3,79.3,81.1,84.2
031203,South  Elementary School,047886,Madison Local,Lake,506,16.3,4,94.8,95.3,91.7
031211,Redwood Elementary School,048124,Avon Lake City,Lorain,393,10.1,5,108.0,105.7,109.2
031245,Hubbard Middle School,045427,Hubbard Exempted Village,Trumbull,529,19.1,3,83.9,80.7,86.8
031252,Georgetown Elementary School,045377,Georgetown Exempted Village,Brown,549,11.0,4,90.3,90.0,91.5
031328,Reilly Elementary School,044735,Salem City,Columbiana,284,23.5,3,82.6,86.4,87.6
031369,Galion Intermediate Elementary School,044024,Galion City,Crawford,378,17.4,3,81.5,81.1,80.2
031393,Revere High School,050054,Revere Local,Summit,896,16.7,5,105.0,104.0,100.4
031401,Reynolds Elementary School,044909,Toledo City,Lucas,342,55.4,1,43.0,40.7,43.0
031468,Richard Avenue Elementary School,044800,South-Western City,Franklin,424,23.9,3,82.6,77.1,79.7
031476,Richardson Elementary School,043836,Cuyahoga Falls City School District,Summit,315,12.5,4,94.9,90.6,89.9
031559,Willard Middle School,045096,Willard City,Huron,301,23.7,3,79.5,75.7,73.1
031575,Richmond Heights Elementary School,046599,Richmond Heights Local,Cuyahoga,373,30.5,2,64.4,60.9,62.6
031583,Richmond Heights High School,046599,Richmond Heights Local,Cuyahoga,244,31.6,2,77.5,74.1,70.7
031617,Ridge-Brook Elementary School,044636,Parma City,Cuyahoga,349,14.9,3,86.1,79.8,80.0
031666,Ridgedale Jr/Sr High School,048439,Ridgedale Local,Marion,313,20.3,2,75.6,76.7,79.3
031674,Ridgemont Elementary School,047506,Ridgemont Local,Hardin,208,3.3,2,76.4,78.3,83.9
031682,Ridgeview Elementary School,045856,Buckeye Local,Ashtabula,396,29.2,3,84.4,88.2,86.0
031690,Archbold Middle School,047043,Archbold-Area Local,Fulton,344,6.1,4,97.8,98.2,95.5
031716,Ridgemont High School,047506,Ridgemont Local,Hardin,244,9.3,3,79.2,83.1,76.1
031724,Ridgewood Elementary School,047019,Hilliard City,Franklin,605,5.8,4,98.4,95.9,93.7
031732,Ridgewood High School,046474,Ridgewood Local,Coshocton,369,18.4,3,86.8,88.0,90.5
031740,Ridgeview Middle School,043802,Columbus City Schools District,Franklin,492,38.8,2,67.0,65.5,66.8
031757,Fostoria Elementary School,043992,Fostoria City,Seneca,1061,25.5,2,70.5,71.6,70.7
031773,Rimer Community Learning Center,043489,Akron City,Summit,281,39.6,2,75.8,85.3,78.9
031781,Rio Grande Elementary School,044032,Gallipolis City,Gallia,238,10.7,3,84.7,85.5,82.6
031815,Ripley-Union-Lewis-Huntington Senior High School,046078,Ripley-Union-Lewis-Huntington Local,Brown,187,30.6,2,71.3,74.7,67.3
031831,Rittman High School,045591,Rittman Exempted Village,Wayne,184,11.9,4,94.8,96.5,94.5
031849,Ritzman Community Learning Center,043489,Akron City,Summit,322,29.9,3,85.7,86.6,85.4
031856,River High School,048652,Switzerland of Ohio Local,Monroe,178,40.0,2,76.8,73.1,73.2
031872,River Valley High School,048447,River Valley Local,Marion,432,15.6,4,89.3,87.2,83.7
031880,River View High School,046482,River View Local,Coshocton,634,30.5,3,82.9,78.7,79.3
031898,Riverdale High School,047514,Riverdale Local,Hancock,272,23.2,3,85.4,73.9,73.7
031914,Riverside Elementary School,048090,Riverside Local,Logan,325,16.5,3,85.7,86.0,89.5
031955,Riverside Elementary School,044909,Toledo City,Lucas,356,44.5,2,57.6,57.2,57.4
031963,Riverside School,043786,Cleveland Municipal,Cuyahoga,507,31.7,2,75.9,72.2,70.8
031989,Riverside Jr/Sr High School,047894,Riverside Local,Lake,1461,35.0,3,86.8,88.3,86.6
031997,Riverside High School,048090,Riverside Local,Logan,205,22.9,3,83.7,83.8,82.7
032011,Riverview Elementary School,044834,Stow-Munroe Falls City School District,Summit,274,9.2,4,93.3,92.9,84.5
032060,Robert H Jamison School,043786,Cleveland Municipal,Cuyahoga,386,55.3,1,41.3,41.8,41.3
032078,Stevenson Elementary,044073,Grandview Heights Schools,Franklin,344,5.1,5,105.6,102.5,106.2
032086,Roberts Academy,043752,Cincinnati Public Schools,Hamilton,708,26.1,2,58.3,57.6,54.5
032102,Robinson Elementary School,044909,Toledo City,Lucas,413,49.7,1,46.4,48.6,49.8
032128,Robinson G Jones Elementary School,043786,Cleveland Municipal,Cuyahoga,452,38.2,3,85.1,79.4,72.0
032136,Robinwood Lane Elementary School,048306,Boardman Local,Mahoning,343,22.8,4,90.0,94.8,97.8
032144,Rock Creek Elementary School,045872,Jefferson Area Local,Ashtabula,313,17.4,3,85.3,87.5,87.2
032177,Rockdale Academy,043752,Cincinnati Public Schools,Hamilton,229,71.2,2,57.5,53.5,56.5
032235,Rocky River Middle School,044701,Rocky River City,Cuyahoga,574,8.7,5,110.7,107.8,108.3
032243,Rocky River High School,044701,Rocky River City,Cuyahoga,778,20.7,5,109.1,110.8,110.9
032276,Rogers High School,044909,Toledo City,Lucas,688,41.9,1,54.6,56.6,55.1
032359,Roosevelt Elementary School,044198,Lakewood City,Cuyahoga,232,15.2,4,97.6,100.8,102.1
032391,Hubbard  Elementary School,045427,Hubbard Exempted Village,Trumbull,667,19.8,4,95.9,94.8,95.7
032433,East Garfield Elementary School,044826,Steubenville City,Jefferson,377,5.0,5,100.2,104.3,102.8
032441,Martin Luther King Academy for Boys Elementary School,044909,Toledo City,Lucas,149,40.4,1,48.9,55.8,57.2
032482,Spring Hill Elementary,050062,Springfield Local,Summit,479,23.7,2,68.9,80.6,NC
032490,Roosevelt Elementary School,050229,McDonald Local,Trumbull,383,14.6,4,95.3,95.2,93.0
032508,Theodore Roosevelt High School,044164,Kent City,Portage,1102,34.4,4,89.9,89.5,91.0
032540,Roosevelt Middle School,044818,Springfield City School District,Clark,412,41.6,2,56.5,54.0,56.5
032581,Zanesville Middle School,045179,Zanesville City,Muskingum,441,38.5,2,65.7,63.1,64.7
032599,Rootstown Elementary School,049213,Rootstown Local,Portage,404,14.1,4,94.1,87.4,84.1
032607,Rootstown/Ward Davis Bldg High School,049213,Rootstown Local,Portage,270,22.8,3,89.0,84.3,86.9
032615,Rootstown/Mabel Schnee Bldg Middle School,049213,Rootstown Local,Portage,226,17.7,3,85.0,84.2,84.2
032631,Rose Hill Elementary School,047001,Reynoldsburg City,Franklin,394,15.6,2,75.8,77.9,71.4
032664,Miller Ridge Elementary School,044404,Middletown City,Butler,384,17.9,3,81.0,80.2,77.4
032680,Roselawn Condon School,043752,Cincinnati Public Schools,Hamilton,398,49.2,1,55.2,56.6,50.3
032698,Rosemore Middle School,045070,Whitehall City,Franklin,787,34.0,2,61.6,60.5,64.8
032706,Clay Elementary School,049601,Clay Local,Scioto,319,18.3,3,84.6,91.4,86.5
032748,Ross Middle School,046144,Ross Local,Butler,611,14.5,4,95.6,92.5,92.0
032755,Ross High School,046144,Ross Local,Butler,634,26.1,4,94.6,94.1,93.0
032763,Rossford High School,045609,Rossford Exempted Village,Wood,362,26.5,3,80.9,79.7,83.0
032797,Rothenberg Preparatory Academy,043752,Cincinnati Public Schools,Hamilton,334,63.1,1,52.4,45.2,45.6
032805,Upper Scioto Valley Elementary School,047522,Upper Scioto Valley Local,Hardin,259,18.9,3,88.9,87.3,79.9
032813,Conneaut Middle School,043810,Conneaut Area City,Ashtabula,355,29.3,3,78.2,77.9,77.6
032821,Rowland Elementary School,044792,South Euclid-Lyndhurst City,Cuyahoga,483,28.5,3,84.4,79.3,76.1
032839,Roxboro Elementary School,043794,Cleveland Heights-University Heights City,Cuyahoga,247,20.4,4,90.9,89.2,83.5
032847,Roxboro Middle School,043794,Cleveland Heights-University Heights City,Cuyahoga,545,35.5,2,72.2,66.2,70.2
032854,Grace L Roxbury Elementary School,046607,Solon City,Cuyahoga,479,4.0,5,116.9,116.0,114.0
032862,Royal Manor Elementary School,046961,Gahanna-Jefferson City,Franklin,417,15.8,3,86.4,85.0,85.4
032904,Royalview Elementary School,045104,Willoughby-Eastlake City,Lake,693,19.3,3,80.7,82.2,83.1
032912,Mayfair Elementary School,043901,East Cleveland City School District,Cuyahoga,132,43.6,1,54.9,48.3,43.3
032920,Otsego Junior High,050724,Otsego Local,Wood,343,15.3,3,86.7,84.8,82.3
032938,Clay Middle School,049601,Clay Local,Scioto,135,24.7,3,82.6,77.3,73.4
032961,Rushmore Elementary School,048751,Huber Heights City,Montgomery,626,21.5,2,77.5,80.3,77.8
033027,Harry Russell Elementary School,045054,West Carrollton City,Montgomery,229,20.9,3,84.8,88.4,82.2
033043,Russia Elementary School,049817,Russia Local,Shelby,226,2.7,5,112.0,108.8,109.2
033050,Russia High School,049817,Russia Local,Shelby,169,3.9,5,107.8,102.2,107.4
033084,Rutherford B Hayes High School,043877,Delaware City,Delaware,1424,23.2,4,94.4,86.5,86.5
033126,Firelands Middle School,048157,Firelands Local,Lorain,401,16.9,4,92.2,88.8,84.2
033134,South Avondale School,043752,Cincinnati Public Schools,Hamilton,372,73.5,1,52.0,47.5,44.6
033167,South Elementary School,045625,Upper Sandusky Exempted Village,Wyandot,129,8.3,5,105.5,96.6,89.5
033191,James A Harmon Elementary School,044800,South-Western City,Franklin,593,20.6,3,81.0,75.8,78.6
033217,South Lebanon Elementary School,050435,Kings Local,Warren,534,13.1,5,100.8,102.4,104.0
033241,Clyde Elementary School,045302,Clyde-Green Springs Exempted Village,Sandusky,503,14.9,,NC,80.2,82.3
033258,South Mifflin STEM Academy (K-6),043802,Columbus City Schools District,Franklin,229,44.1,3,80.2,81.3,73.7
033274,South Point Elementary School,047951,South Point Local,Lawrence,358,24.0,4,90.2,93.8,85.5
033282,South Point High School,047951,South Point Local,Lawrence,300,29.3,2,74.1,68.9,73.7
033290,South Point Middle School,047951,South Point Local,Lawrence,307,42.8,2,70.0,69.0,74.9
033340,South Side Middle School,045328,Columbiana Exempted Village,Columbiana,290,13.3,4,100.1,98.0,100.3
033399,Sabina Elementary School,046409,East Clinton Local,Clinton,370,20.4,4,96.7,94.1,93.3
033431,Salem Junior High School,044735,Salem City,Columbiana,324,36.4,3,79.8,78.7,80.5
033464,Salem Elementary School,043802,Columbus City Schools District,Franklin,344,42.6,1,52.7,53.5,57.1
033472,Salem High School,044735,Salem City,Columbiana,592,41.2,3,84.2,81.6,84.1
033480,Salem-Liberty Elementary School,050484,Fort Frye Local,Washington,78,9.0,5,102.3,99.5,100.9
033498,Southern Local Elementary School,046441,Southern Local,Columbiana,388,31.8,3,81.7,84.3,80.0
033530,Sands Montessori School,043752,Cincinnati Public Schools,Hamilton,651,11.8,4,94.4,94.9,94.5
033548,Chagrin Falls Intermediate Elementary School,045286,Chagrin Falls Exempted Village,Cuyahoga,388,4.8,5,109.9,109.6,110.9
033555,Sandusky High School,044743,Sandusky City,Erie,1019,37.9,2,67.2,69.7,70.0
033563,Sandy Valley High School,049940,Sandy Valley Local,Stark,344,30.4,3,84.2,81.2,84.0
033605,Sardinia Elementary School,046037,Eastern Local School District,Brown,282,12.7,4,98.0,93.6,95.9
033621,Sauder Elementary School,049858,Jackson Local,Stark,728,6.3,5,106.2,105.1,105.7
033639,Crestview Elementary School,049429,Crestview Local,Richland,362,9.9,4,95.0,94.4,90.5
033647,Saville Elementary School,048702,Mad River Local,Montgomery,366,20.4,3,87.0,86.3,89.6
033670,Erie Intermediate School,043513,Ashtabula Area City,Ashtabula,396,41.9,2,60.0,68.5,66.0
033688,Sayler Park School,043752,Cincinnati Public Schools,Hamilton,302,44.8,3,80.1,73.8,69.2
033704,Schaefer Middle School,044818,Springfield City School District,Clark,271,44.2,1,48.2,55.5,55.8
033738,Schrop Intermediate School,050062,Springfield Local,Summit,387,22.8,3,81.7,81.2,81.5
033746,Schumacher Community Learning Center,043489,Akron City,Summit,347,35.0,2,61.8,63.3,61.1
033811,Scioto Elementary School,049098,Teays Valley Local,Pickaway,656,13.6,5,101.2,100.1,105.0
033894,Scottwood Elementary School,043802,Columbus City Schools District,Franklin,491,41.6,2,56.0,54.7,58.4
033902,Scranton School,043786,Cleveland Municipal,Cuyahoga,491,50.7,2,66.1,62.8,61.5
033928,Seaborn Elementary School,050252,Weathersfield Local,Trumbull,475,14.9,5,107.5,105.7,103.9
033936,North Adams Elementary School,061903,Adams County Ohio Valley Local,Adams,626,15.6,3,85.6,82.6,87.2
033944,North Adams High School,061903,Adams County Ohio Valley Local,Adams,457,23.1,3,85.0,84.6,85.3
033977,Seiberling Community Learning Center,043489,Akron City,Summit,468,38.9,2,60.7,56.4,58.9
033985,Madeira Middle School,044289,Madeira City,Hamilton,364,6.7,5,108.9,105.2,104.9
034041,Cloverleaf Elementary School,048488,Cloverleaf Local,Medina,1137,14.5,4,98.0,97.4,97.9
034074,West Carrollton Early Childhood Center,045054,West Carrollton City,Montgomery,664,22.6,,NC,NC,NC
034082,Shady Lane Elementary School,043802,Columbus City Schools District,Franklin,385,49.3,2,61.0,58.1,54.7
034090,Shadyside High School,046003,Shadyside Local,Belmont,264,39.9,4,93.7,84.2,84.2
034108,Shaker Hts High School,044750,Shaker Heights City,Cuyahoga,1369,39.4,3,87.3,85.7,85.9
034132,Sharon Elementary School,048496,Highland Local,Medina,628,6.5,5,109.4,107.8,108.2
034157,Sharonville Elementary School,044677,Princeton City,Hamilton,364,16.9,3,82.1,84.3,83.4
034181,Shaw Elementary School,047241,Beavercreek City,Greene,610,12.8,4,91.2,95.1,94.6
034199,Shaw High School,043901,East Cleveland City School District,Cuyahoga,384,55.4,2,62.3,57.4,43.8
034207,Elmwood Elementary School,045799,Shawnee Local,Allen,511,13.5,,NC,NC,NC
034215,Shawnee Middle School,045799,Shawnee Local,Allen,705,19.9,4,92.5,94.7,96.4
034249,Shawnee Elementary School,045153,Xenia Community City,Greene,470,26.4,4,89.6,81.7,80.5
034256,Shawnee Middle School/High School,046284,Clark-Shawnee Local,Clark,642,15.5,4,91.6,86.2,86.8
034264,Preble Shawnee High School High School,049288,Preble Shawnee Local,Preble,345,20.5,3,81.8,81.7,78.6
034272,Shawnee High School,045799,Shawnee Local,Allen,573,17.3,4,96.4,98.2,98.6
034280,Brookside Middle School,044768,Sheffield-Sheffield Lake City,Lorain,258,22.5,3,86.6,91.0,89.5
034298,Shelby Middle School,044776,Shelby City,Richland,452,11.3,4,91.8,88.1,92.2
034306,Shelby High School,044776,Shelby City,Richland,412,16.7,4,90.9,91.3,91.4
034314,Shenandoah High School,048900,Noble Local,Noble,237,15.2,3,82.6,81.1,82.4
034363,Sheridan High School,049056,Northern Local,Perry,685,25.9,4,89.9,91.5,89.2
034389,Sherman Elementary School,044909,Toledo City,Lucas,351,54.3,1,38.4,37.8,38.4
034405,Sherman Elementary School,044297,Mansfield City,Richland,634,28.9,,NC,NC,NC
034439,Sherwood Middle School,043802,Columbus City Schools District,Franklin,506,57.9,1,51.8,51.8,56.6
034447,Shiloh Middle School,049460,Plymouth-Shiloh Local,Richland,201,16.2,3,87.3,86.3,87.0
034462,Shiloh Middle School,044636,Parma City,Cuyahoga,732,32.0,2,72.3,72.1,75.9
034504,Shoreland Elementary School,048231,Washington Local,Lucas,642,15.9,3,81.5,81.6,77.3
034520,Shreve Elementary School,050591,Triway Local,Wayne,312,10.1,4,92.0,100.0,99.7
034538,Shroder High School,043752,Cincinnati Public Schools,Hamilton,504,72.0,2,63.4,50.8,49.1
034553,Walter G. Nord Middle School,045195,Amherst Exempted Village,Lorain,554,14.5,4,98.3,98.3,95.1
034561,Sidney High School,044784,Sidney City,Shelby,710,31.4,3,78.1,77.4,81.3
034579,Sidney Fenn Elementary School,044388,Medina City SD,Medina,604,7.6,5,103.3,104.9,101.7
034587,Siebert Elementary School,043802,Columbus City Schools District,Franklin,377,38.3,2,67.2,69.9,70.6
034603,Silver Lake Elementary School,043836,Cuyahoga Falls City School District,Summit,208,14.3,4,93.9,97.4,100.6
034611,Rutherford B. Hayes Elementary School,044339,Marion City,Marion,236,29.4,2,71.9,66.0,62.1
034629,Silverton Elementary,043752,Cincinnati Public Schools,Hamilton,301,35.2,2,75.8,67.0,64.3
034678,Skyvue Elementary School,048652,Switzerland of Ohio Local,Monroe,238,25.5,3,85.4,85.2,84.9
034694,Smith Elementary School,044586,Oakwood City,Montgomery,494,6.2,5,107.0,106.7,103.5
034710,Grindstone Elementary School,043612,Berea City,Cuyahoga,637,10.6,5,101.1,98.4,95.9
034736,Chillicothe Middle School,043745,Chillicothe City,Ross,392,38.8,2,75.2,70.7,71.1
034793,Smithville High School,050559,Green Local,Wayne,224,14.2,4,98.6,97.9,97.4
034801,Snowhill Elementary School,044818,Springfield City School District,Clark,416,25.6,2,77.4,77.6,76.9
034827,Snyder Park Elementary School,044818,Springfield City School District,Clark,359,40.4,2,60.4,59.7,63.1
034835,Solon High School,046607,Solon City,Cuyahoga,1450,9.5,5,109.5,107.8,108.2
034850,O H Somers Elementary School,050039,Mogadore Local,Summit,337,8.8,4,93.6,95.0,91.4
034868,Somerset Elementary School,049056,Northern Local,Perry,262,20.5,3,86.1,85.1,83.3
034892,JC Sommer Elementary School,044800,South-Western City,Franklin,554,11.9,4,91.5,93.4,91.6
034918,South Central High School,047738,South Central Local,Huron,191,8.6,4,89.4,82.6,84.7
034934,South Elementary School,043893,Dover City,Tuscarawas,429,9.4,,NC,NC,NC
034959,South Elementary School,044487,New Philadelphia City,Tuscarawas,429,12.5,4,92.6,78.9,82.7
035048,Miller-South Visual Performing Arts,043489,Akron City,Summit,398,21.5,4,90.6,89.2,90.6
035063,South High School,043802,Columbus City Schools District,Franklin,831,80.4,1,50.5,46.8,47.3
035089,South High School,045104,Willoughby-Eastlake City,Lake,925,36.0,3,88.7,83.6,82.8
035097,Lima South Science-Technology Magnet K-8,044222,Lima City,Allen,167,16.6,4,91.0,88.8,87.2
035105,Mt Healthy Junior High School,044412,Mt Healthy City,Hamilton,376,58.6,1,50.1,55.0,56.4
035139,Vermilion Elementary School,046821,Vermilion Local,Erie,519,17.3,3,87.9,87.6,90.8
035147,Southdale Elementary School,044180,Kettering City School District,Montgomery,529,12.0,4,99.3,100.0,98.2
035154,Crestline Elementary School,045344,Crestline Exempted Village,Crawford,257,14.4,2,71.7,69.7,72.8
035170,Southeast High School,049221,Southeast Local,Portage,400,33.2,3,84.6,82.7,87.3
035188,Bellefontaine Elementary School,043588,Bellefontaine City,Logan,618,24.2,,NC,NC,NC
035196,Southeastern  Sr. High School,046276,Southeastern Local,Clark,159,18.7,4,91.6,91.7,89.7
035204,Southeastern High School,049528,Southeastern Local,Ross,236,30.1,3,85.5,87.9,84.4
035220,Southern High School,048538,Southern Local,Meigs,177,26.5,3,84.2,83.8,81.5
035238,Southington Elementary School,050237,Southington Local,Trumbull,201,20.5,3,84.4,89.0,94.6
035279,Southwood Elementary School,043802,Columbus City Schools District,Franklin,304,50.3,1,53.0,46.4,49.7
035295,Highland Middle School,048801,Highland Local,Morrow,389,17.7,3,85.3,84.1,85.8
035311,Black River Education Center Middle School,048462,Black River Local,Ashland,151,13.1,3,85.9,88.2,89.5
035337,Spencerville Elementary School,045807,Spencerville Local,Allen,336,6.0,5,102.8,109.3,108.1
035345,Spencerville High School,045807,Spencerville Local,Allen,274,15.2,4,89.0,90.2,92.5
035352,Spring Elementary School,044909,Toledo City,Lucas,251,56.8,1,45.1,37.2,40.5
035428,Springcreek Primary Elementary School,044644,Piqua City,Miami,461,30.0,3,83.0,81.8,83.9
035436,Springdale Elementary School,044677,Princeton City,Hamilton,512,13.6,4,92.9,97.0,97.7
035451,Springfield Intermediate Middle School,048371,Springfield Local,Mahoning,268,11.5,4,98.2,96.5,98.1
035469,Springfield High School,048371,Springfield Local,Mahoning,244,19.9,4,94.4,92.1,94.3
035477,Springfield High School,048223,Springfield Local,Lucas,765,29.6,3,82.9,80.4,85.3
035485,Springfield Junior/Senior High School,050062,Springfield Local,Summit,712,37.6,2,77.2,76.6,74.7
035493,Edison Jr. High School,047795,Edison Local,Jefferson,217,10.5,3,80.8,89.6,82.9
035501,Springfield Middle School,048223,Springfield Local,Lucas,733,27.0,3,80.8,79.3,81.0
035527,Springfield High School,044818,Springfield City School District,Clark,1528,51.4,2,63.8,60.2,61.1
035584,St Bernard-Elmwood Place Junior/Senior High School,044719,St Bernard-Elmwood Place City,Hamilton,356,45.3,2,77.4,72.2,72.6
035618,St Clairsville Middle School,045997,St Clairsville-Richland City,Belmont,477,21.3,4,94.2,92.1,96.0
035626,St Clairsville High School,045997,St Clairsville-Richland City,Belmont,449,20.2,4,92.7,91.2,89.0
035634,St Henry Elementary School,048587,St Henry Consolidated Local,Mercer,488,1.8,5,110.7,112.2,112.3
035642,St Henry Middle School,048587,St Henry Consolidated Local,Mercer,301,2.1,5,108.3,104.5,106.9
035659,St Henry High School,048587,St Henry Consolidated Local,Mercer,245,5.3,5,106.3,102.7,102.6
035675,Graham Middle School,046193,Graham Local,Champaign,344,15.8,4,89.2,82.7,83.3
035691,Stadium Drive Elementary School,048306,Boardman Local,Mahoning,378,12.2,4,96.0,103.2,102.5
035774,Stanton Primary Elementary School,044461,New Boston Local,Scioto,135,22.6,2,71.9,84.8,62.5
035790,Stanton Elementary School,047795,Edison Local,Jefferson,407,10.9,4,89.9,89.2,83.0
035832,Starr Elementary School,044602,Oregon City,Lucas,477,14.0,3,86.4,84.2,89.3
035865,Start High School,044909,Toledo City,Lucas,1064,47.7,1,53.6,50.7,58.1
035873,Michigan Primary School,043513,Ashtabula Area City,Ashtabula,353,37.5,,NC,NC,NC
035956,Stebbins High School,048702,Mad River Local,Montgomery,1059,39.2,2,74.9,72.2,73.2
035972,Stephen Bell Elementary School,047274,Bellbrook-Sugarcreek Local,Greene,514,9.4,,NC,NC,NC
036004,Norwayne Elementary School,050567,Norwayne Local,Wayne,535,9.3,5,100.4,103.1,104.7
036012,Sterling Morton Elementary School,045492,Mentor Exempted Village,Lake,294,13.7,3,88.7,96.9,92.3
036020,Steubenville High School,044826,Steubenville City,Jefferson,711,13.6,4,94.3,97.8,94.6
036053,Stewart Alternative Elementary School,043802,Columbus City Schools District,Franklin,315,36.0,2,65.3,68.6,67.9
036061,Bogan Elementary,046151,Talawanda City,Butler,448,22.7,3,81.0,79.9,85.1
036087,Stewart Elementary School,044677,Princeton City,Hamilton,501,14.2,2,77.6,79.0,81.5
036095,Southern Local Jr/Sr High School,046441,Southern Local,Columbiana,373,42.8,2,66.2,66.5,68.4
036129,Stiles Elementary School,044800,South-Western City,Franklin,525,35.8,2,63.2,57.5,53.2
036145,Stingley Elementary School,043737,Centerville City,Montgomery,282,10.2,4,97.4,95.2,96.9
036152,Stivers School For The Arts,043844,Dayton City,Montgomery,819,31.3,3,80.5,81.6,78.4
036194,Belle Stone Elementary School,043711,Canton City,Stark,338,13.6,2,67.8,59.3,50.7
036210,Stow-Munroe Falls High School,044834,Stow-Munroe Falls City School District,Summit,1444,28.2,4,91.3,88.1,86.6
036236,Strasburg-Franklin Elementary School,050294,Strasburg-Franklin Local,Tuscarawas,225,11.0,4,93.3,92.1,91.7
036244,Strasburg-Franklin High School,050294,Strasburg-Franklin Local,Tuscarawas,249,20.0,4,92.4,84.1,88.0
036251,Streetsboro Middle School,049239,Streetsboro City,Portage,460,23.5,3,84.7,80.5,77.2
036269,Streetsboro High School,049239,Streetsboro City,Portage,548,21.7,4,90.3,92.8,88.4
036277,Strongsville High School,044842,Strongsville City,Cuyahoga,1677,19.2,5,100.5,101.8,100.4
036285,Strongsville Middle School,044842,Strongsville City,Cuyahoga,1287,16.7,4,96.3,96.3,95.9
036301,Struthers High School,044859,Struthers City,Mahoning,429,37.3,3,84.5,80.2,82.8
036319,Stryker Elementary School,050658,Stryker Local,Williams,232,7.5,3,83.8,86.0,86.8
036327,Stryker High School,050658,Stryker Local,Williams,140,17.8,3,83.9,83.8,84.7
036335,Gahanna West Middle School,046961,Gahanna-Jefferson City,Franklin,603,17.1,3,81.5,79.1,85.8
036343,Suffield Elementary School,049197,Field Local,Portage,426,9.5,4,98.7,93.8,94.7
036350,Elida Elementary,045773,Elida Local,Allen,998,22.0,3,85.6,87.9,90.8
036384,Black River Education Center Elementary School,048462,Black River Local,Ashland,441,13.4,3,86.3,85.8,89.3
036392,Sullivant Elementary School,043802,Columbus City Schools District,Franklin,279,57.4,1,46.5,47.7,45.0
036400,Hannah Crawford Elementary School grades 3 -5,046516,Colonel Crawford Local,Crawford,227,6.3,3,88.0,92.4,88.3
036459,Summit Elementary School,047340,Forest Hills Local,Hamilton,502,8.2,5,104.9,105.6,105.5
036467,Broad Peak Elementary,048009,Licking Heights Local,Licking,553,9.6,3,83.4,89.7,85.4
036475,Sunbeam,043786,Cleveland Municipal,Cuyahoga,452,50.4,1,44.3,40.5,38.2
036483,Big Walnut Elementary School,046748,Big Walnut Local,Delaware,293,7.4,4,92.3,95.8,95.3
036517,Minford Middle School,049627,Minford Local,Scioto,440,27.9,3,80.5,81.8,81.9
036525,Sunview Elementary School,044792,South Euclid-Lyndhurst City,Cuyahoga,343,15.4,5,101.2,102.5,93.8
036558,Surrarrer Elementary School,044842,Strongsville City,Cuyahoga,389,9.8,5,101.5,97.4,100.2
036582,Swanton High School,047092,Swanton Local,Fulton,267,27.3,3,87.3,82.5,83.3
036624,Mohawk Elementary School,050740,Mohawk Local,Wyandot,517,5.0,5,103.3,103.4,103.4
036640,Sycamore High School,044867,Sycamore Community City,Hamilton,1602,17.6,5,103.4,105.1,104.1
036657,Edwin H Greene Intermediate Middle School,044867,Sycamore Community City,Hamilton,994,8.1,5,102.4,104.3,105.3
036681,Sylvan Elementary School,044875,Sylvania Schools,Lucas,415,9.6,4,97.3,98.3,98.3
036699,Highland Elementary School,044875,Sylvania Schools,Lucas,619,4.7,5,106.8,106.3,102.9
036707,Sylvania Northview High School,044875,Sylvania Schools,Lucas,1281,23.3,4,97.9,95.9,94.5
036723,Stranahan Elementary School,044875,Sylvania Schools,Lucas,508,14.2,4,91.6,93.9,93.9
036731,Whiteford Elementary School,044875,Sylvania Schools,Lucas,416,16.3,4,89.6,85.3,85.3
036749,Symmes Valley High School,047969,Symmes Valley Local,Lawrence,179,26.1,2,77.1,67.2,67.3
036772,Emerson Elementary School,044198,Lakewood City,Cuyahoga,325,20.0,4,94.1,97.1,94.5
036780,William H Taft Elementary School,043752,Cincinnati Public Schools,Hamilton,237,56.5,2,63.4,53.6,50.7
036798,Taft Elementary School,045161,Youngstown City,Mahoning,272,45.7,1,49.4,44.6,44.8
036822,Hamilton High School,044107,Hamilton City,Butler,2105,41.3,3,80.9,78.6,81.5
036830,Robert A. Taft Information Technology High School,043752,Cincinnati Public Schools,Hamilton,625,75.8,1,49.1,46.5,42.5
036848,Glenwood Intermediate School,049932,Plain Local,Stark,811,16.2,4,94.1,95.2,94.3
036863,Talawanda High School,046151,Talawanda City,Butler,757,21.5,3,88.2,91.4,90.3
036871,Tallmadge Middle School,044883,Tallmadge City,Summit,613,15.2,4,89.4,87.5,87.7
036889,Tallmadge Elementary School,044206,Lancaster City,Fairfield,490,25.3,2,77.2,78.9,78.0
036897,Tallmadge High School,044883,Tallmadge City,Summit,714,19.2,4,91.4,91.4,90.9
036913,Tarhe Trails Elementary School,044206,Lancaster City,Fairfield,606,16.7,4,89.7,93.6,94.6
036921,Taylor Elementary School,047365,Northwest Local,Hamilton,795,28.5,2,71.7,71.6,67.9
036954,Taylor High School,047399,Three Rivers Local,Hamilton,552,24.0,4,90.0,89.0,87.8
036962,Teays Valley High School,049098,Teays Valley Local,Pickaway,1204,28.9,4,90.9,86.6,86.1
036970,Tecumseh Elementary School,045153,Xenia Community City,Greene,300,18.2,4,91.7,92.3,98.3
036988,Tecumseh High School,046243,Tecumseh Local,Clark,711,31.7,3,78.2,75.9,77.4
036996,Forestlawn Early Learning Center,044768,Sheffield-Sheffield Lake City,Lorain,169,17.1,,NC,NC,NC
037002,Terrace Park Elementary School,044313,Mariemont City,Hamilton,331,4.2,5,113.3,112.7,111.4
037010,Madison-Plains Junior High,048272,Madison-Plains Local,Madison,156,10.2,4,93.9,87.1,86.5
037028,The Plains Intermediate School,043521,Athens City School District,Athens,489,22.5,3,88.5,86.7,89.6
037101,Natividad Pagan International Newcomers Academy,043786,Cleveland Municipal,Cuyahoga,726,35.8,1,34.7,34.7,37.3
037143,Thoreau Park Elementary School,044636,Parma City,Cuyahoga,483,26.9,3,80.8,79.6,77.5
037176,Thornville Elementary School,049056,Northern Local,Perry,352,7.9,4,98.2,98.7,99.0
037234,Chillicothe Intermediate School,043745,Chillicothe City,Ross,718,35.2,2,71.2,73.2,74.0
037275,Tinora High School,046722,Northeastern Local,Defiance,257,10.6,4,97.9,98.1,99.1
037283,L. T. Ball Intermediate School,045617,Tipp City Exempted Village,Miami,543,7.3,5,103.4,103.9,101.9
037291,Tippecanoe High School,045617,Tipp City Exempted Village,Miami,726,21.1,4,97.0,96.4,95.8
037366,Girard Intermediate Middle School,044065,Girard City School District,Trumbull,349,23.3,3,80.5,82.5,77.3
037390,Toronto Jr. / Sr. High School,044917,Toronto City,Jefferson,375,22.6,3,78.8,81.9,77.9
037408,St Bernard-Elmwood Place Elementary School,044719,St Bernard-Elmwood Place City,Hamilton,379,28.2,3,79.5,75.3,77.8
037416,Tower Heights Middle School,043737,Centerville City,Montgomery,573,15.4,4,95.8,94.1,95.3
037424,Western Reserve Middle School,047746,Western Reserve Local,Huron,190,30.9,2,77.6,77.7,73.9
037432,Margaretta Elementary School,046805,Margaretta Local,Erie,536,15.2,4,97.3,100.1,97.2
037457,Tremont Montessori School,043786,Cleveland Municipal,Cuyahoga,336,45.4,2,56.2,57.8,55.4
037465,Tremont Elementary School,044933,Upper Arlington City,Franklin,692,5.9,5,101.0,96.9,96.5
037473,Claymont Primary School,043778,Claymont City,Tuscarawas,214,22.3,,NC,NC,NC
037481,Edgewood High School,046094,Edgewood City School District,Butler,865,35.6,3,79.5,78.8,78.4
037499,Trevitt Elementary School,043802,Columbus City Schools District,Franklin,267,59.9,1,46.1,40.4,42.1
037515,Tri-Valley High School,048876,Tri-Valley Local,Muskingum,710,17.8,4,90.1,91.0,89.6
037523,Triad Elementary School,046201,Triad Local,Champaign,352,14.8,4,98.6,95.3,97.0
037531,Triad High School,046201,Triad Local,Champaign,180,35.7,3,82.7,83.5,86.4
037556,Trimble Elementary School,045922,Trimble Local,Athens,330,29.1,2,69.6,71.7,68.5
037564,Triway High School,050591,Triway Local,Wayne,345,18.6,4,98.2,92.8,90.2
037598,Troy High School,044925,Troy City,Miami,1023,28.1,4,96.1,93.4,94.4
037622,Coventry Elementary School,049999,Coventry Local,Summit,480,14.4,4,97.0,99.3,98.8
037655,Tuscarawas Middle School,050286,Indian Valley Local,Tuscarawas,395,18.3,4,90.0,88.2,90.7
037663,Tuscarawas Valley Middle-High School,050302,Tuscarawas Valley Local,Tuscarawas,532,11.7,4,96.0,91.7,95.4
037671,Tuslaw High School,049957,Tuslaw Local,Stark,344,17.8,4,97.7,96.1,97.3
037689,Paint Valley Elementary,049510,Paint Valley Local,Ross,372,27.4,2,75.6,79.8,82.4
037697,Tri-County North High School,091397,Tri-County North Local,Preble,160,13.5,4,91.5,81.5,82.7
037705,Twin Valley South High School,049296,Twin Valley Community Local,Preble,166,16.3,2,75.9,76.8,77.0
037754,Union Elementary School,048728,Northmont City,Montgomery,538,16.6,3,85.1,88.4,93.2
037796,Crestview Middle School,049429,Crestview Local,Richland,274,11.7,3,86.3,88.4,86.4
037804,Granville Middle School,045393,Granville Exempted Village,Licking,407,8.9,5,105.9,106.1,107.7
037820,Union Elementary School,046110,Lakota Local,Butler,681,8.2,4,96.1,94.5,93.0
037846,Union Local High School,046011,Union Local,Belmont,365,42.1,3,82.1,77.9,77.9
037861,Unioto High School,049536,Union-Scioto Local,Ross,474,30.8,3,84.5,80.9,86.0
037879,Lake Primary School,049866,Lake Local,Stark,428,8.0,,NC,NC,NC
037903,United Elementary School,046458,United Local,Columbiana,433,14.0,4,91.6,90.0,93.8
037911,United High School,046458,United Local,Columbiana,520,21.4,3,88.1,82.9,83.3
037945,Upper Arlington High School,044933,Upper Arlington City,Franklin,1874,18.6,5,106.8,105.8,103.5
037952,Upper Sandusky High School,045625,Upper Sandusky Exempted Village,Wyandot,425,25.2,3,87.5,84.8,86.6
037960,Upper Scioto Valley High School,047522,Upper Scioto Valley Local,Hardin,92,30.0,3,83.7,74.4,80.0
037978,Shoreview Elementary School,043950,Euclid City,Cuyahoga,428,29.6,2,58.2,54.8,57.3
037986,Urbana Junior High School,044941,Urbana City,Champaign,381,24.3,2,75.0,74.5,70.9
037994,Urbana High School,044941,Urbana City,Champaign,450,30.5,3,82.5,79.4,79.5
038034,Utica Elementary School,048025,North Fork Local,Licking,360,11.0,3,88.5,91.0,88.9
038042,Utica High School,048025,North Fork Local,Licking,394,26.9,2,76.8,74.9,75.8
038059,Utica Middle School,048025,North Fork Local,Licking,333,21.4,3,83.1,84.1,83.0
038075,Valley Elementary School,049643,Valley Local,Scioto,436,21.5,4,91.4,96.4,101.7
038083,Valley Elementary School,047241,Beavercreek City,Greene,490,9.9,4,93.9,89.2,92.8
038091,Valley Forge Elementary School,043802,Columbus City Schools District,Franklin,310,29.8,2,68.5,70.3,69.7
038109,Valley Forge High School,044636,Parma City,Cuyahoga,1341,28.8,3,82.4,79.8,79.9
038117,Harold Schnell Elementary School,045054,West Carrollton City,Montgomery,503,17.8,3,78.1,78.5,80.0
038125,Valley High School,049643,Valley Local,Scioto,240,31.8,3,87.4,83.3,81.3
038133,Valley Middle School,049643,Valley Local,Scioto,291,25.9,3,88.9,87.6,88.5
038158,Valley View Elementary School,044974,Wadsworth City,Medina,316,10.0,4,97.0,98.7,97.3
038174,Valley View High School,048744,Valley View Local,Montgomery,394,13.2,4,89.8,91.0,89.9
038182,Valley View Elementary School,043786,Cleveland Municipal,Cuyahoga,159,47.1,2,64.7,71.2,71.4
038190,Valleyview Elementary School,043802,Columbus City Schools District,Franklin,304,48.7,1,53.3,56.2,64.3
038208,Van Buren Elementary School,047464,Van Buren Local,Hancock,475,4.6,5,101.0,101.5,102.0
038216,Crawford Woods Elementary School,044107,Hamilton City,Butler,562,29.1,2,75.7,79.7,72.3
038224,Van Buren Middle School,044180,Kettering City School District,Montgomery,595,16.5,4,90.7,88.6,88.8
038232,Van Buren High School,047464,Van Buren Local,Hancock,294,9.1,4,93.7,90.7,96.1
038257,Edwin Joel Brown Middle School,043844,Dayton City,Montgomery,340,59.3,1,35.0,37.9,41.2
038265,Van Wert High School,044966,Van Wert City,Van Wert,480,27.7,2,75.9,78.5,77.0
038281,Vanlue Elementary School,047472,Vanlue Local,Hancock,49,2.1,3,84.5,93.7,89.0
038299,Vanlue High School,047472,Vanlue Local,Hancock,72,10.9,3,83.6,76.6,75.3
038307,Columbus Grove Middle School,049312,Columbus Grove Local,Putnam,221,5.5,5,101.5,99.8,99.6
038331,Sailorway Middle School,046821,Vermilion Local,Erie,502,19.7,3,88.7,91.2,89.1
038349,Vermilion High School,046821,Vermilion Local,Erie,562,30.0,3,88.6,85.7,88.4
038356,Vermont Avenue Elementary School,045146,Wyoming City,Hamilton,209,10.0,5,111.9,106.4,104.1
038364,Badger Middle School,050179,Joseph Badger Local,Trumbull,167,19.7,3,87.8,88.5,85.4
038372,Bloom-Vernon Elementary School,049593,Bloom-Vernon Local,Scioto,485,11.3,5,100.2,100.2,100.8
038398,Tri-County North Middle School,091397,Tri-County North Local,Preble,220,7.2,3,83.2,82.2,86.6
038406,Versailles Elementary School,045633,Versailles Exempted Village,Darke,470,2.3,5,110.7,110.9,109.1
038414,Versailles High School,045633,Versailles Exempted Village,Darke,377,5.7,5,104.0,105.9,106.2
038430,Hilltop Elementary School,048314,Canfield Local,Mahoning,475,17.1,5,102.0,102.1,99.7
038448,Vincent Elementary School,048132,Clearview Local,Lorain,449,32.6,2,75.6,73.6,76.9
038471,Vinton County High School,050393,Vinton County Local,Vinton,462,25.4,2,77.2,75.9,69.5
038489,Vinton Elementary School,065680,Gallia County Local,Gallia,330,17.7,3,82.1,85.7,82.2
038505,Voris Community Learning Center,043489,Akron City,Summit,333,24.4,2,71.2,74.3,67.5
038513,Twin Valley South Elementary School,049296,Twin Valley Community Local,Preble,457,13.3,3,83.5,90.5,82.8
038539,West Boulevard Elementary School,048306,Boardman Local,Mahoning,424,14.4,5,105.5,105.6,110.4
038547,West Branch Middle School,048389,West Branch Local,Mahoning,629,16.1,4,99.9,96.9,88.7
038554,West Branch High School,048389,West Branch Local,Mahoning,617,24.6,4,92.8,91.0,92.0
038562,West Broad Elementary School,043802,Columbus City Schools District,Franklin,360,55.9,1,55.6,51.8,48.5
038588,West Carrollton High School,045054,West Carrollton City,Montgomery,826,38.3,2,76.2,71.4,69.2
038596,West Carrollton Middle School,045054,West Carrollton City,Montgomery,469,27.7,2,62.0,66.3,69.8
038604,William C Bryant Elementary School,043786,Cleveland Municipal,Cuyahoga,344,44.3,2,64.2,66.0,65.7
038646,West Franklin Elementary School,044800,South-Western City,Franklin,498,33.3,2,70.6,70.1,75.0
038653,West Geauga High School,047225,West Geauga Local,Geauga,603,13.2,5,110.7,107.3,103.9
038661,West Geauga Middle School,047225,West Geauga Local,Geauga,488,9.1,5,108.5,108.9,108.5
038679,W.H. Kirk Middle School,043901,East Cleveland City School District,Cuyahoga,199,65.4,1,48.4,40.6,44.1
038687,Rittman Elementary School,045591,Rittman Exempted Village,Wayne,359,9.7,4,89.4,89.5,92.9
038695,West Holmes High School,047696,West Holmes Local,Holmes,472,18.9,3,87.5,87.3,87.8
038729,West Jefferson  Middle School,048256,Jefferson Local,Madison,238,19.0,3,82.8,80.4,82.1
038737,West Jefferson High School,048256,Jefferson Local,Madison,251,25.2,3,83.4,81.5,80.9
038752,West Liberty-Salem Elementary School,046219,West Liberty-Salem Local,Champaign,479,12.0,5,102.2,102.7,103.5
038760,West Liberty-Salem High School,046219,West Liberty-Salem Local,Champaign,356,22.4,4,97.4,100.0,96.2
038786,West Main Elementary School,044685,Ravenna City,Portage,301,31.0,2,76.6,75.7,78.2
038828,West Mound Elementary School,043802,Columbus City Schools District,Franklin,312,57.1,2,59.0,58.5,50.4
038836,West Muskingum High School,048884,West Muskingum Local,Muskingum,421,29.5,3,82.4,82.9,83.7
038844,East Palestine Middle School,043927,East Palestine City,Columbiana,268,29.1,2,76.3,73.2,73.5
038851,West Park Elementary School,044685,Ravenna City,Portage,127,41.9,,NC,NC,NC
038885,West Union Elementary School,061903,Adams County Ohio Valley Local,Adams,663,32.3,2,76.9,81.3,85.1
038893,West Union High School,061903,Adams County Ohio Valley Local,Adams,427,36.4,2,70.3,64.6,66.0
038901,Hilltop Elementary School,050633,Millcreek-West Unity Local,Williams,293,10.9,3,84.8,84.1,87.2
038927,Wade Park,043786,Cleveland Municipal,Cuyahoga,343,59.5,1,44.6,41.9,40.1
038935,Wadsworth High School,044974,Wadsworth City,Medina,1333,31.0,4,94.6,97.0,93.0
038950,Waite High School,044909,Toledo City,Lucas,886,57.1,2,56.9,55.2,60.0
038984,Walbridge Elementary School,044909,Toledo City,Lucas,252,50.2,2,60.0,60.2,60.9
038992,Heritage Elementary School,048447,River Valley Local,Marion,483,6.3,4,94.7,93.5,93.1
039032,Walls Elementary School,044164,Kent City,Portage,359,17.1,3,88.3,88.9,88.0
039040,Walnut Creek Elementary School,047688,East Holmes Local,Holmes,141,7.7,5,106.4,107.7,108.7
039057,Walnut Elementary School,049098,Teays Valley Local,Pickaway,470,15.7,4,95.2,100.0,106.5
039065,Millersport Elementary School,046904,Walnut Township Local,Fairfield,223,17.6,4,90.0,85.2,82.6
039073,Walnut Hills High School,043752,Cincinnati Public Schools,Hamilton,2445,14.0,5,112.4,112.0,109.5
039081,Millersport Jr/Sr High School,046904,Walnut Township Local,Fairfield,250,29.2,2,77.4,84.8,85.5
039099,Heritage  Middle School,044628,Painesville City Local,Lake,599,18.9,2,62.6,65.3,65.7
039107,Walnut Ridge High School,043802,Columbus City Schools District,Franklin,780,80.5,2,59.9,50.0,50.0
039115,Walnut Springs Middle School,045047,Westerville City,Franklin,617,12.6,3,87.2,81.6,78.3
039149,Walton School,043786,Cleveland Municipal,Cuyahoga,244,51.7,1,51.4,46.4,41.7
039156,Miamisburg Middle School,044396,Miamisburg City,Montgomery,1053,30.6,3,79.2,78.6,83.0
039164,Wapakoneta High School,044982,Wapakoneta City,Auglaize,735,22.5,4,89.1,87.9,85.6
039180,Warder Park-Wayne Elementary School,044818,Springfield City School District,Clark,430,38.2,2,57.9,53.8,53.2
039206,Warner Girls Leadership Academy,043786,Cleveland Municipal,Cuyahoga,312,59.6,2,57.9,52.3,54.1
039214,Buckeye Local Junior High,047787,Buckeye Local,Jefferson,298,49.3,2,68.1,79.4,81.2
039248,Warren High School,050500,Warren Local,Washington,546,20.5,3,89.0,90.1,87.6
039263,Warrensville Heights High School,045005,Warrensville Heights City,Cuyahoga,545,47.8,2,72.8,69.2,60.1
039271,Warrensville Heights Middle School,045005,Warrensville Heights City,Cuyahoga,409,28.4,2,60.5,56.3,59.3
039289,River View Elementary School,046482,River View Local,Coshocton,402,15.5,,NC,NC,93.4
039305,Niles Intermediate School,044495,Niles City,Trumbull,451,27.4,4,90.9,90.2,88.5
039347,Washington Elementary School,044263,Lorain City,Lorain,289,46.7,1,53.4,54.3,49.3
039396,Hillsboro Intermediate School,044123,Hillsboro City,Highland,307,21.7,4,100.1,100.6,100.1
039420,Washington K-1 Elementary School,044891,Tiffin City Schools,Seneca,323,17.5,,NC,NC,NC
039438,Washington Junior High School,048231,Washington Local,Lucas,495,35.5,2,71.7,69.4,67.5
039537,Washington Elementary School,049882,Marlington Local,Stark,277,11.1,4,96.2,94.3,95.1
039578,Washington School,044321,Marietta City,Washington,253,18.6,,NC,NC,NC
039586,George Washington Elementary School,044339,Marion City,Marion,453,29.8,2,68.0,65.7,66.8
039602,Washington High School,044354,Massillon City,Stark,1203,51.8,2,74.5,74.1,75.0
039628,Washington Middle School,045013,Washington Court House City,Fayette,399,29.8,2,77.7,79.0,80.5
039651,Washington Elementary School,044032,Gallipolis City,Gallia,406,23.3,3,84.9,82.3,86.3
039693,John Sells Middle School,047027,Dublin City,Franklin,713,14.5,3,83.8,82.5,84.5
039701,Washington High School,045013,Washington Court House City,Fayette,458,33.1,3,78.3,74.3,73.4
039743,Waterford Elementary School,050518,Wolf Creek Local,Washington,428,14.0,3,86.1,85.1,86.3
039750,Waterford High School,050518,Wolf Creek Local,Washington,159,14.4,3,86.9,83.3,88.8
039784,Waterloo High School,049247,Waterloo Local,Portage,195,30.5,3,87.7,87.6,92.7
039800,Waterville Primary School,048207,Anthony Wayne Local,Lucas,436,7.7,5,106.7,106.3,105.8
039842,Watkins Memorial High School,048041,Southwest Licking Local,Licking,1257,25.2,4,94.5,91.5,90.3
039859,Watson Elementary School,049924,Perry Local,Stark,523,10.2,4,99.1,96.6,93.1
039867,Austintown Elementary School,048298,Austintown Local Schools,Mahoning,998,22.9,,NC,NC,NC
039883,Wauseon High School,045641,Wauseon Exempted Village,Fulton,525,24.3,3,88.6,89.0,89.6
039891,Waverly Elementary School,043786,Cleveland Municipal,Cuyahoga,284,54.5,1,47.7,50.6,42.4
039909,Waverly High School,049148,Waverly City,Pike,435,34.8,2,73.0,66.9,68.3
039925,Waynesville Elementary School,050468,Wayne Local,Warren,691,8.3,5,105.0,103.3,103.1
040048,Wayne High School,048751,Huber Heights City,Montgomery,1613,40.9,2,73.2,71.8,71.1
040055,Waynesville High School,050468,Wayne Local,Warren,401,14.8,5,104.6,102.1,102.3
040063,Maumee Intermediate School,044362,Maumee City,Lucas,321,10.9,4,89.2,85.6,89.1
040071,Waynedale High School,050583,Waynedale Local,Wayne,306,21.7,4,98.6,95.3,95.8
040097,Waynesfield-Goshen Local High School,045971,Waynesfield-Goshen Local,Auglaize,213,16.3,4,89.5,84.7,85.5
040105,Waynesfield-Goshen Local Elementary School,045971,Waynesfield-Goshen Local,Auglaize,248,6.3,4,90.4,93.9,94.9
040121,Kiser Elementary School,043844,Dayton City,Montgomery,621,21.4,2,57.1,62.6,58.8
040147,Hillsboro Primary School,044123,Hillsboro City,Highland,343,18.8,3,88.3,91.1,90.1
040162,Wedgewood Middle School,043802,Columbus City Schools District,Franklin,488,51.0,2,60.3,56.6,53.9
040170,Struble Elementary School,047365,Northwest Local,Hamilton,763,28.3,2,77.1,77.9,75.8
040188,Weinland Park Elementary School,043802,Columbus City Schools District,Franklin,284,56.6,2,56.1,53.0,49.4
040196,Weller Elementary School,043737,Centerville City,Montgomery,532,7.7,5,103.1,101.8,102.3
040246,Wells Academy,044826,Steubenville City,Jefferson,334,0.0,5,116.7,114.1,117.2
040261,Wellston High School,045021,Wellston City,Jackson,300,30.9,2,75.8,72.8,75.9
040279,Wellsville Jr. Sr. High,045039,Wellsville Local,Columbiana,232,29.1,2,68.8,64.4,65.3
040287,Joseph Welty Middle School,044487,New Philadelphia City,Tuscarawas,669,21.0,3,87.9,88.1,86.0
040295,Silver Creek Elementary School,048231,Washington Local,Lucas,671,23.1,2,71.4,68.8,64.2
040303,Chesapeake Elementary School,045294,Chesapeake Union Exempted Village,Lawrence,495,8.7,5,102.7,103.1,98.5
040311,Fort Recovery Elementary School,048595,Fort Recovery Local,Mercer,515,1.8,5,102.2,103.9,102.9
040337,St Marys West Intermediate School,044727,St Marys City,Auglaize,425,7.8,4,95.0,94.8,93.8
040345,West Elementary School,045542,Newcomerstown Exempted Village,Tuscarawas,313,9.8,3,82.5,85.5,83.2
040352,West Elementary School,044487,New Philadelphia City,Tuscarawas,198,13.1,4,91.0,96.9,95.0
040360,Celina Elementary School,043729,Celina City,Mercer,1223,6.7,4,91.1,93.3,91.7
040386,Fairfield West Elementary School,046102,Fairfield City,Butler,818,13.2,4,91.0,90.8,88.2
040410,Waverly Intermediate School,049148,Waverly City,Pike,373,20.0,3,82.7,78.6,80.0
040436,Chaney Middle,045161,Youngstown City,Mahoning,245,73.5,1,41.4,38.9,42.9
040477,Twin Oak Elementary School,044420,Mount Vernon City,Knox,368,14.4,5,105.0,100.6,100.6
040527,West High School,043802,Columbus City Schools District,Franklin,802,80.7,1,53.3,42.3,45.3
040568,Warner Middle School,045153,Xenia Community City,Greene,718,32.2,2,73.4,70.3,68.5
040576,Lima West Middle School,044222,Lima City,Allen,333,51.8,1,51.2,48.1,55.1
040584,Tiffin Middle School,044891,Tiffin City Schools,Seneca,532,20.3,3,82.4,81.9,77.9
040600,Brookville Elementary School,048678,Brookville Local,Montgomery,548,8.1,4,99.0,96.6,99.0
040618,The Bridgeport School District - Elementary,045237,Bridgeport Exempted Village,Belmont,338,26.2,4,99.7,92.1,90.2
040626,Westerly Elementary School,043547,Bay Village City,Cuyahoga,375,4.5,5,108.3,107.8,109.5
040634,Bellefontaine Intermediate School,043588,Bellefontaine City,Logan,500,18.7,3,83.5,83.6,84.2
040659,Western Elementary School,049437,Lexington Local,Richland,311,12.7,,NC,NC,107.8
040667,Western High School,049155,Western Local,Pike,259,27.4,2,71.9,72.2,72.7
040675,Westerville-South High School,045047,Westerville City,Franklin,1429,31.9,3,86.8,87.2,85.7
040683,Westfall High School,049106,Westfall Local,Pickaway,325,15.0,3,80.1,79.1,79.3
040717,Westgate Middle School,043919,East Liverpool City,Columbiana,289,27.3,2,68.4,68.1,68.7
040725,Westgate Alternative Elementary School,043802,Columbus City Schools District,Franklin,283,42.0,2,69.7,68.3,70.9
040733,East Liverpool Junior High,043919,East Liverpool City,Columbiana,298,34.8,2,71.0,71.6,70.4
040741,New Carlisle Elementary School,046243,Tecumseh Local,Clark,501,16.0,3,82.8,82.4,81.7
040758,Westlake High School,045062,Westlake City,Cuyahoga,967,23.8,4,99.5,99.5,98.5
040774,Tri-Village Elementary School,046680,Tri-Village Local,Darke,381,13.5,4,97.2,96.8,95.0
040782,Westmoor Middle School,043802,Columbus City Schools District,Franklin,409,71.6,1,42.7,44.6,42.6
040808,Westview Elementary School,048124,Avon Lake City,Lorain,276,8.0,5,101.0,96.8,100.4
040857,Westwood Elementary School,047225,West Geauga Local,Geauga,365,7.2,,NC,NC,NC
040865,Westwood School,043752,Cincinnati Public Schools,Hamilton,393,48.2,2,70.9,65.7,65.2
040881,Westwood Elementary School,045658,Wellington Exempted Village,Lorain,292,17.2,4,96.5,94.5,93.0
040915,Riverdale Middle School,047514,Riverdale Local,Hancock,199,14.0,3,80.4,77.1,80.6
040923,Wheelersburg Elementary School,049668,Wheelersburg Local,Scioto,526,12.8,4,97.5,101.4,99.3
040931,Wheelersburg High School,049668,Wheelersburg Local,Scioto,397,11.0,4,89.7,87.5,92.5
040956,Hannah Crawford Elementary School PreK-Grade 2,046516,Colonel Crawford Local,Crawford,237,6.2,,NC,NC,NC
040964,Whetstone High School,043802,Columbus City Schools District,Franklin,990,59.9,2,74.8,67.0,65.7
041004,Whiteoak High School,047613,Bright Local,Highland,169,15.2,3,82.2,77.5,78.1
041012,White Oak Middle School,047365,Northwest Local,Hamilton,671,33.4,2,74.3,71.1,70.3
041020,Whitehall Yearling High School,045070,Whitehall City,Franklin,976,59.7,2,73.6,70.6,68.6
041038,Whitehouse Primary School,048207,Anthony Wayne Local,Lucas,448,5.3,5,111.1,112.9,113.4
041046,Whitmer High School,048231,Washington Local,Lucas,2077,33.1,2,74.7,73.8,72.8
041053,Whitney Elementary School,044842,Strongsville City,Cuyahoga,419,7.8,5,106.2,103.8,102.5
041137,Whittier Elementary School,044909,Toledo City,Lucas,513,38.0,1,50.8,49.8,51.5
041160,Whittier Elementary School,045047,Westerville City,Franklin,354,10.7,4,100.0,101.3,103.4
041178,Whittier Elementary School,044354,Massillon City,Stark,360,16.9,4,97.0,86.0,98.3
041186,Ironton Elementary School,044149,Ironton City School District,Lawrence,609,33.2,3,80.9,84.0,94.1
041194,Wickliffe Elementary School,044933,Upper Arlington City,Franklin,479,6.5,4,92.7,90.4,87.5
041202,Wickliffe Upper School,045088,Wickliffe City,Lake,549,33.6,3,79.8,75.2,79.2
041236,Wilbur Wright School,043786,Cleveland Municipal,Cuyahoga,535,54.5,1,54.7,52.2,52.4
041251,Wilcox Elementary School,050070,Twinsburg City,Summit,670,10.3,,NC,NC,NC
041269,Piqua Central Intermediate School,044644,Piqua City,Miami,717,21.5,3,81.1,80.6,78.7
041277,Wildwood Elementary School,044404,Middletown City,Butler,433,30.4,2,61.6,67.5,62.6
041319,Willard High School,045096,Willard City,Huron,308,28.6,3,77.9,79.9,78.1
041327,William C Schenck Elementary School,044008,Franklin City,Warren,214,33.8,,NC,87.0,88.6
041335,William Foster Elementary School,044040,Garfield Heights City Schools,Cuyahoga,423,43.5,,NC,NC,63.0
041368,William Henry Harrison High School,047381,Southwest Local,Hamilton,1018,28.4,3,88.2,83.1,82.3
041376,William Mason High School,050450,Mason City,Warren,3330,17.2,5,102.4,102.8,101.6
041384,Robert A. Taft Elementary School,049932,Plain Local,Stark,406,17.9,4,97.7,99.6,94.2
041418,Williams Avenue Elementary School,044578,Norwood City,Hamilton,257,25.6,3,82.9,87.1,83.5
041434,Williamsburg Elementary School,046367,Williamsburg Local,Clermont,396,11.5,5,103.7,103.8,102.4
041442,Williamsburg High School,046367,Williamsburg Local,Clermont,493,21.1,4,92.7,92.4,92.7
041467,East Middle at PRBerry,045161,Youngstown City,Mahoning,296,74.6,1,39.0,38.5,41.5
041509,Willoughby Middle School,045104,Willoughby-Eastlake City,Lake,513,34.3,2,73.7,71.2,73.2
041525,Willowick Middle School,045104,Willoughby-Eastlake City,Lake,402,34.8,2,73.6,70.6,77.5
041533,Willowville Elementary School,046359,West Clermont Local,Clermont,622,19.3,4,96.0,96.7,93.9
041541,Willson School,043786,Cleveland Municipal,Cuyahoga,346,51.0,1,49.7,44.0,46.5
041558,Wilmington High School,045112,Wilmington City,Clinton,572,32.9,3,80.5,76.7,74.9
041582,Zane Grey Elementary School,045179,Zanesville City,Muskingum,916,28.8,2,73.5,71.0,73.3
041608,Wilson Elementary School,047340,Forest Hills Local,Hamilton,625,5.0,5,108.6,106.9,106.1
041624,Wilson Hill Elementary School,045138,Worthington City,Franklin,443,11.5,4,95.2,96.5,98.7
041640,Wilson Middle School,044107,Hamilton City,Butler,563,32.5,3,81.3,79.9,79.9
041657,Wilson Middle School,044453,Newark City,Licking,387,39.0,2,73.1,75.0,74.6
041699,Windemere Community Learning Center,043489,Akron City,Summit,272,24.2,3,87.5,87.8,81.1
041715,Windermere Elementary School,044933,Upper Arlington City,Franklin,557,3.3,5,110.0,110.2,109.3
041723,Windham High School,045666,Windham Exempted Village,Portage,106,47.4,2,65.8,70.0,74.4
041749,Windsor STEM Academy (K-6),043802,Columbus City Schools District,Franklin,344,68.7,1,38.8,40.1,39.9
041756,Northwood Elementary School,043943,Elyria City Schools,Lorain,335,19.2,3,79.1,80.4,83.3
041814,Winesburg Elementary School,047688,East Holmes Local,Holmes,150,6.6,5,100.4,93.2,93.5
041822,Winterset Elementary School,043802,Columbus City Schools District,Franklin,331,31.7,3,78.8,85.7,83.1
041830,Cross Creek Elementary,047803,Indian Creek Local,Jefferson,492,40.8,2,75.4,66.9,68.7
041848,Indian Creek High School,047803,Indian Creek Local,Jefferson,507,47.9,3,87.7,86.5,77.4
041855,Winton Hills Academy,043752,Cincinnati Public Schools,Hamilton,316,63.7,2,61.5,53.3,56.6
041863,Parker Woods Montessori School,043752,Cincinnati Public Schools,Hamilton,620,22.3,2,74.9,74.2,70.7
041889,Wise Elementary School,047688,East Holmes Local,Holmes,67,3.0,4,96.5,93.7,101.6
041897,Withamsville-Tobasco Elementary School,046359,West Clermont Local,Clermont,501,22.3,3,86.6,83.8,84.7
041921,Wogaman Middle School,043844,Dayton City,Montgomery,314,64.3,1,40.6,38.4,39.3
041947,Woodcrest Elementary School,043802,Columbus City Schools District,Franklin,278,33.6,2,65.0,64.1,65.2
041988,Woodland Elementary School,044834,Stow-Munroe Falls City School District,Summit,269,9.7,4,100.0,106.2,106.1
042028,Woodlawn Elementary School,044677,Princeton City,Hamilton,181,21.9,3,87.9,89.8,92.4
042036,Woodmore Elementary School,049577,Woodmore Local,Sandusky,406,4.5,4,93.9,100.6,100.3
042044,Woodmore High School,049577,Woodmore Local,Ottawa,242,18.3,4,90.7,83.8,85.0
042051,Woodridge High School,049973,Woodridge Local,Summit,552,27.7,3,84.7,83.9,85.5
042077,Woodsfield Elementary School,048652,Switzerland of Ohio Local,Monroe,360,28.2,3,87.0,81.6,80.8
042085,Monroe Central High School,048652,Switzerland of Ohio Local,Monroe,241,37.7,2,75.7,76.1,76.3
042143,Laura Woodward Elementary School,043877,Delaware City,Delaware,615,26.5,3,81.3,85.7,85.0
042150,Woodward High School,044909,Toledo City,Lucas,550,54.6,2,57.0,47.2,49.7
042184,Woodward Park Middle School,043802,Columbus City Schools District,Franklin,844,41.1,2,63.0,63.9,63.9
042218,Wooster High School,045120,Wooster City,Wayne,1145,24.7,3,86.3,85.7,83.8
042234,Wooster Twp Elementary School,050591,Triway Local,Wayne,353,9.2,4,98.9,95.2,96.1
042259,Worley Elementary School,043711,Canton City,Stark,331,12.3,2,74.1,71.8,66.7
042275,Worthington Estates Elementary School,045138,Worthington City,Franklin,542,12.6,4,94.8,95.4,91.7
042283,Thomas Worthington High School,045138,Worthington City,Franklin,1587,21.0,4,95.3,91.9,91.9
042291,Worthingway Middle School,045138,Worthington City,Franklin,642,15.7,3,87.6,86.7,88.7
042333,Western Reserve High School,048397,Western Reserve Local,Mahoning,125,27.9,3,88.7,88.4,92.3
042341,Western Reserve High School,047746,Western Reserve Local,Huron,261,21.8,3,86.3,84.4,85.2
042366,Wynford High School,046524,Wynford Local,Crawford,191,20.1,3,83.2,85.3,89.4
042382,Wyoming High School,045146,Wyoming City,Hamilton,563,19.4,5,101.4,102.8,103.5
042408,Xenia High School,045153,Xenia Community City,Greene,788,38.7,2,74.6,72.8,74.7
042416,Yellow Springs/McKinney High School,045674,Yellow Springs Exempted Village,Greene,297,25.4,4,93.2,90.3,87.6
042424,Bellevue Elementary School,043596,Bellevue City,Huron,779,10.3,4,97.2,98.1,98.4
042440,Nelsonville-York Elementary School,044446,Nelsonville-York City,Athens,476,32.2,3,83.6,82.6,77.1
042457,Buckeye  Primary School,048470,Buckeye Local,Medina,579,13.7,5,100.8,102.8,100.4
042465,York Elementary School,044487,New Philadelphia City,Tuscarawas,211,17.9,,NC,NC,NC
042499,Yorktown Middle School,043802,Columbus City Schools District,Franklin,363,54.6,1,51.5,51.2,52.3
042515,Buckeye South Elementary School,047787,Buckeye Local,Jefferson,282,37.7,3,80.6,78.7,80.8
042523,Three Rivers Elementary,047399,Three Rivers Local,Hamilton,736,15.1,3,88.3,88.2,93.4
042549,Youtz Intermediate School,043711,Canton City,Stark,275,31.9,1,50.1,51.5,50.9
042564,Buckeye Trail High School,069682,East Guernsey Local,Guernsey,257,24.3,3,83.9,76.1,78.5
042572,Zane Trace High School,049544,Zane Trace Local,Ross,275,21.9,3,78.2,74.8,75.3
042598,Zanesville High School,045179,Zanesville City,Muskingum,661,38.5,2,71.6,69.4,67.5
042614,Beachwood Middle School,043554,Beachwood City,Cuyahoga,334,11.1,5,108.2,105.9,105.5
042655,Hadley E Watts Middle School,043737,Centerville City,Montgomery,780,13.8,4,93.0,91.6,97.1
042762,Roberts Middle School,043836,Cuyahoga Falls City School District,Summit,371,25.7,2,73.4,73.6,71.4
042796,Fairborn High School,043968,Fairborn City,Greene,952,41.1,3,82.2,80.3,78.1
042804,Bigelow Hill Elementary School,043984,Findlay City,Hancock,341,12.8,3,87.3,89.0,81.9
042812,Wilson Vance Elementary School,043984,Findlay City,Hancock,401,9.7,3,88.1,91.8,90.0
042861,Benjamin Harrison Elementary School,044339,Marion City,Marion,367,26.3,3,78.5,78.4,81.5
043000,Southeast Elementary School,044735,Salem City,Columbiana,277,26.9,3,84.8,88.1,86.4
043018,Sidney Middle School,044784,Sidney City,Shelby,815,25.9,2,76.2,77.2,79.3
043026,Highland Park Elementary School,044800,South-Western City,Franklin,480,25.4,4,89.6,86.0,81.6
043034,Indian Trail Elementary School,044834,Stow-Munroe Falls City School District,Summit,353,15.3,3,88.4,84.6,86.4
043091,Blendon Middle School,045047,Westerville City,Franklin,612,16.7,4,93.1,91.4,86.4
043158,Indian Hill Middle School,045435,Indian Hill Exempted Village,Hamilton,520,10.0,5,104.0,103.0,102.8
043174,Lake Elementary School,045492,Mentor Exempted Village,Lake,273,12.6,3,89.0,83.1,83.2
043216,St Clairsville Elementary School,045997,St Clairsville-Richland City,Belmont,628,12.7,4,99.8,101.0,102.1
043224,Mt Orab Primary Elementary School,046060,Western Brown Local,Brown,690,16.3,3,88.9,87.3,86.9
043265,Big Walnut Middle School,046748,Big Walnut Local,Delaware,940,12.9,4,96.5,97.0,97.6
043281,Olentangy Shanahan Middle School,046763,Olentangy Local,Delaware,1025,15.6,5,104.4,103.1,105.6
043299,Herman K Ankeney Middle School,047241,Beavercreek City,Greene,763,15.0,4,91.8,92.5,95.3
043315,Pleasant Run Middle School,047365,Northwest Local,Hamilton,630,41.1,2,68.2,63.4,64.4
043323,Delshire Elementary School,047373,Oak Hills Local,Hamilton,374,20.3,3,80.1,78.3,76.7
043331,Oakdale Elementary School,047373,Oak Hills Local,Hamilton,686,19.6,4,97.8,99.6,97.9
043364,Boardman Center Intermediate School,048306,Boardman Local,Mahoning,810,18.1,4,93.7,94.4,93.3
043372,River Valley Middle School,048447,River Valley Local,Marion,474,17.3,3,84.2,82.5,89.7
043380,Brookville Intermediate School,048678,Brookville Local,Montgomery,572,12.2,4,95.9,94.7,97.0
043398,Mad River Middle School,048702,Mad River Local,Montgomery,551,31.8,2,74.1,70.3,68.1
043430,Canton South Middle School,049833,Canton Local,Stark,376,24.9,3,83.2,77.2,77.5
043448,Green Middle School,050013,Green Local,Summit,617,16.2,4,97.8,98.0,99.8
050757,Fairbrook Elementary School,047241,Beavercreek City,Greene,547,9.0,5,101.9,100.8,99.1
061218,Centerville Primary Village North,043737,Centerville City,Montgomery,455,11.2,,NC,NC,NC
061275,Mariemont Elementary School,044313,Mariemont City,Hamilton,513,7.1,5,110.5,109.6,108.8
061291,Kimpton Middle School,044834,Stow-Munroe Falls City School District,Summit,774,22.3,4,91.3,86.8,87.4
061309,Sylvania Arbor Hills Junior High School,044875,Sylvania Schools,Lucas,568,17.8,3,84.4,85.6,86.9
061317,Wellington High School,045658,Wellington Exempted Village,Lorain,220,29.7,3,80.7,87.4,81.0
061325,Grove City High School,044800,South-Western City,Franklin,1858,32.6,4,92.4,86.3,86.0
061333,Westland High School,044800,South-Western City,Franklin,1812,43.9,2,76.7,70.4,70.3
061358,Annehurst Elementary School,045047,Westerville City,Franklin,405,13.0,4,90.5,92.1,91.1
061366,Chamberlin Hill Elementary School,043984,Findlay City,Hancock,340,9.5,4,90.7,96.0,90.4
061382,Helke Early Learning Center,044958,Vandalia-Butler City,Montgomery,316,23.6,,NC,93.5,91.3
061432,Cloverleaf Middle School,048488,Cloverleaf Local,Medina,579,16.3,4,95.1,92.3,95.5
061457,Mount Vernon Middle School,044420,Mount Vernon City,Knox,787,14.7,4,91.3,84.5,85.5
061465,Pleasant Street Elementary School,044420,Mount Vernon City,Knox,321,18.7,3,84.8,85.8,82.3
061473,Rushwood Elementary School,050047,Nordonia Hills City,Summit,351,12.0,5,106.4,107.9,107.5
061481,Geo G Dodge Elementary School,050070,Twinsburg City,Summit,858,14.1,4,97.7,98.8,98.5
061499,Eastwood Middle School,050674,Eastwood Local,Wood,350,10.8,4,96.0,95.3,96.3
061507,Northwood Elementary School,048728,Northmont City,Montgomery,364,18.6,3,88.1,88.7,89.4
061523,Valley Forge Elementary School,048751,Huber Heights City,Montgomery,539,20.1,2,75.0,73.0,70.7
061549,Glendening Elementary School,046979,Groveport Madison Local,Franklin,513,20.4,2,76.5,75.7,77.7
061556,Sedalia Elementary,046979,Groveport Madison Local,Franklin,549,21.7,2,77.4,83.1,80.0
061572,Ansonia Middle School,046623,Ansonia Local,Darke,95,8.1,4,96.1,94.8,95.6
061598,Sheridan Middle School,049056,Northern Local,Perry,509,29.5,3,80.7,81.3,82.5
061614,Waynesville Middle School,050468,Wayne Local,Warren,363,11.6,4,99.8,100.8,99.7
061622,Triway Middle School,050591,Triway Local,Wayne,364,15.5,4,92.6,91.4,95.3
061630,General Sherman Junior High School,044206,Lancaster City,Fairfield,686,32.4,3,78.6,79.8,75.7
061655,Thomas Ewing Junior High School,044206,Lancaster City,Fairfield,632,34.5,3,78.1,74.0,74.4
061663,Orchard Hollow Elementary School,045492,Mentor Exempted Village,Lake,357,9.2,4,98.8,100.4,98.2
061671,Shore Middle School,045492,Mentor Exempted Village,Lake,750,19.7,3,88.0,86.2,85.7
061697,Edgewood Primary School,046094,Edgewood City School District,Butler,446,20.5,,NC,NC,NC
061705,Kenton Ridge Elementary,046250,Northeastern Local,Clark,983,18.4,4,89.6,86.6,86.5
061713,Northeastern Elementary School,046250,Northeastern Local,Clark,470,22.9,4,91.3,85.4,83.5
061804,Faircrest Memorial Elementary School,049833,Canton Local,Stark,753,17.3,4,92.9,89.7,89.8
061812,Lake Middle / High School,049866,Lake Local,Stark,1594,18.6,5,101.8,101.5,103.5
061820,Marlington Middle School,049882,Marlington Local,Stark,412,14.2,3,84.5,81.9,87.1
061846,Seneca East Middle School,049684,Seneca East Local,Seneca,193,6.4,5,100.8,94.6,96.0
061895,Henry F Lamuth Middle School,047894,Riverside Local,Lake,701,19.7,3,87.3,86.6,87.5
061911,Troy Intermediate Elementary School,048124,Avon Lake City,Lorain,541,11.7,5,104.0,103.2,100.9
061929,Jefferson Area Junior High School,045872,Jefferson Area Local,Ashtabula,278,23.5,3,80.4,80.8,84.2
061937,Sherwood Elementary School,047340,Forest Hills Local,Hamilton,698,6.6,5,107.7,105.1,104.4
061952,Benjamin Logan Middle School,048074,Benjamin Logan Local,Logan,490,12.1,4,91.2,92.7,93.9
061960,Spencerville Middle School,045807,Spencerville Local,Allen,314,12.6,4,99.7,96.2,94.5
061986,Howland Glen Elementary School,050161,Howland Local,Trumbull,345,16.5,,NC,NC,NC
061994,Howland Springs Elementary School,050161,Howland Local,Trumbull,215,24.8,,NC,NC,NC
062018,Southeast Primary Elementary School,049221,Southeast Local,Portage,327,12.7,,NC,NC,NC
062182,Pleasant View Middle School,044800,South-Western City,Franklin,647,34.9,2,71.3,67.9,73.0
062190,Beulah Park Middle School,044800,South-Western City,Franklin,709,32.8,2,74.9,73.3,74.6
062208,Finland Middle School,044800,South-Western City,Franklin,660,43.2,2,71.3,69.6,74.4
062216,Norton Middle School,044800,South-Western City,Franklin,579,36.9,2,62.2,60.7,65.5
062224,Roseville Elementary  School,048843,Franklin Local,Muskingum,241,22.6,2,77.2,72.7,70.6
062232,Maysville Middle School,048850,Maysville Local,Muskingum,466,20.5,2,73.0,74.7,74.5
062307,Meigs Middle School,048520,Meigs Local,Meigs,343,37.2,2,67.3,66.9,70.8
062331,Franklin Junior High School,044008,Franklin City,Warren,617,24.4,2,76.7,84.2,80.9
062349,Mayfield Middle School,044370,Mayfield City,Cuyahoga,896,21.9,4,92.7,91.8,90.6
062356,Sylvania Mccord Junior High School,044875,Sylvania Schools,Lucas,587,12.0,4,94.9,94.2,97.7
062364,Orrville Middle School,044610,Orrville City,Wayne,462,16.7,4,89.9,91.1,90.7
062372,Lexington Junior High School,049437,Lexington Local,Richland,372,12.0,4,93.5,89.8,90.4
062380,Fredericktown Middle School,047852,Fredericktown Local,Knox,277,15.7,4,91.5,89.6,94.9
062398,Learwood Middle School,048124,Avon Lake City,Lorain,557,17.3,4,100.0,102.0,99.8
062406,Bellefontaine Middle School,043588,Bellefontaine City,Logan,458,24.5,3,85.8,84.2,83.2
062422,Fairborn Middle School,043968,Fairborn City,Greene,909,31.4,2,75.4,73.5,73.3
062760,Luis Munoz Marin School,043786,Cleveland Municipal,Cuyahoga,510,54.9,1,41.3,38.8,38.7
062778,Joseph M Gallagher School,043786,Cleveland Municipal,Cuyahoga,608,36.9,2,67.9,62.2,58.9
062786,Bundy Elementary School,045021,Wellston City,Jackson,347,24.2,,NC,NC,NC
063461,Garrett Morgan School of Engineering & Innovation,043786,Cleveland Municipal,Cuyahoga,404,68.4,2,70.2,62.7,61.9
064048,Jefferson Middle School,043885,Delphos City,Van Wert,245,19.7,3,87.5,88.2,91.2
064071,Paulding Elementary School,045575,Paulding Exempted Village,Paulding,441,4.8,3,81.3,84.5,86.9
064089,Worthington Hills Elementary School,045138,Worthington City,Franklin,525,4.0,5,103.3,103.1,105.2
064113,Amherst Junior High School,045195,Amherst Exempted Village,Lorain,855,20.2,4,90.8,88.4,90.4
064139,Tinora Middle School,046722,Northeastern Local,Defiance,306,8.2,4,91.7,88.8,90.1
064147,Winton Woods High School,044081,Winton Woods City,Hamilton,1229,52.1,2,63.8,61.6,63.6
064162,Orchard Middle School,046607,Solon City,Cuyahoga,733,5.7,5,114.5,113.3,113.2
064188,Teays Valley East Middle School,049098,Teays Valley Local,Pickaway,452,25.2,3,88.1,83.2,82.6
064196,Westfall Middle School,049106,Westfall Local,Pickaway,309,15.8,3,82.9,80.2,82.9
064287,Woodlands Elementary School,044131,Huron City Schools,Erie,527,8.7,5,103.6,101.0,98.8
064303,Maplewood Elementary School,045799,Shawnee Local,Allen,349,9.1,4,93.8,98.1,101.5
064311,Mckinley Elementary School,048348,Poland Local,Mahoning,549,8.6,4,94.8,97.2,98.4
064360,Middletown Middle School,044404,Middletown City,Butler,898,39.1,2,61.3,62.9,61.2
064378,Harrison Middle School,047381,Southwest Local,Hamilton,990,23.9,3,88.3,87.8,86.0
064576,Cleveland School Of The Arts High School,043786,Cleveland Municipal,Cuyahoga,378,52.1,3,80.5,76.4,78.4
064600,Barnesville Middle School,045203,Barnesville Exempted Village,Belmont,412,20.4,3,86.5,80.5,83.5
064618,Charles Huber Elementary School,048751,Huber Heights City,Montgomery,608,17.9,3,80.0,82.0,80.7
064626,Eastern Elementary School,049437,Lexington Local,Richland,507,9.3,4,99.5,100.9,97.3
064667,Pymatuning Valley Middle School,045880,Pymatuning Valley Local School District,Ashtabula,285,29.1,3,83.9,84.1,85.3
064675,Hickory Ridge Elementary School,043661,Brunswick City,Medina,394,9.4,5,101.3,99.9,98.7
064683,Northwest High School,047365,Northwest Local,Hamilton,702,45.1,2,74.8,65.4,69.2
064717,Logan Elm Elementary School,049080,Logan Elm Local,Pickaway,802,17.1,4,92.1,90.4,74.3
064725,Newton Falls Junior High School,045567,Newton Falls Exempted Village,Trumbull,189,38.1,2,73.0,70.8,66.3
064733,Westwood Middle School,043943,Elyria City Schools,Lorain,466,33.4,2,64.4,64.3,62.6
064741,Chapman Elementary School,044842,Strongsville City,Cuyahoga,441,8.0,4,96.8,102.1,91.5
064758,Dublin Coffman High School,047027,Dublin City,Franklin,1736,22.8,4,97.4,98.3,96.4
064766,New Albany Middle School,046995,New Albany-Plain Local,Franklin,745,9.4,5,105.3,105.5,106.4
064790,West Holmes Middle School,047696,West Holmes Local,Holmes,378,12.0,3,86.7,84.8,84.3
064816,Fairfield South Elementary School,046102,Fairfield City,Butler,637,10.5,4,92.3,92.1,94.5
064824,Bellflower Elementary School,045492,Mentor Exempted Village,Lake,460,8.3,4,93.4,95.4,93.2
064857,Norwood Middle School,044578,Norwood City,Hamilton,369,38.7,2,73.8,73.4,76.3
064865,New Lexington High School,044479,New Lexington School District,Perry,463,32.8,3,78.5,75.0,77.8
064907,Carlisle Junior High School,050419,Carlisle Local,Warren,240,17.3,3,84.1,86.6,87.4
065292,Troy Junior High School,044925,Troy City,Miami,591,23.3,3,88.7,83.6,86.0
065318,Trimble Junior High,045922,Trimble Local,Athens,168,38.1,2,63.6,63.4,67.2
065383,Buckeye Junior High School,048470,Buckeye Local,Medina,300,15.9,4,93.7,89.3,92.8
065391,Ayer Elementary School,047340,Forest Hills Local,Hamilton,591,7.6,5,103.9,105.0,107.4
065417,Springboro Junior High School,050427,Springboro Community City,Warren,946,14.4,4,97.0,97.2,98.5
065433,Violet Elementary School,046896,Pickerington Local,Fairfield,484,7.8,4,93.0,91.4,93.0
065466,Hopewell Junior School,046110,Lakota Local,Butler,509,15.8,4,94.2,94.3,91.5
065508,Crenshaw Middle School,043711,Canton City,Stark,741,41.1,2,61.3,58.3,59.4
065532,Unioto Middle School,049536,Union-Scioto Local,Ross,486,25.7,3,86.8,86.5,86.1
065557,Pointview Elementary School,045047,Westerville City,Franklin,288,16.7,3,85.7,80.4,73.5
065565,Marion C Seltzer Elementary School,043786,Cleveland Municipal,Cuyahoga,369,46.7,1,52.5,51.2,49.3
065573,Marion-Sterling Elementary School,043786,Cleveland Municipal,Cuyahoga,245,55.4,1,42.7,46.3,43.2
065581,Union Furnace Elementary School,044248,Logan-Hocking Local,Hocking,190,26.3,5,110.2,107.2,107.4
065672,Flat Ridge Elementary School,047688,East Holmes Local,Holmes,89,6.3,4,98.2,97.8,96.7
066282,Covington Middle School,045336,Covington Exempted Village,Miami,175,14.9,3,88.7,86.7,87.0
066456,Hylen Souders Elementary School,046748,Big Walnut Local,Delaware,286,10.5,3,85.4,93.7,93.2
066464,Tippecanoe Middle School,045617,Tipp City Exempted Village,Miami,563,12.5,4,97.6,95.6,97.1
066472,Jackson Intermediate,047993,Lakewood Local,Licking,381,16.8,3,88.7,89.1,90.0
066480,Upper Sandusky Middle School,045625,Upper Sandusky Exempted Village,Wyandot,504,11.3,4,94.0,91.8,90.4
066498,Van Cleve Elementary School,044925,Troy City,Miami,317,18.6,3,88.6,86.7,86.9
066514,Willyard Elementary School,044685,Ravenna City,Portage,298,33.8,,NC,NC,NC
066738,Baldwin Road Junior High School,047001,Reynoldsburg City,Franklin,768,34.7,2,63.2,62.0,73.5
066746,Jackson-Milton Elementary School,048322,Jackson-Milton Local,Mahoning,383,15.9,4,95.7,95.0,96.5
066761,Sycamore Junior High School,044867,Sycamore Community City,Hamilton,911,12.8,5,103.7,103.9,104.0
066787,Winton Woods Elementary School,044081,Winton Woods City,Hamilton,565,26.8,2,71.5,67.1,67.0
066795,David H. Ponitz Career Technology  Center,043844,Dayton City,Montgomery,767,55.7,2,57.5,52.8,53.1
066803,Harmon Middle School,049171,Aurora City,Portage,685,11.0,5,104.4,104.6,104.1
066811,Mark Twain Elementary School,045047,Westerville City,Franklin,399,6.0,4,100.1,100.2,99.4
066829,Robert Frost Elementary School,045047,Westerville City,Franklin,415,8.3,4,99.9,98.3,96.4
066837,Weisenborn Junior High,048751,Huber Heights City,Montgomery,821,31.6,2,69.6,64.8,66.7
066845,Dalton Middle School,050542,Dalton Local,Wayne,277,6.0,5,100.7,99.0,100.8
067322,Tri-Valley Middle School,048876,Tri-Valley Local,Muskingum,469,23.7,3,83.5,84.3,87.0
067728,Briggs High School,043802,Columbus City Schools District,Franklin,918,76.1,2,62.0,50.8,51.4
067736,Independence High School,043802,Columbus City Schools District,Franklin,780,72.3,1,54.7,48.0,49.1
067744,Innis Elementary School,043802,Columbus City Schools District,Franklin,279,35.4,1,53.8,55.4,54.1
067751,Liberty Elementary School,043802,Columbus City Schools District,Franklin,547,41.0,2,58.0,56.7,53.2
067819,Ridgedale Elementary School,048439,Ridgedale Local,Marion,307,19.9,3,83.6,81.1,80.7
067827,Versailles Middle School,045633,Versailles Exempted Village,Darke,376,1.3,5,111.6,111.2,110.2
067835,East Muskingum Middle School,048835,East Muskingum Local,Muskingum,529,14.1,4,91.1,93.7,93.8
067843,Oak Harbor Intermediate School,048926,Benton Carroll Salem Local,Ottawa,314,7.0,4,95.5,96.0,94.4
067850,West Muskingum Middle School,048884,West Muskingum Local,Muskingum,514,22.5,3,87.7,87.1,87.1
067868,Licking Heights Middle School,048009,Licking Heights Local,Licking,781,13.7,2,76.6,75.7,80.6
067876,Watkins Middle School,048041,Southwest Licking Local,Licking,1142,16.8,3,88.1,87.5,85.8
067900,Groveport Madison Middle School South,046979,Groveport Madison Local,Franklin,470,42.0,2,59.7,61.7,62.8
067926,Bloom-Carroll Middle School,046862,Bloom-Carroll Local,Fairfield,562,14.0,4,93.0,89.0,89.2
067934,Groveport Madison Middle School North,046979,Groveport Madison Local,Franklin,472,26.9,2,74.0,73.5,66.6
067942,Pfeiffer Intermediate School,049924,Perry Local,Stark,580,14.3,4,95.2,93.5,95.1
067959,Westerville-North High School,045047,Westerville City,Delaware,1510,28.6,3,85.8,87.3,85.7
067975,Jackson Memorial Middle School,049858,Jackson Local,Stark,1317,12.5,4,98.2,96.1,94.8
067991,Fairfield Union Rushville Middle School,046870,Fairfield Union Local,Fairfield,604,18.8,3,87.0,87.4,88.7
068080,Bethel Middle School,048611,Bethel Local,Miami,515,17.7,3,85.4,86.5,85.2
068221,Kenneth W Clement,043786,Cleveland Municipal,Cuyahoga,144,30.9,2,59.3,58.4,60.6
068239,Fort Hayes Arts and Academic HS,043802,Columbus City Schools District,Franklin,723,61.5,2,65.9,57.6,56.2
068379,W O Cline Elementary School,043737,Centerville City,Montgomery,436,14.1,4,96.4,96.8,97.3
068452,Liberty Union Middle School,046888,Liberty Union-Thurston Local,Fairfield,382,11.6,3,88.9,88.8,87.4
068478,East Broadway Elementary School,044909,Toledo City,Lucas,419,51.9,1,46.8,48.5,48.2
068486,Old West End Academy Elementary School,044909,Toledo City,Lucas,269,12.9,3,80.2,75.0,73.5
068502,Turpin High School,047340,Forest Hills Local,Hamilton,971,17.1,5,101.3,100.0,101.4
068510,Liberty Elementary School,044537,North Ridgeville City,Lorain,626,12.0,,NC,NC,NC
068528,Beechcroft High School,043802,Columbus City Schools District,Franklin,580,63.6,2,60.2,55.3,55.0
068536,Centennial High School,043802,Columbus City Schools District,Franklin,676,52.2,2,72.5,65.7,71.0
068544,Gables Elementary School,043802,Columbus City Schools District,Franklin,451,25.9,2,75.7,72.6,72.0
068551,Sylvania Southview High School,044875,Sylvania Schools,Lucas,1144,27.7,4,93.6,91.6,91.7
068577,Kenton Ridge Middle/High School,046250,Northeastern Local,Clark,1007,29.2,3,81.2,81.4,78.3
068619,School For Creative and Performing Arts,043752,Cincinnati Public Schools,Hamilton,1285,20.5,3,84.4,84.7,82.7
070060,Magsig Middle School,043737,Centerville City,Montgomery,571,15.4,4,92.5,90.0,92.9
070078,Mifflin Alternative Middle School,043802,Columbus City Schools District,Franklin,360,70.0,1,42.0,40.8,44.4
070086,Avalon Elementary School,043802,Columbus City Schools District,Franklin,403,27.4,2,76.6,73.8,67.1
070201,Bexley Middle School,043620,Bexley City,Franklin,581,13.7,4,99.3,100.3,102.0
070235,Spaulding Elementary School,046342,Goshen Local,Clermont,574,16.3,4,94.7,96.5,96.7
070326,Woodford Academy,043752,Cincinnati Public Schools,Hamilton,366,34.2,2,68.2,65.1,57.9
070417,Canfield Village Middle School,048314,Canfield Local,Mahoning,777,14.6,5,102.8,104.1,105.8
070847,Creekside Middle School,046102,Fairfield City,Butler,1046,20.7,3,78.9,78.7,79.6
070920,Adena Elementary School,046110,Lakota Local,Butler,695,11.7,4,90.4,90.0,87.3
071027,Lakeview Middle School,050187,Lakeview Local,Trumbull,367,22.5,4,99.0,96.7,98.1
071068,Dover Middle School,043893,Dover City,Tuscarawas,611,15.0,3,88.9,89.7,90.3
071357,Brunswick Memorial Elementary School,043661,Brunswick City,Medina,366,17.6,5,101.2,96.5,93.3
071381,Windham Junior High School,045666,Windham Exempted Village,Portage,150,26.5,2,70.2,61.6,67.8
071399,Southeast Junior High School,049221,Southeast Local,Portage,330,20.2,3,78.2,79.5,85.5
081786,Lake Elementary School,049866,Lake Local,Stark,1226,9.3,5,102.0,102.1,101.5
081802,Woodland Elementary School,045583,Perrysburg Exempted Village,Wood,579,6.4,4,98.4,99.4,97.3
081810,Coshocton Elementary,043828,Coshocton City,Coshocton,885,21.4,3,80.1,81.1,79.2
082578,Fayetteville-Perry Middle School,046045,Fayetteville-Perry Local,Brown,146,17.9,3,82.9,82.5,86.5
082586,North Baltimore Middle School,050708,North Baltimore Local,Wood,90,20.2,2,77.0,80.0,83.2
083873,Lucas Heritage Middle School,049445,Lucas Local,Richland,66,9.6,3,84.5,80.7,85.7
084970,Boyd E Smith Elementary School,045500,Milford Exempted Village,Clermont,444,9.1,5,103.6,104.6,104.9
084988,River View Intermediate School,046482,River View Local,Coshocton,479,14.2,3,85.6,89.6,86.3
085076,Deer Run Elementary School,047027,Dublin City,Delaware,335,4.9,5,114.2,112.5,112.3
085084,Meadowbrook Middle School,047308,Rolling Hills Local,Guernsey,353,21.1,2,74.8,76.0,78.9
086454,Liberty Elementary School,045138,Worthington City,Franklin,421,8.1,4,97.4,95.7,93.9
086579,Fairfield Elementary School,046896,Pickerington Local,Fairfield,469,11.7,4,91.2,94.2,94.6
088963,Clinton-Massie Elementary School,046391,Clinton-Massie Local,Clinton,746,8.6,4,97.2,89.4,88.8
089565,Holly Hill Elementary School,046359,West Clermont Local,Clermont,423,38.9,3,81.4,88.2,79.5
089599,London Elementary School,044255,London City,Madison,1012,22.2,3,85.2,83.7,83.9
089631,Toronto Elementary School,044917,Toronto City,Jefferson,371,28.4,3,85.8,86.2,85.7
089649,Highland  Elementary School,048801,Highland Local,Morrow,845,14.2,4,90.5,90.3,91.2
091363,Shenandoah Elementary School,048900,Noble Local,Noble,801,12.4,3,87.4,85.2,86.7
091371,Fairbanks Middle School,050328,Fairbanks Local,Union,231,9.7,4,98.7,98.9,94.6
091389,Federal Hocking Middle School,045914,Federal Hocking Local,Athens,188,21.1,2,68.3,66.8,66.0
092726,Riverside Elementary School,047027,Dublin City,Franklin,290,19.3,3,86.5,87.8,83.1
093195,Oakwood Junior High School,044586,Oakwood City,Montgomery,318,6.5,5,105.5,107.1,107.4
094623,Academy Of World Languages School,043752,Cincinnati Public Schools,Hamilton,550,34.4,2,56.9,54.6,55.5
095661,Hillsboro Early Childhood Center,044123,Hillsboro City,Highland,454,23.5,,NC,NC,NC
095679,Donovan  Elementary School,044214,Lebanon City,Warren,802,11.9,4,92.6,91.6,91.6
095794,Mccord Middle School,045138,Worthington City,Franklin,636,12.8,4,93.6,93.0,93.3
095828,Rossford Junior High School,045609,Rossford Exempted Village,Wood,345,21.9,3,78.7,78.4,75.7
096396,Secrest Elementary School,047308,Rolling Hills Local,Guernsey,139,22.2,,NC,NC,NC
097071,Scottish Corners Elementary School,047027,Dublin City,Franklin,460,9.9,5,100.7,104.5,103.3
098079,Granby Elementary School,045138,Worthington City,Franklin,396,8.7,3,87.4,91.0,92.1
098087,Worthington Park Elementary School,045138,Worthington City,Franklin,372,10.6,4,90.4,93.8,93.8
098392,High Point Elementary School,046961,Gahanna-Jefferson City,Franklin,550,7.5,5,100.4,99.8,101.8
098418,Lakeview Elementary School,044834,Stow-Munroe Falls City School District,Summit,747,12.3,4,89.2,90.7,90.0
098426,Brunswick Middle School,043661,Brunswick City,Medina,1332,19.9,4,89.6,87.8,91.6
098467,Freedom Elementary School,046110,Lakota Local,Butler,683,6.9,4,92.1,93.6,93.8
098475,Ann Simpson Davis Middle School,047027,Dublin City,Franklin,879,19.2,3,83.8,85.9,89.0
098483,Griffith Thomas Elementary School,047027,Dublin City,Franklin,503,11.0,4,94.6,97.7,92.1
098491,Wyandot Elementary School,047027,Dublin City,Franklin,447,9.0,5,103.0,106.6,106.5
098566,Southington Middle School,050237,Southington Local,Trumbull,104,15.6,3,87.4,86.9,89.5
098574,Greenfield Middle School,045401,Greenfield Exempted Village,Highland,410,19.7,3,86.6,85.3,82.5
098590,Clark Montessori High School,043752,Cincinnati Public Schools,Hamilton,706,22.7,2,76.8,71.7,73.6
098640,Kings High School,050435,Kings Local,Warren,1267,19.5,4,98.1,92.8,92.7
098731,Shiloh Elementary School,049460,Plymouth-Shiloh Local,Richland,284,11.2,4,92.2,93.6,86.8
099416,North Royalton Middle School,044545,North Royalton City,Cuyahoga,1215,17.8,4,97.6,97.6,100.4
099580,Albert Chapman Elementary School,047027,Dublin City,Franklin,489,10.4,4,98.6,96.7,97.0
099598,Daniel Wright Elementary School,047027,Dublin City,Franklin,549,15.5,3,80.3,89.0,85.2
099606,Indian Hill Primary Elementary School,045435,Indian Hill Exempted Village,Hamilton,452,5.2,,NC,NC,NC
099648,McVay Elementary School,045047,Westerville City,Franklin,576,10.5,4,95.8,98.0,92.9
099655,Wilder Elementary School,045047,Westerville City,Franklin,478,17.7,3,86.2,92.3,85.7
099663,Heritage Middle School,045047,Westerville City,Delaware,593,16.4,4,89.2,87.4,82.6
099754,Talawanda Middle School,046151,Talawanda City,Butler,677,25.2,4,90.0,87.0,82.7
099804,Symmes Elementary School,044867,Sycamore Community City,Hamilton,653,6.4,5,104.4,101.9,103.9
099853,Clinton-Massie Middle School,046391,Clinton-Massie Local,Clinton,369,10.7,4,90.5,89.0,86.3
110007,Cardington-Lincoln Middle School,048793,Cardington-Lincoln Local,Morrow,279,14.7,2,73.8,79.5,83.0
110460,Slate Hill Elementary School,045138,Worthington City,Franklin,469,16.7,3,85.4,89.7,90.3
111054,Coldwater Elementary School,045310,Coldwater Exempted Village,Mercer,667,2.2,5,104.3,104.5,102.6
111062,Birch Primary School,044529,North Olmsted City,Cuyahoga,355,20.0,,NC,NC,NC
111138,Buckeye Local High School,047787,Buckeye Local,Jefferson,364,50.0,2,72.1,67.0,73.7
111146,Fort Meigs Elementary School,045583,Perrysburg Exempted Village,Wood,541,6.1,5,105.5,106.1,105.5
111179,Shawnee Early Childhood School,046110,Lakota Local,Butler,634,16.3,,NC,NC,NC
111187,Woodland Elementary School,046110,Lakota Local,Butler,608,11.2,4,96.0,97.5,97.3
111526,Vinton County Middle School,050393,Vinton County Local,Vinton,357,34.0,2,73.4,75.2,79.9
112094,Worthington Kilbourne High School,045138,Worthington City,Franklin,1532,26.8,4,93.4,92.8,95.7
112128,Bluffsview Elementary School,045138,Worthington City,Franklin,401,6.6,5,104.3,107.6,104.5
112573,Logan-Hocking Middle School,044248,Logan-Hocking Local,Hocking,998,30.2,3,82.3,84.3,85.8
112581,Pickerington Ridgeview Junior High School,046896,Pickerington Local,Fairfield,937,17.3,3,85.2,83.1,85.0
112698,Hilliard Station Sixth Grade Elementary School,047019,Hilliard City,Franklin,769,12.3,3,83.5,83.6,84.9
113175,Northridge Middle School,048033,Northridge Local,Licking,269,14.8,3,84.5,83.7,80.9
113860,Solon Middle School,046607,Solon City,Cuyahoga,769,7.7,5,112.9,109.7,111.9
113878,Parkside Elementary School,046607,Solon City,Cuyahoga,506,8.9,5,114.9,115.9,114.3
113910,Heritage Early Childhood School,046110,Lakota Local,Butler,600,9.1,,NC,NC,NC
114090,East Woods Intermediate School,050021,Hudson City,Summit,1031,8.9,5,106.3,107.8,106.2
114652,Parkway Elementary School,048579,Parkway Local,Mercer,393,7.9,5,101.8,97.7,94.9
114819,Gahanna South Middle School,046961,Gahanna-Jefferson City,Franklin,654,14.0,3,87.7,89.0,86.6
115873,A. I. Root Middle School,044388,Medina City SD,Medina,657,17.9,4,97.2,97.1,98.3
115881,Taylor Road Elementary School,047001,Reynoldsburg City,Licking,421,12.4,3,84.4,81.4,78.3
117382,Edgewood Middle School,046094,Edgewood City School District,Butler,761,28.0,2,74.7,74.0,75.4
117770,Wyandot Run Elementary School,046763,Olentangy Local,Delaware,693,3.6,5,104.5,106.3,105.4
117879,East Canton Middle School,049916,Osnaburg Local,Stark,192,21.8,3,84.9,82.2,84.8
118042,Norwich Elementary School,047019,Hilliard City,Franklin,469,7.1,3,87.6,90.0,93.5
118059,Hilliard Crossing Elementary School,047019,Hilliard City,Franklin,520,7.6,3,87.6,88.3,87.4
118141,Millcreek Elementary School,049064,Southern Local,Perry,345,27.4,2,75.3,73.9,78.0
118158,Canal Winchester Middle School,046946,Canal Winchester Local,Fairfield,883,20.4,3,86.4,81.5,83.9
118257,Kilbourne Middle School,045138,Worthington City,Franklin,466,13.1,4,95.4,97.7,97.8
118323,North Ridgeville Early Childhood Learning Community,044537,North Ridgeville City,Lorain,456,12.9,,NC,NC,NC
118331,Crooksville Elementary School,045351,Crooksville Exempted Village,Perry,452,17.4,3,80.4,79.7,75.8
118414,Cuyahoga Hts Middle School,046557,Cuyahoga Heights Local,Cuyahoga,169,5.4,5,103.2,100.8,102.1
118828,Loveland Elementary School,044271,Loveland City,Hamilton,612,9.0,5,104.6,102.8,101.9
118844,Euclid Schools Early Learning Village,043950,Euclid City,Cuyahoga,477,33.6,1,51.9,NC,NC
119438,Hilliard Weaver Middle School,047019,Hilliard City,Franklin,894,17.1,4,89.1,86.9,91.2
119768,Cherokee Elementary School,046110,Lakota Local,Butler,792,3.8,4,100.0,98.9,95.2
119776,Independence Elementary School,046110,Lakota Local,Butler,604,7.2,5,108.1,106.7,106.8
119792,Holloway Elementary School,048223,Springfield Local,Lucas,341,17.1,2,77.3,88.2,77.5
120212,Willard Grizzell Middle School,047027,Dublin City,Delaware,683,9.9,5,104.9,103.8,104.7
120261,Northwest Middle School,049635,Northwest Local,Scioto,244,31.5,3,79.3,76.7,79.5
120279,Northwest Elementary School,049635,Northwest Local,Scioto,574,22.1,4,92.8,89.7,90.0
120337,Mt  Orab Middle School,046060,Western Brown Local,Brown,600,16.8,4,90.4,88.1,87.9
120360,Blacklick Elementary School,046961,Gahanna-Jefferson City,Franklin,697,6.0,4,94.8,92.4,93.2
120485,Dublin Scioto High School,047027,Dublin City,Franklin,1359,29.0,4,90.5,89.1,82.7
121434,Ripley Union Lewis Huntington Elementary School,046078,Ripley-Union-Lewis-Huntington Local,Brown,416,22.7,3,85.2,86.5,90.7
121525,Buckeye Woods Elementary School,044800,South-Western City,Franklin,742,7.6,5,104.1,105.5,105.3
121533,Darby Woods Elementary School,044800,South-Western City,Franklin,562,20.1,3,85.1,79.8,77.9
121871,Mason Early Childhood Center Elementary School,050450,Mason City,Warren,1792,13.4,,NC,NC,NC
121954,Stevenson Elementary School,044115,Heath City,Licking,386,9.0,4,96.1,96.4,94.5
122028,Liberty-Benton Middle School,047449,Liberty-Benton Local,Hancock,459,6.6,4,99.7,99.1,99.4
122069,Amanda-Clearcreek Middle School,046847,Amanda-Clearcreek Local,Fairfield,316,25.6,3,78.7,78.1,78.6
122093,Robert F Schultz Elementary School,043877,Delaware City,Delaware,778,12.9,4,90.7,92.0,94.6
122143,Brooklyn School,043653,Brooklyn City,Cuyahoga,667,23.6,3,79.4,75.9,74.8
122507,Mary Emma Bailey Elementary School,047027,Dublin City,Franklin,502,3.4,5,106.4,107.4,108.7
122622,Mariemont Junior High School,044313,Mariemont City,Hamilton,220,14.1,5,108.4,106.7,107.7
122747,Hilliard Horizon Elementary School,047019,Hilliard City,Franklin,606,11.6,2,77.1,83.8,80.9
123026,Portage Collaborative Montessori School,043711,Canton City,Stark,174,8.8,5,106.8,104.5,100.5
123034,Woodridge Elementary School,049973,Woodridge Local,Summit,901,23.3,3,85.5,84.2,85.5
123141,Alum Creek Elementary School,046763,Olentangy Local,Delaware,624,8.3,5,106.1,105.3,101.1
123216,Bell Creek Intermediate School,047274,Bellbrook-Sugarcreek Local,Greene,685,7.6,5,104.4,101.4,103.4
123307,Tussing Elementary School,046896,Pickerington Local,Fairfield,648,11.6,3,84.6,83.4,83.1
123398,Green Intermediate Elementary School,050013,Green Local,Summit,874,10.2,4,99.3,100.3,99.2
123463,Cornerstone Elementary School,045120,Wooster City,Wayne,346,15.6,3,80.0,73.6,66.0
123539,Hilliard Darby High School,047019,Hilliard City,Franklin,1570,20.2,4,91.0,86.6,87.5
123547,Adena Middle School,049494,Adena Local,Ross,265,15.6,2,64.5,72.3,75.8
123810,Creekside Early Childhood School,046110,Lakota Local,Butler,722,9.9,,NC,NC,NC
123828,Lakota Ridge Junior School,046110,Lakota Local,Butler,673,17.5,4,89.4,85.2,88.0
123836,Lakota East High School,046110,Lakota Local,Butler,2173,17.3,4,96.9,93.8,90.1
124073,Crossroads Middle School,046102,Fairfield City,Butler,1066,21.2,3,82.4,79.6,79.7
124081,Fairfield East Elementary School,046102,Fairfield City,Butler,621,16.9,3,88.7,87.6,86.8
124214,Russellville Elementary School,046037,Eastern Local School District,Brown,297,13.2,5,100.5,99.5,93.7
124222,Eastern MS,046037,Eastern Local School District,Brown,231,17.3,3,80.7,85.8,84.2
124727,Gibsonburg Middle School,045385,Gibsonburg Exempted Village,Sandusky,155,11.7,2,74.3,74.8,80.2
124859,Batavia Middle School,046300,Batavia Local,Clermont,559,28.3,3,82.0,81.4,83.3
124867,East Clinton Junior High School,046409,East Clinton Local,Clinton,258,25.8,2,73.6,73.4,73.7
124875,Columbia Intermediate School,050435,Kings Local,Warren,816,10.3,4,96.6,99.3,98.2
125047,Mill Valley Elementary School,045476,Marysville Exempted Village,Union,405,12.5,4,91.3,95.1,94.7
125187,Coldwater Middle School,045310,Coldwater Exempted Village,Mercer,430,2.0,5,101.6,98.3,100.6
125229,Anthony Wayne Junior High School,048207,Anthony Wayne Local,Lucas,631,8.2,5,102.0,101.9,101.1
125245,Buckeye Valley Local Middle School,046755,Buckeye Valley Local,Delaware,584,15.9,4,93.8,89.7,90.2
125344,Darby Creek Elementary School,047019,Hilliard City,Franklin,524,4.2,4,94.6,92.6,92.5
125351,Felicity-Franklin Local Junior High School,046334,Felicity-Franklin Local,Clermont,105,39.9,3,79.0,77.2,74.4
125567,Sylvania Timberstone Junior High School,044875,Sylvania Schools,Lucas,614,14.7,4,89.3,88.4,88.7
125765,Locust Corner Elementary School,045559,New Richmond Exempted Village,Clermont,311,17.5,3,88.3,90.5,89.0
125773,Portsmouth West Elementary School,049650,Washington-Nile Local,Scioto,479,22.6,3,84.1,84.8,82.3
125781,Portsmouth West Middle School,049650,Washington-Nile Local,Scioto,338,23.2,2,70.8,74.8,76.7
125955,Kinsner Elementary School,044842,Strongsville City,Cuyahoga,628,6.5,5,102.2,102.7,104.5
126193,Mason Intermediate Elementary School,050450,Mason City,Warren,3110,9.1,5,104.1,103.6,103.6
126359,Avon Middle School,048116,Avon Local,Lorain,970,11.7,5,101.0,101.8,102.6
127639,Bluffton Middle School,045211,Bluffton Exempted Village,Allen,293,6.3,4,99.8,97.0,95.4
132225,Scioto Ridge Elementary School,046763,Olentangy Local,Delaware,617,7.6,5,105.7,105.8,108.0
132233,Arrowhead Elementary School,046763,Olentangy Local,Delaware,613,9.6,4,99.1,98.3,98.6
132258,Union Local Middle School,046011,Union Local,Belmont,307,31.9,2,75.6,78.6,81.1
132266,Union Local Elementary School,046011,Union Local,Belmont,560,18.3,2,77.8,83.1,82.0
132746,Summit Acdy Comm Schl for Alternative Learners of Middletown,132746,Summit Acdy Comm Schl for Alternative Learners of Middletown,Butler,105,38.7,2,59.0,57.0,56.8
132761,Summit Academy Community School Alternative Learners -Xenia,132761,Summit Academy Community School Alternative Learners -Xenia,Greene,148,52.1,2,57.4,48.9,50.7
132779,Summit Academy Akron Middle School,132779,Summit Academy Akron Middle School,Summit,71,37.5,1,53.0,50.6,53.1
132795,Cliff Park High School,132795,Cliff Park High School,Clark,350,97.0,1,49.9,49.3,48.8
132803,Marshall High School,132803,Marshall High School,Butler,688,97.2,1,52.6,52.2,53.4
132944,Miami Valley Academies,132944,Miami Valley Academies,Montgomery,119,49.2,1,51.0,51.0,59.8
132951,Constellation Schools: Lorain Community Elementary,132951,Constellation Schools: Lorain Community Elementary,Lorain,87,47.8,1,42.1,56.7,52.0
132969,Constellation Schools: Elyria Community,132969,Constellation Schools: Elyria Community,Lorain,400,36.9,2,65.0,66.3,73.2
132985,YB Columbus Community School,132985,YB Columbus Community School,Franklin,264,97.4,1,54.0,38.0,42.9
132993,Constellation Schools: Westpark Community Elementary,132993,Constellation Schools: Westpark Community Elementary,Cuyahoga,211,42.5,3,79.6,88.8,87.2
133215,Intergenerational School; The,133215,Intergenerational School; The,Cuyahoga,225,34.2,2,58.6,59.2,63.2
133256,Constellation Schools: Parma Community,133256,Constellation Schools: Parma Community,Cuyahoga,1215,46.9,2,66.3,70.9,70.6
133280,Washington Park Community School,133280,Washington Park Community School,Cuyahoga,169,77.1,2,60.7,54.6,55.0
133306,Summit Academy Community School for Alternative Learn-Canton,133306,Summit Academy Community School for Alternative Learn-Canton,Stark,141,44.5,1,52.1,52.9,56.2
133322,Summit Academy Community School Alternative Learners-Lorain,133322,Summit Academy Community School Alternative Learners-Lorain,Lorain,69,65.5,1,39.5,36.3,41.1
133330,T.C.P. World Academy,133330,T.C.P. World Academy,Hamilton,306,37.1,3,79.3,83.0,83.3
133348,Richard Allen Preparatory,133348,Richard Allen Preparatory,Montgomery,371,44.5,1,52.3,47.8,49.4
133421,Graham School; The,133421,Graham School; The,Franklin,132,64.3,2,60.8,58.8,59.6
133439,Cornerstone Academy Community School,133439,Cornerstone Academy Community School,Franklin,1177,24.2,3,84.4,86.4,88.4
133454,Alliance Community Schools; Inc. dba Dayton Leadership Acade,133454,Alliance Community Schools; Inc. dba Dayton Leadership Acade,Montgomery,540,39.8,1,50.5,54.8,53.3
133488,River Gate High School,133488,River Gate High School,Trumbull,173,95.2,1,47.2,48.6,51.6
133504,ReGeneration Schools Avondale Elementary,133504,ReGeneration Schools Avondale Elementary,Hamilton,144,80.5,1,50.9,45.0,37.8
133512,Cincinnati College Preparatory Academy,133512,Cincinnati College Preparatory Academy,Hamilton,941,34.6,2,69.6,66.9,67.6
133538,Edge Learning,133538,Edge Learning,Summit,242,40.8,2,59.4,58.4,51.3
133561,Ohio Achievement Charter Schools; Inc. dba Millennium Commun,133561,Ohio Achievement Charter Schools; Inc. dba Millennium Commun,Franklin,488,26.4,2,62.0,60.8,52.8
133587,Summit Academy Akron Elementary School,133587,Summit Academy Akron Elementary School,Summit,122,40.4,2,58.1,62.0,59.3
133603,Roosevelt Elementary School,043844,Dayton City,Montgomery,420,41.8,1,52.4,53.2,52.6
133629,Horizon Science Acad Cleveland,043786,Cleveland Municipal,Cuyahoga,290,57.3,2,64.1,61.9,59.7
133660,Horizon Science Academy Columbus,133660,Horizon Science Academy Columbus,Franklin,663,33.4,3,80.4,74.0,76.8
133678,Riverside Community School; Inc. dba Riverside Academy,133678,Riverside Community School; Inc. dba Riverside Academy,Hamilton,192,72.3,1,53.5,57.7,48.8
133736,Richard Allen Academy,133736,Richard Allen Academy,Butler,123,23.9,2,64.4,65.5,61.6
133835,Invictus High School,133835,Invictus High School,Cuyahoga,326,99.9,1,42.6,43.6,47.6
133868,Towpath Trail High School,133868,Towpath Trail High School,Summit,789,97.6,2,58.0,51.0,57.2
133942,Toledo School For The Arts,133942,Toledo School For The Arts,Lucas,738,22.2,3,81.3,80.6,80.0
134072,Youngstown Community School,134072,Youngstown Community School,Mahoning,348,40.7,2,57.0,58.2,60.5
134098,Constellation Schools: Old Brooklyn Community Elementary,134098,Constellation Schools: Old Brooklyn Community Elementary,Cuyahoga,360,55.3,1,53.9,58.3,58.8
134122,Autism Model School,134122,Autism Model School,Lucas,95,29.6,1,33.5,34.0,36.6
134197,Green Inspiration Academy,134197,Green Inspiration Academy,Cuyahoga,126,48.3,2,66.5,66.1,62.0
134213,Middlebury Academy,134213,Middlebury Academy,Summit,244,67.9,1,54.8,53.8,48.2
134247,City Day Community School,134247,City Day Community School,Montgomery,178,67.0,1,47.8,45.1,41.7
134692,Clear Fork Middle School,049411,Clear Fork Valley Local,Richland,357,15.9,3,83.8,83.9,84.7
135046,Eastern Elementary School,048512,Eastern Local,Meigs,367,33.0,3,87.3,85.4,86.7
135269,Rapid Run Middle School,047373,Oak Hills Local,Hamilton,636,19.7,4,94.2,92.2,94.4
135301,Henry Karrer Middle School,047027,Dublin City,Franklin,888,8.4,5,101.3,102.0,101.8
135327,Genoa Middle School,045047,Westerville City,Delaware,697,11.4,4,95.9,95.8,94.0
135517,Hillsboro Middle School,044123,Hillsboro City,Highland,458,31.9,3,85.7,86.5,90.2
135830,Nagel Middle School,047340,Forest Hills Local,Hamilton,1088,12.5,5,103.1,100.1,98.5
135863,Wauseon Primary School,045641,Wauseon Exempted Village,Fulton,425,9.2,,NC,NC,NC
136101,Twinsburg High School,050070,Twinsburg City,Summit,1106,17.1,4,96.8,94.9,95.6
136598,Medlar View Primary School,044396,Miamisburg City,Montgomery,342,21.5,,NC,93.3,88.8
136788,Southeast Intermediate Elementary School,049221,Southeast Local,Portage,314,10.2,4,90.3,88.6,89.8
136911,Indian Trail Elementary School,046946,Canal Winchester Local,Franklin,893,16.4,,NC,NC,NC
137265,Huntington Middle School,049502,Huntington Local,Ross,309,26.7,2,70.4,70.6,72.5
137273,Stanton Middle School,044164,Kent City,Portage,616,25.1,4,89.7,83.9,86.1
137455,Van Buren Middle School,047464,Van Buren Local,Hancock,236,6.8,4,94.1,95.3,93.6
137463,Piqua Junior High School,044644,Piqua City,Miami,439,30.3,3,82.2,82.5,78.0
138040,Lowellville Elementary School,048330,Lowellville Local,Mahoning,246,32.2,3,86.9,88.0,87.8
138065,John C Dempsey Middle School,043877,Delaware City,Delaware,1247,22.1,3,87.0,86.6,85.5
138198,Eastmoor Academy,043802,Columbus City Schools District,Franklin,557,63.5,2,61.4,57.4,56.4
138347,Mogadore Junior High School,050039,Mogadore Local,Summit,113,22.1,3,86.9,83.4,90.6
138552,Ridgewood Middle School,046474,Ridgewood Local,Coshocton,393,9.9,3,87.3,86.0,88.9
138602,Springboro Intermediate School,050427,Springboro Community City,Warren,501,7.7,4,93.3,95.9,93.1
138727,Franklin Woods Intermediate School,044800,South-Western City,Franklin,661,32.3,2,68.0,68.8,70.3
138735,Holt Crossing Intermediate School,044800,South-Western City,Franklin,734,27.0,2,72.7,73.2,72.7
138743,Galloway Ridge Intermediate School,044800,South-Western City,Franklin,694,26.2,2,69.9,69.0,66.0
138750,Park Street Intermediate School,044800,South-Western City,Franklin,676,23.7,3,85.1,85.5,84.1
138826,Julian & Marjorie Lange School Elementary School,044586,Oakwood City,Montgomery,130,6.9,,NC,NC,NC
138859,Little Miami Elementary School,050443,Little Miami Local,Warren,887,10.7,4,93.0,90.8,89.0
138958,Harmon Middle School,046896,Pickerington Local,Fairfield,631,11.0,4,89.2,89.2,84.7
138966,Diley Middle School,046896,Pickerington Local,Fairfield,589,11.6,4,90.0,89.1,88.5
139022,Southeastern Jr. High School,046276,Southeastern Local,Clark,99,19.3,3,87.4,84.8,93.3
139204,Tinora Elementary School,046722,Northeastern Local,Defiance,346,9.6,4,98.0,96.8,95.4
139212,Lynchburg-Clay Elementary School,047639,Lynchburg-Clay Local,Highland,474,12.6,4,96.1,94.5,97.1
139220,Lynchburg-Clay Middle School,047639,Lynchburg-Clay Local,Highland,238,16.3,3,88.7,90.6,89.6
139287,Central Intermediate School,044974,Wadsworth City,Medina,606,10.9,4,97.0,96.0,96.3
139311,Monroe High School,139303,Monroe Local,Butler,665,16.8,4,91.2,91.4,90.6
139337,Monroe Elementary School,139303,Monroe Local,Butler,1170,10.0,4,97.4,97.0,97.5
139360,Oak Creek Elementary School,046763,Olentangy Local,Delaware,603,9.1,5,102.0,103.2,103.7
139477,Bright Elementary School,047613,Bright Local,Highland,430,10.3,4,89.1,95.6,97.1
139485,Stingel Elementary School,049478,Ontario Local,Richland,922,8.9,4,97.3,97.8,97.1
139584,Girard Junior High School,044065,Girard City School District,Trumbull,217,34.8,3,85.9,85.9,87.6
139717,Loveland Intermediate School,044271,Loveland City,Hamilton,644,10.2,4,100.1,101.6,100.5
139873,Carson School,043752,Cincinnati Public Schools,Hamilton,762,54.3,2,62.6,58.9,55.8
140020,Liberty Center Middle School,047589,Liberty Center Local,Henry,292,6.7,5,105.8,101.9,99.4
140046,H G Blake Elementary School,044388,Medina City SD,Medina,473,10.2,4,92.3,101.1,100.4
140152,Choices Alternative School,043711,Canton City,Stark,215,97.5,2,57.1,44.3,50.7
140350,Portsmouth Elementary,044669,Portsmouth City,Scioto,800,21.4,2,68.5,67.3,67.5
140590,Creekview Intermediate Elementary School,045476,Marysville Exempted Village,Union,846,11.6,4,95.2,95.7,97.0
140806,Alton Darby Elementary School,047019,Hilliard City,Franklin,533,8.5,,NC,NC,NC
140814,Hilliard Tharp Sixth Grade Elementary School,047019,Hilliard City,Franklin,508,8.4,4,98.8,95.8,92.6
140822,Hoffman Trails Elementary School,047019,Hilliard City,Franklin,474,6.3,4,95.9,100.5,99.6
140830,Hilliard Memorial Middle School,047019,Hilliard City,Franklin,771,16.6,3,88.7,85.7,90.2
140871,Triad Middle School,046201,Triad Local,Champaign,232,17.8,3,85.3,88.7,85.6
140889,Leighton Elementary School,049171,Aurora City,Portage,658,7.2,5,102.5,103.0,103.2
140970,Tyler Run Elementary School,046763,Olentangy Local,Delaware,568,4.5,5,109.8,106.8,107.0
140988,Olentangy Liberty Middle School,046763,Olentangy Local,Delaware,1005,9.7,5,107.0,106.3,105.7
142000,Jackson Middle School,044800,South-Western City,Franklin,668,22.4,4,93.5,94.7,97.8
142018,Central Crossing High School,044800,South-Western City,Franklin,1657,46.5,3,80.3,77.9,80.5
142034,Columbus Africentric Early College High School,043802,Columbus City Schools District,Franklin,317,85.2,2,56.8,44.8,53.8
142141,Southern Elementary School,048538,Southern Local,Meigs,494,23.2,2,74.0,74.8,80.2
142158,Morgan Junior High School,048777,Morgan Local,Morgan,232,23.7,2,76.6,75.9,78.4
142166,East Elementary School,048777,Morgan Local,Morgan,329,15.2,3,81.8,76.3,84.7
142174,West Elementary School,048777,Morgan Local,Morgan,261,15.0,4,91.6,91.0,87.1
142182,South Elementary School,048777,Morgan Local,Morgan,274,19.1,3,88.1,80.8,82.8
142190,Fairfield Local Middle School,047621,Fairfield Local,Highland,187,19.1,4,91.0,88.8,91.9
142240,Belpre Elementary School,043604,Belpre City,Washington,481,27.7,3,83.9,83.3,85.3
142281,New London Middle School,047720,New London Local,Huron,205,18.6,2,76.6,77.6,77.9
142331,Anna Middle School,049759,Anna Local,Shelby,247,8.8,5,100.5,96.8,95.9
142398,Virtual High School,043752,Cincinnati Public Schools,Hamilton,431,91.6,1,39.6,39.5,39.7
142406,Fairview Elementary School,046714,Central Local,Defiance,399,6.8,4,95.3,92.4,87.7
142505,Bellaire Elementary School,043570,Bellaire Local,Belmont,484,34.2,4,95.7,95.7,89.5
142513,Bellaire Middle School,043570,Bellaire Local,Belmont,374,38.1,4,92.6,91.5,94.1
142554,Moreland Hills Elementary School,046581,Orange City,Cuyahoga,919,9.4,5,107.4,107.5,105.8
142638,Heritage Elementary School,046896,Pickerington Local,Fairfield,368,13.9,4,91.7,89.7,84.4
142901,Stark High School,142901,Stark High School,Stark,96,88.9,1,49.7,35.4,49.4
142919,Black River Career Prep High School,142919,Black River Career Prep High School,Lorain,170,97.2,1,28.5,38.5,33.0
142927,Focus Learning Academy of Southwestern Columbus,142927,Focus Learning Academy of Southwestern Columbus,Franklin,462,98.8,2,56.8,54.1,55.7
142935,Focus Learning Academy of Southeastern Columbus,142935,Focus Learning Academy of Southeastern Columbus,Franklin,252,97.8,2,58.6,47.2,42.0
142943,Focus Learning Academy of Northern Columbus,142943,Focus Learning Academy of Northern Columbus,Franklin,718,9.5,2,74.0,67.2,68.6
142950,Ohio Virtual Academy,142950,Ohio Virtual Academy,Lucas,14732,6.9,2,60.0,61.9,64.8
142968,Hope Academy Northcoast Campus,142968,Hope Academy Northcoast Campus,Cuyahoga,173,66.2,1,55.5,52.2,46.0
143172,International Acad Of Columbus,143172,International Acad Of Columbus,Franklin,311,29.3,3,78.6,73.5,73.5
143198,Great Western Academy,143198,Great Western Academy,Franklin,682,37.1,1,55.0,56.2,58.5
143206,Trotwood Preparatory & Fitness Academy,143206,Trotwood Preparatory & Fitness Academy,Montgomery,330,55.5,2,63.4,68.1,62.6
143214,Middletown Preparatory & Fitness Academy,143214,Middletown Preparatory & Fitness Academy,Butler,356,43.4,2,64.0,77.2,73.1
143297,The Autism Academy Of Learning,143297,The Autism Academy Of Learning,Lucas,54,33.8,1,41.1,44.4,NC
143305,TRECA Digital Academy,143305,TRECA Digital Academy,Marion,2071,30.2,2,59.6,59.9,63.5
143313,Innovation Academy West,143313,Innovation Academy West,Cuyahoga,130,37.5,2,69.2,67.5,57.2
143396,Alternative Education Academy,143396,Alternative Education Academy,Summit,6178,15.8,1,54.2,51.0,53.7
143479,Constellation Schools: Puritas Community Elementary,143479,Constellation Schools: Puritas Community Elementary,Cuyahoga,115,41.6,2,67.1,63.3,66.5
143487,Constellation Schools: Stockyard Community Elementary,143487,Constellation Schools: Stockyard Community Elementary,Cuyahoga,122,60.3,1,51.1,57.1,51.9
143529,North Dayton School of Discovery,143529,North Dayton School of Discovery,Montgomery,568,39.6,2,70.4,67.2,70.4
143602,Hamilton Cnty Math & Science,143602,Hamilton Cnty Math & Science,Hamilton,596,5.3,3,80.4,72.8,75.2
143610,Arts & College Preparatory Academy,143610,Arts & College Preparatory Academy,Franklin,472,55.6,3,78.3,78.7,82.3
143644,Sciotoville Community School,143644,Sciotoville Community School,Scioto,359,39.8,2,62.1,60.5,66.5
144881,Henry Defer Intermediate Elementary School,049239,Streetsboro City,Portage,285,16.3,4,91.3,85.1,80.6
145078,Pickerington Lakeview Junior High,046896,Pickerington Local,Fairfield,910,18.8,4,92.4,92.3,93.1
145086,Pickerington High School North,046896,Pickerington Local,Fairfield,1717,33.3,4,90.9,89.7,87.9
145292,Hill Intermediate Elementary School,046318,Bethel-Tate Local,Clermont,302,26.6,3,86.8,88.8,88.8
145300,Bick Primary Elementary School,046318,Bethel-Tate Local,Clermont,338,23.2,,NC,NC,NC
145352,Maysville Elementary School,048850,Maysville Local,Muskingum,756,15.2,4,92.1,90.8,92.1
145391,Alliance Middle School,043497,Alliance City,Stark,572,33.4,2,66.9,68.1,70.1
145409,Alliance Intermediate School @ Northside,043497,Alliance City,Stark,414,31.5,2,75.0,78.9,77.0
145417,Alliance Elementary School at Rockhill,043497,Alliance City,Stark,385,28.8,3,81.9,76.2,79.2
145433,Strausser Elementary School,049858,Jackson Local,Stark,812,5.5,5,105.3,103.2,104.3
145466,Winchester Trail Elementary,046946,Canal Winchester Local,Franklin,838,14.2,4,90.4,90.7,89.2
145532,Granville Intermediate School,045393,Granville Exempted Village,Licking,581,8.7,5,106.0,104.9,104.8
145557,Western Hills University High School,043752,Cincinnati Public Schools,Hamilton,1288,77.7,1,51.8,47.4,41.8
145581,Academy for Multilingual Immersion Studies,043752,Cincinnati Public Schools,Hamilton,525,39.7,1,50.5,52.9,55.7
145722,Riverview East Academy,043752,Cincinnati Public Schools,Hamilton,152,88.3,1,53.9,44.9,47.9
145870,Struthers Elementary School,044859,Struthers City,Mahoning,658,26.0,3,79.6,81.4,78.7
145953,Olentangy Liberty High School,046763,Olentangy Local,Delaware,1785,11.9,5,106.5,105.5,104.9
145987,Greeneview Elementary School,047266,Greeneview Local,Greene,409,13.9,5,100.9,99.4,91.2
146035,Unity Elementary School,044222,Lima City,Allen,252,26.3,2,60.4,60.9,50.6
146043,Freedom Elementary School,044222,Lima City,Allen,234,34.1,2,74.3,73.5,63.7
146050,Heritage Elementary School,044222,Lima City,Allen,452,32.1,2,70.1,75.3,75.5
146084,Eli Pinney Elementary School,047027,Dublin City,Delaware,547,4.6,5,105.8,106.3,105.9
146134,Navin Elementary School,045476,Marysville Exempted Village,Union,524,17.5,4,99.7,94.4,90.0
146167,Fouse Elementary School,045047,Westerville City,Delaware,453,11.7,4,97.9,100.0,100.3
146175,Alcott Elementary School,045047,Westerville City,Delaware,523,8.0,5,106.7,107.4,105.6
146183,Westerville Central High School,045047,Westerville City,Delaware,1410,26.6,3,87.6,85.3,84.8
146209,Westfall Elementary School,049106,Westfall Local,Pickaway,634,10.9,3,88.9,89.4,87.1
146217,Western Reserve Elementary School,047746,Western Reserve Local,Huron,460,13.2,3,86.6,86.4,91.8
146308,Wheelersburg Middle School,049668,Wheelersburg Local,Scioto,594,15.4,4,92.9,93.8,94.6
146332,Minster Elementary School,045948,Minster Local,Auglaize,501,3.7,5,109.1,109.6,109.2
146365,Withrow University High School,043752,Cincinnati Public Schools,Hamilton,1266,78.5,2,55.6,45.9,42.4
146373,Toledo Technology Academy of Engineering High School,044909,Toledo City,Lucas,287,8.1,4,97.3,99.0,96.8
146381,Eastern Primary Elementary School,049122,Eastern Local School District,Pike,208,26.9,,NC,NC,NC
146399,Eastern Intermediate Elementary School,049122,Eastern Local School District,Pike,186,21.2,3,87.9,87.6,85.8
146407,Eastern Middle School,049122,Eastern Local School District,Pike,194,29.8,2,77.6,79.9,79.9
146464,Rock Hill Elementary School,047944,Rock Hill Local,Lawrence,724,36.0,3,86.3,84.6,86.6
146472,Rock Hill Middle School,047944,Rock Hill Local,Lawrence,275,38.0,2,77.5,79.0,74.4
146480,Rock Hill Sr High School,047944,Rock Hill Local,Lawrence,286,28.8,2,77.1,66.9,69.0
146837,VanGorden Elementary School,046110,Lakota Local,Butler,672,6.4,5,101.2,100.8,99.1
146845,Lakota Plains Junior School,046110,Lakota Local,Butler,724,12.4,4,96.2,95.0,96.1
146860,Olentangy Orange Middle School,046763,Olentangy Local,Delaware,1056,15.6,4,97.6,97.9,100.7
146878,Indian Springs Elementary,046763,Olentangy Local,Delaware,676,6.5,5,103.7,105.6,104.6
146886,Walnut Creek Elementary,046763,Olentangy Local,Delaware,521,7.7,5,103.6,101.6,102.4
146928,Dublin Jerome High School,047027,Dublin City,Franklin,2010,15.9,5,107.5,106.8,105.0
146936,Buckeye Central Elementary School,046508,Buckeye Central Local,Crawford,264,7.1,4,99.2,94.9,94.8
147215,New Albany Early Learning Center,046995,New Albany-Plain Local,Franklin,468,12.1,,NC,NC,NC
147231,Schnee Learning Center,147231,Schnee Learning Center,Summit,75,92.8,1,55.2,54.1,60.8
147280,Rees E. Price Academy,043752,Cincinnati Public Schools,Hamilton,553,50.8,2,56.8,57.3,53.4
147397,Cleveland School of Science & Medicine,043786,Cleveland Municipal,Cuyahoga,379,36.0,4,89.3,93.2,90.1
147520,Woodward Career Technical High School,043752,Cincinnati Public Schools,Hamilton,839,83.5,1,45.2,43.1,43.4
147538,Aiken New Tech High School,043752,Cincinnati Public Schools,Hamilton,1198,80.2,1,55.3,48.5,46.2
147587,Patrick Henry Middle School,047597,Patrick Henry Local,Henry,269,10.6,4,94.9,93.3,92.8
147603,William H. Taft Elementary School,044339,Marion City,Marion,380,43.2,2,64.6,58.5,53.0
147611,James A. Garfield Elementary School,044339,Marion City,Marion,339,36.6,2,64.1,58.7,60.9
148320,Roll Hill School,043752,Cincinnati Public Schools,Hamilton,397,59.4,2,57.7,62.0,56.9
148809,Cambridge Primary School,043695,Cambridge City,Guernsey,433,25.5,,NC,NC,NC
148817,Cambridge Intermediate School,043695,Cambridge City,Guernsey,413,18.8,2,76.5,74.7,74.3
148981,Tomorrow Center,148981,Tomorrow Center,Morrow,102,50.8,1,47.2,44.9,49.4
148999,The Unlimited Classroom dba Valley Virtual Remote Learning A,148999,The Unlimited Classroom dba Valley Virtual Remote Learning A,Mahoning,106,77.5,2,61.4,61.2,57.6
149047,GOAL Digital Academy,149047,GOAL Digital Academy,Richland,838,23.4,1,50.4,49.5,52.8
149088,Fairborn Digital Academy,149088,Fairborn Digital Academy,Greene,216,1.4,2,57.7,51.7,53.0
149302,Skyway Career Prep High School,149302,Skyway Career Prep High School,Lucas,393,99.7,1,46.9,20.7,38.1
149328,Foxfire High School,149328,Foxfire High School,Muskingum,248,48.7,1,49.4,45.8,45.9
151175,West Central Learning Academy II,151175,West Central Learning Academy II,Allen,54,57.7,2,58.6,50.5,63.7
151183,Lake Erie International High School,151183,Lake Erie International High School,Cuyahoga,123,99.2,1,16.4,37.2,33.4
151209,Randall Park High School,151209,Randall Park High School,Cuyahoga,201,100.0,1,51.3,48.1,44.2
151928,Mulberry Elementary School,045500,Milford Exempted Village,Clermont,419,14.0,4,97.2,98.8,95.0
151936,McCormick Elementary School,045500,Milford Exempted Village,Clermont,577,11.0,4,98.3,100.3,99.1
151944,Meadowview Elementary School,045500,Milford Exempted Village,Clermont,565,13.3,5,103.3,102.7,102.0
151951,Pattison Elementary School,045500,Milford Exempted Village,Clermont,451,6.6,4,97.5,99.0,96.7
152116,Northwestern Elementary School,050575,Northwestern Local,Wayne,632,11.9,4,99.4,99.1,100.7
152132,Hayes Intermediate School,044800,South-Western City,Franklin,476,16.5,4,96.0,95.1,94.5
152157,Antwerp Local Middle School,048991,Antwerp Local,Paulding,142,9.9,4,97.0,92.8,92.4
152280,Larry Miller Intermediate Elementary School,048835,East Muskingum Local,Muskingum,489,9.7,5,102.5,102.2,102.5
152298,Jackson Southview Elementary School,044156,Jackson City,Jackson,351,21.3,4,93.9,96.2,100.4
