school_year,census_year,october_year,district_irn,district_name,census_poverty,neglected,delinquent,foster,tanf,total_formula_count,population_5_to_17,title1_share
2023-2024,2021,2022,000442,Manchester Local School District,206,0,,21,0,227,811,0.279901356350185
2023-2024,2021,2022,043489,Akron City School District,8128,0,,103,53,8284,27548,0.300711485407289
2023-2024,2021,2022,043497,Alliance City School District,799,0,,11,2,812,3132,0.259259259259259
2023-2024,2021,2022,043505,Ashland City School District,482,0,,39,0,521,3815,0.136566186107471
2023-2024,2021,2022,043513,Ashtabula Area City School District,1179,0,,7,2,1188,4158,0.285714285714286
2023-2024,2021,2022,043521,Athens City School District,544,0,,16,2,562,2673,0.210250654695099
2023-2024,2021,2022,043539,Barberton City School District,885,0,,92,6,983,3680,0.267119565217391
2023-2024,2021,2022,043547,Bay Village City School District,90,0,,5,0,95,3010,0.03156146179402
2023-2024,2021,2022,043554,Beachwood City School District,148,0,,5,1,154,2364,0.065143824027073
2023-2024,2021,2022,043562,Bedford City School District,830,17,,114,3,964,3794,0.254085397996837
2023-2024,2021,2022,043570,Bellaire Local School District,349,0,,0,0,349,1292,0.270123839009288
2023-2024,2021,2022,043588,Bellefontaine City School District,490,0,,26,0,516,2885,0.178856152512998
2023-2024,2021,2022,043596,Bellevue City School District,258,0,,7,1,266,2329,0.114212108200945
2023-2024,2021,2022,043604,Belpre City School District,271,0,,8,1,280,1261,0.222045995241871
2023-2024,2021,2022,043612,Berea City School District,836,37,,131,3,1007,6850,0.147007299270073
2023-2024,2021,2022,043620,Bexley City School District,118,0,,0,1,119,2877,0.041362530413625
2023-2024,2021,2022,043638,Bowling Green City School District,418,0,,8,2,428,3602,0.1188228761799
2023-2024,2021,2022,043646,Brecksville-Broadview Heights City School District,243,0,,1,1,245,4658,0.05259768140833
2023-2024,2021,2022,043653,Brooklyn City School District,285,0,,9,1,295,1558,0.189345314505777
2023-2024,2021,2022,043661,Brunswick City School District,548,0,,15,3,566,7861,0.072001017682229
2023-2024,2021,2022,043679,Bryan City School District,301,0,,3,0,304,2145,0.141724941724942
2023-2024,2021,2022,043687,Bucyrus City School District,340,0,,10,0,350,1614,0.216852540272615
2023-2024,2021,2022,043695,Cambridge City School District,567,0,,37,1,605,2336,0.258989726027397
2023-2024,2021,2022,043703,Campbell City School District,513,0,,2,1,516,1295,0.398455598455599
2023-2024,2021,2022,043711,Canton City School District,3590,0,,62,7,3659,10205,0.358549730524253
2023-2024,2021,2022,043729,Celina City School District,398,0,,13,1,412,3001,0.13728757080973
2023-2024,2021,2022,043737,Centerville City School District,659,0,,16,2,677,10069,0.067236071109346
2023-2024,2021,2022,043745,Chillicothe City School District,944,0,,27,3,974,3529,0.275998866534429
2023-2024,2021,2022,043752,Cincinnati City School District,15964,102,,517,43,16626,49486,0.335973810774765
2023-2024,2021,2022,043760,Circleville City School District,490,0,,6,0,496,2375,0.208842105263158
2023-2024,2021,2022,043778,Claymont City School District,495,0,,27,1,523,2116,0.247164461247637
2023-2024,2021,2022,043786,Cleveland Municipal School District,22254,60,,168,91,22573,56731,0.397895330595265
2023-2024,2021,2022,043794,Cleveland Heights-University Heights City School District,1658,0,,77,7,1742,8583,0.202959338226727
2023-2024,2021,2022,043802,Columbus City School District,22571,32,,489,100,23192,77218,0.300344479266492
2023-2024,2021,2022,043810,Conneaut Area City School District,471,0,,22,1,494,1996,0.24749498997996
2023-2024,2021,2022,043828,Coshocton City School District,486,0,,13,1,500,1884,0.265392781316348
2023-2024,2021,2022,043836,Cuyahoga Falls City School District,552,0,,20,4,576,5272,0.109256449165402
2023-2024,2021,2022,043844,Dayton City School District,8143,28,,204,25,8400,22932,0.366300366300366
2023-2024,2021,2022,043851,Deer Park Community City School District,210,0,,10,1,221,1434,0.154114365411437
2023-2024,2021,2022,043869,Defiance City School District,427,0,,5,1,433,2775,0.156036036036036
2023-2024,2021,2022,043877,Delaware City School District,475,0,,13,0,488,6335,0.077032359905288
2023-2024,2021,2022,043885,Delphos City School District,161,0,,0,0,161,1632,0.098651960784314
2023-2024,2021,2022,043893,Dover City School District,317,0,,3,0,320,2761,0.115900036218761
2023-2024,2021,2022,043901,East Cleveland City School District,1112,0,,79,5,1196,2450,0.488163265306122
2023-2024,2021,2022,043919,East Liverpool City School District,779,0,,2,1,782,2394,0.326649958228906
2023-2024,2021,2022,043927,East Palestine City School District,258,0,,13,0,271,1307,0.20734506503443
2023-2024,2021,2022,043935,Eaton Community City School District,308,0,,19,2,329,2311,0.142362613587192
2023-2024,2021,2022,043943,Elyria City School District,2048,0,,33,4,2085,7740,0.26937984496124
2023-2024,2021,2022,043950,Euclid City School District,2244,0,,103,9,2356,8034,0.293253671894449
2023-2024,2021,2022,043968,Fairborn City School District,1184,0,,19,2,1205,5334,0.225909261342332
2023-2024,2021,2022,043976,Fairview Park City School District,208,0,,6,1,215,2312,0.092993079584775
2023-2024,2021,2022,043984,Findlay City School District,880,0,,40,2,922,5866,0.157176951926355
2023-2024,2021,2022,043992,Fostoria City School District,598,0,,7,0,605,2376,0.25462962962963
2023-2024,2021,2022,044008,Franklin City School District,489,0,,10,1,500,3293,0.151837230488916
2023-2024,2021,2022,044016,Fremont City School District,945,0,,1,1,947,4645,0.203875134553283
2023-2024,2021,2022,044024,Galion City School District,425,0,,10,1,436,2169,0.201014292300599
2023-2024,2021,2022,044032,Gallipolis City School District,553,0,,3,0,556,2248,0.247330960854093
2023-2024,2021,2022,044040,Garfield Heights City School District,1345,0,,79,5,1429,4930,0.289858012170385
2023-2024,2021,2022,044057,Geneva Area City School District,421,0,,9,1,431,2404,0.179284525790349
2023-2024,2021,2022,044065,Girard City School District,409,0,,5,1,415,1682,0.246730083234245
2023-2024,2021,2022,044073,Grandview Heights City School District,49,0,,3,0,52,1260,0.041269841269841
2023-2024,2021,2022,044081,Winton Woods City School District,1054,0,,10,3,1067,5035,0.211916583912612
2023-2024,2021,2022,044099,Greenville City School District,556,0,,11,3,570,3336,0.170863309352518
2023-2024,2021,2022,044107,Hamilton City School District,1984,0,,45,9,2038,10345,0.197003383276945
2023-2024,2021,2022,044115,Heath City School District,282,0,,7,1,290,1755,0.165242165242165
2023-2024,2021,2022,044123,Hillsboro City School District,510,0,,27,0,537,2651,0.202565069784987
2023-2024,2021,2022,044131,Huron City School District,216,0,,3,1,220,1482,0.148448043184885
2023-2024,2021,2022,044149,Ironton City School District,398,0,,10,0,408,1571,0.259707192870783
2023-2024,2021,2022,044156,Jackson City School District,562,0,,49,1,612,2738,0.223520818115413
2023-2024,2021,2022,044164,Kent City School District,661,0,,15,1,677,3178,0.213027061044682
2023-2024,2021,2022,044172,Kenton City School District,523,0,,10,3,536,2023,0.264953040039545
2023-2024,2021,2022,044180,Kettering City School District,1234,0,,14,4,1252,8892,0.140800719748088
2023-2024,2021,2022,044198,Lakewood City School District,825,0,,33,3,861,5451,0.157952669235003
2023-2024,2021,2022,044206,Lancaster City School District,1167,0,,13,4,1184,7280,0.162637362637363
2023-2024,2021,2022,044214,Lebanon City School District,503,0,,12,1,516,6757,0.076365250850969
2023-2024,2021,2022,044222,Lima City School District,1722,0,,17,6,1745,5133,0.339957140074031
2023-2024,2021,2022,044230,Lockland Local School District,267,0,,6,1,274,724,0.378453038674033
2023-2024,2021,2022,044248,Logan-Hocking Local School District,812,0,,32,0,844,3934,0.214539908490086
2023-2024,2021,2022,044255,London City School District,414,0,,4,2,420,2338,0.179640718562874
2023-2024,2021,2022,044263,Lorain City School District,3644,0,,25,6,3675,9910,0.370837537840565
2023-2024,2021,2022,044271,Loveland City School District,309,0,,10,1,320,5860,0.054607508532423
2023-2024,2021,2022,044289,Madeira City School District,67,0,,2,0,69,2096,0.032919847328244
2023-2024,2021,2022,044297,Mansfield City School District,1731,0,,23,5,1759,5297,0.332074759297716
2023-2024,2021,2022,044305,Maple Heights City School District,1338,0,,77,5,1420,4357,0.325912324994262
2023-2024,2021,2022,044313,Mariemont City School District,94,0,,2,0,96,1884,0.050955414012739
2023-2024,2021,2022,044321,Marietta City School District,615,0,,36,2,653,3008,0.217087765957447
2023-2024,2021,2022,044339,Marion City School District,1429,0,,29,3,1461,5106,0.286133960047003
2023-2024,2021,2022,044347,Martins Ferry City School District,361,0,,0,0,361,1481,0.243754220121539
2023-2024,2021,2022,044354,Massillon City School District,991,0,,10,2,1003,4444,0.225697569756976
2023-2024,2021,2022,044362,Maumee City School District,368,0,,15,2,385,2817,0.136670216542421
2023-2024,2021,2022,044370,Mayfield City School District,378,0,,20,2,400,4989,0.080176388053718
2023-2024,2021,2022,044388,Medina City School District,488,0,,18,1,507,7794,0.065050038491147
2023-2024,2021,2022,044396,Miamisburg City School District,860,0,,24,3,887,6217,0.142673315103748
2023-2024,2021,2022,044404,Middletown City School District,2009,0,,61,10,2080,8411,0.247295208655332
2023-2024,2021,2022,044412,Mount Healthy City School District,1529,0,,80,4,1613,4745,0.339936775553214
2023-2024,2021,2022,044420,Mount Vernon City School District,813,0,,46,0,859,4545,0.188998899889989
2023-2024,2021,2022,044438,Napoleon Area City School District,271,0,,7,0,278,2305,0.12060737527115
2023-2024,2021,2022,044446,Nelsonville-York City School District,321,0,,16,0,337,1063,0.317027281279398
2023-2024,2021,2022,044453,Newark City School District,1857,0,,80,7,1944,7715,0.251976668826961
2023-2024,2021,2022,044461,New Boston Local School District,160,0,,7,0,167,359,0.465181058495822
2023-2024,2021,2022,044479,New Lexington City School District,392,0,,6,1,399,1863,0.214170692431562
2023-2024,2021,2022,044487,New Philadelphia City School District,558,0,,12,2,572,3408,0.167840375586854
2023-2024,2021,2022,044495,Niles City School District,669,0,,3,1,673,2575,0.261359223300971
2023-2024,2021,2022,044503,North Canton City School District,311,0,,19,1,331,4765,0.069464847848898
2023-2024,2021,2022,044511,North College Hill City School District,671,0,,25,2,698,2051,0.340321794246709
2023-2024,2021,2022,044529,North Olmsted City School District,641,0,,41,3,685,4511,0.151851030813567
2023-2024,2021,2022,044537,North Ridgeville City School District,372,0,,8,1,381,5474,0.069601753744976
2023-2024,2021,2022,044545,North Royalton City School District,356,0,,24,1,381,5344,0.071294910179641
2023-2024,2021,2022,044552,Norton City School District,206,0,,25,1,232,2236,0.103756708407871
2023-2024,2021,2022,044560,Norwalk City School District,507,0,,4,4,515,3242,0.158852560148057
2023-2024,2021,2022,044578,Norwood City School District,600,0,,12,2,614,2483,0.247281514297221
2023-2024,2021,2022,044586,Oakwood City School District,69,0,,1,0,70,2291,0.030554343081624
2023-2024,2021,2022,044594,Oberlin City School District,220,0,,2,0,222,1191,0.18639798488665
2023-2024,2021,2022,044602,Oregon City School District,472,0,,46,2,520,3653,0.142348754448399
2023-2024,2021,2022,044610,Orrville City School District,260,0,,8,1,269,1933,0.139161924469736
2023-2024,2021,2022,044628,Painesville City Local School District,794,6,,3,2,805,2937,0.274089206673476
2023-2024,2021,2022,044636,Parma City School District,2272,0,,206,9,2487,14598,0.170365803534731
2023-2024,2021,2022,044644,Piqua City School District,641,0,,13,0,654,3941,0.165947729002791
2023-2024,2021,2022,044651,Port Clinton City School District,286,0,,4,2,292,1649,0.17707701637356
2023-2024,2021,2022,044669,Portsmouth City School District,1305,0,,71,4,1380,2968,0.464959568733154
2023-2024,2021,2022,044677,Princeton City School District,1262,0,,69,4,1335,6828,0.195518453427065
2023-2024,2021,2022,044685,Ravenna City School District,774,0,,31,2,807,2848,0.283356741573034
2023-2024,2021,2022,044693,Reading Community City School District,315,0,,6,1,322,1659,0.194092827004219
2023-2024,2021,2022,044701,Rocky River City School District,195,0,,5,1,201,3396,0.059187279151943
2023-2024,2021,2022,044719,St. Bernard-Elmwood Place City School District,293,0,,8,1,302,1019,0.296368989205103
2023-2024,2021,2022,044727,St. Marys City School District,276,0,,4,0,280,2376,0.117845117845118
2023-2024,2021,2022,044735,Salem City School District,527,0,,9,1,537,2427,0.221260815822002
2023-2024,2021,2022,044743,Sandusky City School District,1321,0,,6,4,1331,3802,0.350078905839032
2023-2024,2021,2022,044750,Shaker Heights City School District,619,0,,49,3,671,5891,0.113902563232049
2023-2024,2021,2022,044768,Sheffield-Sheffield Lake City School District,306,0,,3,1,310,1893,0.163761225567882
2023-2024,2021,2022,044776,Shelby City School District,348,0,,7,1,356,2266,0.157105030891439
2023-2024,2021,2022,044784,Sidney City School District,773,0,,13,0,786,4185,0.187813620071685
2023-2024,2021,2022,044792,South Euclid-Lyndhurst City School District,686,0,,82,3,771,4789,0.160993944456045
2023-2024,2021,2022,044800,South-Western City School District,5091,69,,115,23,5298,26570,0.19939781708694
2023-2024,2021,2022,044818,Springfield City School District,3107,18,,18,3,3146,9168,0.343150087260035
2023-2024,2021,2022,044826,Steubenville City School District,700,0,,20,1,721,2296,0.314024390243902
2023-2024,2021,2022,044834,Stow-Munroe Falls City School District,398,0,,28,3,429,5970,0.071859296482412
2023-2024,2021,2022,044842,Strongsville City School District,509,0,,32,2,543,7431,0.073072264836496
2023-2024,2021,2022,044859,Struthers City School District,506,0,,2,1,509,1743,0.292025243832473
2023-2024,2021,2022,044867,Sycamore Community City School District,430,0,,18,1,449,7194,0.06241312204615
2023-2024,2021,2022,044875,Sylvania City School District,844,11,,30,4,889,10121,0.087837170240095
2023-2024,2021,2022,044883,Tallmadge City School District,280,4,,15,2,301,2926,0.102870813397129
2023-2024,2021,2022,044891,Tiffin City School District,470,0,,7,0,477,3204,0.148876404494382
2023-2024,2021,2022,044909,Toledo City School District,11516,0,,234,52,11802,35378,0.333597150771666
2023-2024,2021,2022,044917,Toronto City School District,208,0,,0,0,208,821,0.253349573690621
2023-2024,2021,2022,044925,Troy City School District,577,0,,12,0,589,5196,0.113356428021555
2023-2024,2021,2022,044933,Upper Arlington City School District,250,0,,4,1,255,7653,0.033320266562132
2023-2024,2021,2022,044941,Urbana City School District,400,0,,2,1,403,2167,0.185971389017074
2023-2024,2021,2022,044958,Vandalia-Butler City School District,435,0,,18,1,454,3782,0.120042305658382
2023-2024,2021,2022,044966,Van Wert City School District,325,0,,1,3,329,2212,0.14873417721519
2023-2024,2021,2022,044974,Wadsworth City School District,343,0,,29,1,373,4955,0.075277497477296
2023-2024,2021,2022,044982,Wapakoneta City School District,392,0,,2,1,395,3258,0.121240024554942
2023-2024,2021,2022,044990,Warren City School District,2361,16,,17,2,2396,5959,0.402080886054707
2023-2024,2021,2022,045005,Warrensville Heights City School District,835,0,,38,3,876,2538,0.345153664302601
2023-2024,2021,2022,045013,Washington Court House City School District,613,0,,21,1,635,2447,0.259501430322844
2023-2024,2021,2022,045021,Wellston City School District,472,0,,14,1,487,1580,0.308227848101266
2023-2024,2021,2022,045039,Wellsville Local School District,230,0,,1,0,231,699,0.330472103004292
2023-2024,2021,2022,045047,Westerville City School District,2066,0,,86,9,2161,18533,0.116602816597421
2023-2024,2021,2022,045054,West Carrollton City School District,799,0,,8,3,810,3931,0.206054439074027
2023-2024,2021,2022,045062,Westlake City School District,357,0,,16,1,374,4850,0.077113402061856
2023-2024,2021,2022,045070,Whitehall City School District,1081,0,,37,5,1123,3909,0.287285750831415
2023-2024,2021,2022,045088,Wickliffe City School District,205,0,,4,0,209,1755,0.119088319088319
2023-2024,2021,2022,045096,Willard City School District,365,0,,5,3,373,1854,0.201186623516721
2023-2024,2021,2022,045104,Willoughby-Eastlake City School District,701,0,,13,1,715,8583,0.083304205988582
2023-2024,2021,2022,045112,Wilmington City School District,531,0,,24,1,556,3345,0.166218236173393
2023-2024,2021,2022,045120,Wooster City School District,580,0,,25,1,606,4005,0.151310861423221
2023-2024,2021,2022,045138,Worthington City School District,904,0,,21,4,929,12109,0.076719795193658
2023-2024,2021,2022,045146,Wyoming City School District,87,0,,7,0,94,2237,0.042020563254359
2023-2024,2021,2022,045153,Xenia Community City School District,1052,0,,13,1,1066,5430,0.196316758747698
2023-2024,2021,2022,045161,Youngstown City School District,4742,135,,37,11,4925,9625,0.511688311688312
2023-2024,2021,2022,045179,Zanesville City School District,1359,0,,40,3,1402,4274,0.328029948525971
2023-2024,2021,2022,045187,Ada Exempted Village School District,161,0,,3,1,165,957,0.172413793103448
2023-2024,2021,2022,045195,Amherst Exempted Village School District,372,0,,11,1,384,4304,0.089219330855019
2023-2024,2021,2022,045203,Barnesville Exempted Village School District,239,0,,13,0,252,1288,0.195652173913043
2023-2024,2021,2022,045211,Bluffton Exempted Village School District,66,0,,2,0,68,1080,0.062962962962963
2023-2024,2021,2022,045229,Bradford Exempted Village School District,81,0,,1,0,82,594,0.138047138047138
2023-2024,2021,2022,045237,Bridgeport Exempted Village School District,204,0,,0,0,204,827,0.246674727932285
2023-2024,2021,2022,045245,Harrison Hills City School District,395,0,,15,2,412,1987,0.207347760442879
2023-2024,2021,2022,045252,Caldwell Exempted Village School District,146,0,,2,0,148,882,0.167800453514739
2023-2024,2021,2022,045260,Carey Exempted Village School District,81,0,,0,0,81,909,0.089108910891089
2023-2024,2021,2022,045278,Carrollton Exempted Village School District,457,0,,9,0,466,2544,0.183176100628931
2023-2024,2021,2022,045286,Chagrin Falls Exempted Village School District,73,0,,0,0,73,1973,0.036999493157628
2023-2024,2021,2022,045294,Chesapeake Union Exempted Village School District,202,0,,4,0,206,1191,0.17296389588581
2023-2024,2021,2022,045302,Clyde-Green Springs Exempted Village School District,324,0,,4,0,328,2109,0.155523944997629
2023-2024,2021,2022,045310,Coldwater Exempted Village School District,47,0,,1,0,48,1423,0.033731553056922
2023-2024,2021,2022,045328,Columbiana Exempted Village School District,125,0,,0,0,125,1082,0.115526802218115
2023-2024,2021,2022,045336,Covington Exempted Village School District,94,0,,2,0,96,898,0.106904231625835
2023-2024,2021,2022,045344,Crestline Exempted Village School District,210,0,,10,0,220,929,0.236813778256189
2023-2024,2021,2022,045351,Crooksville Exempted Village School District,202,0,,7,1,210,971,0.216271884654995
2023-2024,2021,2022,045369,Fairport Harbor Exempted Village School District,80,0,,1,0,81,412,0.196601941747573
2023-2024,2021,2022,045377,Georgetown Exempted Village School District,242,0,,2,0,244,1090,0.223853211009174
2023-2024,2021,2022,045385,Gibsonburg Exempted Village School District,93,0,,1,0,94,867,0.108419838523645
2023-2024,2021,2022,045393,Granville Exempted Village School District,74,0,,1,0,75,2950,0.025423728813559
2023-2024,2021,2022,045401,Greenfield Exempted Village School District,505,0,,37,0,542,2278,0.237928007023705
2023-2024,2021,2022,045419,Hicksville Exempted Village School District,104,0,,0,0,104,1005,0.103482587064677
2023-2024,2021,2022,045427,Hubbard Exempted Village School District,235,0,,2,0,237,1841,0.128734383487235
2023-2024,2021,2022,045435,Indian Hill Exempted Village School District,134,0,,3,0,137,2924,0.046853625170999
2023-2024,2021,2022,045443,Leetonia Exempted Village School District,162,0,,3,0,165,742,0.222371967654987
2023-2024,2021,2022,045450,Lisbon Exempted Village School District,204,0,,3,0,207,810,0.255555555555555
2023-2024,2021,2022,045468,Loudonville-Perrysville Exempted Village School District,178,0,,11,0,189,1229,0.153783563873067
2023-2024,2021,2022,045476,Marysville Exempted Village School District,344,0,,13,0,357,5831,0.061224489795918
2023-2024,2021,2022,045484,Mechanicsburg Exempted Village School District,83,0,,2,0,85,865,0.098265895953757
2023-2024,2021,2022,045492,Mentor Exempted Village School District,523,0,,20,1,544,8748,0.062185642432556
2023-2024,2021,2022,045500,Milford Exempted Village School District,441,0,,24,1,466,8083,0.057651861932451
2023-2024,2021,2022,045518,Milton-Union Exempted Village School District,187,0,,8,0,195,1528,0.12761780104712
2023-2024,2021,2022,045526,Montpelier Exempted Village School District,147,0,,2,0,149,921,0.161780673181325
2023-2024,2021,2022,045534,Mount Gilead Exempted Village School District,192,0,,3,1,196,1195,0.164016736401674
2023-2024,2021,2022,045542,Newcomerstown Exempted Village School District,184,0,,27,0,211,1012,0.208498023715415
2023-2024,2021,2022,045559,New Richmond Exempted Village School District,283,0,,9,0,292,2390,0.122175732217573
2023-2024,2021,2022,045567,Newton Falls Exempted Village School District,206,0,,3,0,209,1255,0.166533864541833
2023-2024,2021,2022,045575,Paulding Exempted Village School District,278,0,,0,0,278,1749,0.158947970268725
2023-2024,2021,2022,045583,Perrysburg Exempted Village School District,239,0,,5,1,245,6185,0.039611964430073
2023-2024,2021,2022,045591,Rittman Exempted Village School District,165,0,,3,1,169,1112,0.151978417266187
2023-2024,2021,2022,045609,Rossford Exempted Village School District,212,0,,5,0,217,1870,0.116042780748663
2023-2024,2021,2022,045617,Tipp City Exempted Village School District,146,0,,2,0,148,2789,0.05306561491574
2023-2024,2021,2022,045625,Upper Sandusky Exempted Village School District,175,0,,17,0,192,1825,0.105205479452055
2023-2024,2021,2022,045633,Versailles Exempted Village School District,53,0,,1,0,54,1328,0.04066265060241
2023-2024,2021,2022,045641,Wauseon Exempted Village School District,197,0,,1,0,198,1867,0.106052490626674
2023-2024,2021,2022,045658,Wellington Exempted Village School District,160,0,,3,0,163,1305,0.124904214559387
2023-2024,2021,2022,045666,Windham Exempted Village School District,154,0,,9,0,163,527,0.309297912713473
2023-2024,2021,2022,045674,Yellow Springs Exempted Village School District,64,0,,0,0,64,576,0.111111111111111
2023-2024,2021,2022,045757,Allen East Local School District,96,0,,1,0,97,1095,0.088584474885845
2023-2024,2021,2022,045765,Bath Local School District,237,0,,6,1,244,1798,0.135706340378198
2023-2024,2021,2022,045773,Elida Local School District,531,0,,7,2,540,3101,0.17413737504031
2023-2024,2021,2022,045781,Perry Local School District,93,0,,0,0,93,603,0.154228855721393
2023-2024,2021,2022,045799,Shawnee Local School District,232,0,,8,1,241,2952,0.081639566395664
2023-2024,2021,2022,045807,Spencerville Local School District,103,0,,1,0,104,932,0.111587982832618
2023-2024,2021,2022,045823,Hillsdale Local School District,133,0,,3,0,136,1167,0.116538131962296
2023-2024,2021,2022,045831,Mapleton Local School District,158,0,,8,0,166,1237,0.134195634599838
2023-2024,2021,2022,045856,Buckeye Local School District,276,0,,18,0,294,1685,0.174480712166172
2023-2024,2021,2022,045864,Grand Valley Local School District,243,0,,7,0,250,2215,0.112866817155756
2023-2024,2021,2022,045872,Jefferson Area Local School District,295,0,,17,0,312,1983,0.157337367624811
2023-2024,2021,2022,045880,Pymatuning Valley Local School District,308,0,,8,0,316,1531,0.206401045068583
2023-2024,2021,2022,045906,Alexander Local School District,259,0,,17,0,276,1543,0.178872326636423
2023-2024,2021,2022,045914,Federal Hocking Local School District,273,0,,16,0,289,1115,0.259192825112108
2023-2024,2021,2022,045922,Trimble Local School District,191,0,,13,0,204,682,0.299120234604106
2023-2024,2021,2022,045948,Minster Local School District,27,0,,2,0,29,968,0.02995867768595
2023-2024,2021,2022,045955,New Bremen Local School District,28,0,,0,0,28,880,0.031818181818182
2023-2024,2021,2022,045963,New Knoxville Local School District,20,0,,1,0,21,392,0.053571428571429
2023-2024,2021,2022,045971,Waynesfield-Goshen Local School District,31,0,,0,0,31,447,0.069351230425056
2023-2024,2021,2022,045997,St. Clairsville-Richland City School District,208,0,,7,0,215,1787,0.120313374370453
2023-2024,2021,2022,046003,Shadyside Local School District,109,0,,0,0,109,701,0.155492154065621
2023-2024,2021,2022,046011,Union Local School District,250,0,,7,0,257,1466,0.175306957708049
2023-2024,2021,2022,046037,Eastern Local School District,293,0,,5,0,298,1562,0.190781049935979
2023-2024,2021,2022,046045,Fayetteville-Perry Local School District,106,0,,5,0,111,814,0.136363636363636
2023-2024,2021,2022,046060,Western Brown Local School District,582,0,,23,2,607,3069,0.197784294558488
2023-2024,2021,2022,046078,Ripley-Union-Lewis-Huntington Local School District,276,0,,8,0,284,942,0.301486199575371
2023-2024,2021,2022,046094,Edgewood City School District,382,0,,1,2,385,3963,0.097148624779208
2023-2024,2021,2022,046102,Fairfield City School District,1067,0,,28,5,1100,11677,0.094202277982358
2023-2024,2021,2022,046110,Lakota Local School District,1144,0,,28,6,1178,21214,0.055529367398888
2023-2024,2021,2022,046128,Madison Local School District,144,0,,5,1,150,1557,0.096339113680154
2023-2024,2021,2022,046136,New Miami Local School District,132,0,,1,1,134,623,0.215088282504013
2023-2024,2021,2022,046144,Ross Local School District,198,0,,3,1,202,3145,0.06422893481717
2023-2024,2021,2022,046151,Talawanda City School District,327,12,,9,2,350,3706,0.094441446303292
2023-2024,2021,2022,046177,Brown Local School District,144,0,,11,0,155,715,0.216783216783217
2023-2024,2021,2022,046193,Graham Local School District,216,0,,4,0,220,1944,0.113168724279835
2023-2024,2021,2022,046201,Triad Local School District,96,0,,1,0,97,1005,0.096517412935323
2023-2024,2021,2022,046219,West Liberty-Salem Local School District,76,0,,4,0,80,1108,0.072202166064982
2023-2024,2021,2022,046235,Greenon Local School District,221,0,,5,0,226,2025,0.111604938271605
2023-2024,2021,2022,046243,Tecumseh Local School District,592,0,,7,0,599,3186,0.188010043942247
2023-2024,2021,2022,046250,Northeastern Local School District,446,0,,2,0,448,3563,0.12573673870334
2023-2024,2021,2022,046268,Northwestern Local School District,241,0,,4,0,245,1880,0.13031914893617
2023-2024,2021,2022,046276,Southeastern Local School District,96,0,,2,0,98,766,0.127937336814621
2023-2024,2021,2022,046284,Clark-Shawnee Local School District,312,0,,10,0,322,2049,0.157149829184968
2023-2024,2021,2022,046300,Batavia Local School District,385,0,,4,0,389,2603,0.149442950441798
2023-2024,2021,2022,046318,Bethel-Tate Local School District,196,0,,18,0,214,1649,0.129775621588842
2023-2024,2021,2022,046326,Clermont Northeastern Local School District,222,0,,2,0,224,2000,0.112
2023-2024,2021,2022,046334,Felicity-Franklin Local School District,151,0,,9,0,160,877,0.182440136830103
2023-2024,2021,2022,046342,Goshen Local School District,338,14,,7,0,359,3017,0.11899237653298
2023-2024,2021,2022,046359,West Clermont Local School District,1015,0,,41,2,1058,10827,0.09771866629722
2023-2024,2021,2022,046367,Williamsburg Local School District,111,0,,5,0,116,983,0.118006103763988
2023-2024,2021,2022,046383,Blanchester Local School District,201,0,,8,0,209,1558,0.134146341463415
2023-2024,2021,2022,046391,Clinton-Massie Local School District,132,0,,16,0,148,1829,0.080918534718425
2023-2024,2021,2022,046409,East Clinton Local School District,203,0,,5,0,208,1393,0.149318018664752
2023-2024,2021,2022,046425,Beaver Local School District,332,0,,10,0,342,1834,0.186477644492912
2023-2024,2021,2022,046433,Crestview Local School District,140,0,,3,0,143,1025,0.139512195121951
2023-2024,2021,2022,046441,Southern Local School District,216,0,,2,0,218,858,0.254079254079254
2023-2024,2021,2022,046458,United Local School District,204,0,,9,0,213,1100,0.193636363636364
2023-2024,2021,2022,046474,Ridgewood Local School District,237,0,,4,0,241,1579,0.152628245725142
2023-2024,2021,2022,046482,River View Local School District,394,0,,14,1,409,2603,0.157126392623895
2023-2024,2021,2022,046508,Buckeye Central Local School District,118,0,,4,0,122,862,0.1415313225058
2023-2024,2021,2022,046516,Colonel Crawford Local School District,83,0,,4,0,87,860,0.101162790697674
2023-2024,2021,2022,046524,Wynford Local School District,130,0,,4,0,134,1086,0.123388581952118
2023-2024,2021,2022,046557,Cuyahoga Heights Local School District,34,0,,20,0,54,628,0.085987261146497
2023-2024,2021,2022,046565,Independence Local School District,49,0,,0,0,49,1302,0.037634408602151
2023-2024,2021,2022,046573,Olmsted Falls City School District,249,0,,10,1,260,3863,0.06730520320994
2023-2024,2021,2022,046581,Orange City School District,135,0,,5,1,141,2771,0.050884157343919
2023-2024,2021,2022,046599,Richmond Heights Local School District,242,0,,17,1,260,1186,0.219224283305228
2023-2024,2021,2022,046607,Solon City School District,259,0,,9,1,269,5053,0.053235701563428
2023-2024,2021,2022,046623,Ansonia Local School District,83,0,,0,0,83,651,0.127496159754224
2023-2024,2021,2022,046631,Arcanum-Butler Local School District,104,0,,2,0,106,1147,0.092414995640802
2023-2024,2021,2022,046649,Franklin Monroe Local School District,67,0,,1,0,68,666,0.102102102102102
2023-2024,2021,2022,046672,Mississinawa Valley Local School District,133,0,,1,2,136,729,0.186556927297668
2023-2024,2021,2022,046680,Tri-Village Local School District,107,0,,1,0,108,793,0.136191677175284
2023-2024,2021,2022,046706,Ayersville Local School District,58,0,,0,0,58,672,0.086309523809524
2023-2024,2021,2022,046714,Central Local School District,148,0,,1,0,149,1137,0.131046613896218
2023-2024,2021,2022,046722,Northeastern Local School District,72,0,,2,0,74,971,0.076210092687951
2023-2024,2021,2022,046748,Big Walnut Local School District,166,0,,4,0,170,4717,0.036039855840577
2023-2024,2021,2022,046755,Buckeye Valley Local School District,189,0,,4,0,193,3070,0.062866449511401
2023-2024,2021,2022,046763,Olentangy Local School District,547,0,,4,1,552,23029,0.023969777237396
2023-2024,2021,2022,046789,Edison Local (formerly Berlin-Milan) School District,179,0,,3,1,183,1557,0.117533718689788
2023-2024,2021,2022,046797,Kelleys Island Local School District,1,0,,0,0,1,14,0.071428571428571
2023-2024,2021,2022,046805,Margaretta Local School District,199,0,,6,0,205,1135,0.180616740088106
2023-2024,2021,2022,046813,Perkins Local School District,179,0,,5,0,184,2093,0.087912087912088
2023-2024,2021,2022,046821,Vermilion Local School District,210,0,,9,0,219,1991,0.109994977398292
2023-2024,2021,2022,046847,Amanda-Clearcreek Local School District,195,0,,20,1,216,1705,0.126686217008798
2023-2024,2021,2022,046854,Berne Union Local School District,105,0,,4,0,109,931,0.117078410311493
2023-2024,2021,2022,046862,Bloom-Carroll Local School District,127,0,,5,0,132,2434,0.054231717337716
2023-2024,2021,2022,046870,Fairfield Union Local School District,239,0,,6,1,246,2070,0.118840579710145
2023-2024,2021,2022,046888,Liberty Union-Thurston Local School District,129,0,,2,0,131,1351,0.096965210954848
2023-2024,2021,2022,046896,Pickerington Local School District,776,0,,27,2,805,12032,0.066904920212766
2023-2024,2021,2022,046904,Walnut Township Local School District,84,0,,3,0,87,586,0.148464163822526
2023-2024,2021,2022,046920,Miami Trace Local School District,454,27,,18,0,499,2794,0.178596993557624
2023-2024,2021,2022,046946,Canal Winchester Local School District,480,0,,49,2,531,4469,0.118818527634818
2023-2024,2021,2022,046953,Hamilton Local School District,551,0,,50,2,603,3051,0.1976401179941
2023-2024,2021,2022,046961,Gahanna-Jefferson City School District,786,0,,28,3,817,9651,0.084654439954409
2023-2024,2021,2022,046979,Groveport Madison Local School District,1771,0,,160,8,1939,8903,0.217791755588004
2023-2024,2021,2022,046995,New Albany-Plain Local School District,285,0,,11,1,297,5591,0.053121087461992
2023-2024,2021,2022,047001,Reynoldsburg City School District,1286,0,,80,6,1372,8290,0.165500603136309
2023-2024,2021,2022,047019,Hilliard City School District,1600,0,,47,7,1654,18834,0.087819900180525
2023-2024,2021,2022,047027,Dublin City School District,1151,0,,25,5,1181,18280,0.064606126914661
2023-2024,2021,2022,047043,Archbold Area Local School District,100,0,,2,0,102,1324,0.077039274924471
2023-2024,2021,2022,047050,Evergreen Local School District,119,0,,1,0,120,1444,0.083102493074792
2023-2024,2021,2022,047068,Fayette Local School District,65,0,,0,0,65,427,0.152224824355972
2023-2024,2021,2022,047076,Pettisville Local School District,32,0,,0,0,32,419,0.0763723150358
2023-2024,2021,2022,047084,Pike-Delta-York Local School District,161,0,,1,0,162,1417,0.114326040931545
2023-2024,2021,2022,047092,Swanton Local School District,170,0,,3,0,173,1477,0.117129316181449
2023-2024,2021,2022,047167,Berkshire Local School District,155,0,,5,0,160,2236,0.071556350626118
2023-2024,2021,2022,047175,Cardinal Local School District,357,0,,2,0,359,3546,0.101240834743373
2023-2024,2021,2022,047183,Chardon Local School District,231,8,,8,0,247,3383,0.073012119420633
2023-2024,2021,2022,047191,Kenston Local School District,122,0,,5,0,127,3214,0.039514623522091
2023-2024,2021,2022,047225,West Geauga Local School District,161,0,,6,0,167,3103,0.053818884950048
2023-2024,2021,2022,047241,Beavercreek City School District,474,0,,11,0,485,9833,0.049323705888335
2023-2024,2021,2022,047258,Cedar Cliff Local School District,59,0,,1,0,60,709,0.084626234132581
2023-2024,2021,2022,047266,Greeneview Local School District,164,0,,6,0,170,1432,0.118715083798883
2023-2024,2021,2022,047274,Bellbrook-Sugarcreek Local School District,174,0,,4,0,178,3369,0.052834669041259
2023-2024,2021,2022,047308,Rolling Hills Local School District,363,10,,16,1,390,1795,0.217270194986072
2023-2024,2021,2022,047332,Finneytown Local School District,250,0,,19,1,270,1784,0.151345291479821
2023-2024,2021,2022,047340,Forest Hills Local School District,491,0,,29,1,521,9767,0.053342889321184
2023-2024,2021,2022,047365,Northwest Local School District,2024,0,,110,6,2140,12796,0.167239762425758
2023-2024,2021,2022,047373,Oak Hills Local School District,1156,0,,25,3,1184,11749,0.100774534002894
2023-2024,2021,2022,047381,Southwest Local School District,696,0,,126,2,824,5215,0.158005752636625
2023-2024,2021,2022,047399,Three Rivers Local School District,285,0,,14,1,300,2926,0.102529049897471
2023-2024,2021,2022,047415,Arcadia Local School District,43,0,,4,0,47,455,0.103296703296703
2023-2024,2021,2022,047423,Arlington Local School District,38,0,,5,0,43,731,0.058823529411765
2023-2024,2021,2022,047431,Cory-Rawson Local School District,76,0,,3,0,79,774,0.102067183462532
2023-2024,2021,2022,047449,Liberty-Benton Local School District,79,0,,6,0,85,1395,0.060931899641577
2023-2024,2021,2022,047456,McComb Local School District,75,0,,5,0,80,789,0.101394169835234
2023-2024,2021,2022,047464,Van Buren Local School District,77,0,,0,0,77,1138,0.067662565905097
2023-2024,2021,2022,047472,Vanlue Local School District,17,0,,0,0,17,275,0.061818181818182
2023-2024,2021,2022,047498,Hardin Northern Local School District,68,0,,2,0,70,459,0.152505446623094
2023-2024,2021,2022,047506,Ridgemont Local School District,110,0,,0,0,110,786,0.139949109414758
2023-2024,2021,2022,047514,Riverdale Local School District,149,0,,6,0,155,1054,0.147058823529412
2023-2024,2021,2022,047522,Upper Scioto Valley Local School District,150,0,,0,1,151,707,0.213578500707214
2023-2024,2021,2022,047548,Conotton Valley Union Local School District,78,0,,15,0,93,486,0.191358024691358
2023-2024,2021,2022,047571,Holgate Local School District,29,0,,0,0,29,439,0.066059225512528
2023-2024,2021,2022,047589,Liberty Center Local School District,87,28,,11,0,126,1037,0.121504339440694
2023-2024,2021,2022,047597,Patrick Henry Local School District,113,0,,6,0,119,946,0.125792811839324
2023-2024,2021,2022,047613,Bright Local School District,153,0,,5,0,158,885,0.178531073446328
2023-2024,2021,2022,047621,Fairfield Local School District,123,0,,6,0,129,964,0.133817427385892
2023-2024,2021,2022,047639,Lynchburg-Clay Local School District,186,0,,7,0,193,1193,0.161777032690696
2023-2024,2021,2022,047688,East Holmes Local School District,575,0,,2,0,577,5635,0.102395740905058
2023-2024,2021,2022,047696,West Holmes Local School District,657,0,,18,0,675,3545,0.190409026798308
2023-2024,2021,2022,047712,Monroeville Local School District,59,0,,0,0,59,694,0.085014409221902
2023-2024,2021,2022,047720,New London Local School District,151,0,,2,1,154,1025,0.150243902439024
2023-2024,2021,2022,047738,South Central Local School District,145,0,,3,1,149,1036,0.143822393822394
2023-2024,2021,2022,047746,Western Reserve Local School District,183,0,,3,1,187,1151,0.1624674196351
2023-2024,2021,2022,047761,Oak Hill Union Local School District,292,0,,9,1,302,1340,0.225373134328358
2023-2024,2021,2022,047787,Buckeye Local School District,391,0,,7,0,398,1921,0.207183758459136
2023-2024,2021,2022,047795,Edison Local School District,381,0,,5,0,386,2027,0.190429205722743
2023-2024,2021,2022,047803,Indian Creek Local School District,492,0,,4,0,496,2596,0.191063174114022
2023-2024,2021,2022,047829,Centerburg Local School District,133,0,,8,0,141,1260,0.111904761904762
2023-2024,2021,2022,047837,Danville Local School District,191,0,,2,0,193,928,0.207974137931035
2023-2024,2021,2022,047845,East Knox Local School District,272,0,,8,0,280,1847,0.151597184623714
2023-2024,2021,2022,047852,Fredericktown Local School District,223,0,,10,0,233,1483,0.157113958192852
2023-2024,2021,2022,047878,Kirtland Local School District,100,0,,1,0,101,1388,0.072766570605187
2023-2024,2021,2022,047886,Madison Local School District,278,0,,10,0,288,2944,0.097826086956522
2023-2024,2021,2022,047894,Riverside Local School District,360,0,,6,0,366,5776,0.063365650969529
2023-2024,2021,2022,047902,Perry Local School District,175,0,,3,0,178,1649,0.10794420861128
2023-2024,2021,2022,047928,Dawson-Bryant Local School District,189,0,,15,0,204,999,0.204204204204204
2023-2024,2021,2022,047936,Fairland Local School District,250,0,,1,0,251,1633,0.153704837721984
2023-2024,2021,2022,047944,Rock Hill Local School District,337,55,,7,0,399,1522,0.26215505913272
2023-2024,2021,2022,047951,South Point Local School District,446,0,,11,1,458,1822,0.251372118551043
2023-2024,2021,2022,047969,Symmes Valley Local School District,129,0,,6,0,135,724,0.18646408839779
2023-2024,2021,2022,047985,Johnstown-Monroe Local School District,141,0,,3,0,144,1941,0.0741885625966
2023-2024,2021,2022,047993,Lakewood Local School District,332,0,,20,1,353,2128,0.165883458646616
2023-2024,2021,2022,048009,Licking Heights Local School District,569,0,,23,3,595,5459,0.108994321304268
2023-2024,2021,2022,048017,Licking Valley Local School District,243,0,,10,1,254,2117,0.119981105337742
2023-2024,2021,2022,048025,North Fork Local School District,315,0,,8,1,324,1951,0.166068682726807
2023-2024,2021,2022,048033,Northridge Local School District,144,0,,3,0,147,1493,0.098459477561956
2023-2024,2021,2022,048041,Southwest Licking Local School District,451,0,,39,2,492,5348,0.091997008227375
2023-2024,2021,2022,048074,Benjamin Logan Local School District,172,0,,20,0,192,2006,0.095712861415753
2023-2024,2021,2022,048082,Indian Lake Local School District,264,0,,13,0,277,1645,0.16838905775076
2023-2024,2021,2022,048090,Riverside Local School District,87,0,,0,0,87,707,0.123055162659123
2023-2024,2021,2022,048116,Avon Local School District,280,0,,2,1,283,5392,0.052485163204748
2023-2024,2021,2022,048124,Avon Lake City School District,203,0,,1,0,204,4612,0.044232437120555
2023-2024,2021,2022,048132,Clearview Local School District,368,0,,3,1,372,1108,0.335740072202166
2023-2024,2021,2022,048140,Columbia Local School District,73,0,,1,0,74,962,0.076923076923077
2023-2024,2021,2022,048157,Firelands Local School District,172,0,,5,0,177,1748,0.101258581235698
2023-2024,2021,2022,048165,Keystone Local School District,217,0,,2,0,219,1804,0.12139689578714
2023-2024,2021,2022,048173,Midview Local School District,391,0,,7,1,399,3230,0.123529411764706
2023-2024,2021,2022,048207,Anthony Wayne Local School District,299,0,,22,1,322,5971,0.053927315357562
2023-2024,2021,2022,048215,Ottawa Hills Local School District,55,0,,0,0,55,1200,0.045833333333333
2023-2024,2021,2022,048223,Springfield Local School District,705,0,,34,3,742,4717,0.157303370786517
2023-2024,2021,2022,048231,Washington Local School District,1574,0,,51,7,1632,7936,0.205645161290323
2023-2024,2021,2022,048256,Jefferson Local School District,198,0,,4,0,202,1154,0.175043327556326
2023-2024,2021,2022,048264,Jonathan Alder Local School District,230,0,,3,0,233,2372,0.09822934232715
2023-2024,2021,2022,048272,Madison-Plains Local School District,252,0,,5,0,257,1486,0.172947510094213
2023-2024,2021,2022,048298,Austintown Local School District,847,0,,19,2,868,4704,0.18452380952381
2023-2024,2021,2022,048306,Boardman Local School District,922,0,,26,3,951,4909,0.193725809737217
2023-2024,2021,2022,048314,Canfield Local School District,180,0,,4,0,184,3159,0.058246280468503
2023-2024,2021,2022,048322,Jackson-Milton Local School District,135,0,,8,0,143,840,0.170238095238095
2023-2024,2021,2022,048330,Lowellville Local School District,47,0,,0,0,47,294,0.159863945578231
2023-2024,2021,2022,048348,Poland Local School District,170,0,,2,0,172,2281,0.075405523893029
2023-2024,2021,2022,048355,Sebring Local School District,151,0,,10,0,161,545,0.295412844036697
2023-2024,2021,2022,048363,South Range Local School District,129,0,,8,0,137,1157,0.118409680207433
2023-2024,2021,2022,048371,Springfield Local School District,120,0,,3,0,123,1049,0.117254528122021
2023-2024,2021,2022,048389,West Branch Local School District,275,0,,7,0,282,1950,0.144615384615385
2023-2024,2021,2022,048397,Western Reserve Local School District,69,0,,1,0,70,553,0.126582278481013
2023-2024,2021,2022,048413,Elgin Local School District,200,0,,2,0,202,1132,0.178445229681979
2023-2024,2021,2022,048421,Pleasant Local School District,161,0,,2,0,163,1363,0.119589141599413
2023-2024,2021,2022,048439,Ridgedale Local School District,89,0,,2,0,91,774,0.117571059431525
2023-2024,2021,2022,048447,River Valley Local School District,230,0,,6,0,236,1960,0.120408163265306
2023-2024,2021,2022,048462,Black River Local School District,253,0,,9,0,262,1887,0.138844727080021
2023-2024,2021,2022,048470,Buckeye Local School District,167,0,,1,0,168,2383,0.070499370541334
2023-2024,2021,2022,048488,Cloverleaf Local School District,292,0,,21,1,314,2902,0.108201240523777
2023-2024,2021,2022,048496,Highland Local School District,141,0,,5,0,146,3948,0.036980749746707
2023-2024,2021,2022,048512,Eastern Local School District,141,0,,1,0,142,827,0.171704957678356
2023-2024,2021,2022,048520,Meigs Local School District,526,0,,7,1,534,1809,0.295190713101161
2023-2024,2021,2022,048538,Southern Local School District,157,0,,2,0,159,738,0.215447154471545
2023-2024,2021,2022,048553,Marion Local School District,94,0,,0,0,94,947,0.099260823653643
2023-2024,2021,2022,048579,Parkway Local School District,125,0,,4,0,129,1100,0.117272727272727
2023-2024,2021,2022,048587,St. Henry Consolidated Local School District,22,0,,0,0,22,995,0.022110552763819
2023-2024,2021,2022,048595,Fort Recovery Local School District,35,0,,1,0,36,891,0.04040404040404
2023-2024,2021,2022,048611,Bethel Local School District,133,0,,5,0,138,2042,0.067580803134182
2023-2024,2021,2022,048629,Miami East Local School District,73,0,,2,0,75,1482,0.050607287449393
2023-2024,2021,2022,048637,Newton Local School District,26,0,,2,0,28,643,0.043545878693624
2023-2024,2021,2022,048652,Switzerland of Ohio Local School District,480,0,,7,0,487,2445,0.199182004089979
2023-2024,2021,2022,048678,Brookville Local School District,172,0,,3,1,176,1646,0.106925880923451
2023-2024,2021,2022,048686,Jefferson Township Local School District,216,0,,6,1,223,767,0.290743155149935
2023-2024,2021,2022,048694,Trotwood-Madison City School District,1153,0,,27,4,1184,3380,0.350295857988166
2023-2024,2021,2022,048702,Mad River Local School District,675,0,,22,2,699,3568,0.195908071748879
2023-2024,2021,2022,048710,New Lebanon Local School District,184,0,,25,1,210,1093,0.192131747483989
2023-2024,2021,2022,048728,Northmont City School District,564,0,,27,2,593,5704,0.103962131837307
2023-2024,2021,2022,048736,Northridge Local School District,620,19,,12,2,653,1529,0.4270765206017
2023-2024,2021,2022,048744,Valley View Local School District,232,0,,20,1,253,2145,0.117948717948718
2023-2024,2021,2022,048751,Huber Heights City School District,1117,0,,42,4,1163,7373,0.157737691577377
2023-2024,2021,2022,048777,Morgan Local School District,439,0,,4,0,443,1975,0.224303797468354
2023-2024,2021,2022,048793,Cardington-Lincoln Local School District,171,0,,5,1,177,1084,0.163284132841328
2023-2024,2021,2022,048801,Highland Local School District,209,0,,3,0,212,1783,0.118900729108244
2023-2024,2021,2022,048819,Northmor Local School District,192,0,,5,1,198,1369,0.144631117604091
2023-2024,2021,2022,048835,East Muskingum Local School District,210,44,,14,0,268,2228,0.120287253141831
2023-2024,2021,2022,048843,Franklin Local School District,364,0,,25,1,390,2198,0.177434030937216
2023-2024,2021,2022,048850,Maysville Local School District,277,0,,13,1,291,1749,0.166380789022298
2023-2024,2021,2022,048876,Tri-Valley Local School District,627,0,,31,2,660,3340,0.197604790419162
2023-2024,2021,2022,048884,West Muskingum Local School District,311,0,,13,1,325,1954,0.16632548618219
2023-2024,2021,2022,048900,Noble Local School District,201,0,,0,1,202,1159,0.174288179465056
2023-2024,2021,2022,048926,Benton-Carroll-Salem Local School District,154,0,,5,0,159,1580,0.100632911392405
2023-2024,2021,2022,048934,Danbury Local School District,55,0,,0,0,55,452,0.121681415929204
2023-2024,2021,2022,048942,Genoa Area Local School District,89,0,,6,0,95,1345,0.070631970260223
2023-2024,2021,2022,048959,Middle Bass Local School District,1,0,,0,0,1,14,0.071428571428571
2023-2024,2021,2022,048967,North Bass Local School District,0,0,,0,0,0,0,0
2023-2024,2021,2022,048975,Put-in-Bay Local School District,10,0,,0,0,10,62,0.161290322580645
2023-2024,2021,2022,048991,Antwerp Local School District,97,0,,0,0,97,727,0.133425034387895
2023-2024,2021,2022,049031,Wayne Trace Local School District,121,0,,0,0,121,956,0.126569037656904
2023-2024,2021,2022,049056,Northern Local School District,346,0,,21,1,368,2625,0.140190476190476
2023-2024,2021,2022,049064,Southern Local School District,206,0,,5,0,211,744,0.283602150537634
2023-2024,2021,2022,049080,Logan Elm Local School District,277,0,,4,0,281,2050,0.137073170731707
2023-2024,2021,2022,049098,Teays Valley Local School District,385,0,,12,0,397,4330,0.091685912240185
2023-2024,2021,2022,049106,Westfall Local School District,163,0,,6,0,169,1396,0.121060171919771
2023-2024,2021,2022,049122,Eastern Local School District,204,0,,2,0,206,879,0.234357224118316
2023-2024,2021,2022,049130,Scioto Valley Local School District,379,0,,7,0,386,1420,0.271830985915493
2023-2024,2021,2022,049148,Waverly City School District,435,0,,7,1,443,1887,0.234764175940646
2023-2024,2021,2022,049155,Western Local School District,272,0,,1,0,273,862,0.316705336426914
2023-2024,2021,2022,049171,Aurora City School District,137,0,,3,0,140,3249,0.043090181594337
2023-2024,2021,2022,049189,Crestwood Local School District,231,0,,10,0,241,1837,0.131192161132281
2023-2024,2021,2022,049197,Field Local School District,293,0,,17,0,310,2510,0.123505976095618
2023-2024,2021,2022,049205,James A. Garfield Local School District,187,0,,3,0,190,1464,0.129781420765027
2023-2024,2021,2022,049213,Rootstown Local School District,135,0,,2,0,137,1350,0.101481481481482
2023-2024,2021,2022,049221,Southeast Local School District,306,0,,5,0,311,1784,0.17432735426009
2023-2024,2021,2022,049239,Streetsboro City School District,301,0,,9,0,310,2381,0.130197396052079
2023-2024,2021,2022,049247,Waterloo Local School District,169,0,,12,0,181,1325,0.136603773584906
2023-2024,2021,2022,049270,National Trail Local School District,162,0,,8,0,170,1120,0.151785714285714
2023-2024,2021,2022,049288,Preble Shawnee Local School District,219,0,,10,0,229,1544,0.148316062176166
2023-2024,2021,2022,049296,Twin Valley Community Local School District,118,0,,4,0,122,968,0.12603305785124
2023-2024,2021,2022,049312,Columbus Grove Local School District,96,0,,0,0,96,1021,0.094025465230166
2023-2024,2021,2022,049320,Continental Local School District,51,0,,3,0,54,622,0.086816720257235
2023-2024,2021,2022,049338,Jennings Local School District,24,0,,0,0,24,381,0.062992125984252
2023-2024,2021,2022,049346,Kalida Local School District,20,0,,0,0,20,639,0.031298904538341
2023-2024,2021,2022,049353,Leipsic Local School District,87,0,,0,0,87,731,0.119015047879617
2023-2024,2021,2022,049361,Miller City-New Cleveland Local School District,14,0,,0,0,14,427,0.032786885245902
2023-2024,2021,2022,049379,Ottawa-Glandorf Local School District,90,0,,3,0,93,1777,0.052335396736072
2023-2024,2021,2022,049387,Ottoville Local School District,13,0,,4,0,17,467,0.036402569593148
2023-2024,2021,2022,049395,Pandora-Gilboa Local School District,46,0,,4,0,50,682,0.073313782991202
2023-2024,2021,2022,049411,Clear Fork Valley Local School District,198,0,,3,0,201,2051,0.098000975134081
2023-2024,2021,2022,049429,Crestview Local School District,257,0,,1,0,258,1601,0.161149281698938
2023-2024,2021,2022,049437,Lexington Local School District,248,0,,5,1,254,2934,0.086571233810498
2023-2024,2021,2022,049445,Lucas Local School District,57,0,,2,0,59,583,0.101200686106346
2023-2024,2021,2022,049452,Madison Local School District,602,62,,8,2,674,3402,0.198118753674309
2023-2024,2021,2022,049460,Plymouth-Shiloh Local School District,152,0,,3,0,155,1046,0.148183556405354
2023-2024,2021,2022,049478,Ontario Local School District,181,0,,9,0,190,1884,0.100849256900212
2023-2024,2021,2022,049494,Adena Local School District,226,0,,5,1,232,1326,0.174962292609351
2023-2024,2021,2022,049502,Huntington Local School District,240,0,,6,1,247,1106,0.223327305605787
2023-2024,2021,2022,049510,Paint Valley Local School District,212,0,,7,1,220,970,0.22680412371134
2023-2024,2021,2022,049528,Southeastern Local School District,175,0,,7,1,183,1045,0.17511961722488
2023-2024,2021,2022,049536,Union-Scioto Local School District,391,0,,10,1,402,1911,0.210361067503925
2023-2024,2021,2022,049544,Zane Trace Local School District,230,0,,6,1,237,1553,0.152607855763039
2023-2024,2021,2022,049569,Lakota Local School District,118,0,,2,0,120,1185,0.10126582278481
2023-2024,2021,2022,049577,Woodmore Local School District,75,0,,1,0,76,1041,0.073006724303554
2023-2024,2021,2022,049593,Bloom-Vernon Local School District,151,0,,14,0,165,767,0.215123859191656
2023-2024,2021,2022,049601,Clay Local School District,146,0,,19,0,165,553,0.298372513562387
2023-2024,2021,2022,049619,Green Local School District,172,0,,6,0,178,681,0.261380323054332
2023-2024,2021,2022,049627,Minford Local School District,294,0,,36,1,331,1401,0.236259814418273
2023-2024,2021,2022,049635,Northwest Local School District,404,0,,29,1,434,1554,0.279279279279279
2023-2024,2021,2022,049643,Valley Local School District,203,0,,7,1,211,872,0.24197247706422
2023-2024,2021,2022,049650,Washington-Nile Local School District,398,0,,27,1,426,1331,0.320060105184072
2023-2024,2021,2022,049668,Wheelersburg Local School District,300,0,,23,1,324,1384,0.234104046242775
2023-2024,2021,2022,049684,Seneca East Local School District,75,0,,2,0,77,854,0.09016393442623
2023-2024,2021,2022,049700,Hopewell-Loudon Local School District,55,0,,1,0,56,747,0.074966532797858
2023-2024,2021,2022,049718,New Riegel Local School District,25,0,,1,0,26,344,0.075581395348837
2023-2024,2021,2022,049726,Old Fort Local School District,55,0,,1,0,56,530,0.105660377358491
2023-2024,2021,2022,049759,Anna Local School District,46,0,,0,0,46,1024,0.044921875
2023-2024,2021,2022,049767,Botkins Local School District,21,0,,0,0,21,430,0.048837209302326
2023-2024,2021,2022,049775,Fairlawn Local School District,44,0,,0,0,44,378,0.116402116402116
2023-2024,2021,2022,049783,Fort Loramie Local School District,25,0,,0,0,25,828,0.030193236714976
2023-2024,2021,2022,049791,Hardin-Houston Local School District,74,6,,6,0,86,921,0.093376764386536
2023-2024,2021,2022,049809,Jackson Center Local School District,52,0,,1,0,53,513,0.103313840155945
2023-2024,2021,2022,049817,Russia Local School District,9,0,,0,0,9,382,0.023560209424084
2023-2024,2021,2022,049833,Canton Local School District,369,0,,7,1,377,1795,0.210027855153203
2023-2024,2021,2022,049841,Fairless Local School District,224,0,,3,0,227,1920,0.118229166666667
2023-2024,2021,2022,049858,Jackson Local School District,406,0,,21,1,428,6671,0.064158297106881
2023-2024,2021,2022,049866,Lake Local School District,207,0,,12,0,219,3854,0.056824078879087
2023-2024,2021,2022,049874,Louisville City School District,285,0,,18,1,304,3134,0.097000638162093
2023-2024,2021,2022,049882,Marlington Local School District,267,0,,9,1,277,2268,0.122134038800706
2023-2024,2021,2022,049890,Minerva Local School District,335,0,,7,0,342,1975,0.173164556962025
2023-2024,2021,2022,049908,Northwest Local School District,191,0,,3,0,194,2041,0.095051445369917
2023-2024,2021,2022,049916,Osnaburg Local School District,72,0,,5,0,77,839,0.091775923718713
2023-2024,2021,2022,049924,Perry Local School District,487,0,,25,1,513,4607,0.111352289993488
2023-2024,2021,2022,049932,Plain Local School District,904,0,,36,2,942,7065,0.133333333333333
2023-2024,2021,2022,049940,Sandy Valley Local School District,217,0,,5,0,222,1317,0.168564920273348
2023-2024,2021,2022,049957,Tuslaw Local School District,134,0,,7,0,141,1613,0.087414755114693
2023-2024,2021,2022,049973,Woodridge Local School District,393,0,,21,3,417,2550,0.163529411764706
2023-2024,2021,2022,049981,Copley-Fairlawn City School District,189,0,,15,1,205,3425,0.05985401459854
2023-2024,2021,2022,049999,Coventry Local School District,191,0,,18,1,210,1461,0.143737166324435
2023-2024,2021,2022,050005,Manchester Local School District,122,0,,18,1,141,1420,0.099295774647887
2023-2024,2021,2022,050013,Green Local School District,353,0,,28,2,383,4712,0.081281833616299
2023-2024,2021,2022,050021,Hudson City School District,140,0,,2,1,143,5486,0.0260663507109
2023-2024,2021,2022,050039,Mogadore Local School District,64,0,,2,0,66,699,0.094420600858369
2023-2024,2021,2022,050047,Nordonia Hills City School District,230,0,,10,2,242,4457,0.0542966120709
2023-2024,2021,2022,050054,Revere Local School District,144,0,,5,1,150,3767,0.039819485001327
2023-2024,2021,2022,050062,Springfield Local School District,427,0,,54,3,484,2532,0.191153238546603
2023-2024,2021,2022,050070,Twinsburg City School District,238,0,,12,2,252,4700,0.053617021276596
2023-2024,2021,2022,050096,Bloomfield-Mespo Local School District,125,0,,1,0,126,1170,0.107692307692308
2023-2024,2021,2022,050112,Bristol Local School District,164,0,,3,0,167,1230,0.135772357723577
2023-2024,2021,2022,050120,Brookfield Local School District,234,0,,1,0,235,1111,0.211521152115211
2023-2024,2021,2022,050138,Champion Local School District,164,0,,1,0,165,1466,0.112551159618008
2023-2024,2021,2022,050153,Mathews Local School District,120,0,,4,0,124,863,0.143684820393975
2023-2024,2021,2022,050161,Howland Local School District,408,0,,10,0,418,2998,0.13942628418946
2023-2024,2021,2022,050179,Joseph Badger Local School District,123,0,,1,0,124,885,0.140112994350282
2023-2024,2021,2022,050187,Lakeview Local School District,185,0,,3,0,188,1878,0.100106496272631
2023-2024,2021,2022,050195,Liberty Local School District,321,68,,4,0,393,1672,0.235047846889952
2023-2024,2021,2022,050203,Lordstown Local School District,62,0,,1,0,63,472,0.133474576271186
2023-2024,2021,2022,050211,Maplewood Local School District,110,0,,2,0,112,721,0.155339805825243
2023-2024,2021,2022,050229,McDonald Local School District,74,0,,1,0,75,660,0.113636363636364
2023-2024,2021,2022,050237,Southington Local School District,77,0,,1,0,78,655,0.119083969465649
2023-2024,2021,2022,050245,LaBrae Local School District,240,0,,3,0,243,1058,0.229678638941399
2023-2024,2021,2022,050252,Weathersfield Local School District,137,0,,1,0,138,772,0.178756476683938
2023-2024,2021,2022,050278,Garaway Local School District,213,0,,8,0,221,2586,0.085460170146945
2023-2024,2021,2022,050286,Indian Valley Local School District,262,0,,8,0,270,1705,0.158357771260997
2023-2024,2021,2022,050294,Strasburg-Franklin Local School District,67,0,,3,0,70,636,0.110062893081761
2023-2024,2021,2022,050302,Tuscarawas Valley Local School District,202,0,,8,0,210,1590,0.132075471698113
2023-2024,2021,2022,050328,Fairbanks Local School District,46,0,,3,0,49,1338,0.036621823617339
2023-2024,2021,2022,050336,North Union Local School District,141,0,,7,0,148,1486,0.099596231493943
2023-2024,2021,2022,050351,Crestview Local School District,82,0,,2,1,85,867,0.098039215686275
2023-2024,2021,2022,050369,Lincolnview Local School District,61,0,,1,1,63,795,0.079245283018868
2023-2024,2021,2022,050393,Vinton County Local School District,501,0,,10,1,512,2013,0.254346746150025
2023-2024,2021,2022,050419,Carlisle Local School District,146,0,,2,0,148,1706,0.086752637749121
2023-2024,2021,2022,050427,Springboro Community City School District,220,0,,3,0,223,7507,0.029705608099108
2023-2024,2021,2022,050435,Kings Local School District,329,0,,6,1,336,5650,0.059469026548673
2023-2024,2021,2022,050443,Little Miami Local School District,317,0,,7,1,325,6485,0.05011565150347
2023-2024,2021,2022,050450,Mason City School District,414,0,,5,1,420,11746,0.035756853396901
2023-2024,2021,2022,050468,Wayne Local School District,108,0,,6,0,114,1696,0.067216981132075
2023-2024,2021,2022,050484,Fort Frye Local School District,186,0,,10,0,196,995,0.196984924623116
2023-2024,2021,2022,050492,Frontier Local School District,124,0,,0,0,124,689,0.179970972423803
2023-2024,2021,2022,050500,Warren Local School District,309,0,,6,1,316,2353,0.134296642583935
2023-2024,2021,2022,050518,Wolf Creek Local School District,61,0,,0,0,61,615,0.099186991869919
2023-2024,2021,2022,050534,Chippewa Local School District,150,0,,4,1,155,1442,0.10748959778086
2023-2024,2021,2022,050542,Dalton Local School District,169,0,,2,1,172,1572,0.10941475826972
2023-2024,2021,2022,050559,Green Local School District,126,0,,6,1,133,1318,0.100910470409712
2023-2024,2021,2022,050567,Norwayne Local School District,129,30,,6,1,166,1490,0.111409395973154
2023-2024,2021,2022,050575,Northwestern Local School District,214,0,,3,1,218,1572,0.138676844783715
2023-2024,2021,2022,050583,Southeast Local School District,462,0,,5,1,468,4694,0.09970174691095
2023-2024,2021,2022,050591,Triway Local School District,254,0,,5,1,260,2279,0.114085125054849
2023-2024,2021,2022,050617,Edgerton Local School District,55,0,,0,0,55,655,0.083969465648855
2023-2024,2021,2022,050625,Edon Northwest Local School District,56,0,,3,0,59,561,0.105169340463458
2023-2024,2021,2022,050633,Millcreek-West Unity Local School District,54,0,,0,0,54,580,0.093103448275862
2023-2024,2021,2022,050641,North Central Local School District,80,0,,2,0,82,689,0.119013062409289
2023-2024,2021,2022,050658,Stryker Local School District,64,0,,0,0,64,445,0.143820224719101
2023-2024,2021,2022,050674,Eastwood Local School District,120,0,,6,0,126,1553,0.081133290405666
2023-2024,2021,2022,050682,Elmwood Local School District,106,0,,1,0,107,1182,0.090524534686971
2023-2024,2021,2022,050690,Lake Local School District,206,0,,3,0,209,1790,0.116759776536313
2023-2024,2021,2022,050708,North Baltimore Local School District,124,0,,1,0,125,739,0.16914749661705
2023-2024,2021,2022,050716,Northwood Local School District,110,0,,2,0,112,855,0.130994152046784
2023-2024,2021,2022,050724,Otsego Local School District,154,0,,2,0,156,1701,0.091710758377425
2023-2024,2021,2022,050740,Mohawk Local School District,78,0,,3,0,81,916,0.088427947598253
2023-2024,2021,2022,061903,Adams County/Ohio Valley Local School District,1014,18,,98,0,1130,4245,0.266195524146054
2023-2024,2021,2022,064964,College Corner Local School District,25,0,,0,0,25,143,0.174825174825175
2023-2024,2021,2022,065680,Gallia County Local School District,620,0,,7,1,628,2763,0.227289178429244
2023-2024,2021,2022,069682,East Guernsey Local School District,250,0,,6,0,256,1330,0.192481203007519
2023-2024,2021,2022,091397,Tri-County North Local School District,114,0,,9,0,123,928,0.132543103448276
2023-2024,2021,2022,139303,Monroe Local School District,182,0,,12,1,195,3162,0.061669829222011
2024-2025,2022,2023,000442,Manchester Local School District,240,0,,36,0,276,799,0.345431789737171
2024-2025,2022,2023,043489,Akron City School District,8218,0,,136,0,8354,27026,0.309109746170355
2024-2025,2022,2023,043497,Alliance City School District,864,0,,15,0,879,3099,0.283639883833495
2024-2025,2022,2023,043505,Ashland City School District,417,0,,29,0,446,3817,0.116845690332722
2024-2025,2022,2023,043513,Ashtabula Area City School District,1248,0,,9,0,1257,4086,0.307635829662261
2024-2025,2022,2023,043521,Athens City School District,459,0,,22,0,481,2620,0.183587786259542
2024-2025,2022,2023,043539,Barberton City School District,881,0,,106,0,987,3608,0.273558758314856
2024-2025,2022,2023,043547,Bay Village City School District,73,0,,3,0,76,2943,0.025823989126741
2024-2025,2022,2023,043554,Beachwood City School District,142,0,,3,0,145,2311,0.062743401125054
2024-2025,2022,2023,043562,Bedford City School District,867,15,,93,0,975,3709,0.262874090051227
2024-2025,2022,2023,043570,Bellaire Local School District,342,0,,0,0,342,1250,0.2736
2024-2025,2022,2023,043588,Bellefontaine City School District,598,0,,23,0,621,2809,0.221075115699537
2024-2025,2022,2023,043596,Bellevue City School District,263,0,,7,0,270,2296,0.117595818815331
2024-2025,2022,2023,043604,Belpre City School District,301,0,,6,0,307,1230,0.249593495934959
2024-2025,2022,2023,043612,Berea City School District,732,39,,89,0,860,6698,0.128396536279486
2024-2025,2022,2023,043620,Bexley City School District,124,0,,9,0,133,2850,0.046666666666667
2024-2025,2022,2023,043638,Bowling Green City School District,407,0,,7,0,414,3537,0.11704834605598
2024-2025,2022,2023,043646,Brecksville-Broadview Heights City School District,210,0,,4,0,214,4555,0.046981339187706
2024-2025,2022,2023,043653,Brooklyn City School District,288,0,,4,0,292,1524,0.191601049868766
2024-2025,2022,2023,043661,Brunswick City School District,482,0,,16,0,498,7658,0.065030033951423
2024-2025,2022,2023,043679,Bryan City School District,316,0,,4,0,320,2104,0.152091254752852
2024-2025,2022,2023,043687,Bucyrus City School District,429,0,,9,0,438,1565,0.279872204472843
2024-2025,2022,2023,043695,Cambridge City School District,581,0,,42,0,623,2290,0.272052401746725
2024-2025,2022,2023,043703,Campbell City School District,497,0,,4,0,501,1293,0.387470997679814
2024-2025,2022,2023,043711,Canton City School District,3940,0,,86,0,4026,10097,0.398732296721799
2024-2025,2022,2023,043729,Celina City School District,392,0,,12,0,404,2975,0.135798319327731
2024-2025,2022,2023,043737,Centerville City School District,575,0,,13,0,588,9945,0.059125188536953
2024-2025,2022,2023,043745,Chillicothe City School District,827,0,,33,0,860,3485,0.246771879483501
2024-2025,2022,2023,043752,Cincinnati City School District,13291,103,,537,0,13931,48647,0.286369149176722
2024-2025,2022,2023,043760,Circleville City School District,485,0,,6,0,491,2394,0.205096073517126
2024-2025,2022,2023,043778,Claymont City School District,428,0,,22,0,450,2083,0.216034565530485
2024-2025,2022,2023,043786,Cleveland Municipal School District,22943,73,,418,0,23434,55443,0.422668326028534
2024-2025,2022,2023,043794,Cleveland Heights-University Heights City School District,1743,0,,68,0,1811,8393,0.215775050637436
2024-2025,2022,2023,043802,Columbus City School District,26227,62,,483,0,26772,76452,0.350180505415162
2024-2025,2022,2023,043810,Conneaut Area City School District,542,0,,20,0,562,1954,0.287615148413511
2024-2025,2022,2023,043828,Coshocton City School District,403,0,,9,0,412,1863,0.221148684916801
2024-2025,2022,2023,043836,Cuyahoga Falls City School District,562,0,,22,0,584,5170,0.112959381044487
2024-2025,2022,2023,043844,Dayton City School District,7513,22,,249,0,7784,22651,0.343649287007196
2024-2025,2022,2023,043851,Deer Park Community City School District,173,0,,5,0,178,1410,0.126241134751773
2024-2025,2022,2023,043869,Defiance City School District,443,0,,5,0,448,2710,0.165313653136531
2024-2025,2022,2023,043877,Delaware City School District,560,0,,8,0,568,6271,0.090575665763036
2024-2025,2022,2023,043885,Delphos City School District,209,0,,1,0,210,1620,0.12962962962963
2024-2025,2022,2023,043893,Dover City School District,311,0,,1,0,312,2717,0.114832535885167
2024-2025,2022,2023,043901,East Cleveland City School District,1175,0,,55,0,1230,2395,0.51356993736952
2024-2025,2022,2023,043919,East Liverpool City School District,755,0,,0,0,755,2338,0.322925577416595
2024-2025,2022,2023,043927,East Palestine City School District,217,0,,15,0,232,1276,0.181818181818182
2024-2025,2022,2023,043935,Eaton Community City School District,293,0,,20,0,313,2268,0.138007054673721
2024-2025,2022,2023,043943,Elyria City School District,1957,0,,40,0,1997,7613,0.262314462104295
2024-2025,2022,2023,043950,Euclid City School District,2403,0,,69,0,2472,7856,0.314663951120163
2024-2025,2022,2023,043968,Fairborn City School District,917,0,,12,0,929,5295,0.175448536355052
2024-2025,2022,2023,043976,Fairview Park City School District,175,0,,5,0,180,2261,0.079610791685095
2024-2025,2022,2023,043984,Findlay City School District,752,0,,35,0,787,5768,0.136442441054092
2024-2025,2022,2023,043992,Fostoria City School District,614,0,,9,0,623,2307,0.270047680970958
2024-2025,2022,2023,044008,Franklin City School District,449,0,,10,0,459,3265,0.140581929555896
2024-2025,2022,2023,044016,Fremont City School District,685,0,,3,0,688,4572,0.150481189851269
2024-2025,2022,2023,044024,Galion City School District,482,0,,7,0,489,2105,0.232304038004751
2024-2025,2022,2023,044032,Gallipolis City School District,581,0,,5,0,586,2232,0.262544802867384
2024-2025,2022,2023,044040,Garfield Heights City School District,1411,0,,56,0,1467,4820,0.304356846473029
2024-2025,2022,2023,044057,Geneva Area City School District,444,0,,9,0,453,2356,0.192275042444822
2024-2025,2022,2023,044065,Girard City School District,442,0,,6,0,448,1661,0.269717037928959
2024-2025,2022,2023,044073,Grandview Heights City School District,45,0,,0,0,45,1248,0.036057692307692
2024-2025,2022,2023,044081,Winton Woods City School District,872,0,,10,0,882,4949,0.178217821782178
2024-2025,2022,2023,044099,Greenville City School District,463,0,,4,0,467,3268,0.142900856793146
2024-2025,2022,2023,044107,Hamilton City School District,2353,0,,38,0,2391,10136,0.235891870560379
2024-2025,2022,2023,044115,Heath City School District,193,0,,12,0,205,1750,0.117142857142857
2024-2025,2022,2023,044123,Hillsboro City School District,524,0,,57,0,581,2622,0.221586575133486
2024-2025,2022,2023,044131,Huron City School District,166,0,,3,0,169,1434,0.117852161785216
2024-2025,2022,2023,044149,Ironton City School District,386,0,,10,0,396,1530,0.258823529411765
2024-2025,2022,2023,044156,Jackson City School District,520,0,,45,0,565,2730,0.206959706959707
2024-2025,2022,2023,044164,Kent City School District,419,0,,14,0,433,3091,0.140084115173083
2024-2025,2022,2023,044172,Kenton City School District,382,0,,9,0,391,1982,0.197275479313824
2024-2025,2022,2023,044180,Kettering City School District,1018,0,,13,0,1031,8782,0.117399225688909
2024-2025,2022,2023,044198,Lakewood City School District,708,0,,32,0,740,5330,0.138836772983114
2024-2025,2022,2023,044206,Lancaster City School District,1160,0,,19,0,1179,7233,0.163002903359602
2024-2025,2022,2023,044214,Lebanon City School District,446,0,,18,0,464,6719,0.069057895520167
2024-2025,2022,2023,044222,Lima City School District,1549,0,,24,0,1573,5118,0.307346619773349
2024-2025,2022,2023,044230,Lockland Local School District,238,0,,5,0,243,711,0.341772151898734
2024-2025,2022,2023,044248,Logan-Hocking Local School District,675,0,,33,0,708,3891,0.181958365458751
2024-2025,2022,2023,044255,London City School District,319,0,,4,0,323,2274,0.142040457343887
2024-2025,2022,2023,044263,Lorain City School District,3707,0,,30,0,3737,9747,0.383400020519134
2024-2025,2022,2023,044271,Loveland City School District,275,0,,10,0,285,5748,0.049582463465553
2024-2025,2022,2023,044289,Madeira City School District,42,0,,1,0,43,2060,0.020873786407767
2024-2025,2022,2023,044297,Mansfield City School District,1820,0,,36,0,1856,5213,0.356032994436984
2024-2025,2022,2023,044305,Maple Heights City School District,1433,0,,60,0,1493,4260,0.350469483568075
2024-2025,2022,2023,044313,Mariemont City School District,68,0,,4,0,72,1853,0.038855909336212
2024-2025,2022,2023,044321,Marietta City School District,687,0,,30,0,717,2935,0.244293015332198
2024-2025,2022,2023,044339,Marion City School District,1491,0,,26,0,1517,5083,0.298445799724572
2024-2025,2022,2023,044347,Martins Ferry City School District,427,0,,5,0,432,1434,0.301255230125523
2024-2025,2022,2023,044354,Massillon City School District,1065,0,,12,0,1077,4397,0.244939731635206
2024-2025,2022,2023,044362,Maumee City School District,323,0,,24,0,347,2754,0.125998547567175
2024-2025,2022,2023,044370,Mayfield City School District,406,0,,18,0,424,4878,0.086920869208692
2024-2025,2022,2023,044388,Medina City School District,377,0,,14,0,391,7592,0.05150158061117
2024-2025,2022,2023,044396,Miamisburg City School District,764,0,,13,0,777,6140,0.126547231270358
2024-2025,2022,2023,044404,Middletown City School District,2322,0,,43,0,2365,8274,0.285835146241238
2024-2025,2022,2023,044412,Mount Healthy City School District,1295,0,,106,0,1401,4664,0.300385934819897
2024-2025,2022,2023,044420,Mount Vernon City School District,725,0,,27,0,752,4478,0.167932112550246
2024-2025,2022,2023,044438,Napoleon Area City School District,240,0,,3,0,243,2274,0.106860158311346
2024-2025,2022,2023,044446,Nelsonville-York City School District,317,0,,18,0,335,1042,0.321497120921305
2024-2025,2022,2023,044453,Newark City School District,1426,0,,74,0,1500,7690,0.195058517555267
2024-2025,2022,2023,044461,New Boston Local School District,141,0,,2,0,143,350,0.408571428571429
2024-2025,2022,2023,044479,New Lexington City School District,331,0,,9,0,340,1840,0.184782608695652
2024-2025,2022,2023,044487,New Philadelphia City School District,507,0,,16,0,523,3369,0.155238943306619
2024-2025,2022,2023,044495,Niles City School District,770,0,,3,0,773,2542,0.304091266719119
2024-2025,2022,2023,044503,North Canton City School District,348,0,,23,0,371,4715,0.078685047720042
2024-2025,2022,2023,044511,North College Hill City School District,542,0,,24,0,566,2016,0.280753968253968
2024-2025,2022,2023,044529,North Olmsted City School District,660,0,,33,0,693,4411,0.1571072319202
2024-2025,2022,2023,044537,North Ridgeville City School District,401,0,,8,0,409,5385,0.075951717734448
2024-2025,2022,2023,044545,North Royalton City School District,333,0,,16,0,349,5226,0.066781477229238
2024-2025,2022,2023,044552,Norton City School District,205,0,,32,0,237,2193,0.108071135430917
2024-2025,2022,2023,044560,Norwalk City School District,481,0,,7,0,488,3219,0.151599875737807
2024-2025,2022,2023,044578,Norwood City School District,496,0,,16,0,512,2441,0.209750102417042
2024-2025,2022,2023,044586,Oakwood City School District,52,0,,1,0,53,2262,0.02343059239611
2024-2025,2022,2023,044594,Oberlin City School District,159,0,,4,0,163,1172,0.139078498293515
2024-2025,2022,2023,044602,Oregon City School District,424,0,,23,0,447,3571,0.12517502100252
2024-2025,2022,2023,044610,Orrville City School District,259,0,,7,0,266,1893,0.140517696777602
2024-2025,2022,2023,044628,Painesville City Local School District,723,8,,3,0,734,2871,0.255660048763497
2024-2025,2022,2023,044636,Parma City School District,2293,0,,151,0,2444,14273,0.171232396833182
2024-2025,2022,2023,044644,Piqua City School District,798,0,,11,0,809,3918,0.206482899438489
2024-2025,2022,2023,044651,Port Clinton City School District,293,0,,4,0,297,1600,0.185625
2024-2025,2022,2023,044669,Portsmouth City School District,1056,0,,83,0,1139,2896,0.393301104972376
2024-2025,2022,2023,044677,Princeton City School District,1136,0,,66,0,1202,6760,0.177810650887574
2024-2025,2022,2023,044685,Ravenna City School District,600,0,,28,0,628,2770,0.226714801444043
2024-2025,2022,2023,044693,Reading Community City School District,252,0,,6,0,258,1630,0.158282208588957
2024-2025,2022,2023,044701,Rocky River City School District,171,0,,3,0,174,3320,0.052409638554217
2024-2025,2022,2023,044719,St. Bernard-Elmwood Place City School District,253,0,,9,0,262,1002,0.261477045908184
2024-2025,2022,2023,044727,St. Marys City School District,232,0,,4,0,236,2321,0.101680310211116
2024-2025,2022,2023,044735,Salem City School District,510,0,,11,0,521,2370,0.219831223628692
2024-2025,2022,2023,044743,Sandusky City School District,1032,0,,7,0,1039,3662,0.283724740578919
2024-2025,2022,2023,044750,Shaker Heights City School District,590,0,,26,0,616,5761,0.106925880923451
2024-2025,2022,2023,044768,Sheffield-Sheffield Lake City School District,273,0,,7,0,280,1862,0.150375939849624
2024-2025,2022,2023,044776,Shelby City School District,361,0,,10,0,371,2221,0.167041873030167
2024-2025,2022,2023,044784,Sidney City School District,661,0,,8,0,669,4069,0.164413860899484
2024-2025,2022,2023,044792,South Euclid-Lyndhurst City School District,721,0,,69,0,790,4683,0.168695280802904
2024-2025,2022,2023,044800,South-Western City School District,5397,73,,111,0,5581,26317,0.212068244860736
2024-2025,2022,2023,044818,Springfield City School District,2765,22,,28,0,2815,9010,0.312430632630411
2024-2025,2022,2023,044826,Steubenville City School District,894,0,,23,0,917,2225,0.412134831460674
2024-2025,2022,2023,044834,Stow-Munroe Falls City School District,379,0,,30,0,409,5853,0.069878694686486
2024-2025,2022,2023,044842,Strongsville City School District,483,0,,24,0,507,7266,0.069777043765483
2024-2025,2022,2023,044859,Struthers City School District,479,0,,3,0,482,1740,0.277011494252874
2024-2025,2022,2023,044867,Sycamore Community City School District,340,0,,15,0,355,7071,0.050205062933107
2024-2025,2022,2023,044875,Sylvania City School District,799,12,,36,0,847,9895,0.085598787266296
2024-2025,2022,2023,044883,Tallmadge City School District,255,5,,14,0,274,2869,0.095503659811781
2024-2025,2022,2023,044891,Tiffin City School District,421,0,,8,0,429,3081,0.139240506329114
2024-2025,2022,2023,044909,Toledo City School District,11463,0,,277,0,11740,34591,0.339394640224336
2024-2025,2022,2023,044917,Toronto City School District,228,0,,0,0,228,800,0.285
2024-2025,2022,2023,044925,Troy City School District,648,0,,23,0,671,5155,0.130164888457808
2024-2025,2022,2023,044933,Upper Arlington City School District,270,0,,9,0,279,7579,0.036812244359414
2024-2025,2022,2023,044941,Urbana City School District,410,0,,2,0,412,2149,0.191717077710563
2024-2025,2022,2023,044958,Vandalia-Butler City School District,384,0,,26,0,410,3736,0.109743040685225
2024-2025,2022,2023,044966,Van Wert City School District,316,0,,3,0,319,2187,0.14586191129401
2024-2025,2022,2023,044974,Wadsworth City School District,497,0,,27,0,524,4828,0.108533554266777
2024-2025,2022,2023,044982,Wapakoneta City School District,372,0,,3,0,375,3182,0.117850408548083
2024-2025,2022,2023,044990,Warren City School District,2663,17,,21,0,2701,5876,0.459666439754935
2024-2025,2022,2023,045005,Warrensville Heights City School District,914,0,,33,0,947,2482,0.381547139403707
2024-2025,2022,2023,045013,Washington Court House City School District,556,0,,23,0,579,2382,0.243073047858942
2024-2025,2022,2023,045021,Wellston City School District,381,0,,12,0,393,1576,0.249365482233503
2024-2025,2022,2023,045039,Wellsville Local School District,225,0,,2,0,227,683,0.332357247437775
2024-2025,2022,2023,045047,Westerville City School District,2012,0,,88,0,2100,18353,0.114422710183621
2024-2025,2022,2023,045054,West Carrollton City School District,720,0,,10,0,730,3882,0.188047398248326
2024-2025,2022,2023,045062,Westlake City School District,314,0,,9,0,323,4742,0.068114719527625
2024-2025,2022,2023,045070,Whitehall City School District,1020,0,,29,0,1049,3872,0.270919421487603
2024-2025,2022,2023,045088,Wickliffe City School District,232,0,,7,0,239,1713,0.139521307647402
2024-2025,2022,2023,045096,Willard City School District,377,0,,5,0,382,1841,0.207495926127105
2024-2025,2022,2023,045104,Willoughby-Eastlake City School District,991,0,,14,0,1005,8375,0.12
2024-2025,2022,2023,045112,Wilmington City School District,554,0,,24,0,578,3238,0.178505250154416
2024-2025,2022,2023,045120,Wooster City School District,551,0,,32,0,583,3930,0.148346055979644
2024-2025,2022,2023,045138,Worthington City School District,1113,0,,17,0,1130,11993,0.094221629283749
2024-2025,2022,2023,045146,Wyoming City School District,65,0,,2,0,67,2199,0.030468394724875
2024-2025,2022,2023,045153,Xenia Community City School District,914,0,,11,0,925,5380,0.171933085501859
2024-2025,2022,2023,045161,Youngstown City School District,4585,123,,48,0,4756,9609,0.494952648558643
2024-2025,2022,2023,045179,Zanesville City School District,1158,0,,38,0,1196,4170,0.286810551558753
2024-2025,2022,2023,045187,Ada Exempted Village School District,120,0,,3,0,123,937,0.131270010672359
2024-2025,2022,2023,045195,Amherst Exempted Village School District,325,0,,16,0,341,4234,0.08053849787435
2024-2025,2022,2023,045203,Barnesville Exempted Village School District,309,0,,1,0,310,1247,0.2485966319166
2024-2025,2022,2023,045211,Bluffton Exempted Village School District,48,0,,2,0,50,1077,0.046425255338904
2024-2025,2022,2023,045229,Bradford Exempted Village School District,75,0,,2,0,77,587,0.131175468483816
2024-2025,2022,2023,045237,Bridgeport Exempted Village School District,200,0,,1,0,201,800,0.25125
2024-2025,2022,2023,045245,Harrison Hills City School District,370,0,,16,0,386,1927,0.200311364815776
2024-2025,2022,2023,045252,Caldwell Exempted Village School District,166,0,,2,0,168,885,0.189830508474576
2024-2025,2022,2023,045260,Carey Exempted Village School District,79,0,,0,0,79,885,0.089265536723164
2024-2025,2022,2023,045278,Carrollton Exempted Village School District,399,0,,3,0,402,2506,0.160415003990423
2024-2025,2022,2023,045286,Chagrin Falls Exempted Village School District,64,0,,5,0,69,1924,0.035862785862786
2024-2025,2022,2023,045294,Chesapeake Union Exempted Village School District,204,0,,4,0,208,1160,0.179310344827586
2024-2025,2022,2023,045302,Clyde-Green Springs Exempted Village School District,237,0,,9,0,246,2073,0.118668596237337
2024-2025,2022,2023,045310,Coldwater Exempted Village School District,58,0,,2,0,60,1411,0.042523033309709
2024-2025,2022,2023,045328,Columbiana Exempted Village School District,123,0,,0,0,123,1060,0.116037735849057
2024-2025,2022,2023,045336,Covington Exempted Village School District,106,0,,4,0,110,892,0.123318385650224
2024-2025,2022,2023,045344,Crestline Exempted Village School District,170,0,,11,0,181,902,0.200665188470067
2024-2025,2022,2023,045351,Crooksville Exempted Village School District,185,0,,7,0,192,957,0.200626959247649
2024-2025,2022,2023,045369,Fairport Harbor Exempted Village School District,68,0,,1,0,69,402,0.171641791044776
2024-2025,2022,2023,045377,Georgetown Exempted Village School District,202,0,,1,0,203,1081,0.187789084181314
2024-2025,2022,2023,045385,Gibsonburg Exempted Village School District,77,0,,3,0,80,855,0.093567251461988
2024-2025,2022,2023,045393,Granville Exempted Village School District,56,0,,2,0,58,2941,0.019721183270996
2024-2025,2022,2023,045401,Greenfield Exempted Village School District,513,0,,20,0,533,2252,0.236678507992895
2024-2025,2022,2023,045419,Hicksville Exempted Village School District,101,0,,0,0,101,981,0.102956167176351
2024-2025,2022,2023,045427,Hubbard Exempted Village School District,296,0,,2,0,298,1818,0.163916391639164
2024-2025,2022,2023,045435,Indian Hill Exempted Village School District,94,0,,2,0,96,2874,0.033402922755741
2024-2025,2022,2023,045443,Leetonia Exempted Village School District,151,0,,2,0,153,727,0.210453920220082
2024-2025,2022,2023,045450,Lisbon Exempted Village School District,200,0,,2,0,202,791,0.255372945638432
2024-2025,2022,2023,045468,Loudonville-Perrysville Exempted Village School District,146,0,,14,0,160,1219,0.131255127153404
2024-2025,2022,2023,045476,Marysville Exempted Village School District,340,0,,24,0,364,5860,0.062116040955631
2024-2025,2022,2023,045484,Mechanicsburg Exempted Village School District,78,0,,1,0,79,857,0.09218203033839
2024-2025,2022,2023,045492,Mentor Exempted Village School District,584,0,,19,0,603,8537,0.070633712076842
2024-2025,2022,2023,045500,Milford Exempted Village School District,461,0,,19,0,480,7913,0.060659673954252
2024-2025,2022,2023,045518,Milton-Union Exempted Village School District,192,0,,9,0,201,1520,0.132236842105263
2024-2025,2022,2023,045526,Montpelier Exempted Village School District,149,0,,2,0,151,903,0.167220376522702
2024-2025,2022,2023,045534,Mount Gilead Exempted Village School District,161,0,,3,0,164,1168,0.14041095890411
2024-2025,2022,2023,045542,Newcomerstown Exempted Village School District,174,0,,21,0,195,997,0.195586760280842
2024-2025,2022,2023,045559,New Richmond Exempted Village School District,323,0,,10,0,333,2339,0.142368533561351
2024-2025,2022,2023,045567,Newton Falls Exempted Village School District,248,0,,4,0,252,1239,0.203389830508475
2024-2025,2022,2023,045575,Paulding Exempted Village School District,241,0,,0,0,241,1677,0.14370900417412
2024-2025,2022,2023,045583,Perrysburg Exempted Village School District,184,0,,3,0,187,6061,0.030852994555354
2024-2025,2022,2023,045591,Rittman Exempted Village School District,137,0,,4,0,141,1089,0.129476584022039
2024-2025,2022,2023,045609,Rossford Exempted Village School District,208,0,,6,0,214,1833,0.116748499727223
2024-2025,2022,2023,045617,Tipp City Exempted Village School District,156,0,,3,0,159,2773,0.057338622430581
2024-2025,2022,2023,045625,Upper Sandusky Exempted Village School District,163,0,,13,0,176,1776,0.099099099099099
2024-2025,2022,2023,045633,Versailles Exempted Village School District,57,0,,1,0,58,1301,0.044581091468101
2024-2025,2022,2023,045641,Wauseon Exempted Village School District,201,0,,1,0,202,1812,0.111479028697572
2024-2025,2022,2023,045658,Wellington Exempted Village School District,137,0,,4,0,141,1285,0.109727626459144
2024-2025,2022,2023,045666,Windham Exempted Village School District,131,0,,9,0,140,512,0.2734375
2024-2025,2022,2023,045674,Yellow Springs Exempted Village School District,44,0,,1,0,45,572,0.078671328671329
2024-2025,2022,2023,045757,Allen East Local School District,78,0,,1,0,79,1091,0.072410632447296
2024-2025,2022,2023,045765,Bath Local School District,182,0,,7,0,189,1793,0.105409927495817
2024-2025,2022,2023,045773,Elida Local School District,529,0,,8,0,537,3095,0.173505654281098
2024-2025,2022,2023,045781,Perry Local School District,101,0,,0,0,101,601,0.168053244592346
2024-2025,2022,2023,045799,Shawnee Local School District,196,0,,11,0,207,2944,0.0703125
2024-2025,2022,2023,045807,Spencerville Local School District,138,0,,2,0,140,927,0.151024811218986
2024-2025,2022,2023,045823,Hillsdale Local School District,114,0,,1,0,115,1167,0.098543273350471
2024-2025,2022,2023,045831,Mapleton Local School District,161,0,,9,0,170,1237,0.137429264349232
2024-2025,2022,2023,045856,Buckeye Local School District,279,0,,19,0,298,1647,0.18093503339405
2024-2025,2022,2023,045864,Grand Valley Local School District,256,0,,6,0,262,2172,0.120626151012891
2024-2025,2022,2023,045872,Jefferson Area Local School District,318,0,,15,0,333,1942,0.171472708547889
2024-2025,2022,2023,045880,Pymatuning Valley Local School District,305,0,,7,0,312,1505,0.207308970099668
2024-2025,2022,2023,045906,Alexander Local School District,263,0,,27,0,290,1507,0.192435301924353
2024-2025,2022,2023,045914,Federal Hocking Local School District,219,0,,13,0,232,1094,0.212065813528336
2024-2025,2022,2023,045922,Trimble Local School District,183,0,,11,0,194,669,0.289985052316891
2024-2025,2022,2023,045948,Minster Local School District,27,0,,3,0,30,946,0.031712473572939
2024-2025,2022,2023,045955,New Bremen Local School District,38,0,,0,0,38,859,0.044237485448196
2024-2025,2022,2023,045963,New Knoxville Local School District,26,0,,0,0,26,383,0.067885117493473
2024-2025,2022,2023,045971,Waynesfield-Goshen Local School District,29,0,,0,0,29,435,0.066666666666667
2024-2025,2022,2023,045997,St. Clairsville-Richland City School District,233,0,,10,0,243,1758,0.138225255972696
2024-2025,2022,2023,046003,Shadyside Local School District,110,0,,1,0,111,678,0.163716814159292
2024-2025,2022,2023,046011,Union Local School District,228,0,,9,0,237,1424,0.166432584269663
2024-2025,2022,2023,046037,Eastern Local School District,355,0,,4,0,359,1549,0.231762427372498
2024-2025,2022,2023,046045,Fayetteville-Perry Local School District,87,0,,3,0,90,808,0.111386138613861
2024-2025,2022,2023,046060,Western Brown Local School District,584,0,,15,0,599,3044,0.196780551905388
2024-2025,2022,2023,046078,Ripley-Union-Lewis-Huntington Local School District,227,0,,5,0,232,934,0.248394004282655
2024-2025,2022,2023,046094,Edgewood City School District,467,0,,4,0,471,3898,0.120831195484864
2024-2025,2022,2023,046102,Fairfield City School District,1295,0,,26,0,1321,11484,0.115029606408917
2024-2025,2022,2023,046110,Lakota Local School District,1410,0,,24,0,1434,20864,0.068730828220859
2024-2025,2022,2023,046128,Madison Local School District,157,0,,5,0,162,1531,0.105813193990856
2024-2025,2022,2023,046136,New Miami Local School District,148,0,,0,0,148,613,0.241435562805873
2024-2025,2022,2023,046144,Ross Local School District,211,0,,5,0,216,3093,0.069835111542192
2024-2025,2022,2023,046151,Talawanda City School District,372,12,,9,0,393,3645,0.107818930041152
2024-2025,2022,2023,046177,Brown Local School District,126,0,,8,0,134,704,0.190340909090909
2024-2025,2022,2023,046193,Graham Local School District,152,0,,5,0,157,1929,0.081389320891654
2024-2025,2022,2023,046201,Triad Local School District,106,0,,0,0,106,998,0.106212424849699
2024-2025,2022,2023,046219,West Liberty-Salem Local School District,86,0,,4,0,90,1088,0.082720588235294
2024-2025,2022,2023,046235,Greenon Local School District,241,0,,7,0,248,1990,0.12462311557789
2024-2025,2022,2023,046243,Tecumseh Local School District,529,0,,20,0,549,3132,0.175287356321839
2024-2025,2022,2023,046250,Northeastern Local School District,444,0,,4,0,448,3501,0.127963439017424
2024-2025,2022,2023,046268,Northwestern Local School District,229,0,,2,0,231,1847,0.125067677314564
2024-2025,2022,2023,046276,Southeastern Local School District,98,0,,3,0,101,753,0.134130146082337
2024-2025,2022,2023,046284,Clark-Shawnee Local School District,252,0,,16,0,268,2013,0.133134624937904
2024-2025,2022,2023,046300,Batavia Local School District,431,0,,6,0,437,2539,0.172115005907838
2024-2025,2022,2023,046318,Bethel-Tate Local School District,207,0,,16,0,223,1614,0.13816604708798
2024-2025,2022,2023,046326,Clermont Northeastern Local School District,219,0,,1,0,220,1959,0.112302194997448
2024-2025,2022,2023,046334,Felicity-Franklin Local School District,134,0,,8,0,142,858,0.165501165501166
2024-2025,2022,2023,046342,Goshen Local School District,371,15,,9,0,395,2956,0.133626522327469
2024-2025,2022,2023,046359,West Clermont Local School District,1141,0,,43,0,1184,10599,0.1117086517596
2024-2025,2022,2023,046367,Williamsburg Local School District,112,0,,4,0,116,963,0.120456905503634
2024-2025,2022,2023,046383,Blanchester Local School District,269,0,,20,0,289,1512,0.191137566137566
2024-2025,2022,2023,046391,Clinton-Massie Local School District,115,0,,14,0,129,1784,0.072309417040359
2024-2025,2022,2023,046409,East Clinton Local School District,206,0,,6,0,212,1352,0.156804733727811
2024-2025,2022,2023,046425,Beaver Local School District,269,0,,12,0,281,1791,0.156895589056393
2024-2025,2022,2023,046433,Crestview Local School District,120,0,,4,0,124,1001,0.123876123876124
2024-2025,2022,2023,046441,Southern Local School District,208,0,,3,0,211,837,0.252090800477897
2024-2025,2022,2023,046458,United Local School District,153,0,,10,0,163,1088,0.149816176470588
2024-2025,2022,2023,046474,Ridgewood Local School District,240,0,,3,0,243,1561,0.155669442664958
2024-2025,2022,2023,046482,River View Local School District,343,0,,9,0,352,2576,0.136645962732919
2024-2025,2022,2023,046508,Buckeye Central Local School District,73,0,,5,0,78,835,0.093413173652695
2024-2025,2022,2023,046516,Colonel Crawford Local School District,82,0,,4,0,86,834,0.103117505995204
2024-2025,2022,2023,046524,Wynford Local School District,160,0,,5,0,165,1054,0.156546489563567
2024-2025,2022,2023,046557,Cuyahoga Heights Local School District,34,0,,16,0,50,614,0.0814332247557
2024-2025,2022,2023,046565,Independence Local School District,55,0,,0,0,55,1273,0.043205027494108
2024-2025,2022,2023,046573,Olmsted Falls City School District,240,0,,17,0,257,3778,0.068025410269984
2024-2025,2022,2023,046581,Orange City School District,122,0,,2,0,124,2709,0.045773348098929
2024-2025,2022,2023,046599,Richmond Heights Local School District,218,0,,15,0,233,1159,0.201035375323555
2024-2025,2022,2023,046607,Solon City School District,233,0,,16,0,249,4941,0.050394656952034
2024-2025,2022,2023,046623,Ansonia Local School District,91,0,,0,0,91,638,0.142633228840125
2024-2025,2022,2023,046631,Arcanum-Butler Local School District,145,0,,1,0,146,1124,0.129893238434164
2024-2025,2022,2023,046649,Franklin Monroe Local School District,47,0,,0,0,47,652,0.072085889570552
2024-2025,2022,2023,046672,Mississinawa Valley Local School District,176,0,,0,0,176,715,0.246153846153846
2024-2025,2022,2023,046680,Tri-Village Local School District,86,0,,1,0,87,777,0.111969111969112
2024-2025,2022,2023,046706,Ayersville Local School District,68,0,,0,0,68,657,0.103500761035008
2024-2025,2022,2023,046714,Central Local School District,113,0,,1,0,114,1110,0.102702702702703
2024-2025,2022,2023,046722,Northeastern Local School District,70,0,,3,0,73,948,0.077004219409283
2024-2025,2022,2023,046748,Big Walnut Local School District,244,0,,4,0,248,4669,0.05311629899336
2024-2025,2022,2023,046755,Buckeye Valley Local School District,171,0,,3,0,174,3036,0.057312252964427
2024-2025,2022,2023,046763,Olentangy Local School District,548,0,,3,0,551,22795,0.024171967536741
2024-2025,2022,2023,046789,Edison Local (formerly Berlin-Milan) School District,152,0,,2,0,154,1516,0.101583113456464
2024-2025,2022,2023,046797,Kelleys Island Local School District,1,0,,0,0,1,13,0.076923076923077
2024-2025,2022,2023,046805,Margaretta Local School District,171,0,,6,0,177,1103,0.160471441523119
2024-2025,2022,2023,046813,Perkins Local School District,143,0,,6,0,149,2025,0.07358024691358
2024-2025,2022,2023,046821,Vermilion Local School District,214,0,,8,0,222,1937,0.114610221992772
2024-2025,2022,2023,046847,Amanda-Clearcreek Local School District,130,0,,25,0,155,1698,0.091283863368669
2024-2025,2022,2023,046854,Berne Union Local School District,118,0,,5,0,123,928,0.132543103448276
2024-2025,2022,2023,046862,Bloom-Carroll Local School District,130,0,,6,0,136,2424,0.056105610561056
2024-2025,2022,2023,046870,Fairfield Union Local School District,220,0,,10,0,230,2062,0.111542192046557
2024-2025,2022,2023,046888,Liberty Union-Thurston Local School District,125,0,,2,0,127,1346,0.094353640416048
2024-2025,2022,2023,046896,Pickerington Local School District,742,0,,30,0,772,11984,0.064419225634179
2024-2025,2022,2023,046904,Walnut Township Local School District,80,0,,1,0,81,583,0.13893653516295
2024-2025,2022,2023,046920,Miami Trace Local School District,381,23,,9,0,413,2726,0.151504035216434
2024-2025,2022,2023,046946,Canal Winchester Local School District,493,0,,48,0,541,4430,0.122121896162528
2024-2025,2022,2023,046953,Hamilton Local School District,611,0,,51,0,662,3021,0.219132737504138
2024-2025,2022,2023,046961,Gahanna-Jefferson City School District,726,0,,21,0,747,9558,0.078154425612053
2024-2025,2022,2023,046979,Groveport Madison Local School District,1545,0,,129,0,1674,8818,0.189838965751871
2024-2025,2022,2023,046995,New Albany-Plain Local School District,262,0,,6,0,268,5538,0.048392921632358
2024-2025,2022,2023,047001,Reynoldsburg City School District,1431,0,,50,0,1481,8222,0.180126489905133
2024-2025,2022,2023,047019,Hilliard City School District,2195,0,,52,0,2247,18653,0.120463196268697
2024-2025,2022,2023,047027,Dublin City School District,1347,0,,33,0,1380,18140,0.076074972436604
2024-2025,2022,2023,047043,Archbold Area Local School District,95,0,,0,0,95,1288,0.073757763975155
2024-2025,2022,2023,047050,Evergreen Local School District,102,0,,1,0,103,1405,0.073309608540925
2024-2025,2022,2023,047068,Fayette Local School District,57,0,,0,0,57,414,0.13768115942029
2024-2025,2022,2023,047076,Pettisville Local School District,28,0,,0,0,28,407,0.068796068796069
2024-2025,2022,2023,047084,Pike-Delta-York Local School District,128,0,,0,0,128,1375,0.093090909090909
2024-2025,2022,2023,047092,Swanton Local School District,149,0,,2,0,151,1436,0.105153203342618
2024-2025,2022,2023,047167,Berkshire Local School District,146,0,,4,0,150,2174,0.068997240110396
2024-2025,2022,2023,047175,Cardinal Local School District,345,0,,1,0,346,3447,0.10037713954163
2024-2025,2022,2023,047183,Chardon Local School District,246,7,,6,0,259,3289,0.078747339616905
2024-2025,2022,2023,047191,Kenston Local School District,128,0,,3,0,131,3123,0.041946845981428
2024-2025,2022,2023,047225,West Geauga Local School District,96,0,,2,0,98,3015,0.032504145936982
2024-2025,2022,2023,047241,Beavercreek City School District,542,0,,9,0,551,9762,0.056443351772178
2024-2025,2022,2023,047258,Cedar Cliff Local School District,41,0,,0,0,41,704,0.058238636363636
2024-2025,2022,2023,047266,Greeneview Local School District,160,0,,3,0,163,1423,0.114546732255798
2024-2025,2022,2023,047274,Bellbrook-Sugarcreek Local School District,159,0,,6,0,165,3345,0.04932735426009
2024-2025,2022,2023,047308,Rolling Hills Local School District,343,0,,17,0,360,1760,0.204545454545455
2024-2025,2022,2023,047332,Finneytown Local School District,212,0,,21,0,233,1753,0.132915002852253
2024-2025,2022,2023,047340,Forest Hills Local School District,392,0,,28,0,420,9594,0.043777360850532
2024-2025,2022,2023,047365,Northwest Local School District,1678,0,,104,0,1782,12577,0.141687206806075
2024-2025,2022,2023,047373,Oak Hills Local School District,910,0,,39,0,949,11545,0.082200086617583
2024-2025,2022,2023,047381,Southwest Local School District,566,0,,94,0,660,5127,0.128730251609128
2024-2025,2022,2023,047399,Three Rivers Local School District,178,0,,23,0,201,2877,0.069864442127216
2024-2025,2022,2023,047415,Arcadia Local School District,45,0,,2,0,47,448,0.104910714285714
2024-2025,2022,2023,047423,Arlington Local School District,55,0,,4,0,59,719,0.082058414464534
2024-2025,2022,2023,047431,Cory-Rawson Local School District,92,0,,1,0,93,761,0.122207621550591
2024-2025,2022,2023,047449,Liberty-Benton Local School District,52,0,,6,0,58,1372,0.042274052478134
2024-2025,2022,2023,047456,McComb Local School District,67,0,,2,0,69,775,0.089032258064516
2024-2025,2022,2023,047464,Van Buren Local School District,118,0,,1,0,119,1119,0.106344950848972
2024-2025,2022,2023,047472,Vanlue Local School District,22,0,,0,0,22,269,0.0817843866171
2024-2025,2022,2023,047498,Hardin Northern Local School District,47,0,,2,0,49,450,0.108888888888889
2024-2025,2022,2023,047506,Ridgemont Local School District,114,0,,0,0,114,769,0.148244473342003
2024-2025,2022,2023,047514,Riverdale Local School District,156,0,,7,0,163,1032,0.157945736434109
2024-2025,2022,2023,047522,Upper Scioto Valley Local School District,100,0,,1,0,101,692,0.145953757225433
2024-2025,2022,2023,047548,Conotton Valley Union Local School District,89,0,,0,0,89,476,0.186974789915966
2024-2025,2022,2023,047571,Holgate Local School District,26,0,,1,0,27,433,0.062355658198614
2024-2025,2022,2023,047589,Liberty Center Local School District,82,28,,5,0,115,1020,0.112745098039216
2024-2025,2022,2023,047597,Patrick Henry Local School District,118,0,,2,0,120,933,0.128617363344051
2024-2025,2022,2023,047613,Bright Local School District,152,0,,11,0,163,875,0.186285714285714
2024-2025,2022,2023,047621,Fairfield Local School District,94,0,,11,0,105,953,0.110178384050367
2024-2025,2022,2023,047639,Lynchburg-Clay Local School District,165,0,,13,0,178,1178,0.151103565365026
2024-2025,2022,2023,047688,East Holmes Local School District,371,0,,22,0,393,5469,0.071859572133845
2024-2025,2022,2023,047696,West Holmes Local School District,396,0,,14,0,410,3443,0.119082195759512
2024-2025,2022,2023,047712,Monroeville Local School District,64,0,,0,0,64,689,0.09288824383164
2024-2025,2022,2023,047720,New London Local School District,141,0,,2,0,143,1017,0.140609636184857
2024-2025,2022,2023,047738,South Central Local School District,166,0,,3,0,169,1028,0.164396887159533
2024-2025,2022,2023,047746,Western Reserve Local School District,178,0,,3,0,181,1142,0.158493870402802
2024-2025,2022,2023,047761,Oak Hill Union Local School District,298,0,,10,0,308,1335,0.230711610486891
2024-2025,2022,2023,047787,Buckeye Local School District,436,0,,5,0,441,1873,0.235451147891084
2024-2025,2022,2023,047795,Edison Local School District,380,0,,11,0,391,1977,0.197774405665149
2024-2025,2022,2023,047803,Indian Creek Local School District,583,0,,2,0,585,2531,0.231133939154484
2024-2025,2022,2023,047829,Centerburg Local School District,115,0,,5,0,120,1242,0.096618357487923
2024-2025,2022,2023,047837,Danville Local School District,119,0,,3,0,122,914,0.133479212253829
2024-2025,2022,2023,047845,East Knox Local School District,241,0,,6,0,247,1820,0.135714285714286
2024-2025,2022,2023,047852,Fredericktown Local School District,183,0,,6,0,189,1461,0.129363449691992
2024-2025,2022,2023,047878,Kirtland Local School District,53,0,,2,0,55,1355,0.040590405904059
2024-2025,2022,2023,047886,Madison Local School District,347,0,,8,0,355,2874,0.123521224773834
2024-2025,2022,2023,047894,Riverside Local School District,372,0,,4,0,376,5637,0.066702146531843
2024-2025,2022,2023,047902,Perry Local School District,110,0,,3,0,113,1608,0.070273631840796
2024-2025,2022,2023,047928,Dawson-Bryant Local School District,209,0,,8,0,217,972,0.223251028806584
2024-2025,2022,2023,047936,Fairland Local School District,240,0,,5,0,245,1592,0.153894472361809
2024-2025,2022,2023,047944,Rock Hill Local School District,312,42,,8,0,362,1491,0.242790073775989
2024-2025,2022,2023,047951,South Point Local School District,431,0,,11,0,442,1773,0.249294980259447
2024-2025,2022,2023,047969,Symmes Valley Local School District,111,0,,2,0,113,705,0.160283687943262
2024-2025,2022,2023,047985,Johnstown-Monroe Local School District,107,0,,3,0,110,1935,0.056847545219638
2024-2025,2022,2023,047993,Lakewood Local School District,191,0,,21,0,212,2121,0.0999528524281
2024-2025,2022,2023,048009,Licking Heights Local School District,622,0,,27,0,649,5418,0.119785898855666
2024-2025,2022,2023,048017,Licking Valley Local School District,178,0,,11,0,189,2110,0.08957345971564
2024-2025,2022,2023,048025,North Fork Local School District,238,0,,8,0,246,1939,0.126869520371325
2024-2025,2022,2023,048033,Northridge Local School District,107,0,,2,0,109,1488,0.073252688172043
2024-2025,2022,2023,048041,Southwest Licking Local School District,324,0,,39,0,363,5330,0.068105065666041
2024-2025,2022,2023,048074,Benjamin Logan Local School District,183,0,,14,0,197,1954,0.100818833162743
2024-2025,2022,2023,048082,Indian Lake Local School District,285,0,,7,0,292,1601,0.182386008744535
2024-2025,2022,2023,048090,Riverside Local School District,108,0,,2,0,110,689,0.159651669085631
2024-2025,2022,2023,048116,Avon Local School District,342,0,,2,0,344,5303,0.064868942108241
2024-2025,2022,2023,048124,Avon Lake City School District,179,0,,1,0,180,4536,0.03968253968254
2024-2025,2022,2023,048132,Clearview Local School District,346,0,,4,0,350,1089,0.32139577594123
2024-2025,2022,2023,048140,Columbia Local School District,68,0,,2,0,70,947,0.073917634635692
2024-2025,2022,2023,048157,Firelands Local School District,130,0,,4,0,134,1715,0.078134110787172
2024-2025,2022,2023,048165,Keystone Local School District,173,0,,4,0,177,1782,0.099326599326599
2024-2025,2022,2023,048173,Midview Local School District,364,0,,9,0,373,3177,0.117406358199559
2024-2025,2022,2023,048207,Anthony Wayne Local School District,217,0,,29,0,246,5838,0.042137718396711
2024-2025,2022,2023,048215,Ottawa Hills Local School District,52,0,,4,0,56,1173,0.047740835464621
2024-2025,2022,2023,048223,Springfield Local School District,652,0,,41,0,693,4611,0.150292778139232
2024-2025,2022,2023,048231,Washington Local School District,1506,0,,72,0,1578,7759,0.203376723804614
2024-2025,2022,2023,048256,Jefferson Local School District,150,0,,4,0,154,1123,0.13713268032057
2024-2025,2022,2023,048264,Jonathan Alder Local School District,173,0,,3,0,176,2332,0.075471698113208
2024-2025,2022,2023,048272,Madison-Plains Local School District,161,0,,8,0,169,1446,0.116874135546335
2024-2025,2022,2023,048298,Austintown Local School District,861,0,,24,0,885,4697,0.188418139237811
2024-2025,2022,2023,048306,Boardman Local School District,994,0,,41,0,1035,4901,0.211181391552744
2024-2025,2022,2023,048314,Canfield Local School District,175,0,,7,0,182,3154,0.057704502219404
2024-2025,2022,2023,048322,Jackson-Milton Local School District,150,0,,6,0,156,839,0.185935637663886
2024-2025,2022,2023,048330,Lowellville Local School District,42,0,,0,0,42,293,0.143344709897611
2024-2025,2022,2023,048348,Poland Local School District,159,0,,4,0,163,2278,0.071553994732221
2024-2025,2022,2023,048355,Sebring Local School District,151,0,,12,0,163,544,0.299632352941177
2024-2025,2022,2023,048363,South Range Local School District,165,0,,11,0,176,1155,0.152380952380952
2024-2025,2022,2023,048371,Springfield Local School District,113,0,,3,0,116,1047,0.110792741165234
2024-2025,2022,2023,048389,West Branch Local School District,281,0,,5,0,286,1915,0.14934725848564
2024-2025,2022,2023,048397,Western Reserve Local School District,68,0,,1,0,69,552,0.125
2024-2025,2022,2023,048413,Elgin Local School District,175,0,,2,0,177,1127,0.157054125998225
2024-2025,2022,2023,048421,Pleasant Local School District,144,0,,1,0,145,1357,0.106853352984525
2024-2025,2022,2023,048439,Ridgedale Local School District,225,0,,3,0,228,770,0.296103896103896
2024-2025,2022,2023,048447,River Valley Local School District,195,0,,7,0,202,1942,0.104016477857879
2024-2025,2022,2023,048462,Black River Local School District,216,0,,12,0,228,1863,0.122383252818035
2024-2025,2022,2023,048470,Buckeye Local School District,176,0,,5,0,181,2321,0.077983627746661
2024-2025,2022,2023,048488,Cloverleaf Local School District,274,0,,26,0,300,2827,0.10611956137248
2024-2025,2022,2023,048496,Highland Local School District,87,0,,6,0,93,3846,0.02418096723869
2024-2025,2022,2023,048512,Eastern Local School District,100,0,,0,0,100,799,0.125156445556946
2024-2025,2022,2023,048520,Meigs Local School District,487,0,,5,0,492,1748,0.281464530892448
2024-2025,2022,2023,048538,Southern Local School District,138,0,,1,0,139,713,0.194950911640954
2024-2025,2022,2023,048553,Marion Local School District,75,0,,0,0,75,937,0.080042689434365
2024-2025,2022,2023,048579,Parkway Local School District,106,0,,4,0,110,1089,0.101010101010101
2024-2025,2022,2023,048587,St. Henry Consolidated Local School District,19,0,,0,0,19,986,0.019269776876268
2024-2025,2022,2023,048595,Fort Recovery Local School District,31,0,,1,0,32,883,0.036240090600227
2024-2025,2022,2023,048611,Bethel Local School District,119,0,,5,0,124,2030,0.061083743842365
2024-2025,2022,2023,048629,Miami East Local School District,116,0,,3,0,119,1474,0.080732700135685
2024-2025,2022,2023,048637,Newton Local School District,138,0,,2,0,140,639,0.219092331768388
2024-2025,2022,2023,048652,Switzerland of Ohio Local School District,492,0,,5,0,497,2373,0.209439528023599
2024-2025,2022,2023,048678,Brookville Local School District,137,0,,2,0,139,1625,0.085538461538462
2024-2025,2022,2023,048686,Jefferson Township Local School District,201,0,,5,0,206,753,0.273572377158035
2024-2025,2022,2023,048694,Trotwood-Madison City School District,1048,0,,27,0,1075,3339,0.321952680443246
2024-2025,2022,2023,048702,Mad River Local School District,605,0,,22,0,627,3524,0.177922814982974
2024-2025,2022,2023,048710,New Lebanon Local School District,172,0,,23,0,195,1067,0.182755388940956
2024-2025,2022,2023,048728,Northmont City School District,523,0,,34,0,557,5633,0.098881590626664
2024-2025,2022,2023,048736,Northridge Local School District,569,19,,8,0,596,1510,0.394701986754967
2024-2025,2022,2023,048744,Valley View Local School District,205,0,,13,0,218,2118,0.102927289896128
2024-2025,2022,2023,048751,Huber Heights City School District,1090,0,,42,0,1132,7282,0.155451798956331
2024-2025,2022,2023,048777,Morgan Local School District,452,0,,7,0,459,1962,0.23394495412844
2024-2025,2022,2023,048793,Cardington-Lincoln Local School District,139,0,,7,0,146,1061,0.13760603204524
2024-2025,2022,2023,048801,Highland Local School District,242,0,,5,0,247,1743,0.141709695926563
2024-2025,2022,2023,048819,Northmor Local School District,183,0,,7,0,190,1338,0.142002989536622
2024-2025,2022,2023,048835,East Muskingum Local School District,219,43,,5,0,267,2188,0.122029250457038
2024-2025,2022,2023,048843,Franklin Local School District,316,0,,11,0,327,2161,0.151318833873207
2024-2025,2022,2023,048850,Maysville Local School District,252,0,,8,0,260,1718,0.151338766006985
2024-2025,2022,2023,048876,Tri-Valley Local School District,403,0,,20,0,423,3282,0.128884826325411
2024-2025,2022,2023,048884,West Muskingum Local School District,252,0,,6,0,258,1922,0.13423517169615
2024-2025,2022,2023,048900,Noble Local School District,173,0,,0,0,173,1163,0.148753224419605
2024-2025,2022,2023,048926,Benton-Carroll-Salem Local School District,182,0,,4,0,186,1534,0.121251629726206
2024-2025,2022,2023,048934,Danbury Local School District,58,0,,1,0,59,439,0.134396355353075
2024-2025,2022,2023,048942,Genoa Area Local School District,106,0,,8,0,114,1305,0.08735632183908
2024-2025,2022,2023,048959,Middle Bass Local School District,1,0,,0,0,1,14,0.071428571428571
2024-2025,2022,2023,048967,North Bass Local School District,0,0,,0,0,0,0,0
2024-2025,2022,2023,048975,Put-in-Bay Local School District,2,0,,0,0,2,60,0.033333333333333
2024-2025,2022,2023,048991,Antwerp Local School District,82,0,,0,0,82,698,0.117478510028653
2024-2025,2022,2023,049031,Wayne Trace Local School District,99,0,,0,0,99,918,0.107843137254902
2024-2025,2022,2023,049056,Northern Local School District,309,0,,18,0,327,2591,0.126206098031648
2024-2025,2022,2023,049064,Southern Local School District,226,0,,3,0,229,733,0.312414733969986
2024-2025,2022,2023,049080,Logan Elm Local School District,252,0,,2,0,254,2056,0.123540856031128
2024-2025,2022,2023,049098,Teays Valley Local School District,383,0,,9,0,392,4363,0.089846435938574
2024-2025,2022,2023,049106,Westfall Local School District,170,0,,6,0,176,1407,0.125088841506752
2024-2025,2022,2023,049122,Eastern Local School District,192,0,,5,0,197,873,0.225658648339061
2024-2025,2022,2023,049130,Scioto Valley Local School District,346,0,,10,0,356,1414,0.251768033946252
2024-2025,2022,2023,049148,Waverly City School District,418,0,,11,0,429,1878,0.228434504792332
2024-2025,2022,2023,049155,Western Local School District,252,0,,2,0,254,859,0.29569266589057
2024-2025,2022,2023,049171,Aurora City School District,69,0,,3,0,72,3161,0.022777602024676
2024-2025,2022,2023,049189,Crestwood Local School District,199,0,,11,0,210,1779,0.118043844856661
2024-2025,2022,2023,049197,Field Local School District,166,0,,21,0,187,2441,0.076607947562474
2024-2025,2022,2023,049205,James A. Garfield Local School District,137,0,,3,0,140,1424,0.098314606741573
2024-2025,2022,2023,049213,Rootstown Local School District,86,0,,4,0,90,1313,0.068545316070069
2024-2025,2022,2023,049221,Southeast Local School District,173,0,,9,0,182,1735,0.104899135446686
2024-2025,2022,2023,049239,Streetsboro City School District,252,0,,8,0,260,2315,0.112311015118791
2024-2025,2022,2023,049247,Waterloo Local School District,85,0,,13,0,98,1288,0.076086956521739
2024-2025,2022,2023,049270,National Trail Local School District,167,0,,6,0,173,1099,0.157415832575068
2024-2025,2022,2023,049288,Preble Shawnee Local School District,189,0,,7,0,196,1515,0.129372937293729
2024-2025,2022,2023,049296,Twin Valley Community Local School District,123,0,,1,0,124,950,0.130526315789474
2024-2025,2022,2023,049312,Columbus Grove Local School District,93,0,,0,0,93,1009,0.09217046580773
2024-2025,2022,2023,049320,Continental Local School District,56,0,,1,0,57,614,0.092833876221498
2024-2025,2022,2023,049338,Jennings Local School District,20,0,,0,0,20,376,0.053191489361702
2024-2025,2022,2023,049346,Kalida Local School District,29,0,,0,0,29,630,0.046031746031746
2024-2025,2022,2023,049353,Leipsic Local School District,79,0,,0,0,79,721,0.109570041608877
2024-2025,2022,2023,049361,Miller City-New Cleveland Local School District,17,0,,0,0,17,422,0.040284360189573
2024-2025,2022,2023,049379,Ottawa-Glandorf Local School District,84,0,,1,0,85,1753,0.048488305761552
2024-2025,2022,2023,049387,Ottoville Local School District,24,0,,5,0,29,461,0.062906724511931
2024-2025,2022,2023,049395,Pandora-Gilboa Local School District,43,0,,3,0,46,673,0.068350668647845
2024-2025,2022,2023,049411,Clear Fork Valley Local School District,167,0,,6,0,173,2018,0.085728444003964
2024-2025,2022,2023,049429,Crestview Local School District,276,0,,2,0,278,1583,0.175615919140872
2024-2025,2022,2023,049437,Lexington Local School District,319,0,,6,0,325,2884,0.112690707350902
2024-2025,2022,2023,049445,Lucas Local School District,63,0,,4,0,67,574,0.116724738675958
2024-2025,2022,2023,049452,Madison Local School District,637,60,,10,0,707,3347,0.211233940842546
2024-2025,2022,2023,049460,Plymouth-Shiloh Local School District,122,0,,2,0,124,1028,0.120622568093385
2024-2025,2022,2023,049478,Ontario Local School District,174,0,,14,0,188,1853,0.101457096600108
2024-2025,2022,2023,049494,Adena Local School District,191,0,,5,0,196,1309,0.149732620320856
2024-2025,2022,2023,049502,Huntington Local School District,218,0,,5,0,223,1092,0.204212454212454
2024-2025,2022,2023,049510,Paint Valley Local School District,183,0,,10,0,193,949,0.203371970495258
2024-2025,2022,2023,049528,Southeastern Local School District,170,0,,8,0,178,1032,0.172480620155039
2024-2025,2022,2023,049536,Union-Scioto Local School District,338,0,,10,0,348,1866,0.186495176848875
2024-2025,2022,2023,049544,Zane Trace Local School District,189,0,,2,0,191,1534,0.124511082138201
2024-2025,2022,2023,049569,Lakota Local School District,107,0,,4,0,111,1160,0.095689655172414
2024-2025,2022,2023,049577,Woodmore Local School District,78,0,,2,0,80,1019,0.078508341511286
2024-2025,2022,2023,049593,Bloom-Vernon Local School District,117,0,,15,0,132,749,0.176234979973298
2024-2025,2022,2023,049601,Clay Local School District,115,0,,14,0,129,540,0.238888888888889
2024-2025,2022,2023,049619,Green Local School District,126,0,,1,0,127,664,0.191265060240964
2024-2025,2022,2023,049627,Minford Local School District,250,0,,29,0,279,1367,0.204096561814192
2024-2025,2022,2023,049635,Northwest Local School District,296,0,,31,0,327,1516,0.215699208443272
2024-2025,2022,2023,049643,Valley Local School District,147,0,,6,0,153,851,0.17978848413631
2024-2025,2022,2023,049650,Washington-Nile Local School District,288,0,,19,0,307,1298,0.236517719568567
2024-2025,2022,2023,049668,Wheelersburg Local School District,235,0,,9,0,244,1350,0.180740740740741
2024-2025,2022,2023,049684,Seneca East Local School District,64,0,,3,0,67,829,0.080820265379976
2024-2025,2022,2023,049700,Hopewell-Loudon Local School District,58,0,,2,0,60,723,0.08298755186722
2024-2025,2022,2023,049718,New Riegel Local School District,20,0,,1,0,21,333,0.063063063063063
2024-2025,2022,2023,049726,Old Fort Local School District,44,0,,0,0,44,512,0.0859375
2024-2025,2022,2023,049759,Anna Local School District,52,0,,0,0,52,996,0.052208835341365
2024-2025,2022,2023,049767,Botkins Local School District,23,0,,0,0,23,419,0.054892601431981
2024-2025,2022,2023,049775,Fairlawn Local School District,38,0,,0,0,38,368,0.103260869565217
2024-2025,2022,2023,049783,Fort Loramie Local School District,26,0,,1,0,27,805,0.033540372670807
2024-2025,2022,2023,049791,Hardin-Houston Local School District,92,6,,2,0,100,896,0.111607142857143
2024-2025,2022,2023,049809,Jackson Center Local School District,35,0,,0,0,35,498,0.070281124497992
2024-2025,2022,2023,049817,Russia Local School District,9,0,,0,0,9,371,0.024258760107817
2024-2025,2022,2023,049833,Canton Local School District,377,0,,4,0,381,1766,0.215741789354473
2024-2025,2022,2023,049841,Fairless Local School District,212,0,,2,0,214,1899,0.112690889942075
2024-2025,2022,2023,049858,Jackson Local School District,397,0,,28,0,425,6601,0.064384184214513
2024-2025,2022,2023,049866,Lake Local School District,215,0,,12,0,227,3813,0.059533175976921
2024-2025,2022,2023,049874,Louisville City School District,292,0,,25,0,317,3101,0.102225088681071
2024-2025,2022,2023,049882,Marlington Local School District,287,0,,5,0,292,2244,0.130124777183601
2024-2025,2022,2023,049890,Minerva Local School District,303,0,,8,0,311,1946,0.159815005138746
2024-2025,2022,2023,049908,Northwest Local School District,185,0,,0,0,185,2017,0.091720376797224
2024-2025,2022,2023,049916,Osnaburg Local School District,73,0,,5,0,78,830,0.093975903614458
2024-2025,2022,2023,049924,Perry Local School District,548,0,,32,0,580,4558,0.127248793330408
2024-2025,2022,2023,049932,Plain Local School District,971,0,,41,0,1012,6990,0.144778254649499
2024-2025,2022,2023,049940,Sandy Valley Local School District,198,0,,2,0,200,1301,0.153727901614143
2024-2025,2022,2023,049957,Tuslaw Local School District,146,0,,5,0,151,1596,0.094611528822055
2024-2025,2022,2023,049973,Woodridge Local School District,364,0,,26,0,390,2500,0.156
2024-2025,2022,2023,049981,Copley-Fairlawn City School District,217,0,,17,0,234,3359,0.069663590354272
2024-2025,2022,2023,049999,Coventry Local School District,202,0,,13,0,215,1433,0.15003489183531
2024-2025,2022,2023,050005,Manchester Local School District,121,0,,23,0,144,1392,0.103448275862069
2024-2025,2022,2023,050013,Green Local School District,339,0,,34,0,373,4620,0.080735930735931
2024-2025,2022,2023,050021,Hudson City School District,113,0,,5,0,118,5380,0.021933085501859
2024-2025,2022,2023,050039,Mogadore Local School District,69,0,,1,0,70,683,0.102489019033675
2024-2025,2022,2023,050047,Nordonia Hills City School District,213,0,,7,0,220,4371,0.050331731869138
2024-2025,2022,2023,050054,Revere Local School District,128,0,,5,0,133,3693,0.036014080693203
2024-2025,2022,2023,050062,Springfield Local School District,385,0,,51,0,436,2483,0.175594039468385
2024-2025,2022,2023,050070,Twinsburg City School District,245,0,,14,0,259,4609,0.056194402256455
2024-2025,2022,2023,050096,Bloomfield-Mespo Local School District,131,0,,1,0,132,1155,0.114285714285714
2024-2025,2022,2023,050112,Bristol Local School District,149,0,,3,0,152,1215,0.125102880658436
2024-2025,2022,2023,050120,Brookfield Local School District,276,0,,1,0,277,1097,0.252506836827712
2024-2025,2022,2023,050138,Champion Local School District,160,0,,1,0,161,1447,0.111264685556323
2024-2025,2022,2023,050153,Mathews Local School District,131,0,,5,0,136,852,0.15962441314554
2024-2025,2022,2023,050161,Howland Local School District,473,0,,8,0,481,2960,0.1625
2024-2025,2022,2023,050179,Joseph Badger Local School District,160,0,,1,0,161,874,0.184210526315789
2024-2025,2022,2023,050187,Lakeview Local School District,201,0,,3,0,204,1854,0.110032362459547
2024-2025,2022,2023,050195,Liberty Local School District,363,68,,4,0,435,1650,0.263636363636364
2024-2025,2022,2023,050203,Lordstown Local School District,66,0,,1,0,67,466,0.143776824034335
2024-2025,2022,2023,050211,Maplewood Local School District,102,0,,1,0,103,712,0.144662921348315
2024-2025,2022,2023,050229,McDonald Local School District,78,0,,1,0,79,651,0.121351766513057
2024-2025,2022,2023,050237,Southington Local School District,80,0,,1,0,81,647,0.125193199381762
2024-2025,2022,2023,050245,LaBrae Local School District,251,0,,3,0,254,1044,0.243295019157088
2024-2025,2022,2023,050252,Weathersfield Local School District,149,0,,1,0,150,763,0.196592398427261
2024-2025,2022,2023,050278,Garaway Local School District,202,0,,4,0,206,2547,0.080879466038477
2024-2025,2022,2023,050286,Indian Valley Local School District,217,0,,9,0,226,1678,0.134684147794994
2024-2025,2022,2023,050294,Strasburg-Franklin Local School District,48,0,,1,0,49,627,0.078149920255183
2024-2025,2022,2023,050302,Tuscarawas Valley Local School District,142,0,,11,0,153,1566,0.097701149425287
2024-2025,2022,2023,050328,Fairbanks Local School District,40,0,,1,0,41,1341,0.030574198359433
2024-2025,2022,2023,050336,North Union Local School District,125,0,,7,0,132,1493,0.08841259209645
2024-2025,2022,2023,050351,Crestview Local School District,57,0,,2,0,59,857,0.068844807467911
2024-2025,2022,2023,050369,Lincolnview Local School District,51,0,,0,0,51,782,0.065217391304348
2024-2025,2022,2023,050393,Vinton County Local School District,504,0,,15,0,519,1948,0.266427104722793
2024-2025,2022,2023,050419,Carlisle Local School District,146,0,,4,0,150,1691,0.088704908338261
2024-2025,2022,2023,050427,Springboro Community City School District,178,0,,7,0,185,7442,0.024858908895458
2024-2025,2022,2023,050435,Kings Local School District,267,0,,8,0,275,5602,0.049089610853267
2024-2025,2022,2023,050443,Little Miami Local School District,233,0,,18,0,251,6430,0.039035769828927
2024-2025,2022,2023,050450,Mason City School District,338,0,,6,0,344,11645,0.029540575354229
2024-2025,2022,2023,050468,Wayne Local School District,72,0,,11,0,83,1681,0.049375371802499
2024-2025,2022,2023,050484,Fort Frye Local School District,179,0,,8,0,187,973,0.192189105858171
2024-2025,2022,2023,050492,Frontier Local School District,126,0,,0,0,126,672,0.1875
2024-2025,2022,2023,050500,Warren Local School District,351,0,,14,0,365,2297,0.158902916848063
2024-2025,2022,2023,050518,Wolf Creek Local School District,72,0,,0,0,72,600,0.12
2024-2025,2022,2023,050534,Chippewa Local School District,94,0,,6,0,100,1412,0.070821529745042
2024-2025,2022,2023,050542,Dalton Local School District,172,0,,3,0,175,1540,0.113636363636364
2024-2025,2022,2023,050559,Green Local School District,116,0,,3,0,119,1291,0.092176607281177
2024-2025,2022,2023,050567,Norwayne Local School District,254,29,,6,0,289,1460,0.197945205479452
2024-2025,2022,2023,050575,Northwestern Local School District,195,0,,3,0,198,1543,0.128321451717434
2024-2025,2022,2023,050583,Southeast Local School District,480,0,,7,0,487,4593,0.106030916612236
2024-2025,2022,2023,050591,Triway Local School District,237,0,,5,0,242,2232,0.1084229390681
2024-2025,2022,2023,050617,Edgerton Local School District,60,0,,0,0,60,643,0.093312597200622
2024-2025,2022,2023,050625,Edon Northwest Local School District,51,0,,4,0,55,551,0.099818511796733
2024-2025,2022,2023,050633,Millcreek-West Unity Local School District,65,0,,1,0,66,569,0.115992970123023
2024-2025,2022,2023,050641,North Central Local School District,69,0,,1,0,70,677,0.103397341211226
2024-2025,2022,2023,050658,Stryker Local School District,47,0,,0,0,47,418,0.11244019138756
2024-2025,2022,2023,050674,Eastwood Local School District,94,0,,4,0,98,1522,0.064388961892247
2024-2025,2022,2023,050682,Elmwood Local School District,97,0,,0,0,97,1158,0.083765112262522
2024-2025,2022,2023,050690,Lake Local School District,197,0,,3,0,200,1754,0.114025085518814
2024-2025,2022,2023,050708,North Baltimore Local School District,124,0,,1,0,125,724,0.172651933701657
2024-2025,2022,2023,050716,Northwood Local School District,111,0,,2,0,113,838,0.134844868735084
2024-2025,2022,2023,050724,Otsego Local School District,130,0,,2,0,132,1667,0.079184163167367
2024-2025,2022,2023,050740,Mohawk Local School District,57,0,,3,0,60,889,0.067491563554556
2024-2025,2022,2023,061903,Adams County/Ohio Valley Local School District,1017,18,,112,0,1147,4179,0.274467575975114
2024-2025,2022,2023,064964,College Corner Local School District,20,0,,0,0,20,140,0.142857142857143
2024-2025,2022,2023,065680,Gallia County Local School District,678,0,,9,0,687,2745,0.250273224043716
2024-2025,2022,2023,069682,East Guernsey Local School District,217,0,,7,0,224,1304,0.171779141104295
2024-2025,2022,2023,091397,Tri-County North Local School District,163,0,,6,0,169,911,0.185510428100988
2024-2025,2022,2023,139303,Monroe Local School District,204,0,,9,0,213,3111,0.068466730954677
2025-2026,2023,2024,000442,Manchester Local School District,198,0,0,25,0,223,820,0.271951219512195
2025-2026,2023,2024,043489,Akron City School District,10251,0,0,156,0,10407,27232,0.382160693301998
2025-2026,2023,2024,043497,Alliance City School District,726,0,0,17,0,743,3130,0.237380191693291
2025-2026,2023,2024,043505,Ashland City School District,605,0,0,20,0,625,3827,0.163313300235171
2025-2026,2023,2024,043513,Ashtabula Area City School District,1492,0,0,11,0,1503,4120,0.364805825242718
2025-2026,2023,2024,043521,Athens City School District,444,0,0,14,0,458,2665,0.171857410881801
2025-2026,2023,2024,043539,Barberton City School District,1077,0,0,90,0,1167,3632,0.321310572687225
2025-2026,2023,2024,043547,Bay Village City School District,63,0,0,2,0,65,2953,0.022011513714866
2025-2026,2023,2024,043554,Beachwood City School District,164,0,0,5,0,169,2319,0.072876239758517
2025-2026,2023,2024,043562,Bedford City School District,853,8,0,86,0,947,3721,0.254501478097286
2025-2026,2023,2024,043570,Bellaire Local School District,319,0,0,0,0,319,1248,0.255608974358974
2025-2026,2023,2024,043588,Bellefontaine City School District,482,0,0,6,0,488,2833,0.172255559477586
2025-2026,2023,2024,043596,Bellevue City School District,284,0,0,8,0,292,2293,0.127344090710859
2025-2026,2023,2024,043604,Belpre City School District,212,0,0,8,0,220,1231,0.178716490658002
2025-2026,2023,2024,043612,Berea City School District,715,42,0,75,0,832,6719,0.123827950587885
2025-2026,2023,2024,043620,Bexley City School District,113,0,0,4,0,117,2905,0.040275387263339
2025-2026,2023,2024,043638,Bowling Green City School District,372,0,0,5,0,377,3550,0.106197183098592
2025-2026,2023,2024,043646,Brecksville-Broadview Heights City School District,222,0,0,6,0,228,4569,0.049901510177282
2025-2026,2023,2024,043653,Brooklyn City School District,261,0,0,3,0,264,1529,0.172661870503597
2025-2026,2023,2024,043661,Brunswick City School District,629,0,0,15,0,644,7651,0.084172003659652
2025-2026,2023,2024,043679,Bryan City School District,305,0,0,6,0,311,2124,0.146421845574388
2025-2026,2023,2024,043687,Bucyrus City School District,301,0,0,11,0,312,1552,0.201030927835052
2025-2026,2023,2024,043695,Cambridge City School District,537,0,0,48,0,585,2324,0.251721170395869
2025-2026,2023,2024,043703,Campbell City School District,507,0,0,1,0,508,1296,0.391975308641975
2025-2026,2023,2024,043711,Canton City School District,3523,0,0,68,2,3593,10200,0.352254901960784
2025-2026,2023,2024,043729,Celina City School District,369,0,0,7,0,376,3008,0.125
2025-2026,2023,2024,043737,Centerville City School District,675,0,0,10,0,685,10136,0.06758089976322
2025-2026,2023,2024,043745,Chillicothe City School District,894,0,0,40,0,934,3486,0.267928858290304
2025-2026,2023,2024,043752,Cincinnati City School District,12652,98,0,557,0,13307,49425,0.269236216489631
2025-2026,2023,2024,043760,Circleville City School District,532,0,0,2,0,534,2430,0.219753086419753
2025-2026,2023,2024,043778,Claymont City School District,522,0,0,25,0,547,2113,0.258873639375296
2025-2026,2023,2024,043786,Cleveland Municipal School District,20638,71,0,440,0,21149,55592,0.380432436321773
2025-2026,2023,2024,043794,Cleveland Heights-University Heights City School District,1605,0,0,68,0,1673,8419,0.198717187314408
2025-2026,2023,2024,043802,Columbus City School District,24268,64,0,473,0,24805,77964,0.318159663434406
2025-2026,2023,2024,043810,Conneaut Area City School District,651,0,0,28,0,679,1970,0.344670050761421
2025-2026,2023,2024,043828,Coshocton City School District,555,0,0,20,0,575,1884,0.3052016985138
2025-2026,2023,2024,043836,Cuyahoga Falls City School District,717,0,0,22,0,739,5205,0.141978866474544
2025-2026,2023,2024,043844,Dayton City School District,8345,16,0,257,0,8618,23095,0.373154362416107
2025-2026,2023,2024,043851,Deer Park Community City School District,157,0,0,3,0,160,1432,0.111731843575419
2025-2026,2023,2024,043869,Defiance City School District,438,0,0,8,0,446,2733,0.163190633004025
2025-2026,2023,2024,043877,Delaware City School District,773,0,0,6,0,779,6383,0.122042926523578
2025-2026,2023,2024,043885,Delphos City School District,171,0,0,1,0,172,1616,0.106435643564356
2025-2026,2023,2024,043893,Dover City School District,419,0,0,5,0,424,2757,0.153790351831701
2025-2026,2023,2024,043901,East Cleveland City School District,1069,0,0,50,0,1119,2403,0.465667915106117
2025-2026,2023,2024,043919,East Liverpool City School District,699,0,0,0,0,699,2330,0.3
2025-2026,2023,2024,043927,East Palestine City School District,209,0,0,10,0,219,1272,0.172169811320755
2025-2026,2023,2024,043935,Eaton Community City School District,286,0,0,26,0,312,2280,0.136842105263158
2025-2026,2023,2024,043943,Elyria City School District,1646,0,0,38,0,1684,7690,0.218985695708713
2025-2026,2023,2024,043950,Euclid City School District,2179,0,0,78,0,2257,7881,0.286384976525822
2025-2026,2023,2024,043968,Fairborn City School District,973,0,0,12,0,985,5339,0.184491477804832
2025-2026,2023,2024,043976,Fairview Park City School District,169,0,0,5,0,174,2269,0.076685764654033
2025-2026,2023,2024,043984,Findlay City School District,792,0,0,26,0,818,5771,0.141743198752383
2025-2026,2023,2024,043992,Fostoria City School District,575,0,0,9,0,584,2312,0.252595155709343
2025-2026,2023,2024,044008,Franklin City School District,451,0,0,16,0,467,3307,0.1412156032658
2025-2026,2023,2024,044016,Fremont City School District,716,0,0,4,0,720,4578,0.157273918741809
2025-2026,2023,2024,044024,Galion City School District,387,0,0,7,0,394,2089,0.188606988989947
2025-2026,2023,2024,044032,Gallipolis City School District,491,0,0,5,0,496,2228,0.22262118491921
2025-2026,2023,2024,044040,Garfield Heights City School District,1321,0,0,45,0,1366,4836,0.282464846980976
2025-2026,2023,2024,044057,Geneva Area City School District,579,0,0,14,0,593,2376,0.249579124579125
2025-2026,2023,2024,044065,Girard City School District,481,0,0,4,0,485,1673,0.289898386132696
2025-2026,2023,2024,044073,Grandview Heights City School District,35,0,0,0,0,35,1272,0.02751572327044
2025-2026,2023,2024,044081,Winton Woods City School District,846,0,0,10,0,856,5027,0.170280485378954
2025-2026,2023,2024,044099,Greenville City School District,435,0,0,5,0,440,3281,0.134105455653764
2025-2026,2023,2024,044107,Hamilton City School District,2250,0,0,33,0,2283,10328,0.221049573973664
2025-2026,2023,2024,044115,Heath City School District,204,0,0,10,0,214,1772,0.120767494356659
2025-2026,2023,2024,044123,Hillsboro City School District,507,0,0,45,0,552,2653,0.208066339992461
2025-2026,2023,2024,044131,Huron City School District,129,0,0,4,0,133,1425,0.093333333333333
2025-2026,2023,2024,044149,Ironton City School District,410,0,0,10,0,420,1527,0.275049115913556
2025-2026,2023,2024,044156,Jackson City School District,475,0,0,42,0,517,2756,0.187590711175617
2025-2026,2023,2024,044164,Kent City School District,478,0,0,7,0,485,3109,0.155998713412673
2025-2026,2023,2024,044172,Kenton City School District,400,0,0,16,0,416,2007,0.207274539113104
2025-2026,2023,2024,044180,Kettering City School District,1153,0,0,12,0,1165,8951,0.130153055524522
2025-2026,2023,2024,044198,Lakewood City School District,645,0,0,23,0,668,5347,0.124929867215261
2025-2026,2023,2024,044206,Lancaster City School District,1125,0,0,23,0,1148,7445,0.154197447951645
2025-2026,2023,2024,044214,Lebanon City School District,469,0,0,14,0,483,6810,0.070925110132159
2025-2026,2023,2024,044222,Lima City School District,1626,0,0,29,0,1655,5125,0.322926829268293
2025-2026,2023,2024,044230,Lockland Local School District,214,0,0,5,0,219,722,0.303324099722992
2025-2026,2023,2024,044248,Logan-Hocking Local School District,724,0,0,31,0,755,3826,0.197334030318871
2025-2026,2023,2024,044255,London City School District,296,0,0,3,0,299,2275,0.131428571428571
2025-2026,2023,2024,044263,Lorain City School District,2891,0,0,21,0,2912,9844,0.295814709467696
2025-2026,2023,2024,044271,Loveland City School District,297,0,0,5,0,302,5795,0.052113891285591
2025-2026,2023,2024,044289,Madeira City School District,41,0,0,0,0,41,2092,0.019598470363289
2025-2026,2023,2024,044297,Mansfield City School District,1800,0,0,36,0,1836,5243,0.350181193972916
2025-2026,2023,2024,044305,Maple Heights City School District,1319,0,0,69,0,1388,4273,0.324830329978938
2025-2026,2023,2024,044313,Mariemont City School District,67,0,0,6,0,73,1882,0.038788522848034
2025-2026,2023,2024,044321,Marietta City School District,541,0,0,31,0,572,2938,0.194690265486726
2025-2026,2023,2024,044339,Marion City School District,1383,0,0,22,0,1405,5164,0.272075910147173
2025-2026,2023,2024,044347,Martins Ferry City School District,369,0,0,14,0,383,1431,0.26764500349406
2025-2026,2023,2024,044354,Massillon City School District,921,0,0,17,1,939,4441,0.211438865120468
2025-2026,2023,2024,044362,Maumee City School District,327,0,0,29,0,356,2764,0.128798842257598
2025-2026,2023,2024,044370,Mayfield City School District,361,0,0,19,0,380,4894,0.077646097261953
2025-2026,2023,2024,044388,Medina City School District,512,0,0,16,0,528,7577,0.069684571730236
2025-2026,2023,2024,044396,Miamisburg City School District,856,0,0,17,0,873,6258,0.139501438159156
2025-2026,2023,2024,044404,Middletown City School District,2194,0,0,44,0,2238,8418,0.265858873841768
2025-2026,2023,2024,044412,Mount Healthy City School District,1217,0,0,128,0,1345,4737,0.283934979945113
2025-2026,2023,2024,044420,Mount Vernon City School District,721,0,0,27,0,748,4527,0.165230837199028
2025-2026,2023,2024,044438,Napoleon Area City School District,251,0,0,8,0,259,2302,0.112510860121633
2025-2026,2023,2024,044446,Nelsonville-York City School District,284,0,0,26,0,310,1056,0.293560606060606
2025-2026,2023,2024,044453,Newark City School District,1496,0,0,64,0,1560,7786,0.200359619830465
2025-2026,2023,2024,044461,New Boston Local School District,123,0,0,0,0,123,350,0.351428571428571
2025-2026,2023,2024,044479,New Lexington City School District,322,0,0,10,0,332,1864,0.178111587982833
2025-2026,2023,2024,044487,New Philadelphia City School District,670,0,0,8,0,678,3416,0.19847775175644
2025-2026,2023,2024,044495,Niles City School District,789,0,0,4,0,793,2561,0.309644670050761
2025-2026,2023,2024,044503,North Canton City School District,282,0,0,20,0,302,4763,0.063405416754147
2025-2026,2023,2024,044511,North College Hill City School District,507,0,0,48,0,555,2048,0.27099609375
2025-2026,2023,2024,044529,North Olmsted City School District,570,0,0,36,0,606,4425,0.136949152542373
2025-2026,2023,2024,044537,North Ridgeville City School District,293,0,0,8,0,301,5439,0.055341055341055
2025-2026,2023,2024,044545,North Royalton City School District,354,0,0,23,0,377,5243,0.071905397673088
2025-2026,2023,2024,044552,Norton City School District,217,0,0,28,0,245,2208,0.110960144927536
2025-2026,2023,2024,044560,Norwalk City School District,578,0,0,6,0,584,3205,0.182215288611544
2025-2026,2023,2024,044578,Norwood City School District,467,0,0,12,0,479,2479,0.193223073820089
2025-2026,2023,2024,044586,Oakwood City School District,76,0,0,1,0,77,2306,0.033391153512576
2025-2026,2023,2024,044594,Oberlin City School District,134,0,0,3,0,137,1183,0.115807269653424
2025-2026,2023,2024,044602,Oregon City School District,412,0,0,18,0,430,3584,0.119977678571429
2025-2026,2023,2024,044610,Orrville City School District,193,0,0,8,0,201,1913,0.105070569785677
2025-2026,2023,2024,044628,Painesville City Local School District,955,7,0,3,0,965,2848,0.338834269662921
2025-2026,2023,2024,044636,Parma City School District,2148,0,0,145,0,2293,14319,0.160136881067114
2025-2026,2023,2024,044644,Piqua City School District,682,0,0,8,0,690,3976,0.173541247484909
2025-2026,2023,2024,044651,Port Clinton City School District,237,0,0,6,0,243,1571,0.154678548695099
2025-2026,2023,2024,044669,Portsmouth City School District,903,0,0,55,0,958,2901,0.330230954843158
2025-2026,2023,2024,044677,Princeton City School District,1136,0,0,83,0,1219,6868,0.17748980780431
2025-2026,2023,2024,044685,Ravenna City School District,576,0,0,17,0,593,2805,0.211408199643494
2025-2026,2023,2024,044693,Reading Community City School District,248,0,0,6,0,254,1656,0.153381642512077
2025-2026,2023,2024,044701,Rocky River City School District,161,0,0,2,0,163,3330,0.048948948948949
2025-2026,2023,2024,044719,St. Bernard-Elmwood Place City School District,232,0,0,9,0,241,1018,0.236738703339882
2025-2026,2023,2024,044727,St. Marys City School District,230,0,0,8,0,238,2342,0.101622544833476
2025-2026,2023,2024,044735,Salem City School District,476,0,0,9,0,485,2362,0.205334462320068
2025-2026,2023,2024,044743,Sandusky City School District,1142,0,0,9,0,1151,3661,0.314394974050806
2025-2026,2023,2024,044750,Shaker Heights City School District,565,0,0,18,0,583,5779,0.10088250562381
2025-2026,2023,2024,044768,Sheffield-Sheffield Lake City School District,233,0,0,5,0,238,1881,0.126528442317916
2025-2026,2023,2024,044776,Shelby City School District,340,0,0,10,0,350,2239,0.15631978561858
2025-2026,2023,2024,044784,Sidney City School District,715,0,0,12,0,727,4078,0.178273663560569
2025-2026,2023,2024,044792,South Euclid-Lyndhurst City School District,676,0,0,64,0,740,4698,0.157513835674755
2025-2026,2023,2024,044800,South-Western City School District,5349,63,0,101,0,5513,26821,0.205547891577495
2025-2026,2023,2024,044818,Springfield City School District,2663,0,0,26,0,2689,9110,0.295170142700329
2025-2026,2023,2024,044826,Steubenville City School District,728,0,0,7,0,735,2274,0.323218997361478
2025-2026,2023,2024,044834,Stow-Munroe Falls City School District,459,0,0,24,0,483,5893,0.08196164941456
2025-2026,2023,2024,044842,Strongsville City School District,469,0,0,25,0,494,7290,0.067764060356653
2025-2026,2023,2024,044859,Struthers City School District,469,0,0,2,0,471,1744,0.27006880733945
2025-2026,2023,2024,044867,Sycamore Community City School District,356,0,0,12,0,368,7182,0.051239209133946
2025-2026,2023,2024,044875,Sylvania City School District,857,9,0,32,0,898,9931,0.090423925083073
2025-2026,2023,2024,044883,Tallmadge City School District,281,4,0,19,0,304,2888,0.105263157894737
2025-2026,2023,2024,044891,Tiffin City School District,480,0,0,8,0,488,3089,0.15797992877954
2025-2026,2023,2024,044909,Toledo City School District,11860,0,0,221,0,12081,34736,0.347794795025334
2025-2026,2023,2024,044917,Toronto City School District,208,0,0,0,0,208,809,0.257107540173053
2025-2026,2023,2024,044925,Troy City School District,536,0,0,20,0,556,5223,0.106452230518859
2025-2026,2023,2024,044933,Upper Arlington City School District,194,0,0,6,0,200,7725,0.02588996763754
2025-2026,2023,2024,044941,Urbana City School District,366,0,0,1,0,367,2137,0.171736078614881
2025-2026,2023,2024,044958,Vandalia-Butler City School District,386,0,0,31,0,417,3807,0.109535066981875
2025-2026,2023,2024,044966,Van Wert City School District,397,0,0,1,0,398,2170,0.183410138248848
2025-2026,2023,2024,044974,Wadsworth City School District,387,0,0,27,0,414,4822,0.085856491082538
2025-2026,2023,2024,044982,Wapakoneta City School District,356,0,0,5,0,361,3211,0.112426035502959
2025-2026,2023,2024,044990,Warren City School District,2895,14,0,25,0,2934,5929,0.494855793557092
2025-2026,2023,2024,045005,Warrensville Heights City School District,855,0,0,32,0,887,2490,0.356224899598394
2025-2026,2023,2024,045013,Washington Court House City School District,477,0,0,13,0,490,2406,0.203657522859518
2025-2026,2023,2024,045021,Wellston City School District,414,0,0,10,0,424,1590,0.266666666666667
2025-2026,2023,2024,045039,Wellsville Local School District,213,0,0,3,0,216,680,0.317647058823529
2025-2026,2023,2024,045047,Westerville City School District,2223,0,0,99,0,2322,18699,0.124177763516766
2025-2026,2023,2024,045054,West Carrollton City School District,779,0,0,15,0,794,3957,0.200657063431893
2025-2026,2023,2024,045062,Westlake City School District,312,0,0,10,0,322,4757,0.067689720412024
2025-2026,2023,2024,045070,Whitehall City School District,1110,0,0,37,0,1147,3946,0.29067410035479
2025-2026,2023,2024,045088,Wickliffe City School District,291,0,0,7,0,298,1709,0.174370977179637
2025-2026,2023,2024,045096,Willard City School District,405,0,0,3,0,408,1833,0.222585924713584
2025-2026,2023,2024,045104,Willoughby-Eastlake City School District,1279,0,0,11,0,1290,8356,0.154380086165629
2025-2026,2023,2024,045112,Wilmington City School District,511,0,0,21,0,532,3273,0.162542010388023
2025-2026,2023,2024,045120,Wooster City School District,528,0,0,29,0,557,3970,0.140302267002519
2025-2026,2023,2024,045138,Worthington City School District,924,0,0,13,0,937,12223,0.076658758079031
2025-2026,2023,2024,045146,Wyoming City School District,56,0,0,7,0,63,2234,0.028200537153089
2025-2026,2023,2024,045153,Xenia Community City School District,937,0,0,11,0,948,5421,0.174875484228002
2025-2026,2023,2024,045161,Youngstown City School District,4736,98,0,41,0,4875,9630,0.506230529595016
2025-2026,2023,2024,045179,Zanesville City School District,1493,0,0,40,0,1533,4241,0.36147135109644
2025-2026,2023,2024,045187,Ada Exempted Village School District,130,0,0,0,0,130,948,0.137130801687764
2025-2026,2023,2024,045195,Amherst Exempted Village School District,292,0,0,13,0,305,4277,0.071311667056348
2025-2026,2023,2024,045203,Barnesville Exempted Village School District,210,0,0,0,0,210,1244,0.168810289389068
2025-2026,2023,2024,045211,Bluffton Exempted Village School District,60,0,0,2,0,62,1078,0.057513914656772
2025-2026,2023,2024,045229,Bradford Exempted Village School District,74,0,0,0,0,74,592,0.125
2025-2026,2023,2024,045237,Bridgeport Exempted Village School District,208,0,0,3,0,211,798,0.264411027568922
2025-2026,2023,2024,045245,Harrison Hills City School District,363,0,0,20,0,383,1891,0.202538339502909
2025-2026,2023,2024,045252,Caldwell Exempted Village School District,137,0,0,2,0,139,903,0.153931339977852
2025-2026,2023,2024,045260,Carey Exempted Village School District,89,0,0,1,0,90,875,0.102857142857143
2025-2026,2023,2024,045278,Carrollton Exempted Village School District,379,0,0,6,0,385,2567,0.149980522010129
2025-2026,2023,2024,045286,Chagrin Falls Exempted Village School District,55,0,0,4,0,59,1926,0.030633437175493
2025-2026,2023,2024,045294,Chesapeake Union Exempted Village School District,166,0,0,2,0,168,1157,0.145203111495246
2025-2026,2023,2024,045302,Clyde-Green Springs Exempted Village School District,244,0,0,8,0,252,2075,0.12144578313253
2025-2026,2023,2024,045310,Coldwater Exempted Village School District,62,0,0,1,0,63,1427,0.044148563419762
2025-2026,2023,2024,045328,Columbiana Exempted Village School District,116,0,0,2,0,118,1058,0.111531190926276
2025-2026,2023,2024,045336,Covington Exempted Village School District,90,0,0,2,0,92,905,0.101657458563536
2025-2026,2023,2024,045344,Crestline Exempted Village School District,188,0,0,8,0,196,895,0.218994413407821
2025-2026,2023,2024,045351,Crooksville Exempted Village School District,184,0,0,5,0,189,970,0.194845360824742
2025-2026,2023,2024,045369,Fairport Harbor Exempted Village School District,104,0,0,1,0,105,401,0.261845386533666
2025-2026,2023,2024,045377,Georgetown Exempted Village School District,233,0,0,1,0,234,1084,0.215867158671587
2025-2026,2023,2024,045385,Gibsonburg Exempted Village School District,79,0,0,2,0,81,855,0.094736842105263
2025-2026,2023,2024,045393,Granville Exempted Village School District,53,0,0,0,0,53,2978,0.017797179314976
2025-2026,2023,2024,045401,Greenfield Exempted Village School District,457,0,0,27,0,484,2272,0.213028169014085
2025-2026,2023,2024,045419,Hicksville Exempted Village School District,101,0,0,0,0,101,990,0.102020202020202
2025-2026,2023,2024,045427,Hubbard Exempted Village School District,329,0,0,1,0,330,1831,0.180229382850901
2025-2026,2023,2024,045435,Indian Hill Exempted Village School District,84,0,0,3,0,87,2920,0.029794520547945
2025-2026,2023,2024,045443,Leetonia Exempted Village School District,142,0,0,3,0,145,724,0.200276243093923
2025-2026,2023,2024,045450,Lisbon Exempted Village School District,154,0,0,0,0,154,789,0.195183776932826
2025-2026,2023,2024,045468,Loudonville-Perrysville Exempted Village School District,191,0,0,15,0,206,1250,0.1648
2025-2026,2023,2024,045476,Marysville Exempted Village School District,357,0,0,17,0,374,6124,0.061071195297191
2025-2026,2023,2024,045484,Mechanicsburg Exempted Village School District,89,0,0,1,0,90,854,0.105386416861827
2025-2026,2023,2024,045492,Mentor Exempted Village School District,736,0,0,21,0,757,8517,0.088881061406599
2025-2026,2023,2024,045500,Milford Exempted Village School District,491,0,0,16,0,507,7914,0.064063684609553
2025-2026,2023,2024,045518,Milton-Union Exempted Village School District,191,0,0,8,0,199,1542,0.12905317769131
2025-2026,2023,2024,045526,Montpelier Exempted Village School District,138,0,0,2,0,140,912,0.153508771929825
2025-2026,2023,2024,045534,Mount Gilead Exempted Village School District,160,0,0,2,0,162,1185,0.136708860759494
2025-2026,2023,2024,045542,Newcomerstown Exempted Village School District,217,0,0,15,0,232,1010,0.22970297029703
2025-2026,2023,2024,045559,New Richmond Exempted Village School District,301,0,0,6,0,307,2339,0.131252672082086
2025-2026,2023,2024,045567,Newton Falls Exempted Village School District,244,0,0,5,0,249,1249,0.199359487590072
2025-2026,2023,2024,045575,Paulding Exempted Village School District,214,0,0,1,0,215,1680,0.12797619047619
2025-2026,2023,2024,045583,Perrysburg Exempted Village School District,222,0,0,4,0,226,6123,0.036910011432304
2025-2026,2023,2024,045591,Rittman Exempted Village School District,157,0,0,6,0,163,1101,0.148047229791099
2025-2026,2023,2024,045609,Rossford Exempted Village School District,192,0,0,7,0,199,1852,0.107451403887689
2025-2026,2023,2024,045617,Tipp City Exempted Village School District,147,0,0,6,0,153,2814,0.054371002132196
2025-2026,2023,2024,045625,Upper Sandusky Exempted Village School District,168,0,0,9,0,177,1757,0.100739897552647
2025-2026,2023,2024,045633,Versailles Exempted Village School District,53,0,0,3,0,56,1305,0.042911877394636
2025-2026,2023,2024,045641,Wauseon Exempted Village School District,223,0,0,1,0,224,1806,0.124031007751938
2025-2026,2023,2024,045658,Wellington Exempted Village School District,112,0,0,2,0,114,1296,0.087962962962963
2025-2026,2023,2024,045666,Windham Exempted Village School District,99,0,0,9,0,108,515,0.209708737864078
2025-2026,2023,2024,045674,Yellow Springs Exempted Village School District,50,0,0,1,0,51,577,0.088388214904679
2025-2026,2023,2024,045757,Allen East Local School District,86,0,0,1,0,87,1093,0.079597438243367
2025-2026,2023,2024,045765,Bath Local School District,222,0,0,12,0,234,1795,0.130362116991643
2025-2026,2023,2024,045773,Elida Local School District,536,0,0,13,0,549,3108,0.176640926640927
2025-2026,2023,2024,045781,Perry Local School District,133,0,0,0,0,133,602,0.22093023255814
2025-2026,2023,2024,045799,Shawnee Local School District,260,0,0,17,0,277,2948,0.093962008141113
2025-2026,2023,2024,045807,Spencerville Local School District,103,0,0,3,0,106,928,0.114224137931034
2025-2026,2023,2024,045823,Hillsdale Local School District,126,0,0,5,0,131,1171,0.111870196413322
2025-2026,2023,2024,045831,Mapleton Local School District,201,0,0,9,0,210,1240,0.169354838709677
2025-2026,2023,2024,045856,Buckeye Local School District,325,0,0,5,0,330,1662,0.1985559566787
2025-2026,2023,2024,045864,Grand Valley Local School District,271,0,0,6,0,277,2191,0.126426289365587
2025-2026,2023,2024,045872,Jefferson Area Local School District,382,0,0,18,0,400,1958,0.204290091930541
2025-2026,2023,2024,045880,Pymatuning Valley Local School District,395,0,0,13,0,408,1518,0.268774703557312
2025-2026,2023,2024,045906,Alexander Local School District,255,0,0,22,0,277,1540,0.17987012987013
2025-2026,2023,2024,045914,Federal Hocking Local School District,214,0,0,16,0,230,1112,0.206834532374101
2025-2026,2023,2024,045922,Trimble Local School District,168,0,0,18,0,186,680,0.273529411764706
2025-2026,2023,2024,045948,Minster Local School District,29,0,0,2,0,31,953,0.032528856243442
2025-2026,2023,2024,045955,New Bremen Local School District,21,0,0,0,0,21,790,0.026582278481013
2025-2026,2023,2024,045963,New Knoxville Local School District,17,0,0,1,0,18,461,0.039045553145336
2025-2026,2023,2024,045971,Waynesfield-Goshen Local School District,45,0,0,1,0,46,440,0.104545454545455
2025-2026,2023,2024,045997,St. Clairsville-Richland City School District,213,0,0,10,0,223,1717,0.129877693651718
2025-2026,2023,2024,046003,Shadyside Local School District,104,0,0,0,0,104,677,0.153618906942393
2025-2026,2023,2024,046011,Union Local School District,206,0,0,9,0,215,1420,0.151408450704225
2025-2026,2023,2024,046037,Eastern Local School District,247,0,0,2,0,249,1553,0.160334835801674
2025-2026,2023,2024,046045,Fayetteville-Perry Local School District,118,0,0,2,0,120,810,0.148148148148148
2025-2026,2023,2024,046060,Western Brown Local School District,653,0,0,12,0,665,3053,0.217818539141828
2025-2026,2023,2024,046078,Ripley-Union-Lewis-Huntington Local School District,296,0,0,5,0,301,937,0.321237993596585
2025-2026,2023,2024,046094,Edgewood City School District,411,0,0,4,0,415,3966,0.104639435199193
2025-2026,2023,2024,046102,Fairfield City School District,1396,0,0,19,0,1415,11687,0.121074698382819
2025-2026,2023,2024,046110,Lakota Local School District,1553,0,0,20,0,1573,21231,0.07408977438651
2025-2026,2023,2024,046128,Madison Local School District,145,0,0,5,0,150,1558,0.096277278562259
2025-2026,2023,2024,046136,New Miami Local School District,150,0,0,1,0,151,623,0.242375601926164
2025-2026,2023,2024,046144,Ross Local School District,221,0,0,4,0,225,3148,0.071473951715375
2025-2026,2023,2024,046151,Talawanda City School District,335,16,0,5,0,356,3708,0.096008629989213
2025-2026,2023,2024,046177,Brown Local School District,130,0,0,14,0,144,721,0.199722607489598
2025-2026,2023,2024,046193,Graham Local School District,201,0,0,6,0,207,1918,0.107924921793535
2025-2026,2023,2024,046201,Triad Local School District,109,0,0,0,0,109,996,0.109437751004016
2025-2026,2023,2024,046219,West Liberty-Salem Local School District,82,0,0,2,0,84,1090,0.077064220183486
2025-2026,2023,2024,046235,Greenon Local School District,186,0,0,8,0,194,2016,0.096230158730159
2025-2026,2023,2024,046243,Tecumseh Local School District,460,0,0,24,0,484,3172,0.152585119798235
2025-2026,2023,2024,046250,Northeastern Local School District,321,0,0,5,0,326,3547,0.091908655201579
2025-2026,2023,2024,046268,Northwestern Local School District,191,0,0,2,0,193,1871,0.103153393907002
2025-2026,2023,2024,046276,Southeastern Local School District,62,0,0,7,0,69,761,0.090670170827858
2025-2026,2023,2024,046284,Clark-Shawnee Local School District,303,0,0,18,0,321,2039,0.157430112800392
2025-2026,2023,2024,046300,Batavia Local School District,379,0,0,5,0,384,2548,0.150706436420722
2025-2026,2023,2024,046318,Bethel-Tate Local School District,213,0,0,13,0,226,1614,0.14002478314746
2025-2026,2023,2024,046326,Clermont Northeastern Local School District,217,0,0,1,0,218,1959,0.111281265952016
2025-2026,2023,2024,046334,Felicity-Franklin Local School District,117,0,0,6,0,123,858,0.143356643356643
2025-2026,2023,2024,046342,Goshen Local School District,376,15,0,11,0,402,2957,0.135948596550558
2025-2026,2023,2024,046359,West Clermont Local School District,1132,0,0,43,0,1175,10600,0.110849056603774
2025-2026,2023,2024,046367,Williamsburg Local School District,111,0,0,5,0,116,963,0.120456905503634
2025-2026,2023,2024,046383,Blanchester Local School District,219,0,0,10,0,229,1525,0.150163934426229
2025-2026,2023,2024,046391,Clinton-Massie Local School District,131,0,0,16,0,147,1803,0.08153078202995
2025-2026,2023,2024,046409,East Clinton Local School District,203,0,0,14,0,217,1368,0.158625730994152
2025-2026,2023,2024,046425,Beaver Local School District,238,0,0,6,0,244,1786,0.136618141097424
2025-2026,2023,2024,046433,Crestview Local School District,108,0,0,4,0,112,997,0.112337011033099
2025-2026,2023,2024,046441,Southern Local School District,203,0,0,1,0,204,834,0.244604316546763
2025-2026,2023,2024,046458,United Local School District,133,0,0,5,0,138,1092,0.126373626373626
2025-2026,2023,2024,046474,Ridgewood Local School District,212,0,0,5,0,217,1578,0.137515842839037
2025-2026,2023,2024,046482,River View Local School District,422,0,0,17,0,439,2605,0.16852207293666
2025-2026,2023,2024,046508,Buckeye Central Local School District,66,0,0,7,0,73,831,0.087845968712395
2025-2026,2023,2024,046516,Colonel Crawford Local School District,66,0,0,6,0,72,827,0.087061668681983
2025-2026,2023,2024,046524,Wynford Local School District,129,0,0,8,0,137,1044,0.131226053639847
2025-2026,2023,2024,046557,Cuyahoga Heights Local School District,28,0,0,14,0,42,616,0.068181818181818
2025-2026,2023,2024,046565,Independence Local School District,42,0,0,0,0,42,1277,0.032889584964761
2025-2026,2023,2024,046573,Olmsted Falls City School District,216,0,0,17,0,233,3791,0.061461355842786
2025-2026,2023,2024,046581,Orange City School District,107,0,0,1,0,108,2701,0.039985190670122
2025-2026,2023,2024,046599,Richmond Heights Local School District,218,0,0,22,0,240,1163,0.206362854686157
2025-2026,2023,2024,046607,Solon City School District,253,0,0,8,0,261,4957,0.052652814202138
2025-2026,2023,2024,046623,Ansonia Local School District,49,0,0,0,0,49,639,0.076682316118936
2025-2026,2023,2024,046631,Arcanum-Butler Local School District,77,0,0,1,0,78,1126,0.069271758436945
2025-2026,2023,2024,046649,Franklin Monroe Local School District,46,0,0,0,0,46,654,0.070336391437309
2025-2026,2023,2024,046672,Mississinawa Valley Local School District,116,0,0,0,0,116,717,0.161785216178522
2025-2026,2023,2024,046680,Tri-Village Local School District,73,0,0,3,0,76,779,0.097560975609756
2025-2026,2023,2024,046706,Ayersville Local School District,64,0,0,2,0,66,662,0.099697885196375
2025-2026,2023,2024,046714,Central Local School District,107,0,0,1,0,108,1119,0.096514745308311
2025-2026,2023,2024,046722,Northeastern Local School District,71,0,0,2,0,73,955,0.076439790575916
2025-2026,2023,2024,046748,Big Walnut Local School District,273,0,0,2,0,275,4754,0.057846024400505
2025-2026,2023,2024,046755,Buckeye Valley Local School District,189,0,0,2,0,191,3090,0.061812297734628
2025-2026,2023,2024,046763,Olentangy Local School District,868,0,0,2,0,870,23203,0.037495151489032
2025-2026,2023,2024,046789,Edison Local (formerly Berlin-Milan) School District,188,0,0,3,0,191,1508,0.126657824933687
2025-2026,2023,2024,046797,Kelleys Island Local School District,1,0,0,0,0,1,13,0.076923076923077
2025-2026,2023,2024,046805,Margaretta Local School District,107,0,0,5,0,112,1097,0.102096627164995
2025-2026,2023,2024,046813,Perkins Local School District,190,0,0,5,0,195,2013,0.096870342771982
2025-2026,2023,2024,046821,Vermilion Local School District,196,0,0,11,0,207,1937,0.106866288074342
2025-2026,2023,2024,046847,Amanda-Clearcreek Local School District,170,0,0,24,0,194,1742,0.111366245694604
2025-2026,2023,2024,046854,Berne Union Local School District,109,0,0,5,0,114,951,0.1198738170347
2025-2026,2023,2024,046862,Bloom-Carroll Local School District,112,0,0,5,0,117,2487,0.047044632086852
2025-2026,2023,2024,046870,Fairfield Union Local School District,204,0,0,5,0,209,2114,0.098864711447493
2025-2026,2023,2024,046888,Liberty Union-Thurston Local School District,104,0,0,3,0,107,1382,0.077424023154848
2025-2026,2023,2024,046896,Pickerington Local School District,1013,0,0,39,0,1052,12295,0.085563237088247
2025-2026,2023,2024,046904,Walnut Township Local School District,77,0,0,3,0,80,599,0.13355592654424
2025-2026,2023,2024,046920,Miami Trace Local School District,344,23,0,6,0,373,2755,0.135390199637024
2025-2026,2023,2024,046946,Canal Winchester Local School District,520,0,0,50,0,570,4520,0.126106194690265
2025-2026,2023,2024,046953,Hamilton Local School District,552,0,0,42,0,594,3079,0.192919779149074
2025-2026,2023,2024,046961,Gahanna-Jefferson City School District,810,0,0,19,0,829,9741,0.085104198747562
2025-2026,2023,2024,046979,Groveport Madison Local School District,2005,0,0,131,0,2136,8987,0.237676644041393
2025-2026,2023,2024,046995,New Albany-Plain Local School District,247,0,0,5,0,252,5644,0.044649184975195
2025-2026,2023,2024,047001,Reynoldsburg City School District,1468,0,0,41,0,1509,8367,0.180351380423091
2025-2026,2023,2024,047019,Hilliard City School District,1823,0,0,36,0,1859,19011,0.097785492609542
2025-2026,2023,2024,047027,Dublin City School District,1338,0,0,24,0,1362,18543,0.073450897912959
2025-2026,2023,2024,047043,Archbold Area Local School District,103,0,0,1,0,104,1286,0.080870917573872
2025-2026,2023,2024,047050,Evergreen Local School District,122,0,0,0,0,122,1402,0.087018544935806
2025-2026,2023,2024,047068,Fayette Local School District,59,0,0,0,0,59,413,0.142857142857143
2025-2026,2023,2024,047076,Pettisville Local School District,24,0,0,0,0,24,406,0.059113300492611
2025-2026,2023,2024,047084,Pike-Delta-York Local School District,142,0,0,1,0,143,1370,0.104379562043796
2025-2026,2023,2024,047092,Swanton Local School District,160,0,0,2,0,162,1435,0.112891986062718
2025-2026,2023,2024,047167,Berkshire Local School District,161,0,0,2,0,163,2171,0.07508060801474
2025-2026,2023,2024,047175,Cardinal Local School District,286,0,0,1,0,287,3444,0.083333333333333
2025-2026,2023,2024,047183,Chardon Local School District,203,5,0,5,0,213,3284,0.064859926918392
2025-2026,2023,2024,047191,Kenston Local School District,127,0,0,2,0,129,3120,0.041346153846154
2025-2026,2023,2024,047225,West Geauga Local School District,151,0,0,1,0,152,3028,0.050198150594452
2025-2026,2023,2024,047241,Beavercreek City School District,463,0,0,5,0,468,9838,0.047570644439927
2025-2026,2023,2024,047258,Cedar Cliff Local School District,43,0,0,1,0,44,709,0.062059238363893
2025-2026,2023,2024,047266,Greeneview Local School District,159,0,0,4,0,163,1432,0.113826815642458
2025-2026,2023,2024,047274,Bellbrook-Sugarcreek Local School District,173,0,0,7,0,180,3371,0.05339661821418
2025-2026,2023,2024,047308,Rolling Hills Local School District,348,0,0,17,0,365,1787,0.204252937884723
2025-2026,2023,2024,047332,Finneytown Local School District,207,0,0,22,0,229,1781,0.128579449747333
2025-2026,2023,2024,047340,Forest Hills Local School District,372,0,0,31,0,403,9735,0.041397021058038
2025-2026,2023,2024,047365,Northwest Local School District,1585,0,0,111,0,1696,12775,0.132759295499022
2025-2026,2023,2024,047373,Oak Hills Local School District,879,0,0,55,0,934,11727,0.079645263068133
2025-2026,2023,2024,047381,Southwest Local School District,489,0,0,95,0,584,5207,0.112156712118302
2025-2026,2023,2024,047399,Three Rivers Local School District,165,0,0,20,0,185,2922,0.06331279945243
2025-2026,2023,2024,047415,Arcadia Local School District,36,0,0,2,0,38,449,0.084632516703786
2025-2026,2023,2024,047423,Arlington Local School District,33,0,0,2,0,35,720,0.048611111111111
2025-2026,2023,2024,047431,Cory-Rawson Local School District,64,0,0,1,0,65,761,0.085413929040736
2025-2026,2023,2024,047449,Liberty-Benton Local School District,81,0,0,7,0,88,1372,0.064139941690962
2025-2026,2023,2024,047456,McComb Local School District,64,0,0,3,0,67,777,0.086229086229086
2025-2026,2023,2024,047464,Van Buren Local School District,62,0,0,0,0,62,1120,0.055357142857143
2025-2026,2023,2024,047472,Vanlue Local School District,16,0,0,0,0,16,269,0.059479553903346
2025-2026,2023,2024,047498,Hardin Northern Local School District,65,0,0,2,0,67,456,0.146929824561404
2025-2026,2023,2024,047506,Ridgemont Local School District,113,0,0,0,0,113,778,0.145244215938303
2025-2026,2023,2024,047514,Riverdale Local School District,124,0,0,4,0,128,1035,0.123671497584541
2025-2026,2023,2024,047522,Upper Scioto Valley Local School District,112,0,0,1,0,113,701,0.161198288159772
2025-2026,2023,2024,047548,Conotton Valley Union Local School District,65,0,0,0,0,65,477,0.136268343815514
2025-2026,2023,2024,047571,Holgate Local School District,26,0,0,0,0,26,438,0.059360730593607
2025-2026,2023,2024,047589,Liberty Center Local School District,81,26,0,3,0,110,1030,0.106796116504854
2025-2026,2023,2024,047597,Patrick Henry Local School District,112,0,0,2,0,114,944,0.120762711864407
2025-2026,2023,2024,047613,Bright Local School District,139,0,0,5,0,144,886,0.162528216704289
2025-2026,2023,2024,047621,Fairfield Local School District,106,0,0,19,0,125,965,0.129533678756477
2025-2026,2023,2024,047639,Lynchburg-Clay Local School District,139,0,0,10,0,149,1192,0.125
2025-2026,2023,2024,047688,East Holmes Local School District,386,0,0,14,0,400,5460,0.073260073260073
2025-2026,2023,2024,047696,West Holmes Local School District,491,0,0,14,0,505,3441,0.146759662888695
2025-2026,2023,2024,047712,Monroeville Local School District,66,0,0,0,0,66,686,0.096209912536443
2025-2026,2023,2024,047720,New London Local School District,190,0,0,1,0,191,1013,0.188548864758144
2025-2026,2023,2024,047738,South Central Local School District,164,0,0,2,0,166,1024,0.162109375
2025-2026,2023,2024,047746,Western Reserve Local School District,213,0,0,2,0,215,1137,0.189094107299912
2025-2026,2023,2024,047761,Oak Hill Union Local School District,296,0,0,10,0,306,1347,0.2271714922049
2025-2026,2023,2024,047787,Buckeye Local School District,354,0,0,0,0,354,1889,0.187400741132875
2025-2026,2023,2024,047795,Edison Local School District,294,0,0,11,0,305,2000,0.1525
2025-2026,2023,2024,047803,Indian Creek Local School District,477,0,0,6,0,483,2561,0.18859820382663
2025-2026,2023,2024,047829,Centerburg Local School District,105,0,0,5,0,110,1255,0.087649402390438
2025-2026,2023,2024,047837,Danville Local School District,96,0,0,4,0,100,923,0.108342361863489
2025-2026,2023,2024,047845,East Knox Local School District,237,0,0,7,0,244,1840,0.132608695652174
2025-2026,2023,2024,047852,Fredericktown Local School District,199,0,0,7,0,206,1476,0.139566395663957
2025-2026,2023,2024,047878,Kirtland Local School District,80,0,0,0,0,80,1351,0.059215396002961
2025-2026,2023,2024,047886,Madison Local School District,475,0,0,8,0,483,2868,0.168410041841004
2025-2026,2023,2024,047894,Riverside Local School District,513,0,0,2,0,515,5624,0.091571834992888
2025-2026,2023,2024,047902,Perry Local School District,163,0,0,2,0,165,1605,0.102803738317757
2025-2026,2023,2024,047928,Dawson-Bryant Local School District,194,0,0,12,0,206,970,0.212371134020619
2025-2026,2023,2024,047936,Fairland Local School District,196,0,0,3,0,199,1588,0.125314861460957
2025-2026,2023,2024,047944,Rock Hill Local School District,288,56,0,3,0,347,1478,0.234776725304466
2025-2026,2023,2024,047951,South Point Local School District,354,0,0,10,0,364,1770,0.205649717514124
2025-2026,2023,2024,047969,Symmes Valley Local School District,127,0,0,12,0,139,704,0.197443181818182
2025-2026,2023,2024,047985,Johnstown-Monroe Local School District,114,0,0,3,0,117,1959,0.059724349157734
2025-2026,2023,2024,047993,Lakewood Local School District,212,0,0,16,0,228,2147,0.106194690265487
2025-2026,2023,2024,048009,Licking Heights Local School District,651,0,0,26,0,677,5510,0.122867513611615
2025-2026,2023,2024,048017,Licking Valley Local School District,198,0,0,8,0,206,2139,0.096306685366994
2025-2026,2023,2024,048025,North Fork Local School District,219,0,0,4,0,223,1962,0.113659531090724
2025-2026,2023,2024,048033,Northridge Local School District,112,0,0,1,0,113,1507,0.074983410749834
2025-2026,2023,2024,048041,Southwest Licking Local School District,414,0,0,37,0,451,5400,0.083518518518519
2025-2026,2023,2024,048074,Benjamin Logan Local School District,178,0,0,22,0,200,1973,0.10136847440446
2025-2026,2023,2024,048082,Indian Lake Local School District,213,0,0,8,0,221,1615,0.136842105263158
2025-2026,2023,2024,048090,Riverside Local School District,63,0,0,6,0,69,695,0.099280575539568
2025-2026,2023,2024,048116,Avon Local School District,240,0,0,1,0,241,5356,0.044996265870052
2025-2026,2023,2024,048124,Avon Lake City School District,135,0,0,1,0,136,4582,0.02968136185072
2025-2026,2023,2024,048132,Clearview Local School District,305,0,0,3,0,308,1101,0.279745685740236
2025-2026,2023,2024,048140,Columbia Local School District,58,0,0,3,0,61,956,0.063807531380753
2025-2026,2023,2024,048157,Firelands Local School District,148,0,0,6,0,154,1727,0.089171974522293
2025-2026,2023,2024,048165,Keystone Local School District,159,0,0,4,0,163,1790,0.091061452513966
2025-2026,2023,2024,048173,Midview Local School District,338,0,0,8,0,346,3208,0.10785536159601
2025-2026,2023,2024,048207,Anthony Wayne Local School District,232,0,0,35,0,267,5860,0.045563139931741
2025-2026,2023,2024,048215,Ottawa Hills Local School District,55,0,0,2,0,57,1178,0.048387096774194
2025-2026,2023,2024,048223,Springfield Local School District,667,0,0,49,0,716,4629,0.154677036076906
2025-2026,2023,2024,048231,Washington Local School District,1524,0,0,76,0,1600,7787,0.205470656221908
2025-2026,2023,2024,048256,Jefferson Local School District,141,0,0,2,0,143,1123,0.127337488869101
2025-2026,2023,2024,048264,Jonathan Alder Local School District,153,0,0,2,0,155,2363,0.065594583157004
2025-2026,2023,2024,048272,Madison-Plains Local School District,152,0,0,5,0,157,1447,0.108500345542502
2025-2026,2023,2024,048298,Austintown Local School District,866,0,0,22,0,888,4710,0.188535031847134
2025-2026,2023,2024,048306,Boardman Local School District,895,0,0,34,0,929,4915,0.189013224821974
2025-2026,2023,2024,048314,Canfield Local School District,185,0,0,9,0,194,3162,0.06135357368754
2025-2026,2023,2024,048322,Jackson-Milton Local School District,126,0,0,6,0,132,841,0.156956004756243
2025-2026,2023,2024,048330,Lowellville Local School District,43,0,0,0,0,43,293,0.146757679180887
2025-2026,2023,2024,048348,Poland Local School District,168,0,0,4,0,172,2285,0.07527352297593
2025-2026,2023,2024,048355,Sebring Local School District,109,0,0,10,0,119,546,0.217948717948718
2025-2026,2023,2024,048363,South Range Local School District,92,0,0,7,0,99,1158,0.085492227979275
2025-2026,2023,2024,048371,Springfield Local School District,134,0,0,1,0,135,1050,0.128571428571429
2025-2026,2023,2024,048389,West Branch Local School District,266,0,0,4,0,270,1917,0.140845070422535
2025-2026,2023,2024,048397,Western Reserve Local School District,46,0,0,1,0,47,554,0.084837545126354
2025-2026,2023,2024,048413,Elgin Local School District,141,0,0,1,0,142,1145,0.124017467248908
2025-2026,2023,2024,048421,Pleasant Local School District,135,0,0,1,0,136,1379,0.098622189992748
2025-2026,2023,2024,048439,Ridgedale Local School District,95,0,0,2,0,97,782,0.124040920716113
2025-2026,2023,2024,048447,River Valley Local School District,238,0,0,9,0,247,1982,0.124621594349142
2025-2026,2023,2024,048462,Black River Local School District,291,0,0,11,0,302,1867,0.161756829137654
2025-2026,2023,2024,048470,Buckeye Local School District,208,0,0,6,0,214,2319,0.092281155670548
2025-2026,2023,2024,048488,Cloverleaf Local School District,292,0,0,4,0,296,2824,0.104815864022663
2025-2026,2023,2024,048496,Highland Local School District,148,0,0,4,0,152,3841,0.039573027857329
2025-2026,2023,2024,048512,Eastern Local School District,137,0,0,1,0,138,794,0.173803526448363
2025-2026,2023,2024,048520,Meigs Local School District,633,0,0,2,0,635,1737,0.365572826712723
2025-2026,2023,2024,048538,Southern Local School District,163,0,0,1,0,164,709,0.231311706629055
2025-2026,2023,2024,048553,Marion Local School District,27,0,0,0,0,27,948,0.028481012658228
2025-2026,2023,2024,048579,Parkway Local School District,148,0,0,3,0,151,1097,0.137648131267092
2025-2026,2023,2024,048587,St. Henry Consolidated Local School District,19,0,0,0,0,19,996,0.019076305220884
2025-2026,2023,2024,048595,Fort Recovery Local School District,46,0,0,1,0,47,894,0.052572706935123
2025-2026,2023,2024,048611,Bethel Local School District,200,0,0,6,0,206,2060,0.1
2025-2026,2023,2024,048629,Miami East Local School District,65,0,0,2,0,67,1495,0.044816053511706
2025-2026,2023,2024,048637,Newton Local School District,35,0,0,0,0,35,648,0.054012345679012
2025-2026,2023,2024,048652,Switzerland of Ohio Local School District,510,0,0,7,0,517,2400,0.215416666666667
2025-2026,2023,2024,048678,Brookville Local School District,120,0,0,2,0,122,1656,0.073671497584541
2025-2026,2023,2024,048686,Jefferson Township Local School District,223,0,0,5,0,228,784,0.290816326530612
2025-2026,2023,2024,048694,Trotwood-Madison City School District,1096,0,0,38,0,1134,3403,0.333235380546577
2025-2026,2023,2024,048702,Mad River Local School District,686,0,0,27,0,713,3592,0.198496659242762
2025-2026,2023,2024,048710,New Lebanon Local School District,196,0,0,28,0,224,1102,0.203266787658802
2025-2026,2023,2024,048728,Northmont City School District,550,0,0,33,0,583,5741,0.101550252569239
2025-2026,2023,2024,048736,Northridge Local School District,614,19,0,7,0,640,1539,0.41585445094217
2025-2026,2023,2024,048744,Valley View Local School District,241,0,0,7,0,248,2159,0.114867994441871
2025-2026,2023,2024,048751,Huber Heights City School District,1264,0,0,31,0,1295,7422,0.174481271894368
2025-2026,2023,2024,048777,Morgan Local School District,416,0,0,11,0,427,1941,0.219989696032973
2025-2026,2023,2024,048793,Cardington-Lincoln Local School District,161,0,0,6,0,167,1077,0.155060352831941
2025-2026,2023,2024,048801,Highland Local School District,170,0,0,4,0,174,1768,0.09841628959276
2025-2026,2023,2024,048819,Northmor Local School District,178,0,0,7,0,185,1358,0.136229749631811
2025-2026,2023,2024,048835,East Muskingum Local School District,246,46,0,9,0,301,2223,0.13540260908682
2025-2026,2023,2024,048843,Franklin Local School District,376,0,0,13,0,389,2195,0.177220956719818
2025-2026,2023,2024,048850,Maysville Local School District,309,0,0,9,0,318,1746,0.18213058419244
2025-2026,2023,2024,048876,Tri-Valley Local School District,473,0,0,24,0,497,3336,0.148980815347722
2025-2026,2023,2024,048884,West Muskingum Local School District,336,0,0,8,0,344,1952,0.176229508196721
2025-2026,2023,2024,048900,Noble Local School District,146,0,0,0,0,146,1186,0.123102866779089
2025-2026,2023,2024,048926,Benton-Carroll-Salem Local School District,153,0,0,5,0,158,1505,0.104983388704319
2025-2026,2023,2024,048934,Danbury Local School District,58,0,0,0,0,58,431,0.134570765661253
2025-2026,2023,2024,048942,Genoa Area Local School District,98,0,0,9,0,107,1281,0.083528493364559
2025-2026,2023,2024,048959,Middle Bass Local School District,1,0,0,0,0,1,13,0.076923076923077
2025-2026,2023,2024,048967,North Bass Local School District,0,0,0,0,0,0,0,0
2025-2026,2023,2024,048975,Put-in-Bay Local School District,7,0,0,0,0,7,59,0.11864406779661
2025-2026,2023,2024,048991,Antwerp Local School District,60,0,0,1,0,61,699,0.087267525035765
2025-2026,2023,2024,049031,Wayne Trace Local School District,150,0,0,2,0,152,920,0.165217391304348
2025-2026,2023,2024,049056,Northern Local School District,280,0,0,22,0,302,2627,0.114960030452988
2025-2026,2023,2024,049064,Southern Local School District,165,0,0,5,0,170,741,0.229419703103914
2025-2026,2023,2024,049080,Logan Elm Local School District,282,0,0,2,0,284,2067,0.137397194000968
2025-2026,2023,2024,049098,Teays Valley Local School District,421,0,0,8,0,429,4431,0.096817874069059
2025-2026,2023,2024,049106,Westfall Local School District,195,0,0,4,0,199,1428,0.139355742296919
2025-2026,2023,2024,049122,Eastern Local School District,202,0,0,3,0,205,871,0.235361653272101
2025-2026,2023,2024,049130,Scioto Valley Local School District,340,0,0,10,0,350,1408,0.248579545454545
2025-2026,2023,2024,049148,Waverly City School District,373,0,0,7,0,380,1871,0.203099946552646
2025-2026,2023,2024,049155,Western Local School District,221,0,0,2,0,223,855,0.260818713450292
2025-2026,2023,2024,049171,Aurora City School District,106,0,0,2,0,108,3180,0.033962264150943
2025-2026,2023,2024,049189,Crestwood Local School District,173,0,0,7,0,180,1795,0.100278551532033
2025-2026,2023,2024,049197,Field Local School District,197,0,0,16,0,213,2455,0.086761710794297
2025-2026,2023,2024,049205,James A. Garfield Local School District,117,0,0,3,0,120,1432,0.083798882681564
2025-2026,2023,2024,049213,Rootstown Local School District,94,0,0,4,0,98,1302,0.075268817204301
2025-2026,2023,2024,049221,Southeast Local School District,206,0,0,7,0,213,1745,0.122063037249284
2025-2026,2023,2024,049239,Streetsboro City School District,214,0,0,5,0,219,2329,0.094031773293259
2025-2026,2023,2024,049247,Waterloo Local School District,139,0,0,8,0,147,1296,0.113425925925926
2025-2026,2023,2024,049270,National Trail Local School District,177,0,0,5,0,182,1104,0.164855072463768
2025-2026,2023,2024,049288,Preble Shawnee Local School District,189,0,0,13,0,202,1523,0.13263296126067
2025-2026,2023,2024,049296,Twin Valley Community Local School District,123,0,0,0,0,123,955,0.128795811518325
2025-2026,2023,2024,049312,Columbus Grove Local School District,81,0,0,1,0,82,1014,0.080867850098619
2025-2026,2023,2024,049320,Continental Local School District,49,0,0,2,0,51,618,0.08252427184466
2025-2026,2023,2024,049338,Jennings Local School District,11,0,0,0,0,11,378,0.029100529100529
2025-2026,2023,2024,049346,Kalida Local School District,23,0,0,0,0,23,634,0.036277602523659
2025-2026,2023,2024,049353,Leipsic Local School District,78,0,0,0,0,78,726,0.107438016528926
2025-2026,2023,2024,049361,Miller City-New Cleveland Local School District,17,0,0,0,0,17,424,0.040094339622642
2025-2026,2023,2024,049379,Ottawa-Glandorf Local School District,96,0,0,2,0,98,1764,0.055555555555556
2025-2026,2023,2024,049387,Ottoville Local School District,21,0,0,3,0,24,463,0.051835853131749
2025-2026,2023,2024,049395,Pandora-Gilboa Local School District,45,0,0,2,0,47,677,0.069423929098966
2025-2026,2023,2024,049411,Clear Fork Valley Local School District,179,0,0,4,0,183,2031,0.090103397341211
2025-2026,2023,2024,049429,Crestview Local School District,243,0,0,2,0,245,1590,0.154088050314465
2025-2026,2023,2024,049437,Lexington Local School District,278,0,0,10,0,288,2902,0.099241902136458
2025-2026,2023,2024,049445,Lucas Local School District,57,0,0,2,0,59,577,0.102253032928943
2025-2026,2023,2024,049452,Madison Local School District,665,55,0,12,0,732,3366,0.2174688057041
2025-2026,2023,2024,049460,Plymouth-Shiloh Local School District,160,0,0,1,0,161,1033,0.155856727976767
2025-2026,2023,2024,049478,Ontario Local School District,187,0,0,13,0,200,1864,0.107296137339056
2025-2026,2023,2024,049494,Adena Local School District,191,0,0,6,0,197,1310,0.150381679389313
2025-2026,2023,2024,049502,Huntington Local School District,223,0,0,6,0,229,1092,0.20970695970696
2025-2026,2023,2024,049510,Paint Valley Local School District,199,0,0,10,0,209,959,0.217935349322211
2025-2026,2023,2024,049528,Southeastern Local School District,172,0,0,6,0,178,1032,0.172480620155039
2025-2026,2023,2024,049536,Union-Scioto Local School District,326,0,0,10,0,336,1886,0.178154825026511
2025-2026,2023,2024,049544,Zane Trace Local School District,187,0,0,5,0,192,1534,0.1251629726206
2025-2026,2023,2024,049569,Lakota Local School District,112,0,0,4,0,116,1165,0.099570815450644
2025-2026,2023,2024,049577,Woodmore Local School District,73,0,0,4,0,77,1010,0.076237623762376
2025-2026,2023,2024,049593,Bloom-Vernon Local School District,103,0,0,18,0,121,750,0.161333333333333
2025-2026,2023,2024,049601,Clay Local School District,99,0,0,14,0,113,541,0.208872458410351
2025-2026,2023,2024,049619,Green Local School District,121,0,0,3,0,124,666,0.186186186186186
2025-2026,2023,2024,049627,Minford Local School District,190,0,0,15,0,205,1370,0.14963503649635
2025-2026,2023,2024,049635,Northwest Local School District,255,0,0,24,0,279,1519,0.183673469387755
2025-2026,2023,2024,049643,Valley Local School District,117,0,0,4,0,121,852,0.142018779342723
2025-2026,2023,2024,049650,Washington-Nile Local School District,255,0,0,21,0,276,1300,0.212307692307692
2025-2026,2023,2024,049668,Wheelersburg Local School District,210,0,0,2,0,212,1352,0.156804733727811
2025-2026,2023,2024,049684,Seneca East Local School District,61,0,0,2,0,63,830,0.075903614457831
2025-2026,2023,2024,049700,Hopewell-Loudon Local School District,66,0,0,1,0,67,724,0.092541436464088
2025-2026,2023,2024,049718,New Riegel Local School District,13,0,0,0,0,13,334,0.038922155688623
2025-2026,2023,2024,049726,Old Fort Local School District,36,0,0,1,0,37,513,0.072124756335283
2025-2026,2023,2024,049759,Anna Local School District,52,0,0,0,0,52,998,0.052104208416834
2025-2026,2023,2024,049767,Botkins Local School District,21,0,0,0,0,21,420,0.05
2025-2026,2023,2024,049775,Fairlawn Local School District,30,0,0,1,0,31,368,0.084239130434783
2025-2026,2023,2024,049783,Fort Loramie Local School District,27,0,0,1,0,28,807,0.034696406443618
2025-2026,2023,2024,049791,Hardin-Houston Local School District,116,4,0,3,0,123,898,0.136971046770601
2025-2026,2023,2024,049809,Jackson Center Local School District,36,0,0,0,0,36,499,0.072144288577154
2025-2026,2023,2024,049817,Russia Local School District,18,0,0,0,0,18,372,0.048387096774194
2025-2026,2023,2024,049833,Canton Local School District,314,0,0,3,0,317,1801,0.176013325930039
2025-2026,2023,2024,049841,Fairless Local School District,164,0,0,3,0,167,1919,0.087024491922876
2025-2026,2023,2024,049858,Jackson Local School District,357,0,0,22,0,379,6668,0.056838632273545
2025-2026,2023,2024,049866,Lake Local School District,188,0,0,10,0,198,3852,0.051401869158879
2025-2026,2023,2024,049874,Louisville City School District,261,0,0,24,0,285,3133,0.090967124162145
2025-2026,2023,2024,049882,Marlington Local School District,238,0,0,3,0,241,2266,0.106354810238305
2025-2026,2023,2024,049890,Minerva Local School District,266,0,0,6,0,272,1965,0.138422391857506
2025-2026,2023,2024,049908,Northwest Local School District,146,0,0,0,0,146,2036,0.071709233791749
2025-2026,2023,2024,049916,Osnaburg Local School District,66,0,0,6,0,72,838,0.085918854415274
2025-2026,2023,2024,049924,Perry Local School District,484,0,0,23,0,507,4605,0.110097719869707
2025-2026,2023,2024,049932,Plain Local School District,847,0,0,30,0,877,7062,0.124185783064288
2025-2026,2023,2024,049940,Sandy Valley Local School District,175,0,0,1,0,176,1317,0.133637053910402
2025-2026,2023,2024,049957,Tuslaw Local School District,115,0,0,6,0,121,1613,0.075015499070056
2025-2026,2023,2024,049973,Woodridge Local School District,479,0,0,22,0,501,2518,0.198967434471803
2025-2026,2023,2024,049981,Copley-Fairlawn City School District,250,0,0,16,0,266,3382,0.078651685393258
2025-2026,2023,2024,049999,Coventry Local School District,255,0,0,8,0,263,1443,0.182259182259182
2025-2026,2023,2024,050005,Manchester Local School District,127,0,0,18,0,145,1402,0.103423680456491
2025-2026,2023,2024,050013,Green Local School District,403,0,0,30,0,433,4652,0.093078245915735
2025-2026,2023,2024,050021,Hudson City School District,135,0,0,4,0,139,5416,0.025664697193501
2025-2026,2023,2024,050039,Mogadore Local School District,85,0,0,1,0,86,688,0.125
2025-2026,2023,2024,050047,Nordonia Hills City School District,267,0,0,7,0,274,4400,0.062272727272727
2025-2026,2023,2024,050054,Revere Local School District,169,0,0,2,0,171,3719,0.045980102178005
2025-2026,2023,2024,050062,Springfield Local School District,469,0,0,43,0,512,2499,0.204881952781112
2025-2026,2023,2024,050070,Twinsburg City School District,333,0,0,11,0,344,4641,0.074121956474898
2025-2026,2023,2024,050096,Bloomfield-Mespo Local School District,152,0,0,1,0,153,1163,0.131556319862425
2025-2026,2023,2024,050112,Bristol Local School District,177,0,0,4,0,181,1224,0.147875816993464
2025-2026,2023,2024,050120,Brookfield Local School District,268,0,0,1,0,269,1105,0.243438914027149
2025-2026,2023,2024,050138,Champion Local School District,178,0,0,1,0,179,1466,0.122100954979536
2025-2026,2023,2024,050153,Mathews Local School District,136,0,0,6,0,142,858,0.165501165501166
2025-2026,2023,2024,050161,Howland Local School District,506,0,0,12,0,518,2982,0.173708920187793
2025-2026,2023,2024,050179,Joseph Badger Local School District,156,0,0,1,0,157,881,0.178206583427923
2025-2026,2023,2024,050187,Lakeview Local School District,211,0,0,2,0,213,1859,0.114577729962345
2025-2026,2023,2024,050195,Liberty Local School District,375,56,0,3,0,434,1663,0.260974143114853
2025-2026,2023,2024,050203,Lordstown Local School District,60,0,0,1,0,61,470,0.129787234042553
2025-2026,2023,2024,050211,Maplewood Local School District,111,0,0,1,0,112,717,0.156206415620642
2025-2026,2023,2024,050229,McDonald Local School District,76,0,0,1,0,77,656,0.117378048780488
2025-2026,2023,2024,050237,Southington Local School District,101,0,0,2,0,103,652,0.157975460122699
2025-2026,2023,2024,050245,LaBrae Local School District,235,0,0,3,0,238,1052,0.226235741444867
2025-2026,2023,2024,050252,Weathersfield Local School District,153,0,0,2,0,155,768,0.201822916666667
2025-2026,2023,2024,050278,Garaway Local School District,236,0,0,8,0,244,2581,0.09453700116234
2025-2026,2023,2024,050286,Indian Valley Local School District,243,0,0,5,0,248,1702,0.145710928319624
2025-2026,2023,2024,050294,Strasburg-Franklin Local School District,64,0,0,1,0,65,636,0.102201257861635
2025-2026,2023,2024,050302,Tuscarawas Valley Local School District,150,0,0,11,0,161,1588,0.101385390428212
2025-2026,2023,2024,050328,Fairbanks Local School District,50,0,0,3,0,53,1392,0.038074712643678
2025-2026,2023,2024,050336,North Union Local School District,134,0,0,4,0,138,1555,0.088745980707395
2025-2026,2023,2024,050351,Crestview Local School District,75,0,0,0,0,75,850,0.088235294117647
2025-2026,2023,2024,050369,Lincolnview Local School District,58,0,0,0,0,58,782,0.074168797953964
2025-2026,2023,2024,050393,Vinton County Local School District,483,0,0,23,0,506,1973,0.256462240243284
2025-2026,2023,2024,050419,Carlisle Local School District,155,0,0,2,0,157,1714,0.091598599766628
2025-2026,2023,2024,050427,Springboro Community City School District,211,0,0,9,0,220,7539,0.029181589070168
2025-2026,2023,2024,050435,Kings Local School District,361,0,0,5,0,366,5674,0.064504758547762
2025-2026,2023,2024,050443,Little Miami Local School District,288,0,0,14,0,302,6512,0.046375921375921
2025-2026,2023,2024,050450,Mason City School District,485,0,0,6,0,491,11795,0.041627808393387
2025-2026,2023,2024,050468,Wayne Local School District,64,0,0,6,0,70,1703,0.041103934233705
2025-2026,2023,2024,050484,Fort Frye Local School District,117,0,0,13,0,130,972,0.133744855967078
2025-2026,2023,2024,050492,Frontier Local School District,85,0,0,2,0,87,672,0.129464285714286
2025-2026,2023,2024,050500,Warren Local School District,275,0,0,15,0,290,2297,0.126251632564214
2025-2026,2023,2024,050518,Wolf Creek Local School District,58,0,0,0,0,58,601,0.096505823627288
2025-2026,2023,2024,050534,Chippewa Local School District,142,0,0,3,0,145,1427,0.101611772950245
2025-2026,2023,2024,050542,Dalton Local School District,172,0,0,1,0,173,1556,0.111182519280206
2025-2026,2023,2024,050559,Green Local School District,139,0,0,5,0,144,1304,0.110429447852761
2025-2026,2023,2024,050567,Norwayne Local School District,145,30,0,6,0,181,1474,0.122795115332429
2025-2026,2023,2024,050575,Northwestern Local School District,245,0,0,5,0,250,1558,0.160462130937099
2025-2026,2023,2024,050583,Southeast Local School District,376,0,0,8,0,384,4634,0.082865774708675
2025-2026,2023,2024,050591,Triway Local School District,238,0,0,10,0,248,2255,0.109977827050998
2025-2026,2023,2024,050617,Edgerton Local School District,66,0,0,2,0,68,649,0.104776579352851
2025-2026,2023,2024,050625,Edon Northwest Local School District,45,0,0,7,0,52,556,0.093525179856115
2025-2026,2023,2024,050633,Millcreek-West Unity Local School District,71,0,0,1,0,72,574,0.125435540069686
2025-2026,2023,2024,050641,North Central Local School District,67,0,0,1,0,68,683,0.099560761346999
2025-2026,2023,2024,050658,Stryker Local School District,46,0,0,0,0,46,439,0.104783599088838
2025-2026,2023,2024,050674,Eastwood Local School District,120,0,0,5,0,125,1538,0.081274382314694
2025-2026,2023,2024,050682,Elmwood Local School District,106,0,0,1,0,107,1169,0.09153122326775
2025-2026,2023,2024,050690,Lake Local School District,184,0,0,6,0,190,1772,0.107223476297968
2025-2026,2023,2024,050708,North Baltimore Local School District,114,0,0,2,0,116,731,0.158686730506156
2025-2026,2023,2024,050716,Northwood Local School District,112,0,0,2,0,114,846,0.134751773049645
2025-2026,2023,2024,050724,Otsego Local School District,149,0,0,1,0,150,1683,0.089126559714795
2025-2026,2023,2024,050740,Mohawk Local School District,75,0,0,2,0,77,885,0.087005649717514
2025-2026,2023,2024,061903,Adams County/Ohio Valley Local School District,941,15,0,105,0,1061,4291,0.24726171055698
2025-2026,2023,2024,064964,College Corner Local School District,20,0,0,0,0,20,141,0.141843971631206
2025-2026,2023,2024,065680,Gallia County Local School District,581,0,0,8,0,589,2741,0.214885078438526
2025-2026,2023,2024,069682,East Guernsey Local School District,245,0,0,4,0,249,1324,0.188066465256798
2025-2026,2023,2024,091397,Tri-County North Local School District,109,0,0,5,0,114,916,0.124454148471616
2025-2026,2023,2024,139303,Monroe Local School District,210,0,0,8,0,218,3165,0.068878357030016
