workbook,irn,district,column,label_fiscal_year,enrolled_adm
2026,000442,Manchester Local,a,,688.03772
2026,000442,Manchester Local,b1,2023,695.656506
2026,000442,Manchester Local,b2,2024,687.285465
2026,000442,Manchester Local,b3,2025,688.03772
2026,043489,Akron City,a,,19079.522746
2026,043489,Akron City,b1,2023,19445.885539
2026,043489,Akron City,b2,2024,19094.574808
2026,043489,Akron City,b3,2025,19079.522746
2026,043497,Alliance City,a,,2586.205778
2026,043497,Alliance City,b1,2023,2665.203346
2026,043497,Alliance City,b2,2024,2592.648481
2026,043497,Alliance City,b3,2025,2586.205778
2026,043505,Ashland City,a,,2824.091956
2026,043505,Ashland City,b1,2023,2934.860293
2026,043505,Ashland City,b2,2024,2901.706814
2026,043505,Ashland City,b3,2025,2824.091956
2026,043513,Ashtabula Area City,a,,2506.657739
2026,043513,Ashtabula Area City,b1,2023,2916.971036
2026,043513,Ashtabula Area City,b2,2024,2698.25546
2026,043513,Ashtabula Area City,b3,2025,2506.657739
2026,043521,Athens City,a,,2176.055222
2026,043521,Athens City,b1,2023,2267.796716
2026,043521,Athens City,b2,2024,2233.82866
2026,043521,Athens City,b3,2025,2176.055222
2026,043539,Barberton City,a,,3038.489707
2026,043539,Barberton City,b1,2023,3341.101544
2026,043539,Barberton City,b2,2024,3228.303211
2026,043539,Barberton City,b3,2025,3038.489707
2026,043547,Bay Village City,a,,2279.024722
2026,043547,Bay Village City,b1,2023,2401.277858
2026,043547,Bay Village City,b2,2024,2318.84307
2026,043547,Bay Village City,b3,2025,2279.024722
2026,043554,Beachwood City,a,,1393.507805
2026,043554,Beachwood City,b1,2023,1403.960815
2026,043554,Beachwood City,b2,2024,1365.579785
2026,043554,Beachwood City,b3,2025,1393.507805
2026,043562,Bedford City,a,,2706.858967
2026,043562,Bedford City,b1,2023,2623.155561
2026,043562,Bedford City,b2,2024,2633.928695
2026,043562,Bedford City,b3,2025,2706.858967
2026,043570,Bellaire Local,a,,1127.323629
2026,043570,Bellaire Local,b1,2023,1094.399154
2026,043570,Bellaire Local,b2,2024,1084.856757
2026,043570,Bellaire Local,b3,2025,1127.323629
2026,043588,Bellefontaine City,a,,2097.179555
2026,043588,Bellefontaine City,b1,2023,2184.022709
2026,043588,Bellefontaine City,b2,2024,2117.330856
2026,043588,Bellefontaine City,b3,2025,2097.179555
2026,043596,Bellevue City,a,,1636.109674
2026,043596,Bellevue City,b1,2023,1746.830215
2026,043596,Bellevue City,b2,2024,1706.146777
2026,043596,Bellevue City,b3,2025,1636.109674
2026,043604,Belpre City,a,,881.499264
2026,043604,Belpre City,b1,2023,951.312891
2026,043604,Belpre City,b2,2024,892.965051
2026,043604,Belpre City,b3,2025,881.499264
2026,043612,Berea City,a,,4828.522935
2026,043612,Berea City,b1,2023,5231.043548
2026,043612,Berea City,b2,2024,4946.353386
2026,043612,Berea City,b3,2025,4828.522935
2026,043620,Bexley City,a,,2492.743482
2026,043620,Bexley City,b1,2023,2464.296255
2026,043620,Bexley City,b2,2024,2534.102086
2026,043620,Bexley City,b3,2025,2492.743482
2026,043638,Bowling Green City School District,a,,2384.773551
2026,043638,Bowling Green City School District,b1,2023,2450.468031
2026,043638,Bowling Green City School District,b2,2024,2389.377224
2026,043638,Bowling Green City School District,b3,2025,2384.773551
2026,043646,Brecksville-Broadview Heights City,a,,3411.755622
2026,043646,Brecksville-Broadview Heights City,b1,2023,3386.678767
2026,043646,Brecksville-Broadview Heights City,b2,2024,3434.992118
2026,043646,Brecksville-Broadview Heights City,b3,2025,3411.755622
2026,043653,Brooklyn City,a,,967.146695
2026,043653,Brooklyn City,b1,2023,1010.395209
2026,043653,Brooklyn City,b2,2024,972.173577
2026,043653,Brooklyn City,b3,2025,967.146695
2026,043661,Brunswick City,a,,5636.465049
2026,043661,Brunswick City,b1,2023,6187.328902
2026,043661,Brunswick City,b2,2024,5759.277212
2026,043661,Brunswick City,b3,2025,5636.465049
2026,043679,Bryan City,a,,1693.936351
2026,043679,Bryan City,b1,2023,1771.863892
2026,043679,Bryan City,b2,2024,1710.661222
2026,043679,Bryan City,b3,2025,1693.936351
2026,043687,Bucyrus City,a,,952.094076
2026,043687,Bucyrus City,b1,2023,991.486421
2026,043687,Bucyrus City,b2,2024,972.662782
2026,043687,Bucyrus City,b3,2025,952.094076
2026,043695,Cambridge City,a,,1729.127084
2026,043695,Cambridge City,b1,2023,1797.766374
2026,043695,Cambridge City,b2,2024,1743.393468
2026,043695,Cambridge City,b3,2025,1729.127084
2026,043703,Campbell City,a,,1009.476814
2026,043703,Campbell City,b1,2023,1043.890604
2026,043703,Campbell City,b2,2024,1047.283425
2026,043703,Campbell City,b3,2025,1009.476814
2026,043711,Canton City,a,,7025.541669
2026,043711,Canton City,b1,2023,7614.168255
2026,043711,Canton City,b2,2024,7293.289443
2026,043711,Canton City,b3,2025,7025.541669
2026,043729,Celina City,a,,2296.382001
2026,043729,Celina City,b1,2023,2380.27764
2026,043729,Celina City,b2,2024,2330.015611
2026,043729,Celina City,b3,2025,2296.382001
2026,043737,Centerville City,a,,7722.20589
2026,043737,Centerville City,b1,2023,7602.565919
2026,043737,Centerville City,b2,2024,7848.637154
2026,043737,Centerville City,b3,2025,7722.20589
2026,043745,Chillicothe City,a,,2400.215458
2026,043745,Chillicothe City,b1,2023,2555.04851
2026,043745,Chillicothe City,b2,2024,2469.986592
2026,043745,Chillicothe City,b3,2025,2400.215458
2026,043752,Cincinnati Public Schools,a,,32446.401884
2026,043752,Cincinnati Public Schools,b1,2023,34093.108336
2026,043752,Cincinnati Public Schools,b2,2024,32808.415574
2026,043752,Cincinnati Public Schools,b3,2025,32446.401884
2026,043760,Circleville City,a,,1942.650949
2026,043760,Circleville City,b1,2023,2013.353198
2026,043760,Circleville City,b2,2024,1890.272403
2026,043760,Circleville City,b3,2025,1942.650949
2026,043778,Claymont City,a,,1435.413134
2026,043778,Claymont City,b1,2023,1632.472963
2026,043778,Claymont City,b2,2024,1501.205468
2026,043778,Claymont City,b3,2025,1435.413134
2026,043786,Cleveland Municipal,a,,31580.946659
2026,043786,Cleveland Municipal,b1,2023,33315.108109
2026,043786,Cleveland Municipal,b2,2024,32743.639203
2026,043786,Cleveland Municipal,b3,2025,31580.946659
2026,043794,Cleveland Heights-University Heights City,a,,4675.817275
2026,043794,Cleveland Heights-University Heights City,b1,2023,4678.378408
2026,043794,Cleveland Heights-University Heights City,b2,2024,4625.684276
2026,043794,Cleveland Heights-University Heights City,b3,2025,4675.817275
2026,043802,Columbus City School District,a,,43998.912257
2026,043802,Columbus City School District,b1,2023,43578.804392
2026,043802,Columbus City School District,b2,2024,43018.603331
2026,043802,Columbus City School District,b3,2025,43998.912257
2026,043810,Conneaut Area City,a,,1485.674994
2026,043810,Conneaut Area City,b1,2023,1471.072323
2026,043810,Conneaut Area City,b2,2024,1476.550483
2026,043810,Conneaut Area City,b3,2025,1485.674994
2026,043828,Coshocton City,a,,1416.060163
2026,043828,Coshocton City,b1,2023,1540.29573
2026,043828,Coshocton City,b2,2024,1458.090291
2026,043828,Coshocton City,b3,2025,1416.060163
2026,043836,Cuyahoga Falls City,a,,3741.514834
2026,043836,Cuyahoga Falls City,b1,2023,4030.764272
2026,043836,Cuyahoga Falls City,b2,2024,3888.114392
2026,043836,Cuyahoga Falls City,b3,2025,3741.514834
2026,043844,Dayton City,a,,12167.412354
2026,043844,Dayton City,b1,2023,11205.3261
2026,043844,Dayton City,b2,2024,11744.212387
2026,043844,Dayton City,b3,2025,12167.412354
2026,043851,Deer Park Community City,a,,1043.690416
2026,043851,Deer Park Community City,b1,2023,1143.668322
2026,043851,Deer Park Community City,b2,2024,1077.702188
2026,043851,Deer Park Community City,b3,2025,1043.690416
2026,043869,Defiance City,a,,2338.849597
2026,043869,Defiance City,b1,2023,2341.120906
2026,043869,Defiance City,b2,2024,2347.474811
2026,043869,Defiance City,b3,2025,2338.849597
2026,043877,Delaware City,a,,5236.037594
2026,043877,Delaware City,b1,2023,5242.34649
2026,043877,Delaware City,b2,2024,5256.404262
2026,043877,Delaware City,b3,2025,5236.037594
2026,043885,Delphos City,a,,845.4046
2026,043885,Delphos City,b1,2023,863.091677
2026,043885,Delphos City,b2,2024,823.505332
2026,043885,Delphos City,b3,2025,845.4046
2026,043893,Dover City,a,,2536.001398
2026,043893,Dover City,b1,2023,2558.452743
2026,043893,Dover City,b2,2024,2555.079981
2026,043893,Dover City,b3,2025,2536.001398
2026,043901,East Cleveland City School District,a,,1085.483846
2026,043901,East Cleveland City School District,b1,2023,1432.968477
2026,043901,East Cleveland City School District,b2,2024,1135.873952
2026,043901,East Cleveland City School District,b3,2025,1085.483846
2026,043919,East Liverpool City,a,,1885.797075
2026,043919,East Liverpool City,b1,2023,1934.491974
2026,043919,East Liverpool City,b2,2024,1878.449014
2026,043919,East Liverpool City,b3,2025,1885.797075
2026,043927,East Palestine City,a,,870.268686
2026,043927,East Palestine City,b1,2023,917.076322
2026,043927,East Palestine City,b2,2024,869.776931
2026,043927,East Palestine City,b3,2025,870.268686
2026,043935,Eaton Community City,a,,1742.39297
2026,043935,Eaton Community City,b1,2023,1813.672201
2026,043935,Eaton Community City,b2,2024,1805.911969
2026,043935,Eaton Community City,b3,2025,1742.39297
2026,043943,Elyria City Schools,a,,5372.149612
2026,043943,Elyria City Schools,b1,2023,5494.031408
2026,043943,Elyria City Schools,b2,2024,5412.926931
2026,043943,Elyria City Schools,b3,2025,5372.149612
2026,043950,Euclid City,a,,4079.377704
2026,043950,Euclid City,b1,2023,4461.525208
2026,043950,Euclid City,b2,2024,4165.704193
2026,043950,Euclid City,b3,2025,4079.377704
2026,043968,Fairborn City,a,,4002.991547
2026,043968,Fairborn City,b1,2023,3977.048208
2026,043968,Fairborn City,b2,2024,3980.684204
2026,043968,Fairborn City,b3,2025,4002.991547
2026,043976,Fairview Park City,a,,1352.290336
2026,043976,Fairview Park City,b1,2023,1484.091948
2026,043976,Fairview Park City,b2,2024,1404.151605
2026,043976,Fairview Park City,b3,2025,1352.290336
2026,043984,Findlay City,a,,4766.601361
2026,043984,Findlay City,b1,2023,4955.024202
2026,043984,Findlay City,b2,2024,4840.492966
2026,043984,Findlay City,b3,2025,4766.601361
2026,043992,Fostoria City,a,,1600.873308
2026,043992,Fostoria City,b1,2023,1695.233508
2026,043992,Fostoria City,b2,2024,1667.214038
2026,043992,Fostoria City,b3,2025,1600.873308
2026,044008,Franklin City,a,,2586.85862
2026,044008,Franklin City,b1,2023,2614.378966
2026,044008,Franklin City,b2,2024,2592.517646
2026,044008,Franklin City,b3,2025,2586.85862
2026,044016,Fremont City,a,,3123.626781
2026,044016,Fremont City,b1,2023,3310.137034
2026,044016,Fremont City,b2,2024,3136.441584
2026,044016,Fremont City,b3,2025,3123.626781
2026,044024,Galion City,a,,1489.185213
2026,044024,Galion City,b1,2023,1570.274773
2026,044024,Galion City,b2,2024,1460.596747
2026,044024,Galion City,b3,2025,1489.185213
2026,044032,Gallipolis City,a,,1733.299841
2026,044032,Gallipolis City,b1,2023,1846.844254
2026,044032,Gallipolis City,b2,2024,1774.46268
2026,044032,Gallipolis City,b3,2025,1733.299841
2026,044040,Garfield Heights City Schools,a,,2470.87249
2026,044040,Garfield Heights City Schools,b1,2023,3107.700026
2026,044040,Garfield Heights City Schools,b2,2024,2740.464092
2026,044040,Garfield Heights City Schools,b3,2025,2470.87249
2026,044057,Geneva Area City,a,,1909.776489
2026,044057,Geneva Area City,b1,2023,2072.200576
2026,044057,Geneva Area City,b2,2024,1953.871013
2026,044057,Geneva Area City,b3,2025,1909.776489
2026,044065,Girard City School District,a,,1489.208325
2026,044065,Girard City School District,b1,2023,1580.771853
2026,044065,Girard City School District,b2,2024,1520.038759
2026,044065,Girard City School District,b3,2025,1489.208325
2026,044073,Grandview Heights Schools,a,,1125.344
2026,044073,Grandview Heights Schools,b1,2023,1107.883844
2026,044073,Grandview Heights Schools,b2,2024,1127.707384
2026,044073,Grandview Heights Schools,b3,2025,1125.344
2026,044081,Winton Woods City,a,,3883.861902
2026,044081,Winton Woods City,b1,2023,3770.388113
2026,044081,Winton Woods City,b2,2024,3806.279732
2026,044081,Winton Woods City,b3,2025,3883.861902
2026,044099,Greenville City,a,,2200.592312
2026,044099,Greenville City,b1,2023,2352.804845
2026,044099,Greenville City,b2,2024,2307.67638
2026,044099,Greenville City,b3,2025,2200.592312
2026,044107,Hamilton City,a,,8336.94413
2026,044107,Hamilton City,b1,2023,8673.219536
2026,044107,Hamilton City,b2,2024,8379.59358
2026,044107,Hamilton City,b3,2025,8336.94413
2026,044115,Heath City,a,,1545.508368
2026,044115,Heath City,b1,2023,1683.621286
2026,044115,Heath City,b2,2024,1611.797966
2026,044115,Heath City,b3,2025,1545.508368
2026,044123,Hillsboro City,a,,2028.351647
2026,044123,Hillsboro City,b1,2023,2114.300481
2026,044123,Hillsboro City,b2,2024,2121.274998
2026,044123,Hillsboro City,b3,2025,2028.351647
2026,044131,Huron City Schools,a,,1090.599714
2026,044131,Huron City Schools,b1,2023,1162.164831
2026,044131,Huron City Schools,b2,2024,1120.635486
2026,044131,Huron City Schools,b3,2025,1090.599714
2026,044149,Ironton City School District,a,,1206.079497
2026,044149,Ironton City School District,b1,2023,1282.074988
2026,044149,Ironton City School District,b2,2024,1263.640682
2026,044149,Ironton City School District,b3,2025,1206.079497
2026,044156,Jackson City,a,,2131.083339
2026,044156,Jackson City,b1,2023,2270.652556
2026,044156,Jackson City,b2,2024,2185.416828
2026,044156,Jackson City,b3,2025,2131.083339
2026,044164,Kent City,a,,2771.20836
2026,044164,Kent City,b1,2023,2851.469096
2026,044164,Kent City,b2,2024,2794.972365
2026,044164,Kent City,b3,2025,2771.20836
2026,044172,Kenton City,a,,1682.099642
2026,044172,Kenton City,b1,2023,1665.585685
2026,044172,Kenton City,b2,2024,1685.072772
2026,044172,Kenton City,b3,2025,1682.099642
2026,044180,Kettering City School District,a,,7161.548057
2026,044180,Kettering City School District,b1,2023,7305.139979
2026,044180,Kettering City School District,b2,2024,7301.571039
2026,044180,Kettering City School District,b3,2025,7161.548057
2026,044198,Lakewood City,a,,4070.635454
2026,044198,Lakewood City,b1,2023,4071.453177
2026,044198,Lakewood City,b2,2024,4066.384195
2026,044198,Lakewood City,b3,2025,4070.635454
2026,044206,Lancaster City,a,,5864.717125
2026,044206,Lancaster City,b1,2023,5968.715702
2026,044206,Lancaster City,b2,2024,5981.769613
2026,044206,Lancaster City,b3,2025,5864.717125
2026,044214,Lebanon City,a,,4778.237965
2026,044214,Lebanon City,b1,2023,4987.132015
2026,044214,Lebanon City,b2,2024,4895.174679
2026,044214,Lebanon City,b3,2025,4778.237965
2026,044222,Lima City,a,,3154.003816
2026,044222,Lima City,b1,2023,3227.491576
2026,044222,Lima City,b2,2024,3100.838182
2026,044222,Lima City,b3,2025,3154.003816
2026,044230,Lockland Local,a,,415.303219
2026,044230,Lockland Local,b1,2023,529.162335
2026,044230,Lockland Local,b2,2024,466.181282
2026,044230,Lockland Local,b3,2025,415.303219
2026,044248,Logan-Hocking Local,a,,3210.673366
2026,044248,Logan-Hocking Local,b1,2023,3348.939829
2026,044248,Logan-Hocking Local,b2,2024,3291.8255
2026,044248,Logan-Hocking Local,b3,2025,3210.673366
2026,044255,London City,a,,2051.190027
2026,044255,London City,b1,2023,2060.064617
2026,044255,London City,b2,2024,1987.36604
2026,044255,London City,b3,2025,2051.190027
2026,044263,Lorain City,a,,5753.298891
2026,044263,Lorain City,b1,2023,5621.317627
2026,044263,Lorain City,b2,2024,5677.696919
2026,044263,Lorain City,b3,2025,5753.298891
2026,044271,Loveland City,a,,3752.05348
2026,044271,Loveland City,b1,2023,3985.321329
2026,044271,Loveland City,b2,2024,3857.265991
2026,044271,Loveland City,b3,2025,3752.05348
2026,044289,Madeira City,a,,1599.024082
2026,044289,Madeira City,b1,2023,1537.349523
2026,044289,Madeira City,b2,2024,1602.308177
2026,044289,Madeira City,b3,2025,1599.024082
2026,044297,Mansfield City,a,,2747.682359
2026,044297,Mansfield City,b1,2023,3107.989974
2026,044297,Mansfield City,b2,2024,2973.502342
2026,044297,Mansfield City,b3,2025,2747.682359
2026,044305,Maple Heights City,a,,2811.518707
2026,044305,Maple Heights City,b1,2023,3194.035633
2026,044305,Maple Heights City,b2,2024,2910.244084
2026,044305,Maple Heights City,b3,2025,2811.518707
2026,044313,Mariemont City,a,,1501.29211
2026,044313,Mariemont City,b1,2023,1543.514786
2026,044313,Mariemont City,b2,2024,1501.356593
2026,044313,Mariemont City,b3,2025,1501.29211
2026,044321,Marietta City,a,,2059.41375
2026,044321,Marietta City,b1,2023,2210.209775
2026,044321,Marietta City,b2,2024,2086.682686
2026,044321,Marietta City,b3,2025,2059.41375
2026,044339,Marion City,a,,3760.390111
2026,044339,Marion City,b1,2023,4007.929428
2026,044339,Marion City,b2,2024,3812.292751
2026,044339,Marion City,b3,2025,3760.390111
2026,044347,Martins Ferry City,a,,1233.621055
2026,044347,Martins Ferry City,b1,2023,1337.510475
2026,044347,Martins Ferry City,b2,2024,1273.897956
2026,044347,Martins Ferry City,b3,2025,1233.621055
2026,044354,Massillon City,a,,3885.63286
2026,044354,Massillon City,b1,2023,3736.72574
2026,044354,Massillon City,b2,2024,3937.710746
2026,044354,Massillon City,b3,2025,3885.63286
2026,044362,Maumee City,a,,2081.38554
2026,044362,Maumee City,b1,2023,2180.088483
2026,044362,Maumee City,b2,2024,2106.662043
2026,044362,Maumee City,b3,2025,2081.38554
2026,044370,Mayfield City,a,,3732.404693
2026,044370,Mayfield City,b1,2023,3823.496114
2026,044370,Mayfield City,b2,2024,3771.372581
2026,044370,Mayfield City,b3,2025,3732.404693
2026,044388,Medina City SD,a,,5632.85888
2026,044388,Medina City SD,b1,2023,6062.099662
2026,044388,Medina City SD,b2,2024,5842.992847
2026,044388,Medina City SD,b3,2025,5632.85888
2026,044396,Miamisburg City,a,,4505.368782
2026,044396,Miamisburg City,b1,2023,4760.627226
2026,044396,Miamisburg City,b2,2024,4544.447916
2026,044396,Miamisburg City,b3,2025,4505.368782
2026,044404,Middletown City,a,,5675.937828
2026,044404,Middletown City,b1,2023,5742.562385
2026,044404,Middletown City,b2,2024,5720.669614
2026,044404,Middletown City,b3,2025,5675.937828
2026,044412,Mt Healthy City,a,,2550.276869
2026,044412,Mt Healthy City,b1,2023,2774.955087
2026,044412,Mt Healthy City,b2,2024,2698.83561
2026,044412,Mt Healthy City,b3,2025,2550.276869
2026,044420,Mount Vernon City,a,,3346.972548
2026,044420,Mount Vernon City,b1,2023,3538.67894
2026,044420,Mount Vernon City,b2,2024,3417.514434
2026,044420,Mount Vernon City,b3,2025,3346.972548
2026,044438,Napoleon Area City,a,,1606.905908
2026,044438,Napoleon Area City,b1,2023,1743.472432
2026,044438,Napoleon Area City,b2,2024,1689.636738
2026,044438,Napoleon Area City,b3,2025,1606.905908
2026,044446,Nelsonville-York City,a,,941.576964
2026,044446,Nelsonville-York City,b1,2023,1023.790736
2026,044446,Nelsonville-York City,b2,2024,1003.430779
2026,044446,Nelsonville-York City,b3,2025,941.576964
2026,044453,Newark City,a,,5438.816414
2026,044453,Newark City,b1,2023,5813.737142
2026,044453,Newark City,b2,2024,5492.508678
2026,044453,Newark City,b3,2025,5438.816414
2026,044461,New Boston Local,a,,356.705743
2026,044461,New Boston Local,b1,2023,367.713874
2026,044461,New Boston Local,b2,2024,342.02338
2026,044461,New Boston Local,b3,2025,356.705743
2026,044479,New Lexington School District,a,,1714.628098
2026,044479,New Lexington School District,b1,2023,1680.478853
2026,044479,New Lexington School District,b2,2024,1725.224259
2026,044479,New Lexington School District,b3,2025,1714.628098
2026,044487,New Philadelphia City,a,,2664.126955
2026,044487,New Philadelphia City,b1,2023,2698.636897
2026,044487,New Philadelphia City,b2,2024,2712.570995
2026,044487,New Philadelphia City,b3,2025,2664.126955
2026,044495,Niles City,a,,1847.706773
2026,044495,Niles City,b1,2023,1966.021818
2026,044495,Niles City,b2,2024,1891.697766
2026,044495,Niles City,b3,2025,1847.706773
2026,044503,North Canton City,a,,4088.070216
2026,044503,North Canton City,b1,2023,4101.792847
2026,044503,North Canton City,b2,2024,4160.088023
2026,044503,North Canton City,b3,2025,4088.070216
2026,044511,North College Hill City,a,,1297.603337
2026,044511,North College Hill City,b1,2023,1240.436417
2026,044511,North College Hill City,b2,2024,1305.037816
2026,044511,North College Hill City,b3,2025,1297.603337
2026,044529,North Olmsted City,a,,3322.795874
2026,044529,North Olmsted City,b1,2023,3501.318439
2026,044529,North Olmsted City,b2,2024,3359.877165
2026,044529,North Olmsted City,b3,2025,3322.795874
2026,044537,North Ridgeville City,a,,4162.1101
2026,044537,North Ridgeville City,b1,2023,4224.594592
2026,044537,North Ridgeville City,b2,2024,4179.288307
2026,044537,North Ridgeville City,b3,2025,4162.1101
2026,044545,North Royalton City,a,,3861.125757
2026,044545,North Royalton City,b1,2023,3798.059176
2026,044545,North Royalton City,b2,2024,3848.95365
2026,044545,North Royalton City,b3,2025,3861.125757
2026,044552,Norton City,a,,2004.129556
2026,044552,Norton City,b1,2023,2161.292935
2026,044552,Norton City,b2,2024,2066.023477
2026,044552,Norton City,b3,2025,2004.129556
2026,044560,Norwalk City,a,,2313.158379
2026,044560,Norwalk City,b1,2023,2465.650645
2026,044560,Norwalk City,b2,2024,2367.826736
2026,044560,Norwalk City,b3,2025,2313.158379
2026,044578,Norwood City,a,,1579.873059
2026,044578,Norwood City,b1,2023,1615.44103
2026,044578,Norwood City,b2,2024,1560.923544
2026,044578,Norwood City,b3,2025,1579.873059
2026,044586,Oakwood City,a,,1916.307613
2026,044586,Oakwood City,b1,2023,1996.666397
2026,044586,Oakwood City,b2,2024,1934.571189
2026,044586,Oakwood City,b3,2025,1916.307613
2026,044594,Oberlin City Schools,a,,719.924131
2026,044594,Oberlin City Schools,b1,2023,813.27333
2026,044594,Oberlin City Schools,b2,2024,742.54121
2026,044594,Oberlin City Schools,b3,2025,719.924131
2026,044602,Oregon City,a,,3320.453767
2026,044602,Oregon City,b1,2023,3333.137034
2026,044602,Oregon City,b2,2024,3288.416017
2026,044602,Oregon City,b3,2025,3320.453767
2026,044610,Orrville City,a,,1393.900953
2026,044610,Orrville City,b1,2023,1461.484071
2026,044610,Orrville City,b2,2024,1434.37161
2026,044610,Orrville City,b3,2025,1393.900953
2026,044628,Painesville City Local,a,,2557.785438
2026,044628,Painesville City Local,b1,2023,2567.059739
2026,044628,Painesville City Local,b2,2024,2547.501297
2026,044628,Painesville City Local,b3,2025,2557.785438
2026,044636,Parma City,a,,8621.046338
2026,044636,Parma City,b1,2023,9019.209197
2026,044636,Parma City,b2,2024,8675.592459
2026,044636,Parma City,b3,2025,8621.046338
2026,044644,Piqua City,a,,2914.075799
2026,044644,Piqua City,b1,2023,3122.101215
2026,044644,Piqua City,b2,2024,2965.648364
2026,044644,Piqua City,b3,2025,2914.075799
2026,044651,Port Clinton City,a,,1290.998729
2026,044651,Port Clinton City,b1,2023,1452.481628
2026,044651,Port Clinton City,b2,2024,1337.059391
2026,044651,Port Clinton City,b3,2025,1290.998729
2026,044669,Portsmouth City,a,,1501.903229
2026,044669,Portsmouth City,b1,2023,1542.058629
2026,044669,Portsmouth City,b2,2024,1493.829771
2026,044669,Portsmouth City,b3,2025,1501.903229
2026,044677,Princeton City,a,,5581.747107
2026,044677,Princeton City,b1,2023,5426.209289
2026,044677,Princeton City,b2,2024,5633.892196
2026,044677,Princeton City,b3,2025,5581.747107
2026,044685,Ravenna City,a,,1758.241362
2026,044685,Ravenna City,b1,2023,1970.868158
2026,044685,Ravenna City,b2,2024,1843.856139
2026,044685,Ravenna City,b3,2025,1758.241362
2026,044693,Reading Community City,a,,1358.333058
2026,044693,Reading Community City,b1,2023,1538.644838
2026,044693,Reading Community City,b2,2024,1374.646138
2026,044693,Reading Community City,b3,2025,1358.333058
2026,044701,Rocky River City,a,,2451.035281
2026,044701,Rocky River City,b1,2023,2513.494553
2026,044701,Rocky River City,b2,2024,2462.786295
2026,044701,Rocky River City,b3,2025,2451.035281
2026,044719,St Bernard-Elmwood Place City,a,,720.906881
2026,044719,St Bernard-Elmwood Place City,b1,2023,748.373255
2026,044719,St Bernard-Elmwood Place City,b2,2024,717.634108
2026,044719,St Bernard-Elmwood Place City,b3,2025,720.906881
2026,044727,St Marys City,a,,1975.2391
2026,044727,St Marys City,b1,2023,1949.004975
2026,044727,St Marys City,b2,2024,1926.466297
2026,044727,St Marys City,b3,2025,1975.2391
2026,044735,Salem City,a,,1898.375834
2026,044735,Salem City,b1,2023,1939.557747
2026,044735,Salem City,b2,2024,1914.554956
2026,044735,Salem City,b3,2025,1898.375834
2026,044743,Sandusky City,a,,2904.521212
2026,044743,Sandusky City,b1,2023,2969.040858
2026,044743,Sandusky City,b2,2024,2941.665875
2026,044743,Sandusky City,b3,2025,2904.521212
2026,044750,Shaker Heights City,a,,4282.985398
2026,044750,Shaker Heights City,b1,2023,4502.386948
2026,044750,Shaker Heights City,b2,2024,4349.531832
2026,044750,Shaker Heights City,b3,2025,4282.985398
2026,044768,Sheffield-Sheffield Lake City,a,,1381.324228
2026,044768,Sheffield-Sheffield Lake City,b1,2023,1488.60827
2026,044768,Sheffield-Sheffield Lake City,b2,2024,1457.676621
2026,044768,Sheffield-Sheffield Lake City,b3,2025,1381.324228
2026,044776,Shelby City,a,,1688.954322
2026,044776,Shelby City,b1,2023,1767.954973
2026,044776,Shelby City,b2,2024,1761.892932
2026,044776,Shelby City,b3,2025,1688.954322
2026,044784,Sidney City,a,,2697.690464
2026,044784,Sidney City,b1,2023,2950.715565
2026,044784,Sidney City,b2,2024,2728.164992
2026,044784,Sidney City,b3,2025,2697.690464
2026,044792,South Euclid-Lyndhurst City,a,,3055.465916
2026,044792,South Euclid-Lyndhurst City,b1,2023,3151.230949
2026,044792,South Euclid-Lyndhurst City,b2,2024,3074.367155
2026,044792,South Euclid-Lyndhurst City,b3,2025,3055.465916
2026,044800,South-Western City,a,,21175.327982
2026,044800,South-Western City,b1,2023,20882.593469
2026,044800,South-Western City,b2,2024,21101.403737
2026,044800,South-Western City,b3,2025,21175.327982
2026,044818,Springfield City School District,a,,6847.873189
2026,044818,Springfield City School District,b1,2023,6931.12883
2026,044818,Springfield City School District,b2,2024,6835.173449
2026,044818,Springfield City School District,b3,2025,6847.873189
2026,044826,Steubenville City,a,,2492.188386
2026,044826,Steubenville City,b1,2023,2418.160354
2026,044826,Steubenville City,b2,2024,2518.88392
2026,044826,Steubenville City,b3,2025,2492.188386
2026,044834,Stow-Munroe Falls City School District,a,,4752.751189
2026,044834,Stow-Munroe Falls City School District,b1,2023,5020.685951
2026,044834,Stow-Munroe Falls City School District,b2,2024,4982.062057
2026,044834,Stow-Munroe Falls City School District,b3,2025,4752.751189
2026,044842,Strongsville City,a,,5210.782149
2026,044842,Strongsville City,b1,2023,5232.999898
2026,044842,Strongsville City,b2,2024,5201.26001
2026,044842,Strongsville City,b3,2025,5210.782149
2026,044859,Struthers City,a,,1583.09204
2026,044859,Struthers City,b1,2023,1674.117546
2026,044859,Struthers City,b2,2024,1609.445554
2026,044859,Struthers City,b3,2025,1583.09204
2026,044867,Sycamore Community City,a,,5633.563432
2026,044867,Sycamore Community City,b1,2023,5305.108543
2026,044867,Sycamore Community City,b2,2024,5570.230582
2026,044867,Sycamore Community City,b3,2025,5633.563432
2026,044875,Sylvania Schools,a,,7497.36063
2026,044875,Sylvania Schools,b1,2023,7557.724542
2026,044875,Sylvania Schools,b2,2024,7625.109098
2026,044875,Sylvania Schools,b3,2025,7497.36063
2026,044883,Tallmadge City,a,,2483.834071
2026,044883,Tallmadge City,b1,2023,2460.069287
2026,044883,Tallmadge City,b2,2024,2451.238113
2026,044883,Tallmadge City,b3,2025,2483.834071
2026,044891,Tiffin City,a,,2202.698262
2026,044891,Tiffin City,b1,2023,2457.357038
2026,044891,Tiffin City,b2,2024,2283.245222
2026,044891,Tiffin City,b3,2025,2202.698262
2026,044909,Toledo City,a,,19851.771637
2026,044909,Toledo City,b1,2023,20301.514652
2026,044909,Toledo City,b2,2024,19639.990121
2026,044909,Toledo City,b3,2025,19851.771637
2026,044917,Toronto City,a,,754.776673
2026,044917,Toronto City,b1,2023,744.251889
2026,044917,Toronto City,b2,2024,752.285508
2026,044917,Toronto City,b3,2025,754.776673
2026,044925,Troy City,a,,3877.327958
2026,044925,Troy City,b1,2023,3982.257665
2026,044925,Troy City,b2,2024,3975.023759
2026,044925,Troy City,b3,2025,3877.327958
2026,044933,Upper Arlington City,a,,6427.013021
2026,044933,Upper Arlington City,b1,2023,6206.359051
2026,044933,Upper Arlington City,b2,2024,6395.015583
2026,044933,Upper Arlington City,b3,2025,6427.013021
2026,044941,Urbana City,a,,1664.003514
2026,044941,Urbana City,b1,2023,1751.254392
2026,044941,Urbana City,b2,2024,1697.775734
2026,044941,Urbana City,b3,2025,1664.003514
2026,044958,Vandalia-Butler City,a,,2738.359473
2026,044958,Vandalia-Butler City,b1,2023,2682.691937
2026,044958,Vandalia-Butler City,b2,2024,2693.108658
2026,044958,Vandalia-Butler City,b3,2025,2738.359473
2026,044966,Van Wert City,a,,1719.641443
2026,044966,Van Wert City,b1,2023,1787.518105
2026,044966,Van Wert City,b2,2024,1791.157693
2026,044966,Van Wert City,b3,2025,1719.641443
2026,044974,Wadsworth City,a,,3978.188236
2026,044974,Wadsworth City,b1,2023,4327.009135
2026,044974,Wadsworth City,b2,2024,4108.151411
2026,044974,Wadsworth City,b3,2025,3978.188236
2026,044982,Wapakoneta City,a,,2629.250228
2026,044982,Wapakoneta City,b1,2023,2868.844844
2026,044982,Wapakoneta City,b2,2024,2745.372832
2026,044982,Wapakoneta City,b3,2025,2629.250228
2026,044990,Warren City,a,,4348.115204
2026,044990,Warren City,b1,2023,4379.676468
2026,044990,Warren City,b2,2024,4268.261289
2026,044990,Warren City,b3,2025,4348.115204
2026,045005,Warrensville Heights City,a,,1773.018443
2026,045005,Warrensville Heights City,b1,2023,1627.525306
2026,045005,Warrensville Heights City,b2,2024,1761.969823
2026,045005,Warrensville Heights City,b3,2025,1773.018443
2026,045013,Washington Court House City,a,,1664.135094
2026,045013,Washington Court House City,b1,2023,1979.10413
2026,045013,Washington Court House City,b2,2024,1804.533581
2026,045013,Washington Court House City,b3,2025,1664.135094
2026,045021,Wellston City,a,,1147.422585
2026,045021,Wellston City,b1,2023,1216.060914
2026,045021,Wellston City,b2,2024,1170.129389
2026,045021,Wellston City,b3,2025,1147.422585
2026,045039,Wellsville Local,a,,603.157964
2026,045039,Wellsville Local,b1,2023,639.86873
2026,045039,Wellsville Local,b2,2024,608.594284
2026,045039,Wellsville Local,b3,2025,603.157964
2026,045047,Westerville City,a,,13701.328428
2026,045047,Westerville City,b1,2023,13720.067707
2026,045047,Westerville City,b2,2024,13599.797834
2026,045047,Westerville City,b3,2025,13701.328428
2026,045054,West Carrollton City,a,,3008.861402
2026,045054,West Carrollton City,b1,2023,3219.539285
2026,045054,West Carrollton City,b2,2024,3108.273831
2026,045054,West Carrollton City,b3,2025,3008.861402
2026,045062,Westlake City,a,,2983.973322
2026,045062,Westlake City,b1,2023,3129.020141
2026,045062,Westlake City,b2,2024,3088.268447
2026,045062,Westlake City,b3,2025,2983.973322
2026,045070,Whitehall City,a,,3316.587618
2026,045070,Whitehall City,b1,2023,2999.92307
2026,045070,Whitehall City,b2,2024,3208.882125
2026,045070,Whitehall City,b3,2025,3316.587618
2026,045088,Wickliffe City,a,,1177.643227
2026,045088,Wickliffe City,b1,2023,1261.408492
2026,045088,Wickliffe City,b2,2024,1233.253321
2026,045088,Wickliffe City,b3,2025,1177.643227
2026,045096,Willard City,a,,1158.060503
2026,045096,Willard City,b1,2023,1240.461235
2026,045096,Willard City,b2,2024,1188.079685
2026,045096,Willard City,b3,2025,1158.060503
2026,045104,Willoughby-Eastlake City,a,,6410.597284
2026,045104,Willoughby-Eastlake City,b1,2023,6886.122539
2026,045104,Willoughby-Eastlake City,b2,2024,6499.969449
2026,045104,Willoughby-Eastlake City,b3,2025,6410.597284
2026,045112,Wilmington City,a,,1998.984483
2026,045112,Wilmington City,b1,2023,2182.900578
2026,045112,Wilmington City,b2,2024,2032.779043
2026,045112,Wilmington City,b3,2025,1998.984483
2026,045120,Wooster City,a,,3057.035824
2026,045120,Wooster City,b1,2023,3226.747201
2026,045120,Wooster City,b2,2024,3090.589574
2026,045120,Wooster City,b3,2025,3057.035824
2026,045138,Worthington City,a,,10110.121246
2026,045138,Worthington City,b1,2023,9899.283437
2026,045138,Worthington City,b2,2024,10121.400164
2026,045138,Worthington City,b3,2025,10110.121246
2026,045146,Wyoming City,a,,1827.213999
2026,045146,Wyoming City,b1,2023,1870.529111
2026,045146,Wyoming City,b2,2024,1836.509943
2026,045146,Wyoming City,b3,2025,1827.213999
2026,045153,Xenia Community City,a,,3321.083426
2026,045153,Xenia Community City,b1,2023,3625.280872
2026,045153,Xenia Community City,b2,2024,3441.678281
2026,045153,Xenia Community City,b3,2025,3321.083426
2026,045161,Youngstown City,a,,4214.974829
2026,045161,Youngstown City,b1,2023,4429.494656
2026,045161,Youngstown City,b2,2024,4322.289343
2026,045161,Youngstown City,b3,2025,4214.974829
2026,045179,Zanesville City,a,,2868.298773
2026,045179,Zanesville City,b1,2023,2833.021467
2026,045179,Zanesville City,b2,2024,2802.983171
2026,045179,Zanesville City,b3,2025,2868.298773
2026,045187,Ada Exempted Village,a,,815.875836
2026,045187,Ada Exempted Village,b1,2023,840.728175
2026,045187,Ada Exempted Village,b2,2024,847.823008
2026,045187,Ada Exempted Village,b3,2025,815.875836
2026,045195,Amherst Exempted Village,a,,3442.207076
2026,045195,Amherst Exempted Village,b1,2023,3528.777576
2026,045195,Amherst Exempted Village,b2,2024,3493.854232
2026,045195,Amherst Exempted Village,b3,2025,3442.207076
2026,045203,Barnesville Exempted Village,a,,1205.758236
2026,045203,Barnesville Exempted Village,b1,2023,1280.489424
2026,045203,Barnesville Exempted Village,b2,2024,1229.085068
2026,045203,Barnesville Exempted Village,b3,2025,1205.758236
2026,045211,Bluffton Exempted Village,a,,1136.448576
2026,045211,Bluffton Exempted Village,b1,2023,1138.571596
2026,045211,Bluffton Exempted Village,b2,2024,1144.64868
2026,045211,Bluffton Exempted Village,b3,2025,1136.448576
2026,045229,Bradford Exempted Village,a,,492.294607
2026,045229,Bradford Exempted Village,b1,2023,491.700251
2026,045229,Bradford Exempted Village,b2,2024,488.635065
2026,045229,Bradford Exempted Village,b3,2025,492.294607
2026,045237,Bridgeport Exempted Village,a,,704.636441
2026,045237,Bridgeport Exempted Village,b1,2023,732.039976
2026,045237,Bridgeport Exempted Village,b2,2024,695.072273
2026,045237,Bridgeport Exempted Village,b3,2025,704.636441
2026,045245,Harrison Hills City,a,,1266.496698
2026,045245,Harrison Hills City,b1,2023,1346.302443
2026,045245,Harrison Hills City,b2,2024,1279.566173
2026,045245,Harrison Hills City,b3,2025,1266.496698
2026,045252,Caldwell Exempted Village,a,,744.643828
2026,045252,Caldwell Exempted Village,b1,2023,739.297294
2026,045252,Caldwell Exempted Village,b2,2024,734.47914
2026,045252,Caldwell Exempted Village,b3,2025,744.643828
2026,045260,Carey Exempted Village Schools,a,,808.938674
2026,045260,Carey Exempted Village Schools,b1,2023,811.33478
2026,045260,Carey Exempted Village Schools,b2,2024,813.121006
2026,045260,Carey Exempted Village Schools,b3,2025,808.938674
2026,045278,Carrollton Exempted Village,a,,1664.978456
2026,045278,Carrollton Exempted Village,b1,2023,1692.882344
2026,045278,Carrollton Exempted Village,b2,2024,1712.745719
2026,045278,Carrollton Exempted Village,b3,2025,1664.978456
2026,045286,Chagrin Falls Exempted Village,a,,1500.804634
2026,045286,Chagrin Falls Exempted Village,b1,2023,1635.983207
2026,045286,Chagrin Falls Exempted Village,b2,2024,1516.022277
2026,045286,Chagrin Falls Exempted Village,b3,2025,1500.804634
2026,045294,Chesapeake Union Exempted Village,a,,1064.976573
2026,045294,Chesapeake Union Exempted Village,b1,2023,1116.209308
2026,045294,Chesapeake Union Exempted Village,b2,2024,1083.553305
2026,045294,Chesapeake Union Exempted Village,b3,2025,1064.976573
2026,045302,Clyde-Green Springs Exempted Village,a,,1811.059113
2026,045302,Clyde-Green Springs Exempted Village,b1,2023,1961.319479
2026,045302,Clyde-Green Springs Exempted Village,b2,2024,1870.616283
2026,045302,Clyde-Green Springs Exempted Village,b3,2025,1811.059113
2026,045310,Coldwater Exempted Village,a,,1478.145543
2026,045310,Coldwater Exempted Village,b1,2023,1409.531842
2026,045310,Coldwater Exempted Village,b2,2024,1439.392748
2026,045310,Coldwater Exempted Village,b3,2025,1478.145543
2026,045328,Columbiana Exempted Village,a,,909.703982
2026,045328,Columbiana Exempted Village,b1,2023,1014.533344
2026,045328,Columbiana Exempted Village,b2,2024,934.809051
2026,045328,Columbiana Exempted Village,b3,2025,909.703982
2026,045336,Covington Exempted Village,a,,748.003809
2026,045336,Covington Exempted Village,b1,2023,722.671587
2026,045336,Covington Exempted Village,b2,2024,745.612009
2026,045336,Covington Exempted Village,b3,2025,748.003809
2026,045344,Crestline Exempted Village,a,,493.14097
2026,045344,Crestline Exempted Village,b1,2023,531.234288
2026,045344,Crestline Exempted Village,b2,2024,523.730083
2026,045344,Crestline Exempted Village,b3,2025,493.14097
2026,045351,Crooksville Exempted Village,a,,1014.152816
2026,045351,Crooksville Exempted Village,b1,2023,1014.774712
2026,045351,Crooksville Exempted Village,b2,2024,1011.824841
2026,045351,Crooksville Exempted Village,b3,2025,1014.152816
2026,045369,Fairport Harbor Exempted Village,a,,515.510964
2026,045369,Fairport Harbor Exempted Village,b1,2023,598.373604
2026,045369,Fairport Harbor Exempted Village,b2,2024,562.655709
2026,045369,Fairport Harbor Exempted Village,b3,2025,515.510964
2026,045377,Georgetown Exempted Village,a,,918.049301
2026,045377,Georgetown Exempted Village,b1,2023,981.064082
2026,045377,Georgetown Exempted Village,b2,2024,929.765883
2026,045377,Georgetown Exempted Village,b3,2025,918.049301
2026,045385,Gibsonburg Exempted Village,a,,669.886696
2026,045385,Gibsonburg Exempted Village,b1,2023,789.471449
2026,045385,Gibsonburg Exempted Village,b2,2024,670.792754
2026,045385,Gibsonburg Exempted Village,b3,2025,669.886696
2026,045393,Granville Exempted Village,a,,2420.490512
2026,045393,Granville Exempted Village,b1,2023,2439.959915
2026,045393,Granville Exempted Village,b2,2024,2446.175249
2026,045393,Granville Exempted Village,b3,2025,2420.490512
2026,045401,Greenfield Exempted Village,a,,1791.008783
2026,045401,Greenfield Exempted Village,b1,2023,1768.278635
2026,045401,Greenfield Exempted Village,b2,2024,1803.944367
2026,045401,Greenfield Exempted Village,b3,2025,1791.008783
2026,045419,Hicksville Exempted Village,a,,877.93207
2026,045419,Hicksville Exempted Village,b1,2023,867.675521
2026,045419,Hicksville Exempted Village,b2,2024,873.894073
2026,045419,Hicksville Exempted Village,b3,2025,877.93207
2026,045427,Hubbard Exempted Village,a,,1725.333817
2026,045427,Hubbard Exempted Village,b1,2023,1803.545325
2026,045427,Hubbard Exempted Village,b2,2024,1738.885386
2026,045427,Hubbard Exempted Village,b3,2025,1725.333817
2026,045435,Indian Hill Exempted Village,a,,2132.748782
2026,045435,Indian Hill Exempted Village,b1,2023,2030.829282
2026,045435,Indian Hill Exempted Village,b2,2024,2127.006175
2026,045435,Indian Hill Exempted Village,b3,2025,2132.748782
2026,045443,Leetonia Exempted Village School District,a,,484.4968
2026,045443,Leetonia Exempted Village School District,b1,2023,511.318814
2026,045443,Leetonia Exempted Village School District,b2,2024,493.572876
2026,045443,Leetonia Exempted Village School District,b3,2025,484.4968
2026,045450,Lisbon Exempted Village,a,,660.661758
2026,045450,Lisbon Exempted Village,b1,2023,740.558191
2026,045450,Lisbon Exempted Village,b2,2024,688.834793
2026,045450,Lisbon Exempted Village,b3,2025,660.661758
2026,045468,Loudonville-Perrysville Exempted Village,a,,826.978502
2026,045468,Loudonville-Perrysville Exempted Village,b1,2023,896.034437
2026,045468,Loudonville-Perrysville Exempted Village,b2,2024,861.917185
2026,045468,Loudonville-Perrysville Exempted Village,b3,2025,826.978502
2026,045476,Marysville Exempted Village,a,,5302.435375
2026,045476,Marysville Exempted Village,b1,2023,5179.771842
2026,045476,Marysville Exempted Village,b2,2024,5324.717773
2026,045476,Marysville Exempted Village,b3,2025,5302.435375
2026,045484,Mechanicsburg Exempted Village,a,,797.224449
2026,045484,Mechanicsburg Exempted Village,b1,2023,792.258931
2026,045484,Mechanicsburg Exempted Village,b2,2024,818.748781
2026,045484,Mechanicsburg Exempted Village,b3,2025,797.224449
2026,045492,Mentor Exempted Village,a,,6557.316725
2026,045492,Mentor Exempted Village,b1,2023,7115.70586
2026,045492,Mentor Exempted Village,b2,2024,6753.064676
2026,045492,Mentor Exempted Village,b3,2025,6557.316725
2026,045500,Milford Exempted Village,a,,5502.777669
2026,045500,Milford Exempted Village,b1,2023,6258.405618
2026,045500,Milford Exempted Village,b2,2024,5678.172968
2026,045500,Milford Exempted Village,b3,2025,5502.777669
2026,045518,Milton-Union Exempted Village,a,,1285.15119
2026,045518,Milton-Union Exempted Village,b1,2023,1327.578419
2026,045518,Milton-Union Exempted Village,b2,2024,1293.457576
2026,045518,Milton-Union Exempted Village,b3,2025,1285.15119
2026,045526,Montpelier Exempted Village,a,,771.792103
2026,045526,Montpelier Exempted Village,b1,2023,783.139168
2026,045526,Montpelier Exempted Village,b2,2024,772.356614
2026,045526,Montpelier Exempted Village,b3,2025,771.792103
2026,045534,Mount Gilead Exempted Village,a,,914.454432
2026,045534,Mount Gilead Exempted Village,b1,2023,980.257525
2026,045534,Mount Gilead Exempted Village,b2,2024,939.483661
2026,045534,Mount Gilead Exempted Village,b3,2025,914.454432
2026,045542,Newcomerstown Exempted Village,a,,813.31051
2026,045542,Newcomerstown Exempted Village,b1,2023,843.72652
2026,045542,Newcomerstown Exempted Village,b2,2024,832.807443
2026,045542,Newcomerstown Exempted Village,b3,2025,813.31051
2026,045559,New Richmond Exempted Village,a,,1775.817854
2026,045559,New Richmond Exempted Village,b1,2023,1877.732706
2026,045559,New Richmond Exempted Village,b2,2024,1897.255147
2026,045559,New Richmond Exempted Village,b3,2025,1775.817854
2026,045567,Newton Falls Exempted Village,a,,808.912158
2026,045567,Newton Falls Exempted Village,b1,2023,911.940203
2026,045567,Newton Falls Exempted Village,b2,2024,838.183
2026,045567,Newton Falls Exempted Village,b3,2025,808.912158
2026,045575,Paulding Exempted Village,a,,1194.174437
2026,045575,Paulding Exempted Village,b1,2023,1229.450984
2026,045575,Paulding Exempted Village,b2,2024,1235.094889
2026,045575,Paulding Exempted Village,b3,2025,1194.174437
2026,045583,Perrysburg Exempted Village,a,,5305.056613
2026,045583,Perrysburg Exempted Village,b1,2023,4994.992649
2026,045583,Perrysburg Exempted Village,b2,2024,5137.255588
2026,045583,Perrysburg Exempted Village,b3,2025,5305.056613
2026,045591,Rittman Exempted Village,a,,746.8454
2026,045591,Rittman Exempted Village,b1,2023,830.126693
2026,045591,Rittman Exempted Village,b2,2024,793.332586
2026,045591,Rittman Exempted Village,b3,2025,746.8454
2026,045609,Rossford Exempted Village,a,,1486.752565
2026,045609,Rossford Exempted Village,b1,2023,1559.841435
2026,045609,Rossford Exempted Village,b2,2024,1522.812521
2026,045609,Rossford Exempted Village,b3,2025,1486.752565
2026,045617,Tipp City Exempted Village,a,,2299.754625
2026,045617,Tipp City Exempted Village,b1,2023,2392.289335
2026,045617,Tipp City Exempted Village,b2,2024,2356.478725
2026,045617,Tipp City Exempted Village,b3,2025,2299.754625
2026,045625,Upper Sandusky Exempted Village,a,,1459.123724
2026,045625,Upper Sandusky Exempted Village,b1,2023,1541.190109
2026,045625,Upper Sandusky Exempted Village,b2,2024,1491.115157
2026,045625,Upper Sandusky Exempted Village,b3,2025,1459.123724
2026,045633,Versailles Exempted Village,a,,1227.399685
2026,045633,Versailles Exempted Village,b1,2023,1259.995537
2026,045633,Versailles Exempted Village,b2,2024,1246.353586
2026,045633,Versailles Exempted Village,b3,2025,1227.399685
2026,045641,Wauseon Exempted Village,a,,1676.956989
2026,045641,Wauseon Exempted Village,b1,2023,1741.352727
2026,045641,Wauseon Exempted Village,b2,2024,1677.109866
2026,045641,Wauseon Exempted Village,b3,2025,1676.956989
2026,045658,Wellington Exempted Village,a,,870.968594
2026,045658,Wellington Exempted Village,b1,2023,923.416019
2026,045658,Wellington Exempted Village,b2,2024,889.855457
2026,045658,Wellington Exempted Village,b3,2025,870.968594
2026,045666,Windham Exempted Village,a,,426.350159
2026,045666,Windham Exempted Village,b1,2023,431.993167
2026,045666,Windham Exempted Village,b2,2024,451.405642
2026,045666,Windham Exempted Village,b3,2025,426.350159
2026,045674,Yellow Springs Exempted Village,a,,585.540833
2026,045674,Yellow Springs Exempted Village,b1,2023,671.855382
2026,045674,Yellow Springs Exempted Village,b2,2024,603.09327
2026,045674,Yellow Springs Exempted Village,b3,2025,585.540833
2026,045757,Allen East Local,a,,982.533798
2026,045757,Allen East Local,b1,2023,1002.522178
2026,045757,Allen East Local,b2,2024,1003.536926
2026,045757,Allen East Local,b3,2025,982.533798
2026,045765,Bath Local,a,,1570.249068
2026,045765,Bath Local,b1,2023,1720.798132
2026,045765,Bath Local,b2,2024,1603.67578
2026,045765,Bath Local,b3,2025,1570.249068
2026,045773,Elida Local,a,,1979.112354
2026,045773,Elida Local,b1,2023,2110.63146
2026,045773,Elida Local,b2,2024,2031.021818
2026,045773,Elida Local,b3,2025,1979.112354
2026,045781,Perry Local,a,,671.295677
2026,045781,Perry Local,b1,2023,670.961314
2026,045781,Perry Local,b2,2024,687.458866
2026,045781,Perry Local,b3,2025,671.295677
2026,045799,Shawnee Local,a,,2177.20464
2026,045799,Shawnee Local,b1,2023,2276.326172
2026,045799,Shawnee Local,b2,2024,2231.928113
2026,045799,Shawnee Local,b3,2025,2177.20464
2026,045807,Spencerville Local,a,,936.472302
2026,045807,Spencerville Local,b1,2023,913.98434
2026,045807,Spencerville Local,b2,2024,964.435757
2026,045807,Spencerville Local,b3,2025,936.472302
2026,045823,Hillsdale Local,a,,834.473372
2026,045823,Hillsdale Local,b1,2023,747.202542
2026,045823,Hillsdale Local,b2,2024,791.395305
2026,045823,Hillsdale Local,b3,2025,834.473372
2026,045831,Mapleton Local,a,,731.189924
2026,045831,Mapleton Local,b1,2023,825.95528
2026,045831,Mapleton Local,b2,2024,787.966303
2026,045831,Mapleton Local,b3,2025,731.189924
2026,045856,Buckeye Local,a,,1636.444571
2026,045856,Buckeye Local,b1,2023,1678.637858
2026,045856,Buckeye Local,b2,2024,1642.411891
2026,045856,Buckeye Local,b3,2025,1636.444571
2026,045864,Grand Valley Local,a,,786.817161
2026,045864,Grand Valley Local,b1,2023,930.011423
2026,045864,Grand Valley Local,b2,2024,815.373029
2026,045864,Grand Valley Local,b3,2025,786.817161
2026,045872,Jefferson Area Local,a,,1662.574883
2026,045872,Jefferson Area Local,b1,2023,1624.045865
2026,045872,Jefferson Area Local,b2,2024,1680.256203
2026,045872,Jefferson Area Local,b3,2025,1662.574883
2026,045880,Pymatuning Valley Local,a,,1038.077323
2026,045880,Pymatuning Valley Local,b1,2023,1053.520126
2026,045880,Pymatuning Valley Local,b2,2024,1029.632139
2026,045880,Pymatuning Valley Local,b3,2025,1038.077323
2026,045906,Alexander Local,a,,1345.827742
2026,045906,Alexander Local,b1,2023,1413.377568
2026,045906,Alexander Local,b2,2024,1400.570579
2026,045906,Alexander Local,b3,2025,1345.827742
2026,045914,Federal Hocking Local,a,,793.478649
2026,045914,Federal Hocking Local,b1,2023,892.89255
2026,045914,Federal Hocking Local,b2,2024,816.453545
2026,045914,Federal Hocking Local,b3,2025,793.478649
2026,045922,Trimble Local,a,,647.669423
2026,045922,Trimble Local,b1,2023,724.912439
2026,045922,Trimble Local,b2,2024,705.251434
2026,045922,Trimble Local,b3,2025,647.669423
2026,045948,Minster Local,a,,881.742827
2026,045948,Minster Local,b1,2023,835.801851
2026,045948,Minster Local,b2,2024,872.594402
2026,045948,Minster Local,b3,2025,881.742827
2026,045955,New Bremen Local,a,,819.124563
2026,045955,New Bremen Local,b1,2023,804.572249
2026,045955,New Bremen Local,b2,2024,822.013951
2026,045955,New Bremen Local,b3,2025,819.124563
2026,045963,New Knoxville Local,a,,405.979257
2026,045963,New Knoxville Local,b1,2023,378.744845
2026,045963,New Knoxville Local,b2,2024,393.28915
2026,045963,New Knoxville Local,b3,2025,405.979257
2026,045971,Waynesfield-Goshen Local,a,,421.217399
2026,045971,Waynesfield-Goshen Local,b1,2023,442.085466
2026,045971,Waynesfield-Goshen Local,b2,2024,429.843358
2026,045971,Waynesfield-Goshen Local,b3,2025,421.217399
2026,045997,St Clairsville-Richland City,a,,1511.924601
2026,045997,St Clairsville-Richland City,b1,2023,1543.84767
2026,045997,St Clairsville-Richland City,b2,2024,1570.155167
2026,045997,St Clairsville-Richland City,b3,2025,1511.924601
2026,046003,Shadyside Local,a,,635.586561
2026,046003,Shadyside Local,b1,2023,679.553821
2026,046003,Shadyside Local,b2,2024,651.694692
2026,046003,Shadyside Local,b3,2025,635.586561
2026,046011,Union Local,a,,1188.090001
2026,046011,Union Local,b1,2023,1352.489004
2026,046011,Union Local,b2,2024,1258.414219
2026,046011,Union Local,b3,2025,1188.090001
2026,046037,Eastern Local School District,a,,1088.376662
2026,046037,Eastern Local School District,b1,2023,1133.724696
2026,046037,Eastern Local School District,b2,2024,1056.425968
2026,046037,Eastern Local School District,b3,2025,1088.376662
2026,046045,Fayetteville-Perry Local,a,,704.936015
2026,046045,Fayetteville-Perry Local,b1,2023,748.484604
2026,046045,Fayetteville-Perry Local,b2,2024,731.829907
2026,046045,Fayetteville-Perry Local,b3,2025,704.936015
2026,046060,Western Brown Local,a,,2590.006734
2026,046060,Western Brown Local,b1,2023,2721.70794
2026,046060,Western Brown Local,b2,2024,2723.790137
2026,046060,Western Brown Local,b3,2025,2590.006734
2026,046078,Ripley-Union-Lewis-Huntington Local,a,,694.24796
2026,046078,Ripley-Union-Lewis-Huntington Local,b1,2023,693.812603
2026,046078,Ripley-Union-Lewis-Huntington Local,b2,2024,712.521328
2026,046078,Ripley-Union-Lewis-Huntington Local,b3,2025,694.24796
2026,046094,Edgewood City,a,,3058.984314
2026,046094,Edgewood City,b1,2023,3408.67802
2026,046094,Edgewood City,b2,2024,3238.141946
2026,046094,Edgewood City,b3,2025,3058.984314
2026,046102,Fairfield City,a,,8492.882611
2026,046102,Fairfield City,b1,2023,8824.412529
2026,046102,Fairfield City,b2,2024,8686.215239
2026,046102,Fairfield City,b3,2025,8492.882611
2026,046110,Lakota Local,a,,16736.112331
2026,046110,Lakota Local,b1,2023,16517.91817
2026,046110,Lakota Local,b2,2024,16898.779721
2026,046110,Lakota Local,b3,2025,16736.112331
2026,046128,Madison Local,a,,1404.552369
2026,046128,Madison Local,b1,2023,1411.694285
2026,046128,Madison Local,b2,2024,1402.025668
2026,046128,Madison Local,b3,2025,1404.552369
2026,046136,New Miami Local,a,,551.875969
2026,046136,New Miami Local,b1,2023,568.314933
2026,046136,New Miami Local,b2,2024,531.571634
2026,046136,New Miami Local,b3,2025,551.875969
2026,046144,Ross Local,a,,2239.283217
2026,046144,Ross Local,b1,2023,2541.499819
2026,046144,Ross Local,b2,2024,2312.616368
2026,046144,Ross Local,b3,2025,2239.283217
2026,046151,Talawanda City,a,,2712.009292
2026,046151,Talawanda City,b1,2023,2792.252934
2026,046151,Talawanda City,b2,2024,2738.868051
2026,046151,Talawanda City,b3,2025,2712.009292
2026,046177,Brown Local,a,,569.13642
2026,046177,Brown Local,b1,2023,626.178374
2026,046177,Brown Local,b2,2024,577.515401
2026,046177,Brown Local,b3,2025,569.13642
2026,046193,Graham Local,a,,1371.312205
2026,046193,Graham Local,b1,2023,1490.363734
2026,046193,Graham Local,b2,2024,1454.744504
2026,046193,Graham Local,b3,2025,1371.312205
2026,046201,Triad Local,a,,736.918073
2026,046201,Triad Local,b1,2023,782.921696
2026,046201,Triad Local,b2,2024,743.613114
2026,046201,Triad Local,b3,2025,736.918073
2026,046219,West Liberty-Salem Local,a,,1122.225582
2026,046219,West Liberty-Salem Local,b1,2023,1155.579935
2026,046219,West Liberty-Salem Local,b2,2024,1138.877286
2026,046219,West Liberty-Salem Local,b3,2025,1122.225582
2026,046235,Greenon Local,a,,1537.165335
2026,046235,Greenon Local,b1,2023,1571.558793
2026,046235,Greenon Local,b2,2024,1564.091527
2026,046235,Greenon Local,b3,2025,1537.165335
2026,046243,Tecumseh Local,a,,2577.185458
2026,046243,Tecumseh Local,b1,2023,2714.24354
2026,046243,Tecumseh Local,b2,2024,2586.126788
2026,046243,Tecumseh Local,b3,2025,2577.185458
2026,046250,Northeastern Local,a,,2851.962882
2026,046250,Northeastern Local,b1,2023,2930.016831
2026,046250,Northeastern Local,b2,2024,2853.818762
2026,046250,Northeastern Local,b3,2025,2851.962882
2026,046268,Northwestern Local,a,,1481.334584
2026,046268,Northwestern Local,b1,2023,1488.725159
2026,046268,Northwestern Local,b2,2024,1498.756053
2026,046268,Northwestern Local,b3,2025,1481.334584
2026,046276,Southeastern Local,a,,664.573628
2026,046276,Southeastern Local,b1,2023,665.107266
2026,046276,Southeastern Local,b2,2024,671.959751
2026,046276,Southeastern Local,b3,2025,664.573628
2026,046284,Clark-Shawnee Local,a,,1572.135025
2026,046284,Clark-Shawnee Local,b1,2023,1658.72502
2026,046284,Clark-Shawnee Local,b2,2024,1651.488329
2026,046284,Clark-Shawnee Local,b3,2025,1572.135025
2026,046300,Batavia Local,a,,2347.823967
2026,046300,Batavia Local,b1,2023,2243.213671
2026,046300,Batavia Local,b2,2024,2288.531371
2026,046300,Batavia Local,b3,2025,2347.823967
2026,046318,Bethel-Tate Local,a,,1252.329407
2026,046318,Bethel-Tate Local,b1,2023,1416.683332
2026,046318,Bethel-Tate Local,b2,2024,1317.383908
2026,046318,Bethel-Tate Local,b3,2025,1252.329407
2026,046326,Clermont Northeastern Local,a,,1189.582786
2026,046326,Clermont Northeastern Local,b1,2023,1362.116605
2026,046326,Clermont Northeastern Local,b2,2024,1264.071433
2026,046326,Clermont Northeastern Local,b3,2025,1189.582786
2026,046334,Felicity-Franklin Local,a,,637.642358
2026,046334,Felicity-Franklin Local,b1,2023,711.614366
2026,046334,Felicity-Franklin Local,b2,2024,646.365633
2026,046334,Felicity-Franklin Local,b3,2025,637.642358
2026,046342,Goshen Local,a,,2526.289167
2026,046342,Goshen Local,b1,2023,2700.721378
2026,046342,Goshen Local,b2,2024,2616.424637
2026,046342,Goshen Local,b3,2025,2526.289167
2026,046359,West Clermont Local,a,,7300.571567
2026,046359,West Clermont Local,b1,2023,7611.629183
2026,046359,West Clermont Local,b2,2024,7475.149458
2026,046359,West Clermont Local,b3,2025,7300.571567
2026,046367,Williamsburg Local,a,,889.079138
2026,046367,Williamsburg Local,b1,2023,956.276696
2026,046367,Williamsburg Local,b2,2024,930.268267
2026,046367,Williamsburg Local,b3,2025,889.079138
2026,046383,Blanchester Local,a,,1068.60453
2026,046383,Blanchester Local,b1,2023,1243.487535
2026,046383,Blanchester Local,b2,2024,1071.220556
2026,046383,Blanchester Local,b3,2025,1068.60453
2026,046391,Clinton-Massie Local,a,,1499.599015
2026,046391,Clinton-Massie Local,b1,2023,1676.738248
2026,046391,Clinton-Massie Local,b2,2024,1618.358732
2026,046391,Clinton-Massie Local,b3,2025,1499.599015
2026,046409,East Clinton Local,a,,1071.647985
2026,046409,East Clinton Local,b1,2023,1174.672963
2026,046409,East Clinton Local,b2,2024,1081.316293
2026,046409,East Clinton Local,b3,2025,1071.647985
2026,046425,Beaver Local,a,,1683.454086
2026,046425,Beaver Local,b1,2023,1663.251084
2026,046425,Beaver Local,b2,2024,1679.995222
2026,046425,Beaver Local,b3,2025,1683.454086
2026,046433,Crestview Local,a,,1111.159146
2026,046433,Crestview Local,b1,2023,1155.714039
2026,046433,Crestview Local,b2,2024,1118.121065
2026,046433,Crestview Local,b3,2025,1111.159146
2026,046441,Southern Local,a,,731.516427
2026,046441,Southern Local,b1,2023,785.520452
2026,046441,Southern Local,b2,2024,756.89986
2026,046441,Southern Local,b3,2025,731.516427
2026,046458,United Local,a,,955.898771
2026,046458,United Local,b1,2023,1097.620701
2026,046458,United Local,b2,2024,990.40077
2026,046458,United Local,b3,2025,955.898771
2026,046474,Ridgewood Local,a,,1161.478879
2026,046474,Ridgewood Local,b1,2023,1197.981153
2026,046474,Ridgewood Local,b2,2024,1170.223818
2026,046474,Ridgewood Local,b3,2025,1161.478879
2026,046482,River View Local,a,,1439.884089
2026,046482,River View Local,b1,2023,1620.120293
2026,046482,River View Local,b2,2024,1504.910664
2026,046482,River View Local,b3,2025,1439.884089
2026,046508,Buckeye Central Local,a,,582.964508
2026,046508,Buckeye Central Local,b1,2023,591.07078
2026,046508,Buckeye Central Local,b2,2024,590.73434
2026,046508,Buckeye Central Local,b3,2025,582.964508
2026,046516,Colonel Crawford Local,a,,880.47045
2026,046516,Colonel Crawford Local,b1,2023,902.751313
2026,046516,Colonel Crawford Local,b2,2024,869.137173
2026,046516,Colonel Crawford Local,b3,2025,880.47045
2026,046524,Wynford Local,a,,940.093068
2026,046524,Wynford Local,b1,2023,1038.770636
2026,046524,Wynford Local,b2,2024,992.139545
2026,046524,Wynford Local,b3,2025,940.093068
2026,046557,Cuyahoga Heights Local,a,,710.057964
2026,046557,Cuyahoga Heights Local,b1,2023,775.33685
2026,046557,Cuyahoga Heights Local,b2,2024,732.165173
2026,046557,Cuyahoga Heights Local,b3,2025,710.057964
2026,046565,Independence Local,a,,956.257694
2026,046565,Independence Local,b1,2023,1015.895832
2026,046565,Independence Local,b2,2024,962.353745
2026,046565,Independence Local,b3,2025,956.257694
2026,046573,Olmsted Falls City,a,,3175.883294
2026,046573,Olmsted Falls City,b1,2023,3332.641078
2026,046573,Olmsted Falls City,b2,2024,3235.441792
2026,046573,Olmsted Falls City,b3,2025,3175.883294
2026,046581,Orange City,a,,1970.060864
2026,046581,Orange City,b1,2023,1921.495948
2026,046581,Orange City,b2,2024,1959.369751
2026,046581,Orange City,b3,2025,1970.060864
2026,046599,Richmond Heights Local,a,,751.408653
2026,046599,Richmond Heights Local,b1,2023,741.22117
2026,046599,Richmond Heights Local,b2,2024,790.167356
2026,046599,Richmond Heights Local,b3,2025,751.408653
2026,046607,Solon City,a,,4392.143176
2026,046607,Solon City,b1,2023,4378.947328
2026,046607,Solon City,b2,2024,4405.943644
2026,046607,Solon City,b3,2025,4392.143176
2026,046623,Ansonia Local,a,,692.1837
2026,046623,Ansonia Local,b1,2023,699.10942
2026,046623,Ansonia Local,b2,2024,690.576836
2026,046623,Ansonia Local,b3,2025,692.1837
2026,046631,Arcanum-Butler Local,a,,1040.308549
2026,046631,Arcanum-Butler Local,b1,2023,1022.104826
2026,046631,Arcanum-Butler Local,b2,2024,1049.469268
2026,046631,Arcanum-Butler Local,b3,2025,1040.308549
2026,046649,Franklin Monroe Local,a,,478.884874
2026,046649,Franklin Monroe Local,b1,2023,504.216933
2026,046649,Franklin Monroe Local,b2,2024,477.61258
2026,046649,Franklin Monroe Local,b3,2025,478.884874
2026,046672,Mississinawa Valley Local,a,,540.568435
2026,046672,Mississinawa Valley Local,b1,2023,598.7619
2026,046672,Mississinawa Valley Local,b2,2024,549.331644
2026,046672,Mississinawa Valley Local,b3,2025,540.568435
2026,046680,Tri-Village Local,a,,739.698063
2026,046680,Tri-Village Local,b1,2023,771.509148
2026,046680,Tri-Village Local,b2,2024,726.775462
2026,046680,Tri-Village Local,b3,2025,739.698063
2026,046706,Ayersville Local,a,,634.022636
2026,046706,Ayersville Local,b1,2023,721.893671
2026,046706,Ayersville Local,b2,2024,662.170022
2026,046706,Ayersville Local,b3,2025,634.022636
2026,046714,Central Local,a,,874.331601
2026,046714,Central Local,b1,2023,932.297274
2026,046714,Central Local,b2,2024,909.486734
2026,046714,Central Local,b3,2025,874.331601
2026,046722,Northeastern Local,a,,924.826224
2026,046722,Northeastern Local,b1,2023,1014.709125
2026,046722,Northeastern Local,b2,2024,950.574946
2026,046722,Northeastern Local,b3,2025,924.826224
2026,046748,Big Walnut Local,a,,3884.391411
2026,046748,Big Walnut Local,b1,2023,3768.317814
2026,046748,Big Walnut Local,b2,2024,3884.653819
2026,046748,Big Walnut Local,b3,2025,3884.391411
2026,046755,Buckeye Valley Local,a,,2164.735146
2026,046755,Buckeye Valley Local,b1,2023,2044.277223
2026,046755,Buckeye Valley Local,b2,2024,2157.022362
2026,046755,Buckeye Valley Local,b3,2025,2164.735146
2026,046763,Olentangy Local,a,,22581.937305
2026,046763,Olentangy Local,b1,2023,21332.822621
2026,046763,Olentangy Local,b2,2024,22324.952579
2026,046763,Olentangy Local,b3,2025,22581.937305
2026,046789,Edison Local (formerly Berlin-Milan),a,,1284.772289
2026,046789,Edison Local (formerly Berlin-Milan),b1,2023,1301.383298
2026,046789,Edison Local (formerly Berlin-Milan),b2,2024,1334.389832
2026,046789,Edison Local (formerly Berlin-Milan),b3,2025,1284.772289
2026,046797,Kelleys Island Local,a,,5
2026,046797,Kelleys Island Local,b1,2023,8.451866
2026,046797,Kelleys Island Local,b2,2024,7.2
2026,046797,Kelleys Island Local,b3,2025,5
2026,046805,Margaretta Local,a,,930.435532
2026,046805,Margaretta Local,b1,2023,975.487155
2026,046805,Margaretta Local,b2,2024,958.227102
2026,046805,Margaretta Local,b3,2025,930.435532
2026,046813,Perkins Local,a,,1730.063989
2026,046813,Perkins Local,b1,2023,1781.889789
2026,046813,Perkins Local,b2,2024,1759.293769
2026,046813,Perkins Local,b3,2025,1730.063989
2026,046821,Vermilion Local,a,,1515.065688
2026,046821,Vermilion Local,b1,2023,1640.081744
2026,046821,Vermilion Local,b2,2024,1581.212293
2026,046821,Vermilion Local,b3,2025,1515.065688
2026,046847,Amanda-Clearcreek Local,a,,1423.947116
2026,046847,Amanda-Clearcreek Local,b1,2023,1411.058983
2026,046847,Amanda-Clearcreek Local,b2,2024,1453.26469
2026,046847,Amanda-Clearcreek Local,b3,2025,1423.947116
2026,046854,Berne Union Local,a,,773.950112
2026,046854,Berne Union Local,b1,2023,782.295424
2026,046854,Berne Union Local,b2,2024,788.950479
2026,046854,Berne Union Local,b3,2025,773.950112
2026,046862,Bloom-Carroll Local,a,,2287.074781
2026,046862,Bloom-Carroll Local,b1,2023,2210.343246
2026,046862,Bloom-Carroll Local,b2,2024,2262.064498
2026,046862,Bloom-Carroll Local,b3,2025,2287.074781
2026,046870,Fairfield Union Local,a,,1873.000105
2026,046870,Fairfield Union Local,b1,2023,1884.033454
2026,046870,Fairfield Union Local,b2,2024,1915.090142
2026,046870,Fairfield Union Local,b3,2025,1873.000105
2026,046888,Liberty Union-Thurston Local,a,,1146.429078
2026,046888,Liberty Union-Thurston Local,b1,2023,1200.442045
2026,046888,Liberty Union-Thurston Local,b2,2024,1171.162156
2026,046888,Liberty Union-Thurston Local,b3,2025,1146.429078
2026,046896,Pickerington Local,a,,11185.598479
2026,046896,Pickerington Local,b1,2023,10503.710336
2026,046896,Pickerington Local,b2,2024,10989.989315
2026,046896,Pickerington Local,b3,2025,11185.598479
2026,046904,Walnut Township Local,a,,475.74846
2026,046904,Walnut Township Local,b1,2023,478.20132
2026,046904,Walnut Township Local,b2,2024,475.011377
2026,046904,Walnut Township Local,b3,2025,475.74846
2026,046920,Miami Trace Local,a,,2330.154159
2026,046920,Miami Trace Local,b1,2023,2429.370431
2026,046920,Miami Trace Local,b2,2024,2344.965908
2026,046920,Miami Trace Local,b3,2025,2330.154159
2026,046946,Canal Winchester Local,a,,3634.13684
2026,046946,Canal Winchester Local,b1,2023,3640.085869
2026,046946,Canal Winchester Local,b2,2024,3556.934705
2026,046946,Canal Winchester Local,b3,2025,3634.13684
2026,046953,Hamilton Local,a,,3063.519537
2026,046953,Hamilton Local,b1,2023,2790.69388
2026,046953,Hamilton Local,b2,2024,2950.039359
2026,046953,Hamilton Local,b3,2025,3063.519537
2026,046961,Gahanna-Jefferson City,a,,7985.965616
2026,046961,Gahanna-Jefferson City,b1,2023,7691.116836
2026,046961,Gahanna-Jefferson City,b2,2024,7868.299337
2026,046961,Gahanna-Jefferson City,b3,2025,7985.965616
2026,046979,Groveport Madison Local,a,,6224.781953
2026,046979,Groveport Madison Local,b1,2023,5877.402178
2026,046979,Groveport Madison Local,b2,2024,6122.047696
2026,046979,Groveport Madison Local,b3,2025,6224.781953
2026,046995,New Albany-Plain Local,a,,4676.070347
2026,046995,New Albany-Plain Local,b1,2023,4750.238206
2026,046995,New Albany-Plain Local,b2,2024,4630.669386
2026,046995,New Albany-Plain Local,b3,2025,4676.070347
2026,047001,Reynoldsburg City,a,,7056.338653
2026,047001,Reynoldsburg City,b1,2023,7070.511497
2026,047001,Reynoldsburg City,b2,2024,7193.241022
2026,047001,Reynoldsburg City,b3,2025,7056.338653
2026,047019,Hilliard City,a,,15618.499325
2026,047019,Hilliard City,b1,2023,15543.788721
2026,047019,Hilliard City,b2,2024,15612.71823
2026,047019,Hilliard City,b3,2025,15618.499325
2026,047027,Dublin City,a,,15950.018951
2026,047027,Dublin City,b1,2023,15556.950921
2026,047027,Dublin City,b2,2024,15806.208261
2026,047027,Dublin City,b3,2025,15950.018951
2026,047043,Archbold-Area Local,a,,1114.282552
2026,047043,Archbold-Area Local,b1,2023,1166.159794
2026,047043,Archbold-Area Local,b2,2024,1134.938366
2026,047043,Archbold-Area Local,b3,2025,1114.282552
2026,047050,Evergreen Local,a,,1060.346696
2026,047050,Evergreen Local,b1,2023,1088.884987
2026,047050,Evergreen Local,b2,2024,1091.501626
2026,047050,Evergreen Local,b3,2025,1060.346696
2026,047068,Fayette Local,a,,292.062611
2026,047068,Fayette Local,b1,2023,319.396059
2026,047068,Fayette Local,b2,2024,308.207329
2026,047068,Fayette Local,b3,2025,292.062611
2026,047076,Pettisville Local,a,,468.444563
2026,047076,Pettisville Local,b1,2023,478.230717
2026,047076,Pettisville Local,b2,2024,478.860847
2026,047076,Pettisville Local,b3,2025,468.444563
2026,047084,Pike-Delta-York Local,a,,1068.807585
2026,047084,Pike-Delta-York Local,b1,2023,1144.644874
2026,047084,Pike-Delta-York Local,b2,2024,1112.774557
2026,047084,Pike-Delta-York Local,b3,2025,1068.807585
2026,047092,Swanton Local,a,,1087.579646
2026,047092,Swanton Local,b1,2023,1138.415632
2026,047092,Swanton Local,b2,2024,1129.002941
2026,047092,Swanton Local,b3,2025,1087.579646
2026,047167,Berkshire Local,a,,1274.677418
2026,047167,Berkshire Local,b1,2023,1316.516639
2026,047167,Berkshire Local,b2,2024,1295.622303
2026,047167,Berkshire Local,b3,2025,1274.677418
2026,047175,Cardinal Local,a,,684.145936
2026,047175,Cardinal Local,b1,2023,790.283803
2026,047175,Cardinal Local,b2,2024,726.556297
2026,047175,Cardinal Local,b3,2025,684.145936
2026,047183,Chardon Local,a,,2307.180054
2026,047183,Chardon Local,b1,2023,2575.411438
2026,047183,Chardon Local,b2,2024,2418.564825
2026,047183,Chardon Local,b3,2025,2307.180054
2026,047191,Kenston Local,a,,2354.221995
2026,047191,Kenston Local,b1,2023,2446.976298
2026,047191,Kenston Local,b2,2024,2405.442023
2026,047191,Kenston Local,b3,2025,2354.221995
2026,047225,West Geauga Local,a,,1952.089126
2026,047225,West Geauga Local,b1,2023,2111.381967
2026,047225,West Geauga Local,b2,2024,2053.067775
2026,047225,West Geauga Local,b3,2025,1952.089126
2026,047241,Beavercreek City,a,,7574.159068
2026,047241,Beavercreek City,b1,2023,7573.86088
2026,047241,Beavercreek City,b2,2024,7527.1837
2026,047241,Beavercreek City,b3,2025,7574.159068
2026,047258,Cedar Cliff Local,a,,554.428932
2026,047258,Cedar Cliff Local,b1,2023,553.272527
2026,047258,Cedar Cliff Local,b2,2024,552.083165
2026,047258,Cedar Cliff Local,b3,2025,554.428932
2026,047266,Greeneview Local,a,,1259.847097
2026,047266,Greeneview Local,b1,2023,1268.199096
2026,047266,Greeneview Local,b2,2024,1256.016564
2026,047266,Greeneview Local,b3,2025,1259.847097
2026,047274,Bellbrook-Sugarcreek Local,a,,2577.948169
2026,047274,Bellbrook-Sugarcreek Local,b1,2023,2500.13745
2026,047274,Bellbrook-Sugarcreek Local,b2,2024,2559.061811
2026,047274,Bellbrook-Sugarcreek Local,b3,2025,2577.948169
2026,047308,Rolling Hills Local,a,,1435.856098
2026,047308,Rolling Hills Local,b1,2023,1495.611425
2026,047308,Rolling Hills Local,b2,2024,1448.850182
2026,047308,Rolling Hills Local,b3,2025,1435.856098
2026,047332,Finneytown Local,a,,1151.487556
2026,047332,Finneytown Local,b1,2023,1174.861158
2026,047332,Finneytown Local,b2,2024,1167.557141
2026,047332,Finneytown Local,b3,2025,1151.487556
2026,047340,Forest Hills Local,a,,6370.056346
2026,047340,Forest Hills Local,b1,2023,6796.752526
2026,047340,Forest Hills Local,b2,2024,6482.903954
2026,047340,Forest Hills Local,b3,2025,6370.056346
2026,047365,Northwest Local,a,,7487.304186
2026,047365,Northwest Local,b1,2023,7938.923969
2026,047365,Northwest Local,b2,2024,7740.158001
2026,047365,Northwest Local,b3,2025,7487.304186
2026,047373,Oak Hills Local,a,,6962.87166
2026,047373,Oak Hills Local,b1,2023,7151.888777
2026,047373,Oak Hills Local,b2,2024,7088.144903
2026,047373,Oak Hills Local,b3,2025,6962.87166
2026,047381,Southwest Local,a,,4100.748168
2026,047381,Southwest Local,b1,2023,4062.229411
2026,047381,Southwest Local,b2,2024,4149.990077
2026,047381,Southwest Local,b3,2025,4100.748168
2026,047399,Three Rivers Local,a,,1804.214713
2026,047399,Three Rivers Local,b1,2023,1978.424066
2026,047399,Three Rivers Local,b2,2024,1833.328418
2026,047399,Three Rivers Local,b3,2025,1804.214713
2026,047415,Arcadia Local,a,,555.029922
2026,047415,Arcadia Local,b1,2023,547.101846
2026,047415,Arcadia Local,b2,2024,581.503342
2026,047415,Arcadia Local,b3,2025,555.029922
2026,047423,Arlington Local,a,,605.464849
2026,047423,Arlington Local,b1,2023,557.920547
2026,047423,Arlington Local,b2,2024,598.709332
2026,047423,Arlington Local,b3,2025,605.464849
2026,047431,Cory-Rawson Local,a,,504.333121
2026,047431,Cory-Rawson Local,b1,2023,504.683614
2026,047431,Cory-Rawson Local,b2,2024,494.230477
2026,047431,Cory-Rawson Local,b3,2025,504.333121
2026,047449,Liberty-Benton Local,a,,1547.528468
2026,047449,Liberty-Benton Local,b1,2023,1517.187515
2026,047449,Liberty-Benton Local,b2,2024,1533.375907
2026,047449,Liberty-Benton Local,b3,2025,1547.528468
2026,047456,McComb Local,a,,594.585586
2026,047456,McComb Local,b1,2023,614.157906
2026,047456,McComb Local,b2,2024,601.079249
2026,047456,McComb Local,b3,2025,594.585586
2026,047464,Van Buren Local,a,,1023.024571
2026,047464,Van Buren Local,b1,2023,1026.917606
2026,047464,Van Buren Local,b2,2024,1034.178908
2026,047464,Van Buren Local,b3,2025,1023.024571
2026,047472,Vanlue Local,a,,129.74375
2026,047472,Vanlue Local,b1,2023,149.167095
2026,047472,Vanlue Local,b2,2024,149.883269
2026,047472,Vanlue Local,b3,2025,129.74375
2026,047498,Hardin Northern Local,a,,382.697204
2026,047498,Hardin Northern Local,b1,2023,378.619819
2026,047498,Hardin Northern Local,b2,2024,374.996332
2026,047498,Hardin Northern Local,b3,2025,382.697204
2026,047506,Ridgemont Local,a,,460.096818
2026,047506,Ridgemont Local,b1,2023,497.191587
2026,047506,Ridgemont Local,b2,2024,457.022962
2026,047506,Ridgemont Local,b3,2025,460.096818
2026,047514,Riverdale Local,a,,901.381007
2026,047514,Riverdale Local,b1,2023,1002.971318
2026,047514,Riverdale Local,b2,2024,945.073059
2026,047514,Riverdale Local,b3,2025,901.381007
2026,047522,Upper Scioto Valley Local,a,,411.09686
2026,047522,Upper Scioto Valley Local,b1,2023,402.163114
2026,047522,Upper Scioto Valley Local,b2,2024,402.49385
2026,047522,Upper Scioto Valley Local,b3,2025,411.09686
2026,047548,Conotton Valley Union Local,a,,464.801012
2026,047548,Conotton Valley Union Local,b1,2023,440.77656
2026,047548,Conotton Valley Union Local,b2,2024,454.143382
2026,047548,Conotton Valley Union Local,b3,2025,464.801012
2026,047571,Holgate Local,a,,386.239178
2026,047571,Holgate Local,b1,2023,419.133824
2026,047571,Holgate Local,b2,2024,394.708784
2026,047571,Holgate Local,b3,2025,386.239178
2026,047589,Liberty Center Local,a,,1012.146911
2026,047589,Liberty Center Local,b1,2023,993.415299
2026,047589,Liberty Center Local,b2,2024,1000.998483
2026,047589,Liberty Center Local,b3,2025,1012.146911
2026,047597,Patrick Henry Local,a,,848.332428
2026,047597,Patrick Henry Local,b1,2023,828.615098
2026,047597,Patrick Henry Local,b2,2024,828.85631
2026,047597,Patrick Henry Local,b3,2025,848.332428
2026,047613,Bright Local,a,,655.085639
2026,047613,Bright Local,b1,2023,663.545586
2026,047613,Bright Local,b2,2024,651.581418
2026,047613,Bright Local,b3,2025,655.085639
2026,047621,Fairfield Local,a,,816.851877
2026,047621,Fairfield Local,b1,2023,880.130258
2026,047621,Fairfield Local,b2,2024,852.955322
2026,047621,Fairfield Local,b3,2025,816.851877
2026,047639,Lynchburg-Clay Local,a,,966.812396
2026,047639,Lynchburg-Clay Local,b1,2023,1039.369803
2026,047639,Lynchburg-Clay Local,b2,2024,998.115736
2026,047639,Lynchburg-Clay Local,b3,2025,966.812396
2026,047688,East Holmes Local,a,,1459.766012
2026,047688,East Holmes Local,b1,2023,1478.989847
2026,047688,East Holmes Local,b2,2024,1478.447515
2026,047688,East Holmes Local,b3,2025,1459.766012
2026,047696,West Holmes Local,a,,1650.547071
2026,047696,West Holmes Local,b1,2023,1838.538351
2026,047696,West Holmes Local,b2,2024,1747.112978
2026,047696,West Holmes Local,b3,2025,1650.547071
2026,047712,Monroeville Local,a,,499.207076
2026,047712,Monroeville Local,b1,2023,527.151504
2026,047712,Monroeville Local,b2,2024,521.95687
2026,047712,Monroeville Local,b3,2025,499.207076
2026,047720,New London Local,a,,818.511951
2026,047720,New London Local,b1,2023,803.293696
2026,047720,New London Local,b2,2024,804.312241
2026,047720,New London Local,b3,2025,818.511951
2026,047738,South Central Local,a,,690.858579
2026,047738,South Central Local,b1,2023,700.988584
2026,047738,South Central Local,b2,2024,699.883256
2026,047738,South Central Local,b3,2025,690.858579
2026,047746,Western Reserve Local,a,,865.220335
2026,047746,Western Reserve Local,b1,2023,934.913682
2026,047746,Western Reserve Local,b2,2024,926.772858
2026,047746,Western Reserve Local,b3,2025,865.220335
2026,047761,Oak Hill Union Local,a,,1014.578697
2026,047761,Oak Hill Union Local,b1,2023,1078.344376
2026,047761,Oak Hill Union Local,b2,2024,1069.387347
2026,047761,Oak Hill Union Local,b3,2025,1014.578697
2026,047787,Buckeye Local,a,,1245.275354
2026,047787,Buckeye Local,b1,2023,1298.623574
2026,047787,Buckeye Local,b2,2024,1248.712822
2026,047787,Buckeye Local,b3,2025,1245.275354
2026,047795,Edison Local,a,,1242.811153
2026,047795,Edison Local,b1,2023,1318.824935
2026,047795,Edison Local,b2,2024,1272.924571
2026,047795,Edison Local,b3,2025,1242.811153
2026,047803,Indian Creek Local,a,,1743.261829
2026,047803,Indian Creek Local,b1,2023,1817.690077
2026,047803,Indian Creek Local,b2,2024,1784.047546
2026,047803,Indian Creek Local,b3,2025,1743.261829
2026,047829,Centerburg Local,a,,992.79829
2026,047829,Centerburg Local,b1,2023,1061.786648
2026,047829,Centerburg Local,b2,2024,1021.702004
2026,047829,Centerburg Local,b3,2025,992.79829
2026,047837,Danville Local,a,,539.78169
2026,047837,Danville Local,b1,2023,564.332793
2026,047837,Danville Local,b2,2024,558.883492
2026,047837,Danville Local,b3,2025,539.78169
2026,047845,East Knox Local,a,,893.319349
2026,047845,East Knox Local,b1,2023,898.553266
2026,047845,East Knox Local,b2,2024,914.199606
2026,047845,East Knox Local,b3,2025,893.319349
2026,047852,Fredericktown Local,a,,1116.524345
2026,047852,Fredericktown Local,b1,2023,1160.419895
2026,047852,Fredericktown Local,b2,2024,1165.850159
2026,047852,Fredericktown Local,b3,2025,1116.524345
2026,047878,Kirtland Local,a,,1015.401578
2026,047878,Kirtland Local,b1,2023,1118.588809
2026,047878,Kirtland Local,b2,2024,1069.680066
2026,047878,Kirtland Local,b3,2025,1015.401578
2026,047886,Madison Local,a,,2430.356917
2026,047886,Madison Local,b1,2023,2580.633812
2026,047886,Madison Local,b2,2024,2491.866722
2026,047886,Madison Local,b3,2025,2430.356917
2026,047894,Riverside Local,a,,3899.653913
2026,047894,Riverside Local,b1,2023,4126.450883
2026,047894,Riverside Local,b2,2024,3971.091449
2026,047894,Riverside Local,b3,2025,3899.653913
2026,047902,Perry Local,a,,1417.173261
2026,047902,Perry Local,b1,2023,1453.200666
2026,047902,Perry Local,b2,2024,1404.294468
2026,047902,Perry Local,b3,2025,1417.173261
2026,047928,Dawson-Bryant Local,a,,1043.894503
2026,047928,Dawson-Bryant Local,b1,2023,1117.320508
2026,047928,Dawson-Bryant Local,b2,2024,1101.072392
2026,047928,Dawson-Bryant Local,b3,2025,1043.894503
2026,047936,Fairland Local,a,,1243.894712
2026,047936,Fairland Local,b1,2023,1455.125578
2026,047936,Fairland Local,b2,2024,1310.646138
2026,047936,Fairland Local,b3,2025,1243.894712
2026,047944,Rock Hill Local,a,,1192.543653
2026,047944,Rock Hill Local,b1,2023,1202.956009
2026,047944,Rock Hill Local,b2,2024,1178.843988
2026,047944,Rock Hill Local,b3,2025,1192.543653
2026,047951,South Point Local,a,,1264.872496
2026,047951,South Point Local,b1,2023,1334.978157
2026,047951,South Point Local,b2,2024,1296.27864
2026,047951,South Point Local,b3,2025,1264.872496
2026,047969,Symmes Valley Local,a,,671.063777
2026,047969,Symmes Valley Local,b1,2023,703.853048
2026,047969,Symmes Valley Local,b2,2024,685.31081
2026,047969,Symmes Valley Local,b3,2025,671.063777
2026,047985,Johnstown-Monroe Local,a,,1602.770396
2026,047985,Johnstown-Monroe Local,b1,2023,1665.318356
2026,047985,Johnstown-Monroe Local,b2,2024,1633.337625
2026,047985,Johnstown-Monroe Local,b3,2025,1602.770396
2026,047993,Lakewood Local,a,,1567.645039
2026,047993,Lakewood Local,b1,2023,1590.892491
2026,047993,Lakewood Local,b2,2024,1583.387665
2026,047993,Lakewood Local,b3,2025,1567.645039
2026,048009,Licking Heights Local,a,,5019.680586
2026,048009,Licking Heights Local,b1,2023,4709.376607
2026,048009,Licking Heights Local,b2,2024,4980.3168
2026,048009,Licking Heights Local,b3,2025,5019.680586
2026,048017,Licking Valley Local,a,,2015.075477
2026,048017,Licking Valley Local,b1,2023,2024.690453
2026,048017,Licking Valley Local,b2,2024,2032.326127
2026,048017,Licking Valley Local,b3,2025,2015.075477
2026,048025,North Fork Local,a,,1455.373545
2026,048025,North Fork Local,b1,2023,1521.510558
2026,048025,North Fork Local,b2,2024,1466.293566
2026,048025,North Fork Local,b3,2025,1455.373545
2026,048033,Northridge Local,a,,1105.894419
2026,048033,Northridge Local,b1,2023,1073.130046
2026,048033,Northridge Local,b2,2024,1109.155828
2026,048033,Northridge Local,b3,2025,1105.894419
2026,048041,Southwest Licking Local,a,,4739.2704
2026,048041,Southwest Licking Local,b1,2023,4478.218518
2026,048041,Southwest Licking Local,b2,2024,4659.79302
2026,048041,Southwest Licking Local,b3,2025,4739.2704
2026,048074,Benjamin Logan Local,a,,1554.973043
2026,048074,Benjamin Logan Local,b1,2023,1623.317537
2026,048074,Benjamin Logan Local,b2,2024,1603.767052
2026,048074,Benjamin Logan Local,b3,2025,1554.973043
2026,048082,Indian Lake Local,a,,1291.867973
2026,048082,Indian Lake Local,b1,2023,1383.020246
2026,048082,Indian Lake Local,b2,2024,1348.892362
2026,048082,Indian Lake Local,b3,2025,1291.867973
2026,048090,Riverside Local,a,,503.768918
2026,048090,Riverside Local,b1,2023,539.183504
2026,048090,Riverside Local,b2,2024,516.010358
2026,048090,Riverside Local,b3,2025,503.768918
2026,048116,Avon Local,a,,3961.064064
2026,048116,Avon Local,b1,2023,4292.241181
2026,048116,Avon Local,b2,2024,4133.790768
2026,048116,Avon Local,b3,2025,3961.064064
2026,048124,Avon Lake City,a,,3213.726722
2026,048124,Avon Lake City,b1,2023,3495.593364
2026,048124,Avon Lake City,b2,2024,3296.337175
2026,048124,Avon Lake City,b3,2025,3213.726722
2026,048132,Clearview Local,a,,1235.995474
2026,048132,Clearview Local,b1,2023,1358.662988
2026,048132,Clearview Local,b2,2024,1261.478355
2026,048132,Clearview Local,b3,2025,1235.995474
2026,048140,Columbia Local,a,,977.710581
2026,048140,Columbia Local,b1,2023,873.439118
2026,048140,Columbia Local,b2,2024,965.782084
2026,048140,Columbia Local,b3,2025,977.710581
2026,048157,Firelands Local,a,,1657.388341
2026,048157,Firelands Local,b1,2023,1670.052224
2026,048157,Firelands Local,b2,2024,1697.415345
2026,048157,Firelands Local,b3,2025,1657.388341
2026,048165,Keystone Local,a,,1389.073713
2026,048165,Keystone Local,b1,2023,1435.727697
2026,048165,Keystone Local,b2,2024,1477.152092
2026,048165,Keystone Local,b3,2025,1389.073713
2026,048173,Midview Local,a,,2479.559675
2026,048173,Midview Local,b1,2023,2789.894305
2026,048173,Midview Local,b2,2024,2502.094281
2026,048173,Midview Local,b3,2025,2479.559675
2026,048207,Anthony Wayne Local,a,,3846.97395
2026,048207,Anthony Wayne Local,b1,2023,4118.265592
2026,048207,Anthony Wayne Local,b2,2024,3932.105491
2026,048207,Anthony Wayne Local,b3,2025,3846.97395
2026,048215,Ottawa Hills Local,a,,1022.295559
2026,048215,Ottawa Hills Local,b1,2023,1040.030459
2026,048215,Ottawa Hills Local,b2,2024,1031.021743
2026,048215,Ottawa Hills Local,b3,2025,1022.295559
2026,048223,Springfield Local,a,,3015.726489
2026,048223,Springfield Local,b1,2023,3346.909422
2026,048223,Springfield Local,b2,2024,3126.948202
2026,048223,Springfield Local,b3,2025,3015.726489
2026,048231,Washington Local,a,,6549.397795
2026,048231,Washington Local,b1,2023,6815.404403
2026,048231,Washington Local,b2,2024,6686.862463
2026,048231,Washington Local,b3,2025,6549.397795
2026,048256,Jefferson Local,a,,945.836233
2026,048256,Jefferson Local,b1,2023,1010.442121
2026,048256,Jefferson Local,b2,2024,930.152013
2026,048256,Jefferson Local,b3,2025,945.836233
2026,048264,Jonathan Alder Local,a,,2209.494227
2026,048264,Jonathan Alder Local,b1,2023,2149.211232
2026,048264,Jonathan Alder Local,b2,2024,2164.411679
2026,048264,Jonathan Alder Local,b3,2025,2209.494227
2026,048272,Madison-Plains Local,a,,1071.898113
2026,048272,Madison-Plains Local,b1,2023,1119.60338
2026,048272,Madison-Plains Local,b2,2024,1081.410422
2026,048272,Madison-Plains Local,b3,2025,1071.898113
2026,048298,Austintown Local Schools,a,,4077.046473
2026,048298,Austintown Local Schools,b1,2023,4071.360349
2026,048298,Austintown Local Schools,b2,2024,4109.715442
2026,048298,Austintown Local Schools,b3,2025,4077.046473
2026,048306,Boardman Local,a,,3526.424287
2026,048306,Boardman Local,b1,2023,3819.757295
2026,048306,Boardman Local,b2,2024,3649.431703
2026,048306,Boardman Local,b3,2025,3526.424287
2026,048314,Canfield Local,a,,2410.278076
2026,048314,Canfield Local,b1,2023,2487.977706
2026,048314,Canfield Local,b2,2024,2441.742906
2026,048314,Canfield Local,b3,2025,2410.278076
2026,048322,Jackson-Milton Local,a,,768.54962
2026,048322,Jackson-Milton Local,b1,2023,762.722399
2026,048322,Jackson-Milton Local,b2,2024,772.015442
2026,048322,Jackson-Milton Local,b3,2025,768.54962
2026,048330,Lowellville Local,a,,453.151054
2026,048330,Lowellville Local,b1,2023,475.556934
2026,048330,Lowellville Local,b2,2024,445.387601
2026,048330,Lowellville Local,b3,2025,453.151054
2026,048348,Poland Local,a,,1666.085191
2026,048348,Poland Local,b1,2023,1695.04176
2026,048348,Poland Local,b2,2024,1695.035921
2026,048348,Poland Local,b3,2025,1666.085191
2026,048355,Sebring Local,a,,364.152527
2026,048355,Sebring Local,b1,2023,364.249565
2026,048355,Sebring Local,b2,2024,374.079368
2026,048355,Sebring Local,b3,2025,364.152527
2026,048363,South Range Local,a,,1228.352433
2026,048363,South Range Local,b1,2023,1204.218505
2026,048363,South Range Local,b2,2024,1219.509592
2026,048363,South Range Local,b3,2025,1228.352433
2026,048371,Springfield Local,a,,864.904393
2026,048371,Springfield Local,b1,2023,900.719812
2026,048371,Springfield Local,b2,2024,889.919101
2026,048371,Springfield Local,b3,2025,864.904393
2026,048389,West Branch Local,a,,1642.644435
2026,048389,West Branch Local,b1,2023,1675.49921
2026,048389,West Branch Local,b2,2024,1660.869256
2026,048389,West Branch Local,b3,2025,1642.644435
2026,048397,Western Reserve Local,a,,544.706325
2026,048397,Western Reserve Local,b1,2023,593.077185
2026,048397,Western Reserve Local,b2,2024,548.049154
2026,048397,Western Reserve Local,b3,2025,544.706325
2026,048413,Elgin Local,a,,1014.962833
2026,048413,Elgin Local,b1,2023,1029.996886
2026,048413,Elgin Local,b2,2024,981.10506
2026,048413,Elgin Local,b3,2025,1014.962833
2026,048421,Pleasant Local,a,,1257.432978
2026,048421,Pleasant Local,b1,2023,1236.552552
2026,048421,Pleasant Local,b2,2024,1246.959379
2026,048421,Pleasant Local,b3,2025,1257.432978
2026,048439,Ridgedale Local,a,,597.798072
2026,048439,Ridgedale Local,b1,2023,595.97351
2026,048439,Ridgedale Local,b2,2024,595.978751
2026,048439,Ridgedale Local,b3,2025,597.798072
2026,048447,River Valley Local,a,,1765.067038
2026,048447,River Valley Local,b1,2023,1849.574655
2026,048447,River Valley Local,b2,2024,1803.775034
2026,048447,River Valley Local,b3,2025,1765.067038
2026,048462,Black River Local,a,,880.943359
2026,048462,Black River Local,b1,2023,965.100553
2026,048462,Black River Local,b2,2024,936.89503
2026,048462,Black River Local,b3,2025,880.943359
2026,048470,Buckeye Local,a,,1927.839107
2026,048470,Buckeye Local,b1,2023,2105.288311
2026,048470,Buckeye Local,b2,2024,2017.410879
2026,048470,Buckeye Local,b3,2025,1927.839107
2026,048488,Cloverleaf Local,a,,2274.39121
2026,048488,Cloverleaf Local,b1,2023,2246.538532
2026,048488,Cloverleaf Local,b2,2024,2211.231051
2026,048488,Cloverleaf Local,b3,2025,2274.39121
2026,048496,Highland Local,a,,3208.938096
2026,048496,Highland Local,b1,2023,3240.24981
2026,048496,Highland Local,b2,2024,3292.049142
2026,048496,Highland Local,b3,2025,3208.938096
2026,048512,Eastern Local,a,,714.944861
2026,048512,Eastern Local,b1,2023,741.955076
2026,048512,Eastern Local,b2,2024,718.381136
2026,048512,Eastern Local,b3,2025,714.944861
2026,048520,Meigs Local,a,,1476.577948
2026,048520,Meigs Local,b1,2023,1529.6128
2026,048520,Meigs Local,b2,2024,1515.185745
2026,048520,Meigs Local,b3,2025,1476.577948
2026,048538,Southern Local,a,,646.044128
2026,048538,Southern Local,b1,2023,661.888941
2026,048538,Southern Local,b2,2024,649.514266
2026,048538,Southern Local,b3,2025,646.044128
2026,048553,Marion Local,a,,979.625607
2026,048553,Marion Local,b1,2023,918.984907
2026,048553,Marion Local,b2,2024,936.935699
2026,048553,Marion Local,b3,2025,979.625607
2026,048579,Parkway Local,a,,925.945594
2026,048579,Parkway Local,b1,2023,933.75886
2026,048579,Parkway Local,b2,2024,939.176364
2026,048579,Parkway Local,b3,2025,925.945594
2026,048587,St Henry Consolidated Local,a,,984.550553
2026,048587,St Henry Consolidated Local,b1,2023,931.372658
2026,048587,St Henry Consolidated Local,b2,2024,964.994504
2026,048587,St Henry Consolidated Local,b3,2025,984.550553
2026,048595,Fort Recovery Local,a,,912.013846
2026,048595,Fort Recovery Local,b1,2023,924.155771
2026,048595,Fort Recovery Local,b2,2024,934.679635
2026,048595,Fort Recovery Local,b3,2025,912.013846
2026,048611,Bethel Local,a,,1987.278175
2026,048611,Bethel Local,b1,2023,1702.867338
2026,048611,Bethel Local,b2,2024,1927.525876
2026,048611,Bethel Local,b3,2025,1987.278175
2026,048629,Miami East Local,a,,1292.398146
2026,048629,Miami East Local,b1,2023,1319.701785
2026,048629,Miami East Local,b2,2024,1301.016529
2026,048629,Miami East Local,b3,2025,1292.398146
2026,048637,Newton Local,a,,599.906266
2026,048637,Newton Local,b1,2023,591.592607
2026,048637,Newton Local,b2,2024,586.115849
2026,048637,Newton Local,b3,2025,599.906266
2026,048652,Switzerland of Ohio Local,a,,1846.282975
2026,048652,Switzerland of Ohio Local,b1,2023,1913.458803
2026,048652,Switzerland of Ohio Local,b2,2024,1915.498464
2026,048652,Switzerland of Ohio Local,b3,2025,1846.282975
2026,048678,Brookville Local,a,,1479.708583
2026,048678,Brookville Local,b1,2023,1424.060272
2026,048678,Brookville Local,b2,2024,1480.181619
2026,048678,Brookville Local,b3,2025,1479.708583
2026,048686,Jefferson Township Local,a,,264.993454
2026,048686,Jefferson Township Local,b1,2023,249.356527
2026,048686,Jefferson Township Local,b2,2024,247.362535
2026,048686,Jefferson Township Local,b3,2025,264.993454
2026,048694,Trotwood-Madison City,a,,2377.224762
2026,048694,Trotwood-Madison City,b1,2023,2448.680407
2026,048694,Trotwood-Madison City,b2,2024,2386.946838
2026,048694,Trotwood-Madison City,b3,2025,2377.224762
2026,048702,Mad River Local,a,,3555.910744
2026,048702,Mad River Local,b1,2023,3558.560432
2026,048702,Mad River Local,b2,2024,3587.296951
2026,048702,Mad River Local,b3,2025,3555.910744
2026,048710,New Lebanon Local School District,a,,962.592718
2026,048710,New Lebanon Local School District,b1,2023,1072.006425
2026,048710,New Lebanon Local School District,b2,2024,1009.544011
2026,048710,New Lebanon Local School District,b3,2025,962.592718
2026,048728,Northmont City,a,,4495.660236
2026,048728,Northmont City,b1,2023,4579.887951
2026,048728,Northmont City,b2,2024,4499.935781
2026,048728,Northmont City,b3,2025,4495.660236
2026,048736,Northridge Local,a,,1546.360931
2026,048736,Northridge Local,b1,2023,1541.73199
2026,048736,Northridge Local,b2,2024,1583.564013
2026,048736,Northridge Local,b3,2025,1546.360931
2026,048744,Valley View Local,a,,1615.534063
2026,048744,Valley View Local,b1,2023,1644.471419
2026,048744,Valley View Local,b2,2024,1639.778287
2026,048744,Valley View Local,b3,2025,1615.534063
2026,048751,Huber Heights City,a,,5503.101551
2026,048751,Huber Heights City,b1,2023,5510.448005
2026,048751,Huber Heights City,b2,2024,5631.46178
2026,048751,Huber Heights City,b3,2025,5503.101551
2026,048777,Morgan Local,a,,1485.044846
2026,048777,Morgan Local,b1,2023,1600.933335
2026,048777,Morgan Local,b2,2024,1523.482977
2026,048777,Morgan Local,b3,2025,1485.044846
2026,048793,Cardington-Lincoln Local,a,,873.332865
2026,048793,Cardington-Lincoln Local,b1,2023,968.428279
2026,048793,Cardington-Lincoln Local,b2,2024,909.645692
2026,048793,Cardington-Lincoln Local,b3,2025,873.332865
2026,048801,Highland Local,a,,1602.199324
2026,048801,Highland Local,b1,2023,1646.645172
2026,048801,Highland Local,b2,2024,1607.60595
2026,048801,Highland Local,b3,2025,1602.199324
2026,048819,Northmor Local,a,,965.800769
2026,048819,Northmor Local,b1,2023,995.534922
2026,048819,Northmor Local,b2,2024,992.584987
2026,048819,Northmor Local,b3,2025,965.800769
2026,048835,East Muskingum Local,a,,2018.813873
2026,048835,East Muskingum Local,b1,2023,2082.258431
2026,048835,East Muskingum Local,b2,2024,2026.278854
2026,048835,East Muskingum Local,b3,2025,2018.813873
2026,048843,Franklin Local,a,,1694.659344
2026,048843,Franklin Local,b1,2023,1821.042123
2026,048843,Franklin Local,b2,2024,1737.955817
2026,048843,Franklin Local,b3,2025,1694.659344
2026,048850,Maysville Local,a,,1711.735403
2026,048850,Maysville Local,b1,2023,1765.151161
2026,048850,Maysville Local,b2,2024,1707.445833
2026,048850,Maysville Local,b3,2025,1711.735403
2026,048876,Tri-Valley Local,a,,2718.077206
2026,048876,Tri-Valley Local,b1,2023,2871.204672
2026,048876,Tri-Valley Local,b2,2024,2766.834841
2026,048876,Tri-Valley Local,b3,2025,2718.077206
2026,048884,West Muskingum Local,a,,1609.438628
2026,048884,West Muskingum Local,b1,2023,1462.653385
2026,048884,West Muskingum Local,b2,2024,1576.651909
2026,048884,West Muskingum Local,b3,2025,1609.438628
2026,048900,Noble Local,a,,910.406892
2026,048900,Noble Local,b1,2023,965.457457
2026,048900,Noble Local,b2,2024,935.077293
2026,048900,Noble Local,b3,2025,910.406892
2026,048926,Benton Carroll Salem Local,a,,1249.703111
2026,048926,Benton Carroll Salem Local,b1,2023,1359.670642
2026,048926,Benton Carroll Salem Local,b2,2024,1264.313853
2026,048926,Benton Carroll Salem Local,b3,2025,1249.703111
2026,048934,Danbury Local,a,,476.473432
2026,048934,Danbury Local,b1,2023,475.922482
2026,048934,Danbury Local,b2,2024,470.514271
2026,048934,Danbury Local,b3,2025,476.473432
2026,048942,Genoa Area Local,a,,1182.473496
2026,048942,Genoa Area Local,b1,2023,1229.159707
2026,048942,Genoa Area Local,b2,2024,1212.882327
2026,048942,Genoa Area Local,b3,2025,1182.473496
2026,048959,Middle Bass Local,a,,0
2026,048959,Middle Bass Local,b1,2023,0
2026,048959,Middle Bass Local,b2,2024,0
2026,048959,Middle Bass Local,b3,2025,0
2026,048967,North Bass Local,a,,0
2026,048967,North Bass Local,b1,2023,0
2026,048967,North Bass Local,b2,2024,0
2026,048967,North Bass Local,b3,2025,0
2026,048975,Put-In-Bay Local,a,,62.987808
2026,048975,Put-In-Bay Local,b1,2023,58.535549
2026,048975,Put-In-Bay Local,b2,2024,61.794183
2026,048975,Put-In-Bay Local,b3,2025,62.987808
2026,048991,Antwerp Local,a,,601.771175
2026,048991,Antwerp Local,b1,2023,629.6567
2026,048991,Antwerp Local,b2,2024,596.196622
2026,048991,Antwerp Local,b3,2025,601.771175
2026,049031,Wayne Trace Local,a,,857.360033
2026,049031,Wayne Trace Local,b1,2023,861.512152
2026,049031,Wayne Trace Local,b2,2024,869.814785
2026,049031,Wayne Trace Local,b3,2025,857.360033
2026,049056,Northern Local,a,,2143.173031
2026,049056,Northern Local,b1,2023,2203.917236
2026,049056,Northern Local,b2,2024,2193.807529
2026,049056,Northern Local,b3,2025,2143.173031
2026,049064,Southern Local,a,,557.333168
2026,049064,Southern Local,b1,2023,583.85376
2026,049064,Southern Local,b2,2024,563.153346
2026,049064,Southern Local,b3,2025,557.333168
2026,049080,Logan Elm Local,a,,1570.007064
2026,049080,Logan Elm Local,b1,2023,1634.477825
2026,049080,Logan Elm Local,b2,2024,1620.763528
2026,049080,Logan Elm Local,b3,2025,1570.007064
2026,049098,Teays Valley Local,a,,4334.306364
2026,049098,Teays Valley Local,b1,2023,4168.730026
2026,049098,Teays Valley Local,b2,2024,4327.587625
2026,049098,Teays Valley Local,b3,2025,4334.306364
2026,049106,Westfall Local,a,,1233.130552
2026,049106,Westfall Local,b1,2023,1289.3404
2026,049106,Westfall Local,b2,2024,1258.525919
2026,049106,Westfall Local,b3,2025,1233.130552
2026,049122,Eastern Local School District,a,,725.264792
2026,049122,Eastern Local School District,b1,2023,751.520651
2026,049122,Eastern Local School District,b2,2024,727.393484
2026,049122,Eastern Local School District,b3,2025,725.264792
2026,049130,Scioto Valley Local,a,,1133.569515
2026,049130,Scioto Valley Local,b1,2023,1189.878514
2026,049130,Scioto Valley Local,b2,2024,1178.545447
2026,049130,Scioto Valley Local,b3,2025,1133.569515
2026,049148,Waverly City,a,,1594.187288
2026,049148,Waverly City,b1,2023,1710.229306
2026,049148,Waverly City,b2,2024,1649.970189
2026,049148,Waverly City,b3,2025,1594.187288
2026,049155,Western Local,a,,663.668196
2026,049155,Western Local,b1,2023,673.003314
2026,049155,Western Local,b2,2024,661.585512
2026,049155,Western Local,b3,2025,663.668196
2026,049171,Aurora City,a,,2821.41472
2026,049171,Aurora City,b1,2023,2824.509249
2026,049171,Aurora City,b2,2024,2819.341687
2026,049171,Aurora City,b3,2025,2821.41472
2026,049189,Crestwood Local,a,,1232.883153
2026,049189,Crestwood Local,b1,2023,1328.391044
2026,049189,Crestwood Local,b2,2024,1287.834503
2026,049189,Crestwood Local,b3,2025,1232.883153
2026,049197,Field Local,a,,1932.98075
2026,049197,Field Local,b1,2023,1894.157358
2026,049197,Field Local,b2,2024,1918.822629
2026,049197,Field Local,b3,2025,1932.98075
2026,049205,James A Garfield Local,a,,1116.949364
2026,049205,James A Garfield Local,b1,2023,1186.325636
2026,049205,James A Garfield Local,b2,2024,1144.048205
2026,049205,James A Garfield Local,b3,2025,1116.949364
2026,049213,Rootstown Local,a,,914.41483
2026,049213,Rootstown Local,b1,2023,999.969938
2026,049213,Rootstown Local,b2,2024,949.610828
2026,049213,Rootstown Local,b3,2025,914.41483
2026,049221,Southeast Local,a,,1384.205957
2026,049221,Southeast Local,b1,2023,1373.385335
2026,049221,Southeast Local,b2,2024,1408.72771
2026,049221,Southeast Local,b3,2025,1384.205957
2026,049239,Streetsboro City,a,,1858.157036
2026,049239,Streetsboro City,b1,2023,1972.978044
2026,049239,Streetsboro City,b2,2024,1874.11152
2026,049239,Streetsboro City,b3,2025,1858.157036
2026,049247,Waterloo Local,a,,717.201133
2026,049247,Waterloo Local,b1,2023,812.403749
2026,049247,Waterloo Local,b2,2024,745.002222
2026,049247,Waterloo Local,b3,2025,717.201133
2026,049270,National Trail Local,a,,877.314127
2026,049270,National Trail Local,b1,2023,910.388979
2026,049270,National Trail Local,b2,2024,881.246127
2026,049270,National Trail Local,b3,2025,877.314127
2026,049288,Preble Shawnee Local,a,,1181.00013
2026,049288,Preble Shawnee Local,b1,2023,1262.460041
2026,049288,Preble Shawnee Local,b2,2024,1251.499031
2026,049288,Preble Shawnee Local,b3,2025,1181.00013
2026,049296,Twin Valley Community Local,a,,689.014538
2026,049296,Twin Valley Community Local,b1,2023,722.894595
2026,049296,Twin Valley Community Local,b2,2024,711.675937
2026,049296,Twin Valley Community Local,b3,2025,689.014538
2026,049312,Columbus Grove Local,a,,687.520224
2026,049312,Columbus Grove Local,b1,2023,792.649099
2026,049312,Columbus Grove Local,b2,2024,715.592937
2026,049312,Columbus Grove Local,b3,2025,687.520224
2026,049320,Continental Local,a,,483.829446
2026,049320,Continental Local,b1,2023,453.577648
2026,049320,Continental Local,b2,2024,471.692318
2026,049320,Continental Local,b3,2025,483.829446
2026,049338,Jennings Local,a,,326.742474
2026,049338,Jennings Local,b1,2023,359.944983
2026,049338,Jennings Local,b2,2024,346.540647
2026,049338,Jennings Local,b3,2025,326.742474
2026,049346,Kalida Local,a,,597.263248
2026,049346,Kalida Local,b1,2023,600.541577
2026,049346,Kalida Local,b2,2024,606.306358
2026,049346,Kalida Local,b3,2025,597.263248
2026,049353,Leipsic Local,a,,641.958539
2026,049353,Leipsic Local,b1,2023,659.276479
2026,049353,Leipsic Local,b2,2024,641.165566
2026,049353,Leipsic Local,b3,2025,641.958539
2026,049361,Miller City-New Cleveland Local,a,,518.92316
2026,049361,Miller City-New Cleveland Local,b1,2023,518.647484
2026,049361,Miller City-New Cleveland Local,b2,2024,528.476431
2026,049361,Miller City-New Cleveland Local,b3,2025,518.92316
2026,049379,Ottawa-Glandorf Local,a,,1421.663089
2026,049379,Ottawa-Glandorf Local,b1,2023,1468.444639
2026,049379,Ottawa-Glandorf Local,b2,2024,1413.618047
2026,049379,Ottawa-Glandorf Local,b3,2025,1421.663089
2026,049387,Ottoville Local,a,,483.461485
2026,049387,Ottoville Local,b1,2023,478.402732
2026,049387,Ottoville Local,b2,2024,486.386229
2026,049387,Ottoville Local,b3,2025,483.461485
2026,049395,Pandora-Gilboa Local,a,,499.94585
2026,049395,Pandora-Gilboa Local,b1,2023,519.983034
2026,049395,Pandora-Gilboa Local,b2,2024,512.710325
2026,049395,Pandora-Gilboa Local,b3,2025,499.94585
2026,049411,Clear Fork Valley Local,a,,1428.745846
2026,049411,Clear Fork Valley Local,b1,2023,1542.399586
2026,049411,Clear Fork Valley Local,b2,2024,1474.013705
2026,049411,Clear Fork Valley Local,b3,2025,1428.745846
2026,049429,Crestview Local,a,,834.207909
2026,049429,Crestview Local,b1,2023,933.908905
2026,049429,Crestview Local,b2,2024,850.834415
2026,049429,Crestview Local,b3,2025,834.207909
2026,049437,Lexington Local,a,,2146.143517
2026,049437,Lexington Local,b1,2023,2233.369761
2026,049437,Lexington Local,b2,2024,2251.695322
2026,049437,Lexington Local,b3,2025,2146.143517
2026,049445,Lucas Local,a,,393.168864
2026,049445,Lucas Local,b1,2023,450.401312
2026,049445,Lucas Local,b2,2024,400.547171
2026,049445,Lucas Local,b3,2025,393.168864
2026,049452,Madison Local,a,,2444.161838
2026,049452,Madison Local,b1,2023,2655.541784
2026,049452,Madison Local,b2,2024,2511.734337
2026,049452,Madison Local,b3,2025,2444.161838
2026,049460,Plymouth-Shiloh Local,a,,595.916413
2026,049460,Plymouth-Shiloh Local,b1,2023,661.471416
2026,049460,Plymouth-Shiloh Local,b2,2024,628.789506
2026,049460,Plymouth-Shiloh Local,b3,2025,595.916413
2026,049478,Ontario Local,a,,1855.216788
2026,049478,Ontario Local,b1,2023,1865.766443
2026,049478,Ontario Local,b2,2024,1851.704322
2026,049478,Ontario Local,b3,2025,1855.216788
2026,049494,Adena Local,a,,1015.366975
2026,049494,Adena Local,b1,2023,1091.435323
2026,049494,Adena Local,b2,2024,1067.859628
2026,049494,Adena Local,b3,2025,1015.366975
2026,049502,Huntington Local,a,,982.452182
2026,049502,Huntington Local,b1,2023,1034.889341
2026,049502,Huntington Local,b2,2024,1018.973017
2026,049502,Huntington Local,b3,2025,982.452182
2026,049510,Paint Valley Local,a,,678.234723
2026,049510,Paint Valley Local,b1,2023,774.463936
2026,049510,Paint Valley Local,b2,2024,722.544984
2026,049510,Paint Valley Local,b3,2025,678.234723
2026,049528,Southeastern Local,a,,891.802076
2026,049528,Southeastern Local,b1,2023,926.026195
2026,049528,Southeastern Local,b2,2024,899.306524
2026,049528,Southeastern Local,b3,2025,891.802076
2026,049536,Union-Scioto Local,a,,1968.97013
2026,049536,Union-Scioto Local,b1,2023,1980.989184
2026,049536,Union-Scioto Local,b2,2024,1983.690131
2026,049536,Union-Scioto Local,b3,2025,1968.97013
2026,049544,Zane Trace Local,a,,1161.430307
2026,049544,Zane Trace Local,b1,2023,1290.341459
2026,049544,Zane Trace Local,b2,2024,1187.329301
2026,049544,Zane Trace Local,b3,2025,1161.430307
2026,049569,Lakota Local,a,,860.442834
2026,049569,Lakota Local,b1,2023,949.181811
2026,049569,Lakota Local,b2,2024,874.524625
2026,049569,Lakota Local,b3,2025,860.442834
2026,049577,Woodmore Local,a,,866.133952
2026,049577,Woodmore Local,b1,2023,859.851628
2026,049577,Woodmore Local,b2,2024,894.989054
2026,049577,Woodmore Local,b3,2025,866.133952
2026,049593,Bloom-Vernon Local,a,,734.192849
2026,049593,Bloom-Vernon Local,b1,2023,765.794271
2026,049593,Bloom-Vernon Local,b2,2024,767.80285
2026,049593,Bloom-Vernon Local,b3,2025,734.192849
2026,049601,Clay Local,a,,568.617239
2026,049601,Clay Local,b1,2023,569.945365
2026,049601,Clay Local,b2,2024,573.828637
2026,049601,Clay Local,b3,2025,568.617239
2026,049619,Green Local,a,,466.050948
2026,049619,Green Local,b1,2023,511.202714
2026,049619,Green Local,b2,2024,469.134136
2026,049619,Green Local,b3,2025,466.050948
2026,049627,Minford Local,a,,1112.219928
2026,049627,Minford Local,b1,2023,1191.620061
2026,049627,Minford Local,b2,2024,1149.440049
2026,049627,Minford Local,b3,2025,1112.219928
2026,049635,Northwest Local,a,,1075.514855
2026,049635,Northwest Local,b1,2023,1211.824763
2026,049635,Northwest Local,b2,2024,1148.390613
2026,049635,Northwest Local,b3,2025,1075.514855
2026,049643,Valley Local,a,,954.382734
2026,049643,Valley Local,b1,2023,968.758338
2026,049643,Valley Local,b2,2024,957.494803
2026,049643,Valley Local,b3,2025,954.382734
2026,049650,Washington-Nile Local,a,,1062.376489
2026,049650,Washington-Nile Local,b1,2023,1224.207071
2026,049650,Washington-Nile Local,b2,2024,1115.327468
2026,049650,Washington-Nile Local,b3,2025,1062.376489
2026,049668,Wheelersburg Local,a,,1489.229147
2026,049668,Wheelersburg Local,b1,2023,1535.711422
2026,049668,Wheelersburg Local,b2,2024,1488.934321
2026,049668,Wheelersburg Local,b3,2025,1489.229147
2026,049684,Seneca East Local,a,,766.013695
2026,049684,Seneca East Local,b1,2023,825.154423
2026,049684,Seneca East Local,b2,2024,767.552081
2026,049684,Seneca East Local,b3,2025,766.013695
2026,049700,Hopewell-Loudon Local,a,,726.07532
2026,049700,Hopewell-Loudon Local,b1,2023,747.501825
2026,049700,Hopewell-Loudon Local,b2,2024,725.249328
2026,049700,Hopewell-Loudon Local,b3,2025,726.07532
2026,049718,New Riegel Local,a,,377.422574
2026,049718,New Riegel Local,b1,2023,387.432766
2026,049718,New Riegel Local,b2,2024,394.197096
2026,049718,New Riegel Local,b3,2025,377.422574
2026,049726,Old Fort Local,a,,579.673669
2026,049726,Old Fort Local,b1,2023,657.118158
2026,049726,Old Fort Local,b2,2024,618.943015
2026,049726,Old Fort Local,b3,2025,579.673669
2026,049759,Anna Local,a,,1072.440994
2026,049759,Anna Local,b1,2023,1085.154823
2026,049759,Anna Local,b2,2024,1081.937839
2026,049759,Anna Local,b3,2025,1072.440994
2026,049767,Botkins Local,a,,588.703448
2026,049767,Botkins Local,b1,2023,633.934388
2026,049767,Botkins Local,b2,2024,614.995641
2026,049767,Botkins Local,b3,2025,588.703448
2026,049775,Fairlawn Local,a,,485.552743
2026,049775,Fairlawn Local,b1,2023,532.890393
2026,049775,Fairlawn Local,b2,2024,497.022892
2026,049775,Fairlawn Local,b3,2025,485.552743
2026,049783,Fort Loramie Local,a,,665.42605
2026,049783,Fort Loramie Local,b1,2023,693.662606
2026,049783,Fort Loramie Local,b2,2024,670.797205
2026,049783,Fort Loramie Local,b3,2025,665.42605
2026,049791,Hardin-Houston Local,a,,670.674016
2026,049791,Hardin-Houston Local,b1,2023,733.010239
2026,049791,Hardin-Houston Local,b2,2024,697.789937
2026,049791,Hardin-Houston Local,b3,2025,670.674016
2026,049809,Jackson Center Local,a,,476.853948
2026,049809,Jackson Center Local,b1,2023,478.82635
2026,049809,Jackson Center Local,b2,2024,475.998102
2026,049809,Jackson Center Local,b3,2025,476.853948
2026,049817,Russia Local,a,,401.69902
2026,049817,Russia Local,b1,2023,411.947812
2026,049817,Russia Local,b2,2024,409.732877
2026,049817,Russia Local,b3,2025,401.69902
2026,049833,Canton Local,a,,1610.447359
2026,049833,Canton Local,b1,2023,1716.758381
2026,049833,Canton Local,b2,2024,1609.623108
2026,049833,Canton Local,b3,2025,1610.447359
2026,049841,Fairless Local,a,,1229.413112
2026,049841,Fairless Local,b1,2023,1318.00736
2026,049841,Fairless Local,b2,2024,1243.346881
2026,049841,Fairless Local,b3,2025,1229.413112
2026,049858,Jackson Local,a,,5721.04229
2026,049858,Jackson Local,b1,2023,5890.762784
2026,049858,Jackson Local,b2,2024,5776.440097
2026,049858,Jackson Local,b3,2025,5721.04229
2026,049866,Lake Local,a,,3285.733593
2026,049866,Lake Local,b1,2023,3349.071463
2026,049866,Lake Local,b2,2024,3234.575821
2026,049866,Lake Local,b3,2025,3285.733593
2026,049874,Louisville City,a,,2663.261809
2026,049874,Louisville City,b1,2023,2669.274968
2026,049874,Louisville City,b2,2024,2674.878033
2026,049874,Louisville City,b3,2025,2663.261809
2026,049882,Marlington Local,a,,1837.557473
2026,049882,Marlington Local,b1,2023,1909.202184
2026,049882,Marlington Local,b2,2024,1858.998556
2026,049882,Marlington Local,b3,2025,1837.557473
2026,049890,Minerva Local,a,,1623.94055
2026,049890,Minerva Local,b1,2023,1720.357025
2026,049890,Minerva Local,b2,2024,1652.385343
2026,049890,Minerva Local,b3,2025,1623.94055
2026,049908,Northwest Local,a,,1627.826937
2026,049908,Northwest Local,b1,2023,1750.763565
2026,049908,Northwest Local,b2,2024,1663.100975
2026,049908,Northwest Local,b3,2025,1627.826937
2026,049916,Osnaburg Local,a,,844.649812
2026,049916,Osnaburg Local,b1,2023,842.063385
2026,049916,Osnaburg Local,b2,2024,850.025672
2026,049916,Osnaburg Local,b3,2025,844.649812
2026,049924,Perry Local,a,,3966.9372
2026,049924,Perry Local,b1,2023,4219.318547
2026,049924,Perry Local,b2,2024,4060.210221
2026,049924,Perry Local,b3,2025,3966.9372
2026,049932,Plain Local,a,,5671.940808
2026,049932,Plain Local,b1,2023,5991.281722
2026,049932,Plain Local,b2,2024,5760.51133
2026,049932,Plain Local,b3,2025,5671.940808
2026,049940,Sandy Valley Local,a,,1208.273251
2026,049940,Sandy Valley Local,b1,2023,1279.901444
2026,049940,Sandy Valley Local,b2,2024,1247.748784
2026,049940,Sandy Valley Local,b3,2025,1208.273251
2026,049957,Tuslaw Local,a,,1270.687388
2026,049957,Tuslaw Local,b1,2023,1278.253628
2026,049957,Tuslaw Local,b2,2024,1226.325353
2026,049957,Tuslaw Local,b3,2025,1270.687388
2026,049973,Woodridge Local,a,,1839.771338
2026,049973,Woodridge Local,b1,2023,1913.620812
2026,049973,Woodridge Local,b2,2024,1840.445855
2026,049973,Woodridge Local,b3,2025,1839.771338
2026,049981,Copley-Fairlawn City,a,,2620.796564
2026,049981,Copley-Fairlawn City,b1,2023,2637.892727
2026,049981,Copley-Fairlawn City,b2,2024,2675.572613
2026,049981,Copley-Fairlawn City,b3,2025,2620.796564
2026,049999,Coventry Local,a,,1398.115769
2026,049999,Coventry Local,b1,2023,1518.353182
2026,049999,Coventry Local,b2,2024,1393.740741
2026,049999,Coventry Local,b3,2025,1398.115769
2026,050005,Manchester Local,a,,1173.829789
2026,050005,Manchester Local,b1,2023,1260.835064
2026,050005,Manchester Local,b2,2024,1197.748107
2026,050005,Manchester Local,b3,2025,1173.829789
2026,050013,Green Local,a,,3742.404502
2026,050013,Green Local,b1,2023,3828.025306
2026,050013,Green Local,b2,2024,3730.531259
2026,050013,Green Local,b3,2025,3742.404502
2026,050021,Hudson City,a,,4225.069594
2026,050021,Hudson City,b1,2023,4337.219853
2026,050021,Hudson City,b2,2024,4256.491028
2026,050021,Hudson City,b3,2025,4225.069594
2026,050039,Mogadore Local,a,,661.201821
2026,050039,Mogadore Local,b1,2023,779.418784
2026,050039,Mogadore Local,b2,2024,727.485648
2026,050039,Mogadore Local,b3,2025,661.201821
2026,050047,Nordonia Hills City,a,,3155.131286
2026,050047,Nordonia Hills City,b1,2023,3254.745355
2026,050047,Nordonia Hills City,b2,2024,3221.831654
2026,050047,Nordonia Hills City,b3,2025,3155.131286
2026,050054,Revere Local,a,,2711.341919
2026,050054,Revere Local,b1,2023,2628.109939
2026,050054,Revere Local,b2,2024,2698.899637
2026,050054,Revere Local,b3,2025,2711.341919
2026,050062,Springfield Local,a,,1597.423803
2026,050062,Springfield Local,b1,2023,1773.577762
2026,050062,Springfield Local,b2,2024,1662.650695
2026,050062,Springfield Local,b3,2025,1597.423803
2026,050070,Twinsburg City,a,,3605.614057
2026,050070,Twinsburg City,b1,2023,3870.787063
2026,050070,Twinsburg City,b2,2024,3676.431156
2026,050070,Twinsburg City,b3,2025,3605.614057
2026,050096,Bloomfield-Mespo Local,a,,191.87968
2026,050096,Bloomfield-Mespo Local,b1,2023,217.857994
2026,050096,Bloomfield-Mespo Local,b2,2024,198.496075
2026,050096,Bloomfield-Mespo Local,b3,2025,191.87968
2026,050112,Bristol Local,a,,423.376914
2026,050112,Bristol Local,b1,2023,478.798907
2026,050112,Bristol Local,b2,2024,456.835392
2026,050112,Bristol Local,b3,2025,423.376914
2026,050120,Brookfield Local,a,,962.187414
2026,050120,Brookfield Local,b1,2023,979.017074
2026,050120,Brookfield Local,b2,2024,968.110706
2026,050120,Brookfield Local,b3,2025,962.187414
2026,050138,Champion Local,a,,1147.285647
2026,050138,Champion Local,b1,2023,1230.967884
2026,050138,Champion Local,b2,2024,1218.18741
2026,050138,Champion Local,b3,2025,1147.285647
2026,050153,Mathews Local,a,,581.566086
2026,050153,Mathews Local,b1,2023,617.684964
2026,050153,Mathews Local,b2,2024,583.44051
2026,050153,Mathews Local,b3,2025,581.566086
2026,050161,Howland Local,a,,2209.354657
2026,050161,Howland Local,b1,2023,2414.834443
2026,050161,Howland Local,b2,2024,2295.829078
2026,050161,Howland Local,b3,2025,2209.354657
2026,050179,Joseph Badger Local,a,,551.538033
2026,050179,Joseph Badger Local,b1,2023,640.402613
2026,050179,Joseph Badger Local,b2,2024,579.00851
2026,050179,Joseph Badger Local,b3,2025,551.538033
2026,050187,Lakeview Local,a,,1451.626002
2026,050187,Lakeview Local,b1,2023,1546.94114
2026,050187,Lakeview Local,b2,2024,1482.210533
2026,050187,Lakeview Local,b3,2025,1451.626002
2026,050195,Liberty Local,a,,1061.841782
2026,050195,Liberty Local,b1,2023,1252.466937
2026,050195,Liberty Local,b2,2024,1129.319102
2026,050195,Liberty Local,b3,2025,1061.841782
2026,050203,Lordstown Local,a,,382.062742
2026,050203,Lordstown Local,b1,2023,437.468115
2026,050203,Lordstown Local,b2,2024,403.039407
2026,050203,Lordstown Local,b3,2025,382.062742
2026,050211,Maplewood Local,a,,604.658474
2026,050211,Maplewood Local,b1,2023,638.083324
2026,050211,Maplewood Local,b2,2024,611.792187
2026,050211,Maplewood Local,b3,2025,604.658474
2026,050229,McDonald Local,a,,698.40619
2026,050229,McDonald Local,b1,2023,730.610442
2026,050229,McDonald Local,b2,2024,699.824321
2026,050229,McDonald Local,b3,2025,698.40619
2026,050237,Southington Local,a,,414.878557
2026,050237,Southington Local,b1,2023,416.606996
2026,050237,Southington Local,b2,2024,401.282978
2026,050237,Southington Local,b3,2025,414.878557
2026,050245,LaBrae Local,a,,991.550449
2026,050245,LaBrae Local,b1,2023,990.55058
2026,050245,LaBrae Local,b2,2024,1009.190863
2026,050245,LaBrae Local,b3,2025,991.550449
2026,050252,Weathersfield Local,a,,866.832846
2026,050252,Weathersfield Local,b1,2023,908.785675
2026,050252,Weathersfield Local,b2,2024,886.10381
2026,050252,Weathersfield Local,b3,2025,866.832846
2026,050278,Garaway Local,a,,1059.362353
2026,050278,Garaway Local,b1,2023,1070.869066
2026,050278,Garaway Local,b2,2024,1063.290001
2026,050278,Garaway Local,b3,2025,1059.362353
2026,050286,Indian Valley Local,a,,1576.563921
2026,050286,Indian Valley Local,b1,2023,1726.810914
2026,050286,Indian Valley Local,b2,2024,1657.923952
2026,050286,Indian Valley Local,b3,2025,1576.563921
2026,050294,Strasburg-Franklin Local,a,,482.964796
2026,050294,Strasburg-Franklin Local,b1,2023,544.852793
2026,050294,Strasburg-Franklin Local,b2,2024,522.395448
2026,050294,Strasburg-Franklin Local,b3,2025,482.964796
2026,050302,Tuscarawas Valley Local,a,,1205.090434
2026,050302,Tuscarawas Valley Local,b1,2023,1226.069147
2026,050302,Tuscarawas Valley Local,b2,2024,1229.532825
2026,050302,Tuscarawas Valley Local,b3,2025,1205.090434
2026,050328,Fairbanks Local,a,,1037.994302
2026,050328,Fairbanks Local,b1,2023,1060.45745
2026,050328,Fairbanks Local,b2,2024,1036.210664
2026,050328,Fairbanks Local,b3,2025,1037.994302
2026,050336,North Union Local School District,a,,1312.780219
2026,050336,North Union Local School District,b1,2023,1378.620491
2026,050336,North Union Local School District,b2,2024,1354.818221
2026,050336,North Union Local School District,b3,2025,1312.780219
2026,050351,Crestview Local,a,,840.160074
2026,050351,Crestview Local,b1,2023,811.011694
2026,050351,Crestview Local,b2,2024,835.775509
2026,050351,Crestview Local,b3,2025,840.160074
2026,050369,Lincolnview Local,a,,811.303625
2026,050369,Lincolnview Local,b1,2023,836.32842
2026,050369,Lincolnview Local,b2,2024,819.158598
2026,050369,Lincolnview Local,b3,2025,811.303625
2026,050393,Vinton County Local,a,,1549.55344
2026,050393,Vinton County Local,b1,2023,1730.923354
2026,050393,Vinton County Local,b2,2024,1583.706449
2026,050393,Vinton County Local,b3,2025,1549.55344
2026,050419,Carlisle Local,a,,1447.421043
2026,050419,Carlisle Local,b1,2023,1486.849956
2026,050419,Carlisle Local,b2,2024,1474.646836
2026,050419,Carlisle Local,b3,2025,1447.421043
2026,050427,Springboro Community City,a,,5670.872265
2026,050427,Springboro Community City,b1,2023,5663.301244
2026,050427,Springboro Community City,b2,2024,5677.48858
2026,050427,Springboro Community City,b3,2025,5670.872265
2026,050435,Kings Local,a,,4750.043634
2026,050435,Kings Local,b1,2023,4513.125751
2026,050435,Kings Local,b2,2024,4684.563155
2026,050435,Kings Local,b3,2025,4750.043634
2026,050443,Little Miami Local,a,,5279.869405
2026,050443,Little Miami Local,b1,2023,4779.81524
2026,050443,Little Miami Local,b2,2024,5161.057025
2026,050443,Little Miami Local,b3,2025,5279.869405
2026,050450,Mason City,a,,9648.605668
2026,050450,Mason City,b1,2023,9749.089274
2026,050450,Mason City,b2,2024,9743.715125
2026,050450,Mason City,b3,2025,9648.605668
2026,050468,Wayne Local,a,,1406.680828
2026,050468,Wayne Local,b1,2023,1463.563608
2026,050468,Wayne Local,b2,2024,1458.071381
2026,050468,Wayne Local,b3,2025,1406.680828
2026,050484,Fort Frye Local,a,,882.205398
2026,050484,Fort Frye Local,b1,2023,924.892997
2026,050484,Fort Frye Local,b2,2024,907.174048
2026,050484,Fort Frye Local,b3,2025,882.205398
2026,050492,Frontier Local,a,,538.236073
2026,050492,Frontier Local,b1,2023,541.344047
2026,050492,Frontier Local,b2,2024,536.292829
2026,050492,Frontier Local,b3,2025,538.236073
2026,050500,Warren Local,a,,2002.74105
2026,050500,Warren Local,b1,2023,1988.211091
2026,050500,Warren Local,b2,2024,1993.488857
2026,050500,Warren Local,b3,2025,2002.74105
2026,050518,Wolf Creek Local,a,,597.491291
2026,050518,Wolf Creek Local,b1,2023,583.405193
2026,050518,Wolf Creek Local,b2,2024,590.339245
2026,050518,Wolf Creek Local,b3,2025,597.491291
2026,050534,Chippewa Local,a,,1097.209376
2026,050534,Chippewa Local,b1,2023,1180.75122
2026,050534,Chippewa Local,b2,2024,1152.695706
2026,050534,Chippewa Local,b3,2025,1097.209376
2026,050542,Dalton Local,a,,856.397391
2026,050542,Dalton Local,b1,2023,888.303163
2026,050542,Dalton Local,b2,2024,886.20957
2026,050542,Dalton Local,b3,2025,856.397391
2026,050559,Green Local,a,,1018.294367
2026,050559,Green Local,b1,2023,1059.771019
2026,050559,Green Local,b2,2024,1021.210656
2026,050559,Green Local,b3,2025,1018.294367
2026,050567,Norwayne Local,a,,1223.970442
2026,050567,Norwayne Local,b1,2023,1318.319313
2026,050567,Norwayne Local,b2,2024,1276.261088
2026,050567,Norwayne Local,b3,2025,1223.970442
2026,050575,Northwestern Local,a,,1172.15576
2026,050575,Northwestern Local,b1,2023,1222.9122
2026,050575,Northwestern Local,b2,2024,1191.865725
2026,050575,Northwestern Local,b3,2025,1172.15576
2026,050583,Southeast Local,a,,976.36712
2026,050583,Southeast Local,b1,2023,1195.296523
2026,050583,Southeast Local,b2,2024,1157.29659
2026,050583,Southeast Local,b3,2025,976.36712
2026,050591,Triway Local,a,,1376.91496
2026,050591,Triway Local,b1,2023,1442.946567
2026,050591,Triway Local,b2,2024,1411.183092
2026,050591,Triway Local,b3,2025,1376.91496
2026,050617,Edgerton Local,a,,504.481598
2026,050617,Edgerton Local,b1,2023,543.276333
2026,050617,Edgerton Local,b2,2024,495.747514
2026,050617,Edgerton Local,b3,2025,504.481598
2026,050625,Edon Northwest Local,a,,484.150661
2026,050625,Edon Northwest Local,b1,2023,466.225026
2026,050625,Edon Northwest Local,b2,2024,489.09564
2026,050625,Edon Northwest Local,b3,2025,484.150661
2026,050633,Millcreek-West Unity Local,a,,502.339111
2026,050633,Millcreek-West Unity Local,b1,2023,494.157773
2026,050633,Millcreek-West Unity Local,b2,2024,511.244036
2026,050633,Millcreek-West Unity Local,b3,2025,502.339111
2026,050641,North Central Local,a,,482.326001
2026,050641,North Central Local,b1,2023,552.967047
2026,050641,North Central Local,b2,2024,530.300235
2026,050641,North Central Local,b3,2025,482.326001
2026,050658,Stryker Local,a,,335.098743
2026,050658,Stryker Local,b1,2023,345.816147
2026,050658,Stryker Local,b2,2024,354.538218
2026,050658,Stryker Local,b3,2025,335.098743
2026,050674,Eastwood Local,a,,1412.119433
2026,050674,Eastwood Local,b1,2023,1353.928532
2026,050674,Eastwood Local,b2,2024,1377.201063
2026,050674,Eastwood Local,b3,2025,1412.119433
2026,050682,Elmwood Local,a,,1051.45387
2026,050682,Elmwood Local,b1,2023,1105.4468
2026,050682,Elmwood Local,b2,2024,1081.889914
2026,050682,Elmwood Local,b3,2025,1051.45387
2026,050690,Lake Local,a,,1492.390597
2026,050690,Lake Local,b1,2023,1548.266477
2026,050690,Lake Local,b2,2024,1483.19503
2026,050690,Lake Local,b3,2025,1492.390597
2026,050708,North Baltimore Local,a,,589.393977
2026,050708,North Baltimore Local,b1,2023,601.398564
2026,050708,North Baltimore Local,b2,2024,594.732936
2026,050708,North Baltimore Local,b3,2025,589.393977
2026,050716,Northwood Local Schools,a,,823.839056
2026,050716,Northwood Local Schools,b1,2023,876.334547
2026,050716,Northwood Local Schools,b2,2024,816.183342
2026,050716,Northwood Local Schools,b3,2025,823.839056
2026,050724,Otsego Local,a,,1455.538445
2026,050724,Otsego Local,b1,2023,1464.454904
2026,050724,Otsego Local,b2,2024,1451.495042
2026,050724,Otsego Local,b3,2025,1455.538445
2026,050740,Mohawk Local,a,,742.234438
2026,050740,Mohawk Local,b1,2023,753.988303
2026,050740,Mohawk Local,b2,2024,731.070272
2026,050740,Mohawk Local,b3,2025,742.234438
2026,061903,Adams County Ohio Valley Local,a,,3212.55973
2026,061903,Adams County Ohio Valley Local,b1,2023,3379.322877
2026,061903,Adams County Ohio Valley Local,b2,2024,3273.802606
2026,061903,Adams County Ohio Valley Local,b3,2025,3212.55973
2026,064964,College Corner Local,a,,115.432037
2026,064964,College Corner Local,b1,2023,116.565788
2026,064964,College Corner Local,b2,2024,126.575512
2026,064964,College Corner Local,b3,2025,115.432037
2026,065680,Gallia County Local,a,,1876.815768
2026,065680,Gallia County Local,b1,2023,2047.727735
2026,065680,Gallia County Local,b2,2024,1967.824443
2026,065680,Gallia County Local,b3,2025,1876.815768
2026,069682,East Guernsey Local,a,,914.244373
2026,069682,East Guernsey Local,b1,2023,975.037725
2026,069682,East Guernsey Local,b2,2024,950.356905
2026,069682,East Guernsey Local,b3,2025,914.244373
2026,091397,Tri-County North Local,a,,666.215507
2026,091397,Tri-County North Local,b1,2023,716.790574
2026,091397,Tri-County North Local,b2,2024,693.926078
2026,091397,Tri-County North Local,b3,2025,666.215507
2026,139303,Monroe Local,a,,2694.55282
2026,139303,Monroe Local,b1,2023,2697.247355
2026,139303,Monroe Local,b2,2024,2670.899444
2026,139303,Monroe Local,b3,2025,2694.55282
2027,000442,Manchester Local,a,,645.499459
2027,000442,Manchester Local,b1,2024,687.285465
2027,000442,Manchester Local,b2,2025,688.03772
2027,000442,Manchester Local,b3,2026,645.499459
2027,043489,Akron City,a,,18892.448853
2027,043489,Akron City,b1,2024,19094.574808
2027,043489,Akron City,b2,2025,19079.484847
2027,043489,Akron City,b3,2026,18842.448853
2027,043497,Alliance City,a,,2586.894448
2027,043497,Alliance City,b1,2024,2592.648481
2027,043497,Alliance City,b2,2025,2586.202527
2027,043497,Alliance City,b3,2026,2586.894448
2027,043505,Ashland City,a,,2724.44594
2027,043505,Ashland City,b1,2024,2901.706814
2027,043505,Ashland City,b2,2025,2824.091956
2027,043505,Ashland City,b3,2026,2724.44594
2027,043513,Ashtabula Area City,a,,2369.931311
2027,043513,Ashtabula Area City,b1,2024,2698.25546
2027,043513,Ashtabula Area City,b2,2025,2506.657739
2027,043513,Ashtabula Area City,b3,2026,2369.931311
2027,043521,Athens City,a,,2144.267927
2027,043521,Athens City,b1,2024,2233.82866
2027,043521,Athens City,b2,2025,2176.055222
2027,043521,Athens City,b3,2026,2144.267927
2027,043539,Barberton City,a,,3050.87523
2027,043539,Barberton City,b1,2024,3228.303211
2027,043539,Barberton City,b2,2025,3038.486197
2027,043539,Barberton City,b3,2026,3050.87523
2027,043547,Bay Village City,a,,2280.407919
2027,043547,Bay Village City,b1,2024,2318.84307
2027,043547,Bay Village City,b2,2025,2279.024722
2027,043547,Bay Village City,b3,2026,2280.407919
2027,043554,Beachwood City,a,,1413.176046
2027,043554,Beachwood City,b1,2024,1365.579785
2027,043554,Beachwood City,b2,2025,1393.513255
2027,043554,Beachwood City,b3,2026,1413.176046
2027,043562,Bedford City,a,,2689.554446
2027,043562,Bedford City,b1,2024,2633.928695
2027,043562,Bedford City,b2,2025,2706.838305
2027,043562,Bedford City,b3,2026,2689.554446
2027,043570,Bellaire Local,a,,1106.615944
2027,043570,Bellaire Local,b1,2024,1084.856757
2027,043570,Bellaire Local,b2,2025,1127.323629
2027,043570,Bellaire Local,b3,2026,1106.615944
2027,043588,Bellefontaine City,a,,2074.548774
2027,043588,Bellefontaine City,b1,2024,2117.330856
2027,043588,Bellefontaine City,b2,2025,2097.179555
2027,043588,Bellefontaine City,b3,2026,2074.548774
2027,043596,Bellevue City,a,,1584.332198
2027,043596,Bellevue City,b1,2024,1706.146777
2027,043596,Bellevue City,b2,2025,1636.109674
2027,043596,Bellevue City,b3,2026,1584.332198
2027,043604,Belpre City,a,,852.510347
2027,043604,Belpre City,b1,2024,892.965051
2027,043604,Belpre City,b2,2025,881.499264
2027,043604,Belpre City,b3,2026,852.510347
2027,043612,Berea City,a,,4751.448905
2027,043612,Berea City,b1,2024,4946.353386
2027,043612,Berea City,b2,2025,4828.509019
2027,043612,Berea City,b3,2026,4751.448905
2027,043620,Bexley City,a,,2467.331608
2027,043620,Bexley City,b1,2024,2534.102086
2027,043620,Bexley City,b2,2025,2492.743482
2027,043620,Bexley City,b3,2026,2467.331608
2027,043638,Bowling Green City School District,a,,2385.078122
2027,043638,Bowling Green City School District,b1,2024,2389.377224
2027,043638,Bowling Green City School District,b2,2025,2384.773551
2027,043638,Bowling Green City School District,b3,2026,2385.078122
2027,043646,Brecksville-Broadview Heights City,a,,3352.272132
2027,043646,Brecksville-Broadview Heights City,b1,2024,3434.992118
2027,043646,Brecksville-Broadview Heights City,b2,2025,3411.755622
2027,043646,Brecksville-Broadview Heights City,b3,2026,3352.272132
2027,043653,Brooklyn City,a,,1075.550942
2027,043653,Brooklyn City,b1,2024,972.173577
2027,043653,Brooklyn City,b2,2025,967.143358
2027,043653,Brooklyn City,b3,2026,1075.550942
2027,043661,Brunswick City,a,,5458.989751
2027,043661,Brunswick City,b1,2024,5759.277212
2027,043661,Brunswick City,b2,2025,5636.462021
2027,043661,Brunswick City,b3,2026,5458.989751
2027,043679,Bryan City,a,,1630.908347
2027,043679,Bryan City,b1,2024,1710.661222
2027,043679,Bryan City,b2,2025,1693.936351
2027,043679,Bryan City,b3,2026,1630.908347
2027,043687,Bucyrus City,a,,980.26845
2027,043687,Bucyrus City,b1,2024,972.662782
2027,043687,Bucyrus City,b2,2025,952.094076
2027,043687,Bucyrus City,b3,2026,980.26845
2027,043695,Cambridge City,a,,1706.76159
2027,043695,Cambridge City,b1,2024,1743.393468
2027,043695,Cambridge City,b2,2025,1729.133398
2027,043695,Cambridge City,b3,2026,1706.76159
2027,043703,Campbell City,a,,960.069821
2027,043703,Campbell City,b1,2024,1047.283425
2027,043703,Campbell City,b2,2025,1009.475246
2027,043703,Campbell City,b3,2026,960.069821
2027,043711,Canton City,a,,6948.662422
2027,043711,Canton City,b1,2024,7293.289443
2027,043711,Canton City,b2,2025,7025.527365
2027,043711,Canton City,b3,2026,6948.662422
2027,043729,Celina City,a,,2291.916784
2027,043729,Celina City,b1,2024,2330.015611
2027,043729,Celina City,b2,2025,2296.382001
2027,043729,Celina City,b3,2026,2291.916784
2027,043737,Centerville City,a,,7609.187613
2027,043737,Centerville City,b1,2024,7848.637154
2027,043737,Centerville City,b2,2025,7722.20589
2027,043737,Centerville City,b3,2026,7609.187613
2027,043745,Chillicothe City,a,,2485.445763
2027,043745,Chillicothe City,b1,2024,2469.986592
2027,043745,Chillicothe City,b2,2025,2400.215458
2027,043745,Chillicothe City,b3,2026,2485.445763
2027,043752,Cincinnati Public Schools,a,,30832.50718
2027,043752,Cincinnati Public Schools,b1,2024,32808.415574
2027,043752,Cincinnati Public Schools,b2,2025,32446.392189
2027,043752,Cincinnati Public Schools,b3,2026,30832.50718
2027,043760,Circleville City,a,,1897.498671
2027,043760,Circleville City,b1,2024,1890.272403
2027,043760,Circleville City,b2,2025,1942.650953
2027,043760,Circleville City,b3,2026,1897.498671
2027,043778,Claymont City,a,,1356.225124
2027,043778,Claymont City,b1,2024,1501.205468
2027,043778,Claymont City,b2,2025,1435.413134
2027,043778,Claymont City,b3,2026,1356.225124
2027,043786,Cleveland Municipal,a,,30779.255259
2027,043786,Cleveland Municipal,b1,2024,32743.639203
2027,043786,Cleveland Municipal,b2,2025,31582.958236
2027,043786,Cleveland Municipal,b3,2026,30779.255259
2027,043794,Cleveland Heights-University Heights City,a,,4487.049073
2027,043794,Cleveland Heights-University Heights City,b1,2024,4625.684276
2027,043794,Cleveland Heights-University Heights City,b2,2025,4675.806881
2027,043794,Cleveland Heights-University Heights City,b3,2026,4487.049073
2027,043802,Columbus City School District,a,,43628.579476
2027,043802,Columbus City School District,b1,2024,43018.603331
2027,043802,Columbus City School District,b2,2025,43998.707055
2027,043802,Columbus City School District,b3,2026,43628.579476
2027,043810,Conneaut Area City,a,,1464.718204
2027,043810,Conneaut Area City,b1,2024,1476.550483
2027,043810,Conneaut Area City,b2,2025,1485.680564
2027,043810,Conneaut Area City,b3,2026,1464.718204
2027,043828,Coshocton City,a,,1384.027256
2027,043828,Coshocton City,b1,2024,1458.090291
2027,043828,Coshocton City,b2,2025,1416.062697
2027,043828,Coshocton City,b3,2026,1384.027256
2027,043836,Cuyahoga Falls City,a,,3567.04079
2027,043836,Cuyahoga Falls City,b1,2024,3888.114392
2027,043836,Cuyahoga Falls City,b2,2025,3741.514834
2027,043836,Cuyahoga Falls City,b3,2026,3567.04079
2027,043844,Dayton City,a,,12110.186893
2027,043844,Dayton City,b1,2024,11744.212387
2027,043844,Dayton City,b2,2025,12167.412354
2027,043844,Dayton City,b3,2026,12110.186893
2027,043851,Deer Park Community City,a,,1036.00231
2027,043851,Deer Park Community City,b1,2024,1077.702188
2027,043851,Deer Park Community City,b2,2025,1043.690416
2027,043851,Deer Park Community City,b3,2026,1036.00231
2027,043869,Defiance City,a,,2290.687423
2027,043869,Defiance City,b1,2024,2347.474811
2027,043869,Defiance City,b2,2025,2338.849597
2027,043869,Defiance City,b3,2026,2290.687423
2027,043877,Delaware City,a,,5245.730199
2027,043877,Delaware City,b1,2024,5256.404262
2027,043877,Delaware City,b2,2025,5236.037594
2027,043877,Delaware City,b3,2026,5245.730199
2027,043885,Delphos City,a,,825.192373
2027,043885,Delphos City,b1,2024,823.505332
2027,043885,Delphos City,b2,2025,845.4046
2027,043885,Delphos City,b3,2026,825.192373
2027,043893,Dover City,a,,2452.207122
2027,043893,Dover City,b1,2024,2555.079981
2027,043893,Dover City,b2,2025,2536.001398
2027,043893,Dover City,b3,2026,2452.207122
2027,043901,East Cleveland City School District,a,,1058.2526
2027,043901,East Cleveland City School District,b1,2024,1135.873952
2027,043901,East Cleveland City School District,b2,2025,1085.463088
2027,043901,East Cleveland City School District,b3,2026,1058.2526
2027,043919,East Liverpool City,a,,1838.385286
2027,043919,East Liverpool City,b1,2024,1878.449014
2027,043919,East Liverpool City,b2,2025,1885.797075
2027,043919,East Liverpool City,b3,2026,1838.385286
2027,043927,East Palestine City,a,,859.094299
2027,043927,East Palestine City,b1,2024,869.776931
2027,043927,East Palestine City,b2,2025,870.261645
2027,043927,East Palestine City,b3,2026,859.094299
2027,043935,Eaton Community City,a,,1707.78605
2027,043935,Eaton Community City,b1,2024,1805.911969
2027,043935,Eaton Community City,b2,2025,1742.39297
2027,043935,Eaton Community City,b3,2026,1707.78605
2027,043943,Elyria City Schools,a,,5343.500317
2027,043943,Elyria City Schools,b1,2024,5412.926931
2027,043943,Elyria City Schools,b2,2025,5372.149612
2027,043943,Elyria City Schools,b3,2026,5343.500317
2027,043950,Euclid City,a,,3909.121874
2027,043950,Euclid City,b1,2024,4165.704193
2027,043950,Euclid City,b2,2025,4079.360008
2027,043950,Euclid City,b3,2026,3909.121874
2027,043968,Fairborn City,a,,3929.372991
2027,043968,Fairborn City,b1,2024,3980.684204
2027,043968,Fairborn City,b2,2025,4002.991547
2027,043968,Fairborn City,b3,2026,3929.372991
2027,043976,Fairview Park City,a,,1336.696746
2027,043976,Fairview Park City,b1,2024,1404.151605
2027,043976,Fairview Park City,b2,2025,1352.305263
2027,043976,Fairview Park City,b3,2026,1336.696746
2027,043984,Findlay City,a,,4597.914532
2027,043984,Findlay City,b1,2024,4840.492966
2027,043984,Findlay City,b2,2025,4766.601361
2027,043984,Findlay City,b3,2026,4597.914532
2027,043992,Fostoria City,a,,1553.947585
2027,043992,Fostoria City,b1,2024,1667.214038
2027,043992,Fostoria City,b2,2025,1600.873308
2027,043992,Fostoria City,b3,2026,1553.947585
2027,044008,Franklin City,a,,2407.632752
2027,044008,Franklin City,b1,2024,2592.517646
2027,044008,Franklin City,b2,2025,2586.85862
2027,044008,Franklin City,b3,2026,2407.632752
2027,044016,Fremont City,a,,3033.748121
2027,044016,Fremont City,b1,2024,3136.441584
2027,044016,Fremont City,b2,2025,3123.628816
2027,044016,Fremont City,b3,2026,3033.748121
2027,044024,Galion City,a,,1434.253024
2027,044024,Galion City,b1,2024,1460.596747
2027,044024,Galion City,b2,2025,1489.185213
2027,044024,Galion City,b3,2026,1434.253024
2027,044032,Gallipolis City,a,,1697.47093
2027,044032,Gallipolis City,b1,2024,1774.46268
2027,044032,Gallipolis City,b2,2025,1733.299841
2027,044032,Gallipolis City,b3,2026,1697.47093
2027,044040,Garfield Heights City Schools,a,,2133.288381
2027,044040,Garfield Heights City Schools,b1,2024,2740.464092
2027,044040,Garfield Heights City Schools,b2,2025,2470.792618
2027,044040,Garfield Heights City Schools,b3,2026,2133.288381
2027,044057,Geneva Area City,a,,1871.20424
2027,044057,Geneva Area City,b1,2024,1953.871013
2027,044057,Geneva Area City,b2,2025,1909.776489
2027,044057,Geneva Area City,b3,2026,1871.20424
2027,044065,Girard City School District,a,,1444.481732
2027,044065,Girard City School District,b1,2024,1520.038759
2027,044065,Girard City School District,b2,2025,1489.208325
2027,044065,Girard City School District,b3,2026,1444.481732
2027,044073,Grandview Heights Schools,a,,1145.986533
2027,044073,Grandview Heights Schools,b1,2024,1127.707384
2027,044073,Grandview Heights Schools,b2,2025,1125.344
2027,044073,Grandview Heights Schools,b3,2026,1145.986533
2027,044081,Winton Woods City,a,,3977.849435
2027,044081,Winton Woods City,b1,2024,3806.279732
2027,044081,Winton Woods City,b2,2025,3883.861902
2027,044081,Winton Woods City,b3,2026,3977.849435
2027,044099,Greenville City,a,,2165.94574
2027,044099,Greenville City,b1,2024,2307.67638
2027,044099,Greenville City,b2,2025,2200.592312
2027,044099,Greenville City,b3,2026,2165.94574
2027,044107,Hamilton City,a,,8281.330937
2027,044107,Hamilton City,b1,2024,8379.59358
2027,044107,Hamilton City,b2,2025,8336.94413
2027,044107,Hamilton City,b3,2026,8281.330937
2027,044115,Heath City,a,,1546.616748
2027,044115,Heath City,b1,2024,1611.797966
2027,044115,Heath City,b2,2025,1547.529031
2027,044115,Heath City,b3,2026,1546.616748
2027,044123,Hillsboro City,a,,1969.222901
2027,044123,Hillsboro City,b1,2024,2121.274998
2027,044123,Hillsboro City,b2,2025,2028.351647
2027,044123,Hillsboro City,b3,2026,1969.222901
2027,044131,Huron City Schools,a,,1065.587886
2027,044131,Huron City Schools,b1,2024,1120.635486
2027,044131,Huron City Schools,b2,2025,1090.599714
2027,044131,Huron City Schools,b3,2026,1065.587886
2027,044149,Ironton City School District,a,,1153.208477
2027,044149,Ironton City School District,b1,2024,1263.640682
2027,044149,Ironton City School District,b2,2025,1206.079497
2027,044149,Ironton City School District,b3,2026,1153.208477
2027,044156,Jackson City,a,,2119.966803
2027,044156,Jackson City,b1,2024,2185.416828
2027,044156,Jackson City,b2,2025,2131.083339
2027,044156,Jackson City,b3,2026,2119.966803
2027,044164,Kent City,a,,2719.277405
2027,044164,Kent City,b1,2024,2794.972365
2027,044164,Kent City,b2,2025,2771.213091
2027,044164,Kent City,b3,2026,2719.277405
2027,044172,Kenton City,a,,1613.761608
2027,044172,Kenton City,b1,2024,1685.072772
2027,044172,Kenton City,b2,2025,1682.098548
2027,044172,Kenton City,b3,2026,1613.761608
2027,044180,Kettering City School District,a,,7148.513352
2027,044180,Kettering City School District,b1,2024,7301.571039
2027,044180,Kettering City School District,b2,2025,7161.548057
2027,044180,Kettering City School District,b3,2026,7148.513352
2027,044198,Lakewood City,a,,3979.268561
2027,044198,Lakewood City,b1,2024,4066.384195
2027,044198,Lakewood City,b2,2025,4070.613339
2027,044198,Lakewood City,b3,2026,3979.268561
2027,044206,Lancaster City,a,,5753.202511
2027,044206,Lancaster City,b1,2024,5981.769613
2027,044206,Lancaster City,b2,2025,5864.717125
2027,044206,Lancaster City,b3,2026,5753.202511
2027,044214,Lebanon City,a,,4622.984502
2027,044214,Lebanon City,b1,2024,4895.174679
2027,044214,Lebanon City,b2,2025,4778.239124
2027,044214,Lebanon City,b3,2026,4622.984502
2027,044222,Lima City,a,,3128.071795
2027,044222,Lima City,b1,2024,3100.838182
2027,044222,Lima City,b2,2025,3154.003816
2027,044222,Lima City,b3,2026,3128.071795
2027,044230,Lockland Local,a,,438.808018
2027,044230,Lockland Local,b1,2024,466.181282
2027,044230,Lockland Local,b2,2025,415.303219
2027,044230,Lockland Local,b3,2026,438.808018
2027,044248,Logan-Hocking Local,a,,3096.414666
2027,044248,Logan-Hocking Local,b1,2024,3291.8255
2027,044248,Logan-Hocking Local,b2,2025,3210.673366
2027,044248,Logan-Hocking Local,b3,2026,3096.414666
2027,044255,London City,a,,1985.871161
2027,044255,London City,b1,2024,1987.36604
2027,044255,London City,b2,2025,2051.190027
2027,044255,London City,b3,2026,1985.871161
2027,044263,Lorain City,a,,5708.144237
2027,044263,Lorain City,b1,2024,5677.696919
2027,044263,Lorain City,b2,2025,5753.258584
2027,044263,Lorain City,b3,2026,5708.144237
2027,044271,Loveland City,a,,3659.03953
2027,044271,Loveland City,b1,2024,3857.265991
2027,044271,Loveland City,b2,2025,3752.05348
2027,044271,Loveland City,b3,2026,3659.03953
2027,044289,Madeira City,a,,1611.583849
2027,044289,Madeira City,b1,2024,1602.308177
2027,044289,Madeira City,b2,2025,1599.024082
2027,044289,Madeira City,b3,2026,1611.583849
2027,044297,Mansfield City,a,,2659.334277
2027,044297,Mansfield City,b1,2024,2973.502342
2027,044297,Mansfield City,b2,2025,2747.682359
2027,044297,Mansfield City,b3,2026,2659.334277
2027,044305,Maple Heights City,a,,2611.926836
2027,044305,Maple Heights City,b1,2024,2910.244084
2027,044305,Maple Heights City,b2,2025,2811.514913
2027,044305,Maple Heights City,b3,2026,2611.926836
2027,044313,Mariemont City,a,,1498.402131
2027,044313,Mariemont City,b1,2024,1501.356593
2027,044313,Mariemont City,b2,2025,1501.29211
2027,044313,Mariemont City,b3,2026,1498.402131
2027,044321,Marietta City,a,,1959.702321
2027,044321,Marietta City,b1,2024,2086.682686
2027,044321,Marietta City,b2,2025,2059.41375
2027,044321,Marietta City,b3,2026,1959.702321
2027,044339,Marion City,a,,3727.827003
2027,044339,Marion City,b1,2024,3812.292751
2027,044339,Marion City,b2,2025,3760.390111
2027,044339,Marion City,b3,2026,3727.827003
2027,044347,Martins Ferry City,a,,1222.960397
2027,044347,Martins Ferry City,b1,2024,1273.897956
2027,044347,Martins Ferry City,b2,2025,1233.621055
2027,044347,Martins Ferry City,b3,2026,1222.960397
2027,044354,Massillon City,a,,3875.533142
2027,044354,Massillon City,b1,2024,3937.710746
2027,044354,Massillon City,b2,2025,3885.64532
2027,044354,Massillon City,b3,2026,3875.533142
2027,044362,Maumee City,a,,2119.544379
2027,044362,Maumee City,b1,2024,2106.662043
2027,044362,Maumee City,b2,2025,2081.38554
2027,044362,Maumee City,b3,2026,2119.544379
2027,044370,Mayfield City,a,,3713.726282
2027,044370,Mayfield City,b1,2024,3771.372581
2027,044370,Mayfield City,b2,2025,3732.403885
2027,044370,Mayfield City,b3,2026,3713.726282
2027,044388,Medina City SD,a,,5453.488368
2027,044388,Medina City SD,b1,2024,5842.992847
2027,044388,Medina City SD,b2,2025,5632.85888
2027,044388,Medina City SD,b3,2026,5453.488368
2027,044396,Miamisburg City,a,,4422.576209
2027,044396,Miamisburg City,b1,2024,4544.447916
2027,044396,Miamisburg City,b2,2025,4505.368782
2027,044396,Miamisburg City,b3,2026,4422.576209
2027,044404,Middletown City,a,,5709.698176
2027,044404,Middletown City,b1,2024,5720.669614
2027,044404,Middletown City,b2,2025,5675.937828
2027,044404,Middletown City,b3,2026,5709.698176
2027,044412,Mt Healthy City,a,,2347.976937
2027,044412,Mt Healthy City,b1,2024,2698.83561
2027,044412,Mt Healthy City,b2,2025,2550.276869
2027,044412,Mt Healthy City,b3,2026,2347.976937
2027,044420,Mount Vernon City,a,,3288.569865
2027,044420,Mount Vernon City,b1,2024,3417.514434
2027,044420,Mount Vernon City,b2,2025,3344.439359
2027,044420,Mount Vernon City,b3,2026,3288.569865
2027,044438,Napoleon Area City,a,,1566.448376
2027,044438,Napoleon Area City,b1,2024,1689.636738
2027,044438,Napoleon Area City,b2,2025,1606.905908
2027,044438,Napoleon Area City,b3,2026,1566.448376
2027,044446,Nelsonville-York City,a,,927.997878
2027,044446,Nelsonville-York City,b1,2024,1003.430779
2027,044446,Nelsonville-York City,b2,2025,941.576964
2027,044446,Nelsonville-York City,b3,2026,927.997878
2027,044453,Newark City,a,,5372.821474
2027,044453,Newark City,b1,2024,5492.508678
2027,044453,Newark City,b2,2025,5438.816414
2027,044453,Newark City,b3,2026,5372.821474
2027,044461,New Boston Local,a,,366.809211
2027,044461,New Boston Local,b1,2024,342.02338
2027,044461,New Boston Local,b2,2025,356.705743
2027,044461,New Boston Local,b3,2026,366.809211
2027,044479,New Lexington School District,a,,1721.907186
2027,044479,New Lexington School District,b1,2024,1725.224259
2027,044479,New Lexington School District,b2,2025,1714.628098
2027,044479,New Lexington School District,b3,2026,1721.907186
2027,044487,New Philadelphia City,a,,2612.79582
2027,044487,New Philadelphia City,b1,2024,2712.570995
2027,044487,New Philadelphia City,b2,2025,2664.126955
2027,044487,New Philadelphia City,b3,2026,2612.79582
2027,044495,Niles City,a,,1846.007083
2027,044495,Niles City,b1,2024,1891.697766
2027,044495,Niles City,b2,2025,1847.706773
2027,044495,Niles City,b3,2026,1846.007083
2027,044503,North Canton City,a,,4030.723752
2027,044503,North Canton City,b1,2024,4160.088023
2027,044503,North Canton City,b2,2025,4088.055664
2027,044503,North Canton City,b3,2026,4030.723752
2027,044511,North College Hill City,a,,1166.670704
2027,044511,North College Hill City,b1,2024,1305.037816
2027,044511,North College Hill City,b2,2025,1297.603337
2027,044511,North College Hill City,b3,2026,1166.670704
2027,044529,North Olmsted City,a,,3153.212765
2027,044529,North Olmsted City,b1,2024,3359.877165
2027,044529,North Olmsted City,b2,2025,3322.79201
2027,044529,North Olmsted City,b3,2026,3153.212765
2027,044537,North Ridgeville City,a,,4107.157556
2027,044537,North Ridgeville City,b1,2024,4179.288307
2027,044537,North Ridgeville City,b2,2025,4162.093095
2027,044537,North Ridgeville City,b3,2026,4107.157556
2027,044545,North Royalton City,a,,3806.941654
2027,044545,North Royalton City,b1,2024,3848.95365
2027,044545,North Royalton City,b2,2025,3861.136497
2027,044545,North Royalton City,b3,2026,3806.941654
2027,044552,Norton City,a,,1975.51607
2027,044552,Norton City,b1,2024,2066.023477
2027,044552,Norton City,b2,2025,2004.129556
2027,044552,Norton City,b3,2026,1975.51607
2027,044560,Norwalk City,a,,2269.624072
2027,044560,Norwalk City,b1,2024,2367.826736
2027,044560,Norwalk City,b2,2025,2313.158379
2027,044560,Norwalk City,b3,2026,2269.624072
2027,044578,Norwood City,a,,1582.76819
2027,044578,Norwood City,b1,2024,1560.923544
2027,044578,Norwood City,b2,2025,1579.873059
2027,044578,Norwood City,b3,2026,1582.76819
2027,044586,Oakwood City,a,,1915.041818
2027,044586,Oakwood City,b1,2024,1934.571189
2027,044586,Oakwood City,b2,2025,1916.307613
2027,044586,Oakwood City,b3,2026,1915.041818
2027,044594,Oberlin City Schools,a,,721.098396
2027,044594,Oberlin City Schools,b1,2024,742.54121
2027,044594,Oberlin City Schools,b2,2025,719.924131
2027,044594,Oberlin City Schools,b3,2026,721.098396
2027,044602,Oregon City,a,,3330.729912
2027,044602,Oregon City,b1,2024,3288.416017
2027,044602,Oregon City,b2,2025,3320.453767
2027,044602,Oregon City,b3,2026,3330.729912
2027,044610,Orrville City,a,,1312.434726
2027,044610,Orrville City,b1,2024,1434.37161
2027,044610,Orrville City,b2,2025,1393.895957
2027,044610,Orrville City,b3,2026,1312.434726
2027,044628,Painesville City Local,a,,2454.678842
2027,044628,Painesville City Local,b1,2024,2547.501297
2027,044628,Painesville City Local,b2,2025,2558.617852
2027,044628,Painesville City Local,b3,2026,2454.678842
2027,044636,Parma City,a,,8534.765461
2027,044636,Parma City,b1,2024,8675.592459
2027,044636,Parma City,b2,2025,8620.895804
2027,044636,Parma City,b3,2026,8534.765461
2027,044644,Piqua City,a,,2901.581412
2027,044644,Piqua City,b1,2024,2965.648364
2027,044644,Piqua City,b2,2025,2914.075799
2027,044644,Piqua City,b3,2026,2901.581412
2027,044651,Port Clinton City,a,,1263.833917
2027,044651,Port Clinton City,b1,2024,1337.059391
2027,044651,Port Clinton City,b2,2025,1290.998729
2027,044651,Port Clinton City,b3,2026,1263.833917
2027,044669,Portsmouth City,a,,1437.643338
2027,044669,Portsmouth City,b1,2024,1493.829771
2027,044669,Portsmouth City,b2,2025,1501.903229
2027,044669,Portsmouth City,b3,2026,1437.643338
2027,044677,Princeton City,a,,5487.986838
2027,044677,Princeton City,b1,2024,5633.892196
2027,044677,Princeton City,b2,2025,5581.747107
2027,044677,Princeton City,b3,2026,5487.986838
2027,044685,Ravenna City,a,,1671.387371
2027,044685,Ravenna City,b1,2024,1843.856139
2027,044685,Ravenna City,b2,2025,1758.246261
2027,044685,Ravenna City,b3,2026,1671.387371
2027,044693,Reading Community City,a,,1324.018277
2027,044693,Reading Community City,b1,2024,1374.646138
2027,044693,Reading Community City,b2,2025,1358.333058
2027,044693,Reading Community City,b3,2026,1324.018277
2027,044701,Rocky River City,a,,2445.693257
2027,044701,Rocky River City,b1,2024,2462.786295
2027,044701,Rocky River City,b2,2025,2451.035281
2027,044701,Rocky River City,b3,2026,2445.693257
2027,044719,St Bernard-Elmwood Place City,a,,773.526397
2027,044719,St Bernard-Elmwood Place City,b1,2024,717.634108
2027,044719,St Bernard-Elmwood Place City,b2,2025,720.906881
2027,044719,St Bernard-Elmwood Place City,b3,2026,773.526397
2027,044727,St Marys City,a,,1939.62691
2027,044727,St Marys City,b1,2024,1926.466297
2027,044727,St Marys City,b2,2025,1975.2391
2027,044727,St Marys City,b3,2026,1939.62691
2027,044735,Salem City,a,,1895.420622
2027,044735,Salem City,b1,2024,1914.554956
2027,044735,Salem City,b2,2025,1898.375834
2027,044735,Salem City,b3,2026,1895.420622
2027,044743,Sandusky City,a,,2827.696803
2027,044743,Sandusky City,b1,2024,2941.665875
2027,044743,Sandusky City,b2,2025,2904.512825
2027,044743,Sandusky City,b3,2026,2827.696803
2027,044750,Shaker Heights City,a,,4168.156062
2027,044750,Shaker Heights City,b1,2024,4349.531832
2027,044750,Shaker Heights City,b2,2025,4282.849623
2027,044750,Shaker Heights City,b3,2026,4168.156062
2027,044768,Sheffield-Sheffield Lake City,a,,1383.828834
2027,044768,Sheffield-Sheffield Lake City,b1,2024,1457.676621
2027,044768,Sheffield-Sheffield Lake City,b2,2025,1381.324228
2027,044768,Sheffield-Sheffield Lake City,b3,2026,1383.828834
2027,044776,Shelby City,a,,1659.4458
2027,044776,Shelby City,b1,2024,1761.892932
2027,044776,Shelby City,b2,2025,1688.954322
2027,044776,Shelby City,b3,2026,1659.4458
2027,044784,Sidney City,a,,2639.876153
2027,044784,Sidney City,b1,2024,2728.164992
2027,044784,Sidney City,b2,2025,2697.690464
2027,044784,Sidney City,b3,2026,2639.876153
2027,044792,South Euclid-Lyndhurst City,a,,3092.231778
2027,044792,South Euclid-Lyndhurst City,b1,2024,3074.367155
2027,044792,South Euclid-Lyndhurst City,b2,2025,3055.442347
2027,044792,South Euclid-Lyndhurst City,b3,2026,3092.231778
2027,044800,South-Western City,a,,21364.992799
2027,044800,South-Western City,b1,2024,21101.403737
2027,044800,South-Western City,b2,2025,21175.296046
2027,044800,South-Western City,b3,2026,21364.992799
2027,044818,Springfield City School District,a,,6689.933629
2027,044818,Springfield City School District,b1,2024,6835.173449
2027,044818,Springfield City School District,b2,2025,6847.882153
2027,044818,Springfield City School District,b3,2026,6689.933629
2027,044826,Steubenville City,a,,2435.962068
2027,044826,Steubenville City,b1,2024,2518.88392
2027,044826,Steubenville City,b2,2025,2492.188386
2027,044826,Steubenville City,b3,2026,2435.962068
2027,044834,Stow-Munroe Falls City School District,a,,4621.089046
2027,044834,Stow-Munroe Falls City School District,b1,2024,4982.062057
2027,044834,Stow-Munroe Falls City School District,b2,2025,4752.751189
2027,044834,Stow-Munroe Falls City School District,b3,2026,4621.089046
2027,044842,Strongsville City,a,,5173.186047
2027,044842,Strongsville City,b1,2024,5201.26001
2027,044842,Strongsville City,b2,2025,5210.78184
2027,044842,Strongsville City,b3,2026,5173.186047
2027,044859,Struthers City,a,,1584.752236
2027,044859,Struthers City,b1,2024,1609.445554
2027,044859,Struthers City,b2,2025,1583.091085
2027,044859,Struthers City,b3,2026,1584.752236
2027,044867,Sycamore Community City,a,,5607.535511
2027,044867,Sycamore Community City,b1,2024,5570.230582
2027,044867,Sycamore Community City,b2,2025,5633.563432
2027,044867,Sycamore Community City,b3,2026,5607.535511
2027,044875,Sylvania Schools,a,,7413.868535
2027,044875,Sylvania Schools,b1,2024,7625.109098
2027,044875,Sylvania Schools,b2,2025,7497.36063
2027,044875,Sylvania Schools,b3,2026,7413.868535
2027,044883,Tallmadge City,a,,2460.437642
2027,044883,Tallmadge City,b1,2024,2451.238113
2027,044883,Tallmadge City,b2,2025,2483.834071
2027,044883,Tallmadge City,b3,2026,2460.437642
2027,044891,Tiffin City,a,,2103.356331
2027,044891,Tiffin City,b1,2024,2283.245222
2027,044891,Tiffin City,b2,2025,2202.698262
2027,044891,Tiffin City,b3,2026,2103.356331
2027,044909,Toledo City,a,,19537.778667
2027,044909,Toledo City,b1,2024,19639.990121
2027,044909,Toledo City,b2,2025,19851.774232
2027,044909,Toledo City,b3,2026,19537.778667
2027,044917,Toronto City,a,,747.503053
2027,044917,Toronto City,b1,2024,752.285508
2027,044917,Toronto City,b2,2025,754.776673
2027,044917,Toronto City,b3,2026,747.503053
2027,044925,Troy City,a,,3827.411894
2027,044925,Troy City,b1,2024,3975.023759
2027,044925,Troy City,b2,2025,3877.327958
2027,044925,Troy City,b3,2026,3827.411894
2027,044933,Upper Arlington City,a,,6404.605145
2027,044933,Upper Arlington City,b1,2024,6395.015583
2027,044933,Upper Arlington City,b2,2025,6427.013021
2027,044933,Upper Arlington City,b3,2026,6404.605145
2027,044941,Urbana City,a,,1640.26824
2027,044941,Urbana City,b1,2024,1697.775734
2027,044941,Urbana City,b2,2025,1664.008737
2027,044941,Urbana City,b3,2026,1640.26824
2027,044958,Vandalia-Butler City,a,,2757.875272
2027,044958,Vandalia-Butler City,b1,2024,2693.108658
2027,044958,Vandalia-Butler City,b2,2025,2738.359326
2027,044958,Vandalia-Butler City,b3,2026,2757.875272
2027,044966,Van Wert City,a,,1689.79558
2027,044966,Van Wert City,b1,2024,1791.157693
2027,044966,Van Wert City,b2,2025,1719.641443
2027,044966,Van Wert City,b3,2026,1689.79558
2027,044974,Wadsworth City,a,,3943.481545
2027,044974,Wadsworth City,b1,2024,4108.151411
2027,044974,Wadsworth City,b2,2025,3978.181042
2027,044974,Wadsworth City,b3,2026,3943.481545
2027,044982,Wapakoneta City,a,,2610.585377
2027,044982,Wapakoneta City,b1,2024,2745.372832
2027,044982,Wapakoneta City,b2,2025,2629.250228
2027,044982,Wapakoneta City,b3,2026,2610.585377
2027,044990,Warren City,a,,4256.709981
2027,044990,Warren City,b1,2024,4268.261289
2027,044990,Warren City,b2,2025,4348.115204
2027,044990,Warren City,b3,2026,4256.709981
2027,045005,Warrensville Heights City,a,,1777.568838
2027,045005,Warrensville Heights City,b1,2024,1761.969823
2027,045005,Warrensville Heights City,b2,2025,1773.009653
2027,045005,Warrensville Heights City,b3,2026,1777.568838
2027,045013,Washington Court House City,a,,1585.614227
2027,045013,Washington Court House City,b1,2024,1804.533581
2027,045013,Washington Court House City,b2,2025,1664.135094
2027,045013,Washington Court House City,b3,2026,1585.614227
2027,045021,Wellston City,a,,1142.727667
2027,045021,Wellston City,b1,2024,1170.129389
2027,045021,Wellston City,b2,2025,1147.422585
2027,045021,Wellston City,b3,2026,1142.727667
2027,045039,Wellsville Local,a,,565.522397
2027,045039,Wellsville Local,b1,2024,608.594284
2027,045039,Wellsville Local,b2,2025,603.157964
2027,045039,Wellsville Local,b3,2026,565.522397
2027,045047,Westerville City,a,,13651.3721
2027,045047,Westerville City,b1,2024,13599.797834
2027,045047,Westerville City,b2,2025,13701.263884
2027,045047,Westerville City,b3,2026,13651.3721
2027,045054,West Carrollton City,a,,2917.307844
2027,045054,West Carrollton City,b1,2024,3108.273831
2027,045054,West Carrollton City,b2,2025,3008.884259
2027,045054,West Carrollton City,b3,2026,2917.307844
2027,045062,Westlake City,a,,3020.1121
2027,045062,Westlake City,b1,2024,3088.268447
2027,045062,Westlake City,b2,2025,2983.951205
2027,045062,Westlake City,b3,2026,3020.1121
2027,045070,Whitehall City,a,,3254.031391
2027,045070,Whitehall City,b1,2024,3208.882125
2027,045070,Whitehall City,b2,2025,3316.587618
2027,045070,Whitehall City,b3,2026,3254.031391
2027,045088,Wickliffe City,a,,1117.601116
2027,045088,Wickliffe City,b1,2024,1233.253321
2027,045088,Wickliffe City,b2,2025,1177.643227
2027,045088,Wickliffe City,b3,2026,1117.601116
2027,045096,Willard City,a,,1108.15582
2027,045096,Willard City,b1,2024,1188.079685
2027,045096,Willard City,b2,2025,1158.060503
2027,045096,Willard City,b3,2026,1108.15582
2027,045104,Willoughby-Eastlake City,a,,6151.134932
2027,045104,Willoughby-Eastlake City,b1,2024,6499.969449
2027,045104,Willoughby-Eastlake City,b2,2025,6410.601989
2027,045104,Willoughby-Eastlake City,b3,2026,6151.134932
2027,045112,Wilmington City,a,,1999.272562
2027,045112,Wilmington City,b1,2024,2032.779043
2027,045112,Wilmington City,b2,2025,1998.984483
2027,045112,Wilmington City,b3,2026,1999.272562
2027,045120,Wooster City,a,,3053.91191
2027,045120,Wooster City,b1,2024,3090.589574
2027,045120,Wooster City,b2,2025,3057.035824
2027,045120,Wooster City,b3,2026,3053.91191
2027,045138,Worthington City,a,,10535.564444
2027,045138,Worthington City,b1,2024,10121.400164
2027,045138,Worthington City,b2,2025,10110.080906
2027,045138,Worthington City,b3,2026,10535.564444
2027,045146,Wyoming City,a,,1797.041288
2027,045146,Wyoming City,b1,2024,1836.509943
2027,045146,Wyoming City,b2,2025,1827.213999
2027,045146,Wyoming City,b3,2026,1797.041288
2027,045153,Xenia Community City,a,,3353.038277
2027,045153,Xenia Community City,b1,2024,3441.678281
2027,045153,Xenia Community City,b2,2025,3321.090948
2027,045153,Xenia Community City,b3,2026,3353.038277
2027,045161,Youngstown City,a,,4159.171067
2027,045161,Youngstown City,b1,2024,4322.289343
2027,045161,Youngstown City,b2,2025,4214.965235
2027,045161,Youngstown City,b3,2026,4159.171067
2027,045179,Zanesville City,a,,2769.572042
2027,045179,Zanesville City,b1,2024,2802.983171
2027,045179,Zanesville City,b2,2025,2868.313848
2027,045179,Zanesville City,b3,2026,2769.572042
2027,045187,Ada Exempted Village,a,,796.008199
2027,045187,Ada Exempted Village,b1,2024,847.823008
2027,045187,Ada Exempted Village,b2,2025,815.875836
2027,045187,Ada Exempted Village,b3,2026,796.008199
2027,045195,Amherst Exempted Village,a,,3470.805846
2027,045195,Amherst Exempted Village,b1,2024,3493.854232
2027,045195,Amherst Exempted Village,b2,2025,3442.207076
2027,045195,Amherst Exempted Village,b3,2026,3470.805846
2027,045203,Barnesville Exempted Village,a,,1183.179336
2027,045203,Barnesville Exempted Village,b1,2024,1229.085068
2027,045203,Barnesville Exempted Village,b2,2025,1205.758236
2027,045203,Barnesville Exempted Village,b3,2026,1183.179336
2027,045211,Bluffton Exempted Village,a,,1110.962646
2027,045211,Bluffton Exempted Village,b1,2024,1144.64868
2027,045211,Bluffton Exempted Village,b2,2025,1136.448576
2027,045211,Bluffton Exempted Village,b3,2026,1110.962646
2027,045229,Bradford Exempted Village,a,,488.875587
2027,045229,Bradford Exempted Village,b1,2024,488.635065
2027,045229,Bradford Exempted Village,b2,2025,492.294607
2027,045229,Bradford Exempted Village,b3,2026,488.875587
2027,045237,Bridgeport Exempted Village,a,,776.512295
2027,045237,Bridgeport Exempted Village,b1,2024,695.072273
2027,045237,Bridgeport Exempted Village,b2,2025,704.636441
2027,045237,Bridgeport Exempted Village,b3,2026,776.512295
2027,045245,Harrison Hills City,a,,1228.351813
2027,045245,Harrison Hills City,b1,2024,1279.566173
2027,045245,Harrison Hills City,b2,2025,1266.516674
2027,045245,Harrison Hills City,b3,2026,1228.351813
2027,045252,Caldwell Exempted Village,a,,755.522152
2027,045252,Caldwell Exempted Village,b1,2024,734.47914
2027,045252,Caldwell Exempted Village,b2,2025,744.643828
2027,045252,Caldwell Exempted Village,b3,2026,755.522152
2027,045260,Carey Exempted Village Schools,a,,812.694821
2027,045260,Carey Exempted Village Schools,b1,2024,813.121006
2027,045260,Carey Exempted Village Schools,b2,2025,808.938674
2027,045260,Carey Exempted Village Schools,b3,2026,812.694821
2027,045278,Carrollton Exempted Village,a,,1596.794115
2027,045278,Carrollton Exempted Village,b1,2024,1712.745719
2027,045278,Carrollton Exempted Village,b2,2025,1664.978456
2027,045278,Carrollton Exempted Village,b3,2026,1596.794115
2027,045286,Chagrin Falls Exempted Village,a,,1480.853022
2027,045286,Chagrin Falls Exempted Village,b1,2024,1516.022277
2027,045286,Chagrin Falls Exempted Village,b2,2025,1500.804634
2027,045286,Chagrin Falls Exempted Village,b3,2026,1480.853022
2027,045294,Chesapeake Union Exempted Village,a,,1048.39992
2027,045294,Chesapeake Union Exempted Village,b1,2024,1083.553305
2027,045294,Chesapeake Union Exempted Village,b2,2025,1064.976573
2027,045294,Chesapeake Union Exempted Village,b3,2026,1048.39992
2027,045302,Clyde-Green Springs Exempted Village,a,,1752.859053
2027,045302,Clyde-Green Springs Exempted Village,b1,2024,1870.616283
2027,045302,Clyde-Green Springs Exempted Village,b2,2025,1811.059113
2027,045302,Clyde-Green Springs Exempted Village,b3,2026,1752.859053
2027,045310,Coldwater Exempted Village,a,,1512.805269
2027,045310,Coldwater Exempted Village,b1,2024,1439.392748
2027,045310,Coldwater Exempted Village,b2,2025,1478.145543
2027,045310,Coldwater Exempted Village,b3,2026,1512.805269
2027,045328,Columbiana Exempted Village,a,,864.342436
2027,045328,Columbiana Exempted Village,b1,2024,934.809051
2027,045328,Columbiana Exempted Village,b2,2025,909.70025
2027,045328,Columbiana Exempted Village,b3,2026,864.342436
2027,045336,Covington Exempted Village,a,,748.410769
2027,045336,Covington Exempted Village,b1,2024,745.612009
2027,045336,Covington Exempted Village,b2,2025,748.003809
2027,045336,Covington Exempted Village,b3,2026,748.410769
2027,045344,Crestline Exempted Village,a,,509.016279
2027,045344,Crestline Exempted Village,b1,2024,523.730083
2027,045344,Crestline Exempted Village,b2,2025,493.14097
2027,045344,Crestline Exempted Village,b3,2026,509.016279
2027,045351,Crooksville Exempted Village,a,,994.910262
2027,045351,Crooksville Exempted Village,b1,2024,1011.824841
2027,045351,Crooksville Exempted Village,b2,2025,1014.152816
2027,045351,Crooksville Exempted Village,b3,2026,994.910262
2027,045369,Fairport Harbor Exempted Village,a,,514.597205
2027,045369,Fairport Harbor Exempted Village,b1,2024,562.655709
2027,045369,Fairport Harbor Exempted Village,b2,2025,515.497193
2027,045369,Fairport Harbor Exempted Village,b3,2026,514.597205
2027,045377,Georgetown Exempted Village,a,,922.446152
2027,045377,Georgetown Exempted Village,b1,2024,929.765883
2027,045377,Georgetown Exempted Village,b2,2025,918.049301
2027,045377,Georgetown Exempted Village,b3,2026,922.446152
2027,045385,Gibsonburg Exempted Village,a,,634.675784
2027,045385,Gibsonburg Exempted Village,b1,2024,670.792754
2027,045385,Gibsonburg Exempted Village,b2,2025,669.886696
2027,045385,Gibsonburg Exempted Village,b3,2026,634.675784
2027,045393,Granville Exempted Village,a,,2405.731519
2027,045393,Granville Exempted Village,b1,2024,2446.175249
2027,045393,Granville Exempted Village,b2,2025,2420.490512
2027,045393,Granville Exempted Village,b3,2026,2405.731519
2027,045401,Greenfield Exempted Village,a,,1773.341231
2027,045401,Greenfield Exempted Village,b1,2024,1803.944367
2027,045401,Greenfield Exempted Village,b2,2025,1791.018379
2027,045401,Greenfield Exempted Village,b3,2026,1773.341231
2027,045419,Hicksville Exempted Village,a,,859.997501
2027,045419,Hicksville Exempted Village,b1,2024,873.894073
2027,045419,Hicksville Exempted Village,b2,2025,877.93207
2027,045419,Hicksville Exempted Village,b3,2026,859.997501
2027,045427,Hubbard Exempted Village,a,,1667.88336
2027,045427,Hubbard Exempted Village,b1,2024,1738.885386
2027,045427,Hubbard Exempted Village,b2,2025,1725.333817
2027,045427,Hubbard Exempted Village,b3,2026,1667.88336
2027,045435,Indian Hill Exempted Village,a,,2131.080493
2027,045435,Indian Hill Exempted Village,b1,2024,2127.006175
2027,045435,Indian Hill Exempted Village,b2,2025,2132.748782
2027,045435,Indian Hill Exempted Village,b3,2026,2131.080493
2027,045443,Leetonia Exempted Village School District,a,,466.801434
2027,045443,Leetonia Exempted Village School District,b1,2024,493.572876
2027,045443,Leetonia Exempted Village School District,b2,2025,484.4968
2027,045443,Leetonia Exempted Village School District,b3,2026,466.801434
2027,045450,Lisbon Exempted Village,a,,629.185909
2027,045450,Lisbon Exempted Village,b1,2024,688.834793
2027,045450,Lisbon Exempted Village,b2,2025,660.653417
2027,045450,Lisbon Exempted Village,b3,2026,629.185909
2027,045468,Loudonville-Perrysville Exempted Village,a,,817.612222
2027,045468,Loudonville-Perrysville Exempted Village,b1,2024,861.917185
2027,045468,Loudonville-Perrysville Exempted Village,b2,2025,826.978502
2027,045468,Loudonville-Perrysville Exempted Village,b3,2026,817.612222
2027,045476,Marysville Exempted Village,a,,5205.277674
2027,045476,Marysville Exempted Village,b1,2024,5324.717773
2027,045476,Marysville Exempted Village,b2,2025,5302.868346
2027,045476,Marysville Exempted Village,b3,2026,5205.277674
2027,045484,Mechanicsburg Exempted Village,a,,751.311793
2027,045484,Mechanicsburg Exempted Village,b1,2024,818.748781
2027,045484,Mechanicsburg Exempted Village,b2,2025,797.224449
2027,045484,Mechanicsburg Exempted Village,b3,2026,751.311793
2027,045492,Mentor Exempted Village,a,,6301.846274
2027,045492,Mentor Exempted Village,b1,2024,6753.064676
2027,045492,Mentor Exempted Village,b2,2025,6557.327078
2027,045492,Mentor Exempted Village,b3,2026,6301.846274
2027,045500,Milford Exempted Village,a,,5290.347935
2027,045500,Milford Exempted Village,b1,2024,5678.172968
2027,045500,Milford Exempted Village,b2,2025,5502.777669
2027,045500,Milford Exempted Village,b3,2026,5290.347935
2027,045518,Milton-Union Exempted Village,a,,1243.329741
2027,045518,Milton-Union Exempted Village,b1,2024,1293.457576
2027,045518,Milton-Union Exempted Village,b2,2025,1285.15119
2027,045518,Milton-Union Exempted Village,b3,2026,1243.329741
2027,045526,Montpelier Exempted Village,a,,799.108905
2027,045526,Montpelier Exempted Village,b1,2024,772.356614
2027,045526,Montpelier Exempted Village,b2,2025,771.792103
2027,045526,Montpelier Exempted Village,b3,2026,799.108905
2027,045534,Mount Gilead Exempted Village,a,,896.377068
2027,045534,Mount Gilead Exempted Village,b1,2024,939.483661
2027,045534,Mount Gilead Exempted Village,b2,2025,914.513874
2027,045534,Mount Gilead Exempted Village,b3,2026,896.377068
2027,045542,Newcomerstown Exempted Village,a,,843.959376
2027,045542,Newcomerstown Exempted Village,b1,2024,832.807443
2027,045542,Newcomerstown Exempted Village,b2,2025,813.31051
2027,045542,Newcomerstown Exempted Village,b3,2026,843.959376
2027,045559,New Richmond Exempted Village,a,,1672.671346
2027,045559,New Richmond Exempted Village,b1,2024,1897.255147
2027,045559,New Richmond Exempted Village,b2,2025,1775.817854
2027,045559,New Richmond Exempted Village,b3,2026,1672.671346
2027,045567,Newton Falls Exempted Village,a,,809.819978
2027,045567,Newton Falls Exempted Village,b1,2024,838.183
2027,045567,Newton Falls Exempted Village,b2,2025,808.911906
2027,045567,Newton Falls Exempted Village,b3,2026,809.819978
2027,045575,Paulding Exempted Village,a,,1195.193978
2027,045575,Paulding Exempted Village,b1,2024,1235.094889
2027,045575,Paulding Exempted Village,b2,2025,1194.174437
2027,045575,Paulding Exempted Village,b3,2026,1195.193978
2027,045583,Perrysburg Exempted Village,a,,5168.026176
2027,045583,Perrysburg Exempted Village,b1,2024,5137.255588
2027,045583,Perrysburg Exempted Village,b2,2025,5305.056613
2027,045583,Perrysburg Exempted Village,b3,2026,5168.026176
2027,045591,Rittman Exempted Village,a,,722.615122
2027,045591,Rittman Exempted Village,b1,2024,793.332586
2027,045591,Rittman Exempted Village,b2,2025,747.021127
2027,045591,Rittman Exempted Village,b3,2026,722.615122
2027,045609,Rossford Exempted Village,a,,1465.842953
2027,045609,Rossford Exempted Village,b1,2024,1522.812521
2027,045609,Rossford Exempted Village,b2,2025,1486.752565
2027,045609,Rossford Exempted Village,b3,2026,1465.842953
2027,045617,Tipp City Exempted Village,a,,2240.814815
2027,045617,Tipp City Exempted Village,b1,2024,2356.478725
2027,045617,Tipp City Exempted Village,b2,2025,2299.754625
2027,045617,Tipp City Exempted Village,b3,2026,2240.814815
2027,045625,Upper Sandusky Exempted Village,a,,1411.545926
2027,045625,Upper Sandusky Exempted Village,b1,2024,1491.115157
2027,045625,Upper Sandusky Exempted Village,b2,2025,1459.123724
2027,045625,Upper Sandusky Exempted Village,b3,2026,1411.545926
2027,045633,Versailles Exempted Village,a,,1231.797761
2027,045633,Versailles Exempted Village,b1,2024,1246.353586
2027,045633,Versailles Exempted Village,b2,2025,1227.399685
2027,045633,Versailles Exempted Village,b3,2026,1231.797761
2027,045641,Wauseon Exempted Village,a,,1681.668973
2027,045641,Wauseon Exempted Village,b1,2024,1677.109866
2027,045641,Wauseon Exempted Village,b2,2025,1676.956989
2027,045641,Wauseon Exempted Village,b3,2026,1681.668973
2027,045658,Wellington Exempted Village,a,,875.579819
2027,045658,Wellington Exempted Village,b1,2024,889.855457
2027,045658,Wellington Exempted Village,b2,2025,870.967636
2027,045658,Wellington Exempted Village,b3,2026,875.579819
2027,045666,Windham Exempted Village,a,,424.291217
2027,045666,Windham Exempted Village,b1,2024,451.405642
2027,045666,Windham Exempted Village,b2,2025,426.350159
2027,045666,Windham Exempted Village,b3,2026,424.291217
2027,045674,Yellow Springs Exempted Village,a,,576.132248
2027,045674,Yellow Springs Exempted Village,b1,2024,603.09327
2027,045674,Yellow Springs Exempted Village,b2,2025,585.540833
2027,045674,Yellow Springs Exempted Village,b3,2026,576.132248
2027,045757,Allen East Local,a,,975.081621
2027,045757,Allen East Local,b1,2024,1003.536926
2027,045757,Allen East Local,b2,2025,982.533798
2027,045757,Allen East Local,b3,2026,975.081621
2027,045765,Bath Local,a,,1528.549044
2027,045765,Bath Local,b1,2024,1603.67578
2027,045765,Bath Local,b2,2025,1570.249068
2027,045765,Bath Local,b3,2026,1528.549044
2027,045773,Elida Local,a,,1959.965079
2027,045773,Elida Local,b1,2024,2031.021818
2027,045773,Elida Local,b2,2025,1979.112354
2027,045773,Elida Local,b3,2026,1959.965079
2027,045781,Perry Local,a,,681.461642
2027,045781,Perry Local,b1,2024,687.458866
2027,045781,Perry Local,b2,2025,671.295677
2027,045781,Perry Local,b3,2026,681.461642
2027,045799,Shawnee Local,a,,2116.268151
2027,045799,Shawnee Local,b1,2024,2231.928113
2027,045799,Shawnee Local,b2,2025,2177.20464
2027,045799,Shawnee Local,b3,2026,2116.268151
2027,045807,Spencerville Local,a,,904.937589
2027,045807,Spencerville Local,b1,2024,964.435757
2027,045807,Spencerville Local,b2,2025,936.472302
2027,045807,Spencerville Local,b3,2026,904.937589
2027,045823,Hillsdale Local,a,,860.507899
2027,045823,Hillsdale Local,b1,2024,791.395305
2027,045823,Hillsdale Local,b2,2025,834.473372
2027,045823,Hillsdale Local,b3,2026,860.507899
2027,045831,Mapleton Local,a,,698.818766
2027,045831,Mapleton Local,b1,2024,787.966303
2027,045831,Mapleton Local,b2,2025,731.189924
2027,045831,Mapleton Local,b3,2026,698.818766
2027,045856,Buckeye Local,a,,1596.371991
2027,045856,Buckeye Local,b1,2024,1642.411891
2027,045856,Buckeye Local,b2,2025,1636.444571
2027,045856,Buckeye Local,b3,2026,1596.371991
2027,045864,Grand Valley Local,a,,790.068438
2027,045864,Grand Valley Local,b1,2024,815.373029
2027,045864,Grand Valley Local,b2,2025,786.817161
2027,045864,Grand Valley Local,b3,2026,790.068438
2027,045872,Jefferson Area Local,a,,1600.825318
2027,045872,Jefferson Area Local,b1,2024,1680.256203
2027,045872,Jefferson Area Local,b2,2025,1662.573355
2027,045872,Jefferson Area Local,b3,2026,1600.825318
2027,045880,Pymatuning Valley Local,a,,1032.064371
2027,045880,Pymatuning Valley Local,b1,2024,1029.632139
2027,045880,Pymatuning Valley Local,b2,2025,1038.082893
2027,045880,Pymatuning Valley Local,b3,2026,1032.064371
2027,045906,Alexander Local,a,,1309.203474
2027,045906,Alexander Local,b1,2024,1400.570579
2027,045906,Alexander Local,b2,2025,1345.827742
2027,045906,Alexander Local,b3,2026,1309.203474
2027,045914,Federal Hocking Local,a,,762.467035
2027,045914,Federal Hocking Local,b1,2024,816.453545
2027,045914,Federal Hocking Local,b2,2025,793.481502
2027,045914,Federal Hocking Local,b3,2026,762.467035
2027,045922,Trimble Local,a,,594.350658
2027,045922,Trimble Local,b1,2024,705.251434
2027,045922,Trimble Local,b2,2025,647.669423
2027,045922,Trimble Local,b3,2026,594.350658
2027,045948,Minster Local,a,,891.288005
2027,045948,Minster Local,b1,2024,872.594402
2027,045948,Minster Local,b2,2025,881.742827
2027,045948,Minster Local,b3,2026,891.288005
2027,045955,New Bremen Local,a,,815.462841
2027,045955,New Bremen Local,b1,2024,822.013951
2027,045955,New Bremen Local,b2,2025,819.124563
2027,045955,New Bremen Local,b3,2026,815.462841
2027,045963,New Knoxville Local,a,,405.260654
2027,045963,New Knoxville Local,b1,2024,393.28915
2027,045963,New Knoxville Local,b2,2025,405.979257
2027,045963,New Knoxville Local,b3,2026,405.260654
2027,045971,Waynesfield-Goshen Local,a,,422.066154
2027,045971,Waynesfield-Goshen Local,b1,2024,429.843358
2027,045971,Waynesfield-Goshen Local,b2,2025,421.217399
2027,045971,Waynesfield-Goshen Local,b3,2026,422.066154
2027,045997,St Clairsville-Richland City,a,,1479.758252
2027,045997,St Clairsville-Richland City,b1,2024,1570.155167
2027,045997,St Clairsville-Richland City,b2,2025,1511.921175
2027,045997,St Clairsville-Richland City,b3,2026,1479.758252
2027,046003,Shadyside Local,a,,632.146111
2027,046003,Shadyside Local,b1,2024,651.694692
2027,046003,Shadyside Local,b2,2025,635.586561
2027,046003,Shadyside Local,b3,2026,632.146111
2027,046011,Union Local,a,,1166.225649
2027,046011,Union Local,b1,2024,1258.414219
2027,046011,Union Local,b2,2025,1188.090001
2027,046011,Union Local,b3,2026,1166.225649
2027,046037,Eastern Local School District,a,,1101.851073
2027,046037,Eastern Local School District,b1,2024,1056.425968
2027,046037,Eastern Local School District,b2,2025,1088.376662
2027,046037,Eastern Local School District,b3,2026,1101.851073
2027,046045,Fayetteville-Perry Local,a,,681.685727
2027,046045,Fayetteville-Perry Local,b1,2024,731.829907
2027,046045,Fayetteville-Perry Local,b2,2025,704.936015
2027,046045,Fayetteville-Perry Local,b3,2026,681.685727
2027,046060,Western Brown Local,a,,2532.208838
2027,046060,Western Brown Local,b1,2024,2723.790137
2027,046060,Western Brown Local,b2,2025,2590.006734
2027,046060,Western Brown Local,b3,2026,2532.208838
2027,046078,Ripley-Union-Lewis-Huntington Local,a,,644.356856
2027,046078,Ripley-Union-Lewis-Huntington Local,b1,2024,712.521328
2027,046078,Ripley-Union-Lewis-Huntington Local,b2,2025,694.24796
2027,046078,Ripley-Union-Lewis-Huntington Local,b3,2026,644.356856
2027,046094,Edgewood City,a,,2985.254714
2027,046094,Edgewood City,b1,2024,3238.141946
2027,046094,Edgewood City,b2,2025,3058.984314
2027,046094,Edgewood City,b3,2026,2985.254714
2027,046102,Fairfield City,a,,8348.995878
2027,046102,Fairfield City,b1,2024,8686.215239
2027,046102,Fairfield City,b2,2025,8492.882611
2027,046102,Fairfield City,b3,2026,8348.995878
2027,046110,Lakota Local,a,,16464.872488
2027,046110,Lakota Local,b1,2024,16898.779721
2027,046110,Lakota Local,b2,2025,16736.014812
2027,046110,Lakota Local,b3,2026,16464.872488
2027,046128,Madison Local,a,,1309.686737
2027,046128,Madison Local,b1,2024,1402.025668
2027,046128,Madison Local,b2,2025,1404.552369
2027,046128,Madison Local,b3,2026,1309.686737
2027,046136,New Miami Local,a,,578.117823
2027,046136,New Miami Local,b1,2024,531.571634
2027,046136,New Miami Local,b2,2025,551.875969
2027,046136,New Miami Local,b3,2026,578.117823
2027,046144,Ross Local,a,,2190.858342
2027,046144,Ross Local,b1,2024,2312.616368
2027,046144,Ross Local,b2,2025,2239.283217
2027,046144,Ross Local,b3,2026,2190.858342
2027,046151,Talawanda City,a,,2662.287095
2027,046151,Talawanda City,b1,2024,2738.868051
2027,046151,Talawanda City,b2,2025,2712.009292
2027,046151,Talawanda City,b3,2026,2662.287095
2027,046177,Brown Local,a,,551.856869
2027,046177,Brown Local,b1,2024,577.515401
2027,046177,Brown Local,b2,2025,569.13642
2027,046177,Brown Local,b3,2026,551.856869
2027,046193,Graham Local,a,,1321.456633
2027,046193,Graham Local,b1,2024,1454.744504
2027,046193,Graham Local,b2,2025,1371.312205
2027,046193,Graham Local,b3,2026,1321.456633
2027,046201,Triad Local,a,,734.759003
2027,046201,Triad Local,b1,2024,743.613114
2027,046201,Triad Local,b2,2025,736.918073
2027,046201,Triad Local,b3,2026,734.759003
2027,046219,West Liberty-Salem Local,a,,1083.950263
2027,046219,West Liberty-Salem Local,b1,2024,1138.877286
2027,046219,West Liberty-Salem Local,b2,2025,1122.230844
2027,046219,West Liberty-Salem Local,b3,2026,1083.950263
2027,046235,Greenon Local,a,,1508.691001
2027,046235,Greenon Local,b1,2024,1564.091527
2027,046235,Greenon Local,b2,2025,1537.165335
2027,046235,Greenon Local,b3,2026,1508.691001
2027,046243,Tecumseh Local,a,,2546.069754
2027,046243,Tecumseh Local,b1,2024,2586.126788
2027,046243,Tecumseh Local,b2,2025,2577.174317
2027,046243,Tecumseh Local,b3,2026,2546.069754
2027,046250,Northeastern Local,a,,2705.23913
2027,046250,Northeastern Local,b1,2024,2853.818762
2027,046250,Northeastern Local,b2,2025,2851.968488
2027,046250,Northeastern Local,b3,2026,2705.23913
2027,046268,Northwestern Local,a,,1432.330369
2027,046268,Northwestern Local,b1,2024,1498.756053
2027,046268,Northwestern Local,b2,2025,1481.344232
2027,046268,Northwestern Local,b3,2026,1432.330369
2027,046276,Southeastern Local,a,,650.415019
2027,046276,Southeastern Local,b1,2024,671.959751
2027,046276,Southeastern Local,b2,2025,664.577486
2027,046276,Southeastern Local,b3,2026,650.415019
2027,046284,Clark-Shawnee Local,a,,1527.164731
2027,046284,Clark-Shawnee Local,b1,2024,1651.488329
2027,046284,Clark-Shawnee Local,b2,2025,1572.348567
2027,046284,Clark-Shawnee Local,b3,2026,1527.164731
2027,046300,Batavia Local,a,,2306.851861
2027,046300,Batavia Local,b1,2024,2288.531371
2027,046300,Batavia Local,b2,2025,2347.823967
2027,046300,Batavia Local,b3,2026,2306.851861
2027,046318,Bethel-Tate Local,a,,1116.892588
2027,046318,Bethel-Tate Local,b1,2024,1317.383908
2027,046318,Bethel-Tate Local,b2,2025,1252.329407
2027,046318,Bethel-Tate Local,b3,2026,1116.892588
2027,046326,Clermont Northeastern Local,a,,1167.119893
2027,046326,Clermont Northeastern Local,b1,2024,1264.071433
2027,046326,Clermont Northeastern Local,b2,2025,1189.582786
2027,046326,Clermont Northeastern Local,b3,2026,1167.119893
2027,046334,Felicity-Franklin Local,a,,635.564531
2027,046334,Felicity-Franklin Local,b1,2024,646.365633
2027,046334,Felicity-Franklin Local,b2,2025,637.642358
2027,046334,Felicity-Franklin Local,b3,2026,635.564531
2027,046342,Goshen Local,a,,2504.54706
2027,046342,Goshen Local,b1,2024,2616.424637
2027,046342,Goshen Local,b2,2025,2526.289167
2027,046342,Goshen Local,b3,2026,2504.54706
2027,046359,West Clermont Local,a,,7325.739146
2027,046359,West Clermont Local,b1,2024,7475.149458
2027,046359,West Clermont Local,b2,2025,7300.571567
2027,046359,West Clermont Local,b3,2026,7325.739146
2027,046367,Williamsburg Local,a,,925.003317
2027,046367,Williamsburg Local,b1,2024,930.268267
2027,046367,Williamsburg Local,b2,2025,889.079138
2027,046367,Williamsburg Local,b3,2026,925.003317
2027,046383,Blanchester Local,a,,1033.82642
2027,046383,Blanchester Local,b1,2024,1071.220556
2027,046383,Blanchester Local,b2,2025,1068.60453
2027,046383,Blanchester Local,b3,2026,1033.82642
2027,046391,Clinton-Massie Local,a,,1365.329014
2027,046391,Clinton-Massie Local,b1,2024,1618.358732
2027,046391,Clinton-Massie Local,b2,2025,1499.599015
2027,046391,Clinton-Massie Local,b3,2026,1365.329014
2027,046409,East Clinton Local,a,,1054.992056
2027,046409,East Clinton Local,b1,2024,1081.316293
2027,046409,East Clinton Local,b2,2025,1071.647985
2027,046409,East Clinton Local,b3,2026,1054.992056
2027,046425,Beaver Local,a,,1659.069771
2027,046425,Beaver Local,b1,2024,1679.995222
2027,046425,Beaver Local,b2,2025,1683.454086
2027,046425,Beaver Local,b3,2026,1659.069771
2027,046433,Crestview Local,a,,1079.272877
2027,046433,Crestview Local,b1,2024,1118.121065
2027,046433,Crestview Local,b2,2025,1111.194332
2027,046433,Crestview Local,b3,2026,1079.272877
2027,046441,Southern Local,a,,753.027075
2027,046441,Southern Local,b1,2024,756.89986
2027,046441,Southern Local,b2,2025,731.504649
2027,046441,Southern Local,b3,2026,753.027075
2027,046458,United Local,a,,945.210084
2027,046458,United Local,b1,2024,990.40077
2027,046458,United Local,b2,2025,955.898771
2027,046458,United Local,b3,2026,945.210084
2027,046474,Ridgewood Local,a,,1144.121867
2027,046474,Ridgewood Local,b1,2024,1170.223818
2027,046474,Ridgewood Local,b2,2025,1161.478879
2027,046474,Ridgewood Local,b3,2026,1144.121867
2027,046482,River View Local,a,,1381.836266
2027,046482,River View Local,b1,2024,1504.910664
2027,046482,River View Local,b2,2025,1439.903575
2027,046482,River View Local,b3,2026,1381.836266
2027,046508,Buckeye Central Local,a,,572.979281
2027,046508,Buckeye Central Local,b1,2024,590.73434
2027,046508,Buckeye Central Local,b2,2025,582.964508
2027,046508,Buckeye Central Local,b3,2026,572.979281
2027,046516,Colonel Crawford Local,a,,858.766113
2027,046516,Colonel Crawford Local,b1,2024,869.137173
2027,046516,Colonel Crawford Local,b2,2025,880.47045
2027,046516,Colonel Crawford Local,b3,2026,858.766113
2027,046524,Wynford Local,a,,922.885878
2027,046524,Wynford Local,b1,2024,992.139545
2027,046524,Wynford Local,b2,2025,940.093068
2027,046524,Wynford Local,b3,2026,922.885878
2027,046557,Cuyahoga Heights Local,a,,658.730343
2027,046557,Cuyahoga Heights Local,b1,2024,732.165173
2027,046557,Cuyahoga Heights Local,b2,2025,712.427189
2027,046557,Cuyahoga Heights Local,b3,2026,658.730343
2027,046565,Independence Local,a,,908.096911
2027,046565,Independence Local,b1,2024,962.353745
2027,046565,Independence Local,b2,2025,956.257694
2027,046565,Independence Local,b3,2026,908.096911
2027,046573,Olmsted Falls City,a,,3131.002124
2027,046573,Olmsted Falls City,b1,2024,3235.441792
2027,046573,Olmsted Falls City,b2,2025,3175.883294
2027,046573,Olmsted Falls City,b3,2026,3131.002124
2027,046581,Orange City,a,,1965.059715
2027,046581,Orange City,b1,2024,1959.369751
2027,046581,Orange City,b2,2025,1970.546271
2027,046581,Orange City,b3,2026,1965.059715
2027,046599,Richmond Heights Local,a,,719.78968
2027,046599,Richmond Heights Local,b1,2024,790.167356
2027,046599,Richmond Heights Local,b2,2025,751.40691
2027,046599,Richmond Heights Local,b3,2026,719.78968
2027,046607,Solon City,a,,4357.399426
2027,046607,Solon City,b1,2024,4405.943644
2027,046607,Solon City,b2,2025,4392.223928
2027,046607,Solon City,b3,2026,4357.399426
2027,046623,Ansonia Local,a,,715.864017
2027,046623,Ansonia Local,b1,2024,690.576836
2027,046623,Ansonia Local,b2,2025,692.1837
2027,046623,Ansonia Local,b3,2026,715.864017
2027,046631,Arcanum-Butler Local,a,,1040.640395
2027,046631,Arcanum-Butler Local,b1,2024,1049.469268
2027,046631,Arcanum-Butler Local,b2,2025,1040.308549
2027,046631,Arcanum-Butler Local,b3,2026,1040.640395
2027,046649,Franklin Monroe Local,a,,467.121017
2027,046649,Franklin Monroe Local,b1,2024,477.61258
2027,046649,Franklin Monroe Local,b2,2025,478.884874
2027,046649,Franklin Monroe Local,b3,2026,467.121017
2027,046672,Mississinawa Valley Local,a,,510.381873
2027,046672,Mississinawa Valley Local,b1,2024,549.331644
2027,046672,Mississinawa Valley Local,b2,2025,540.568435
2027,046672,Mississinawa Valley Local,b3,2026,510.381873
2027,046680,Tri-Village Local,a,,731.647407
2027,046680,Tri-Village Local,b1,2024,726.775462
2027,046680,Tri-Village Local,b2,2025,739.698063
2027,046680,Tri-Village Local,b3,2026,731.647407
2027,046706,Ayersville Local,a,,655.700548
2027,046706,Ayersville Local,b1,2024,662.170022
2027,046706,Ayersville Local,b2,2025,634.022636
2027,046706,Ayersville Local,b3,2026,655.700548
2027,046714,Central Local,a,,863.298623
2027,046714,Central Local,b1,2024,909.486734
2027,046714,Central Local,b2,2025,874.331601
2027,046714,Central Local,b3,2026,863.298623
2027,046722,Northeastern Local,a,,935.8969
2027,046722,Northeastern Local,b1,2024,950.574946
2027,046722,Northeastern Local,b2,2025,924.826224
2027,046722,Northeastern Local,b3,2026,935.8969
2027,046748,Big Walnut Local,a,,3955.605116
2027,046748,Big Walnut Local,b1,2024,3884.653819
2027,046748,Big Walnut Local,b2,2025,3884.391411
2027,046748,Big Walnut Local,b3,2026,3955.605116
2027,046755,Buckeye Valley Local,a,,2180.925948
2027,046755,Buckeye Valley Local,b1,2024,2157.022362
2027,046755,Buckeye Valley Local,b2,2025,2164.735146
2027,046755,Buckeye Valley Local,b3,2026,2180.925948
2027,046763,Olentangy Local,a,,22882.809482
2027,046763,Olentangy Local,b1,2024,22324.952579
2027,046763,Olentangy Local,b2,2025,22581.937305
2027,046763,Olentangy Local,b3,2026,22882.809482
2027,046789,Edison Local (formerly Berlin-Milan),a,,1300.038675
2027,046789,Edison Local (formerly Berlin-Milan),b1,2024,1334.389832
2027,046789,Edison Local (formerly Berlin-Milan),b2,2025,1284.772289
2027,046789,Edison Local (formerly Berlin-Milan),b3,2026,1300.038675
2027,046797,Kelleys Island Local,a,,3.51
2027,046797,Kelleys Island Local,b1,2024,7.2
2027,046797,Kelleys Island Local,b2,2025,5
2027,046797,Kelleys Island Local,b3,2026,3.51
2027,046805,Margaretta Local,a,,911.549657
2027,046805,Margaretta Local,b1,2024,958.227102
2027,046805,Margaretta Local,b2,2025,930.435532
2027,046805,Margaretta Local,b3,2026,911.549657
2027,046813,Perkins Local,a,,1706.906534
2027,046813,Perkins Local,b1,2024,1759.293769
2027,046813,Perkins Local,b2,2025,1730.063989
2027,046813,Perkins Local,b3,2026,1706.906534
2027,046821,Vermilion Local,a,,1503.628283
2027,046821,Vermilion Local,b1,2024,1581.212293
2027,046821,Vermilion Local,b2,2025,1515.065688
2027,046821,Vermilion Local,b3,2026,1503.628283
2027,046847,Amanda-Clearcreek Local,a,,1446.347674
2027,046847,Amanda-Clearcreek Local,b1,2024,1453.26469
2027,046847,Amanda-Clearcreek Local,b2,2025,1423.947116
2027,046847,Amanda-Clearcreek Local,b3,2026,1446.347674
2027,046854,Berne Union Local,a,,777.5104
2027,046854,Berne Union Local,b1,2024,788.950479
2027,046854,Berne Union Local,b2,2025,773.950112
2027,046854,Berne Union Local,b3,2026,777.5104
2027,046862,Bloom-Carroll Local,a,,2261.811435
2027,046862,Bloom-Carroll Local,b1,2024,2262.064498
2027,046862,Bloom-Carroll Local,b2,2025,2287.074781
2027,046862,Bloom-Carroll Local,b3,2026,2261.811435
2027,046870,Fairfield Union Local,a,,1916.29084
2027,046870,Fairfield Union Local,b1,2024,1915.090142
2027,046870,Fairfield Union Local,b2,2025,1873.000105
2027,046870,Fairfield Union Local,b3,2026,1916.29084
2027,046888,Liberty Union-Thurston Local,a,,1083.317967
2027,046888,Liberty Union-Thurston Local,b1,2024,1171.162156
2027,046888,Liberty Union-Thurston Local,b2,2025,1146.429078
2027,046888,Liberty Union-Thurston Local,b3,2026,1083.317967
2027,046896,Pickerington Local,a,,11366.859873
2027,046896,Pickerington Local,b1,2024,10989.989315
2027,046896,Pickerington Local,b2,2025,11185.598479
2027,046896,Pickerington Local,b3,2026,11366.859873
2027,046904,Walnut Township Local,a,,449.121143
2027,046904,Walnut Township Local,b1,2024,475.011377
2027,046904,Walnut Township Local,b2,2025,475.74846
2027,046904,Walnut Township Local,b3,2026,449.121143
2027,046920,Miami Trace Local,a,,2299.210786
2027,046920,Miami Trace Local,b1,2024,2344.965908
2027,046920,Miami Trace Local,b2,2025,2330.154159
2027,046920,Miami Trace Local,b3,2026,2299.210786
2027,046946,Canal Winchester Local,a,,3649.336259
2027,046946,Canal Winchester Local,b1,2024,3556.934705
2027,046946,Canal Winchester Local,b2,2025,3634.13684
2027,046946,Canal Winchester Local,b3,2026,3649.336259
2027,046953,Hamilton Local,a,,3130.795551
2027,046953,Hamilton Local,b1,2024,2950.039359
2027,046953,Hamilton Local,b2,2025,3063.519537
2027,046953,Hamilton Local,b3,2026,3130.795551
2027,046961,Gahanna-Jefferson City,a,,8108.718456
2027,046961,Gahanna-Jefferson City,b1,2024,7868.299337
2027,046961,Gahanna-Jefferson City,b2,2025,7985.875333
2027,046961,Gahanna-Jefferson City,b3,2026,8108.718456
2027,046979,Groveport Madison Local,a,,6114.906741
2027,046979,Groveport Madison Local,b1,2024,6122.047696
2027,046979,Groveport Madison Local,b2,2025,6224.781953
2027,046979,Groveport Madison Local,b3,2026,6114.906741
2027,046995,New Albany-Plain Local,a,,4638.237189
2027,046995,New Albany-Plain Local,b1,2024,4630.669386
2027,046995,New Albany-Plain Local,b2,2025,4676.054211
2027,046995,New Albany-Plain Local,b3,2026,4638.237189
2027,047001,Reynoldsburg City,a,,6784.745966
2027,047001,Reynoldsburg City,b1,2024,7193.241022
2027,047001,Reynoldsburg City,b2,2025,7056.218893
2027,047001,Reynoldsburg City,b3,2026,6784.745966
2027,047019,Hilliard City,a,,15531.406177
2027,047019,Hilliard City,b1,2024,15612.71823
2027,047019,Hilliard City,b2,2025,15618.499325
2027,047019,Hilliard City,b3,2026,15531.406177
2027,047027,Dublin City,a,,16550.949373
2027,047027,Dublin City,b1,2024,15806.208261
2027,047027,Dublin City,b2,2025,15949.968502
2027,047027,Dublin City,b3,2026,16550.949373
2027,047043,Archbold-Area Local,a,,1112.138055
2027,047043,Archbold-Area Local,b1,2024,1134.938366
2027,047043,Archbold-Area Local,b2,2025,1114.282552
2027,047043,Archbold-Area Local,b3,2026,1112.138055
2027,047050,Evergreen Local,a,,1061.919077
2027,047050,Evergreen Local,b1,2024,1091.501626
2027,047050,Evergreen Local,b2,2025,1060.346696
2027,047050,Evergreen Local,b3,2026,1061.919077
2027,047068,Fayette Local,a,,294.678471
2027,047068,Fayette Local,b1,2024,308.207329
2027,047068,Fayette Local,b2,2025,292.062611
2027,047068,Fayette Local,b3,2026,294.678471
2027,047076,Pettisville Local,a,,441.535248
2027,047076,Pettisville Local,b1,2024,478.860847
2027,047076,Pettisville Local,b2,2025,468.444563
2027,047076,Pettisville Local,b3,2026,441.535248
2027,047084,Pike-Delta-York Local,a,,1039.958193
2027,047084,Pike-Delta-York Local,b1,2024,1112.774557
2027,047084,Pike-Delta-York Local,b2,2025,1068.807585
2027,047084,Pike-Delta-York Local,b3,2026,1039.958193
2027,047092,Swanton Local,a,,1054.872762
2027,047092,Swanton Local,b1,2024,1129.002941
2027,047092,Swanton Local,b2,2025,1087.573637
2027,047092,Swanton Local,b3,2026,1054.872762
2027,047167,Berkshire Local,a,,1281.635469
2027,047167,Berkshire Local,b1,2024,1295.622303
2027,047167,Berkshire Local,b2,2025,1274.677418
2027,047167,Berkshire Local,b3,2026,1281.635469
2027,047175,Cardinal Local,a,,687.214973
2027,047175,Cardinal Local,b1,2024,726.556297
2027,047175,Cardinal Local,b2,2025,684.145936
2027,047175,Cardinal Local,b3,2026,687.214973
2027,047183,Chardon Local,a,,2216.8597
2027,047183,Chardon Local,b1,2024,2418.564825
2027,047183,Chardon Local,b2,2025,2307.180054
2027,047183,Chardon Local,b3,2026,2216.8597
2027,047191,Kenston Local,a,,2357.311366
2027,047191,Kenston Local,b1,2024,2405.442023
2027,047191,Kenston Local,b2,2025,2354.221995
2027,047191,Kenston Local,b3,2026,2357.311366
2027,047225,West Geauga Local,a,,1884.266187
2027,047225,West Geauga Local,b1,2024,2053.067775
2027,047225,West Geauga Local,b2,2025,1952.08463
2027,047225,West Geauga Local,b3,2026,1884.266187
2027,047241,Beavercreek City,a,,7478.923743
2027,047241,Beavercreek City,b1,2024,7527.1837
2027,047241,Beavercreek City,b2,2025,7574.159068
2027,047241,Beavercreek City,b3,2026,7478.923743
2027,047258,Cedar Cliff Local,a,,547.544905
2027,047258,Cedar Cliff Local,b1,2024,552.083165
2027,047258,Cedar Cliff Local,b2,2025,554.428932
2027,047258,Cedar Cliff Local,b3,2026,547.544905
2027,047266,Greeneview Local,a,,1226.40063
2027,047266,Greeneview Local,b1,2024,1256.016564
2027,047266,Greeneview Local,b2,2025,1259.847097
2027,047266,Greeneview Local,b3,2026,1226.40063
2027,047274,Bellbrook-Sugarcreek Local,a,,2472.965305
2027,047274,Bellbrook-Sugarcreek Local,b1,2024,2559.061811
2027,047274,Bellbrook-Sugarcreek Local,b2,2025,2577.948169
2027,047274,Bellbrook-Sugarcreek Local,b3,2026,2472.965305
2027,047308,Rolling Hills Local,a,,1406.45103
2027,047308,Rolling Hills Local,b1,2024,1448.850182
2027,047308,Rolling Hills Local,b2,2025,1435.856098
2027,047308,Rolling Hills Local,b3,2026,1406.45103
2027,047332,Finneytown Local,a,,1097.800039
2027,047332,Finneytown Local,b1,2024,1167.557141
2027,047332,Finneytown Local,b2,2025,1151.487556
2027,047332,Finneytown Local,b3,2026,1097.800039
2027,047340,Forest Hills Local,a,,6214.403656
2027,047340,Forest Hills Local,b1,2024,6482.903954
2027,047340,Forest Hills Local,b2,2025,6370.056346
2027,047340,Forest Hills Local,b3,2026,6214.403656
2027,047365,Northwest Local,a,,7074.947078
2027,047365,Northwest Local,b1,2024,7740.158001
2027,047365,Northwest Local,b2,2025,7487.304186
2027,047365,Northwest Local,b3,2026,7074.947078
2027,047373,Oak Hills Local,a,,6799.681646
2027,047373,Oak Hills Local,b1,2024,7088.144903
2027,047373,Oak Hills Local,b2,2025,6962.87166
2027,047373,Oak Hills Local,b3,2026,6799.681646
2027,047381,Southwest Local,a,,4092.939793
2027,047381,Southwest Local,b1,2024,4149.990077
2027,047381,Southwest Local,b2,2025,4100.748168
2027,047381,Southwest Local,b3,2026,4092.939793
2027,047399,Three Rivers Local,a,,1754.891998
2027,047399,Three Rivers Local,b1,2024,1833.328418
2027,047399,Three Rivers Local,b2,2025,1804.214713
2027,047399,Three Rivers Local,b3,2026,1754.891998
2027,047415,Arcadia Local,a,,575.774004
2027,047415,Arcadia Local,b1,2024,581.503342
2027,047415,Arcadia Local,b2,2025,555.029922
2027,047415,Arcadia Local,b3,2026,575.774004
2027,047423,Arlington Local,a,,610.17666
2027,047423,Arlington Local,b1,2024,598.709332
2027,047423,Arlington Local,b2,2025,605.464849
2027,047423,Arlington Local,b3,2026,610.17666
2027,047431,Cory-Rawson Local,a,,474.991033
2027,047431,Cory-Rawson Local,b1,2024,494.230477
2027,047431,Cory-Rawson Local,b2,2025,504.333121
2027,047431,Cory-Rawson Local,b3,2026,474.991033
2027,047449,Liberty-Benton Local,a,,1571.686894
2027,047449,Liberty-Benton Local,b1,2024,1533.375907
2027,047449,Liberty-Benton Local,b2,2025,1547.528468
2027,047449,Liberty-Benton Local,b3,2026,1571.686894
2027,047456,McComb Local,a,,600.217227
2027,047456,McComb Local,b1,2024,601.079249
2027,047456,McComb Local,b2,2025,594.585586
2027,047456,McComb Local,b3,2026,600.217227
2027,047464,Van Buren Local,a,,995.599667
2027,047464,Van Buren Local,b1,2024,1034.178908
2027,047464,Van Buren Local,b2,2025,1023.024571
2027,047464,Van Buren Local,b3,2026,995.599667
2027,047472,Vanlue Local,a,,123.860596
2027,047472,Vanlue Local,b1,2024,149.883269
2027,047472,Vanlue Local,b2,2025,129.74375
2027,047472,Vanlue Local,b3,2026,123.860596
2027,047498,Hardin Northern Local,a,,386.070003
2027,047498,Hardin Northern Local,b1,2024,374.996332
2027,047498,Hardin Northern Local,b2,2025,382.697204
2027,047498,Hardin Northern Local,b3,2026,386.070003
2027,047506,Ridgemont Local,a,,454.463194
2027,047506,Ridgemont Local,b1,2024,457.022962
2027,047506,Ridgemont Local,b2,2025,460.099765
2027,047506,Ridgemont Local,b3,2026,454.463194
2027,047514,Riverdale Local,a,,846.996832
2027,047514,Riverdale Local,b1,2024,945.073059
2027,047514,Riverdale Local,b2,2025,901.381007
2027,047514,Riverdale Local,b3,2026,846.996832
2027,047522,Upper Scioto Valley Local,a,,436.803809
2027,047522,Upper Scioto Valley Local,b1,2024,402.49385
2027,047522,Upper Scioto Valley Local,b2,2025,411.09686
2027,047522,Upper Scioto Valley Local,b3,2026,436.803809
2027,047548,Conotton Valley Union Local,a,,483.192867
2027,047548,Conotton Valley Union Local,b1,2024,454.143382
2027,047548,Conotton Valley Union Local,b2,2025,464.801012
2027,047548,Conotton Valley Union Local,b3,2026,483.192867
2027,047571,Holgate Local,a,,374.199508
2027,047571,Holgate Local,b1,2024,394.708784
2027,047571,Holgate Local,b2,2025,386.239178
2027,047571,Holgate Local,b3,2026,374.199508
2027,047589,Liberty Center Local,a,,1024.096663
2027,047589,Liberty Center Local,b1,2024,1000.998483
2027,047589,Liberty Center Local,b2,2025,1012.143443
2027,047589,Liberty Center Local,b3,2026,1024.096663
2027,047597,Patrick Henry Local,a,,829.585813
2027,047597,Patrick Henry Local,b1,2024,828.85631
2027,047597,Patrick Henry Local,b2,2025,848.332428
2027,047597,Patrick Henry Local,b3,2026,829.585813
2027,047613,Bright Local,a,,640.870195
2027,047613,Bright Local,b1,2024,651.581418
2027,047613,Bright Local,b2,2025,655.085639
2027,047613,Bright Local,b3,2026,640.870195
2027,047621,Fairfield Local,a,,799.264167
2027,047621,Fairfield Local,b1,2024,852.955322
2027,047621,Fairfield Local,b2,2025,816.851877
2027,047621,Fairfield Local,b3,2026,799.264167
2027,047639,Lynchburg-Clay Local,a,,940.288656
2027,047639,Lynchburg-Clay Local,b1,2024,998.115736
2027,047639,Lynchburg-Clay Local,b2,2025,966.812396
2027,047639,Lynchburg-Clay Local,b3,2026,940.288656
2027,047688,East Holmes Local,a,,1482.395895
2027,047688,East Holmes Local,b1,2024,1478.447515
2027,047688,East Holmes Local,b2,2025,1459.766012
2027,047688,East Holmes Local,b3,2026,1482.395895
2027,047696,West Holmes Local,a,,1623.263305
2027,047696,West Holmes Local,b1,2024,1747.112978
2027,047696,West Holmes Local,b2,2025,1650.547071
2027,047696,West Holmes Local,b3,2026,1623.263305
2027,047712,Monroeville Local,a,,485.499943
2027,047712,Monroeville Local,b1,2024,521.95687
2027,047712,Monroeville Local,b2,2025,499.207076
2027,047712,Monroeville Local,b3,2026,485.499943
2027,047720,New London Local,a,,806.497538
2027,047720,New London Local,b1,2024,804.312241
2027,047720,New London Local,b2,2025,818.511951
2027,047720,New London Local,b3,2026,806.497538
2027,047738,South Central Local,a,,651.881441
2027,047738,South Central Local,b1,2024,699.883256
2027,047738,South Central Local,b2,2025,690.858579
2027,047738,South Central Local,b3,2026,651.881441
2027,047746,Western Reserve Local,a,,833.118176
2027,047746,Western Reserve Local,b1,2024,926.772858
2027,047746,Western Reserve Local,b2,2025,865.220335
2027,047746,Western Reserve Local,b3,2026,833.118176
2027,047761,Oak Hill Union Local,a,,961.242267
2027,047761,Oak Hill Union Local,b1,2024,1069.387347
2027,047761,Oak Hill Union Local,b2,2025,1014.578697
2027,047761,Oak Hill Union Local,b3,2026,961.242267
2027,047787,Buckeye Local,a,,1213.821506
2027,047787,Buckeye Local,b1,2024,1248.712822
2027,047787,Buckeye Local,b2,2025,1245.275354
2027,047787,Buckeye Local,b3,2026,1213.821506
2027,047795,Edison Local,a,,1238.091296
2027,047795,Edison Local,b1,2024,1272.924571
2027,047795,Edison Local,b2,2025,1242.811153
2027,047795,Edison Local,b3,2026,1238.091296
2027,047803,Indian Creek Local,a,,1704.091359
2027,047803,Indian Creek Local,b1,2024,1784.047546
2027,047803,Indian Creek Local,b2,2025,1743.261829
2027,047803,Indian Creek Local,b3,2026,1704.091359
2027,047829,Centerburg Local,a,,1004.479157
2027,047829,Centerburg Local,b1,2024,1021.702004
2027,047829,Centerburg Local,b2,2025,992.59829
2027,047829,Centerburg Local,b3,2026,1004.479157
2027,047837,Danville Local,a,,538.243497
2027,047837,Danville Local,b1,2024,558.883492
2027,047837,Danville Local,b2,2025,539.78169
2027,047837,Danville Local,b3,2026,538.243497
2027,047845,East Knox Local,a,,864.688647
2027,047845,East Knox Local,b1,2024,914.199606
2027,047845,East Knox Local,b2,2025,893.319349
2027,047845,East Knox Local,b3,2026,864.688647
2027,047852,Fredericktown Local,a,,1095.568249
2027,047852,Fredericktown Local,b1,2024,1165.850159
2027,047852,Fredericktown Local,b2,2025,1116.54314
2027,047852,Fredericktown Local,b3,2026,1095.568249
2027,047878,Kirtland Local,a,,991.588236
2027,047878,Kirtland Local,b1,2024,1069.680066
2027,047878,Kirtland Local,b2,2025,1015.401578
2027,047878,Kirtland Local,b3,2026,991.588236
2027,047886,Madison Local,a,,2384.093535
2027,047886,Madison Local,b1,2024,2491.866722
2027,047886,Madison Local,b2,2025,2430.38994
2027,047886,Madison Local,b3,2026,2384.093535
2027,047894,Riverside Local,a,,3825.283537
2027,047894,Riverside Local,b1,2024,3971.091449
2027,047894,Riverside Local,b2,2025,3899.627125
2027,047894,Riverside Local,b3,2026,3825.283537
2027,047902,Perry Local,a,,1384.505638
2027,047902,Perry Local,b1,2024,1404.294468
2027,047902,Perry Local,b2,2025,1417.177961
2027,047902,Perry Local,b3,2026,1384.505638
2027,047928,Dawson-Bryant Local,a,,1010.536754
2027,047928,Dawson-Bryant Local,b1,2024,1101.072392
2027,047928,Dawson-Bryant Local,b2,2025,1043.897448
2027,047928,Dawson-Bryant Local,b3,2026,1010.536754
2027,047936,Fairland Local,a,,1159.522871
2027,047936,Fairland Local,b1,2024,1310.646138
2027,047936,Fairland Local,b2,2025,1243.894712
2027,047936,Fairland Local,b3,2026,1159.522871
2027,047944,Rock Hill Local,a,,1179.007524
2027,047944,Rock Hill Local,b1,2024,1178.843988
2027,047944,Rock Hill Local,b2,2025,1192.543653
2027,047944,Rock Hill Local,b3,2026,1179.007524
2027,047951,South Point Local,a,,1247.518209
2027,047951,South Point Local,b1,2024,1296.27864
2027,047951,South Point Local,b2,2025,1264.872496
2027,047951,South Point Local,b3,2026,1247.518209
2027,047969,Symmes Valley Local,a,,638.835137
2027,047969,Symmes Valley Local,b1,2024,685.31081
2027,047969,Symmes Valley Local,b2,2025,671.063777
2027,047969,Symmes Valley Local,b3,2026,638.835137
2027,047985,Johnstown-Monroe Local,a,,1529.393042
2027,047985,Johnstown-Monroe Local,b1,2024,1633.337625
2027,047985,Johnstown-Monroe Local,b2,2025,1602.78212
2027,047985,Johnstown-Monroe Local,b3,2026,1529.393042
2027,047993,Lakewood Local,a,,1463.242291
2027,047993,Lakewood Local,b1,2024,1583.387665
2027,047993,Lakewood Local,b2,2025,1567.645039
2027,047993,Lakewood Local,b3,2026,1463.242291
2027,048009,Licking Heights Local,a,,5055.219725
2027,048009,Licking Heights Local,b1,2024,4980.3168
2027,048009,Licking Heights Local,b2,2025,5019.590959
2027,048009,Licking Heights Local,b3,2026,5055.219725
2027,048017,Licking Valley Local,a,,2014.583798
2027,048017,Licking Valley Local,b1,2024,2032.326127
2027,048017,Licking Valley Local,b2,2025,2015.075477
2027,048017,Licking Valley Local,b3,2026,2014.583798
2027,048025,North Fork Local,a,,1398.295946
2027,048025,North Fork Local,b1,2024,1466.293566
2027,048025,North Fork Local,b2,2025,1455.39015
2027,048025,North Fork Local,b3,2026,1398.295946
2027,048033,Northridge Local,a,,1070.525614
2027,048033,Northridge Local,b1,2024,1109.155828
2027,048033,Northridge Local,b2,2025,1105.894419
2027,048033,Northridge Local,b3,2026,1070.525614
2027,048041,Southwest Licking Local,a,,4843.988434
2027,048041,Southwest Licking Local,b1,2024,4659.79302
2027,048041,Southwest Licking Local,b2,2025,4739.2704
2027,048041,Southwest Licking Local,b3,2026,4843.988434
2027,048074,Benjamin Logan Local,a,,1545.854668
2027,048074,Benjamin Logan Local,b1,2024,1603.767052
2027,048074,Benjamin Logan Local,b2,2025,1555.00393
2027,048074,Benjamin Logan Local,b3,2026,1545.854668
2027,048082,Indian Lake Local,a,,1239.217205
2027,048082,Indian Lake Local,b1,2024,1348.892362
2027,048082,Indian Lake Local,b2,2025,1291.867973
2027,048082,Indian Lake Local,b3,2026,1239.217205
2027,048090,Riverside Local,a,,458.869171
2027,048090,Riverside Local,b1,2024,516.010358
2027,048090,Riverside Local,b2,2025,503.768918
2027,048090,Riverside Local,b3,2026,458.869171
2027,048116,Avon Local,a,,3896.289296
2027,048116,Avon Local,b1,2024,4133.790768
2027,048116,Avon Local,b2,2025,3961.063812
2027,048116,Avon Local,b3,2026,3896.289296
2027,048124,Avon Lake City,a,,3068.321296
2027,048124,Avon Lake City,b1,2024,3296.337175
2027,048124,Avon Lake City,b2,2025,3213.726722
2027,048124,Avon Lake City,b3,2026,3068.321296
2027,048132,Clearview Local,a,,1117.588203
2027,048132,Clearview Local,b1,2024,1261.478355
2027,048132,Clearview Local,b2,2025,1235.995474
2027,048132,Clearview Local,b3,2026,1117.588203
2027,048140,Columbia Local,a,,1005.927536
2027,048140,Columbia Local,b1,2024,965.782084
2027,048140,Columbia Local,b2,2025,977.710581
2027,048140,Columbia Local,b3,2026,1005.927536
2027,048157,Firelands Local,a,,1640.799487
2027,048157,Firelands Local,b1,2024,1697.415345
2027,048157,Firelands Local,b2,2025,1657.388341
2027,048157,Firelands Local,b3,2026,1640.799487
2027,048165,Keystone Local,a,,1337.74452
2027,048165,Keystone Local,b1,2024,1477.152092
2027,048165,Keystone Local,b2,2025,1389.073713
2027,048165,Keystone Local,b3,2026,1337.74452
2027,048173,Midview Local,a,,2432.073319
2027,048173,Midview Local,b1,2024,2502.094281
2027,048173,Midview Local,b2,2025,2479.563358
2027,048173,Midview Local,b3,2026,2432.073319
2027,048207,Anthony Wayne Local,a,,3721.075455
2027,048207,Anthony Wayne Local,b1,2024,3932.105491
2027,048207,Anthony Wayne Local,b2,2025,3846.970701
2027,048207,Anthony Wayne Local,b3,2026,3721.075455
2027,048215,Ottawa Hills Local,a,,993.802623
2027,048215,Ottawa Hills Local,b1,2024,1031.021743
2027,048215,Ottawa Hills Local,b2,2025,1022.295559
2027,048215,Ottawa Hills Local,b3,2026,993.802623
2027,048223,Springfield Local,a,,2914.116595
2027,048223,Springfield Local,b1,2024,3126.948202
2027,048223,Springfield Local,b2,2025,3015.726489
2027,048223,Springfield Local,b3,2026,2914.116595
2027,048231,Washington Local,a,,6348.044722
2027,048231,Washington Local,b1,2024,6686.862463
2027,048231,Washington Local,b2,2025,6549.397795
2027,048231,Washington Local,b3,2026,6348.044722
2027,048256,Jefferson Local,a,,945.94593
2027,048256,Jefferson Local,b1,2024,930.152013
2027,048256,Jefferson Local,b2,2025,945.835609
2027,048256,Jefferson Local,b3,2026,945.94593
2027,048264,Jonathan Alder Local,a,,2272.640502
2027,048264,Jonathan Alder Local,b1,2024,2164.411679
2027,048264,Jonathan Alder Local,b2,2025,2209.503572
2027,048264,Jonathan Alder Local,b3,2026,2272.640502
2027,048272,Madison-Plains Local,a,,1077.467816
2027,048272,Madison-Plains Local,b1,2024,1081.410422
2027,048272,Madison-Plains Local,b2,2025,1072.079985
2027,048272,Madison-Plains Local,b3,2026,1077.467816
2027,048298,Austintown Local Schools,a,,4020.081423
2027,048298,Austintown Local Schools,b1,2024,4109.715442
2027,048298,Austintown Local Schools,b2,2025,4076.909964
2027,048298,Austintown Local Schools,b3,2026,4020.081423
2027,048306,Boardman Local,a,,3435.37697
2027,048306,Boardman Local,b1,2024,3649.431703
2027,048306,Boardman Local,b2,2025,3526.420133
2027,048306,Boardman Local,b3,2026,3435.37697
2027,048314,Canfield Local,a,,2402.114144
2027,048314,Canfield Local,b1,2024,2441.742906
2027,048314,Canfield Local,b2,2025,2410.278076
2027,048314,Canfield Local,b3,2026,2402.114144
2027,048322,Jackson-Milton Local,a,,751.875758
2027,048322,Jackson-Milton Local,b1,2024,772.015442
2027,048322,Jackson-Milton Local,b2,2025,768.54962
2027,048322,Jackson-Milton Local,b3,2026,751.875758
2027,048330,Lowellville Local,a,,442.68524
2027,048330,Lowellville Local,b1,2024,445.387601
2027,048330,Lowellville Local,b2,2025,453.151054
2027,048330,Lowellville Local,b3,2026,442.68524
2027,048348,Poland Local,a,,1635.856078
2027,048348,Poland Local,b1,2024,1695.035921
2027,048348,Poland Local,b2,2025,1666.085191
2027,048348,Poland Local,b3,2026,1635.856078
2027,048355,Sebring Local,a,,354.028557
2027,048355,Sebring Local,b1,2024,374.079368
2027,048355,Sebring Local,b2,2025,364.152527
2027,048355,Sebring Local,b3,2026,354.028557
2027,048363,South Range Local,a,,1210.581667
2027,048363,South Range Local,b1,2024,1219.509592
2027,048363,South Range Local,b2,2025,1228.352433
2027,048363,South Range Local,b3,2026,1210.581667
2027,048371,Springfield Local,a,,871.776491
2027,048371,Springfield Local,b1,2024,889.919101
2027,048371,Springfield Local,b2,2025,864.904393
2027,048371,Springfield Local,b3,2026,871.776491
2027,048389,West Branch Local,a,,1624.447466
2027,048389,West Branch Local,b1,2024,1660.869256
2027,048389,West Branch Local,b2,2025,1642.644435
2027,048389,West Branch Local,b3,2026,1624.447466
2027,048397,Western Reserve Local,a,,556.055678
2027,048397,Western Reserve Local,b1,2024,548.049154
2027,048397,Western Reserve Local,b2,2025,544.706325
2027,048397,Western Reserve Local,b3,2026,556.055678
2027,048413,Elgin Local,a,,981.750778
2027,048413,Elgin Local,b1,2024,981.10506
2027,048413,Elgin Local,b2,2025,1014.962833
2027,048413,Elgin Local,b3,2026,981.750778
2027,048421,Pleasant Local,a,,1235.591871
2027,048421,Pleasant Local,b1,2024,1246.959379
2027,048421,Pleasant Local,b2,2025,1257.432978
2027,048421,Pleasant Local,b3,2026,1235.591871
2027,048439,Ridgedale Local,a,,604.009294
2027,048439,Ridgedale Local,b1,2024,595.978751
2027,048439,Ridgedale Local,b2,2025,597.798072
2027,048439,Ridgedale Local,b3,2026,604.009294
2027,048447,River Valley Local,a,,1777.436261
2027,048447,River Valley Local,b1,2024,1803.775034
2027,048447,River Valley Local,b2,2025,1765.067038
2027,048447,River Valley Local,b3,2026,1777.436261
2027,048462,Black River Local,a,,852.85471
2027,048462,Black River Local,b1,2024,936.89503
2027,048462,Black River Local,b2,2025,880.943359
2027,048462,Black River Local,b3,2026,852.85471
2027,048470,Buckeye Local,a,,1832.742841
2027,048470,Buckeye Local,b1,2024,2017.410879
2027,048470,Buckeye Local,b2,2025,1927.839107
2027,048470,Buckeye Local,b3,2026,1832.742841
2027,048488,Cloverleaf Local,a,,2323.400652
2027,048488,Cloverleaf Local,b1,2024,2211.231051
2027,048488,Cloverleaf Local,b2,2025,2274.39121
2027,048488,Cloverleaf Local,b3,2026,2323.400652
2027,048496,Highland Local,a,,3142.557644
2027,048496,Highland Local,b1,2024,3292.049142
2027,048496,Highland Local,b2,2025,3208.938096
2027,048496,Highland Local,b3,2026,3142.557644
2027,048512,Eastern Local,a,,700.235055
2027,048512,Eastern Local,b1,2024,718.381136
2027,048512,Eastern Local,b2,2025,714.944861
2027,048512,Eastern Local,b3,2026,700.235055
2027,048520,Meigs Local,a,,1426.737329
2027,048520,Meigs Local,b1,2024,1515.185745
2027,048520,Meigs Local,b2,2025,1476.577948
2027,048520,Meigs Local,b3,2026,1426.737329
2027,048538,Southern Local,a,,634.806229
2027,048538,Southern Local,b1,2024,649.514266
2027,048538,Southern Local,b2,2025,646.044128
2027,048538,Southern Local,b3,2026,634.806229
2027,048553,Marion Local,a,,992.300802
2027,048553,Marion Local,b1,2024,936.935699
2027,048553,Marion Local,b2,2025,979.625607
2027,048553,Marion Local,b3,2026,992.300802
2027,048579,Parkway Local,a,,912.82058
2027,048579,Parkway Local,b1,2024,939.176364
2027,048579,Parkway Local,b2,2025,925.945594
2027,048579,Parkway Local,b3,2026,912.82058
2027,048587,St Henry Consolidated Local,a,,1006.471268
2027,048587,St Henry Consolidated Local,b1,2024,964.994504
2027,048587,St Henry Consolidated Local,b2,2025,984.550553
2027,048587,St Henry Consolidated Local,b3,2026,1006.471268
2027,048595,Fort Recovery Local,a,,909.609283
2027,048595,Fort Recovery Local,b1,2024,934.679635
2027,048595,Fort Recovery Local,b2,2025,912.013846
2027,048595,Fort Recovery Local,b3,2026,909.609283
2027,048611,Bethel Local,a,,1926.287475
2027,048611,Bethel Local,b1,2024,1927.525876
2027,048611,Bethel Local,b2,2025,1987.278175
2027,048611,Bethel Local,b3,2026,1926.287475
2027,048629,Miami East Local,a,,1292.501627
2027,048629,Miami East Local,b1,2024,1301.016529
2027,048629,Miami East Local,b2,2025,1292.398146
2027,048629,Miami East Local,b3,2026,1292.501627
2027,048637,Newton Local,a,,592.800834
2027,048637,Newton Local,b1,2024,586.115849
2027,048637,Newton Local,b2,2025,599.906266
2027,048637,Newton Local,b3,2026,592.800834
2027,048652,Switzerland of Ohio Local,a,,1798.138894
2027,048652,Switzerland of Ohio Local,b1,2024,1915.498464
2027,048652,Switzerland of Ohio Local,b2,2025,1846.282975
2027,048652,Switzerland of Ohio Local,b3,2026,1798.138894
2027,048678,Brookville Local,a,,1503.413717
2027,048678,Brookville Local,b1,2024,1480.181619
2027,048678,Brookville Local,b2,2025,1479.708583
2027,048678,Brookville Local,b3,2026,1503.413717
2027,048686,Jefferson Township Local,a,,267.350856
2027,048686,Jefferson Township Local,b1,2024,247.362535
2027,048686,Jefferson Township Local,b2,2025,264.993454
2027,048686,Jefferson Township Local,b3,2026,267.350856
2027,048694,Trotwood-Madison City,a,,2410.328262
2027,048694,Trotwood-Madison City,b1,2024,2386.946838
2027,048694,Trotwood-Madison City,b2,2025,2377.224762
2027,048694,Trotwood-Madison City,b3,2026,2410.328262
2027,048702,Mad River Local,a,,3555.606698
2027,048702,Mad River Local,b1,2024,3587.296951
2027,048702,Mad River Local,b2,2025,3555.910744
2027,048702,Mad River Local,b3,2026,3555.606698
2027,048710,New Lebanon Local School District,a,,948.078133
2027,048710,New Lebanon Local School District,b1,2024,1009.544011
2027,048710,New Lebanon Local School District,b2,2025,962.592718
2027,048710,New Lebanon Local School District,b3,2026,948.078133
2027,048728,Northmont City,a,,4379.250573
2027,048728,Northmont City,b1,2024,4499.935781
2027,048728,Northmont City,b2,2025,4495.660236
2027,048728,Northmont City,b3,2026,4379.250573
2027,048736,Northridge Local,a,,1544.026718
2027,048736,Northridge Local,b1,2024,1583.564013
2027,048736,Northridge Local,b2,2025,1546.360931
2027,048736,Northridge Local,b3,2026,1544.026718
2027,048744,Valley View Local,a,,1613.808757
2027,048744,Valley View Local,b1,2024,1639.778287
2027,048744,Valley View Local,b2,2025,1615.534063
2027,048744,Valley View Local,b3,2026,1613.808757
2027,048751,Huber Heights City,a,,5213.346124
2027,048751,Huber Heights City,b1,2024,5631.46178
2027,048751,Huber Heights City,b2,2025,5503.101551
2027,048751,Huber Heights City,b3,2026,5213.346124
2027,048777,Morgan Local,a,,1417.493354
2027,048777,Morgan Local,b1,2024,1523.482977
2027,048777,Morgan Local,b2,2025,1485.044846
2027,048777,Morgan Local,b3,2026,1417.493354
2027,048793,Cardington-Lincoln Local,a,,840.086735
2027,048793,Cardington-Lincoln Local,b1,2024,909.645692
2027,048793,Cardington-Lincoln Local,b2,2025,873.385552
2027,048793,Cardington-Lincoln Local,b3,2026,840.086735
2027,048801,Highland Local,a,,1589.370616
2027,048801,Highland Local,b1,2024,1607.60595
2027,048801,Highland Local,b2,2025,1602.199324
2027,048801,Highland Local,b3,2026,1589.370616
2027,048819,Northmor Local,a,,959.248131
2027,048819,Northmor Local,b1,2024,992.584987
2027,048819,Northmor Local,b2,2025,965.822361
2027,048819,Northmor Local,b3,2026,959.248131
2027,048835,East Muskingum Local,a,,1935.953691
2027,048835,East Muskingum Local,b1,2024,2026.278854
2027,048835,East Muskingum Local,b2,2025,2018.813873
2027,048835,East Muskingum Local,b3,2026,1935.953691
2027,048843,Franklin Local,a,,1675.076128
2027,048843,Franklin Local,b1,2024,1737.955817
2027,048843,Franklin Local,b2,2025,1694.659344
2027,048843,Franklin Local,b3,2026,1675.076128
2027,048850,Maysville Local,a,,1781.387315
2027,048850,Maysville Local,b1,2024,1707.445833
2027,048850,Maysville Local,b2,2025,1711.735403
2027,048850,Maysville Local,b3,2026,1781.387315
2027,048876,Tri-Valley Local,a,,2698.101054
2027,048876,Tri-Valley Local,b1,2024,2766.834841
2027,048876,Tri-Valley Local,b2,2025,2718.079276
2027,048876,Tri-Valley Local,b3,2026,2698.101054
2027,048884,West Muskingum Local,a,,1622.026153
2027,048884,West Muskingum Local,b1,2024,1576.651909
2027,048884,West Muskingum Local,b2,2025,1609.438628
2027,048884,West Muskingum Local,b3,2026,1622.026153
2027,048900,Noble Local,a,,883.172711
2027,048900,Noble Local,b1,2024,935.077293
2027,048900,Noble Local,b2,2025,910.406892
2027,048900,Noble Local,b3,2026,883.172711
2027,048926,Benton Carroll Salem Local,a,,1261.974066
2027,048926,Benton Carroll Salem Local,b1,2024,1264.313853
2027,048926,Benton Carroll Salem Local,b2,2025,1249.703111
2027,048926,Benton Carroll Salem Local,b3,2026,1261.974066
2027,048934,Danbury Local,a,,444.612622
2027,048934,Danbury Local,b1,2024,470.514271
2027,048934,Danbury Local,b2,2025,476.473432
2027,048934,Danbury Local,b3,2026,444.612622
2027,048942,Genoa Area Local,a,,1181.861067
2027,048942,Genoa Area Local,b1,2024,1212.882327
2027,048942,Genoa Area Local,b2,2025,1182.473496
2027,048942,Genoa Area Local,b3,2026,1181.861067
2027,048959,Middle Bass Local,a,,0
2027,048959,Middle Bass Local,b1,2024,0
2027,048959,Middle Bass Local,b2,2025,0
2027,048959,Middle Bass Local,b3,2026,0
2027,048967,North Bass Local,a,,0
2027,048967,North Bass Local,b1,2024,0
2027,048967,North Bass Local,b2,2025,0
2027,048967,North Bass Local,b3,2026,0
2027,048975,Put-In-Bay Local,a,,63.32
2027,048975,Put-In-Bay Local,b1,2024,61.794183
2027,048975,Put-In-Bay Local,b2,2025,62.987808
2027,048975,Put-In-Bay Local,b3,2026,63.32
2027,048991,Antwerp Local,a,,610.994129
2027,048991,Antwerp Local,b1,2024,596.196622
2027,048991,Antwerp Local,b2,2025,601.771175
2027,048991,Antwerp Local,b3,2026,610.994129
2027,049031,Wayne Trace Local,a,,832.134232
2027,049031,Wayne Trace Local,b1,2024,869.814785
2027,049031,Wayne Trace Local,b2,2025,857.360033
2027,049031,Wayne Trace Local,b3,2026,832.134232
2027,049056,Northern Local,a,,2107.798622
2027,049056,Northern Local,b1,2024,2193.807529
2027,049056,Northern Local,b2,2025,2143.175602
2027,049056,Northern Local,b3,2026,2107.798622
2027,049064,Southern Local,a,,563.777399
2027,049064,Southern Local,b1,2024,563.153346
2027,049064,Southern Local,b2,2025,557.333168
2027,049064,Southern Local,b3,2026,563.777399
2027,049080,Logan Elm Local,a,,1490.943406
2027,049080,Logan Elm Local,b1,2024,1620.763528
2027,049080,Logan Elm Local,b2,2025,1570.01851
2027,049080,Logan Elm Local,b3,2026,1490.943406
2027,049098,Teays Valley Local,a,,4447.968982
2027,049098,Teays Valley Local,b1,2024,4327.587625
2027,049098,Teays Valley Local,b2,2025,4334.308843
2027,049098,Teays Valley Local,b3,2026,4447.968982
2027,049106,Westfall Local,a,,1104.458704
2027,049106,Westfall Local,b1,2024,1258.525919
2027,049106,Westfall Local,b2,2025,1233.130552
2027,049106,Westfall Local,b3,2026,1104.458704
2027,049122,Eastern Local School District,a,,690.780955
2027,049122,Eastern Local School District,b1,2024,727.393484
2027,049122,Eastern Local School District,b2,2025,725.264792
2027,049122,Eastern Local School District,b3,2026,690.780955
2027,049130,Scioto Valley Local,a,,1091.913293
2027,049130,Scioto Valley Local,b1,2024,1178.545447
2027,049130,Scioto Valley Local,b2,2025,1133.569515
2027,049130,Scioto Valley Local,b3,2026,1091.913293
2027,049148,Waverly City,a,,1619.437264
2027,049148,Waverly City,b1,2024,1649.970189
2027,049148,Waverly City,b2,2025,1594.187288
2027,049148,Waverly City,b3,2026,1619.437264
2027,049155,Western Local,a,,645.326984
2027,049155,Western Local,b1,2024,661.585512
2027,049155,Western Local,b2,2025,663.668196
2027,049155,Western Local,b3,2026,645.326984
2027,049171,Aurora City,a,,2803.040721
2027,049171,Aurora City,b1,2024,2819.341687
2027,049171,Aurora City,b2,2025,2821.41472
2027,049171,Aurora City,b3,2026,2803.040721
2027,049189,Crestwood Local,a,,1145.604461
2027,049189,Crestwood Local,b1,2024,1287.834503
2027,049189,Crestwood Local,b2,2025,1232.877574
2027,049189,Crestwood Local,b3,2026,1145.604461
2027,049197,Field Local,a,,1934.205334
2027,049197,Field Local,b1,2024,1918.822629
2027,049197,Field Local,b2,2025,1932.98075
2027,049197,Field Local,b3,2026,1934.205334
2027,049205,James A Garfield Local,a,,1139.207989
2027,049205,James A Garfield Local,b1,2024,1144.048205
2027,049205,James A Garfield Local,b2,2025,1116.946924
2027,049205,James A Garfield Local,b3,2026,1139.207989
2027,049213,Rootstown Local,a,,904.00818
2027,049213,Rootstown Local,b1,2024,949.610828
2027,049213,Rootstown Local,b2,2025,914.41483
2027,049213,Rootstown Local,b3,2026,904.00818
2027,049221,Southeast Local,a,,1366.45758
2027,049221,Southeast Local,b1,2024,1408.72771
2027,049221,Southeast Local,b2,2025,1384.205992
2027,049221,Southeast Local,b3,2026,1366.45758
2027,049239,Streetsboro City,a,,1804.214862
2027,049239,Streetsboro City,b1,2024,1874.11152
2027,049239,Streetsboro City,b2,2025,1858.157214
2027,049239,Streetsboro City,b3,2026,1804.214862
2027,049247,Waterloo Local,a,,700.167413
2027,049247,Waterloo Local,b1,2024,745.002222
2027,049247,Waterloo Local,b2,2025,717.201133
2027,049247,Waterloo Local,b3,2026,700.167413
2027,049270,National Trail Local,a,,857.695832
2027,049270,National Trail Local,b1,2024,881.246127
2027,049270,National Trail Local,b2,2025,877.314127
2027,049270,National Trail Local,b3,2026,857.695832
2027,049288,Preble Shawnee Local,a,,1171.638571
2027,049288,Preble Shawnee Local,b1,2024,1251.499031
2027,049288,Preble Shawnee Local,b2,2025,1181.00013
2027,049288,Preble Shawnee Local,b3,2026,1171.638571
2027,049296,Twin Valley Community Local,a,,670.543832
2027,049296,Twin Valley Community Local,b1,2024,711.675937
2027,049296,Twin Valley Community Local,b2,2025,689.014538
2027,049296,Twin Valley Community Local,b3,2026,670.543832
2027,049312,Columbus Grove Local,a,,692.533018
2027,049312,Columbus Grove Local,b1,2024,715.592937
2027,049312,Columbus Grove Local,b2,2025,687.520224
2027,049312,Columbus Grove Local,b3,2026,692.533018
2027,049320,Continental Local,a,,484.406963
2027,049320,Continental Local,b1,2024,471.692318
2027,049320,Continental Local,b2,2025,483.829446
2027,049320,Continental Local,b3,2026,484.406963
2027,049338,Jennings Local,a,,320.256547
2027,049338,Jennings Local,b1,2024,346.540647
2027,049338,Jennings Local,b2,2025,326.742474
2027,049338,Jennings Local,b3,2026,320.256547
2027,049346,Kalida Local,a,,594.73688
2027,049346,Kalida Local,b1,2024,606.306358
2027,049346,Kalida Local,b2,2025,597.263248
2027,049346,Kalida Local,b3,2026,594.73688
2027,049353,Leipsic Local,a,,623.748926
2027,049353,Leipsic Local,b1,2024,641.165566
2027,049353,Leipsic Local,b2,2025,641.958539
2027,049353,Leipsic Local,b3,2026,623.748926
2027,049361,Miller City-New Cleveland Local,a,,522.748441
2027,049361,Miller City-New Cleveland Local,b1,2024,528.476431
2027,049361,Miller City-New Cleveland Local,b2,2025,518.92316
2027,049361,Miller City-New Cleveland Local,b3,2026,522.748441
2027,049379,Ottawa-Glandorf Local,a,,1370.591452
2027,049379,Ottawa-Glandorf Local,b1,2024,1413.618047
2027,049379,Ottawa-Glandorf Local,b2,2025,1421.663089
2027,049379,Ottawa-Glandorf Local,b3,2026,1370.591452
2027,049387,Ottoville Local,a,,478.274221
2027,049387,Ottoville Local,b1,2024,486.386229
2027,049387,Ottoville Local,b2,2025,483.461485
2027,049387,Ottoville Local,b3,2026,478.274221
2027,049395,Pandora-Gilboa Local,a,,463.011482
2027,049395,Pandora-Gilboa Local,b1,2024,512.710325
2027,049395,Pandora-Gilboa Local,b2,2025,499.94585
2027,049395,Pandora-Gilboa Local,b3,2026,463.011482
2027,049411,Clear Fork Valley Local,a,,1419.805173
2027,049411,Clear Fork Valley Local,b1,2024,1474.013705
2027,049411,Clear Fork Valley Local,b2,2025,1428.745846
2027,049411,Clear Fork Valley Local,b3,2026,1419.805173
2027,049429,Crestview Local,a,,778.527488
2027,049429,Crestview Local,b1,2024,850.834415
2027,049429,Crestview Local,b2,2025,834.207909
2027,049429,Crestview Local,b3,2026,778.527488
2027,049437,Lexington Local,a,,2129.80187
2027,049437,Lexington Local,b1,2024,2251.695322
2027,049437,Lexington Local,b2,2025,2146.143517
2027,049437,Lexington Local,b3,2026,2129.80187
2027,049445,Lucas Local,a,,378.226752
2027,049445,Lucas Local,b1,2024,400.547171
2027,049445,Lucas Local,b2,2025,393.168864
2027,049445,Lucas Local,b3,2026,378.226752
2027,049452,Madison Local,a,,2382.334843
2027,049452,Madison Local,b1,2024,2511.734337
2027,049452,Madison Local,b2,2025,2444.161838
2027,049452,Madison Local,b3,2026,2382.334843
2027,049460,Plymouth-Shiloh Local,a,,589.429371
2027,049460,Plymouth-Shiloh Local,b1,2024,628.789506
2027,049460,Plymouth-Shiloh Local,b2,2025,595.916413
2027,049460,Plymouth-Shiloh Local,b3,2026,589.429371
2027,049478,Ontario Local,a,,1881.695759
2027,049478,Ontario Local,b1,2024,1851.704322
2027,049478,Ontario Local,b2,2025,1855.216788
2027,049478,Ontario Local,b3,2026,1881.695759
2027,049494,Adena Local,a,,982.259345
2027,049494,Adena Local,b1,2024,1067.859628
2027,049494,Adena Local,b2,2025,1015.366975
2027,049494,Adena Local,b3,2026,982.259345
2027,049502,Huntington Local,a,,935.48139
2027,049502,Huntington Local,b1,2024,1018.973017
2027,049502,Huntington Local,b2,2025,982.452182
2027,049502,Huntington Local,b3,2026,935.48139
2027,049510,Paint Valley Local,a,,660.974345
2027,049510,Paint Valley Local,b1,2024,722.544984
2027,049510,Paint Valley Local,b2,2025,678.234723
2027,049510,Paint Valley Local,b3,2026,660.974345
2027,049528,Southeastern Local,a,,877.670975
2027,049528,Southeastern Local,b1,2024,899.306524
2027,049528,Southeastern Local,b2,2025,891.802076
2027,049528,Southeastern Local,b3,2026,877.670975
2027,049536,Union-Scioto Local,a,,1997.772547
2027,049536,Union-Scioto Local,b1,2024,1983.690131
2027,049536,Union-Scioto Local,b2,2025,1968.97013
2027,049536,Union-Scioto Local,b3,2026,1997.772547
2027,049544,Zane Trace Local,a,,1112.799812
2027,049544,Zane Trace Local,b1,2024,1187.329301
2027,049544,Zane Trace Local,b2,2025,1161.430307
2027,049544,Zane Trace Local,b3,2026,1112.799812
2027,049569,Lakota Local,a,,823.962274
2027,049569,Lakota Local,b1,2024,874.524625
2027,049569,Lakota Local,b2,2025,860.442834
2027,049569,Lakota Local,b3,2026,823.962274
2027,049577,Woodmore Local,a,,844.093746
2027,049577,Woodmore Local,b1,2024,894.989054
2027,049577,Woodmore Local,b2,2025,866.133952
2027,049577,Woodmore Local,b3,2026,844.093746
2027,049593,Bloom-Vernon Local,a,,748.866024
2027,049593,Bloom-Vernon Local,b1,2024,767.80285
2027,049593,Bloom-Vernon Local,b2,2025,734.192849
2027,049593,Bloom-Vernon Local,b3,2026,748.866024
2027,049601,Clay Local,a,,549.542574
2027,049601,Clay Local,b1,2024,573.828637
2027,049601,Clay Local,b2,2025,568.617239
2027,049601,Clay Local,b3,2026,549.542574
2027,049619,Green Local,a,,453.547904
2027,049619,Green Local,b1,2024,469.134136
2027,049619,Green Local,b2,2025,466.050948
2027,049619,Green Local,b3,2026,453.547904
2027,049627,Minford Local,a,,1061.685478
2027,049627,Minford Local,b1,2024,1149.440049
2027,049627,Minford Local,b2,2025,1112.219928
2027,049627,Minford Local,b3,2026,1061.685478
2027,049635,Northwest Local,a,,1074.659021
2027,049635,Northwest Local,b1,2024,1148.390613
2027,049635,Northwest Local,b2,2025,1075.514855
2027,049635,Northwest Local,b3,2026,1074.659021
2027,049643,Valley Local,a,,952.573894
2027,049643,Valley Local,b1,2024,957.494803
2027,049643,Valley Local,b2,2025,954.382734
2027,049643,Valley Local,b3,2026,952.573894
2027,049650,Washington-Nile Local,a,,1038.289509
2027,049650,Washington-Nile Local,b1,2024,1115.327468
2027,049650,Washington-Nile Local,b2,2025,1062.376489
2027,049650,Washington-Nile Local,b3,2026,1038.289509
2027,049668,Wheelersburg Local,a,,1483.863889
2027,049668,Wheelersburg Local,b1,2024,1488.934321
2027,049668,Wheelersburg Local,b2,2025,1489.229147
2027,049668,Wheelersburg Local,b3,2026,1483.863889
2027,049684,Seneca East Local,a,,765.874522
2027,049684,Seneca East Local,b1,2024,767.552081
2027,049684,Seneca East Local,b2,2025,766.013695
2027,049684,Seneca East Local,b3,2026,765.874522
2027,049700,Hopewell-Loudon Local,a,,744.703172
2027,049700,Hopewell-Loudon Local,b1,2024,725.249328
2027,049700,Hopewell-Loudon Local,b2,2025,726.07532
2027,049700,Hopewell-Loudon Local,b3,2026,744.703172
2027,049718,New Riegel Local,a,,362.682249
2027,049718,New Riegel Local,b1,2024,394.197096
2027,049718,New Riegel Local,b2,2025,377.422574
2027,049718,New Riegel Local,b3,2026,362.682249
2027,049726,Old Fort Local,a,,556.730195
2027,049726,Old Fort Local,b1,2024,618.943015
2027,049726,Old Fort Local,b2,2025,579.673669
2027,049726,Old Fort Local,b3,2026,556.730195
2027,049759,Anna Local,a,,1040.420868
2027,049759,Anna Local,b1,2024,1081.937839
2027,049759,Anna Local,b2,2025,1072.440994
2027,049759,Anna Local,b3,2026,1040.420868
2027,049767,Botkins Local,a,,590.929579
2027,049767,Botkins Local,b1,2024,614.995641
2027,049767,Botkins Local,b2,2025,588.703448
2027,049767,Botkins Local,b3,2026,590.929579
2027,049775,Fairlawn Local,a,,488.35829
2027,049775,Fairlawn Local,b1,2024,497.022892
2027,049775,Fairlawn Local,b2,2025,485.552743
2027,049775,Fairlawn Local,b3,2026,488.35829
2027,049783,Fort Loramie Local,a,,674.213083
2027,049783,Fort Loramie Local,b1,2024,670.797205
2027,049783,Fort Loramie Local,b2,2025,665.42605
2027,049783,Fort Loramie Local,b3,2026,674.213083
2027,049791,Hardin-Houston Local,a,,652.904016
2027,049791,Hardin-Houston Local,b1,2024,697.789937
2027,049791,Hardin-Houston Local,b2,2025,670.674016
2027,049791,Hardin-Houston Local,b3,2026,652.904016
2027,049809,Jackson Center Local,a,,439.152479
2027,049809,Jackson Center Local,b1,2024,475.998102
2027,049809,Jackson Center Local,b2,2025,476.893044
2027,049809,Jackson Center Local,b3,2026,439.152479
2027,049817,Russia Local,a,,409.925395
2027,049817,Russia Local,b1,2024,409.732877
2027,049817,Russia Local,b2,2025,401.69902
2027,049817,Russia Local,b3,2026,409.925395
2027,049833,Canton Local,a,,1578.531384
2027,049833,Canton Local,b1,2024,1609.623108
2027,049833,Canton Local,b2,2025,1610.447359
2027,049833,Canton Local,b3,2026,1578.531384
2027,049841,Fairless Local,a,,1217.181696
2027,049841,Fairless Local,b1,2024,1243.346881
2027,049841,Fairless Local,b2,2025,1229.413112
2027,049841,Fairless Local,b3,2026,1217.181696
2027,049858,Jackson Local,a,,5626.726154
2027,049858,Jackson Local,b1,2024,5776.440097
2027,049858,Jackson Local,b2,2025,5721.04229
2027,049858,Jackson Local,b3,2026,5626.726154
2027,049866,Lake Local,a,,3199.105257
2027,049866,Lake Local,b1,2024,3234.575821
2027,049866,Lake Local,b2,2025,3285.733593
2027,049866,Lake Local,b3,2026,3199.105257
2027,049874,Louisville City,a,,2623.516288
2027,049874,Louisville City,b1,2024,2674.878033
2027,049874,Louisville City,b2,2025,2663.261809
2027,049874,Louisville City,b3,2026,2623.516288
2027,049882,Marlington Local,a,,1740.300984
2027,049882,Marlington Local,b1,2024,1858.998556
2027,049882,Marlington Local,b2,2025,1837.551986
2027,049882,Marlington Local,b3,2026,1740.300984
2027,049890,Minerva Local,a,,1567.535635
2027,049890,Minerva Local,b1,2024,1652.385343
2027,049890,Minerva Local,b2,2025,1623.94055
2027,049890,Minerva Local,b3,2026,1567.535635
2027,049908,Northwest Local,a,,1587.696517
2027,049908,Northwest Local,b1,2024,1663.100975
2027,049908,Northwest Local,b2,2025,1627.844453
2027,049908,Northwest Local,b3,2026,1587.696517
2027,049916,Osnaburg Local,a,,843.792999
2027,049916,Osnaburg Local,b1,2024,850.025672
2027,049916,Osnaburg Local,b2,2025,844.649812
2027,049916,Osnaburg Local,b3,2026,843.792999
2027,049924,Perry Local,a,,3868.976854
2027,049924,Perry Local,b1,2024,4060.210221
2027,049924,Perry Local,b2,2025,3966.942052
2027,049924,Perry Local,b3,2026,3868.976854
2027,049932,Plain Local,a,,5525.269619
2027,049932,Plain Local,b1,2024,5760.51133
2027,049932,Plain Local,b2,2025,5671.940395
2027,049932,Plain Local,b3,2026,5525.269619
2027,049940,Sandy Valley Local,a,,1208.725257
2027,049940,Sandy Valley Local,b1,2024,1247.748784
2027,049940,Sandy Valley Local,b2,2025,1208.273251
2027,049940,Sandy Valley Local,b3,2026,1208.725257
2027,049957,Tuslaw Local,a,,1244.22192
2027,049957,Tuslaw Local,b1,2024,1226.325353
2027,049957,Tuslaw Local,b2,2025,1270.687388
2027,049957,Tuslaw Local,b3,2026,1244.22192
2027,049973,Woodridge Local,a,,1819.789453
2027,049973,Woodridge Local,b1,2024,1840.445855
2027,049973,Woodridge Local,b2,2025,1839.771338
2027,049973,Woodridge Local,b3,2026,1819.789453
2027,049981,Copley-Fairlawn City,a,,2578.979784
2027,049981,Copley-Fairlawn City,b1,2024,2675.572613
2027,049981,Copley-Fairlawn City,b2,2025,2620.795538
2027,049981,Copley-Fairlawn City,b3,2026,2578.979784
2027,049999,Coventry Local,a,,1342.921514
2027,049999,Coventry Local,b1,2024,1393.740741
2027,049999,Coventry Local,b2,2025,1398.09805
2027,049999,Coventry Local,b3,2026,1342.921514
2027,050005,Manchester Local,a,,1177.696878
2027,050005,Manchester Local,b1,2024,1197.748107
2027,050005,Manchester Local,b2,2025,1173.828642
2027,050005,Manchester Local,b3,2026,1177.696878
2027,050013,Green Local,a,,3678.630616
2027,050013,Green Local,b1,2024,3730.531259
2027,050013,Green Local,b2,2025,3742.186878
2027,050013,Green Local,b3,2026,3678.630616
2027,050021,Hudson City,a,,4216.975914
2027,050021,Hudson City,b1,2024,4256.491028
2027,050021,Hudson City,b2,2025,4225.069594
2027,050021,Hudson City,b3,2026,4216.975914
2027,050039,Mogadore Local,a,,632.928635
2027,050039,Mogadore Local,b1,2024,727.485648
2027,050039,Mogadore Local,b2,2025,661.201821
2027,050039,Mogadore Local,b3,2026,632.928635
2027,050047,Nordonia Hills City,a,,2997.473032
2027,050047,Nordonia Hills City,b1,2024,3221.831654
2027,050047,Nordonia Hills City,b2,2025,3155.132113
2027,050047,Nordonia Hills City,b3,2026,2997.473032
2027,050054,Revere Local,a,,2639.624009
2027,050054,Revere Local,b1,2024,2698.899637
2027,050054,Revere Local,b2,2025,2711.341919
2027,050054,Revere Local,b3,2026,2639.624009
2027,050062,Springfield Local,a,,1602.410905
2027,050062,Springfield Local,b1,2024,1662.650695
2027,050062,Springfield Local,b2,2025,1597.423803
2027,050062,Springfield Local,b3,2026,1602.410905
2027,050070,Twinsburg City,a,,3551.678538
2027,050070,Twinsburg City,b1,2024,3676.431156
2027,050070,Twinsburg City,b2,2025,3605.613608
2027,050070,Twinsburg City,b3,2026,3551.678538
2027,050096,Bloomfield-Mespo Local,a,,185.899413
2027,050096,Bloomfield-Mespo Local,b1,2024,198.496075
2027,050096,Bloomfield-Mespo Local,b2,2025,191.87968
2027,050096,Bloomfield-Mespo Local,b3,2026,185.899413
2027,050112,Bristol Local,a,,409.287245
2027,050112,Bristol Local,b1,2024,456.835392
2027,050112,Bristol Local,b2,2025,423.376914
2027,050112,Bristol Local,b3,2026,409.287245
2027,050120,Brookfield Local,a,,936.740861
2027,050120,Brookfield Local,b1,2024,968.110706
2027,050120,Brookfield Local,b2,2025,962.187414
2027,050120,Brookfield Local,b3,2026,936.740861
2027,050138,Champion Local,a,,1128.471282
2027,050138,Champion Local,b1,2024,1218.18741
2027,050138,Champion Local,b2,2025,1147.285647
2027,050138,Champion Local,b3,2026,1128.471282
2027,050153,Mathews Local,a,,578.34918
2027,050153,Mathews Local,b1,2024,583.44051
2027,050153,Mathews Local,b2,2025,581.566086
2027,050153,Mathews Local,b3,2026,578.34918
2027,050161,Howland Local,a,,2149.837428
2027,050161,Howland Local,b1,2024,2295.829078
2027,050161,Howland Local,b2,2025,2209.354657
2027,050161,Howland Local,b3,2026,2149.837428
2027,050179,Joseph Badger Local,a,,537.756645
2027,050179,Joseph Badger Local,b1,2024,579.00851
2027,050179,Joseph Badger Local,b2,2025,551.538033
2027,050179,Joseph Badger Local,b3,2026,537.756645
2027,050187,Lakeview Local,a,,1420.72617
2027,050187,Lakeview Local,b1,2024,1482.210533
2027,050187,Lakeview Local,b2,2025,1451.626002
2027,050187,Lakeview Local,b3,2026,1420.72617
2027,050195,Liberty Local,a,,1030.851086
2027,050195,Liberty Local,b1,2024,1129.319102
2027,050195,Liberty Local,b2,2025,1061.841782
2027,050195,Liberty Local,b3,2026,1030.851086
2027,050203,Lordstown Local,a,,362.916197
2027,050203,Lordstown Local,b1,2024,403.039407
2027,050203,Lordstown Local,b2,2025,382.061358
2027,050203,Lordstown Local,b3,2026,362.916197
2027,050211,Maplewood Local,a,,607.744006
2027,050211,Maplewood Local,b1,2024,611.792187
2027,050211,Maplewood Local,b2,2025,604.658474
2027,050211,Maplewood Local,b3,2026,607.744006
2027,050229,McDonald Local,a,,668.966484
2027,050229,McDonald Local,b1,2024,699.824321
2027,050229,McDonald Local,b2,2025,698.40619
2027,050229,McDonald Local,b3,2026,668.966484
2027,050237,Southington Local,a,,404.081886
2027,050237,Southington Local,b1,2024,401.282978
2027,050237,Southington Local,b2,2025,414.878557
2027,050237,Southington Local,b3,2026,404.081886
2027,050245,LaBrae Local,a,,957.814469
2027,050245,LaBrae Local,b1,2024,1009.190863
2027,050245,LaBrae Local,b2,2025,991.550449
2027,050245,LaBrae Local,b3,2026,957.814469
2027,050252,Weathersfield Local,a,,872.474607
2027,050252,Weathersfield Local,b1,2024,886.10381
2027,050252,Weathersfield Local,b2,2025,866.832846
2027,050252,Weathersfield Local,b3,2026,872.474607
2027,050278,Garaway Local,a,,1051.761853
2027,050278,Garaway Local,b1,2024,1063.290001
2027,050278,Garaway Local,b2,2025,1059.362353
2027,050278,Garaway Local,b3,2026,1051.761853
2027,050286,Indian Valley Local,a,,1615.983659
2027,050286,Indian Valley Local,b1,2024,1657.923952
2027,050286,Indian Valley Local,b2,2025,1576.563921
2027,050286,Indian Valley Local,b3,2026,1615.983659
2027,050294,Strasburg-Franklin Local,a,,494.325928
2027,050294,Strasburg-Franklin Local,b1,2024,522.395448
2027,050294,Strasburg-Franklin Local,b2,2025,482.964796
2027,050294,Strasburg-Franklin Local,b3,2026,494.325928
2027,050302,Tuscarawas Valley Local,a,,1192.666623
2027,050302,Tuscarawas Valley Local,b1,2024,1229.532825
2027,050302,Tuscarawas Valley Local,b2,2025,1205.090434
2027,050302,Tuscarawas Valley Local,b3,2026,1192.666623
2027,050328,Fairbanks Local,a,,1005.394355
2027,050328,Fairbanks Local,b1,2024,1036.210664
2027,050328,Fairbanks Local,b2,2025,1037.994302
2027,050328,Fairbanks Local,b3,2026,1005.394355
2027,050336,North Union Local School District,a,,1312.639717
2027,050336,North Union Local School District,b1,2024,1354.818221
2027,050336,North Union Local School District,b2,2025,1312.780219
2027,050336,North Union Local School District,b3,2026,1312.639717
2027,050351,Crestview Local,a,,824.519128
2027,050351,Crestview Local,b1,2024,835.775509
2027,050351,Crestview Local,b2,2025,840.160074
2027,050351,Crestview Local,b3,2026,824.519128
2027,050369,Lincolnview Local,a,,809.310893
2027,050369,Lincolnview Local,b1,2024,819.158598
2027,050369,Lincolnview Local,b2,2025,811.303625
2027,050369,Lincolnview Local,b3,2026,809.310893
2027,050393,Vinton County Local,a,,1504.434839
2027,050393,Vinton County Local,b1,2024,1583.706449
2027,050393,Vinton County Local,b2,2025,1549.55344
2027,050393,Vinton County Local,b3,2026,1504.434839
2027,050419,Carlisle Local,a,,1430.39523
2027,050419,Carlisle Local,b1,2024,1474.646836
2027,050419,Carlisle Local,b2,2025,1447.421043
2027,050419,Carlisle Local,b3,2026,1430.39523
2027,050427,Springboro Community City,a,,5562.987701
2027,050427,Springboro Community City,b1,2024,5677.48858
2027,050427,Springboro Community City,b2,2025,5670.872265
2027,050427,Springboro Community City,b3,2026,5562.987701
2027,050435,Kings Local,a,,4794.878543
2027,050435,Kings Local,b1,2024,4684.563155
2027,050435,Kings Local,b2,2025,4750.043634
2027,050435,Kings Local,b3,2026,4794.878543
2027,050443,Little Miami Local,a,,5312.915655
2027,050443,Little Miami Local,b1,2024,5161.057025
2027,050443,Little Miami Local,b2,2025,5279.869405
2027,050443,Little Miami Local,b3,2026,5312.915655
2027,050450,Mason City,a,,9715.476991
2027,050450,Mason City,b1,2024,9743.715125
2027,050450,Mason City,b2,2025,9648.605668
2027,050450,Mason City,b3,2026,9715.476991
2027,050468,Wayne Local,a,,1398.764654
2027,050468,Wayne Local,b1,2024,1458.071381
2027,050468,Wayne Local,b2,2025,1406.680828
2027,050468,Wayne Local,b3,2026,1398.764654
2027,050484,Fort Frye Local,a,,910.902054
2027,050484,Fort Frye Local,b1,2024,907.174048
2027,050484,Fort Frye Local,b2,2025,882.205398
2027,050484,Fort Frye Local,b3,2026,910.902054
2027,050492,Frontier Local,a,,520.655278
2027,050492,Frontier Local,b1,2024,536.292829
2027,050492,Frontier Local,b2,2025,538.235946
2027,050492,Frontier Local,b3,2026,520.655278
2027,050500,Warren Local,a,,2003.754479
2027,050500,Warren Local,b1,2024,1993.488857
2027,050500,Warren Local,b2,2025,2002.74105
2027,050500,Warren Local,b3,2026,2003.754479
2027,050518,Wolf Creek Local,a,,587.643866
2027,050518,Wolf Creek Local,b1,2024,590.339245
2027,050518,Wolf Creek Local,b2,2025,597.491291
2027,050518,Wolf Creek Local,b3,2026,587.643866
2027,050534,Chippewa Local,a,,1084.919633
2027,050534,Chippewa Local,b1,2024,1152.695706
2027,050534,Chippewa Local,b2,2025,1097.209376
2027,050534,Chippewa Local,b3,2026,1084.919633
2027,050542,Dalton Local,a,,835.960265
2027,050542,Dalton Local,b1,2024,886.20957
2027,050542,Dalton Local,b2,2025,856.397391
2027,050542,Dalton Local,b3,2026,835.960265
2027,050559,Green Local,a,,1003.938418
2027,050559,Green Local,b1,2024,1021.210656
2027,050559,Green Local,b2,2025,1018.294367
2027,050559,Green Local,b3,2026,1003.938418
2027,050567,Norwayne Local,a,,1209.419276
2027,050567,Norwayne Local,b1,2024,1276.261088
2027,050567,Norwayne Local,b2,2025,1223.970442
2027,050567,Norwayne Local,b3,2026,1209.419276
2027,050575,Northwestern Local,a,,1144.940876
2027,050575,Northwestern Local,b1,2024,1191.865725
2027,050575,Northwestern Local,b2,2025,1172.15576
2027,050575,Northwestern Local,b3,2026,1144.940876
2027,050583,Southeast Local,a,,945.863045
2027,050583,Southeast Local,b1,2024,1157.29659
2027,050583,Southeast Local,b2,2025,976.36712
2027,050583,Southeast Local,b3,2026,945.863045
2027,050591,Triway Local,a,,1391.458384
2027,050591,Triway Local,b1,2024,1411.183092
2027,050591,Triway Local,b2,2025,1376.91496
2027,050591,Triway Local,b3,2026,1391.458384
2027,050617,Edgerton Local,a,,342.381799
2027,050617,Edgerton Local,b1,2024,495.747514
2027,050617,Edgerton Local,b2,2025,504.481598
2027,050617,Edgerton Local,b3,2026,342.381799
2027,050625,Edon Northwest Local,a,,474.317821
2027,050625,Edon Northwest Local,b1,2024,489.09564
2027,050625,Edon Northwest Local,b2,2025,484.150661
2027,050625,Edon Northwest Local,b3,2026,474.317821
2027,050633,Millcreek-West Unity Local,a,,481.195276
2027,050633,Millcreek-West Unity Local,b1,2024,511.244036
2027,050633,Millcreek-West Unity Local,b2,2025,502.339111
2027,050633,Millcreek-West Unity Local,b3,2026,481.195276
2027,050641,North Central Local,a,,468.052862
2027,050641,North Central Local,b1,2024,530.300235
2027,050641,North Central Local,b2,2025,482.326001
2027,050641,North Central Local,b3,2026,468.052862
2027,050658,Stryker Local,a,,332.252626
2027,050658,Stryker Local,b1,2024,354.538218
2027,050658,Stryker Local,b2,2025,335.098743
2027,050658,Stryker Local,b3,2026,332.252626
2027,050674,Eastwood Local,a,,1401.446341
2027,050674,Eastwood Local,b1,2024,1377.201063
2027,050674,Eastwood Local,b2,2025,1412.119433
2027,050674,Eastwood Local,b3,2026,1401.446341
2027,050682,Elmwood Local,a,,990.237844
2027,050682,Elmwood Local,b1,2024,1081.889914
2027,050682,Elmwood Local,b2,2025,1051.45387
2027,050682,Elmwood Local,b3,2026,990.237844
2027,050690,Lake Local,a,,1442.950907
2027,050690,Lake Local,b1,2024,1483.19503
2027,050690,Lake Local,b2,2025,1492.390597
2027,050690,Lake Local,b3,2026,1442.950907
2027,050708,North Baltimore Local,a,,592.774715
2027,050708,North Baltimore Local,b1,2024,594.732936
2027,050708,North Baltimore Local,b2,2025,589.393977
2027,050708,North Baltimore Local,b3,2026,592.774715
2027,050716,Northwood Local Schools,a,,816.284441
2027,050716,Northwood Local Schools,b1,2024,816.183342
2027,050716,Northwood Local Schools,b2,2025,823.839056
2027,050716,Northwood Local Schools,b3,2026,816.284441
2027,050724,Otsego Local,a,,1404.468689
2027,050724,Otsego Local,b1,2024,1451.495042
2027,050724,Otsego Local,b2,2025,1455.538445
2027,050724,Otsego Local,b3,2026,1404.468689
2027,050740,Mohawk Local,a,,743.133248
2027,050740,Mohawk Local,b1,2024,731.070272
2027,050740,Mohawk Local,b2,2025,742.234438
2027,050740,Mohawk Local,b3,2026,743.133248
2027,061903,Adams County Ohio Valley Local,a,,3082.309072
2027,061903,Adams County Ohio Valley Local,b1,2024,3273.802606
2027,061903,Adams County Ohio Valley Local,b2,2025,3212.55973
2027,061903,Adams County Ohio Valley Local,b3,2026,3082.309072
2027,064964,College Corner Local,a,,114.401115
2027,064964,College Corner Local,b1,2024,126.575512
2027,064964,College Corner Local,b2,2025,115.432037
2027,064964,College Corner Local,b3,2026,114.401115
2027,065680,Gallia County Local,a,,1866.184857
2027,065680,Gallia County Local,b1,2024,1967.824443
2027,065680,Gallia County Local,b2,2025,1876.815768
2027,065680,Gallia County Local,b3,2026,1866.184857
2027,069682,East Guernsey Local,a,,894.725977
2027,069682,East Guernsey Local,b1,2024,950.356905
2027,069682,East Guernsey Local,b2,2025,914.244373
2027,069682,East Guernsey Local,b3,2026,894.725977
2027,091397,Tri-County North Local,a,,644.644043
2027,091397,Tri-County North Local,b1,2024,693.926078
2027,091397,Tri-County North Local,b2,2025,666.215507
2027,091397,Tri-County North Local,b3,2026,644.644043
2027,139303,Monroe Local,a,,2685.606885
2027,139303,Monroe Local,b1,2024,2670.899444
2027,139303,Monroe Local,b2,2025,2694.55282
2027,139303,Monroe Local,b3,2026,2685.606885
