edition	fund	ali	name	legal_basis
2006	GRF	200100	Personal Services	ORC 3301.13; Section 206.09 of Am. Sub. H.B. 66 of the 126th G.A.
2006	GRF	200320	Maintenance and Equipment	ORC 3301.13; Section 206.09.03 of Am. Sub. H.B.66 of the 126th G.A. (originally established by Am. Sub. H.B. 282 of the 123rd G.A.)
2006	GRF	200406	Head Start	Discontinued line item
2006	GRF	200408	Early Childhood Education	Section 206.09.06 of Am. Sub. H.B. 66 of the 126th G.A.
2006	GRF	200410	Educator Training	Section 206.09.09 of Am. Sub. H.B. 66 of the 126th G.A.
2006	GRF	200411	Family and Children First	Discontinued line item; ORC 121.37 (originally established by Am. Sub. H.B. 152 of the 120th G.A.)
2006	GRF	200416	Career-Technical Education Match	Section 206.09.10 of Am. Sub. H.B. 66 of the 126th G.A. (originally established by Am. Sub. H.B. 191 of the 112th G.A.)
2006	GRF	200420	Computer/Application/Network Development	Section 206.09.12 of Am. Sub. H.B. 66 of the 126th G.A. (originally established by Am. Sub. H.B. 282 of the 123rd G.A.)
2006	GRF	200421	Alternative Education Programs	Section 206.09.12 of Am. Sub. H.B. 66 of the 126th G.A. (originally established by Am. Sub. H.B. 640 of the 123rd G.A.)
2006	GRF	200422	School Management Assistance	ORC 3301.073 and 3316; Section 206.09.12 of Am. Sub. H.B. 66 of the 126th G.A. (originally established by Am. H.B. 1285 of the 112th G.A.)
2006	GRF	200424	Policy Analysis	Section 206.09.12 of Am. Sub. H.B. 66 of the 126th G.A. (originally established by Am. Sub. H.B. 204 of the 113th G.A.)
2006	GRF	200425	Tech Prep Consortia Support	Section 206.09.12 of Am. Sub. H.B. 66 of the 126th G.A. (originally established by Controlling Board in FY 2001 and modified by Am. Sub. H.B. 94 of the 124th G.A.)
2006	GRF	200426	Ohio Educational Computer Network	ORC 3301.07; Section 206.09.12 of Am. Sub. H.B. 66 of the 126th G.A.
2006	GRF	200427	Academic Standards	ORC 3301.079; Section 206.09.12 of Am. Sub. H.B. 66 of the 126th G.A.
2006	GRF	200431	School Improvement Initiatives	ORC 3302.03 and 3302.04; Section 206.09.15 of Am. Sub. H.B. 66 of the 126th G.A. (originally established by Am. Sub. H.B. 111 of the 118th G.A.)
2006	GRF	200432	School Conflict Management	Discontinued line item (originally established by Sub. H.B. 715 of the 120th G.A.)
2006	GRF	200433	Reading/Writing Improvement - Professional Development	Section 206.09.15 of Am. Sub. H.B. 66 of the 126th G.A. (originally established by Am. Sub. H.B. 94 of the 124th G.A.)
2006	GRF	200437	Student Assessment	ORC 3301.0710, 3301.0711, and 3301.27; Section 206.09.15 of Am. Sub. H.B. 66 of the 126th G.A. (originally established by Am. Sub. H.B. 111 of the 118th G.A.)
2006	GRF	200438	Safe Schools	Discontinued line item
2006	GRF	200439	Accountability/Report Cards	ORC 3302.03; Section 206.09.15 of Am. Sub. H.B. 66 of the 126th G.A. (originally established by Am. Sub. H.B. 95 of the 125th G.A.)
2006	GRF	200441	American Sign Language	Discontinued line item (originally established by Am. Sub. H.B. 111 of the 118th G.A.)
2006	GRF	200442	Child Care Licensing	ORC 3301.52 through 3301.59; Section 206.09.15 of Am. Sub. H.B. 66 of the 126th G.A. (originally established by Controlling Board on October 16, 1995)
2006	GRF	200444	Professional Recruitment	Discontinued line item
2006	GRF	200445	OhioReads Volunteer Support	Section 206.09.15 of Am. Sub. H.B. 66 of the 126th G.A. (originally established by Am. Sub. H.B. 1 and modified by Am. Sub. H.B. 282 of the 123rd G.A.)
2006	GRF	200446	Education Management Information System	ORC 3301.0714; Section 206.09.18 of Am. Sub. H.B. 66 of the 126th G.A.
2006	GRF	200447	GED Testing	ORC 3313.531; Section 206.09.18 of Am. Sub. H.B. 66 of the 126th G.A. (originally established by Controlling Board on January 8, 1990)
2006	GRF	200448	Educator Preparation	Section 206.09.18 of Am. Sub. H.B. 66 of the 126th G.A.
2006	GRF	200449	Head Start/Head Start Plus Start Up	Discontinued line item (originally established by Am. Sub. H.B. 95 of the 125th G.A.)
2006	GRF	200452	Teaching Success Commission Initiatives	Discontinued line item (originally established by Am. Sub. H.B. 95 of the 125th G.A.)
2006	GRF	200455	Community Schools	ORC 3314.11; Section 206.09.18 of Am. Sub. H.B. 66 of the 126th G.A. (originally established by Am. Sub. H.B. 215 of the 122nd G.A.)
2006	GRF	200500	School Finance Equity	Discontinued line item (originally established in Sub. H.B. 671 of the 119th G.A.)
2006	GRF	200501	Base Cost Funding	Discontinued line item (originally established in OEC 3317.022)
2006	GRF	200502	Pupil Transportation	ORC 3317.022 and 3317.02; Section 206.09.21 of Am. Sub. H.B. 66 of the 126th G.A.
2006	GRF	200503	Bus Purchase Allowance	ORC 3317.07; Section 206.09.21 of Am. Sub. H.B. 66 of the 126th G.A.
2006	GRF	200505	School Lunch Match	ORC 3313.81 and 3317.024; Section 206.09.21 of Am. Sub. H.B. 66 of the 126th G.A.
2006	GRF	200509	Adult Literacy Education	ORC 3317.024; Section 206.09.24 of Am. Sub. H.B. 66 of the 126th G.A.
2006	GRF	200510	County Commissioners Reimbursement	Discontinued line item (originally established by Controlling Board on July 1, 2002)
2006	GRF	200511	Auxiliary Services	ORC 3317.024 and 3317.06; Section 206.09.24 of Am. Sub. H.B. 66 of the 126th G.A.
2006	GRF	200513	Student Intervention Services	Discontinued line item (originally established by Am. Sub. H.B. 282 of the 123rd G.A.)
2006	GRF	200514	Postsecondary Adult Career-Technical Education	ORC 3313.52 and 3313.53; Section 206.09.24 of Am. Sub. H.B. 66 of the 126th G.A.
2006	GRF	200520	Disadvantaged Pupil Impact Aid	Discontinued line item (originally established in ORC 3317.029)
2006	GRF	200521	Gifted Pupil Program	ORC 3317.024; Section 206.09.27 of Am. Sub. H.B. 66 of the 126th G.A.
2006	GRF	200525	Parity Aid	Discontinued line item (originally established by Am. Sub. H.B. 282 of the 123rd G.A.)
2006	GRF	200532	Nonpublic Administrative Cost Reimbursement	ORC 3317.063; Section 206.09.27 of Am. Sub. H.B. 66 of the 126th G.A. (originally established by Am. Sub. H.B. 694 of the 114th G.A.)
2006	GRF	200533	School-Age Child Care	Discontinued line item (originally established in ORC 3301.59 by Am. Sub. H.B. 238 of the 116th G.A.)
2006	GRF	200534	Desegregation Costs	Discontinued line item (originally established in ORC 3301.18)
2006	GRF	200540	Special Education Enhancements	ORC 3317.20, 3317.052, and 3317.05; Section 206.09.30 of Am. Sub. H.B. 66 of the 126th G.A. (originally established by Am. Sub. H.B. 650 of the 122nd G.A.)
2006	GRF	200545	Career-Technical Education Enhancements	Section 206.09.33 of Am. Sub. H.B. 66 of the 126th G.A. (originally established by Am. Sub. H.B. 650 of the 122nd G.A.)
2006	GRF	200546	Charge-Off Supplement	Discontinued line item (originally established by Am. Sub. H.B. 650 of the 122nd G.A.)
2006	GRF	200547	Power Equalization	Discontinued line item (originally established by Am. Sub. H.B. 650 of the 122nd G.A.; ORC 3317.0215)
2006	GRF	200550	Foundation Funding	ORC 3317; Sections 206.09.36, 206.09.39, and 206.09.42 of Am. Sub. H.B. 66 of the 126th G.A. (originally established by Am. Sub. H.B. 66 of the 126th G.A.)
2006	GRF	200552	County MR/DD Boards Vehicle Purchases	Discontinued line item (originally established in ORC 3317.07)
2006	GRF	200553	County MR/DD Boards Transportation Operating	Discontinued line item (originally established in ORC 3317.024)
2006	GRF	200558	Emergency Loan Interest Subsidy	ORC 3313.484; Section 206.09.42 of Am. Sub. H.B. 66 of the 126th G.A.
2006	GRF	200566	Reading/Writing Improvement Classroom Grants	Section 206.09.45 of Am. Sub. H.B. 66 of the 126th G.A. (originally established by Am. Sub. H.B. 1 and modified by Am. Sub. H.B. 282 of the 123rd G.A.)
2006	GRF	200570	School Improvement Incentive Grants	Discontinued line item (originally established by Am. Sub. H.B. 282 of the 123rd G.A.)
2006	GRF	200572	Teacher Incentive Grants	Discontinued line item (originally established by Am. Sub. H.B. 282 of the 123rd G.A.)
2006	GRF	200574	Substance Abuse Prevention	Discontinued line item (originally established by Am. Sub. H.B. 282 of the 123rd G.A.)
2006	GRF	200578	Safe and Supportive Schools	Section 206.09.45 of Am. Sub. H.B. 66 of the 126th G.A.
2006	GRF	200580	Bethel School Clean-Up	Discontinued line item. (originally established by Am. Sub. H.B. 282 of the 123rd G.A.)
2006	GRF	200901	Property Tax Allocation - Education	ORC 319.301 and 323.151 through 323.157; Section 206.09.48 of Am. Sub. H.B. 66 of the 126th G.A.
2006	GRF	200906	Tangible Tax Exemption-Education	ORC 5709.01; Section 206.09.48 of Am. Sub. H.B. 66 of the 126th G.A.
2006	138	200606	Computer Services - Operational Support	Section 206.09 of Am. Sub. H.B. 66 of the 126th G.A. (originally established by Controlling Board on July 20, 1961)
2006	452	200638	Miscellaneous Educational Services	Section 206.09 of Am. Sub. H.B. 66 of the 126th G.A. (originally established by Controlling Board on April 13, 1972)
2006	4D1	200602	Ohio Prevention/Education Resource Center	Section 206.09 of Am. Sub. H.B. 66 of the 126th G.A. (originally established by Controlling Board on September 21, 1992)
2006	4L2	200681	Teacher Certification and Licensure	Section 206.09.51 of Am. Sub. H.B. 66 of the 126th G.A. (originally established by Am. Sub. H.B. 152 of the 120th G.A.)
2006	596	200656	Ohio Career Information System	Section 206.09 of Am. Sub. H.B. 66 of the 126th G.A. (originally established by Am. Sub. H.B. 238 of the 116th G.A.)
2006	5B1	200651	Child Nutrition Services	Discontinued line item (originally established by Am. Sub. H.B. 282 of the 123rd G.A.)
2006	5H3	200687	School District Solvency Assistance	ORC 3316.20 (originally established by Am. Sub. H.B. 650 of the 122nd G.A.)
2006	309	200601	Educationally Disadvantaged	Section 206.09 of Am. Sub. H.B. 66 of the 126th G.A. (originally established by Controlling Board on March 28, 1966)
2006	366	200604	Adult Basic Education	Section 206.09 of Am. Sub. H.B. 66 of the 126th G.A. (authorized by Adult Education and Family Literacy Act, Title II of Public Law 105-220, The Workforce Investment Act of 1998).
2006	367	200607	School Food Services	Section 206.09 of Am. Sub. H.B. 66 of the 126th G.A. (originally established by Controlling Board on October 27, 1967)
2006	368	200614	Veterans' Training	Section 206.09 of Am. Sub. H.B. 66 of the 126th G.A. (originally established by Controlling Board on August 18, 1965; authorized by Title 38, US Code, Veterans Benefits; Chapter 36, Subchapter 1, State Approving Agencies)
2006	369	200616	Career-Technical Education Federal Enhancement	Section 206.09 of Am. Sub. H.B. 66 of the 126th G.A. (originally established by Controlling Board on September 23, 1964)
2006	370	200624	Education of Exceptional Children	Section 206.09 of Am. Sub. H.B. 66 of the 126th G.A. (originally established by Controlling Board on May 9, 1968)
2006	371	200631	Immigrant Education Opportunities	Section 206.09 of Am. Sub. H.B. 66 of the 126th G.A. (originally established by Controlling Board on August 24, 1971)
2006	374	200647	Troops to Teachers	Section 206.09 of Am. Sub. H.B. 66 of the 126th G.A. (originally established by Controlling Board in FY 1976)
2006	378	200660	Learn and Serve	Section 206.09 of Am. Sub. H.B. 66 of the 126th G.A. (originally established by Controlling Board on July 29, 1985)
2006	3AF	200603	School Medicaid Administrative Claims	Section 206.09 of Am. Sub. H.B. 66 of the 126th G.A. (Originally established by Controlling Board on September 22, 2003)
2006	3AK	200692	State Homeland Security	Discontinued line item (originally established by Controlling Board on February 9, 2004)
2006	3C5	200661	Early Childhood Education	Section 206.09 of Am. Sub. H.B. 66 of the 126th G.A. (originally established by Controlling Board on November 11, 1986)
2006	3D1	200664	Drug Free Schools	Section 206.09 of Am. Sub. H.B. 66 of the 126th G.A. (originally established by Controlling Board on May 4, 1987)
2006	3D2	200667	Honors Scholarship Program	Section 206.09 of Am. Sub. H.B. 66 of the 126th G.A. (originally established by Controlling Board on April 20, 1987)
2006	3E2	200668	AIDS Education Project	Discontinued line item (originally established by Controlling Board on December 7, 1987)
2006	3H9	200605	Head Start Collaboration Project	Section 206.09 of Am. Sub. H.B. 66 of the 126th G.A. (authorized by the Human Services Amendment Act of 1994, Public Law 103-252)
2006	3L6	200617	Federal School Lunch	Section 206.09 of Am. Sub. H.B. 66 of the 126th G.A. (originally established by Am. Sub. H.B. 152 of the 120th G.A.)
2006	3L7	200618	Federal School Breakfast	Section 206.09 of Am. Sub. H.B. 66 of the 126th G.A. (originally established by Am. Sub. H.B. 152 of the 120th G.A.)
2006	3L8	200619	Child/Adult Food Programs	Section 206.09 of Am. Sub. H.B. 66 of the 126th G.A. (originally established by Am. Sub. H.B. 152 of the 120th G.A.)
2006	3L9	200621	Career-Technical Education Basic Grants	Section 206.09 of Am. Sub. H.B. 66 of the 126th G.A. (originally established by Am. Sub. H.B. 152 of the 120th G.A.)
2006	3M0	200623	ESEA Title 1A	Section 206.09 of Am. Sub. H.B. 66 of the 126th G.A. (originally established by Am. Sub. H.B. 152 of the 120th G.A.)
2006	3M1	200678	Innovative Education	Section 206.09 of Am. Sub. H.B. 66 of the 126th G.A. (originally established by Am. Sub. H.B. 152 of the 120th G.A. and authorized by ESEA, Public Law 100-297)
2006	3M2	200680	Individuals with Disabilities Education Act	Section 206.09 of Am. Sub. H.B. 66 of the 126th G.A. (originally established by Am. Sub. H.B. 152 of the 120th G.A.)
2006	3N7	200627	School-To-Work	Discontinued line item (originally established by Am. Sub. H.B. 152 of the 120th G.A. and authorized by the Job Training Partnership Act of 1982, as amended; Public Law 102-367)
2006	3R3	200654	Goals 2000	Discontinued line item (originally established by Controlling Board on October 2, 1996)
2006	3S2	200641	Education Technology	Section 206.09 of Am. Sub. H.B. 66 of the 126th G.A. (originally established by Controlling Board on June 22, 1998)
2006	3T4	200613	Public Charter Schools	Section 206.09 of Am. Sub. H.B. 66 of the 126th G.A. (originally established by Controlling Board on December 7, 1998)
2006	3T6	200611	Class Size Reduction	Discontinued line item (originally established by Controlling Board on August 21, 2000)
2006	3U2	200662	Teacher Quality Enhancement Grants	Section 206.09 of Am. Sub. H.B. 66 of the 126th G.A. (originally established by Controlling Board on July 1, 2000)
2006	3U3	200665	Reading Excellence Grant Program	Discontinued line item (originally established by Controlling Board on June 9, 2000)
2006	3U6	200675	Provision 2 & 3 Grant	Discontinued line item (originally established by Controlling Board on August 14, 2000)
2006	3X5	200684	School Renovation/IDEA	Section 206.09 of Am. Sub. H.B. 66 of the 126th G.A. (originally established by Controlling Board on October 29, 2001)
2006	3Y2	200688	21st Century Community Learning Centers	Section 206.09 of Am. Sub. H.B. 66 of the 126th G.A. (originally established by Controlling Board on July 29, 2002)
2006	3Y4	200632	Reading First	Section 206.09.51 of Am. Sub. H.B. 66 of the 126th G.A. (originally established by Controlling Board on July 29, 2002)
2006	3Y5	200634	Community Service Grants	Section 206.09 of Am. Sub. H.B. 66 of the 126th G.A. (originally established by Controlling Board on November 18, 2002)
2006	3Y6	200635	Improving Teacher Quality	Section 206.09 of Am. Sub. H.B. 66 of the 126th G.A. (originally established by Controlling Board on August 12, 2002)
2006	3Y7	200689	English Language Acquisition	Section 206.09 of Am. Sub. H.B. 66 of the 126th G.A. (originally established by Controlling Board on July 29, 2002)
2006	3Y8	200639	Rural and Low Income	Section 206.09 of Am. Sub. H.B. 66 of the 126th G.A. (originally established by Controlling Board on July 29, 2002)
2006	3Z2	200690	State Assessments	Section 206.09 of Am. Sub. H.B. 66 of the 126th G.A. (originally established by Controlling Board on July 29, 2002)
2006	3Z3	200645	Consolidated USDE Administration	Section 206.09 of Am. Sub. H.B. 66 of the 126th G.A. (Originally established by Controlling Board on July 7, 2003)
2006	454	200610	Guidance & Testing	Section 206.09 of Am. Sub. H.B. 66 of the 126th G.A. (originally established in 1929)
2006	455	200608	Commodity Foods	Section 206.09 of Am. Sub. H.B. 66 of the 126th G.A. (originally established by Controlling Board in September 1978)
2006	4R7	200695	Indirect Operational Support	Section 206.09 of Am. Sub. H.B. 66 of the 126th G.A. (originally established by Controlling Board in December 1993)
2006	4V7	200633	Interagency Operational Support	Section 206.09 of Am. Sub. H.B. 66 of the 126th G.A. (originally established by Controlling Board in June 1995)
2006	598	200659	Auxiliary Services Reimbursement	ORC 3317.064 (originally established by Am. Sub. H.B. 238 of the 116th G.A.)
2006	5BB	200696	State Action for Education Leadership	ORC 3301.21 (originally established by Am. Sub. H.B. 16 of the 126th G.A.)
2006	5BJ	200626	Half-Mill Maintenance Equalization	ORC 3318 (F); Section 206.09 of Am. Sub. H.B. 66 of the 126th G.A.
2006	5U2	200685	National Education Statistics	Section 206.09 of Am. Sub. H.B. 66 of the 126th G.A. (originally established by Controlling Board on May 6, 2002)
2006	5W2	200663	Early Learning Initiative	Section 206.09 of Am. Sub. H.B. 66 of the 126th G.A. (originally establish by Section 41.19 of Am. Sub. H.B. 95 of the 125th G.A.)
2006	620	200615	Educational Improvement Grants	Section 206.09 of Am. Sub. H.B. 66 of the 126th G.A. (originally established by Am. Sub. H.B. 282 of the 123rd G.A.)
2006	017	200612	Foundation Funding	Section 206.09 of Am. Sub. H.B. 66 of the 126th G.A. (originally established by Am. Sub. H.B. 650 of the 122nd G.A.)
2006	017	200682	Lease Rental Payment Reimbursement	ORC 3318.01 through 3318.20; Section 206.09 of Am. Sub. H.B. 66 of the 126th G.A. (originally established by Am. Sub. H.B. 152 of the 120th G.A.)
2006	020	200620	Vocational School Building Assistance	Discontinued line item (originally established in ORC 3317.22 and 3317.23)
2006	047	200909	School District Property Tax Replacement - Business	ORC 5721.21; Section 206.09 of Am. Sub. H.B. 66 of the 126th G.A.
2006	053	200900	School District Property Tax Replacement - Utility	ORC 5727.84 and 5727.85; Section 206.09 of Am. Sub. H.B. 66 of the 126th G.A. (originally established by Am. Sub. S.B. 3 of the 123rd G.A.)
2008	GRF	200100	Personal Services	ORC 3301.13; Section 269.10 of Am. Sub. H.B. 119 of the 127th G.A.
2008	GRF	200320	Maintenance and Equipment	ORC 3301.13; Section 269.10 of Am. Sub. H.B. 119 of the 127th G.A. (originally established by Am. Sub. H.B. 282 of the 123rd G.A.)
2008	GRF	200406	Head Start	Discontinued line item (originally established by H.B. 111 of the 117th G.A.)
2008	GRF	200408	Early Childhood Education	Section 269.10.20 of Am. Sub. H.B. 119 of the 127th G.A.
2008	GRF	200410	Educator Training	Section 269.10.30 of Am. Sub. H.B.119 of the 127th G.A.
2008	GRF	200411	Family and Children First	Discontinued line item; ORC 121.37 (originally established by Am. Sub. H.B. 152 of the 120th G.A.)
2008	GRF	200416	Career-Technical Education Match	Section 269.10.40 of Am. Sub. H.B. 119 of the 127th G.A. (originally established by Am. Sub. H.B. 191 of the 112th G.A.)
2008	GRF	200420	Computer/Application/Network Development	Section 269.10.40 of Am. Sub. H.B. 119 of the 127th G.A. (originally established by Am. Sub. H.B. 282 of the 123rd G.A.)
2008	GRF	200421	Alternative Education Programs	Section 269.10.50 of Am. Sub. H.B. 119 of the 127th G.A. (originally established by Am. Sub. H.B. 640 of the 123rd G.A.)
2008	GRF	200422	School Management Assistance	ORC 3301.073 and 3316; Section 269.10.60 of Am. Sub. H.B. 119 of the 127th G.A. (originally established by Am. H.B. 1285 of the 112th G.A.)
2008	GRF	200424	Policy Analysis	Section 269.10.70 of Am. Sub. H.B. 119 of the 127th G.A. (originally established by Am. Sub. H.B. 204 of the 113th G.A.)
2008	GRF	200425	Tech Prep Consortia Support	Section 269.10.70 of Am. Sub. H.B. 119 of the 127th G.A. (originally established by Controlling Board in FY 2001 and modified by Am. Sub. H.B. 94 of the 124th G.A.)
2008	GRF	200426	Ohio Educational Computer Network	ORC 3301.07; Section 269.10.80 of Am. Sub. H.B. 119 of the 127th G.A.
2008	GRF	200427	Academic Standards	ORC 3301.079; Section 269.10.90 of Am. Sub. H.B. 119 of the 127th G.A.
2008	GRF	200431	School Improvement Initiatives	ORC 3302.03 and 3302.04; Section 269.20.10 of Am. Sub. H.B. 119 of the 127th G.A. (originally established by Am. Sub. H.B. 111 of the 118th G.A.)
2008	GRF	200432	School Conflict Management	Discontinued line item (originally established by Sub. H.B. 715 of the 120th G.A.)
2008	GRF	200433	Literacy Improvement - Professional Development	Section 269.20.20 of Am. Sub. H.B. 119 of the 127th G.A. (originally established by Am. Sub. H.B. 94 of the 124th G.A.)
2008	GRF	200437	Student Assessment	ORC 3301.0710, 3301.0711, and 3301.27; Section 269.20.20 of Am. Sub. H.B. 119 of the 127th G.A. (originally established by Am. Sub. H.B. 111 of the 118th G.A.)
2008	GRF	200439	Accountability/Report Cards	ORC 3302.03; Section 269.20.30 of Am. Sub. H.B. 119 of the 127th G.A. (originally established by Am. Sub. H.B. 95 of the 125th G.A.)
2008	GRF	200441	American Sign Language	Discontinued line item (originally established by Am. Sub. H.B. 111 of the 118th G.A.)
2008	GRF	200442	Child Care Licensing	ORC 3301.52 through 3301.59; Section 269.20.30 of Am. Sub. H.B. 119 of the 127th G.A. (originally established by Controlling Board on October 16, 1995)
2008	GRF	200444	Professional Recruitment	Discontinued line item
2008	GRF	200445	OhioReads Volunteer Support	Discontinued line item (originally established by Am. Sub. H.B. 1 and modified by Am. Sub. H.B. 282 of the 123rd G.A.)
2008	GRF	200446	Education Management Information System	ORC 3301.0714; Section 269.20.40 of Am. Sub. H.B. 119 of the 127th G.A.
2008	GRF	200447	GED Testing	ORC 3313.531; Section 269.20.50 of Am. Sub. H.B. 119 of the 127th G.A. (originally established by Controlling Board on January 8, 1990)
2008	GRF	200448	Educator Preparation	Section 269.20.60 of Am. Sub. H.B. 119 of the 127th G.A.
2008	GRF	200449	Head Start/Head Start Plus Start Up	Discontinued line item (originally established by Am. Sub. H.B. 95 of the 125th G.A.)
2008	GRF	200452	Teaching Success Commission Initiatives	Discontinued line item (originally established by Am. Sub. H.B. 95 of the 125th G.A.)
2008	GRF	200455	Community Schools	ORC 3314.11; Section 269.20.70 of Am. Sub. H.B. 119 of the 127th G.A. (originally established by Am. Sub. H.B. 215 of the 122nd G.A.)
2008	GRF	200457	Stem Initiatives	ORC 3326.01 through 3326.50; Section 269.20.70 of Am. Sub. H.B. 119 of the 127th G.A.
2008	GRF	200500	School Finance Equity	Discontinued line item (originally established in Sub. H.B. 671 of the 119th G.A.)
2008	GRF	200501	Base Cost Funding	Discontinued line item (originally established in ORC 3317.022)
2008	GRF	200502	Pupil Transportation	ORC 3317.022 and 3317.02; Section 269.20.80 of Am. Sub. H.B. 119 of the 127th G.A.
2008	GRF	200503	Bus Purchase Allowance	ORC 3317.07; Section 269.20.90 of Am. Sub. H.B. 119 of the 127th G.A.
2008	GRF	200505	School Lunch Match	ORC 3313.81 and 3317.024; Section 269.20.90 of Am. Sub. H.B. 119 of the 127th G.A.
2008	GRF	200509	Adult Literacy Education	ORC 3317.024; Section 269.30.10 of Am. Sub. H.B. 119 of the 127th G.A.
2008	GRF	200511	Auxiliary Services	ORC 3317.024 and 3317.06; Section 269.30.20 of Am. Sub. H.B. 119 of the 127th G.A.
2008	GRF	200513	Student Intervention Services	Discontinued line item (originally established by Am. Sub. H.B. 282 of the 123rd G.A.)
2008	GRF	200514	Postsecondary Adult Career-Technical Education	ORC 3313.52 and 3313.53; Section 269.30.20 of Am. Sub. H.B. 119 of the 127th G.A.
2008	GRF	200520	Disadvantaged Pupil Impact Aid	Discontinued line item (originally established in ORC 3317.029)
2008	GRF	200521	Gifted Pupil Program	ORC 3317.024; Section 269.30.30 of Am. Sub. H.B. 119 of the 127th G.A.
2008	GRF	200525	Parity Aid	Discontinued line item (originally established by Am. Sub. H.B. 282 of the 123rd G.A.)
2008	GRF	200532	Nonpublic Administrative Cost Reimbursement	ORC 3317.063; Section 269.30.30 of Am. Sub. H.B. 119 of the 127th G.A. (originally established by Am. Sub. H.B. 694 of the 114th G.A.)
2008	GRF	200536	Ohio Core Support	ORC 3313.603; Section 269.30.40 of Am. Sub. H.B. 119 of the 127th G.A. (originally established by Sub. H.B. 115 of the 126th G.A. and modified by Am. Sub. S.B. 311 of the 126th G.A.)
2008	GRF	200540	Special Education Enhancements	ORC 3317.20, 3317.052, and 3317.05; Section 269.30.50 of Am. Sub. H.B. 119 of the 127th G.A. (originally established by Am. Sub. H.B. 650 of the 122nd G.A.)
2008	GRF	200545	Career-Technical Education Enhancements	Section 269.30.60 of Am. Sub. H.B. 119 of the 127th G.A. (originally established by Am. Sub. H.B. 650 of the 122nd G.A.)
2008	GRF	200546	Charge-Off Supplement	Discontinued line item (originally established by Am. Sub. H.B. 650 of the 122nd G.A.)
2008	GRF	200550	Foundation Funding	ORC 3317; Sections 260.30.70, 269.30.80, and 269.30.90 of Am. Sub. H.B. 119 of the 127th G.A. (originally established by Am. Sub. H.B. 66 of the 126th G.A.)
2008	GRF	200552	County MR/DD Boards Vehicle Purchases	Discontinued line item (originally established in ORC 3317.07)
2008	GRF	200558	Emergency Loan Interest Subsidy	Discontinued line item (originally established by Am. Sub. H.B. 650 of the 122nd G.A.)
2008	GRF	200566	Literacy Improvement - Classroom Grants	Section 269.40.10 of Am. Sub. H.B.119 of the 127th G.A. (originally established by Am. Sub. H.B. 1 and modified by Am. Sub. H.B. 282 of the 123rd G.A.)
2008	GRF	200578	Violence Prevention and School Safety	Section 269.40.10 of Am. Sub. H.B. 119 of the 127th G.A.
2008	GRF	200901	Property Tax Allocation - Education	ORC 319.301 and 323.151 through 323.157; Section 269.40.20 of Am. Sub. H.B. 119 of the 127th G.A.
2008	GRF	200906	Tangible Tax Exemption-Education	ORC 5709.01; Section 269.40.20 of Am. Sub. H.B. 119 of the 127th G.A.
2008	138	200606	Computer Services - Operational Support	Section 269.10 of Am. Sub. H.B. 119 of the 127th G.A. (originally established by Controlling Board on July 20, 1961)
2008	452	200638	Miscellaneous Educational Services	Section 269.10 of Am. Sub. H.B. 119 of the 127th G.A. (originally established by Controlling Board on April 13, 1972)
2008	4D1	200602	Ohio Prevention/Education Resource Center	Section 269.10 of Am. Sub. H.B. 119 of the 127th G.A. (originally established by Controlling Board on September 21, 1992)
2008	4L2	200681	Teacher Certification and Licensure	Section 269.40.30 of Am. Sub. H.B. 119 of the 127th G.A. (originally established by Am. Sub. H.B. 152 of the 120th G.A.)
2008	596	200656	Ohio Career Information System	Section 269.10 of Am. Sub. H.B. 119 of the 127th G.A. (originally established by Am. Sub. H.B. 238 of the 116th G.A.)
2008	5B1	200651	Child Nutrition Services	Discontinued line item (originally established by Am. Sub. H.B. 282 of the 123rd G.A.)
2008	5H3	200687	School District Solvency Assistance	ORC 3316.20; Section 269.40.30 of Am. Sub. H.B. 119 of the 127th G.A. (originally established by Am. Sub. H.B. 650 of the 122nd G.A.)
2008	309	200601	Educationally Disadvantaged Programs	Section 269.10 of Am. Sub. H.B.119 of the 127th G.A. (originally established by Controlling Board on March 28, 1966)
2008	366	200604	Adult Basic Education	Section 269.10 of Am. Sub. H.B. 119 of the 127th G.A.
2008	367	200607	School Food Services	Section 269.10 of Am. Sub. H.B. 119 of the 127th G.A. (originally established by Controlling Board on October 27, 1967)
2008	368	200614	Veterans' Training	Section 269.10 of Am. Sub. H.B. 119 of the 127th G.A. (originally established by Controlling Board on August 18, 1965)
2008	369	200616	Career-Technical Education Federal Enhancement	Section 269.10 of Am. Sub. H.B. 119 of the 127th G.A. (originally established by Controlling Board on September 23, 1964)
2008	370	200624	Education of Exceptional Children	Section 269.10 of Am. Sub. H.B. 119 of the 127th G.A. (originally established by Controlling Board on May 9, 1968)
2008	371	200631	Immigrant Education Opportunities	Discontinued line item (originally established by Controlling Board on August 24, 1971)
2008	374	200647	Troops to Teachers	Section 269.10 of Am. Sub. H.B. 119 of the 127th G.A. (originally established by Controlling Board in FY 1976)
2008	378	200660	Learn and Serve	Section 269.10 of Am. Sub. H.B. 119 of the 127th G.A. (originally established by Controlling Board on July 29, 1985)
2008	3AF	200603	Schools Medicaid Administrative Claims	Section 269.10 of Am. Sub. H.B. 119 of the 127th G.A. (originally established by Controlling Board on September 22, 2003)
2008	3AK	200692	State Homeland Security	Discontinued line item (originally established by Controlling Board on February 9, 2004)
2008	3BK	200628	Longitudinal Data Systems	Section 269.10 of Am. Sub. H.B. 119 of the 127th G.A. (originally established by Controlling Board on January 9, 2006)
2008	3BV	200636	Character Education	Section 269.10 of Am. Sub. H.B. 119 of the 127th G.A. (originally established by Controlling Board on September 25, 2006)
2008	3C5	200661	Early Childhood Education	Section 269.10 of Am. Sub. H.B. 119 of the 127th G.A. (originally established by Controlling Board on November 11, 1986)
2008	3CF	200644	Foreign Language Assistance	Section 269.10 of Am. Sub. H.B. 119 of the 127th G.A. (originally established by Controlling Board on December 4, 2006)
2008	3CG	200646	Teacher Incentive Fund	Section 269.10 of Am. Sub. H.B. 119 of the 127th G.A. (originally established by Controlling Board on December 4, 2006)
2008	3D1	200664	Drug Free Schools	Section 269.10 of Am. Sub. H.B. 119 of the 127th G.A. (originally established by Controlling Board on May 4, 1987)
2008	3D2	200667	Honors Scholarship Program	Section 269.10 of Am. Sub. H.B. 119 of the 127th G.A. (originally established by Controlling Board on April 20, 1987)
2008	3E2	200668	AIDS Education Project	Discontinued line item (originally established by Controlling Board on December 7, 1987)
2008	3H9	200605	Head Start Collaboration Project	Section 269.10 of Am. Sub. H.B. 119 of the 127th G.A. (authorized by the Human Services Amendment Act of 1994, Public Law 103-252)
2008	3L6	200617	Federal School Lunch	Section 269.10 of Am. Sub. H.B. 119 of the 127th G.A. (originally established by Am. Sub. H.B. 152 of the 120th G.A.)
2008	3L7	200618	Federal School Breakfast	Section 269.10 of Am. Sub. H.B. 119 of the 127th G.A. (originally established by Am. Sub. H.B. 152 of the 120th G.A.)
2008	3L8	200619	Child/Adult Food Programs	Section 269.10 of Am. Sub. H.B. 119 of the 127th G.A. (originally established by Am. Sub. H.B. 152 of the 120th G.A.)
2008	3L9	200621	Career-Technical Education Basic Grant	Section 269.10 of Am. Sub. H.B. 119 of the 127th G.A. (originally established by Am. Sub. H.B. 152 of the 120th G.A.)
2008	3M0	200623	ESEA Title 1A	Section 269.10 of Am. Sub. H.B. 119 of the 127th G.A. (originally established by Am. Sub. H.B. 152 of the 120th G.A.)
2008	3M1	200678	Innovative Education	Section 269.10 of Am. Sub. H.B. 119 of the 127th G.A. (originally established by Am. Sub. H.B. 152 of the 120th G.A.)
2008	3M2	200680	Individuals with Disabilities Education Act	Section 269.10 of Am. Sub. H.B. 119 of the 127th G.A. (originally established by Am. Sub. H.B. 152 of the 120th G.A.)
2008	3R3	200654	Goals 2000	Discontinued line item (originally established by Controlling Board on October 2, 1996)
2008	3S2	200641	Education Technology	Section 269.10 of Am. Sub. H.B. 119 of the 127th G.A. (originally established by Controlling Board on June 22, 1998)
2008	3T4	200613	Public Charter Schools	Section 269.10 of Am. Sub. H.B. 119 of the 127th G.A. (originally established by Controlling Board on December 7, 1998)
2008	3T6	200611	Class Size Reduction	Discontinued line item (originally established by Controlling Board on August 21, 2000)
2008	3U2	200662	Teacher Quality Enhancement Grants	Discontinued line item (originally established by Controlling Board on July 1, 2000)
2008	3U3	200665	Reading Excellence Grant Program	Discontinued line item (originally established by Controlling Board on June 9, 2000)
2008	3X5	200684	School Renovation/IDEA	Discontinued line item (originally established by Controlling Board on October 29, 2001)
2008	3Y2	200688	21st Century Community Learning Centers	Section 269.10 of Am. Sub. H.B. 119 of the 127th G.A. (originally established by Controlling Board on July 29, 2002)
2008	3Y4	200632	Reading First	Section 269.40.40 of Am. Sub. H.B. 119 of the 127th G.A. (originally established by Controlling Board on July 29, 2002)
2008	3Y5	200634	Community Service Grants	Discontinued line item (originally established by Controlling Board on November 18, 2002)
2008	3Y6	200635	Improving Teacher Quality	Section 269.10 of Am. Sub. H.B. 119 of the 127th G.A. (originally established by Controlling Board on August 12, 2002)
2008	3Y7	200689	English Language Acquisition	Section 269.10 of Am. Sub. H.B. 119 of the 127th G.A. (originally established by Controlling Board on July 29, 2002)
2008	3Y8	200639	Rural and Low Income Technical Assistance	Section 269.10 of Am. Sub. H.B. 119 of the 127th G.A. (originally established by Controlling Board on July 29, 2002)
2008	3Z2	200690	State Assessments	Section 269.10 of Am. Sub. H.B. 119 of the 127th G.A. (originally established by Controlling Board on July 29, 2002)
2008	3Z3	200645	Consolidated Federal Grant Administration	Section 269.10 of Am. Sub. H.B. 119 of the 127th G.A. (Originally established by Controlling Board on July 7, 2003)
2008	454	200610	Guidance & Testing	Section 269.10 of Am. Sub. H.B. 119 of the 127th G.A. (originally established in 1929)
2008	455	200608	Commodity Foods	Section 269.10 of Am. Sub. H.B. 119 of the 127th G.A. (originally established by Controlling Board in September 1978)
2008	4R7	200695	Indirect Operational Support	Section 269.10 of Am. Sub. H.B. 119 of the 127th G.A. (originally established by Controlling Board in December 1993)
2008	4V7	200633	Interagency Operational Support	Section 269.10 of Am. Sub. H.B. 119 of the 127th G.A. (originally established by Controlling Board in June 1995)
2008	598	200659	Auxiliary Services Reimbursement	ORC 3317.064; Section 269.10 of Am. Sub. H.B. 119 of the 127th G.A. (originally established by Am. Sub. H.B. 238 of the 116th G.A.)
2008	5BB	200696	State Action for Education Leadership	ORC 3301.21; Section 269.10 of Am. Sub. H.B. 119 of the 127th G.A. (originally established by Am. Sub. H.B. 16 of the 126th G.A.)
2008	5BJ	200626	Half-Mill Maintenance Equalization	ORC 3318 (F); Section 269.40.40 of Am. Sub. H.B. 119 of the 127th G.A.
2008	5U2	200685	National Education Statistics	Section 269.10 of Am. Sub. H.B. 119 of the 127th G.A. (originally established by Controlling Board on May 6, 2002)
2008	5W2	200663	Early Learning Initiative	Section 269.10 of Am. Sub. H.B. 119 of the 127th G.A. (originally established by Section 41.19 of Am. Sub. H.B. 95 of the 125th G.A.)
2008	620	200615	Educational Improvement Grants	Section 269.10 of Am. Sub. H.B. 119 of the 127th G.A. (originally established by Am. Sub. H.B. 282 of the 123rd G.A.)
2008	017	200612	Foundation Funding	Section 269.40.70 of Am. Sub. H.B. 119 of the 127th G.A. (originally established by Am. Sub. H.B. 650 of the 122nd G.A.)
2008	017	200682	Lease Rental Payment Reimbursement	ORC 3318.01 through 3318.20; Section 269.40.70 of Am. Sub. H.B. 119 of the 127th G.A. (originally established by Am. Sub. H.B. 152 of the 120th G.A.)
2008	020	200620	Vocational School Building Assistance	Discontinued line item (originally established in ORC 3317.22 and 3317.23)
2008	047	200909	School District Property Tax Replacement - Business	ORC 5721.21; Section 269.50.10 of Am. Sub. H.B. 119 of the 127th G.A.
2008	053	200900	School District Property Tax Replacement - Utility	ORC 5727.84 and 5727.85; Section 269.50.10 of Am. Sub. H.B. 119 of the 127th G.A. (originally established by Am. Sub. S.B. 3 of the 123rd G.A.)
2009	GRF	200100	Personal Services	ORC 3301.13; Section 265.10 of Am. Sub. H.B. 1 of the 128th G.A.
2009	GRF	200320	Maintenance and Equipment	ORC 3301.13; Section 265.10 of Am. Sub. H.B. 1 of the 128th G.A. (originally established by Am. Sub. H.B. 282 of the 123rd G.A.)
2009	GRF	200408	Early Childhood Education	Section 265.10.20 of Am. Sub. H.B. 1 of the 128th G.A.
2009	GRF	200410	Educator Training	Discontinued line item (originally established by Am. Sub. H.B. 282 of the 123rd G.A.)
2009	GRF	200416	Career-Technical Education Match	Section 265.10.30 of Am. Sub. H.B. 1 of the 128th G.A. (originally established by Am. Sub. H.B. 191 of the 112th G.A.)
2009	GRF	200420	Computer/Application/Network Development	Section 265.10.30 of Am. Sub. H.B. 1 of the 128th G.A. (originally established by Am. Sub. H.B. 282 of the 123rd G.A.)
2009	GRF	200421	Alternative Education Programs	Section 265.10.40 of Am. Sub. H.B. 1 of the 128th G.A. (originally established by Am. Sub. H.B. 640 of the 123rd G.A.)
2009	GRF	200422	School Management Assistance	ORC 3301.073 and 3316; Section 265.10.50 of Am. Sub. H.B. 1 of the 128th G.A. (originally established by Am. H.B. 1285 of the 112th G.A.)
2009	GRF	200424	Policy Analysis	Section 265.10.60 of Am. Sub. H.B. 1 of the 128th G.A. (originally established by Am. Sub. H.B. 204 of the 113th G.A.)
2009	GRF	200425	Tech Prep Consortia Support	Section 265.10.60 of Am. Sub. H.B. 1 of the 128th G.A. (originally established by Controlling Board in FY 2001 and modified by Am. Sub. H.B. 94 of the 124th G.A.)
2009	GRF	200426	Ohio Educational Computer Network	ORC 3301.07; Section 265.10.70 of Am. Sub. H.B. 1 of the 128th G.A.
2009	GRF	200427	Academic Standards	ORC 3301.079; Section 265.10.80 of Am. Sub. H.B. 1 of the 128th G.A.
2009	GRF	200431	School Improvement Initiatives	ORC 3302.03 and 3302.04; Section 265.10.90 of Am. Sub. H.B. 1 of the 128th G.A. (originally established by Am. Sub. H.B. 111 of the 118th G.A.)
2009	GRF	200433	Literacy Improvement - Professional Development	Discontinued line item (originally established by Am. Sub. H.B. 94 of the 124th G.A.)
2009	GRF	200437	Student Assessment	ORC 3301.0710, 3301.0711, 3301.0712, 3301.0715, and 3301.27; Section 265.20.10 of Am. Sub. H.B. 1 of the 128th G.A. (originally established by Am. Sub. H.B. 111 of the 118th G.A.)
2009	GRF	200439	Accountability/Report Cards	ORC 3302.03; Section 265.20.20 of Am. Sub. H.B. 1 of the 128th G.A. (originally established by Am. Sub. H.B. 95 of the 125th G.A.)
2009	GRF	200442	Child Care Licensing	ORC 3301.52 through 3301.59; Section 265.20.20 of Am. Sub. H.B. 1 of the 128th G.A. (originally established by Controlling Board on October 16, 1995)
2009	GRF	200445	OhioReads Volunteer Support	Discontinued line item (originally established by Am. Sub. H.B. 1 and modified by Am. Sub. H.B. 282 of the 123rd G.A.)
2009	GRF	200446	Education Management Information System	ORC 3301.0714; Section 265.20.30 of Am. Sub. H.B. 1 of the 128th G.A.
2009	GRF	200447	GED Testing	ORC 3313.531; Section 265.20.40 of Am. Sub. H.B. 1 of the 128th G.A. (originally established by Controlling Board on January 8, 1990)
2009	GRF	200448	Educator Preparation	Section 265.20.50 of Am. Sub. H.B. 1 of the 128th G.A.
2009	GRF	200452	Teaching Success Commission Initiatives	Discontinued line item (originally established by Am. Sub. H.B. 95 of the 125th G.A.)
2009	GRF	200455	Community Schools	ORC 3314.11; Section 265.20.60 of Am. Sub. H.B. 1 of the 128th G.A. (originally established by Am. Sub. H.B. 215 of the 122nd G.A.)
2009	GRF	200457	STEM Initiatives	ORC 3326.01 through 3326.50; Section 265.20.60 of Am. Sub. H.B. 1 of the 128th G.A; (originally established by Am. Sub. H.B. 119 of the 127th G.A.)
2009	GRF	200458	School Employees Health Care Board	Section 265.20.60 of Am. Sub. H.B. 1 of the 128th G.A
2009	GRF	200501	Base Cost Funding	Discontinued line item (originally established in ORC 3317.022)
2009	GRF	200502	Pupil Transportation	ORC 3302.12, 3317.02, 3317.022, and 3317.024; Section 265.20.70 of Am. Sub. H.B. 1 of the 128th G.A.
2009	GRF	200503	Bus Purchase Allowance	Discontinued line item. (originally established in ORC 3317.07)
2009	GRF	200505	School Lunch Match	ORC 3313.81 and 3317.024; Section 265.20.80 of Am. Sub. H.B. 1 of the 128th G.A.
2009	GRF	200509	Adult Literacy Education	Discontinued line item
2009	GRF	200511	Auxiliary Services	ORC 3317.024 and 3317.06; Section 265.20.90 of Am. Sub. H.B. 1 of the 128th G.A.
2009	GRF	200513	Student Intervention Services	Discontinued line item (originally established by Am. Sub. H.B. 282 of the 123rd G.A.)
2009	GRF	200514	Postsecondary Adult Career-Technical Education	Discontinued line item
2009	GRF	200520	Disadvantaged Pupil Impact Aid	Discontinued line item (originally established in ORC 3317.029)
2009	GRF	200521	Gifted Pupil Program	Discontinued line item
2009	GRF	200532	Nonpublic Administrative Cost Reimbursement	ORC 3317.063; Section 265.30.10 of Am. Sub. H.B. 1 of the 128th G.A. (originally established by Am. Sub. H.B. 694 of the 114th G.A.)
2009	GRF	200536	Ohio Core Support	Discontinued line item (originally established by Sub. H.B. 115 of the 126th G.A. and modified by Am. Sub. S.B. 311 of the 126th G.A.)
2009	GRF	200540	Special Education Enhancements	ORC 3317.20, 3317.201, 3317.052, and 3317.05; Section 265.30.20 of Am. Sub. H.B. 1 of the 128th G.A. (originally established by Am. Sub. H.B. 650 of the 122nd G.A.)
2009	GRF	200545	Career-Technical Education Enhancements	Section 265.30.30 of Am. Sub. H.B. 1 of the 128th G.A. (originally established by Am. Sub. H.B. 650 of the 122nd G.A.)
2009	GRF	200550	Foundation Funding	ORC 3306; Sections 265.30.40, 265.30.50, and 265.50.10 of Am. Sub. H.B. 1 of the 128th G.A. (originally established by Am. Sub. H.B. 66 of the 126th G.A.)
2009	GRF	200551	Foundation Funding - Federal Stimulus	Section 265.30.40 of Am. Sub. H.B. 1 of the 128th G.A.
2009	GRF	200552	County MR/DD Boards Vehicle Purchases	Discontinued line item (originally established in ORC 3317.07)
2009	GRF	200558	Emergency Loan Interest Subsidy	Discontinued line item (originally established by Am. Sub. H.B. 650 of the 122nd G.A.)
2009	GRF	200566	Literacy Improvement - Classroom Grants	Discontinued line item (originally established by Am. Sub. H.B. 1 and modified by Am. Sub. H.B. 282 of the 123rd G.A.)
2009	GRF	200578	Violence Prevention and School Safety	Section 265.30.70 of Am. Sub. H.B. 1 of the 128th G.A.
2009	GRF	200901	Property Tax Allocation - Education	ORC 319.301 and 323.151 through 323.157; Section 265.30.80 of Am. Sub. H.B. 1 of the 128th G.A.
2009	GRF	200906	Tangible Tax Exemption-Education	Discontinued line item (transferred from the Auditor of State by Controlling Board action in FY 1986)
2009	1380	200606	Computer Services - Operational Support	Section 265.10 of Am. Sub. H.B. 1 of the 128th G.A. (originally established by Controlling Board on July 20, 1961)
2009	4520	200638	Miscellaneous Educational Services	Section 265.10 of Am. Sub. H.B. 1 of the 128th G.A. (originally established by Controlling Board on April 13, 1972)
2009	4D10	200602	Ohio Prevention/Education Resource Center	Discontinued line item (originally established by Controlling Board on September 21, 1992)
2009	4L20	200681	Teacher Certification and Licensure	Section 265.30.90 of Am. Sub. H.B. 1 of the 128th G.A. (originally established by Am. Sub. H.B. 152 of the 120th G.A.)
2009	5960	200656	Ohio Career Information System	Section 265.10 of Am. Sub. H.B. 1 of the 128th G.A. (originally established by Am. Sub. H.B. 238 of the 116th G.A.)
2009	5H30	200687	School District Solvency Assistance	ORC 3316.20; Section 265.30.90 of Am. Sub. H.B. 1 of the 128th G.A. (originally established by Am. Sub. H.B. 650 of the 122nd G.A.)
2009	3090	200601	Educationally Disadvantaged Programs	Section 265.10 of Am. Sub. H.B.1 of the 128th G.A. (originally established by Controlling Board on March 28, 1966)
2009	3660	200604	Adult Basic Education	Discontinued line item
2009	3670	200607	School Food Services	Section 265.10 of Am. Sub. H.B. 1 of the 128th G.A. (originally established by Controlling Board on October 27, 1967)
2009	3680	200614	Veterans' Training	Section 265.10 of Am. Sub. H.B. 1 of the 128th G.A. (originally established by Controlling Board on August 18, 1965)
2009	3690	200616	Career-Technical Education Federal Enhancement	Section 265.10 of Am. Sub. H.B. 1 of the 128th G.A. (originally established by Controlling Board on September 23, 1964)
2009	3700	200624	Education of Exceptional Children	Section 265.10 of Am. Sub. H.B. 1 of the 128th G.A. (originally established by Controlling Board on May 9, 1968)
2009	3710	200631	Immigrant Education Opportunities	Discontinued line item (originally established by Controlling Board on August 24, 1971)
2009	3740	200647	Troops to Teachers	Section 265.10 of Am. Sub. H.B. 1 of the 128th G.A. (originally established by Controlling Board in FY 1976)
2009	3780	200660	Learn and Serve	Section 265.10 of Am. Sub. H.B. 1 of the 128th G.A. (originally established by Controlling Board on July 29, 1985)
2009	3AF0	200603	Schools Medicaid Administrative Claims	Section 265.10 of Am. Sub. H.B. 1 of the 128th G.A. (originally established by Controlling Board on September 22, 2003)
2009	3AN0	200671	School Improvement Grants	Section 265.10 of Am. Sub. H.B. 1 of the 128th G.A. (originally established by Controlling Board on April 7, 2008)
2009	3AX0	200698	Improving Health and Educational Outcomes of Young People	Section 265.10 of Am. Sub. H.B. 1 of the 128th G.A. (originally established by Controlling Board on May 5, 2008)
2009	3BK0	200628	Longitudinal Data Systems	Section 265.10 of Am. Sub. H.B. 1 of the 128th G.A. (originally established by Controlling Board on January 9, 2006)
2009	3BV0	200636	Character Education	Section 265.10 of Am. Sub. H.B. 1 of the 128th G.A. (originally established by Controlling Board on September 25, 2006)
2009	3C50	200661	Early Childhood Education	Section 265.10 of Am. Sub. H.B. 1 of the 128th G.A. (originally established by Controlling Board on November 11, 1986)
2009	3CF0	200644	Foreign Language Assistance	Section 265.10 of Am. Sub. H.B. 1 of the 128th G.A. (originally established by Controlling Board on December 4, 2006)
2009	3CG0	200646	Teacher Incentive Fund	Section 265.10 of Am. Sub. H.B. 1 of the 128th G.A. (originally established by Controlling Board on December 4, 2006)
2009	3D10	200664	Drug Free Schools	Section 265.10 of Am. Sub. H.B. 1 of the 128th G.A. (originally established by Controlling Board on May 4, 1987)
2009	3D20	200667	Honors Scholarship Program	Section 265.10 of Am. Sub. H.B. 1 of the 128th G.A. (originally established by Controlling Board on April 20, 1987)
2009	3DC0	200625	Federal Stimulus - School Lunch Cafeteria Equipment	Section 311.10 of Am. Sub. H.B. 2 of the 128th G.A.
2009	3DG0	200630	Federal Stimulus - McKinney Vento Grants	Section 311.10 of Am. Sub. H.B. 2 of the 128th G.A.
2009	3DJ0	200699	IDEA Part B -Federal Stimulus	Section 265.10 of Am. Sub. H.B. 1 of the 128th G.A.
2009	3DK0	200642	Title IA - Federal Stimulus	Section 265.10 of Am. Sub. H.B. 1 of the 128th G.A.
2009	3DL0	200650	IDEA Preschool - Federal Stimulus	Section 265.10 of Am. Sub. H.B. 1 of the 128th G.A.
2009	3DM0	200651	Title IID Technology -- Federal Stimulus	Section 265.10 of Am. Sub. H.B. 1 of the 128th G.A.
2009	3DP0	200652	Title I School Improvement - Federal Stimulus	Section 265.10 of Am. Sub. H.B. 1 of the 128th G.A.
2009	3H90	200605	Head Start Collaboration Project	Section 265.10 of Am. Sub. H.B. 1 of the 128th G.A. (authorized by the Human Services Amendment Act of 1994, Public Law 103‐252)
2009	3L60	200617	Federal School Lunch	Section 265.10 of Am. Sub. H.B. 1 of the 128th G.A. (originally established by Am. Sub. H.B. 152 of the 120th G.A.)
2009	3L70	200618	Federal School Breakfast	Section 265.10 of Am. Sub. H.B. 1 of the 128th G.A. (originally established by Am. Sub. H.B. 152 of the 120th G.A.)
2009	3L80	200619	Child/Adult Food Programs	Section 265.10 of Am. Sub. H.B. 1 of the 128th G.A. (originally established by Am. Sub. H.B. 152 of the 120th G.A.)
2009	3L90	200621	Career-Technical Education Basic Grant	Section 265.10 of Am. Sub. H.B. 1 of the 128th G.A. (originally established by Am. Sub. H.B. 152 of the 120th G.A.)
2009	3M00	200623	ESEA Title 1A	Section 265.10 of Am. Sub. H.B. 1 of the 128th G.A. (originally established by Am. Sub. H.B. 152 of the 120th G.A.)
2009	3M10	200678	Innovative Education	Section 265.10 of Am. Sub. H.B. 1 of the 128th G.A. (originally established by Am. Sub. H.B. 152 of the 120th G.A.)
2009	3M20	200680	Individuals with Disabilities Education Act	Section 265.10 of Am. Sub. H.B. 1 of the 128th G.A. (originally established by Am. Sub. H.B. 152 of the 120th G.A.)
2009	3S20	200641	Education Technology	Section 265.10 of Am. Sub. H.B. 1 of the 128th G.A. (originally established by Controlling Board on June 22, 1998)
2009	3T40	200613	Public Charter Schools	Section 265.10 of Am. Sub. H.B. 1 of the 128th G.A. (originally established by Controlling Board on December 7, 1998)
2009	3U20	200662	Teacher Quality Enhancement Grants	Discontinued line item (originally established by Controlling Board on July 1, 2000)
2009	3X50	200684	School Renovation/IDEA	Discontinued line item (originally established by Controlling Board on October 29, 2001)
2009	3Y20	200688	21st Century Community Learning Centers	Section 265.10 of Am. Sub. H.B. 1 of the 128th G.A. (originally established by Controlling Board on July 29, 2002)
2009	3Y40	200632	Reading First	Section 265.40.20 of Am. Sub. H.B. 1 of the 128th G.A. (originally established by Controlling Board on July 29, 2002)
2009	3Y50	200634	Community Service Grants	Discontinued line item (originally established by Controlling Board on November 18, 2002)
2009	3Y60	200635	Improving Teacher Quality	Section 265.10 of Am. Sub. H.B. 1 of the 128th G.A. (originally established by Controlling Board on August 12, 2002)
2009	3Y70	200689	English Language Acquisition	Section 265.10 of Am. Sub. H.B. 1 of the 128th G.A. (originally established by Controlling Board on July 29, 2002)
2009	3Y80	200639	Rural and Low Income Technical Assistance	Section 265.10 of Am. Sub. H.B. 1 of the 128th G.A. (originally established by Controlling Board on July 29, 2002)
2009	3Z20	200690	State Assessments	Section 265.10 of Am. Sub. H.B. 1 of the 128th G.A. (originally established by Controlling Board on July 29, 2002)
2009	3Z30	200645	Consolidated Federal Grant Administration	Section 265.10 of Am. Sub. H.B. 1 of the 128th G.A. (originally established by Controlling Board on July 7, 2003)
2009	3Z70	200697	General Supervisory Enhancement Grant	Section 265.10 of Am. Sub. H.B. 1 of the 128th G.A. (originally established by Controlling Board on January 28, 2008)
2009	4540	200610	Guidance and Testing	Section 265.10 of Am. Sub. H.B. 1 of the 128th G.A. (originally established in 1929)
2009	4550	200608	Commodity Foods	Section 265.10 of Am. Sub. H.B. 1 of the 128th G.A. (originally established by Controlling Board in September 1978)
2009	4R70	200695	Indirect Operational Support	Section 265.10 of Am. Sub. H.B. 1 of the 128th G.A. (originally established by Controlling Board in December 1993)
2009	4V70	200633	Interagency Operational Support	Section 265.10 of Am. Sub. H.B. 1 of the 128th G.A. (originally established by Controlling Board in June 1995)
2009	5980	200659	Auxiliary Services Reimbursement	ORC 3317.064; Section 265.10 of Am. Sub. H.B. 1 of the 128th G.A. (originally established by Am. Sub. H.B. 238 of the 116th G.A.)
2009	5BB0	200696	State Action for Education Leadership	ORC 3301.21; Section 265.10 of Am. Sub. H.B. 1 of the 128th G.A. (originally established by Am. Sub. H.B. 16 of the 126th G.A.)
2009	5BJ0	200626	Half-Mill Maintenance Equalization	ORC 3318 (F); Section 265.40.20 of Am. Sub. H.B. 1 of the 128th G.A.
2009	5U20	200685	National Education Statistics	Section 265.10 of Am. Sub. H.B. 1 of the 128th G.A. (originally established by Controlling Board on May 6, 2002)
2009	5W20	200663	Early Learning Initiative	Section 265.10 of Am. Sub. H.B. 1 of the 128th G.A. (originally established by Section 41.19 of Am. Sub. H.B. 95 of the 125th G.A.)
2009	5X90	200911	NGA STEM	Section 265.10 of Am. Sub. H.B. 1 of the 128th G.A. (originally established by Controlling Board on September 10, 2007)
2009	6200	200615	Educational Improvement Grants	Section 265.10 of Am. Sub. H.B. 1 of the 128th G.A. (originally established by Am. Sub. H.B. 282 of the 123rd G.A.)
2009	6210	200910	Preschool Foreign Language	Discontinued line item (originally established by Controlling Board on August 20, 2007)
2009	7017	200612	Foundation Funding	Section 265.40.50 of Am. Sub. H.B. 1 of the 128th G.A. (originally established by Am. Sub. H.B. 650 of the 122nd G.A.)
2009	7017	200682	Lease Rental Payment Reimbursement	Discontinued line item (originally established by Am. Sub. H.B. 152 of the 120th G.A.)
2009	7047	200909	School District Property Tax Replacement - Business	ORC 5721.21; Section 265.40.80 of Am. Sub. H.B. 1 of the 128th G.A.
2009	7053	200900	School District Property Tax Replacement - Utility	ORC 5727.84 and 5727.85; Section 265.40.80 of Am. Sub. H.B. 1 of the 128th G.A. (originally established by Am. Sub. S.B. 3 of the 123rd G.A.)
2010	GRF	200100	Personal Services	ORC 3301.13; Section 265.10 of Am. Sub. H.B. 1 of the 128th G.A.
2010	GRF	200320	Maintenance and Equipment	ORC 3301.13; Section 265.10 of Am. Sub. H.B. 1 of the 128th G.A. (originally established by Am. Sub. H.B. 282 of the 123rd G.A.)
2010	GRF	200408	Early Childhood Education	Section 265.10.20 of Am. Sub. H.B. 1 of the 128th G.A.
2010	GRF	200410	Educator Training	Discontinued line item (originally established by Am. Sub. H.B. 282 of the 123rd G.A.)
2010	GRF	200416	Career-Technical Education Match	Section 265.10.30 of Am. Sub. H.B. 1 of the 128th G.A. (originally established by Am. Sub. H.B. 191 of the 112th G.A.)
2010	GRF	200420	Computer/Application/Network Development	Section 265.10.30 of Am. Sub. H.B. 1 of the 128th G.A. (originally established by Am. Sub. H.B. 282 of the 123rd G.A.)
2010	GRF	200421	Alternative Education Programs	Section 265.10.40 of Am. Sub. H.B. 1 of the 128th G.A. (originally established by Am. Sub. H.B. 640 of the 123rd G.A.)
2010	GRF	200422	School Management Assistance	ORC 3301.073 and 3316; Section 265.10.50 of Am. Sub. H.B. 1 of the 128th G.A. (originally established by Am. H.B. 1285 of the 112th G.A.)
2010	GRF	200424	Policy Analysis	Section 265.10.60 of Am. Sub. H.B. 1 of the 128th G.A. (originally established by Am. Sub. H.B. 204 of the 113th G.A.)
2010	GRF	200425	Tech Prep Consortia Support	Section 265.10.60 of Am. Sub. H.B. 1 of the 128th G.A. (originally established by Controlling Board in FY 2001 and modified by Am. Sub. H.B. 94 of the 124th G.A.)
2010	GRF	200426	Ohio Educational Computer Network	ORC 3301.07; Section 265.10.70 of Am. Sub. H.B. 1 of the 128th G.A.
2010	GRF	200427	Academic Standards	ORC 3301.079; Section 265.10.80 of Am. Sub. H.B. 1 of the 128th G.A.
2010	GRF	200431	School Improvement Initiatives	ORC 3302.03 and 3302.04; Section 265.10.90 of Am. Sub. H.B. 1 of the 128th G.A. (originally established by Am. Sub. H.B. 111 of the 118th G.A.)
2010	GRF	200433	Literacy Improvement - Professional Development	Discontinued line item (originally established by Am. Sub. H.B. 94 of the 124th G.A.)
2010	GRF	200437	Student Assessment	ORC 3301.0710, 3301.0711, 3301.0712, 3301.0715, and 3301.27; Section 265.20.10 of Am. Sub. H.B. 1 of the 128th G.A. (originally established by Am. Sub. H.B. 111 of the 118th G.A.)
2010	GRF	200439	Accountability/Report Cards	ORC 3302.03; Section 265.20.20 of Am. Sub. H.B. 1 of the 128th G.A. (originally established by Am. Sub. H.B. 95 of the 125th G.A.)
2010	GRF	200442	Child Care Licensing	ORC 3301.52 through 3301.59; Section 265.20.20 of Am. Sub. H.B. 1 of the 128th G.A. (originally established by Controlling Board on October 16, 1995)
2010	GRF	200445	OhioReads Volunteer Support	Discontinued line item (originally established by Am. Sub. H.B. 1 and modified by Am. Sub. H.B. 282 of the 123rd G.A.)
2010	GRF	200446	Education Management Information System	ORC 3301.0714; Section 265.20.30 of Am. Sub. H.B. 1 of the 128th G.A.
2010	GRF	200447	GED Testing	ORC 3313.531; Section 265.20.40 of Am. Sub. H.B. 1 of the 128th G.A. (originally established by Controlling Board on January 8, 1990)
2010	GRF	200448	Educator Preparation	Section 265.20.50 of Am. Sub. H.B. 1 of the 128th G.A.
2010	GRF	200452	Teaching Success Commission Initiatives	Discontinued line item (originally established by Am. Sub. H.B. 95 of the 125th G.A.)
2010	GRF	200455	Community Schools	ORC 3314.11; Section 265.20.60 of Am. Sub. H.B. 1 of the 128th G.A. (originally established by Am. Sub. H.B. 215 of the 122nd G.A.)
2010	GRF	200457	STEM Initiatives	ORC 3326.01 through 3326.51; Section 265.20.60 of Am. Sub. H.B. 1 of the 128th G.A.; (originally established by Am. Sub. H.B. 119 of the 127th G.A.)
2010	GRF	200458	School Employees Health Care Board	Section 265.20.60 of Am. Sub. H.B. 1 of the 128th G.A.
2010	GRF	200501	Base Cost Funding	Discontinued line item (originally established in ORC 3317.022)
2010	GRF	200502	Pupil Transportation	ORC 3317.02, 3317.022, and 3317.024; Section 265.20.70 of Am. Sub. H.B. 1 of the 128th G.A.
2010	GRF	200503	Bus Purchase Allowance	Discontinued line item. (originally established in ORC 3317.07)
2010	GRF	200505	School Lunch Match	ORC 3313.81 and 3317.024; Section 265.20.80 of Am. Sub. H.B. 1 of the 128th G.A.
2010	GRF	200509	Adult Literacy Education	Discontinued line item
2010	GRF	200511	Auxiliary Services	ORC 3317.024 and 3317.06; Section 265.20.90 of Am. Sub. H.B. 1 of the 128th G.A.
2010	GRF	200513	Student Intervention Services	Discontinued line item (originally established by Am. Sub. H.B. 282 of the 123rd G.A.)
2010	GRF	200514	Postsecondary Adult Career-Technical Education	Discontinued line item
2010	GRF	200520	Disadvantaged Pupil Impact Aid	Discontinued line item (originally established in ORC 3317.029)
2010	GRF	200521	Gifted Pupil Program	Discontinued line item
2010	GRF	200532	Nonpublic Administrative Cost Reimbursement	ORC 3317.063; Section 265.30.10 of Am. Sub. H.B. 1 of the 128th G.A. (originally established by Am. Sub. H.B. 694 of the 114th G.A.)
2010	GRF	200536	Ohio Core Support	Discontinued line item (originally established by Sub. H.B. 115 of the 126th G.A. and modified by Am. Sub. S.B. 311 of the 126th G.A.)
2010	GRF	200540	Special Education Enhancements	ORC 3317.20, 3317.201, 3317.05, and 3317.052; Section 265.30.20 of Am. Sub. H.B. 1 of the 128th G.A. (originally established by Am. Sub. H.B. 650 of the 122nd G.A.)
2010	GRF	200545	Career-Technical Education Enhancements	Section 265.30.30 of Am. Sub. H.B. 1 of the 128th G.A. (originally established by Am. Sub. H.B. 650 of the 122nd G.A.)
2010	GRF	200550	Foundation Funding	ORC 3306; Sections 265.30.40, 265.30.50, and 265.50.10 of Am. Sub. H.B. 1 of the 128th G.A. (originally established by Am. Sub. H.B. 66 of the 126th G.A.)
2010	GRF	200551	Foundation Funding - Federal Stimulus	Section 265.30.40 of Am. Sub. H.B. 1 of the 128th G.A.
2010	GRF	200552	County MR/DD Boards Vehicle Purchases	Discontinued line item (originally established in ORC 3317.07)
2010	GRF	200558	Emergency Loan Interest Subsidy	Discontinued line item (originally established by Am. Sub. H.B. 650 of the 122nd G.A.)
2010	GRF	200566	Literacy Improvement - Classroom Grants	Discontinued line item (originally established by Am. Sub. H.B. 1 and modified by Am. Sub. H.B. 282 of the 123rd G.A.)
2010	GRF	200578	Violence Prevention and School Safety	Section 265.30.70 of Am. Sub. H.B. 1 of the 128th G.A.
2010	GRF	200901	Property Tax Allocation - Education	ORC 319.301 and 323.151 through 323.157; Section 265.30.80 of Am. Sub. H.B. 1 of the 128th G.A.
2010	GRF	200906	Tangible Tax Exemption-Education	Discontinued line item (transferred from the Auditor of State by Controlling Board action in FY 1986)
2010	1380	200606	Computer Services - Operational Support	Section 265.10 of Am. Sub. H.B. 1 of the 128th G.A. (originally established by Controlling Board on July 20, 1961)
2010	4520	200638	Miscellaneous Educational Services	Section 265.10 of Am. Sub. H.B. 1 of the 128th G.A. (originally established by Controlling Board on April 13, 1972)
2010	4D10	200602	Ohio Prevention/Education Resource Center	Discontinued line item (originally established by Controlling Board on September 21, 1992)
2010	4L20	200681	Teacher Certification and Licensure	Section 265.30.90 of Am. Sub. H.B. 1 of the 128th G.A. (originally established by Am. Sub. H.B. 152 of the 120th G.A.)
2010	5960	200656	Ohio Career Information System	Section 265.10 of Am. Sub. H.B. 1 of the 128th G.A. (originally established by Am. Sub. H.B. 238 of the 116th G.A.)
2010	5H30	200687	School District Solvency Assistance	ORC 3316.20; Section 265.30.90 of Am. Sub. H.B. 1 of the 128th G.A. (originally established by Am. Sub. H.B. 650 of the 122nd G.A.)
2010	3090	200601	Educationally Disadvantaged Programs	Section 265.10 of Am. Sub. H.B.1 of the 128th G.A. (originally established by Controlling Board on March 28, 1966)
2010	3660	200604	Adult Basic Education	Discontinued line item
2010	3670	200607	School Food Services	Section 265.10 of Am. Sub. H.B. 1 of the 128th G.A. (originally established by Controlling Board on October 27, 1967)
2010	3680	200614	Veterans' Training	Section 265.10 of Am. Sub. H.B. 1 of the 128th G.A. (originally established by Controlling Board on August 18, 1965)
2010	3690	200616	Career-Technical Education Federal Enhancement	Section 265.10 of Am. Sub. H.B. 1 of the 128th G.A. (originally established by Controlling Board on September 23, 1964)
2010	3700	200624	Education of Exceptional Children	Section 265.10 of Am. Sub. H.B. 1 of the 128th G.A. (originally established by Controlling Board on May 9, 1968)
2010	3710	200631	Immigrant Education Opportunities	Discontinued line item (originally established by Controlling Board on August 24, 1971)
2010	3740	200647	Troops to Teachers	Section 265.10 of Am. Sub. H.B. 1 of the 128th G.A. (originally established by Controlling Board in FY 1976)
2010	3780	200660	Learn and Serve	Section 265.10 of Am. Sub. H.B. 1 of the 128th G.A. (originally established by Controlling Board on July 29, 1985)
2010	3AF0	200603	Schools Medicaid Administrative Claims	Section 265.10 of Am. Sub. H.B. 1 of the 128th G.A. (originally established by Controlling Board on September 22, 2003)
2010	3AN0	200671	School Improvement Grants	Section 265.10 of Am. Sub. H.B. 1 of the 128th G.A. (originally established by Controlling Board on April 7, 2008)
2010	3AX0	200698	Improving Health and Educational Outcomes of Young People	Section 265.10 of Am. Sub. H.B. 1 of the 128th G.A. (originally established by Controlling Board on May 5, 2008)
2010	3BK0	200628	Longitudinal Data Systems	Section 265.10 of Am. Sub. H.B. 1 of the 128th G.A. (originally established by Controlling Board on January 9, 2006)
2010	3BV0	200636	Character Education	Section 265.10 of Am. Sub. H.B. 1 of the 128th G.A. (originally established by Controlling Board on September 25, 2006)
2010	3C50	200661	Early Childhood Education	Section 265.10 of Am. Sub. H.B. 1 of the 128th G.A. (originally established by Controlling Board on November 11, 1986)
2010	3CF0	200644	Foreign Language Assistance	Section 265.10 of Am. Sub. H.B. 1 of the 128th G.A. (originally established by Controlling Board on December 4, 2006)
2010	3CG0	200646	Teacher Incentive Fund	Section 265.10 of Am. Sub. H.B. 1 of the 128th G.A. (originally established by Controlling Board on December 4, 2006)
2010	3D10	200664	Drug Free Schools	Section 265.10 of Am. Sub. H.B. 1 of the 128th G.A. (originally established by Controlling Board on May 4, 1987)
2010	3D20	200667	Honors Scholarship Program	Section 265.10 of Am. Sub. H.B. 1 of the 128th G.A. (originally established by Controlling Board on April 20, 1987)
2010	3DC0	200625	Federal Stimulus - School Lunch Cafeteria Equipment	Section 311.10 of Am. Sub. H.B. 2 of the 128th G.A.
2010	3DG0	200630	Federal Stimulus - McKinney Vento Grants	Section 311.10 of Am. Sub. H.B. 2 of the 128th G.A.
2010	3DJ0	200699	IDEA Part B -Federal Stimulus	Section 265.10 of Am. Sub. H.B. 1 of the 128th G.A.
2010	3DK0	200642	Title IA - Federal Stimulus	Section 265.10 of Am. Sub. H.B. 1 of the 128th G.A.
2010	3DL0	200650	IDEA Preschool - Federal Stimulus	Section 265.10 of Am. Sub. H.B. 1 of the 128th G.A.
2010	3DM0	200651	Title IID Technology -- Federal Stimulus	Section 265.10 of Am. Sub. H.B. 1 of the 128th G.A.
2010	3DP0	200652	Title I School Improvement - Federal Stimulus	Section 265.10 of Am. Sub. H.B. 1 of the 128th G.A.
2010	3EF0	200694	National School Lunch Program - Equipment	Established by Controlling Board on March 22, 2010
2010	3H90	200605	Head Start Collaboration Project	Section 265.10 of Am. Sub. H.B. 1 of the 128th G.A. (authorized by the Human Services Amendment Act of 1994, Public Law 103‐252)
2010	3L60	200617	Federal School Lunch	Section 265.10 of Am. Sub. H.B. 1 of the 128th G.A. (originally established by Am. Sub. H.B. 152 of the 120th G.A.)
2010	3L70	200618	Federal School Breakfast	Section 265.10 of Am. Sub. H.B. 1 of the 128th G.A. (originally established by Am. Sub. H.B. 152 of the 120th G.A.)
2010	3L80	200619	Child/Adult Food Programs	Section 265.10 of Am. Sub. H.B. 1 of the 128th G.A. (originally established by Am. Sub. H.B. 152 of the 120th G.A.)
2010	3L90	200621	Career-Technical Education Basic Grant	Section 265.10 of Am. Sub. H.B. 1 of the 128th G.A. (originally established by Am. Sub. H.B. 152 of the 120th G.A.)
2010	3M00	200623	ESEA Title 1A	Section 265.10 of Am. Sub. H.B. 1 of the 128th G.A. (originally established by Am. Sub. H.B. 152 of the 120th G.A.)
2010	3M10	200678	Innovative Education	Section 265.10 of Am. Sub. H.B. 1 of the 128th G.A. (originally established by Am. Sub. H.B. 152 of the 120th G.A.)
2010	3M20	200680	Individuals with Disabilities Education Act	Section 265.10 of Am. Sub. H.B. 1 of the 128th G.A. (originally established by Am. Sub. H.B. 152 of the 120th G.A.)
2010	3S20	200641	Education Technology	Section 265.10 of Am. Sub. H.B. 1 of the 128th G.A. (originally established by Controlling Board on June 22, 1998)
2010	3T40	200613	Public Charter Schools	Section 265.10 of Am. Sub. H.B. 1 of the 128th G.A. (originally established by Controlling Board on December 7, 1998)
2010	3U20	200662	Teacher Quality Enhancement Grants	Discontinued line item (originally established by Controlling Board on July 1, 2000)
2010	3X50	200684	School Renovation/IDEA	Discontinued line item (originally established by Controlling Board on October 29, 2001)
2010	3Y20	200688	21st Century Community Learning Centers	Section 265.10 of Am. Sub. H.B. 1 of the 128th G.A. (originally established by Controlling Board on July 29, 2002)
2010	3Y40	200632	Reading First	Section 265.40.20 of Am. Sub. H.B. 1 of the 128th G.A. (originally established by Controlling Board on July 29, 2002)
2010	3Y50	200634	Community Service Grants	Discontinued line item (originally established by Controlling Board on November 18, 2002)
2010	3Y60	200635	Improving Teacher Quality	Section 265.10 of Am. Sub. H.B. 1 of the 128th G.A. (originally established by Controlling Board on August 12, 2002)
2010	3Y70	200689	English Language Acquisition	Section 265.10 of Am. Sub. H.B. 1 of the 128th G.A. (originally established by Controlling Board on July 29, 2002)
2010	3Y80	200639	Rural and Low Income Technical Assistance	Section 265.10 of Am. Sub. H.B. 1 of the 128th G.A. (originally established by Controlling Board on July 29, 2002)
2010	3Z20	200690	State Assessments	Section 265.10 of Am. Sub. H.B. 1 of the 128th G.A. (originally established by Controlling Board on July 29, 2002)
2010	3Z30	200645	Consolidated Federal Grant Administration	Section 265.10 of Am. Sub. H.B. 1 of the 128th G.A. (originally established by Controlling Board on July 7, 2003)
2010	3Z70	200697	General Supervisory Enhancement Grant	Section 265.10 of Am. Sub. H.B. 1 of the 128th G.A. (originally established by Controlling Board on January 28, 2008)
2010	4540	200610	Guidance and Testing	Section 265.10 of Am. Sub. H.B. 1 of the 128th G.A. (originally established in 1929)
2010	4550	200608	Commodity Foods	Section 265.10 of Am. Sub. H.B. 1 of the 128th G.A. (originally established by Controlling Board in September 1978)
2010	4R70	200695	Indirect Operational Support	Section 265.10 of Am. Sub. H.B. 1 of the 128th G.A. (originally established by Controlling Board in December 1993)
2010	4V70	200633	Interagency Operational Support	Section 265.10 of Am. Sub. H.B. 1 of the 128th G.A. (originally established by Controlling Board in June 1995)
2010	5980	200659	Auxiliary Services Reimbursement	ORC 3317.064; Section 265.10 of Am. Sub. H.B. 1 of the 128th G.A. (originally established by Am. Sub. H.B. 238 of the 116th G.A.)
2010	5BB0	200696	State Action for Education Leadership	ORC 3301.21; Section 265.10 of Am. Sub. H.B. 1 of the 128th G.A. (originally established by Am. Sub. H.B. 16 of the 126th G.A.)
2010	5BJ0	200626	Half-Mill Maintenance Equalization	ORC 3318 (F); Section 265.40.20 of Am. Sub. H.B. 1 of the 128th G.A.
2010	5U20	200685	National Education Statistics	Section 265.10 of Am. Sub. H.B. 1 of the 128th G.A. (originally established by Controlling Board on May 6, 2002)
2010	5W20	200663	Early Learning Initiative	Section 265.10 of Am. Sub. H.B. 1 of the 128th G.A. (originally established by Section 41.19 of Am. Sub. H.B. 95 of the 125th G.A.)
2010	5X90	200911	NGA STEM	Section 265.10 of Am. Sub. H.B. 1 of the 128th G.A. (originally established by Controlling Board on September 10, 2007)
2010	6200	200615	Educational Improvement Grants	Section 265.10 of Am. Sub. H.B. 1 of the 128th G.A. (originally established by Am. Sub. H.B. 282 of the 123rd G.A.)
2010	6210	200910	Preschool Foreign Language	Discontinued line item (originally established by Controlling Board on August 20, 2007)
2010	7017	200612	Foundation Funding	Section 265.40.50 of Am. Sub. H.B. 1 of the 128th G.A. (originally established by Am. Sub. H.B. 650 of the 122nd G.A.)
2010	7017	200682	Lease Rental Payment Reimbursement	Discontinued line item (originally established by Am. Sub. H.B. 152 of the 120th G.A.)
2010	7047	200909	School District Property Tax Replacement - Business	ORC 5751.21; Section 265.40.80 of Am. Sub. H.B. 1 of the 128th G.A.
2010	7053	200900	School District Property Tax Replacement - Utility	ORC 5727.84 and 5727.85; Section 265.40.80 of Am. Sub. H.B. 1 of the 128th G.A. (originally established by Am. Sub. S.B. 3 of the 123rd G.A.)
2011	GRF	200100	Personal Services	ORC 3301.13; Section 267.10 of Am. Sub. H.B. 153 of the 129th G.A.
2011	GRF	200320	Maintenance and Equipment	ORC 3301.13; Section 267.10 of Am. Sub. H.B. 153 of the 129th G.A. (originally established by Am. Sub. H.B. 282 of the 123rd G.A.)
2011	GRF	200408	Early Childhood Education	Section 267.10.10 of Am. Sub. H.B. 153 of the 129th G.A.
2011	GRF	200410	Educator Training	Discontinued line item (originally established by Am. Sub. H.B. 282 of the 123rd G.A.)
2011	GRF	200416	Career-Technical Education Match	Section 267.10.20 of Am. Sub. H.B. 153 of the 129th G.A. (originally established by Am. Sub. H.B. 191 of the 112th G.A.)
2011	GRF	200420	Computer/Application/Network Development	Section 267.10.20 of Am. Sub. H.B. 153 of the 129th G.A. (originally established by Am. Sub. H.B. 282 of the 123rd G.A.)
2011	GRF	200421	Alternative Education Programs	Section 267.10.30 of Am. Sub. H.B. 153 of the 129th G.A. (originally established by Am. Sub. H.B. 640 of the 123rd G.A.)
2011	GRF	200422	School Management Assistance	ORC 3301.073 and 3316; Section 267.10.40 of Am. Sub. H.B. 153 of the 129th G.A. (originally established by Am. H.B. 1285 of the 112th G.A.)
2011	GRF	200424	Policy Analysis	Section 267.10.50 of Am. Sub. H.B. 153 of the 129th G.A. (originally established by Am. Sub. H.B. 204 of the 113th G.A.)
2011	GRF	200425	Tech Prep Consortia Support	Section 267.10.50 of Am. Sub. H.B. 153 of the 129th G.A. (originally established by Controlling Board in FY 2001 and modified by Am. Sub. H.B. 94 of the 124th G.A.)
2011	GRF	200426	Ohio Educational Computer Network	ORC 3301.07; Section 267.10.60 of Am. Sub. H.B. 153 of the 129th G.A.
2011	GRF	200427	Academic Standards	ORC 3301.079; Section 267.10.70 of Am. Sub. H.B. 153 of the 129th G.A.
2011	GRF	200431	School Improvement Initiatives	Discontinued line item (originally established by Am. Sub. H.B. 111 of the 118th G.A.)
2011	GRF	200433	Literacy Improvement - Professional Development	Discontinued line item (originally established by Am. Sub. H.B. 94 of the 124th G.A.)
2011	GRF	200437	Student Assessment	ORC 3301.0710, 3301.0711, 3301.0712, 3301.0715, and 3301.27; Section 267.10.80 of Am. Sub. H.B. 153 of the 129th G.A. (originally established by Am. Sub. H.B. 111 of the 118th G.A.)
2011	GRF	200439	Accountability/Report Cards	ORC 3302.03; Section 267.20.20 of Am. Sub. H.B. 153 of the 129th G.A. (originally established by Am. Sub. H.B. 95 of the 125th G.A.)
2011	GRF	200442	Child Care Licensing	ORC 3301.52 through 3301.59; Section 267.20.20 of Am. Sub. H.B. 153 of the 129th G.A. (originally established by Controlling Board on October 16, 1995)
2011	GRF	200445	OhioReads Volunteer Support	Discontinued line item (originally established by Am. Sub. H.B. 1 and modified by Am. Sub. H.B. 282 of the 123rd G.A.)
2011	GRF	200446	Education Management Information System	ORC 3301.0714; Section 267.20.30 of Am. Sub. H.B. 153 of the 129th G.A.
2011	GRF	200447	GED Testing	ORC 3313.531; Section 267.20.40 of Am. Sub. H.B. 153 of the 129th G.A. (originally established by Controlling Board on January 8, 1990)
2011	GRF	200448	Educator Preparation	Section 267.20.50 of Am. Sub. H.B. 153 of the 129th G.A.
2011	GRF	200455	Community Schools and Choice Programs	ORC 3314.11; Section 267.20.60 of Am. Sub. H.B. 153 of the 129th G.A. (originally established by Am. Sub. H.B. 215 of the 122nd G.A.)
2011	GRF	200457	STEM Initiatives	Discontinued line item (originally established by Am. Sub. H.B. 119 of the 127th G.A.)
2011	GRF	200458	School Employees Health Care Board	Discontinued line item (originally established by Section 265.20.60 of Am. Sub. H.B. 1 of the 128th G.A.)
2011	GRF	200502	Pupil Transportation	ORC 3317.02, 3317.022, and 3317.024; Section 267.20.70 of Am. Sub. H.B. 153 of the 129th G.A.
2011	GRF	200503	Bus Purchase Allowance	Discontinued line item (originally established in ORC 3317.07)
2011	GRF	200505	School Lunch Match	ORC 3313.81 and 3317.024; Section 267.20.80 of Am. Sub. H.B. 153 of the 129th G.A.
2011	GRF	200509	Adult Literacy Education	Discontinued line item
2011	GRF	200511	Auxiliary Services	ORC 3317.024 and 3317.06; Section 267.20.90 of Am. Sub. H.B. 153 of the 129th G.A.
2011	GRF	200514	Postsecondary Adult Career-Technical Education	Discontinued line item
2011	GRF	200521	Gifted Pupil Program	Discontinued line item
2011	GRF	200532	Nonpublic Administrative Cost Reimbursement	ORC 3317.063; Section 267.30.10 of Am. Sub. H.B. 153 of the 129th G.A. (originally established by Am. Sub. H.B. 694 of the 114th G.A.)
2011	GRF	200536	Ohio Core Support	Discontinued line item (originally established by Sub. H.B. 115 of the 126th G.A. and modified by Am. Sub. S.B. 311 of the 126th G.A.)
2011	GRF	200540	Special Education Enhancements	ORC 3317.20, 3317.201, 3317.05, and 3317.052; Section 267.30.20 of Am. Sub. H.B. 153 of the 129th G.A. (originally established by Am. Sub. H.B. 650 of the 122nd G.A.)
2011	GRF	200545	Career-Technical Education Enhancements	Section 267.30.30 of Am. Sub. H.B. 153 of the 129th G.A. (originally established by Am. Sub. H.B. 650 of the 122nd G.A.)
2011	GRF	200550	Foundation Funding	ORC 3306; Section 267.30.40 of Am. Sub. H.B. 153 of the 129th G.A. (originally established by Am. Sub. H.B. 66 of the 126th G.A.)
2011	GRF	200551	Foundation Funding - Federal Stimulus	Discontinued line item (originally established by Section 265.30.40 of Am. Sub. H.B. 1 of the 128th G.A.)
2011	GRF	200566	Literacy Improvement - Classroom Grants	Discontinued line item (originally established by Am. Sub. H.B. 1 and modified by Am. Sub. H.B. 282 of the 123rd G.A.)
2011	GRF	200578	Violence Prevention and School Safety	Discontinued line item (originally established by Section 265.30.70 of Am. Sub. H.B. 1 of the 128th G.A.)
2011	GRF	200901	Property Tax Allocation - Education	ORC 319.301 and 323.151 through 323.157; Section 267.30.70 of Am. Sub. H.B. 153 of the 129th G.A.
2011	GRF	200906	Tangible Tax Exemption-Education	Discontinued line item (transferred from the Auditor of State by Controlling Board action in FY 1986)
2011	1380	200606	Computer Services - Operational Support	Section 267.10 of Am. Sub. H.B. 153 of the 129th G.A. (originally established by Controlling Board on July 20, 1961)
2011	4520	200638	Miscellaneous Educational Services	Section 267.10 of Am. Sub. H.B. 153 of the 129th G.A. (originally established by Controlling Board on April 13, 1972)
2011	4D10	200602	Ohio Prevention/Education Resource Center	Discontinued line item (originally established by Controlling Board on September 21, 1992)
2011	4L20	200681	Teacher Certification and Licensure	Section 267.30.80 of Am. Sub. H.B. 153 of the 129th G.A. (originally established by Am. Sub. H.B. 152 of the 120th G.A.)
2011	5960	200656	Ohio Career Information System	Section 267.10 of Am. Sub. H.B. 153 of the 129th G.A. (originally established by Am. Sub. H.B. 238 of the 116th G.A.)
2011	5H30	200687	School District Solvency Assistance	ORC 3316.20; Section 267.30.80 of Am. Sub. H.B. 153 of the 129th G.A. (originally established by Am. Sub. H.B. 650 of the 122nd G.A.)
2011	5JA0	200611	ARRA Compliance	As needed line item (originally established by S.B. 181 of the 128th G.A.)
2011	3090	200601	Neglected and Delinquent Education	Section 267.10 of Am. Sub. H.B.153 of the 129th G.A. (originally established by Controlling Board on March 28, 1966)
2011	3660	200604	Adult Basic Education	Discontinued line item
2011	3670	200607	School Food Services	Section 267.10 of Am. Sub. H.B. 153 of the 129th G.A. (originally established by Controlling Board on October 27, 1967)
2011	3680	200614	Veterans' Training	Discontinued line item (originally established by Controlling Board on August 18, 1965)
2011	3690	200616	Career-Technical Education Federal Enhancement	Section 267.10 of Am. Sub. H.B. 153 of the 129th G.A. (originally established by Controlling Board on September 23, 1964)
2011	3700	200624	Education of Exceptional Children	Section 267.10 of Am. Sub. H.B. 153 of the 129th G.A. (originally established by Controlling Board on May 9, 1968)
2011	3740	200647	Troops to Teachers	Discontinued line item (originally established by Controlling Board in FY 1976)
2011	3780	200660	Learn and Serve	Section 267.10 of Am. Sub. H.B. 153 of the 129th G.A. (originally established by Controlling Board on July 29, 1985)
2011	3AF0	200603	Schools Medicaid Administrative Claims	Section 267.10 of Am. Sub. H.B. 153 of the 129th G.A. (originally established by Controlling Board on September 22, 2003)
2011	3AN0	200671	School Improvement Grants	Section 267.10 of Am. Sub. H.B. 153 of the 129th G.A. (originally established by Controlling Board on April 7, 2008)
2011	3AX0	200698	Improving Health and Educational Outcomes of Young People	Section 267.10 of Am. Sub. H.B. 153 of the 129th G.A. (originally established by Controlling Board on May 5, 2008)
2011	3BK0	200628	Longitudinal Data Systems	Section 267.10 of Am. Sub. H.B. 153 of the 129th G.A. (originally established by Controlling Board on January 9, 2006)
2011	3BV0	200636	Character Education	Discontinued line item (originally established by Controlling Board on September 25, 2006)
2011	3C50	200661	Early Childhood Education	Section 267.10 of Am. Sub. H.B. 153 of the 129th G.A. (originally established by Controlling Board on November 11, 1986)
2011	3CF0	200644	Foreign Language Assistance	Discontinued line item (originally established by Controlling Board on December 4, 2006)
2011	3CG0	200646	Teacher Incentive Fund	Section 267.10 of Am. Sub. H.B. 153 of the 129th G.A. (originally established by Controlling Board on December 4, 2006)
2011	3D10	200664	Drug Free Schools	Section 267.10 of Am. Sub. H.B. 153 of the 129th G.A. (originally established by Controlling Board on May 4, 1987)
2011	3D20	200667	Math Science Partnerships	Section 267.10 of Am. Sub. H.B. 153 of the 129th G.A. (originally established by Controlling Board on April 20, 1987)
2011	3DC0	200625	Federal Stimulus - School Lunch Cafeteria Equipment	Discontinued line item (originally established by Am. Sub. H.B. 2 of the 128th G.A.)
2011	3DG0	200630	Federal Stimulus - McKinney Vento Grants	Section 267.10 of Am. Sub. H.B. 153 of the 129th G.A. (originally established by Section 311.10 of Am. Sub. H.B. 2 of the 128th G.A.)
2011	3DJ0	200699	IDEA Part B - Federal Stimulus	Section 267.10 of Am. Sub. H.B. 153 of the 129th G.A. (originally established by Section 265.10 of Am. Sub. H.B. 1 of the 128th G.A.)
2011	3DK0	200642	Title IA - Federal Stimulus	Section 267.10 of Am. Sub. H.B. 153 of the 129th G.A. (originally established by Section 265.10 of Am. Sub. H.B. 1 of the 128th G.A.)
2011	3DL0	200650	IDEA Preschool - Federal Stimulus	Section 267.10 of Am. Sub. H.B. 153 of the 129th G.A. (originally established by Section 265.10 of Am. Sub. H.B. 1 of the 128th G.A.)
2011	3DM0	200651	Title IID Technology - Federal Stimulus	Section 267.10 of Am. Sub. H.B. 153 of the 129th G.A. (originally established by Section 265.10 of Am. Sub. H.B. 1 of the 128th G.A.)
2011	3DP0	200652	Title I School Improvement - Federal Stimulus	Section 267.10 of Am. Sub. H.B. 153 of the 129th G.A. (originally established by Section 265.10 of Am. Sub. H.B. 1 of the 128th G.A.)
2011	3EC0	200653	Teacher Incentive - Federal Stimulus	Section 267.10 of Am. Sub. H.B. 153 of the 129th G.A. (originally established by the Controlling Board on December 14, 2009)
2011	3EF0	200694	National School Lunch Program - Equipment	Discontinued line item (originally established by Controlling Board on March 22, 2010)
2011	3EH0	200620	Migrant Education	Section 267.10 of Am. Sub. H.B. 153 of the 129th G.A. (originally established by Controlling Board on July 19, 2010)
2011	3EJ0	200622	Homeless Children Education	Section 267.10 of Am. Sub. H.B. 153 of the 129th G.A. (originally established by the Controlling Board on July 19, 2010)
2011	3EK0	200637	Advanced Placement	Discontinued line item (originally established by the Controlling Board on July 19, 2010)
2011	3EM0	200643	Byrd Scholarship	Discontinued line item (originally established by Controlling Board on July 19, 2010)
2011	3EN0	200655	State Data Systems - Federal Stimulus	Section 267.10 of Am. Sub. H.B. 153 of the 129th G.A. (originally established by Controlling Board on October 25, 2010)
2011	3ES0	200657	General Supervisory Enhancement Grant	Section 267.10 of Am. Sub. H.B. 153 of the 129th G.A. (originally established by Controlling Board on September 27, 2010)
2011	3ET0	200658	Education Jobs Fund	Section 267.10 of Am. Sub. H.B. 153 of the 129th G.A. (originally established by Controlling Board on September 27, 2010)
2011	3FD0	200665	Race to the Top	Section 267.10 of Am. Sub. H.B. 153 of the 129th G.A. (originally established by Controlling Board on November 22, 2010)
2011	3FE0	200669	Striving Readers	Section 267.10 of Am. Sub. H.B. 153 of the 129th G.A. (originally established by Controlling Board on December 13, 2010)
2011	3H90	200605	Head Start Collaboration Project	Section 267.10 of Am. Sub. H.B. 153 of the 129th G.A. (authorized by the Human Services Amendment Act of 1994, Public Law 103‐252)
2011	3L60	200617	Federal School Lunch	Section 267.10 of Am. Sub. H.B. 153 of the 129th G.A. (originally established by Am. Sub. H.B. 152 of the 120th G.A.)
2011	3L70	200618	Federal School Breakfast	Section 267.10 of Am. Sub. H.B. 153 of the 129th G.A. (originally established by Am. Sub. H.B. 152 of the 120th G.A.)
2011	3L80	200619	Child/Adult Food Programs	Section 267.10 of Am. Sub. H.B. 153 of the 129th G.A. (originally established by Am. Sub. H.B. 152 of the 120th G.A.)
2011	3L90	200621	Career-Technical Education Basic Grant	Section 267.10 of Am. Sub. H.B. 153 of the 129th G.A. (originally established by Am. Sub. H.B. 152 of the 120th G.A.)
2011	3M00	200623	ESEA Title 1A	Section 267.10 of Am. Sub. H.B. 153 of the 129th G.A. (originally established by Am. Sub. H.B. 152 of the 120th G.A.)
2011	3M10	200678	Innovative Education	Discontinued line item (originally established by Am. Sub. H.B. 152 of the 120th G.A.)
2011	3M20	200680	Individuals with Disabilities Education Act	Section 267.10 of Am. Sub. H.B. 153 of the 129th G.A. (originally established by Am. Sub. H.B. 152 of the 120th G.A.)
2011	3S20	200641	Education Technology	Section 267.10 of Am. Sub. H.B. 153 of the 129th G.A. (originally established by Controlling Board on June 22, 1998)
2011	3T40	200613	Public Charter Schools	Section 267.10 of Am. Sub. H.B. 153 of the 129th G.A. (originally established by Controlling Board on December 7, 1998)
2011	3Y20	200688	21st Century Community Learning Centers	Section 267.10 of Am. Sub. H.B. 153 of the 129th G.A. (originally established by Controlling Board on July 29, 2002)
2011	3Y40	200632	Reading First	Discontinued line item (originally established by Controlling Board on July 29, 2002)
2011	3Y60	200635	Improving Teacher Quality	Section 267.10 of Am. Sub. H.B. 153 of the 129th G.A. (originally established by Controlling Board on August 12, 2002)
2011	3Y70	200689	English Language Acquisition	Section 267.10 of Am. Sub. H.B. 153 of the 129th G.A. (originally established by Controlling Board on July 29, 2002)
2011	3Y80	200639	Rural and Low Income Technical Assistance	Section 267.10 of Am. Sub. H.B. 153 of the 129th G.A. (originally established by Controlling Board on July 29, 2002)
2011	3Z20	200690	State Assessments	Section 267.10 of Am. Sub. H.B. 153 of the 129th G.A. (originally established by Controlling Board on July 29, 2002)
2011	3Z30	200645	Consolidated Federal Grant Administration	Section 267.10 of Am. Sub. H.B. 153 of the 129th G.A. (originally established by Controlling Board on July 7, 2003)
2011	3Z70	200697	General Supervisory Enhancement Grant	Discontinued line item (originally established by Controlling Board on January 28, 2008)
2011	4540	200610	Guidance and Testing	Section 267.10 of Am. Sub. H.B. 153 of the 129th G.A. (originally established in 1929)
2011	4550	200608	Commodity Foods	Section 267.10 of Am. Sub. H.B. 153 of the 129th G.A. (originally established by Controlling Board in September 1978)
2011	4R70	200695	Indirect Operational Support	Section 267.10 of Am. Sub. H.B. 153 of the 129th G.A. (originally established by Controlling Board in December 1993)
2011	4V70	200633	Interagency Operational Support	Section 267.10 of Am. Sub. H.B. 153 of the 129th G.A. (originally established by Controlling Board in June 1995)
2011	5980	200659	Auxiliary Services Reimbursement	ORC 3317.064; Section 267.10 of Am. Sub. H.B. 153 of the 129th G.A. (originally established by Am. Sub. H.B. 238 of the 116th G.A.)
2011	5BB0	200696	State Action for Education Leadership	ORC 3301.21; Section 267.10 of Am. Sub. H.B. 153 of the 129th G.A. (originally established by Am. Sub. H.B. 16 of the 126th G.A.)
2011	5BJ0	200626	Half-Mill Maintenance Equalization	ORC 3318 (F); Section 267.40.10 of Am. Sub. H.B. 153 of the 129th G.A.
2011	5U20	200685	National Education Statistics	Section 267.10 of Am. Sub. H.B. 153 of the 129th G.A. (originally established by Controlling Board on May 6, 2002)
2011	5W20	200663	Early Learning Initiative	Discontinued line item (originally established by Section 41.19 of Am. Sub. H.B. 95 of the 125th G.A.)
2011	5X90	200911	NGA STEM	Discontinued line item (originally established by Controlling Board on September 10, 2007)
2011	6200	200615	Educational Improvement Grants	Section 267.10 of Am. Sub. H.B. 153 of the 129th G.A. (originally established by Am. Sub. H.B. 282 of the 123rd G.A.)
2011	6210	200910	Preschool Foreign Language	Discontinued line item (originally established by Controlling Board on August 20, 2007)
2011	7017	200612	Foundation Funding	Section 267.40.30 of Am. Sub. H.B. 153 of the 129th G.A. (originally established by Am. Sub. H.B. 650 of the 122nd G.A.)
2011	7017	200682	Lease Rental Payment Reimbursement	Discontinued line item (originally established by Am. Sub. H.B. 152 of the 120th G.A.)
2011	7047	200909	School District Property Tax Replacement-Business	ORC 5751.21; Section 267.40.60 of Am. Sub. H.B. 153 of the 129th G.A.
2011	7053	200900	School District Property Tax Replacement-Utility	ORC 5727.84 and 5727.85; Section 267.40.60 of Am. Sub. H.B. 153 of the 129th G.A. (originally established by Am. Sub. S.B. 3 of the 123rd G.A.)
2013	GRF	200100	Personal Services	Discontinued line item (originally established by Am. Sub. H.B. 155 of the 111th G.A.)
2013	GRF	200320	Maintenance and Equipment	Discontinued line item (originally established by Am. Sub. H.B. 282 of the 123rd G.A.)
2013	GRF	200321	Operating Expenses	Section 263.20 of Am. Sub. H.B. 59 of the 130th G.A. (originally established by Am. Sub. H.B. 487 of the 129th G.A.)
2013	GRF	200408	Early Childhood Education	Section 263.20 of Am. Sub. H.B. 59 of the 130th G.A. (originally established by Am. Sub. H.B. 298 of the 119th G.A.)
2013	GRF	200410	Educator Training	Discontinued line item (originally established by Am. Sub. H.B. 282 of the 123rd G.A.)
2013	GRF	200416	Career-Technical Education Match	Discontinued line item (originally established by Am. Sub. H.B. 191 of the 112th G.A.)
2013	GRF	200420	Information Technology Development and Support	Section 263.30 of Am. Sub. H.B. 59 of the 130th G.A. (originally established by Am. Sub. H.B. 282 of the 123rd G.A.)
2013	GRF	200421	Alternative Education Programs	Section 263.40 of Am. Sub. H.B. 59 of the 130th G.A. (originally established by Am. Sub. H.B. 640 of the 123rd G.A.)
2013	GRF	200422	School Management Assistance	ORC 3301.073 and 3316; Section 263.50 of Am. Sub. H.B. 59 of the 130th G.A. (originally established by Am. H.B. 1285 of the 112th G.A.)
2013	GRF	200424	Policy Analysis	Section 263.60 of Am. Sub. H.B. 59 of the 130th G.A. (originally established by Am. Sub. H.B. 204 of the 113th G.A.)
2013	GRF	200425	Tech Prep Consortia Support	Section 263.60 of Am. Sub. H.B. 59 of the 130th G.A. (originally established by Controlling Board in FY 2001 and modified by Am. Sub. H.B. 94 of the 124th G.A.)
2013	GRF	200426	Ohio Educational Computer Network	ORC 3301.07; Section 263.70 of Am. Sub. H.B. 59 of the 130th G.A. (originally established by Am. Sub. H.B. 204 of the 113th G.A.)
2013	GRF	200427	Academic Standards	ORC 3301.079; Section 263.80 of Am. Sub. H.B. 59 of the 130th G.A. (originally established by Am. Sub. H.B. 94 of the 124th G.A.)
2013	GRF	200431	School Improvement Initiatives	Discontinued line item (originally established by Am. Sub. H.B. 111 of the 118th G.A.)
2013	GRF	200433	Literacy Improvement - Professional Development	Discontinued line item (originally established by Am. Sub. H.B. 94 of the 124th G.A.)
2013	GRF	200437	Student Assessment	ORC 3301.079, 3301.0710, 3301.0711, 3301.0712, 3301.0715, 3301.27, and 3313.608; Section 263.90 of Am. Sub. H.B. 59 of the 130th G.A.(originally established by Am. Sub. H.B. 111 of the 118th G.A.)
2013	GRF	200439	Accountability/Report Cards	ORC 3302.03; Section 263.110 of Am. Sub. H.B. 59 of the 130th G.A. (originally established by Am. Sub. H.B. 95 of the 125th G.A.)
2013	GRF	200442	Child Care Licensing	ORC 3301.52 through 3301.59; Section 263.110 of Am. Sub. H.B. 59 of the 130th G.A. (originally established by Controlling Board on October 16, 1995)
2013	GRF	200446	Education Management Information System	ORC 3301.0714; Section 263.120 of Am. Sub. H.B. 59 of the 130th G.A. (originally established by Am. Sub. H.B. 111 of the 118th G.A.)
2013	GRF	200447	GED Testing	ORC 3313.531; Section 263.130 of Am. Sub. H.B. 59 of the 130th G.A. (originally established by Controlling Board on January 8, 1990)
2013	GRF	200448	Educator Preparation	Section 263.140 of Am. Sub. H.B. 59 of the 130th G.A. (originally established by Am. Sub. H.B. 95 of the 125th G.A.)
2013	GRF	200455	Community Schools and Choice Programs	ORC 3314.015 and 3314.11; Section 263.150 of Am. Sub. H.B. 59 of the 130th G.A. (originally established by Am. Sub. H.B. 215 of the 122nd G.A.)
2013	GRF	200457	STEM Initiatives	Discontinued line item (originally established by Am. Sub. H.B. 119 of the 127th G.A.)
2013	GRF	200458	School Employees Health Care Board	Discontinued line item (originally established by Am. Sub. H.B. 1 of the 128th G.A.)
2013	GRF	200464	General Technology Operations	Section 263.10 of Am. Sub. H.B. 59 of the 130th G.A.
2013	GRF	200465	Technology Integration and Professional Development	Section 263.160 of Am. Sub. H.B. 59 of the 130th G.A.
2013	GRF	200502	Pupil Transportation	ORC 3317.024, 3317.0212, and 3327.02; Section 263.170 of Am. Sub. H.B. 59 of the 130th G.A. (originally established by Am. Sub. H.B. 191 of the 112th G.A.)
2013	GRF	200503	Bus Purchase Allowance	Discontinued line item (originally established by Am. Sub. H.B. 191 of the 112th G.A.)
2013	GRF	200505	School Lunch Match	ORC 3313.81 and 3317.024; Section 263.180 of Am. Sub. H.B. 59 of the 130th G.A. (originally established by Am. Sub. H.B. 191 of the 112th G.A.)
2013	GRF	200509	Adult Literacy Education	Discontinued line item (originally established by Am. Sub. H.B. 191 of the 112th G.A.)
2013	GRF	200511	Auxiliary Services	ORC 3317.024 and 3317.06; Section 263.190 of Am. Sub. H.B. 59 of the 130th G.A. (originally established by Am. Sub. H.B. 191 of the 112th G.A.)
2013	GRF	200521	Gifted Pupil Program	Discontinued line item (originally established by Am. Sub. H.B. 191 of the 112th G.A.)
2013	GRF	200532	Nonpublic Administrative Cost Reimbursement	ORC 3317.063; Section 263.200 of Am. Sub. H.B. 59 of the 130th G.A. (originally established by Am. Sub. H.B. 694 of the 114th G.A.)
2013	GRF	200536	Ohio Core Support	Discontinued line item (originally established by Sub. H.B. 115 of the 126th G.A. and modified by Am. Sub. S.B. 311 of the 126th G.A.)
2013	GRF	200540	Special Education Enhancements	ORC 3317.0213, 3317.20, and 3317.201; Section 263.210 of Am. Sub. H.B. 59 of the 130th G.A. (originally established by Am. Sub. H.B. 650 of the 122nd G.A.)
2013	GRF	200545	Career-Technical Education Enhancements	Section 263.220 of Am. Sub. H.B. 59 of the 130th G.A. (originally established by Am. Sub. H.B. 650 of the 122nd G.A.)
2013	GRF	200550	Foundation Funding	ORC 3317; Sections 263.230, 263.240, and 263.250 of Am. Sub. H.B. 59 of the 130th G.A. (originally established by Am. Sub. H.B. 66 of the 126th G.A.)
2013	GRF	200551	Foundation Funding - Federal Stimulus	Discontinued line item (originally established by Am. Sub. H.B. 1 of the 128th G.A.)
2013	GRF	200566	Literacy Improvement	Section 263.255 of Am. Sub. H.B. 59 of the 130th G.A. (originally established by Am. Sub. H.B. 1 and modified by Am. Sub. H.B. 282 of the 123rd G.A.)
2013	GRF	200578	Violence Prevention and School Safety	Discontinued line item (originally established by Am. Sub. H.B. 1 of the 128th G.A.)
2013	GRF	200901	Property Tax Allocation - Education	ORC 319.301 and 323.151 through 323.157; Section 263.260 of Am. Sub. H.B. 59 of the 130th G.A. (originally established by Am. Sub. H.B. 204 of the 113th G.A.)
2013	1380	200606	Information Technology Development and Support	Section 263.10 of Am. Sub. H.B. 59 of the 130th G.A. (originally established by Controlling Board on July 20, 1961)
2013	4520	200638	Fees and Refunds	Section 263.10 of Am. Sub. H.B. 59 of the 130th G.A. (originally established by Controlling Board on April 13, 1972)
2013	4L20	200681	Teacher Certification and Licensure	ORC 3319.51; Section 263.270 of Am. Sub. H.B. 59 of the 130th G.A. (originally established by Am. Sub. H.B. 152 of the 120th G.A.)
2013	5960	200656	Ohio Career Information System	Section 263.10 of Am. Sub. H.B. 59 of the 130th G.A. (originally established by Am. Sub. H.B. 238 of the 116th G.A.)
2013	5H30	200687	School District Solvency Assistance	ORC 3316.20; Section 263.270 of Am. Sub. H.B. 59 of the 130th G.A. (originally established by Am. Sub. H.B. 650 of the 122nd G.A.)
2013	5JA0	200611	ARRA Compliance	Discontinued line item (originally established by S.B. 181 of the 128th G.A.)
2013	5KX0	200691	Ohio School Sponsorship Program	ORC 3314.029; Section 263.10 of Am. Sub. H.B. 59 of the 130th G.A. (originally established by Controlling Board on November 14, 2011)
2013	5KY0	200693	Community Schools Temporary Sponsorship	ORC 3314.015 and 3314.03; Section 263.10 of Am. Sub. H.B. 59 of the 130th G.A. (originally established by Controlling Board on November 14, 2011)
2013	3090	200601	Neglected and Delinquent Education	Section 263.10 of Am. Sub. H.B.59 of the 130th G.A. (originally established by Controlling Board on March 28, 1966)
2013	3670	200607	School Food Services	Section 263.10 of Am. Sub. H.B. 59 of the 130th G.A. (originally established by Controlling Board on October 27, 1967)
2013	3680	200614	Veterans' Training	Discontinued line item (originally established by Controlling Board on August 18, 1965)
2013	3690	200616	Career-Technical Education Federal Enhancement	Discontinued line item (originally established by Controlling Board on September 23, 1964)
2013	3700	200624	Education of Exceptional Children	Section 263.10 of Am. Sub. H.B. 59 of the 130th G.A. (originally established by Controlling Board on May 9, 1968)
2013	3740	200647	Troops to Teachers	Discontinued line item (originally established by Controlling Board in FY 1976)
2013	3780	200660	Learn and Serve	Discontinued line item (originally established by Controlling Board on July 29, 1985)
2013	3AF0	200603	Schools Medicaid Administrative Claims	ORC 5162.64; Section 263.280 of Am. Sub. H.B. 59 of the 130th G.A. (originally established by Controlling Board on September 22, 2003)
2013	3AN0	200671	School Improvement Grants	Section 263.10 of Am. Sub. H.B. 59 of the 130th G.A. (originally established by Controlling Board on April 7, 2008)
2013	3AX0	200698	Improving Health and Educational Outcomes of Young People	Discontinued line item (originally established by Controlling Board on May 5, 2008)
2013	3BK0	200628	Longitudinal Data Systems	Section 263.10 of Am. Sub. H.B. 59 of the 129th G.A. (originally established by Controlling Board on January 9, 2006)
2013	3BV0	200636	Character Education	Discontinued line item (originally established by Controlling Board on September 25, 2006)
2013	3C50	200661	Early Childhood Education	Section 263.10 of Am. Sub. H.B. 59 of the 130th G.A. (originally established by Controlling Board on November 11, 1986)
2013	3CF0	200644	Foreign Language Assistance	Discontinued line item (originally established by Controlling Board on December 4, 2006)
2013	3CG0	200646	Teacher Incentive	Section 263.10 of Am. Sub. H.B. 59 of the 130th G.A. (originally established by Controlling Board on December 4, 2006)
2013	3D10	200664	Drug Free Schools	Discontinued line item (originally established by Controlling Board on May 4, 1987)
2013	3D20	200667	Math Science Partnerships	Section 263.10 of Am. Sub. H.B. 59 of the 130th G.A. (originally established by Controlling Board on April 20, 1987)
2013	3DC0	200625	Federal Stimulus - School Lunch Cafeteria Equipment	Discontinued line item (originally established by Am. Sub. H.B. 2 of the 128th G.A.)
2013	3DG0	200630	Federal Stimulus - McKinney Vento Grants	Discontinued line item (originally established by Am. Sub. H.B. 2 of the 128th G.A.)
2013	3DJ0	200699	IDEA Part B - Federal Stimulus	Discontinued line item (originally established by Am. Sub. H.B. 1 of the 128th G.A.)
2013	3DK0	200642	Title IA - Federal Stimulus	Discontinued line item (originally established by Am. Sub. H.B. 1 of the 128th G.A.)
2013	3DL0	200650	IDEA Preschool - Federal Stimulus	Discontinued line item (originally established by Am. Sub. H.B. 1 of the 128th G.A.)
2013	3DM0	200651	Title IID Technology - Federal Stimulus	Discontinued line item (originally established by Am. Sub. H.B. 1 of the 128th G.A.)
2013	3DP0	200652	Title I School Improvement - Federal Stimulus	Discontinued line item (originally established by Am. Sub. H.B. 1 of the 128th G.A.)
2013	3EC0	200653	Teacher Incentive - Federal Stimulus	Section 263.10 of Am. Sub. H.B. 59 of the 130th G.A. (originally established by the Controlling Board on December 14, 2009)
2013	3EF0	200694	National School Lunch Program - Equipment	Discontinued line item (originally established by Controlling Board on March 22, 2010)
2013	3EH0	200620	Migrant Education	Section 263.10 of Am. Sub. H.B. 59 of the 130th G.A. (originally established by Controlling Board on July 19, 2010)
2013	3EJ0	200622	Homeless Children Education	Section 263.10 of Am. Sub. H.B. 59 of the 130th G.A. (originally established by the Controlling Board on July 19, 2010)
2013	3EK0	200637	Advanced Placement	Section 263.10 of Am. Sub. H.B. 59 of the 130th G.A. (originally established by the Controlling Board on July 19, 2010)
2013	3EM0	200643	Byrd Scholarship	Discontinued line item (originally established by Controlling Board on July 19, 2010)
2013	3EN0	200655	State Data Systems - Federal Stimulus	Section 263.10 of Am. Sub. H.B. 59 of the 130th G.A. (originally established by Controlling Board on October 25, 2010)
2013	3ES0	200657	General Supervisory Enhancement Grant	Discontinued line item (originally established by Controlling Board on September 27, 2010)
2013	3ET0	200658	Education Jobs Fund	Discontinued line item (originally established by Controlling Board on September 27, 2010)
2013	3FD0	200665	Race to the Top	Section 263.10 of Am. Sub. H.B. 59 of the 130th G.A. (originally established by Controlling Board on November 22, 2010)
2013	3FE0	200669	Striving Readers	Discontinued line item (originally established by Controlling Board on December 13, 2010)
2013	3FN0	200672	Early Learning Challenge - Race to the Top	Section 263.10 of Am. Sub. H.B. 59 of the 130th G.A. (originally established by Controlling Board on February 27, 2012)
2013	3GE0	200674	Summer Food Service Program	Section 263.10 of Am. Sub. H.B. 59 of the 130th G.A. (originally established by the Controlling Board on October 29, 2012)
2013	3GF0	200675	Miscellaneous Nutrition Grants	Section 263.10 of Am. Sub. H.B. 59 of the 130th G.A. (originally established by the Controlling Board on October 29, 2012)
2013	3GG0	200676	Fresh Fruit and Vegetable Program	Section 263.10 of Am. Sub. H.B. 59 of the 130th G.A. (originally established by the Controlling Board on October 29, 2012)
2013	3H90	200605	Head Start Collaboration Project	Section 263.10 of Am. Sub. H.B. 59 of the 130th G.A. (originally established by the Controlling Board on January 24, 1994)
2013	3L60	200617	Federal School Lunch	Section 263.10 of Am. Sub. H.B. 59 of the 130th G.A. (originally established by Am. Sub. H.B. 152 of the 120th G.A.)
2013	3L70	200618	Federal School Breakfast	Section 263.10 of Am. Sub. H.B. 59 of the 130th G.A. (originally established by Am. Sub. H.B. 152 of the 120th G.A.)
2013	3L80	200619	Child/Adult Food Programs	Section 263.10 of Am. Sub. H.B. 59 of the 130th G.A. (originally established by Am. Sub. H.B. 152 of the 120th G.A.)
2013	3L90	200621	Career-Technical Education Basic Grant	Section 263.10 of Am. Sub. H.B. 59 of the 130th G.A. (originally established by Am. Sub. H.B. 152 of the 120th G.A.)
2013	3M00	200623	ESEA Title 1A	Section 263.10 of Am. Sub. H.B. 59 of the 130th G.A. (originally established by Am. Sub. H.B. 152 of the 120th G.A.)
2013	3M10	200678	Innovative Education	Discontinued line item (originally established by Am. Sub. H.B. 152 of the 120th G.A.)
2013	3M20	200680	Individuals with Disabilities Education Act	Section 263.10 of Am. Sub. H.B. 59 of the 130th G.A. (originally established by Am. Sub. H.B. 152 of the 120th G.A.)
2013	3S20	200641	Education Technology	Discontinued line item (originally established by Controlling Board on June 22, 1998)
2013	3T40	200613	Public Charter Schools	Section 263.10 of Am. Sub. H.B. 59 of the 130th G.A. (originally established by Controlling Board on December 7, 1998)
2013	3Y20	200688	21st Century Community Learning Centers	Section 263.10 of Am. Sub. H.B. 59 of the 130th G.A. (originally established by Controlling Board on July 29, 2002)
2013	3Y40	200632	Reading First	Discontinued line item (originally established by Controlling Board on July 29, 2002)
2013	3Y60	200635	Improving Teacher Quality	Section 263.10 of Am. Sub. H.B. 59 of the 130th G.A. (originally established by Controlling Board on August 12, 2002)
2013	3Y70	200689	English Language Acquisition	Section 263.10 of Am. Sub. H.B. 59 of the 130th G.A. (originally established by Controlling Board on July 29, 2002)
2013	3Y80	200639	Rural and Low Income Technical Assistance	Section 263.10 of Am. Sub. H.B. 59 of the 130th G.A. (originally established by Controlling Board on July 21, 2003)
2013	3Z20	200690	State Assessments	Section 263.10 of Am. Sub. H.B. 59 of the 130th G.A. (originally established by Controlling Board on July 29, 2002)
2013	3Z30	200645	Consolidated Federal Grant Administration	Section 263.10 of Am. Sub. H.B. 59 of the 130th G.A. (originally established by Controlling Board on July 7, 2003)
2013	3Z70	200697	General Supervisory Enhancement Grant	Discontinued line item (originally established by Controlling Board on January 28, 2008)
2013	4540	200610	GED Testing	Section 263.10 of Am. Sub. H.B. 59 of the 130th G.A. (originally established in 1929)
2013	4550	200608	Commodity Foods	Section 263.10 of Am. Sub. H.B. 59 of the 130th G.A. (originally established by Controlling Board in September 1978)
2013	4R70	200695	Indirect Operational Support	Section 263.10 of Am. Sub. H.B. 59 of the 130th G.A. (originally established by Controlling Board in December 1993)
2013	4V70	200633	Interagency Program Support	Section 263.10 of Am. Sub. H.B. 59 of the 130th G.A. (originally established by Controlling Board in June 1995)
2013	5980	200659	Auxiliary Services Reimbursement	ORC 3317.064; Section 263.10 of Am. Sub. H.B. 59 of the 130th G.A. (originally established by Am. Sub. H.B. 238 of the 116th G.A.)
2013	5BB0	200696	State Action for Education Leadership	Discontinued line item (originally established by Am. Sub. H.B. 16 of the 126th G.A.)
2013	5BJ0	200626	Half-Mill Maintenance Equalization	ORC 3318.18(F); Section 263.290 of Am. Sub. H.B. 59 of the 130th G.A. (originally established by Am. Sub. H.B. 66 of the 126th G.A.)
2013	5MM0	200677	Child Nutrition Refunds	Section 263.10 of Am. Sub. H.B. 59 of the 130th G.A. (originally established by the Controlling Board on October 29, 2012)
2013	5T30	200668	Gates Foundation Grants	Section 263.300 of Am. Sub. H.B. 59 of the 130th G.A.
2013	5U20	200685	National Education Statistics	Section 263.10 of Am. Sub. H.B. 59 of the 130th G.A. (originally established by Controlling Board on May 6, 2002)
2013	5W20	200663	Early Learning Initiative	Discontinued line item (originally established by Am. Sub. H.B. 95 of the 125th G.A.)
2013	5X90	200911	NGA STEM	Discontinued line item (originally established by Controlling Board on September 10, 2007)
2013	6200	200615	Educational Improvement Grants	Section 263.10 of Am. Sub. H.B. 59 of the 130th G.A. (originally established by Am. Sub. H.B. 282 of the 123rd G.A.)
2013	7017	200612	Foundation Funding	ORC 3770.06; Section 263.320 of Am. Sub. H.B. 59 of the 130th G.A. (originally established by Am. Sub. H.B. 650 of the 122nd G.A.)
2013	7017	200648	Straight A Fund	ORC 3770.06; Section 263.320 of Am. Sub. H.B. 59 of the 130th G.A.
2013	7017	200666	EdChoice Expansion	ORC 3770.06; Section 263.320 of Am. Sub. H.B. 59 of the 130th G.A.
2013	7017	200684	Community School Facilities	ORC 3770.06; Section 263.320 of Am. Sub. H.B. 59 of the 130th G.A.
2013	7018	200683	Jon Peterson Scholarship Reimbursement	Discontinued line item (originally established by Sub. H.B. 280 of the 129th G.A.)
2013	7018	200686	Early Learning Programs	Discontinued line item (originally established in Am. Sub. H.B. 487 of the 129th G.A.)
2013	7047	200909	School District Property Tax Replacement-Business	ORC 5751.21; Section 263.340 of Am. Sub. H.B. 59 of the 130th G.A. (originally established by Am. Sub. H.B. 66 of the 126th G.A.)
2013	7053	200900	School District Property Tax Replacement-Utility	ORC 5727.84 and 5727.85; Section 263.350 of Am. Sub. H.B. 59 of the 130th G.A. (originally established by Am. Sub. S.B. 3 of the 123rd G.A.)
2014	GRF	200100	Personal Services	Discontinued line item (originally established by Am. Sub. H.B. 155 of the 111th G.A.)
2014	GRF	200320	Maintenance and Equipment	Discontinued line item (originally established by Am. Sub. H.B. 282 of the 123rd G.A.)
2014	GRF	200321	Operating Expenses	Section 263.20 of Am. Sub. H.B. 59 of the 130th G.A. (originally established by Am. Sub. H.B. 487 of the 129th G.A.)
2014	GRF	200408	Early Childhood Education	Section 263.20 of Am. Sub. H.B. 59 of the 130th G.A. (originally established by Am. Sub. H.B. 298 of the 119th G.A.)
2014	GRF	200410	Educator Training	Discontinued line item (originally established by Am. Sub. H.B. 282 of the 123rd G.A.)
2014	GRF	200416	Career-Technical Education Match	Discontinued line item (originally established by Am. Sub. H.B. 191 of the 112th G.A.)
2014	GRF	200420	Information Technology Development and Support	Section 263.30 of Am. Sub. H.B. 59 of the 130th G.A. (originally established by Am. Sub. H.B. 282 of the 123rd G.A.)
2014	GRF	200421	Alternative Education Programs	ORC 3314.38, 3317.23, 3317.24, 3345.86; Section 263.40 of Am. Sub. H.B. 59 of the 130th G.A. (originally established by Am. Sub. H.B. 640 of the 123rd G.A.)
2014	GRF	200422	School Management Assistance	ORC 3301.073 and 3316; Section 263.50 of Am. Sub. H.B. 59 of the 130th G.A. (originally established by Am. H.B. 1285 of the 112th G.A.)
2014	GRF	200424	Policy Analysis	Section 263.60 of Am. Sub. H.B. 59 of the 130th G.A. (originally established by Am. Sub. H.B. 204 of the 113th G.A.)
2014	GRF	200425	Tech Prep Consortia Support	Section 263.60 of Am. Sub. H.B. 59 of the 130th G.A. (originally established by Controlling Board in FY 2001 and modified by Am. Sub. H.B. 94 of the 124th G.A.)
2014	GRF	200426	Ohio Educational Computer Network	ORC 3301.07; Section 263.70 of Am. Sub. H.B. 59 of the 130th G.A. (originally established by Am. Sub. H.B. 204 of the 113th G.A.)
2014	GRF	200427	Academic Standards	ORC 3301.079; Section 263.80 of Am. Sub. H.B. 59 of the 130th G.A. (originally established by Am. Sub. H.B. 94 of the 124th G.A.)
2014	GRF	200431	School Improvement Initiatives	Discontinued line item (originally established by Am. Sub. H.B. 111 of the 118th G.A.)
2014	GRF	200433	Literacy Improvement - Professional Development	Discontinued line item (originally established by Am. Sub. H.B. 94 of the 124th G.A.)
2014	GRF	200437	Student Assessment	ORC 3301.079, 3301.0710, 3301.0711, 3301.0712, 3301.0715, 3301.27, and 3313.608; Section 263.90 of Am. Sub. H.B. 59 of the 130th G.A.(originally established by Am. Sub. H.B. 111 of the 118th G.A.)
2014	GRF	200439	Accountability/Report Cards	ORC 3302.03; Section 263.110 of Am. Sub. H.B. 59 of the 130th G.A. (originally established by Am. Sub. H.B. 95 of the 125th G.A.)
2014	GRF	200442	Child Care Licensing	ORC 3301.52 through 3301.59; Section 263.110 of Am. Sub. H.B. 59 of the 130th G.A. (originally established by Controlling Board on October 16, 1995)
2014	GRF	200446	Education Management Information System	ORC 3301.0714; Section 263.120 of Am. Sub. H.B. 59 of the 130th G.A. (originally established by Am. Sub. H.B. 111 of the 118th G.A.)
2014	GRF	200447	GED Testing	ORC 3313.531; Section 263.130 of Am. Sub. H.B. 59 of the 130th G.A. (originally established by Controlling Board on January 8, 1990)
2014	GRF	200448	Educator Preparation	Section 263.140 of Am. Sub. H.B. 59 of the 130th G.A. (originally established by Am. Sub. H.B. 95 of the 125th G.A.)
2014	GRF	200455	Community Schools and Choice Programs	ORC 3314.015 and 3314.11; Section 263.150 of Am. Sub. H.B. 59 of the 130th G.A. (originally established by Am. Sub. H.B. 215 of the 122nd G.A.)
2014	GRF	200457	STEM Initiatives	Discontinued line item (originally established by Am. Sub. H.B. 119 of the 127th G.A.)
2014	GRF	200458	School Employees Health Care Board	Discontinued line item (originally established by Am. Sub. H.B. 1 of the 128th G.A.)
2014	GRF	200464	General Technology Operations	Section 263.10 of Am. Sub. H.B. 59 of the 130th G.A.
2014	GRF	200465	Technology Integration and Professional Development	Section 263.160 of Am. Sub. H.B. 59 of the 130th G.A.
2014	GRF	200502	Pupil Transportation	ORC 3317.024, 3317.0212, and 3327.02; Section 263.170 of Am. Sub. H.B. 59 of the 130th G.A. (originally established by Am. Sub. H.B. 191 of the 112th G.A.)
2014	GRF	200503	Bus Purchase Allowance	Discontinued line item (originally established by Am. Sub. H.B. 191 of the 112th G.A.)
2014	GRF	200505	School Lunch Match	ORC 3313.81 and 3317.024; Section 263.180 of Am. Sub. H.B. 59 of the 130th G.A. (originally established by Am. Sub. H.B. 191 of the 112th G.A.)
2014	GRF	200509	Adult Literacy Education	Discontinued line item (originally established by Am. Sub. H.B. 191 of the 112th G.A.)
2014	GRF	200511	Auxiliary Services	ORC 3317.024 and 3317.06; Section 263.190 of Am. Sub. H.B. 59 of the 130th G.A. (originally established by Am. Sub. H.B. 191 of the 112th G.A.)
2014	GRF	200521	Gifted Pupil Program	Discontinued line item (originally established by Am. Sub. H.B. 191 of the 112th G.A.)
2014	GRF	200532	Nonpublic Administrative Cost Reimbursement	ORC 3317.063; Section 263.200 of Am. Sub. H.B. 59 of the 130th G.A. (originally established by Am. Sub. H.B. 694 of the 114th G.A.)
2014	GRF	200536	Ohio Core Support	Discontinued line item (originally established by Sub. H.B. 115 of the 126th G.A. and modified by Am. Sub. S.B. 311 of the 126th G.A.)
2014	GRF	200540	Special Education Enhancements	ORC 3317.0213, 3317.20, and 3317.201; Section 263.210 of Am. Sub. H.B. 59 of the 130th G.A. (originally established by Am. Sub. H.B. 650 of the 122nd G.A.)
2014	GRF	200545	Career-Technical Education Enhancements	Section 263.220 of Am. Sub. H.B. 59 of the 130th G.A. (originally established by Am. Sub. H.B. 650 of the 122nd G.A.)
2014	GRF	200550	Foundation Funding	ORC 3317; Sections 263.230, 263.240, and 263.250 of Am. Sub. H.B. 59 of the 130th G.A. (originally established by Am. Sub. H.B. 66 of the 126th G.A.)
2014	GRF	200551	Foundation Funding - Federal Stimulus	Discontinued line item (originally established by Am. Sub. H.B. 1 of the 128th G.A.)
2014	GRF	200566	Literacy Improvement	Section 263.255 of Am. Sub. H.B. 59 of the 130th G.A. (originally established by Am. Sub. H.B. 1 and modified by Am. Sub. H.B. 282 of the 123rd G.A.)
2014	GRF	200578	Violence Prevention and School Safety	Discontinued line item (originally established by Am. Sub. H.B. 1 of the 128th G.A.)
2014	GRF	200901	Property Tax Allocation - Education	ORC 319.301 and 323.151 through 323.157; Section 263.260 of Am. Sub. H.B. 59 of the 130th G.A. (originally established by Am. Sub. H.B. 204 of the 113th G.A.)
2014	4520	200638	Fees and Refunds	Section 263.10 of Am. Sub. H.B. 59 of the 130th G.A. (originally established by Controlling Board on April 13, 1972)
2014	4540	200610	GED Testing	Section 263.10 of Am. Sub. H.B. 59 of the 130th G.A. (originally established in 1929)
2014	4550	200608	Commodity Foods	Section 263.10 of Am. Sub. H.B. 59 of the 130th G.A. (originally established by Controlling Board in September 1978)
2014	4L20	200681	Teacher Certification and Licensure	ORC 3319.51; Section 263.270 of Am. Sub. H.B. 59 of the 130th G.A. (originally established by Am. Sub. H.B. 152 of the 120th G.A.)
2014	5960	200656	Ohio Career Information System	Section 263.10 of Am. Sub. H.B. 59 of the 130th G.A. (originally established by Am. Sub. H.B. 238 of the 116th G.A.)
2014	5980	200659	Auxiliary Services Reimbursement	ORC 3317.064; Section 263.10 of Am. Sub. H.B. 59 of the 130th G.A. (originally established by Am. Sub. H.B. 238 of the 116th G.A.)
2014	5BB0	200696	State Action for Education Leadership	Discontinued line item (originally established by Am. Sub. H.B. 16 of the 126th G.A.)
2014	5BJ0	200626	Half-Mill Maintenance Equalization	ORC 3318.18(F); Section 263.290 of Am. Sub. H.B. 59 of the 130th G.A. (originally established by Am. Sub. H.B. 66 of the 126th G.A.)
2014	5H30	200687	School District Solvency Assistance	ORC 3316.20; Section 263.270 of Am. Sub. H.B. 59 of the 130th G.A. (originally established by Am. Sub. H.B. 650 of the 122nd G.A.)
2014	5JA0	200611	ARRA Compliance	Discontinued line item (originally established by S.B. 181 of the 128th G.A.)
2014	5JC0	200654	Adult Career Opportunity Pilot Program	ORC 3313.902; Section 610.20 of H.B. 483 of the 130th G.A.
2014	5KX0	200691	Ohio School Sponsorship Program	ORC 3314.029; Section 263.10 of Am. Sub. H.B. 59 of the 130th G.A. (originally established by Controlling Board on November 14, 2011)
2014	5KY0	200693	Community Schools Temporary Sponsorship	ORC 3314.015 and 3314.03; Section 263.10 of Am. Sub. H.B. 59 of the 130th G.A. (originally established by Controlling Board on November 14, 2011)
2014	5MM0	200677	Child Nutrition Refunds	Section 263.10 of Am. Sub. H.B. 59 of the 130th G.A. (originally established by the Controlling Board on October 29, 2012)
2014	5T30	200668	Gates Foundation Grants	Section 263.300 of Am. Sub. H.B. 59 of the 130th G.A.
2014	5U20	200685	National Education Statistics	Section 263.10 of Am. Sub. H.B. 59 of the 130th G.A. (originally established by Controlling Board on May 6, 2002)
2014	5W20	200663	Early Learning Initiative	Discontinued line item (originally established by Am. Sub. H.B. 95 of the 125th G.A.)
2014	5X90	200911	NGA STEM	Discontinued line item (originally established by Controlling Board on September 10, 2007)
2014	6200	200615	Educational Improvement Grants	Section 263.10 of Am. Sub. H.B. 59 of the 130th G.A. (originally established by Am. Sub. H.B. 282 of the 123rd G.A.)
2014	1380	200606	Information Technology Development and Support	Section 263.10 of Am. Sub. H.B. 59 of the 130th G.A. (originally established by Controlling Board on July 20, 1961)
2014	4R70	200695	Indirect Operational Support	Section 263.10 of Am. Sub. H.B. 59 of the 130th G.A. (originally established by Controlling Board in December 1993)
2014	4V70	200633	Interagency Program Support	Section 263.10 of Am. Sub. H.B. 59 of the 130th G.A. (originally established by Controlling Board in June 1995)
2014	7017	200612	Foundation Funding	ORC 3770.06; Section 263.320 of Am. Sub. H.B. 59 of the 130th G.A. (originally established by Am. Sub. H.B. 650 of the 122nd G.A.)
2014	7017	200629	Career Advising and Mentoring	ORC 3770.06; Section 610.20 of H.B. 483 of the 130th G.A.
2014	7017	200648	Straight A Fund	ORC 3770.06; Section 263.320 of Am. Sub. H.B. 59 of the 130th G.A.
2014	7017	200666	EdChoice Expansion	ORC 3770.06; Section 263.320 of Am. Sub. H.B. 59 of the 130th G.A.
2014	7017	200684	Community School Facilities	ORC 3770.06; Section 263.320 of Am. Sub. H.B. 59 of the 130th G.A.
2014	7018	200683	Jon Peterson Scholarship Reimbursement	Discontinued line item (originally established by Sub. H.B. 280 of the 129th G.A.)
2014	7018	200686	Early Learning Programs	Discontinued line item (originally established in Am. Sub. H.B. 487 of the 129th G.A.)
2014	7047	200909	School District Property Tax Replacement-Business	ORC 5751.21; Section 263.340 of Am. Sub. H.B. 59 of the 130th G.A. (originally established by Am. Sub. H.B. 66 of the 126th G.A.)
2014	7053	200900	School District Property Tax Replacement-Utility	ORC 5727.84 and 5727.85; Section 263.350 of Am. Sub. H.B. 59 of the 130th G.A. (originally established by Am. Sub. S.B. 3 of the 123rd G.A.)
2014	3090	200601	Neglected and Delinquent Education	Section 263.10 of Am. Sub. H.B.59 of the 130th G.A. (originally established by Controlling Board on March 28, 1966)
2014	3670	200607	School Food Services	Section 263.10 of Am. Sub. H.B. 59 of the 130th G.A. (originally established by Controlling Board on October 27, 1967)
2014	3680	200614	Veterans' Training	Discontinued line item (originally established by Controlling Board on August 18, 1965)
2014	3690	200616	Career-Technical Education Federal Enhancement	Discontinued line item (originally established by Controlling Board on September 23, 1964)
2014	3700	200624	Education of Exceptional Children	Section 263.10 of Am. Sub. H.B. 59 of the 130th G.A. (originally established by Controlling Board on May 9, 1968)
2014	3740	200647	Troops to Teachers	Discontinued line item (originally established by Controlling Board in FY 1976)
2014	3780	200660	Learn and Serve	Discontinued line item (originally established by Controlling Board on July 29, 1985)
2014	3AF0	200603	Schools Medicaid Administrative Claims	ORC 5162.64; Section 263.280 of Am. Sub. H.B. 59 of the 130th G.A. (originally established by Controlling Board on September 22, 2003)
2014	3AN0	200671	School Improvement Grants	Section 263.10 of Am. Sub. H.B. 59 of the 130th G.A. (originally established by Controlling Board on April 7, 2008)
2014	3AX0	200698	Improving Health and Educational Outcomes of Young People	Discontinued line item (originally established by Controlling Board on May 5, 2008)
2014	3BK0	200628	Longitudinal Data Systems	Section 263.10 of Am. Sub. H.B. 59 of the 129th G.A. (originally established by Controlling Board on January 9, 2006)
2014	3BV0	200636	Character Education	Discontinued line item (originally established by Controlling Board on September 25, 2006)
2014	3C50	200661	Early Childhood Education	Section 263.10 of Am. Sub. H.B. 59 of the 130th G.A. (originally established by Controlling Board on November 11, 1986)
2014	3CF0	200644	Foreign Language Assistance	Discontinued line item (originally established by Controlling Board on December 4, 2006)
2014	3CG0	200646	Teacher Incentive	Section 263.10 of Am. Sub. H.B. 59 of the 130th G.A. (originally established by Controlling Board on December 4, 2006)
2014	3D10	200664	Drug Free Schools	Discontinued line item (originally established by Controlling Board on May 4, 1987)
2014	3D20	200667	Math Science Partnerships	Section 263.10 of Am. Sub. H.B. 59 of the 130th G.A. (originally established by Controlling Board on April 20, 1987)
2014	3DC0	200625	Federal Stimulus - School Lunch Cafeteria Equipment	Discontinued line item (originally established by Am. Sub. H.B. 2 of the 128th G.A.)
2014	3DG0	200630	Federal Stimulus - McKinney Vento Grants	Discontinued line item (originally established by Am. Sub. H.B. 2 of the 128th G.A.)
2014	3DJ0	200699	IDEA Part B - Federal Stimulus	Discontinued line item (originally established by Am. Sub. H.B. 1 of the 128th G.A.)
2014	3DK0	200642	Title IA - Federal Stimulus	Discontinued line item (originally established by Am. Sub. H.B. 1 of the 128th G.A.)
2014	3DL0	200650	IDEA Preschool - Federal Stimulus	Discontinued line item (originally established by Am. Sub. H.B. 1 of the 128th G.A.)
2014	3DM0	200651	Title IID Technology - Federal Stimulus	Discontinued line item (originally established by Am. Sub. H.B. 1 of the 128th G.A.)
2014	3DP0	200652	Title I School Improvement - Federal Stimulus	Established by Controlling Board on August 5, 2013 (originally established by Am. Sub. H.B. 1 of the 128th G.A.)
2014	3EC0	200653	Teacher Incentive - Federal Stimulus	Section 263.10 of Am. Sub. H.B. 59 of the 130th G.A. (originally established by the Controlling Board on December 14, 2009)
2014	3EF0	200694	National School Lunch Program - Equipment	Discontinued line item (originally established by Controlling Board on March 22, 2010)
2014	3EH0	200620	Migrant Education	Section 263.10 of Am. Sub. H.B. 59 of the 130th G.A. (originally established by Controlling Board on July 19, 2010)
2014	3EJ0	200622	Homeless Children Education	Section 263.10 of Am. Sub. H.B. 59 of the 130th G.A. (originally established by the Controlling Board on July 19, 2010)
2014	3EK0	200637	Advanced Placement	Section 263.10 of Am. Sub. H.B. 59 of the 130th G.A. (originally established by the Controlling Board on July 19, 2010)
2014	3EM0	200643	Byrd Scholarship	Discontinued line item (originally established by Controlling Board on July 19, 2010)
2014	3EN0	200655	State Data Systems - Federal Stimulus	Section 263.10 of Am. Sub. H.B. 59 of the 130th G.A. (originally established by Controlling Board on October 25, 2010)
2014	3ES0	200657	General Supervisory Enhancement Grant	Discontinued line item (originally established by Controlling Board on September 27, 2010)
2014	3ET0	200658	Education Jobs Fund	Discontinued line item (originally established by Controlling Board on September 27, 2010)
2014	3FD0	200665	Race to the Top	Section 263.10 of Am. Sub. H.B. 59 of the 130th G.A. (originally established by Controlling Board on November 22, 2010)
2014	3FE0	200669	Striving Readers	Discontinued line item (originally established by Controlling Board on December 13, 2010)
2014	3FN0	200672	Early Learning Challenge - Race to the Top	Section 263.10 of Am. Sub. H.B. 59 of the 130th G.A. (originally established by Controlling Board on February 27, 2012)
2014	3GE0	200674	Summer Food Service Program	Section 263.10 of Am. Sub. H.B. 59 of the 130th G.A. (originally established by the Controlling Board on October 29, 2012)
2014	3GF0	200675	Miscellaneous Nutrition Grants	Section 263.10 of Am. Sub. H.B. 59 of the 130th G.A. (originally established by the Controlling Board on October 29, 2012)
2014	3GG0	200676	Fresh Fruit and Vegetable Program	Section 263.10 of Am. Sub. H.B. 59 of the 130th G.A. (originally established by the Controlling Board on October 29, 2012)
2014	3H90	200605	Head Start Collaboration Project	Section 263.10 of Am. Sub. H.B. 59 of the 130th G.A. (originally established by the Controlling Board on January 24, 1994)
2014	3L60	200617	Federal School Lunch	Section 263.10 of Am. Sub. H.B. 59 of the 130th G.A. (originally established by Am. Sub. H.B. 152 of the 120th G.A.)
2014	3L70	200618	Federal School Breakfast	Section 263.10 of Am. Sub. H.B. 59 of the 130th G.A. (originally established by Am. Sub. H.B. 152 of the 120th G.A.)
2014	3L80	200619	Child/Adult Food Programs	Section 263.10 of Am. Sub. H.B. 59 of the 130th G.A. (originally established by Am. Sub. H.B. 152 of the 120th G.A.)
2014	3L90	200621	Career-Technical Education Basic Grant	Section 263.10 of Am. Sub. H.B. 59 of the 130th G.A. (originally established by Am. Sub. H.B. 152 of the 120th G.A.)
2014	3M00	200623	ESEA Title 1A	Section 263.10 of Am. Sub. H.B. 59 of the 130th G.A. (originally established by Am. Sub. H.B. 152 of the 120th G.A.)
2014	3M10	200678	Innovative Education	Discontinued line item (originally established by Am. Sub. H.B. 152 of the 120th G.A.)
2014	3M20	200680	Individuals with Disabilities Education Act	Section 263.10 of Am. Sub. H.B. 59 of the 130th G.A. (originally established by Am. Sub. H.B. 152 of the 120th G.A.)
2014	3S20	200641	Education Technology	Discontinued line item (originally established by Controlling Board on June 22, 1998)
2014	3T40	200613	Public Charter Schools	Section 263.10 of Am. Sub. H.B. 59 of the 130th G.A. (originally established by Controlling Board on December 7, 1998)
2014	3Y20	200688	21st Century Community Learning Centers	Section 263.10 of Am. Sub. H.B. 59 of the 130th G.A. (originally established by Controlling Board on July 29, 2002)
2014	3Y40	200632	Reading First	Discontinued line item (originally established by Controlling Board on July 29, 2002)
2014	3Y60	200635	Improving Teacher Quality	Section 263.10 of Am. Sub. H.B. 59 of the 130th G.A. (originally established by Controlling Board on August 12, 2002)
2014	3Y70	200689	English Language Acquisition	Section 263.10 of Am. Sub. H.B. 59 of the 130th G.A. (originally established by Controlling Board on July 29, 2002)
2014	3Y80	200639	Rural and Low Income Technical Assistance	Section 263.10 of Am. Sub. H.B. 59 of the 130th G.A. (originally established by Controlling Board on July 21, 2003)
2014	3Z20	200690	State Assessments	Section 263.10 of Am. Sub. H.B. 59 of the 130th G.A. (originally established by Controlling Board on July 29, 2002)
2014	3Z30	200645	Consolidated Federal Grant Administration	Section 263.10 of Am. Sub. H.B. 59 of the 130th G.A. (originally established by Controlling Board on July 7, 2003)
2014	3Z70	200697	General Supervisory Enhancement Grant	Discontinued line item (originally established by Controlling Board on January 28, 2008)
2015	GRF	200100	Personal Services	Discontinued line item (originally established by Am. Sub. H.B. 155 of the 111th G.A.)
2015	GRF	200320	Maintenance and Equipment	Discontinued line item (originally established by Am. Sub. H.B. 282 of the 123rd G.A.)
2015	GRF	200321	Operating Expenses	Section 263.20 of Am. Sub. H.B. 64 of the 131st G.A. (originally established by Am. Sub. H.B. 487 of the 129th G.A.)
2015	GRF	200408	Early Childhood Education	Section 263.20 of Am. Sub. H.B. 64 of the 131st G.A. (originally established by Am. Sub. H.B. 298 of the 119th G.A.)
2015	GRF	200416	Career-Technical Education Match	Discontinued line item (originally established by Am. Sub. H.B. 191 of the 112th G.A.)
2015	GRF	200420	Information Technology Development and Support	Section 263.30 of Am. Sub. H.B. 64 of the 131st G.A. (originally established by Am. Sub. H.B. 282 of the 123rd G.A.)
2015	GRF	200421	Alternative Education Programs	Section 263.40 of Am. Sub. H.B. 64 of the 131st G.A. (originally established by Am. Sub. H.B. 640 of the 123rd G.A.)
2015	GRF	200422	School Management Assistance	ORC 3301.073 and 3316; Section 263.50 of Am. Sub. H.B. 64 of the 131st G.A. (originally established by Am. H.B. 1285 of the 112th G.A.)
2015	GRF	200424	Policy Analysis	Section 263.60 of Am. Sub. H.B. 64 of the 131st G.A. (originally established by Am. Sub. H.B. 204 of the 113th G.A.)
2015	GRF	200425	Tech Prep Consortia Support	Section 263.60 of Am. Sub. H.B. 64 of the 131st G.A. (originally established by Controlling Board in FY 2001)
2015	GRF	200426	Ohio Educational Computer Network	ORC 3301.075; Section 263.70 of Am. Sub. H.B. 64 of the 131st G.A. (originally established by Am. Sub. H.B. 204 of the 113th G.A.)
2015	GRF	200427	Academic Standards	ORC 3301.079; Section 263.80 of Am. Sub. H.B. 64 of the 131st G.A. (originally established by Am. Sub. H.B. 94 of the 124th G.A.)
2015	GRF	200431	School Improvement Initiatives	Discontinued line item (originally established by Am. Sub. H.B. 111 of the 118th G.A.)
2015	GRF	200437	Student Assessment	ORC 3301.078, 3301.079, 3301.0710, 3301.0711, 3301.0712, 3301.0715, 3301.27, and 3313.608; Section 263.90 of Am. Sub. H.B. 64 of the 131st G.A.(originally established by Am. Sub. H.B. 111 of the 118th G.A.)
2015	GRF	200439	Accountability/Report Cards	ORC 3302.03 and 3302.36; Section 263.100 of Am. Sub. H.B. 64 of the 131st G.A. (originally established by Am. Sub. H.B. 95 of the 125th G.A.)
2015	GRF	200442	Child Care Licensing	ORC 3301.52 through 3301.59; Section 263.100 of Am. Sub. H.B. 64 of the 131st G.A. (originally established by Controlling Board on October 16, 1995)
2015	GRF	200446	Education Management Information System	ORC 3301.0714; Section 263.110 of Am. Sub. H.B. 64 of the 131st G.A. (originally established by Am. Sub. H.B. 111 of the 118th G.A.)
2015	GRF	200447	GED Testing	ORC 3313.617; Section 263.120 of Am. Sub. H.B. 64 of the 131st G.A. (originally established by Controlling Board on January 8, 1990)
2015	GRF	200448	Educator Preparation	Section 263.130 of Am. Sub. H.B. 64 of the 131st G.A. (originally established by Am. Sub. H.B. 95 of the 125th G.A.)
2015	GRF	200455	Community Schools and Choice Programs	ORC 3314.015 and 3314.11; Section 263.140 of Am. Sub. H.B. 64 of the 131st G.A. (originally established by Am. Sub. H.B. 215 of the 122nd G.A.)
2015	GRF	200457	STEM Initiatives	Section 263.140 of Am. Sub. H.B. 64 of the 131st G.A.
2015	GRF	200458	School Employees Health Care Board	Discontinued line item (originally established by Am. Sub. H.B. 1 of the 128th G.A.)
2015	GRF	200464	General Technology Operations	Discontinued line item (originally established by Am. Sub. H.B. 59 of the 130th G.A.)
2015	GRF	200465	Education Technology Resources	ORC 3301.075; Section 263.150 of Am. Sub. H.B. 64 of the 131st G.A.
2015	GRF	200502	Pupil Transportation	ORC 3317.024, 3317.0212, and 3327.02; Section 263.160 of Am. Sub. H.B. 64 of the 131st G.A. (originally established by Am. Sub. H.B. 191 of the 112th G.A.)
2015	GRF	200503	Bus Purchase Allowance	Discontinued line item (originally established by Am. Sub. H.B. 191 of the 112th G.A.)
2015	GRF	200505	School Lunch Match	ORC 3313.81 and 3317.024; Section 263.170 of Am. Sub. H.B. 64 of the 131st G.A. (originally established by Am. Sub. H.B. 191 of the 112th G.A.)
2015	GRF	200511	Auxiliary Services	ORC 3317.024 and 3317.06; Section 263.180 of Am. Sub. H.B. 64 of the 131st G.A. (originally established by Am. Sub. H.B. 191 of the 112th G.A.)
2015	GRF	200532	Nonpublic Administrative Cost Reimbursement	ORC 3317.063; Section 263.190 of Am. Sub. H.B. 64 of the 131st G.A. (originally established by Am. Sub. H.B. 694 of the 114th G.A.)
2015	GRF	200540	Special Education Enhancements	ORC 3317.0213, 3317.20, and 3317.201; Section 263.200 of Am. Sub. H.B. 64 of the 131st G.A. (originally established by Am. Sub. H.B. 650 of the 122nd G.A.)
2015	GRF	200545	Career-Technical Education Enhancements	Section 263.210 of Am. Sub. H.B. 64 of the 131st G.A. (originally established by Am. Sub. H.B. 650 of the 122nd G.A.)
2015	GRF	200550	Foundation Funding	ORC 3317; Sections 263.220, 263.230, and 263.240 of Am. Sub. H.B. 64 of the 131st G.A. (originally established by Am. Sub. H.B. 66 of the 126th G.A.)
2015	GRF	200566	Literacy Improvement	Section 263.250 of Am. Sub. H.B. 64 of the 131st G.A. (originally established by Am. Sub. H.B. 1 and modified by Am. Sub. H.B. 282 of the 123rd G.A.)
2015	GRF	200572	Adult Diploma	ORC 3313.902; Section 263.260 of Am. Sub. H.B. 64 of the 131st G.A. (originally established by Am. Sub. H.B. 282 of the 123rd G.A.)
2015	GRF	200573	EdChoice Expansion	ORC 3310.032; Section 263.270 of Am. Sub. H.B. 64 of the 131st G.A.
2015	GRF	200574	Half-Mill Maintenance Equalization	ORC 3318.18; Section 263.270 of Am. Sub. H.B. 64 of the 131st G.A.
2015	GRF	200576	Adaptive Sports Program	Section 263.270 of Am. Sub. H.B. 64 of the 131st G.A.
2015	GRF	200578	Violence Prevention and School Safety	Discontinued line item (originally established by Am. Sub. H.B. 1 of the 128th G.A.)
2015	GRF	200588	Competency Based Education Pilot	Sections 263.280 and 733.30 of Am. Sub. H.B. 64 of the 131st G.A.
2015	GRF	200597	Education Program Support	Section 263.280 of Am. Sub. H.B. 64 of the 131st G.A.
2015	GRF	200901	Property Tax Allocation - Education	Discontinued line item (originally established by Am. Sub. H.B. 204 of the 113th G.A.)
2015	4520	200638	Fees and Refunds	ORC 3314.074; Section 263.10 of Am. Sub. H.B. 64 of the 131st G.A. (originally established by Controlling Board on April 13, 1972)
2015	4540	200610	GED Testing	Section 263.10 of Am. Sub. H.B. 64 of the 131st G.A. (originally established in 1929)
2015	4550	200608	Commodity Foods	Section 263.10 of Am. Sub. H.B. 64 of the 131st G.A. (originally established by Controlling Board in September 1978)
2015	4L20	200681	Teacher Certification and Licensure	ORC 3319.51; Section 263.290 of Am. Sub. H.B. 64 of the 131st G.A. (originally established by Am. Sub. H.B. 152 of the 120th G.A.)
2015	5960	200656	Ohio Career Information System	Discontinued line item (originally established by Am. Sub. H.B. 238 of the 116th G.A.)
2015	5980	200659	Auxiliary Services Reimbursement	ORC 3317.064; Section 263.10 of Am. Sub. H.B. 64 of the 131st G.A. (originally established by Am. Sub. H.B. 238 of the 116th G.A.)
2015	5BB0	200696	State Action for Education Leadership	Discontinued line item (originally established by Am. Sub. H.B. 16 of the 126th G.A.)
2015	5BJ0	200626	Half-Mill Maintenance Equalization	Discontinued line item (originally established by Am. Sub. H.B. 66 of the 126th G.A.)
2015	5H30	200687	School District Solvency Assistance	ORC 3316.20; Section 263.310 of Am. Sub. H.B. 64 of the 131st G.A. (originally established by Am. Sub. H.B. 650 of the 122nd G.A.)
2015	5JA0	200611	ARRA Compliance	Discontinued line item (originally established by S.B. 181 of the 128th G.A.)
2015	5JC0	200654	Adult Career Opportunity Pilot Program	Discontinued line item; ORC 3313.902 (originally established by Section 610.20 of H.B. 483 of the 130th G.A.)
2015	5KX0	200691	Ohio School Sponsorship Program	ORC 3314.029; Section 263.10 of Am. Sub. H.B. 64 of the 131st G.A. (originally established by Controlling Board on November 14, 2011)
2015	5KY0	200693	Community Schools Temporary Sponsorship	Discontinued line item; ORC 3314.015 and 3314.03 (originally established by Controlling Board on November 14, 2011)
2015	5MM0	200677	Child Nutrition Refunds	Section 263.10 of Am. Sub. H.B. 64 of the 131st G.A. (originally established by the Controlling Board on October 29, 2012)
2015	5RB0	200644	Straight A Fund	Sections 263.323 and 263.350 of Am. Sub. H.B. 64 of the 131st G.A.
2015	5RE0	200697	School District TPP Supplement	Section 263.325 of Am. Sub. H.B. 64 of the 131st G.A.
2015	5T30	200668	Gates Foundation Grants	Discontinued line item (originally established by Section 263.300 of Am. Sub. H.B. 59 of the 130th G.A.)
2015	5U20	200685	National Education Statistics	Section 263.10 of Am. Sub. H.B. 64 of the 131st G.A. (originally established by Controlling Board on May 6, 2002)
2015	6200	200615	Educational Improvement Grants	Section 263.10 of Am. Sub. H.B. 64 of the 131st G.A. (originally established by Am. Sub. H.B. 282 of the 123rd G.A.)
2015	1380	200606	Information Technology Development and Support	Section 263.10 of Am. Sub. H.B. 64 of the 131st G.A. (originally established by Controlling Board on July 20, 1961)
2015	4R70	200695	Indirect Operational Support	Section 263.10 of Am. Sub. H.B. 64 of the 131st G.A. (originally established by Controlling Board in December 1993)
2015	4V70	200633	Interagency Program Support	Section 263.10 of Am. Sub. H.B. 64 of the 131st G.A. (originally established by Controlling Board in June 1995)
2015	7017	200612	Foundation Funding	ORC 3770.06; Section 263.330 of Am. Sub. H.B. 64 of the 131st G.A. (originally established by Am. Sub. H.B. 650 of the 122nd G.A.)
2015	7017	200629	Community Connectors	ORC 3770.06; Section 263.330 of H.B. 64 of the 131st G.A. (originally established in Am. Sub. H.B. 483 of the 130th G.A.)
2015	7017	200648	Straight A Fund	Discontinued line item (originally established by Am. Sub. H.B. 59 of the 130th G.A.)
2015	7017	200666	EdChoice Expansion	Discontinued line item; (originally established by Am. Sub. H.B. 59 of the 130th G.A.)
2015	7017	200684	Community School Facilities	ORC 3770.06; Section 263.330 of Am. Sub. H.B. 64 of the 131st G.A.
2015	7018	200683	Jon Peterson Scholarship Reimbursement	Discontinued line item (originally established by Sub. H.B. 280 of the 129th G.A.)
2015	7018	200686	Early Learning Programs	Discontinued line item (originally established in Am. Sub. H.B. 487 of the 129th G.A.)
2015	7047	200909	School District Property Tax Replacement-Business	Discontinued line item (originally established by Am. Sub. H.B. 66 of the 126th G.A.)
2015	7053	200900	School District Property Tax Replacement-Utility	Discontinued line item (originally established by Am. Sub. S.B. 3 of the 123rd G.A.)
2015	3090	200601	Neglected and Delinquent Education	Section 263.10 of Am. Sub. H.B.64 of the 131st G.A. (originally established by Controlling Board on March 28, 1966)
2015	3670	200607	School Food Services	Section 263.10 of Am. Sub. H.B. 59 of the 130th G.A. (originally established by Controlling Board on October 27, 1967)
2015	3690	200616	Career-Technical Education Federal Enhancement	Discontinued line item (originally established by Controlling Board on September 23, 1964)
2015	3700	200624	Education of Exceptional Children	Section 263.10 of Am. Sub. H.B. 64 of the 131st G.A. (originally established by Controlling Board on May 9, 1968)
2015	3780	200660	Learn and Serve	Discontinued line item (originally established by Controlling Board on July 29, 1985)
2015	3AF0	200603	Schools Medicaid Administrative Claims	ORC 5162.64; Section 263.10 of Am. Sub. H.B. 64 of the 131st G.A. (originally established by Controlling Board on September 22, 2003)
2015	3AN0	200671	School Improvement Grants	Section 263.10 of Am. Sub. H.B. 64 of the 131st G.A. (originally established by Controlling Board on April 7, 2008)
2015	3AX0	200698	Improving Health and Educational Outcomes of Young People	Discontinued line item (originally established by Controlling Board on May 5, 2008)
2015	3BK0	200628	Longitudinal Data Systems	Discontinued line item (originally established by Section 263.10 of Am. Sub. H.B. 59 of the 129th G.A. and by Controlling Board on January 9, 2006)
2015	3C50	200661	Early Childhood Education	Section 263.10 of Am. Sub. H.B. 64 of the 131st G.A. (originally established by Controlling Board on November 11, 1986)
2015	3CG0	200646	Teacher Incentive	Section 263.10 of Am. Sub. H.B. 64 of the 131st G.A. (originally established by Controlling Board on December 4, 2006)
2015	3D10	200664	Drug Free Schools	Section 263.10 of Am. Sub. H.B. 64 of the 131st G.A. (originally established by Controlling Board on May 4, 1987)
2015	3D20	200667	Math Science Partnerships	Section 263.10 of Am. Sub. H.B. 64 of the 131st G.A. (originally established by Controlling Board on April 20, 1987)
2015	3DG0	200630	Federal Stimulus - McKinney Vento Grants	Discontinued line item (originally established by Am. Sub. H.B. 2 of the 128th G.A.)
2015	3DJ0	200699	IDEA Part B - Federal Stimulus	Discontinued line item (originally established by Am. Sub. H.B. 1 of the 128th G.A.)
2015	3DK0	200642	Title IA - Federal Stimulus	Discontinued line item (originally established by Am. Sub. H.B. 1 of the 128th G.A.)
2015	3DL0	200650	IDEA Preschool - Federal Stimulus	Discontinued line item (originally established by Am. Sub. H.B. 1 of the 128th G.A.)
2015	3DM0	200651	Title IID Technology - Federal Stimulus	Discontinued line item (originally established by Am. Sub. H.B. 1 of the 128th G.A.)
2015	3DP0	200652	Title I School Improvement - Federal Stimulus	Discontinued line item (originally established by Am. Sub. H.B. 1 of the 128th G.A.)
2015	3EC0	200653	Teacher Incentive - Federal Stimulus	Discontinued line item (originally established by Controlling Board on December 14, 2009)
2015	3EF0	200694	National School Lunch Program - Equipment	Discontinued line item (originally established by Controlling Board on March 22, 2010)
2015	3EH0	200620	Migrant Education	Section 263.10 of Am. Sub. H.B. 64 of the 131st G.A. (originally established by Controlling Board on July 19, 2010)
2015	3EJ0	200622	Homeless Children Education	Section 263.10 of Am. Sub. H.B. 64 of the 131st G.A. (originally established by the Controlling Board on July 19, 2010)
2015	3EK0	200637	Advanced Placement	Section 263.10 of Am. Sub. H.B. 64 of the 131st G.A. (originally established by the Controlling Board on July 19, 2010)
2015	3EM0	200643	Byrd Scholarship	Discontinued line item (originally established by Controlling Board on July 19, 2010)
2015	3EN0	200655	State Data Systems - Federal Stimulus	Discontinued line item (originally established by Controlling Board on October 25, 2010)
2015	3ES0	200657	General Supervisory Enhancement Grant	Discontinued line item (originally established by Controlling Board on September 27, 2010)
2015	3ET0	200658	Education Jobs Fund	Discontinued line item (originally established by Controlling Board on September 27, 2010)
2015	3FD0	200665	Race to the Top	Sections 263.10 and 263.283 of Am. Sub. H.B. 64 of the 131st G.A. (originally established by Controlling Board on November 22, 2010)
2015	3FE0	200669	Striving Readers	Discontinued line item (originally established by Controlling Board on December 13, 2010)
2015	3FN0	200672	Early Learning Challenge - Race to the Top	Section 263.10 of Am. Sub. H.B. 64 of the 131st G.A. (originally established by Controlling Board on February 27, 2012)
2015	3GE0	200674	Summer Food Service Program	Section 263.10 of Am. Sub. H.B. 64 of the 131st G.A. (originally established by the Controlling Board on October 29, 2012)
2015	3GF0	200675	Miscellaneous Nutrition Grants	Section 263.10 of Am. Sub. H.B. 64 of the 131st G.A. (originally established by the Controlling Board on October 29, 2012)
2015	3GG0	200676	Fresh Fruit and Vegetable Program	Section 263.10 of Am. Sub. H.B. 64 of the 131st G.A. (originally established by the Controlling Board on October 29, 2012)
2015	3GP0	200600	School Climate Transformation	Section 263.10 of Am. Sub. H.B. 64 of the 131st G.A. (originally established by the Controlling Board on December 15, 2014)
2015	3GQ0	200679	Project Aware	Section 263.10 of Am. Sub. H.B. 64 of the 131st G.A. (originally established by the Controlling Board on December 15, 2014)
2015	3H90	200605	Head Start Collaboration Project	Section 263.10 of Am. Sub. H.B. 64 of the 131st G.A. (originally established by the Controlling Board on January 24, 1994)
2015	3L60	200617	Federal School Lunch	Section 263.10 of Am. Sub. H.B. 64 of the 131st G.A. (originally established by Am. Sub. H.B. 152 of the 120th G.A.)
2015	3L70	200618	Federal School Breakfast	Section 263.10 of Am. Sub. H.B. 64 of the 131st G.A. (originally established by Am. Sub. H.B. 152 of the 120th G.A.)
2015	3L80	200619	Child/Adult Food Programs	Section 263.10 of Am. Sub. H.B. 64 of the 131st G.A. (originally established by Am. Sub. H.B. 152 of the 120th G.A.)
2015	3L90	200621	Career-Technical Education Basic Grant	Section 263.10 of Am. Sub. H.B. 64 of the 131st G.A. (originally established by Am. Sub. H.B. 152 of the 120th G.A.)
2015	3M00	200623	ESEA Title 1A	Section 263.10 of Am. Sub. H.B. 64 of the 131st G.A. (originally established by Am. Sub. H.B. 152 of the 120th G.A.)
2015	3M20	200680	Individuals with Disabilities Education Act	Section 263.10 of Am. Sub. H.B. 64 of the 131st G.A. (originally established by Am. Sub. H.B. 152 of the 120th G.A.)
2015	3S20	200641	Education Technology	Discontinued line item (originally established by Controlling Board on June 22, 1998)
2015	3T40	200613	Public Charter Schools	Discontinued line item (originally established by Controlling Board on December 7, 1998)
2015	3Y20	200688	21st Century Community Learning Centers	Section 263.10 of Am. Sub. H.B. 64 of the 131st G.A. (originally established by Controlling Board on July 29, 2002)
2015	3Y40	200632	Reading First	Discontinued line item (originally established by Controlling Board on July 29, 2002)
2015	3Y60	200635	Improving Teacher Quality	Section 263.10 of Am. Sub. H.B. 64 of the 131st G.A. (originally established by Controlling Board on August 12, 2002)
2015	3Y70	200689	English Language Acquisition	Section 263.10 of Am. Sub. H.B. 64 of the 131st G.A. (originally established by Controlling Board on July 29, 2002)
2015	3Y80	200639	Rural and Low Income Technical Assistance	Section 263.10 of Am. Sub. H.B. 64 of the 131st G.A. (originally established by Controlling Board on July 21, 2003)
2015	3Z20	200690	State Assessments	Section 263.10 of Am. Sub. H.B. 64 of the 131st G.A. (originally established by Controlling Board on July 29, 2002)
2015	3Z30	200645	Consolidated Federal Grant Administration	Section 263.10 of Am. Sub. H.B. 64 of the 131st G.A. (originally established by Controlling Board on July 7, 2003)
2016	GRF	200100	Personal Services	Discontinued line item (originally established by Am. Sub. H.B. 155 of the 111th G.A.)
2016	GRF	200320	Maintenance and Equipment	Discontinued line item (originally established by Am. Sub. H.B. 282 of the 123rd G.A.)
2016	GRF	200321	Operating Expenses	Sections 263.10 and 263.20 of Am. Sub. H.B. 64 of the 131st G.A. (originally established by Am. Sub. H.B. 487 of the 129th G.A.)
2016	GRF	200408	Early Childhood Education	Sections 263.10 and 263.20 of Am. Sub. H.B. 64 of the 131st G.A. (originally established by Am. Sub. H.B. 298 of the 119th G.A.)
2016	GRF	200416	Career-Technical Education Match	Discontinued line item (originally established by Am. Sub. H.B. 191 of the 112th G.A.)
2016	GRF	200420	Information Technology Development and Support	Sections 263.10 and 263.30 of Am. Sub. H.B. 64 of the 131st G.A. (originally established by Am. Sub. H.B. 282 of the 123rd G.A.)
2016	GRF	200421	Alternative Education Programs	Sections 263.10 and 263.40 of Am. Sub. H.B. 64 of the 131st G.A. (originally established by Am. Sub. H.B. 640 of the 123rd G.A.)
2016	GRF	200422	School Management Assistance	ORC 3301.073 and 3316; Sections 263.10 and 263.50 of Am. Sub. H.B. 64 of the 131st G.A. (originally established by Am. H.B. 1285 of the 112th G.A.)
2016	GRF	200424	Policy Analysis	Sections 263.10 and 263.60 of Am. Sub. H.B. 64 of the 131st G.A. (originally established by Am. Sub. H.B. 204 of the 113th G.A.)
2016	GRF	200425	Tech Prep Consortia Support	Sections 263.10 and 263.60 of Am. Sub. H.B. 64 of the 131st G.A. (originally established by Controlling Board in FY 2001)
2016	GRF	200426	Ohio Educational Computer Network	ORC 3301.075; Sections 263.10 and 263.70 of Am. Sub. H.B. 64 of the 131st G.A. (originally established by Am. Sub. H.B. 204 of the 113th G.A.)
2016	GRF	200427	Academic Standards	ORC 3301.079; Sections 263.10 and 263.80 of Am. Sub. H.B. 64 of the 131st G.A. (originally established by Am. Sub. H.B. 94 of the 124th G.A.)
2016	GRF	200431	School Improvement Initiatives	Discontinued line item (originally established by Am. Sub. H.B. 111 of the 118th G.A.)
2016	GRF	200437	Student Assessment	ORC 3301.078, 3301.079, 3301.0710, 3301.0711, 3301.0712, 3301.0715, 3301.27, and 3313.608; Sections 263.10 and 263.90 of Am. Sub. H.B. 64 of the 131st G.A.(originally established by Am. Sub. H.B. 111 of the 118th G.A.)
2016	GRF	200439	Accountability/Report Cards	ORC 3302.03 and 3302.36; Sections 263.10 and 263.100 of Am. Sub. H.B. 64 of the 131st G.A. (originally established by Am. Sub. H.B. 95 of the 125th G.A.)
2016	GRF	200442	Child Care Licensing	ORC 3301.52 through 3301.59; Sections 263.10 and 263.100 of Am. Sub. H.B. 64 of the 131st G.A. (originally established by Controlling Board on October 16, 1995)
2016	GRF	200446	Education Management Information System	ORC 3301.0714; Sections 263.10 and 263.110 of Am. Sub. H.B. 64 of the 131st G.A. (originally established by Am. Sub. H.B. 111 of the 118th G.A.)
2016	GRF	200447	GED Testing	ORC 3313.617; Sections 263.10 and 263.120 of Am. Sub. H.B. 64 of the 131st G.A. (originally established by Controlling Board on January 8, 1990)
2016	GRF	200448	Educator Preparation	Sections 263.10 and 263.130 of Am. Sub. H.B. 64 of the 131st G.A. (originally established by Am. Sub. H.B. 95 of the 125th G.A.)
2016	GRF	200455	Community Schools and Choice Programs	ORC 3314.015 and 3314.11; Sections 263.10 and 263.140 of Am. Sub. H.B. 64 of the 131st G.A. (originally established by Am. Sub. H.B. 215 of the 122nd G.A.)
2016	GRF	200457	STEM Initiatives	Sections 263.10 and 263.140 of Am. Sub. H.B. 64 of the 131st G.A. (originally established by Am. Sub. H.B. 119 of the 127th G.A.)
2016	GRF	200458	School Employees Health Care Board	Discontinued line item (originally established by Am. Sub. H.B. 1 of the 128th G.A.)
2016	GRF	200464	General Technology Operations	Discontinued line item (originally established by Am. Sub. H.B. 59 of the 130th G.A.)
2016	GRF	200465	Education Technology Resources	ORC 3301.075; Sections 263.10 and 263.150 of Am. Sub. H.B. 64 of the 131st G.A. (originally established by Am. Sub. H.B. 59 of the 130th G.A.)
2016	GRF	200502	Pupil Transportation	ORC 3317.024, 3317.0212, and 3327.02; Sections 263.10 and 263.160 of Am. Sub. H.B. 64 of the 131st G.A. (originally established by Am. Sub. H.B. 191 of the 112th G.A.)
2016	GRF	200503	Bus Purchase Allowance	Discontinued line item (originally established by Am. Sub. H.B. 191 of the 112th G.A.)
2016	GRF	200505	School Lunch Match	ORC 3313.81 and 3317.024; Sections 263.10 and 263.170 of Am. Sub. H.B. 64 of the 131st G.A. (originally established by Am. Sub. H.B. 191 of the 112th G.A.)
2016	GRF	200511	Auxiliary Services	ORC 3317.024 and 3317.06; Sections 263.10 and 263.180 of Am. Sub. H.B. 64 of the 131st G.A. (originally established by Am. Sub. H.B. 191 of the 112th G.A.)
2016	GRF	200532	Nonpublic Administrative Cost Reimbursement	ORC 3317.063; Sections 263.10 and 263.190 of Am. Sub. H.B. 64 of the 131st G.A. (originally established by Am. Sub. H.B. 694 of the 114th G.A.)
2016	GRF	200540	Special Education Enhancements	ORC 3317.0213, 3317.20, and 3317.201; Sections 263.10 and 263.200 of Am. Sub. H.B. 64 of the 131st G.A. (originally established by Am. Sub. H.B. 650 of the 122nd G.A.)
2016	GRF	200545	Career-Technical Education Enhancements	Sections 263.10 and 263.210 of Am. Sub. H.B. 64 of the 131st G.A. (originally established by Am. Sub. H.B. 650 of the 122nd G.A.)
2016	GRF	200550	Foundation Funding	ORC 3317; Sections 263.10, 263.220, 263.230, and 263.240 of Am. Sub. H.B. 64 of the 131st G.A. (originally established by Am. Sub. H.B. 66 of the 126th G.A.)
2016	GRF	200566	Literacy Improvement	Sections 263.10 and 263.250 of Am. Sub. H.B. 64 of the 131st G.A. (originally established by Am. Sub. H.B. 1 and modified by Am. Sub. H.B. 282 of the 123rd G.A.)
2016	GRF	200572	Adult Diploma	ORC 3313.902; Sections 263.10 and 263.260 of Am. Sub. H.B. 64 of the 131st G.A. (originally established by Am. Sub. H.B. 282 of the 123rd G.A.)
2016	GRF	200573	EdChoice Expansion	ORC 3310.032; Sections 263.10 and 263.270 of Am. Sub. H.B. 64 of the 131st G.A.
2016	GRF	200574	Half-Mill Maintenance Equalization	ORC 3318.18; Sections 263.10 and 263.270 of Am. Sub. H.B. 64 of the 131st G.A.
2016	GRF	200576	Adaptive Sports Program	Sections 263.10 and 263.270 of Am. Sub. H.B. 64 of the 131st G.A.
2016	GRF	200578	Violence Prevention and School Safety	Discontinued line item (originally established by Am. Sub. H.B. 1 of the 128th G.A.)
2016	GRF	200588	Competency Based Education Pilot	Sections 263.10, 263.280, and 733.30 of Am. Sub. H.B. 64 of the 131st G.A.
2016	GRF	200597	Education Program Support	Sections 263.10 and 263.280 of Am. Sub. H.B. 64 of the 131st G.A.
2016	GRF	200901	Property Tax Allocation - Education	Discontinued line item (originally established by Am. Sub. H.B. 204 of the 113th G.A.)
2016	4520	200638	Fees and Refunds	ORC 3314.074; Section 263.10 of Am. Sub. H.B. 64 of the 131st G.A. (originally established by Controlling Board on April 13, 1972)
2016	4540	200610	GED Testing	Section 263.10 of Am. Sub. H.B. 64 of the 131st G.A. (originally established in 1929)
2016	4550	200608	Commodity Foods	Section 263.10 of Am. Sub. H.B. 64 of the 131st G.A. (originally established by Controlling Board in September 1978)
2016	4L20	200681	Teacher Certification and Licensure	ORC 3319.51; Sections 263.10 and 263.290 of Am. Sub. H.B. 64 of the 131st G.A. (originally established by Am. Sub. H.B. 152 of the 120th G.A.)
2016	5960	200656	Ohio Career Information System	Discontinued line item (originally established by Am. Sub. H.B. 238 of the 116th G.A.)
2016	5980	200659	Auxiliary Services Reimbursement	ORC 3317.064; Section 263.10 of Am. Sub. H.B. 64 of the 131st G.A. (originally established by Am. Sub. H.B. 238 of the 116th G.A.)
2016	5BB0	200696	State Action for Education Leadership	Discontinued line item (originally established by Am. Sub. H.B. 16 of the 126th G.A.)
2016	5BJ0	200626	Half-Mill Maintenance Equalization	Discontinued line item (originally established by Am. Sub. H.B. 66 of the 126th G.A.)
2016	5H30	200687	School District Solvency Assistance	ORC 3316.20; Sections 263.10 and 263.310 of Am. Sub. H.B. 64 of the 131st G.A. (originally established by Am. Sub. H.B. 650 of the 122nd G.A.)
2016	5JA0	200611	ARRA Compliance	Discontinued line item (originally established by S.B. 181 of the 128th G.A.)
2016	5JC0	200654	Adult Career Opportunity Pilot Program	Discontinued line item (originally established by Section 610.20 of H.B. 483 of the 130th G.A.)
2016	5KX0	200691	Ohio School Sponsorship Program	ORC 3314.029; Section 263.10 of Am. Sub. H.B. 64 of the 131st G.A. (originally established by Controlling Board on November 14, 2011)
2016	5KY0	200693	Community Schools Temporary Sponsorship	Discontinued line item (originally established by Controlling Board on November 14, 2011)
2016	5MM0	200677	Child Nutrition Refunds	Section 263.10 of Am. Sub. H.B. 64 of the 131st G.A. (originally established by the Controlling Board on October 29, 2012)
2016	5RB0	200644	Straight A Fund	Sections 263.10, 263.323, and 263.350 of Am. Sub. H.B. 64 of the 131st G.A.
2016	5RE0	200697	School District TPP Supplement	Sections 263.10 and 263.325 of Am. Sub. H.B. 64 of the 131st G.A.
2016	5T30	200668	Gates Foundation Grants	Discontinued line item (originally established by Am. Sub. H.B. 59 of the 130th G.A.)
2016	5U20	200685	National Education Statistics	Section 263.10 of Am. Sub. H.B. 64 of the 131st G.A. (originally established by Controlling Board on May 6, 2002)
2016	6200	200615	Educational Improvement Grants	Section 263.10 of Am. Sub. H.B. 64 of the 131st G.A. (originally established by Am. Sub. H.B. 282 of the 123rd G.A.)
2016	1380	200606	Information Technology Development and Support	Section 263.10 of Am. Sub. H.B. 64 of the 131st G.A. (originally established by Controlling Board on July 20, 1961)
2016	4R70	200695	Indirect Operational Support	Section 263.10 of Am. Sub. H.B. 64 of the 131st G.A. (originally established by Controlling Board in December 1993)
2016	4V70	200633	Interagency Program Support	Section 263.10 of Am. Sub. H.B. 64 of the 131st G.A. (originally established by Controlling Board in June 1995)
2016	7017	200612	Foundation Funding	ORC 3770.06; Sections 263.10 and 263.330 of Am. Sub. H.B. 64 of the 131st G.A. (originally established by Am. Sub. H.B. 650 of the 122nd G.A.)
2016	7017	200629	Community Connectors	ORC 3770.06; Sections 263.10 and 263.330 of H.B. 64 of the 131st G.A. (originally established in Am. Sub. H.B. 483 of the 130th G.A.)
2016	7017	200648	Straight A Fund	Discontinued line item (originally established by Am. Sub. H.B. 59 of the 130th G.A.)
2016	7017	200666	EdChoice Expansion	Discontinued line item (originally established by Am. Sub. H.B. 59 of the 130th G.A.)
2016	7017	200684	Community School Facilities	ORC 3770.06; Sections 263.10 and 263.330 of Am. Sub. H.B. 64 of the 131st G.A. (originally established by Am. Sub. H.B. 59 of the 130th G.A.)
2016	7018	200683	Jon Peterson Scholarship Reimbursement	Discontinued line item (originally established by Sub. H.B. 280 of the 129th G.A.)
2016	7018	200686	Early Learning Programs	Discontinued line item (originally established by Am. Sub. H.B. 487 of the 129th G.A.)
2016	7047	200909	School District Property Tax Replacement-Business	Discontinued line item (originally established by Am. Sub. H.B. 66 of the 126th G.A.)
2016	7053	200900	School District Property Tax Replacement-Utility	Discontinued line item (originally established by Am. Sub. S.B. 3 of the 123rd G.A.)
2016	3090	200601	Neglected and Delinquent Education	Section 263.10 of Am. Sub. H.B.64 of the 131st G.A. (originally established by Controlling Board on March 28, 1966)
2016	3670	200607	School Food Services	Section 263.10 of Am. Sub. H.B. 64 of the 131st G.A. (originally established by Controlling Board on October 27, 1967)
2016	3690	200616	Career-Technical Education Federal Enhancement	Discontinued line item (originally established by Controlling Board on September 23, 1964)
2016	3700	200624	Education of Exceptional Children	Section 263.10 of Am. Sub. H.B. 64 of the 131st G.A. (originally established by Controlling Board on May 9, 1968)
2016	3780	200660	Learn and Serve	Discontinued line item (originally established by Controlling Board on July 29, 1985)
2016	3AF0	200603	Schools Medicaid Administrative Claims	ORC 5162.64; Sections 263.10 and 263.380 of Am. Sub. H.B. 64 of the 131st G.A. (originally established by Controlling Board on September 22, 2003)
2016	3AN0	200671	School Improvement Grants	Section 263.10 of Am. Sub. H.B. 64 of the 131st G.A. (originally established by Controlling Board on April 7, 2008)
2016	3AX0	200698	Improving Health and Educational Outcomes of Young People	Discontinued line item (originally established by Controlling Board on May 5, 2008)
2016	3BK0	200628	Longitudinal Data Systems	Discontinued line item (originally established by Controlling Board on January 9, 2006)
2016	3C50	200661	Early Childhood Education	Section 263.10 of Am. Sub. H.B. 64 of the 131st G.A. (originally established by Controlling Board on November 11, 1986)
2016	3CG0	200646	Teacher Incentive	Section 263.10 of Am. Sub. H.B. 64 of the 131st G.A. (originally established by Controlling Board on December 4, 2006)
2016	3D10	200664	Drug Free Schools	Section 263.10 of Am. Sub. H.B. 64 of the 131st G.A. (originally established by Controlling Board on May 4, 1987)
2016	3D20	200667	Math Science Partnerships	Section 263.10 of Am. Sub. H.B. 64 of the 131st G.A. (originally established by Controlling Board on April 20, 1987)
2016	3DG0	200630	Federal Stimulus - McKinney Vento Grants	Discontinued line item (originally established by Am. Sub. H.B. 2 of the 128th G.A.)
2016	3DJ0	200699	IDEA Part B - Federal Stimulus	Discontinued line item (originally established by Am. Sub. H.B. 1 of the 128th G.A.)
2016	3DK0	200642	Title IA - Federal Stimulus	Discontinued line item (originally established by Am. Sub. H.B. 1 of the 128th G.A.)
2016	3DL0	200650	IDEA Preschool - Federal Stimulus	Discontinued line item (originally established by Am. Sub. H.B. 1 of the 128th G.A.)
2016	3DM0	200651	Title IID Technology - Federal Stimulus	Discontinued line item (originally established by Am. Sub. H.B. 1 of the 128th G.A.)
2016	3DP0	200652	Title I School Improvement - Federal Stimulus	Discontinued line item (originally established by Am. Sub. H.B. 1 of the 128th G.A.)
2016	3EC0	200653	Teacher Incentive - Federal Stimulus	Discontinued line item (originally established by Controlling Board on December 14, 2009)
2016	3EF0	200694	National School Lunch Program - Equipment	Discontinued line item (originally established by Controlling Board on March 22, 2010)
2016	3EH0	200620	Migrant Education	Section 263.10 of Am. Sub. H.B. 64 of the 131st G.A. (originally established by Controlling Board on July 19, 2010)
2016	3EJ0	200622	Homeless Children Education	Section 263.10 of Am. Sub. H.B. 64 of the 131st G.A. (originally established by the Controlling Board on July 19, 2010)
2016	3EK0	200637	Advanced Placement	Section 263.10 of Am. Sub. H.B. 64 of the 131st G.A. (originally established by the Controlling Board on July 19, 2010)
2016	3EM0	200643	Byrd Scholarship	Discontinued line item (originally established by Controlling Board on July 19, 2010)
2016	3EN0	200655	State Data Systems - Federal Stimulus	Discontinued line item (originally established by Controlling Board on October 25, 2010)
2016	3ES0	200657	General Supervisory Enhancement Grant	Discontinued line item (originally established by Controlling Board on September 27, 2010)
2016	3ET0	200658	Education Jobs Fund	Discontinued line item (originally established by Controlling Board on September 27, 2010)
2016	3FD0	200665	Race to the Top	Sections 263.10 and 263.283 of Am. Sub. H.B. 64 of the 131st G.A. (originally established by Controlling Board on November 22, 2010)
2016	3FE0	200669	Striving Readers	Discontinued line item (originally established by Controlling Board on December 13, 2010)
2016	3FN0	200672	Early Learning Challenge - Race to the Top	Section 263.10 of Am. Sub. H.B. 64 of the 131st G.A. (originally established by Controlling Board on February 27, 2012)
2016	3GE0	200674	Summer Food Service Program	Section 263.10 of Am. Sub. H.B. 64 of the 131st G.A. (originally established by the Controlling Board on October 29, 2012)
2016	3GF0	200675	Miscellaneous Nutrition Grants	Section 263.10 of Am. Sub. H.B. 64 of the 131st G.A. (originally established by the Controlling Board on October 29, 2012)
2016	3GG0	200676	Fresh Fruit and Vegetable Program	Section 263.10 of Am. Sub. H.B. 64 of the 131st G.A. (originally established by the Controlling Board on October 29, 2012)
2016	3GP0	200600	School Climate Transformation	Section 263.10 of Am. Sub. H.B. 64 of the 131st G.A. (originally established by the Controlling Board on December 15, 2014)
2016	3GQ0	200679	Project Aware	Section 263.10 of Am. Sub. H.B. 64 of the 131st G.A. (originally established by the Controlling Board on December 15, 2014)
2016	3GZ0	200609	JAVITS Gifted and Talented Students Education	Established by Controlling Board on January 11, 2016
2016	3H90	200605	Head Start Collaboration Project	Section 263.10 of Am. Sub. H.B. 64 of the 131st G.A. (originally established by the Controlling Board on January 24, 1994)
2016	3L60	200617	Federal School Lunch	Section 263.10 of Am. Sub. H.B. 64 of the 131st G.A. (originally established by Am. Sub. H.B. 152 of the 120th G.A.)
2016	3L70	200618	Federal School Breakfast	Section 263.10 of Am. Sub. H.B. 64 of the 131st G.A. (originally established by Am. Sub. H.B. 152 of the 120th G.A.)
2016	3L80	200619	Child/Adult Food Programs	Section 263.10 of Am. Sub. H.B. 64 of the 131st G.A. (originally established by Am. Sub. H.B. 152 of the 120th G.A.)
2016	3L90	200621	Career-Technical Education Basic Grant	Section 263.10 of Am. Sub. H.B. 64 of the 131st G.A. (originally established by Am. Sub. H.B. 152 of the 120th G.A.)
2016	3M00	200623	ESEA Title 1A	Section 263.10 of Am. Sub. H.B. 64 of the 131st G.A. (originally established by Am. Sub. H.B. 152 of the 120th G.A.)
2016	3M20	200680	Individuals with Disabilities Education Act	Section 263.10 of Am. Sub. H.B. 64 of the 131st G.A. (originally established by Am. Sub. H.B. 152 of the 120th G.A.)
2016	3S20	200641	Education Technology	Discontinued line item (originally established by Controlling Board on June 22, 1998)
2016	3T40	200613	Public Charter Schools	Discontinued line item (originally established by Controlling Board on December 7, 1998)
2016	3Y20	200688	21st Century Community Learning Centers	Section 263.10 of Am. Sub. H.B. 64 of the 131st G.A. (originally established by Controlling Board on July 29, 2002)
2016	3Y40	200632	Reading First	Discontinued line item (originally established by Controlling Board on July 29, 2002)
2016	3Y60	200635	Improving Teacher Quality	Section 263.10 of Am. Sub. H.B. 64 of the 131st G.A. (originally established by Controlling Board on August 12, 2002)
2016	3Y70	200689	English Language Acquisition	Section 263.10 of Am. Sub. H.B. 64 of the 131st G.A. (originally established by Controlling Board on July 29, 2002)
2016	3Y80	200639	Rural and Low Income Technical Assistance	Section 263.10 of Am. Sub. H.B. 64 of the 131st G.A. (originally established by Controlling Board on July 21, 2003)
2016	3Z20	200690	State Assessments	Section 263.10 of Am. Sub. H.B. 64 of the 131st G.A. (originally established by Controlling Board on July 29, 2002)
2016	3Z30	200645	Consolidated Federal Grant Administration	Section 263.10 of Am. Sub. H.B. 64 of the 131st G.A. (originally established by Controlling Board on July 7, 2003)
2017	GRF	200321	Operating Expenses	Sections 265.10 and 265.20 of H.B. 49 of the 132nd G.A. (originally established by H.B. 487 of the 129th G.A.)
2017	GRF	200408	Early Childhood Education	Sections 265.10 and 265.20 of H.B. 49 of the 132nd G.A. (originally established by H.B. 298 of the 119th G.A.)
2017	GRF	200420	Information Technology Development and Support	Sections 265.10 and 265.30 of H.B. 49 of the 132nd G.A. (originally established by H.B. 282 of the 123rd G.A.)
2017	GRF	200421	Alternative Education Programs	Discontinued line item (originally established by H.B. 640 of the 123rd G.A.)
2017	GRF	200422	School Management Assistance	ORC 3301.073 and 3316; Sections 265.10 and 265.50 of H.B. 49 of the 132nd G.A. (originally established by H.B. 1285 of the 112th G.A.)
2017	GRF	200424	Policy Analysis	Sections 265.10 and 265.60 of H.B. 49 of the 132nd G.A. (originally established by H.B. 204 of the 113th G.A.)
2017	GRF	200425	Tech Prep Consortia Support	Discontinued line item (originally established by Controlling Board in FY 2001)
2017	GRF	200426	Ohio Educational Computer Network	ORC 3301.075; Sections 265.10 and 265.70 of H.B. 49 of the 132nd G.A. (originally established by H.B. 204 of the 113th G.A.)
2017	GRF	200427	Academic Standards	ORC 3301.079; Sections 265.10 and 265.80 of H.B. 49 of the 132nd G.A. (originally established by H.B. 94 of the 124th G.A.)
2017	GRF	200437	Student Assessment	ORC 3301.078, 3301.079, 3301.0710, 3301.0711, 3301.0712, 3301.0715, 3301.27, and 3313.608; Sections 265.10 and 265.90 of H.B. 49 of the 132nd G.A. (originally established by H.B. 111 of the 118th G.A.)
2017	GRF	200439	Accountability/Report Cards	ORC 3302.03, 3302.031, and 3302.36; Sections 265.10 and 265.100 of H.B. 49 of the 132nd G.A. (originally established by H.B. 95 of the 125th G.A.)
2017	GRF	200442	Child Care Licensing	ORC 3301.52 through 3301.59; Sections 265.10 and 265.100 of H.B. 49 of the 132nd G.A. (originally established by Controlling Board on October 16, 1995)
2017	GRF	200446	Education Management Information System	ORC 3301.0714; Sections 265.10 and 265.110 of H.B. 49 of the 132nd G.A. (originally established by H.B. 111 of the 118th G.A.)
2017	GRF	200447	High School Equivalency Testing	Discontinued line item (originally established by Controlling Board on January 8, 1990)
2017	GRF	200448	Educator Preparation	Sections 265.10 and 263.120 of H.B. 49 of the 132nd G.A. (originally established by H.B. 95 of the 125th G.A.)
2017	GRF	200455	Community Schools and Choice Programs	ORC 3314.015 and 3314.11; Sections 265.10 and 265.130 of H.B. 49 of the 132nd G.A. (originally established by H.B. 215 of the 122nd G.A.)
2017	GRF	200457	STEM Initiatives	Discontinued line item (originally established by H.B. 119 of the 127th G.A.)
2017	GRF	200464	General Technology Operations	Discontinued line item (originally established by H.B. 59 of the 130th G.A.)
2017	GRF	200465	Education Technology Resources	ORC 3301.075; Sections 265.10 and 265.140 of H.B. 49 of the 132nd G.A. (originally established by H.B. 59 of the 130th G.A.)
2017	GRF	200502	Pupil Transportation	ORC 3317.024, 3317.0212, and 3327.02; Sections 265.10 and 265.150 of H.B. 49 of the 132nd G.A. (originally established by H.B. 191 of the 112th G.A.)
2017	GRF	200505	School Lunch Match	ORC 3313.81 and 3317.024; Sections 265.10 and 265.160 of H.B. 49 of the 132nd G.A. (originally established by H.B. 191 of the 112th G.A.)
2017	GRF	200511	Auxiliary Services	ORC 3317.024, 3317.06, and 3317.062; Sections 265.10 and 265.170 of H.B. 49 of the 132nd G.A. (originally established by H.B. 191 of the 112th G.A.)
2017	GRF	200532	Nonpublic Administrative Cost Reimbursement	ORC 3317.063; Sections 265.10 and 265.180 of H.B. 49 of the 132nd G.A. (originally established by H.B. 694 of the 114th G.A.)
2017	GRF	200540	Special Education Enhancements	ORC 3317.0213, 3317.20, and 3317.201; Sections 265.10 and 265.190 of H.B. 49 of the 132nd G.A. (originally established by H.B. 650 of the 122nd G.A.)
2017	GRF	200545	Career-Technical Education Enhancements	Sections 265.10 and 265.200 of H.B. 49 of the 132nd G.A. (originally established by H.B. 650 of the 122nd G.A.)
2017	GRF	200550	Foundation Funding	ORC 3317; Sections 265.10, 265.210, 265.220, 265.230, and 265.233 of H.B. 49 of the 132nd G.A. (originally established by H.B. 66 of the 126th G.A.)
2017	GRF	200566	Literacy Improvement	Sections 265.10 and 265.240 of H.B. 49 of the 132nd G.A. (originally established by H.B. 1 and modified by H.B. 282 of the 123rd G.A.)
2017	GRF	200572	Adult Education Programs	ORC 3313.902, 3314.38, 3317.23, 3317.24, 3345.86; Sections 265.10 and 265.250 of H.B. 49 of the 132nd G.A. (originally established by H.B. 282 of the 123rd G.A.)
2017	GRF	200573	EdChoice Expansion	ORC 3310.032; Sections 265.10 and 265.260 of H.B. 49 of the 132nd G.A. (originally established by H.B. 64 of the 131st G.A.)
2017	GRF	200574	Half-Mill Maintenance Equalization	ORC 3318.18; Sections 265.10 and 265.260 of H.B. 49 of the 132nd G.A.
2017	GRF	200576	Adaptive Sports Program	Sections 265.10 and 265.260 of H.B. 49 of the 132nd G.A. (originally established by H.B. 64 of the 131st G.A.)
2017	GRF	200578	Violence Prevention and School Safety	Sections 265.10, 265.260, and 265.263 of H.B. 49 of the 132nd G.A. (originally established by H.B. 1 of the 128th G.A.)
2017	GRF	200588	Competency Based Education Pilot	Discontinued line item (originally established by H.B. 64 of the 131st G.A.)
2017	GRF	200597	Education Program Support	Discontinued line item (originally established by H.B. 64 of the 131st G.A.)
2017	GRF	200901	Property Tax Allocation - Education	Discontinued line item (originally established by H.B. 204 of the 113th G.A.)
2017	GRF	657401	Medicaid in Schools	Sections 265.10 and 265.280 of H.B. 49 of the 132nd G.A.
2017	4520	200638	Charges and Reimbursements	ORC 3314.074; Section 265.10 of H.B. 49 of the 132nd G.A. (originally established by Controlling Board on April 13, 1972)
2017	4540	200610	High School Equivalency	Section 265.290 of H.B. 49 of the 132nd G.A. (originally established in 1929)
2017	4550	200608	Commodity Foods	Section 265.10 of H.B. 49 of the 132nd G.A. (originally established by Controlling Board in September 1978)
2017	4L20	200681	Teacher Certification and Licensure	ORC 3319.51; Sections 265.10 and 265.300 of H.B. 49 of the 132nd G.A. (originally established by H.B. 152 of the 120th G.A.)
2017	5960	200656	Ohio Career Information System	Discontinued line item (originally established by H.B. 238 of the 116th G.A.)
2017	5980	200659	Auxiliary Services Reimbursement	ORC 3317.064; Section 265.10 of H.B. 49 of the 132nd G.A. (originally established by H.B. 238 of the 116th G.A.)
2017	5BJ0	200626	Half-Mill Maintenance Equalization	Discontinued line item (originally established by H.B. 66 of the 126th G.A.)
2017	5H30	200687	School District Solvency Assistance	ORC 3316.20; Sections 265.10 and 265.320 of H.B. 49 of the 132nd G.A. (originally established by H.B. 650 of the 122nd G.A.)
2017	5JC0	200654	Adult Career Opportunity Pilot Program	Discontinued line item (originally established by H.B. 483 of the 130th G.A.)
2017	5KX0	200691	Ohio School Sponsorship Program	ORC 3314.029; Section 265.10 of H.B. 49 of the 132nd G.A. (originally established by Controlling Board on November 14, 2011)
2017	5KY0	200693	Community Schools Temporary Sponsorship	Discontinued line item (originally established by Controlling Board on November 14, 2011)
2017	5MM0	200677	Child Nutrition Refunds	Section 265.10 of H.B. 49 of the 132nd G.A. (originally established by the Controlling Board on October 29, 2012)
2017	5RB0	200644	Straight A Fund	Discontinued line item (Originally established by H.B. 64 of the 131st G.A.)
2017	5RE0	200697	School District TPP Supplement	Discontinued line item (originally established by H.B. 64 of the 131st G.A.)
2017	5T30	200668	Gates Foundation Grants	Discontinued line item (originally established by H.B. 59 of the 130th G.A.)
2017	5U20	200685	National Education Statistics	Section 265.10 of H.B. 49 of the 132nd G.A. (originally established by Controlling Board on May 6, 2002)
2017	5UC0	200662	Accountability/Report Cards	ORC 3302.03 and 3302.36; Sections 265.10 and 265.323 of H.B. 49 of the 132nd G.A.
2017	6200	200615	Educational Improvement Grants	Sections 265.10 and 265.325 of H.B. 49 of the 132nd G.A. (originally established by H.B. 282 of the 123rd G.A.)
2017	1380	200606	Information Technology Development and Support	Section 265.10 of H.B. 49 of the 132nd G.A. (originally established by Controlling Board on July 20, 1961)
2017	4R70	200695	Indirect Operational Support	Section 265.10 of H.B. 49 of the 132nd G.A. (originally established by Controlling Board in December 1993)
2017	4V70	200633	Interagency Program Support	Section 265.10 of H.B. 49 of the 132nd G.A. (originally established by Controlling Board in June 1995)
2017	7017	200612	Foundation Funding	ORC 3770.06; Sections 265.10 and 265.330 of H.B. 49 of the 132nd G.A. (originally established by H.B. 650 of the 122nd G.A.)
2017	7017	200629	Community Connectors	ORC 3770.06; Sections 265.10 and 265.330 of H.B. 49 of the 132nd G.A. (originally established in H.B. 483 of the 130th G.A.)
2017	7017	200648	Straight A Fund	Discontinued line item (originally established by H.B. 59 of the 130th G.A.)
2017	7017	200666	EdChoice Expansion	Discontinued line item (originally established by H.B. 59 of the 130th G.A.)
2017	7017	200684	Community School Facilities	ORC 3770.06; Sections 265.10 and 265.330 of H.B. 49 of the 132nd G.A. (originally established by H.B. 59 of the 130th G.A.)
2017	7018	200686	Third Grade Reading Guarantee	Discontinued line item (originally established by H.B. 487 of the 129th G.A.)
2017	7047	200909	School District Property Tax Replacement-Business	Discontinued line item (originally established by H.B. 66 of the 126th G.A.)
2017	7053	200900	School District Property Tax Replacement-Utility	Discontinued line item (originally established by S.B. 3 of the 123rd G.A.)
2017	3090	200601	Neglected and Delinquent Children Education	Discontinued line item (originally established by Controlling Board on March 28, 1966)
2017	3670	200607	School Food Services	Section 265.10 of H.B. 49 of the 132nd G.A. (originally established by Controlling Board on October 27, 1967)
2017	3700	200624	Education of Exceptional Children	Section 265.10 of H.B. 49 of the 132nd G.A. (originally established by Controlling Board on May 9, 1968)
2017	3AF0	200603	Schools Medicaid Administrative Claims	Discontinued line item (originally established by Controlling Board on September 22, 2003)
2017	3AF0	657601	Schools Medicaid Administrative Claims	Section 265.10 of H.B. 49 of the 132nd G.A.
2017	3AN0	200671	School Improvement Grants	Section 265.10 of H.B. 49 of the 132nd G.A. (originally established by Controlling Board on April 7, 2008)
2017	3AX0	200698	Improving Health and Educational Outcomes of Young People	Discontinued line item (originally established by Controlling Board on May 5, 2008)
2017	3BK0	200628	Longitudinal Data Systems	Discontinued line item (originally established by Controlling Board on January 9, 2006)
2017	3C50	200661	Early Childhood Education	Section 265.10 of H.B. 49 of the 132nd G.A. (originally established by Controlling Board on November 11, 1986)
2017	3CG0	200646	Teacher Incentive	Discontinued line item (originally established by Controlling Board on December 4, 2006)
2017	3D10	200664	Drug Free Schools	Discontinued line item (originally established by Controlling Board on May 4, 1987)
2017	3D20	200667	Math Science Partnerships	Section 265.10 of H.B. 49 of the 132nd G.A. (originally established by Controlling Board on April 20, 1987)
2017	3DP0	200652	Title I School Improvement - Federal Stimulus	Discontinued line item (originally established by H.B. 1 of the 128th G.A.)
2017	3EC0	200653	Teacher Incentive - Federal Stimulus	Discontinued line item (originally established by Controlling Board on December 14, 2009)
2017	3EH0	200620	Migrant Education	Section 265.10 of H.B. 49 of the 132nd G.A. (originally established by Controlling Board on July 19, 2010)
2017	3EJ0	200622	Homeless Children Education	Section 265.10 of H.B. 49 of the 132nd G.A. (originally established by the Controlling Board on July 19, 2010)
2017	3EK0	200637	Advanced Placement	Discontinued line item (originally established by the Controlling Board on July 19, 2010)
2017	3EN0	200655	State Data Systems - Federal Stimulus	Discontinued line item (originally established by Controlling Board on October 25, 2010)
2017	3FD0	200665	Race to the Top	Discontinued line item (originally established by Controlling Board on November 22, 2010)
2017	3FN0	200672	Early Learning Challenge - Race to the Top	Discontinued line item (originally established by Controlling Board on February 27, 2012)
2017	3GE0	200674	Summer Food Service Program	Section 265.10 of H.B. 49 of the 132nd G.A. (originally established by Controlling Board on October 29, 2012)
2017	3GF0	200675	Miscellaneous Nutrition Grants	Discontinued line item (originally established by the Controlling Board on October 29, 2012)
2017	3GG0	200676	Fresh Fruit and Vegetable Program	Section 265.10 of H.B. 49 of the 132nd G.A. (originally established by the Controlling Board on October 29, 2012)
2017	3GP0	200600	School Climate Transformation	Discontinued line item (originally established by the Controlling Board on December 15, 2014)
2017	3GQ0	200679	Project Aware	Discontinued line item (originally established by the Controlling Board on December 15, 2014)
2017	3GZ0	200609	JAVITS	Discontinued line item (originally established by Controlling Board on January 11, 2016)
2017	3H90	200605	Head Start Collaboration Project	Discontinued line item (originally established by the Controlling Board on January 24, 1994)
2017	3HF0	200649	Federal Education Grants	Section 265.10 of H.B. 49 of the 132nd G.A.
2017	3HI0	200634	Student Support and Academic Enrichment	Established by the Controlling Board on August 21, 2017
2017	3L60	200617	Federal School Lunch	Section 265.10 of H.B. 49 of the 132nd G.A. (originally established by H.B. 152 of the 120th G.A.)
2017	3L70	200618	Federal School Breakfast	Section 265.10 of H.B. 49 of the 132nd G.A. (originally established by H.B. 152 of the 120th G.A.)
2017	3L80	200619	Child/Adult Food Programs	Section 265.10 of H.B. 49 of the 132nd G.A. (originally established by H.B. 152 of the 120th G.A.)
2017	3L90	200621	Career-Technical Education Basic Grant	Section 265.10 of H.B. 49 of the 132nd G.A. (originally established by H.B. 152 of the 120th G.A.)
2017	3M00	200623	ESEA Title 1A	Section 265.10 of H.B. 49 of the 132nd G.A. (originally established by H.B. 152 of the 120th G.A.).A.)
2017	3M20	200680	Individuals with Disabilities Education Act	Section 265.10 of H.B. 49 of the 132nd G.A. (originally established by H.B. 152 of the 120th G.A.)
2017	3T40	200613	Public Charter Schools	Section 265.10 of H.B. 49 of the 132nd G.A. (originally established by Controlling Board on December 7, 1998)
2017	3Y20	200688	21st Century Community Learning Centers	Section 265.10 of H.B. 49 of the 132nd G.A. (originally established by Controlling Board on July 29, 2002)
2017	3Y60	200635	Improving Teacher Quality	Section 265.10 of H.B. 49 of the 132nd G.A. (originally established by Controlling Board on August 12, 2002)
2017	3Y70	200689	English Language Acquisition	Section 265.10 of H.B. 49 of the 132nd G.A. (originally established by Controlling Board on July 29, 2002)
2017	3Y80	200639	Rural and Low Income Technical Assistance	Section 265.10 of H.B. 49 of the 132nd G.A. (originally established by Controlling Board on July 21, 2003)
2017	3Z20	200690	State Assessments	Section 265.10 of H.B. 49 of the 132nd G.A. (originally established by Controlling Board on July 29, 2002)
2017	3Z30	200645	Consolidated Federal Grant Administration	Section 265.10 of H.B. 49 of the 132nd G.A. (originally established by Controlling Board on July 7, 2003)
2018	GRF	200321	Operating Expenses	Sections 265.10 and 265.20 of H.B. 49 of the 132nd G.A. (originally established by H.B. 487 of the 129th G.A.)
2018	GRF	200408	Early Childhood Education	Sections 265.10 and 265.20 of H.B. 49 of the 132nd G.A. (originally established by H.B. 298 of the 119th G.A.)
2018	GRF	200420	Information Technology Development and Support	Sections 265.10 and 265.30 of H.B. 49 of the 132nd G.A. (originally established by H.B. 282 of the 123rd G.A.)
2018	GRF	200421	Alternative Education Programs	Discontinued line item (originally established by H.B. 640 of the 123rd G.A.)
2018	GRF	200422	School Management Assistance	ORC 3301.073 and 3316; Sections 265.10 and 265.50 of H.B. 49 of the 132nd G.A. (originally established by H.B. 1285 of the 112th G.A.)
2018	GRF	200424	Policy Analysis	Sections 265.10 and 265.60 of H.B. 49 of the 132nd G.A. (originally established by H.B. 204 of the 113th G.A.)
2018	GRF	200425	Tech Prep Consortia Support	Discontinued line item (originally established by Controlling Board in FY 2001)
2018	GRF	200426	Ohio Educational Computer Network	ORC 3301.075; Sections 265.10 and 265.70 of H.B. 49 of the 132nd G.A. (originally established by H.B. 204 of the 113th G.A.)
2018	GRF	200427	Academic Standards	ORC 3301.079; Sections 265.10 and 265.80 of H.B. 49 of the 132nd G.A. (originally established by H.B. 94 of the 124th G.A.)
2018	GRF	200437	Student Assessment	ORC 3301.078, 3301.079, 3301.0710, 3301.0711, 3301.0712, 3301.0715, 3301.27, and 3313.608; Sections 265.10 and 265.90 of H.B. 49 of the 132nd G.A. (originally established by H.B. 111 of the 118th G.A.)
2018	GRF	200439	Accountability/Report Cards	ORC 3302.03, 3302.031, and 3302.26; Sections 265.10 and 265.100 of H.B. 49 of the 132nd G.A. (originally established by H.B. 95 of the 125th G.A.)
2018	GRF	200442	Child Care Licensing	ORC 3301.52 through 3301.59; Sections 265.10 and 265.100 of H.B. 49 of the 132nd G.A. (originally established by Controlling Board on October 16, 1995)
2018	GRF	200446	Education Management Information System	ORC 3301.0714; Sections 265.10 and 265.110 of H.B. 49 of the 132nd G.A. (originally established by H.B. 111 of the 118th G.A.)
2018	GRF	200447	High School Equivalency Testing	Discontinued line item (originally established by Controlling Board on January 8, 1990)
2018	GRF	200448	Educator Preparation	Sections 265.10 and 263.120 of H.B. 49 of the 132nd G.A. (originally established by H.B. 95 of the 125th G.A.)
2018	GRF	200455	Community Schools and Choice Programs	ORC 3314.015 and 3314.11; Sections 265.10 and 265.130 of H.B. 49 of the 132nd G.A. (originally established by H.B. 215 of the 122nd G.A.)
2018	GRF	200457	STEM Initiatives	Discontinued line item (originally established by H.B. 119 of the 127th G.A.)
2018	GRF	200464	General Technology Operations	Discontinued line item (originally established by H.B. 59 of the 130th G.A.)
2018	GRF	200465	Education Technology Resources	ORC 3301.075; Sections 265.10 and 265.140 of H.B. 49 of the 132nd G.A. (originally established by H.B. 59 of the 130th G.A.)
2018	GRF	200502	Pupil Transportation	ORC 3314.091, 3317.024, and 3317.0212; Sections 265.10 and 265.150 of H.B. 49 of the 132nd G.A. (originally established by H.B. 191 of the 112th G.A.)
2018	GRF	200505	School Lunch Match	ORC 3313.81 and 3317.024; Sections 265.10 and 265.160 of H.B. 49 of the 132nd G.A. (originally established by H.B. 191 of the 112th G.A.)
2018	GRF	200511	Auxiliary Services	ORC 3317.024, 3317.06, and 3317.062; Sections 265.10 and 265.170 of H.B. 49 of the 132nd G.A. (originally established by H.B. 191 of the 112th G.A.)
2018	GRF	200532	Nonpublic Administrative Cost Reimbursement	ORC 3317.063; Sections 265.10 and 265.180 of H.B. 49 of the 132nd G.A. (originally established by H.B. 694 of the 114th G.A.)
2018	GRF	200540	Special Education Enhancements	ORC 3317.0213, 3317.20, and 3317.201; Sections 265.10 and 265.190 of H.B. 49 of the 132nd G.A. (originally established by H.B. 650 of the 122nd G.A.)
2018	GRF	200545	Career-Technical Education Enhancements	Sections 265.10 and 265.200 of H.B. 49 of the 132nd G.A. (originally established by H.B. 650 of the 122nd G.A.)
2018	GRF	200550	Foundation Funding	ORC 3317; Sections 265.10, 265.210, 265.220, 265.230, and 265.233 of H.B. 49 of the 132nd G.A. (originally established by H.B. 66 of the 126th G.A.)
2018	GRF	200566	Literacy Improvement	Sections 265.10 and 265.240 of H.B. 49 of the 132nd G.A. (originally established by H.B. 1 and modified by H.B. 282 of the 123rd G.A.)
2018	GRF	200572	Adult Education Programs	ORC 3313.902, 3314.38, 3317.23, 3317.24, 3345.86; Sections 265.10 and 265.250 of H.B. 49 of the 132nd G.A. (originally established by H.B. 282 of the 123rd G.A.)
2018	GRF	200573	EdChoice Expansion	ORC 3310.032; Sections 265.10 and 265.260 of H.B. 49 of the 132nd G.A. (originally established by H.B. 64 of the 131st G.A.)
2018	GRF	200574	Half-Mill Maintenance Equalization	ORC 3318.18; Sections 265.10 and 265.260 of H.B. 49 of the 132nd G.A.
2018	GRF	200576	Adaptive Sports Program	Sections 265.10 and 265.260 of H.B. 49 of the 132nd G.A. (originally established by H.B. 64 of the 131st G.A.)
2018	GRF	200578	Violence Prevention and School Safety	Sections 265.10, 265.260, and 265.263 of H.B. 49 of the 132nd G.A. (originally established by H.B. 1 of the 128th G.A.)
2018	GRF	200588	Competency Based Education Pilot	Discontinued line item (originally established by H.B. 64 of the 131st G.A.)
2018	GRF	200597	Education Program Support	Discontinued line item (originally established by H.B. 64 of the 131st G.A.)
2018	GRF	200901	Property Tax Allocation - Education	Discontinued line item (originally established by H.B. 204 of the 113th G.A.)
2018	GRF	657401	Medicaid in Schools	Sections 265.10 and 265.280 of H.B. 49 of the 132nd G.A.
2018	4520	200638	Charges and Reimbursements	ORC 3314.074; Section 265.10 of H.B. 49 of the 132nd G.A. (originally established by Controlling Board on April 13, 1972)
2018	4540	200610	High School Equivalency	Section 265.290 of H.B. 49 of the 132nd G.A. (originally established in 1929)
2018	4550	200608	Commodity Foods	Section 265.10 of H.B. 49 of the 132nd G.A. (originally established by Controlling Board in September 1978)
2018	4L20	200681	Teacher Certification and Licensure	ORC 3319.51; Sections 265.10 and 265.300 of H.B. 49 of the 132nd G.A. (originally established by H.B. 152 of the 120th G.A.)
2018	5960	200656	Ohio Career Information System	Discontinued line item (originally established by H.B. 238 of the 116th G.A.)
2018	5980	200659	Auxiliary Services Reimbursement	ORC 3317.064; Section 265.10 of H.B. 49 of the 132nd G.A. (originally established by H.B. 238 of the 116th G.A.)
2018	5BJ0	200626	Half-Mill Maintenance Equalization	Discontinued line item (originally established by H.B. 66 of the 126th G.A.)
2018	5H30	200687	School District Solvency Assistance	ORC 3316.20; Sections 265.10 and 265.320 of H.B. 49 of the 132nd G.A. (originally established by H.B. 650 of the 122nd G.A.)
2018	5JC0	200654	Adult Career Opportunity Pilot Program	Discontinued line item (originally established by H.B. 483 of the 130th G.A.)
2018	5KX0	200691	Ohio School Sponsorship Program	ORC 3314.029; Section 265.10 of H.B. 49 of the 132nd G.A. (originally established by Controlling Board on November 14, 2011)
2018	5KY0	200693	Community Schools Temporary Sponsorship	Discontinued line item (originally established by Controlling Board on November 14, 2011)
2018	5MM0	200677	Child Nutrition Refunds	Section 265.10 of H.B. 49 of the 132nd G.A. (originally established by the Controlling Board on October 29, 2012)
2018	5RB0	200644	Straight A Fund	Discontinued line item (Originally established by H.B. 64 of the 131st G.A.)
2018	5RE0	200697	School District TPP Supplement	Discontinued line item (originally established by H.B. 64 of the 131st G.A.)
2018	5T30	200668	Gates Foundation Grants	Discontinued line item (originally established by H.B. 59 of the 130th G.A.)
2018	5U20	200685	National Education Statistics	Section 265.10 of H.B. 49 of the 132nd G.A. (originally established by Controlling Board on May 6, 2002)
2018	5UC0	200662	Accountability/Report Cards	ORC 3302.03, 3302.031, and 3302.26; Sections 265.10 and 265.323 of H.B. 49 of the 132nd G.A.
2018	6200	200615	Educational Improvement Grants	Sections 265.10 and 265.325 of H.B. 49 of the 132nd G.A. (originally established by H.B. 282 of the 123rd G.A.)
2018	1380	200606	Information Technology Development and Support	Section 265.10 of H.B. 49 of the 132nd G.A. (originally established by Controlling Board on July 20, 1961)
2018	4R70	200695	Indirect Operational Support	Section 265.10 of H.B. 49 of the 132nd G.A. (originally established by Controlling Board in December 1993)
2018	4V70	200633	Interagency Program Support	Section 265.10 of H.B. 49 of the 132nd G.A. (originally established by Controlling Board in June 1995)
2018	7017	200602	School Climate Grants	Section 5 of H.B. 318 of the 132nd G.A.
2018	7017	200612	Foundation Funding	ORC 3770.06; Sections 265.10 and 265.330 of H.B. 49 of the 132nd G.A. (originally established by H.B. 650 of the 122nd G.A.)
2018	7017	200629	Community Connectors	ORC 3770.06; Sections 265.10 and 265.330 of H.B. 49 of the 132nd G.A. (originally established in H.B. 483 of the 130th G.A.)
2018	7017	200648	Straight A Fund	Discontinued line item (originally established by H.B. 59 of the 130th G.A.)
2018	7017	200666	EdChoice Expansion	Discontinued line item (originally established by H.B. 59 of the 130th G.A.)
2018	7017	200684	Community School Facilities	ORC 3770.06; Sections 265.10 and 265.330 of H.B. 49 of the 132nd G.A. (originally established by H.B. 59 of the 130th G.A.)
2018	7018	200686	Third Grade Reading Guarantee	Discontinued line item (originally established by H.B. 487 of the 129th G.A.)
2018	7047	200909	School District Property Tax Replacement-Business	Discontinued line item (originally established by H.B. 66 of the 126th G.A.)
2018	7053	200900	School District Property Tax Replacement-Utility	Discontinued line item (originally established by S.B. 3 of the 123rd G.A.)
2018	3090	200601	Neglected and Delinquent Children Education	Discontinued line item (originally established by Controlling Board on March 28, 1966)
2018	3670	200607	School Food Services	Section 265.10 of H.B. 49 of the 132nd G.A. (originally established by Controlling Board on October 27, 1967)
2018	3700	200624	Education of Exceptional Children	Section 265.10 of H.B. 49 of the 132nd G.A. (originally established by Controlling Board on May 9, 1968)
2018	3AF0	200603	Schools Medicaid Administrative Claims	Discontinued line item (originally established by Controlling Board on September 22, 2003)
2018	3AF0	657601	Schools Medicaid Administrative Claims	Section 265.10 of H.B. 49 of the 132nd G.A.
2018	3AN0	200671	School Improvement Grants	Section 265.10 of H.B. 49 of the 132nd G.A. (originally established by Controlling Board on April 7, 2008)
2018	3AX0	200698	Improving Health and Educational Outcomes of Young People	Discontinued line item (originally established by Controlling Board on May 5, 2008)
2018	3BK0	200628	Longitudinal Data Systems	Discontinued line item (originally established by Controlling Board on January 9, 2006)
2018	3C50	200661	Early Childhood Education	Section 265.10 of H.B. 49 of the 132nd G.A. (originally established by Controlling Board on November 11, 1986)
2018	3CG0	200646	Teacher Incentive	Discontinued line item (originally established by Controlling Board on December 4, 2006)
2018	3D10	200664	Drug Free Schools	Discontinued line item (originally established by Controlling Board on May 4, 1987)
2018	3D20	200667	Math Science Partnerships	Section 265.10 of H.B. 49 of the 132nd G.A. (originally established by Controlling Board on April 20, 1987)
2018	3DP0	200652	Title I School Improvement - Federal Stimulus	Discontinued line item (originally established by H.B. 1 of the 128th G.A.)
2018	3EC0	200653	Teacher Incentive - Federal Stimulus	Discontinued line item (originally established by Controlling Board on December 14, 2009)
2018	3EH0	200620	Migrant Education	Section 265.10 of H.B. 49 of the 132nd G.A. (originally established by Controlling Board on July 19, 2010)
2018	3EJ0	200622	Homeless Children Education	Section 265.10 of H.B. 49 of the 132nd G.A. (originally established by the Controlling Board on July 19, 2010)
2018	3EK0	200637	Advanced Placement	Discontinued line item (originally established by the Controlling Board on July 19, 2010)
2018	3EN0	200655	State Data Systems - Federal Stimulus	Discontinued line item (originally established by Controlling Board on October 25, 2010)
2018	3FD0	200665	Race to the Top	Discontinued line item (originally established by Controlling Board on November 22, 2010)
2018	3FE0	200669	Striving Readers	Established by the Controlling Board on October 30, 2017 (originally established by Controlling Board on December 13, 2010)
2018	3FN0	200672	Early Learning Challenge - Race to the Top	Discontinued line item (originally established by Controlling Board on February 27, 2012)
2018	3GE0	200674	Summer Food Service Program	Section 265.10 of H.B. 49 of the 132nd G.A. (originally established by Controlling Board on October 29, 2012)
2018	3GF0	200675	Miscellaneous Nutrition Grants	Discontinued line item (originally established by the Controlling Board on October 29, 2012)
2018	3GG0	200676	Fresh Fruit and Vegetable Program	Section 265.10 of H.B. 49 of the 132nd G.A. (originally established by the Controlling Board on October 29, 2012)
2018	3GP0	200600	School Climate Transformation	Discontinued line item (originally established by the Controlling Board on December 15, 2014)
2018	3GQ0	200679	Project Aware	Discontinued line item (originally established by the Controlling Board on December 15, 2014)
2018	3GZ0	200609	JAVITS	Discontinued line item (originally established by Controlling Board on January 11, 2016)
2018	3H90	200605	Head Start Collaboration Project	Discontinued line item (originally established by the Controlling Board on January 24, 1994)
2018	3HF0	200649	Federal Education Grants	Section 265.10 of H.B. 49 of the 132nd G.A.
2018	3HI0	200634	Student Support and Academic Enrichment	Established by the Controlling Board on August 21, 2017
2018	3L60	200617	Federal School Lunch	Section 265.10 of H.B. 49 of the 132nd G.A. (originally established by H.B. 152 of the 120th G.A.)
2018	3L70	200618	Federal School Breakfast	Section 265.10 of H.B. 49 of the 132nd G.A. (originally established by H.B. 152 of the 120th G.A.)
2018	3L80	200619	Child/Adult Food Programs	Section 265.10 of H.B. 49 of the 132nd G.A. (originally established by H.B. 152 of the 120th G.A.)
2018	3L90	200621	Career-Technical Education Basic Grant	Section 265.10 of H.B. 49 of the 132nd G.A. (originally established by H.B. 152 of the 120th G.A.)
2018	3M00	200623	ESEA Title 1A	Section 265.10 of H.B. 49 of the 132nd G.A. (originally established by H.B. 152 of the 120th G.A.)
2018	3M20	200680	Individuals with Disabilities Education Act	Section 265.10 of H.B. 49 of the 132nd G.A. (originally established by H.B. 152 of the 120th G.A.)
2018	3T40	200613	Public Charter Schools	Section 265.10 of H.B. 49 of the 132nd G.A. (originally established by Controlling Board on December 7, 1998)
2018	3Y20	200688	21st Century Community Learning Centers	Section 265.10 of H.B. 49 of the 132nd G.A. (originally established by Controlling Board on July 29, 2002)
2018	3Y60	200635	Improving Teacher Quality	Section 265.10 of H.B. 49 of the 132nd G.A. (originally established by Controlling Board on August 12, 2002)
2018	3Y70	200689	English Language Acquisition	Section 265.10 of H.B. 49 of the 132nd G.A. (originally established by Controlling Board on July 29, 2002)
2018	3Y80	200639	Rural and Low Income Technical Assistance	Section 265.10 of H.B. 49 of the 132nd G.A. (originally established by Controlling Board on July 21, 2003)
2018	3Z20	200690	State Assessments	Section 265.10 of H.B. 49 of the 132nd G.A. (originally established by Controlling Board on July 29, 2002)
2018	3Z30	200645	Consolidated Federal Grant Administration	Section 265.10 of H.B. 49 of the 132nd G.A. (originally established by Controlling Board on July 7, 2003)
2019	GRF	200321	Operating Expenses	Sections 265.10, 265.20, and 733.23 of H.B. 166 of the 133rd G.A. (originally established by H.B. 487 of the 129th G.A.)
2019	GRF	200408	Early Childhood Education	Sections 265.10 and 265.20 of H.B. 166 of the 133rd G.A. (originally established by H.B. 298 of the 119th G.A.)
2019	GRF	200420	Information Technology Development and Support	Sections 265.10 and 265.30 of H.B. 166 of the 133rd G.A. (originally established by H.B. 282 of the 123rd G.A.)
2019	GRF	200421	Alternative Education Programs	Discontinued line item (originally established by H.B. 640 of the 123rd G.A.)
2019	GRF	200422	School Management Assistance	ORC 3301.073 and 3316; Sections 265.10 and 265.50 of H.B. 166 of the 133rd G.A. (originally established by H.B. 1285 of the 112th G.A.)
2019	GRF	200424	Policy Analysis	Sections 265.10 and 265.60 of H.B. 166 of the 133rd G.A. (originally established by H.B. 204 of the 113th G.A.)
2019	GRF	200425	Tech Prep Consortia Support	Discontinued line item (originally established by Controlling Board in FY 2001)
2019	GRF	200426	Ohio Educational Computer Network	ORC 3301.075; Sections 265.10 and 265.70 of H.B. 166 of the 133rd G.A. (originally established by H.B. 204 of the 113th G.A.)
2019	GRF	200427	Academic Standards	ORC 3301.079; Sections 265.10 and 265.80 of H.B. 166 of the 133rd G.A. (originally established by H.B. 94 of the 124th G.A.)
2019	GRF	200437	Student Assessment	ORC 3301.078, 3301.079, 3301.0710, 3301.0711, 3301.0712, 3301.0715, 3301.27, and 3313.608; Sections 265.10 and 265.90 of H.B. 166 of the 133rd G.A. (originally established by H.B. 111 of the 118th G.A.)
2019	GRF	200439	Accountability/Report Cards	ORC 3302.03, 3302.031, and 3302.26; Sections 265.10 and 265.100 of H.B. 166 of the 133rd G.A. (originally established by H.B. 95 of the 125th G.A.)
2019	GRF	200442	Child Care Licensing	ORC 3301.52 through 3301.59; Sections 265.10 and 265.100 of H.B. 166 of the 133rd G.A. (originally established by Controlling Board on October 16, 1995)
2019	GRF	200446	Education Management Information System	ORC 3301.0714; Sections 265.10 and 265.110 of H.B. 166 of the 133rd G.A. (originally established by H.B. 111 of the 118th G.A.)
2019	GRF	200447	High School Equivalency Testing	Discontinued line item (originally established by Controlling Board on January 8, 1990)
2019	GRF	200448	Educator Preparation	Sections 265.10 and 265.120 of H.B. 166 of the 133rd G.A. (originally established by H.B. 95 of the 125th G.A.)
2019	GRF	200455	Community Schools and Choice Programs	ORC 3310, 3313.974 to 3313.979, 3314, 3326; Sections 265.10 and 265.130 of H.B. 166 of the 133rd G.A. (originally established by H.B. 215 of the 122nd G.A.)
2019	GRF	200457	STEM Initiatives	Discontinued line item (originally established by H.B. 119 of the 127th G.A.)
2019	GRF	200464	General Technology Operations	Discontinued line item (originally established by H.B. 59 of the 130th G.A.)
2019	GRF	200465	Education Technology Resources	ORC 3301.075; Sections 265.10 and 265.140 of H.B. 166 of the 133rd G.A. (originally established by H.B. 59 of the 130th G.A.)
2019	GRF	200478	Industry-Recognized Credentials High School Students	Sections 265.10 and 265.145 of H.B. 166 of the 133rd G.A.
2019	GRF	200502	Pupil Transportation	ORC 3314.091, 3317.024, and 3317.0212; Sections 265.10, 265.150, 265.215, and 265.220 of H.B. 166 of the 133rd G.A. (originally established by H.B. 191 of the 112th G.A.)
2019	GRF	200505	School Lunch Match	ORC 3313.81 and 3317.024; Sections 265.10 and 265.160 of H.B. 166 of the 133rd G.A. (originally established by H.B. 191 of the 112th G.A.)
2019	GRF	200511	Auxiliary Services	ORC 3317.024, 3317.06, and 3317.062; Sections 265.10 and 265.170 of H.B. 166 of the 133rd G.A. (originally established by H.B. 191 of the 112th G.A.)
2019	GRF	200532	Nonpublic Administrative Cost Reimbursement	ORC 3317.063; Sections 265.10 and 265.180 of H.B. 166 of the 133rd G.A. (originally established by H.B. 694 of the 114th G.A.)
2019	GRF	200540	Special Education Enhancements	ORC 3317.0213, 3317.20, and 3317.201; Sections 265.10, 265.190, and 265.215 of H.B. 166 of the 133rd G.A. (originally established by H.B. 650 of the 122nd G.A.)
2019	GRF	200545	Career-Technical Education Enhancements	Sections 265.10 and 265.200 of H.B. 166 of the 133rd G.A. (originally established by H.B. 650 of the 122nd G.A.)
2019	GRF	200550	Foundation Funding	ORC 3317; Sections 265.10, 265.210, 265.215, 265.220, 265.225, 265.227, 265.230, and 265.235 of H.B. 166 of the 133rd G.A. (originally established by H.B. 66 of the 126th G.A.)
2019	GRF	200566	Literacy Improvement	Sections 265.10 and 265.240 of H.B. 166 of the 133rd G.A. (originally established by H.B. 1 and modified by H.B. 282 of the 123rd G.A.)
2019	GRF	200572	Adult Education Programs	ORC 3313.902, 3314.38, 3317.23, 3317.24, 3345.86; Sections 265.10 and 265.250 of H.B. 166 of the 133rd G.A. (originally established by H.B. 282 of the 123rd G.A.)
2019	GRF	200573	EdChoice Expansion	ORC 3310.032; Sections 265.10 and 265.260 of H.B. 166 of the 133rd G.A. (originally established by H.B. 64 of the 131st G.A.)
2019	GRF	200574	Half-Mill Maintenance Equalization	ORC 3318.18; Sections 265.10 and 265.260 of H.B. 166 of the 133rd G.A. (originally established by H.B. 64 of the 131st G.A.)
2019	GRF	200576	Adaptive Sports Program	Sections 265.10 and 265.260 of H.B. 166 of the 133rd G.A. (originally established by H.B. 64 of the 131st G.A.)
2019	GRF	200578	Violence Prevention and School Safety	Discontinued line item (originally established by H.B. 1 of the 128th G.A.)
2019	GRF	200588	Competency Based Education Pilot	Discontinued line item (originally established by H.B. 64 of the 131st G.A.)
2019	GRF	200597	Program and Project Support	Sections 265.10 and 265.260 of H.B. 166 of the 133rd G.A. (originally established by H.B. 64 of the 131st G.A.)
2019	GRF	657401	Medicaid in Schools	Sections 265.10 and 265.280 of H.B. 166 of the 133rd G.A. (originally established by H.B. 49 of the 132nd G.A.)
2019	4520	200638	Charges and Reimbursements	ORC 3314.074; Section 265.10 of H.B. 166 of the 133rd G.A. (originally established by Controlling Board on April 13, 1972)
2019	4540	200610	High School Equivalency	Discontinued line item (originally established in 1929)
2019	4550	200608	Commodity Foods	Section 265.10 of H.B. 166 of the 133rd G.A. (originally established by Controlling Board in September 1978)
2019	4L20	200681	Teacher Certification and Licensure	ORC 3319.51; Sections 265.10 and 265.300 of H.B. 166 of the 133rd G.A. (originally established by H.B. 152 of the 120th G.A.)
2019	5960	200656	Ohio Career Information System	Discontinued line item (originally established by H.B. 238 of the 116th G.A.)
2019	5980	200659	Auxiliary Services Reimbursement	ORC 3317.064; Section 265.10 of H.B. 166 of the 133rd G.A. (originally established by H.B. 238 of the 116th G.A.)
2019	5H30	200687	School District Solvency Assistance	ORC 3316.20; Sections 265.10 and 265.320 of H.B. 166 of the 133rd G.A. (originally established by H.B. 650 of the 122nd G.A.)
2019	5JC0	200654	Adult Career Opportunity Pilot Program	Discontinued line item (originally established by H.B. 483 of the 130th G.A.)
2019	5KX0	200691	Ohio School Sponsorship Program	ORC 3314.029; Section 265.10 of H.B. 166 of the 133rd G.A. (originally established by Controlling Board on November 14, 2011)
2019	5MM0	200677	Child Nutrition Refunds	Section 265.10 of H.B. 166 of the 133rd G.A. (originally established by the Controlling Board on October 29, 2012)
2019	5RB0	200644	Straight A Fund	Discontinued line item (Originally established by H.B. 64 of the 131st G.A.)
2019	5RE0	200697	School District TPP Supplement	Discontinued line item (originally established by H.B. 64 of the 131st G.A.)
2019	5U20	200685	National Education Statistics	Section 265.10 of H.B. 166 of the 133rd G.A. (originally established by Controlling Board on May 6, 2002)
2019	5UC0	200662	Accountability/Report Cards	Discontinued line item (originally established by H.B. 49 of the 132nd G.A.)
2019	5VS0	200604	Student Wellness and Success	ORC 3314.088, 3317.0219, 3317.163, 3317.26, and 3326.42; Sections 265.10 and 265.323 of H.B. 166 of the 133rd G.A.
2019	5VU0	200663	School Bus Purchase	Sections 265.10 and 265.324 of H.B. 166 of the 133rd G.A.
2019	6200	200615	Educational Improvement Grants	Sections 265.10 of H.B. 166 of the 133rd G.A. (originally established by H.B. 282 of the 123rd G.A.)
2019	1380	200606	Information Technology Development and Support	Section 265.10 of H.B. 166 of the 133rd G.A. (originally established by Controlling Board on July 20, 1961)
2019	4R70	200695	Indirect Operational Support	Section 265.10 of H.B. 166 of the 133rd G.A. (originally established by Controlling Board in December 1993)
2019	4V70	200633	Interagency Program Support	Section 265.10 of H.B. 166 of the 133rd G.A. (originally established by Controlling Board in June 1995)
2019	7017	200602	School Climate Grants	Sections 265.10 and 265.325 of H.B. 166 of the 133rd G.A. (originally established by HB 318 of the 132nd G.A.)
2019	7017	200612	Foundation Funding	ORC 3770.06; Sections 265.10 and 265.330 of H.B. 166 of the 133rd G.A. (originally established by H.B. 650 of the 122nd G.A.)
2019	7017	200614	Accelerate Great Schools	Sections 265.10 and 265.331 of H.B. 166 of the 133rd G.A.
2019	7017	200629	Community Connectors	Discontinued line item (originally established in H.B. 483 of the 130th G.A.)
2019	7017	200631	Quality Community Schools Support	Sections 265.10 and 265.335 of H.B. 166 of the 133rd G.A.
2019	7017	200636	Enrollment Growth Supplement	Sections 265.10, 265.220, and 265.337 of H.B. 166 of the 133rd G.A.
2019	7017	200648	Straight A Fund	Discontinued line item (originally established by H.B. 59 of the 130th G.A.)
2019	7017	200684	Community School Facilities	ORC 3770.06; Sections 265.10 and 265.340 of H.B. 166 of the 133rd G.A. (originally established by H.B. 59 of the 130th G.A.)
2019	3090	200601	Neglected and Delinquent Children Education	Discontinued line item (originally established by Controlling Board on March 28, 1966)
2019	3670	200607	School Food Services	Section 265.10 of H.B. 166 of the 133rd G.A. (originally established by Controlling Board on October 27, 1967)
2019	3700	200624	Education of Exceptional Children	Section 265.10 of H.B. 166 of the 133rd G.A. (originally established by Controlling Board on May 9, 1968)
2019	3AF0	200603	Schools Medicaid Administrative Claims	Discontinued line item (originally established by Controlling Board on September 22, 2003)
2019	3AF0	657601	Schools Medicaid Administrative Claims	Section 265.10 of H.B. 166 of the 133rd G.A. (originally established by H.B. 49 of the 132nd G.A.)
2019	3AN0	200671	School Improvement Grants	Section 265.10 of H.B. 166 of the 133rd G.A. (originally established by Controlling Board on April 7, 2008)
2019	3BK0	200628	Longitudinal Data Systems	Discontinued line item (originally established by Controlling Board on January 9, 2006)
2019	3C50	200661	Early Childhood Education	Section 265.10 of H.B. 166 of the 133rd G.A. (originally established by Controlling Board on November 11, 1986)
2019	3CG0	200646	Teacher Incentive	Discontinued line item (originally established by Controlling Board on December 4, 2006)
2019	3D10	200664	Drug Free Schools	Discontinued line item (originally established by Controlling Board on May 4, 1987)
2019	3D20	200667	Math Science Partnerships	Discontinued line item (originally established by Controlling Board on April 20, 1987)
2019	3EH0	200620	Migrant Education	Section 265.10 of H.B. 166 of the 133rd G.A. (originally established by Controlling Board on July 19, 2010)
2019	3EJ0	200622	Homeless Children Education	Section 265.10 of H.B. 166 of the 133rd G.A. (originally established by the Controlling Board on July 19, 2010)
2019	3EK0	200637	Advanced Placement	Discontinued line item (originally established by the Controlling Board on July 19, 2010)
2019	3EN0	200655	State Data Systems - Federal Stimulus	Discontinued line item (originally established by Controlling Board on October 25, 2010)
2019	3FD0	200665	Race to the Top	Discontinued line item (originally established by Controlling Board on November 22, 2010)
2019	3FE0	200669	Striving Readers	Section 265.10 of H.B. 166 of the 133rd G.A. (originally established by Controlling Board on December 13, 2010)
2019	3FN0	200672	Early Learning Challenge - Race to the Top	Discontinued line item (originally established by Controlling Board on February 27, 2012)
2019	3GE0	200674	Summer Food Service Program	Section 265.10 of H.B. 166 of the 133rd G.A. (originally established by Controlling Board on October 29, 2012)
2019	3GF0	200675	Miscellaneous Nutrition Grants	Discontinued line item (originally established by the Controlling Board on October 29, 2012)
2019	3GG0	200676	Fresh Fruit and Vegetable Program	Section 265.10 of H.B. 166 of the 133rd G.A. (originally established by the Controlling Board on October 29, 2012)
2019	3GP0	200600	School Climate Transformation	Discontinued line item (originally established by the Controlling Board on December 15, 2014)
2019	3GQ0	200679	Project Aware	Discontinued line item (originally established by the Controlling Board on December 15, 2014)
2019	3GZ0	200609	JAVITS	Discontinued line item (originally established by Controlling Board on January 11, 2016)
2019	3H90	200605	Head Start Collaboration Project	Discontinued line item (originally established by the Controlling Board on January 24, 1994)
2019	3HF0	200649	Federal Education Grants	Section 265.10 of H.B. 166 of the 133rd G.A. (originally established by H.B. 49 of the 132nd G.A.)
2019	3HI0	200634	Student Support and Academic Enrichment	Section 265.10 of H.B. 166 of the 133rd G.A. (originally established by the Controlling Board on August 21, 2017)
2019	3L60	200617	Federal School Lunch	Section 265.10 of H.B. 166 of the 133rd G.A. (originally established by H.B. 152 of the 120th G.A.)
2019	3L70	200618	Federal School Breakfast	Section 265.10 of H.B. 166 of the 133rd G.A. (originally established by H.B. 152 of the 120th G.A.)
2019	3L80	200619	Child/Adult Food Programs	Section 265.10 of H.B. 166 of the 133rd G.A. (originally established by H.B. 152 of the 120th G.A.)
2019	3L90	200621	Career-Technical Education Basic Grant	Section 265.10 of H.B. 166 of the 133rd G.A. (originally established by H.B. 152 of the 120th G.A.)
2019	3M00	200623	ESEA Title 1A	Section 265.10 of H.B. 166 of the 133rd G.A. (originally established by H.B. 152 of the 120th G.A.)
2019	3M20	200680	Individuals with Disabilities Education Act	Section 265.10 of H.B. 166 of the 133rd G.A. (originally established by H.B. 152 of the 120th G.A.)
2019	3T40	200613	Public Charter Schools	Section 265.10 of H.B. 166 of the 133rd G.A. (originally established by Controlling Board on December 7, 1998)
2019	3Y20	200688	21st Century Community Learning Centers	Section 265.10 of H.B. 166 of the 133rd G.A. (originally established by Controlling Board on July 29, 2002)
2019	3Y60	200635	Improving Teacher Quality	Section 265.10 of H.B. 166 of the 133rd G.A. (originally established by Controlling Board on August 12, 2002)
2019	3Y70	200689	English Language Acquisition	Section 265.10 of H.B. 166 of the 133rd G.A. (originally established by Controlling Board on July 29, 2002)
2019	3Y80	200639	Rural and Low Income Technical Assistance	Section 265.10 of H.B. 166 of the 133rd G.A. (originally established by Controlling Board on July 21, 2003)
2019	3Z20	200690	State Assessments	Section 265.10 of H.B. 166 of the 133rd G.A. (originally established by Controlling Board on July 29, 2002)
2019	3Z30	200645	Consolidated Federal Grant Administration	Section 265.10 of H.B. 166 of the 133rd G.A. (originally established by Controlling Board on July 7, 2003)
2020	GRF	200321	Operating Expenses	Sections 265.10, 265.20, and 733.23 of H.B. 166 of the 133rd G.A. (originally established by H.B. 487 of the 129th G.A.)
2020	GRF	200408	Early Childhood Education	Sections 265.10 and 265.20 of H.B. 166 of the 133rd G.A. (originally established by H.B. 298 of the 119th G.A.)
2020	GRF	200420	Information Technology Development and Support	Sections 265.10 and 265.30 of H.B. 166 of the 133rd G.A. (originally established by H.B. 282 of the 123rd G.A.)
2020	GRF	200421	Alternative Education Programs	Discontinued line item (originally established by H.B. 640 of the 123rd G.A.)
2020	GRF	200422	School Management Assistance	ORC 3301.073 and 3316; Sections 265.10 and 265.50 of H.B. 166 of the 133rd G.A. (originally established by H.B. 1285 of the 112th G.A.)
2020	GRF	200424	Policy Analysis	Sections 265.10 and 265.60 of H.B. 166 of the 133rd G.A. (originally established by H.B. 204 of the 113th G.A.)
2020	GRF	200425	Tech Prep Consortia Support	Discontinued line item (originally established by Controlling Board in FY 2001)
2020	GRF	200426	Ohio Educational Computer Network	ORC 3301.075; Sections 265.10 and 265.70 of H.B. 166 of the 133rd G.A. (originally established by H.B. 204 of the 113th G.A.)
2020	GRF	200427	Academic Standards	ORC 3301.079; Sections 265.10 and 265.80 of H.B. 166 of the 133rd G.A. (originally established by H.B. 94 of the 124th G.A.)
2020	GRF	200437	Student Assessment	ORC 3301.078, 3301.079, 3301.0710, 3301.0711, 3301.0712, 3301.0715, 3301.27, and 3313.608; Sections 265.10 and 265.90 of H.B. 166 of the 133rd G.A. (originally established by H.B. 111 of the 118th G.A.)
2020	GRF	200439	Accountability/Report Cards	ORC 3302.03, 3302.031, and 3302.26; Sections 265.10 and 265.100 of H.B. 166 of the 133rd G.A. (originally established by H.B. 95 of the 125th G.A.)
2020	GRF	200442	Child Care Licensing	ORC 3301.52 through 3301.59; Sections 265.10 and 265.100 of H.B. 166 of the 133rd G.A. (originally established by Controlling Board on October 16, 1995)
2020	GRF	200446	Education Management Information System	ORC 3301.0714; Sections 265.10 and 265.110 of H.B. 166 of the 133rd G.A. (originally established by H.B. 111 of the 118th G.A.)
2020	GRF	200447	High School Equivalency Testing	Discontinued line item (originally established by Controlling Board on January 8, 1990)
2020	GRF	200448	Educator Preparation	Sections 265.10 and 265.120 of H.B. 166 of the 133rd G.A. (originally established by H.B. 95 of the 125th G.A.)
2020	GRF	200455	Community Schools and Choice Programs	ORC 3310, 3313.974 to 3313.979, 3314, 3326; Sections 265.10 and 265.130 of H.B. 166 of the 133rd G.A. (originally established by H.B. 215 of the 122nd G.A.)
2020	GRF	200457	STEM Initiatives	Discontinued line item (originally established by H.B. 119 of the 127th G.A.)
2020	GRF	200464	General Technology Operations	Discontinued line item (originally established by H.B. 59 of the 130th G.A.)
2020	GRF	200465	Education Technology Resources	ORC 3301.075; Sections 265.10 and 265.140 of H.B. 166 of the 133rd G.A. (originally established by H.B. 59 of the 130th G.A.)
2020	GRF	200478	Industry-Recognized Credentials High School Students	Sections 265.10 and 265.145 of H.B. 166 of the 133rd G.A.
2020	GRF	200502	Pupil Transportation	ORC 3314.091, 3317.024, and 3317.0212; Sections 265.10, 265.150, 265.215, and 265.220 of H.B. 166 of the 133rd G.A. (originally established by H.B. 191 of the 112th G.A.)
2020	GRF	200505	School Lunch Match	ORC 3313.81 and 3317.024; Sections 265.10 and 265.160 of H.B. 166 of the 133rd G.A. (originally established by H.B. 191 of the 112th G.A.)
2020	GRF	200511	Auxiliary Services	ORC 3317.024, 3317.06, and 3317.062; Sections 265.10 and 265.170 of H.B. 166 of the 133rd G.A. (originally established by H.B. 191 of the 112th G.A.)
2020	GRF	200532	Nonpublic Administrative Cost Reimbursement	ORC 3317.063; Sections 265.10 and 265.180 of H.B. 166 of the 133rd G.A. (originally established by H.B. 694 of the 114th G.A.)
2020	GRF	200540	Special Education Enhancements	ORC 3317.0213, 3317.20, and 3317.201; Sections 265.10, 265.190, and 265.215 of H.B. 166 of the 133rd G.A. (originally established by H.B. 650 of the 122nd G.A.)
2020	GRF	200545	Career-Technical Education Enhancements	Sections 265.10 and 265.200 of H.B. 166 of the 133rd G.A. (originally established by H.B. 650 of the 122nd G.A.)
2020	GRF	200550	Foundation Funding	ORC 3317; Sections 265.10, 265.210, 265.215, 265.220, 265.225, 265.227, 265.230, and 265.235 of H.B. 166 of the 133rd G.A. (originally established by H.B. 66 of the 126th G.A.)
2020	GRF	200566	Literacy Improvement	Sections 265.10 and 265.240 of H.B. 166 of the 133rd G.A. (originally established by H.B. 1 and modified by H.B. 282 of the 123rd G.A.)
2020	GRF	200572	Adult Education Programs	ORC 3313.902, 3314.38, 3317.23, 3317.24, 3345.86; Sections 265.10 and 265.250 of H.B. 166 of the 133rd G.A. (originally established by H.B. 282 of the 123rd G.A.)
2020	GRF	200573	EdChoice Expansion	ORC 3310.032; Sections 265.10 and 265.260 of H.B. 166 of the 133rd G.A. (originally established by H.B. 64 of the 131st G.A.)
2020	GRF	200574	Half-Mill Maintenance Equalization	ORC 3318.18; Sections 265.10 and 265.260 of H.B. 166 of the 133rd G.A. (originally established by H.B. 64 of the 131st G.A.)
2020	GRF	200576	Adaptive Sports Program	Sections 265.10 and 265.260 of H.B. 166 of the 133rd G.A. (originally established by H.B. 64 of the 131st G.A.)
2020	GRF	200578	Violence Prevention and School Safety	Discontinued line item (originally established by H.B. 1 of the 128th G.A.)
2020	GRF	200588	Competency Based Education Pilot	Discontinued line item (originally established by H.B. 64 of the 131st G.A.)
2020	GRF	200597	Program and Project Support	Sections 265.10 and 265.260 of H.B. 166 of the 133rd G.A. (originally established by H.B. 64 of the 131st G.A.)
2020	GRF	657401	Medicaid in Schools	Sections 265.10 and 265.280 of H.B. 166 of the 133rd G.A. (originally established by H.B. 49 of the 132nd G.A.)
2020	4520	200638	Charges and Reimbursements	ORC 3314.074; Section 265.10 of H.B. 166 of the 133rd G.A. (originally established by Controlling Board on April 13, 1972)
2020	4540	200610	High School Equivalency	Discontinued line item (originally established in 1929)
2020	4550	200608	Commodity Foods	Section 265.10 of H.B. 166 of the 133rd G.A. (originally established by Controlling Board in September 1978)
2020	4L20	200681	Teacher Certification and Licensure	ORC 3319.51; Sections 265.10 and 265.300 of H.B. 166 of the 133rd G.A. (originally established by H.B. 152 of the 120th G.A.)
2020	5960	200656	Ohio Career Information System	Discontinued line item (originally established by H.B. 238 of the 116th G.A.)
2020	5980	200659	Auxiliary Services Reimbursement	ORC 3317.064; Section 265.10 of H.B. 166 of the 133rd G.A. (originally established by H.B. 238 of the 116th G.A.)
2020	5CV1	200632	Coronavirus Relief Fund Rural and Small Districts	Established by the Controlling Board on July 13, 2020
2020	5CV1	200642	Coronavirus Relief Fund Suburban School Districts	Established by the Controlling Board on July 13, 2020
2020	5CV1	200643	Coronavirus Relief Fund Urban School Districts	Established by the Controlling Board on July 13, 2020
2020	5CV1	200647	Coronavirus Relief Fund School Connectivity	Established by the Controlling Board on July 27, 2020
2020	5CV1	200650	Coronavirus Relief Fund Other Education Entities	Established by the Controlling Board on July 13, 2020
2020	5H30	200687	School District Solvency Assistance	ORC 3316.20; Sections 265.10 and 265.320 of H.B. 166 of the 133rd G.A. (originally established by H.B. 650 of the 122nd G.A.)
2020	5JC0	200654	Adult Career Opportunity Pilot Program	Discontinued line item (originally established by H.B. 483 of the 130th G.A.)
2020	5KX0	200691	Ohio School Sponsorship Program	ORC 3314.029; Section 265.10 of H.B. 166 of the 133rd G.A. (originally established by Controlling Board on November 14, 2011)
2020	5MM0	200677	Child Nutrition Refunds	Section 265.10 of H.B. 166 of the 133rd G.A. (originally established by the Controlling Board on October 29, 2012)
2020	5RB0	200644	Straight A Fund	Discontinued line item (Originally established by H.B. 64 of the 131st G.A.)
2020	5RE0	200697	School District TPP Supplement	Discontinued line item (originally established by H.B. 64 of the 131st G.A.)
2020	5U20	200685	National Education Statistics	Section 265.10 of H.B. 166 of the 133rd G.A. (originally established by Controlling Board on May 6, 2002)
2020	5UC0	200662	Accountability/Report Cards	Discontinued line item (originally established by H.B. 49 of the 132nd G.A.)
2020	5VS0	200604	Student Wellness and Success	ORC 3314.088, 3317.0219, 3317.163, 3317.26, and 3326.42; Sections 265.10 and 265.323 of H.B. 166 of the 133rd G.A.
2020	5VU0	200663	School Bus Purchase	Sections 265.10 and 265.324 of H.B. 166 of the 133rd G.A.
2020	6200	200615	Educational Improvement Grants	Sections 265.10 of H.B. 166 of the 133rd G.A. (originally established by H.B. 282 of the 123rd G.A.)
2020	1380	200606	Information Technology Development and Support	Section 265.10 of H.B. 166 of the 133rd G.A. (originally established by Controlling Board on July 20, 1961)
2020	4R70	200695	Indirect Operational Support	Section 265.10 of H.B. 166 of the 133rd G.A. (originally established by Controlling Board in December 1993)
2020	4V70	200633	Interagency Program Support	Section 265.10 of H.B. 166 of the 133rd G.A. (originally established by Controlling Board in June 1995)
2020	7017	200602	School Climate Grants	Sections 265.10 and 265.325 of H.B. 166 of the 133rd G.A. (originally established by H.B. 318 of the 132nd G.A.)
2020	7017	200612	Foundation Funding	ORC 3770.06; Sections 265.10 and 265.330 of H.B. 166 of the 133rd G.A. (originally established by H.B. 650 of the 122nd G.A.)
2020	7017	200614	Accelerate Great Schools	Sections 265.10 and 265.331 of H.B. 166 of the 133rd G.A.
2020	7017	200629	Community Connectors	Discontinued line item (originally established in H.B. 483 of the 130th G.A.)
2020	7017	200631	Quality Community Schools Support	Sections 265.10 and 265.335 of H.B. 166 of the 133rd G.A.
2020	7017	200636	Enrollment Growth Supplement	Sections 265.10, 265.220, and 265.337 of H.B. 166 of the 133rd G.A.
2020	7017	200648	Straight A Fund	Discontinued line item (originally established by H.B. 59 of the 130th G.A.)
2020	7017	200684	Community School Facilities	ORC 3770.06; Sections 265.10 and 265.340 of H.B. 166 of the 133rd G.A. (originally established by H.B. 59 of the 130th G.A.)
2020	3090	200601	Neglected and Delinquent Children Education	Discontinued line item (originally established by Controlling Board on March 28, 1966)
2020	3670	200607	School Food Services	Section 265.10 of H.B. 166 of the 133rd G.A. (originally established by Controlling Board on October 27, 1967)
2020	3700	200624	Education of Exceptional Children	Section 265.10 of H.B. 166 of the 133rd G.A. (originally established by Controlling Board on May 9, 1968)
2020	3AF0	200603	Schools Medicaid Administrative Claims	Discontinued line item (originally established by Controlling Board on September 22, 2003)
2020	3AF0	657601	Schools Medicaid Administrative Claims	Section 265.10 of H.B. 166 of the 133rd G.A. (originally established by H.B. 49 of the 132nd G.A.)
2020	3AN0	200671	School Improvement Grants	Section 265.10 of H.B. 166 of the 133rd G.A. (originally established by Controlling Board on April 7, 2008)
2020	3BK0	200628	Longitudinal Data Systems	Discontinued line item (originally established by Controlling Board on January 9, 2006)
2020	3C50	200661	Early Childhood Education	Section 265.10 of H.B. 166 of the 133rd G.A. (originally established by Controlling Board on November 11, 1986)
2020	3CG0	200646	Teacher Incentive	Discontinued line item (originally established by Controlling Board on December 4, 2006)
2020	3D10	200664	Drug Free Schools	Discontinued line item (originally established by Controlling Board on May 4, 1987)
2020	3D20	200667	Math Science Partnerships	Discontinued line item (originally established by Controlling Board on April 20, 1987)
2020	3EH0	200620	Migrant Education	Section 265.10 of H.B. 166 of the 133rd G.A. (originally established by Controlling Board on July 19, 2010)
2020	3EJ0	200622	Homeless Children Education	Section 265.10 of H.B. 166 of the 133rd G.A. (originally established by the Controlling Board on July 19, 2010)
2020	3EK0	200637	Advanced Placement	Discontinued line item (originally established by the Controlling Board on July 19, 2010)
2020	3EN0	200655	State Data Systems - Federal Stimulus	Discontinued line item (originally established by Controlling Board on October 25, 2010)
2020	3FD0	200665	Race to the Top	Discontinued line item (originally established by Controlling Board on November 22, 2010)
2020	3FE0	200669	Striving Readers	Section 265.10 of H.B. 166 of the 133rd G.A. (originally established by Controlling Board on December 13, 2010)
2020	3FN0	200672	Early Learning Challenge - Race to the Top	Discontinued line item (originally established by Controlling Board on February 27, 2012)
2020	3GE0	200674	Summer Food Service Program	Section 265.10 of H.B. 166 of the 133rd G.A. (originally established by Controlling Board on October 29, 2012)
2020	3GF0	200675	Miscellaneous Nutrition Grants	Discontinued line item (originally established by the Controlling Board on October 29, 2012)
2020	3GG0	200676	Fresh Fruit and Vegetable Program	Section 265.10 of H.B. 166 of the 133rd G.A. (originally established by the Controlling Board on October 29, 2012)
2020	3GP0	200600	School Climate Transformation	Discontinued line item (originally established by the Controlling Board on December 15, 2014)
2020	3GQ0	200679	Project Aware	Discontinued line item (originally established by the Controlling Board on December 15, 2014)
2020	3GZ0	200609	JAVITS	Discontinued line item (originally established by Controlling Board on January 11, 2016)
2020	3H90	200605	Head Start Collaboration Project	Discontinued line item (originally established by the Controlling Board on January 24, 1994)
2020	3HF0	200649	Federal Education Grants	Section 265.10 of H.B. 166 of the 133rd G.A. (originally established by H.B. 49 of the 132nd G.A.)
2020	3HI0	200634	Student Support and Academic Enrichment	Section 265.10 of H.B. 166 of the 133rd G.A. (originally established by the Controlling Board on August 21, 2017)
2020	3HL0	200678	Literacy Development	Established by the Controlling Board on June 15, 2020
2020	3HQ0	200500	Governor's Emergency Education Relief - K-12 Mental Health	Established by the Controlling Board on September 28, 2020
2020	3HQ0	200627	Governor's Emergency Education Relief	Established by the Controlling Board on August 24, 2020
2020	3HS0	200640	CARES Act School Relief	Established by the Controlling Board on June 1, 2020
2020	3L60	200617	Federal School Lunch	Section 265.10 of H.B. 166 of the 133rd G.A. (originally established by H.B. 152 of the 120th G.A.)
2020	3L70	200618	Federal School Breakfast	Section 265.10 of H.B. 166 of the 133rd G.A. (originally established by H.B. 152 of the 120th G.A.)
2020	3L80	200619	Child/Adult Food Programs	Section 265.10 of H.B. 166 of the 133rd G.A. (originally established by H.B. 152 of the 120th G.A.)
2020	3L90	200621	Career-Technical Education Basic Grant	Section 265.10 of H.B. 166 of the 133rd G.A. (originally established by H.B. 152 of the 120th G.A.)
2020	3M00	200623	ESEA Title 1A	Section 265.10 of H.B. 166 of the 133rd G.A. (originally established by H.B. 152 of the 120th G.A.)
2020	3M20	200680	Individuals with Disabilities Education Act	Section 265.10 of H.B. 166 of the 133rd G.A. (originally established by H.B. 152 of the 120th G.A.)
2020	3T40	200613	Public Charter Schools	Section 265.10 of H.B. 166 of the 133rd G.A. (originally established by Controlling Board on December 7, 1998)
2020	3Y20	200688	21st Century Community Learning Centers	Section 265.10 of H.B. 166 of the 133rd G.A. (originally established by Controlling Board on July 29, 2002)
2020	3Y60	200635	Improving Teacher Quality	Section 265.10 of H.B. 166 of the 133rd G.A. (originally established by Controlling Board on August 12, 2002)
2020	3Y70	200689	English Language Acquisition	Section 265.10 of H.B. 166 of the 133rd G.A. (originally established by Controlling Board on July 29, 2002)
2020	3Y80	200639	Rural and Low Income Technical Assistance	Section 265.10 of H.B. 166 of the 133rd G.A. (originally established by Controlling Board on July 21, 2003)
2020	3Z20	200690	State Assessments	Section 265.10 of H.B. 166 of the 133rd G.A. (originally established by Controlling Board on July 29, 2002)
2020	3Z30	200645	Consolidated Federal Grant Administration	Section 265.10 of H.B. 166 of the 133rd G.A. (originally established by Controlling Board on July 7, 2003)
2021	GRF	200321	Operating Expenses	Sections 265.10 and 265.20 of H.B. 110 of the 134th G.A. (originally established by H.B. 487 of the 129th G.A.)
2021	GRF	200408	Early Childhood Education	Sections 265.10 and 265.20 of H.B. 110 of the 134th G.A. (originally established by H.B. 298 of the 119th G.A.)
2021	GRF	200420	Information Technology Development and Support	Sections 265.10 and 265.30 of H.B. 110 of the 134th G.A. (originally established by H.B. 282 of the 123rd G.A.)
2021	GRF	200421	Alternative Education Programs	Discontinued line item (originally established by H.B. 640 of the 123rd G.A.)
2021	GRF	200422	School Management Assistance	ORC 3316; Sections 265.10 and 265.50 of H.B. 110 of the 134th G.A. (originally established by H.B. 1285 of the 112th G.A.)
2021	GRF	200424	Policy Analysis	Sections 265.10 and 265.60 of H.B. 110 of the 134th G.A. (originally established by H.B. 204 of the 113th G.A.)
2021	GRF	200426	Ohio Educational Computer Network	ORC 3301.075; Sections 265.10 and 265.70 of H.B. 110 of the 134th G.A. (originally established by H.B. 204 of the 113th G.A.)
2021	GRF	200427	Academic Standards	ORC 3301.079; Sections 265.10 and 265.80 of H.B. 110 of the 134th G.A. (originally established by H.B. 94 of the 124th G.A.)
2021	GRF	200437	Student Assessment	ORC 3301.078, 3301.079, 3301.0710, 3301.0711, 3301.0712, 3301.0715 and 3301.27; Sections 265.10 and 265.90 of H.B. 110 of the 134th G.A. (originally established by H.B. 111 of the 118th G.A.)
2021	GRF	200439	Accountability/Report Cards	ORC 3302.03, 3302.031, and 3302.26; Sections 265.10 and 265.100 of H.B. 110 of the 134th G.A. (originally established by H.B. 95 of the 125th G.A.)
2021	GRF	200442	Child Care Licensing	ORC 3301.52 through 3301.59; Sections 265.10 and 265.100 of H.B. 110 of the 134th G.A. (originally established by Controlling Board on October 16, 1995)
2021	GRF	200446	Education Management Information System	ORC 3301.0714 and 3302.03; Sections 265.10 and 265.110 of H.B. 110 of the 134th G.A. (originally established by H.B. 111 of the 118th G.A.)
2021	GRF	200447	High School Equivalency Testing	Discontinued line item (originally established by Controlling Board on January 8, 1990)
2021	GRF	200448	Educator Preparation	ORC 3319.61; Sections 265.10 and 265.120 of H.B. 110 of the 134th G.A. (originally established by H.B. 95 of the 125th G.A.)
2021	GRF	200455	Community Schools and Choice Programs	ORC 3310, 3313.974 to 3313.979, 3314, 3326; Sections 265.10 and 265.130 of H.B. 110 of the 134th G.A. (originally established by H.B. 215 of the 122nd G.A.)
2021	GRF	200457	STEM Initiatives	Sections 265.10 and 265.135 of H.B. 110 of the 134th G.A. (originally established by H.B. 119 of the 127th G.A.)
2021	GRF	200465	Education Technology Resources	ORC 3301.075; Sections 265.10 and 265.140 of H.B. 110 of the 134th G.A. (originally established by H.B. 59 of the 130th G.A.)
2021	GRF	200478	Industry-Recognized Credentials High School Students	Sections 265.10 and 265.145 of H.B. 110 of the 134th G.A. (originally established by H.B. 166 of the 133rd G.A.)
2021	GRF	200502	Pupil Transportation	ORC 3317.019, 3317.024, 3317.0212, and 3317.072; Sections 265.10, 265.150, and 265.210 of H.B. 110 of the 134th G.A. (originally established by H.B. 191 of the 112th G.A.)
2021	GRF	200505	School Lunch Match	ORC 3313.81 and 3317.024; Sections 265.10 and 265.160 of H.B. 110 of the 134th G.A. (originally established by H.B. 191 of the 112th G.A.)
2021	GRF	200511	Auxiliary Services	ORC 3317.024, 3317.06, and 3317.062; Sections 265.10 and 265.170 of H.B. 110 of the 134th G.A. (originally established by H.B. 191 of the 112th G.A.)
2021	GRF	200532	Nonpublic Administrative Cost Reimbursement	ORC 3317.063; Sections 265.10 and 265.180 of H.B. 110 of the 134th G.A. (originally established by H.B. 694 of the 114th G.A.)
2021	GRF	200540	Special Education Enhancements	ORC 3317.0213, 3317.20, and 3317.201; Sections 265.10, 265.190, and 265.440 of H.B. 110 of the 134th G.A. (originally established by H.B. 650 of the 122nd G.A.)
2021	GRF	200545	Career-Technical Education Enhancements	ORC 3317.014; Sections 265.10 and 265.200 of H.B. 110 of the 134th G.A. (originally established by H.B. 650 of the 122nd G.A.)
2021	GRF	200550	Foundation Funding - All Students	ORC 3317; Sections 265.10, 265.210, 265.215, 265.220, 265.225, and 265.237 of H.B. 110 of the 134th G.A. (originally established by H.B. 66 of the 126th G.A.)
2021	GRF	200566	Literacy Improvement	Sections 265.10 and 265.240 of H.B. 110 of the 134th G.A. (originally established by H.B. 1 and modified by H.B. 282 of the 123rd G.A.)
2021	GRF	200572	Adult Education Programs	ORC 3313.902, 3314.38, 3317.23, 3317.24, 3345.86; Sections 265.10 and 265.250 of H.B. 110 of the 134th G.A. (originally established by H.B. 282 of the 123rd G.A.)
2021	GRF	200573	EdChoice Expansion	Discontinued line item (originally established by H.B. 64 of the 131st G.A.)
2021	GRF	200574	Half-Mill Maintenance Equalization	ORC 3318.18; Sections 265.10 and 265.260 of H.B. 110 of the 134th G.A. (originally established by H.B. 64 of the 131st G.A.)
2021	GRF	200576	Adaptive Sports Program	Sections 265.10 and 265.260 of H.B. 110 of the 134th G.A. (originally established by H.B. 64 of the 131st G.A.)
2021	GRF	200578	Violence Prevention and School Safety	Discontinued line item (originally established by H.B. 1 of the 128th G.A.)
2021	GRF	200588	Competency Based Education Pilot	Discontinued line item (originally established by H.B. 64 of the 131st G.A.)
2021	GRF	200597	Program and Project Support	Sections 265.10 and 265.275 of H.B. 110 of the 134th G.A. (originally established by H.B. 64 of the 131st G.A.)
2021	GRF	657401	Medicaid in Schools	Sections 265.10 and 265.280 of H.B. 110 of the 134th G.A. (originally established by H.B. 49 of the 132nd G.A.)
2021	4520	200638	Charges and Reimbursements	ORC 3314.074; Section 265.10 of H.B. 110 of the 134th G.A. (originally established by Controlling Board on April 13, 1972)
2021	4540	200610	High School Equivalency	Discontinued line item (originally established in 1929)
2021	4550	200608	Commodity Foods	Discontinued line item (originally established by Controlling Board in September 1978)
2021	4L20	200681	Teacher Certification and Licensure	ORC 3319.51; Sections 265.10 and 265.300 of H.B. 110 of the 134th G.A. (originally established by H.B. 152 of the 120th G.A.)
2021	5980	200659	Auxiliary Services Reimbursement	ORC 3317.064; Section 265.10 of H.B. 110 of the 134th G.A. (originally established by H.B. 238 of the 116th G.A.)
2021	5CV1	200632	Coronavirus Relief - Rural and Small Town School Districts	Discontinued line item (originally established by the Controlling Board on July 13, 2020)
2021	5CV1	200642	Coronavirus Relief - Suburban School Districts	Discontinued line item (originally established by the Controlling Board on July 13, 2020)
2021	5CV1	200643	Coronavirus Relief - Urban School Districts	Discontinued line item (originally established by the Controlling Board on July 13, 2020)
2021	5CV1	200647	Coronavirus Relief - School Connectivity	Discontinued line item (originally established by the Controlling Board on July 27, 2020)
2021	5CV1	200650	Coronavirus Relief - Other Education Entities	Discontinued line item (originally established by the Controlling Board on July 13, 2020)
2021	5H30	200687	School District Solvency Assistance	ORC 3316.20; Sections 265.10 and 265.320 of H.B. 110 of the 134th G.A. (originally established by H.B. 650 of the 122nd G.A.)
2021	5KX0	200691	Ohio School Sponsorship Program	ORC 3314.029; Section 265.10 of H.B. 110 of the 134th G.A. (originally established by Controlling Board on November 14, 2011)
2021	5MM0	200677	Child Nutrition Refunds	Section 265.10 of H.B. 110 of the 134th G.A. (originally established by the Controlling Board on October 29, 2012)
2021	5RB0	200644	Straight A Fund	Discontinued line item (Originally established by H.B. 64 of the 131st G.A.)
2021	5RE0	200697	School District TPP Supplement	Discontinued line item (originally established by H.B. 64 of the 131st G.A.)
2021	5U20	200685	National Education Statistics	Section 265.10 of H.B. 110 of the 134th G.A. (originally established by Controlling Board on May 6, 2002)
2021	5UC0	200662	Accountability/Report Cards	Discontinued line item (originally established by H.B. 49 of the 132nd G.A.)
2021	5VS0	200604	Foundation Funding - All Students	ORC 3317.022, 3317.16, and 3317.25; Sections 265.10 and 265.323 of H.B. 110 of the 134th G.A. (originally established by H.B. 166 of the 133rd G.A.)
2021	5VU0	200663	School Bus Purchase	ORC 3317.071; Sections 265.10 and 265.325 of H.B. 110 of the 134th G.A (originally established by H.B. 166 of the 133rd G.A.)
2021	6200	200615	Educational Improvement Grants	Sections 265.10 of H.B. 110 of the 134th G.A. (originally established by H.B. 282 of the 123rd G.A.)
2021	1380	200606	Information Technology Development and Support	Section 265.10 of H.B. 110 of the 134th G.A. (originally established by Controlling Board on July 20, 1961)
2021	4R70	200695	Indirect Operational Support	Section 265.10 of H.B. 110 of the 134th G.A. (originally established by Controlling Board in December 1993)
2021	4V70	200633	Interagency Program Support	Section 265.10 of H.B. 110 of the 134th G.A. (originally established by Controlling Board in June 1995)
2021	7017	200602	School Climate Grants	Discontinued line item (originally established by H.B. 318 of the 132nd G.A.)
2021	7017	200612	Foundation Funding - All Students	ORC 3770.06; Sections 265.10 and 265.330 of H.B. 110 of the 134th G.A. (originally established by H.B. 650 of the 122nd G.A.)
2021	7017	200614	Accelerate Great Schools	Sections 265.10 and 265.333 of H.B. 110 of the 134thd G.A. (originally established by H.B. 166 of the 133rd G.A.)
2021	7017	200629	Community Connectors	Discontinued line item (originally established in H.B. 483 of the 130th G.A.)
2021	7017	200631	Quality Community Schools Support	Sections 265.10 and 265.335 of H.B. 110 of the 134th G.A. (originally established by H.B. 166 of the 133rd G.A.)
2021	7017	200636	Enrollment Growth Supplement	Discontinued line item (originally established by H.B. 166 of the 133rd G.A.)
2021	7017	200684	Community School Facilities	ORC 3770.06; Sections 265.10 and 265.340 of H.B. 110 of the 134th G.A. (originally established by H.B. 59 of the 130th G.A.)
2021	3670	200607	School Food Services	Section 265.10 of H.B. 110 of the 134th G.A. (originally established by Controlling Board on October 27, 1967)
2021	3700	200624	Education of Exceptional Children	Section 265.10 of H.B. 110 of the 134th G.A. (originally established by Controlling Board on May 9, 1968)
2021	3AF0	657601	Schools Medicaid Administrative Claims	Section 265.10 of H.B. 110 of the 134th G.A. (originally established by H.B. 49 of the 132nd G.A.)
2021	3AN0	200671	School Improvement Grants	Section 265.10 of H.B. 110 of the 134th G.A. (originally established by Controlling Board on April 7, 2008)
2021	3C50	200661	Early Childhood Education	Section 265.10 of H.B. 110 of the 134th G.A. (originally established by Controlling Board on November 11, 1986)
2021	3D10	200664	Drug Free Schools	Discontinued line item (originally established by Controlling Board on May 4, 1987)
2021	3D20	200667	Math Science Partnerships	Discontinued line item (originally established by Controlling Board on April 20, 1987)
2021	3EH0	200620	Migrant Education	Section 265.10 of H.B. 110 of the 134th G.A. (originally established by Controlling Board on July 19, 2010)
2021	3EJ0	200622	Homeless Children Education	Section 265.10 of H.B. 110 of the 134th G.A. (originally established by the Controlling Board on July 19, 2010)
2021	3FE0	200669	Striving Readers	Section 265.10 of H.B. 110 of the 134th G.A. (originally established by Controlling Board on December 13, 2010)
2021	3GE0	200674	Summer Food Service Program	Section 265.10 of H.B. 110 of the 134th G.A. (originally established by Controlling Board on October 29, 2012)
2021	3GF0	200675	Miscellaneous Nutrition Grants	Discontinued line item (originally established by the Controlling Board on October 29, 2012)
2021	3GG0	200676	Fresh Fruit and Vegetable Program	Section 265.10 of H.B. 110 of the 134th G.A. (originally established by the Controlling Board on October 29, 2012)
2021	3GP0	200600	School Climate Transformation	Discontinued line item (originally established by the Controlling Board on December 15, 2014)
2021	3GZ0	200609	JAVITS	Discontinued line item (originally established by Controlling Board on January 11, 2016)
2021	3H90	200605	Head Start Collaboration Project	Discontinued line item (originally established by the Controlling Board on January 24, 1994)
2021	3HF0	200649	Federal Education Grants	Section 265.10 of H.B. 110 of the 134th G.A. (originally established by H.B. 49 of the 132nd G.A.)
2021	3HI0	200634	Student Support and Academic Enrichment	Section 265.10 of H.B. 110 of the 134th G.A. (originally established by the Controlling Board on August 21, 2017)
2021	3HL0	200678	Comprehensive Literacy State Development Program	Section 265.10 of H.B. 110 of the 134th General Assembly (originally established by the Controlling Board on June 15, 2020)
2021	3HQ0	200627	Governor Emergency Education Relief - EDU	Section 503.10 of H.B. 170 of the 134th G.A. (originally established by the Controlling Board on August 24, 2020)
2021	3HS0	200640	Federal Coronavirus School Relief	Sections 265.10 and 265.355 of H.B. 110 of the 134th G.A.; Section 503.10 of H.B. 170 of the 134th G.A. (originally established by the Controlling Board on June 1, 2020)
2021	3L60	200617	Federal School Lunch	Section 265.10 of H.B. 110 of the 134th G.A. (originally established by H.B. 152 of the 120th G.A.)
2021	3L70	200618	Federal School Breakfast	Section 265.10 of H.B. 110 of the 134th G.A. (originally established by H.B. 152 of the 120th G.A.)
2021	3L80	200619	Child/Adult Food Programs	Section 265.10 of H.B. 110 of the 134th G.A. (originally established by H.B. 152 of the 120th G.A.)
2021	3L90	200621	Career-Technical Education Basic Grant	Section 265.10 of H.B. 110 of the 134th G.A. (originally established by H.B. 152 of the 120th G.A.)
2021	3M00	200623	ESEA Title 1A	Section 265.10 of H.B. 110 of the 134th G.A. (originally established by H.B. 152 of the 120th G.A.)
2021	3M20	200680	Individuals with Disabilities Education Act	Section 265.10 of H.B. 110 of the 134th G.A. (originally established by H.B. 152 of the 120th G.A.)
2021	3T40	200613	Public Charter Schools	Section 265.10 of H.B. 110 of the 134th G.A. (originally established by Controlling Board on December 7, 1998)
2021	3Y20	200688	21st Century Community Learning Centers	Section 265.10 of H.B. 110 of the 134th G.A. (originally established by Controlling Board on July 29, 2002)
2021	3Y60	200635	Improving Teacher Quality	Section 265.10 of H.B. 110 of the 134th G.A. (originally established by Controlling Board on August 12, 2002)
2021	3Y70	200689	English Language Acquisition	Section 265.10 of H.B. 110 of the 134th G.A. (originally established by Controlling Board on July 29, 2002)
2021	3Y80	200639	Rural and Low Income Technical Assistance	Section 265.10 of H.B. 110 of the 134th G.A. (originally established by Controlling Board on July 21, 2003)
2021	3Z20	200690	State Assessments	Section 265.10 of H.B. 110 of the 134th G.A. (originally established by Controlling Board on July 29, 2002)
2021	3Z30	200645	Consolidated Federal Grant Administration	Section 265.10 of H.B. 110 of the 134th G.A. (originally established by Controlling Board on July 7, 2003)
2022	GRF	200321	Operating Expenses	Sections 265.10 and 265.20 of H.B. 110 of the 134th G.A. (originally established by H.B. 487 of the 129th G.A.)
2022	GRF	200408	Early Childhood Education	Sections 265.10 and 265.20 of H.B. 110 of the 134th G.A. (originally established by H.B. 298 of the 119th G.A.)
2022	GRF	200420	Information Technology Development and Support	Sections 265.10 and 265.30 of H.B. 110 of the 134th G.A. (originally established by H.B. 282 of the 123rd G.A.)
2022	GRF	200421	Alternative Education Programs	Discontinued line item (originally established by H.B. 640 of the 123rd G.A.)
2022	GRF	200422	School Management Assistance	R.C. 3316; Sections 265.10 and 265.50 of H.B. 110 of the 134th G.A. (originally established by H.B. 1285 of the 112th G.A.)
2022	GRF	200424	Policy Analysis	Sections 265.10 and 265.60 of H.B. 110 of the 134th G.A. (originally established by H.B. 204 of the 113th G.A.)
2022	GRF	200426	Ohio Educational Computer Network	R.C. 3301.075; Sections 265.10 and 265.70 of H.B. 110 of the 134th G.A. (originally established by H.B. 204 of the 113th G.A.)
2022	GRF	200427	Academic Standards	R.C. 3301.079; Sections 265.10 and 265.80 of H.B. 110 of the 134th G.A. (originally established by H.B. 94 of the 124th G.A.)
2022	GRF	200437	Student Assessment	R.C. 3301.078, 3301.079, 3301.0710, 3301.0711, 3301.0712, 3301.0715 and 3301.27; Sections 265.10 and 265.90 of H.B. 110 of the 134th G.A. (originally established by H.B. 111 of the 118th G.A.)
2022	GRF	200439	Accountability/Report Cards	R.C. 3302.03, 3302.031, and 3302.26; Sections 265.10 and 265.100 of H.B. 110 of the 134th G.A. (originally established by H.B. 95 of the 125th G.A.)
2022	GRF	200442	Child Care Licensing	R.C. 3301.52 through 3301.59; Sections 265.10 and 265.100 of H.B. 110 of the 134th G.A. (originally established by the Controlling Board on October 16, 1995)
2022	GRF	200446	Education Management Information System	R.C. 3301.0714 and 3302.03; Sections 265.10 and 265.110 of H.B. 110 of the 134th G.A. (originally established by H.B. 111 of the 118th G.A.)
2022	GRF	200447	High School Equivalency Testing	Discontinued line item (originally established by Controlling Board on January 8, 1990)
2022	GRF	200448	Educator Preparation	R.C. 3319.61; Sections 265.10 and 265.120 of H.B. 110 of the 134th G.A. (originally established by H.B. 95 of the 125th G.A.)
2022	GRF	200455	Community Schools and Choice Programs	R.C. 3310, 3313.974 to 3313.979, 3314, 3326; Sections 265.10 and 265.130 of H.B. 110 of the 134th G.A. (originally established by H.B. 215 of the 122nd G.A.)
2022	GRF	200457	STEM Initiatives	Sections 265.10 and 265.135 of H.B. 110 of the 134th G.A. (originally established by H.B. 119 of the 127th G.A.)
2022	GRF	200465	Education Technology Resources	R.C. 3301.075; Sections 265.10 and 265.140 of H.B. 110 of the 134th G.A. (originally established by H.B. 59 of the 130th G.A.)
2022	GRF	200478	Industry-Recognized Credentials High School Students	Sections 265.10 and 265.145 of H.B. 110 of the 134th G.A. (originally established by H.B. 166 of the 133rd G.A.)
2022	GRF	200502	Pupil Transportation	R.C. 3317.019, 3317.024, 3317.0212, and 3317.072; Sections 265.10, 265.150, and 265.210 of H.B. 110 of the 134th G.A. (originally established by H.B. 191 of the 112th G.A.)
2022	GRF	200505	School Lunch Match	R.C. 3313.81 and 3317.024; Sections 265.10 and 265.160 of H.B. 110 of the 134th G.A. (originally established by H.B. 191 of the 112th G.A.)
2022	GRF	200511	Auxiliary Services	R.C. 3317.024, 3317.06, and 3317.062; Sections 265.10 and 265.170 of H.B. 110 of the 134th G.A. (originally established by H.B. 191 of the 112th G.A.)
2022	GRF	200532	Nonpublic Administrative Cost Reimbursement	R.C. 3317.063; Sections 265.10 and 265.180 of H.B. 110 of the 134th G.A. (originally established by H.B. 694 of the 114th G.A.)
2022	GRF	200540	Special Education Enhancements	R.C. 3317.0213, 3317.20, and 3317.201; Sections 265.10, 265.190, and 265.440 of H.B. 110 of the 134th G.A. (originally established by H.B. 650 of the 122nd G.A.)
2022	GRF	200545	Career-Technical Education Enhancements	R.C. 3317.014; Sections 265.10 and 265.200 of H.B. 110 of the 134th G.A. (originally established by H.B. 650 of the 122nd G.A.)
2022	GRF	200550	Foundation Funding - All Students	R.C. 3317; Sections 265.10, 265.210, 265.215, 265.220, 265.225, and 265.237 of H.B. 110 of the 134th G.A. (originally established by H.B. 66 of the 126th G.A.)
2022	GRF	200566	Literacy Improvement	Sections 265.10 and 265.240 of H.B. 110 of the 134th G.A. (originally established by H.B. 1 and modified by H.B. 282 of the 123rd G.A.)
2022	GRF	200572	Adult Education Programs	R.C. 3313.902, 3314.38, 3317.23, 3317.24, 3345.86; Sections 265.10 and 265.250 of H.B. 110 of the 134th G.A. (originally established by H.B. 282 of the 123rd G.A.)
2022	GRF	200573	EdChoice Expansion	Discontinued line item (originally established by H.B. 64 of the 131st G.A.)
2022	GRF	200574	Half-Mill Maintenance Equalization	R.C. 3318.18; Sections 265.10 and 265.260 of H.B. 110 of the 134th G.A. (originally established by H.B. 64 of the 131st G.A.)
2022	GRF	200576	Adaptive Sports Program	Sections 265.10 and 265.260 of H.B. 110 of the 134th G.A. (originally established by H.B. 64 of the 131st G.A.)
2022	GRF	200578	Violence Prevention and School Safety	Discontinued line item (originally established by H.B. 1 of the 128th G.A.)
2022	GRF	200588	Competency Based Education Pilot	Discontinued line item (originally established by H.B. 64 of the 131st G.A.)
2022	GRF	200597	Program and Project Support	Sections 265.10 and 265.275 of H.B. 110 of the 134th G.A. (originally established by H.B. 64 of the 131st G.A.)
2022	GRF	657401	Medicaid in Schools	Sections 265.10 and 265.280 of H.B. 110 of the 134th G.A. (originally established by H.B. 49 of the 132nd G.A.)
2022	4520	200638	Charges and Reimbursements	R.C. 3314.074; Section 265.10 of H.B. 110 of the 134th G.A. (originally established by Controlling Board on April 13, 1972)
2022	4540	200610	High School Equivalency	Discontinued line item (originally established in 1929)
2022	4550	200608	Commodity Foods	Discontinued line item (originally established by Controlling Board in September 1978)
2022	4L20	200681	Teacher Certification and Licensure	R.C. 3319.51; Sections 265.10 and 265.300 of H.B. 110 of the 134th G.A. (originally established by H.B. 152 of the 120th G.A.)
2022	5980	200659	Auxiliary Services Reimbursement	R.C. 3317.064; Section 265.10 of H.B. 110 of the 134th G.A. (originally established by H.B. 238 of the 116th G.A.)
2022	5CV1	200632	Coronavirus Relief - Rural and Small Town School Districts	Discontinued line item (originally established by Controlling Board on July 13, 2020)
2022	5CV1	200642	Coronavirus Relief - Suburban School Districts	Discontinued line item (originally established by Controlling Board on July 13, 2020)
2022	5CV1	200643	Coronavirus Relief - Urban School Districts	Discontinued line item (originally established by Controlling Board on July 13, 2020)
2022	5CV1	200647	Coronavirus Relief - School Connectivity	Discontinued line item (originally established by Controlling Board on July 27, 2020)
2022	5CV1	200650	Coronavirus Relief - Other Education Entities	Discontinued line item (originally established by Controlling Board on July 13, 2020)
2022	5H30	200687	School District Solvency Assistance	R.C. 3316.20; Sections 265.10 and 265.320 of H.B. 110 of the 134th G.A. (originally established by H.B. 650 of the 122nd G.A.)
2022	5KX0	200691	Ohio School Sponsorship Program	R.C. 3314.029; Section 265.10 of H.B. 110 of the 134th G.A. (originally established by Controlling Board on November 14, 2011)
2022	5MM0	200677	Child Nutrition Refunds	Section 265.10 of H.B. 110 of the 134th G.A. (originally established by Controlling Board on October 29, 2012)
2022	5RB0	200644	Straight A Fund	Discontinued line item (originally established by H.B. 64 of the 131st G.A.)
2022	5RE0	200697	School District TPP Supplement	Discontinued line item (originally established by H.B. 64 of the 131st G.A.)
2022	5U20	200685	National Education Statistics	Section 265.10 of H.B. 110 of the 134th G.A. (originally established by Controlling Board on May 6, 2002)
2022	5UC0	200662	Accountability/Report Cards	Discontinued line item (originally established by H.B. 49 of the 132nd G.A.)
2022	5VS0	200604	Foundation Funding - All Students	R.C. 3317.022, 3317.16, and 3317.25; Sections 265.10 and 265.323 of H.B. 110 of the 134th G.A. (originally established by H.B. 166 of the 133rd G.A.)
2022	5VU0	200663	School Bus Purchase	R.C. 3317.071; Sections 265.10 and 265.325 of H.B. 110 of the 134th G.A (originally established by H.B. 166 of the 133rd G.A.)
2022	6200	200615	Educational Improvement Grants	Sections 265.10 of H.B. 110 of the 134th G.A. (originally established by H.B. 282 of the 123rd G.A.)
2022	1380	200606	Information Technology Development and Support	Section 265.10 of H.B. 110 of the 134th G.A. (originally established by Controlling Board on July 20, 1961)
2022	4R70	200695	Indirect Operational Support	Section 265.10 of H.B. 110 of the 134th G.A. (originally established by Controlling Board in December 1993)
2022	4V70	200633	Interagency Program Support	Section 265.10 of H.B. 110 of the 134th G.A. (originally established by Controlling Board in June 1995)
2022	7017	200602	School Climate Grants	Discontinued line item (originally established by H.B. 318 of the 132nd G.A.)
2022	7017	200611	Education Studies	Established by Controlling Board on December 13, 2021 (originally established by S.B. 310 of the 133rd G.A.)
2022	7017	200612	Foundation Funding - All Students	R.C. 3770.06; Sections 265.10 and 265.330 of H.B. 110 of the 134th G.A. (originally established by H.B. 650 of the 122nd G.A.)
2022	7017	200614	Accelerate Great Schools	Sections 265.10 and 265.333 of H.B. 110 of the 134thd G.A. (originally established by H.B. 166 of the 133rd G.A.)
2022	7017	200629	Community Connectors	Discontinued line item (originally established in H.B. 483 of the 130th G.A.)
2022	7017	200631	Quality Community Schools Support	Sections 265.10 and 265.335 of H.B. 110 of the 134th G.A. (originally established by H.B. 166 of the 133rd G.A.)
2022	7017	200636	Enrollment Growth Supplement	Discontinued line item (originally established by H.B. 166 of the 133rd G.A.)
2022	7017	200684	Community School Facilities	R.C. 3770.06; Sections 265.10 and 265.340 of H.B. 110 of the 134th G.A. (originally established by H.B. 59 of the 130th G.A.)
2022	3670	200607	School Food Services	Section 265.10 of H.B. 110 of the 134th G.A. (originally established by Controlling Board on October 27, 1967)
2022	3700	200624	Education of Exceptional Children	Section 265.10 of H.B. 110 of the 134th G.A. (originally established by Controlling Board on May 9, 1968)
2022	3AF0	657601	Schools Medicaid Administrative Claims	Section 265.10 of H.B. 110 of the 134th G.A. (originally established by H.B. 49 of the 132nd G.A.)
2022	3AN0	200671	School Improvement Grants	Section 265.10 of H.B. 110 of the 134th G.A. (originally established by Controlling Board on April 7, 2008)
2022	3C50	200661	Early Childhood Education	Section 265.10 of H.B. 110 of the 134th G.A. (originally established by Controlling Board on November 11, 1986)
2022	3D10	200664	Drug Free Schools	Discontinued line item (originally established by Controlling Board on May 4, 1987)
2022	3D20	200667	Math Science Partnerships	Discontinued line item (originally established by Controlling Board on April 20, 1987)
2022	3EH0	200620	Migrant Education	Section 265.10 of H.B. 110 of the 134th G.A. (originally established by Controlling Board on July 19, 2010)
2022	3EJ0	200622	Homeless Children Education	Section 265.10 of H.B. 110 of the 134th G.A. (originally established by Controlling Board on July 19, 2010)
2022	3FE0	200669	Striving Readers	Section 265.10 of H.B. 110 of the 134th G.A. (originally established by Controlling Board on December 13, 2010)
2022	3GE0	200674	Summer Food Service Program	Section 265.10 of H.B. 110 of the 134th G.A. (originally established by Controlling Board on October 29, 2012)
2022	3GF0	200675	Miscellaneous Nutrition Grants	Discontinued line item (originally established by Controlling Board on October 29, 2012)
2022	3GG0	200676	Fresh Fruit and Vegetable Program	Section 265.10 of H.B. 110 of the 134th G.A. (originally established by Controlling Board on October 29, 2012)
2022	3GP0	200600	School Climate Transformation	Discontinued line item (originally established by Controlling Board on December 15, 2014)
2022	3GZ0	200609	JAVITS	Discontinued line item (originally established by Controlling Board on January 11, 2016)
2022	3H90	200605	Head Start Collaboration Project	Discontinued line item (originally established by Controlling Board on January 24, 1994)
2022	3HF0	200649	Federal Education Grants	Section 265.10 of H.B. 110 of the 134th G.A. (originally established by H.B. 49 of the 132nd G.A.)
2022	3HI0	200634	Student Support and Academic Enrichment	Section 265.10 of H.B. 110 of the 134th G.A. (originally established by Controlling Board on August 21, 2017)
2022	3HL0	200678	Comprehensive Literacy State Development Program	Section 265.10 of H.B. 110 of the 134th General Assembly (originally established by Controlling Board on June 15, 2020)
2022	3HQ0	200500	Governor's Emergency Education Relief - K-12 Mental Health	Section 503.10 of H.B. 170 of the 134th G.A. (originally established by Controlling Board on September 28, 2020)
2022	3HQ0	200627	Governor Emergency Education Relief - EDU	Sections 209.10 and 209.20 of H.B. 169 of the 134th G.A. (originally established by Controlling Board on August 24, 2020)
2022	3HQ0	200651	Emergency Assistance to Non-Public Schools	H.B. 169 of the 134th G.A. (originally established by H.B. 170 of the 134th G.A.)
2022	3HS0	200640	Federal Coronavirus School Relief	Sections 265.10 and 265.355 of H.B. 110 and Sections 209.10 and 209.30 of H.B. 169, both of the 134th G.A. (originally established by Controlling Board on June 1, 2020)
2022	3HZ0	200641	ARP - Homeless Children and Youth	Sections 209.10 and 209.40 of H.B. 169 of the 134th G.A. (originally established by Controlling Board on August 30, 2021)
2022	3IA0	200657	ARP - Students with Disabilities	Section 209.50 of H.B. 169 of the 134th G.A. (originally established by Controlling Board on August 30, 2021)
2022	3L60	200617	Federal School Lunch	Section 265.10 of H.B. 110 and Section 4 of H.B. 95, both of the 134th G.A. (originally established by H.B. 152 of the 120th G.A.)
2022	3L70	200618	Federal School Breakfast	Section 265.10 of H.B. 110 of the 134th G.A. (originally established by H.B. 152 of the 120th G.A.)
2022	3L80	200619	Child/Adult Food Programs	Section 265.10 of H.B. 110 of the 134th G.A. (originally established by H.B. 152 of the 120th G.A.)
2022	3L90	200621	Career-Technical Education Basic Grant	Section 265.10 of H.B. 110 of the 134th G.A. (originally established by H.B. 152 of the 120th G.A.)
2022	3M00	200623	ESEA Title 1A	Section 265.10 of H.B. 110 of the 134th G.A. (originally established by H.B. 152 of the 120th G.A.)
2022	3M20	200680	Individuals with Disabilities Education Act	Section 265.10 of H.B. 110 of the 134th G.A. (originally established by H.B. 152 of the 120th G.A.)
2022	3T40	200613	Public Charter Schools	Section 265.10 of H.B. 110 of the 134th G.A. (originally established by Controlling Board on December 7, 1998)
2022	3Y20	200688	21st Century Community Learning Centers	Section 265.10 of H.B. 110 of the 134th G.A. (originally established by Controlling Board on July 29, 2002)
2022	3Y60	200635	Improving Teacher Quality	Section 265.10 of H.B. 110 of the 134th G.A. (originally established by Controlling Board on August 12, 2002)
2022	3Y70	200689	English Language Acquisition	Section 265.10 of H.B. 110 of the 134th G.A. (originally established by Controlling Board on July 29, 2002)
2022	3Y80	200639	Rural and Low Income Technical Assistance	Section 265.10 of H.B. 110 of the 134th G.A. (originally established by Controlling Board on July 21, 2003)
2022	3Z20	200690	State Assessments	Section 265.10 of H.B. 110 of the 134th G.A. (originally established by Controlling Board on July 29, 2002)
2022	3Z30	200645	Consolidated Federal Grant Administration	Section 265.10 of H.B. 110 of the 134th G.A. (originally established by Controlling Board on July 7, 2003)
2023	GRF	200321	Operating Expenses	Sections 265.10 and 265.20 of H.B. 33 of the 135th G.A. (originally established by H.B. 487 of the 129th G.A.)
2023	GRF	200408	Early Childhood Education	Discontinued line item (originally established by H.B. 298 of the 119th G.A.)
2023	GRF	200420	Information Technology Development and Support	Sections 265.10 and 265.40 of H.B. 33 of the 135th G.A. (originally established by H.B. 282 of the 123rd G.A.)
2023	GRF	200422	School Management Assistance	R.C. 3316; Sections 265.10 and 265.50 of H.B. 33 of the 135th G.A. (originally established by H.B. 1285 of the 112th G.A.)
2023	GRF	200424	Policy Analysis	Sections 265.10 and 265.60 of H.B. 33 of the 135th G.A. (originally established by H.B. 204 of the 113th G.A.)
2023	GRF	200426	Ohio Educational Computer Network	R.C. 3301.075; Sections 265.10 and 265.70 of H.B. 33 of the 135th G.A. (originally established by H.B. 204 of the 113th G.A.)
2023	GRF	200427	Academic Standards	R.C. 3301.079; Sections 265.10 and 265.80 of H.B. 33 of the 135th G.A. (originally established by H.B. 94 of the 124th G.A.)
2023	GRF	200437	Student Assessment	R.C. 3301.078, 3301.079, 3301.0710, 3301.0711, 3301.0712, 3301.0715 and 3301.27; Sections 265.10 and 265.90 of H.B. 33 of the 135th G.A. (originally established by H.B. 111 of the 118th G.A.)
2023	GRF	200439	Accountability/Report Cards	R.C. 3302.03, 3302.031, and 3302.26; Sections 265.10 and 265.100 of H.B. 33 of the 135th G.A. (originally established by H.B. 95 of the 125th G.A.)
2023	GRF	200442	Child Care Licensing	Discontinued line item (originally established by the Controlling Board on October 16, 1995)
2023	GRF	200446	Education Management Information System	R.C. 3301.0714 and 3302.03; Sections 265.10 and 265.110 of H.B. 33 of the 135th G.A. (originally established by H.B. 111 of the 118th G.A.)
2023	GRF	200448	Educator Preparation	Sections 265.10 and 265.120 of H.B. 33 of the 135th G.A. (originally established by H.B. 95 of the 125th G.A.)
2023	GRF	200455	Community Schools and Choice Programs	R.C. 3310, 3313.974 to 3313.979, 3314, 3326; Sections 265.10 and 265.130 of H.B. 33 of the 135th G.A. (originally established by H.B. 215 of the 122nd G.A.)
2023	GRF	200457	STEM Initiatives	Sections 265.10 and 265.130 of H.B. 33 of the 135th G.A. (originally established by H.B. 119 of the 127th G.A.)
2023	GRF	200465	Education Technology Resources	R.C. 3301.075; Sections 265.10 and 265.140 of H.B. 33 of the 135th G.A. (originally established by H.B. 59 of the 130th G.A.)
2023	GRF	200478	Industry-Recognized Credentials High School Students	Sections 265.10 and 265.150 of H.B. 33 of the 135th G.A. (originally established by H.B. 166 of the 133rd G.A.)
2023	GRF	200492	College Credit Plus - Auxiliary Funding	Sections 265.10 and 265.170 of H.B. 33 of the 135th G.A.
2023	GRF	200502	Pupil Transportation	R.C. 3317.019, 3317.024, 3317.0212, and 3317.072; Sections 265.10, 265.190, and 265.270 of H.B. 33 of the 135th G.A. (originally established by H.B. 191 of the 112th G.A.)
2023	GRF	200505	School Meal Programs	R.C. 3301.91, 3313.81, and 3317.024; Sections 265.10 and 265.200 of H.B. 33 of the 135th G.A. (originally established by H.B. 191 of the 112th G.A.)
2023	GRF	200511	Auxiliary Services	R.C. 3317.024, 3317.06, and 3317.062; Sections 265.10 and 265.230 of H.B. 33 of the 135th G.A. (originally established by H.B. 191 of the 112th G.A.)
2023	GRF	200532	Nonpublic Administrative Cost Reimbursement	R.C. 3317.063; Sections 265.10 and 265.240 of H.B. 33 of the 135th G.A. (originally established by H.B. 694 of the 114th G.A.)
2023	GRF	200540	Special Education Enhancements	R.C. 3317.0213, 3317.20, and 3317.201; Sections 265.10, 265.250, and 265.520 of H.B. 33 of the 135th G.A. (originally established by H.B. 650 of the 122nd G.A.)
2023	GRF	200545	Career-Technical Education Enhancements	R.C. 3317.014; Sections 265.10 and 265.260 of H.B. 33 of the 135th G.A. (originally established by H.B. 650 of the 122nd G.A.)
2023	GRF	200550	Foundation Funding - All Students	R.C. 3317; Sections 265.10, 265.270, 265.275, 265.277, 265.280, 265.285, 265.290, and 265.310 of H.B. 33 of the 135th G.A. (originally established by H.B. 66 of the 126th G.A.)
2023	GRF	200566	Literacy Improvement	Sections 265.10 and 265.330 of H.B. 33 of the 135th G.A. (originally established by H.B. 1 of the 123rd G.A.)
2023	GRF	200572	Adult Education Programs	R.C. 3313.902, 3314.38, 3317.23, 3317.24, 3345.86; Sections 265.10, 265.340, and 733.50 of H.B. 33 of the 135th G.A. (originally established by H.B. 282 of the 123rd G.A.)
2023	GRF	200573	EdChoice Expansion	Discontinued line item (originally established by H.B. 64 of the 131st G.A.)
2023	GRF	200574	Half-Mill Maintenance Equalization	R.C. 3318.18; Sections 265.10 and 265.350 of H.B. 33 of the 135th G.A. (originally established by H.B. 64 of the 131st G.A.)
2023	GRF	200576	Adaptive Sports Program	Sections 265.10 and 265.350 of H.B. 33 of the 135th G.A. (originally established by H.B. 64 of the 131st G.A.)
2023	GRF	200578	Violence Prevention and School Safety	Discontinued line item (originally established by H.B. 1 of the 128th G.A.)
2023	GRF	200597	Program and Project Support	Sections 265.10 and 265.355 of H.B. 33 of the 135th G.A. (originally established by H.B. 64 of the 131st G.A.)
2023	GRF	657401	Medicaid in Schools	Sections 265.10 and 265.360 of H.B. 33 of the 135th G.A. (originally established by H.B. 49 of the 132nd G.A.)
2023	4520	200638	Charges and Reimbursements	Section 265.10 of H.B. 33 of the 135th G.A. (originally established by Controlling Board on April 13, 1972)
2023	4550	200608	Commodity Foods	Discontinued line item (originally established by Controlling Board in September 1978)
2023	4L20	200681	Teacher Certification and Licensure	Discontinued line item (originally established by H.B. 152 of the 120th G.A.)
2023	5980	200659	Auxiliary Services Reimbursement	R.C. 3317.064; Section 265.10 of H.B. 33 of the 135th G.A. (originally established by H.B. 238 of the 116th G.A.)
2023	5CV1	200632	Coronavirus Relief - Rural and Small Town School Districts	Discontinued line item (originally established by Controlling Board on July 13, 2020)
2023	5CV1	200642	Coronavirus Relief - Suburban School Districts	Discontinued line item (originally established by Controlling Board on July 13, 2020)
2023	5CV1	200643	Coronavirus Relief - Urban School Districts	Discontinued line item (originally established by Controlling Board on July 13, 2020)
2023	5CV1	200647	Coronavirus Relief - School Connectivity	Discontinued line item (originally established by Controlling Board on July 27, 2020)
2023	5CV1	200650	Coronavirus Relief - Other Education Entities	Discontinued line item (originally established by Controlling Board on July 13, 2020)
2023	5H30	200687	School District Solvency Assistance	R.C. 3316.20; Sections 265.10 and 265.380 of H.B. 33 of the 135th G.A. (originally established by H.B. 650 of the 122nd G.A.)
2023	5KX0	200691	Ohio School Sponsorship Program	R.C. 3314.029; Section 265.10 of H.B. 33 of the 135th G.A. (originally established by Controlling Board on November 14, 2011)
2023	5MM0	200677	Child Nutrition Refunds	Section 265.10 of H.B. 33 of the 135th G.A. (originally established by Controlling Board on October 29, 2012)
2023	5U20	200685	National Education Statistics	Section 265.10 of H.B. 33 of the 135th G.A. (originally established by Controlling Board on May 6, 2002)
2023	5UC0	200662	Accountability/Report Cards	Discontinued line item (originally established by H.B. 49 of the 132nd G.A.)
2023	5VS0	200604	Foundation Funding - All Students	R.C. 3317.022, 3317.16, 3317.25, and 3317.26; Sections 265.10 and 265.390 of H.B. 33 of the 135th G.A. (originally established by H.B. 166 of the 133rd G.A.)
2023	5VU0	200663	School Bus Purchase	Discontinued line item (originally established by H.B. 166 of the 133rd G.A.)
2023	5YO0	200491	Public and Nonpublic Education Support	R.C. 3317.022 and 5753.031; Sections 265.10 and 265.407 of H.B. 33 of the 135th G.A.
2023	6200	200615	Educational Improvement Grants	Sections 265.10 of H.B. 33 of the 135th G.A. (originally established by H.B. 282 of the 123rd G.A.)
2023	1380	200606	Information Technology Development and Support	Section 265.10 of H.B. 33 of the 135th G.A. (originally established by Controlling Board on July 20, 1961)
2023	4R70	200695	Indirect Operational Support	Section 265.10 of H.B. 33 of the 135th G.A. (originally established by Controlling Board in December 1993)
2023	4V70	200633	Interagency Program Support	Section 265.10 of H.B. 33 of the 135th G.A. (originally established by Controlling Board in June 1995)
2023	7017	200602	School Climate Grants	Discontinued line item (originally established by H.B. 318 of the 132nd G.A.)
2023	7017	200611	Education Studies	Sections 265.10 and 265.409 of H.B. 33 of the 135th G.A. (originally established by S.B. 310 of the 133rd G.A.)
2023	7017	200612	Foundation Funding - All Students	R.C. 3770.06; Sections 265.10 and 265.410 of H.B. 33 of the 135th G.A. (originally established by H.B. 650 of the 122nd G.A.)
2023	7017	200614	Accelerate Great Schools	Sections 265.10 and 265.420 of H.B. 33 of the 135th G.A. (originally established by H.B. 166 of the 133rd G.A.)
2023	7017	200629	Community Connectors	Discontinued line item (originally established in H.B. 483 of the 130th G.A.)
2023	7017	200631	Quality Community and Independent STEM Schools Support	Sections 265.10, 265.430, 265.431, and 265.432 of H.B. 33 of the 135th G.A. (originally established by H.B. 166 of the 133rd G.A.)
2023	7017	200636	Enrollment Growth Supplement	Discontinued line item (originally established by H.B. 166 of the 133rd G.A.)
2023	7017	200684	Community School Facilities	R.C. 3770.06; Sections 265.10 and 265.440 of H.B. 33 of the 135th G.A. (originally established by H.B. 59 of the 130th G.A.)
2023	3670	200607	School Food Services	Section 265.10 of H.B. 33 of the 135th G.A. (originally established by Controlling Board on October 27, 1967)
2023	3700	200624	Education of Exceptional Children	Section 265.10 of H.B. 33 of the 135th G.A. (originally established by Controlling Board on May 9, 1968)
2023	3AF0	657601	Schools Medicaid Administrative Claims	Section 265.10 of H.B. 33 of the 135th G.A. (originally established by H.B. 49 of the 132nd G.A.)
2023	3AN0	200671	School Improvement Grants	Discontinued line item (originally established by Controlling Board on April 7, 2008)
2023	3C50	200661	Early Childhood Education	Discontinued line item (originally established by Controlling Board on November 11, 1986)
2023	3EH0	200620	Migrant Education	Section 265.10 of H.B. 33 of the 135th G.A. (originally established by Controlling Board on July 19, 2010)
2023	3EJ0	200622	Homeless Children Education	Section 265.10 of H.B. 33 of the 135th G.A. (originally established by Controlling Board on July 19, 2010)
2023	3FE0	200669	Striving Readers	Discontinued line item (originally established by Controlling Board on December 13, 2010)
2023	3GE0	200674	Summer Food Service Program	Section 265.10 of H.B. 33 of the 135th G.A. (originally established by Controlling Board on October 29, 2012)
2023	3GG0	200676	Fresh Fruit and Vegetable Program	Section 265.10 of H.B. 33 of the 135th G.A. (originally established by Controlling Board on October 29, 2012)
2023	3HF0	200649	Federal Education Grants	Section 265.10 of H.B. 33 of the 135th G.A. (originally established by H.B. 49 of the 132nd G.A.)
2023	3HI0	200634	Student Support and Academic Enrichment	Section 265.10 of H.B. 33 of the 135th G.A. (originally established by Controlling Board on August 21, 2017)
2023	3HL0	200678	Comprehensive Literacy State Development Program	Section 265.10 of H.B. 33 of the 135th G.A. (originally established by Controlling Board on June 15, 2020)
2023	3HQ0	200500	Governor's Emergency Education Relief - K-12 Mental Health	Discontinued line item (originally established by Controlling Board on September 28, 2020)
2023	3HQ0	200627	Governor Emergency Education Relief - EDU	Section 287.10 of H.B. 45 of the 134th G.A. and Sections 265.460 and 505.80 of H.B. 33 of the 135th G.A. (originally established by Controlling Board on August 24, 2020)
2023	3HQ0	200651	Emergency Assistance to Non-Public Schools	Section 287.10 of H.B. 45 of the 134th G.A. and Section 265.460, 265.465, and 505.80 of H.B. 33 of the 135th G.A. (originally established by H.B. 170 of the 134th G.A.)
2023	3HS0	200640	Federal Coronavirus School Relief	Section 287.10 of H.B. 45 of the 134th G.A. and Sections 265.10, 265.460, and 505.80 of H.B. 33 of the 135th G.A. (originally established by Controlling Board on June 1, 2020)
2023	3HZ0	200641	ARP - Homeless Children and Youth	Section 265.460 of H.B. 33 of the 135th G.A. (originally established by Controlling Board on August 30, 2021)
2023	3IA0	200657	ARP - Students with Disabilities	Section 265.460 of H.B. 33 of the 135th G.A. (originally established by Controlling Board on August 30, 2021)
2023	3L60	200617	Federal School Lunch	Section 265.10 of H.B. 33 of the 135th G.A. (originally established by H.B. 152 of the 120th G.A.)
2023	3L70	200618	Federal School Breakfast	Section 265.10 of H.B. 33 of the 135th G.A. (originally established by H.B. 152 of the 120th G.A.)
2023	3L80	200619	Child/Adult Food Programs	Section 265.10 of H.B. 33 of the 135th G.A. (originally established by H.B. 152 of the 120th G.A.)
2023	3L90	200621	Career-Technical Education Basic Grant	Section 265.10 of H.B. 33 of the 135th G.A. (originally established by H.B. 152 of the 120th G.A.)
2023	3M00	200623	ESEA Title 1A	Section 265.10 of H.B. 33 of the 135th G.A. (originally established by H.B. 152 of the 120th G.A.)
2023	3M20	200680	Individuals with Disabilities Education Act	Section 265.10 of H.B. 33 of the 135th G.A. (originally established by H.B. 152 of the 120th G.A.)
2023	3T40	200613	Public Charter Schools	Section 265.10 of H.B. 33 of the 135th G.A. (originally established by Controlling Board on December 7, 1998)
2023	3Y20	200688	21st Century Community Learning Centers	Section 265.10 of H.B. 33 of the 135th G.A. (originally established by Controlling Board on July 29, 2002)
2023	3Y60	200635	Improving Teacher Quality	Section 265.10 of H.B. 33 of the 135th G.A. (originally established by Controlling Board on August 12, 2002)
2023	3Y70	200689	English Language Acquisition	Section 265.10 of H.B. 33 of the 135th G.A. (originally established by Controlling Board on July 29, 2002)
2023	3Y80	200639	Rural and Low Income Technical Assistance	Section 265.10 of H.B. 33 of the 135th G.A. (originally established by Controlling Board on July 21, 2003)
2023	3Z20	200690	State Assessments	Section 265.10 of H.B. 33 of the 135th G.A. (originally established by Controlling Board on July 29, 2002)
2023	3Z30	200645	Consolidated Federal Grant Administration	Section 265.10 of H.B. 33 of the 135th G.A. (originally established by Controlling Board on July 7, 2003)
2024	GRF	200321	Operating Expenses	Sections 265.10 and 265.20 of H.B. 33 of the 135th G.A. (originally established by H.B. 487 of the 129th G.A.)
2024	GRF	200408	Early Childhood Education	Discontinued line item (originally established by H.B. 298 of the 119th G.A.)
2024	GRF	200420	Information Technology Development and Support	Sections 265.10 and 265.40 of H.B. 33 of the 135th G.A. (originally established by H.B. 282 of the 123rd G.A.)
2024	GRF	200422	School Management Assistance	R.C. 3316; Sections 265.10 and 265.50 of H.B. 33 of the 135th G.A. (originally established by H.B. 1285 of the 112th G.A.)
2024	GRF	200424	Policy Analysis	Sections 265.10 and 265.60 of H.B. 33 of the 135th G.A. (originally established by H.B. 204 of the 113th G.A.)
2024	GRF	200426	Ohio Educational Computer Network	R.C. 3301.075; Sections 265.10 and 265.70 of H.B. 33 of the 135th G.A. (originally established by H.B. 204 of the 113th G.A.)
2024	GRF	200427	Academic Standards	R.C. 3301.079; Sections 265.10 and 265.80 of H.B. 33 of the 135th G.A. (originally established by H.B. 94 of the 124th G.A.)
2024	GRF	200437	Student Assessment	R.C. 3301.078, 3301.079, 3301.0710, 3301.0711, 3301.0712, 3301.0715 and 3301.27; Sections 265.10 and 265.90 of H.B. 33 of the 135th G.A. (originally established by H.B. 111 of the 118th G.A.)
2024	GRF	200439	Accountability/Report Cards	R.C. 3302.03, 3302.031, and 3302.26; Sections 265.10 and 265.100 of H.B. 33 of the 135th G.A. (originally established by H.B. 95 of the 125th G.A.)
2024	GRF	200442	Child Care Licensing	Discontinued line item (originally established by the Controlling Board on October 16, 1995)
2024	GRF	200446	Education Management Information System	R.C. 3301.0714 and 3302.03; Sections 265.10 and 265.110 of H.B. 33 of the 135th G.A. (originally established by H.B. 111 of the 118th G.A.)
2024	GRF	200448	Educator Preparation	Sections 265.10 and 265.120 of H.B. 33 of the 135th G.A. (originally established by H.B. 95 of the 125th G.A.)
2024	GRF	200455	Community Schools and Choice Programs	R.C. 3310, 3313.974 to 3313.979, 3314, 3326; Sections 265.10 and 265.130 of H.B. 33 of the 135th G.A. (originally established by H.B. 215 of the 122nd G.A.)
2024	GRF	200457	STEM Initiatives	Sections 265.10 and 265.130 of H.B. 33 of the 135th G.A. (originally established by H.B. 119 of the 127th G.A.)
2024	GRF	200465	Education Technology Resources	R.C. 3301.075; Sections 265.10 and 265.140 of H.B. 33 of the 135th G.A. (originally established by H.B. 59 of the 130th G.A.)
2024	GRF	200478	Industry-Recognized Credentials High School Students	Sections 265.10 and 265.150 of H.B. 33 of the 135th G.A. (originally established by H.B. 166 of the 133rd G.A.)
2024	GRF	200492	College Credit Plus - Auxiliary Funding	Sections 265.10 and 265.170 of H.B. 33 of the 135th G.A.
2024	GRF	200502	Pupil Transportation	R.C. 3317.019, 3317.024, 3317.0212, and 3317.072; Sections 265.10, 265.190, and 265.270 of H.B. 33 of the 135th G.A. (originally established by H.B. 191 of the 112th G.A.)
2024	GRF	200505	School Meal Programs	R.C. 3301.91 and 3317.024; Sections 265.10 and 265.200 of H.B. 33 of the 135th G.A. (originally established by H.B. 191 of the 112th G.A.)
2024	GRF	200511	Auxiliary Services	R.C. 3317.024, 3317.06, and 3317.062; Sections 265.10 and 265.230 of H.B. 33 of the 135th G.A. (originally established by H.B. 191 of the 112th G.A.)
2024	GRF	200532	Nonpublic Administrative Cost Reimbursement	R.C. 3317.063; Sections 265.10 and 265.240 of H.B. 33 of the 135th G.A. (originally established by H.B. 694 of the 114th G.A.)
2024	GRF	200540	Special Education Enhancements	R.C. 3317.0213, 3317.20, and 3317.201; Sections 265.10, 265.250, and 265.520 of H.B. 33 of the 135th G.A. (originally established by H.B. 650 of the 122nd G.A.)
2024	GRF	200545	Career-Technical Education Enhancements	R.C. 3317.014; Sections 265.10 and 265.260 of H.B. 33 of the 135th G.A. (originally established by H.B. 650 of the 122nd G.A.)
2024	GRF	200550	Foundation Funding - All Students	R.C. 3317; Sections 265.10, 265.270, 265.275, 265.277, 265.280, 265.285, 265.290, and 265.310 of H.B. 33 of the 135th G.A. (originally established by H.B. 66 of the 126th G.A.)
2024	GRF	200566	Literacy Improvement	Sections 265.10 and 265.330 of H.B. 33 of the 135th G.A. (originally established by H.B. 1 of the 123rd G.A.)
2024	GRF	200572	Adult Education Programs	R.C. 3313.902, 3314.38, 3317.23, 3317.24, 3345.86; Sections 265.10, 265.340, and 733.50 of H.B. 33 of the 135th G.A. (originally established by H.B. 282 of the 123rd G.A.)
2024	GRF	200573	EdChoice Expansion	Discontinued line item (originally established by H.B. 64 of the 131st G.A.)
2024	GRF	200574	Half-Mill Maintenance Equalization	R.C. 3318.18; Sections 265.10 and 265.350 of H.B. 33 of the 135th G.A. (originally established by H.B. 64 of the 131st G.A.)
2024	GRF	200576	Adaptive Sports Program	Sections 265.10 and 265.350 of H.B. 33 of the 135th G.A. (originally established by H.B. 64 of the 131st G.A.)
2024	GRF	200578	Violence Prevention and School Safety	Discontinued line item (originally established by H.B. 1 of the 128th G.A.)
2024	GRF	200597	Program and Project Support	Sections 265.10 and 265.355 of H.B. 33 of the 135th G.A. (originally established by H.B. 64 of the 131st G.A.)
2024	GRF	657401	Medicaid in Schools	Sections 265.10 and 265.360 of H.B. 33 of the 135th G.A. (originally established by H.B. 49 of the 132nd G.A.)
2024	4520	200638	Charges and Reimbursements	Section 265.10 of H.B. 33 of the 135th G.A. (originally established by Controlling Board on April 13, 1972)
2024	4550	200608	Commodity Foods	Discontinued line item (originally established by Controlling Board in September 1978)
2024	4L20	200681	Teacher Certification and Licensure	Discontinued line item (originally established by H.B. 152 of the 120th G.A.)
2024	5980	200659	Auxiliary Services Reimbursement	R.C. 3317.064; Section 265.10 of H.B. 33 of the 135th G.A. (originally established by H.B. 238 of the 116th G.A.)
2024	5CV1	200632	Coronavirus Relief - Rural and Small Town School Districts	Discontinued line item (originally established by Controlling Board on July 13, 2020)
2024	5CV1	200642	Coronavirus Relief - Suburban School Districts	Discontinued line item (originally established by Controlling Board on July 13, 2020)
2024	5CV1	200643	Coronavirus Relief - Urban School Districts	Discontinued line item (originally established by Controlling Board on July 13, 2020)
2024	5CV1	200647	Coronavirus Relief - School Connectivity	Discontinued line item (originally established by Controlling Board on July 27, 2020)
2024	5CV1	200650	Coronavirus Relief - Other Education Entities	Discontinued line item (originally established by Controlling Board on July 13, 2020)
2024	5H30	200687	School District Solvency Assistance	R.C. 3316.20; Sections 265.10 and 265.380 of H.B. 33 of the 135th G.A. (originally established by H.B. 650 of the 122nd G.A.)
2024	5KX0	200691	Ohio School Sponsorship Program	R.C. 3314.029; Section 265.10 of H.B. 33 of the 135th G.A. (originally established by Controlling Board on November 14, 2011)
2024	5MM0	200677	Child Nutrition Refunds	Section 265.10 of H.B. 33 of the 135th G.A. (originally established by Controlling Board on October 29, 2012)
2024	5U20	200685	National Education Statistics	Section 265.10 of H.B. 33 of the 135th G.A. (originally established by Controlling Board on May 6, 2002)
2024	5UC0	200662	Accountability/Report Cards	Discontinued line item (originally established by H.B. 49 of the 132nd G.A.)
2024	5VS0	200604	Foundation Funding - All Students	R.C. 3317.022, 3317.16, 3317.25, and 3317.26; Sections 265.10 and 265.390 of H.B. 33 of the 135th G.A. (originally established by H.B. 166 of the 133rd G.A.)
2024	5VU0	200663	School Bus Purchase	Discontinued line item (originally established by H.B. 166 of the 133rd G.A.)
2024	5YO0	200491	Public and Nonpublic Education Support	R.C. 3317.022 and 5753.031; Sections 265.10 and 265.407 of H.B. 33 of the 135th G.A.
2024	6200	200615	Educational Improvement Grants	Sections 265.10 of H.B. 33 of the 135th G.A. (originally established by H.B. 282 of the 123rd G.A.)
2024	1380	200606	Information Technology Development and Support	Section 265.10 of H.B. 33 of the 135th G.A. (originally established by Controlling Board on July 20, 1961)
2024	4R70	200695	Indirect Operational Support	Section 265.10 of H.B. 33 of the 135th G.A. (originally established by Controlling Board in December 1993)
2024	4V70	200633	Interagency Program Support	Section 265.10 of H.B. 33 of the 135th G.A. (originally established by Controlling Board in June 1995)
2024	7017	200602	School Climate Grants	Discontinued line item (originally established by H.B. 318 of the 132nd G.A.)
2024	7017	200611	Education Studies	Sections 265.10 and 265.409 of H.B. 33 of the 135th G.A. (originally established by S.B. 310 of the 133rd G.A.)
2024	7017	200612	Foundation Funding - All Students	R.C. 3770.06; Sections 265.10 and 265.410 of H.B. 33 of the 135th G.A. (originally established by H.B. 650 of the 122nd G.A.)
2024	7017	200614	Accelerate Great Schools	Sections 265.10 and 265.420 of H.B. 33 of the 135th G.A. (originally established by H.B. 166 of the 133rd G.A.)
2024	7017	200629	Community Connectors	Discontinued line item (originally established in H.B. 483 of the 130th G.A.)
2024	7017	200631	Quality Community and Independent STEM Schools Support	Sections 265.10, 265.430, 265.431, and 265.432 of H.B. 33 of the 135th G.A. (originally established by H.B. 166 of the 133rd G.A.)
2024	7017	200636	Enrollment Growth Supplement	Discontinued line item (originally established by H.B. 166 of the 133rd G.A.)
2024	7017	200684	Community School Facilities	R.C. 3770.06; Sections 265.10 and 265.440 of H.B. 33 of the 135th G.A. (originally established by H.B. 59 of the 130th G.A.)
2024	3670	200607	School Food Services	Section 265.10 of H.B. 33 of the 135th G.A. (originally established by Controlling Board on October 27, 1967)
2024	3700	200624	Education of Exceptional Children	Section 265.10 of H.B. 33 of the 135th G.A. (originally established by Controlling Board on May 9, 1968)
2024	3AF0	657601	Schools Medicaid Administrative Claims	Section 265.10 of H.B. 33 of the 135th G.A. (originally established by H.B. 49 of the 132nd G.A.)
2024	3AN0	200671	School Improvement Grants	Discontinued line item (originally established by Controlling Board on April 7, 2008)
2024	3C50	200661	Early Childhood Education	Section 423.140 of H.B. 33 of the 135th G.A. (originally established by Controlling Board on November 11, 1986)
2024	3EH0	200620	Migrant Education	Section 265.10 of H.B. 33 of the 135th G.A. (originally established by Controlling Board on July 19, 2010)
2024	3EJ0	200622	Homeless Children Education	Section 265.10 of H.B. 33 of the 135th G.A. (originally established by Controlling Board on July 19, 2010)
2024	3FE0	200669	Striving Readers	Discontinued line item (originally established by Controlling Board on December 13, 2010)
2024	3GE0	200674	Summer Food Service Program	Section 265.10 of H.B. 33 of the 135th G.A. (originally established by Controlling Board on October 29, 2012)
2024	3GG0	200676	Fresh Fruit and Vegetable Program	Section 265.10 of H.B. 33 of the 135th G.A. (originally established by Controlling Board on October 29, 2012)
2024	3HF0	200649	Federal Education Grants	Section 265.10 of H.B. 33 of the 135th G.A. (originally established by H.B. 49 of the 132nd G.A.)
2024	3HI0	200634	Student Support and Academic Enrichment	Section 265.10 of H.B. 33 of the 135th G.A. (originally established by Controlling Board on August 21, 2017)
2024	3HL0	200678	Comprehensive Literacy State Development Program	Section 265.10 of H.B. 33 of the 135th G.A. (originally established by Controlling Board on June 15, 2020)
2024	3HQ0	200500	Governor's Emergency Education Relief - K-12 Mental Health	Discontinued line item (originally established by Controlling Board on September 28, 2020)
2024	3HQ0	200627	Governor Emergency Education Relief - EDU	Section 287.10 of H.B. 45 of the 134th G.A. and Sections 265.460 and 505.80 of H.B. 33 of the 135th G.A. (originally established by Controlling Board on August 24, 2020)
2024	3HQ0	200651	Emergency Assistance to Non-Public Schools	Section 287.10 of H.B. 45 of the 134th G.A. and Sections 265.460, 265.465, 265.550, and 505.80 of H.B. 33 of the 135th G.A. (originally established by H.B. 170 of the 134th G.A.)
2024	3HS0	200640	Federal Coronavirus School Relief	Section 287.10 of H.B. 45 of the 134th G.A. and Sections 265.10, 265.460, and 505.80 of H.B. 33 of the 135th G.A. (originally established by Controlling Board on June 1, 2020)
2024	3HZ0	200641	ARP - Homeless Children and Youth	Section 265.460 of H.B. 33 of the 135th G.A. (originally established by Controlling Board on August 30, 2021)
2024	3IA0	200657	ARP - Students with Disabilities	Section 265.460 of H.B. 33 of the 135th G.A. (originally established by Controlling Board on August 30, 2021)
2024	3L60	200617	Federal School Lunch	Section 265.10 of H.B. 33 of the 135th G.A. (originally established by H.B. 152 of the 120th G.A.)
2024	3L70	200618	Federal School Breakfast	Section 265.10 of H.B. 33 of the 135th G.A. (originally established by H.B. 152 of the 120th G.A.)
2024	3L80	200619	Child/Adult Food Programs	Section 265.10 of H.B. 33 of the 135th G.A. (originally established by H.B. 152 of the 120th G.A.)
2024	3L90	200621	Career-Technical Education Basic Grant	Section 265.10 of H.B. 33 of the 135th G.A. (originally established by H.B. 152 of the 120th G.A.)
2024	3M00	200623	ESEA Title 1A	Section 265.10 of H.B. 33 of the 135th G.A. (originally established by H.B. 152 of the 120th G.A.)
2024	3M20	200680	Individuals with Disabilities Education Act	Section 265.10 of H.B. 33 of the 135th G.A. (originally established by H.B. 152 of the 120th G.A.)
2024	3T40	200613	Public Charter Schools	Section 265.10 of H.B. 33 of the 135th G.A. (originally established by Controlling Board on December 7, 1998)
2024	3Y20	200688	21st Century Community Learning Centers	Section 265.10 of H.B. 33 of the 135th G.A. (originally established by Controlling Board on July 29, 2002)
2024	3Y60	200635	Improving Teacher Quality	Section 265.10 of H.B. 33 of the 135th G.A. (originally established by Controlling Board on August 12, 2002)
2024	3Y70	200689	English Language Acquisition	Section 265.10 of H.B. 33 of the 135th G.A. (originally established by Controlling Board on July 29, 2002)
2024	3Y80	200639	Rural and Low Income Technical Assistance	Section 265.10 of H.B. 33 of the 135th G.A. (originally established by Controlling Board on July 21, 2003)
2024	3Z20	200690	State Assessments	Section 265.10 of H.B. 33 of the 135th G.A. (originally established by Controlling Board on July 29, 2002)
2024	3Z30	200645	Consolidated Federal Grant Administration	Section 265.10 of H.B. 33 of the 135th G.A. (originally established by Controlling Board on July 7, 2003)
2025	GRF	200321	Operating Expenses	Section 265.10 of H.B. 96 of the 136th G.A. (originally established by H.B. 487 of the 129th G.A.)
2025	GRF	200408	Early Childhood Education	Discontinued line item (originally established by H.B. 298 of the 119th G.A.)
2025	GRF	200416	Career Technical Education	Sections 265.10 and 265.20 of H.B. 96 of the 136th G.A. (originally established by Am. Sub. H.B. 191 of the 112th G.A.)
2025	GRF	200420	Information Technology Development and Support	Sections 265.10 and 265.30 of H.B. 96 of the 136th G.A. (originally established by H.B. 282 of the 123rd G.A.)
2025	GRF	200422	School Management Assistance	R.C. 3316; Sections 265.10 and 265.40 of H.B. 96 of the 136th G.A. (originally established by H.B. 1285 of the 112th G.A.)
2025	GRF	200424	Policy Analysis	Sections 265.10 and 265.50 of H.B. 96 of the 136th G.A. (originally established by H.B. 204 of the 113th G.A.)
2025	GRF	200426	Ohio Educational Computer Network	R.C. 3301.075; Sections 265.10 and 265.60 of H.B. 96 of the 136th G.A. (originally established by H.B. 204 of the 113th G.A.)
2025	GRF	200427	Academic Standards	R.C. 3301.079; Sections 265.10 and 265.70 of H.B. 96 of the 136th G.A. (originally established by H.B. 94 of the 124th G.A.)
2025	GRF	200437	Student Assessment	R.C. 3301.078, 3301.079, 3301.0710, 3301.0711, 3301.0712, 3301.0715 and 3301.27; Sections 265.10 and 265.80 of H.B. 96 of the 136th G.A. (originally established by H.B. 111 of the 118th G.A.)
2025	GRF	200439	Accountability/Report Cards	R.C. 3302.03, 3302.031, and 3302.26; Sections 265.10 and 265.90 of H.B. 96 of the 136th G.A. (originally established by H.B. 95 of the 125th G.A.)
2025	GRF	200442	Child Care Licensing	Discontinued line item (originally established by the Controlling Board on October 16, 1995)
2025	GRF	200446	Education Management Information System	R.C. 3301.0714 and 3302.03; Sections 265.10 and 265.100 of H.B. 96 of the 136th G.A. (originally established by H.B. 111 of the 118th G.A.)
2025	GRF	200448	Educator and Principal Preparation	Sections 265.10 and 265.110 of H.B. 96 of the 136th G.A. (originally established by H.B. 95 of the 125th G.A.)
2025	GRF	200455	Community Schools and Choice Programs	R.C. 3310, 3313.974 to 3313.979, 3314, 3326; Sections 265.10 and 265.120 of H.B. 96 of the 136th G.A. (originally established by H.B. 215 of the 122nd G.A.)
2025	GRF	200457	STEM Initiatives	Sections 265.10 and 265.125 of H.B. 96 of the 136th G.A. (originally established by H.B. 119 of the 127th G.A.)
2025	GRF	200465	Education Technology Resources	R.C. 3301.075; Sections 265.10 and 265.130 of H.B. 96 of the 136th G.A. (originally established by H.B. 59 of the 130th G.A.)
2025	GRF	200478	Industry-Recognized Credentials High School Students	Sections 265.10 and 265.140 of H.B. 96 of the 136th G.A. (originally established by H.B. 166 of the 133rd G.A.)
2025	GRF	200492	College Credit Plus - Auxiliary Funding	Discontinued line item (originally established by H.B. 33 of the 135th G.A.)
2025	GRF	200502	Pupil Transportation	R.C. 3317.019, 3317.024, and 3317.0212; Sections 265.10, 265.150, 265.600, and 620.10 of H.B. 96 of the 136th G.A. (originally established by H.B. 191 of the 112th G.A.)
2025	GRF	200505	School Meal Programs	R.C. 3301.91 and 3317.024; Sections 265.10 and 265.160 of H.B. 96 of the 136th G.A. (originally established by H.B. 191 of the 112th G.A.)
2025	GRF	200511	Auxiliary Services	R.C. 3317.024, 3317.06, and 3317.062; Sections 265.10 and 265.170 of H.B. 96 of the 136th G.A. (originally established by H.B. 191 of the 112th G.A.)
2025	GRF	200532	Nonpublic Administrative Cost Reimbursement	R.C. 3317.063; Sections 265.10 and 265.180 of H.B. 96 of the 136th G.A. (originally established by H.B. 694 of the 114th G.A.)
2025	GRF	200540	Special Education Enhancements	R.C. 3317.0213, 3317.20, and 3317.201; Sections 265.10 and 265.190 of H.B. 96 of the 136th G.A. (originally established by H.B. 650 of the 122nd G.A.)
2025	GRF	200545	Career-Technical Education Enhancements	R.C. 3317.014; Sections 265.10 and 265.200 of H.B. 96 of the 136th G.A. (originally established by H.B. 650 of the 122nd G.A.)
2025	GRF	200550	Foundation Funding - All Students	R.C. 3317; Sections 265.10, 265.210, 265.211, 265.215, 265.220, 265.230, 265.237, 265.239 and 265.240 of H.B. 96 of the 136th G.A. (originally established by H.B. 66 of the 126th G.A.)
2025	GRF	200566	Literacy Improvement	Sections 265.10 and 265.250 of H.B. 96 of the 136th G.A. (originally established by H.B. 1 of the 123rd G.A.)
2025	GRF	200572	Adult Education Programs	R.C. 3313.902, 3314.38, 3317.23, 3317.24, 3345.86; Sections 265.10 and 265.260 of H.B. 96 of the 136th G.A. (originally established by H.B. 282 of the 123rd G.A.)
2025	GRF	200574	Half-Mill Maintenance Equalization	R.C. 3318.18; Sections 265.10 and 265.270 of H.B. 96 of the 136th G.A. (originally established by H.B. 64 of the 131st G.A.)
2025	GRF	200576	Adaptive Sports Program	Sections 265.10 and 265.270 of H.B. 96 of the 136th G.A. (originally established by H.B. 64 of the 131st G.A.)
2025	GRF	200597	Program and Project Support	Sections 265.10 and 265.275 of H.B. 96 of the 136th G.A. (originally established by H.B. 64 of the 131st G.A.)
2025	GRF	657401	Medicaid in Schools	Discontinued line item (originally established by H.B. 49 of the 132nd G.A.)
2025	4520	200638	Charges and Reimbursements	Section 265.10 of H.B. 96 of the 136th G.A. (originally established by Controlling Board on April 13, 1972)
2025	4L20	200681	Teacher Certification and Licensure	Discontinued line item (originally established by H.B. 152 of the 120th G.A.)
2025	5980	200659	Auxiliary Services Reimbursement	R.C. 3317.064; Section 265.10 of H.B. 96 of the 136th G.A. (originally established by H.B. 238 of the 116th G.A.)
2025	5BX1	200415	High School Financial Literacy	As needed line item; R.C. 121.086 and 3319.239 (originally established by Controlling Board on February 24, 2025)
2025	5CV1	200632	Coronavirus Relief - Rural and Small Town School Districts	Discontinued line item (originally established by Controlling Board on July 13, 2020)
2025	5CV1	200642	Coronavirus Relief - Suburban School Districts	Discontinued line item (originally established by Controlling Board on July 13, 2020)
2025	5CV1	200643	Coronavirus Relief - Urban School Districts	Discontinued line item (originally established by Controlling Board on July 13, 2020)
2025	5CV1	200647	Coronavirus Relief - School Connectivity	Discontinued line item (originally established by Controlling Board on July 27, 2020)
2025	5CV1	200650	Coronavirus Relief - Other Education Entities	Discontinued line item (originally established by Controlling Board on July 13, 2020)
2025	5H30	200687	School District Solvency Assistance	R.C. 3316.20; Sections 265.10 and 265.290 of H.B. 96 of the 136th G.A. (originally established by H.B. 650 of the 122nd G.A.)
2025	5KX0	200691	Ohio School Sponsorship Program	R.C. 3314.029; Section 265.10 of H.B. 96 of the 136th G.A. (originally established by Controlling Board on November 14, 2011)
2025	5MM0	200677	Child Nutrition Refunds	Section 265.10 of H.B. 96 of the 136th G.A. (originally established by Controlling Board on October 29, 2012)
2025	5U20	200685	National Education Statistics	Section 265.10 of H.B. 96 of the 136th G.A. (originally established by Controlling Board on May 6, 2002)
2025	5VS0	200604	Foundation Funding - All Students	R.C. 3317.022, 3317.16, 3317.25, and 3317.26; Sections 265.10 and 265.300 of H.B. 96 of the 136th G.A. (originally established by H.B. 166 of the 133rd G.A.)
2025	5VU0	200663	School Bus Purchase	Discontinued line item (originally established by H.B. 166 of the 133rd G.A.)
2025	5YO0	200491	Public and Nonpublic Education Support	R.C. 3317.022 and 5753.031; Sections 265.10 and 265.310 of H.B. 96 of the 136th G.A.
2025	6200	200615	Educational Improvement Grants	Sections 265.10 of H.B. 96 of the 136th G.A. (originally established by H.B. 282 of the 123rd G.A.)
2025	1380	200606	Information Technology Development and Support	Section 265.10 of H.B. 96 of the 136th G.A. (originally established by Controlling Board on July 20, 1961)
2025	4R70	200695	Indirect Operational Support	Section 265.10 of H.B. 96 of the 136th G.A. (originally established by Controlling Board in December 1993)
2025	4V70	200633	Interagency Program Support	Section 265.10 of H.B. 96 of the 136th G.A. (originally established by Controlling Board in June 1995)
2025	7017	200413	School Bus Safety	Sections 265.10 and 265.320 of H.B. 96 of the 136th G.A.
2025	7017	200602	School Climate Grants	Discontinued line item (originally established by H.B. 318 of the 132nd G.A.)
2025	7017	200611	Education Studies	Discontinued line item (originally established by S.B. 310 of the 133rd G.A.)
2025	7017	200612	Foundation Funding - All Students	R.C. 3770.06; Sections 265.10 and 265.330 of H.B. 96 of the 136th G.A. (originally established by H.B. 650 of the 122nd G.A.)
2025	7017	200614	Accelerate Great Schools	Sections 265.10 and 265.340 of H.B. 96 of the 136th G.A. (originally established by H.B. 166 of the 133rd G.A.)
2025	7017	200631	Quality Community and Independent STEM Schools Support	R.C. 3317.27, 3317.28, and 3317.29; Sections 265.10 and 265.350 of H.B. 96 of the 136th G.A. (originally established by H.B. 166 of the 133rd G.A.)
2025	7017	200684	Community School Facilities	R.C. 3317.31; Sections 265.10 and 265.360 of H.B. 96 of the 136th G.A. (originally established by H.B. 59 of the 130th G.A.)
2025	3670	200607	School Food Services	Section 265.10 of H.B. 96 of the 136th G.A. (originally established by Controlling Board on October 27, 1967)
2025	3700	200624	Education of Exceptional Children	Section 265.10 of H.B. 96 of the 136th G.A. (originally established by Controlling Board on May 9, 1968)
2025	3AF0	657601	Schools Medicaid Administrative Claims	Section 265.10 of H.B. 96 of the 136th G.A. (originally established by H.B. 49 of the 132nd G.A.)
2025	3AN0	200671	School Improvement Grants	Discontinued line item (originally established by Controlling Board on April 7, 2008)
2025	3C50	200661	Early Childhood Education	Discontinued line item (originally established by Controlling Board on November 11, 1986)
2025	3EH0	200620	Migrant Education	Section 265.10 of H.B. 96 of the 136th G.A. (originally established by Controlling Board on July 19, 2010)
2025	3EJ0	200622	Homeless Children Education	Section 265.10 of H.B. 96 of the 136th G.A. (originally established by Controlling Board on July 19, 2010)
2025	3FE0	200669	Striving Readers	Discontinued line item (originally established by Controlling Board on December 13, 2010)
2025	3GE0	200674	Summer Food Service Program	Section 265.10 of H.B. 96 of the 136th G.A. (originally established by Controlling Board on October 29, 2012)
2025	3GG0	200676	Fresh Fruit and Vegetable Program	Section 265.10 of H.B. 96 of the 136th G.A. (originally established by Controlling Board on October 29, 2012)
2025	3HF0	200649	Federal Education Grants	Section 265.10 of H.B. 96 of the 136th G.A. (originally established by H.B. 49 of the 132nd G.A.)
2025	3HI0	200634	Student Support and Academic Enrichment	Sections 265.10 and 265.375 of H.B. 96 of the 136th G.A. (originally established by Controlling Board on August 21, 2017)
2025	3HL0	200678	Comprehensive Literacy State Development Program	Section 265.10 of H.B. 96 of the 136th G.A. (originally established by Controlling Board on June 15, 2020)
2025	3HQ0	200500	Governor's Emergency Education Relief - K-12 Mental Health	Discontinued line item (originally established by Controlling Board on September 28, 2020)
2025	3HQ0	200627	Governor Emergency Education Relief - EDU	Discontinued line item (originally established by Controlling Board on August 24, 2020)
2025	3HQ0	200651	Emergency Assistance to Non-Public Schools	Section 505.80 of H.B. 96 of the 136th G.A. (originally established by H.B. 170 of the 134th G.A.)
2025	3HS0	200640	Federal Coronavirus School Relief	Section 505.80 of H.B. 96 of the 136th G.A. (originally established by Controlling Board on June 1, 2020)
2025	3HZ0	200641	ARP - Homeless Children and Youth	Discontinued line item (originally established by Controlling Board on August 30, 2021)
2025	3IA0	200657	ARP - Students with Disabilities	Discontinued line item (originally established by Controlling Board on August 30, 2021)
2025	3L60	200617	Federal School Lunch	Section 265.10 of H.B. 96 of the 136th G.A. (originally established by H.B. 152 of the 120th G.A.)
2025	3L70	200618	Federal School Breakfast	Section 265.10 of H.B. 96 of the 136th G.A. (originally established by H.B. 152 of the 120th G.A.)
2025	3L80	200619	Child/Adult Food Programs	Section 265.10 of H.B. 96 of the 136th G.A. (originally established by H.B. 152 of the 120th G.A.)
2025	3L90	200621	Career-Technical Education Basic Grant	Section 265.10 of H.B. 96 of the 136th G.A. (originally established by H.B. 152 of the 120th G.A.)
2025	3M00	200623	ESEA Title 1A	Section 265.10 of H.B. 96 of the 136th G.A. (originally established by H.B. 152 of the 120th G.A.)
2025	3M20	200680	Individuals with Disabilities Education Act	Section 265.10 of H.B. 96 of the 136th G.A. (originally established by H.B. 152 of the 120th G.A.)
2025	3T40	200613	Public Charter Schools	Discontinued line item (originally established by Controlling Board on December 7, 1998)
2025	3Y20	200688	21st Century Community Learning Centers	Section 265.10 of H.B. 96 of the 136th G.A. (originally established by Controlling Board on July 29, 2002)
2025	3Y60	200635	Improving Teacher Quality	Section 265.10 of H.B. 96 of the 136th G.A. (originally established by Controlling Board on August 12, 2002)
2025	3Y70	200689	English Language Acquisition	Section 265.10 of H.B. 96 of the 136th G.A. (originally established by Controlling Board on July 29, 2002)
2025	3Y80	200639	Rural and Low Income Technical Assistance	Section 265.10 of H.B. 96 of the 136th G.A. (originally established by Controlling Board on July 21, 2003)
2025	3Z20	200690	State Assessments	Section 265.10 of H.B.96 of the 136th G.A. (originally established by Controlling Board on July 29, 2002)
2025	3Z30	200645	Consolidated Federal Grant Administration	Section 265.10 of H.B. 96 of the 136th G.A. (originally established by Controlling Board on July 7, 2003)