irn,name,county,fiscal_year,unrestricted_aid,restricted_aid,property_tax,income_tax,property_tax_allocation,total_revenue,total_revenue_and_sources,total_expenditure,beginning_cash,ending_cash
000442,Manchester Local,Adams,2020,2758930,882635,2560695,0,1621613,9552360,9676086,10098802,6753196,6330480
000442,Manchester Local,Adams,2021,6616724,893703,1007393,0,1437006,11202681,11221102,10677371,6330480,6874211
000442,Manchester Local,Adams,2022,6492756,1105632,1159800,0,1251567,10829160,10854509,8883362,6874211,8845358
000442,Manchester Local,Adams,2023,6669803,1150952,1240582,0,1079705,11280441,11286818,9783668,8845358,10348508
000442,Manchester Local,Adams,2024,8230295,1349002,1295978,0,909281,13439160,13486750,10691094,10348508,13144164
000442,Manchester Local,Adams,2025,8208251,1329190,1349044,0,725810,13371432,13376732,12088475,13144164,14432421
043489,Akron City,Summit,2020,175445304,26506681,105646024,0,14079172,348410113,348462165,345231735,62100659,65331089
043489,Akron City,Summit,2021,177261112,26942244,105192445,0,13765272,348996926,349084135,311800406,65331089,102614818
043489,Akron City,Summit,2022,134994080,30672713,110659196,0,13435598,317395324,319277606,317593844,102614818,104298580
043489,Akron City,Summit,2023,141242855,35565374,114203270,0,13318175,331974513,342362493,351165814,104298592,95495272
043489,Akron City,Summit,2024,153766423,36572453,113430933,0,13002739,348665498,383507864,372418522,95495272,106584614
043489,Akron City,Summit,2025,158822219,34267532,127950351,0,13155184,365603595,365675612,383073891,106584614,89186335
043497,Alliance City,Stark,2020,23105255,3080002,7788259,0,960915,37163493,37460044,37405394,10018514,10073164
043497,Alliance City,Stark,2021,22999523,3424026,7783625,0,933598,37439879,37943669,35000404,10073164,13016429
043497,Alliance City,Stark,2022,21711059,4134695,8190749,0,943367,36027827,36027827,33031057,13016429,16013199
043497,Alliance City,Stark,2023,21726658,4971302,8684474,0,988617,37948089,37948089,40545784,16013197,13415502
043497,Alliance City,Stark,2024,23142366,5310232,8626395,0,967657,39936730,39936730,38880694,13415502,14471538
043497,Alliance City,Stark,2025,24320894,4778433,9648165,0,1055351,42327111,42327111,43394246,14471538,13404403
043505,Ashland City,Ashland,2020,12704274,243885,14377714,0,2061466,35283129,36023598,43593473,10992295,3422420
043505,Ashland City,Ashland,2021,12897697,253380,14545271,0,1790272,35965677,36178767,33531798,3422420,6069389
043505,Ashland City,Ashland,2022,12164702,942459,14792699,0,1771767,34639060,34679549,30369289,6069389,10379650
043505,Ashland City,Ashland,2023,12399013,835578,14692085,0,1761621,35280020,36081696,33747136,10379649,12714209
043505,Ashland City,Ashland,2024,13501409,1053643,15453345,0,1754642,38166356,39169093,36299409,12714209,15583893
043505,Ashland City,Ashland,2025,12879217,951496,15905283,0,1757445,38182862,38183157,40918197,15583893,12848853
043513,Ashtabula Area City,Ashtabula,2020,23579802,3693621,8058477,0,1201037,40228104,40846064,43347233,11828025,9326856
043513,Ashtabula Area City,Ashtabula,2021,23920212,3735133,8497934,0,1158798,40379319,42887469,46474599,9326856,5739726
043513,Ashtabula Area City,Ashtabula,2022,20408554,4866953,8636882,0,1123801,38351080,41365985,41289199,5739726,5816512
043513,Ashtabula Area City,Ashtabula,2023,20809258,5290629,8743333,0,1111115,39122096,42837060,44499829,5816514,4153745
043513,Ashtabula Area City,Ashtabula,2024,21702158,5292113,9589100,0,1208028,41740010,44244568,42975873,4153745,5422440
043513,Ashtabula Area City,Ashtabula,2025,21407669,4583422,10173053,0,1353248,41178184,43593217,43483860,5422440,5531797
043521,Athens City,Athens,2020,7208498,204809,13200110,4214616,1407928,31869303,32105904,31580471,10676272,11201705
043521,Athens City,Athens,2021,7448364,206602,14289991,4314401,1423467,33166814,34344895,32368039,11201705,13178561
043521,Athens City,Athens,2022,8195762,702316,14239838,4743964,1440415,33620074,33657373,30868087,13178561,15967847
043521,Athens City School District,Athens,2023,8296480,730571,14719511,5132788,1433862,35551193,35649271,34041438,15967836,17575670
043521,Athens City School District,Athens,2024,9605102,943217,15098955,5047131,1532082,37679154,37679154,35672800,17575670,19582024
043521,Athens City School District,Athens,2025,9524088,2183307,15746224,5377920,1637877,40110016,40110016,46308002,19582024,13384038
043539,Barberton City,Summit,2020,27685193,1886425,12635520,0,2101497,49057563,49057813,50613285,25138987,23583515
043539,Barberton City,Summit,2021,28027560,1894418,12924325,0,2004908,48928152,48928152,51585891,23583515,20925776
043539,Barberton City,Summit,2022,27161193,1937091,13225280,0,1919840,47455786,48033150,47107167,20925776,21851759
043539,Barberton City,Summit,2023,26229546,3119467,13332126,0,1894493,47862419,47912108,48997989,21851755,20765875
043539,Barberton City,Summit,2024,27638051,2995361,14358462,0,2014450,50911182,51085624,53080749,20765875,18770750
043539,Barberton City,Summit,2025,27607946,3199687,15580096,0,2142580,51987680,52001555,57494107,18770750,13278197
043547,Bay Village City,Cuyahoga,2020,4369476,225707,25638788,0,3476507,35824321,36099642,36871388,16878517,16106771
043547,Bay Village City,Cuyahoga,2021,4558640,219649,25386147,0,3470746,35444745,35790952,35968354,16106771,15929369
043547,Bay Village City,Cuyahoga,2022,4232136,631664,26323705,0,3491758,36489922,36509078,38015714,15929369,14422733
043547,Bay Village City,Cuyahoga,2023,4360653,546358,29437939,0,3521403,39904568,39905846,39009557,14422811,15319100
043547,Bay Village City,Cuyahoga,2024,4477132,694318,31791636,0,3566677,43343959,43378391,40807038,15319100,17890453
043547,Bay Village City,Cuyahoga,2025,4634944,650631,32183839,0,3631679,44581634,44605153,51022218,17890453,11473388
043554,Beachwood City,Cuyahoga,2020,944638,492888,30857963,0,1747108,37648886,37668697,35545747,20898907,23021857
043554,Beachwood City,Cuyahoga,2021,1039896,444961,30123645,0,1738425,35741777,35745826,34582549,23021857,24185134
043554,Beachwood City,Cuyahoga,2022,1035803,870264,30918715,0,1752152,35362944,35403594,34876657,24185134,24712071
043554,Beachwood City,Cuyahoga,2023,999037,826008,31827167,0,1762037,38541908,38673749,38346115,24712071,25039705
043554,Beachwood City,Cuyahoga,2024,1470317,745910,31470811,0,1767918,38163052,38277335,41165303,25039705,22151737
043554,Beachwood City,Cuyahoga,2025,2134030,932221,34270342,0,1815149,53367489,53367535,53827212,22151737,21692060
043562,Bedford City,Cuyahoga,2020,7630933,934821,27048210,0,5800932,50994001,54419793,54217043,18305920,18508670
043562,Bedford City,Cuyahoga,2021,8183731,707740,27057310,0,5355840,50632886,55504382,51797009,18508670,22216043
043562,Bedford City,Cuyahoga,2022,7307595,943709,27654940,0,4909169,50637495,54964863,55325876,22216043,21855030
043562,Bedford City,Cuyahoga,2023,7209332,1307958,28026983,0,4428693,52198329,59981536,61704325,21855038,20132249
043562,Bedford City,Cuyahoga,2024,8629444,1966148,28418157,0,4028298,54622703,58624828,62797985,20132249,15959092
043562,Bedford City,Cuyahoga,2025,9610777,3262251,28151578,0,3638113,56586890,57692514,59999368,15959092,13652238
043570,Bellaire Local,Belmont,2020,9115366,242183,2720896,0,411573,17192718,17224706,14922520,13029863,15332049
043570,Bellaire Local,Belmont,2021,9219501,242182,3060376,0,399230,18173174,18453795,16267039,15332049,17518805
043570,Bellaire Local,Belmont,2022,8408097,590955,3321421,0,410050,17175785,17175785,14701459,17518805,19993131
043570,Bellaire Local,Belmont,2023,8425990,592044,3242682,0,422464,17637368,17648181,15514397,19993150,22126934
043570,Bellaire Local,Belmont,2024,8350580,757265,4001553,0,420252,18672587,18674092,17643996,22126934,23157031
043570,Bellaire Local,Belmont,2025,8328874,764495,3921616,0,454317,19165934,19165934,35372610,23157031,6950355
043588,Bellefontaine City,Logan,2020,13865498,375162,7698435,0,784196,25300431,25300431,24726088,6320315,6894658
043588,Bellefontaine City,Logan,2021,14027365,375138,9271734,0,849458,27464686,27465351,25357233,6894658,9002776
043588,Bellefontaine City,Logan,2022,13637858,561719,8582649,0,821710,25301769,25302307,26239534,9002776,8065549
043588,Bellefontaine City,Logan,2023,13025292,980996,9562116,0,904198,26384089,29257681,30144276,8065542,7178947
043588,Bellefontaine City,Logan,2024,14103871,1221946,9439358,0,983893,27827594,27829009,27636328,7178947,7371628
043588,Bellefontaine City,Logan,2025,14020971,1126015,9657021,0,976828,28028101,28038851,28495205,7371628,6915274
043596,Bellevue City,Huron,2020,9394850,253228,7575712,1583294,1096402,21483533,21679600,22030693,8392626,8041533
043596,Bellevue City,Huron,2021,9503389,274552,8169136,1548849,1038463,21965929,22097010,21949759,8041533,8188784
043596,Bellevue City,Huron,2022,9258042,359550,8368473,1689428,979334,21489605,21646659,21581669,8188784,8253774
043596,Bellevue City,Huron,2023,8891050,589005,9069521,1889633,952600,22652151,22755060,22174793,8253776,8834043
043596,Bellevue City,Huron,2024,9657966,781181,9141394,1931315,973584,23990124,24807014,23193095,8834043,10447962
043596,Bellevue City,Huron,2025,9385073,755212,9931129,2087071,1079413,24722936,24941281,24941074,10447962,10448169
043604,Belpre City,Washington,2020,3957282,158582,5174748,0,2092632,12764438,12904874,11253322,2249831,3901383
043604,Belpre City,Washington,2021,4128598,172947,5203052,0,1947938,12907242,13079699,10962970,3901383,6018112
043604,Belpre City,Washington,2022,3761320,354342,5458765,0,1794581,12491279,12759210,12773658,6018112,6003664
043604,Belpre City,Washington,2023,4165866,359042,5848443,0,1695157,13411475,13658740,13117685,6003664,6544719
043604,Belpre City,Washington,2024,4780666,451691,6316175,0,1640009,14879676,15398917,12761440,6544719,9182196
043604,Belpre City,Washington,2025,4945824,478139,6069619,0,1533188,14791625,14981869,17487211,9182196,6676854
043612,Berea City,Cuyahoga,2020,9984016,354625,53148695,0,9051027,80722868,82421553,85639983,19863376,16644946
043612,Berea City,Cuyahoga,2021,10507410,330966,53558873,0,8182043,81838618,85339190,84050289,16644946,17933847
043612,Berea City,Cuyahoga,2022,8702360,948191,57991902,0,7283464,84282146,86833888,82456538,17933847,22311197
043612,Berea City,Cuyahoga,2023,8493763,941695,55157941,0,6352767,81270528,82337686,80054373,22311180,24594493
043612,Berea City,Cuyahoga,2024,9594764,1537820,55629495,0,5742536,83144264,84477799,81784826,24594493,27287467
043612,Berea City,Cuyahoga,2025,8723587,4718645,56020456,0,5812411,86553810,88027625,85134104,27287467,30180988
043620,Bexley City,Franklin,2020,4380427,23066,23663441,7999781,2846437,39667809,40269630,39313894,19317983,20273719
043620,Bexley City,Franklin,2021,4678283,16782,27025598,8486087,2895883,43654636,44304968,40256347,20273719,24322340
043620,Bexley City,Franklin,2022,4136319,352491,27187193,9179798,2917445,44118946,44533740,42961148,24322340,25894932
043620,Bexley City,Franklin,2023,4254449,361317,27590591,11648558,2927248,47896762,48036313,45324434,25894930,28606809
043620,Bexley City,Franklin,2024,4440456,435763,27706481,9470769,2976744,46245022,46470857,48278221,28606809,26799445
043620,Bexley City,Franklin,2025,4504567,398846,30490824,9971497,3031737,49829883,50029357,56823374,26799445,20005428
043638,Bowling Green City School District,Wood,2020,7707785,442241,18813325,3965317,1578644,33917474,34025215,33356787,17801652,18470080
043638,Bowling Green City School District,Wood,2021,8015744,405175,19087884,3807280,1585113,34390356,34896253,34543990,18470080,18822343
043638,Bowling Green City School District,Wood,2022,6547851,849070,19282696,4176109,1603773,33342374,33381864,33153789,18822343,19050418
043638,Bowling Green City School District,Wood,2023,6557616,823452,16630586,4859754,1601983,34289989,35056310,35414365,18527191,18169136
043638,Bowling Green City School District,Wood,2024,7288278,784353,17937220,4841218,1722614,37072532,37139511,38586166,18169136,16722481
043638,Bowling Green City School District,Wood,2025,7045430,925637,18938249,4853009,1854997,38102543,38268701,40194116,16722481,14797066
043646,Brecksville-Broadview Heights City,Cuyahoga,2020,4789577,245423,38862359,0,4114938,51984001,52824524,50432787,17475491,19867228
043646,Brecksville-Broadview Heights City,Cuyahoga,2021,4831990,299714,38695637,0,4113356,52225283,52262181,50837045,19867228,21292364
043646,Brecksville-Broadview Heights City,Cuyahoga,2022,4208925,764977,39287331,0,4139716,52855789,53012606,51599271,21292364,22705699
043646,Brecksville-Broadview Heights City,Cuyahoga,2023,4588410,708505,39770524,0,4155231,54406188,54444397,52407277,22705699,24742819
043646,Brecksville-Broadview Heights City,Cuyahoga,2024,4775060,923412,40357962,0,4181098,56559818,56734239,54700310,24742819,26776748
043646,Brecksville-Broadview Heights City,Cuyahoga,2025,4729169,1070631,40117300,0,4284704,56684912,56720309,64265139,26776748,19231918
043653,Brooklyn City,Cuyahoga,2020,1063822,162950,12135482,0,1374155,17430143,17686446,16681578,4649004,5653872
043653,Brooklyn City,Cuyahoga,2021,1224727,87166,14227364,0,638467,18219567,18325499,16761823,5653872,7217548
043653,Brooklyn City,Cuyahoga,2022,1445664,216194,13864511,0,20286,19394226,19427758,17879302,7217548,8766004
043653,Brooklyn City,Cuyahoga,2023,1514726,396120,13889748,0,1063564,21454660,21467766,18702840,8766004,11530930
043653,Brooklyn City,Cuyahoga,2024,2141067,408162,13518979,0,1032498,23162302,24133270,20588668,11530930,15075532
043653,Brooklyn City,Cuyahoga,2025,2058445,397371,14529664,0,525679,23751884,24686517,29041430,15075532,10720619
043661,Brunswick City,Medina,2020,26478325,396663,35400433,0,5138775,70918741,71356734,73559571,15034074,12831237
043661,Brunswick City,Medina,2021,27242321,415595,36454338,0,5161404,72486494,73598171,71059988,12831237,15369421
043661,Brunswick City,Medina,2022,25340903,1836275,40662510,0,5207607,76490295,77605647,71931009,15369421,21044059
043661,Brunswick City,Medina,2023,25627136,1774612,46574360,0,5553465,84125617,84388607,75699032,21042044,29731619
043661,Brunswick City,Medina,2024,25647592,2042425,49258976,0,5885893,88904334,88968335,78916262,29731619,39783692
043661,Brunswick City,Medina,2025,26069942,1725256,49912154,0,5981404,90708026,90844219,83390125,39783692,47237786
043679,Bryan City,Williams,2020,7377832,199822,6697672,3385691,1284580,20892156,21005794,22671826,12578832,10912800
043679,Bryan City,Williams,2021,7534963,204840,6816786,3214287,1089830,20872298,20939000,20261622,10912800,11590178
043679,Bryan City,Williams,2022,7839882,633013,7035052,3437811,945733,20925182,21109680,19897051,11590178,12802807
043679,Bryan City,Williams,2023,8491175,635775,7509334,4088619,958696,23146414,23168667,22616504,12802807,13354970
043679,Bryan City,Williams,2024,9526128,690280,7414453,4144731,964480,24718822,24719319,23357246,13354970,14717042
043679,Bryan City,Williams,2025,10039801,1912612,8124296,4354834,1065714,27613377,27617276,29119708,14717042,13214610
043687,Bucyrus City,Crawford,2020,11689244,379005,3631910,0,709789,17929778,17978858,16495556,10172991,11656293
043687,Bucyrus City,Crawford,2021,11741288,383045,3646929,0,677906,17382989,17574546,17121693,11656293,12109146
043687,Bucyrus City,Crawford,2022,10352685,380792,3776240,0,631989,16364169,16383311,15172666,12109146,13319791
043687,Bucyrus City,Crawford,2023,9360739,687927,3745594,0,602866,15555672,15575551,13986067,13319797,14909281
043687,Bucyrus City,Crawford,2024,9746533,831792,3860474,0,608449,16545596,16556790,17588051,14909281,13878020
043687,Bucyrus City,Crawford,2025,9692003,890939,4256191,0,659682,16772864,16780566,23387729,13878020,7270857
043695,Cambridge City,Guernsey,2020,12692693,521535,5613162,0,812602,22282136,22293141,21268040,5847998,6873099
043695,Cambridge City,Guernsey,2021,12873453,568253,5601193,0,799174,22333614,22585275,21580017,6873099,7878357
043695,Cambridge City,Guernsey,2022,12570316,721229,6014966,0,799366,22335207,22383345,21106843,7878357,9154860
043695,Cambridge City,Guernsey,2023,11785874,1322427,6082016,0,809368,22723282,22755672,20742454,9154855,11168073
043695,Cambridge City,Guernsey,2024,12699671,1718113,6137631,0,808340,24161794,24751334,22863941,11168073,13055466
043695,Cambridge City,Guernsey,2025,13033106,2097132,6672619,0,857719,25624964,25790928,25324931,13055466,13521463
043703,Campbell City,Mahoning,2020,13874609,1169270,1904514,0,493004,18896144,19477854,19722666,4097251,3852439
043703,Campbell City,Mahoning,2021,13934111,1169270,1998141,0,471284,18474349,18706318,18059472,3852439,4499285
043703,Campbell City,Mahoning,2022,12396876,1600764,2105850,0,445578,16904400,17459976,16985317,4499285,4973944
043703,Campbell City,Mahoning,2023,12511136,1872578,1813950,0,439582,17752811,18665602,17516477,4973944,6123070
043703,Campbell City,Mahoning,2024,12996216,1900053,2066862,0,452864,18157473,18983308,17973474,6123070,7132903
043703,Campbell City,Mahoning,2025,13034726,1774067,2247780,0,480533,18921976,20414335,23129598,7132903,4417641
043711,Canton City,Stark,2020,88685279,10480457,21481862,0,2903125,130600337,130619473,134339031,14993844,11274286
043711,Canton City,Stark,2021,89685646,10482160,23787439,0,2989531,134935532,138282147,129277280,11274286,20279153
043711,Canton City,Stark,2022,75715061,11957589,25657613,0,3005051,125691673,125698580,116474062,20279153,29503671
043711,Canton City,Stark,2023,77526821,13756659,25922916,0,2897529,130517248,130572731,122399133,29503671,37677269
043711,Canton City,Stark,2024,82763814,13725365,26176898,0,2897266,138219197,138262959,125454470,37677269,50485758
043711,Canton City,Stark,2025,80642139,12409282,26777906,0,2831677,137935097,138474546,147792708,50485758,41167596
043729,Celina City,Mercer,2020,12013442,362003,12233392,3752602,1687974,33308634,33444315,33886634,5761523,5319204
043729,Celina City,Mercer,2021,12373811,376248,12258830,3845230,1685839,34258594,34361703,32852995,5319204,6827912
043729,Celina City,Mercer,2022,11046827,573951,12380851,4220032,1704382,32978963,33123042,32424586,6827912,7526368
043729,Celina City,Mercer,2023,11095673,983560,12447080,4610659,1707893,32280536,32333312,33165132,7526358,6694538
043729,Celina City,Mercer,2024,12028847,1137043,14409601,4610763,1907625,35562379,37313665,31013199,6694538,12995004
043729,Celina City,Mercer,2025,11515154,967037,15766654,4876805,2093843,37196234,37209098,36447465,12995004,13756636
043737,Centerville City,Montgomery,2020,12941894,230700,75108725,0,8616522,102704641,102704641,108946309,34014623,27772955
043737,Centerville City,Montgomery,2021,13760040,251673,81129929,0,8700155,109312205,109312205,105285781,27772955,31799379
043737,Centerville City,Montgomery,2022,12986401,935145,82535279,0,8645514,111092721,112067271,109334167,31799379,34532483
043737,Centerville City,Montgomery,2023,13222874,814823,83852162,0,8645243,113831175,113905175,115109359,34532482,33328299
043737,Centerville City,Montgomery,2024,14064825,1333923,86164012,0,8733053,118914000,118967000,118320760,33328299,33974538
043737,Centerville City,Montgomery,2025,14421990,1106740,92799369,0,8971947,126983175,127335121,119730575,33974538,41579084
043745,Chillicothe City,Ross,2020,13081636,2482408,9126511,0,2314600,31413164,31625038,33250837,10391159,8765360
043745,Chillicothe City,Ross,2021,13405134,2482802,9105551,0,2053239,31632539,32433441,32947988,8765360,8250813
043745,Chillicothe City,Ross,2022,10636879,2913462,8936172,0,1933084,27547113,28177648,29453136,8250813,6975325
043745,Chillicothe City,Ross,2023,11716115,3605816,9445825,0,1698546,30343226,31549566,30880077,6975324,7644813
043745,Chillicothe City,Ross,2024,13502072,3621318,9764186,0,1328857,32504041,33566818,32822951,7644813,8388680
043745,Chillicothe City,Ross,2025,13987050,3467267,9692342,0,1138529,32018469,33077893,36841795,8388680,4624778
043752,Cincinnati Public Schools,Hamilton,2020,183816231,22999813,281433363,0,25189556,590771879,612758230,630724005,126238979,108273204
043752,Cincinnati Public Schools,Hamilton,2021,188071847,22921322,282431311,0,25267573,602944761,621222361,612871745,108273204,116623820
043752,Cincinnati Public Schools,Hamilton,2022,120149697,25045887,288845422,0,23311149,538360482,559034224,569658476,116623820,105999568
043752,Cincinnati Public Schools,Hamilton,2023,118392171,31600162,285580173,0,22812153,549987959,575302609,611463437,105911919,69751091
043752,Cincinnati Public Schools,Hamilton,2024,133523174,33904482,299364227,0,24660615,591843290,683220407,678861305,69751091,74110193
043752,Cincinnati Public Schools,Hamilton,2025,129591256,33520268,319458503,0,26700629,611470860,630364374,644791364,74110193,59683203
043760,Circleville City,Pickaway,2020,11128265,202406,7500259,2104719,982630,26263710,26376658,24991467,17192267,18577458
043760,Circleville City,Pickaway,2021,11288042,202406,7738523,2046113,973096,27280819,27477522,25038454,18577458,21016526
043760,Circleville City,Pickaway,2022,11558779,681206,8090037,2402298,961574,27214074,27736235,28187475,21016526,20565286
043760,Circleville City,Pickaway,2023,11465155,1708685,8190207,2534708,956460,29153629,29153878,27592035,20565267,22127110
043760,Circleville City,Pickaway,2024,12356897,1979846,8311104,2473484,947397,31139274,31147405,28718474,22127110,24556041
043760,Circleville City,Pickaway,2025,12850245,2104929,8414086,2707146,944568,32286591,32492561,47460107,24556041,9588495
043778,Claymont City,Tuscarawas,2020,14212715,1797131,3214969,0,507867,21891713,21999431,22637266,5436171,4798336
043778,Claymont City,Tuscarawas,2021,14331681,1797114,3520954,0,508903,22464267,22780291,21621051,4798336,5957576
043778,Claymont City,Tuscarawas,2022,13410053,2256547,3580607,0,487994,21610472,21613371,20400893,5957576,7170054
043778,Claymont City,Tuscarawas,2023,13147131,2556773,3663845,0,481618,22237369,22250637,22091175,7170054,7329515
043778,Claymont City,Tuscarawas,2024,14147094,1697162,3755448,0,481504,22678476,22690319,22480442,7329515,7539393
043778,Claymont City,Tuscarawas,2025,13572109,2228181,3735942,0,486527,22646931,22652453,22843378,7539393,7348468
043786,Cleveland Municipal,Cuyahoga,2020,405774367,48293194,199909763,0,16823754,744869101,750698119,744882388,16591465,22407196
043786,Cleveland Municipal,Cuyahoga,2021,399112398,52659676,204244178,0,17148185,758131489,763408712,690825548,22407196,94990360
043786,Cleveland Municipal,Cuyahoga,2022,266078692,50174315,219371142,0,17283575,642015745,650543575,651046929,94990360,94487006
043786,Cleveland Municipal,Cuyahoga,2023,255594246,58367450,219577033,0,16956120,655671079,697820894,682790928,94487005,109516971
043786,Cleveland Municipal,Cuyahoga,2024,270410577,57286413,224363634,0,17017244,659254814,729038203,697755891,109516971,140799283
043786,Cleveland Municipal,Cuyahoga,2025,268516556,51428841,238708055,0,17345675,688913399,737375938,741493180,140799283,136682041
043794,Cleveland Heights-University Heights City,Cuyahoga,2020,17538071,3857268,74647856,0,9227422,113730201,116925459,118214589,16369314,15080184
043794,Cleveland Heights-University Heights City,Cuyahoga,2021,18165408,4337841,77129785,0,9218070,116075399,116344209,115614048,15080184,15810345
043794,Cleveland Heights-University Heights City,Cuyahoga,2022,6100997,4922695,83680903,0,9245534,111304347,111572982,93881815,15810345,33501512
043794,Cleveland Heights-University Heights City,Cuyahoga,2023,6328090,6073082,84122321,0,9191676,113646545,114277169,109258429,33501509,38520249
043794,Cleveland Heights-University Heights City,Cuyahoga,2024,9302365,6545715,84796540,0,9209394,119956204,120312414,112606679,38520249,46225984
043794,Cleveland Heights-University Heights City,Cuyahoga,2025,8465429,6227165,85065639,0,9245267,118960639,119165064,121682710,46225984,43708338
043802,Columbus City Schools District,Franklin,2020,302568079,47789723,519166938,0,33668407,939410725,954394544,898447268,229439279,285386554
043802,Columbus City Schools District,Franklin,2021,327261449,47786311,538506446,0,33638522,986217560,1002397151,1004766378,285386554,283017328
043802,Columbus City Schools District,Franklin,2022,126074256,35613615,564511428,0,33623925,792240212,804490352,851634408,283017328,235873272
043802,Columbus City Schools District,Franklin,2023,126073892,51933126,565238853,0,33869536,846206708,936469577,927523072,235873271,244819776
043802,Columbus City Schools District,Franklin,2024,132507127,55757023,615734228,0,34457905,897292716,1000269782,850426220,244819776,394663338
043802,Columbus City Schools District,Franklin,2025,122112368,52369875,646084887,0,35496553,918837226,949004184,971427056,394663338,372240465
043810,Conneaut Area City,Ashtabula,2020,10661192,498140,4857116,0,640796,18055203,18377109,17999055,3944014,4322068
043810,Conneaut Area City,Ashtabula,2021,10727036,482406,5038412,0,621504,18452588,19078489,17660096,4322068,5740461
043810,Conneaut Area City,Ashtabula,2022,10658182,900278,5174364,0,600874,18791579,19516423,19877280,5740461,5379604
043810,Conneaut Area City,Ashtabula,2023,10763457,995135,5059226,0,588384,18914683,19593674,20043862,5384026,4933838
043810,Conneaut Area City,Ashtabula,2024,11577878,1278783,5960408,0,638285,21462437,23379305,20963566,4933838,7349578
043810,Conneaut Area City,Ashtabula,2025,11871620,1973779,5908479,0,713636,22254464,23244218,21849203,7349578,8744593
043828,Coshocton City,Coshocton,2020,11111360,1551016,4186752,0,604550,18983108,19605130,20733573,4753320,3624877
043828,Coshocton City,Coshocton,2021,11095037,1549300,4610237,0,598525,19741926,20014839,20232981,3624877,3406735
043828,Coshocton City,Coshocton,2022,9957472,1861721,4626112,0,588962,18071005,18159326,17852612,3406735,3713449
043828,Coshocton City,Coshocton,2023,11011705,2235220,4593946,0,577106,19810221,20016136,18988316,3713452,4741272
043828,Coshocton City,Coshocton,2024,12161301,2210096,4499695,0,569265,21240160,21694825,20865825,4741272,5570272
043828,Coshocton City,Coshocton,2025,13325592,1981052,4553001,0,595741,22246499,22309895,23105176,5570272,4774991
043836,Cuyahoga Falls City,Summit,2020,14711300,879140,32194968,0,3768325,58557714,59270808,55251728,8182778,12201858
043836,Cuyahoga Falls City,Summit,2021,15243292,885377,34075628,0,3750150,60762395,61549148,57466638,12201858,16284368
043836,Cuyahoga Falls City,Summit,2022,14796289,2101734,34568862,0,3688034,57932583,59144028,58285726,16284368,17142670
043836,Cuyahoga Falls City School District,Summit,2023,14229171,1901828,34479047,0,3664048,57941730,61195151,58078674,17142669,20259146
043836,Cuyahoga Falls City School District,Summit,2024,14196872,2265652,35063150,0,3628394,59320098,59970001,64753883,20259146,15475263
043836,Cuyahoga Falls City School District,Summit,2025,13793361,2501437,35814499,0,3625715,60053375,60613063,70613676,15475263,5474651
043844,Dayton City,Montgomery,2020,175416640,16173912,55211583,0,7185597,271176085,272036604,279042057,114566660,107561207
043844,Dayton City,Montgomery,2021,178873313,16142017,56608092,0,6998902,272654871,278905245,278485430,107561207,107981022
043844,Dayton City,Montgomery,2022,104172361,14732008,59878804,0,6809427,200694318,223537709,196931147,107981022,134587584
043844,Dayton City,Montgomery,2023,101346182,16612521,59152563,0,6690425,205189697,205412644,209725173,134587584,130275055
043844,Dayton City,Montgomery,2024,113915814,18873789,60112962,0,6498772,225099149,247979725,239083782,130275055,139170998
043844,Dayton City,Montgomery,2025,117887015,19120287,62667459,0,6386281,232964508,241710100,287890344,139170998,92990754
043851,Deer Park Community City,Hamilton,2020,3251291,148813,9155329,0,1095377,16257934,16547890,16811753,11490802,11226939
043851,Deer Park Community City,Hamilton,2021,3318004,159133,9123167,0,1079247,16135329,16408113,17436230,11226939,10198822
043851,Deer Park Community City,Hamilton,2022,3016653,381422,10528867,0,1080446,17729073,17934609,18330538,10198822,9802893
043851,Deer Park Community City,Hamilton,2023,3045738,413228,11449611,0,1092111,19917229,20847508,19235052,9802847,11415303
043851,Deer Park Community City,Hamilton,2024,3005132,516733,11481598,0,1098416,20197939,20517576,19754204,11415303,12178675
043851,Deer Park Community City,Hamilton,2025,3065573,472458,11422291,0,1102632,19619064,20251420,22520286,12178675,9909809
043869,Defiance City,Defiance,2020,16605861,497201,5664810,1977509,927709,29332497,29818003,29291236,12030506,12557273
043869,Defiance City,Defiance,2021,16796449,517930,5916436,1829782,949783,29465289,30048755,29319757,12557273,13286271
043869,Defiance City,Defiance,2022,16145198,1206774,6410061,2093289,950755,28481246,29873278,30092217,13286271,13067332
043869,Defiance City,Defiance,2023,15944738,1172828,5764794,2473069,957001,28563822,28592736,28139710,13067331,13520357
043869,Defiance City,Defiance,2024,17557512,1521933,6826727,2271730,1014913,32163565,32205067,29534299,13520357,16191125
043869,Defiance City,Defiance,2025,18097037,2672437,7371616,2481294,1106526,34485179,34542758,33471187,16191125,17262696
043877,Delaware City,Delaware,2020,17586712,222405,34766170,0,3662942,62574278,62932293,61319701,13293738,14906330
043877,Delaware City,Delaware,2021,18159946,206677,36769137,0,3845423,66303850,66648470,63270078,14906330,18284722
043877,Delaware City,Delaware,2022,17019460,1035375,39495822,0,4033237,67386469,67411323,64319616,18284722,21376429
043877,Delaware City,Delaware,2023,18005620,1206464,40354229,0,4079146,70987813,71043292,68062973,21376464,24356783
043877,Delaware City,Delaware,2024,21024310,1752223,44157227,0,4546182,78938634,79093479,71360018,24356783,32090244
043877,Delaware City,Delaware,2025,20418286,1529374,48699961,0,5044619,83300376,83727381,80562901,32090244,35254723
043885,Delphos City,Allen,2020,3616892,213351,4164120,0,516461,9620493,9723511,10031135,379352,71728
043885,Delphos City,Allen,2021,3787206,213349,4167277,83336,513279,9955316,9970433,9412783,71728,629378
043885,Delphos City,Allen,2022,3231061,343982,4190815,901226,516983,10492214,10525314,9049276,629378,2105416
043885,Delphos City,Allen,2023,3242577,355689,4323052,1836692,518135,11656986,11677542,9285836,2105419,4497125
043885,Delphos City,Allen,2024,3257553,407759,4563240,1691887,529988,12123543,12123543,9990658,4497125,6630010
043885,Delphos City,Allen,2025,3188333,501806,5354773,1838308,652454,13048102,13051602,15669173,6630010,4012439
043893,Dover City,Tuscarawas,2020,8598075,0,12693192,0,1800191,23794093,23794576,24678083,5397112,4513605
043893,Dover City,Tuscarawas,2021,8661651,143873,12578406,0,1672038,25407994,25422504,24048419,4513605,5887690
043893,Dover City,Tuscarawas,2022,8729683,673236,12601235,0,1596264,24828591,24837675,24046499,5887690,6678866
043893,Dover City,Tuscarawas,2023,9739550,799332,13257811,0,1621211,26807493,26862569,23628123,6678834,9913280
043893,Dover City,Tuscarawas,2024,11359471,1144988,13796103,0,1693123,29736865,29736865,28998730,9913280,10651414
043893,Dover City,Tuscarawas,2025,12027494,2713070,13918689,0,1700553,32254606,32510766,30196255,10651414,12965925
043901,East Cleveland City School District,Cuyahoga,2020,30123700,2529382,6297027,0,1056918,47004771,51694454,50754105,13312848,14253197
043901,East Cleveland City School District,Cuyahoga,2021,29938031,2368594,6574865,0,1044694,47811795,49476036,45407881,14253197,18321352
043901,East Cleveland City School District,Cuyahoga,2022,26004904,2002446,7725883,0,1029253,42488500,43863786,47570589,18321352,14614549
043901,East Cleveland City School District,Cuyahoga,2023,27164707,3861624,7111468,0,1003395,42678232,51937137,46793381,14614484,19758240
043901,East Cleveland City School District,Cuyahoga,2024,25997622,3089527,7299302,0,999237,42576653,50824648,51229586,19758240,19353302
043901,East Cleveland City School District,Cuyahoga,2025,26800386,2885783,7060876,0,977360,42920220,52373160,46865744,19353302,24860719
043919,East Liverpool City,Columbiana,2020,21059755,103525,3566421,0,666511,27675966,27730873,26904072,4605410,5432211
043919,East Liverpool City,Columbiana,2021,19628898,2019822,3713695,0,631824,28228898,28608903,27911473,5432211,6129641
043919,East Liverpool City,Columbiana,2022,17220375,2771892,3666303,0,624331,25434999,25590227,25066124,6129641,6653744
043919,East Liverpool City,Columbiana,2023,17562775,3133613,4182918,0,640633,27325562,27188806,26689244,6653747,7153309
043919,East Liverpool City,Columbiana,2024,18961924,3379646,4015640,0,666408,28954210,28997440,25297496,7153309,10853253
043919,East Liverpool City,Columbiana,2025,19741773,3141187,4105566,0,666339,29557799,29597597,33174706,10853253,7276144
043927,East Palestine City,Columbiana,2020,7810105,278501,2408782,0,372657,11411674,11598706,11711134,346221,233793
043927,East Palestine City,Columbiana,2021,8138139,194531,2416188,32506,376988,11802405,12043836,11879847,233793,397782
043927,East Palestine City,Columbiana,2022,7038389,499842,2632881,393025,375389,11419279,11578414,11269738,397782,706458
043927,East Palestine City,Columbiana,2023,6975020,472146,2794633,726648,395114,12319382,12433746,11173612,706459,1966593
043927,East Palestine City,Columbiana,2024,7290147,593903,3144205,777355,419697,12864661,13171788,11743956,1966593,3394425
043927,East Palestine City,Columbiana,2025,7439607,1083916,3148837,947994,420105,13867998,14096084,13711146,3394425,3779363
043935,Eaton Community City,Preble,2020,10246534,112151,5596944,4947217,796299,23085824,24674566,25005062,12845138,12514642
043935,Eaton Community City,Preble,2021,10423989,118285,5790962,4910843,816090,23661310,24934189,25122762,12514642,12326069
043935,Eaton Community City,Preble,2022,9889659,526596,5867376,5326046,837906,23411303,26342696,26376494,12326069,12292271
043935,Eaton Community City,Preble,2023,9874042,561695,6445306,5877299,738918,24519110,26104027,27619632,12292766,10777161
043935,Eaton Community City,Preble,2024,10451064,694618,7528326,5904491,1062182,27166057,28970318,28628493,10777161,11118986
043935,Eaton Community City,Preble,2025,9807051,623333,8370214,6159431,1194055,27753073,29169623,29778443,11118986,10510166
043943,Elyria City Schools,Lorain,2020,36031291,3004105,28671804,0,3943358,79543480,79897150,81283698,27261433,25874884
043943,Elyria City Schools,Lorain,2021,36607062,2938900,28984262,0,3788695,80274495,82407363,77743711,25874884,30538536
043943,Elyria City Schools,Lorain,2022,28534121,4047915,29955778,0,3647631,72019850,73545472,75021578,30538536,29062430
043943,Elyria City Schools,Lorain,2023,30848132,4861403,30948664,0,3544948,75522454,79604670,79343168,29062492,29323994
043943,Elyria City Schools,Lorain,2024,34482703,5625020,29626787,0,3519466,80167077,80302845,78741564,29323994,30885276
043943,Elyria City Schools,Lorain,2025,36920168,7172320,32219777,0,3783902,86136156,86512112,85359173,30885276,32038214
043950,Euclid City,Cuyahoga,2020,21758257,4415955,32580572,6344796,3936933,71656591,72317021,73205815,12737655,11848861
043950,Euclid City,Cuyahoga,2021,21020531,3383977,33542215,8214074,3958512,78281110,79401884,69563154,11848861,21687591
043950,Euclid City,Cuyahoga,2022,25725790,5691754,37799966,8417503,4066333,86151782,86565107,84822315,21687591,23430383
043950,Euclid City,Cuyahoga,2023,26718948,6646662,35734840,8001297,3669811,87453489,100998153,87368704,24632663,38262112
043950,Euclid City,Cuyahoga,2024,32439143,6810819,32413960,8775456,3248306,91011123,97591816,90047715,38262112,45806213
043950,Euclid City,Cuyahoga,2025,33504869,6336278,32782797,9567972,3256446,92788038,94227654,107298237,45806213,32735630
043968,Fairborn City,Greene,2020,21338485,697324,16248716,4647528,2202560,49409022,49481273,47900972,29878571,31458872
043968,Fairborn City,Greene,2021,20706808,1503253,16617845,4521889,2225824,52685503,52834916,53332862,31458872,30960926
043968,Fairborn City,Greene,2022,15643823,3750490,16829081,5403092,2241471,48219285,48280746,48537262,30960926,30704410
043968,Fairborn City,Greene,2023,17865794,3884246,17161193,5911843,2245019,52284227,52454180,49702074,30704410,33456516
043968,Fairborn City,Greene,2024,20397959,4242914,19400503,5750471,2504153,58631007,58654131,57616935,33456516,34493712
043968,Fairborn City,Greene,2025,21208776,4790320,22073858,6321513,2786773,62853333,69170061,79430347,34493712,24233426
043976,Fairview Park City,Cuyahoga,2020,2421239,21562,15672200,0,2378312,21939820,22254078,22459868,14160039,13954249
043976,Fairview Park City,Cuyahoga,2021,2509870,21562,17002855,0,2394694,23282027,23484106,22213825,13954249,15224530
043976,Fairview Park City,Cuyahoga,2022,2472132,144982,19339950,0,2437324,25900861,26002213,23351895,15224530,17874848
043976,Fairview Park City,Cuyahoga,2023,2489364,129173,19530124,0,2404601,26696233,26789922,24552374,17874880,20112428
043976,Fairview Park City,Cuyahoga,2024,2488776,220718,19263685,0,2367093,27149887,27201776,23797857,20112428,23516347
043976,Fairview Park City,Cuyahoga,2025,2599251,254015,19801550,0,2444298,28152778,28202713,42183850,23516347,9535210
043984,Findlay City,Hancock,2020,23904654,799163,27702914,0,4054815,60530480,61112456,60351897,7733721,8494280
043984,Findlay City,Hancock,2021,24730499,815518,26235615,0,3540702,62443395,62732454,60647003,8494280,10579731
043984,Findlay City,Hancock,2022,22826659,2028298,24664404,0,3041283,59414424,59927478,57957664,10579731,12549545
043984,Findlay City,Hancock,2023,23696215,1887118,25574098,0,2865700,61814690,61853202,60189309,12551888,14215781
043984,Findlay City,Hancock,2024,24800448,2403305,25895811,0,2853371,64690185,64752386,65641703,14215781,13326464
043984,Findlay City,Hancock,2025,25061576,2151109,25067047,0,2869970,65001202,65028726,70185883,13326464,8169307
043992,Fostoria City,Seneca,2020,14546496,699388,6002455,0,1215710,24152705,24360357,22550354,10867475,12677478
043992,Fostoria City,Seneca,2021,14810860,696588,6262722,0,1090696,24886430,24981677,22645502,12677478,15013653
043992,Fostoria City,Seneca,2022,11938999,378872,6190617,0,950261,21307417,21376562,21899932,15013653,14490283
043992,Fostoria City,Seneca,2023,12234554,1081915,6377722,0,883580,23024560,23093750,21206944,14490283,16377089
043992,Fostoria City,Seneca,2024,13802852,1252208,6870714,0,930029,26140873,26216107,22035609,16377089,20557587
043992,Fostoria City,Seneca,2025,14078620,1929397,7131110,0,965629,27521793,27625080,38287268,20557587,9895399
044008,Franklin City,Warren,2020,12005546,580501,14358010,0,2463378,34015490,34017773,35870647,9432543,7579669
044008,Franklin City,Warren,2021,12291748,629419,14340433,0,2094534,34043457,35024949,35516210,7579669,7088408
044008,Franklin City,Warren,2022,11984957,1577224,15888394,0,1800792,36192363,37885782,38637022,7088408,6337169
044008,Franklin City,Warren,2023,11897171,1724206,15850184,0,1598332,36118705,36511490,38746467,6337106,4102129
044008,Franklin City,Warren,2024,13427064,2100591,15261729,0,1595419,39419055,39453736,41014631,4102129,2541234
044008,Franklin City,Warren,2025,13357512,3620067,17586189,0,1763969,42186272,44846487,45446286,2541234,1941435
044016,Fremont City,Sandusky,2020,16426672,1435126,10611912,8711771,1393687,41541952,41609139,44347737,6867307,4128709
044016,Fremont City,Sandusky,2021,18698676,511580,10822604,8306527,1403297,41899970,42000415,42522870,4128709,3606254
044016,Fremont City,Sandusky,2022,14942753,1324897,10879401,9401938,1423914,41126421,41126575,38400072,3606254,6332757
044016,Fremont City,Sandusky,2023,14272468,2230902,11470563,10417533,1435883,44435626,44441950,43642452,6332757,7132255
044016,Fremont City,Sandusky,2024,15522649,2355680,11505415,10451338,1431060,47000660,47005067,44992008,7132255,9145314
044016,Fremont City,Sandusky,2025,16303157,3371123,12508727,10915928,1586344,52662940,52664640,52427039,9145314,9382915
044024,Galion City,Crawford,2020,13780832,748964,4337988,0,676846,21249335,21249335,21581255,4696436,4364516
044024,Galion City,Crawford,2021,13738579,664263,4286599,0,674598,21036531,21334674,21289855,4364516,4409335
044024,Galion City,Crawford,2022,12423316,1009288,4568986,0,662606,20121799,20199177,20026121,4409335,4582391
044024,Galion City,Crawford,2023,12285834,1021549,4487953,0,655676,19434862,19562056,17318897,4582386,6825545
044024,Galion City,Crawford,2024,13250122,1115114,4498665,0,649694,20688729,20720799,21473238,6825545,6073106
044024,Galion City,Crawford,2025,13625117,1793087,4904615,0,686439,22410481,22449123,23637539,6073106,4884690
044032,Gallipolis City,Gallia,2020,11028575,557807,4588341,0,659237,19584416,19716814,19076438,2470982,3111358
044032,Gallipolis City,Gallia,2021,11152433,557806,4991852,0,673141,21180304,21280860,19664782,3111358,4727436
044032,Gallipolis City,Gallia,2022,11112291,992205,5305597,0,681818,19970749,20114294,19194862,4727436,5646868
044032,Gallipolis City,Gallia,2023,11118290,976604,5223657,0,684534,19749232,20769542,19678031,5646869,6738380
044032,Gallipolis City,Gallia,2024,12090253,1139494,5558887,0,720529,22231992,23006190,21525160,6738380,8219410
044032,Gallipolis City,Gallia,2025,12398772,2068519,5915877,0,774695,23128367,24036868,23486280,8219410,8769998
044040,Garfield Heights City Schools,Cuyahoga,2020,23594244,650453,16506763,0,2687631,45863988,46052069,46185780,3068445,2934734
044040,Garfield Heights City Schools,Cuyahoga,2021,23802054,627343,15885073,0,2548602,45279947,45582454,46114905,2934734,2402283
044040,Garfield Heights City Schools,Cuyahoga,2022,19629394,1428254,17353065,0,2556715,43376779,45758809,43999722,2402283,4161370
044040,Garfield Heights City Schools,Cuyahoga,2023,20922770,2766994,17033481,0,2497128,46064265,46855293,44251016,4168868,6773146
044040,Garfield Heights City Schools,Cuyahoga,2024,22092870,2820674,16554424,0,2326278,46838646,46858453,44216425,6773146,9415174
044040,Garfield Heights City Schools,Cuyahoga,2025,20133228,2814884,18353205,0,2720681,47251108,47251351,50726222,9415174,5940302
044057,Geneva Area City,Ashtabula,2020,10943278,515298,7215297,2630592,862090,24581691,24737249,23092321,2232495,3877423
044057,Geneva Area City,Ashtabula,2021,11136611,494832,7343360,3477623,838546,25486573,25847732,23661275,3877423,6063880
044057,Geneva Area City,Ashtabula,2022,11316710,1157411,7609280,4010831,834051,26151124,26295825,22712953,6063880,9646752
044057,Geneva Area City,Ashtabula,2023,11300413,1290027,7033667,4507164,837233,27067773,27218602,23369266,9646752,13496088
044057,Geneva Area City,Ashtabula,2024,11536764,1255137,7988104,4350143,959727,28647365,28728023,25511492,13496088,16712619
044057,Geneva Area City,Ashtabula,2025,11070648,2382823,8848514,4678691,1126827,30697427,30752295,34844401,16712619,12620513
044065,Girard City School District,Trumbull,2020,12235593,36209,3253354,0,592430,20610432,20956579,18775540,15506635,17687674
044065,Girard City School District,Trumbull,2021,12463922,40939,3351545,0,571437,21309287,21698882,18422876,17687674,20963680
044065,Girard City School District,Trumbull,2022,13019433,1010980,3289756,0,561984,20681580,20737749,18658132,20963680,23043297
044065,Girard City School District,Trumbull,2023,13303618,1033162,3758443,0,555420,21465784,21590149,20562661,23043296,24070784
044065,Girard City School District,Trumbull,2024,14175506,1134830,3177332,0,548757,24359030,24895755,21425629,24070784,27540910
044065,Girard City School District,Trumbull,2025,14438629,1244862,3532008,0,543426,23807413,23888919,37378041,27540910,14051788
044073,Grandview Heights Schools,Franklin,2020,1449328,43656,14538674,0,1235422,22121161,22207053,20107818,8075830,10175065
044073,Grandview Heights Schools,Franklin,2021,1507454,33265,15244001,0,1244947,23217365,23223993,21116307,10175065,12282751
044073,Grandview Heights Schools,Franklin,2022,1395224,182884,15486205,0,1260996,23167079,23490226,21513881,12282751,14259096
044073,Grandview Heights Schools,Franklin,2023,1478850,162023,15777343,0,1260668,24634300,25843741,24635214,14259096,15467623
044073,Grandview Heights Schools,Franklin,2024,1504858,243285,15921092,0,1277562,25196338,26099324,25358253,15467623,16208694
044073,Grandview Heights Schools,Franklin,2025,1483312,247900,16182900,0,1295476,26624442,27579151,33872525,16208694,9915320
044081,Winton Woods City,Hamilton,2020,19038732,1046101,22706720,0,2769953,49957313,49964045,51066041,17816800,16714804
044081,Winton Woods City,Hamilton,2021,19572800,1057766,23264682,0,2765895,52420145,52421342,52007964,16714804,17128182
044081,Winton Woods City,Hamilton,2022,18315871,2229110,24315182,0,2725008,50509149,50547092,50952172,17128182,16723102
044081,Winton Woods City,Hamilton,2023,19402263,2985121,22864627,0,2715274,53324671,53326243,52917671,16723124,17131696
044081,Winton Woods City,Hamilton,2024,22730752,3981835,23030582,0,2716579,58519040,58527348,56809009,17131696,18850036
044081,Winton Woods City,Hamilton,2025,24972657,5070211,23313739,0,2721163,62573159,62906172,61827952,18850036,19928256
044099,Greenville City,Darke,2020,12834956,137131,10460809,2425972,1309266,29683403,29882246,30363553,17211584,16730277
044099,Greenville City,Darke,2021,12724745,575291,10447387,2369265,1425259,29824580,30208684,31265477,16730277,15673484
044099,Greenville City,Darke,2022,11116023,909448,10808977,2539784,1396789,28748578,28812822,29052245,15673484,15434061
044099,Greenville City,Darke,2023,11086213,976435,11210330,2821817,1397642,29778263,29802763,29447750,15434048,15789061
044099,Greenville City,Darke,2024,12011571,1590697,12211240,2869608,1557426,32795301,32823778,29051199,15789061,19561641
044099,Greenville City,Darke,2025,11722715,1243880,13158848,3117875,1693897,34621933,34664208,37358619,19561641,16867229
044107,Hamilton City,Butler,2020,73969168,3410742,17731663,0,2363481,101871142,102168526,98801873,29171045,32537698
044107,Hamilton City,Butler,2021,74694344,3483109,17908306,0,2286596,102069078,103368662,105366644,32537698,30539716
044107,Hamilton City,Butler,2022,69124211,6749309,17477797,0,2227571,99476605,103638892,98563012,30539716,35615596
044107,Hamilton City,Butler,2023,68800068,10600750,18735877,0,2243853,103384562,107197556,98340097,35615328,44472787
044107,Hamilton City,Butler,2024,72503053,11468815,20439900,0,2592893,114881207,115080320,106441898,44472787,53111209
044107,Hamilton City,Butler,2025,73540416,11182143,23113931,0,2943623,116051180,116456475,121168872,53111209,48398811
044115,Heath City,Licking,2020,6286116,117223,9060435,0,850384,19841489,20204623,18653506,10215969,11767086
044115,Heath City,Licking,2021,6515215,117223,9120391,0,844839,20194354,20468722,19010646,11767086,13225162
044115,Heath City,Licking,2022,7463520,467469,9215578,0,842640,19787115,20214365,18508548,13225162,14930979
044115,Heath City,Licking,2023,7752161,509390,9319788,0,827105,20705588,21330821,19456313,14910415,16784923
044115,Heath City,Licking,2024,8723092,597520,10404261,0,900598,23592033,24025063,22059468,16784923,18750518
044115,Heath City,Licking,2025,8090491,589011,11311431,0,983158,23950557,25070237,36347193,18750518,7473562
044123,Hillsboro City,Highland,2020,14263693,723134,6435852,3514361,797451,28200004,28732826,27409757,6504210,7827279
044123,Hillsboro City,Highland,2021,14454090,723125,6510546,3095308,401087,27589169,28230874,29208990,7827279,6849163
044123,Hillsboro City,Highland,2022,14622444,1034039,7068166,3526742,1230858,28670999,29347962,28842441,6849163,7354684
044123,Hillsboro City,Highland,2023,14337038,1205260,7422667,3960822,880654,28888995,29651922,27971675,7354684,9034931
044123,Hillsboro City,Highland,2024,16011476,1455591,7649689,3992234,891455,31813956,32581494,30249332,9034931,11367093
044123,Hillsboro City,Highland,2025,15404323,2289808,8751442,4210381,1016349,33029158,33854535,34957794,11367093,10263834
044131,Huron City Schools,Erie,2020,2081551,27800,9770688,0,1362547,15395739,15468985,16016723,4954737,4406999
044131,Huron City Schools,Erie,2021,2276098,30165,9830215,0,1301945,15502455,15629891,16299684,4406999,3737206
044131,Huron City Schools,Erie,2022,2626470,170176,10185698,0,1363491,16237735,16488836,15347953,3737206,4878089
044131,Huron City Schools,Erie,2023,2750791,147496,10586385,0,1394289,16840249,16881228,16639920,4878093,5119401
044131,Huron City Schools,Erie,2024,2715432,180004,10956272,0,1400020,17529362,18274078,15549704,5119401,7843775
044131,Huron City Schools,Erie,2025,2761952,145555,12030554,0,1529208,18813411,18926428,22323798,7843775,4446405
044149,Ironton City School District,Lawrence,2020,8153880,1484088,2612113,0,438007,14871579,14894536,15218465,3045228,2721299
044149,Ironton City School District,Lawrence,2021,8284388,1424419,2911151,0,432637,15054982,15101260,15144508,2721299,2678051
044149,Ironton City School District,Lawrence,2022,8691799,2115122,3171396,0,428613,15487702,15964956,14926718,2678051,3716289
044149,Ironton City School District,Lawrence,2023,9400766,2307194,3144070,0,438477,15770379,16092432,15523970,3716286,4284748
044149,Ironton City School District,Lawrence,2024,10391267,2438728,3225641,0,449992,17005199,17741101,15268710,4284748,6757139
044149,Ironton City School District,Lawrence,2025,10381027,2263489,3270969,0,453822,16886916,17127784,17376686,6757139,6508237
044156,Jackson City,Jackson,2020,13819410,381121,5248975,0,705633,23109026,23151089,24347838,8701611,7504862
044156,Jackson City,Jackson,2021,13994199,378004,5551917,0,730955,24105638,24200614,25423583,7504862,6281893
044156,Jackson City,Jackson,2022,15022546,623325,5733153,0,755566,24054106,24655565,25147228,6281893,5790230
044156,Jackson City,Jackson,2023,14904483,1063496,5680924,0,759064,24996743,24946367,25779447,5790035,4956955
044156,Jackson City,Jackson,2024,15130686,1254639,6763327,0,452712,27260853,27391923,24502725,4956955,7846153
044156,Jackson City,Jackson,2025,14397386,2495352,7122365,0,931947,28263807,29446560,28255055,7846153,9037658
044164,Kent City,Portage,2020,12249802,1122823,24806883,0,2639262,49686958,50406572,48850206,29934593,31490959
044164,Kent City,Portage,2021,12492726,1148127,24847152,0,2637155,49284360,50234992,50149245,31490959,31576706
044164,Kent City,Portage,2022,13298014,2202403,26340392,0,2618094,51771254,52430887,49186111,31576706,34821482
044164,Kent City,Portage,2023,13443315,2160828,25811502,0,2602587,53526009,53819113,53321819,34821482,35318776
044164,Kent City,Portage,2024,14986296,2366691,25359392,0,2602803,56641902,56878072,55504432,35318776,36692416
044164,Kent City,Portage,2025,15130475,2691357,26662307,0,2623529,58434826,58872566,68745662,36692416,26819320
044172,Kenton City,Hardin,2020,10795540,572282,5027165,2351122,564735,21309214,21535695,21268561,7468798,7735932
044172,Kenton City,Hardin,2021,10942991,624201,4205412,2256066,564735,21163556,21485364,20999262,7735932,8222034
044172,Kenton City,Hardin,2022,11296369,960784,4429830,2519557,567490,21076989,21267651,19872786,8222034,9616899
044172,Kenton City,Hardin,2023,11538278,961279,4321692,2807089,568587,22275418,22278175,21374395,9616899,10520679
044172,Kenton City,Hardin,2024,13086093,1171426,4756883,2808563,624859,24609155,24647314,23021789,10520679,12146204
044172,Kenton City,Hardin,2025,13732201,1107915,5359500,2928074,682374,26502725,26523643,32782832,12146204,5887015
044180,Kettering City School District,Montgomery,2020,15444933,1399068,60741563,0,7027441,99844360,101081365,106778059,18099058,12402364
044180,Kettering City School District,Montgomery,2021,16326077,1433722,60105912,0,6243443,99794398,103135901,104945898,12402364,10592367
044180,Kettering City School District,Montgomery,2022,17067789,2711433,60521440,0,6127436,105219153,106753868,102528924,10592367,14817311
044180,Kettering City School District,Montgomery,2023,18964160,3561082,65715598,0,6173770,113049045,114622216,110276317,14817310,19163209
044180,Kettering City School District,Montgomery,2024,23555742,4902146,70711519,0,6169182,126900695,128817728,119081670,19163209,28899267
044180,Kettering City School District,Montgomery,2025,25254948,5076162,72372547,0,6191243,132565895,133749512,122192945,28899267,40455834
044198,Lakewood City,Cuyahoga,2020,16452402,848282,42990475,0,5027750,73498952,73498952,73503250,32006806,32002508
044198,Lakewood City,Cuyahoga,2021,17073204,875173,44064705,0,5049373,75928851,75928851,74711591,32002508,33219768
044198,Lakewood City,Cuyahoga,2022,16392998,1693441,48470750,0,5060181,79986726,79986726,71877466,33219768,41329028
044198,Lakewood City,Cuyahoga,2023,16835639,1597287,48703185,0,5080204,82803608,82803608,76358584,41329030,47774055
044198,Lakewood City,Cuyahoga,2024,16997811,2219307,49385651,0,5092936,86327011,86327011,84166645,47774055,49934421
044198,Lakewood City,Cuyahoga,2025,17362664,1447513,49747540,0,5237501,86272968,86272968,88250974,49934421,47956415
044206,Lancaster City,Fairfield,2020,27555944,1343343,19196529,13419668,2277939,72661310,72693855,72886582,42420729,42228002
044206,Lancaster City,Fairfield,2021,28191534,1248378,20032422,13542164,2338948,74966760,75013188,74419272,42228002,42821918
044206,Lancaster City,Fairfield,2022,26733025,2357715,20163469,15306876,2340681,74954705,74983932,79736295,42821918,38069555
044206,Lancaster City,Fairfield,2023,28666681,2655848,22723036,17231504,2587434,82629904,82718896,86291800,38069520,34496616
044206,Lancaster City,Fairfield,2024,32520406,3349998,24305282,17055115,2829535,89774071,92727790,85725695,34496616,41498711
044206,Lancaster City,Fairfield,2025,32826051,6821846,24766340,18532573,2931284,98160660,98190345,94731314,41498711,44957741
044214,Lebanon City,Warren,2020,20516721,295920,26466424,0,3219457,55282758,56481933,56007101,22798028,23272860
044214,Lebanon City,Warren,2021,21196255,495399,28906295,0,3252694,59143282,60385490,58909738,23272860,24748612
044214,Lebanon City,Warren,2022,19048893,1502152,31195118,0,3469462,60227116,63059622,61975586,24748612,25832648
044214,Lebanon City,Warren,2023,19264386,1396380,32545841,0,3717061,63257828,65427175,65039380,25832643,26220438
044214,Lebanon City,Warren,2024,19732240,1731762,34458725,0,3817381,66746684,66883448,69264297,26220438,23839590
044214,Lebanon City,Warren,2025,20211075,1521118,38118147,0,4289586,73040663,73058893,74303218,23839590,22595264
044222,Lima City,Allen,2020,41470353,4023671,8018363,0,1142962,58831183,66974870,63563114,25922751,29334507
044222,Lima City,Allen,2021,41994447,4023671,7701393,0,1111516,59175309,59380585,56436257,29334507,32278835
044222,Lima City,Allen,2022,33441589,4589595,7608900,0,1070656,49668139,49750712,50047591,32278835,31981956
044222,Lima City,Allen,2023,34180399,5598080,8161962,0,1037271,52390284,52470175,52923347,36690250,36237078
044222,Lima City,Allen,2024,33669542,5598834,7734699,0,925943,51363428,51411206,51876473,36237078,35771811
044222,Lima City,Allen,2025,34363288,5342701,9360740,0,1077313,53889285,53905997,56442205,35771811,33235603
044230,Lockland Local,Hamilton,2020,3875322,320316,2127672,0,1055599,8717750,8821047,8145602,5300729,5976174
044230,Lockland Local,Hamilton,2021,3899436,365934,2239258,0,1015444,8980240,9071323,7899535,5976174,7147962
044230,Lockland Local,Hamilton,2022,3692816,624062,2334073,0,975431,8606388,8693245,6907456,7147962,8933751
044230,Lockland Local,Hamilton,2023,3874867,772426,2223516,0,938587,9114787,9228412,8219522,8933747,9942637
044230,Lockland Local,Hamilton,2024,4430182,888215,2273339,0,900402,10462468,10601930,8588663,9942637,11955904
044230,Lockland Local,Hamilton,2025,4229516,801667,2371041,0,860352,9973622,10104704,13445914,11955904,8614694
044248,Logan-Hocking Local,Hocking,2020,18148685,3663909,9013201,0,1349402,39516853,40114689,39998627,4834033,4950095
044248,Logan-Hocking Local,Hocking,2021,18389880,3733130,9666260,0,1421319,43175716,43550950,40900643,4950095,7600402
044248,Logan-Hocking Local,Hocking,2022,18526500,4430627,9732996,0,1420393,43579761,45129029,43963249,7600402,8766182
044248,Logan-Hocking Local,Hocking,2023,18018897,5283200,11523720,0,1588255,46064233,48672942,47142024,8766165,10297083
044248,Logan-Hocking Local,Hocking,2024,19136226,5046049,12949964,0,1763791,49469450,50324395,49361638,10297083,11259840
044248,Logan-Hocking Local,Hocking,2025,18542286,4482508,13263300,0,1802130,48796463,49145146,51121022,11259840,9283964
044255,London City,Madison,2020,8052337,141884,7095510,4067902,807838,21829568,22051274,21759236,7213741,7505779
044255,London City,Madison,2021,8253648,141887,7462038,3930807,847066,22326387,22705451,21591476,7505779,8619754
044255,London City,Madison,2022,8457906,504575,7803098,4648809,888620,23122118,23297575,21360197,8619754,10557132
044255,London City,Madison,2023,8484016,509929,8087651,5009066,896135,24110894,24255645,22155792,10557132,12656985
044255,London City,Madison,2024,9290596,703119,9081666,4776575,1030855,26389601,26456738,26126553,12656985,12987170
044255,London City,Madison,2025,9556458,624985,10323612,5378774,1176726,28842470,28911043,32362975,12987170,9535238
044263,Lorain City,Lorain,2020,82734376,8666719,18607526,0,2697019,116550176,118427945,119508413,24705767,23625299
044263,Lorain City,Lorain,2021,83408937,8589971,18298204,0,2671203,117198275,120717674,118428598,23625299,25914375
044263,Lorain City,Lorain,2022,54597211,9179621,19216663,0,2625577,89102375,92672830,98396213,25914375,20190992
044263,Lorain City,Lorain,2023,57189682,10557811,18959734,0,2562272,94953961,102834586,113410430,20191014,9615170
044263,Lorain City,Lorain,2024,59038633,10951058,18835809,0,2525134,98959906,131198619,107885159,9615170,32928630
044263,Lorain City,Lorain,2025,59564738,10047709,20357240,0,2614070,97982895,103232260,108701023,32928630,27459866
044271,Loveland City,Hamilton,2020,12388145,202427,30289538,0,3741912,49767869,50368810,53171978,15144820,12341652
044271,Loveland City,Hamilton,2021,12996487,248441,30913440,0,3757918,50755494,51163039,48882593,12341652,14622098
044271,Loveland City,Hamilton,2022,11802991,899814,31240444,0,3772527,51263874,51435500,51087171,14622098,14970427
044271,Loveland City,Hamilton,2023,12023334,775722,31922857,0,3807134,53061691,53490974,53246293,14970655,15215336
044271,Loveland City,Hamilton,2024,12383091,793570,35505978,0,3909929,57020374,57776795,55431283,15215336,17560848
044271,Loveland City,Hamilton,2025,12726686,703824,37030211,0,4007883,61334582,61563547,58749707,17560848,20374687
044289,Madeira City,Hamilton,2020,2590380,90643,15854353,0,1866845,21951466,21964263,23404543,13403000,11962720
044289,Madeira City,Hamilton,2021,2694877,99363,16222479,0,1880731,22789707,23038993,21740015,11962720,13261698
044289,Madeira City,Hamilton,2022,2505421,298324,17563820,0,1907683,24356146,24370189,22539398,13261698,15092489
044289,Madeira City,Hamilton,2023,2586188,230758,19071388,0,1941215,26242637,26254147,26594060,15092521,14752608
044289,Madeira City,Hamilton,2024,2661433,370191,19396301,0,1975928,27332388,27690794,28470121,14752608,13973280
044289,Madeira City,Hamilton,2025,2681492,410629,20201860,0,2002039,28331687,28587177,31037149,13973280,11523308
044297,Mansfield City,Richland,2020,33175381,4253310,14571830,0,2176124,59440694,59671657,61349758,15688048,14009947
044297,Mansfield City,Richland,2021,33836206,4123405,15166480,0,2031745,61559711,64437456,63216225,14009947,15231178
044297,Mansfield City,Richland,2022,23419444,4076584,15231957,0,1905460,49640422,49752657,52022524,15231178,12961311
044297,Mansfield City,Richland,2023,23831712,5162509,15289361,0,1847336,50306247,50960111,55954743,12961311,7966679
044297,Mansfield City,Richland,2024,26751455,5358103,15735935,0,1874579,53822108,54442792,57616897,7966679,4792574
044297,Mansfield City,Richland,2025,27156682,5275285,16336192,0,1927402,55229938,55244995,58524514,4792574,1513055
044305,Maple Heights City,Cuyahoga,2020,25943972,787535,14578344,0,2251497,45449258,45857137,44330195,4557137,6084079
044305,Maple Heights City,Cuyahoga,2021,24023332,2950145,12941639,0,2120792,45528873,45627091,45167976,6084079,6543194
044305,Maple Heights City,Cuyahoga,2022,21221289,2981305,15580549,0,2080448,44332040,45628845,42614910,6543194,9557129
044305,Maple Heights City,Cuyahoga,2023,22813873,3723518,14640381,0,1969735,46509073,49048206,48208451,9557122,10396877
044305,Maple Heights City,Cuyahoga,2024,25617419,4336121,13733324,0,1848533,49213242,55249182,50205853,10396877,15440206
044305,Maple Heights City,Cuyahoga,2025,26615639,3957986,15770908,0,2101980,52466348,57188878,50352353,15440206,22276731
044313,Mariemont City,Hamilton,2020,2898136,35155,18107249,0,1875895,24352935,24392935,24324834,16213960,16282061
044313,Mariemont City,Hamilton,2021,3077684,39599,18479366,0,1893014,24603193,24758909,25403613,16282061,15637357
044313,Mariemont City,Hamilton,2022,2827137,236508,18601968,0,1898674,25405404,25578144,25513122,15637357,15702379
044313,Mariemont City,Hamilton,2023,2959139,213793,18818757,0,1908866,25900680,25900680,26530782,15702471,15072369
044313,Mariemont City,Hamilton,2024,2994919,285362,18962786,0,1934854,26508646,26548691,27230285,15072369,14390776
044313,Mariemont City,Hamilton,2025,3064596,303313,20978241,0,1973867,28827479,29107039,32061693,14390776,11436122
044321,Marietta City,Washington,2020,8389225,468562,12061239,0,1405237,24602976,24749613,25275795,5133737,4607555
044321,Marietta City,Washington,2021,8649652,468552,12233563,0,1434308,25211912,25372837,23238873,4607555,6741519
044321,Marietta City,Washington,2022,8499793,766103,12563915,0,1417146,25437026,25560244,23422132,6741519,8879631
044321,Marietta City,Washington,2023,8405347,895763,13357771,0,1422777,27379139,27645556,23077953,8879588,13447191
044321,Marietta City,Washington,2024,8206490,1040427,14014366,0,1598723,29147697,29498222,25138741,13447191,17806673
044321,Marietta City,Washington,2025,8542112,872571,14069547,0,1610584,29182044,29342129,28759663,17806673,18389139
044339,Marion City,Marion,2020,39951806,5257947,7215764,0,1238658,58308620,59053233,58270261,13667772,14450744
044339,Marion City,Marion,2021,40695720,4803600,7733867,0,1182426,60959636,61906224,60902225,14450744,15454743
044339,Marion City,Marion,2022,36205393,5894118,7453028,0,1130073,54245183,54309317,53041190,15454743,16722870
044339,Marion City,Marion,2023,36836760,6750170,8223065,0,1177120,55849463,56204482,52328789,16721672,20597364
044339,Marion City,Marion,2024,37859915,6695071,8679577,0,1253683,59076657,59343132,54790094,20597364,25150402
044339,Marion City,Marion,2025,38687068,5983588,8734363,0,1268969,59328269,59329663,61196684,25150402,23283381
044347,Martins Ferry City,Belmont,2020,10001576,454618,3045991,0,400061,18048411,18444558,18352541,7202190,7294207
044347,Martins Ferry City,Belmont,2021,10136200,454615,2917873,0,395357,18507094,19194322,18936789,7294207,7551740
044347,Martins Ferry City,Belmont,2022,10888220,835966,3473741,0,440872,19251270,19765484,18802347,7551740,8514877
044347,Martins Ferry City,Belmont,2023,10235413,900171,3465920,0,420250,18718172,19052063,19474188,8514878,8092753
044347,Martins Ferry City,Belmont,2024,10164019,978897,3376054,0,389336,18540259,18857297,20913267,8092753,6036783
044347,Martins Ferry City,Belmont,2025,10303376,985576,3646850,0,461959,19058212,19219284,20305317,6036783,4950750
044354,Massillon City,Stark,2020,24898603,4744678,15723508,4839,2468115,51219008,54490239,60528119,26404633,20366753
044354,Massillon City,Stark,2021,25318364,4766348,16437234,7033,2351994,52007265,52475185,49505147,20366753,23336791
044354,Massillon City,Stark,2022,24758207,5888959,17294583,5249,2292978,52408040,82741429,95804347,23336791,10273873
044354,Massillon City,Stark,2023,25690817,6757477,18105849,5635,2294824,55956573,58152139,51422824,10273873,17003188
044354,Massillon City,Stark,2024,29411189,6984376,18481105,6702,2299946,61136096,66115714,61958088,17003188,21160814
044354,Massillon City,Stark,2025,31119827,6464992,17718186,31549,2409079,63036596,64038684,59490298,21160814,25709200
044362,Maumee City,Lucas,2020,5821244,187747,21116625,0,3205005,32439245,32449430,31118906,5203430,6533954
044362,Maumee City,Lucas,2021,5788270,222793,21894919,0,2942419,33522801,33524094,32147120,6533954,7910928
044362,Maumee City,Lucas,2022,5654310,356383,21830525,0,2676271,33255810,33255810,30953288,7910928,10213450
044362,Maumee City,Lucas,2023,5600057,575179,22311769,0,2400494,33950099,33960191,32604405,10213448,11569235
044362,Maumee City,Lucas,2024,6488695,748536,22575879,0,2136252,35233252,35233817,33345000,11569235,13458051
044362,Maumee City,Lucas,2025,6886781,788454,23333798,0,1883293,36050453,36051851,36675953,13458051,12833949
044370,Mayfield City,Cuyahoga,2020,1725508,287061,61619631,0,5734667,74554351,74758760,70651186,52895839,57003413
044370,Mayfield City,Cuyahoga,2021,3061807,360476,60683716,0,5672038,75447774,76183296,74931360,57003413,58255349
044370,Mayfield City,Cuyahoga,2022,2763447,336515,62932879,0,5669423,75248923,75989039,73754382,58255349,60490006
044370,Mayfield City,Cuyahoga,2023,4703804,338858,58891586,0,5660714,76755817,77808900,101826554,60490005,36472351
044370,Mayfield City,Cuyahoga,2024,5123207,585908,63180331,0,5675268,82435348,83056946,86828465,36472351,32700832
044370,Mayfield City,Cuyahoga,2025,5904284,453022,65592601,0,5835416,85128978,85826642,90042313,32700832,28485162
044388,Medina City Sd,Medina,2020,17745277,461112,48279664,0,5359332,77620289,78650255,81970585,57996700,54676370
044388,Medina City Sd,Medina,2021,18583359,82859,50162687,0,5390620,79602210,80555689,84276769,54676370,50955290
044388,Medina City Sd,Medina,2022,16793991,1026586,50818509,0,5414668,79792288,81930303,83606016,50955290,49279577
044388,Medina City Sd,Medina,2023,17301114,910657,51501614,0,5433347,81557305,81790113,91096778,49279524,39972859
044388,Medina City Sd,Medina,2024,17497910,1512986,51997996,0,5490690,83880675,85539016,91851615,39972859,33660260
044388,Medina City Sd,Medina,2025,18063315,1282756,61233436,0,5651618,94959214,107410497,99881711,33660260,41189046
044396,Miamisburg City,Montgomery,2020,15681843,610811,28657737,0,3699298,55152614,55947715,57443062,18981159,17485812
044396,Miamisburg City,Montgomery,2021,16079268,736454,29470127,0,3661075,57979534,59180962,56370912,17485812,20295862
044396,Miamisburg City,Montgomery,2022,15126633,1533846,30755548,0,3634575,56941683,57194309,54543738,20295862,22946433
044396,Miamisburg City,Montgomery,2023,15180505,1529667,30961311,0,3577835,58331861,58925738,57642804,22951273,24234207
044396,Miamisburg City,Montgomery,2024,16825498,2030459,32304672,0,3879146,63404696,64185307,61194332,24234207,27225182
044396,Miamisburg City,Montgomery,2025,16043664,2025174,35543781,0,4217530,67104176,67349761,66288599,27225182,28286344
044404,Middletown City,Butler,2020,35846292,4549079,23217895,0,4872104,74834804,76763336,78709654,21121637,19175319
044404,Middletown City,Butler,2021,36103234,4548254,24412033,0,4227372,76062689,77906501,77188864,19175319,19892956
044404,Middletown City,Butler,2022,27260626,6985046,25494089,0,3642499,70674461,72165612,72026301,19892956,20032267
044404,Middletown City,Butler,2023,32884613,7025016,24879445,0,3287040,75540384,77162694,75542785,20044658,21664567
044404,Middletown City,Butler,2024,38914316,7578783,27051696,0,3556470,86905810,88296946,79725098,21664567,30236415
044404,Middletown City,Butler,2025,43305425,7219697,30074034,0,3881639,94221071,95602590,90898256,30236415,34940750
044412,Mt Healthy City,Hamilton,2020,30175920,1039293,10105492,0,1664841,46124945,46416609,46629368,24040746,23827987
044412,Mt Healthy City,Hamilton,2021,28112846,3279051,10073598,0,1553810,45574761,47470406,48992487,23827987,22305906
044412,Mt Healthy City,Hamilton,2022,21669734,4125407,10966494,0,1515949,40476520,40865163,45237084,22305906,17933985
044412,Mt Healthy City,Hamilton,2023,22196105,3848735,11824725,0,1672966,41877979,41916264,54885057,17933984,4965191
044412,Mt Healthy City,Hamilton,2024,23856424,5674705,10636030,0,1331456,45082682,59566583,60524257,4965191,4007517
044412,Mt Healthy City,Hamilton,2025,22111558,4363179,11076012,0,1504641,42287257,44162424,44908066,4007517,3261875
044420,Mount Vernon City,Knox,2020,16222488,630769,15315026,0,2341411,39890225,40371050,41693088,5487664,4165626
044420,Mount Vernon City,Knox,2021,16701003,649079,16377614,0,2320314,42318614,42683184,41010133,4165626,5838677
044420,Mount Vernon City,Knox,2022,16328247,1320493,17045009,0,2318654,41434255,42007648,37998672,5838677,9847653
044420,Mount Vernon City,Knox,2023,16164603,1366226,17300084,0,2294552,42338305,42459744,42121084,9847630,10186290
044420,Mount Vernon City,Knox,2024,17423685,1485454,19506189,0,2555990,46419912,46487332,42180514,10186290,14493108
044420,Mount Vernon City,Knox,2025,16233730,3310533,22141332,0,2848685,50992917,51067774,52642038,14493108,12918844
044438,Napoleon Area City,Henry,2020,8693605,242900,8658148,0,1707628,23387531,23758255,23208405,16432138,16981988
044438,Napoleon Area City,Henry,2021,8910087,260845,8760156,0,1505645,23205598,23451269,23610874,16981988,16822383
044438,Napoleon Area City,Henry,2022,7878737,543753,9262267,0,1299462,21658163,21806210,22442996,16822383,16185597
044438,Napoleon Area City,Henry,2023,7946221,508304,8700335,0,1089876,21162301,21302926,22920008,15991282,14374200
044438,Napoleon Area City,Henry,2024,7907213,415352,9381561,0,973104,21834934,22189743,23501866,14374200,13062077
044438,Napoleon Area City,Henry,2025,7925120,651296,9911089,0,980822,22831389,23050255,24360649,13062077,11751683
044446,Nelsonville-York City,Athens,2020,9351574,1290308,1637293,0,256415,14758536,14800975,15316743,6109933,5594165
044446,Nelsonville-York City,Athens,2021,9440796,1300196,1803430,0,258365,15059844,15151050,14387010,5594165,6358205
044446,Nelsonville-York City,Athens,2022,9695474,1624132,1765290,0,264169,14913108,14989329,14707849,6358205,6639685
044446,Nelsonville-York City,Athens,2023,9506878,1797391,1788828,0,261122,15246133,15247634,15330877,6639685,6556442
044446,Nelsonville-York City,Athens,2024,10087864,1754599,1944800,0,280181,16083090,16100283,17273352,6556442,5383373
044446,Nelsonville-York City,Athens,2025,10128135,1498364,2092993,0,296114,16052592,16240132,14554830,5383373,7068675
044453,Newark City,Licking,2020,38989126,1,19402937,10059140,2698085,76666553,77838988,75385440,41425110,43878658
044453,Newark City,Licking,2021,39335195,0,20732417,9897328,2819117,78010329,79990417,77107605,43878658,46761470
044453,Newark City,Licking,2022,35397670,3307917,21638620,11479422,2951550,78673115,78919396,75710445,46761470,49970420
044453,Newark City Schools,Licking,2023,34514713,3666943,21457132,12817037,2946162,81199539,81752541,78560941,49970418,53162018
044453,Newark City Schools,Licking,2024,38069131,4175410,25023803,12572683,3271242,90324700,91564358,88601192,53162018,56125184
044453,Newark City Schools,Licking,2025,37523235,6213962,27838014,13985609,3607316,95363045,96954832,115364517,56125184,37715499
044461,New Boston Local,Scioto,2020,3131810,339550,1069722,0,43992,5825550,5878966,5118843,3559098,4319221
044461,New Boston Local,Scioto,2021,3162265,287204,1122774,0,43367,5876071,5952678,5429907,4319221,4841992
044461,New Boston Local,Scioto,2022,3314617,550300,1159518,0,42728,5766815,5872905,6040464,4841992,4674433
044461,New Boston Local,Scioto,2023,3784281,716337,808324,0,44284,6084855,6537836,6759553,4674432,4452716
044461,New Boston Local,Scioto,2024,4015768,747885,725851,0,46501,6221942,6453513,7383943,4452716,3522286
044461,New Boston Local,Scioto,2025,4335937,772763,1252343,0,45639,6743805,7014982,7704079,3522286,2833189
044479,New Lexington School District,Perry,2020,13937177,2147176,2632844,0,416286,22625057,23039221,21929962,459409,1568668
044479,New Lexington School District,Perry,2021,14059611,2137608,2838065,0,431225,24466093,24838704,22336807,1568668,4070565
044479,New Lexington School District,Perry,2022,14234329,2633895,2867352,0,473390,23788131,24127315,22931771,4070565,5266109
044479,New Lexington School District,Perry,2023,13934564,2993211,3030655,0,453909,23977762,24692305,24143963,5266111,5814452
044479,New Lexington School District,Perry,2024,14574183,3180293,3348555,0,507089,25505896,25550211,25392078,5814452,5972585
044479,New Lexington School District,Perry,2025,14351416,2884298,3754502,0,566403,25587950,25704813,28236094,5972585,3441304
044487,New Philadelphia City,Tuscarawas,2020,12508435,274398,14156791,0,1597150,31442200,31802291,33085226,4411208,3128273
044487,New Philadelphia City,Tuscarawas,2021,12862119,291971,14510070,0,1642042,32417121,34534536,34358374,3128273,3304435
044487,New Philadelphia City,Tuscarawas,2022,11475098,576909,14446927,0,1628600,30604264,30853040,31706298,3304435,2451177
044487,New Philadelphia City,Tuscarawas,2023,12082623,1070555,15225877,0,1681498,32760767,35531549,36321072,2451179,1661656
044487,New Philadelphia City,Tuscarawas,2024,13239307,1424447,15484407,0,1752946,34721236,36938678,36242659,1661656,2357674
044487,New Philadelphia City,Tuscarawas,2025,13302949,3016950,15809899,0,1759594,36738520,37044895,37091437,2357674,2311133
044495,Niles City,Trumbull,2020,16082442,1402404,6490571,0,1513969,27211341,27830767,25804284,376963,2403446
044495,Niles City,Trumbull,2021,16217525,1364654,6835922,0,932726,27250530,27252662,25817028,2403446,3839080
044495,Niles City,Trumbull,2022,14678347,1441318,7197833,0,1143543,25445808,25450606,21964750,3839080,7324936
044495,Niles City,Trumbull,2023,14211524,1975292,7292686,0,1092168,26057839,26063344,24276470,7308840,9095714
044495,Niles City,Trumbull,2024,15424873,2160963,7739650,0,1118405,29250404,29255878,24931867,9095714,13419725
044495,Niles City,Trumbull,2025,15295514,2458421,8064436,0,1160796,28725742,28727614,34217229,13419725,7930110
044503,North Canton City,Stark,2020,15153786,581850,30138586,0,3183523,50584453,52660107,48302913,13080900,17438094
044503,North Canton City,Stark,2021,15748329,586894,31400534,0,3193191,53369737,55019319,47824236,17438094,24633178
044503,North Canton City,Stark,2022,14555373,1398228,31960789,0,3196390,52863111,54271116,51821174,24633178,27083120
044503,North Canton City,Stark,2023,14709390,1419297,32459897,0,3181137,53824836,54463267,54082829,27083119,27463557
044503,North Canton City,Stark,2024,14987122,1688478,32359061,0,3201106,55317157,56880137,56313745,27463557,28029949
044503,North Canton City,Stark,2025,15102595,1754568,34696639,0,3256827,58388004,59182244,63377970,28029949,23834223
044511,North College Hill City,Hamilton,2020,12863981,159481,3282762,0,436174,18126889,18432541,19176254,6470960,5727247
044511,North College Hill City,Hamilton,2021,13081967,39192,3596067,0,433953,18197400,18770190,19761728,5727247,4735709
044511,North College Hill City,Hamilton,2022,10911178,797864,3379366,0,427016,16335404,16720735,17609279,4735709,3847165
044511,North College Hill City,Hamilton,2023,11149338,1361467,3404549,0,427094,17575970,18298526,18730953,3847163,3414737
044511,North College Hill City,Hamilton,2024,12233977,1775618,3526818,0,437217,19347787,20377933,16729730,3414737,7062940
044511,North College Hill City,Hamilton,2025,12604703,1552932,3720543,0,443653,19793307,19898049,20824792,7062940,6136196
044529,North Olmsted City,Cuyahoga,2020,8149794,410276,39105328,0,4485753,56240111,56834081,57351414,16531897,16014564
044529,North Olmsted City,Cuyahoga,2021,8812760,369510,36616974,0,4452907,55505615,56494940,57071762,16014564,15437742
044529,North Olmsted City,Cuyahoga,2022,8129038,1040543,38402412,0,4383314,56810335,56856247,59546517,15437742,12747472
044529,North Olmsted City,Cuyahoga,2023,7842866,1091875,40966986,0,4369104,59595234,59935234,57010276,12747475,15672433
044529,North Olmsted City,Cuyahoga,2024,8259951,1146134,41913334,0,4435791,63286584,63335173,57650941,15672433,21356665
044529,North Olmsted City,Cuyahoga,2025,8136920,3300390,42463389,0,4437908,65414383,66407930,61842690,21356665,25921905
044537,North Ridgeville City,Lorain,2020,12257722,56496,24954426,0,3840305,44024674,51731806,53697920,25182134,23216020
044537,North Ridgeville City,Lorain,2021,12537960,361733,25388266,0,3884934,45702195,49023929,47565765,23216020,24674184
044537,North Ridgeville City,Lorain,2022,11224841,1197951,27544914,0,4174802,49321508,49426327,48880854,24674184,25219657
044537,North Ridgeville City,Lorain,2023,11565090,1147288,30088120,0,4475388,51524055,51609904,49337800,25219655,27491759
044537,North Ridgeville City,Lorain,2024,11434841,1343709,31920196,0,4602970,53004482,53038506,53501539,27491759,27028726
044537,North Ridgeville City,Lorain,2025,11476606,1200868,34102745,0,5087803,57622653,57656542,62838326,27028726,21846942
044545,North Royalton City,Cuyahoga,2020,5575399,151288,37960783,0,5279535,52433031,53029958,52496145,16561329,17095143
044545,North Royalton City,Cuyahoga,2021,5944163,175507,36632095,0,5150641,50936908,51659665,51218673,17095143,17536134
044545,North Royalton City,Cuyahoga,2022,5289826,415206,40041578,0,5411803,54675909,55475784,51858502,17536134,21153416
044545,North Royalton City,Cuyahoga,2023,5531173,508758,41072378,0,5555646,57007562,57011405,54853088,21153416,23311733
044545,North Royalton City,Cuyahoga,2024,5863244,667228,40690508,0,5463046,57934139,58112206,57174635,23311733,24249304
044545,North Royalton City,Cuyahoga,2025,6113285,817865,45806634,0,6218260,64482247,64514874,60501695,24249304,28262483
044552,Norton City,Summit,2020,7434934,429945,7392637,1034897,1102959,23633128,24778221,24688119,99618,189720
044552,Norton City,Summit,2021,7663144,372797,7447269,1468336,1101552,24414086,25786704,24455013,189720,1521411
044552,Norton City,Summit,2022,11055194,978841,7807307,1786465,1094203,25914190,25937534,23162792,1521411,4296153
044552,Norton City,Summit,2023,10330827,966980,7875529,2061017,1094596,25258779,25355604,25249796,4296154,4401962
044552,Norton City,Summit,2024,10666294,1173535,8150425,2015990,1117315,26796394,26811901,25856136,4401962,5357727
044552,Norton City,Summit,2025,10235810,2457240,9074593,2164230,1138728,28407146,28431674,28540781,5357727,5248619
044560,Norwalk City,Huron,2020,14371783,621975,7513980,2400762,911542,28369387,28441937,29139043,6794998,6097892
044560,Norwalk City,Huron,2021,14697823,621970,7556189,2322251,915800,28744200,29073035,29588548,6097892,5582379
044560,Norwalk City,Huron,2022,13759325,1279126,7767788,2611581,952115,27956066,28254519,27864825,5582379,5972073
044560,Norwalk City,Huron,2023,13979146,1247940,8104070,2965902,988486,28998944,29028778,29062008,5972074,5938844
044560,Norwalk City,Huron,2024,15082796,1497231,8135760,2994530,995698,30917361,30954243,31088451,5938844,5804636
044560,Norwalk City,Huron,2025,15378898,2702339,8963390,3265536,1124813,33504484,33548806,33549216,5804636,5804226
044578,Norwood City,Hamilton,2020,6600645,900543,14879299,0,1507003,28962593,29312777,28651937,9625776,10286616
044578,Norwood City,Hamilton,2021,6836326,964919,14709409,0,1442865,28921948,29284823,28426994,10286616,11144445
044578,Norwood City,Hamilton,2022,5836530,1392932,15325301,0,1380803,28942629,28999159,26507624,11144445,13635980
044578,Norwood City,Hamilton,2023,5431879,1841337,15472380,0,1342241,29269267,29440484,28925366,13635980,14151098
044578,Norwood City,Hamilton,2024,5473438,1867911,16511446,0,1511164,31341130,31375737,30770066,14151098,14756769
044578,Norwood City,Hamilton,2025,5937508,1509365,17548796,0,1677483,32001580,32237971,32868502,14756769,14126238
044586,Oakwood City,Montgomery,2020,6294529,60428,19961282,0,2235632,28832954,29014628,27839212,6275726,7451142
044586,Oakwood City,Montgomery,2021,6563722,63056,20412140,0,2240642,29885479,30281891,26487443,7451142,11245590
044586,Oakwood City,Montgomery,2022,6191812,421857,21022069,0,2233576,30731923,30849814,28926737,11245590,13168667
044586,Oakwood City,Montgomery,2023,6212610,403615,20942422,0,2225891,31014165,31271446,29203640,13168668,15236474
044586,Oakwood City,Montgomery,2024,6234018,503980,22038800,0,2240050,32961053,33074465,30769909,15236474,17541030
044586,Oakwood City,Montgomery,2025,6249580,467678,23563731,0,2262451,34771644,34840543,38491142,17541030,13890431
044594,Oberlin City Schools,Lorain,2020,3334142,317664,4419912,4784449,553976,15307866,15417307,15872347,7671183,7216143
044594,Oberlin City Schools,Lorain,2021,3427401,317133,4556813,4999077,550089,16183802,16213262,14404511,7216143,9024894
044594,Oberlin City Schools,Lorain,2022,3051555,557649,4847461,5066047,576729,16322093,16366607,14468192,9024894,10923309
044594,Oberlin City Schools,Lorain,2023,3073208,432573,5172151,6337628,601937,17584117,17622957,19339613,10905807,9189151
044594,Oberlin City Schools,Lorain,2024,3089295,423349,5115135,5946329,602789,17171151,19345144,16923301,9189151,11610994
044594,Oberlin City Schools,Lorain,2025,3076246,422765,5817168,7052336,677166,20426369,22160516,19102820,11610994,14668691
044602,Oregon City,Lucas,2020,12023952,803798,22233134,0,5000358,45241883,45823820,44342115,18502058,19983763
044602,Oregon City,Lucas,2021,12080562,804748,23034516,0,4674937,45857991,46877819,45318947,19983763,21542635
044602,Oregon City,Lucas,2022,13886545,1435959,24383893,0,4358536,47592414,48912043,44804546,21542635,25650132
044602,Oregon City,Lucas,2023,13586783,1448138,24857770,0,4089809,47615085,48922384,48000284,25650130,26572230
044602,Oregon City,Lucas,2024,15335102,1786445,19777698,0,3750645,48585900,50199434,50513395,26572230,26258269
044602,Oregon City,Lucas,2025,15811965,1619615,21426317,0,3604319,51012956,53066772,62575901,26258269,16749140
044610,Orrville City,Wayne,2020,6585433,142756,8610308,0,876994,17679528,17679528,17511840,9050083,9217771
044610,Orrville City,Wayne,2021,6801801,28665,8760297,38221,852646,17844131,17844131,17646392,9217771,9415510
044610,Orrville City,Wayne,2022,6274777,608180,9149214,43855,853333,17416305,17416305,16428850,9415510,10402965
044610,Orrville City,Wayne,2023,6561261,596633,9172292,26709,830685,17963867,17963867,16878113,10398219,11483973
044610,Orrville City,Wayne,2024,7119007,700360,9857155,0,927350,19588987,19588987,19462839,11483973,11610121
044610,Orrville City,Wayne,2025,6873193,653883,10717131,44440,1024533,20263019,20263019,26409294,11610121,5463847
044628,Painesville City Local,Lake,2020,26491442,1653174,6915708,0,753604,37589066,38108584,37174814,6048212,6981982
044628,Painesville City Local,Lake,2021,26657593,1653845,6986563,0,750099,38464341,40723172,36044625,6981982,11660528
044628,Painesville City Local,Lake,2022,23690020,3096683,7026230,0,737598,35972571,36184778,34481592,11660528,13363715
044628,Painesville City Local,Lake,2023,25324566,3958465,6743562,0,729956,38677299,39059906,43203197,13363715,9220423
044628,Painesville City Local,Lake,2024,26213465,4288716,6972517,0,737830,39980569,40367192,37441826,9220423,12145789
044628,Painesville City Local,Lake,2025,27778290,4446272,7037130,0,740916,41823049,42411919,42390428,12145789,12167280
044636,Parma City,Cuyahoga,2020,32871426,2823770,92254241,0,14218095,153997495,155795970,146729243,14982344,24049071
044636,Parma City,Cuyahoga,2021,33575633,2776695,90629499,0,13963597,152251873,154370477,150054988,24049071,28364560
044636,Parma City,Cuyahoga,2022,17918140,3776096,98685726,0,14280978,146606553,148643136,137480382,28364560,39527314
044636,Parma City,Cuyahoga,2023,17772214,3822493,98239201,0,14066032,147878817,151908964,148211978,39527314,43224300
044636,Parma City,Cuyahoga,2024,20274488,4633506,94397008,0,13543511,147067284,150565586,142732142,43224300,51057744
044636,Parma City,Cuyahoga,2025,19128393,9724822,102045148,0,14450723,160245264,162810769,156785824,51057744,57082689
044644,Piqua City,Miami,2020,17911768,692063,9988696,6740773,1374114,38773225,38996074,38353760,16542458,17184772
044644,Piqua City,Miami,2021,18301268,538271,10227355,6887899,1393285,39013698,39644590,36685171,17184772,20144191
044644,Piqua City,Miami,2022,17473625,1284770,10147917,7506984,1266629,39511491,40190971,40180631,20144191,20154531
044644,Piqua City,Miami,2023,18115029,1397345,10905813,8284893,1303676,41946766,42942377,42784978,20154532,20311931
044644,Piqua City,Miami,2024,20136755,1833908,12040515,8601479,1530347,46987564,47545975,47528552,20311931,20329354
044644,Piqua City,Miami,2025,20502060,3249884,11887449,9009109,1495692,50040008,50563340,50359949,20329354,20532745
044651,Port Clinton City,Ottawa,2020,2435576,164514,14882562,0,1660513,20894057,20894263,21091667,9684005,9486601
044651,Port Clinton City,Ottawa,2021,2879725,171367,15294574,0,1676156,21566516,21566516,21130244,9486601,9922874
044651,Port Clinton City,Ottawa,2022,2958467,283313,16635575,0,1806501,22677321,22678554,22614917,9922874,9986511
044651,Port Clinton City,Ottawa,2023,2910844,345293,15779590,0,1927094,24076289,24077376,24065047,9986510,9998839
044651,Port Clinton City,Ottawa,2024,2741654,439461,16255648,0,1974303,25204643,25204643,25205992,9998839,9997490
044651,Port Clinton City,Ottawa,2025,2150519,1169618,19116872,0,2279581,28381225,28381225,28013299,9997490,10365416
044669,Portsmouth City,Scioto,2020,20213427,596617,4975119,0,590539,27350911,27526120,27933859,607927,200188
044669,Portsmouth City,Scioto,2021,21016872,96172,5123319,0,586684,27939782,28143337,27254664,200188,1088861
044669,Portsmouth City,Scioto,2022,15026550,713527,5179719,0,584055,22664937,22695283,22255778,1088861,1528366
044669,Portsmouth City,Scioto,2023,12367533,2270572,4734490,0,622698,21450240,21483239,22011521,1528368,1000086
044669,Portsmouth City,Scioto,2024,12532606,2133037,4796309,0,619127,21947546,22386844,21598376,1000086,1788554
044669,Portsmouth City,Scioto,2025,12763641,2202550,5068876,0,627263,22387954,25756428,25412697,1788554,2132285
044677,Princeton City,Hamilton,2020,5213580,902499,48966387,0,13445354,79150383,80426603,81439187,39231159,38218575
044677,Princeton City,Hamilton,2021,5954722,984545,52766805,0,12619914,82715712,84371415,81296117,38218575,41293873
044677,Princeton City,Hamilton,2022,6669838,1428885,54026675,0,11779540,85302135,86743557,81250344,41293873,46787086
044677,Princeton City,Hamilton,2023,7160151,2093738,54964498,0,10617114,87367540,88820305,85685728,46786862,49921439
044677,Princeton City,Hamilton,2024,9336993,2922874,54768647,0,9727422,91019146,92245226,94308126,49921439,47858538
044677,Princeton City,Hamilton,2025,9892997,2745159,56427546,0,8845519,92706634,97487695,112768796,47858538,32577437
044685,Ravenna City,Portage,2020,13670423,2260528,9183452,0,1468623,28758976,29218036,30088689,4416239,3545586
044685,Ravenna City,Portage,2021,13874500,2214597,9240093,0,1270239,29034138,30541769,30583562,3545586,3503793
044685,Ravenna City,Portage,2022,11622609,1977541,9252971,0,1258106,26261337,26676970,29133582,3503793,1047181
044685,Ravenna City,Portage,2023,11410763,2994251,7880223,0,1235464,26130745,27786744,27602229,1047181,1231696
044685,Ravenna City,Portage,2024,12091910,2968477,9457676,0,1239789,28383307,29651104,29952491,1231696,930309
044685,Ravenna City,Portage,2025,11618918,2742965,9820881,0,1252546,28159068,31062422,29516190,930309,2476542
044693,Reading Community City,Hamilton,2020,4848332,269030,6769996,0,1279403,16340750,16573468,17179974,4150659,3544153
044693,Reading Community City,Hamilton,2021,4978971,269308,6854737,0,1176257,16854778,16921989,14668928,3544153,5797214
044693,Reading Community City,Hamilton,2022,6885980,607316,7235977,0,1031409,17516084,17579825,16161173,5797214,7215866
044693,Reading Community City,Hamilton,2023,7067900,606254,8138260,0,921724,18706495,18715588,16470265,7215890,9461213
044693,Reading Community City,Hamilton,2024,7987729,772641,9246016,0,831763,21396630,21425566,17954841,9461213,12931938
044693,Reading Community City,Hamilton,2025,8129060,738247,9215428,0,775227,21542245,21703320,26317258,12931938,8318000
044701,Rocky River City,Cuyahoga,2020,1548628,211711,33487771,0,3649566,41274728,41982729,41626359,8835775,9192145
044701,Rocky River City,Cuyahoga,2021,1759073,272115,33787825,0,3616971,41498093,42330998,41500155,9192145,10022988
044701,Rocky River City,Cuyahoga,2022,1638341,585502,34701638,0,3616820,42554617,42850153,42273721,10022988,10599420
044701,Rocky River City,Cuyahoga,2023,1800855,582447,37450472,0,3635673,46165189,46371443,44072359,10599321,12898405
044701,Rocky River City,Cuyahoga,2024,2541132,811004,40092971,0,3679238,50320035,50540764,47880799,12898405,15558370
044701,Rocky River City,Cuyahoga,2025,3016590,846291,40143059,0,3760359,51064316,51266933,50808376,15558370,16016927
044719,St Bernard-Elmwood Place City,Hamilton,2020,4698546,488422,4836854,0,2111863,14729384,14755767,13340674,16523183,17938276
044719,St Bernard-Elmwood Place City,Hamilton,2021,4802072,506764,4838314,0,1794167,14204556,14486537,14417756,17938276,18007057
044719,St Bernard-Elmwood Place City,Hamilton,2022,5096201,861599,5344529,0,1488250,14315083,14766444,11340219,18007057,21433282
044719,St Bernard-Elmwood Place City,Hamilton,2023,5354143,884326,5256927,0,1303084,14907852,14962740,12531103,21433315,23864952
044719,St Bernard-Elmwood Place City,Hamilton,2024,6034451,982989,5588088,0,1261345,17408745,17967364,14173856,23864952,27658460
044719,St Bernard-Elmwood Place City,Hamilton,2025,6271268,1063585,6105637,0,1259403,17216711,18905669,25070561,27658460,21493568
044727,St Marys City,Auglaize,2020,10300718,462147,6665902,2425669,998886,22236602,22607522,21134515,3396580,4869587
044727,St Marys City,Auglaize,2021,10533239,495241,7006086,2755050,982092,23564062,23665105,21213575,4869587,7321117
044727,St Marys City,Auglaize,2022,10402152,899785,7302713,3012340,968717,23463365,24332868,21255120,7321117,10398865
044727,St Marys City,Auglaize,2023,10389798,896780,7386979,3397357,942015,24566802,24630378,22917299,10398834,12111913
044727,St Marys City,Auglaize,2024,11474680,1056174,8163116,3397417,1032014,27202331,27302625,23887022,12111913,15527516
044727,St Marys City,Auglaize,2025,11903235,951648,8796881,3667168,1133749,28919862,29074086,36536236,15527516,8065366
044735,Salem City,Columbiana,2020,8909284,333558,8374426,912,1300581,21306231,21510411,21656790,2578360,2431981
044735,Salem City,Columbiana,2021,9056575,382358,8592497,590,1251775,21525133,21780809,21249931,2431981,2962859
044735,Salem City,Columbiana,2022,8365257,728648,8742721,374,1219565,21287962,21404365,20710709,2962859,3656515
044735,Salem City,Columbiana,2023,8717833,1114417,9195170,790,1233729,22209928,22210832,20856275,3656518,5011075
044735,Salem City,Columbiana,2024,9877579,1424504,9712893,1,1281931,24604763,24697612,22966709,5011075,6741978
044735,Salem City,Columbiana,2025,10790737,2078171,9643938,5756,1292514,26083074,26264234,23980270,6741978,9025942
044743,Sandusky City,Erie,2020,19225623,3232078,17646778,0,2987644,46878847,47302190,49205070,11194871,9291991
044743,Sandusky City,Erie,2021,19660012,3204337,17807114,0,2673513,47350454,48748689,45148586,9291991,12892094
044743,Sandusky City,Erie,2022,14533442,4272850,18180491,0,2345011,42980160,43550694,46786428,12892094,9656360
044743,Sandusky City,Erie,2023,17980401,4486922,18157273,0,2032368,47514545,49865712,47205673,9656359,12316398
044743,Sandusky City,Erie,2024,20095000,4752235,18381525,0,1855582,51148278,51399411,49261060,12316398,14454749
044743,Sandusky City,Erie,2025,21940126,4417395,19347654,0,1828195,52323210,52589590,52783020,14454749,14261319
044750,Shaker Heights City,Cuyahoga,2020,16495457,1002247,66747567,0,8641632,101001636,101001636,97700277,56515915,59817274
044750,Shaker Heights City,Cuyahoga,2021,16825104,963933,65365877,0,8598717,101749654,101749654,94906497,59817274,66660431
044750,Shaker Heights City,Cuyahoga,2022,15292827,2191905,68059390,0,8575426,102110285,102110285,97357707,66660431,71413009
044750,Shaker Heights City,Cuyahoga,2023,15641391,2210926,68079070,0,8543075,104118703,104118703,104874657,71413009,70657055
044750,Shaker Heights City,Cuyahoga,2024,15940045,2073719,71149166,0,8572348,107588741,107588741,115077567,70657055,63168229
044750,Shaker Heights City,Cuyahoga,2025,16177994,1797731,69818275,0,8614772,106560481,106560481,119405615,63168229,50323095
044768,Sheffield-Sheffield Lake City,Lorain,2020,4382780,221560,12126406,0,1239956,20230516,20382745,20612364,7388202,7158583
044768,Sheffield-Sheffield Lake City,Lorain,2021,4585705,224969,11949310,0,1225201,20361932,20735975,20470829,7158583,7423729
044768,Sheffield-Sheffield Lake City,Lorain,2022,4869214,518744,13376206,0,1243095,21820317,21842039,21259230,7423729,8006539
044768,Sheffield-Sheffield Lake City,Lorain,2023,4877843,703129,13520823,0,1274080,21416379,21423805,22100091,8006539,7330253
044768,Sheffield-Sheffield Lake City,Lorain,2024,4919243,673282,14257489,0,1290626,22032771,22520234,24690113,7330253,5160374
044768,Sheffield-Sheffield Lake City,Lorain,2025,4999987,744477,14159876,0,1420138,23619292,23675692,24400230,5160374,4435836
044776,Shelby City,Richland,2020,10178403,319745,4818471,2800881,785025,24148582,24506847,24554016,12306679,12259510
044776,Shelby City,Richland,2021,10418409,351031,4777958,2703531,693349,23690238,24101717,23617492,12259510,12743735
044776,Shelby City,Richland,2022,10062416,764731,4646167,3120286,683748,23355462,23411730,22030264,12743735,14125201
044776,Shelby City,Richland,2023,10022479,771265,4987341,3545434,679575,24105275,24728322,24201226,14125204,14652300
044776,Shelby City,Richland,2024,10682608,1017840,5487106,4279973,755387,26658590,26691834,24692966,14652300,16651168
044776,Shelby City,Richland,2025,10262721,939549,5965584,3572364,832001,26351858,26390006,28801621,16651168,14239553
044784,Sidney City,Shelby,2020,18702546,626852,12587089,0,1843698,35856420,36117976,39590602,19431306,15958680
044784,Sidney City,Shelby,2021,19087967,626842,13131397,0,1810114,36983630,37228394,38124521,15958680,15062553
044784,Sidney City,Shelby,2022,15144608,1294897,14194217,305173,1770073,34138892,34172954,33112986,15062553,16122521
044784,Sidney City,Shelby,2023,14998543,1500659,13930250,3080974,1720754,36921322,37289567,37702280,16122341,15709628
044784,Sidney City,Shelby,2024,16416316,1612109,15413275,4267629,1863582,41868346,43038710,39029726,15709628,19718612
044784,Sidney City,Shelby,2025,16008852,1436062,16554125,4673532,1982020,43372528,44187887,52668490,19718612,11238009
044792,South Euclid-Lyndhurst City,Cuyahoga,2020,7303605,869779,42697883,0,5781183,59862968,60772239,61569035,15329909,14533113
044792,South Euclid-Lyndhurst City,Cuyahoga,2021,7863734,885515,45433051,0,5810587,62141150,62454053,60649214,14533113,16337952
044792,South Euclid-Lyndhurst City,Cuyahoga,2022,4993618,1236378,50029377,0,5823237,64377800,65009584,66176552,16337952,15170984
044792,South Euclid-Lyndhurst City,Cuyahoga,2023,5141433,1409113,49966153,0,5734501,65617354,72962042,63300141,15170982,24832883
044792,South Euclid-Lyndhurst City,Cuyahoga,2024,5559320,1421445,50484103,0,5751288,67261973,68943371,65797140,24832883,27979114
044792,South Euclid-Lyndhurst City,Cuyahoga,2025,5120356,2909632,49997525,0,5767221,68122321,68663071,70503729,27979114,26138456
044800,South-Western City,Franklin,2020,135956525,10164373,104878222,0,10204490,286878284,289653153,271474003,201921950,220101100
044800,South-Western City,Franklin,2021,138515585,9796704,106114774,0,10134793,285545830,292606160,273260471,220101100,239446789
044800,South-Western City,Franklin,2022,123916604,17058439,98919464,0,10173657,276377470,288009099,277377972,239446789,250077916
044800,South-Western City,Franklin,2023,125322454,19457729,99825149,0,9526194,294896146,300703661,302234149,250077912,248547424
044800,South-Western City,Franklin,2024,138536202,22928604,105747157,0,9726768,321982135,327638382,316279360,248547424,259906446
044800,South-Western City,Franklin,2025,136522520,23809744,106355685,0,10194979,322576288,326356231,440624134,259906446,145638542
044818,Springfield City School District,Clark,2020,69338563,7927401,21660132,0,2567430,105728009,106372199,99975977,41710027,48106249
044818,Springfield City School District,Clark,2021,69889547,7947419,22649691,0,2525437,106652196,109566224,105916739,48106249,51755734
044818,Springfield City School District,Clark,2022,60425385,9438065,23852241,0,2473776,98858654,103649894,95231428,51755734,60174200
044818,Springfield City School District,Clark,2023,60026332,11176274,24022353,0,2451148,102330193,108406604,97343805,60174213,71237012
044818,Springfield City School District,Clark,2024,63441294,11501818,24711703,0,2459545,108236293,123557485,116934823,71237012,77859674
044818,Springfield City School District,Clark,2025,65774950,11311163,25103680,0,2465724,110789084,111310168,121968982,77859674,67200860
044826,Steubenville City,Jefferson,2020,13339911,2233629,3439081,0,417327,24845602,24932973,24540404,7198415,7590984
044826,Steubenville City,Jefferson,2021,13486278,2152337,3609347,0,410281,25317819,25522699,24481517,7590984,8632166
044826,Steubenville City,Jefferson,2022,16802964,3101020,3696611,0,406602,24786905,24963739,26286273,8632166,7309632
044826,Steubenville City,Jefferson,2023,18141732,3976687,3700989,0,401338,26929585,27364104,26595751,7309632,8077985
044826,Steubenville City,Jefferson,2024,21145676,4429961,3711004,0,401008,30880920,30921389,36491636,8077985,2507738
044826,Steubenville City,Jefferson,2025,23139555,4330696,4162718,0,446048,33179986,33180923,31376448,2507738,4312213
044834,Stow-Munroe Falls City School District,Summit,2020,12010800,488379,34490427,0,4657764,57426154,58467317,61238381,19711250,16940186
044834,Stow-Munroe Falls City School District,Summit,2021,13362123,373352,35480141,0,4683963,59590977,60532619,64360365,16940186,13112440
044834,Stow-Munroe Falls City School District,Summit,2022,14922126,1355750,36952160,0,4699038,61260991,61264418,64475166,13112440,9901692
044834,Stow-Munroe Falls City School District,Summit,2023,14515641,1852011,40829613,0,4721157,65016740,65029607,69795733,9901705,5135579
044834,Stow-Munroe Falls City School District,Summit,2024,16111866,2125227,47382231,0,5029803,75118836,75125122,71548108,5135579,8712593
044834,Stow-Munroe Falls City School District,Summit,2025,15358573,2343007,50281713,0,5305157,76795004,76793613,74826288,8712593,10679918
044842,Strongsville City,Cuyahoga,2020,8741678,72471,57258846,0,6231907,79014034,79743297,70674447,32633495,41702345
044842,Strongsville City,Cuyahoga,2021,9363778,72470,57859774,0,6331252,83996738,85296599,73908408,41702345,53090536
044842,Strongsville City,Cuyahoga,2022,7915445,546099,57748008,0,6359822,83375132,83853856,74604016,53090536,62340376
044842,Strongsville City,Cuyahoga,2023,8492883,477599,61256545,0,6355473,88041930,88316948,104609105,62340417,46048260
044842,Strongsville City,Cuyahoga,2024,8740995,755619,61621545,0,6393548,90263116,90572897,85321893,46048260,51299264
044842,Strongsville City,Cuyahoga,2025,9086290,778039,56947583,0,6474336,86295648,86547357,89760489,51299264,48086132
044859,Struthers City,Mahoning,2020,12196654,848079,3940166,0,832912,20561015,20822456,20313685,8945662,9454433
044859,Struthers City,Mahoning,2021,12362964,847926,4006292,0,807225,20762140,20953487,19450157,9454433,10957763
044859,Struthers City,Mahoning,2022,12679620,1354534,4090464,0,787116,19918259,20097643,18521493,10957763,12533913
044859,Struthers City,Mahoning,2023,12838363,1567669,3991341,0,778323,20462179,20482087,19139593,12533882,13876376
044859,Struthers City,Mahoning,2024,13790132,1603613,4207929,0,756281,21954569,21954569,20023332,13876376,15807613
044859,Struthers City,Mahoning,2025,13973653,2107783,4437248,0,734549,23090518,23091468,27389622,15807613,11509459
044867,Sycamore Community City,Hamilton,2020,3947952,314567,68531535,0,7685545,87606633,87667889,82817335,49952638,54803192
044867,Sycamore Community City,Hamilton,2021,4080060,341757,66035336,0,6693816,87124411,88453021,85127159,54803192,58129054
044867,Sycamore Community City,Hamilton,2022,3911780,925771,65313551,0,5675599,88428792,88582079,88824885,58129054,57886248
044867,Sycamore Community City,Hamilton,2023,4345165,1045817,65112697,0,4643321,90221022,91494783,105050527,57887035,44331291
044867,Sycamore Community City,Hamilton,2024,6631671,1161455,68287521,0,4729268,97460464,97648882,96916236,44331291,45063937
044867,Sycamore Community City,Hamilton,2025,7636329,1269817,69496991,0,4820945,99093235,101061503,110068486,45063937,36056954
044875,Sylvania Schools,Lucas,2020,17481220,730476,62033448,0,7170287,93682561,94552098,89784546,20999888,25767440
044875,Sylvania Schools,Lucas,2021,18486717,735797,60579331,0,7191734,94015758,94356369,94071001,25767440,26052808
044875,Sylvania Schools,Lucas,2022,16368753,1526060,64045430,0,7230208,96184927,97638922,91959077,26052808,31732653
044875,Sylvania Schools,Lucas,2023,16089474,1513835,64883824,0,7229234,97339764,97611921,93101521,31732652,36243052
044875,Sylvania Schools,Lucas,2024,18733637,2245029,65023110,0,7248113,102162592,102228259,100268194,36243052,38203117
044875,Sylvania Schools,Lucas,2025,18391459,2455740,66673754,0,7318524,104136240,104177205,110148689,38203117,32231633
044883,Tallmadge City,Summit,2020,8940145,284915,16966115,0,2102559,29830210,29830210,29477817,2656267,3008660
044883,Tallmadge City,Summit,2021,9277770,223144,18445841,0,2137144,31781330,31781330,28950463,3008660,5839527
044883,Tallmadge City,Summit,2022,8936613,325011,18806388,0,2115063,31948448,31948448,31962241,5839527,5825733
044883,Tallmadge City,Summit,2023,8694154,301764,18736420,0,2108433,31417961,31417961,31404359,5826745,5840347
044883,Tallmadge City,Summit,2024,10249801,475457,19682957,0,2117938,34422089,34422089,35222057,5840347,5040379
044883,Tallmadge City,Summit,2025,10820579,380889,20001853,0,2127552,35498817,35498817,37163281,5040379,3375915
044891,Tiffin City Schools,Seneca,2020,12878473,358402,9383239,0,1353407,28679369,29002126,30104046,18023797,16921877
044891,Tiffin City Schools,Seneca,2021,13202490,399839,9845598,0,1332331,29528070,30305770,29659894,16921877,17567753
044891,Tiffin City Schools,Seneca,2022,11933361,792427,9598060,0,1306141,28594493,28828547,27999653,17567753,18396647
044891,Tiffin City Schools,Seneca,2023,12144758,863836,9865284,0,1297130,29505934,29550874,31000494,18396649,16947029
044891,Tiffin City Schools,Seneca,2024,13491878,1021958,10211673,0,1338198,32144983,32432174,33313803,16947029,16065400
044891,Tiffin City Schools,Seneca,2025,13470256,2287278,10620879,0,1382786,34067184,34093659,34583853,16065400,15575206
044909,Toledo City,Lucas,2020,239999122,26300983,85856146,0,10675207,384786251,388590045,387853427,105819233,106555851
044909,Toledo City,Lucas,2021,242304634,26267755,88916393,0,10394220,399461035,401337604,379088625,106555851,128804830
044909,Toledo City,Lucas,2022,166759090,27119746,88378386,0,10082223,317679230,321011920,310260788,128804830,139555962
044909,Toledo City,Lucas,2023,165535300,31157097,88512242,0,9906712,323156809,323423319,344844997,139557451,118135773
044909,Toledo City,Lucas,2024,173755597,31940783,87963760,0,9776385,342575199,345376088,378163602,118135773,85348259
044909,Toledo City,Lucas,2025,181206458,31906141,93258596,0,9807623,347183253,349679256,397910782,85348259,37116733
044917,Toronto City,Jefferson,2020,6092893,244656,2102772,0,468679,9855197,9909618,,,
044917,Toronto City,Jefferson,2021,6142073,244653,2125147,0,418346,10003064,10126433,,,
044917,Toronto City,Jefferson,2022,6388201,239556,2257818,0,380181,9570163,9640508,,,
044917,Toronto City,Jefferson,2023,6430406,527363,1428694,0,343698,9967427,10038913,9212016,8140842,8967739
044917,Toronto City,Jefferson,2024,7179204,651691,1432301,0,295300,10861560,10927437,9521829,8967739,10373347
044917,Toronto City,Jefferson,2025,7728456,1062322,1658083,0,278391,12326662,12333320,10796466,10373347,11910201
044925,Troy City,Miami,2020,15164420,395150,16806441,11954997,1790032,48902087,48933057,50412282,12754799,11275574
044925,Troy City,Miami,2021,15613362,312726,17100462,11912368,1657687,49107291,49257219,49087532,11275574,11445261
044925,Troy City,Miami,2022,16122166,840759,18369977,13030843,1673661,52326744,52629421,51009559,11445261,13065123
044925,Troy City,Miami,2023,15430792,1570871,18602595,14133327,1864628,53813783,54631129,50867120,13065120,16829129
044925,Troy City,Miami,2024,15228137,1744070,20892851,14056900,2075129,57546168,58366880,55261909,16829129,19934100
044925,Troy City,Miami,2025,15416591,1652940,21542175,15174665,2120801,59222790,59899567,59253122,19934100,20580545
044933,Upper Arlington City,Franklin,2020,3736590,71468,77276511,0,9017496,98373216,98517376,97487104,50030503,51060775
044933,Upper Arlington City,Franklin,2021,4086950,69421,79079315,0,9096015,98903188,101129610,101634274,51060775,50556111
044933,Upper Arlington City,Franklin,2022,3016616,540706,79030552,0,9164130,98548127,100046661,103821747,50556111,46781025
044933,Upper Arlington City,Franklin,2023,3643006,570166,90645510,0,9256292,112182126,113551888,106246928,46781035,54085995
044933,Upper Arlington City,Franklin,2024,5581956,942585,97263587,0,9440777,123058882,123084233,110792882,54085995,66377346
044933,Upper Arlington City,Franklin,2025,6406930,1270758,99552920,0,9570660,127913718,128177023,147695203,66377346,46859165
044941,Urbana City,Champaign,2020,10810080,466337,8154963,0,1257671,23326113,23485171,24832936,9089082,7741317
044941,Urbana City,Champaign,2021,10941063,480865,8066640,0,1074265,23555897,23692032,24138846,7741317,7294503
044941,Urbana City,Champaign,2022,10135030,887895,8512798,0,1014914,22975677,23073564,23214047,7294503,7154020
044941,Urbana City,Champaign,2023,9861150,907490,8636679,0,1014144,23012862,23077691,23194924,7154020,7036787
044941,Urbana City,Champaign,2024,10376668,1181006,9166074,0,1001945,23559190,23726661,23867592,7036787,6895856
044941,Urbana City,Champaign,2025,10259488,1071063,9102251,0,1011125,24391234,24450884,25129543,6895856,6217197
044958,Vandalia-Butler City,Montgomery,2020,5294594,116183,21869823,0,2698835,34760134,35484582,36904506,14603661,13183737
044958,Vandalia-Butler City,Montgomery,2021,5697751,116183,22391864,0,2578500,35255217,35547947,37565683,13183737,11166001
044958,Vandalia-Butler City,Montgomery,2022,5077796,374905,23514718,0,2409957,35966986,36008347,38394379,11166001,8779969
044958,Vandalia-Butler City,Montgomery,2023,5072323,372032,23520561,0,2399323,37194700,37212528,39273997,8779969,6718500
044958,Vandalia-Butler City,Montgomery,2024,6240133,536291,24115908,0,2414135,40558835,40833635,40394614,6718500,7157521
044958,Vandalia-Butler City,Montgomery,2025,5920207,591433,24079516,0,2442468,43533627,43855419,42573903,7157521,8439037
044966,Van Wert City,Van Wert,2020,12322665,424426,5400848,3277826,681504,24253702,24323365,24014916,6005297,6313746
044966,Van Wert City,Van Wert,2021,12481650,424407,5463912,2985280,679811,24411362,24748757,23966125,6313746,7096378
044966,Van Wert City,Van Wert,2022,12243092,859352,5487615,3356908,677146,24560570,24592271,23082113,7096378,8606536
044966,Van Wert City,Van Wert,2023,11647564,871335,5612496,3934362,672152,24838306,26331317,23426192,8606538,11511663
044966,Van Wert City,Van Wert,2024,12511972,1114704,6368868,3881339,764366,27537296,27630177,25635251,11511663,13506589
044966,Van Wert City,Van Wert,2025,12200860,1021037,7018142,4048053,865694,28400943,28400943,31807276,13506589,10100256
044974,Wadsworth City,Medina,2020,18126592,589933,19350283,0,2485683,47972641,52594269,52395481,16344369,16543157
044974,Wadsworth City,Medina,2021,18596211,681644,19739467,0,2482625,49644464,54406782,53457436,16543157,17492503
044974,Wadsworth City,Medina,2022,17461978,1602706,22786750,0,2544108,52384750,57508828,53132957,17492503,21868374
044974,Wadsworth City,Medina,2023,17396564,1753516,25643823,0,2603962,56236886,58621022,54988623,21868375,25500774
044974,Wadsworth City,Medina,2024,17351023,2104332,25882927,0,2615550,57879573,58450560,62875054,25500774,21076280
044974,Wadsworth City,Medina,2025,17498665,1980129,26507982,0,2644715,59047415,62814084,67007304,21076280,16883060
044982,Wapakoneta City,Auglaize,2020,16727601,390233,6913844,2533681,980072,30178771,30563655,29317263,21359722,22606114
044982,Wapakoneta City,Auglaize,2021,17159080,386290,7265134,2449128,1014517,31133742,31207019,29763626,22606114,24049507
044982,Wapakoneta City,Auglaize,2022,16230509,1045032,7521651,2748522,1049813,30319345,30697894,30239624,24049507,24507777
044982,Wapakoneta City,Auglaize,2023,16501187,1013999,7584623,3110248,1054494,31476613,31955480,33046604,24507777,23416653
044982,Wapakoneta City,Auglaize,2024,17018506,1261813,8996832,3158420,1211020,34763001,35023821,33570329,23416653,24870145
044982,Wapakoneta City,Auglaize,2025,16282853,1219971,10171286,3442308,1383293,35521054,35527716,43162514,24870145,17235347
044990,Warren City,Trumbull,2020,51895467,5154553,10721320,0,2461407,74880602,75602440,71150463,37966945,42418922
044990,Warren City,Trumbull,2021,52084848,5195888,11188754,0,2263047,76810254,77191618,69571657,42418922,50038883
044990,Warren City,Trumbull,2022,43568804,5962978,11133969,0,2081367,67062432,67358175,58473500,50038883,58923558
044990,Warren City,Trumbull,2023,45455367,7121342,11021993,0,2127925,70829913,71177714,68327745,58923550,61773519
044990,Warren City,Trumbull,2024,47672045,6994392,12056788,0,1906147,75487410,75745244,67840132,61773519,69678631
044990,Warren City,Trumbull,2025,50209096,6573003,11727344,0,1855544,79094878,79184268,117093658,69678631,31769240
045005,Warrensville Heights City,Cuyahoga,2020,8941176,2206164,19613156,0,1115004,38829283,40248840,35420744,31042225,35870321
045005,Warrensville Heights City,Cuyahoga,2021,9105039,1978494,19053244,0,1058745,38469765,42902067,40202867,35870321,38569521
045005,Warrensville Heights City,Cuyahoga,2022,5783230,2536850,21276953,0,996491,37622007,44817076,44185617,38569521,39200980
045005,Warrensville Heights City,Cuyahoga,2023,7273541,2284978,18702026,0,959312,37994682,52225757,36072860,39200986,55353883
045005,Warrensville Heights City,Cuyahoga,2024,9807478,2534814,20957681,0,968392,42195611,45220189,40821100,55353883,59752972
045005,Warrensville Heights City,Cuyahoga,2025,11388799,2364242,20674927,0,979197,43477170,52320631,76866145,59752972,35207458
045013,Washington Court House City,Fayette,2020,16272667,490219,4238761,0,544038,23122706,23194002,21920908,8611461,9884555
045013,Washington Court House City,Fayette,2021,16407591,490218,4124928,157708,526858,23677835,23683243,22073136,9884555,11494662
045013,Washington Court House City,Fayette,2022,15372358,1060347,4434751,1639640,553530,23496995,23497005,20404301,11494662,14587366
045013,Washington Court House City,Fayette,2023,15407534,1145632,4765673,2470098,574657,25513916,25514673,26927204,14587360,13174829
045013,Washington Court House City,Fayette,2024,15959487,1320138,4764104,2667198,572873,27147000,27153559,24678800,13174829,15649588
045013,Washington Court House City,Fayette,2025,15310176,1993241,5515848,3144101,656319,28423679,28423679,31658084,15649588,12415183
045021,Wellston City,Jackson,2020,12477773,1449364,1853542,0,313788,17726172,17828584,18956758,10192917,9064743
045021,Wellston City,Jackson,2021,12589114,1449359,1917509,0,315548,18454551,18562151,18858388,9064743,8768506
045021,Wellston City,Jackson,2022,11604461,1817150,1950754,0,317369,17299836,17374633,17326038,8768506,8817101
045021,Wellston City,Jackson,2023,11854076,1998504,1955256,0,318070,18100569,18270162,18994557,9169720,8445326
045021,Wellston City,Jackson,2024,12293702,1984256,2408293,0,353945,19752852,20170171,18693381,8445326,9922115
045021,Wellston City,Jackson,2025,11930680,1724673,2554466,0,394056,19576314,19911316,20617421,9922115,9216010
045039,Wellsville Local,Columbiana,2020,7919144,787933,770677,0,151947,10870526,10902425,11502593,4146810,3546642
045039,Wellsville Local,Columbiana,2021,8037174,790090,979978,0,153901,10979310,11056767,12566210,3546642,2037199
045039,Wellsville Local,Columbiana,2022,7551916,1151578,832431,0,151503,10445444,10471649,10547190,2037199,1961658
045039,Wellsville Local,Columbiana,2023,7797196,1540967,1223780,0,160428,10816023,10969621,10860345,1961657,2070933
045039,Wellsville Local,Columbiana,2024,8074479,1335069,1291197,0,170229,12563892,12619924,11772875,2070933,2917982
045039,Wellsville Local,Columbiana,2025,8582889,1241213,1331962,0,171657,13187225,13193857,12484637,2917982,3627202
045047,Westerville City,Franklin,2020,42912080,1380590,110252584,0,14043108,184401968,186236664,179590760,125168500,131814404
045047,Westerville City,Franklin,2021,44676570,1380584,118771781,0,14167466,193923562,196678588,183332244,131814404,145160748
045047,Westerville City,Franklin,2022,36087598,3137841,128225555,0,14346594,200314463,201290569,185975551,145160748,160475766
045047,Westerville City,Franklin,2023,36612023,3386469,129583224,0,14371141,213021673,214150468,194398075,160475768,180228161
045047,Westerville City,Franklin,2024,40236071,4361669,131881862,0,14515348,216110546,217398162,235661583,180228161,161964740
045047,Westerville City,Franklin,2025,38111899,4310568,134289376,0,14758982,217649845,250202950,292696032,161964740,119471658
045054,West Carrollton City,Montgomery,2020,19361775,1029847,17765527,0,2426547,44660490,44866787,42724855,11570079,13712011
045054,West Carrollton City,Montgomery,2021,19569078,1112022,18334778,0,2208644,45133368,45970211,42218943,13712011,17463279
045054,West Carrollton City,Montgomery,2022,19460900,1950669,19696760,0,2164284,46176015,46326951,43960413,17463279,19829817
045054,West Carrollton City,Montgomery,2023,19609087,2179131,18959209,0,2147383,46550144,46763005,44746958,19829817,21845864
045054,West Carrollton City,Montgomery,2024,21480643,2584541,18335482,0,2102631,49030469,49271893,46522280,21845864,24595477
045054,West Carrollton City,Montgomery,2025,21284548,4033796,19138236,0,2099156,51777078,51799985,61808073,24595477,14587389
045062,Westlake City,Cuyahoga,2020,2762272,56469,42513266,0,4433332,52354163,53574252,50595619,25509127,28487760
045062,Westlake City,Cuyahoga,2021,2739967,87991,42536403,0,4427270,52213427,53912334,52204870,28487760,30195223
045062,Westlake City,Cuyahoga,2022,2425564,386349,44689525,0,4473129,54906017,56439022,53871935,30195223,32762311
045062,Westlake City,Cuyahoga,2023,2581133,356127,45131564,0,4516922,56867379,58482874,58471094,32762311,32774091
045062,Westlake City,Cuyahoga,2024,3652381,563050,45922082,0,4557668,59437059,62672983,60259821,32774091,35187253
045062,Westlake City,Cuyahoga,2025,3974342,604477,47289919,0,4735107,60469861,61777175,72820822,35187253,24143606
045070,Whitehall City,Franklin,2020,25550053,3020884,8614592,0,797540,41958203,42168788,41408184,9934946,10695550
045070,Whitehall City,Franklin,2021,25699445,2898849,8674671,0,764072,42552787,43091651,41095959,10695550,12691242
045070,Whitehall City,Franklin,2022,23881171,3913220,9049127,0,759672,42237949,42425845,37262284,12691242,17854803
045070,Whitehall City,Franklin,2023,25193151,5024426,8595112,0,752955,45163442,45605814,38214466,17854805,25246153
045070,Whitehall City,Franklin,2024,29047601,5653182,8825134,0,760099,51826680,51840419,42565251,25246153,34521321
045070,Whitehall City,Franklin,2025,32570575,5751556,9010262,0,809772,57023299,57056267,74388177,34521321,17189411
045088,Wickliffe City,Lake,2020,2211410,161727,13443144,0,2659191,20900674,20900674,22726675,7572854,5746853
045088,Wickliffe City,Lake,2021,2425327,93944,13576413,0,2525363,20150204,20406323,20774014,5746853,5379162
045088,Wickliffe City,Lake,2022,2395533,221866,13744142,0,2179408,20288617,20394677,21486308,5379162,4287531
045088,Wickliffe City,Lake,2023,2691376,253101,14222254,0,1955175,20909737,22659464,21522648,4287531,5424347
045088,Wickliffe City,Lake,2024,3490761,387187,13884594,0,1783408,21517721,23061290,21943234,5424347,6542403
045088,Wickliffe City,Lake,2025,3374950,396669,14246470,0,1592658,21724852,21938635,22496953,6542403,5984085
045096,Willard City,Huron,2020,9140840,549245,5445236,0,747181,16486807,16655205,16788434,249694,116465
045096,Willard City,Huron,2021,9250790,643679,5463689,1076133,717120,17887777,18302929,16686072,116465,1733322
045096,Willard City,Huron,2022,7502346,985390,5850848,1582433,704428,17354729,17605826,14986809,1733322,4352339
045096,Willard City,Huron,2023,7617230,1007228,6064950,1770898,700457,17943190,18120462,16762398,4239267,5597330
045096,Willard City,Huron,2024,8081589,1121158,6163523,1703133,700721,18353892,18501323,17038703,5597330,7059951
045096,Willard City,Huron,2025,8049726,1113400,6773980,1832994,773682,19217816,19681099,18930160,7059951,7810890
045104,Willoughby-Eastlake City,Lake,2020,16663599,526252,59746092,0,8398930,94856063,96398346,102123737,14163050,8437659
045104,Willoughby-Eastlake City,Lake,2021,17492963,526250,62938682,0,8184090,100586436,102840405,93892313,8437659,17385751
045104,Willoughby-Eastlake City,Lake,2022,16492826,1296498,68441324,0,8112253,105387854,104695232,97908628,17385751,24172355
045104,Willoughby-Eastlake City,Lake,2023,16984074,1326547,72227830,0,8058517,110428659,111752088,104454691,24172353,31469750
045104,Willoughby-Eastlake City,Lake,2024,17072761,1926027,70076054,0,8097465,112170280,116425758,107293705,31469750,40601803
045104,Willoughby-Eastlake City,Lake,2025,16596741,1910560,74774621,0,8631188,118266703,119789159,130206890,40601803,30184072
045112,Wilmington City,Clinton,2020,11354200,506290,10156936,4829592,1017158,29386148,29532696,29206511,13641338,13967523
045112,Wilmington City,Clinton,2021,11677026,509949,10649923,4739904,1050098,30074556,30539319,29197104,13967523,15309738
045112,Wilmington City,Clinton,2022,10305553,938634,10995668,5371440,1087129,29703629,29978219,26806213,15309738,18481744
045112,Wilmington City,Clinton,2023,10285023,932601,10849098,5414658,1096209,29766409,30074263,26692749,18481744,21863258
045112,Wilmington City,Clinton,2024,10194355,1124854,12622179,974987,1271316,27949177,28088065,27980009,21863258,21971314
045112,Wilmington City,Clinton,2025,9360039,2021902,14465725,341780,1469234,29474606,29868685,30262396,21971314,21577603
045120,Wooster City,Wayne,2020,10169449,382068,26443107,0,5565656,47371104,48802193,47260438,40143757,41685512
045120,Wooster City,Wayne,2021,10503682,382068,27662051,0,5157667,48821426,51050231,47525241,41685512,45210502
045120,Wooster City,Wayne,2022,9441362,842605,30196120,0,4738909,49330519,50149635,49466973,45210502,45893164
045120,Wooster City,Wayne,2023,9285975,1180376,31681564,0,4402440,52745076,55047668,53424378,45893171,47516461
045120,Wooster City,Wayne,2024,10360561,1620280,32470752,0,3988426,55900915,58277439,54974993,47516461,50818907
045120,Wooster City,Wayne,2025,9881932,1345224,33420611,0,3571366,56003195,56239774,83105926,50818907,23952755
045138,Worthington City,Franklin,2020,16737883,941499,98956525,0,11997907,138234011,138363019,139327116,99173060,98208963
045138,Worthington City,Franklin,2021,18185324,1073161,112681503,0,10864135,151257549,151612045,142504355,98208963,107316653
045138,Worthington City,Franklin,2022,18502637,2076625,118068751,0,10070901,158484731,159901352,162933287,107316653,104284718
045138,Worthington City,Franklin,2023,18887902,2933942,129631185,0,10108476,173271981,184349501,159187409,104284718,129446810
045138,Worthington City,Franklin,2024,23375073,3558951,130336167,0,10275046,184878568,185019322,180617217,129446810,133848915
045138,Worthington City,Franklin,2025,21564594,3970852,134611409,0,10490603,188622989,188754411,245576937,133848915,77026389
045146,Wyoming City,Hamilton,2020,5588065,46295,10747698,8051934,1267448,27183788,27325045,26774054,6236226,6787217
045146,Wyoming City,Hamilton,2021,5815143,30655,10855189,7992504,1268179,27406888,27687941,26785582,6787217,7689576
045146,Wyoming City,Hamilton,2022,5644133,177865,10997843,8787394,1265655,28431154,28500078,27295891,7689576,8893763
045146,Wyoming City,Hamilton,2023,5439063,402259,10975721,9394690,1266155,29008251,29020583,28770018,8893762,9144327
045146,Wyoming City,Hamilton,2024,5444229,557763,11262848,9248829,1266033,29516462,30064936,29615443,9144327,9593819
045146,Wyoming City,Hamilton,2025,5494706,435167,11389927,9774217,1280819,30222818,30407288,31017981,9593819,8983126
045153,Xenia Community City,Greene,2020,20116400,2413312,18455865,4197294,2853610,51625272,51670177,51813248,24372390,24229319
045153,Xenia Community City,Greene,2021,20691459,2413290,18957451,4083991,2870736,52948598,53923319,49540615,24229319,28612023
045153,Xenia Community City,Greene,2022,17814651,3044854,19507560,5060538,2889403,51803183,55337587,63510486,28612023,20439124
045153,Xenia Community City,Greene,2023,17320794,3535983,19840955,5271625,2861821,53198649,53731479,48230568,20439121,25940032
045153,Xenia Community City,Greene,2024,17698640,3587439,22296018,6198881,3125477,57630611,57643336,51977770,25940032,31605598
045153,Xenia Community City,Greene,2025,17341260,4110702,25270254,5483864,3432213,60707686,60708782,72472879,31605598,19841501
045161,Youngstown City,Mahoning,2020,87100257,7707857,18937429,0,3410928,123803089,125521552,123112406,13505510,15914656
045161,Youngstown City,Mahoning,2021,87822345,7201095,19438777,0,3301531,123906411,127645727,120023359,15914656,23537024
045161,Youngstown City,Mahoning,2022,51293298,7418360,19981978,0,3197147,88269314,88806282,87669826,23537024,24673480
045161,Youngstown City,Mahoning,2023,56488343,8077017,19967121,0,3146597,94949723,95365342,96302028,24673480,23736793
045161,Youngstown City,Mahoning,2024,53768602,8291274,20775762,0,3036918,93708906,94293860,92057982,23736793,25972671
045161,Youngstown City,Mahoning,2025,55007623,7283301,20335797,0,2975364,93683632,94440586,95885047,25972671,24528211
045179,Zanesville City,Muskingum,2020,28688699,3885843,9276918,0,1055185,45457316,45457316,44376504,5285390,6366202
045179,Zanesville City,Muskingum,2021,28640055,3827222,9859964,0,1041995,46069973,47169973,45195750,6366202,8340425
045179,Zanesville City,Muskingum,2022,22135725,4293977,9919473,0,1061500,38673292,38683292,38268418,8340425,8755299
045179,Zanesville City,Muskingum,2023,22327157,4763132,10329129,0,1083522,45522652,45941841,41937551,8755299,12759589
045179,Zanesville City,Muskingum,2024,24327541,4759492,10226055,0,1071489,42049971,42666871,46012297,12759589,9414163
045179,Zanesville City,Muskingum,2025,26054359,4350161,11960242,0,1241861,45977783,45978166,44665765,9414163,10726564
045187,Ada Exempted Village,Hardin,2020,5120126,105205,1875604,2201089,264560,10609216,10622323,10318774,6924612,7228161
045187,Ada Exempted Village,Hardin,2021,5141084,92952,1917368,2232027,265295,10669809,10724316,10707905,7228161,7244572
045187,Ada Exempted Village,Hardin,2022,5309087,357750,1931938,2485458,265249,10772932,10772932,10682573,7244572,7334931
045187,Ada Exempted Village,Hardin,2023,5753830,404961,1963007,2650865,266782,11584334,11584866,11432080,7334927,7487713
045187,Ada Exempted Village,Hardin,2024,6591550,534177,2270905,2606072,301788,12935247,12944053,12799736,7487713,7632030
045187,Ada Exempted Village,Hardin,2025,7023908,527642,2463923,2789628,336020,13994943,14008619,16418961,7632030,5221688
045195,Amherst Exempted Village,Lorain,2020,14193461,158715,16933839,0,2338813,37616567,38280888,38377125,19222525,19126288
045195,Amherst Exempted Village,Lorain,2021,14826742,193465,16737968,0,2333687,37632049,38311862,36626546,19126288,20811605
045195,Amherst Exempted Village,Lorain,2022,14244831,374634,17285449,0,2346859,37855857,38207114,37290987,20811605,21727732
045195,Amherst Exempted Village,Lorain,2023,13500387,864533,17770054,0,2356416,38184233,38401738,39799537,21727732,20329933
045195,Amherst Exempted Village,Lorain,2024,14882251,1245524,17725214,0,2371353,40551946,40871585,42958416,20329933,18243102
045195,Amherst Exempted Village,Lorain,2025,14755730,1091878,19353663,0,2506074,41568408,41757008,46124170,18243102,13875941
045203,Barnesville Exempted Village,Belmont,2020,5704823,120685,4237933,0,382115,13644707,13772839,14271278,8251528,7753089
045203,Barnesville Exempted Village,Belmont,2021,5871398,120684,4162603,0,379213,13942516,14005520,13312457,7753089,8446153
045203,Barnesville Exempted Village,Belmont,2022,6707109,372505,4013166,0,400760,14204727,14304865,13794406,8446153,8956611
045203,Barnesville Exempted Village,Belmont,2023,6916006,607419,4011354,0,420588,14416530,14734988,15194551,8956611,8497048
045203,Barnesville Exempted Village,Belmont,2024,7528615,658416,3752690,0,420436,15358892,15359068,16144073,8497048,7712043
045203,Barnesville Exempted Village,Belmont,2025,8003808,1495814,5018665,0,468526,17996757,18171887,18707085,7712043,7176845
045211,Bluffton Exempted Village,Allen,2020,4621889,0,3627491,0,439514,10375935,10417929,9856722,6268964,6830171
045211,Bluffton Exempted Village,Allen,2021,4716045,0,3766611,0,426510,10512089,10592070,10027009,6830171,7395232
045211,Bluffton Exempted Village,Allen,2022,5281504,286025,3918726,0,435200,10869057,10873954,10471716,7395232,7797470
045211,Bluffton Exempted Village,Allen,2023,5924667,294189,4202801,0,448781,11366864,11374760,10785583,7797471,8386648
045211,Bluffton Exempted Village,Allen,2024,6595251,401313,4573808,0,448647,12707821,12716050,11610016,8386648,9492682
045211,Bluffton Exempted Village,Allen,2025,6719731,410336,5192818,0,507425,13496925,13505667,13504967,9492682,9493382
045229,Bradford Exempted Village,Miami,2020,4097479,54303,957162,1262569,157554,7204264,7598804,6955823,6712980,7355961
045229,Bradford Exempted Village,Miami,2021,4164956,65622,985057,1248986,160587,7270002,7907040,7662472,7355961,7600529
045229,Bradford Exempted Village,Miami,2022,4170451,300327,1006051,1400828,161192,7400100,8180488,10819207,7600529,4961810
045229,Bradford Exempted Village,Miami,2023,4236160,326192,1078268,1714347,168743,8244957,9183633,9377092,4961811,4768352
045229,Bradford Exempted Village,Miami,2024,4783674,429958,1194964,1590280,184464,9156204,11320516,9037896,4768352,7050972
045229,Bradford Exempted Village,Miami,2025,5115290,449246,1261601,1695414,196282,9745050,10595976,13131766,7050972,4515182
045237,Bridgeport Exempted Village,Belmont,2020,5184775,169476,1939935,0,237761,9690927,9808546,9521688,4475135,4761993
045237,Bridgeport Exempted Village,Belmont,2021,5305751,168377,1796357,0,234623,11357563,11357563,10621620,4761993,5497936
045237,Bridgeport Exempted Village,Belmont,2022,5548598,470486,1736801,0,245688,9044200,9044200,9216996,5497936,5325140
045237,Bridgeport Exempted Village,Belmont,2023,5728392,527318,1867630,0,254374,9535481,9536719,9733471,5293643,5096891
045237,Bridgeport Exempted Village,Belmont,2024,6397828,654098,1841632,0,253388,10498201,10498251,10009675,5096891,5585467
045237,Bridgeport Exempted Village,Belmont,2025,6826318,1024924,2177140,0,278246,12206570,12206570,13067555,5585467,4724482
045245,Harrison Hills City,Harrison,2020,9542937,329703,18024699,0,702043,30526082,30922571,27932530,31468722,34458763
045245,Harrison Hills City,Harrison,2021,9758385,302920,19882105,0,731865,32254749,33356371,28648840,34458763,39166294
045245,Harrison Hills City,Harrison,2022,8605349,589413,18556111,0,746513,29228394,30350549,27063193,39166294,42453650
045245,Harrison Hills City,Harrison,2023,8732674,569524,20479325,0,722815,31446903,32292582,22347735,42453651,52398498
045245,Harrison Hills City,Harrison,2024,8781855,586748,21310777,0,783300,33758343,38346019,26997242,52398498,63747275
045245,Harrison Hills City,Harrison,2025,8860897,559945,20252193,0,826961,33418506,34409256,67744239,63747275,30412292
045252,Caldwell Exempted Village,Noble,2020,5563323,177329,3130183,0,422936,11732011,11776625,10918099,5786845,6645371
045252,Caldwell Exempted Village,Noble,2021,5673668,149164,3148615,0,422873,12139198,12360133,12087632,6645371,6917872
045252,Caldwell Exempted Village,Noble,2022,5393834,116455,3355777,0,417853,11592301,12164392,12367912,6917872,6714352
045252,Caldwell Exempted Village,Noble,2023,5295204,395738,3241146,0,415276,12278342,12311559,12909726,6714352,6116185
045252,Caldwell Exempted Village,Noble,2024,5863172,529912,3487501,0,415120,13012797,13034877,13570363,6116185,5580699
045252,Caldwell Exempted Village,Noble,2025,6371984,876404,3271425,0,418703,14975435,16198044,16720533,5580699,5058210
045260,Carey Exempted Village Schools,Wyandot,2020,5547638,110611,1942088,1361768,264033,10470044,10823689,10883829,4989180,4929040
045260,Carey Exempted Village Schools,Wyandot,2021,5578328,121731,2034933,1348694,270309,10658031,11003539,10927644,4929040,5004935
045260,Carey Exempted Village Schools,Wyandot,2022,5675950,372675,1997792,1508608,270317,10603098,10821844,10842882,5004935,4983897
045260,Carey Exempted Village Schools,Wyandot,2023,5764356,388222,2124533,1714631,284702,11076088,11199868,11535222,4983897,4648543
045260,Carey Exempted Village Schools,Wyandot,2024,6521110,491300,2328665,1637887,304701,12247932,12249729,12019429,4648543,4878843
045260,Carey Exempted Village Schools,Wyandot,2025,6929881,1074849,2385232,1701670,314621,13458071,13651520,13050734,4878843,5479629
045278,Carrollton Exempted Village,Carroll,2020,10364982,273977,11932100,0,913767,24790664,25720900,28864525,15645810,12502185
045278,Carrollton Exempted Village,Carroll,2021,10591109,273807,13261117,0,953958,26179633,28449877,27178890,12502185,13773172
045278,Carrollton Exempted Village,Carroll,2022,10368652,645014,13392567,0,990206,25902491,28609911,28190272,13773172,14192811
045278,Carrollton Exempted Village,Carroll,2023,10411649,615731,9469480,0,938886,26172401,30409522,28586700,14192813,16015634
045278,Carrollton Exempted Village,Carroll,2024,10691387,659407,8396800,0,1044634,26587016,30159398,27686871,16015634,18488161
045278,Carrollton Exempted Village,Carroll,2025,10576849,570976,10659692,0,1054751,28794599,31260596,38307195,18488161,11441562
045286,Chagrin Falls Exempted Village,Cuyahoga,2020,1435126,165987,25084023,0,3034043,31746318,32389151,31634717,13210190,13964624
045286,Chagrin Falls Exempted Village,Cuyahoga,2021,1769224,118254,25673286,0,2987192,32195381,32925406,30693031,13964624,16196999
045286,Chagrin Falls Exempted Village,Cuyahoga,2022,1865350,271363,27373224,0,3005240,34339515,34452850,32507726,16196999,18142123
045286,Chagrin Falls Exempted Village,Cuyahoga,2023,1938181,293068,27873657,0,3026296,35504294,35721435,34928936,18142125,18934624
045286,Chagrin Falls Exempted Village,Cuyahoga,2024,2033593,397120,27726888,0,3046847,37138774,38912179,36327589,18934624,21519215
045286,Chagrin Falls Exempted Village,Cuyahoga,2025,2147857,346001,28594611,0,3092164,37570056,38175631,42573090,21519215,17121756
045294,Chesapeake Union Exempted Village,Lawrence,2020,8578767,200567,2942145,0,349512,13930791,14189418,14165277,4323672,4347813
045294,Chesapeake Union Exempted Village,Lawrence,2021,8917918,200565,2977718,0,350550,14296902,14757712,14517736,4347813,4587789
045294,Chesapeake Union Exempted Village,Lawrence,2022,9222737,271089,3245158,0,349401,14017163,14426669,13279800,4587789,5734658
045294,Chesapeake Union Exempted Village,Lawrence,2023,9435416,520925,3335331,0,360792,13903334,14627018,13912844,5734659,6448833
045294,Chesapeake Union Exempted Village,Lawrence,2024,9420978,547081,3632124,0,370872,14346623,14918547,14805789,6448833,6561591
045294,Chesapeake Union Exempted Village,Lawrence,2025,8888145,1259642,3541752,0,373437,14543972,14812868,16934607,6561591,4439852
045302,Clyde-Green Springs Exempted Village,Sandusky,2020,12033628,376459,6073973,2517031,930433,25030621,25161045,25440089,7871663,7592619
045302,Clyde-Green Springs Exempted Village,Sandusky,2021,12186835,356069,6229790,2590710,885932,25278681,25658143,25600582,7592619,7650180
045302,Clyde-Green Springs Exempted Village,Sandusky,2022,12989679,690039,6547293,3748127,865140,26471234,26488192,25808083,7650180,8330289
045302,Clyde-Green Springs Exempted Village,Sandusky,2023,12614678,948169,6918891,4361472,851702,27706059,27719313,26278377,8330293,9771229
045302,Clyde-Green Springs Exempted Village,Sandusky,2024,13541828,1166328,7155382,4362850,882726,29381255,29403568,27064058,9771229,12110739
045302,Clyde-Green Springs Exempted Village,Sandusky,2025,14002841,1098667,7688615,4608484,969857,31028303,31036498,31513727,12110739,11633510
045310,Coldwater Exempted Village,Mercer,2020,6488165,89173,3971010,1030915,481859,13706696,13722333,14364721,5853284,5210896
045310,Coldwater Exempted Village,Mercer,2021,6614830,89173,4131509,1043510,494509,14023921,14191529,14604753,5210896,4797672
045310,Coldwater Exempted Village,Mercer,2022,7542307,490389,4235943,1164456,505677,14436185,14439260,14275574,4797672,4961358
045310,Coldwater Exempted Village,Mercer,2023,7489888,493318,4274807,1360027,503674,14584320,14586444,14844980,4961271,4702735
045310,Coldwater Exempted Village,Mercer,2024,8508834,639862,5029892,1531755,581717,17005603,17136793,16492031,4702735,5347498
045310,Coldwater Exempted Village,Mercer,2025,9220539,579251,5504028,1551420,658034,18326811,18328725,17753081,5347498,5923141
045328,Columbiana Exempted Village,Columbiana,2020,3031537,23920,3463350,2055494,473128,11395383,11466255,11214013,3568438,3820680
045328,Columbiana Exempted Village,Columbiana,2021,3152850,23920,3718646,2104749,494215,11869110,12099669,11459983,3820680,4460366
045328,Columbiana Exempted Village,Columbiana,2022,3708695,239867,3757171,2433452,499925,11594836,11940895,11621167,4460366,4780094
045328,Columbiana Exempted Village,Columbiana,2023,3655569,233721,4037205,2847620,524577,12407716,12508022,11973131,4780097,5314988
045328,Columbiana Exempted Village,Columbiana,2024,3808610,270544,4409004,2806859,570271,13298836,13323425,12864623,5314988,5773790
045328,Columbiana Exempted Village,Columbiana,2025,3648047,310653,4593549,2942092,591661,13145040,13150680,13690415,5773790,5234055
045336,Covington Exempted Village,Miami,2020,4269770,78694,1910181,2658852,282061,10512416,10597201,10652158,2944445,2889488
045336,Covington Exempted Village,Miami,2021,4294004,88073,2011623,2771017,290817,10657729,10797704,10339053,2889488,3348139
045336,Covington Exempted Village,Miami,2022,5033472,181222,1997570,2788824,290012,10730179,10954066,10449850,3348139,3852355
045336,Covington Exempted Village,Miami,2023,5017975,354976,2392465,3360589,317547,11943156,11944448,12018619,3852356,3778185
045336,Covington Exempted Village,Miami,2024,5477608,410515,2492911,3214242,348603,12633905,12634605,13008873,3778185,3403917
045336,Covington Exempted Village,Miami,2025,5937933,432429,2441814,3705593,354017,13526655,13527924,14069485,3403917,2862356
045344,Crestline Exempted Village,Crawford,2020,6235861,470793,1848050,232620,407587,10105548,10282493,9194099,5217219,6305613
045344,Crestline Exempted Village,Crawford,2021,6196313,489597,1771818,212850,339858,10054343,10194193,9031913,6305613,7467893
045344,Crestline Exempted Village,Crawford,2022,5344509,661661,2063247,237670,282797,9500140,9612231,7874392,7467893,9205732
045344,Crestline Exempted Village,Crawford,2023,5212901,827885,2117896,272258,286127,9493726,9618993,7476096,9063242,11206139
045344,Crestline Exempted Village,Crawford,2024,5709458,902932,2109536,254687,310487,10305223,10305223,7924759,11206139,13586603
045344,Crestline Exempted Village,Crawford,2025,5683547,884069,2323522,277961,396760,10751017,10751017,11238328,13586603,13099292
045351,Crooksville Exempted Village,Perry,2020,8576447,968324,1096981,0,195869,13820606,13932635,17203881,5084939,1813693
045351,Crooksville Exempted Village,Perry,2021,8628699,966481,1164198,0,201732,14732216,14768797,12737395,1813693,3845095
045351,Crooksville Exempted Village,Perry,2022,9782234,1308549,1214937,0,211004,14630211,14780135,16984582,3845095,1640648
045351,Crooksville Exempted Village,Perry,2023,9482846,1570497,1272574,0,206596,14658545,14834786,14949493,1640648,1525941
045351,Crooksville Exempted Village,Perry,2024,10659229,1658581,1378170,0,232045,16125419,16230477,15899792,1525941,1856626
045351,Crooksville Exempted Village,Perry,2025,10648487,1525003,1574976,0,252357,16314298,16402013,16218694,1856626,2039945
045369,Fairport Harbor Exempted Village,Lake,2020,2348030,29754,2807727,0,352020,7613937,7614937,7939781,748376,423532
045369,Fairport Harbor Exempted Village,Lake,2021,2381279,68485,2346741,0,347641,7402873,7663961,5792166,423532,2295327
045369,Fairport Harbor Exempted Village,Lake,2022,4227890,339208,2438906,0,342706,8066716,8083847,6581428,2295327,3797746
045369,Fairport Harbor Exempted Village,Lake,2023,4446917,419720,2576340,0,318226,8649361,8661868,7437351,3797747,5022264
045369,Fairport Harbor Exempted Village,Lake,2024,4976697,562120,2411063,0,285531,9187979,9211936,7824057,5022264,6410143
045369,Fairport Harbor Exempted Village,Lake,2025,4844134,876725,2493889,0,291303,9640364,9651381,9737879,6410143,6323645
045377,Georgetown Exempted Village,Brown,2020,6967126,267639,2015218,0,291559,11250923,11376577,10828891,4932486,5480172
045377,Georgetown Exempted Village,Brown,2021,7093196,267222,2092120,0,293868,11298828,11390890,10845127,5480172,6025935
045377,Georgetown Exempted Village,Brown,2022,7312816,595684,2315193,0,301563,11254009,11259085,10933224,6025935,6351796
045377,Georgetown Exempted Village,Brown,2023,7429602,597882,2443679,0,311623,11750447,11806895,11514652,6351792,6644035
045377,Georgetown Exempted Village,Brown,2024,8078298,741304,2338727,0,311177,12564582,12616681,11915936,6644035,7344781
045377,Georgetown Exempted Village,Brown,2025,8439624,1277619,2831477,0,359526,13978010,14088865,15435121,7344781,5998525
045385,Gibsonburg Exempted Village,Sandusky,2020,5163083,71567,1822908,1143458,299806,10185622,10265974,9698873,578376,1145477
045385,Gibsonburg Exempted Village,Sandusky,2021,5338255,71624,2012574,1174887,298863,10566948,11007070,9761353,1145477,2391194
045385,Gibsonburg Exempted Village,Sandusky,2022,5656984,160206,2090308,1314456,299374,10656474,10667982,9486558,2391194,3572618
045385,Gibsonburg Exempted Village,Sandusky,2023,5482522,379817,2128701,1405321,300085,10878735,10910121,9475809,3572617,5006929
045385,Gibsonburg Exempted Village,Sandusky,2024,5505159,394771,2122099,1350060,304980,10924597,10964597,10300940,5006929,5670586
045385,Gibsonburg Exempted Village,Sandusky,2025,5513735,493071,2300344,1448508,353208,12197940,12610537,16337861,5670586,1943262
045393,Granville Exempted Village,Licking,2020,6228366,104507,17791723,3389252,1933172,31867825,32357468,33438900,3648635,2567203
045393,Granville Exempted Village,Licking,2021,6513121,26169,17484408,5934604,1896434,34415289,35663527,31132184,2567203,7098546
045393,Granville Exempted Village,Licking,2022,5904403,389527,17861175,7196113,1914602,36077003,36938560,32920755,7098546,11116351
045393,Granville Exempted Village,Licking,2023,5949896,347554,18076156,7575444,1932059,37336421,39084812,33214657,11116271,16986426
045393,Granville Exempted Village,Licking,2024,5981021,515981,18424612,6856270,1956196,38143011,38433109,37632345,16986426,17787190
045393,Granville Exempted Village,Licking,2025,6111833,462787,18802050,7125277,1988438,38980119,39061759,45622950,17787190,11225999
045401,Greenfield Exempted Village,Highland,2020,15139950,506781,3725496,2288116,534647,23541048,32856826,32766328,7913578,8004076
045401,Greenfield Exempted Village,Highland,2021,15169938,552845,3927558,2243435,527286,23683290,31158761,31067414,8004076,8095423
045401,Greenfield Exempted Village,Highland,2022,15658409,692279,4249447,2544641,410792,24457537,34877011,34876719,8095423,8095715
045401,Greenfield Exempted Village,Highland,2023,15094967,1104676,4612742,2867556,502633,25331035,36111725,35741558,8095715,8465882
045401,Greenfield Exempted Village,Highland,2024,15990637,1380565,4617267,2907511,594322,26963650,39453031,36881969,8465882,11036944
045401,Greenfield Exempted Village,Highland,2025,16654623,2262465,4655029,3217325,678916,29838215,30235105,29017899,11036944,12254150
045419,Hicksville Exempted Village School District,Defiance,2020,6449439,63956,1840388,980287,272471,10661838,10729531,10681342,3351748,3399937
045419,Hicksville Exempted Village School District,Defiance,2021,6507657,63251,1829939,1555081,272941,11428313,11498013,11195954,3399937,3701996
045419,Hicksville Exempted Village School District,Defiance,2022,6700801,364778,1882408,2207378,275709,12087688,12138111,11850445,3701996,3989662
045419,Hicksville Exempted Village School District,Defiance,2023,6863800,424050,1884671,2317264,275657,12522251,12578724,12465075,3989665,4103314
045419,Hicksville Exempted Village School District,Defiance,2024,7582191,554819,2288191,2400222,310561,14129729,14285827,13702822,4103314,4686319
045419,Hicksville Exempted Village School District,Defiance,2025,7864612,1188323,2446160,2413356,349668,15402755,15479456,14837535,4686319,5328239
045427,Hubbard Exempted Village,Trumbull,2020,8550476,159232,6706509,0,1077001,19630949,19723519,19814501,4571212,4480230
045427,Hubbard Exempted Village,Trumbull,2021,8685703,159232,6942834,0,1052137,20225020,21259664,19350891,4480230,6389003
045427,Hubbard Exempted Village,Trumbull,2022,9947441,629133,7079290,0,1033661,20475574,20498813,19652905,6389003,7234911
045427,Hubbard Exempted Village,Trumbull,2023,10138510,653226,7073185,0,1018073,20586145,20686525,20155866,7234929,7765588
045427,Hubbard Exempted Village,Trumbull,2024,10723471,836950,6846091,0,1019067,21553818,21571099,21204868,7765588,8131819
045427,Hubbard Exempted Village,Trumbull,2025,10750796,830997,8650110,0,1226141,23466303,23790069,22295116,8131819,9626772
045435,Indian Hill Exempted Village,Hamilton,2020,1399482,134553,24634247,0,3062553,37525775,37621356,41413226,18571739,14779869
045435,Indian Hill Exempted Village,Hamilton,2021,1381519,144557,25327151,0,3147629,36857388,36900503,35884048,14779869,15796324
045435,Indian Hill Exempted Village,Hamilton,2022,1266932,279267,27509471,0,3210180,40033667,40055717,39666086,15796324,16185955
045435,Indian Hill Exempted Village,Hamilton,2023,1334754,359546,29547488,0,3239088,42754659,43970253,44091269,16185957,16064941
045435,Indian Hill Exempted Village,Hamilton,2024,2016991,567783,30957686,0,3409441,44946532,45041603,46264709,16064941,14841835
045435,Indian Hill Exempted Village,Hamilton,2025,2344511,595373,32641900,0,3583754,47386389,47847565,48353102,14841835,14336298
045443,Leetonia Exempted Village School District,Columbiana,2020,5675165,189526,1533571,0,256329,8888623,8913092,8692489,6254642,6475245
045443,Leetonia Exempted Village School District,Columbiana,2021,5745583,189526,1555547,0,257994,9008139,9067811,9126735,6475245,6416321
045443,Leetonia Exempted Village School District,Columbiana,2022,5209073,460063,1653512,0,256388,8378007,8533768,8049740,6416321,6900349
045443,Leetonia Exempted Village School District,Columbiana,2023,5220692,457083,1786416,0,268361,8643234,8709315,8256570,6900349,7353094
045443,Leetonia Exempted Village School District,Columbiana,2024,5182231,511920,1879470,0,283895,8845394,8903130,8807655,7353094,7448569
045443,Leetonia Exempted Village School District,Columbiana,2025,4975324,739479,1898751,0,287139,9000477,9019414,11436288,7448569,5031695
045450,Lisbon Exempted Village,Columbiana,2020,5795285,171324,1467007,0,221463,9267919,9349698,9526078,3563287,3386907
045450,Lisbon Exempted Village,Columbiana,2021,5832774,171324,1641098,0,226613,9626264,9725393,9527226,3386907,3585074
045450,Lisbon Exempted Village,Columbiana,2022,6376831,305505,1589167,0,224366,9289277,9311095,8768582,3585074,4127587
045450,Lisbon Exempted Village,Columbiana,2023,6203923,597326,1754187,0,241078,9655867,9971169,9844760,4127587,4253996
045450,Lisbon Exempted Village,Columbiana,2024,6807705,698184,2009138,0,256443,10725512,10972925,9729446,4253996,5497475
045450,Lisbon Exempted Village,Columbiana,2025,6781304,866393,1949886,0,260709,10927624,10930494,11480056,5497475,4947913
045468,Loudonville-Perrysville Exempted Village,Ashland,2020,5090647,116433,4303593,2068099,646743,14197241,14199984,13260517,6778942,7718409
045468,Loudonville-Perrysville Exempted Village,Ashland,2021,5176046,121679,4397113,2043576,628054,14563042,14869308,13264510,7718409,9323207
045468,Loudonville-Perrysville Exempted Village,Ashland,2022,5234576,359918,4473649,2317785,614113,14500425,14533711,12939144,9323207,10917774
045468,Loudonville-Perrysville Exempted Village,Ashland,2023,5375052,355624,4459664,2545215,607086,15663721,15732683,13366571,10939815,13305927
045468,Loudonville-Perrysville Exempted Village,Ashland,2024,5390934,443345,5144243,2560865,683486,17161356,17171046,17175201,13305927,13301772
045468,Loudonville-Perrysville Exempted Village,Ashland,2025,5331807,527566,5635718,2815557,763378,18133034,18170602,26027130,13301772,5445244
045476,Marysville Exempted Village,Union,2020,21200349,254483,20279069,0,4849822,55160388,55166969,53255413,24578976,26490532
045476,Marysville Exempted Village,Union,2021,21748946,268406,21574410,0,4409209,56942878,57741440,55791122,26490532,28440850
045476,Marysville Exempted Village,Union,2022,20011446,1343396,20822265,0,3978592,55086240,57786795,56413970,28440850,29813675
045476,Marysville Exempted Village,Union,2023,20862193,1473248,21400451,0,3530163,56510672,56515708,59619728,29813679,26709659
045476,Marysville Exempted Village,Union,2024,24351674,1618791,24644110,0,3079251,64395598,64429948,61609719,26709659,29529888
045476,Marysville Exempted Village,Union,2025,24016399,1650912,23594110,0,2762072,62411031,62411862,66475390,29529888,25466360
045484,Mechanicsburg Exempted Village,Champaign,2020,5083303,59364,2291924,1828311,312981,10867989,10942549,10204709,8646971,9384811
045484,Mechanicsburg Exempted Village,Champaign,2021,5167895,93597,2277110,1788634,318967,11032456,11089788,10117537,9384811,10357062
045484,Mechanicsburg Exempted Village,Champaign,2022,5651864,324715,2293156,1988008,321501,11048369,11087043,10199949,10357062,11244156
045484,Mechanicsburg Exempted Village,Champaign,2023,6003195,340535,2445459,2235944,350140,12423377,12551769,10988368,11244157,12807558
045484,Mechanicsburg Exempted Village,Champaign,2024,6649127,484756,2640289,2462153,384834,14075882,14099936,12569415,12807558,14338079
045484,Mechanicsburg Exempted Village,Champaign,2025,6825389,422281,2639948,2540817,383757,14089078,14115835,15585033,14338079,12868881
045492,Mentor Exempted Village,Lake,2020,14797309,323980,67650729,0,7560264,103858112,104648154,102691926,75579941,77536169
045492,Mentor Exempted Village,Lake,2021,16633426,329146,67410203,0,7512494,105822566,106813305,107976883,77536169,76372591
045492,Mentor Exempted Village,Lake,2022,14591967,1815787,68303868,0,7447205,105254016,106047532,113678737,76372591,68741386
045492,Mentor Exempted Village,Lake,2023,15035870,1722506,70415460,0,7428178,109370316,110039805,122799581,68741382,55981606
045492,Mentor Exempted Village,Lake,2024,15361013,2013381,68627231,0,7526249,108896772,109638822,111822705,55981606,53797723
045492,Mentor Exempted Village,Lake,2025,16052643,1715142,71368850,0,7509144,113444350,113656145,119872346,53797723,47581521
045500,Milford Exempted Village,Clermont,2020,23353244,540092,38115848,0,4497378,74022567,74075646,74072872,43179511,43182285
045500,Milford Exempted Village,Clermont,2021,24009366,647889,38995575,0,4500711,75906409,76511649,77555152,43182285,42138782
045500,Milford Exempted Village,Clermont,2022,23136125,2593665,36251789,0,4514241,75634230,75804432,77023032,42138782,40920182
045500,Milford Exempted Village,Clermont,2023,23211781,2371012,36888316,0,4535846,79311635,79354079,81144024,40920317,39130372
045500,Milford Exempted Village,Clermont,2024,23244643,2605324,38414968,0,4579112,81154815,81179059,80601069,39130372,39708362
045500,Milford Exempted Village,Clermont,2025,23683564,1650863,38489270,0,4732566,81099919,81203356,90863624,39708362,30048094
045518,Milton-Union Exempted Village,Miami,2020,6190957,131390,4676719,196754,781994,14153248,14392522,14548023,8556439,8400938
045518,Milton-Union Exempted Village,Miami,2021,6325297,142353,4754926,195528,778206,14328598,14652953,14620273,8400938,8433618
045518,Milton-Union Exempted Village,Miami,2022,6599766,480094,4803365,220880,783297,14245066,14401294,15123656,8433618,7711256
045518,Milton-Union Exempted Village,Miami,2023,6784660,474135,4927070,243216,780731,14917527,15031635,16940776,7711254,5802113
045518,Milton-Union Exempted Village,Miami,2024,7348649,558146,5049978,268446,783086,16087855,16600586,16894079,5802113,5508620
045518,Milton-Union Exempted Village,Miami,2025,7294375,694538,5078657,267517,768668,16305870,16306309,16304288,5508620,5510641
045526,Montpelier Exempted Village,Williams,2020,7818473,136654,1790071,1343535,247794,12161560,12185876,12072652,6306842,6420066
045526,Montpelier Exempted Village,Williams,2021,7837104,113856,1841591,1311794,246282,12193004,12239011,11377273,6420066,7281804
045526,Montpelier Exempted Village,Williams,2022,7129905,417573,1917056,1478367,257573,11762802,11812802,11653197,7281804,7441409
045526,Montpelier Exempted Village,Williams,2023,7187295,460145,1991028,1567748,267029,12203909,12236709,12593681,7441406,7084434
045526,Montpelier Exempted Village,Williams,2024,7846822,566435,2052221,1548356,268457,13036889,13081097,13250195,7084434,6915336
045526,Montpelier Exempted Village,Williams,2025,8235191,567090,2360756,1635153,314666,13880268,13892087,14191067,6915336,6616356
045534,Mount Gilead Exempted Village,Morrow,2020,7007598,270053,3385729,1529196,429930,14005819,14130135,12840557,5565486,6855064
045534,Mount Gilead Exempted Village,Morrow,2021,7042346,282186,3465515,2456953,445537,14931168,14936196,13326630,6855064,8464630
045534,Mount Gilead Exempted Village,Morrow,2022,6400464,379428,3559511,3342492,461632,14648804,14661338,15341081,8464630,7784887
045534,Mount Gilead Exempted Village,Morrow,2023,6311051,504448,3729532,3522094,463543,15382918,15476975,16200563,7784886,7061298
045534,Mount Gilead Exempted Village,Morrow,2024,6558668,587697,4512205,3500059,553354,16880511,16887134,16577949,7061298,7370483
045534,Mount Gilead Exempted Village,Morrow,2025,6346641,557319,5182883,3652615,642273,17364824,17585724,17821862,7370483,7134345
045542,Newcomerstown Exempted Village,Tuscarawas,2020,7309969,290157,2533452,0,385595,12586680,12696680,12795845,2947674,2848509
045542,Newcomerstown Exempted Village,Tuscarawas,2021,7340841,290157,2678001,0,379405,13138321,13138321,12303499,2848509,3683331
045542,Newcomerstown Exempted Village,Tuscarawas,2022,7366766,592754,2614817,0,361888,12531137,12836137,12208491,3683331,4310977
045542,Newcomerstown Exempted Village,Tuscarawas,2023,7418861,619033,2806168,0,377054,13368535,13471742,12691068,4310977,5091651
045542,Newcomerstown Exempted Village,Tuscarawas,2024,8053296,687827,2845107,0,368935,14106778,14106778,13403551,5091651,5794878
045542,Newcomerstown Exempted Village,Tuscarawas,2025,8311128,1124188,2995270,0,387944,15448256,15448256,15352550,5794878,5890584
045559,New Richmond Exempted Village,Clermont,2020,4490625,319790,7194891,0,6013076,22366366,22552685,26979450,18605992,14179227
045559,New Richmond Exempted Village,Clermont,2021,6969274,278962,8320606,0,5717426,24941147,25692987,26764288,14179227,13107926
045559,New Richmond Exempted Village,Clermont,2022,7118384,522208,11409364,0,5436307,27121736,27325538,25771180,13107926,14662284
045559,New Richmond Exempted Village,Clermont,2023,7231430,652079,9167496,0,5089370,26359613,26369414,26458957,14662287,14572744
045559,New Richmond Exempted Village,Clermont,2024,7423101,770835,9932684,0,4765555,26569640,26587789,27627097,14572744,13533436
045559,New Richmond Exempted Village,Clermont,2025,6901038,856931,11872999,0,4450157,25306654,25317590,28978509,13533436,9872517
045567,Newton Falls Exempted Village,Trumbull,2020,7153450,220683,3489471,0,510321,12002919,12031257,11275088,1438680,2194849
045567,Newton Falls Exempted Village,Trumbull,2021,7159519,251716,3400941,0,494045,12000769,12152576,12186123,2194849,2161302
045567,Newton Falls Exempted Village,Trumbull,2022,6444386,510377,3524225,0,494713,11326174,11342491,11624542,2161302,1879251
045567,Newton Falls Exempted Village,Trumbull,2023,6679070,547914,3633246,0,485973,11832990,12002887,11497999,1876807,2381695
045567,Newton Falls Exempted Village,Trumbull,2024,6785149,647801,3914075,0,525443,12784826,13014468,11537739,2381695,3858424
045567,Newton Falls Exempted Village,Trumbull,2025,6804355,1130284,4118953,0,565853,13696969,13996005,14346597,3858424,3507832
045575,Paulding Exempted Village,Paulding,2020,8925611,273435,4499341,2116566,636624,17257361,17533022,17663927,8206610,8075705
045575,Paulding Exempted Village,Paulding,2021,9062904,186622,4577951,2060781,649797,17206800,17518342,18083650,8075705,7510397
045575,Paulding Exempted Village,Paulding,2022,7407186,550786,4702015,2270880,554388,16044438,16068317,16710533,7510397,6868181
045575,Paulding Exempted Village,Paulding,2023,7880234,581219,5115197,3190713,533466,17885476,17957717,17545626,6868181,7280272
045575,Paulding Exempted Village,Paulding,2024,8630082,770024,5200423,2677465,660476,18731252,18780233,18906202,7280272,7154303
045575,Paulding Exempted Village,Paulding,2025,8365448,653750,5287809,2856207,676338,18623622,18746526,19903549,7154303,5997280
045583,Perrysburg Exempted Village,Wood,2020,11747629,251032,31976733,7730074,3537561,59299800,59320482,58691716,2440996,3069762
045583,Perrysburg Exempted Village,Wood,2021,12908224,174186,37264247,7604009,3738062,65236973,65284772,61279899,3069762,7074635
045583,Perrysburg Exempted Village,Wood,2022,11185056,537052,40419514,9056534,3875541,69314190,69314530,65254663,7074635,11134502
045583,Perrysburg Exempted Village,Wood,2023,10820806,877548,41551530,10018344,3876821,73229877,73379586,68095296,11134226,16418516
045583,Perrysburg Exempted Village,Wood,2024,12308576,1349415,45426829,9787361,4200819,79716748,79956136,70851332,16418516,25523320
045583,Perrysburg Exempted Village,Wood,2025,12177674,945056,41740534,10469301,4477215,76476766,77018932,76221265,25523320,26320986
045591,Rittman Exempted Village,Wayne,2020,7509299,70950,3162703,0,446036,11815009,11815009,11081944,5089686,5822751
045591,Rittman Exempted Village,Wayne,2021,7566176,45047,3345256,0,458081,11909907,11909907,11437578,5822751,6295080
045591,Rittman Exempted Village,Wayne,2022,6892789,435417,3515984,0,462339,11550155,11550155,10548468,6295080,7296767
045591,Rittman Exempted Village,Wayne,2023,6849575,463014,3557232,0,465658,11575962,11576316,11047225,7296768,7825859
045591,Rittman Exempted Village,Wayne,2024,7024170,564098,3853588,0,507219,12399435,12400191,12384986,7825859,7841064
045591,Rittman Exempted Village,Wayne,2025,6924857,499850,4260789,0,549080,12787397,12792848,17494852,7841064,3139060
045609,Rossford Exempted Village,Wood,2020,2593700,134579,16915057,0,4193944,26260891,26871831,22933330,25232979,29171481
045609,Rossford Exempted Village,Wood,2021,2779825,150971,17867113,0,3976025,27760652,28306885,23369093,29171481,34109273
045609,Rossford Exempted Village,Wood,2022,3201397,362970,19118209,0,3280462,28005837,28060546,28911356,34109273,33258463
045609,Rossford Exempted Village,Wood,2023,3832720,340375,18088885,0,3497056,27769957,27867253,26189699,33258463,34936017
045609,Rossford Exempted Village,Wood,2024,4000669,450171,18530261,0,3256607,28854230,28990826,27326037,34936017,36600806
045609,Rossford Exempted Village,Wood,2025,3873221,446078,19372284,0,3034835,29526167,29553521,58080945,36600806,8073382
045617,Tipp City Exempted Village,Miami,2020,7872426,61597,14485588,0,1715509,26426345,27041779,27444387,15171395,14768787
045617,Tipp City Exempted Village,Miami,2021,8155211,61597,15068620,0,1755648,27004252,27419181,27786384,14768787,14401584
045617,Tipp City Exempted Village,Miami,2022,8138561,606908,15036670,0,1755321,27220824,27480485,28425451,14401584,13456618
045617,Tipp City Exempted Village,Miami,2023,7822960,663901,16147825,0,1871676,28375061,28601074,29338217,13456618,12719475
045617,Tipp City Exempted Village,Miami,2024,7980977,710711,17103830,0,2008201,30284213,30324116,31598064,12719475,11445527
045617,Tipp City Exempted Village,Miami,2025,8059993,540289,17245497,0,2036813,30714963,31078998,31093512,11445527,11431013
045625,Upper Sandusky Exempted Village,Wyandot,2020,7204495,100757,5166617,3549570,718349,18542430,18622478,18951676,5534464,5205266
045625,Upper Sandusky Exempted Village,Wyandot,2021,7361429,100762,5405665,3602419,711470,19156512,19232072,19428100,5205266,5009238
045625,Upper Sandusky Exempted Village,Wyandot,2022,7467192,145761,5178144,4087032,709293,18896447,18914914,18938305,5009238,4985847
045625,Upper Sandusky Exempted Village,Wyandot,2023,7170772,377423,5732334,4599134,742508,20010652,20027381,20448415,5512915,5091881
045625,Upper Sandusky Exempted Village,Wyandot,2024,7483983,509871,5950241,4593251,780501,20948328,20961878,20313350,5091881,5740409
045625,Upper Sandusky Exempted Village,Wyandot,2025,7590774,453840,6056561,4812917,791092,21550507,21945333,23030384,5740409,4655358
045633,Versailles Exempted Village,Darke,2020,8121869,114837,3237258,2521916,428800,15097853,15176852,14624000,11101534,11654386
045633,Versailles Exempted Village,Darke,2021,8271163,113397,3433440,2213112,449123,15205356,15207082,14728685,11654386,12132783
045633,Versailles Exempted Village,Darke,2022,8035666,448376,3561627,2426715,468756,15401132,15405740,14913516,12132783,12625007
045633,Versailles Exempted Village,Darke,2023,8050916,494680,3650886,2657946,477261,16275077,16284300,20557188,12328659,8055771
045633,Versailles Exempted Village,Darke,2024,8336144,624457,4217597,3125900,543353,17783344,17893657,17470856,8055771,8478572
045633,Versailles Exempted Village,Darke,2025,8153944,674846,4739982,4036038,614044,19256223,19276515,18980168,8478572,8774918
045641,Wauseon Exempted Village,Fulton,2020,11017249,236154,5123235,0,711178,18933792,18991699,19894157,5438948,4536490
045641,Wauseon Exempted Village,Fulton,2021,11277678,270473,5352845,0,710182,20334289,21082138,21526075,4536490,4092553
045641,Wauseon Exempted Village,Fulton,2022,10563607,690715,5248063,0,711063,18108837,18790493,19751839,4092553,3131207
045641,Wauseon Exempted Village,Fulton,2023,10732141,691820,5193055,375752,692510,18773380,18797516,19930272,3120836,1988080
045641,Wauseon Exempted Village,Fulton,2024,11907914,869222,5825671,3776446,813399,24691875,24694375,21232955,1988080,5449500
045641,Wauseon Exempted Village,Fulton,2025,12494373,891661,6438935,5007661,843495,27488444,27502047,27079061,5449500,5872486
045658,Wellington Exempted Village,Lorain,2020,4745226,114407,5067844,2266607,623719,13724560,13758094,13219819,3908594,4446869
045658,Wellington Exempted Village,Lorain,2021,4912331,133505,5215549,2241704,622529,14191661,14252332,13793699,4446869,4905502
045658,Wellington Exempted Village,Lorain,2022,5010618,15791,5496541,2570972,649996,14347081,14420749,14370307,4905502,4955944
045658,Wellington Exempted Village,Lorain,2023,4878005,109717,5060506,2877731,682359,14788258,14946584,13892073,4955944,6010455
045658,Wellington Exempted Village,Lorain,2024,4669907,167130,5134729,2704183,683560,15050578,15186078,15274845,6010455,5921688
045658,Wellington Exempted Village,Lorain,2025,4546182,350510,5953868,2803348,770808,16162939,16229654,15390665,5921688,6760677
045666,Windham Exempted Village,Portage,2020,5358286,425424,1265043,0,247331,8124467,8204992,8518569,3218842,2905265
045666,Windham Exempted Village,Portage,2021,5379961,423649,1298506,0,236201,8141472,8425124,8017888,2905265,3312501
045666,Windham Exempted Village,Portage,2022,4828961,732259,1341956,0,226550,7667003,7769620,7617661,3312501,3464460
045666,Windham Exempted Village,Portage,2023,4857875,842205,1408576,0,222208,7856005,8123869,7708428,3479915,3895356
045666,Windham Exempted Village,Portage,2024,5419220,928279,1401469,0,229800,8804908,8887718,8345693,3895356,4437381
045666,Windham Exempted Village,Portage,2025,5261535,877576,1596728,0,256229,8735008,9765639,9716035,4437381,4486985
045674,Yellow Springs Exempted Village,Greene,2020,1274741,27530,4321481,1634528,610843,9512982,9756307,9753984,5014974,5017297
045674,Yellow Springs Exempted Village,Greene,2021,1374622,27530,4618444,1554907,629769,9816704,10017841,9815649,5017297,5219489
045674,Yellow Springs Exempted Village,Greene,2022,2177724,46804,4782966,1701942,649356,10664849,10860762,9742533,5219489,6337718
045674,Yellow Springs Exempted Village,Greene,2023,2475744,227713,4976752,1928584,630481,10842286,10982163,10678683,8574176,8877655
045674,Yellow Springs Exempted Village,Greene,2024,2673931,244566,5410636,1948651,664710,13123313,13562935,11503859,8877655,10936731
045674,Yellow Springs Exempted Village,Greene,2025,2700733,210710,5608410,5027451,730477,15024390,15334677,17410873,10936731,8860535
045757,Allen East Local,Allen,2020,6422451,45676,2915453,0,405292,11302662,11367023,11279177,7210248,7298094
045757,Allen East Local,Allen,2021,6520924,45676,2934873,0,405962,11458230,11489331,11402543,7298094,7384882
045757,Allen East Local,Allen,2022,6956285,337191,3060429,0,418044,11241228,11271731,11273663,7384882,7382950
045757,Allen East Local,Allen,2023,6943565,341132,3200544,0,427706,11709115,11714257,11601999,7382951,7495209
045757,Allen East Local,Allen,2024,7321650,423931,3237488,0,431667,12597353,12602590,12554178,7495209,7543621
045757,Allen East Local,Allen,2025,7592102,467598,3804738,0,494254,13367620,13380479,15353463,7543621,5570637
045765,Bath Local,Allen,2020,5909696,144768,6482284,0,1050150,16859417,16989199,16864360,13965604,14090443
045765,Bath Local,Allen,2021,6076077,144732,6574474,0,982586,17135044,17431658,16818115,14090443,14703986
045765,Bath Local,Allen,2022,6826874,440823,6958935,0,933576,17384982,17408068,16864798,14703986,15247256
045765,Bath Local,Allen,2023,7123366,459630,7261019,0,920385,18328539,18523656,17976138,15247254,15794772
045765,Bath Local,Allen,2024,7729716,621001,7325075,0,917202,19613774,19618161,18905198,15794772,16507735
045765,Bath Local,Allen,2025,7952038,665835,7610891,0,984289,20335915,20344781,29379869,16507735,7472647
045773,Elida Local,Allen,2020,9935431,377252,9720869,0,1262080,23623248,23754986,24128273,5360048,4986761
045773,Elida Local,Allen,2021,10357842,377866,9879309,0,1233688,24827370,24926817,24087735,4986761,5825843
045773,Elida Local,Allen,2022,9446110,559515,10038368,0,1260146,23421494,23433273,23929138,5825843,5329978
045773,Elida Local,Allen,2023,9016497,776607,10701348,0,1296282,23872551,23877571,23461042,5329977,5746506
045773,Elida Local,Allen,2024,9562035,965050,10524867,0,1279349,24507348,24533206,23993320,5746506,6286392
045773,Elida Local,Allen,2025,9371932,892129,11828641,0,1440895,25366002,25681465,25560386,6286392,6407471
045781,Perry Local,Allen,2020,1895209,333059,2950473,570,358627,8046388,8080805,9078752,2814260,1816313
045781,Perry Local,Allen,2021,1937766,333059,2654525,0,267787,8542564,8748210,8699418,1816313,1865105
045781,Perry Local,Allen,2022,3440521,563587,2929007,0,219548,8544972,8743032,8230675,1865105,2377462
045781,Perry Local,Allen,2023,3797244,584346,2889459,0,213345,9090049,9146985,8614858,2377458,2909585
045781,Perry Local,Allen,2024,4523252,680657,3028118,0,212831,10169313,10312391,9551442,2909585,3670534
045781,Perry Local,Allen,2025,4983396,891215,3263021,0,231694,11140520,11278157,11083772,3670534,3864919
045799,Shawnee Local,Allen,2020,5652553,54384,11096309,0,2070912,22521178,22838348,24329032,8953065,7462381
045799,Shawnee Local,Allen,2021,5797137,53508,11322551,0,1865150,22719473,23035772,24603033,7462381,5895120
045799,Shawnee Local,Allen,2022,5401243,364091,12889194,0,1751334,23057891,23233346,23553704,5895120,5574762
045799,Shawnee Local,Allen,2023,5414253,366782,14507021,0,1739445,24993847,25232331,26144485,5574750,4662596
045799,Shawnee Local,Allen,2024,6046911,522868,14794803,0,1742577,26324857,26751186,27234059,4662596,4179723
045799,Shawnee Local,Allen,2025,5966994,460321,15738328,0,1884482,27299560,27542708,28106054,4179723,3616377
045807,Spencerville Local,Allen,2020,5778561,82939,2355516,1221818,332738,10966634,11004305,10781711,7273264,7495858
045807,Spencerville Local,Allen,2021,5886979,82939,2347799,1176950,332923,11131368,11301653,10235922,7495858,8561589
045807,Spencerville Local,Allen,2022,6440658,364309,2335520,1317974,334463,11529593,11578570,10111571,8561589,10028588
045807,Spencerville Local,Allen,2023,6581306,382038,2475519,1598067,334839,12320371,12413677,12183050,10028594,10259220
045807,Spencerville Local,Allen,2024,7473272,460212,2623509,1532991,348053,13716099,13721485,14019975,10259220,9960731
045807,Spencerville Local,Allen,2025,7856320,519498,3160569,1585835,365061,14309844,14341942,19383131,9960731,4919542
045823,Hillsdale Local,Ashland,2020,3562269,69402,4125107,1834712,541044,17813564,17947622,17688188,6378271,6637705
045823,Hillsdale Local,Ashland,2021,3691223,69403,3670194,1899230,546565,19239830,19392461,19097308,6637705,6932858
045823,Hillsdale Local,Ashland,2022,3726440,120140,3653697,2104607,548914,17297359,17608892,17408206,6932858,7133544
045823,Hillsdale Local,Ashland,2023,3593539,194980,3685483,2171205,550557,17897994,17982304,18297479,7196315,6881140
045823,Hillsdale Local,Ashland,2024,3599848,239158,4075839,2194639,573344,18955587,19085805,18282789,6881140,7684156
045823,Hillsdale Local,Ashland,2025,3707008,169688,4256772,2349260,597661,19443354,19510868,19336428,7684156,7858597
045831,Mapleton Local,Ashland,2020,4652945,130683,2467469,0,394005,9057193,9072850,10338448,3232571,1966973
045831,Mapleton Local,Ashland,2021,4680921,168009,2532480,0,395706,9233863,9449410,10358834,1966973,1057549
045831,Mapleton Local,Ashland,2022,4573496,459710,2548819,0,397904,8771170,8916822,8787170,1057549,1187201
045831,Mapleton Local,Ashland,2023,4778907,397716,2838588,0,398170,9100430,9369611,9577985,1187202,978827
045831,Mapleton Local,Ashland,2024,5277161,505927,3176330,0,469144,10547262,10651787,9621771,978827,2008843
045831,Mapleton Local,Ashland,2025,5153377,1000772,3621550,0,541131,11412499,11492820,10105244,2008843,3396419
045856,Buckeye Local,Ashtabula,2020,6525636,196435,5012734,0,2442124,18638741,18697095,17212999,12587255,14071350
045856,Buckeye Local,Ashtabula,2021,6708289,194867,4961274,0,2290670,18624321,18644113,17343897,14071350,15371567
045856,Buckeye Local,Ashtabula,2022,8273549,583848,5146771,0,2140221,18779834,19381594,18873627,15371567,15879534
045856,Buckeye Local,Ashtabula,2023,8678344,739420,5090718,0,1994806,19941936,21791015,18710739,15879605,18959881
045856,Buckeye Local,Ashtabula,2024,9639729,880557,5697059,0,1907506,22468973,23693376,19140579,18959881,23512678
045856,Buckeye Local,Ashtabula,2025,10124045,1825893,6177068,0,1834498,23740495,23924871,38523677,23512678,8913872
045864,Grand Valley Local,Ashtabula,2020,6033997,202442,3375930,0,457030,11736089,11736089,11814881,1769752,1690961
045864,Grand Valley Local,Ashtabula,2021,6089264,202442,3472103,0,447078,11915969,11915969,11203330,1690961,2403599
045864,Grand Valley Local,Ashtabula,2022,6452074,465422,3836771,0,461965,12163260,12163326,11605566,2403599,2961359
045864,Grand Valley Local,Ashtabula,2023,6501131,446897,3720387,0,456952,12148104,12195182,11344259,2961359,3812282
045864,Grand Valley Local,Ashtabula,2024,6428869,516362,4515884,0,539543,13226899,13656009,12189582,3812282,5278710
045864,Grand Valley Local,Ashtabula,2025,6504794,454921,5145297,0,653408,14047976,14230307,14152740,5278710,5356276
045872,Jefferson Area Local,Ashtabula,2020,8031515,252221,4461607,0,662212,15575853,15669367,15188321,5151075,5632121
045872,Jefferson Area Local,Ashtabula,2021,8180558,249130,4621416,0,657828,16287609,16501473,15940671,5632121,6192923
045872,Jefferson Area Local,Ashtabula,2022,8723753,629493,4773597,0,653818,16184367,16230388,15410337,6192923,7012974
045872,Jefferson Area Local,Ashtabula,2023,8951542,669460,4772279,0,652133,16892694,16905462,16271090,7012974,7647346
045872,Jefferson Area Local,Ashtabula,2024,10514883,901392,5614753,0,746867,19669722,19690525,16891986,7647346,10445885
045872,Jefferson Area Local,Ashtabula,2025,10670086,836319,6403821,0,880031,20667689,20700546,24395205,10445885,6751227
045880,Pymatuning Valley Local,Ashtabula,2020,7999128,306489,3552520,0,610752,14293575,14498886,14448953,4622365,4672298
045880,Pymatuning Valley Local,Ashtabula,2021,8120774,324773,3768855,0,598940,14698152,14979108,14605026,4672298,5046380
045880,Pymatuning Valley Local,Ashtabula,2022,8541921,611751,3827366,0,580983,15480276,15710400,15538028,5046380,5218752
045880,Pymatuning Valley Local School District,Ashtabula,2023,8631937,633238,3860421,0,567543,15597807,15902356,15787658,5218779,5333477
045880,Pymatuning Valley Local School District,Ashtabula,2024,9347191,718623,4555197,0,659984,17463184,17780802,17439923,5333477,5674356
045880,Pymatuning Valley Local School District,Ashtabula,2025,9609777,1321156,5026451,0,732952,18898934,19306731,18985277,5674356,5995810
045906,Alexander Local,Athens,2020,9335250,225065,3280093,185672,535380,18294306,18474269,18811361,4380031,4042939
045906,Alexander Local,Athens,2021,9415827,225065,3619959,1334786,549455,20092487,20386237,17376241,4042939,7052935
045906,Alexander Local,Athens,2022,9300870,585309,3545956,1870305,578041,19749482,20519416,18171076,7052935,9401275
045906,Alexander Local,Athens,2023,9269941,559243,3636274,2240630,584115,20673459,20786198,19096492,9401274,11090981
045906,Alexander Local,Athens,2024,9207165,702995,4167331,2170340,636461,21672496,21793164,20594055,11090981,12290090
045906,Alexander Local,Athens,2025,8429055,1606937,4493027,2067519,695041,22285243,22404619,24950563,12290090,9744145
045914,Federal Hocking Local,Athens,2020,7754443,930761,2600340,0,409012,13724202,13984406,14392038,7275320,6867688
045914,Federal Hocking Local,Athens,2021,7837924,930761,2914200,0,425068,14021797,14282115,14054155,6867688,7095648
045914,Federal Hocking Local,Athens,2022,7222094,1144622,2892139,0,442206,13022365,13023332,12937520,7095648,7181460
045914,Federal Hocking Local,Athens,2023,7107663,1358460,2947262,0,446420,13452924,13464245,14555527,7181444,6090162
045914,Federal Hocking Local,Athens,2024,7550633,868610,3227757,0,479656,13983651,14734602,14561911,6090162,6262853
045914,Federal Hocking Local,Athens,2025,7306569,1181481,3596319,0,517255,14541920,14642952,15273748,6262853,5632057
045922,Trimble Local,Athens,2020,9289077,801686,686788,0,147227,12039580,12087469,12514637,7436484,7009316
045922,Trimble Local,Athens,2021,9340954,801683,756692,0,149225,12158432,12240409,12199328,7009316,7050397
045922,Trimble Local,Athens,2022,9404696,1194542,742030,0,152589,12310749,12316557,12678219,7050397,6688735
045922,Trimble Local,Athens,2023,9341720,1304484,370102,0,152608,11681599,11801116,14150590,6688810,4339336
045922,Trimble Local,Athens,2024,9775914,1328374,1070804,0,161141,13224526,13224526,15769764,4339336,1794098
045922,Trimble Local,Athens,2025,10361872,1174255,875609,0,174417,13422641,16449321,16845882,1794098,1397537
045948,Minster Local,Auglaize,2020,3252900,76010,3651624,1934638,651303,10234664,10395927,9872280,6771036,7294683
045948,Minster Local,Auglaize,2021,3301790,63595,3724765,1916969,566950,10180884,10290549,9999673,7294683,7585559
045948,Minster Local,Auglaize,2022,3264647,291272,3854653,2043782,485055,10605724,10628288,10331730,7585559,7882117
045948,Minster Local,Auglaize,2023,3416334,321545,3968238,2439610,400762,11155318,11284984,10976475,7882108,8190617
045948,Minster Local,Auglaize,2024,3940132,362706,4356927,2448670,426285,12567776,12707182,11864354,8190617,9033444
045948,Minster Local,Auglaize,2025,4191712,392197,4672839,2531329,472139,13277497,13461600,18103699,9033444,4391346
045955,New Bremen Local,Auglaize,2020,2960791,47807,2299455,1580603,343506,8149605,8268041,9154108,6806560,5920493
045955,New Bremen Local,Auglaize,2021,3016072,47806,2466519,1849237,288947,8576087,8654653,8905709,5920493,5669437
045955,New Bremen Local,Auglaize,2022,3540721,279809,2662823,2460357,303722,9846364,9861732,9539787,5669437,5991382
045955,New Bremen Local,Auglaize,2023,3693847,282110,2660682,3089238,306212,10933321,11119230,9788307,5991383,7322306
045955,New Bremen Local,Auglaize,2024,4471721,372159,2983166,3162654,343999,12503499,12539723,10337503,7322306,9524526
045955,New Bremen Local,Auglaize,2025,4744246,399956,3297937,3442297,385027,13576889,13584425,19299554,9524526,3809397
045963,New Knoxville Local,Auglaize,2020,2469235,30918,1183029,877617,147694,5188393,5220499,5265679,3962975,3917795
045963,New Knoxville Local,Auglaize,2021,2477619,21975,1179015,962020,150277,5277284,5289180,5442569,3917795,3764406
045963,New Knoxville Local,Auglaize,2022,2403508,176169,1237840,1046135,151923,5183004,5284434,5371602,3764406,3677238
045963,New Knoxville Local,Auglaize,2023,2509505,230202,1326351,1243206,109226,5623592,5631577,5142887,3714105,4202795
045963,New Knoxville Local,Auglaize,2024,2858417,314077,1510317,1170948,141365,6392385,6394685,5780597,4202795,4816883
045963,New Knoxville Local,Auglaize,2025,3016550,373718,1664351,1277701,161580,6853136,6858921,7693940,4816883,3981865
045971,Waynesfield-Goshen Local,Auglaize,2020,3707140,51446,1366380,800777,195040,6888957,6928646,7100027,4839781,4668400
045971,Waynesfield-Goshen Local,Auglaize,2021,3764982,52026,1365196,943859,199011,7049676,7152303,7004426,4668400,4816277
045971,Waynesfield-Goshen Local,Auglaize,2022,3844284,290750,1372245,923119,199006,6897652,7093534,7128720,4816277,4781091
045971,Waynesfield-Goshen Local,Auglaize,2023,3797422,303605,1373383,902376,197757,6811604,6829621,7614463,4781091,3996249
045971,Waynesfield-Goshen Local,Auglaize,2024,4099907,422668,1600129,949018,217653,7631704,7631704,7713453,3996249,3914500
045971,Waynesfield-Goshen Local,Auglaize,2025,3948089,405858,1769718,1066379,239380,7831045,7831274,8458616,3914500,3287158
045997,St Clairsville-Richland City,Belmont,2020,3189776,43211,9731096,0,920191,18139270,19234241,19736711,3708853,3206383
045997,St Clairsville-Richland City,Belmont,2021,3371116,49360,9181446,0,914238,19348126,20033449,19095630,3206383,4144202
045997,St Clairsville-Richland City,Belmont,2022,3655326,230056,9623599,0,950730,18678012,20371594,19776998,4144202,4738798
045997,St Clairsville-Richland City,Belmont,2023,3657936,204106,10657061,0,1003453,20430289,20915876,20193768,4738797,5460905
045997,St Clairsville-Richland City,Belmont,2024,3795715,249394,10233142,0,1001059,21339272,22325879,21487699,5460905,6299085
045997,St Clairsville-Richland City,Belmont,2025,3877690,240752,10723048,0,1079335,21391104,21426785,21620306,6299085,6105564
046003,Shadyside Local,Belmont,2020,3404014,72332,2140466,0,267305,7916390,7916390,7150477,7887295,8653209
046003,Shadyside Local,Belmont,2021,3507930,33140,2492810,0,274404,8372022,8372022,8023376,8653209,9001855
046003,Shadyside Local,Belmont,2022,4433974,208664,2368471,0,277306,8336556,8336556,8090082,9001855,9248329
046003,Shadyside Local,Belmont,2023,4323098,283376,2240251,0,289374,8665018,8665018,8667353,9248328,9245993
046003,Shadyside Local,Belmont,2024,4766833,331863,2107922,0,279033,9319366,9319366,8766385,9245993,9798974
046003,Shadyside Local,Belmont,2025,5246531,341785,2293246,0,303250,9843441,9843441,11331201,9798974,8311214
046011,Union Local,Belmont,2020,7562546,172768,6135064,0,491911,17322006,18404826,18006813,2354384,2752397
046011,Union Local,Belmont,2021,7661850,172768,6516389,0,492002,18905540,21714333,21253408,2752397,3213322
046011,Union Local,Belmont,2022,8313926,518259,6235363,0,515293,18263099,23194279,23490548,3213322,2917053
046011,Union Local,Belmont,2023,7932493,506602,5948119,0,530984,17919778,21091236,21656563,2917067,2351740
046011,Union Local,Belmont,2024,7912420,491628,6236271,0,531716,17640923,22374875,23541242,2351740,1185372
046011,Union Local,Belmont,2025,7947102,512042,7172915,0,592045,18594565,24795164,24756528,1185372,1224007
046037,Eastern Local School District,Brown,2020,7158174,265303,3559662,0,535974,13469706,13628800,13175733,3236520,3689587
046037,Eastern Local School District,Brown,2021,7303558,282868,3705052,0,544829,13619484,13738728,13150885,3689587,4277430
046037,Eastern Local School District,Brown,2022,7131662,568776,4009268,0,575144,13354410,13393168,12755333,4277430,4915265
046037,Eastern Local School District,Brown,2023,7153255,604344,4264470,0,596017,14119690,14178024,13118278,4915265,5975011
046037,Eastern Local School District,Brown,2024,7163234,616139,4280651,0,607847,13957270,14014439,13851908,5975011,6137542
046037,Eastern Local School District,Brown,2025,7108443,622869,5384372,0,721268,15250650,15701916,15060853,6137542,6778605
046045,Fayetteville-Perry Local,Brown,2020,4515364,50739,2028788,0,293528,8599940,8651385,8620448,2445989,2476926
046045,Fayetteville-Perry Local,Brown,2021,4615342,6520,2133456,0,298430,8690521,8690521,8641081,2476926,2526366
046045,Fayetteville-Perry Local,Brown,2022,5288709,405880,2175129,0,313240,8817715,8842897,8482631,2526366,2886632
046045,Fayetteville-Perry Local,Brown,2023,5354632,353250,2331258,0,323367,9250866,9250866,9259803,2886632,2877695
046045,Fayetteville-Perry Local,Brown,2024,5771977,426316,2293835,0,327200,9896112,10035981,9465216,2877695,3448460
046045,Fayetteville-Perry Local,Brown,2025,5926220,444829,3307468,0,2718,10467742,10468585,10813457,3448460,3103588
046060,Western Brown Local,Brown,2020,24304885,741393,4889620,0,730545,34515028,34740782,33284175,19486493,20943100
046060,Western Brown Local,Brown,2021,24463823,741425,5022516,0,756305,34165351,35047367,34451707,20943100,21538760
046060,Western Brown Local,Brown,2022,24134614,1521650,5391282,0,811112,33337135,34139990,32583151,21538760,23095599
046060,Western Brown Local,Brown,2023,24184613,1551675,5670293,0,848814,35367723,35597493,37006445,23095599,21686647
046060,Western Brown Local,Brown,2024,24077898,1797735,5694934,0,821620,36310716,37463894,38401576,21686647,22157917
046060,Western Brown Local,Brown,2025,24138754,1742443,7134012,0,926768,37346360,38111231,38365026,22157917,21904122
046078,Ripley-Union-Lewis-Huntington Local,Brown,2020,6850062,371236,2143751,0,292228,10665335,10740597,11067979,4798100,4470718
046078,Ripley-Union-Lewis-Huntington Local,Brown,2021,6984498,413708,2271146,0,294256,10793539,10882662,10732845,4470718,4620535
046078,Ripley-Union-Lewis-Huntington Local,Brown,2022,6946899,271441,2357647,0,299474,10386900,10655936,10958019,4620535,4318452
046078,Ripley-Union-Lewis-Huntington Local,Brown,2023,6504800,560956,2870377,0,306448,10739857,10975762,12195598,4318452,3098616
046078,Ripley-Union-Lewis-Huntington Local,Brown,2024,7209725,656103,2653894,0,308474,11518128,12447373,11693880,3098616,3852109
046078,Ripley-Union-Lewis-Huntington Local,Brown,2025,7443524,851576,3327964,0,349118,12794808,12931966,12318723,3852109,4465352
046094,Edgewood City School District,Butler,2020,16816659,354736,11727849,0,1251018,33676584,34474665,38454844,13948168,9967989
046094,Edgewood City School District,Butler,2021,17116615,323045,13906015,0,1264670,36070812,37422207,38541098,9967989,8849098
046094,Edgewood City School District,Butler,2022,17878817,1154785,14732320,0,1372039,36725972,38570736,39029704,8849098,8390130
046094,Edgewood City School District,Butler,2023,18341943,1479293,9078021,0,1577387,37722692,39125411,39314619,8390108,8200900
046094,Edgewood City School District,Butler,2024,19870766,1730101,10435065,0,1523455,42276411,43146481,40892559,8200900,10454823
046094,Edgewood City School District,Butler,2025,19194229,1706989,11267817,0,1726219,43804917,44379308,43416251,10454823,11417880
046102,Fairfield City,Butler,2020,32394071,722371,44940464,0,5019374,94455111,98375672,97256634,59398679,60517717
046102,Fairfield City,Butler,2021,33373053,750742,46261129,0,5059942,96759401,98956711,104211840,60517717,55262588
046102,Fairfield City,Butler,2022,31976639,2811588,46790399,0,5290564,96939506,101301590,102414807,55262588,54149371
046102,Fairfield City,Butler,2023,32961624,3064577,47107124,0,5294678,99640106,103991532,112169544,54149583,45971571
046102,Fairfield City,Butler,2024,37651877,4370310,49149794,0,5438033,110909455,114717370,114189083,45971571,46499857
046102,Fairfield City,Butler,2025,36889969,4103630,49885397,0,5620036,112760909,118366383,120338042,46499857,44528199
046110,Lakota Local,Butler,2020,48019862,151776,100372603,0,10292275,180503422,184933876,184016639,108163425,109080662
046110,Lakota Local,Butler,2021,50394027,151776,106047366,0,10480153,187717171,189184644,184956539,109080662,113308767
046110,Lakota Local,Butler,2022,46947398,3093319,109527689,0,10922109,190526076,192726046,190712594,113308767,115322219
046110,Lakota Local,Butler,2023,47430636,2950544,102849758,0,11132848,197260981,199437979,198778717,115320719,115979981
046110,Lakota Local,Butler,2024,48612019,4547822,107848475,0,11714680,210032446,210426116,210058782,115979981,116347315
046110,Lakota Local,Butler,2025,49677614,3079595,113743105,0,12272940,215676305,219644279,272444453,116347315,63547141
046128,Madison Local,Butler,2020,8833587,65596,3804572,1223118,618849,16488630,16565586,16179368,6238333,6624551
046128,Madison Local,Butler,2021,8997137,65582,4143277,1204272,636471,17092286,17176738,17198636,6624551,6602653
046128,Madison Local,Butler,2022,9125353,430261,4207493,1307385,662239,17166637,17755806,16829952,6602653,7528507
046128,Madison Local,Butler,2023,9097145,449258,4171781,1613871,676767,17227248,17227248,17400176,7528509,7355581
046128,Madison Local,Butler,2024,10026013,613868,4947461,1545105,777509,19471618,19471618,18555018,7355581,8272181
046128,Madison Local,Butler,2025,10079419,635739,5564103,1779449,1027341,20391951,20391951,20303866,8272181,8360266
046136,New Miami Local,Butler,2020,5977288,535337,1011327,627388,146971,8950723,9014344,9262599,4388461,4140206
046136,New Miami Local,Butler,2021,5721691,503834,974855,629662,143192,9026853,9190808,9430934,4140206,3900080
046136,New Miami Local,Butler,2022,5999270,850288,1092274,787606,141175,9229228,9588136,9749689,3900080,3738527
046136,New Miami Local,Butler,2023,6150173,1053481,1065355,859711,141576,9915573,10101817,10253355,3738525,3586987
046136,New Miami Local,Butler,2024,6639959,1042265,1216140,805224,158950,10423219,10580854,10651821,3586987,3516020
046136,New Miami Local,Butler,2025,7256762,1157104,1231681,873266,171660,11329402,11782600,11765157,3516020,3533463
046144,Ross Local,Butler,2020,10278997,14705,8541218,3407351,1052078,24782825,26393374,29252335,7440274,4581313
046144,Ross Local,Butler,2021,10592522,0,8965140,4855151,1098965,27065616,27394394,28555878,4581313,3419829
046144,Ross Local,Butler,2022,10010923,549929,9093185,5805156,1186323,28484572,29429823,27993627,3419829,4856025
046144,Ross Local,Butler,2023,10088899,558758,7512213,6222348,1196147,28968599,29034177,29028560,4856025,4861642
046144,Ross Local,Butler,2024,10478077,737814,9083958,6302603,1409249,31460792,31460792,30131102,4861642,6191332
046144,Ross Local,Butler,2025,10023440,544712,10481146,6762481,1620105,34082806,34082806,31553512,6191332,8720626
046151,Talawanda City,Butler,2020,7489025,144907,13185094,7659856,1448968,35083933,35334253,36810778,24737102,23260577
046151,Talawanda City,Butler,2021,7848531,144906,14102103,7373306,1508172,35879610,36125489,37364886,23260577,22021180
046151,Talawanda City,Butler,2022,8085710,574924,14432095,8458140,1648621,37547284,37701389,37675326,22021180,22047243
046151,Talawanda City,Butler,2023,8269331,530155,14498928,9464884,1657297,38713286,39363052,41554244,22047243,19856051
046151,Talawanda City,Butler,2024,8120604,740843,17259328,9347504,1963732,42647190,42850771,37750437,19856051,24956385
046151,Talawanda City,Butler,2025,8458011,561905,19600589,9820014,2262674,47093511,47421031,53870258,24956385,18507158
046177,Brown Local,Carroll,2020,2946678,151800,3567763,0,538998,8544159,8544159,8268251,5462052,5737960
046177,Brown Local,Carroll,2021,3025619,139660,3694003,0,534514,8618504,8665915,8475725,5737960,5928150
046177,Brown Local,Carroll,2022,2801781,309721,3587673,0,504917,8936091,9016091,7980063,5928150,6964178
046177,Brown Local,Carroll,2023,2870806,323264,3918041,0,537726,9645329,9645329,8526146,6964178,8083361
046177,Brown Local,Carroll,2024,3156571,396251,4250834,0,573038,10827949,10831960,9188465,8083361,9726856
046177,Brown Local,Carroll,2025,3228844,683589,4717050,0,580234,11679974,11681974,15546766,9726856,5862064
046193,Graham Local,Champaign,2020,10136165,74819,5228949,0,782865,18065149,18298961,17344465,5669765,6624261
046193,Graham Local,Champaign,2021,10290817,124825,5375683,0,802050,18456531,18536728,17377734,6624261,7783255
046193,Graham Local,Champaign,2022,10217125,448789,5400466,0,852951,18258675,18258675,18360409,7783255,7681521
046193,Graham Local,Champaign,2023,10188998,439728,6042855,0,917481,18986327,19005678,19542678,7681522,7144522
046193,Graham Local,Champaign,2024,10128172,624567,6417785,0,986417,19985157,19985157,20028475,7144522,7101204
046193,Graham Local,Champaign,2025,10210250,478665,6358251,0,988141,19854977,19873017,20712048,7101204,6262173
046201,Triad Local,Champaign,2020,5434534,54027,2361723,2188865,343764,11276904,11491314,11585245,3503846,3409915
046201,Triad Local,Champaign,2021,5535680,53998,2408112,2186502,352353,11357847,11650590,10748501,3409915,4312004
046201,Triad Local,Champaign,2022,5662744,211487,2470773,2453612,355061,11440044,11531841,10982353,4312004,4861492
046201,Triad Local,Champaign,2023,5351670,276524,2768412,2903698,388873,12437439,12618474,10879985,4861496,6599985
046201,Triad Local,Champaign,2024,5745408,330872,3056672,2905646,424209,13528366,13669594,12032562,6599985,8237017
046201,Triad Local,Champaign,2025,5803233,427923,3008014,3382464,429702,14125040,14170755,18427593,8237017,3980179
046219,West Liberty-Salem Local,Champaign,2020,5776741,88327,2593180,2774802,374464,13759256,13828331,13497068,8112359,8443622
046219,West Liberty-Salem Local,Champaign,2021,5865280,82734,2721457,2673347,382508,13716670,13912223,13334177,8443622,9021668
046219,West Liberty-Salem Local,Champaign,2022,7080668,449358,2693176,3018935,382481,14285728,14315515,13918870,9021668,9418313
046219,West Liberty-Salem Local,Champaign,2023,7312936,503701,3053061,3567071,421368,15945677,17137239,16007484,9418315,10548071
046219,West Liberty-Salem Local,Champaign,2024,7847289,525668,3405918,3705739,465633,17262422,17262422,17545611,10548071,10264882
046219,West Liberty-Salem Local,Champaign,2025,8017786,554215,3420887,4353480,468073,18316438,18321930,20539016,10264882,8047796
046235,Greenon Local,Clark,2020,6041791,207378,7851543,0,1128996,16694606,17209859,17340672,7237399,7106586
046235,Greenon Local,Clark,2021,6273099,199411,8153449,0,1142828,17001658,17527307,17141890,7106586,7492003
046235,Greenon Local,Clark,2022,4957074,340147,8782231,0,1131440,16426066,17147897,16276006,7492003,8363894
046235,Greenon Local,Clark,2023,5254364,368810,7949031,0,1195075,16053574,17433990,18169868,8363896,7628018
046235,Greenon Local,Clark,2024,6092378,587692,9563802,0,1273395,19121393,20056665,18526029,7628018,9158654
046235,Greenon Local,Clark,2025,6142305,602725,9602492,0,1290518,19234984,20342374,19823313,9158654,9677715
046243,Tecumseh Local,Clark,2020,18600003,554020,7419987,0,1308057,31024543,31198999,31432956,11892976,11659019
046243,Tecumseh Local,Clark,2021,18730551,554020,7809152,0,1299465,31757917,32412152,31881122,11659019,12190049
046243,Tecumseh Local,Clark,2022,19526994,1503964,7778538,0,1271275,31644664,32000760,30441687,12190049,13749122
046243,Tecumseh Local,Clark,2023,18529149,2653425,8490281,0,1330562,33232631,34113271,31395000,13749121,16467392
046243,Tecumseh Local,Clark,2024,19584235,1994797,9151902,0,1405816,34783629,34792217,33984159,16467392,17275450
046243,Tecumseh Local,Clark,2025,20112211,3221639,9215603,0,1415527,36968621,36983835,40912775,17275450,13346511
046250,Northeastern Local,Clark,2020,12542449,310044,11360696,5440547,1784954,35635955,35765479,33817540,13465168,15413107
046250,Northeastern Local,Clark,2021,12892113,366252,11558507,5261909,1773076,36243141,36346600,35113765,15413107,16645942
046250,Northeastern Local,Clark,2022,11846184,802677,11303121,5756183,1778463,34184222,34266586,32948087,16645942,17964441
046250,Northeastern Local,Clark,2023,12001181,901833,12096467,6280237,1778334,36294878,36495368,33676453,17964440,20783355
046250,Northeastern Local,Clark,2024,12014214,870406,12482952,5967017,1793849,37134340,37466920,36551282,20783355,21698993
046250,Northeastern Local,Clark,2025,12199063,888294,12513959,6513836,1796635,37620634,37663376,44463627,21698993,14898742
046268,Northwestern Local,Clark,2020,6942086,102901,5373593,2398415,871122,18275586,18393076,18011201,7432769,7814644
046268,Northwestern Local,Clark,2021,7089252,103927,5673281,2460660,875255,18628646,18869022,18512094,7814644,8171572
046268,Northwestern Local,Clark,2022,7462110,155161,6438284,2707290,502389,18353293,18571467,18187744,8171572,8555295
046268,Northwestern Local,Clark,2023,7331451,391621,6340686,2906311,475771,18986508,18986900,19336635,8555295,8205560
046268,Northwestern Local,Clark,2024,7945501,476115,6962037,2810588,619099,20838610,20854254,20131761,8205560,8928053
046268,Northwestern Local,Clark,2025,7903701,485839,6973940,3066252,989050,21368371,21378525,21621850,8928053,8684728
046276,Southeastern Local,Clark,2020,3895385,50883,2603165,1131691,479618,9378063,9474919,10388802,6224993,5311110
046276,Southeastern Local,Clark,2021,3962006,56283,2702206,1164077,369015,9738074,10079175,10738152,5311110,4652133
046276,Southeastern Local,Clark,2022,4437280,109018,2633708,1359089,361092,9754541,9934071,9871618,4652133,4714586
046276,Southeastern Local,Clark,2023,4460419,253913,2872157,1395019,380344,10177926,10287478,10482912,4714583,4519149
046276,Southeastern Local,Clark,2024,4977959,337081,3100106,1426047,400582,11341754,11502157,11549754,4519149,4471552
046276,Southeastern Local,Clark,2025,5278052,346921,3095120,1473530,407284,11729948,11989513,12250832,4471552,4210233
046284,Clark-Shawnee Local,Clark,2020,6516923,255280,10323994,0,930286,21254280,21568984,22634585,7952812,6887211
046284,Clark-Shawnee Local,Clark,2021,6765775,272840,10964715,0,951548,22023944,22604683,23317941,6887211,6173953
046284,Clark-Shawnee Local,Clark,2022,5642585,506475,10792322,0,962056,20123150,20775659,20770589,6173953,6179023
046284,Clark-Shawnee Local,Clark,2023,5623551,547850,11413949,0,984514,20930669,21204456,21581319,6179014,5802151
046284,Clark-Shawnee Local,Clark,2024,6434595,686882,11797827,0,1069775,22526828,22769064,23143803,5802151,5427412
046284,Clark-Shawnee Local,Clark,2025,6427756,730650,12115123,0,1072606,23093691,23281413,24306880,5427412,4401944
046300,Batavia Local,Clermont,2020,11548339,101506,7481636,0,673414,23305661,23305661,22711657,3115393,3709397
046300,Batavia Local,Clermont,2021,11742321,66942,7686844,0,693824,23848931,23858403,23750891,3709397,3816909
046300,Batavia Local,Clermont,2022,11950178,187593,8013439,0,689829,24086888,24086888,24392145,3816909,3511652
046300,Batavia Local,Clermont,2023,12569314,357562,8321678,0,706316,24969712,24973677,24414303,3511652,4071026
046300,Batavia Local,Clermont,2024,14293530,492499,9539556,0,843282,26822895,26822895,26721987,4071026,4171934
046300,Batavia Local,Clermont,2025,15030128,456369,9623685,0,858171,30051515,30051515,28891169,4171934,5332280
046318,Bethel-Tate Local,Clermont,2020,9508625,294005,4244799,0,535150,16253533,16852353,16842054,2781565,2791864
046318,Bethel-Tate Local,Clermont,2021,9593772,263030,4433021,0,542997,16374350,16766902,17046483,2791864,2512283
046318,Bethel-Tate Local,Clermont,2022,9645372,363103,4668786,0,563734,15820595,15957012,15768979,2512283,2700316
046318,Bethel-Tate Local,Clermont,2023,9515977,633286,4903539,0,572138,16621647,16721798,16702523,2700315,2719590
046318,Bethel-Tate Local,Clermont,2024,9948548,709092,5473962,0,642865,17656820,17702857,17664412,2719590,2758035
046318,Bethel-Tate Local,Clermont,2025,9449761,633073,5922501,0,720076,18159483,18191846,19218272,2758035,1731609
046326,Clermont Northeastern Local,Clermont,2020,5994177,44607,6404011,3760644,821597,18550315,18550315,18279273,3750209,4021251
046326,Clermont Northeastern Local,Clermont,2021,6010494,121082,6182877,3586758,841478,18461071,18658549,18716835,4021251,3962965
046326,Clermont Northeastern Local,Clermont,2022,5437888,348126,6192426,4603767,848627,18901002,19191663,16579612,3962965,6575016
046326,Clermont Northeastern Local,Clermont,2023,5669594,541235,6151684,5045089,848607,20025477,20124188,18851297,6575046,7847937
046326,Clermont Northeastern Local,Clermont,2024,5448428,551061,6923317,4658499,936281,20806379,20846737,19251681,7847937,9442993
046326,Clermont Northeastern Local,Clermont,2025,5575971,438755,7366477,5097501,1031408,21819227,23225583,23329467,9442993,9339110
046334,Felicity-Franklin Local,Clermont,2020,7575842,291037,1494789,0,228170,11072687,11098074,10656685,4482543,4923932
046334,Felicity-Franklin Local,Clermont,2021,8194310,294599,1523508,0,228824,11220676,11394597,11033378,4923932,5285151
046334,Felicity-Franklin Local,Clermont,2022,7307536,653179,1482464,0,227848,10325684,10487105,10658117,5285151,5114139
046334,Felicity-Franklin Local,Clermont,2023,7379752,620943,1517643,0,227296,10473135,10931471,10349238,5114154,5696387
046334,Felicity-Franklin Local,Clermont,2024,7379364,703667,1731861,0,246304,10915618,11106914,10464358,5696387,6338943
046334,Felicity-Franklin Local,Clermont,2025,7510334,1091103,1772201,0,268839,11472753,11556033,13774192,6338943,4120784
046342,Goshen Local,Clermont,2020,17045805,253658,5026978,3992165,775895,30860828,31436614,31139468,10014592,10311738
046342,Goshen Local,Clermont,2021,17554681,152041,5371047,3820644,865022,31247301,31849944,31435411,10311738,10726271
046342,Goshen Local,Clermont,2022,18020540,1390479,5639073,4279883,851734,32568209,33890460,31597205,10726271,13019526
046342,Goshen Local,Clermont,2023,18193430,1209972,6387611,4724623,859398,33944710,34596180,34450109,13019524,13165595
046342,Goshen Local,Clermont,2024,18908462,1519072,8069545,4842372,1000776,37307349,37845117,35837447,13165595,15173265
046342,Goshen Local,Clermont,2025,18371592,2936460,7727395,5249073,1288261,39359860,42073634,41239871,15173265,16007028
046359,West Clermont Local,Clermont,2020,30270327,517329,33762069,0,4188916,75580626,75677339,81786568,14381779,8272550
046359,West Clermont Local,Clermont,2021,31107110,371977,40976875,0,4614190,85776429,97028893,97204338,8272550,8097105
046359,West Clermont Local,Clermont,2022,28250239,1710019,47696558,0,4764896,91787820,95203365,90265054,8097105,13035416
046359,West Clermont Local,Clermont,2023,27491493,1706804,49135646,0,4789486,93041200,95944254,90251345,13035416,18728325
046359,West Clermont Local,Clermont,2024,28372534,2621556,53320453,0,5419555,100362378,103850216,95360782,18728325,27217759
046359,West Clermont Local,Clermont,2025,27260906,2270390,59414528,0,6105500,106956324,108074038,104286142,27217759,31005655
046367,Williamsburg Local,Clermont,2020,5182382,139586,3250284,0,468087,10773232,10904718,10311696,2617059,3210081
046367,Williamsburg Local,Clermont,2021,5323721,91212,3408747,0,472370,10903011,11172668,10257442,3210081,4125307
046367,Williamsburg Local,Clermont,2022,5874749,360307,3434890,0,477560,11163789,11245231,10293892,4125307,5076646
046367,Williamsburg Local,Clermont,2023,5989552,359455,3456188,0,478689,11390255,11480061,12661511,5076646,3895196
046367,Williamsburg Local,Clermont,2024,6702318,444497,3680995,0,507928,13117828,14614847,14007316,3895196,4502727
046367,Williamsburg Local,Clermont,2025,6736010,427778,3964285,0,541192,14069328,14690568,14984619,4502727,4208676
046383,Blanchester Local,Clinton,2020,10699661,253716,2737871,0,429151,16049230,17274864,17864691,3267058,2677231
046383,Blanchester Local,Clinton,2021,10813431,350824,2945804,0,448227,16219128,16824654,16835927,2677231,2665958
046383,Blanchester Local,Clinton,2022,11223488,-13888,3123099,0,469650,16324497,16389753,16943360,2665958,2112351
046383,Blanchester Local,Clinton,2023,10965367,764170,3175719,0,463682,16741323,19453320,17397324,2112379,4168375
046383,Blanchester Local,Clinton,2024,11003431,786791,3768268,113367,525291,17870570,17883251,16376856,4168375,5674770
046383,Blanchester Local,Clinton,2025,11120487,609942,4207418,1381574,604668,20134151,20186951,20176297,5674770,5685425
046391,Clinton-Massie Local,Clinton,2020,8564446,8629,5313632,75123,366646,16592278,16688839,17275276,3618955,3032518
046391,Clinton-Massie Local,Clinton,2021,8745910,34513,4990863,784120,765629,17867650,18097499,17935994,3032518,3194023
046391,Clinton-Massie Local,Clinton,2022,9338249,403739,5862973,1304968,816421,18918083,18984292,18430538,3194023,3747777
046391,Clinton-Massie Local,Clinton,2023,9254646,386171,5764323,1661807,847776,19213490,19415186,20747769,3764831,2432248
046391,Clinton-Massie Local,Clinton,2024,9175347,497901,6542739,1612244,928371,20207884,20251663,21781775,2432248,902136
046391,Clinton-Massie Local,Clinton,2025,9266807,402676,7656095,1629677,1062926,21709680,21776292,20245753,902136,2432676
046409,East Clinton Local,Clinton,2020,8518669,219987,3136954,0,457012,13845993,13956502,14137575,7801615,7620542
046409,East Clinton Local,Clinton,2021,8652463,219986,3166842,0,424393,14014594,14186883,14398764,7620542,7408661
046409,East Clinton Local,Clinton,2022,8818781,501259,3144478,0,501789,13597952,13686692,13914791,7408661,7180562
046409,East Clinton Local,Clinton,2023,8753798,508238,3174066,0,461342,13974196,14038676,15440994,7180562,5778244
046409,East Clinton Local,Clinton,2024,9365839,634692,3746752,0,512487,15453065,15524186,16472217,5778244,4830213
046409,East Clinton Local,Clinton,2025,9535357,1205926,4170862,0,577928,16793388,16890565,16928622,4830213,4792156
046425,Beaver Local,Columbiana,2020,9324023,60098,5589627,0,882347,19203813,19204163,18366959,900470,1737674
046425,Beaver Local,Columbiana,2021,9322890,140774,6017195,0,901019,19789487,19945726,19708770,1737674,1974630
046425,Beaver Local,Columbiana,2022,10034032,522773,5942569,0,891716,19080940,19115141,17859572,1974630,3230199
046425,Beaver Local,Columbiana,2023,9730800,565259,6513210,0,941647,19347379,19461072,18182390,3230197,4508879
046425,Beaver Local,Columbiana,2024,9786176,729322,7187600,0,986600,20339334,20688206,19290302,4508879,5906783
046425,Beaver Local,Columbiana,2025,9661278,636174,7151649,0,996401,19957984,19972194,22901443,5906783,2977534
046433,Crestview Local,Columbiana,2020,5689811,52925,2108527,1405202,311528,13513423,13561307,12670524,1692583,2583366
046433,Crestview Local,Columbiana,2021,5785749,52925,2162288,1443821,320220,13654420,13685891,12937798,2583366,3331459
046433,Crestview Local,Columbiana,2022,8097956,396182,2128499,1674309,321397,14036124,14037624,13534644,3331459,3834439
046433,Crestview Local,Columbiana,2023,8100671,412827,2488256,1750520,348059,14583654,14584854,13808376,3834434,4610912
046433,Crestview Local,Columbiana,2024,8634725,519348,2793548,1815230,376997,15859285,15864356,15099172,4610912,5376096
046433,Crestview Local,Columbiana,2025,8978321,552796,2769716,1881356,380314,16380468,16380468,17202921,5376096,4553643
046441,Southern Local,Columbiana,2020,7303116,549098,1677750,0,365006,12997070,12997070,12700317,1356460,1653213
046441,Southern Local,Columbiana,2021,7321375,549000,1918173,0,331281,13545399,13545559,12531562,1653213,2667210
046441,Southern Local,Columbiana,2022,7601654,526088,1917442,0,294641,13534450,13587254,13528647,2667210,2725817
046441,Southern Local,Columbiana,2023,7904368,1034203,2048084,0,449357,15055630,15233416,14582391,2725816,3376841
046441,Southern Local,Columbiana,2024,8497536,1056810,2365640,0,367579,15199152,15341077,14928041,3376841,3789877
046441,Southern Local,Columbiana,2025,8846563,1070534,2500364,0,330813,16974491,17493397,15825508,3789877,5457766
046458,United Local,Columbiana,2020,6441677,113900,2673504,838362,406165,14050309,14107787,14771716,4725876,4061947
046458,United Local,Columbiana,2021,6576821,106204,2704666,804177,415322,16985869,17221361,15371195,4061947,5912113
046458,United Local,Columbiana,2022,7340477,436650,2776126,917675,415730,15707529,17328983,16533959,5912113,6707137
046458,United Local,Columbiana,2023,7383008,382412,3276858,1117014,451208,16453677,16454579,17548923,6707142,5612798
046458,United Local,Columbiana,2024,7364047,413003,3324220,1035960,490590,16414089,16415299,17127304,5612798,4900793
046458,United Local,Columbiana,2025,7411490,400747,3451856,1155494,495909,19920996,19936487,19449774,4900793,5387506
046474,Ridgewood Local,Coshocton,2020,7705767,391397,3189900,0,423444,12718779,12798120,13154763,6505159,6148516
046474,Ridgewood Local,Coshocton,2021,7862853,391416,3572678,0,423194,13493778,13514661,13187283,6148516,6475894
046474,Ridgewood Local,Coshocton,2022,8369344,669149,3591629,0,437898,13307954,13399904,13256267,6475894,6619531
046474,Ridgewood Local,Coshocton,2023,8428390,672272,3820336,0,457249,13707486,13858385,13773287,6619380,6704478
046474,Ridgewood Local,Coshocton,2024,8786391,796808,3722665,0,457226,14252857,14281081,14639272,6704478,6346287
046474,Ridgewood Local,Coshocton,2025,9149524,1418750,4245293,0,512492,15852599,15867303,15997123,6346287,6216467
046482,River View Local,Coshocton,2020,7858240,351719,6046098,0,825115,19247490,19447743,21046386,6547432,4948789
046482,River View Local,Coshocton,2021,8172256,351716,6430591,0,829039,20852207,21204468,19325959,4948789,6827297
046482,River View Local,Coshocton,2022,8585713,640472,6177864,0,850214,19360174,19683747,18157728,6827297,8353316
046482,River View Local,Coshocton,2023,8287781,629238,6233930,0,874433,19373011,19579766,20409957,8355857,7525666
046482,River View Local,Coshocton,2024,8254158,775867,6609873,0,888419,20272390,22521952,21073907,7525666,8973710
046482,River View Local,Coshocton,2025,8592072,703146,7654976,0,1002070,21508375,23150377,26279627,8973710,5844460
046508,Buckeye Central Local,Crawford,2020,4722212,106929,2239928,1845011,343668,17189153,17241803,15021053,6606603,8827353
046508,Buckeye Central Local,Crawford,2021,4814112,106929,2272653,1942050,344656,18074435,18121715,19579647,8827353,7369421
046508,Buckeye Central Local,Crawford,2022,4040392,225964,2273114,2160154,346474,15347446,15390230,13183001,7369421,9576650
046508,Buckeye Central Local,Crawford,2023,4074866,222718,2306143,2369255,327598,16368751,16410866,16409853,9576650,9577663
046508,Buckeye Central Local,Crawford,2024,4081724,217757,2333740,2583599,326993,17259290,17323529,16340153,9577663,10561039
046508,Buckeye Central Local,Crawford,2025,4104401,185676,2903483,2749970,388459,18052896,18058241,23566718,10561039,5052562
046516,Colonel Crawford Local,Crawford,2020,3800264,76020,2492519,1727899,666329,11500971,11567134,10919919,6180230,6827445
046516,Colonel Crawford Local,Crawford,2021,3874571,78077,2402891,1728843,581868,11597356,11619983,11089549,6827445,7357879
046516,Colonel Crawford Local,Crawford,2022,5474976,376593,2540184,1989727,499964,11975146,11989211,11388935,7357879,7958155
046516,Colonel Crawford Local,Crawford,2023,5458413,298147,2548659,2168664,419755,12707024,13310784,12808821,7958154,8460117
046516,Colonel Crawford Local,Crawford,2024,6115753,383138,2508191,2104150,372626,13624947,13629695,13221555,8460117,8868257
046516,Colonel Crawford Local,Crawford,2025,6590726,374673,3378417,2302579,453911,15449450,15450436,18166486,8868257,6152207
046524,Wynford Local,Crawford,2020,5713637,59723,3533166,0,481463,12430641,12768486,12496620,4930879,5202745
046524,Wynford Local,Crawford,2021,5854348,57232,3820104,0,476904,12862588,14602144,14041386,5202745,5763503
046524,Wynford Local,Crawford,2022,6870736,324776,4037225,0,471052,12509111,13131778,13031319,5763503,5863962
046524,Wynford Local,Crawford,2023,6849113,352867,3489339,0,478059,12700346,13054157,13984304,5863959,4933812
046524,Wynford Local,Crawford,2024,7294573,459033,3649696,0,481064,13420096,14106606,15446901,4933812,3593517
046524,Wynford Local,Crawford,2025,7091195,419855,4190404,0,548035,13981661,15850996,15041288,3593517,4403225
046557,Cuyahoga Heights Local,Cuyahoga,2020,416908,129594,9104709,0,2596481,16524319,16615043,15686143,13870634,14799534
046557,Cuyahoga Heights Local,Cuyahoga,2021,733691,134894,9295682,0,2378624,16635733,16906309,15727865,14799534,15977978
046557,Cuyahoga Heights Local,Cuyahoga,2022,647667,246744,9387911,0,2162962,16722343,16765570,16712233,15977978,16031315
046557,Cuyahoga Heights Local,Cuyahoga,2023,532985,243459,9824368,0,1948670,17648041,18218311,17818221,16031315,16431405
046557,Cuyahoga Heights Local,Cuyahoga,2024,826590,265921,9832587,0,1735269,18494322,18679666,17768633,16431405,17342438
046557,Cuyahoga Heights Local,Cuyahoga,2025,866129,261510,10330392,0,1538575,19241841,19321366,22492734,17342438,14171070
046565,Independence Local,Cuyahoga,2020,727631,78672,12407135,0,1211240,19897290,20046294,18593873,11730037,13182458
046565,Independence Local,Cuyahoga,2021,791547,62827,12321499,0,1176708,18913283,19087267,19538080,13182458,12731645
046565,Independence Local,Cuyahoga,2022,671424,170764,12829560,0,1189823,19400165,19400165,20048576,12731645,12083234
046565,Independence Local,Cuyahoga,2023,752449,157068,12993362,0,1222930,20248337,20290471,20936124,12083317,11437664
046565,Independence Local,Cuyahoga,2024,1098018,215460,13410409,0,1233370,21014181,21072169,21721164,11437664,10788669
046565,Independence Local,Cuyahoga,2025,1239476,236380,12304723,0,1190743,22675492,22707117,21811051,10788669,11684734
046573,Olmsted Falls City,Cuyahoga,2020,13689974,282229,22399077,0,2992050,42303840,42497584,46409135,5853440,1941889
046573,Olmsted Falls City,Cuyahoga,2021,14060250,372689,25103155,0,3232541,45595072,48487781,44251920,1941889,6177750
046573,Olmsted Falls City,Cuyahoga,2022,13040539,675286,28839080,0,3325620,49315803,50008087,46128372,6177750,10057465
046573,Olmsted Falls City,Cuyahoga,2023,13195257,663300,29279733,0,3362271,50068361,50729693,50524719,10057465,10262439
046573,Olmsted Falls City,Cuyahoga,2024,13318905,899345,29946875,0,3342103,51537127,52008509,50406272,10262439,11864675
046573,Olmsted Falls City,Cuyahoga,2025,13249218,854626,30197559,0,3425737,52029019,52460273,53662295,11864675,10662653
046581,Orange City,Cuyahoga,2020,1593437,134513,41002814,0,4830030,51176231,51324252,50484198,25190374,26030428
046581,Orange City,Cuyahoga,2021,1776922,133817,40406171,0,4853988,50225895,50238763,50439776,26030428,25829415
046581,Orange City,Cuyahoga,2022,1789877,418209,42921089,0,4923386,53194669,53200779,51274747,25829415,27755447
046581,Orange City,Cuyahoga,2023,1795362,481515,42863199,0,4991887,54009347,54017299,55137856,27755448,26634891
046581,Orange City,Cuyahoga,2024,2407960,789045,43515083,0,5048898,57490444,57512286,57473332,26634891,26673844
046581,Orange City,Cuyahoga,2025,2812733,1019813,43204024,0,5243778,57423759,57435402,62979178,26673844,21130069
046599,Richmond Heights Local,Cuyahoga,2020,1654310,185546,9746977,0,1354977,14263657,14766726,14445290,2105097,2426534
046599,Richmond Heights Local,Cuyahoga,2021,1670632,202369,10131336,0,1361519,14439838,14965843,13495941,2426534,3896436
046599,Richmond Heights Local,Cuyahoga,2022,357656,245301,10482260,0,1408098,13382310,13581194,12920587,3896436,4557042
046599,Richmond Heights Local,Cuyahoga,2023,815857,226624,10373884,0,1344692,13764564,13801484,14920008,4557042,3438518
046599,Richmond Heights Local,Cuyahoga,2024,1405606,241690,10829934,0,1400557,15905197,15911103,15856611,3438518,3493010
046599,Richmond Heights Local,Cuyahoga,2025,1684822,453688,10894822,0,1417087,15860576,16015562,15909422,3493010,3599150
046607,Solon City,Cuyahoga,2020,3375432,14882,57461058,0,8317960,76273787,76628787,74755684,40896649,42769752
046607,Solon City,Cuyahoga,2021,3479029,14882,61525757,0,7609661,80424475,80634475,79412778,42769752,43991449
046607,Solon City,Cuyahoga,2022,3493388,290821,63101035,0,6880750,82116474,82191474,84033820,43991449,42149103
046607,Solon City,Cuyahoga,2023,3616513,284578,64998910,0,6144591,84218498,86712432,92974630,42149103,35886905
046607,Solon City,Cuyahoga,2024,4810293,599581,65368875,0,5409694,86199904,90379904,83413720,35886905,42853089
046607,Solon City,Cuyahoga,2025,5236470,360945,66094154,0,5132635,87765790,88093790,93832763,42853089,37114116
046623,Ansonia Local,Darke,2020,4550845,65352,1523903,1334256,225225,9062806,9062806,9651544,4010811,3422073
046623,Ansonia Local,Darke,2021,4614627,67964,1532910,1311300,226418,9253455,9253455,9472962,3422073,3202566
046623,Ansonia Local,Darke,2022,5697112,348145,1506964,1470721,227780,9738175,9765860,9475307,3202566,3493119
046623,Ansonia Local,Darke,2023,6014274,386416,1584397,1692877,228719,10583573,10583573,10030594,3493109,4046088
046623,Ansonia Local,Darke,2024,7036133,509754,1825815,1881703,254498,12248824,12248824,10260632,4046088,6034280
046623,Ansonia Local,Darke,2025,7666246,479117,1993274,2066326,279347,13369742,13372913,14191273,6034280,5215920
046631,Arcanum-Butler Local,Darke,2020,5841644,29363,2324534,2288612,382763,12632972,12793532,12398157,5346530,5741905
046631,Arcanum-Butler Local,Darke,2021,5914956,29363,2378132,2266011,386193,12881092,12933504,12845979,5741905,5829430
046631,Arcanum-Butler Local,Darke,2022,6741109,361358,2374398,2515147,389377,12917849,13611292,13012136,5829430,6428586
046631,Arcanum-Butler Local,Darke,2023,6775303,376773,2382652,2777073,390713,13527797,13552480,13317516,6428586,6663550
046631,Arcanum-Butler Local,Darke,2024,7738777,516006,2874929,2827905,447831,15404001,15515572,14498956,6663550,7680166
046631,Arcanum-Butler Local,Darke,2025,8125777,516830,3204889,2953912,506277,16249123,16273181,16268528,7680166,7684819
046649,Franklin Monroe Local,Darke,2020,3303028,10215,1677050,716829,255449,7418841,7544869,7415832,6348336,6477373
046649,Franklin Monroe Local,Darke,2021,3324509,10210,1684898,741187,257438,7504457,7564211,7262059,6477373,6779525
046649,Franklin Monroe Local,Darke,2022,3816491,259601,1661321,838810,258494,7171671,7239278,7199059,6779525,6819744
046649,Franklin Monroe Local,Darke,2023,3869678,248256,1682388,900392,258496,7599768,7623918,7616253,6819563,6827228
046649,Franklin Monroe Local,Darke,2024,4057909,303666,1974887,915214,286324,8206935,8272049,8084423,6827228,7014854
046649,Franklin Monroe Local,Darke,2025,4034030,323328,2154165,993107,313898,8512028,8576099,12231600,7014854,3359354
046672,Mississinawa Valley Local,Darke,2020,4581908,120090,1715867,1271577,253148,8715669,8745267,8395514,3715546,4065299
046672,Mississinawa Valley Local,Darke,2021,4646185,120095,1698549,1265122,253171,8806445,8806985,8442790,4065299,4429494
046672,Mississinawa Valley Local,Darke,2022,4774627,320390,1685769,1410109,253203,8873505,8874794,8324227,4429494,4980061
046672,Mississinawa Valley Local,Darke,2023,5028119,379816,1687539,1712282,255743,9726738,9729449,9258137,4980061,5451373
046672,Mississinawa Valley Local,Darke,2024,5590831,491817,2041625,1569294,280951,10709821,10709821,9871506,5451373,6289688
046672,Mississinawa Valley Local,Darke,2025,5864621,818314,2173254,1680666,305402,11421249,13417535,14854690,6289688,4852533
046680,Tri-Village Local,Darke,2020,4165793,50783,1874670,1362688,292716,9900657,9996587,9160734,9552959,10388815
046680,Tri-Village Local,Darke,2021,4240018,50787,1928778,1494219,294140,10220552,10332277,10030569,10388815,10690522
046680,Tri-Village Local,Darke,2022,5080419,312130,1888885,1590125,294870,10292297,10375309,13406457,10690522,7659374
046680,Tri-Village Local,Darke,2023,5285188,323576,1914376,1851822,294994,11087605,11155433,11409368,7659377,7405442
046680,Tri-Village Local,Darke,2024,6046374,403996,2216923,1850996,327071,12298560,12428398,12721677,7405442,7112163
046680,Tri-Village Local,Darke,2025,6253406,457411,2466381,1995655,356365,13085566,13177721,15263637,7112163,5026247
046706,Ayersville Local,Defiance,2020,2703216,11492,2253453,996251,603713,8772645,8809651,9510878,4929875,4228648
046706,Ayersville Local,Defiance,2021,2758432,11491,1781585,946401,538719,8122080,8167730,9132312,4228648,3264066
046706,Ayersville Local,Defiance,2022,4234348,235816,2127652,1116062,474544,8869289,9135654,8492437,3264066,3907283
046706,Ayersville Local,Defiance,2023,4338401,345695,2106775,1186388,413222,9107661,9147256,8563127,3909993,4494122
046706,Ayersville Local,Defiance,2024,5019112,517605,2244296,1226968,349094,10236887,10222276,9021796,4494122,5694602
046706,Ayersville Local,Defiance,2025,5373213,315668,2345937,1244170,296952,10531099,10575942,11653242,5694602,4617302
046714,Central Local,Defiance,2020,6502572,91473,3233164,1113481,502538,12642830,12752116,13358967,3899113,3292262
046714,Central Local,Defiance,2021,6711482,91671,3068517,1042464,486890,12650625,13165006,13199171,3292262,3258097
046714,Central Local,Defiance,2022,6465283,366545,3040780,1201243,474808,12356026,12384931,12771576,3258097,2871452
046714,Central Local,Defiance,2023,6432564,380786,3022533,1284047,471532,12463574,12477409,12646068,2871451,2702792
046714,Central Local,Defiance,2024,7080129,504641,3750636,1415828,535856,14300493,14323871,13615260,2702792,3411402
046714,Central Local,Defiance,2025,6810516,518406,4192191,1365543,608060,14694965,14717355,14165690,3411402,3963066
046722,Northeastern Local,Defiance,2020,2700303,17756,5067607,0,509716,15976157,16122897,12731263,7530397,10922031
046722,Northeastern Local,Defiance,2021,2930970,17256,4879635,0,512295,16016015,16284315,15782396,10922031,11423950
046722,Northeastern Local,Defiance,2022,2972176,57473,5155582,0,515940,21680592,21890992,22508548,11423950,10806394
046722,Northeastern Local,Defiance,2023,3185126,54332,5134023,0,500964,15686913,16547191,15639481,10806395,11714105
046722,Northeastern Local,Defiance,2024,3264808,102792,5277994,0,516859,15801415,16310942,15375916,11714105,12649131
046722,Northeastern Local,Defiance,2025,3268833,43237,5622002,0,535077,15891497,17651688,16843572,12649131,13457247
046748,Big Walnut Local,Delaware,2020,6505464,176387,19459483,8208628,2690631,43371910,43518521,43082468,11167331,11603384
046748,Big Walnut Local,Delaware,2021,6924018,199565,20952954,8188767,2886085,45197346,45542181,43732985,11603384,13412580
046748,Big Walnut Local,Delaware,2022,6352343,780366,22993047,9983767,3084552,49525754,50000330,44554439,13412580,18858471
046748,Big Walnut Local,Delaware,2023,6495325,602688,24022638,12175411,3229244,53758682,53889289,47181440,18858472,25566321
046748,Big Walnut Local,Delaware,2024,6481864,847491,28784931,11062620,3775949,59384283,59494742,50827560,25566321,34233503
046748,Big Walnut Local,Delaware,2025,6694484,865857,33623933,12513778,4405636,66913907,66994912,75015220,34233503,26213195
046755,Buckeye Valley Local,Delaware,2020,4551223,15229,11310545,7610646,1638235,27610837,27732015,26531391,13810188,15010812
046755,Buckeye Valley Local,Delaware,2021,4754515,22837,12326336,7563632,1767763,28501934,29349385,27886816,15010812,16473381
046755,Buckeye Valley Local,Delaware,2022,4149954,210061,13519526,8653520,1892562,30321645,30467304,28965942,16473381,17974743
046755,Buckeye Valley Local Schools,Delaware,2023,4440909,181132,13724627,10488559,1961762,33106605,33178243,30993219,17974743,20159767
046755,Buckeye Valley Local Schools,Delaware,2024,4712442,304684,16922359,9777061,2349140,36657675,36791980,40466752,20159767,16484995
046755,Buckeye Valley Local Schools,Delaware,2025,5135057,368241,20012654,10748910,2750509,41962155,42461795,42927525,16484995,16019265
046763,Olentangy Local,Delaware,2020,13116123,491246,165794474,0,18201726,245730645,245743389,242761486,90167323,93149227
046763,Olentangy Local,Delaware,2021,14296621,663554,184185846,0,18339055,269443726,269445331,257492504,93149227,105102055
046763,Olentangy Local,Delaware,2022,18151416,509381,211827863,0,18903466,309030376,327227267,275523724,105102055,156805599
046763,Olentangy Local,Delaware,2023,23633681,4066769,215045998,0,19689276,329579832,331581160,300381988,156805660,188004832
046763,Olentangy Local,Delaware,2024,38391644,3758463,219643641,0,20196108,360684921,361685955,344844803,188004832,204845983
046763,Olentangy Local,Delaware,2025,36951223,5090349,231037018,0,21544584,375119223,375137363,422004911,204845983,157978435
046789,Edison Local (Formerly Berlin-Milan),Erie,2020,4798018,178998,6397844,0,820232,16963462,16981221,16434644,5324705,5871282
046789,Edison Local (Formerly Berlin-Milan),Erie,2021,4965666,188766,6276743,0,780117,18049733,18337958,19976676,5871282,4232564
046789,Edison Local (Formerly Berlin-Milan),Erie,2022,5290318,416491,6342781,0,803621,18377841,18394890,18131625,4232564,4495829
046789,Edison Local (Formerly Berlin-Milan),Erie,2023,5335408,449977,6903586,0,827201,18714835,18737398,18761845,4495828,4471381
046789,Edison Local (Formerly Berlin-Milan),Erie,2024,5568677,563571,6748172,0,828879,19234671,19259912,19059128,4471381,4672165
046789,Edison Local (Formerly Berlin-Milan),Erie,2025,5118941,1313438,8007956,0,940138,24559953,24593579,24129671,4672165,5136073
046797,Kelleys Island Local,Erie,2020,13134,25000,750339,0,79625,897961,901037,683188,924200,1142049
046797,Kelleys Island Local,Erie,2021,29817,18000,760018,0,80593,893469,899549,814474,1142049,1227124
046797,Kelleys Island Local,Erie,2022,88127,28329,788647,0,84884,1013634,1019193,1156654,1227124,1089663
046797,Kelleys Island Local,Erie,2023,76486,31946,849910,0,90152,1221003,1222532,1081652,1089665,1230545
046797,Kelleys Island Local,Erie,2024,215534,71809,916560,0,96806,1541243,1546694,1121928,1230545,1655311
046797,Kelleys Island Local,Erie,2025,164949,15860,1085774,0,116507,1693575,1864832,2856469,1655311,663674
046805,Margaretta Local,Erie,2020,4224798,82747,4990335,0,1275447,16595409,17072815,16603334,787199,1256680
046805,Margaretta Local,Erie,2021,4332344,82854,4866409,0,1118846,18187594,18884987,18567706,1256680,1573961
046805,Margaretta Local,Erie,2022,4723071,290448,4819474,0,1019660,18059138,18170558,19113192,1573961,631327
046805,Margaretta Local,Erie,2023,4672552,252740,5060995,0,883051,17069664,20020089,19605545,631327,1045871
046805,Margaretta Local,Erie,2024,4616005,297409,5077984,0,774874,16655181,18200736,18043207,1045871,1203401
046805,Margaretta Local,Erie,2025,4877380,260700,5586204,0,740442,22875208,23955435,24627919,1203401,530917
046813,Perkins Local,Erie,2020,3466790,82871,14681935,0,1568703,26604018,26802177,24310786,6039468,8530859
046813,Perkins Local,Erie,2021,3651047,82307,15421249,0,1290224,27155956,27563952,24976799,8530859,11118012
046813,Perkins Local,Erie,2022,4527888,313738,15709513,0,1133591,26918501,27166864,24851169,11118012,13433707
046813,Perkins Local,Erie,2023,4422093,275882,15651718,0,1127417,27810784,28006850,25718408,13433707,15722150
046813,Perkins Local,Erie,2024,4370055,394152,16880452,0,1134835,29403274,30819268,28561785,15722150,17979633
046813,Perkins Local,Erie,2025,4539969,256860,17894116,0,1157842,30772042,32336372,39510281,17979633,10805724
046821,Vermilion Local,Erie,2020,3994559,129721,12393579,0,1537780,22977535,27408548,27333990,16018909,16093467
046821,Vermilion Local,Erie,2021,4251230,148237,12846802,0,1536033,23935182,24249874,22421837,16093467,17921504
046821,Vermilion Local,Erie,2022,4263363,284082,12842859,0,1567626,23988529,24076780,23082532,17921504,18915752
046821,Vermilion Local,Erie,2023,4165744,337692,13258011,0,1606408,25093933,25125803,26691180,18915756,17350379
046821,Vermilion Local,Erie,2024,4189665,474952,13365462,0,1619070,25634954,25640205,26730447,17350379,16260137
046821,Vermilion Local,Erie,2025,4320027,368309,14544427,0,1775423,27421952,27789289,35089874,16260137,8959552
046847,Amanda-Clearcreek Local,Fairfield,2020,9524066,321536,3482904,568065,514762,16059847,16098520,17001310,10600758,9697968
046847,Amanda-Clearcreek Local,Fairfield,2021,9723575,286901,3758117,2932217,548091,18783780,18849699,17241172,9697968,11306495
046847,Amanda-Clearcreek Local,Fairfield,2022,9711980,723605,3851798,4188629,551150,20371040,20376940,16540109,11306495,15143326
046847,Amanda-Clearcreek Local,Fairfield,2023,9766850,674215,4492122,4774524,630503,22176471,22402718,23943371,15143326,13602672
046847,Amanda-Clearcreek Local,Fairfield,2024,10111621,754760,5203271,4921870,706638,24611057,24612591,27664379,13602672,10550885
046847,Amanda-Clearcreek Local,Fairfield,2025,9704270,833426,5232632,5277585,727162,25098488,25102438,24708298,10550885,10945024
046854,Berne Union Local,Fairfield,2020,4065258,110578,1942768,2177901,303248,13598610,13598610,11596662,3604593,5606541
046854,Berne Union Local,Fairfield,2021,4154926,110576,2124148,2186385,324439,15544690,15544690,14133101,5606541,7018130
046854,Berne Union Local,Fairfield,2022,4323455,240207,2099855,2480342,322631,16246071,16246071,17012433,7018130,6251768
046854,Berne Union Local,Fairfield,2023,4381608,273511,2486104,2778126,360403,17604153,17604153,17650067,6251763,6205849
046854,Berne Union Local,Fairfield,2024,4459550,283168,2671188,2787457,398288,18593167,18593167,18563647,6205849,6235368
046854,Berne Union Local,Fairfield,2025,4491815,232492,2731051,2971972,406823,19014023,19014023,19407295,6235368,5842096
046862,Bloom-Carroll Local,Fairfield,2020,5083324,62491,6488854,5604292,930829,21343762,21420352,21129590,3634672,3925434
046862,Bloom-Carroll Local,Fairfield,2021,5328542,62491,7128373,5694453,1004998,22349572,22625483,21547685,3925434,5003232
046862,Bloom-Carroll Local,Fairfield,2022,5589741,348555,7215306,6626624,1021561,22954095,22988287,23033951,5003232,4957568
046862,Bloom-Carroll Local,Fairfield,2023,6025321,364704,8457776,7606414,1173907,25893794,25907562,24037939,4957564,6827187
046862,Bloom-Carroll Local,Fairfield,2024,7244066,558805,9651310,7500310,1331334,28755748,28868331,25648227,6827187,10047292
046862,Bloom-Carroll Local,Fairfield,2025,7769676,525345,9803328,8304752,1378680,31538144,31549934,27754457,10047292,13842769
046870,Fairfield Union Local,Fairfield,2020,9197421,448378,4332527,5244398,662932,23825761,23932467,23145391,10659584,11446660
046870,Fairfield Union Local,Fairfield,2021,9457976,361765,5591847,5258852,702088,24637328,24823525,23281838,11446660,12988347
046870,Fairfield Union Local,Fairfield,2022,10387359,1069840,4749613,6233877,709084,25653204,25685532,23559693,12988347,15114186
046870,Fairfield Union Local,Fairfield,2023,10313395,924815,5476493,7048663,787554,27422728,27430686,25095735,15061119,17396070
046870,Fairfield Union Local,Fairfield,2024,11102088,959024,6008122,7146846,868679,29301103,29303086,29148556,17396070,17550600
046870,Fairfield Union Local,Fairfield,2025,11075843,2266846,6113016,7481920,888964,31558772,31561549,41511702,17550600,7600448
046888,Liberty Union-Thurston Local,Fairfield,2020,6150749,155468,3422226,3930928,494089,15933769,16067114,15791714,10584807,10860207
046888,Liberty Union-Thurston Local,Fairfield,2021,6279044,154847,3765317,3961477,528305,16387423,16474403,16197432,10860207,11137178
046888,Liberty Union-Thurston Local,Fairfield,2022,6888672,447960,3759841,4216835,534051,17041698,17137028,16361996,11137178,11912210
046888,Liberty Union-Thurston Local,Fairfield,2023,6823484,437822,4404073,4711070,612683,18464578,18547993,17831961,11912109,12628141
046888,Liberty Union-Thurston Local,Fairfield,2024,6792272,535702,4982410,5012176,691218,19844366,19898784,18932863,12628141,13594063
046888,Liberty Union-Thurston Local,Fairfield,2025,6814452,500268,5029058,5112311,705693,20648646,20699275,29475540,13594063,4817798
046896,Pickerington Local,Fairfield,2020,55429680,1014908,36881280,19485812,4698276,122663882,122679807,126458711,35310202,31531298
046896,Pickerington Local,Fairfield,2021,56615326,1062505,38384111,19914996,4795831,125655036,125867889,125705665,31531298,31693522
046896,Pickerington Local,Fairfield,2022,53497296,3977237,38859239,22336319,4911462,128969026,129270769,130999191,31693522,29965100
046896,Pickerington Local,Fairfield,2023,54040220,4176411,38812273,25173327,4992138,134697931,134901301,136315309,29964634,28550626
046896,Pickerington Local,Fairfield,2024,62107836,5117144,40351263,24757065,5088238,144801265,144803057,146656300,28550626,26697383
046896,Pickerington Local,Fairfield,2025,64108004,12975590,41601875,26806533,5268419,158493185,158493466,162262166,26697383,22928682
046904,Walnut Township Local,Fairfield,2020,1253032,62070,3731958,1762691,436756,8835938,8928332,9504980,4308687,3732039
046904,Walnut Township Local,Fairfield,2021,1333086,62066,4132523,1784789,461647,9444524,9463106,8282678,3732039,4912467
046904,Walnut Township Local,Fairfield,2022,1290920,141878,4006341,1995319,460975,9297876,9329053,8225697,4912467,6015823
046904,Walnut Township Local,Fairfield,2023,1237009,149847,4624747,2169938,523282,10483397,10485354,8862211,6015824,7638967
046904,Walnut Township Local,Fairfield,2024,1352363,182975,5136017,2137492,589682,11551389,11551933,10383118,7638967,8807782
046904,Walnut Township Local,Fairfield,2025,1202215,415984,5280786,2300896,601502,11948089,11983004,14773623,8807782,6017163
046920,Miami Trace Local,Fayette,2020,10702866,213077,14908898,0,1313766,31078881,31410156,29163408,15395356,17642104
046920,Miami Trace Local,Fayette,2021,10945895,213077,14843949,0,1303467,31153075,31709925,30344948,17642104,19007081
046920,Miami Trace Local,Fayette,2022,12016567,639496,13011836,0,1301005,28672053,28744805,28960782,19007081,18791104
046920,Miami Trace Local,Fayette,2023,12014474,660071,13400388,0,1311245,29576380,29854070,30264743,18791104,18380431
046920,Miami Trace Local,Fayette,2024,11860417,843776,14912726,0,1326477,31783533,31921339,30300278,18380431,20001492
046920,Miami Trace Local,Fayette,2025,12365838,831451,17696642,0,1593548,34965743,35208909,33110772,20001492,22099629
046946,Canal Winchester Local,Franklin,2020,19167600,610681,15168469,5174492,1904849,47504073,47858648,44281256,29526523,33103915
046946,Canal Winchester Local,Franklin,2021,19558194,625628,15653426,5490768,1981997,49379313,49659983,45014423,33103915,37749475
046946,Canal Winchester Local,Franklin,2022,18479476,1643126,16513288,6266482,2047214,49252101,49530962,44896870,37749475,42383567
046946,Canal Winchester Local,Franklin,2023,18775638,1814653,16851085,7157077,2130827,53580472,54718067,64554113,42383464,32547418
046946,Canal Winchester Local,Franklin,2024,20114704,2182002,18942026,6686665,2426664,56274014,56274014,49288659,32547418,39532774
046946,Canal Winchester Local,Franklin,2025,19927046,4582594,20849564,7324066,2689250,63975037,64070037,62957017,39532774,40645794
046953,Hamilton Local,Franklin,2020,21972945,229915,5996201,0,779388,29806298,29806298,26754321,19344296,22396273
046953,Hamilton Local,Franklin,2021,22301616,0,6536936,0,578260,30334327,30334822,26787015,22396273,25944080
046953,Hamilton Local,Franklin,2022,21721525,1103369,7650441,0,674677,32657720,32657720,26593034,25944080,32008766
046953,Hamilton Local,Franklin,2023,21081965,1772958,6240524,0,536249,33222417,33222417,28075435,32027850,37174832
046953,Hamilton Local,Franklin,2024,25962350,1971730,7785575,0,736161,40711701,40843671,38845317,37174832,39173186
046953,Hamilton Local,Franklin,2025,25935339,3676518,9375627,0,903651,45054358,45269063,64008321,39173186,20433927
046961,Gahanna-Jefferson City,Franklin,2020,14208152,237457,60326812,0,6574773,96703032,97711947,95382117,9733799,12063629
046961,Gahanna-Jefferson City,Franklin,2021,15344839,237457,63863918,0,6542281,107019040,111007538,99892619,12063629,23178548
046961,Gahanna-Jefferson City,Franklin,2022,13131506,650357,67749110,0,6644276,109443570,110542017,99912525,23178548,33808040
046961,Gahanna-Jefferson City,Franklin,2023,13174656,1079339,68553097,0,6584750,112650358,113724615,106077277,35492818,43140156
046961,Gahanna-Jefferson City,Franklin,2024,16570014,1768978,69652828,0,6714852,120141761,120741858,111126800,43140156,52755214
046961,Gahanna-Jefferson City,Franklin,2025,15382156,1590163,70199856,0,6773266,121400125,121626075,137442259,52755214,36939030
046979,Groveport Madison Local,Franklin,2020,39655655,2306132,31134881,0,2684368,84192593,84203956,82548728,19275243,20930471
046979,Groveport Madison Local,Franklin,2021,40490295,2307352,31778174,0,2493755,87155821,87681464,80271960,20930471,28339975
046979,Groveport Madison Local,Franklin,2022,30504972,3047659,33283112,0,2585139,81524201,82453481,74816336,28339975,35977120
046979,Groveport Madison Local,Franklin,2023,31283859,3720377,33511495,0,2597030,95572138,95668954,95984136,36002196,35687014
046979,Groveport Madison Local,Franklin,2024,38559825,4925704,37375853,0,2930004,97070752,97211502,86133315,35687014,46765201
046979,Groveport Madison Local,Franklin,2025,38228417,6971122,41255203,0,3264110,104339866,104739634,97707396,46765201,53797439
046995,New Albany-Plain Local,Franklin,2020,3521547,143130,51948771,0,5492903,66768798,67181644,64518706,29209405,31872343
046995,New Albany-Plain Local,Franklin,2021,3822335,185806,55629996,0,5573607,70884941,71723346,66411894,31872343,37183795
046995,New Albany-Plain Local,Franklin,2022,3139474,121900,57507236,0,5648457,72246854,72574073,69228346,37183795,40529522
046995,New Albany-Plain Local,Franklin,2023,3244509,126170,59400376,0,5705086,75506578,75886389,72318540,40499516,44067365
046995,New Albany-Plain Local,Franklin,2024,4669890,582654,59877581,0,5812936,79849257,79881251,75182078,44067365,48766539
046995,New Albany-Plain Local,Franklin,2025,5315319,288229,55273402,0,5914413,80291460,80627519,92493949,48766539,36900108
047001,Reynoldsburg City,Franklin,2020,39085546,0,23193662,6001879,2890411,80185492,80886994,80174486,45490874,46203382
047001,Reynoldsburg City,Franklin,2021,39881335,0,24202734,5734576,2882193,81533084,83399566,81231120,46203382,48371828
047001,Reynoldsburg City,Franklin,2022,42726883,0,24828383,6524712,2881317,82793206,85745725,82356725,48371828,51760828
047001,Reynoldsburg City,Franklin,2023,42441947,3567361,23550076,7177161,2880160,87628451,87642645,90463951,51760815,48939510
047001,Reynoldsburg City,Franklin,2024,48562372,6008953,24180183,6920414,3089957,100337750,105940923,98986045,48939510,55894388
047001,Reynoldsburg City,Franklin,2025,52395196,5127036,26424831,7337960,2411068,105823140,108233894,135194785,55894388,28933497
047019,Hilliard City,Franklin,2020,49777100,671582,123314346,0,12335631,207558409,207968699,199918474,69396930,77447155
047019,Hilliard City,Franklin,2021,52000447,724905,127500508,0,12428947,214692524,215099110,207813624,77447155,84732641
047019,Hilliard City,Franklin,2022,47253772,3807928,129816542,0,12581712,218760970,218845739,209537441,84732641,94040939
047019,Hilliard City,Franklin,2023,47333877,3809667,130873575,0,12604591,226023994,226052284,226387516,94040940,93705708
047019,Hilliard City,Franklin,2024,51953010,5274436,133461817,0,12841254,233086491,233143052,235779980,93705708,91068780
047019,Hilliard City,Franklin,2025,50613373,5376985,152979225,0,13215212,252342362,252417906,246079969,91068780,97406717
047027,Dublin City,Franklin,2020,18176271,990191,176758010,0,15361276,226702832,228461029,211681080,85987507,102767456
047027,Dublin City,Franklin,2021,19142915,942570,184005969,0,15604209,230814310,234619005,223246660,102767456,114139801
047027,Dublin City,Franklin,2022,19861980,1317014,193856788,0,15894661,247420561,251154872,242717455,114139801,122577218
047027,Dublin City,Franklin,2023,20615786,1196499,194264018,0,16068323,251233240,253973874,262587543,122577219,113963550
047027,Dublin City,Franklin,2024,22740638,2351884,205422468,0,16752213,268785075,271603896,276039356,113963550,109528090
047027,Dublin City,Franklin,2025,22379898,1459054,228995753,0,17529446,295090213,296613457,293504696,109528090,112636851
047043,Archbold-Area Local,Fulton,2020,3919965,71963,5279738,0,1726302,12931134,12997183,13689991,5368086,4675278
047043,Archbold-Area Local,Fulton,2021,4031676,95753,5376186,0,1586079,14089765,14108986,14121805,4675278,4662459
047043,Archbold-Area Local,Fulton,2022,3922641,211895,5333041,0,1446263,12776583,12784684,13537075,4662459,3910068
047043,Archbold-Area Local,Fulton,2023,3856580,318773,5365225,0,1338143,12825537,12832816,13984861,3910068,2758023
047043,Archbold-Area Local,Fulton,2024,4133947,391551,7192252,0,1250084,15362717,15384566,14973443,2758023,3169147
047043,Archbold-Area Local,Fulton,2025,3924275,372023,8648055,0,1194273,16625834,16663190,15528432,3169147,4303905
047050,Evergreen Local,Fulton,2020,4917745,99588,3927964,4093945,578493,16288373,16478191,16194700,9902803,10186294
047050,Evergreen Local,Fulton,2021,5089030,103872,3974217,3895640,588445,16741753,16977915,16458504,10186294,10705705
047050,Evergreen Local,Fulton,2022,4922499,279415,3996095,3764420,599652,16392819,16402077,16363545,10705705,10744237
047050,Evergreen Local,Fulton,2023,4974250,265254,4066325,4450661,604358,16913971,16941553,15730009,11117149,12328693
047050,Evergreen Local,Fulton,2024,5116239,350500,4626156,4377354,655063,17916367,17964349,17218398,12328693,13074644
047050,Evergreen Local,Fulton,2025,5210021,291730,6184046,4963569,735423,20369296,20412827,24070022,13074644,9417449
047068,Fayette Local,Fulton,2020,3445562,80465,1144408,542779,159436,5941202,5967791,5991240,2790167,2766718
047068,Fayette Local,Fulton,2021,3447119,81638,1199869,540792,160918,6077871,6110131,5983192,2766718,2893657
047068,Fayette Local,Fulton,2022,3249319,302972,1086120,602976,164725,5993828,5997413,6183942,2893657,2707128
047068,Fayette Local,Fulton,2023,3157357,335303,1137280,627194,164723,6041636,6041636,5949430,2707131,2799337
047068,Fayette Local,Fulton,2024,3408126,434144,1304755,677314,169477,6723166,6730323,6679496,2799337,2850164
047068,Fayette Local,Fulton,2025,3287839,453581,1390270,697633,176382,6726172,6731732,7431664,2850164,2150232
047076,Pettisville Local,Fulton,2020,2219897,104635,1009046,593474,139653,6154741,6182312,5995379,1778840,1965773
047076,Pettisville Local,Fulton,2021,2338661,98463,1005963,680756,141100,6418510,6443268,6106633,1965773,2302408
047076,Pettisville Local,Fulton,2022,3590638,307961,1009609,644824,142492,6300667,6383082,6139483,2302408,2546006
047076,Pettisville Local,Fulton,2023,3826007,361609,1037025,767528,142255,6879872,7248759,7001824,2634778,2881713
047076,Pettisville Local,Fulton,2024,4067279,449059,1200980,800667,159660,7540639,7720935,7120384,2881713,3482264
047076,Pettisville Local,Fulton,2025,4040929,472899,1371134,772498,178316,7588835,7651859,7759115,3482264,3375008
047084,Pike-Delta-York Local,Fulton,2020,7016976,169688,4576841,0,543687,13936134,14061521,14889787,2244224,1415958
047084,Pike-Delta-York Local,Fulton,2021,7170016,150818,4697956,0,549254,14115172,14329797,14912837,1415958,832918
047084,Pike-Delta-York Local,Fulton,2022,6437496,479765,4717193,127315,558348,13673810,13690905,14017050,832918,506773
047084,Pike-Delta-York Local,Fulton,2023,6637981,428392,4659234,1494256,564148,15475390,15475818,14826649,506771,1155940
047084,Pike-Delta-York Local,Fulton,2024,7221188,504953,5303595,2475306,608914,18100510,18115106,15926461,1155940,3344585
047084,Pike-Delta-York Local,Fulton,2025,7259540,514632,5096302,2511123,625220,18329207,18389122,17482074,3344585,4251633
047092,Swanton Local,Fulton,2020,5490509,41753,4518452,1973359,647247,14412960,14515049,14941665,2964860,2538244
047092,Swanton Local,Fulton,2021,5631011,51749,4791472,1828312,646632,15131013,15181423,14529353,2538244,3190314
047092,Swanton Local,Fulton,2022,5064318,381639,4877464,2072138,656312,14812887,14946222,14158657,3190314,3977879
047092,Swanton Local,Fulton,2023,5054618,351761,4923771,2306988,656592,15123447,15132039,15330164,3977881,3779755
047092,Swanton Local,Fulton,2024,5166250,358876,5325745,2334856,711768,15946357,15950593,16121044,3779755,3609304
047092,Swanton Local,Fulton,2025,5134280,360218,6603762,2492533,790784,17374162,17388059,17690139,3609304,3307225
047167,Berkshire Local,Geauga,2020,4428597,89545,5850454,3044644,872548,17359310,17776235,17688287,3814833,3902781
047167,Berkshire Local,Geauga,2021,4684933,81799,6333958,3125762,901828,18488183,19094050,18061663,3902781,4935168
047167,Berkshire Local,Geauga,2022,5198627,327687,6550746,3515642,932747,18397123,18602755,17973853,4935168,5564070
047167,Berkshire Local,Geauga,2023,5311144,368643,6613773,3775205,935404,18659848,18905441,19718210,5229142,4416373
047167,Berkshire Local,Geauga,2024,5404394,486013,7787775,3708399,1056056,21165305,21272060,21626298,4416373,4062135
047167,Berkshire Local,Geauga,2025,5409942,471108,8460076,3962417,1201431,22014692,22044913,23206088,4062135,2900960
047175,Cardinal Local,Geauga,2020,2417976,202473,8823304,0,1627665,14303256,14387402,14190336,305503,502569
047175,Cardinal Local,Geauga,2021,2368332,185382,9037856,0,1424157,14345100,14432619,13927794,502569,1007394
047175,Cardinal Local,Geauga,2022,2417530,369761,8799536,0,1322675,15066739,15153479,12456244,1007394,3704629
047175,Cardinal Local,Geauga,2023,2448995,261072,8407448,0,1120446,13711127,13939592,12508701,3554627,4985518
047175,Cardinal Local,Geauga,2024,2478787,299861,8846126,0,802442,15386048,15469343,14400707,4985518,6054154
047175,Cardinal Local,Geauga,2025,2509225,202471,9705966,0,811980,15097970,15805337,15021508,6054154,6837983
047183,Chardon Local,Geauga,2020,5313506,162754,23898174,0,2553661,35698092,37004484,32511959,12597167,17089692
047183,Chardon Local,Geauga,2021,5595434,207756,24451815,0,2552702,36777313,37891583,34958549,17089692,20022726
047183,Chardon Local,Geauga,2022,4988023,573402,24947084,0,2546936,36519351,38223873,33531149,20022726,24715450
047183,Chardon Local,Geauga,2023,5161469,506539,24816871,0,2576493,36713395,38185773,39087247,24715359,23813885
047183,Chardon Local,Geauga,2024,5475028,527804,25184411,0,2510647,40545582,42037622,42154508,23813885,23696999
047183,Chardon Local,Geauga,2025,5789853,500697,24963126,0,2486587,39097803,40379345,47137698,23696999,16938646
047191,Kenston Local,Geauga,2020,3703036,110642,28313193,0,3303734,39142485,39800084,39601696,11342502,11540890
047191,Kenston Local,Geauga,2021,3916488,91879,29111442,0,3319334,40174739,40650127,41463430,11540890,10727587
047191,Kenston Local,Geauga,2022,3806528,606658,29428516,0,3336591,40125472,40827724,41599057,10727587,9956254
047191,Kenston Local,Geauga,2023,3926497,345881,29238488,0,3349625,39349136,40396521,41104569,9956253,9248204
047191,Kenston Local,Geauga,2024,4214017,616359,30003680,0,3414766,42830728,43388777,44298978,9248204,8338004
047191,Kenston Local,Geauga,2025,4112899,521074,30839519,0,3481040,42570188,43218734,42513004,8338004,9043733
047225,West Geauga Local,Geauga,2020,3203785,102498,16697540,0,2567787,26657962,26869677,26014930,16110983,16965730
047225,West Geauga Local,Geauga,2021,4366240,157962,21550783,0,3197009,37367436,38031020,31241037,16965730,23755713
047225,West Geauga Local,Geauga,2022,4394513,579628,21364373,0,3128845,32618120,32756266,31025691,23755713,25486288
047225,West Geauga Local,Geauga,2023,4591805,578509,20884046,0,3044058,31919255,32253542,31361697,25486287,26378132
047225,West Geauga Local,Geauga,2024,4934977,547824,23495260,0,3325155,38080357,38366173,39122914,26378132,25621391
047225,West Geauga Local,Geauga,2025,5154139,533673,24611728,0,3516607,38626783,38706783,53276041,25621391,11052133
047241,Beavercreek City,Greene,2020,13789695,480873,64795176,0,6320745,91595083,92216169,92456157,21340646,21100658
047241,Beavercreek City,Greene,2021,14718645,191452,71530424,0,6523159,99614127,100223918,96452078,21100658,24872498
047241,Beavercreek City,Greene,2022,12103741,1884169,74686880,0,6616757,102731222,104082473,97815013,24872498,31139958
047241,Beavercreek City,Greene,2023,12337011,1194816,76465253,0,6620589,105414428,108273487,99959787,31138081,39451781
047241,Beavercreek City,Greene,2024,12788152,1211922,81810062,0,7141985,113579812,114196010,100721391,39451781,52926400
047241,Beavercreek City,Greene,2025,13275427,1241009,86857708,0,7808987,119752324,120431327,138058904,52926400,35298823
047258,Cedar Cliff Local,Greene,2020,2589360,7030,2036403,1094259,289596,7124190,7133532,7464964,5431287,5099855
047258,Cedar Cliff Local,Greene,2021,2679764,7030,2047299,1079962,316415,7234065,7257216,8163011,5099855,4194060
047258,Cedar Cliff Local,Greene,2022,3117742,203051,2084851,1187276,265338,7418575,7444168,7187470,4194060,4450758
047258,Cedar Cliff Local,Greene,2023,3266232,218890,2131644,1400935,295305,8032676,8271906,7623927,4450762,5098741
047258,Cedar Cliff Local,Greene,2024,3743891,284489,2556768,1348027,340824,8914503,8915148,8163826,5098741,5850063
047258,Cedar Cliff Local,Greene,2025,3869721,302211,2991758,1460766,387442,9853011,9859966,11842934,5850063,3867095
047266,Greeneview Local,Greene,2020,5387160,52816,4035637,2232424,591310,14457268,14680999,14785572,7214364,7109791
047266,Greeneview Local,Greene,2021,5520168,41812,4073896,2173541,595035,14374568,14700330,15094133,7109791,6715988
047266,Greeneview Local,Greene,2022,6337083,308557,4296564,2504349,597257,15002500,15612164,15848038,6715988,6480114
047266,Greeneview Local,Greene,2023,6317062,314552,4076652,2697887,596801,15056696,17865727,17960455,6480115,6385387
047266,Greeneview Local,Greene,2024,7220192,463996,5105230,2644169,687749,17426438,20547845,19490176,6385387,7443056
047266,Greeneview Local,Greene,2025,7099087,447969,5749336,3032853,784138,18975677,22627222,22789203,7443056,7281075
047274,Bellbrook-Sugarcreek Local,Greene,2020,5893556,71849,19155121,0,2034435,29091691,29382618,29725368,5262026,4919276
047274,Bellbrook-Sugarcreek Local,Greene,2021,6295102,71849,19911654,0,2069333,30589232,30825274,27807667,4919276,7936883
047274,Bellbrook-Sugarcreek Local,Greene,2022,6022526,373604,22129248,0,2116252,32758813,32830657,30095044,7936883,10672496
047274,Bellbrook-Sugarcreek Local,Greene,2023,6089250,301829,22572291,0,2175282,35241324,36048463,31311565,10672492,15409390
047274,Bellbrook-Sugarcreek Local,Greene,2024,6142024,430143,23434692,0,2247056,36504646,36512558,33466496,15409390,18455453
047274,Bellbrook-Sugarcreek Local,Greene,2025,6234926,403876,25227394,0,2332950,39553116,39566376,42072061,18455453,15949768
047308,Rolling Hills Local,Guernsey,2020,8292421,730175,5375666,0,795776,19264897,19265792,18510216,7379577,8135153
047308,Rolling Hills Local,Guernsey,2021,8440937,730165,5511346,0,730420,19708322,19711410,19118217,8135153,8728346
047308,Rolling Hills Local,Guernsey,2022,8626420,1085577,5588355,0,694169,18841471,18849443,18853089,8728346,8724700
047308,Rolling Hills Local,Guernsey,2023,8292455,1373401,6140988,0,701474,19867049,21504882,22685634,9814303,8633551
047308,Rolling Hills Local,Guernsey,2024,8324453,1521831,6846831,0,705519,21311065,21348146,21914849,8633551,8066848
047308,Rolling Hills Local,Guernsey,2025,8532340,1662961,7513443,0,767086,23692786,23974502,25045793,8066848,6995557
047332,Finneytown Local,Hamilton,2020,7072691,357002,9027941,0,1433108,19863326,20076338,18202887,8727240,10600691
047332,Finneytown Local,Hamilton,2021,7179110,345980,9238807,0,1420403,20045911,20612044,17867930,10600691,13344805
047332,Finneytown Local,Hamilton,2022,6111785,541504,9522288,0,1393431,19691487,19954209,20154786,13344805,13144228
047332,Finneytown Local,Hamilton,2023,6103302,561956,9439384,0,1380627,20489583,20623146,20049013,13144232,13718365
047332,Finneytown Local,Hamilton,2024,5937347,686823,9811788,0,1388280,21318400,21644805,21374907,13718365,13988263
047332,Finneytown Local,Hamilton,2025,5465972,1247809,9954737,0,1389210,21574732,21953674,25923342,13988263,10018596
047340,Forest Hills Local,Hamilton,2020,17762792,31942,42836952,0,5700200,82827163,83659226,84437516,10589776,9811486
047340,Forest Hills Local,Hamilton,2021,18728755,30608,46856175,0,5654609,88412258,89047243,83822766,9811486,15035963
047340,Forest Hills Local,Hamilton,2022,17825998,332510,46883118,0,5689570,89266009,90045405,86205150,15035963,18876218
047340,Forest Hills Local,Hamilton,2023,17140208,862598,47085628,0,5676884,91719528,91938968,89951035,18876220,20864153
047340,Forest Hills Local,Hamilton,2024,17485372,1222799,52063320,0,5785522,97574506,97891444,95464751,20864153,23290846
047340,Forest Hills Local,Hamilton,2025,18065360,1042756,56684436,0,5938214,106179080,108100232,100212789,23290846,31178289
047365,Northwest Local,Hamilton,2020,27757022,2705027,45198424,0,5442128,92545597,94016370,94334071,27219481,26901780
047365,Northwest Local,Hamilton,2021,29057075,2713152,50985810,0,5588430,99851938,100815566,94794738,26901780,32922608
047365,Northwest Local,Hamilton,2022,23261744,4271800,52112064,0,5497392,97752116,99358788,92859724,32922608,39421672
047365,Northwest Local,Hamilton,2023,23254620,4945757,52587135,0,5459567,100273145,102307685,93947090,39421678,47782273
047365,Northwest Local,Hamilton,2024,26638199,6462848,56067044,0,5904699,111398931,112972189,130823876,47782273,29930586
047365,Northwest Local,Hamilton,2025,23613422,6939716,59203065,0,6329727,112968423,114688268,109979116,29930586,34639738
047373,Oak Hills Local,Hamilton,2020,27958645,188914,27618571,0,3583085,74983821,75248385,76266838,36689593,35671140
047373,Oak Hills Local,Hamilton,2021,29045469,280621,28429578,0,3545235,78078200,78117883,79879104,35671140,33909919
047373,Oak Hills Local,Hamilton,2022,25162909,1928748,29174268,0,3475881,76564577,76705509,77078246,33909919,33537182
047373,Oak Hills Local,Hamilton,2023,25424212,1941750,27554252,0,3266509,78662539,78751093,79420118,33537183,32868158
047373,Oak Hills Local,Hamilton,2024,25372672,2472994,32580502,0,3836556,85265854,85355664,83695357,32868158,34528465
047373,Oak Hills Local,Hamilton,2025,25415331,1976193,35862454,0,4288851,90835543,91369114,92400346,34528465,33497233
047381,Southwest Local,Hamilton,2020,14269730,402614,11420276,5160750,1344518,37832079,37878879,39093718,8740219,7525380
047381,Southwest Local,Hamilton,2021,14771269,445065,12114062,5356528,1441547,39661988,40506896,38667857,7525380,9364419
047381,Southwest Local,Hamilton,2022,14202839,1278500,13078175,6108376,1527416,42473801,42483817,42805932,9364419,9042304
047381,Southwest Local,Hamilton,2023,14863288,1289200,13491146,6809820,1577767,44813072,44836148,42886225,9042081,10992004
047381,Southwest Local,Hamilton,2024,16390865,1466586,15467844,6709623,1828679,48466351,48481953,48507177,10992004,10966780
047381,Southwest Local,Hamilton,2025,18833483,1422316,17282488,7084529,2076897,55431281,55497301,56076889,10966780,10387191
047399,Three Rivers Local,Hamilton,2020,5124304,79441,8281965,0,1229444,22349213,22442951,24271564,15000042,13171429
047399,Three Rivers Local,Hamilton,2021,5570207,0,8520898,0,1223612,23490596,23522992,24420885,13171429,12273535
047399,Three Rivers Local,Hamilton,2022,6313227,412088,8451207,0,1219566,23534326,23567854,24393075,12273535,11448314
047399,Three Rivers Local,Hamilton,2023,6406603,395558,8614985,0,1223911,25441795,25202647,24422371,11448307,12228583
047399,Three Rivers Local,Hamilton,2024,6348403,450643,8658142,0,1236581,24985412,25119979,25772951,12228583,11575612
047399,Three Rivers Local,Hamilton,2025,6357397,471182,9034782,0,1243763,26145523,26352035,28223494,11575612,9704152
047415,Arcadia Local,Hancock,2020,2004577,59125,2122698,980328,307736,8645063,8696651,9446347,5394379,4644683
047415,Arcadia Local,Hancock,2021,2012780,59125,2037222,999749,297979,8713790,8747274,8208574,4644683,5183383
047415,Arcadia Local,Hancock,2022,2642424,264067,2146360,1053191,293040,8197014,8261755,8335981,5183383,5109157
047415,Arcadia Local,Hancock,2023,2662899,258035,2283304,1270875,313554,8717663,8798551,8663202,5109097,5244446
047415,Arcadia Local,Hancock,2024,3154068,336045,2430975,1256692,332674,9651212,9686037,9458385,5244446,5472099
047415,Arcadia Local,Hancock,2025,3244645,316382,2400412,1457114,329538,9944689,10015616,11528620,5472099,3959094
047423,Arlington Local,Hancock,2020,3348832,32411,1622495,1262620,234540,7209792,7257854,7135609,3244887,3367132
047423,Arlington Local,Hancock,2021,3399424,32411,1634020,1288791,236370,7327258,7370973,7088766,3367132,3649339
047423,Arlington Local,Hancock,2022,3702787,107594,1723265,1475664,239322,7590122,7637394,7008472,3649339,4278261
047423,Arlington Local,Hancock,2023,3856895,252806,1836063,1664059,269893,8709702,8765017,7827333,4285869,5223553
047423,Arlington Local,Hancock,2024,4600781,343213,1990409,2127233,282497,10055266,10089584,8295869,5223553,7017268
047423,Arlington Local,Hancock,2025,5129734,334645,1992441,2348171,283691,10685429,10689677,16322404,7017268,1384541
047431,Cory-Rawson Local,Hancock,2020,3358609,67793,2760601,1878537,320223,8991800,9066699,9095918,4163415,4134196
047431,Cory-Rawson Local,Hancock,2021,3433611,59396,2646980,2029183,319524,8997527,9122148,8972012,4134196,4284332
047431,Cory-Rawson Local,Hancock,2022,2564797,156840,2897466,2143940,318605,8422221,8793838,8105405,4284332,4972765
047431,Cory-Rawson Local,Hancock,2023,2675856,189387,2890992,2407520,334960,8899982,8957361,8830816,4972763,5099308
047431,Cory-Rawson Local,Hancock,2024,3060698,261403,3167014,2314729,349721,9646571,9826695,9178817,5099308,5747186
047431,Cory-Rawson Local,Hancock,2025,3294251,298975,3028650,2467430,354390,9905056,9932424,12371125,5747186,3308485
047449,Liberty-Benton Local,Hancock,2020,4966649,71144,4788576,2104974,639732,15706259,15819471,15720578,7612633,7711526
047449,Liberty-Benton Local,Hancock,2021,5127551,71144,4993388,2141158,645532,16175745,16370043,15509151,7711526,8572418
047449,Liberty-Benton Local,Hancock,2022,6570661,399380,5040990,2475739,641467,16286464,16393381,15790614,8572418,9175185
047449,Liberty-Benton Local,Hancock,2023,6664424,417591,5499772,2810637,678485,17355769,17454631,17368927,9175185,9260890
047449,Liberty-Benton Local,Hancock,2024,7511269,517900,5907041,2969858,730655,19346867,19455604,18432767,9260890,10283726
047449,Liberty-Benton Local,Hancock,2025,7631463,591912,5812340,2867767,729090,19883075,20000960,20084174,10283726,10200513
047456,Mccomb Local,Hancock,2020,4455424,106353,2545872,1386123,303900,9454429,9482413,9225375,7069081,7326119
047456,Mccomb Local,Hancock,2021,4576948,106710,2490091,1439004,305414,9508371,9529504,9294206,7326119,7561417
047456,Mccomb Local,Hancock,2022,4428525,309054,2611495,1544413,308627,9637226,9643474,9561880,7561417,7643011
047456,Mccomb Local,Hancock,2023,4570535,329085,2648670,1760427,311459,10264906,10280407,10428227,7643011,7495190
047456,Mccomb Local,Hancock,2024,5064046,390829,2810279,1813989,327133,11314003,11322324,11111317,7495190,7706198
047456,Mccomb Local,Hancock,2025,5344499,380024,2840457,1963598,338033,11800620,11819212,13696495,7706198,5828915
047464,Van Buren Local,Hancock,2020,1267992,16258,6436749,0,1574579,11301742,11421351,12665471,3696825,2452705
047464,Van Buren Local,Hancock,2021,1216468,16258,7316189,173473,1005070,12472698,12656697,12563759,2452705,2545643
047464,Van Buren Local,Hancock,2022,1213192,393742,6966236,1870563,839037,13323245,13371098,13162042,2545643,2754699
047464,Van Buren Local,Hancock,2023,1317033,94922,7869086,3388371,824024,15452101,15504631,14291871,2754695,3967455
047464,Van Buren Local,Hancock,2024,1553626,143165,8031738,3223508,699692,15545719,15570227,15885761,3967455,3651921
047464,Van Buren Local,Hancock,2025,1286982,110591,8098363,3742106,709402,16307370,16372382,14915057,3651921,5109246
047472,Vanlue Local,Hancock,2020,1632638,16237,1276586,485126,168129,3980770,4004003,3692478,6011958,6323483
047472,Vanlue Local,Hancock,2021,1649073,16237,1276747,477843,169609,3864572,3900778,3504512,6323483,6719749
047472,Vanlue Local,Hancock,2022,1300967,17526,1313918,552520,169576,3432420,3459838,3193148,6719749,6986439
047472,Vanlue Local,Hancock,2023,1306208,132187,1400796,600546,174710,3818283,3846993,3371634,6986438,7461797
047472,Vanlue Local,Hancock,2024,1498220,211311,1452715,576616,183113,4350135,4357587,3771346,7461797,8048038
047472,Vanlue Local,Hancock,2025,1409442,227767,1448689,600933,185225,4332853,4346335,8299218,8048038,4095155
047498,Hardin Northern Local,Hardin,2020,2728192,52108,1856142,1082210,242934,6861766,6873378,6712628,5272745,5433495
047498,Hardin Northern Local,Hardin,2021,2789741,45595,1840168,1099896,245900,6968088,6969009,6869784,5433495,5532720
047498,Hardin Northern Local,Hardin,2022,2630335,233398,1933472,1215588,247266,6690911,6710457,6355004,5532720,5888173
047498,Hardin Northern Local,Hardin,2023,2618930,266284,1990366,1361490,248802,7249919,7253480,6780501,5888173,6361152
047498,Hardin Northern Local,Hardin,2024,2955515,352112,1996304,1417664,258440,7847917,7850676,7723696,6361152,6488132
047498,Hardin Northern Local,Hardin,2025,2972851,355767,2399556,1465117,268335,8040449,8044407,8734846,6488132,5797693
047506,Ridgemont Local,Hardin,2020,2790095,50372,1692493,1177820,252830,7271840,7380418,6891212,5624569,6113775
047506,Ridgemont Local,Hardin,2021,2846645,50371,1702569,1147804,253403,7203284,7282146,6387015,6113775,7008906
047506,Ridgemont Local,Hardin,2022,3274629,234675,1792444,1294830,255463,7459579,7461115,6424232,7008906,8045789
047506,Ridgemont Local,Hardin,2023,3478950,285239,1752287,1444537,255528,7949282,7964506,7061863,8045787,8948430
047506,Ridgemont Local,Hardin,2024,3818991,379904,1913396,1502825,269802,8861936,8869373,8254514,8948430,9563289
047506,Ridgemont Local,Hardin,2025,4051881,673785,2053584,1594445,284511,9728605,9731393,15006512,9563289,4288170
047514,Riverdale Local,Hancock,2020,6137878,135367,2793859,1625131,403102,12264007,12294544,12556030,3353979,3092493
047514,Riverdale Local,Hancock,2021,6257454,135364,2875555,2189445,405988,13060827,13143439,12607144,3092493,3628788
047514,Riverdale Local,Hancock,2022,6334285,359916,2929651,3445131,409071,13949850,14032613,12082344,3628788,5579057
047514,Riverdale Local,Hancock,2023,6313173,424542,2974049,2323993,412885,13373288,13415362,12300748,5579058,6693672
047514,Riverdale Local,Hancock,2024,6927060,451134,3140719,2165427,425752,14150231,14337492,12364732,6693672,8666432
047514,Riverdale Local,Hancock,2025,7302714,468322,3094975,1864820,440497,14460877,14509217,15819078,8666432,7356571
047522,Upper Scioto Valley Local,Hardin,2020,4048993,90138,2443653,418842,323965,7681604,7757686,6780765,5884253,6861174
047522,Upper Scioto Valley Local,Hardin,2021,4147876,90136,2439834,420787,331122,7693398,7752674,7373996,6861174,7239852
047522,Upper Scioto Valley Local,Hardin,2022,3284093,278212,2522914,468708,333204,7136258,7166145,6369259,7239852,8036738
047522,Upper Scioto Valley Local,Hardin,2023,3285884,311841,2022076,558254,332203,7725843,7729604,6796853,8030812,8963563
047522,Upper Scioto Valley Local,Hardin,2024,3551111,394756,2293846,548137,343180,8490444,8504553,7214161,8963563,10253955
047522,Upper Scioto Valley Local,Hardin,2025,3442740,609470,2308297,584403,341020,8734828,8755108,14348256,10253955,4660808
047548,Conotton Valley Union Local,Harrison,2020,2224062,56742,2268303,0,286173,13017703,13938297,12470256,6103805,7571846
047548,Conotton Valley Union Local,Harrison,2021,2220500,56740,2092287,0,252746,11784144,11953279,12074645,7571846,7450480
047548,Conotton Valley Union Local,Harrison,2022,2911990,227692,1974850,0,213303,10585073,10606398,10868271,7450480,7188607
047548,Conotton Valley Union Local,Harrison,2023,2626422,215794,3387432,0,200144,10664346,11008234,11753533,7240607,6495308
047548,Conotton Valley Union Local,Harrison,2024,2608556,204636,2196809,0,220311,10607260,11971145,10804786,6495308,7661667
047548,Conotton Valley Union Local,Harrison,2025,2620009,180366,2928799,0,220415,11374800,12058641,15080860,7661667,4639448
047571,Holgate Local,Henry,2020,3061051,62611,1331341,884758,195796,6685700,6688118,6159563,5023758,5552313
047571,Holgate Local,Henry,2021,3098541,53044,1392156,856620,195929,6635737,6637718,6237861,5552313,5952170
047571,Holgate Local,Henry,2022,3116300,258227,1364260,959969,198283,6452392,6452392,6345074,5952170,6059488
047571,Holgate Local,Henry,2023,3089788,278429,1362719,1074516,196685,6531229,6531229,6589215,6059531,6001545
047571,Holgate Local,Henry,2024,3224712,342523,1467007,1081327,203876,7170454,7170454,6667948,6001545,6504051
047571,Holgate Local,Henry,2025,3209594,361213,1636080,1145219,211729,7431011,7432394,9209743,6504051,4726702
047589,Liberty Center Local,Henry,2020,5715380,99072,2460100,2716192,351585,15004319,15004319,14250447,6952990,7706862
047589,Liberty Center Local,Henry,2021,5797990,92613,2513809,2622739,353000,15439468,15443938,14982470,7706862,8168330
047589,Liberty Center Local,Henry,2022,6677861,432907,2560687,2936684,357094,15894528,15912680,15442312,8168330,8638698
047589,Liberty Center Local,Henry,2023,6252232,453830,2597686,3105210,359903,15940841,15940841,15909533,8638696,8670004
047589,Liberty Center Local,Henry,2024,6790941,564695,3042706,3198829,407954,17445961,17445961,16558479,8670004,9557486
047589,Liberty Center Local,Henry,2025,6971884,622734,3627505,3512092,453885,18806442,18811577,17760765,9557486,10608298
047597,Patrick Henry Local,Henry,2020,4395088,54524,3860054,2257672,541174,14718515,14945214,12672227,10762592,13035579
047597,Patrick Henry Local,Henry,2021,4511207,53484,3749230,2297571,528339,14759791,14942738,14040509,13035579,13937808
047597,Patrick Henry Local,Henry,2022,4668048,278627,3832399,2474784,526425,14065686,14245135,13642497,13937808,14540446
047597,Patrick Henry Local,Henry,2023,4701116,269948,3786542,2864020,522117,14844625,14852544,14311143,14540410,15081811
047597,Patrick Henry Local,Henry,2024,4614935,354253,4158151,2913702,544743,15647863,15671306,14971964,15081811,15781154
047597,Patrick Henry Local,Henry,2025,4728072,404886,4346613,3171215,567090,16365521,16509459,20068408,15781154,12222205
047613,Bright Local,Highland,2020,5757291,169201,1987233,0,3503,9434628,9664971,9544806,4453485,4573650
047613,Bright Local,Highland,2021,5855406,197040,1737403,0,135433,10134615,10535124,10170154,4573650,4938620
047613,Bright Local,Highland,2022,6102291,423232,1863090,0,413827,9477867,10126897,8257218,4938620,6808299
047613,Bright Local,Highland,2023,6458132,465414,1879643,0,288158,9841636,10008814,9653295,6808300,7163819
047613,Bright Local,Highland,2024,7205808,532018,1956475,0,297320,10915066,11103597,11110099,7163819,7157317
047613,Bright Local,Highland,2025,7851043,602596,2424835,0,348405,12576536,12782281,11812163,7157317,8127435
047621,Fairfield Local,Highland,2020,7775850,278473,1686183,0,241952,11184863,11694863,11310335,6500785,6885313
047621,Fairfield Local,Highland,2021,7881681,321064,1731172,0,240558,11609500,11619500,11512092,6885313,6992721
047621,Fairfield Local,Highland,2022,8263610,740965,1825169,0,252417,11466600,11492772,10616106,6992721,7869387
047621,Fairfield Local,Highland,2023,8287013,697601,1881439,0,265881,11756041,11951855,11405442,7868804,8415218
047621,Fairfield Local,Highland,2024,8654220,746312,1920085,0,269548,12470396,13171982,12690529,8415218,8896671
047621,Fairfield Local,Highland,2025,8766053,731852,2284138,0,315872,12965878,13165881,16398613,8896671,5663938
047639,Lynchburg-Clay Local,Highland,2020,10166793,153522,2213302,0,347365,14833393,14920226,14930457,14669529,14659298
047639,Lynchburg-Clay Local,Highland,2021,10250694,153521,2240506,0,189410,14544343,14807892,14135820,14659298,15331370
047639,Lynchburg-Clay Local,Highland,2022,10493866,514935,2372019,0,517662,15164614,15461043,15828858,15331370,14963555
047639,Lynchburg-Clay Local,Highland,2023,10535550,520219,2416366,0,369425,14892332,14906642,15190641,14963553,14679554
047639,Lynchburg-Clay Local,Highland,2024,10478345,607998,2709624,0,385750,15794674,15798507,16492774,14679554,13985287
047639,Lynchburg-Clay Local,Highland,2025,10516423,578223,3136967,0,455370,16347870,16350797,16191027,13985287,14145057
047688,East Holmes Local,Holmes,2020,3951065,33714,11567429,0,1132792,18614988,18410871,16969320,11459178,12900729
047688,East Holmes Local,Holmes,2021,4116007,33713,12437369,0,1217156,19616016,19878276,15521640,12900729,17257365
047688,East Holmes Local,Holmes,2022,5446510,272115,12317388,0,1239825,20284426,20306498,16024669,17257365,21539194
047688,East Holmes Local,Holmes,2023,5469058,225712,14078275,0,1388873,22719068,22728053,25523743,21539206,18743515
047688,East Holmes Local,Holmes,2024,5436082,315610,15811853,0,1534848,25358084,25495770,22253885,18743515,21985400
047688,East Holmes Local,Holmes,2025,5562941,238826,16120147,0,1576154,26158767,26162526,40523307,21985400,7624619
047696,West Holmes Local,Holmes,2020,10363035,54675,10657246,0,1249754,23597428,23597428,23972215,12002829,11628042
047696,West Holmes Local,Holmes,2021,10598362,54675,11076315,0,1273139,24029524,24202109,23304203,11628042,12525948
047696,West Holmes Local,Holmes,2022,10814132,438970,11276707,0,1261760,24273491,24273491,23602339,12525948,13197100
047696,West Holmes Local,Holmes,2023,10786657,407863,12487595,0,1345182,25992554,25992554,26149403,13197099,13040250
047696,West Holmes Local,Holmes,2024,10741937,419109,12517331,0,1355173,26306279,26306713,28368457,13040250,10978506
047696,West Holmes Local,Holmes,2025,10783364,370219,11080362,0,1375913,26317292,26318053,26654186,10978506,10642373
047712,Monroeville Local,Huron,2020,2952044,49130,2773315,1388435,323450,8522971,8522971,7578843,2974519,3918647
047712,Monroeville Local,Huron,2021,3037215,45081,2796495,1370219,318427,8685553,8687263,7615545,3918647,4990365
047712,Monroeville Local,Huron,2022,3284035,186106,2751969,1518992,316572,8336115,8336115,7068878,4990365,6257602
047712,Monroeville Local,Huron,2023,3313274,263059,2854456,1614757,316548,9019078,9019485,7763217,6257604,7513872
047712,Monroeville Local,Huron,2024,3632077,306678,2879381,1597556,334347,9659653,9673653,13841113,7513872,3346412
047712,Monroeville Local,Huron,2025,3591926,651795,3245147,1690062,358035,10447228,10447808,11331268,3346412,2462952
047720,New London Local,Huron,2020,6670049,123519,2162317,1306494,334406,11704230,11776724,11061609,4523223,5238338
047720,New London Local,Huron,2021,6657372,134748,2159581,1265290,335664,11474632,11584350,10782908,5238338,6039780
047720,New London Local,Huron,2022,6642578,452194,2268188,1402536,342103,11499541,11628956,12470293,6039780,5198443
047720,New London Local,Huron,2023,6661162,461270,2570500,1556491,196753,11920617,12730519,11758262,5198440,6170697
047720,New London Local,Huron,2024,7192315,535837,2374079,1598241,351620,12721912,13648778,13141870,6170697,6677605
047720,New London Local,Huron,2025,7564953,534453,2818579,1731089,407121,13796731,14423676,16804894,6677605,4296387
047738,South Central Local,Huron,2020,5744933,193156,1681496,1195383,259658,10116261,10181357,9518438,4210486,4873405
047738,South Central Local,Huron,2021,5855277,174475,1736516,1178343,258359,10165958,10276397,9385004,4873405,5764798
047738,South Central Local,Huron,2022,6164968,297764,1723936,1332688,261170,10466319,10474814,9431655,5764798,6807957
047738,South Central Local,Huron,2023,6224594,545258,1720583,1482162,259771,10966231,11016832,10064832,6807958,7759958
047738,South Central Local,Huron,2024,6988348,615828,1782474,1523206,261304,12014964,12061383,10484669,7759958,9336672
047738,South Central Local,Huron,2025,7267037,660661,2149434,1523304,308445,12780944,12877744,13202190,9336672,9012226
047746,Western Reserve Local,Huron,2020,6346234,138669,2522203,2262026,372665,13009423,13476423,12678510,875746,1673659
047746,Western Reserve Local,Huron,2021,6470982,140011,2538185,2115062,391593,13521418,13679629,12563641,1673659,2789647
047746,Western Reserve Local,Huron,2022,6484967,399923,2853424,2407717,392484,13292657,13357586,12581367,2789647,3565866
047746,Western Reserve Local,Huron,2023,6461452,427808,3053840,2776303,403304,13967548,14013256,13284985,3565867,4294138
047746,Western Reserve Local,Huron,2024,6824898,585506,2742091,2548645,407154,14312456,14365533,14370235,4294138,4289437
047746,Western Reserve Local,Huron,2025,6690041,537208,3295902,2695093,473048,15314499,15398503,15451306,4289437,4236634
047761,Oak Hill Union Local,Jackson,2020,9520605,569652,1677103,0,282266,14637984,14735238,14976432,9180779,8939585
047761,Oak Hill Union Local,Jackson,2021,9570539,569451,1765363,0,288737,15234215,15477952,15272041,8939585,9145496
047761,Oak Hill Union Local,Jackson,2022,9765156,909484,1819136,0,293014,14690681,14776405,14503551,9145496,9418350
047761,Oak Hill Union Local,Jackson,2023,9422299,1300206,1834075,0,293413,16009197,16092002,15195827,9275250,10171424
047761,Oak Hill Union Local,Jackson,2024,9727559,1385665,2242028,0,325221,18028894,18084663,16998304,10171424,11257783
047761,Oak Hill Union Local,Jackson,2025,9492393,1307856,2359361,0,366907,17900961,17952073,21911997,11257783,7297860
047787,Buckeye Local,Jefferson,2020,8797355,396641,9074704,0,614011,19477793,20432633,19031954,3278032,4678711
047787,Buckeye Local,Jefferson,2021,8858859,491971,11184022,0,611707,21697912,22855318,20237464,4678711,7296565
047787,Buckeye Local,Jefferson,2022,7191852,636006,10047391,0,630600,19156675,19870630,18198511,7296565,8968684
047787,Buckeye Local,Jefferson,2023,7202392,686849,13952670,0,642271,24991197,26057583,20847953,8968682,14178312
047787,Buckeye Local,Jefferson,2024,7173773,786327,13209327,0,651016,23406410,25102751,23842987,14178312,15438076
047787,Buckeye Local,Jefferson,2025,6887487,1141689,14133273,0,706725,24108920,25643443,26075902,15438076,15005617
047795,Edison Local,Jefferson,2020,7071398,355396,7399660,0,910749,22817440,23119464,28395522,10843971,5567913
047795,Edison Local,Jefferson,2021,7284621,355373,7369234,0,829920,24618756,24916894,22955685,5567913,7529122
047795,Edison Local,Jefferson,2022,5261741,514017,7768815,0,792069,21549993,22288270,20974506,7529122,8842886
047795,Edison Local,Jefferson,2023,5384022,456718,8311987,0,784826,22880733,23780364,19657052,8842881,12966193
047795,Edison Local,Jefferson,2024,5468086,558763,7980572,0,794152,22752932,23316933,19753756,12966193,16529370
047795,Edison Local,Jefferson,2025,5746978,421650,8236127,0,847999,23297935,23961311,28447511,16529370,12043170
047803,Indian Creek Local,Jefferson,2020,8245661,700803,7732123,0,929570,22013631,22197165,22228254,2519191,2488102
047803,Indian Creek Local,Jefferson,2021,8577063,700801,8235188,0,917891,23215335,23529052,22765221,2488102,3251933
047803,Indian Creek Local,Jefferson,2022,6521558,911887,7701366,0,948543,18677890,19361940,20232609,3251933,2381264
047803,Indian Creek Local,Jefferson,2023,6577525,942979,8431960,0,978379,19585949,21113036,19209274,2381294,4285056
047803,Indian Creek Local,Jefferson,2024,7008983,1164103,8329478,0,988042,20520616,21132012,20389331,4285056,5027737
047803,Indian Creek Local,Jefferson,2025,7075614,1922547,9082242,0,1080057,22556601,23034002,22962680,5027737,5099059
047829,Centerburg Local,Knox,2020,5823995,64633,2980696,1542454,396480,11606673,11653738,12452350,6030724,5232112
047829,Centerburg Local,Knox,2021,5968630,64594,3311953,1522811,409714,11935562,12034828,11896483,5232112,5370457
047829,Centerburg Local,Knox,2022,5959585,118513,3611087,1728500,464369,12247427,12332859,12577512,5370457,5125804
047829,Centerburg Local,Knox,2023,5843003,321223,3701415,1937694,469933,12634934,12685378,12343709,5125804,5467473
047829,Centerburg Local,Knox,2024,6160077,367335,4563826,1969021,573427,14132983,14164745,12794028,5467473,6838190
047829,Centerburg Local,Knox,2025,5867332,398924,5314596,2170791,669817,15053033,15113345,18026002,6838190,3925533
047837,Danville Local,Knox,2020,3778457,98082,1429628,1158532,205810,7976975,8000563,8048177,7493383,7445769
047837,Danville Local,Knox,2021,3782543,98956,1516036,1152146,209928,7850083,7870375,8270355,7445769,7045789
047837,Danville Local,Knox,2022,4353771,347959,1544857,1335488,211321,8341216,8424064,6974498,7045789,8495355
047837,Danville Local,Knox,2023,4633759,362257,1570182,1547709,211961,9128008,9132742,8015475,8495387,9612654
047837,Danville Local,Knox,2024,5184551,418409,1920172,1653118,248164,10350518,10358243,9324242,9612654,10646655
047837,Danville Local,Knox,2025,5293468,430811,2192227,1797747,280958,11083721,11083759,16140754,10646655,5589660
047845,East Knox Local,Knox,2020,3688076,84770,6146148,0,769316,12264990,12384847,11338863,6466484,7512468
047845,East Knox Local,Knox,2021,3886866,84767,6777688,0,833433,13098824,13186840,10855935,7512468,9843373
047845,East Knox Local,Knox,2022,3088721,180291,7357190,0,893451,12463813,12544575,9399340,9843373,12988608
047845,East Knox Local,Knox,2023,3098237,163524,7491002,0,899209,13125302,13178822,10356637,12988606,15810791
047845,East Knox Local,Knox,2024,3087622,248815,9023752,0,1072343,15249679,15309512,12373410,15810791,18746893
047845,East Knox Local,Knox,2025,2528302,800105,10205244,0,1241290,17032233,17085508,26671861,18746893,9160540
047852,Fredericktown Local,Knox,2020,5902958,60342,3381571,0,513378,12063383,12105767,12013385,8163302,8255684
047852,Fredericktown Local,Knox,2021,5986654,63868,3676624,0,538179,12464910,12500797,11865480,8255684,8891001
047852,Fredericktown Local,Knox,2022,6687230,340292,3737664,0,542446,12242588,12242938,11546943,8891001,9586996
047852,Fredericktown Local,Knox,2023,6735041,342963,3827671,0,539265,12667118,12669068,12182205,9586965,10073828
047852,Fredericktown Local,Knox,2024,7503608,465856,4591411,0,629128,14804086,14804324,15047483,10073828,9830669
047852,Fredericktown Local,Knox,2025,7124688,457019,5285168,0,721802,15280461,15281339,17778438,9830669,7333570
047878,Kirtland Local,Lake,2020,599600,3206,11145821,0,1581097,14641270,15117061,14107082,7417397,8427376
047878,Kirtland Local,Lake,2021,640428,-8840,11114487,0,1587309,14549080,14919843,14614107,8427376,8733112
047878,Kirtland Local,Lake,2022,900898,86247,11308326,0,1611558,15155466,15308199,14966520,8733112,9074791
047878,Kirtland Local,Lake,2023,898802,75882,11652811,0,1629638,15773745,16136157,15608416,9125822,9653563
047878,Kirtland Local,Lake,2024,1038191,218839,11720865,0,1636898,16420047,16488587,16419187,9653563,9722963
047878,Kirtland Local,Lake,2025,1180349,97239,12674979,0,1750078,17562834,17808140,19233126,9722963,8297977
047886,Madison Local,Lake,2020,12850920,217715,10430846,0,1220097,27215328,27271240,27589954,2229655,1910941
047886,Madison Local,Lake,2021,13088141,217692,10544249,0,1213766,27800012,28323498,26964604,1910941,3269835
047886,Madison Local,Lake,2022,14140524,450800,10861529,0,1212834,27399993,27565192,26593145,3269835,4241882
047886,Madison Local,Lake,2023,13502575,875559,12934232,0,1208403,30382970,30467970,31203219,4241881,3506632
047886,Madison Local,Lake,2024,14078006,906638,10370632,0,1214694,28344069,28393958,29298516,3506632,2602073
047886,Madison Local,Lake,2025,14222694,977852,11062304,0,1301894,29462660,30063548,30797663,2602073,1867958
047894,Riverside Local,Lake,2020,7917038,363037,28651465,0,3683757,48213301,48278020,45301319,12727665,15704366
047894,Riverside Local,Lake,2021,8410861,372057,28812410,0,3701538,49090961,49953024,46432040,15704366,19225350
047894,Riverside Local,Lake,2022,7038336,527821,30156100,0,3740755,49224641,51585691,47227135,19225350,23583906
047894,Riverside Local,Lake,2023,7287208,452129,30490539,0,3782511,47109828,47593754,46059456,22150104,23684403
047894,Riverside Local,Lake,2024,7545409,685156,31088275,0,3857202,49475950,49860061,50056710,23684403,23487754
047894,Riverside Local,Lake,2025,7816064,726698,32969914,0,4083071,52268299,52956285,56388437,23487754,20055602
047902,Perry Local,Lake,2020,3426653,18088,10134939,0,8465746,22650817,23376875,23950026,24280026,23706875
047902,Perry Local,Lake,2021,5589408,0,9975605,0,8777806,24871879,26003824,25006671,23706875,24704028
047902,Perry Local,Lake,2022,3974079,18088,10296690,0,8801483,23698732,24858812,23066717,24704028,26496123
047902,Perry Local,Lake,2023,3705774,243674,10809869,0,8829269,24372334,24918736,24182564,26227662,26963834
047902,Perry Local,Lake,2024,4285415,470106,10957126,0,8843659,25749634,26423523,38276394,26963834,15110963
047902,Perry Local,Lake,2025,5051209,553802,11887682,0,8947756,28052782,28527417,31131858,15110963,12506522
047928,Dawson-Bryant Local,Lawrence,2020,9874776,1282212,1252124,0,268529,14823748,14829197,14024130,6617729,7422796
047928,Dawson-Bryant Local,Lawrence,2021,9881961,1229889,1304202,0,265669,14853194,15007052,14772026,7422796,7657822
047928,Dawson-Bryant Local,Lawrence,2022,10888927,1620030,1397903,0,262584,14833583,15050925,15487666,7657822,7221081
047928,Dawson-Bryant Local,Lawrence,2023,10925054,1778482,1503486,0,270950,16221755,16352755,16117133,7221116,7456738
047928,Dawson-Bryant Local,Lawrence,2024,11978009,1883478,1540569,0,280451,18103160,18760305,18236692,7456738,7980351
047928,Dawson-Bryant Local,Lawrence,2025,11213346,1731142,1505487,0,284221,17143337,17196512,18209461,7980351,6967402
047936,Fairland Local,Lawrence,2020,7993230,283939,3876939,0,645627,13731261,13833804,13786191,1922892,1970505
047936,Fairland Local,Lawrence,2021,8153333,273950,4157700,0,657006,13938301,14166396,13758220,1970505,2378681
047936,Fairland Local,Lawrence,2022,7966138,594195,4368819,0,659255,13765973,13869619,12992763,2378681,3255537
047936,Fairland Local,Lawrence,2023,7934618,634505,4493719,0,685799,13918033,14015187,13913870,3255537,3356854
047936,Fairland Local,Lawrence,2024,8016108,642084,4729107,0,710380,14624968,14704945,14621811,3356854,3439988
047936,Fairland Local,Lawrence,2025,7744468,1448139,4740450,0,716622,14949409,14980602,14945930,3439988,3474660
047944,Rock Hill Local,Lawrence,2020,12059199,74545,2650186,0,371842,25103279,25239930,21889669,15317376,18667637
047944,Rock Hill Local,Lawrence,2021,12220719,77342,2061342,0,372495,24221973,24234894,22742413,18667637,20160118
047944,Rock Hill Local,Lawrence,2022,11279470,1040799,2192463,0,372192,23843196,24056655,22420792,20160118,21795981
047944,Rock Hill Local,Lawrence,2023,10666575,1994142,2517993,0,382948,24591236,24634211,23274746,21795979,23155444
047944,Rock Hill Local,Lawrence,2024,10688574,1848836,2579893,0,397375,24660456,25036480,23805137,23155444,24386788
047944,Rock Hill Local,Lawrence,2025,10939554,1642172,2585038,0,404317,24331585,24653198,41861278,24386788,7178708
047951,South Point Local,Lawrence,2020,10868077,1751624,4028498,0,567084,17672657,17672771,18983006,6238277,4928042
047951,South Point Local,Lawrence,2021,10941534,1780598,4365752,0,571276,18329846,18398894,18108863,4928042,5218073
047951,South Point Local,Lawrence,2022,10122052,1903294,4863765,0,569044,17866112,20124100,21075201,5218073,4266972
047951,South Point Local,Lawrence,2023,9346558,2134783,4783757,0,286846,17990017,19989953,18630254,4266970,5626669
047951,South Point Local,Lawrence,2024,9436654,2178811,4714106,0,920541,19261102,20711390,20072277,5626669,6265782
047951,South Point Local,Lawrence,2025,9665013,1958143,4666562,0,623522,18969352,19494971,20907064,6265782,4853689
047969,Symmes Valley Local,Lawrence,2020,7477770,694463,994131,0,196741,10717412,10728957,10880256,5856487,5705188
047969,Symmes Valley Local,Lawrence,2021,7483149,694400,1070593,0,198052,10880853,11147324,10961220,5705188,5891292
047969,Symmes Valley Local,Lawrence,2022,7857495,987544,1176223,0,198062,11080654,11800642,11128541,5891292,6563393
047969,Symmes Valley Local,Lawrence,2023,7806879,1094025,1200393,0,208747,12417451,12583908,12197979,6563391,6949320
047969,Symmes Valley Local,Lawrence,2024,7808155,1182966,1259022,0,220971,13455657,13608660,13264735,6949320,7293245
047969,Symmes Valley Local,Lawrence,2025,7837887,1034635,1192611,0,223409,13485661,13505831,13289109,7293245,7509968
047985,Johnstown-Monroe Local,Licking,2020,4987291,80754,7411076,3652944,950238,20256554,20310149,17289391,15307792,18328550
047985,Johnstown-Monroe Local,Licking,2021,5251328,74966,7962746,3782288,1015695,21698991,21739819,27259242,18328550,12809127
047985,Johnstown-Monroe Local,Licking,2022,4697807,387549,8417114,4911664,1088043,23152061,23726269,22037192,12809127,14498204
047985,Johnstown-Monroe Local,Licking,2023,4767935,422916,9706672,4801832,1115197,25295393,28041629,23523347,14498207,19016488
047985,Johnstown-Monroe Local,Licking,2024,4715817,438181,12222327,5263394,1273414,28782808,34344554,32268970,19016488,21092072
047985,Johnstown-Monroe Local,Licking,2025,4912169,252952,14690474,5396928,1418307,32433792,32695412,46968226,21092072,6819259
047993,Lakewood Local,Licking,2020,4794727,313645,12969805,0,1792464,23757753,23781764,25332208,16463390,14912946
047993,Lakewood Local,Licking,2021,4998297,260019,13704264,0,1704183,24707453,24725281,25675276,14912946,13962951
047993,Lakewood Local,Licking,2022,4571454,508356,14433721,0,1746419,24363843,24401588,23978242,13962951,14386297
047993,Lakewood Local,Licking,2023,4636351,495501,15012993,0,1742109,25536715,25563391,25560432,14386295,14389254
047993,Lakewood Local,Licking,2024,4653759,583013,17368722,0,1872580,28753036,28769242,26839367,14389254,16319130
047993,Lakewood Local,Licking,2025,4791590,586610,19059556,0,2264038,31230457,31257466,30513638,16319130,17062958
048009,Licking Heights Local,Licking,2020,13094843,264134,22011203,0,2353521,49957502,50509614,40716618,12218533,22011529
048009,Licking Heights Local,Licking,2021,13524866,266307,21603074,0,2657681,51172511,51172511,45677173,22011529,27506867
048009,Licking Heights Local,Licking,2022,13783117,948243,22883393,0,2834906,54401650,54663222,51988763,27506867,30181326
048009,Licking Heights Local,Licking,2023,16205450,1471088,23062360,0,2859193,57460030,57717662,59142463,30181327,28756526
048009,Licking Heights Local,Licking,2024,22307699,2446945,25955508,0,3286609,72219374,72410840,60612731,28756526,40554636
048009,Licking Heights Local,Licking,2025,25397040,2614715,28627742,0,3733504,80850269,80901453,79866972,40554636,41589116
048017,Licking Valley Local,Licking,2020,10238296,183449,4086407,2813830,733726,20573717,20803159,20672217,9610204,9741146
048017,Licking Valley Local,Licking,2021,10486356,177131,4555822,2859739,757669,21164178,21575718,19926891,9741146,11389973
048017,Licking Valley Local,Licking,2022,11057592,693006,4960561,3094434,724810,22274447,22376964,21528536,11389973,12238401
048017,Licking Valley Local,Licking,2023,11598772,710561,5113793,3558138,740440,23250543,23450237,21810719,12238400,13877918
048017,Licking Valley Local,Licking,2024,12774115,912980,6039423,3711218,841645,26149008,26477409,22318146,13877918,18037181
048017,Licking Valley Local,Licking,2025,13066949,912043,6756673,4012283,952870,27827104,28139514,34576414,18037181,11600281
048025,North Fork Local,Licking,2020,7916816,141510,4228004,2385116,679871,17804116,17965365,17728175,7717981,7955171
048025,North Fork Local,Licking,2021,8155599,141510,4750613,2433455,722163,18800344,19127298,17920388,7955171,9162081
048025,North Fork Local,Licking,2022,8108316,410815,5036622,2711257,772122,18523685,18570611,16677771,9162081,11054921
048025,North Fork Local,Licking,2023,8095444,424218,5206175,3036508,783845,19458299,19517214,17254168,11054919,13317965
048025,North Fork Local,Licking,2024,7947571,589550,6345712,3024617,909409,20885775,20920409,19908151,13317965,14330223
048025,North Fork Local,Licking,2025,7959144,483732,7151817,3318085,1031267,22254653,22271622,29835560,14330223,6766285
048033,Northridge Local,Licking,2020,4409804,61758,7732848,15059,984192,14515262,14528895,14656823,8001695,7873767
048033,Northridge Local,Licking,2021,4641980,61760,8345839,13661,1035994,15626312,15627612,15165357,7873767,8336022
048033,Northridge Local,Licking,2022,5020183,245987,8804325,25470,1089781,16317784,16317784,17910987,8336022,6742819
048033,Northridge Local,Licking,2023,4003151,202521,9125965,0,1107239,15479346,15888015,17011332,6742817,5619500
048033,Northridge Local,Licking,2024,4628835,256974,10560818,0,1244316,17786425,18759202,16514387,5619500,7864315
048033,Northridge Local,Licking,2025,4816411,178297,11571445,0,1369051,19086335,19092726,18378979,7864315,8578062
048041,Southwest Licking Local,Licking,2020,16750049,282659,16081224,6718362,2256391,45233897,45935011,42849027,20960332,24046316
048041,Southwest Licking Local,Licking,2021,17350312,328945,17720654,6829009,2435886,47623171,48533451,45031457,24046316,27548310
048041,Southwest Licking Local,Licking,2022,15620391,999854,19182757,7748085,2614208,49307583,50119601,44683195,27548310,32984716
048041,Southwest Licking Local,Licking,2023,16128493,1089628,20165974,9007057,2693814,53439236,54565401,49419646,32984718,38130473
048041,Southwest Licking Local,Licking,2024,19257224,1598176,25518342,8810672,3140814,63558078,64489881,54191351,38130473,48429003
048041,Southwest Licking Local,Licking,2025,18967748,1589901,27908334,9487235,3575437,67618694,68727349,93207065,48429003,23949287
048074,Benjamin Logan Local,Logan,2020,6117268,89740,8336946,0,1480374,18861725,19016809,19213516,5658196,5461489
048074,Benjamin Logan Local,Logan,2021,6312494,89722,8603641,0,1212695,19026219,19219568,19881170,5461489,4799887
048074,Benjamin Logan Local,Logan,2022,6584780,373668,8538468,0,995982,17800956,17954680,18298065,4799887,4456502
048074,Benjamin Logan Local,Logan,2023,6602761,358936,9374919,0,1072213,19771961,22053230,19463312,4456503,7046421
048074,Benjamin Logan Local,Logan,2024,6699737,407494,11165036,0,1171518,21900976,21994391,22410386,7046421,6630426
048074,Benjamin Logan Local,Logan,2025,6983986,484156,10323934,0,1181924,21603091,21670174,21607833,6630426,6692767
048082,Indian Lake Local,Logan,2020,4212573,139750,10268607,0,1280692,18635383,18873339,18372575,9781933,10282697
048082,Indian Lake Local,Logan,2021,4369429,139750,10957262,0,1323678,19613201,20172508,18364939,10282697,12090266
048082,Indian Lake Local,Logan,2022,5244894,368964,10617512,0,1259999,19154864,19384646,17872563,12090266,13602349
048082,Indian Lake Local,Logan,2023,5338110,341288,12632508,0,1388831,22046521,22158372,19773208,13602349,15987513
048082,Indian Lake Local,Logan,2024,5317655,452426,13042176,0,1588924,23388834,23710897,20476535,15987513,19221875
048082,Indian Lake Local,Logan,2025,5420384,303575,13172675,0,1559912,23674982,24210597,30518820,19221875,12913652
048090,Riverside Local,Logan,2020,5213094,81785,1379843,1458454,205987,9382047,9402039,8577818,9646912,10471133
048090,Riverside Local,Logan,2021,5269302,65380,1458487,1269487,204196,9445996,9502240,7886183,10471133,12087190
048090,Riverside Local,Logan,2022,5249886,346124,1412696,1134200,203068,8941040,8959358,10358936,12087190,10687612
048090,Riverside Local,Logan,2023,5205359,417473,1614723,1338746,225634,9567707,9573730,8645272,10687612,11616070
048090,Riverside Local,Logan,2024,5245251,470134,1812656,1321563,246338,10117967,10156579,16885150,11616070,4887499
048090,Riverside Local,Logan,2025,5203396,758622,1799652,1394255,249653,10518078,10592478,12524146,4887499,2955831
048116,Avon Local,Lorain,2020,5515624,14133,29463954,0,3184271,45285828,45520113,44641188,8778344,9657269
048116,Avon Local,Lorain,2021,5836238,11785,31933038,0,3259390,49561620,49568451,44407405,9657269,14818315
048116,Avon Local,Lorain,2022,6408042,128167,33571495,0,3428134,51630731,51705061,47170775,14818315,19352601
048116,Avon Local,Lorain,2023,6644104,309928,34888402,0,3591615,54348597,54860103,50390560,19352632,23822175
048116,Avon Local,Lorain,2024,7984714,481371,35093105,0,3644737,58863301,58974639,54874003,23822175,27922811
048116,Avon Local,Lorain,2025,7279406,533508,37835797,0,4006018,60113110,60181140,63177424,27922811,24926527
048124,Avon Lake City,Lorain,2020,3555201,109590,29691293,0,3963722,42443498,42733087,43644318,17005327,16094096
048124,Avon Lake City,Lorain,2021,3723333,92479,30228090,0,3980105,44020929,44548897,45704501,16094096,14938492
048124,Avon Lake City,Lorain,2022,3176321,389774,31613644,0,4131473,45511330,45788181,46525263,14938492,14201410
048124,Avon Lake City,Lorain,2023,3336311,299377,32848353,0,4304284,46526017,46767149,47983967,14201412,12984594
048124,Avon Lake City,Lorain,2024,3890160,536160,32791180,0,4376469,48031499,48477110,50270692,12984594,11191012
048124,Avon Lake City,Lorain,2025,4067068,358098,37027484,0,4827462,51797391,52138526,55102933,11191012,8226605
048132,Clearview Local,Lorain,2020,10102595,1077176,2940767,0,389771,19011299,19154959,18882545,14193229,14465643
048132,Clearview Local,Lorain,2021,10158601,1079822,2897511,0,383365,18589173,19104291,19947712,14465643,13622222
048132,Clearview Local,Lorain,2022,11123507,1684309,3056159,0,379983,18491642,23360927,27723865,13622222,9259284
048132,Clearview Local,Lorain,2023,12889187,1989228,2756651,0,364125,18820032,21974126,26346514,9259287,4886899
048132,Clearview Local,Lorain,2024,13429121,1987226,2897555,0,345186,19524120,19563283,20309208,4886899,4140974
048132,Clearview Local,Lorain,2025,13564046,1783592,3039464,0,378491,19274475,25308729,19989801,4140974,9459902
048140,Columbia Local,Lorain,2020,1992560,19396,7119331,0,899744,11458498,11523602,11178816,6687315,7032101
048140,Columbia Local,Lorain,2021,2110216,19374,7203444,0,915656,11643354,11835062,11545678,7032101,7321485
048140,Columbia Local,Lorain,2022,2297229,122632,7447141,0,931645,12022250,12066826,11804177,7321485,7584134
048140,Columbia Local,Lorain,2023,2455528,161505,7992765,0,957322,12673946,12726646,12942787,7584118,7367977
048140,Columbia Local,Lorain,2024,2509257,225064,8296444,0,1014147,13662871,13699039,14182130,7367977,6884886
048140,Columbia Local,Lorain,2025,2562742,143520,8819397,0,1063589,14746948,14791646,15607728,6884886,6068805
048157,Firelands Local,Lorain,2020,6661314,73518,9080926,0,1182078,20216057,20223586,18387510,11091887,12927963
048157,Firelands Local,Lorain,2021,6868607,164694,9578468,0,1171613,21564091,21564091,18020229,12927963,16471825
048157,Firelands Local,Lorain,2022,8278897,439458,9381717,0,1138809,20296000,20296000,18940038,16471825,17827787
048157,Firelands Local,Lorain,2023,8352817,493700,8872353,0,1088133,20393822,20440131,20445521,17827787,17822397
048157,Firelands Local,Lorain,2024,8353110,607552,9493852,0,1167060,21570831,21768008,21937507,17822397,17652898
048157,Firelands Local,Lorain,2025,8350535,524437,12363165,0,1402988,24474507,24928287,33404642,17652898,9176543
048165,Keystone Local,Lorain,2020,6031805,105303,6806328,0,825779,16759672,16836203,16276636,5815394,6374961
048165,Keystone Local,Lorain,2021,6208240,100597,7328909,0,835987,17897873,17948221,16664982,6374961,7658200
048165,Keystone Local,Lorain,2022,6607249,189149,7320034,0,844507,17705878,17713937,16191680,7658200,9180457
048165,Keystone Local,Lorain,2023,6389849,410544,7491905,0,841760,18110427,18119841,16473491,9180455,10826805
048165,Keystone Local,Lorain,2024,6485175,496539,7372872,0,843333,18702205,18716671,18032275,10826805,11511201
048165,Keystone Local,Lorain,2025,6457497,350734,7819570,0,873874,19380122,19421898,20948019,11511201,9985080
048173,Midview Local,Lorain,2020,10240691,321319,14127505,0,2128101,36606820,36710520,32185835,18336595,22861280
048173,Midview Local,Lorain,2021,10494626,392394,14072800,0,2125056,35191210,35521673,32473833,22861280,25909120
048173,Midview Local,Lorain,2022,11729385,1172085,15054144,0,2214468,35455953,35470953,32128320,25909120,29251753
048173,Midview Local,Lorain,2023,11735722,1204272,15954728,0,2330573,37095098,37110098,34520471,29251752,31841379
048173,Midview Local,Lorain,2024,11839296,1154869,16256794,0,2385875,38238823,38488823,38725453,31841379,31604749
048173,Midview Local,Lorain,2025,11992881,1188223,18621850,0,2698655,40789717,40789717,54987675,31604749,17406791
048207,Anthony Wayne Local,Lucas,2020,7802712,5988,30516308,0,3176581,42954156,43451333,43575814,5214823,5090342
048207,Anthony Wayne Local,Lucas,2021,8404758,0,31734961,0,3212446,44630986,45242886,45104598,5090342,5228630
048207,Anthony Wayne Local,Lucas,2022,7206020,162479,33015315,0,3256654,44759390,45294688,45355314,5228630,5168004
048207,Anthony Wayne Local,Lucas,2023,7037157,362525,30004057,0,3292495,45170474,45326765,47014788,5168105,3480082
048207,Anthony Wayne Local,Lucas,2024,7264231,543058,29483550,0,3320405,45930528,45941081,47415155,3480082,2006008
048207,Anthony Wayne Local,Lucas,2025,7577169,554535,31497909,0,3583951,49692978,49711305,49425968,2006008,2291345
048215,Ottawa Hills Local,Lucas,2020,2497115,5901,10569341,0,1455204,16038362,16370737,17418499,7621466,6573704
048215,Ottawa Hills Local,Lucas,2021,2643659,6400,10956657,0,1454524,16375354,16509803,16876151,6573704,6207356
048215,Ottawa Hills Local,Lucas,2022,2325741,161689,11501737,0,1456154,16427204,16497396,18686952,6207356,4017800
048215,Ottawa Hills Local,Lucas,2023,2355785,163652,11387766,0,1451740,16284879,16686524,18983063,4017799,1721260
048215,Ottawa Hills Local,Lucas,2024,2482893,255524,11527097,0,1449833,16689225,17229394,17313377,1721260,1637277
048215,Ottawa Hills Local,Lucas,2025,2564774,262383,12571454,0,1452823,17725869,18322088,17261592,1637277,2697773
048223,Springfield Local,Lucas,2020,7989795,335842,27272087,0,2800475,41485528,42566820,40504723,16313728,18375825
048223,Springfield Local,Lucas,2021,8300924,335835,27313195,0,2817182,41533737,42914310,41229277,18375825,20060858
048223,Springfield Local,Lucas,2022,6290708,465750,27973737,0,2847654,40660217,41655627,40724585,20060858,20991900
048223,Springfield Local,Lucas,2023,6378677,618267,28586110,0,2856530,42034107,42915568,43756348,20991900,20151120
048223,Springfield Local,Lucas,2024,7615328,907446,28178226,0,2864935,43956080,45182709,46286699,20151120,19047130
048223,Springfield Local,Lucas,2025,7533298,775549,28850641,0,2892748,44323537,45188236,48107857,19047130,16127509
048231,Washington Local,Lucas,2020,28858652,2383517,39754005,0,6877871,80943660,86550393,87306522,26471785,25715656
048231,Washington Local,Lucas,2021,29145961,2377823,41605245,0,6422437,82640251,86876892,82460507,25715656,30132041
048231,Washington Local,Lucas,2022,28105762,3444012,42525384,0,5889883,82606324,86369781,78776661,30132041,37725161
048231,Washington Local,Lucas,2023,32710872,4166930,40936637,0,5310108,89751192,92474596,91608026,37725161,38591731
048231,Washington Local,Lucas,2024,39813302,5490764,41579842,0,4789567,99807153,101207748,89997244,38591731,49802235
048231,Washington Local,Lucas,2025,44425067,5486977,42618263,0,4268793,105044292,107348687,113349647,49802235,43801275
048256,Jefferson Local,Madison,2020,4249663,64425,5060192,1761051,747799,14343888,14388256,15433377,3408670,2363549
048256,Jefferson Local,Madison,2021,4407100,75537,4965665,1771935,679761,14594180,14833037,15245784,2363549,1950802
048256,Jefferson Local,Madison,2022,4327704,392324,6195569,1986966,671845,16790179,16816856,14805212,1950802,3962446
048256,Jefferson Local,Madison,2023,4376749,328378,6146008,2131257,644012,17563307,17704540,16134164,3962467,5532843
048256,Jefferson Local,Madison,2024,4332591,380445,8128332,2014016,721877,19578037,19670476,17864061,5532843,7339258
048256,Jefferson Local,Madison,2025,4409216,290706,6404834,2169029,916533,18875555,19273105,19306131,7339258,7306232
048264,Jonathan Alder Local,Madison,2020,7676102,34309,7114420,4358696,901670,22602501,22602501,21988763,8557764,9171502
048264,Jonathan Alder Local,Madison,2021,7932017,35610,7617403,4655198,1032143,23707095,23873711,21813646,9171502,11231567
048264,Jonathan Alder Local,Madison,2022,8345979,438107,8112451,5165055,1079696,24995703,25100633,25043355,11231567,11288845
048264,Jonathan Alder Local,Madison,2023,8200614,535157,9007719,5681951,1075449,27273345,27274345,24576045,11288843,13987143
048264,Jonathan Alder Local,Madison,2024,8506169,657066,10501137,5875156,1245501,30966878,30984143,29878662,13987143,15092624
048264,Jonathan Alder Local,Madison,2025,8235750,704777,11927957,6762483,1416394,33155786,33171456,35098628,15092624,13165452
048272,Madison-Plains Local,Madison,2020,4653606,166923,6039178,1620948,806198,15630141,16630288,15708561,1682443,2604170
048272,Madison-Plains Local,Madison,2021,4873933,166907,6775705,2343816,817681,17342817,17342833,15215102,2604170,4731901
048272,Madison-Plains Local,Madison,2022,4282291,388049,4036303,2653370,819748,14056017,14136006,14536485,4731901,4331422
048272,Madison-Plains Local,Madison,2023,4369180,374633,6194738,3162074,819722,17086208,17102054,15634747,4331498,5798805
048272,Madison-Plains Local,Madison,2024,4611395,473120,7264921,2986056,918740,18964296,18974254,16882585,5798805,7890474
048272,Madison-Plains Local,Madison,2025,4779596,390269,7895097,3370470,1016968,21733421,21741534,24340910,7890474,5291098
048298,Austintown Local Schools,Mahoning,2020,20600385,749024,15767935,0,2310550,45758187,46499382,45176637,10659321,11982066
048298,Austintown Local Schools,Mahoning,2021,21145332,736203,16482882,0,2278427,46109727,47570710,45673175,11982066,13879601
048298,Austintown Local Schools,Mahoning,2022,20261932,1666931,16821073,0,2250673,43827489,43991432,42686555,13879601,15184478
048298,Austintown Local Schools,Mahoning,2023,20752596,2127597,16265178,0,2233903,44924982,45007962,44189654,15184475,16002783
048298,Austintown Local Schools,Mahoning,2024,23430992,2316867,17414015,0,2236571,49940408,50012108,46931436,16002783,19083455
048298,Austintown Local Schools,Mahoning,2025,23569842,4689288,18142530,0,2278335,53708940,53828599,50610822,19083455,22301232
048306,Boardman Local,Mahoning,2020,9010499,262222,31729980,0,3434534,48756139,49206912,47392495,6936142,8750559
048306,Boardman Local,Mahoning,2021,9616228,262222,32081917,0,3395439,49298400,49716294,46547834,8750559,11919019
048306,Boardman Local,Mahoning,2022,6841318,677228,32161823,0,3354674,47451388,48809009,43431546,11919019,17296482
048306,Boardman Local,Mahoning,2023,8076777,849563,32744253,0,3320224,50637407,50689093,46906077,17296483,21079499
048306,Boardman Local,Mahoning,2024,9938760,1132082,33129235,0,3304627,53705268,53742151,50830833,21079499,23990817
048306,Boardman Local,Mahoning,2025,9947598,1158342,34138844,0,3322240,54744091,54811778,59634159,23990817,19168436
048314,Canfield Local,Mahoning,2020,5780538,45509,18562461,0,2295622,28246060,28246230,28422065,16265345,16089510
048314,Canfield Local,Mahoning,2021,6011950,39979,19051218,0,2294038,29199878,29450865,27433313,16089510,18107062
048314,Canfield Local,Mahoning,2022,4717063,328485,19437007,0,2290511,28284130,28284130,28811184,18107062,17580008
048314,Canfield Local,Mahoning,2023,4968492,281007,19359231,0,2292414,28947092,29385650,30010480,17580009,16955179
048314,Canfield Local,Mahoning,2024,5195805,380770,21225622,0,2326306,30688326,31061642,30111787,16955179,17905033
048314,Canfield Local,Mahoning,2025,5360410,332859,21941238,0,2365182,31454712,31468776,36271401,17905033,13102408
048322,Jackson-Milton Local,Mahoning,2020,1980317,62698,5829614,0,653901,10240126,10462270,9589940,4482756,5355086
048322,Jackson-Milton Local,Mahoning,2021,2084580,62697,6130487,0,651600,10652581,10660937,9381612,5355086,6634411
048322,Jackson-Milton Local,Mahoning,2022,2617107,235951,6354266,0,651187,10469222,10476838,9241348,6634411,7869901
048322,Jackson-Milton Local,Mahoning,2023,2635445,237157,6536147,0,642066,11054701,11067152,9688981,7869913,9248083
048322,Jackson-Milton Local,Mahoning,2024,2833877,280320,7242671,0,726309,12542189,12589529,10204559,9248083,11633054
048322,Jackson-Milton Local,Mahoning,2025,2670365,292521,7996101,0,809971,13097674,13190008,21663998,11633054,3159064
048330,Lowellville Local,Mahoning,2020,2024989,19900,594523,0,101586,5513679,5513713,5411242,2037912,2140383
048330,Lowellville Local,Mahoning,2021,2057287,19900,626905,0,101329,5607962,5657381,5565664,2140383,2232100
048330,Lowellville Local,Mahoning,2022,3454616,340214,644682,0,102223,5930785,5930785,5637692,2232100,2525193
048330,Lowellville Local,Mahoning,2023,3506752,356900,629349,0,104003,5953014,5954950,5935492,2525791,2545249
048330,Lowellville Local,Mahoning,2024,3706345,455675,749247,0,112732,6578715,6585727,6341889,2545249,2789087
048330,Lowellville Local,Mahoning,2025,4472993,443562,813416,0,128899,7260632,7261603,6503164,2789087,3547526
048348,Poland Local,Mahoning,2020,5102215,76227,12682657,0,1930286,20930468,21031434,20873722,5987309,6145021
048348,Poland Local,Mahoning,2021,5413692,61369,13042186,0,1962451,21435271,21730809,21167045,6145021,6708785
048348,Poland Local,Mahoning,2022,4519963,348868,13576229,0,1989120,21497076,21504637,20170799,6708785,8042623
048348,Poland Local,Mahoning,2023,4737818,309451,13527848,0,1974855,22125692,22137468,22204152,8042669,7975985
048348,Poland Local,Mahoning,2024,4843148,425701,14914341,0,2119769,24178166,24181896,22345191,7975985,9812690
048348,Poland Local,Mahoning,2025,4901859,339133,16069016,0,2276538,25467830,25478467,25292065,9812690,9999092
048355,Sebring Local,Mahoning,2020,4939983,369721,1206010,603895,144494,8028120,8132077,7634800,4989945,5487222
048355,Sebring Local,Mahoning,2021,4977008,369719,1044956,538862,141328,8378932,8446922,7224077,5487222,6710066
048355,Sebring Local,Mahoning,2022,4431575,623875,1086334,708139,132510,7410184,8239830,7779753,6710066,7170144
048355,Sebring Local,Mahoning,2023,4306839,736229,1102078,791472,125743,7629160,8167803,10054170,7170148,5283781
048355,Sebring Local,Mahoning,2024,4255260,815213,1244120,723109,145751,8000464,8197723,7688874,5283781,5792630
048355,Sebring Local,Mahoning,2025,4351075,774198,1352927,764727,165847,8189933,8238461,10895735,5792630,3135356
048363,South Range Local,Mahoning,2020,4310017,24281,5581068,0,699258,13244910,13417589,13118024,2838392,3137957
048363,South Range Local,Mahoning,2021,4480833,28560,5830441,0,726347,13907398,14104069,13511994,3137957,3730032
048363,South Range Local,Mahoning,2022,5935176,350328,5459506,0,748429,13759730,13898584,13866354,3730032,3762262
048363,South Range Local,Mahoning,2023,5800767,333805,5591296,0,739121,13989917,14276665,13894094,3762263,4144834
048363,South Range Local,Mahoning,2024,5799084,448710,6221174,0,801104,15123106,15163096,14409843,4144834,4898087
048363,South Range Local,Mahoning,2025,5762121,443660,6601852,0,862632,15653382,15709830,15441966,4898087,5165951
048371,Springfield Local,Mahoning,2020,4266289,30997,3155803,2325521,485865,11588443,11647272,11302944,2939786,3284114
048371,Springfield Local,Mahoning,2021,4533481,31003,3310366,2204355,508196,11454661,11541725,11337251,3284114,3488588
048371,Springfield Local,Mahoning,2022,4054124,114414,3485691,2434766,530078,11480308,11804714,11231747,3488588,4061555
048371,Springfield Local,Mahoning,2023,3936220,264864,3594933,2841074,528841,12740125,12912287,11830178,4061558,5143667
048371,Springfield Local,Mahoning,2024,3906660,344894,4034235,2750695,593986,12849066,12892030,12750159,5143667,5285538
048371,Springfield Local,Mahoning,2025,3956317,327087,4560812,3107842,663455,14106614,14245992,14956026,5285538,4575504
048389,West Branch Local,Mahoning,2020,10821073,197533,3967496,0,660435,20133170,20328578,20356173,2279395,2251800
048389,West Branch Local,Mahoning,2021,10935858,221133,4467422,0,686433,20662676,20818549,19659088,2251800,3411261
048389,West Branch Local,Mahoning,2022,11689954,709134,4657281,0,721843,19791909,20062206,18042317,3411261,5431150
048389,West Branch Local,Mahoning,2023,11744173,700002,5021947,0,737213,20332878,20537585,19971237,5433708,6000056
048389,West Branch Local,Mahoning,2024,11606235,872549,5693406,0,826194,21768921,21955858,21955902,6000056,6000012
048389,West Branch Local,Mahoning,2025,11631394,806071,6157351,86,890899,23311212,23350050,23440024,6000012,5910039
048397,Western Reserve Local,Mahoning,2020,2201330,41543,2819621,0,425451,7152074,7181815,7287471,2510280,2404624
048397,Western Reserve Local,Mahoning,2021,2266796,40825,2982198,0,441362,7328223,7330367,7043702,2404624,2691289
048397,Western Reserve Local,Mahoning,2022,3398189,287110,3180507,0,454823,7612284,7617288,7147333,2691289,3161244
048397,Western Reserve Local,Mahoning,2023,3471626,277752,2876342,0,448001,7740097,7740298,7706813,3161245,3194731
048397,Western Reserve Local,Mahoning,2024,3665282,319424,3157238,0,489449,8585092,8593411,8260685,3194731,3527457
048397,Western Reserve Local,Mahoning,2025,3591177,345433,3388852,0,525439,8696059,8717123,8453985,3527457,3790595
048413,Elgin Local,Marion,2020,5818160,325443,4322890,1147545,602440,14707725,14801890,13158953,14127457,15770394
048413,Elgin Local,Marion,2021,5957122,303359,4529430,1107336,588062,15354011,15391985,12643278,15770394,18519101
048413,Elgin Local,Marion,2022,6687447,260365,4722216,1277113,564678,14159147,14182086,15424045,18519101,17277142
048413,Elgin Local,Marion,2023,6734120,502018,5052593,1345075,578477,15414073,17649912,12408807,17277142,22518247
048413,Elgin Local,Marion,2024,6938655,649778,5486246,1285484,608829,16737632,16737632,15600146,22518247,23655733
048413,Elgin Local,Marion,2025,7061351,540958,5692039,1397922,607283,17226237,17290888,15042825,23655733,25903796
048421,Pleasant Local,Marion,2020,4049199,101883,3820755,142673,646701,12176793,12246100,12498816,2153914,1901198
048421,Pleasant Local,Marion,2021,4199966,101883,3825173,1295384,596634,13610470,14426096,12489489,1901198,3837805
048421,Pleasant Local,Marion,2022,5030673,220069,3695317,2019414,559012,12694445,12955468,11554633,3837805,5238640
048421,Pleasant Local,Marion,2023,5134126,330057,4238797,2331202,641237,14328338,14337071,13960500,5247001,5623572
048421,Pleasant Local,Marion,2024,5649095,441490,4585317,2233557,756113,15947104,16388076,15088541,5623572,6923106
048421,Pleasant Local,Marion,2025,5649902,398554,4275298,2446888,1016588,16158890,16173989,15356333,6923106,7740763
048439,Ridgedale Local,Marion,2020,2853147,86703,2898280,0,428379,8453133,8496332,9209264,2346742,1633810
048439,Ridgedale Local,Marion,2021,2937700,86703,2982071,58758,420552,8719340,8933398,9197542,1633810,1369666
048439,Ridgedale Local,Marion,2022,3027008,272819,2881003,653062,415293,8611035,8626682,7594657,1369666,2401691
048439,Ridgedale Local,Marion,2023,3167403,312775,3205098,1029401,430294,9774164,9784927,8356667,2401693,3829953
048439,Ridgedale Local,Marion,2024,3575111,405911,3267358,1033317,451899,10515053,10536305,8999168,3829953,5367090
048439,Ridgedale Local,Marion,2025,3865640,422083,3403937,1187993,454253,11744901,11755921,13643951,5367090,3479060
048447,River Valley Local,Marion,2020,6909958,255231,6180594,190472,838466,18948649,19054141,19917797,2882265,2018609
048447,River Valley Local,Marion,2021,7085357,255217,6439905,1660194,819054,20877130,20963482,20183812,2018609,2798279
048447,River Valley Local,Marion,2022,7825406,613070,6918549,2484646,792247,20536284,20578908,18437128,2798279,4940059
048447,River Valley Local,Marion,2023,8497990,628826,7035349,2974085,849613,22174580,22278323,20762232,4941538,6457629
048447,River Valley Local,Marion,2024,9283919,825795,7145417,2856877,883893,23552276,23561568,20636225,6457629,9382972
048447,River Valley Local,Marion,2025,9413376,1923693,6940269,3172980,856619,24767697,24785173,26766576,9382972,7401569
048462,Black River Local,Medina,2020,6875041,34235,4982902,0,787368,14901714,15190850,15558816,2475637,2107671
048462,Black River Local,Medina,2021,6906183,136907,5101704,0,810622,15504314,15853567,16130750,2107671,1830488
048462,Black River Local,Medina,2022,6194428,339580,5521457,0,822390,15027269,15332020,14954088,1830488,2208420
048462,Black River Local,Medina,2023,6168017,320467,5511647,0,833301,14934133,15415029,16503778,2208476,1119727
048462,Black River Local,Medina,2024,6027700,428936,6022485,0,902313,15630257,30563834,31511703,1119727,171857
048462,Black River Local,Medina,2025,6253717,441267,6619228,0,977519,16521286,16840172,15844413,171857,1167616
048470,Buckeye Local,Medina,2020,4813738,56732,12191682,0,2365901,23816832,23971148,22360202,16408862,18019808
048470,Buckeye Local,Medina,2021,5037748,56732,12887999,0,2162384,24876144,25562078,22722585,18019808,20859301
048470,Buckeye Local,Medina,2022,5485871,336838,13393204,0,1905155,25293465,25879151,22980538,20859301,23757914
048470,Buckeye Local,Medina,2023,5791256,277065,14588627,0,1841628,27530594,28108259,23741039,23757913,28125133
048470,Buckeye Local,Medina,2024,5698423,301984,15548538,0,2017995,29561944,30094237,24913591,28125133,33305779
048470,Buckeye Local,Medina,2025,5991205,213866,16110112,0,2052255,32463149,33010458,59669202,33305779,6647035
048488,Cloverleaf Local,Medina,2020,8522434,230397,13871708,6027498,1810637,34665095,34890152,32407716,25352706,27835142
048488,Cloverleaf Local,Medina,2021,8765381,141298,14572911,6066365,1857726,37572435,37819199,33845136,27835142,31809205
048488,Cloverleaf Local,Medina,2022,8208042,573616,15039865,6634605,1856559,38584591,39094780,37779901,31809205,33124084
048488,Cloverleaf Local,Medina,2023,8317206,521553,16021020,7354211,2024079,39887542,40902040,37686138,33124178,36340080
048488,Cloverleaf Local,Medina,2024,8694039,639888,17559138,6299065,2215838,41346914,41899288,38678989,36340080,39560379
048488,Cloverleaf Local,Medina,2025,7359287,2197677,17826776,6518934,2272599,44565678,45268464,47677546,39560379,37151297
048496,Highland Local,Medina,2020,4913515,135348,22347961,0,3126777,33136193,33461928,33420498,22013929,22055359
048496,Highland Local,Medina,2021,5183207,148489,23079263,0,3182857,33924251,34786163,33662082,22055359,23179440
048496,Highland Local,Medina,2022,4735259,548200,23830576,0,2974327,34358826,35055173,35888836,23179440,22345777
048496,Highland Local,Medina,2023,4922334,252235,24762535,0,3649291,36784380,37296348,37339986,22345774,22302136
048496,Highland Local,Medina,2024,5184856,332268,26627650,0,3591988,39433294,39909210,39147884,22302136,23063462
048496,Highland Local,Medina,2025,5631816,254015,27795496,0,3691690,41433129,42020878,47490682,23063462,17593658
048512,Eastern Local,Meigs,2020,6260153,200068,1351673,0,248460,9667355,9722306,9241347,3112154,3593113
048512,Eastern Local,Meigs,2021,6281404,200068,1455966,0,250127,9717352,9762966,9459564,3593113,3896515
048512,Eastern Local,Meigs,2022,6482470,482382,1422885,0,253678,9367307,9426264,9580195,3896515,3742584
048512,Eastern Local,Meigs,2023,6513813,469552,1680331,0,270119,9826365,9881701,9920592,3742578,3703687
048512,Eastern Local,Meigs,2024,6966013,584987,1842612,0,289121,10678140,10756173,10704912,3703687,3754948
048512,Eastern Local,Meigs,2025,7162359,1043221,1833165,0,292436,11394766,11436294,11702289,3754948,3488953
048520,Meigs Local,Meigs,2020,15397815,1948859,2496565,0,445041,22184126,22396335,22084035,4512305,4824605
048520,Meigs Local,Meigs,2021,15550666,1948855,2733992,0,468657,22674729,23183208,21970022,4824605,6037791
048520,Meigs Local,Meigs,2022,15004725,2671613,2592345,0,465625,22284176,22714202,21339161,6037791,7412832
048520,Meigs Local,Meigs,2023,14646182,2801455,2968782,0,486554,22125871,22241751,23601324,7412873,6053300
048520,Meigs Local,Meigs,2024,15590838,2815823,3262465,0,506709,23568886,23942871,24818516,6053300,5177655
048520,Meigs Local,Meigs,2025,15933689,2609753,3208083,0,513604,23742877,23842404,25851919,5177655,3168140
048538,Southern Local,Meigs,2020,5417256,329630,1517745,0,214079,8590729,8651359,8027647,3366546,3990258
048538,Southern Local,Meigs,2021,5386683,329630,1490421,0,221009,8573827,8681538,7887062,3990258,4784732
048538,Southern Local,Meigs,2022,5445841,579470,1473292,0,222231,8360408,8584237,8186219,4784732,5182750
048538,Southern Local,Meigs,2023,5556251,877432,1759989,0,235891,9373017,9526312,9054293,5182745,5654764
048538,Southern Local,Meigs,2024,6189179,968560,1730535,0,249408,10284325,10435949,9445776,5654764,6644937
048538,Southern Local,Meigs,2025,6576942,1011297,1835898,0,254212,10916161,11083806,13103703,6644937,4625040
048553,Marion Local,Mercer,2020,4795631,84891,3236669,0,432478,9303027,9359125,8840272,5994537,6513390
048553,Marion Local,Mercer,2021,4826620,80594,3333239,0,439427,9373638,9447404,9593160,6513390,6367634
048553,Marion Local,Mercer,2022,5385176,373091,3378712,0,442832,9833296,9876796,9205241,6367634,7039189
048553,Marion Local,Mercer,2023,5604494,410049,3432369,0,445744,10317612,10365432,9885188,7039193,7519437
048553,Marion Local,Mercer,2024,6375317,470078,4043023,67133,515584,12144872,12184872,10645279,7519437,9059030
048553,Marion Local,Mercer,2025,6747667,557802,4664485,591955,584844,13900297,13920297,16919113,9059030,6060215
048579,Parkway Local,Mercer,2020,5381999,70274,3282262,1414544,461365,12025209,12052095,11252730,5284802,6084167
048579,Parkway Local,Mercer,2021,5456199,68033,3203813,1356200,462974,11889061,11972673,10932430,6084167,7124410
048579,Parkway Local,Mercer,2022,6205732,345038,3322362,1568754,467197,12442191,12446191,11981153,7124410,7589448
048579,Parkway Local,Mercer,2023,6406525,371968,3243921,1781001,461157,13005287,13005995,15543444,7589447,5051998
048579,Parkway Local,Mercer,2024,7244892,459917,3938716,1758142,530024,14871125,14871350,13778187,5051998,6145161
048579,Parkway Local,Mercer,2025,7135246,521139,4332059,1776674,588198,15300716,15399191,14377684,6145161,7166668
048587,St Henry Consolidated Local,Mercer,2020,5052891,112430,3448521,0,452476,9729722,9769193,9869646,7205682,7105229
048587,St Henry Consolidated Local,Mercer,2021,5151958,111878,3612191,0,453409,9995185,10049856,9867110,7105229,7287975
048587,St Henry Consolidated Local,Mercer,2022,5142799,400933,3666278,0,456544,10131544,10159350,9768571,7287975,7678754
048587,St Henry Consolidated Local,Mercer,2023,5149299,415606,3735588,0,455928,10269878,10303769,10381674,7678754,7600849
048587,St Henry Consolidated Local,Mercer,2024,5957128,470290,4354527,0,519438,11955529,11989225,12040055,7600849,7550019
048587,St Henry Consolidated Local,Mercer,2025,6163877,511832,4797404,0,579221,12726345,12759128,14394513,7550019,5914634
048595,Fort Recovery Local,Mercer,2020,5404997,100009,2215572,1929831,288959,10665144,10711159,10359937,6502088,6853310
048595,Fort Recovery Local,Mercer,2021,5448446,116581,2331225,2022162,292870,10769132,10897424,10311143,6853310,7439591
048595,Fort Recovery Local,Mercer,2022,5798722,426479,2336258,2290348,299010,11403535,11455984,10842352,7439591,8053223
048595,Fort Recovery Local,Mercer,2023,5920022,440982,2390238,2854244,302398,12468523,12517498,11009757,8053453,9561194
048595,Fort Recovery Local,Mercer,2024,6764701,512241,3030893,3199079,362720,14660968,14709084,12299155,9561194,11971123
048595,Fort Recovery Local,Mercer,2025,6781196,494625,3424242,3972590,423049,16105950,16156441,19986011,11971123,8141553
048611,Bethel Local,Miami,2020,5027560,21598,3282204,1865580,517711,13461269,13543100,12928312,3499675,4114463
048611,Bethel Local,Miami,2021,5154374,29619,3441736,1930085,518892,14299332,14358766,14337728,4114463,4135501
048611,Bethel Local,Miami,2022,5622130,255342,3500965,2223261,518771,15334367,15345923,15819056,4135501,3662368
048611,Bethel Local,Miami,2023,7328481,388656,3769901,2462582,551542,18262028,18276280,18106356,3662370,3832294
048611,Bethel Local,Miami,2024,10056454,664117,4086243,2411446,591344,22619322,22913070,18572682,3832294,8172682
048611,Bethel Local,Miami,2025,11937332,923717,4059280,2762398,656201,25310325,25321847,26256882,8172682,7237647
048629,Miami East Local,Miami,2020,5351080,134567,4529120,3774525,634404,15292074,15366543,14217915,9339578,10488206
048629,Miami East Local,Miami,2021,5494749,135490,4763613,4063153,657692,15810526,16096175,16013460,10488206,10570921
048629,Miami East Local,Miami,2022,5545543,146844,4876896,4475814,673071,15976855,16783517,17042763,10570921,10311675
048629,Miami East Local,Miami,2023,5357409,291017,5572138,4891794,754621,17568144,17591413,17242685,10311676,10660404
048629,Miami East Local,Miami,2024,5322103,370437,6173029,4957301,840121,18573097,18583629,18328440,10660404,10915593
048629,Miami East Local,Miami,2025,5357227,343333,6330033,5207929,866708,19121106,19152269,19096973,10915593,10970889
048637,Newton Local,Miami,2020,3109617,12162,1418350,1847762,227795,7835828,7835828,7951437,2413271,2297662
048637,Newton Local,Miami,2021,3162097,12162,1476730,1733931,236675,7886161,7886161,7307949,2297662,2875874
048637,Newton Local,Miami,2022,3721595,237652,1500889,1989639,236746,7942694,7942694,7253988,2875874,3564580
048637,Newton Local,Miami,2023,4099354,281845,1648537,2176110,252928,8848792,8848792,7850966,3565580,4563406
048637,Newton Local,Miami,2024,4475500,327789,1774242,2117102,272961,9505091,9505091,8244752,4563406,5823745
048637,Newton Local,Miami,2025,5059344,328571,1769637,2474789,277414,10521016,10545775,11863168,5823745,4506352
048652,Switzerland Of Ohio Local,Monroe,2020,12931086,672007,18611162,0,979856,54798669,55553565,46028478,17800671,27325758
048652,Switzerland Of Ohio Local,Monroe,2021,13183855,636961,17056629,0,996481,57440672,58386352,45848993,27325758,39863117
048652,Switzerland Of Ohio Local,Monroe,2022,13620474,762685,16973662,0,1000777,55199604,57365299,51067050,39863117,46161366
048652,Switzerland Of Ohio Local,Monroe,2023,12895947,861615,16956183,0,1024852,57079247,57169338,52261081,46161365,51069622
048652,Switzerland Of Ohio Local,Monroe,2024,12937587,974286,16477258,0,1054481,57058843,57118866,54531941,51069622,53656547
048652,Switzerland Of Ohio Local,Monroe,2025,13022969,951085,15924851,0,1081628,60081353,60140684,89730045,53656547,24067186
048678,Brookville Local,Montgomery,2020,6363318,9399,6591696,0,778013,14404856,14506140,14496817,9237504,9246827
048678,Brookville Local,Montgomery,2021,6408808,50101,6523864,0,769917,14081750,14831171,14280878,9246827,9797120
048678,Brookville Local,Montgomery,2022,6446042,319285,6864202,0,768987,14818985,15093628,15092597,9797120,9798151
048678,Brookville Local,Montgomery,2023,6979270,339791,6826167,0,772580,15633922,15650096,15582997,9798153,9865252
048678,Brookville Local,Montgomery,2024,8081493,492346,7125040,0,792035,17609213,17620774,16622241,9865252,10863785
048678,Brookville Local,Montgomery,2025,8142055,510418,7587291,0,818304,18573652,18602754,17289336,10863785,12177203
048686,Jefferson Township Local,Montgomery,2020,3213155,232719,2554311,0,464373,7119533,7247329,8051128,7378773,6574974
048686,Jefferson Township Local,Montgomery,2021,3287570,232719,2441461,0,461409,6974198,7107984,6866362,6574974,6816596
048686,Jefferson Township Local,Montgomery,2022,1561434,308396,2570070,0,456065,5400413,5553332,5738106,6816596,6631822
048686,Jefferson Township Local,Montgomery,2023,1799548,415591,2559160,0,451162,6058389,6159138,7573260,6631819,5217697
048686,Jefferson Township Local,Montgomery,2024,2006415,454483,2646584,0,441519,6478226,7232657,8285042,5217697,4165312
048686,Jefferson Township Local,Montgomery,2025,2152799,488590,2887016,0,437694,6948785,7105898,7996934,4165312,3274276
048694,Trotwood-Madison City,Montgomery,2020,25856591,3347773,6813795,0,1175011,40071833,41404539,42036111,29817265,29185693
048694,Trotwood-Madison City,Montgomery,2021,26040996,3226703,6718878,0,1141744,40989009,42611247,42477474,29185693,29319466
048694,Trotwood-Madison City,Montgomery,2022,21900464,3311154,6823902,0,1111924,34515212,36592621,40529237,29319466,25382850
048694,Trotwood-Madison City,Montgomery,2023,22162289,3437132,6903017,0,1104012,36461433,42093794,40913409,25378210,26558595
048694,Trotwood-Madison City,Montgomery,2024,23356319,3809214,7023163,0,1081376,38711629,41529567,42242941,26558595,25845221
048694,Trotwood-Madison City,Montgomery,2025,23494167,3584542,7671113,0,1073697,39097279,40417579,47063449,25845221,19199351
048702,Mad River Local,Montgomery,2020,24654992,1847134,8854937,0,1317442,45200751,45225405,46777571,19116953,17564787
048702,Mad River Local,Montgomery,2021,24796623,1831114,8702893,0,1293641,44892773,45155950,47491233,17564787,15229504
048702,Mad River Local,Montgomery,2022,27797126,3140314,9149446,0,1268019,44462800,44749662,44260191,15229504,15718975
048702,Mad River Local,Montgomery,2023,28320135,3286742,8905894,0,1253021,46293614,46342344,45375537,15718975,16685782
048702,Mad River Local,Montgomery,2024,31448032,3747726,9173119,0,1238272,50516567,50516759,48679917,16685782,18522624
048702,Mad River Local,Montgomery,2025,32947980,5845232,9821774,0,1246829,54255760,54279808,55693025,18522624,17109407
048710,New Lebanon Local School District,Montgomery,2020,7035028,177643,2055064,1762987,367328,13652919,13802679,12097423,15484019,17189275
048710,New Lebanon Local School District,Montgomery,2021,7111299,183595,2083592,1785016,366831,13934202,13946023,12412959,17189275,18722339
048710,New Lebanon Local School District,Montgomery,2022,8064949,635007,2140804,2033392,365621,14181014,14193813,13586560,18722339,19329592
048710,New Lebanon Local School District,Montgomery,2023,8075609,640619,2094018,2198444,403211,14714387,14920324,14773200,19329591,19476715
048710,New Lebanon Local School District,Montgomery,2024,9002396,712379,2484972,2243680,399318,16156438,16162507,15428201,19476715,20211021
048710,New Lebanon Local School District,Montgomery,2025,8779165,1396199,2742196,2394106,442204,17567156,17572011,16892116,20211021,20890916
048728,Northmont City,Montgomery,2020,23851282,439973,27780957,0,4034961,59329064,59542202,58210735,27791098,29122565
048728,Northmont City,Montgomery,2021,24285045,435610,27854053,0,3990113,59526073,61603899,60760403,29122565,29966061
048728,Northmont City,Montgomery,2022,22351255,1650303,28703292,0,3941189,59923697,60377129,61985629,29966061,28357561
048728,Northmont City,Montgomery,2023,22150949,1860366,29032936,0,3884304,61382258,62442535,65427837,28357556,25372254
048728,Northmont City,Montgomery,2024,23972562,2484488,29604573,0,3871573,65700056,67544646,64898706,25372254,28018194
048728,Northmont City,Montgomery,2025,24228374,2314886,30556628,0,3907425,66883235,67464614,68483587,28018194,26999221
048736,Northridge Local,Montgomery,2020,10654662,1514150,6543184,0,2174306,24082482,24133344,24100346,14763185,14796183
048736,Northridge Local,Montgomery,2021,10767508,1359179,6500355,0,2030857,23797811,23866915,23455762,14796183,15207336
048736,Northridge Local,Montgomery,2022,11984307,2234725,6689816,0,1858451,24576688,24713056,23618621,15207336,16301771
048736,Northridge Local,Montgomery,2023,12251917,2249133,6782578,0,1850575,25749425,26003321,25261925,16301772,17043168
048736,Northridge Local,Montgomery,2024,14249056,2726349,6872894,0,1719167,28099420,28461242,27464100,17043168,18040310
048736,Northridge Local,Montgomery,2025,15119120,2719168,7183270,0,1662462,29592477,30476906,31364333,18040310,17152884
048744,Valley View Local,Montgomery,2020,8739442,96930,5188291,3820420,820295,20083387,20332531,19370004,4371955,5334482
048744,Valley View Local,Montgomery,2021,8954881,105741,5126086,3967228,814922,20286762,20652273,19092905,5334482,6893850
048744,Valley View Local,Montgomery,2022,8565469,463448,5259335,5482619,807537,21833617,22604685,19672890,6893850,9825645
048744,Valley View Local,Montgomery,2023,8635021,471801,5299920,6703673,811611,23645868,29261195,26605615,9825644,12481224
048744,Valley View Local,Montgomery,2024,9380835,601163,5726875,6626782,858003,24809844,25161507,23232652,12481224,14410079
048744,Valley View Local,Montgomery,2025,9233604,519856,6255941,7041919,907693,26410399,26698399,32077120,14410079,9031358
048751,Huber Heights City,Montgomery,2020,35123144,949385,25971944,0,4313901,72225085,72749507,68482711,53838358,58105154
048751,Huber Heights City,Montgomery,2021,35768869,870266,26222906,0,3560145,70823694,73715037,70506004,58105154,61314187
048751,Huber Heights City,Montgomery,2022,31713472,2295580,27138583,0,3879890,71072314,72468839,76032519,61314187,57750507
048751,Huber Heights City,Montgomery,2023,31323508,2512975,26931727,0,3870784,70691225,71082725,69995986,57750508,58837247
048751,Huber Heights City,Montgomery,2024,36247191,2977745,27966684,0,3907681,79359136,80667136,73909988,58837247,65594395
048751,Huber Heights City,Montgomery,2025,34660259,3642069,29282855,0,3966853,81308633,83155041,81429666,65594395,67319770
048777,Morgan Local,Morgan,2020,12609874,2351680,4107903,0,687463,23385915,23630560,23003787,7465261,8092034
048777,Morgan Local,Morgan,2021,12750058,2351680,4284080,0,697959,25273932,25593472,23780481,8092034,9905025
048777,Morgan Local,Morgan,2022,12045044,2651074,4270042,0,705700,25061391,25398544,23822871,9905025,11480698
048777,Morgan Local,Morgan,2023,12622525,2180398,4426750,0,708699,25452373,25676499,27754723,11480700,9402476
048777,Morgan Local,Morgan,2024,12779246,2250179,4539732,0,715140,26060756,26097097,29313773,9402476,6185800
048777,Morgan Local,Morgan,2025,12432693,2585447,5192995,0,808010,26592054,26621684,28548718,6185800,4258766
048793,Cardington-Lincoln Local,Morrow,2020,6636169,143229,2497069,1044763,371842,12268189,12506920,12245938,2095878,2356860
048793,Cardington-Lincoln Local,Morrow,2021,6878813,143229,2600942,1033297,384818,12398840,12738858,12425414,2356860,2670304
048793,Cardington-Lincoln Local,Morrow,2022,6986210,208044,2693463,1191821,393698,12398332,12510746,12279801,2670304,2901249
048793,Cardington-Lincoln Local,Morrow,2023,6894844,571900,2852497,1310571,400138,12871934,13033441,12679157,2901246,3255530
048793,Cardington-Lincoln Local,Morrow,2024,7428339,675370,3398475,1316581,460164,14552546,15285431,13639899,3255530,4901062
048793,Cardington-Lincoln Local,Morrow,2025,7112650,1181840,3826708,1500169,531507,15483107,15526296,14465154,4901062,5962204
048801,Highland Local,Morrow,2020,9961168,78049,4258419,1326331,584106,16837966,17624339,17219385,6749799,7154753
048801,Highland Local,Morrow,2021,9915340,78049,4621656,1352266,618561,17098535,18813075,16762635,7154753,9205193
048801,Highland Local,Morrow,2022,10772775,69606,4952562,1608095,660268,18634373,19585712,18360934,9205193,10429971
048801,Highland Local,Morrow,2023,10302109,551395,5143730,1718594,670998,19425808,20105036,19926901,10429973,10608108
048801,Highland Local,Morrow,2024,10081412,727957,6639377,1839606,818942,21407367,21781716,21503108,10608108,10886716
048801,Highland Local,Morrow,2025,10158585,624842,7641596,1916093,968361,23037702,23106662,26973893,10886716,7019485
048819,Northmor Local,Morrow,2020,5069188,134559,4059143,1667746,512114,15473399,15498439,14666795,5285540,6117184
048819,Northmor Local,Morrow,2021,5173099,149425,3442693,1658822,522448,12939628,13083460,12491026,6117184,6709618
048819,Northmor Local,Morrow,2022,5315085,257090,3492284,1934338,533197,12807012,12848469,13018353,6709618,6539734
048819,Northmor Local,Morrow,2023,5239021,343151,3669104,2188112,539811,13374943,13553611,13053367,6539735,7039979
048819,Northmor Local,Morrow,2024,5613509,430204,4623094,2168362,653727,15366183,15390212,13309392,7039979,9120799
048819,Northmor Local,Morrow,2025,5216435,419419,5192521,2378390,766400,15854534,15854798,19400191,9120799,5575406
048835,East Muskingum Local,Muskingum,2020,9202982,478582,7640666,0,756456,20232035,20232035,20231638,4209713,4210110
048835,East Muskingum Local,Muskingum,2021,9376277,298348,7853838,0,853000,21155431,21155431,20495901,4210110,4869243
048835,East Muskingum Local,Muskingum,2022,9821334,883283,7898784,0,925571,20706738,20706738,20936342,4869243,4639639
048835,East Muskingum Local,Muskingum,2023,10139706,731702,8325666,0,818203,21510243,21510243,21717154,4638036,4431125
048835,East Muskingum Local,Muskingum,2024,11365418,999601,8705849,0,822142,23553151,23553151,22476513,4431125,5507763
048835,East Muskingum Local,Muskingum,2025,11390468,2138053,10466652,0,948978,27001950,27001920,26338433,5507763,6171250
048843,Franklin Local,Muskingum,2020,12035766,393813,3926856,0,636442,25913093,26173093,26123093,6261100,6311100
048843,Franklin Local,Muskingum,2021,12130848,393809,3910368,0,638695,27389394,27549394,27499394,6311100,6361100
048843,Franklin Local,Muskingum,2022,12220897,631429,4270344,0,655632,25870699,26230699,27730699,6361100,4861100
048843,Franklin Local,Muskingum,2023,12478534,755785,4399220,0,665682,25279998,25589998,25489998,4861100,4961100
048843,Franklin Local,Muskingum,2024,12069378,896926,4451678,0,667031,27315809,27960809,27860809,4961100,5061100
048843,Franklin Local,Muskingum,2025,11365903,1683191,5337771,0,783961,30818667,31257591,31157591,5061100,5161100
048850,Maysville Local,Muskingum,2020,11815163,1843401,3302133,0,478485,21572972,21712213,20695217,5001777,6018773
048850,Maysville Local,Muskingum,2021,11936194,1842153,3320930,0,475747,21652273,21790715,20862857,6018773,6946631
048850,Maysville Local,Muskingum,2022,13641103,2342885,3554736,0,497219,21411542,21518179,19401055,6946631,9063755
048850,Maysville Local,Muskingum,2023,13321444,2745286,3715338,0,524691,21555617,21683580,19795469,9063484,10951595
048850,Maysville Local,Muskingum,2024,14017449,2751309,3759951,0,523835,22585336,22874312,22555368,10951595,11270539
048850,Maysville Local,Muskingum,2025,14424667,2892928,4671405,0,610006,24454218,24515178,25525392,11270539,10260325
048876,Tri-Valley Local,Muskingum,2020,18957781,57223,10725686,0,926936,31814825,32067239,30804526,12171877,13434591
048876,Tri-Valley Local,Muskingum,2021,19083731,55129,11728297,0,934519,32753142,32871579,31796354,13434591,14509816
048876,Tri-Valley Local,Muskingum,2022,17093499,911836,12453418,0,972766,33168125,35928689,33025472,14509816,17413033
048876,Tri-Valley Local,Muskingum,2023,17605435,923306,14403315,0,1031422,35566794,35651244,35934390,17413033,17129888
048876,Tri-Valley Local,Muskingum,2024,17597215,1027709,15231896,0,1036050,36635872,38377516,35584721,17129888,19922682
048876,Tri-Valley Local,Muskingum,2025,17645930,835365,16640047,0,1198809,38464258,38539071,48647955,19922682,9813799
048884,West Muskingum Local,Muskingum,2020,5097602,412904,8324629,0,944278,16700604,16706020,16852010,518698,372708
048884,West Muskingum Local,Muskingum,2021,5490661,319382,9013727,0,946195,17923547,18426687,16392415,372708,2406980
048884,West Muskingum Local,Muskingum,2022,4549504,547339,9672748,0,987428,16239950,16248971,13749520,2406980,4906431
048884,West Muskingum Local,Muskingum,2023,4527344,601974,9973633,0,1026900,17782439,17806516,15898243,4906432,6814705
048884,West Muskingum Local,Muskingum,2024,5261880,748073,10106574,0,1036390,18560284,18563642,16423489,6814705,8954858
048884,West Muskingum Local,Muskingum,2025,5761820,735020,11372424,0,1163902,20398100,20402254,18899914,8954858,10457198
048900,Noble Local,Noble,2020,5067410,60714,4740294,0,358777,22004868,22146271,18890339,8531583,11787515
048900,Noble Local,Noble,2021,5191737,58210,3867871,0,369462,25161445,25348036,19185060,11787515,17950491
048900,Noble Local,Noble,2022,6011816,363236,3813945,0,382059,24547654,24565581,21605863,17950491,20910209
048900,Noble Local,Noble,2023,6088124,301347,3641413,0,359526,24361508,24457622,22608862,20910210,22758970
048900,Noble Local,Noble,2024,6143317,365194,4455989,0,376858,26176196,26221988,24460664,22758970,24520294
048900,Noble Local,Noble,2025,6208494,277281,4152398,0,402375,30815109,30878083,31766864,24520294,23631512
048926,Benton Carroll Salem Local,Ottawa,2020,3452831,32260,11336390,0,4424365,20898405,20898605,20841245,5651740,5709100
048926,Benton Carroll Salem Local,Ottawa,2021,4039518,46542,12441565,0,4408719,22286038,22288700,21400084,5709100,6597716
048926,Benton Carroll Salem Local,Ottawa,2022,4169397,105039,12593574,0,4432599,22081398,22081598,20657311,6597716,8022003
048926,Benton Carroll Salem Local,Ottawa,2023,4062541,270830,12776221,0,4454972,22975986,22978315,21979313,8022002,9021004
048926,Benton Carroll Salem Local,Ottawa,2024,4140050,363498,8871588,0,4453610,22713651,22713651,21757316,9021004,9977339
048926,Benton Carroll Salem Local,Ottawa,2025,5580138,363778,9977894,0,4535221,23605970,23605970,26317456,9977339,7265853
048934,Danbury Local,Ottawa,2020,507675,15663,8655838,0,1033831,11884051,11939129,10458571,2970778,4451336
048934,Danbury Local,Ottawa,2021,602569,15663,8964287,0,1078216,12353976,12480158,10633972,4451336,6297522
048934,Danbury Local,Ottawa,2022,890924,118402,9987523,0,1172125,13436865,13444928,12265551,6297522,7476899
048934,Danbury Local,Ottawa,2023,908055,92978,10605737,0,1284264,14790287,14834023,14279800,7476902,8031125
048934,Danbury Local,Ottawa,2024,896530,140451,11117918,0,1291421,15833892,15853908,15484339,8031125,8400694
048934,Danbury Local,Ottawa,2025,895414,149899,13181515,0,1547392,18239786,18251911,25210813,8400694,1441792
048942,Genoa Area Local,Ottawa,2020,5682734,0,5028926,0,573893,12880489,12953265,12811811,4563763,4705217
048942,Genoa Area Local,Ottawa,2021,5798380,0,5143725,0,571199,13181975,13191404,13415158,4705217,4481463
048942,Genoa Area Local,Ottawa,2022,6648321,0,5314016,0,570870,13043389,13470643,13526618,4481463,4425488
048942,Genoa Area Local,Ottawa,2023,6648379,0,6243372,0,595909,14119513,14664157,13510624,4425488,5579021
048942,Genoa Area Local,Ottawa,2024,7037601,0,6943821,0,613793,15586268,15652723,14286623,5579021,6945121
048942,Genoa Area Local,Ottawa,2025,7065807,0,7538815,0,684360,16171727,16275556,16925089,6945121,6295588
048959,Middle Bass Local,Ottawa,2020,0,0,284254,0,30301,330410,330410,278749,855287,906948
048959,Middle Bass Local,Ottawa,2021,0,0,202856,0,22998,229957,229957,235572,906948,901333
048959,Middle Bass Local,Ottawa,2022,0,0,153965,0,16662,171931,171931,210019,901333,863245
048959,Middle Bass Local,Ottawa,2023,0,0,163237,0,17580,184096,184096,201603,863244,845737
048959,Middle Bass Local,Ottawa,2024,0,0,169931,0,17606,215919,215919,243784,845737,817872
048959,Middle Bass Local,Ottawa,2025,0,0,198200,0,20745,246472,246472,269065,817872,795279
048967,North Bass Local,Ottawa,2020,19673,0,13580,0,1746,34999,35276,32635,62509,65150
048967,North Bass Local,Ottawa,2021,19673,0,12242,0,6398,38313,38898,25883,65150,78165
048967,North Bass Local,Ottawa,2022,17473,2200,13188,0,1850,35031,35031,42803,78165,70393
048967,North Bass Local,Ottawa,2023,19673,0,13852,0,4021,37754,37771,46312,70391,61850
048967,North Bass Local,Ottawa,2024,19673,0,14265,0,3850,40037,40037,30713,61850,71174
048967,North Bass Local,Ottawa,2025,19673,0,15780,0,4027,42725,43818,38990,71174,76002
048975,Put-In-Bay Local,Ottawa,2020,71997,0,2676840,0,231216,3237766,3240826,3127139,3727262,3840949
048975,Put-In-Bay Local,Ottawa,2021,70318,0,2738236,0,233832,3236970,3251654,2775162,3840949,4317441
048975,Put-In-Bay Local,Ottawa,2022,96602,2281,3020869,0,251809,3640455,3640484,6776441,4317441,1181484
048975,Put-In-Bay Local,Ottawa,2023,101190,21548,3049661,0,265443,3625255,3625814,3382926,1181483,1424371
048975,Put-In-Bay Local,Ottawa,2024,118104,30872,3229810,0,268915,3951104,3951703,3400602,1424371,1975472
048975,Put-In-Bay Local,Ottawa,2025,137455,48258,3824542,0,311550,4688458,4688458,5618047,1975472,1045883
048991,Antwerp Local,Paulding,2020,4663462,30319,1685920,1288528,220053,8863827,8883234,8839112,7398918,7443040
048991,Antwerp Local,Paulding,2021,4714540,30319,1715215,1281606,224342,8920923,8940286,8390414,7443040,7992912
048991,Antwerp Local,Paulding,2022,5146019,273212,1793182,1423569,224878,9348272,9369609,10121916,7992912,7240605
048991,Antwerp Local,Paulding,2023,5357911,294526,1948714,1619923,237223,10166108,10166108,9126738,7240606,8279976
048991,Antwerp Local,Paulding,2024,5829045,350119,2084506,1600051,247055,11070123,11073947,10848902,8279976,8505021
048991,Antwerp Local,Paulding,2025,6341913,418514,2117968,1696718,252136,11769792,11771968,15212007,8505021,5064982
049031,Wayne Trace Local,Paulding,2020,4986050,66166,3013864,1727612,418866,13627933,13641517,13342011,7350291,7649797
049031,Wayne Trace Local,Paulding,2021,5084132,66166,3026149,1777681,424329,13801663,13932182,13584079,7649797,7997900
049031,Wayne Trace Local,Paulding,2022,5205926,310296,3023681,2288311,423932,14509144,14519857,14315992,7997900,8201765
049031,Wayne Trace Local,Paulding,2023,5193332,325125,3148759,2635391,425640,15518167,15571629,15361580,8201766,8411815
049031,Wayne Trace Local,Paulding,2024,5690638,411365,3058362,2911419,421254,16979827,16996600,16952286,8411815,8456129
049031,Wayne Trace Local,Paulding,2025,5594077,390007,3184935,2689019,425719,16927346,17137613,19971193,8456129,5622549
049056,Northern Local,Perry,2020,11174033,348729,5517585,0,882384,21944139,23945788,24684947,900717,161558
049056,Northern Local,Perry,2021,11453277,436859,5923022,0,918392,23046833,24085102,24152854,161558,93806
049056,Northern Local,Perry,2022,11389770,869819,6131234,0,962785,22288641,22288641,22214061,93806,168386
049056,Northern Local,Perry,2023,11495706,816293,7658411,0,990551,24477543,24477592,21362357,168385,3283620
049056,Northern Local,Perry,2024,11862143,962119,8739116,0,1069216,26074641,26077932,23696385,3283620,5665167
049056,Northern Local,Perry,2025,10999234,2250753,9582156,0,1129051,28532732,28532732,27822040,5665167,6375859
049064,Southern Local,Perry,2020,7725731,848863,922059,0,180512,10604607,10604607,10432051,3879436,4051992
049064,Southern Local,Perry,2021,7760113,862924,950803,0,183589,10745812,10764135,10322654,4051992,4493473
049064,Southern Local,Perry,2022,7264428,1175312,992855,0,188453,10367811,10367811,9626727,4493473,5234557
049064,Southern Local,Perry,2023,7362499,1256039,1049422,0,188158,10686202,10686202,10579811,5234557,5340948
049064,Southern Local,Perry,2024,7696694,1264083,1150709,0,204557,11441598,11441598,10597853,5340948,6184694
049064,Southern Local,Perry,2025,7955301,1128050,1197324,0,216840,11704438,11717810,13020276,6184694,4882228
049080,Logan Elm Local,Pickaway,2020,7785686,333056,6742877,2722868,957929,21868043,22009338,21046724,11841093,12803707
049080,Logan Elm Local,Pickaway,2021,7943627,552268,6874625,2824977,984774,22537145,22962816,22874492,12803707,12892031
049080,Logan Elm Local,Pickaway,2022,7871994,575560,7245345,3108376,1009267,22248772,22402292,21810740,12892031,13483583
049080,Logan Elm Local,Pickaway,2023,7940926,517150,7592000,3402119,1051719,23788331,24114545,23587649,13483583,14010479
049080,Logan Elm Local,Pickaway,2024,7906185,698687,9095752,3390531,1216039,26228542,26587151,25383381,14010479,15214248
049080,Logan Elm Local,Pickaway,2025,8139294,622708,10046198,3783690,1344894,27518082,27612366,35198612,15214248,7628002
049098,Teays Valley Local,Pickaway,2020,20604235,372781,8805231,8123642,1179730,45246032,45324051,45515802,23303879,23112128
049098,Teays Valley Local,Pickaway,2021,20938335,390581,9459268,8400908,1260893,47136734,47813848,47475283,23112128,23450693
049098,Teays Valley Local,Pickaway,2022,20731983,1280786,10131908,9589144,1360423,48886229,48889381,46268232,23450693,26071842
049098,Teays Valley Local,Pickaway,2023,21388651,1350163,10646990,10917178,1393972,51613345,51648696,49812927,26071842,27907611
049098,Teays Valley Local,Pickaway,2024,25035285,1813688,12861092,11481503,1645704,60940183,60946148,58145108,27907611,30708651
049098,Teays Valley Local,Pickaway,2025,25229536,4852719,14864707,12808150,1923087,73209579,73238007,76598260,30708651,27348398
049106,Westfall Local,Pickaway,2020,7328619,18529,4396956,0,689321,17727358,18165399,17442008,17334248,18057639
049106,Westfall Local,Pickaway,2021,7503603,1000,4805764,0,682191,17898406,18247448,19087199,18057639,17217888
049106,Westfall Local,Pickaway,2022,7949339,381221,4922850,0,692707,17930311,18690912,19204675,17217888,16704125
049106,Westfall Local,Pickaway,2023,7940513,511426,4899876,0,687947,17817548,19171094,18510810,16704126,17364409
049106,Westfall Local,Pickaway,2024,7958167,611845,6128347,0,773093,19870894,19884457,20671329,17364409,16577538
049106,Westfall Local,Pickaway,2025,7965071,518364,6754298,0,869614,21483471,21484899,28782814,16577538,9279623
049122,Eastern Local School District,Pike,2020,9116781,878464,1146128,0,190274,12924285,12926986,12649440,7179319,7456865
049122,Eastern Local School District,Pike,2021,9088313,1040349,1175117,0,108185,13145307,13145307,12881565,7456865,7720607
049122,Eastern Local School District,Pike,2022,9270589,1456578,1271582,0,108511,13371509,13371509,12648418,7720607,8443698
049122,Eastern Local School District,Pike,2023,9539140,1522137,1244104,0,0,13325249,13614970,12997414,8443700,9061256
049122,Eastern Local School District,Pike,2024,9596428,1449872,1459334,0,0,13606679,13978586,14765445,9061256,8274397
049122,Eastern Local School District,Pike,2025,9625846,1417665,1538308,0,0,13518738,14026772,16103738,8274397,6197431
049130,Scioto Valley Local,Pike,2020,9102443,1433673,1903666,0,378149,15206248,15532476,16714634,5314759,4132601
049130,Scioto Valley Local,Pike,2021,8983885,1398350,2044500,0,335741,15052003,15450454,16090941,4132601,3492114
049130,Scioto Valley Local,Pike,2022,8844074,1687424,2173027,0,344786,14730453,14887351,14448310,3492114,3931155
049130,Scioto Valley Local,Pike,2023,9034899,1906284,2211532,0,341191,15085900,15326783,16342381,3931155,2915557
049130,Scioto Valley Local,Pike,2024,10075619,1867146,2647709,0,373950,16926192,17508322,18418111,2915557,2005768
049130,Scioto Valley Local,Pike,2025,10070608,1681263,2893888,0,410837,16854399,18388326,18466076,2005768,1928018
049148,Waverly City,Pike,2020,12095710,1965811,3172466,0,623676,20044502,20159345,20459263,7564288,7264370
049148,Waverly City,Pike,2021,12226122,1965793,3506436,0,631402,21048358,21299247,20778895,7264370,7784722
049148,Waverly City,Pike,2022,12455076,2466408,3677239,0,615698,20622621,21656849,21502885,7784722,7938686
049148,Waverly City,Pike,2023,12588878,2280791,3853839,0,568881,20651518,21592157,22863951,7938686,6666892
049148,Waverly City,Pike,2024,12851425,2394578,4425122,0,624224,22053120,24944032,24322234,6666892,7288690
049148,Waverly City,Pike,2025,12611757,2312235,4826029,0,690939,22365226,23598185,24906022,7288690,5980853
049155,Western Local,Pike,2020,8999746,795270,970227,0,173679,11819230,12025546,11624393,6349685,6750838
049155,Western Local,Pike,2021,9013960,795270,990389,0,184294,11766858,12020438,12649256,6750838,6122020
049155,Western Local,Pike,2022,8944933,1132122,1054735,0,182045,12077020,12265553,11209498,6122020,7178075
049155,Western Local,Pike,2023,8614448,1255619,1059640,0,175731,11946385,11996499,11457878,7178075,7716696
049155,Western Local,Pike,2024,9223832,1308310,1191383,0,194013,12943114,12997657,12792140,7716696,7922213
049155,Western Local,Pike,2025,9444655,1195732,1362357,0,205302,13265891,13327186,14803753,7922213,6445646
049171,Aurora City,Portage,2020,4567877,139652,29509123,0,3302128,39946594,40781436,40244452,11995156,12532140
049171,Aurora City,Portage,2021,4948758,144709,29631643,0,3357798,43524276,44475346,44520723,12532140,12486763
049171,Aurora City,Portage,2022,4683123,517006,30541897,0,3402159,41608576,42270737,40765685,12486763,13991815
049171,Aurora City,Portage,2023,4891706,487228,31096107,0,3438443,43051932,43540905,44963272,13991475,12569108
049171,Aurora City,Portage,2024,5144721,554798,34234726,0,3515743,46966467,48224336,46919213,12569108,13874232
049171,Aurora City,Portage,2025,5186464,790178,37937780,0,3663644,51369597,52391275,51630551,13874232,14634955
049189,Crestwood Local,Portage,2020,9977813,151593,6247154,0,1031595,19610614,19867057,20306427,5350346,4910976
049189,Crestwood Local,Portage,2021,10170738,215599,6989926,0,1027180,20774488,20965194,19775310,4910976,6100860
049189,Crestwood Local,Portage,2022,9229606,652134,7020462,0,1087169,20065039,20116681,18587066,6100860,7630475
049189,Crestwood Local,Portage,2023,9280951,585597,7696782,0,1146202,20670778,20854089,20068033,7630481,8416537
049189,Crestwood Local,Portage,2024,9374111,603449,7768152,0,1156095,21232161,21515150,20578743,8416537,9352943
049189,Crestwood Local,Portage,2025,9477279,405563,9057870,0,1311496,22869899,23261699,22799184,9352943,9815459
049197,Field Local,Portage,2020,6545173,119478,12668453,0,1272585,22665099,22840377,21875182,2222170,3187365
049197,Field Local,Portage,2021,6770866,121188,15291214,0,1339186,25549716,25790996,24543941,3187365,4434420
049197,Field Local,Portage,2022,5733870,415884,15458338,0,1346993,23954971,24624417,21438608,4434420,7620229
049197,Field Local,Portage,2023,5820830,423883,16353009,0,1358622,25827176,26139853,23660409,7620228,10099672
049197,Field Local,Portage,2024,5813225,566750,16480150,0,1373259,26409154,28218800,26093316,10099672,12225156
049197,Field Local,Portage,2025,5899309,594675,17163579,0,1432009,27415429,27657409,29558662,12225156,10323903
049205,James A Garfield Local,Portage,2020,6240464,91791,3604895,1747519,567489,14665285,15337351,14937941,1593115,1992525
049205,James A Garfield Local,Portage,2021,6322843,82489,3221182,2523863,503942,15082096,15345059,14920633,1992525,2416951
049205,James A Garfield Local,Portage,2022,7222219,411875,3446353,2875492,530093,15962882,16036569,14276204,2416951,4177316
049205,James A Garfield Local,Portage,2023,7230077,397028,3735569,3275772,552187,16784888,16935744,15709341,4177314,5403717
049205,James A Garfield Local,Portage,2024,7221688,515784,3803981,3234137,564981,16971658,17135561,16352002,5403717,6187275
049205,James A Garfield Local,Portage,2025,7239526,545273,4438592,3485271,649101,17833018,18100036,18459984,6187275,5827327
049213,Rootstown Local,Portage,2020,4817804,147952,5039065,0,767528,13823751,13936997,14700445,3908839,3145391
049213,Rootstown Local,Portage,2021,4893683,156567,5060458,0,762655,14083205,14203514,14831075,3145391,2517830
049213,Rootstown Local,Portage,2022,4042678,378308,5344245,0,795209,13345917,13429432,12737432,2517830,3209830
049213,Rootstown Local,Portage,2023,4056402,328674,5564482,0,826629,13474551,13479133,12594388,3209829,4094574
049213,Rootstown Local,Portage,2024,4057296,402532,5551514,0,829842,13727633,13731803,13225807,4094574,4600570
049213,Rootstown Local,Portage,2025,4240660,458089,6327123,0,933806,14870051,14874422,13879719,4600570,5595273
049221,Southeast Local,Portage,2020,9896050,286937,5608480,0,909217,19408404,19514525,19783574,13560884,13291835
049221,Southeast Local,Portage,2021,10045311,304743,5597830,0,906885,19453670,19773492,19356098,13291835,13709229
049221,Southeast Local,Portage,2022,9530715,727783,6120601,0,946421,19232629,19276097,17934976,13709229,15050350
049221,Southeast Local,Portage,2023,9683153,552474,6403364,0,989547,19816685,19816919,20651516,15050350,14215753
049221,Southeast Local,Portage,2024,9588876,699296,6486418,0,992830,20255950,20282610,21351471,14215753,13146892
049221,Southeast Local,Portage,2025,9574281,781128,7393073,0,1122996,21462813,21274752,22960315,13146892,11461330
049239,Streetsboro City,Portage,2020,5074324,200007,16812568,0,1843879,25338435,25600022,24986161,3156829,3770690
049239,Streetsboro City,Portage,2021,5307601,222113,19274541,0,1639203,27645329,28106690,25563028,3770690,6314352
049239,Streetsboro City,Portage,2022,4918360,502118,19754404,0,1417782,27383624,27635628,25673973,6314352,8276007
049239,Streetsboro City,Portage,2023,4984368,468978,19645004,0,1429802,28728630,33109524,31666491,8276052,9719085
049239,Streetsboro City,Portage,2024,5024678,570135,19919768,0,1456624,29343289,29569504,28260300,9719085,11028290
049239,Streetsboro City,Portage,2025,5155518,434020,20401351,0,1500249,29656379,29778458,30634143,11028290,10172606
049247,Waterloo Local,Portage,2020,5716105,129772,4305174,0,612915,11667084,11861205,12087053,1017070,791222
049247,Waterloo Local,Portage,2021,5809433,138183,4341814,0,612492,11646849,11763351,12233900,791222,320673
049247,Waterloo Local,Portage,2022,4539722,364867,4598033,0,644173,10693255,11025998,10457201,320673,889470
049247,Waterloo Local,Portage,2023,4053598,830517,4791669,0,675023,10748128,11193434,9867743,889470,2215161
049247,Waterloo Local,Portage,2024,4455503,419849,4269251,0,706777,11062362,11142302,11003704,2215161,2353759
049247,Waterloo Local,Portage,2025,4539705,388176,5130460,0,706767,12049088,12240440,11443871,2353759,3150328
049270,National Trail Local,Preble,2020,6393834,115392,3143850,2446685,429699,13384009,13419120,12976903,6451676,6893893
049270,National Trail Local,Preble,2021,6493339,117447,3158715,2532269,432549,13644748,13654221,13316567,6893893,7231547
049270,National Trail Local,Preble,2022,6486197,407136,3099051,2984575,434301,13658382,13777111,13769673,7231547,7238985
049270,National Trail Local,Preble,2023,6543054,425741,3161958,3179948,432689,14378286,14453885,14981869,7238985,6711001
049270,National Trail Local,Preble,2024,7401911,575758,3627500,3237248,473131,16044118,16114512,16018025,6711001,6807488
049270,National Trail Local,Preble,2025,7279689,929640,4071583,3382987,517287,16836670,16868052,17191278,6807488,6484262
049288,Preble Shawnee Local,Preble,2020,7972018,271281,2965222,2102731,495247,14961352,15271988,23543088,15009245,6738145
049288,Preble Shawnee Local,Preble,2021,8080181,271281,3147284,2112550,541952,15498271,15960562,16404193,6738145,6294514
049288,Preble Shawnee Local,Preble,2022,8071490,308391,3176522,2507674,523404,15164302,15385818,15118035,6294514,6562297
049288,Preble Shawnee Local,Preble,2023,8022291,495669,3230018,3931359,523870,16989480,17071265,15878297,6562297,7755265
049288,Preble Shawnee Local,Preble,2024,8947437,575697,3816567,4373476,591879,19319082,19453358,19286043,7755265,7922580
049288,Preble Shawnee Local,Preble,2025,8928274,531185,4291613,4774278,677858,20496050,20667178,24317866,7922580,4271892
049296,Twin Valley Community Local,Preble,2020,4609827,68359,2779243,1911693,374057,10560562,10656020,10502623,6161851,6315248
049296,Twin Valley Community Local,Preble,2021,4602693,68358,2812721,1965838,374854,10758132,10850652,10541274,6315248,6624626
049296,Twin Valley Community Local,Preble,2022,4905150,315261,2831518,2227814,376030,11272757,11297789,10623311,6624626,7299104
049296,Twin Valley Community Local,Preble,2023,5205773,318939,2853434,2491187,377385,11519616,11626178,11274483,7299107,7650802
049296,Twin Valley Community Local,Preble,2024,5759781,412452,3334273,2429699,432008,12625853,12701749,12784644,7650802,7567907
049296,Twin Valley Community Local,Preble,2025,5913143,812788,3737536,2519887,482505,13725935,13916753,13327008,7567907,8157652
049312,Columbus Grove Local,Putnam,2020,5513202,81660,2243497,1452017,331218,10491987,10662488,11116722,6608498,6154264
049312,Columbus Grove Local,Putnam,2021,5526382,54337,2285029,1383651,352698,10407601,10873364,10695748,6154264,6331880
049312,Columbus Grove Local,Putnam,2022,5373865,304932,2313546,1590127,353409,10482269,10772446,10609659,6331880,6494667
049312,Columbus Grove Local,Putnam,2023,5498278,309105,2316400,1862373,353148,11074322,11517840,11513091,6494666,6499415
049312,Columbus Grove Local,Putnam,2024,5703332,354742,2657939,1701387,384306,11942233,12113101,11345113,6499415,7267403
049312,Columbus Grove Local,Putnam,2025,5573783,392506,2958402,1818304,422543,12577932,12760831,15478740,7267403,4549494
049320,Continental Local,Putnam,2020,3798478,41367,1741327,767462,200494,7078761,7226256,7251386,5571425,5546295
049320,Continental Local,Putnam,2021,3868875,41367,1700876,767556,217945,7015432,7099583,6871984,5546295,5773894
049320,Continental Local,Putnam,2022,3355997,199021,1376352,867117,221314,6554602,6797739,6979958,5773894,5591675
049320,Continental Local,Putnam,2023,3235054,493801,1410861,1005352,221808,7126172,7911914,8748314,5591672,4755272
049320,Continental Local,Putnam,2024,4171633,319011,1673995,1034069,248353,8237933,8242586,7873710,4755272,5124148
049320,Continental Local,Putnam,2025,4473765,337721,1920355,1077307,264349,8976735,8976814,10802911,5124148,3298051
049338,Jennings Local,Putnam,2020,2275099,9679,942540,502777,131626,4618684,4634440,4440813,2297708,2491335
049338,Jennings Local,Putnam,2021,2309520,9975,973112,490965,143196,4634672,4657418,4466315,2491335,2682438
049338,Jennings Local,Putnam,2022,2542219,204469,982740,559673,145043,4737666,4741979,4562158,2682438,2862259
049338,Jennings Local,Putnam,2023,2585361,237838,984024,630287,145456,4932312,4933151,4785440,2862257,3009968
049338,Jennings Local,Putnam,2024,2801428,292629,1226605,655846,168956,5585493,5601855,5439480,3009968,3172343
049338,Jennings Local,Putnam,2025,2721053,318455,1359355,662337,193195,5787892,5817487,6314060,3172343,2675770
049346,Kalida Local,Putnam,2020,2837644,51794,1682258,1593018,227418,7276235,7411235,6763508,6709628,7357355
049346,Kalida Local,Putnam,2021,2892772,54916,1760220,1195434,246856,6923941,7050330,6983773,7357355,7423912
049346,Kalida Local,Putnam,2022,3039109,254669,1810054,2099748,243117,8077415,8180632,7431544,7423912,8173000
049346,Kalida Local,Putnam,2023,3273584,257641,1889281,2221225,244727,8750094,9039024,7976508,8173001,9235517
049346,Kalida Local,Putnam,2024,3669940,302284,2163482,1583443,288300,9113950,9429831,10904748,9235517,7760600
049346,Kalida Local,Putnam,2025,3963268,323481,2545635,2212368,330992,10452456,10559713,10821942,7760600,7498371
049353,Leipsic Local,Putnam,2020,4248709,170249,2285769,431187,305059,7920146,8541028,8481870,6026105,6085263
049353,Leipsic Local,Putnam,2021,4297225,158773,2406908,446808,305127,8150762,8827684,8649861,6085263,6263086
049353,Leipsic Local,Putnam,2022,4505944,331360,2533933,491072,278167,8279009,9059734,8755871,6263086,6566949
049353,Leipsic Local,Putnam,2023,4863363,418258,2519748,554403,263750,8874327,9343883,8861364,6566950,7049469
049353,Leipsic Local,Putnam,2024,5718660,531080,2829720,557544,284023,10408610,11278599,8934290,7049469,9393778
049353,Leipsic Local,Putnam,2025,6174685,593179,2982006,590340,303080,11204317,11847888,15340654,9393778,5901012
049361,Miller City-New Cleveland Local,Putnam,2020,3025531,74106,1247766,754532,149910,6163992,6629047,6164314,4869119,5333852
049361,Miller City-New Cleveland Local,Putnam,2021,3122234,77320,1247586,791970,166482,6277800,6583732,6134764,5333852,5782820
049361,Miller City-New Cleveland Local,Putnam,2022,3684065,200331,1248153,862601,168902,6676559,7141788,6562265,5782820,6362343
049361,Miller City-New Cleveland Local,Putnam,2023,4086546,377567,1270447,995922,170512,7062544,7568414,6802630,6362345,7128129
049361,Miller City-New Cleveland Local,Putnam,2024,4920069,518689,1515135,1026578,193387,8608780,9195750,7553303,7128129,8770576
049361,Miller City-New Cleveland Local,Putnam,2025,5249808,546834,1673386,1114728,216325,9632938,10419620,13247361,8770576,5942835
049379,Ottawa-Glandorf Local,Putnam,2020,6203147,100559,4261853,3636120,580393,16289318,16444230,15839111,1758888,2364007
049379,Ottawa-Glandorf Local,Putnam,2021,6388846,102447,4449855,4554349,637868,17305625,17494646,15783601,2364007,4075052
049379,Ottawa-Glandorf Local,Putnam,2022,6300780,389440,4679793,5159861,653305,18189842,18409186,16249173,4075052,6235065
049379,Ottawa-Glandorf Local,Putnam,2023,6441660,412105,4731894,5426288,650074,18929421,18972622,17398166,6235065,7809521
049379,Ottawa-Glandorf Local,Putnam,2024,7001593,563385,5481972,5180863,732993,20433091,20437347,17828701,7809521,10418167
049379,Ottawa-Glandorf Local,Putnam,2025,6918771,513962,6064736,5931714,819946,22013859,22017828,24140814,10418167,8295181
049387,Ottoville Local,Putnam,2020,2406149,4761,1445769,650022,189466,5318299,5320254,5587025,4982385,4715614
049387,Ottoville Local,Putnam,2021,2453283,4761,1444834,673014,205703,5457024,5457074,5469936,4715614,4702752
049387,Ottoville Local,Putnam,2022,2725358,186593,1458932,742265,206960,5684372,5684383,5857536,4702752,4529599
049387,Ottoville Local,Putnam,2023,2985335,218931,1479014,785572,206389,6172678,6182551,5718712,4529599,4993438
049387,Ottoville Local,Putnam,2024,3495379,275120,1827884,899312,238726,7402478,7632971,6517219,4993438,6109190
049387,Ottoville Local,Putnam,2025,3637285,309949,2037209,931906,272126,7894512,7897621,9865859,6109190,4140952
049395,Pandora-Gilboa Local,Putnam,2020,3230569,46127,1873270,1596139,239586,7722774,7749848,7933650,6907932,6724130
049395,Pandora-Gilboa Local,Putnam,2021,3336645,46127,1872550,1735269,268519,7878602,8013126,7983713,6724130,6753543
049395,Pandora-Gilboa Local,Putnam,2022,3433257,146911,1874646,1884161,272147,8100102,8131819,7518044,6753543,7367318
049395,Pandora-Gilboa Local,Putnam,2023,3534824,246368,1865046,2206867,271776,8783796,8797468,7743346,7367316,8421438
049395,Pandora-Gilboa Local,Putnam,2024,4059688,323258,2239973,2146194,304100,10076647,10112088,8195609,8421438,10337917
049395,Pandora-Gilboa Local,Putnam,2025,4153317,335301,2538859,2493214,339747,10828874,10834643,16023910,10337917,5148650
049411,Clear Fork Valley Local,Richland,2020,8008156,199274,3515051,2277678,561567,17622717,17887371,18212574,3525709,3200506
049411,Clear Fork Valley Local,Richland,2021,8181833,199266,3757102,2306431,580853,18222416,18440962,18006217,3200506,3635251
049411,Clear Fork Valley Local,Richland,2022,8418194,556588,3918025,2439318,602888,18335007,18397303,17211577,3635251,4820977
049411,Clear Fork Valley Local,Richland,2023,8379547,567862,3932511,2684298,623843,18883695,18946885,18283784,4820976,5484077
049411,Clear Fork Valley Local,Richland,2024,8889985,610753,4634381,2723874,695160,20654159,20957946,19735773,5484077,6706250
049411,Clear Fork Valley Local,Richland,2025,8438390,581728,5164104,2958439,781405,21279906,21372335,20878568,6706250,7200017
049429,Crestview Local,Richland,2020,7451613,95253,2423431,0,372963,13765272,13932949,12056071,7202275,9079153
049429,Crestview Local,Richland,2021,7544285,109752,2494869,0,379203,14540783,14657690,12362361,9079153,11374482
049429,Crestview Local,Richland,2022,7126506,371782,2543054,0,380989,13752960,13802283,12551006,11374482,12625759
049429,Crestview Local,Richland,2023,7108904,386852,2520473,0,381559,13913680,14280283,13986910,12410760,12704133
049429,Crestview Local,Richland,2024,7063671,414970,3018436,0,431386,14985538,17191022,15152344,12704133,14742811
049429,Crestview Local,Richland,2025,7096198,422251,3284396,0,485655,15686108,15790200,23751503,14742811,6781508
049437,Lexington Local,Richland,2020,10172461,145714,10822283,0,1702234,24330032,24492644,24778119,9513318,9227843
049437,Lexington Local,Richland,2021,10449573,123352,11292852,0,1724714,25032301,25435042,24427221,9227843,10235664
049437,Lexington Local,Richland,2022,8920072,250324,11602669,0,1755341,23955323,23986205,23863602,10235664,10358267
049437,Lexington Local,Richland,2023,8744954,553744,11726479,0,1756076,24379728,24404763,25816345,10358272,8946690
049437,Lexington Local,Richland,2024,9849583,734007,13082700,0,1891037,27651652,27673387,28180208,8946690,8439869
049437,Lexington Local,Richland,2025,9480396,808928,13936432,0,2045678,28489622,28490267,29967144,8439869,6962992
049445,Lucas Local,Richland,2020,2703290,32094,1821917,0,316432,7792277,7860016,6787117,8836115,9909014
049445,Lucas Local,Richland,2021,2758775,32093,1774732,0,309617,8104537,8273862,7586561,9909014,10596315
049445,Lucas Local,Richland,2022,2794301,217237,1851086,0,311166,7971474,8070196,7179476,10596315,11487035
049445,Lucas Local,Richland,2023,2816221,211154,1838531,0,306890,8791643,8805491,7358962,11487034,12933563
049445,Lucas Local,Richland,2024,2840640,235742,2145313,0,336660,9823070,9880104,8023150,12933563,14790517
049445,Lucas Local,Richland,2025,2839635,259372,2354070,0,369629,10265882,10313404,20815294,14790517,4288627
049452,Madison Local,Richland,2020,17717074,1545375,9425875,0,2465279,34692077,34924401,35425248,7030148,6529301
049452,Madison Local,Richland,2021,17960616,1545371,9865381,0,2241868,35404951,36293602,36290552,6529301,6532351
049452,Madison Local,Richland,2022,15195673,2150013,9880313,0,2022915,32175996,32569230,34091738,6532351,5009843
049452,Madison Local,Richland,2023,16168095,2087213,10013973,0,1828073,33211788,33349086,36469264,5009840,1889662
049452,Madison Local,Richland,2024,17281461,2395391,11897123,0,1667625,37319474,37572423,37728020,1889662,1734065
049452,Madison Local,Richland,2025,17554923,2191183,12950445,0,1532062,38922577,39067202,40561151,1734065,240116
049460,Plymouth-Shiloh Local,Richland,2020,5059120,186032,1816100,942903,289063,9637441,9772962,9916249,5733243,5589956
049460,Plymouth-Shiloh Local,Richland,2021,5132081,186031,1667091,1009587,286152,9781547,9888022,10098693,5589956,5379285
049460,Plymouth-Shiloh Local,Richland,2022,5378876,442737,1786051,1205904,286258,9828943,9841879,9784589,5379285,5436575
049460,Plymouth-Shiloh Local,Richland,2023,5556722,479438,1816100,1377439,284520,10056502,10066868,9986667,5436570,5516771
049460,Plymouth-Shiloh Local,Richland,2024,6068109,548367,2058961,1430409,302377,11339750,11340205,10573359,5516771,6283617
049460,Plymouth-Shiloh Local,Richland,2025,6233160,565183,2236755,1427064,330861,11765178,11785172,13993707,6283617,4075082
049478,Ontario Local,Richland,2020,3400666,56977,9682283,0,1436511,17999608,18005258,18236648,4425983,4194593
049478,Ontario Local,Richland,2021,3521874,56977,11198758,0,1254545,19532214,19539993,18604591,4194593,5129995
049478,Ontario Local,Richland,2022,5411724,310966,11246953,0,1162609,19227887,19231012,17221432,5129995,7139575
049478,Ontario Local,Richland,2023,5880452,385590,11447364,0,1136142,20046171,20048936,18563671,7139575,8624840
049478,Ontario Local,Richland,2024,6795926,584571,12275113,0,1230529,22295286,22303044,20827113,8624840,10100771
049478,Ontario Local,Richland,2025,7367591,662684,13072252,0,1338302,24069311,24075429,23457031,10100771,10719169
049494,Adena Local,Ross,2020,8299215,177508,2475493,9044,368479,13119017,13411094,12665127,5901239,6647206
049494,Adena Local,Ross,2021,8411469,177508,2609172,4581,385439,13170180,13760936,12770479,6647206,7637663
049494,Adena Local,Ross,2022,8589709,471011,2551090,3821,388004,13085883,13581861,13628464,7637663,7591060
049494,Adena Local,Ross,2023,8640983,483782,2910763,4518,423194,14144709,14741728,13915600,7591063,8417190
049494,Adena Local,Ross,2024,8514215,631683,3234743,2971,465122,14479570,14816024,14745098,8417190,8488116
049494,Adena Local,Ross,2025,8486658,578904,3219301,5369,480437,14445056,15081175,15250184,8488116,8319107
049502,Huntington Local,Ross,2020,12293329,1033709,1192145,0,223802,16902653,17578149,15807747,11301040,13071442
049502,Huntington Local,Ross,2021,12338989,1017546,1272192,0,230989,16810550,17312247,16467146,13071442,13916543
049502,Huntington Local,Ross,2022,12618142,1503603,1215747,0,233366,16384547,17377779,15902492,13916543,15391830
049502,Huntington Local,Ross,2023,12415034,2006403,1481780,0,251014,17491668,17538194,17662959,15391141,15266376
049502,Huntington Local,Ross,2024,12596916,2426592,1938463,0,289796,18225182,18295674,21277504,15266376,12284546
049502,Huntington Local,Ross,2025,12788775,1507553,1706178,0,51191,17011026,17045796,18147758,12284546,11182584
049510,Paint Valley Local,Ross,2020,6708736,833253,1745738,0,291181,10957001,11317130,4704304,-3181915,3430911
049510,Paint Valley Local,Ross,2021,6795466,833253,1821939,0,301110,11047987,11532231,4850642,3430911,10112500
049510,Paint Valley Local,Ross,2022,6693412,1073639,1727026,0,302161,10667984,11094540,4416587,10112500,16790453
049510,Paint Valley Local,Ross,2023,6732720,1091938,1940795,0,322797,10883090,11168291,11391616,3512410,3289085
049510,Paint Valley Local,Ross,2024,7200063,805268,2237327,0,350581,11525826,11781420,12601548,3289085,2468958
049510,Paint Valley Local,Ross,2025,7032368,1163487,2159619,0,370444,11343363,13033467,12261977,2468958,3240448
049528,Southeastern Local,Ross,2020,9103541,53610,2010823,3991,281212,13450546,13451377,13061344,12821389,13211422
049528,Southeastern Local,Ross,2021,9180490,54355,2106263,2317,285695,13575186,13578569,13428801,13211422,13361190
049528,Southeastern Local,Ross,2022,9365565,50735,2075198,2177,284245,13111418,13111418,13424750,13361190,13047858
049528,Southeastern Local,Ross,2023,9566875,57653,2002465,2602,310080,14092925,14093031,13746222,13047860,13394669
049528,Southeastern Local,Ross,2024,9536600,355977,2157175,3119,334029,14266951,14266951,13542937,13394669,14118683
049528,Southeastern Local,Ross,2025,9661847,360200,2100125,13056,340688,14504857,14505249,15385771,14118683,13238160
049536,Union-Scioto Local,Ross,2020,10181832,423180,3677226,1619168,560583,22427423,22427423,22898544,10126529,9655408
049536,Union-Scioto Local,Ross,2021,10378833,434784,3831324,1483293,584840,22489613,22699390,23005553,9655408,9349245
049536,Union-Scioto Local,Ross,2022,12036928,1015451,3892464,1798690,590127,21461809,21478642,22162664,9349245,8665223
049536,Union-Scioto Local,Ross,2023,12055860,975424,4544722,1924681,647071,22712356,22712484,23196766,8665222,8180940
049536,Union-Scioto Local,Ross,2024,12916155,1173300,4866632,1825448,735679,23960025,23960025,24902518,8180940,7238448
049536,Union-Scioto Local,Ross,2025,13179995,2295397,4858391,1961638,732546,26232948,26232948,26917939,7238448,6553456
049544,Zane Trace Local,Ross,2020,5818400,127448,4041695,1750594,532067,14801614,15526673,15480532,3850841,3896982
049544,Zane Trace Local,Ross,2021,6040168,150931,4230471,1690432,548372,15261540,15945217,16009223,3896982,3832977
049544,Zane Trace Local,Ross,2022,5918960,388503,4188336,1884336,551848,14692062,15266412,14319748,3832977,4779641
049544,Zane Trace Local,Ross,2023,5882124,372783,4910363,2035525,601440,15544889,15912866,15729233,4779642,4963274
049544,Zane Trace Local,Ross,2024,5997785,469611,4811223,1878190,666037,15633410,15916042,17300999,4963274,3578316
049544,Zane Trace Local,Ross,2025,5673784,1155042,4943157,2071273,678085,16594648,18412382,17861352,3578316,4129346
049569,Lakota Local,Sandusky,2020,5462135,116830,3723837,2600026,473324,13967141,13967141,13093778,6894211,7767574
049569,Lakota Local,Sandusky,2021,5604497,117659,3872581,2502714,475824,14075360,14210287,13749425,7767574,8228436
049569,Lakota Local,Sandusky,2022,5691790,343828,3987402,2762881,477997,13816845,13821515,13333758,8228436,8716193
049569,Lakota Local,Sandusky,2023,5689834,347875,4303483,3159179,479756,14814118,14816643,14126861,8767248,9457030
049569,Lakota Local,Sandusky,2024,5822284,442802,4541627,3197495,497842,15739315,15788138,15726048,9457030,9519120
049569,Lakota Local,Sandusky,2025,5750286,387256,5011313,3339141,555143,15884921,15887824,18133180,9519120,7273764
049577,Woodmore Local,Sandusky,2020,4727785,27948,4012738,0,605359,11606116,11921479,12039772,2199159,2080866
049577,Woodmore Local,Sandusky,2021,4816604,27948,3936686,0,570201,12143108,12505929,11714224,2080866,2872571
049577,Woodmore Local,Sandusky,2022,4543486,245120,4122109,0,584897,11865731,12368691,11270157,2872571,3971105
049577,Woodmore Local,Sandusky,2023,4562275,222995,4306791,0,595154,11943835,11980472,11135464,3971104,4816112
049577,Woodmore Local,Sandusky,2024,4563496,293583,4283283,0,594223,12175160,12183683,11354415,4816112,5645380
049577,Woodmore Local,Sandusky,2025,4806532,262640,4839449,0,667789,14349670,14366722,14708120,5645380,5303982
049593,Bloom-Vernon Local,Scioto,2020,8425327,139533,1552164,0,209104,11984884,12004855,11594450,7466438,7876843
049593,Bloom-Vernon Local,Scioto,2021,8509572,139533,1727363,0,216374,12170948,12210518,10907133,7876843,9180228
049593,Bloom-Vernon Local,Scioto,2022,8533173,457836,1695986,0,216799,11351022,11355445,10794280,9180228,9741393
049593,Bloom-Vernon Local,Scioto,2023,8571776,460213,1223852,0,225992,11469916,11846785,12928468,9741392,8659709
049593,Bloom-Vernon Local,Scioto,2024,8903767,557194,1270067,0,235116,11950920,11977246,12378340,8659709,8258615
049593,Bloom-Vernon Local,Scioto,2025,9132921,1030524,1321726,0,237910,12867891,12884470,15716063,8258615,5427022
049601,Clay Local,Scioto,2020,3765528,143545,1049780,0,162919,7246508,7252768,7409265,2524287,2367790
049601,Clay Local,Scioto,2021,3914229,143842,1061179,0,162773,7357182,7378758,7070124,2367790,2676424
049601,Clay Local,Scioto,2022,4339602,424506,1307016,0,161822,7283280,7368467,7398701,2676424,2646190
049601,Clay Local,Scioto,2023,5209962,477325,1429700,0,169275,7631677,8128741,7598808,2646185,3176118
049601,Clay Local,Scioto,2024,5794434,550149,1660837,0,178259,8550524,8699946,8878817,3176118,2997247
049601,Clay Local,Scioto,2025,6337949,545661,1646713,0,181167,9194924,9685528,9467742,2997247,3215034
049619,Green Local,Scioto,2020,4641975,163274,1575180,0,188475,7457791,7562600,7681000,3533394,3414994
049619,Green Local,Scioto,2021,4703592,163603,1762995,0,207125,7640821,7768998,8138299,3414994,3045693
049619,Green Local,Scioto,2022,4554345,237138,1812899,0,206699,7330025,7429748,6872714,3045693,3602727
049627,Minford Local,Scioto,2020,11524269,209230,2098264,0,354394,16230724,17120797,17305758,1347041,1162080
049627,Minford Local,Scioto,2021,11632561,215529,2229845,0,361252,16455318,16503404,15844684,1162080,1820800
049627,Minford Local,Scioto,2022,12139566,598364,2059897,0,646263,15849347,15927271,14747064,1820800,3001007
049627,Minford Local,Scioto,2023,11538948,587041,2222656,0,376323,16070419,16077207,15743556,3001010,3334661
049627,Minford Local,Scioto,2024,11538145,641075,2240720,0,396078,15857527,15874585,16422199,3334661,2787048
049627,Minford Local,Scioto,2025,11348487,1233371,2327289,0,435484,16352186,16440062,17016307,2787048,2210803
049635,Northwest Local,Scioto,2020,15385317,733828,1897892,0,373482,19967316,20198954,21416753,6834236,5616437
049635,Northwest Local,Scioto,2021,15474442,736748,2036626,0,359046,20109564,20442336,19609821,5616437,6448952
049635,Northwest Local,Scioto,2022,14442956,1112254,2062136,0,361224,18942220,19400665,19355364,6448952,6494253
049635,Northwest Local,Scioto,2023,14369731,1128723,2274065,0,382028,19132736,19299227,18963332,6494255,6830150
049635,Northwest Local,Scioto,2024,14412949,1315873,2340925,0,401626,19918377,19965459,20607190,6830150,6188420
049635,Northwest Local,Scioto,2025,14243555,1543087,2462072,0,406389,19844950,19878874,21142420,6188420,4924874
049643,Valley Local,Scioto,2020,9038407,190063,1327669,0,245745,13740526,13740526,11807854,11715400,13648072
049643,Valley Local,Scioto,2021,9120615,191551,1380369,0,248747,13995360,13995360,12040732,13648072,15602700
049643,Valley Local,Scioto,2022,9887643,575820,1403891,0,317439,14037312,14274210,13347124,15602700,16529786
049643,Valley Local,Scioto,2023,10631854,522991,1675065,0,255796,14092186,14378829,13213210,16344787,17510406
049643,Valley Local,Scioto,2024,10615449,600416,1785615,0,267292,14941352,14948772,13735124,17510406,18724054
049643,Valley Local,Scioto,2025,10632327,602468,1741240,0,271207,14959223,14959997,17931031,18724054,15753020
049650,Washington-Nile Local,Scioto,2020,13574815,1075266,1681303,0,326499,18351763,18373543,18081369,7543589,7835763
049650,Washington-Nile Local,Scioto,2021,13826684,1075264,1875552,0,333857,18960726,18971755,18595350,7835763,8212168
049650,Washington-Nile Local,Scioto,2022,14210434,1487781,1882908,0,329942,18306466,18398801,17665237,8212168,8945732
049650,Washington-Nile Local,Scioto,2023,14552075,1185103,2134370,0,340739,18661696,18673543,18658375,8945731,8960899
049650,Washington-Nile Local,Scioto,2024,14346921,1754605,2239919,0,357080,19423423,19672160,21243185,8960899,7389874
049650,Washington-Nile Local,Scioto,2025,14141101,1505736,2331335,0,360024,19378433,19606888,20566165,7389874,6430597
049668,Wheelersburg Local,Scioto,2020,7157304,134158,3590798,0,398539,13898209,14093281,14007973,1351902,1437210
049668,Wheelersburg Local,Scioto,2021,7270608,133857,3927055,0,411392,14613657,14758283,13722652,1437210,2472841
049668,Wheelersburg Local,Scioto,2022,8711186,487806,3888870,0,409688,13802166,13949544,13187176,2472841,3235209
049668,Wheelersburg Local,Scioto,2023,9062610,489804,3925470,0,423831,14322029,14877231,14946684,3235209,3165756
049668,Wheelersburg Local,Scioto,2024,10141924,601484,4191396,0,447823,16020580,16584590,16180271,3165756,3570074
049668,Wheelersburg Local,Scioto,2025,10754559,631009,3355478,0,450447,16641851,17112116,17403693,3570074,3278497
049684,Seneca East Local,Seneca,2020,4638292,69772,3246023,1251713,411994,10740122,10790088,11038848,4102030,3853270
049684,Seneca East Local,Seneca,2021,4683071,69771,3427209,1246042,415132,11076681,11154743,10549161,3853270,4458852
049684,Seneca East Local,Seneca,2022,5047449,297185,3355910,1417945,415158,10941936,10953861,10264093,4458852,5148620
049684,Seneca East Local,Seneca,2023,5137268,302416,3463911,1594679,411178,11178237,11354854,11216866,5148623,5286611
049684,Seneca East Local,Seneca,2024,5627247,391134,3801080,1720504,429257,12585027,12617689,11706714,5286611,6197586
049684,Seneca East Local,Seneca,2025,5582034,420936,4171105,1779990,462139,13137138,13813514,14748270,6197586,5262830
049700,Hopewell-Loudon Local,Seneca,2020,3236192,17805,2635640,536120,357328,11513869,11738803,9673827,3596363,5661339
049700,Hopewell-Loudon Local,Seneca,2021,3205866,17562,2687840,519994,351690,11683664,11683664,15390099,5661339,1954904
049700,Hopewell-Loudon Local,Seneca,2022,3541785,98444,2721217,564349,348608,10514760,10514760,10238762,1954904,2230902
049700,Hopewell-Loudon Local,Seneca,2023,3971216,42998,2614919,638789,338879,10585919,10588270,9717763,2230902,3101409
049700,Hopewell-Loudon Local,Seneca,2024,3817357,190096,3027296,589858,380842,11241706,11241256,9289813,3101409,5052852
049700,Hopewell-Loudon Local,Seneca,2025,4074721,233112,3305157,652331,415798,11940498,11940498,11401557,5052852,5591793
049718,New Riegel Local,Seneca,2020,2331344,0,1160999,775159,140387,5553001,5553001,5116084,2477391,2914308
049718,New Riegel Local,Seneca,2021,2369881,0,1248328,809428,141876,5659094,5659094,5472624,2914308,3100778
049718,New Riegel Local,Seneca,2022,3291833,0,1230755,914943,141720,5933807,5933807,5593910,3100778,3440675
049718,New Riegel Local,Seneca,2023,2972332,264202,1233959,900791,141694,5878473,5936073,5888946,3409332,3456459
049718,New Riegel Local,Seneca,2024,3305849,344708,1424166,991829,158598,6619313,6677684,6277864,3456459,3856279
049718,New Riegel Local,Seneca,2025,3255382,340037,1554939,1010564,175052,6774209,6838384,6869999,3856279,3824664
049726,Old Fort Local,Seneca,2020,2961155,38985,1753706,864468,238566,8273487,8283948,7812738,3353152,3824362
049726,Old Fort Local,Seneca,2021,3045061,38983,1797591,864945,240539,8555404,8694340,8261270,3824362,4257431
049726,Old Fort Local,Seneca,2022,4211626,292122,1735218,916089,238339,8608959,8629543,8532452,4257431,4354522
049726,Old Fort Local,Seneca,2023,4476052,304193,1763114,1038410,236977,9067602,9089368,9929466,4366741,3526643
049726,Old Fort Local,Seneca,2024,5278571,312502,2035806,1004730,253130,10662346,10675280,9970700,3526643,4231223
049726,Old Fort Local,Seneca,2025,5402135,420133,2105917,1078633,272072,10864157,10873614,11314118,4231223,3790719
049759,Anna Local,Shelby,2020,5398478,112931,3346942,2588500,431436,13537204,13584182,13324101,9734925,9995006
049759,Anna Local,Shelby,2021,5513774,72931,3476094,2522793,426672,13755708,14006324,13226492,9995006,10774838
049759,Anna Local,Shelby,2022,6182687,374670,3540935,3053065,462436,14116988,14157015,13822925,10774838,11108928
049759,Anna Local,Shelby,2023,6154159,384572,3580613,3594110,466035,14706773,14906852,14051983,11108928,11963797
049759,Anna Local,Shelby,2024,6670238,447728,4610451,3320974,536295,16409888,16470276,18105218,11963797,10328855
049759,Anna Local,Shelby,2025,6490156,420544,4674600,3535077,608529,16873147,16914582,20608591,10328855,6634846
049767,Botkins Local,Shelby,2020,2693996,30056,1119519,744203,150276,6675147,6744038,6990225,5482993,5236806
049767,Botkins Local,Shelby,2021,2747515,33263,1128409,707238,152632,6668170,6731892,7215412,5236806,4753286
049767,Botkins Local,Shelby,2022,4577400,335183,1173820,783219,154052,7534910,7587540,7428036,4753286,4912790
049767,Botkins Local,Shelby,2023,4794882,370100,1151412,830987,153210,7769894,7820240,7694567,4912788,5038461
049767,Botkins Local,Shelby,2024,5538493,483074,1412614,861819,179119,9172714,9221063,8858773,5038461,5400751
049767,Botkins Local,Shelby,2025,5958664,459808,1564224,888391,207081,9744383,10517166,12725755,5400751,3192162
049775,Fairlawn Local,Shelby,2020,2540693,0,1415231,424794,187739,6558611,6558611,6668232,6470558,6360937
049775,Fairlawn Local,Shelby,2021,2556471,0,1410450,421214,186645,6473296,6473296,6491800,6360937,6342433
049775,Fairlawn Local,Shelby,2022,4343108,295715,1414331,463896,185769,7620573,7620573,6493511,6342433,7469495
049775,Fairlawn Local,Shelby,2023,4401274,301156,1447213,519776,185579,7664240,7664240,6841993,7469495,8291742
049775,Fairlawn Local,Shelby,2024,4883684,355793,1686594,482835,206645,8481012,8481012,7699032,8291742,9073722
049775,Fairlawn Local,Shelby,2025,4937791,380310,1843833,539753,226984,8796807,8796807,13793768,9073722,4139268
049783,Fort Loramie Local,Shelby,2020,4397492,25828,2189270,2320983,292997,9595902,9622639,9250913,7179036,7550762
049783,Fort Loramie Local,Shelby,2021,4486345,19410,2276356,2258576,304123,9604138,9681973,9284448,7550762,7948287
049783,Fort Loramie Local,Shelby,2022,4383035,169568,2348801,2567531,313555,10035806,10072623,9757096,7948287,8263814
049783,Fort Loramie Local,Shelby,2023,4344478,299745,2393999,2805298,316553,10845975,10865030,10092730,9665378,10437678
049783,Fort Loramie Local,Shelby,2024,4745317,382198,2797154,2484327,347213,11705232,11722982,10794520,10437678,11366139
049783,Fort Loramie Local,Shelby,2025,4774846,362980,3148937,2883830,419473,12553388,12599228,15294572,11366139,8670795
049791,Hardin-Houston Local,Shelby,2020,5303978,40232,2099938,618461,306116,9933444,9998211,10124938,6185894,6059167
049791,Hardin-Houston Local,Shelby,2021,5398254,39634,2140228,605987,309011,10362354,10401503,10273011,6059167,6187659
049791,Hardin-Houston Local,Shelby,2022,5499272,320038,2144680,701516,307842,9531893,9564038,9582995,6187659,6168702
049791,Hardin-Houston Local,Shelby,2023,5561743,325196,2173996,760108,307079,9715744,9738395,9754476,6168702,6152620
049791,Hardin-Houston Local,Shelby,2024,6011090,378182,2647663,769793,357106,10921446,10952723,10895337,6152620,6210007
049791,Hardin-Houston Local,Shelby,2025,5935937,423702,2994827,837298,408562,11358222,11379199,13434993,6210007,4154213
049809,Jackson Center Local,Shelby,2020,3077576,138278,1522517,914310,183870,6956503,6956503,6039012,2021817,2939308
049809,Jackson Center Local,Shelby,2021,3132631,237019,1534811,908801,184739,7150128,7150128,6382801,2939308,3706635
049809,Jackson Center Local,Shelby,2022,3359376,164748,1533822,1023625,184122,6956257,6956257,6139265,3706635,4523627
049809,Jackson Center Local,Shelby,2023,3666137,188409,1576239,1117392,189441,7403168,7403168,6371283,4170657,5202542
049809,Jackson Center Local,Shelby,2024,4235899,232626,1909327,1114306,212962,8443694,8443694,7806075,5202542,5840161
049809,Jackson Center Local,Shelby,2025,4353407,245149,2040827,1228442,240685,9072589,9072589,10056695,5840161,4856055
049817,Russia Local,Shelby,2020,2324371,31398,968805,510975,120451,4727845,4761045,4497174,3563339,3827210
049817,Russia Local,Shelby,2021,2335955,23279,977892,460204,124253,4701011,4729173,4673071,3827210,3883312
049817,Russia Local,Shelby,2022,2777481,251784,1041343,590018,127397,5082784,5095948,4886274,3883312,4092986
049817,Russia Local,Shelby,2023,2822235,279764,1043081,689451,128550,5410302,5418118,5179231,4092997,4331884
049817,Russia Local,Shelby,2024,3240882,363718,1231769,711081,149177,6271664,6273566,5286941,4331884,5318509
049817,Russia Local,Shelby,2025,3213758,391654,1363205,839343,169623,6710912,6712238,8776915,5318509,3253831
049833,Canton Local,Stark,2020,8260361,1377923,6028232,0,2216226,27229403,27229403,27046980,9295708,9478131
049833,Canton Local,Stark,2021,8503173,1377913,6162959,0,2012626,27260289,27260289,26803084,9478131,9935336
049833,Canton Local,Stark,2022,8438022,1750400,6344137,0,1807993,27275886,27275886,24499165,9935336,12712057
049833,Canton Local,Stark,2023,7468739,2007801,6330603,0,1592067,27931090,27931090,26620252,12712053,14022891
049833,Canton Local,Stark,2024,8044728,2038022,6296300,0,1407419,29313327,29313327,27636035,14022891,15700183
049833,Canton Local,Stark,2025,8129075,2392287,7095403,0,1293219,30693583,30693583,37489986,15700183,8903780
049841,Fairless Local,Stark,2020,8416940,149993,5162291,0,888113,19262593,19262593,18706317,9795281,10351557
049841,Fairless Local,Stark,2021,8554273,148339,5196642,0,849754,19857675,19857675,19772668,10351557,10436564
049841,Fairless Local,Stark,2022,8265640,469988,5821106,0,878284,18906223,19887553,22343166,10436564,7980951
049841,Fairless Local,Stark,2023,8275079,432461,6070583,0,896434,19958804,21796465,19532401,7980955,10245019
049841,Fairless Local,Stark,2024,8223889,456322,6215903,0,909390,20566575,22938408,21106241,10245019,12077186
049841,Fairless Local,Stark,2025,8333660,390442,7406469,0,1038336,21899407,22202355,28274647,12077186,6004894
049858,Jackson Local,Stark,2020,7363693,163648,40466010,0,4764893,58547615,58981044,56784797,22438567,24634814
049858,Jackson Local,Stark,2021,7812657,163648,41572270,0,4714439,59632544,60474832,59869869,24634814,25239777
049858,Jackson Local,Stark,2022,6849801,510206,44681056,0,4898742,62366284,62464090,61762529,25239777,25941338
049858,Jackson Local,Stark,2023,7235429,477887,45937872,0,5114803,65541541,67084438,66353876,25922117,26652679
049858,Jackson Local,Stark,2024,8037619,825143,45685086,0,5166586,67551705,69100327,72872862,26652679,22880145
049858,Jackson Local,Stark,2025,7675018,751493,51483094,0,5656535,72933259,73467963,76770833,22880145,19577275
049866,Lake Local,Stark,2020,16535091,371291,14170915,0,2021984,34714300,34902980,35306485,13735727,13332222
049866,Lake Local,Stark,2021,16889794,356277,13950893,0,2027705,35358151,35755092,34839896,13332222,14247418
049866,Lake Local,Stark,2022,15829108,1095358,14361620,0,2036556,35776217,35821362,36279152,14247418,13789628
049866,Lake Local,Stark,2023,16000716,1082045,14586672,0,2046424,36179097,36188113,38908700,13789627,11069040
049866,Lake Local,Stark,2024,16488646,1367307,14630399,0,2064419,37190289,37192184,39313616,11069040,8947608
049866,Lake Local,Stark,2025,16287161,1387114,18536423,0,2172625,42245950,42247504,41071914,8947608,10123198
049874,Louisville City,Stark,2020,13951414,282139,8648693,0,1326891,26772698,26958551,27046438,5728942,5641055
049874,Louisville City,Stark,2021,14298341,283106,8705519,0,1330482,27586557,28074167,26533742,5641055,7181480
049874,Louisville City,Stark,2022,14108288,971032,10225476,0,1423387,28890994,29061991,28087810,7181480,8155661
049874,Louisville City,Stark,2023,14199022,928725,11876385,0,1509868,30857956,30922207,30800788,8155661,8277080
049874,Louisville City,Stark,2024,14615596,1137819,11995013,0,555310,32251466,32341386,32095297,8277080,8523170
049874,Louisville City,Stark,2025,14900252,2811697,13610157,0,1673785,36368986,36416107,35496664,8523170,9442613
049882,Marlington Local,Stark,2020,8747369,354296,9885239,0,1030889,23867595,24131569,24530714,7110529,6711384
049882,Marlington Local,Stark,2021,9003020,354296,8635916,0,1033209,24416513,25299696,24061675,6711384,7949405
049882,Marlington Local,Stark,2022,9875321,679233,8858690,0,1043613,24105342,24244179,24218677,7949405,7974907
049882,Marlington Local,Stark,2023,10024305,759551,8893753,0,1050959,24455796,24557188,25133903,7974907,7398192
049882,Marlington Local,Stark,2024,10086335,850501,9017158,0,1059106,25006869,25150726,25407552,7398192,7141366
049882,Marlington Local,Stark,2025,9014769,1891957,10213555,0,1185249,28892097,29012119,29924184,7141366,6229301
049890,Minerva Local,Stark,2020,10648436,484510,6243981,0,838122,20110445,20110445,19225318,12696445,13581572
049890,Minerva Local,Stark,2021,10814806,452258,6605074,0,815002,20654215,20654215,19772533,13581572,14463254
049890,Minerva Local,Stark,2022,11682731,761899,6929431,0,798934,20729705,20859705,19739117,14463254,15583842
049890,Minerva Local,Stark,2023,11732986,915175,7209697,0,809545,21365007,21495007,21236861,15583841,15841987
049890,Minerva Local,Stark,2024,11815638,1069628,7251701,0,829357,21814585,21814585,22013999,15841987,15642573
049890,Minerva Local,Stark,2025,11525732,1676293,6656282,0,876456,23837829,23851581,29783024,15642573,9711130
049908,Northwest Local,Stark,2020,8325632,53676,7326961,3265858,1018706,21448990,21451190,19365090,11407198,13493298
049908,Northwest Local,Stark,2021,8568270,58556,7505005,3186620,1030069,21664034,21670024,19241758,13493298,15921564
049908,Northwest Local,Stark,2022,8580646,471464,8171213,3639068,1099716,23020664,23033143,21524775,15921564,17429932
049908,Northwest Local,Stark,2023,8625667,448643,7689510,3792698,1163319,24171159,24187915,23221011,17436193,18403096
049908,Northwest Local,Stark,2024,8679426,466182,8053749,3776679,1199414,25096502,25243440,27689641,18403096,15956895
049908,Northwest Local,Stark,2025,8756639,505807,9041577,4056605,1335734,27138353,27140878,35961105,15956895,7136668
049916,Osnaburg Local,Stark,2020,5556913,155343,2542245,0,346561,9595124,9814778,9778394,3553950,3590334
049916,Osnaburg Local,Stark,2021,5634005,155342,2657927,0,345207,9827961,10198421,9608489,3590334,4180266
049916,Osnaburg Local,Stark,2022,5907925,429814,2723836,0,343986,9771098,9891240,9415477,4180266,4656029
049916,Osnaburg Local,Stark,2023,6192123,526242,2269456,0,339914,10351994,10498587,10478364,4656032,4676255
049916,Osnaburg Local,Stark,2024,6851242,614842,2237513,0,338686,11357361,11490131,12121710,4676255,4044676
049916,Osnaburg Local,Stark,2025,7172383,1171354,2801502,0,402896,12844399,12852732,12126015,4044676,4771393
049924,Perry Local,Stark,2020,18440983,1058564,20504952,0,2922140,47272186,47298899,50789031,18936577,15446445
049924,Perry Local,Stark,2021,18969177,1085879,21050082,0,2800299,48342399,48368943,47412249,15446445,16403139
049924,Perry Local,Stark,2022,20072037,2153136,22667937,0,2787463,49926210,50085837,46754162,16403139,19734814
049924,Perry Local,Stark,2023,19859808,2240990,21233600,0,2843435,50749561,50904750,52976080,19777712,17706381
049924,Perry Local,Stark,2024,21170339,2444911,21259501,0,2861774,53383526,53550709,53351733,17706381,17905357
049924,Perry Local,Stark,2025,20962822,2442024,23337775,0,3057437,56332628,56391919,55256435,17905357,19040842
049932,Plain Local,Stark,2020,21711419,1326904,27144448,0,3961053,60162006,60434912,60155870,35944067,36223109
049932,Plain Local,Stark,2021,22758564,1038849,26825644,0,3955951,60922433,61871883,60096631,36223109,37998361
049932,Plain Local,Stark,2022,22052581,2311976,28170659,0,3953476,64335471,64429572,61651170,37998361,40776763
049932,Plain Local,Stark,2023,21667107,2382321,28285018,0,3953572,65665650,65706768,65364297,40776738,41119209
049932,Plain Local,Stark,2024,23267968,2817337,28934152,0,3986349,69764409,69799735,70518190,41119209,40400753
049932,Plain Local,Stark,2025,23591412,2939827,30589214,0,4081971,70946121,70995773,89542288,40400753,21854239
049940,Sandy Valley Local,Stark,2020,9808164,306481,5506363,0,483717,17323042,17458121,17595865,8897527,8759793
049940,Sandy Valley Local,Stark,2021,9887872,413140,5538436,0,516530,17798932,17954863,17271137,8759793,9443519
049940,Sandy Valley Local,Stark,2022,10059960,187564,5449492,0,529180,17528945,17956392,19251972,9443519,8147939
049940,Sandy Valley Local,Stark,2023,10029330,967970,3857236,0,548794,17708952,18268909,17914642,8147937,8502205
049940,Sandy Valley Local,Stark,2024,10019073,838685,3935170,0,564066,17821239,17867930,18602190,8502205,7767944
049940,Sandy Valley Local,Stark,2025,9746264,1591818,4370901,0,614772,18952175,19055840,20648717,7767944,6175067
049957,Tuslaw Local,Stark,2020,5688654,75549,4857916,0,722676,14110952,14221959,13946858,7401548,7676649
049957,Tuslaw Local,Stark,2021,5901218,0,4854817,0,722016,14345973,14359913,14368380,7676649,7668182
049957,Tuslaw Local,Stark,2022,5793217,311922,7026110,0,787325,14307770,14430974,14394506,7668182,7704650
049957,Tuslaw Local,Stark,2023,5743212,283869,5759162,0,839272,15125226,15181564,15058596,7420566,7543534
049957,Tuslaw Local,Stark,2024,5805067,370385,5839466,0,847698,15622567,15665396,15439050,7543534,7769881
049957,Tuslaw Local,Stark,2025,5858779,342107,6943228,0,979130,16910490,17067856,19756509,7769881,5081228
049973,Woodridge Local,Summit,2020,1744343,113055,20969816,0,2505436,29235047,29542526,26524771,4959004,7976759
049973,Woodridge Local,Summit,2021,1254496,113052,21662084,0,2416297,29769029,30053534,26633920,7976759,11396373
049973,Woodridge Local,Summit,2022,2531816,192163,22403062,0,2331438,30070039,30337569,27047619,11396373,14686323
049973,Woodridge Local,Summit,2023,2550231,225523,22267414,0,2254844,30909439,31130916,29008360,14686324,16808880
049973,Woodridge Local,Summit,2024,2629692,326492,23629588,0,2354015,33204495,34172743,30554238,16808880,20427385
049973,Woodridge Local,Summit,2025,2465622,498872,25252743,0,2491636,34618155,35262860,39979617,20427385,15710631
049981,Copley-Fairlawn City,Summit,2020,2554496,67144,32355699,0,2521183,39286062,39717532,37822491,36301759,38196800
049981,Copley-Fairlawn City,Summit,2021,2320084,60627,32414132,0,2352413,38590774,39552673,38257822,38196800,39491651
049981,Copley-Fairlawn City,Summit,2022,1634035,277169,33044291,0,2674756,38979810,39040713,38458984,39491651,40073380
049981,Copley-Fairlawn City,Summit,2023,1876147,239671,32792029,0,2496091,39105085,39170489,41649525,40073378,37594342
049981,Copley-Fairlawn City,Summit,2024,2844219,360261,33596052,0,2532120,41926426,41977782,42706599,37594342,36865525
049981,Copley-Fairlawn City,Summit,2025,3063823,534622,33613924,0,2567463,42551337,42683872,56559994,36865525,22989403
049999,Coventry Local,Summit,2020,4051901,205714,9951186,0,1443447,21437084,21386974,20864125,2757731,3280580
049999,Coventry Local,Summit,2021,4246095,215225,10105599,0,1448307,21682000,21831242,20242306,3280580,4869516
049999,Coventry Local,Summit,2022,5322346,584727,11353827,0,1451742,22130128,22130128,19348191,4869516,7651453
049999,Coventry Local,Summit,2023,5970498,145197,10467333,0,1463988,20530735,20544618,19579525,7651460,8616553
049999,Coventry Local,Summit,2024,6061308,812644,11794088,0,1598971,23323868,23323868,20591434,8616553,11348987
049999,Coventry Local,Summit,2025,6162446,846000,13088096,0,1737931,24959643,24959643,25712085,11348987,10596545
050005,Manchester Local,Summit,2020,5848564,64267,8857037,0,1059794,16438803,16523697,16069678,6060788,6514807
050005,Manchester Local,Summit,2021,5970976,73572,9361742,0,1053682,17124367,17484740,16564643,6514807,7434904
050005,Manchester Local,Summit,2022,5464978,145953,9719913,0,1039860,17126137,17135057,17539184,7434904,7030777
050005,Manchester Local,Summit,2023,5059253,105341,10203485,0,515225,16691526,16730378,17676367,7030777,6084788
050005,Manchester Local,Summit,2024,4689699,220732,10327016,0,1021790,17043739,17059302,18683871,6084788,4460219
050005,Manchester Local,Summit,2025,5145925,248927,11555369,0,1037391,18846030,18906638,19042863,4460219,4323994
050013,Green Local,Summit,2020,11998746,96507,21539159,0,2824342,40404750,40745304,41504397,12660609,11901516
050013,Green Local,Summit,2021,12456690,117467,22306110,0,2892704,42227216,42728930,42409642,11901516,12220804
050013,Green Local,Summit,2022,11186160,775709,23144436,0,2967373,42532054,42543671,41469835,12220804,13294640
050013,Green Local,Summit,2023,11338973,745204,23367681,0,2981971,43018037,43077586,45054655,13294633,11317564
050013,Green Local,Summit,2024,11456230,812486,25327898,0,3264869,45600420,45654781,47039765,11317564,9932579
050013,Green Local,Summit,2025,11731713,746219,27664140,0,3556950,50006342,50056065,48950415,9932579,11038229
050021,Hudson City,Summit,2020,10293668,466015,44697617,0,5236100,65640735,65990915,65822610,32984746,33153051
050021,Hudson City,Summit,2021,10701869,302985,45543295,0,5261726,66154170,66833732,66782771,33153051,33204012
050021,Hudson City,Summit,2022,10266864,1123447,45996583,0,5294335,67249323,67643195,69490359,33204012,31356848
050021,Hudson City,Summit,2023,10542661,1039655,47803364,0,5356322,70551310,70598110,72530390,31356851,29424571
050021,Hudson City,Summit,2024,10914768,1264672,52499979,0,5454131,77185382,77212496,76715093,29424571,29921975
050021,Hudson City,Summit,2025,11283857,1465850,56573129,0,5539038,82199414,82228369,81217579,29921975,30932764
050039,Mogadore Local,Summit,2020,3661034,47399,3230590,0,1373450,10693570,10696480,12053360,4276581,2919701
050039,Mogadore Local,Summit,2021,3682246,43442,3311736,0,1318362,10726367,10726467,11085290,2919701,2560878
050039,Mogadore Local,Summit,2022,4898441,240343,3923657,0,1255464,11306200,11307629,12709096,2560878,1159411
050039,Mogadore Local,Summit,2023,5518116,319150,3603068,0,1243374,11560242,12760412,13338071,1159317,581658
050039,Mogadore Local,Summit,2024,6017310,483972,3458174,0,1097154,11925750,13655906,14015822,581658,221742
050039,Mogadore Local,Summit,2025,6071557,507511,3570824,0,1088054,12305471,12305471,11973159,221742,554053
050047,Nordonia Hills City,Summit,2020,4458688,89067,31433874,0,4111391,46999676,47385134,48943548,16653948,15095534
050047,Nordonia Hills City,Summit,2021,4687552,84158,35731759,0,4192324,51453203,51718124,52214119,15095534,14599539
050047,Nordonia Hills City,Summit,2022,4158796,358589,36408466,0,4042644,56167474,56230948,53302873,14599539,17527614
050047,Nordonia Hills City,Summit,2023,4421149,360858,37502354,0,4042532,57257094,57348665,56955817,17527615,17920463
050047,Nordonia Hills City,Summit,2024,4721951,590066,36761641,0,4059829,58103437,58142450,58574306,17920463,17488607
050047,Nordonia Hills City,Summit,2025,4983164,732507,37895748,0,4104892,59135186,59263741,59974651,17488607,16777697
050054,Revere Local,Summit,2020,2048790,120858,27814574,0,3413050,36512198,36762904,37635514,19663927,18791317
050054,Revere Local,Summit,2021,2266996,80256,28288965,0,3489953,37448430,38112467,38317568,18791317,18586216
050054,Revere Local,Summit,2022,1842139,285080,29767639,0,3562522,38963506,39383284,40260501,18586216,17708999
050054,Revere Local,Summit,2023,1987603,332378,30228175,0,3615726,40268681,40519161,41212328,17708969,17015802
050054,Revere Local,Summit,2024,2901079,366384,33118372,0,3964238,45327655,45428135,42498664,17015802,19945272
050054,Revere Local,Summit,2025,3407540,521183,35305335,0,4297826,48389916,48490396,45815870,19945272,22619799
050062,Springfield Local,Summit,2020,8999099,394246,11304750,0,1692372,26605221,27823082,31165812,3431702,88972
050062,Springfield Local,Summit,2021,9317249,352143,11709805,0,1638097,26945643,27151861,30053367,88972,-2812534
050062,Springfield Local,Summit,2022,8348788,562609,12436181,0,1574802,24903300,24903318,21400718,-2812534,690066
050062,Springfield Local,Summit,2023,8290381,718740,12401722,0,1541218,24745057,24978986,23460779,690066,2208273
050062,Springfield Local,Summit,2024,8253761,766186,13375065,0,1672407,26866524,27133312,24350119,2208273,4991466
050062,Springfield Local,Summit,2025,8272738,898353,14342169,0,1822062,28371398,28617060,26490039,4991466,7118487
050070,Twinsburg City,Summit,2020,5829790,41406,35060588,0,5448797,49462558,49712633,50032373,32837153,32517413
050070,Twinsburg City,Summit,2021,6085812,0,35919633,0,4666700,50189049,50369872,53495132,32517413,29392153
050070,Twinsburg City,Summit,2022,5699828,369081,37291439,0,3875763,50346346,50443346,54453016,29392153,25382483
050070,Twinsburg City,Summit,2023,6208837,656879,37898627,0,3257858,52400323,52650709,58796947,25382483,19236245
050070,Twinsburg City,Summit,2024,7631135,942604,41756200,0,3334971,57930396,58091969,59057644,19236245,18270570
050070,Twinsburg City,Summit,2025,6287315,1017488,45378497,0,3422444,60577661,60622434,61534228,18270570,17358776
050096,Bloomfield-Mespo Local,Trumbull,2020,1463892,37182,1238082,0,166180,3435825,3495567,3200427,2390066,2685206
050096,Bloomfield-Mespo Local,Trumbull,2021,1503752,38477,1300124,0,174459,3522299,3614969,3246311,2685206,3053864
050096,Bloomfield-Mespo Local,Trumbull,2022,1535017,163441,1314901,0,182817,3593429,3648727,3821937,3053864,2880654
050096,Bloomfield-Mespo Local,Trumbull,2023,1570782,236721,1316962,0,163555,3654380,3692983,2435125,2880654,4138512
050096,Bloomfield-Mespo Local,Trumbull,2024,1703553,314954,1509130,0,204333,4339139,4356892,3720897,4138512,4774507
050096,Bloomfield-Mespo Local,Trumbull,2025,1656973,310227,1531970,0,206031,4121840,4151889,4675902,4774507,4250494
050112,Bristol Local,Trumbull,2020,3743991,67832,2298104,0,381738,7259340,7296311,6734197,4236126,4798240
050112,Bristol Local,Trumbull,2021,3811028,60399,2436374,0,395607,7485129,7508559,6649441,4798240,5657358
050112,Bristol Local,Trumbull,2022,3498794,278997,2516615,0,407930,7151403,7186303,6887610,5657358,5956051
050112,Bristol Local,Trumbull,2023,3508170,303423,2638187,0,403856,7453040,7473313,6970621,5393939,5896631
050112,Bristol Local,Trumbull,2024,3452210,385309,2814515,0,435468,8001612,8027277,7036172,5896631,6887736
050112,Bristol Local,Trumbull,2025,3477559,374682,2987957,0,469583,8078994,8169808,11170199,6887736,3887345
050120,Brookfield Local,Trumbull,2020,5584828,125024,3501694,0,492525,10360312,10370312,10226583,1748239,1891968
050120,Brookfield Local,Trumbull,2021,5686579,124696,3605958,0,488945,10642399,11673483,11194394,1891968,2371057
050120,Brookfield Local,Trumbull,2022,5591367,382887,3678107,0,481594,10223547,10520559,12337227,2371057,554389
050120,Brookfield Local,Trumbull,2023,6054798,453720,3970766,0,312114,11188019,12221899,10167604,644256,2698551
050120,Brookfield Local,Trumbull,2024,7110520,661321,4304444,0,312686,12748056,12986169,12347727,2698551,3336993
050120,Brookfield Local,Trumbull,2025,7548584,1181778,3690965,0,655310,14152972,15621533,15988546,3336993,2969980
050138,Champion Local,Trumbull,2020,7171199,56560,5570804,0,1076480,14527255,14868847,14776404,4426241,4518684
050138,Champion Local,Trumbull,2021,7195346,103700,5714814,0,1047383,14655645,15038692,14529218,4518684,5028158
050138,Champion Local,Trumbull,2022,6906462,361058,5870405,0,1020716,14438719,14737251,14582158,5028158,5183251
050138,Champion Local,Trumbull,2023,6996730,381674,5980626,0,978375,14750202,15163207,14828673,5183250,5517784
050138,Champion Local,Trumbull,2024,7607079,463107,6529562,0,1044747,16524525,16825713,16218653,5517784,6124845
050138,Champion Local,Trumbull,2025,7402017,481074,7003460,0,1106559,16827600,17256741,17720631,6124845,5660955
050153,Mathews Local,Trumbull,2020,2280954,52521,4689086,0,719939,9011368,9173178,8657035,3777924,4294067
050153,Mathews Local,Trumbull,2021,2363747,45608,4909990,0,717385,9370740,9482677,8545369,4294067,5231375
050153,Mathews Local,Trumbull,2022,2177043,121077,4885365,0,711957,8868079,8993937,8272049,5231375,5953263
050153,Mathews Local,Trumbull,2023,2130006,212982,5203561,0,712125,9107334,9117021,8829634,6033939,6321326
050153,Mathews Local,Trumbull,2024,2503584,247465,4981915,0,721223,10104554,10549799,10820578,6321326,6050547
050153,Mathews Local,Trumbull,2025,2412522,233375,5213476,0,729486,9952871,10490358,11573187,6050547,4967718
050161,Howland Local,Trumbull,2020,6471045,233076,19820010,0,2787775,32984963,32987837,32249193,3244955,3983599
050161,Howland Local,Trumbull,2021,6786905,224653,20244941,0,2597662,33705851,33750787,32735788,3983599,4998598
050161,Howland Local,Trumbull,2022,5711652,563291,20569681,0,2392604,31905863,32101153,31396505,4998598,5703246
050161,Howland Local,Trumbull,2023,5828508,520971,20901646,0,2248706,31597425,31851498,32980336,5647618,4518780
050161,Howland Local,Trumbull,2024,6570938,699110,22256625,0,2424621,34994761,35116966,33104335,4518780,6531411
050161,Howland Local,Trumbull,2025,6085920,620488,23740073,0,2585005,34924364,35341599,35698307,6531411,6174703
050179,Joseph Badger Local,Trumbull,2020,4474367,68665,2906231,0,515200,8703167,8826269,8744273,4080236,4162232
050179,Joseph Badger Local,Trumbull,2021,4546553,68663,3045855,0,521009,8991100,9087331,8624549,4162232,4625014
050179,Joseph Badger Local,Trumbull,2022,4472427,293013,3145119,0,530870,8910673,9004608,7555545,4625014,6074077
050179,Joseph Badger Local,Trumbull,2023,4495980,303360,3257425,0,523786,9210567,9346522,9719922,6074078,5700678
050179,Joseph Badger Local,Trumbull,2024,4715442,365317,3447695,0,564259,10231785,10397414,9810757,5700678,6287335
050179,Joseph Badger Local,Trumbull,2025,4391035,641514,3572868,0,606223,10215972,10370068,12219073,6287335,4438330
050187,Lakeview Local,Trumbull,2020,6236666,57947,7628242,0,1072593,15819559,16013791,17143314,4211812,3082289
050187,Lakeview Local,Trumbull,2021,6368221,60927,7747844,0,1075298,15972324,16403062,16811631,3082289,2673720
050187,Lakeview Local,Trumbull,2022,5926768,158414,7993354,0,1081905,15574558,15683266,16014330,2673720,2342656
050187,Lakeview Local,Trumbull,2023,5842914,360481,7636204,0,1054956,15684232,15827421,16196553,2329608,1960476
050187,Lakeview Local,Trumbull,2024,6034794,458714,8273834,0,1175188,17538451,17666332,16064215,1960476,3562593
050187,Lakeview Local,Trumbull,2025,5893385,497394,9242552,0,1291487,18222136,19370526,18282267,3562593,4650853
050195,Liberty Local,Trumbull,2020,4660218,361451,7343088,0,1317291,16359404,16582172,16993731,1399164,987605
050195,Liberty Local,Trumbull,2021,4740339,376341,7795153,0,1112726,17378396,17505860,15560479,987605,2932986
050195,Liberty Local,Trumbull,2022,4261747,556634,7111581,0,1079251,14517099,14764350,14315713,2932986,3381623
050195,Liberty Local,Trumbull,2023,4248696,669796,7772704,0,1054483,15207898,15566396,14970865,3381625,3977156
050195,Liberty Local,Trumbull,2024,4928367,857650,7899204,0,1090905,16505019,16915553,15216487,3977156,5676222
050195,Liberty Local,Trumbull,2025,4674586,784632,9431190,0,567285,16594755,17142124,17078377,5676222,5739970
050203,Lordstown Local,Trumbull,2020,1041091,41156,2957507,83317,1246120,8233270,8350904,7888197,1010373,1473080
050203,Lordstown Local,Trumbull,2021,1073018,35635,2713977,0,1093616,8058897,8169147,7891554,1473080,1750673
050203,Lordstown Local,Trumbull,2022,1395918,163473,3588827,0,938225,8566765,8662557,7847749,1750673,2565481
050203,Lordstown Local,Trumbull,2023,1504299,301862,4565068,0,814487,9967054,10034729,8518768,2565496,4081457
050203,Lordstown Local,Trumbull,2024,1673617,369995,3525632,0,776397,11729632,11948921,9533610,4081457,6496769
050203,Lordstown Local,Trumbull,2025,1561682,356676,4341444,0,738399,11228969,11479986,12930071,6496769,5046683
050211,Maplewood Local,Trumbull,2020,4870315,44558,2448872,0,409271,8774228,8774228,9484097,2906354,2196485
050211,Maplewood Local,Trumbull,2021,4907305,100969,2437964,0,416442,8839171,8993391,8824163,2196485,2432251
050211,Maplewood Local,Trumbull,2022,4106869,138541,2410016,0,425708,8459938,8474169,8631567,2432251,2274853
050211,Maplewood Local,Trumbull,2023,3289047,316997,2727516,0,421441,8692129,8846707,9311583,2274852,1809976
050211,Maplewood Local,Trumbull,2024,5327844,362657,2929009,0,457674,9826425,9957911,9043289,1809976,2724598
050211,Maplewood Local,Trumbull,2025,5546995,788892,2998300,0,500867,10508357,10616846,10196305,2724598,3145139
050229,Mcdonald Local,Trumbull,2020,5350158,48401,1419418,0,252751,8720757,8725206,8333189,5131866,5523883
050229,Mcdonald Local,Trumbull,2021,5390489,32254,1475014,0,250724,8808436,8811016,8790329,5523883,5544570
050229,Mcdonald Local,Trumbull,2022,6486436,381334,1478980,0,252836,8956297,8962259,8940056,5544570,5566773
050229,Mcdonald Local,Trumbull,2023,6633807,411322,1533066,0,247899,9260801,9287456,9151998,5566773,5702231
050229,Mcdonald Local,Trumbull,2024,7115385,492583,1744745,0,270686,10139717,10179366,10132225,5702231,5749373
050229,Mcdonald Local,Trumbull,2025,7521608,507671,1887330,0,294095,10718041,10785018,12696305,5749373,3838085
050237,Southington Local,Trumbull,2020,3570347,66995,1345017,0,233443,6201996,6734582,6397914,3508332,3845000
050237,Southington Local,Trumbull,2021,3608715,60834,1431598,0,240814,6269151,6659198,6614047,3845000,3890151
050237,Southington Local,Trumbull,2022,3479406,300309,1492439,0,249473,5840799,6032835,5521912,3890151,4401074
050237,Southington Local,Trumbull,2023,3549533,339167,1496395,0,249821,6159204,6371500,6008991,4401070,4763579
050237,Southington Local,Trumbull,2024,3518321,409506,1691556,0,272813,6716501,7034018,6261623,4763579,5535974
050237,Southington Local,Trumbull,2025,3605657,408026,1827623,0,295719,6944811,7121317,9254424,5535974,3402867
050245,Labrae Local,Trumbull,2020,7480255,259234,2698791,0,345838,12441995,12626329,13484688,2612396,1754037
050245,Labrae Local,Trumbull,2021,7546204,251532,2770568,0,340231,12586896,12874380,12800388,1754037,1828029
050245,Labrae Local,Trumbull,2022,8371390,391221,2840372,0,340540,12417440,12500625,11829040,1828029,2499614
050245,Labrae Local,Trumbull,2023,8187267,631006,2870089,0,333403,12564584,12714789,11342023,2499604,3872370
050245,Labrae Local,Trumbull,2024,8927810,842919,3396354,0,363453,14181137,14392592,12887796,3872370,5377166
050245,Labrae Local,Trumbull,2025,9178069,809937,3492504,0,390756,14509689,14715066,15454541,5377166,4637691
050252,Weathersfield Local,Trumbull,2020,4473181,141365,2186057,0,870474,11121773,12093458,11052083,4360493,5401868
050252,Weathersfield Local,Trumbull,2021,4721279,141601,2258727,0,766174,11357199,11448134,10974012,5401868,5875990
050252,Weathersfield Local,Trumbull,2022,6248447,434676,2231890,0,658222,11201349,11271010,11077562,5875990,6069438
050252,Weathersfield Local,Trumbull,2023,6493697,491770,3273482,0,594146,11498735,11478173,11397747,6069404,6149830
050252,Weathersfield Local,Trumbull,2024,7294534,577838,2495865,0,490795,13064801,13070454,12282073,6149830,6938212
050252,Weathersfield Local,Trumbull,2025,7608868,573370,2970221,0,438991,13404497,13255308,14603652,6938212,5589868
050278,Garaway Local,Tuscarawas,2020,4023623,94743,6515774,0,763396,13695311,13781324,12226438,6786440,8341326
050278,Garaway Local,Tuscarawas,2021,4166562,98863,7497717,0,782789,14894601,14916040,12156764,8341326,11100602
050278,Garaway Local,Tuscarawas,2022,4744075,317780,7364923,0,772101,14590254,14618133,12491712,11100602,13227023
050278,Garaway Local,Tuscarawas,2023,4812135,302795,8475850,0,812191,15306605,15510153,12865579,12408104,15052678
050278,Garaway Local,Tuscarawas,2024,4807134,344728,8507832,0,863493,16391151,16656014,13420649,15052678,18288043
050278,Garaway Local,Tuscarawas,2025,4915144,255855,8788262,0,888461,17020614,17904064,29649323,18288043,6542784
050286,Indian Valley Local,Tuscarawas,2020,10831314,322527,5373993,0,567889,20468096,20519362,19300401,11311772,12530733
050286,Indian Valley Local,Tuscarawas,2021,10920602,322399,5878578,0,580128,21246029,21252153,17788405,12530733,15994481
050286,Indian Valley Local,Tuscarawas,2022,12937735,860431,5707231,0,570952,20724329,20745760,18176294,15994481,18563947
050286,Indian Valley Local,Tuscarawas,2023,13012265,854811,7233098,0,600509,22984266,23007279,25427576,18563947,16143650
050286,Indian Valley Local,Tuscarawas,2024,12901312,1048043,6551645,0,637548,22770338,22827677,22301153,16143650,16670174
050286,Indian Valley Local,Tuscarawas,2025,12198634,1916424,7180842,0,639864,23601882,23620313,29597846,16670174,10692642
050294,Strasburg-Franklin Local,Tuscarawas,2020,2790852,15794,2779607,0,350622,6679473,6877945,6346193,3951465,4483217
050294,Strasburg-Franklin Local,Tuscarawas,2021,2868260,20297,2620798,0,364207,6967773,7038411,6275103,4483217,5246525
050294,Strasburg-Franklin Local,Tuscarawas,2022,2648003,102008,3100872,0,364328,6724324,6724391,7433014,5246525,4537902
050294,Strasburg-Franklin Local,Tuscarawas,2023,2779292,217762,2919815,0,375897,7220778,7232420,7109213,4797633,4920840
050294,Strasburg-Franklin Local,Tuscarawas,2024,3019552,326797,3052310,0,447435,8087353,8112666,7486243,4920840,5547263
050294,Strasburg-Franklin Local,Tuscarawas,2025,2718162,285925,3224901,0,422895,7872096,7881823,12233003,5547263,1196083
050302,Tuscarawas Valley Local,Tuscarawas,2020,5830502,55092,6359563,0,795144,17792771,17793011,16968985,7304873,8128899
050302,Tuscarawas Valley Local,Tuscarawas,2021,5928687,55191,6388880,0,791962,18183290,18183686,16881762,8128899,9430823
050302,Tuscarawas Valley Local,Tuscarawas,2022,5663376,285609,6449711,0,786501,17041456,18648634,21644783,9430823,6434674
050302,Tuscarawas Valley Local,Tuscarawas,2023,5706247,262494,7102408,0,835395,18273467,19049285,16714454,6434673,8769504
050302,Tuscarawas Valley Local,Tuscarawas,2024,5685129,268914,7537556,0,898132,19177665,19260069,17874630,8769504,10154943
050302,Tuscarawas Valley Local,Tuscarawas,2025,4958419,1067853,7837088,0,917776,19313663,19404912,23635770,10154943,5924085
050328,Fairbanks Local,Union,2020,2597824,62638,6442568,1950994,911806,13375472,13375472,13218860,7153128,7309740
050328,Fairbanks Local,Union,2021,2686504,18917,6808047,1984272,927524,13812540,13818748,12582684,7309740,8545804
050328,Fairbanks Local,Union,2022,3156290,131659,6676344,2292248,919497,13815090,13852075,13366200,8545804,9031679
050328,Fairbanks Local,Union,2023,2954362,175227,7534676,2514144,993515,15108231,15131400,14016631,9091173,10205942
050328,Fairbanks Local,Union,2024,3021847,231021,8154153,2593778,1093615,16507259,16508012,16954640,10205942,9759314
050328,Fairbanks Local,Union,2025,3261805,204711,8726828,2777408,1135894,18287324,18287324,19661508,9759314,8385130
050336,North Union Local School District,Union,2020,7537041,263910,4769707,2138567,694563,17720606,17920617,17673887,11397465,11644195
050336,North Union Local School District,Union,2021,7685073,241412,4974849,2131999,704510,18331028,18446473,17619548,11644195,12471120
050336,North Union Local School District,Union,2022,8642039,605373,5042726,2414405,703513,18490228,18550468,18121012,12471120,12900576
050336,North Union Local School District,Union,2023,8663808,596790,5536392,2804054,774088,19768087,19814676,18698977,12900580,14016279
050336,North Union Local School District,Union,2024,8570214,743169,6096254,2740195,857323,20899533,20967364,20351080,14016279,14632563
050336,North Union Local School District,Union,2025,8480423,672286,6391852,2898364,877536,21389962,21463957,23764064,14632563,12332456
050351,Crestview Local,Van Wert,2020,4364568,56257,2695577,1257896,384346,12204289,12281761,14439594,11753138,9595305
050351,Crestview Local,Van Wert,2021,4430688,56257,2593533,1306583,382780,12051317,12147934,14909868,9595305,6833371
050351,Crestview Local,Van Wert,2022,5582710,155139,2563641,1332347,386314,12568211,12677740,11062918,6833371,8448193
050351,Crestview Local,Van Wert,2023,5119569,320151,2696792,1519743,387652,12783095,12851417,10995303,8448193,10304307
050351,Crestview Local,Van Wert,2024,5867319,404317,2993909,1572806,423442,14545085,14550373,14009292,10304307,10845388
050351,Crestview Local,Van Wert,2025,6049518,446492,3292529,1658919,458335,15365267,15371184,22295937,10845388,3920635
050369,Lincolnview Local,Van Wert,2020,3988168,45835,3132514,0,414837,10863966,11009234,10461789,13201850,13749295
050369,Lincolnview Local,Van Wert,2021,4087908,45835,3081536,0,416474,11312061,11316090,10704239,13749295,14361146
050369,Lincolnview Local,Van Wert,2022,5107662,304378,3080717,0,419424,11444251,11453757,9980742,14361146,15834161
050369,Lincolnview Local,Van Wert,2023,5067375,331556,3085081,0,422113,11643646,11646780,16070981,15834164,11409963
050369,Lincolnview Local,Van Wert,2024,5698172,375312,3511421,0,458804,13408929,13544836,12134167,11409963,12820632
050369,Lincolnview Local,Van Wert,2025,5600304,399239,3791392,0,489050,13438103,13528834,21491433,12820632,4858033
050393,Vinton County Local,Vinton,2020,15241978,2207435,3091839,0,533525,25934437,26386312,25512613,20852945,21726644
050393,Vinton County Local,Vinton,2021,15420341,2226761,2987576,0,531441,26230331,26356143,25013212,21726644,23069575
050393,Vinton County Local,Vinton,2022,15175016,2538129,3365305,0,567047,26621481,26706887,24305198,23069575,25471264
050393,Vinton County Local,Vinton,2023,14819916,2900613,3540531,0,579580,27610648,27610861,25481440,25471262,27600683
050393,Vinton County Local,Vinton,2024,14992331,2779642,3702656,131,595639,29019498,29020983,27329277,27600683,29292390
050393,Vinton County Local,Vinton,2025,15409624,2421752,4387220,0,668819,30799634,33717031,44679257,29292390,18330163
050419,Carlisle Local,Warren,2020,8642363,111483,4859063,2528646,661319,18814155,18852004,18723578,8165664,8294090
050419,Carlisle Local,Warren,2021,8891965,61348,4899931,2505769,657526,19058055,19079155,19297374,8294090,8075871
050419,Carlisle Local,Warren,2022,9251400,30674,4904634,3098223,683765,20026715,20032290,19144733,8075871,8963428
050419,Carlisle Local,Warren,2023,9237341,103873,5486914,3510280,708627,20799492,20805788,19768186,8963428,10001030
050419,Carlisle Local,Warren,2024,10318494,36020,5782853,3469340,722415,22399865,22407110,21191326,10001030,11216814
050419,Carlisle Local,Warren,2025,10280604,25562,6252683,3711489,806799,22939075,22939075,23750713,11216814,10405176
050427,Springboro Community City,Warren,2020,15713554,9194,27589335,0,3901149,54269231,54577924,54982178,11006080,10601826
050427,Springboro Community City,Warren,2021,16141738,285869,28256069,0,3972827,57642205,57805624,56436754,10601826,11970696
050427,Springboro Community City,Warren,2022,14402516,1352672,30655768,0,4310747,57725889,58219314,58052867,11970696,12137143
050427,Springboro Community City,Warren,2023,14559357,1143899,33006253,0,4671522,62214373,62240192,60576390,12137300,13801102
050427,Springboro Community City,Warren,2024,15037240,1309477,34138656,0,4797150,62920214,63289730,64075017,13801102,13015815
050427,Springboro Community City,Warren,2025,15699735,1247767,38509802,0,5421439,70120885,70505396,68701571,13015815,14819640
050435,Kings Local,Warren,2020,9879282,18366,32433316,0,3566344,52047277,52301658,53942594,16339971,14699035
050435,Kings Local,Warren,2021,10464042,16070,34676525,0,3237615,54135257,54906680,57023205,14699035,12582510
050435,Kings Local,Warren,2022,10116323,571223,37026207,0,3322203,56509553,57408313,58557992,12582510,11432831
050435,Kings Local,Warren,2023,10465443,551834,41361311,0,3449631,61451588,61732199,61949732,11432831,11215298
050435,Kings Local,Warren,2024,11687530,814130,45532049,0,3534956,69381913,70346400,68283166,11215298,13278533
050435,Kings Local,Warren,2025,11906849,906546,46430524,0,3644184,69898230,71579895,69562947,13278533,15295481
050443,Little Miami Local,Warren,2020,13273702,188069,28310607,0,4240504,49337614,49337614,51114943,34310409,32533080
050443,Little Miami Local,Warren,2021,14041390,174430,28649936,0,4186766,49780268,49805149,51819665,32533080,30518564
050443,Little Miami Local,Warren,2022,12426564,459496,30521348,0,4416819,50876518,50876518,51073353,30518564,30321729
050443,Little Miami Local,Warren,2023,11925700,960364,32668277,0,4744781,55133623,55156332,55036291,30321728,30441769
050443,Little Miami Local,Warren,2024,12581953,1101207,34059887,0,4877230,59426628,59426628,60717231,30441769,29151166
050443,Little Miami Local,Warren,2025,13591045,1359307,37801645,0,5424097,64789630,64789630,66015748,29151166,27925048
050450,Mason City,Warren,2020,33420261,262822,55843460,0,7180037,107006194,107739499,117645502,33161631,23255628
050450,Mason City,Warren,2021,34367310,266103,66190837,0,6840249,115568817,117448725,119543157,23255628,21161196
050450,Mason City,Warren,2022,33945343,3071182,80519707,0,7078549,130895571,132765536,120878514,21161196,33048218
050450,Mason City,Warren,2023,33884560,2812735,89043337,0,7316465,140896862,141384399,128558428,33048220,45874191
050450,Mason City,Warren,2024,34282736,3174244,92119375,0,7464823,147970945,151261522,137754373,45874191,59381340
050450,Mason City,Warren,2025,35370213,2436375,94752366,0,7690679,151417357,153990843,152484579,59381340,60887603
050468,Wayne Local,Warren,2020,3955396,15116,7229213,0,1065763,14971322,14971322,14902743,15903185,15971764
050468,Wayne Local,Warren,2021,4129814,195451,7497457,0,1093121,16536254,16536254,15978144,15971764,16529874
050468,Wayne Local,Warren,2022,4355969,-84291,8272385,0,1182110,15815328,15815328,16667396,16529874,15677806
050468,Wayne Local,Warren,2023,4506038,381875,8870243,0,1272023,17264571,17814571,19830123,15677806,13662253
050468,Wayne Local,Warren,2024,4614267,349487,9084784,0,1291608,17372658,24770614,26792147,13662253,11640721
050468,Wayne Local,Warren,2025,4812893,290409,10045208,0,1425919,19984871,20106014,21329221,11640721,10417513
050484,Fort Frye Local,Washington,2020,4168728,153601,2065446,0,297515,15245467,15246350,11464922,9338238,13119666
050484,Fort Frye Local,Washington,2021,5038421,117488,2140664,0,302654,14617431,14617431,12237251,13119666,15499846
050484,Fort Frye Local,Washington,2022,4810136,403440,2141487,0,299113,14131145,14137200,15149660,15499846,14487386
050484,Fort Frye Local,Washington,2023,4971985,435828,2371967,0,313451,15305119,15305119,16182834,14487388,13609673
050484,Fort Frye Local,Washington,2024,5837726,524444,2262191,0,339231,17136286,17136286,17067569,13609673,13678390
050484,Fort Frye Local,Washington,2025,6096027,543114,2548759,0,349424,16803637,16814103,21433275,13678390,9059218
050492,Frontier Local,Washington,2020,5495646,138074,1407862,0,252099,7990002,8093424,7941540,3231596,3383480
050492,Frontier Local,Washington,2021,5558552,138074,1431320,0,260046,8130644,8253641,7566665,3383480,4070456
050492,Frontier Local,Washington,2022,5215485,399383,1453437,0,258153,7918682,8059320,7584855,4070456,4544921
050492,Frontier Local,Washington,2023,5167825,403402,1618617,0,275409,8159515,8197415,8022370,4544924,4719969
050492,Frontier Local,Washington,2024,5762569,472814,1701576,0,292543,8968850,9027998,8830577,4719969,4917390
050492,Frontier Local,Washington,2025,5818521,811479,1804406,0,296499,9332311,9368711,11038117,4917390,3247984
050500,Warren Local,Washington,2020,12236371,304588,6603357,0,1191665,23346275,23615570,23014045,8142062,8743587
050500,Warren Local,Washington,2021,12527203,281891,6897535,0,1164386,27180218,27202618,26735328,8743587,9210877
050500,Warren Local,Washington,2022,12936249,244897,6942440,0,1053761,23152125,23152125,23151369,9210877,9211633
050500,Warren Local,Washington,2023,12936249,0,7612100,0,1119079,24011887,24011887,23873440,9420128,9558575
050500,Warren Local,Washington,2024,13157435,0,8026269,0,1194846,25334533,25334533,24660849,9558575,10232259
050500,Warren Local,Washington,2025,13943894,0,8184527,0,1213916,26344530,26344530,26290524,10232259,10286265
050518,Wolf Creek Local,Washington,2020,1727197,44453,1603842,0,204607,11975411,12065509,12471287,9753802,9348024
050518,Wolf Creek Local,Washington,2021,1794132,44453,1622225,0,210783,10219983,10315593,9003688,9348024,10659929
050518,Wolf Creek Local,Washington,2022,2164870,210804,1572150,0,214391,9972856,10128089,9080394,10659929,11707624
050518,Wolf Creek Local,Washington,2023,2419622,204582,1836266,0,236397,10275484,10351852,11601503,11707619,10457968
050518,Wolf Creek Local,Washington,2024,2844240,248927,1983381,0,259864,10891117,11138008,10986231,10457968,10609745
050518,Wolf Creek Local,Washington,2025,3101983,279394,1962603,0,263444,11514769,11710606,17129618,10609745,5190733
050534,Chippewa Local,Wayne,2020,4869131,101238,4834688,2159991,553524,13458791,13525803,14117931,5684667,5092539
050534,Chippewa Local,Wayne,2021,5010787,101238,3630901,2103920,563982,14738656,14738656,12730858,5092539,7100337
050534,Chippewa Local,Wayne,2022,5208878,95073,3897199,2397903,584737,14554310,14592432,13442125,7100337,8250644
050534,Chippewa Local,Wayne,2023,5085528,284186,3894840,2584432,600126,15052097,15089447,14163193,8253493,9179747
050534,Chippewa Local,Wayne,2024,5043822,324759,4662612,2517446,695582,15014729,16568280,16699496,9179747,9048531
050534,Chippewa Local,Wayne,2025,5058364,295797,5403776,2723689,792546,19387330,19538029,21524546,9048531,7062015
050542,Dalton Local,Wayne,2020,3005324,13473,3302584,1505108,407710,9202155,9267155,9106526,2531697,2692325
050542,Dalton Local,Wayne,2021,3087444,17019,3541318,1453222,428346,9470089,9470089,9150278,2692325,3012136
050542,Dalton Local,Wayne,2022,3872418,132717,3878888,2320256,452134,10957981,10957981,9545863,3012136,4424254
050542,Dalton Local,Wayne,2023,3764059,251402,3835237,1927736,453235,10769122,10769122,10525048,4423935,4668009
050542,Dalton Local,Wayne,2024,3899611,308089,4430719,1815172,521803,11645591,11645591,10740895,4668009,5572705
050542,Dalton Local,Wayne,2025,3809513,316163,5126337,1914593,594920,12415816,13091234,14401855,5572705,4262085
050559,Green Local,Wayne,2020,5033595,41096,3889977,561681,577791,12237656,13627734,12870692,2656030,3413072
050559,Green Local,Wayne,2021,5141346,57377,4032784,726366,596840,12631976,12800599,11601069,3413072,4612602
050559,Green Local,Wayne,2022,6060324,330691,4322166,876953,614747,12999325,13092338,11288249,4612602,6416691
050559,Green Local,Wayne,2023,6042404,329340,4257357,958611,620504,13497727,13570773,14924913,6402637,5048497
050559,Green Local,Wayne,2024,6108063,443333,4750072,929453,678577,14493161,14518899,13060082,5048497,6507314
050559,Green Local,Wayne,2025,6088459,400303,5400735,980818,743074,15437285,15445073,17169965,6507314,4782422
050567,Norwayne Local,Wayne,2020,6724493,67239,3442300,1350248,504948,13343743,13482467,14492631,7841741,6831577
050567,Norwayne Local,Wayne,2021,6845843,70163,3596875,1335119,524907,13627371,13680127,14391129,6831577,6120575
050567,Norwayne Local,Wayne,2022,7020441,339826,3880302,1522730,543809,14073532,14094230,13675496,6120575,6539309
050567,Norwayne Local,Wayne,2023,7101558,384916,3790657,1682864,546979,14336674,14348886,14069413,6539309,6818782
050567,Norwayne Local,Wayne,2024,8071926,412868,4474192,1703183,618296,16321958,17082725,15816224,6818782,8085283
050567,Norwayne Local,Wayne,2025,8021269,472443,4957351,1788839,688951,17020602,17080861,19094816,8085283,6071328
050575,Northwestern Local,Wayne,2020,7170215,215403,3156689,2373749,434594,15774658,15774658,14884519,1377319,2267458
050575,Northwestern Local,Wayne,2021,7125626,390400,3308834,2402893,447226,16389395,16389395,13958331,2267458,4698522
050575,Northwestern Local,Wayne,2022,7407204,502852,3864145,2526492,459117,15874533,15938345,13542924,4698522,7093943
050575,Northwestern Local,Wayne,2023,8001207,553816,3709694,2814794,459380,16757043,16757043,14165620,7093943,9685366
050575,Northwestern Local,Wayne,2024,8449307,722928,4066247,2851339,523600,18248843,18371244,15573348,9685366,12483262
050575,Northwestern Local,Wayne,2025,8453671,663516,4668234,2998283,583788,19130432,19161567,25555310,12483262,6089519
050583,Southeast Local,Wayne,2020,4923414,123380,12459146,0,1061613,20401796,20401796,17006492,12331827,15727131
050583,Southeast Local,Wayne,2021,5160886,18964,13126846,0,1081808,21114184,21114184,16990568,15727131,19850747
050583,Southeast Local,Wayne,2022,5839717,319203,12434439,0,1120735,20148177,20148177,29804511,19850747,10194413
050583,Waynedale Local,Wayne,2023,5903240,270660,12698099,0,1140421,20982995,20982995,22226194,10194413,8951214
050583,Waynedale Local,Wayne,2024,5933077,329312,14029537,0,1284768,22878626,22878626,22098118,8951214,9731722
050583,Waynedale Local,Wayne,2025,5995330,228843,15404260,0,1422430,23919906,23919906,29650230,9731722,4001398
050591,Triway Local,Wayne,2020,6654098,135167,10147997,2055879,825447,21027154,23281200,21772844,251989,1760345
050591,Triway Local,Wayne,2021,6838374,135167,10884380,1745432,853872,21828661,21968344,19861640,1760345,3867049
050591,Triway Local,Wayne,2022,7046964,411636,10202940,501341,890945,19388354,19431546,19315595,3867049,3983000
050591,Triway Local,Wayne,2023,7203649,363244,6579462,176368,889034,19304432,19304432,19772459,3982999,3514972
050591,Triway Local,Wayne,2024,7180582,445552,7571744,0,1036887,20392050,20475339,21114370,3514972,2875941
050591,Triway Local,Wayne,2025,6587257,1066309,8414893,0,1150160,21814833,23842548,24708132,2875941,2010357
050617,Edgerton Local,Williams,2020,3718933,41853,1623523,954063,228343,7319729,7358220,7171506,5384396,5571110
050617,Edgerton Local,Williams,2021,3733705,41852,1629345,977435,229906,7404569,7423832,7282679,5571110,5712263
050617,Edgerton Local,Williams,2022,3893649,283526,1689815,1115328,234687,7635380,7635403,7498859,5712263,5848807
050617,Edgerton Local,Williams,2023,3727657,304061,1894246,1205525,237577,7840832,7846421,7921011,5848814,5774224
050617,Edgerton Local,Williams,2024,4080713,383413,1759564,1253930,246461,8189993,8200286,7814424,5774224,6160087
050617,Edgerton Local,Williams,2025,4442411,782039,2104485,1176207,286327,9349572,9355964,8542696,6160087,6973354
050625,Edon Northwest Local,Williams,2020,3796777,69907,1480875,588346,222394,6891531,6921987,6824422,2491715,2589280
050625,Edon Northwest Local,Williams,2021,3897923,68322,1491003,606610,221403,6954070,7006815,6800407,2589280,2795688
050625,Edon Northwest Local,Williams,2022,3615613,307952,1490794,685905,223229,6712913,6715018,6730369,2795688,2780337
050625,Edon Northwest Local,Williams,2023,4009207,339927,1518342,722239,222727,7396858,7398148,7061509,2780289,3116928
050625,Edon Northwest Local,Williams,2024,4452129,403249,1525520,724694,225129,8003055,8004576,7527268,3116928,3594236
050625,Edon Northwest Local,Williams,2025,4748147,402639,1913485,743311,266346,8756854,8760306,8118212,3594236,4236331
050633,Millcreek-West Unity Local,Williams,2020,3997059,110887,1601561,844581,226541,7788824,7833593,7180468,6406296,7059421
050633,Millcreek-West Unity Local,Williams,2021,4069427,91346,1581000,806360,217190,7697239,7739318,7411620,7059421,7387119
050633,Millcreek-West Unity Local,Williams,2022,4131390,383395,1585044,904817,222924,7597137,7598804,9331456,7387119,5654467
050633,Millcreek-West Unity Local,Williams,2023,4352852,388065,1650468,916727,226640,8212949,8216329,7920190,5654465,5950604
050633,Millcreek-West Unity Local,Williams,2024,5022253,487524,1641714,929931,228096,9018286,9020288,8047990,5950604,6922902
050633,Millcreek-West Unity Local,Williams,2025,5204307,475933,1756308,976100,246037,9351357,9361735,8264681,6922902,8019956
050641,North Central Local,Williams,2020,3756231,34712,2853488,0,375720,7945607,7978578,8069688,2244057,2152947
050641,North Central Local,Williams,2021,3826800,100267,2837675,0,361711,8111144,8182975,7907413,2152947,2428509
050641,North Central Local,Williams,2022,3757277,261122,2883726,0,349622,8070677,8177395,7706522,2428509,2899382
050641,North Central Local,Williams,2023,3855454,294540,2859512,0,344591,8292839,8337556,9234584,2899384,2002356
050641,North Central Local,Williams,2024,4358042,363050,2966243,0,344935,9154379,9193547,9164177,2002356,2031726
050641,North Central Local,Williams,2025,4080370,368482,3408963,0,391513,9543829,9582685,9196844,2031726,2417567
050658,Stryker Local,Williams,2020,3291336,54650,1419524,882987,211226,7189676,7214915,6293817,6080402,7001500
050658,Stryker Local,Williams,2021,3335997,54649,1438754,800942,210130,7060854,7079571,6165940,7001500,7915131
050658,Stryker Local,Williams,2022,3022664,254003,1427290,979203,212029,6759559,6760008,5881837,7915131,8793302
050658,Stryker Local,Williams,2023,3022307,270671,1499029,1062028,214613,7255636,7255636,6991076,8784248,9048808
050658,Stryker Local,Williams,2024,3027258,371536,1490041,1050540,214781,7502013,7502013,8212207,9048808,8338614
050658,Stryker Local,Williams,2025,2949260,416014,1738086,1106115,247377,7916072,7922383,8054589,8338614,8206408
050674,Eastwood Local,Wood,2020,5881216,64112,7048900,2352926,597459,17974841,18133999,18146552,9386876,9374323
050674,Eastwood Local,Wood,2021,6063834,68923,7649688,2343790,607515,19199805,19481701,18007763,9374323,10848261
050674,Eastwood Local,Wood,2022,6466460,361019,8022983,2566090,623369,19560205,19772993,18179360,10848261,12441894
050674,Eastwood Local,Wood,2023,6502318,336160,7680932,2796514,622967,19833336,19963006,20780459,12441894,11624441
050674,Eastwood Local,Wood,2024,6574998,383584,8369963,2766911,699695,21441456,21548904,21383534,11624441,11789811
050674,Eastwood Local,Wood,2025,6782410,350606,10400410,2935469,785164,23942278,24024475,24512132,11789811,11302154
050682,Elmwood Local,Wood,2020,6846462,210239,2722086,2009934,400536,17326902,17460831,16338312,4817252,5939771
050682,Elmwood Local,Wood,2021,6960941,164548,2772574,1996997,404873,16698138,16814103,15523819,5939771,7230055
050682,Elmwood Local,Wood,2022,7398601,206089,2730253,2335814,399381,15688722,15846384,15624177,7230055,7452262
050682,Elmwood Local,Wood,2023,7163356,348619,2630586,2897542,389270,16269453,16361136,16849930,7452113,6963319
050682,Elmwood Local,Wood,2024,7149584,458801,3218589,2566699,448103,16885797,17006994,17256855,6963319,6713459
050682,Elmwood Local,Wood,2025,7236742,426078,3572451,3130828,511222,17840363,18005710,17872737,6713459,6846432
050690,Lake Local,Wood,2020,5740995,44325,8637988,0,1906577,18232556,18450231,18019265,4244707,4675673
050690,Lake Local,Wood,2021,5828615,28290,8829162,0,1088667,18578449,18822967,18235889,4675673,5262751
050690,Lake Local,Wood,2022,6722312,-72197,9028523,0,1072561,18315080,18316245,18489750,5262751,5089246
050690,Lake Local,Wood,2023,6349799,372259,9291419,0,985395,19148833,19165953,20071980,5089245,4183218
050690,Lake Local,Wood,2024,6691647,448162,10040128,0,913216,21475241,21470841,20491087,4183218,5162972
050690,Lake Local,Wood,2025,6638780,518978,10215824,0,952089,21252382,21387777,21756785,5162972,4793964
050708,North Baltimore Local,Wood,2020,4355765,281370,3635282,806888,0,10049914,10086736,9341342,5109415,5854809
050708,North Baltimore Local,Wood,2021,4457777,-5649,3561307,902364,0,9957721,10035555,9626793,5854809,6263572
050708,North Baltimore Local,Wood,2022,4567799,281370,3873499,806888,0,10506165,10650388,10012790,6263572,6983529
050708,North Baltimore Local,Wood,2023,4560175,-2263,3829973,1127225,0,10662269,10843537,10920689,6263572,6186420
050708,North Baltimore Local,Wood,2024,5371690,5838,3963724,1009394,0,12083054,12228486,11094682,6186420,7320224
050708,North Baltimore Local,Wood,2025,5233771,48893,4218955,1053326,0,12092326,12170708,13821064,7320224,5669868
050716,Northwood Local Schools,Wood,2020,3606884,73795,5469018,353422,515867,12354230,12369445,11941473,5202391,5630363
050716,Northwood Local Schools,Wood,2021,3659536,77122,5320868,314166,512437,12735065,12786447,11571693,5630363,6845117
050716,Northwood Local Schools,Wood,2022,4601783,239046,5708819,396403,512061,13132431,13193393,12449448,6845117,7589062
050716,Northwood Local Schools,Wood,2023,5267336,352663,5613793,433119,512670,13369381,13369544,13217897,6215734,6367381
050716,Northwood Local Schools,Wood,2024,5867196,475263,5663116,407733,507513,14096207,14162500,13843156,6367381,6686725
050716,Northwood Local Schools,Wood,2025,6312339,564476,5940613,418382,519431,15204105,15219989,17995983,6686725,3910732
050724,Otsego Local,Wood,2020,5358338,40867,4524903,3268690,654791,15960464,16073984,16545544,4702058,4230498
050724,Otsego Local,Wood,2021,5615340,39758,4592319,3151043,666068,16718468,16949608,15684879,4230498,5495227
050724,Otsego Local,Wood,2022,6174351,4371,4657385,3485197,682970,16921702,16930074,16924395,5495227,5500906
050724,Otsego Local,Wood,2023,5896476,273531,4641334,3970286,690825,17386022,17409015,18300965,5500875,4608925
050724,Otsego Local,Wood,2024,6211065,392510,5445415,3923335,764315,18644556,18794136,19560588,4608925,3842473
050724,Otsego Local,Wood,2025,6208748,299289,6215081,4191414,878777,20522358,20632751,20329369,3842473,4145855
050740,Mohawk Local,Wyandot,2020,4919361,48849,2620204,1602883,409150,13387160,13444953,11900751,4037437,5581639
050740,Mohawk Local,Wyandot,2021,4952840,48849,2654297,1600979,412687,13686882,13859613,12052089,5581639,7389163
050740,Mohawk Local,Wyandot,2022,4908679,278967,2633815,1843363,412942,12677255,12762222,13003774,7389163,7147611
050740,Mohawk Local,Wyandot,2023,5138220,253604,2653586,2065655,414514,13473147,13564474,13092028,7547515,8019961
050740,Mohawk Local,Wyandot,2024,4977131,281507,2957745,1939708,442004,14009650,14032229,13457227,8019961,8594963
050740,Mohawk Local,Wyandot,2025,5085011,277207,3162174,2063073,475101,14475373,14484094,17497201,8594963,5581856
050773,Apollo,Allen,2020,4211698,1860689,3399143,0,465599,12036870,12233686,10937108,11337642,12634220
050773,Apollo,Allen,2021,4215839,1860682,3437204,0,467183,11937674,12175878,10987223,12634220,13822875
050773,Apollo,Allen,2022,5322807,2521839,3605941,0,484162,12931377,13205699,11910610,13822875,15117964
050773,Apollo,Allen,2023,5838030,2778947,3758172,0,499812,14065204,14382206,12330870,15117963,17169299
050773,Apollo,Allen,2024,7336743,3244822,4023245,0,524331,16805168,20126169,17064187,17169299,20231281
050773,Apollo,Allen,2025,7998692,3519522,4581264,0,599441,18628073,19632475,23576882,20231281,16286874
050799,Southern Hills,Brown,2020,2630110,1372976,1656049,0,241225,6649649,6678754,6540622,5266640,5404772
050799,Southern Hills,Brown,2021,2623982,1372905,1715439,0,232176,6740404,6798939,6502225,5404772,5701486
050799,Southern Hills,Brown,2022,2968349,1708720,1849309,0,270543,7430276,7438589,6586417,5701486,6553658
050799,Southern Hills,Brown,2023,3942641,1832360,2206900,0,267353,8684547,8698912,6782253,6458522,8375181
050799,Southern Hills,Brown,2024,4631960,2174882,1720464,0,267290,9711650,10403063,9527554,8375181,9250690
050799,Southern Hills,Brown,2025,5133416,2369825,2437641,0,308523,10807880,10818351,8206796,9250690,11862245
050815,Ashtabula County Technical And Career Center,Ashtabula,2020,3647499,1699933,3304446,0,474613,9939581,10556174,10459991,6830811,6926994
050815,Ashtabula County Technical And Career Center,Ashtabula,2021,3645392,1699916,3408060,0,464798,10048074,10565620,10362107,6926994,7130507
050815,Ashtabula County Technical And Career Center,Ashtabula,2022,3854655,1935481,3498847,0,457736,10510110,10933256,10797327,7130507,7266436
050815,Ashtabula County Technical And Career Center,Ashtabula,2023,4383528,2041394,3532804,0,453122,11286528,11720170,11547232,7266437,7439375
050815,Ashtabula County Technical And Career Center,Ashtabula,2024,5298933,2416096,4087095,0,516163,13469234,14301524,15320480,7439375,6420419
050815,Ashtabula County Technical And Career Center,Ashtabula,2025,5747865,2752083,4491769,0,600224,15077463,15705928,14163103,6420419,7963244
050856,Belmont-Harrison,Belmont,2020,3286710,1084271,2863025,0,271448,8465021,8562532,8360027,5063676,5266181
050856,Belmont-Harrison,Belmont,2021,3285080,1084271,2972244,0,271598,8558587,8658358,8480428,5266181,5444111
050856,Belmont-Harrison,Belmont,2022,3405213,1339062,2707681,0,283216,8786963,8847318,8681809,5444111,5609620
050856,Belmont-Harrison,Belmont,2023,3424739,1421688,2747877,0,289085,9431063,9502711,9131538,5609621,5980794
050856,Belmont-Harrison,Belmont,2024,3839930,1681871,2872992,0,293054,10322135,10389411,10233090,5980794,6137115
050856,Belmont-Harrison,Belmont,2025,4227037,1845381,3028090,0,318219,10942106,11018601,11672009,6137115,5483707
050880,Butler Technology & Career Development Schools,Butler,2020,20146205,10602746,16543478,0,1984098,50140302,50226005,48710128,18653073,20168950
050880,Butler Technology & Career Development Schools,Butler,2021,19968424,10602744,19076853,0,2213036,52764279,53140312,52855372,20168950,20453890
050880,Butler Technology & Career Development Schools,Butler,2022,21239147,12101442,20157699,0,2399572,56286949,56290519,54933420,20453890,21810989
050880,Butler Technology & Career Development Schools,Butler,2023,23322488,12708283,20716894,0,2433738,59898128,60166068,59136874,21810992,22840186
050880,Butler Technology & Career Development Schools,Butler,2024,26460341,14411875,24099061,0,2875779,69215754,69280653,68730319,22840186,23390520
050880,Butler Technology & Career Development Schools,Butler,2025,28683296,15181416,27569137,0,3319805,76501062,76512693,75786312,23390520,24116901
050906,Columbiana County,Columbiana,2020,2850016,701703,2028375,0,311979,6799490,6809268,6746199,3424100,3487169
050906,Columbiana County,Columbiana,2021,2855114,701703,2160381,0,321387,7241182,7276943,6995022,3487169,3769090
050906,Columbiana County,Columbiana,2022,3339093,977363,2174342,0,321736,7661994,7663200,7203432,3769090,4228858
050906,Columbiana County,Columbiana,2023,3223209,1035496,2482658,0,343537,7887615,7889843,8160181,4228856,3958518
050906,Columbiana County,Columbiana,2024,3237863,1174044,2595714,0,370069,8096648,8099034,7835461,3958518,4222091
050906,Columbiana County,Columbiana,2025,3264830,1232118,2683086,0,375726,8666878,8667119,10576312,4222091,2312898
050922,Cuyahoga Valley Career Center,Cuyahoga,2020,1604493,113457,11176854,0,1370317,15485201,15993309,16264001,16068925,15798233
050922,Cuyahoga Valley Career Center,Cuyahoga,2021,1620264,113457,11376332,0,1400611,15590417,16048808,13512123,15798233,18334918
050922,Cuyahoga Valley Career Center,Cuyahoga,2022,1741436,291547,12196252,0,1482379,16719240,17127010,15385786,18334918,20076142
050922,Cuyahoga Valley Career Center,Cuyahoga,2023,1708516,341133,12663667,0,1531648,17556994,17765516,17928878,20076140,19912779
050922,Cuyahoga Valley Career Center,Cuyahoga,2024,1536085,629352,13541616,0,1630954,19089521,19338233,19509446,19912779,19741566
050922,Cuyahoga Valley Career Center,Cuyahoga,2025,1482450,1258200,14872247,0,1830243,21760123,21917173,20717788,19741566,20940950
050948,Polaris,Cuyahoga,2020,1805011,1065352,9407374,0,1184229,14584545,14639953,14321441,9197449,9515970
050948,Polaris,Cuyahoga,2021,1818643,1066690,9326568,0,1170891,14388376,14388349,13657322,9515970,10246992
050948,Polaris,Cuyahoga,2022,2008197,1413102,10118382,0,1233615,15656521,15656521,15500000,10246992,10403515
050948,Polaris,Cuyahoga,2023,2771182,1508792,10578657,0,1292688,17226826,17242106,17242031,10403514,10403589
050948,Polaris,Cuyahoga,2024,3565434,2003851,10652552,0,1296174,19057827,19057827,19055256,10403589,10406160
050948,Polaris,Cuyahoga,2025,4057296,2379327,11709000,0,1468631,21479141,21482134,21466303,10406160,10421991
050963,Four County Career Center,Henry,2020,5212414,2113686,9088425,0,898880,20295738,20600824,17156825,14392573,17836572
050963,Four County Career Center,Henry,2021,5214670,2084639,9128939,0,900586,20364434,20598983,17232612,17836572,21202943
050963,Four County Career Center,Henry,2022,5531046,2485800,9246427,0,904069,20754783,20990291,17811416,21202943,24381818
050963,Four County Career Center,Henry,2023,5954363,2589579,9292800,0,898497,22053252,22197852,20408965,24381811,26170698
050963,Four County Career Center,Henry,2024,6623597,3081307,9383035,0,875270,24104942,26360625,24802332,26170698,27728991
050963,Four County Career Center,Henry,2025,7358013,3267946,9610859,0,852572,25721872,25817787,21748389,27728991,31798388
050989,Delaware Area Career Center,Delaware,2020,2292974,92145,11199132,0,1451067,18693568,18984531,16947502,3726279,5763308
050989,Delaware Area Career Center,Delaware,2021,2325867,92227,11859953,0,1554741,19893402,20288599,17980890,5763308,8071017
050989,Delaware Area Career Center,Delaware,2022,3488819,1023534,13203334,0,1715186,22635095,22975111,21255004,8071017,9791124
050989,Delaware Area Career Center,Delaware,2023,4033414,1269425,13615208,0,1834920,24459378,24762389,23435835,9791122,11117676
050989,Delaware Area Career Center,Delaware,2024,4117444,1749013,16443230,0,2078782,29469766,29762070,25534392,11117676,15345354
050989,Delaware Area Career Center,Delaware,2025,4318366,2123426,19266266,0,2434994,34105724,34802334,43874097,15345354,6273591
051003,Eastland-Fairfield Career & Technical Schools,Franklin,2020,5736601,0,16036688,0,1848526,24542301,25155574,22614137,11952180,14493617
051003,Eastland-Fairfield Career & Technical Schools,Franklin,2021,5645085,0,17624664,0,1994218,25611963,26200348,23891031,14493617,16802934
051003,Eastland-Fairfield Career & Technical Schools,Franklin,2022,7034317,0,18750508,0,2109835,28324093,29089963,26350490,16802934,19542407
051003,Eastland-Fairfield Career & Technical Schools,Franklin,2023,8218677,0,19844404,0,2222019,31720688,32299366,30327167,19542407,21514606
051003,Eastland-Fairfield Career & Technical Schools,Franklin,2024,10360889,0,23092633,0,2619252,38262458,39183679,33192041,21514606,27506244
051003,Eastland-Fairfield Career & Technical Schools,Franklin,2025,12088067,0,25891768,0,2934772,43375413,44772176,56352046,27506244,15926374
051029,Ehove Career Center,Erie,2020,3693182,1586583,9059598,0,882794,16273551,16325250,16128599,6237039,6433690
051029,Ehove Career Center,Erie,2021,3713795,1587471,9507256,0,905157,16481108,16572489,16418089,6433690,6588090
051029,Ehove Career Center,Erie,2022,4375577,2097487,9627669,0,897265,17146188,17174862,16847035,6588090,6915917
051029,Ehove Career Center,Erie,2023,4625915,2199758,9856061,0,882408,18060549,18099927,18095119,6915917,6920725
051029,Ehove Career Center,Erie,2024,5411437,2509763,9888992,0,885168,19618819,19672525,19672003,6920725,6921248
051029,Ehove Career Center,Erie,2025,5991679,3521985,11078232,0,932222,22371237,22508121,22507586,6921248,6921783
051045,Greene County Vocational School District,Greene,2020,3751974,1711134,7874339,0,963268,15372752,15378264,12535413,9986564,12829415
051045,Greene County Vocational School District,Greene,2021,3725449,1711124,8287961,0,1016242,15596550,15599345,13511013,12829415,14917747
051045,Greene County Vocational School District,Greene,2022,4371110,2177769,8708327,0,1061935,16657395,16694917,21577573,14917747,10035091
051045,Greene County Vocational School District,Greene,2023,5455630,2564049,8997105,0,1073876,18841102,18842339,16962560,10035090,11914869
051045,Greene County Vocational School District,Greene,2024,7086135,3334342,10200594,0,1223933,22855683,22855876,23779611,11914869,10991134
051045,Greene County Vocational School District,Greene,2025,8385942,3894829,11849039,0,1390225,26616956,26622897,25648456,10991134,11965575
051060,Great Oaks Career Campuses,Hamilton,2020,13265136,6862003,35938964,0,4375053,66627709,66926092,66737398,29662524,29851218
051060,Great Oaks Career Campuses,Hamilton,2021,13012482,7073925,38077192,0,4457873,68459231,69050596,68933030,29851218,29968784
051060,Great Oaks Career Campuses,Hamilton,2022,15097760,8520497,39956422,0,4888028,74170667,74467381,74453864,29968784,29982301
051060,Great Oaks Career Campuses,Hamilton,2023,17594291,9662330,40894426,0,4854594,80593411,80809243,79533492,29982325,31258076
051060,Great Oaks Career Campuses,Hamilton,2024,22617901,12340264,46022502,0,5517019,95321249,95474211,95597665,31258076,31134622
051060,Great Oaks Career Campuses,Hamilton,2025,27372654,13798611,51741890,0,6318343,109033864,109662052,111256686,31134622,29539988
051128,Jefferson County,Jefferson,2020,1857121,711100,2994574,0,229329,6181375,6818924,5740929,1548716,2626711
051128,Jefferson County,Jefferson,2021,1938320,642863,3228646,0,233213,6308210,6855218,6174661,2626711,3307267
051128,Jefferson County,Jefferson,2022,2154021,947894,3175545,0,232448,6751598,7459901,6771460,3307267,3995708
051128,Jefferson County,Jefferson,2023,2475995,1035759,3633159,0,173413,7482837,8497067,7866186,4245572,4876453
051128,Jefferson County,Jefferson,2024,2908842,1175965,3573273,0,236249,8128447,9052339,8029202,4876453,5899590
051128,Jefferson County,Jefferson,2025,3154360,1500144,3890698,0,260093,10013276,11027827,9572016,5899590,7355401
051144,Knox County Jvsd,Knox,2020,3661968,1264322,3057959,0,400954,9888143,9940153,10203120,7406738,7143771
051144,Knox County Jvsd,Knox,2021,3683253,1264505,3263761,0,411211,10154918,10190786,10291214,7143771,7043343
051144,Knox County Jvsd,Knox,2022,4022662,1540226,3348318,0,420469,10652710,10684669,10779767,7043343,6948245
051144,Knox County Jvsd,Knox,2023,4232856,1657721,3403273,0,421831,11292628,11312279,12061717,6948248,6198810
051144,Knox County Jvsd,Knox,2024,4711698,1874325,4032712,0,493288,12827176,12832110,12978612,6198810,6052308
051144,Knox County Jvsd,Knox,2025,5122850,2154815,4580607,0,567913,14295575,14328827,13534794,6052308,6846341
051169,Auburn,Lake,2020,2146051,94010,6057261,0,847989,9791791,10174292,10172826,6474055,6475522
051169,Auburn,Lake,2021,2136332,94007,6279207,0,868255,10100806,10445151,9034197,6475522,7886476
051169,Auburn,Lake,2022,2115700,332034,6605096,0,902059,10596238,11156257,8926797,7886476,10115936
051169,Auburn,Lake,2023,2143003,489316,6722749,0,920149,11325000,11388130,10583656,10115938,10920412
051169,Auburn,Lake,2024,2321311,855130,7283941,0,983548,13122302,13987508,11231054,10920412,13676866
051169,Auburn,Lake,2025,2367818,1109074,8543341,0,1114461,14683559,15002618,19660214,13676866,9019270
051185,Lawrence County,Lawrence,2020,5776852,0,2770522,0,393425,9815797,10735933,9971152,1287725,2052506
051185,Lawrence County,Lawrence,2021,5850114,0,2713520,0,386819,9190964,10491730,9831824,2052506,2712412
051185,Lawrence County,Lawrence,2022,6457767,6843,2954543,0,420295,10200963,11502023,10046153,2712412,4168282
051185,Lawrence County,Lawrence,2023,7156898,40786,3325218,0,430392,11399605,12753655,12977290,4168281,3944646
051185,Lawrence County,Lawrence,2024,6061487,2729439,3604032,0,445497,13185473,14501500,12295529,3944646,6150617
051185,Lawrence County,Lawrence,2025,6544997,3337271,3590900,0,453024,13864385,15309427,13008003,6150617,8452041
051201,Career And Technology Educational Centers,Licking,2020,3778450,1302733,7923241,0,1032898,15709691,15779136,16109329,16790985,16460792
051201,Career And Technology Educational Centers,Licking,2021,3790291,1304911,8598045,0,1119255,16264168,16329397,13125406,16460792,19664783
051201,Career And Technology Educational Centers,Licking,2022,4269799,1673438,9259876,0,1210696,17820289,17827003,21922358,19664783,15569428
051201,Career And Technology Educational Centers,Licking,2023,4590526,1937050,9569262,0,1233939,19180183,19191348,16033427,15569442,18727363
051201,Career And Technology Educational Centers,Licking,2024,5719438,2551213,11870992,0,1454284,24006545,24041498,20833027,18727363,21935834
051201,Career And Technology Educational Centers,Licking,2025,6528789,2998388,13597625,0,1676997,27696993,27737828,19160872,21935834,30512789
051227,Lorain County Jvs,Lorain,2020,5140035,1356131,12169297,0,1574719,20952473,21161432,18521991,9115685,11755126
051227,Lorain County Jvs,Lorain,2021,5138165,1321790,12502148,0,1590408,21127851,21430584,19553626,11755126,13632084
051227,Lorain County Jvs,Lorain,2022,5804081,1925523,12451350,0,1689217,23065948,23304147,22951137,13632084,13985094
051227,Lorain County Jvs,Lorain,2023,6196301,2217908,13236781,0,1789871,24921347,25639866,24087675,13985093,15537284
051227,Lorain County Jvs,Lorain,2024,7437110,2824879,13386409,0,1827398,27848373,28199615,23043081,15537284,20693818
051227,Lorain County Jvs,Lorain,2025,8320584,3245747,15811694,0,2113052,32061061,32072845,36029812,20693818,16736851
051243,Mahoning Co Career & Tech Ctr,Mahoning,2020,2488038,1392711,6333144,0,928285,13577383,13742435,15107052,22490480,21125863
051243,Mahoning Co Career & Tech Ctr,Mahoning,2021,2515056,1392711,6735933,0,951879,16369325,16690255,15504071,21125863,22312047
051243,Mahoning Co Career & Tech Ctr,Mahoning,2022,3700410,1883579,7072079,0,988529,16559880,16624029,15383481,22312047,23552595
051243,Mahoning Co Career & Tech Ctr,Mahoning,2023,3938608,2064079,6923946,0,1000658,17431437,17988330,16943789,23655918,24700458
051243,Mahoning Co Career & Tech Ctr,Mahoning,2024,4753541,2402361,9008164,0,524413,20688161,23313838,22739898,24700458,25274398
051243,Mahoning Co Career & Tech Ctr,Mahoning,2025,5255189,3215267,9496340,0,1300369,23744867,24297568,34938095,25274398,14633871
051284,Miami Valley Career Tech,Montgomery,2020,10870079,4777589,14095399,0,2046586,33403332,33572734,32375031,12903480,14101183
051284,Miami Valley Career Tech,Montgomery,2021,10766069,4777782,14134648,0,2023484,33174292,33384848,32910131,14101183,14575900
051284,Miami Valley Career Tech,Montgomery,2022,11375439,5785300,14367978,0,2001920,35304705,35416252,33908499,14575900,16083653
051284,Miami Valley Career Tech,Montgomery,2023,12031724,6132239,14504077,0,2001994,36585869,36646947,36109313,16083651,16621285
051284,Miami Valley Career Tech,Montgomery,2024,13670795,7185948,16232005,0,2215684,41539348,41548138,41538598,16621285,16630825
051284,Miami Valley Career Tech,Montgomery,2025,15517563,8404402,17998196,0,2466279,47027684,48547197,52313574,16630825,12864448
051300,Mid-East Career And Technology Centers,Muskingum,2020,5812637,2608866,6010697,0,772048,19412828,19510328,16777891,20024366,22756803
051300,Mid-East Career And Technology Centers,Muskingum,2021,5730185,2608855,6121103,0,777920,20228554,20318663,16331488,22756803,26743978
051300,Mid-East Career And Technology Centers,Muskingum,2022,6105473,2955459,6274516,0,806529,20454250,20521054,17455848,26743978,29809184
051300,Mid-East Career And Technology Centers,Muskingum,2023,6431188,3082717,6660022,0,835775,21692558,21768528,19227275,29808619,32349873
051300,Mid-East Career And Technology Centers,Muskingum,2024,7352581,3546208,6729904,0,861856,24032535,24086517,24294347,32349873,32142042
051300,Mid-East Career And Technology Centers,Muskingum,2025,8082831,4867692,7757339,0,980552,28681183,28685109,50321462,32142042,10505688
051334,Ohio Hi-Point Career Center,Logan,2020,6831607,0,6186171,0,816632,15008787,15072462,14241085,8530750,9362127
051334,Ohio Hi-Point Career Center,Logan,2021,6838366,0,6630022,0,818198,15097115,15171615,14134252,9362127,10399490
051334,Ohio Hi-Point Career Center,Logan,2022,7592799,0,6647507,0,818284,15800051,16028394,14168874,10399490,12259010
051334,Ohio Hi-Point Career Center,Logan,2023,8208174,0,7473979,0,918072,17449109,17680764,15484060,12259010,14455713
051334,Ohio Hi-Point Career Center,Logan,2024,10009348,0,8375169,0,977974,20523516,20708688,18806126,14455713,16358275
051334,Ohio Hi-Point Career Center,Logan,2025,11861247,0,8368015,0,1028498,22702820,23142820,21653159,16358275,17847936
051359,Penta Career Center - District,Wood,2020,12535965,4416956,10952533,0,1356351,30930347,31018754,30652583,14297740,14663911
051359,Penta Career Center - District,Wood,2021,12792583,4417910,11331569,0,1388810,31725457,31873108,30015819,14663911,16521200
051359,Penta Career Center - District,Wood,2022,12681134,5583356,12015994,0,1465688,33417494,33583652,32509551,16521200,17595301
051359,Penta Career Center - District,Wood,2023,13699743,5988195,12321000,0,1506080,35441475,35762267,36152143,17595242,17205366
051359,Penta Career Center - District,Wood,2024,15718575,6951830,13195003,0,1608007,39600614,39742731,39325084,17205366,17623014
051359,Penta Career Center - District,Wood,2025,17193800,8909713,14858803,0,1819826,45307200,45617336,39483044,17623014,23757305
051375,Pike County Area,Pike,2020,3136765,1356517,788453,0,152460,6503488,6623676,6432870,5125389,5316195
051375,Pike County Area,Pike,2021,3108301,1356499,844291,0,134333,6274506,6628681,6351588,5316195,5593288
051375,Pike County Area,Pike,2022,3464915,1529104,892267,0,135010,7372764,7483326,6393869,5593288,6682745
051375,Pike County Area,Pike,2023,3719686,2052434,912669,0,116839,8014558,8127811,7421502,6682765,7389074
051375,Pike County Area,Pike,2024,4237955,2111411,1033066,0,144589,9003982,9168601,7773375,7389074,8784300
051375,Pike County Area,Pike,2025,4586202,2018397,1107670,0,156970,9281529,9458849,8573116,8784300,9670033
051391,Maplewood Career Center District,Portage,2020,3329988,1291337,6416130,0,860911,13342393,13790632,13056584,30185469,30919517
051391,Maplewood Career Center District,Portage,2021,3329344,1291344,6480856,0,864724,13317613,13528589,12324959,30919517,32123147
051391,Maplewood Career Center District,Portage,2022,3627669,1627128,6531826,0,857336,13631748,13915217,15713251,32123147,30325113
051391,Maplewood Career Center District,Portage,2023,4064743,1714678,6673821,0,848417,14725152,15202528,15595015,30325111,29932624
051391,Maplewood Career Center District,Portage,2024,4579591,1929656,6724676,0,855423,16097893,16416458,13938349,29932624,32410733
051391,Maplewood Career Center District,Portage,2025,4809111,2152354,7030068,0,893293,17227104,17577539,31374033,32410733,18614239
051417,Pioneer Career & Technology,Richland,2020,7395158,3515131,5894776,0,483772,20580362,20715000,18906720,15182913,16991193
051417,Pioneer Career & Technology,Richland,2021,7342426,3514999,5960197,0,477635,20399542,20590482,19219986,16991193,18361689
051417,Pioneer Career & Technology,Richland,2022,8529387,4277571,6018206,0,465106,20987938,21105858,20084397,18361689,19383150
051417,Pioneer Career & Technology,Richland,2023,9025000,4346816,6100938,0,455060,22308719,22411603,20559006,19383149,21235746
051417,Pioneer Career & Technology,Richland,2024,10520156,4869341,6114771,0,440306,25001878,25123473,21241752,21235746,25117467
051417,Pioneer Career & Technology,Richland,2025,11554446,5248901,6445080,0,449053,27166702,27234970,23470534,25117467,28881903
051433,Pickaway-Ross County Jvsd,Ross,2020,6945655,3373289,4453570,0,613151,17662323,17921649,16839999,10996205,12077855
051433,Pickaway-Ross County Jvsd,Ross,2021,6918015,3373289,4491635,0,609113,17498169,17616573,16478435,12077855,13215993
051433,Pickaway-Ross County Jvsd,Ross,2022,7306510,3757283,4519981,0,609546,17955228,17982360,17003056,13215993,14195297
051433,Pickaway-Ross County Jvsd,Ross,2023,7703139,3864404,4724760,0,612854,19036761,19049128,18596327,14195277,14648078
051433,Pickaway-Ross County Jvsd,Ross,2024,8808269,4337366,5114260,0,655070,21687899,21946414,25196757,14648078,11397735
051433,Pickaway-Ross County Jvsd,Ross,2025,9394111,5316266,5342869,0,698399,24323182,24590089,21799448,11397735,14188376
051458,Vanguard-Sentinel Career & Technology Centers,Sandusky,2020,8684885,0,4342244,0,606800,15126663,15128711,16142776,11479154,10465089
051458,Vanguard-Sentinel Career & Technology Centers,Sandusky,2021,8733143,0,4440206,0,608835,15413120,15470554,13881356,10465089,12054287
051458,Vanguard-Sentinel Career & Technology Centers,Sandusky,2022,6731174,2380179,4539853,0,622897,16009292,16018890,14868309,12054287,13204868
051458,Vanguard-Sentinel Career & Technology Centers,Sandusky,2023,6678916,2619840,4765341,0,644168,16586212,16806583,16003537,13204869,14007915
051458,Vanguard-Sentinel Career & Technology Centers,Sandusky,2024,7349126,3359855,5162114,0,683909,18668649,18830574,19218679,14007915,13619809
051458,Vanguard-Sentinel Career & Technology Centers,Sandusky,2025,7882714,3857759,5872786,0,773641,20894308,21696783,19864071,13619809,15452521
051474,Warren County Vocational School,Warren,2020,4457371,2262682,8582824,0,1143698,18964902,19081905,20429677,11297112,9949340
051474,Warren County Vocational School,Warren,2021,4516335,2262682,8887993,0,1164628,19850045,22003847,18822944,9949340,13130243
051474,Warren County Vocational School,Warren,2022,5852122,2871576,9983274,0,1287534,21576751,21763514,23221146,13130243,11672611
051474,Warren County Vocational School,Warren,2023,6106421,3042472,10765004,0,1418004,23353638,23431785,24762874,11672614,10341525
051474,Warren County Vocational School,Warren,2024,7159921,3642517,11120209,0,1457695,25548796,26420974,26955111,10341525,9807387
051474,Warren County Vocational School,Warren,2025,8478520,4106948,12811873,0,1685869,29828300,29896071,30268822,9807387,9434637
051490,Scioto County Joint Vocational School,Scioto,2020,3459549,1894976,2388655,0,289084,8632592,8874367,8945711,2701713,2630369
051490,Scioto County Joint Vocational School,Scioto,2021,3433989,1895333,2556316,0,293746,8855973,9237120,8994101,2630369,2873388
051490,Scioto County Joint Vocational School,Scioto,2022,3726466,2064644,2610519,0,293254,9008167,9237105,9070342,2873388,3040151
051490,Scioto County Joint Vocational School,Scioto,2023,4155154,2616089,2311236,0,305233,10323738,11562516,10795053,3040150,3807613
051490,Scioto County Joint Vocational School,Scioto,2024,5371532,3008140,2063465,0,319018,12326890,12715971,11040707,3807613,5482877
051490,Scioto County Joint Vocational School,Scioto,2025,5903693,3300290,2163933,0,322235,13519206,13729760,16057862,5482877,3154775
051532,Springfield-Clark County,Clark,2020,4076199,1737909,4818108,0,705992,12358522,12389204,11819524,8708119,9277799
051532,Springfield-Clark County,Clark,2021,4102181,1737666,4968412,0,695048,12562421,12653127,11687328,9277799,10243598
051532,Springfield-Clark County,Clark,2022,4376265,2045884,4979444,0,689226,12750881,12768818,11945355,10243598,11067061
051532,Springfield-Clark County,Clark,2023,4525388,2185271,5292682,0,713275,13618250,13619545,13012675,11067060,11673930
051532,Springfield-Clark County,Clark,2024,5366236,2713905,5605138,0,741158,15575576,15586764,14620932,11673930,12639762
051532,Springfield-Clark County,Clark,2025,6496755,2989121,5705009,0,746271,17140173,17180386,15257501,12639762,14562647
051607,Tri-County Career Center,Athens,2020,2381597,1259705,3082191,0,432387,9130056,9156838,8482585,5203047,5877300
051607,Tri-County Career Center,Athens,2021,2368101,1259669,3342847,0,444445,9957491,9968836,8646825,5877300,7199311
051607,Tri-County Career Center,Athens,2022,2789653,1536026,3367853,0,456520,10442391,10442830,8970679,7199311,8671462
051607,Tri-County Career Center,Athens,2023,3126717,2287205,3586911,0,474386,12307572,12315729,9659529,8671462,11327662
051607,Tri-County Career Center,Athens,2024,4011767,2509364,3961097,0,518138,14258016,14285968,13413554,11327662,12200077
051607,Tri-County Career Center,Athens,2025,4690312,2547912,4192189,0,548593,15978963,15994261,18411697,12200077,9782641
051631,Trumbull Career & Tech Ctr,Trumbull,2020,5452267,2153430,5972284,0,956432,15860717,16179970,15747345,10884916,11317541
051631,Trumbull Career & Tech Ctr,Trumbull,2021,5471386,2154289,6082528,0,949747,15883101,16443549,15850826,11317541,11910264
051631,Trumbull Career & Tech Ctr,Trumbull,2022,6026984,2253892,6109703,0,942282,16351649,16848929,17486351,11910264,11272842
051631,Trumbull Career & Tech Ctr,Trumbull,2023,6289405,2570293,6482982,0,930314,17085669,17766383,19472319,11272826,9566890
051631,Trumbull Career & Tech Ctr,Trumbull,2024,7063887,3052374,7031949,0,1057088,19628449,20346861,20403908,9566890,9509842
051631,Trumbull Career & Tech Ctr,Trumbull,2025,7731136,4169137,7944607,0,1185413,23789857,24242158,20994163,9509842,12757837
051656,Buckeye,Tuscarawas,2020,5037647,1939645,5690530,0,686857,15541016,15575642,15562569,19203905,19216978
051656,Buckeye,Tuscarawas,2021,5054853,1939572,5937468,0,678182,15742865,15840618,14474979,19216978,20582617
051656,Buckeye,Tuscarawas,2022,5765023,2319293,5871806,0,683702,16378843,16384302,15377822,20582617,21589097
051656,Buckeye,Tuscarawas,2023,6128998,2392834,6337249,0,726185,17657170,17657785,16572657,21589097,22674224
051656,Buckeye,Tuscarawas,2024,6608270,2724398,6470228,0,781246,19264416,22412776,21005015,22674224,24081986
051656,Buckeye,Tuscarawas,2025,7029019,3671821,6884970,0,784090,21720719,21720719,23477133,24081986,22325572
051672,Vantage Career Center,Van Wert,2020,2755114,865174,2883454,0,402976,8799333,8837808,7896533,12280874,13222149
051672,Vantage Career Center,Van Wert,2021,2798192,865174,3141644,0,434423,8558491,8582405,8078168,13222149,13726386
051672,Vantage Career Center,Van Wert,2022,3155477,1184767,3330452,0,461665,9639368,9641316,8686396,13726386,14681306
051672,Vantage Career Center,Van Wert,2023,3599632,1299394,3474627,0,459497,10273974,10279984,9070399,14681305,15890890
051672,Vantage Career Center,Van Wert,2024,3981060,1526871,3615697,0,498666,11576159,11611191,10251523,15890890,17250558
051672,Vantage Career Center,Van Wert,2025,4440481,1694499,4048253,0,540669,13063637,13081144,15657142,17250558,14674560
051698,Washington County Career Center District,Washington,2020,2469085,1127471,1978560,0,280643,6980320,7159943,6599147,5814635,6375431
051698,Washington County Career Center District,Washington,2021,2482629,1127464,2024843,0,289943,6963370,7130480,6616383,6375431,6889528
051698,Washington County Career Center District,Washington,2022,2895942,1337973,2062582,0,287404,7553982,7717551,7060610,6889528,7546469
051698,Washington County Career Center District,Washington,2023,3266423,1440235,2304407,0,310000,8401795,8563578,9508472,7546470,6601576
051698,Washington County Career Center District,Washington,2024,3853416,1698786,2471550,0,334719,9687307,9857528,9962941,6601576,6496163
051698,Washington County Career Center District,Washington,2025,4137615,1710770,2624093,0,338650,9892874,10037982,10548816,6496163,5985329
051714,Wayne County Jvsd,Wayne,2020,4316274,1552176,4601831,0,591823,12914714,12941976,12812661,8318829,8448144
051714,Wayne County Jvsd,Wayne,2021,4342033,1554719,4869208,0,623079,13255090,13348109,13534218,8448144,8262034
051714,Wayne County Jvsd,Wayne,2022,4587037,1905447,5203373,0,654984,13745339,13754627,12610833,8262034,9405827
051714,Wayne County Jvsd,Wayne,2023,4647979,1987858,5248613,0,656377,14323526,14329029,13322137,9405825,10412717
051714,Wayne County Jvsd,Wayne,2024,5287650,2264537,6100984,0,754423,16466655,16478894,14051735,10412717,12839876
051714,Wayne County Jvsd,Wayne,2025,5583553,1903647,6791844,0,856601,17875700,17875700,18647448,12839876,12068128
061903,Adams County Ohio Valley Local,Adams,2020,29210209,1794726,7665930,0,1086495,42055588,45420166,45079753,18691147,19031560
061903,Adams County Ohio Valley Local,Adams,2021,29413786,1598118,6621614,0,912628,42779328,46795632,46992104,19031560,18835088
061903,Adams County Ohio Valley Local,Adams,2022,30365426,2413353,6720818,0,949834,43785540,47677725,48038420,18835088,18474393
061903,Adams County Ohio Valley Local,Adams,2023,29846443,2971665,7460640,0,1048446,45594715,50075053,50561733,18474412,17987734
061903,Adams County Ohio Valley Local,Adams,2024,30767965,3121242,8029790,0,1068692,47350126,52391746,51081810,17987734,19297670
061903,Adams County Ohio Valley Local,Adams,2025,29033442,5127887,7941305,0,1091415,48522959,51335155,50434429,19297670,20198396
062026,Stark County Area,Stark,2020,2951281,971894,2983832,0,399250,8603497,8644595,8338527,7177898,7483966
062026,Stark County Area,Stark,2021,2997266,972751,3086402,0,405211,8832589,8861067,8285688,7483966,8059345
062026,Stark County Area,Stark,2022,4222228,1317154,3334263,0,430859,9452164,9452164,8334357,8059345,9177152
062026,Stark County Area,Stark,2023,4107196,1588952,3565365,0,456896,10668609,10688425,9403303,9177152,10462274
062026,Stark County Area,Stark,2024,5246280,1877757,3680408,0,469286,12276135,12276135,10529805,10462274,12208604
062026,Stark County Area,Stark,2025,5846578,2778450,4334814,0,530148,14327462,14327462,23170575,12208604,3365491
062042,Ashland County-West Holmes Joint Vocational School,Ashland,2020,1905772,755640,2480645,0,334027,7065570,7146655,6161461,6106249,7091443
062042,Ashland County-West Holmes Joint Vocational School,Ashland,2021,1909585,755583,2584191,0,343456,7260024,7378972,6285847,7091443,8184568
062042,Ashland County-West Holmes Joint Vocational School,Ashland,2022,2429748,913595,2659830,0,350087,7505737,7723286,7199451,8184568,8708403
062042,Heartland Technical Education Center,Ashland,2023,2793954,1075554,2745787,0,358906,8634159,8897997,8456502,8708406,9149901
062042,Heartland Technical Education Center,Ashland,2024,3459261,1366515,3225508,0,411929,10439719,10611629,10015113,9149901,9746417
062042,Heartland Technical Education Center,Ashland,2025,3954674,1522530,3487756,0,456946,11587905,11649766,10510869,9746417,10885314
062067,Gallia-Jackson-Vinton,Gallia,2020,3287776,3335868,3284200,0,324131,10542723,10753670,10011098,4059622,4802196
062067,Gallia-Jackson-Vinton,Gallia,2021,3314021,3460012,3485664,0,326918,10923878,11040447,10460360,4802196,5382283
062067,Gallia-Jackson-Vinton,Gallia,2022,4515377,2766491,3649960,0,338522,11692527,11883103,12014269,5382283,5251118
062067,Gallia-Jackson-Vinton,Gallia,2023,4717596,3395761,2372585,0,338742,12812644,13324064,12251859,5251118,6323322
062067,Gallia-Jackson-Vinton,Gallia,2024,5394118,3368009,2626489,0,361120,14541986,14969370,14624176,6323322,6668517
062067,Gallia-Jackson-Vinton,Gallia,2025,5971928,3689834,2863405,0,397614,15778745,17195459,16727620,6668517,7136356
062109,Medina County Joint Vocational School District,Medina,2020,6800489,692934,8658350,0,1160877,18093013,18105318,18791158,12354251,11668411
062109,Medina County Joint Vocational School District,Medina,2021,5366332,2078802,9587643,0,1211800,18627872,18628122,18842972,11668411,11453561
062109,Medina County Joint Vocational School District,Medina,2022,6699705,1191175,9781412,0,1228236,19439234,19476493,22181848,11453561,8748206
062109,Medina County Joint Vocational School District,Medina,2023,5857591,2138671,10825820,0,1368629,21732751,21808057,21191763,8748204,9364498
062109,Medina County Joint Vocational School District,Medina,2024,6822530,2851722,12043281,0,1520704,24137459,24178152,20467618,9364498,13075032
062109,Medina County Joint Vocational School District,Medina,2025,7677362,3241199,12291627,0,1555827,26876090,26962069,28543337,13075032,11493764
062125,Upper Valley Career Center,Miami,2020,6874203,3315796,7640600,0,702033,20172239,20296492,18801621,11079709,12574580
062125,Upper Valley Career Center,Miami,2021,6856471,3315796,9275982,0,742542,21879754,22725079,20879989,12574580,14419670
062125,Upper Valley Career Center,Miami,2022,8182428,3972305,9616600,0,738731,23482645,23622888,21127982,14419670,16914576
062125,Upper Valley Career Center,Miami,2023,8858771,4182746,9339415,0,727286,24425416,24467821,23677380,16914573,17705015
062125,Upper Valley Career Center,Miami,2024,10555032,4753298,9832534,0,711160,27757892,27814641,30824252,17705015,14695404
062125,Upper Valley Career Center,Miami,2025,11608650,5272724,9766020,0,709073,29765333,29887026,30042894,14695404,14539536
062802,U S Grant,Clermont,2020,1837117,774318,2270558,0,290977,6392940,6408414,6633515,7434040,7208939
062802,U S Grant,Clermont,2021,1916242,774529,2142283,0,291833,6411407,6411407,6218321,7208939,7402025
062802,U S Grant,Clermont,2022,2576974,967663,2191214,0,291059,6784216,6884477,6524409,7402025,7762093
062802,U S Grant,Clermont,2023,2845013,1156237,2095475,0,293126,7246409,7250000,7229612,7762093,7782481
062802,U S Grant,Clermont,2024,3684402,1459448,2198369,0,289811,8617444,9915475,9253195,7782481,8444761
062802,U S Grant,Clermont,2025,4402330,1862158,2184987,0,288466,10160137,10659778,9820153,8444761,9284386
063495,Portage Lakes,Summit,2020,1644636,522508,3014962,0,422764,6823357,6823357,7386525,8088879,7525711
063495,Portage Lakes,Summit,2021,1669582,522508,3153537,0,439624,7996261,7996261,7014164,7525711,8507808
063495,Portage Lakes,Summit,2022,2269093,904720,3341863,0,455134,7642778,7642778,7097453,8507808,9053133
063495,Portage Lakes,Summit,2023,2436080,998991,3361068,0,457314,8061053,8061053,7068900,9053134,10045287
063495,Portage Lakes,Summit,2024,2762948,1140308,3918053,0,523456,9426637,9426637,7412527,10045287,12059397
063495,Portage Lakes,Summit,2025,2814806,1281438,4368225,0,590116,10295022,10480142,9883732,12059397,12655807
063511,Tolles Career & Technical Center,Madison,2020,1606810,283297,10941194,0,1264631,15032258,15055081,12847984,10476006,12683103
063511,Tolles Career & Technical Center,Madison,2021,1604892,293450,12053695,0,1365955,16372504,16394776,13750724,12683103,15327155
063511,Tolles Career & Technical Center,Madison,2022,1991798,661921,12988594,0,1463079,18005888,18134730,15408956,15327155,18052929
063511,Tolles Career & Technical Center,Madison,2023,2425807,936174,14227242,0,1593813,20178684,20425356,15834904,18052927,22643379
063511,Tolles Career & Technical Center,Madison,2024,3254658,1582575,17313427,0,1973102,25914731,26153052,21265328,22643379,27531103
063511,Tolles Career & Technical Center,Madison,2025,3561395,1909347,19417914,0,2252019,30206850,31805230,29684406,27531103,29651927
064964,College Corner Local,Preble,2020,594629,24498,262447,0,34079,1250437,1251692,1298158,1980849,1934383
064964,College Corner Local,Preble,2021,607920,24498,253231,0,33881,1271308,1273308,1316430,1934383,1891261
064964,College Corner Local,Preble,2022,742072,162101,285817,0,34563,1486826,1496571,1143597,1891261,2244235
064964,College Corner Local,Preble,2023,1127099,234134,273444,0,33836,2004577,2004577,1261733,2244237,2987081
064964,College Corner Local,Preble,2024,1387897,316009,296626,0,37093,2437641,2437641,1317149,2987081,4107573
064964,College Corner Local,Preble,2025,1623459,357569,317808,0,40753,2725140,2725268,1489113,4107573,5343728
065227,Coshocton County,Coshocton,2020,1367338,488563,1159964,0,166825,3483637,3489005,3572625,1079541,995921
065227,Coshocton County,Coshocton,2021,1376403,488551,1237895,0,166663,3672531,3673005,3549297,995921,1119629
065227,Coshocton County,Coshocton,2022,1695553,592764,1574304,0,173706,4387037,4396236,4151475,1119629,1364390
065227,Coshocton County,Coshocton,2023,1886286,665624,1812932,0,178523,5057756,5071079,4417680,1364389,2017788
065227,Coshocton County,Coshocton,2024,2305307,823458,1836491,0,177999,5758430,5758430,4906844,2017788,2869374
065227,Coshocton County,Coshocton,2025,2705116,1147755,1837283,0,177593,6656908,6657348,5282338,2869374,4244383
065268,Tri-Rivers,Marion,2020,4556098,1204093,4382029,0,491075,11519800,11537476,12332823,8338988,7543641
065268,Tri-Rivers,Marion,2021,4582674,1204093,4658250,0,496671,11872705,12050846,10169236,7543641,9425251
065268,Tri-Rivers,Marion,2022,5121636,1259167,4750956,0,500791,12373063,12373063,11501147,9425251,10297167
065268,Tri-Rivers,Marion,2023,4797588,1709247,5204920,0,535455,13506598,13506598,12859470,10297166,10944294
065268,Tri-Rivers,Marion,2024,5093054,2128886,5786785,0,606157,14896910,15569241,14621700,10944294,11891835
065268,Tri-Rivers,Marion,2025,5339908,2459248,6086931,0,645782,21708705,21708705,26024539,11891835,7576001
065680,Gallia County Local,Gallia,2020,10131294,1925678,6169596,0,678467,26725097,27669120,26523444,3248892,4394568
065680,Gallia County Local,Gallia,2021,10883418,1758203,5537193,0,700499,27603826,28666528,26671880,4394568,6389216
065680,Gallia County Local,Gallia,2022,10548430,2401435,5621013,0,734281,26224163,28605789,24547796,6389216,10447209
065680,Gallia County Local,Gallia,2023,10117194,2891059,5604677,0,723224,26683807,34744762,34599357,10447212,10592617
065680,Gallia County Local,Gallia,2024,11631683,2873737,5635076,0,767492,28133440,29120665,27920899,10592617,11792383
065680,Gallia County Local,Gallia,2025,11226563,2471333,6418773,0,833594,29402886,30389502,29804765,11792383,12377120
069682,East Guernsey Local,Guernsey,2020,5837723,161531,6410176,0,438185,14976270,15364928,15442986,3970300,3892242
069682,East Guernsey Local,Guernsey,2021,5933561,164367,6375052,0,438585,15540599,15560450,14129498,3892242,5323194
069682,East Guernsey Local,Guernsey,2022,6682672,395874,5605747,0,455734,14762758,14798045,14955061,5323194,5166178
069682,East Guernsey Local,Guernsey,2023,6738312,522790,6316602,0,473608,15448829,15482229,15771862,5166179,4876546
069682,East Guernsey Local,Guernsey,2024,6779241,551085,6118317,0,476700,15127879,15135613,15989730,4876546,4022429
069682,East Guernsey Local,Guernsey,2025,6829780,437832,6489957,0,523949,15447201,15447201,16974204,4022429,2495426
091397,Tri-County North Local,Preble,2020,4371753,43090,4010241,1179535,649204,10876760,11046958,10755303,7707534,7999189
091397,Tri-County North Local,Preble,2021,4456274,47003,4218651,1232646,621154,11308454,11517603,11060890,7999189,8455902
091397,Tri-County North Local,Preble,2022,4521628,234571,4209278,1337547,586356,11305119,11591657,11745469,8455902,8302090
091397,Tri-County North Local,Preble,2023,4499724,269887,4239230,1473503,562220,11486958,11669468,12233493,8302090,7738065
091397,Tri-County North Local,Preble,2024,4904341,340514,5007425,1447884,643317,13115337,13265171,11999220,7738065,9004016
091397,Tri-County North Local,Preble,2025,4818668,322622,5295156,1530197,686545,13406905,13837031,12996006,9004016,9845041
139303,Monroe Local,Butler,2020,7798251,143230,9479658,0,1529902,27084064,27403396,25084477,24116037,26434956
139303,Monroe Local,Butler,2021,8099478,126323,10421122,0,1542200,28473394,29203634,26213504,26434956,29425086
139303,Monroe Local,Butler,2022,8539399,654195,10905582,0,1558610,29235943,29446911,26164792,29425086,32707205
139303,Monroe Local,Butler,2023,9555558,736362,11159746,0,1545080,32190897,32401814,28787592,32706932,36321154
139303,Monroe Local,Butler,2024,12040917,1061449,12143010,0,1754645,36821763,36925320,32165217,36321154,41081257
139303,Monroe Local,Butler,2025,13313324,1327455,12669878,0,1983459,42720015,42893092,59466413,41081257,24507936
