irn,district,enrolled_adm,base_cost_enrolled_adm,aggregate_base_cost,base_cost_per_pupil,capacity_per_pupil,state_share_percentage,valuation_per_pupil,local_capacity_percentage,benchmark_ratio,dpia_econ_disadvantaged_adm,dpia_directly_certified_adm,dpia_weighted_adm,dpia_percentage,dpia_aid,trans_reported_sped_cost,trans_special_education,trans_total,funding_base,foundation_calculated,foundation_phase_in,foundation_funding,temp_transitional_aid_guarantee,transportation,formula_transition_supplement,base_funding_supplement,enrollment_growth_supplement,total_formula_funding,performance_supplement,preschool_special_education,special_education_transportation,total_state_support
000442,Manchester Local,688.0377,688.0377,6353791.57,9234.66,2340.99,0.7464999,151409.55,0.017401250475,1.46670942,677.3963,414.4601,611.6622,0.888995,636802.67,64423.8,48092.360257619999,777501.17307826085,3512229.3,10009346.48,5414047.74,8926277.04,0,777501.17,0,18577.02,0,9722355.24,31305.72,10647.91,48092.36,9812401.22
043489,Akron City,19079.5227,19203.98,157342842.66,8193.24,2775.93,0.6611925,169574.84,0.016132958325,1.46670942,19077.4128,13511.7941,17686.0082,0.926963,20019313.41,7822972.5,5172490.744706249796,7072452.900000000373,152615894.06,184570964.79,26628160.44,179244054.5,0,7072452.9,0,515147.11,0,186831654.51,992135.18,2031581.43,5172490.74,195027861.87
043497,Alliance City,2586.2058,2609.86,21320069.38,8169.05,2246.79,0.7249634,134684.56,0.01611437445,1.46670942,2583.3811,1686.6631,2359.2016,0.912225,2586208.64,325287.9,235821.821962860035,1428637.919999999925,22741195.26,26965818.89,3520378.87,26261574.13,0,1428637.92,0,69827.56,0,27760039.6,0,524234.91,235821.82,28520096.34
043505,Ashland City,2824.092,2899.45,23514594.98,8110.02,4918.17,0.3935687,260341.85,0.019718108775,1.46670942,1321.8365,1112.5088,1269.5046,0.449527,337940.62,230209.35,105504.945105000006,970648.605900000082,11497354.16,12080022.87,485537.84,11982892,0,970648.61,0,76250.48,0,13029791.09,146852.78,325656.13,105504.95,13607804.94
043513,Ashtabula Area City,2506.6577,2682.44,21706170.04,8091.95,3476.61,0.5703619,206644.17,0.016949335275,1.46670942,2479.4759,1778.3742,2304.2005,0.919232,2564868.43,1804565.7,1029255.521326830029,1311389.70067096781,21597399.73,20674842.74,-768766.74,20828632.99,768766.74,1311389.7,810666.6,67679.76,0,23787135.79,0,456967.76,1029255.52,25273359.07
043521,Athens City,2176.0552,2222.03,18006285.93,8103.53,5331.55,0.3420707,336299.63,0.017654428125,1.46670942,2156.7939,827.816,1824.5494,0.838467,1689748.79,209761.65,96133.764195000011,1413531.277011236176,7360002.38,9588222.81,1856776.08,9216778.46,0,1413531.28,0,58753.49,0,10689063.23,141443.59,248600.68,96133.76,11175241.26
043539,Barberton City,3038.4897,3196.57,26121692.36,8171.79,2717.23,0.6674855,154374.02,0.017335004625,1.46670942,2316.5516,1957.0401,2226.6738,0.732823,1575249.44,952116.9,635524.225054949988,1146356.199999999953,25978571.34,27728771,1458441.38,27437012.72,0,1146356.2,0,82039.22,0,28665408.14,0,537431.01,635524.23,29838363.37
043547,Bay Village City,2279.0247,2315.19,18785959.95,8114.22,9599.68,0.1,350302.9,0.025,1.46670942,208.1075,165.9944,197.5792,0.086695,1956.25,275906.4,126447.903120000003,648462.920000000042,3874975.1,2146486.71,-1440349.38,2434625.72,1440349.38,648462.92,0,61533.67,0,4584971.69,148136.61,177416.34,126447.9,5036972.55
043554,Beachwood City,1393.5078,1393.5078,11330062.97,8130.61,16317.71,0.1,675530.94,0.025,1.46670942,249.0466,258.062,251.3005,0.180337,10766.08,584413.2,267836.569560000033,930270.199999999953,116640.24,1448521.87,1109856.96,1226497.2,0,930270.2,0,37624.71,0,2194392.11,90578.01,103124.71,267836.57,2655931.41
043562,Bedford City,2706.859,2706.859,22083325.52,8158.28,5516.47,0.3238193,335867.38,0.018498790125,1.46670942,2660.244,1684.5723,2416.3261,0.892668,2536471.77,1703977.8,780933.025739999954,731503.900000000023,5353006.8,12373322.94,5850029.44,11203036.24,0,731503.9,0,73085.19,0,12007625.33,140756.67,295906.64,780933.03,13225221.66
043570,Bellaire Local,1127.3236,1127.3236,9339651.36,8284.8,4737.9,0.4281226,309562.31,0.0186236298,1.46670942,805.3841,675.7795,772.9829,0.68568,478748.49,0,0,809079.326699999976,7799969.16,6932659.31,-722729.3,7077239.86,722729.3,809079.33,238345.64,30437.74,0,8877831.87,43965.62,198550.56,0,9120348.05
043588,Bellefontaine City,2097.1796,2129.57,17287460.96,8117.82,3835.29,0.527547,183313.42,0.0205646571,1.46670942,1250.8199,987.5474,1185.0018,0.565045,498401.84,219168.6,115621.737424199993,777383.329999999958,12819829.74,14642389.18,1518738.78,14338568.52,0,777383.33,0,56623.85,0,15172575.7,0,405008.63,115621.74,15693206.06
043596,Bellevue City,1636.1097,1695.37,13779788.44,8127.89,4728.84,0.4181969,233739.28,0.0211322295,1.46670942,749.953,589.886,709.9363,0.433917,176086.98,196351.05,89987.686215000009,770864.601280000061,8184552.3,8452410.67,223206.38,8407758.68,0,770864.6,0,44174.96,0,9222798.24,85077.7,170513.62,89987.69,9568377.25
043604,Belpre City,881.4993,892.35,7690621.04,8618.39,4980.81,0.4220718,290983.15,0.01864636785,1.46670942,530.4472,477.8206,517.2905,0.58683,234667.91,85869,39353.762699999999,262590.053542857117,3246063.04,5601377.03,1962683.14,5208746.18,0,262590.05,0,23800.48,0,5495136.72,0,111164.65,39353.76,5645655.13
043612,Berea City,4828.5229,4940.81,40302542.46,8157.07,7890.02,0.1000003,366781.76,0.022556006637,1.46670942,4784.4659,1781.0418,4033.6098,0.835371,3708064.13,2119808.25,971508.120974999969,2098997.100000000093,6570478.17,8567474.3,1664096.87,8234575.04,0,2098997.1,0,130370.12,0,10463942.26,251083.19,447512.64,971508.12,12134046.22
043620,Bexley City,2492.7435,2510.09,20327906.93,8098.48,8268.5,0.1000003,312667.47,0.025,1.46670942,337.2151,218.6961,307.5854,0.123392,6169.28,990311.7,453859.852110000036,258644,3909990.06,2494732.78,-1179333.89,2730656.17,1179333.89,258644,0,67304.07,0,4235938.13,162028.33,143026.32,453859.85,4994852.62
043638,Bowling Green City School District,2384.7736,2401.63,19430739.67,8090.65,6895.4,0.1477311,382887.72,0.0191702133,1.46670942,1029.2552,690.0783,944.461,0.396038,195142.69,242323.2,111056.722559999995,1144684.265416949056,6253122.82,3688193.53,-2137355.58,4115767.24,2137355.58,1144684.27,0,64388.89,0,7462195.97,155010.28,190684.69,111056.72,7918947.66
043646,Brecksville-Broadview Heights City,3411.7556,3437.53,27840713.62,8099.05,10827.33,0.1,407878.9,0.025,1.46670942,562.17,459.7956,536.5764,0.157273,17483.75,705247.2,323214.791759999993,1172170.899999999907,3278888.23,3252572.14,-21929.2,3256959.03,21929.2,1172170.9,0,92117.4,0,4543176.53,221764.12,262113.87,323214.79,5350269.31
043653,Brooklyn City,967.1467,980.57,8244079.29,8407.44,6736.78,0.1987122,397200.32,0.018849259575,1.46670942,677.4967,521.9513,638.6104,0.660304,366790.75,408246.3,187099.279289999977,94495.497000000003,553327.68,2355141.94,1501451.82,2054779.5,0,94495.5,0,26112.96,0,2175387.96,62864.54,157091.03,187099.28,2582442.81
043661,Brunswick City,5636.465,5784.58,46931600.68,8113.23,6609.53,0.1853394,282415.59,0.023160004141,1.46670942,1592.3705,1313.0036,1522.5288,0.270121,146344.62,1504039.95,689301.509084999911,2318878.410000000149,24044074.08,10885441.77,-10965088.3,13078985.78,10965088.3,2318878.41,0,152184.56,0,26515137.04,329733.21,505141.32,689301.51,28039313.07
043679,Bryan City,1693.9364,1717.96,13962672.73,8127.47,3854.67,0.5257231,195279.8,0.0192443301,1.46670942,1659.9999,678.8925,1414.7231,0.835169,1299914.32,150323.25,79028.404992074997,652103.448162711924,6853169.86,11979562.06,4271822.62,11124992.48,0,652103.45,0,45736.28,0,11822832.21,0,186220.85,79028.4,12088081.46
043687,Bucyrus City,952.0941,969.24,8249463.69,8511.27,3302.62,0.6119709,165745.59,0.017639779725,1.46670942,657.4115,567.8375,635.018,0.66697,372128.72,30375.45,18588.891474405002,347360.48000000004,9446612.52,9907264.33,383861.15,9830473.67,0,347360.48,0,25706.54,0,10203540.69,37131.67,221399.76,18588.89,10480661.01
043695,Cambridge City,1729.1271,1761.27,14311923.17,8125.91,3283.76,0.5958901,197490.39,0.0172322469,1.46670942,1711.509,1041.2947,1543.9555,0.89291,1621603.59,221631.9,132068.255054189998,758260.750171428546,11178393,14691043.97,2927092.05,14105485.05,0,758260.75,0,46686.43,0,14910432.23,0,231340.51,132068.26,15273841
043703,Campbell City,1009.4768,1049.03,8839599.16,8426.45,1552.81,0.8157219,91763.03,0.014886092025,1.46670942,1004.5617,690.9869,926.168,0.917473,1027001.14,82641.3,67412.318254469996,558899.779999999912,12663204.32,13685642.73,851997.93,13515202.25,0,558899.78,0,27255.87,0,14101357.9,39369.6,148547.15,67412.32,14356686.97
043711,Canton City,7025.5417,7230.29,59225942.61,8191.36,1656.99,0.7977157,117998.85,0.0139918815,1.46670942,7025.5274,5005.1203,6520.4256,0.928103,7398826.7,2305213.05,1838904.64182988531,5714377.44000000041,77619176.97,79445260.67,1521675.55,79140852.52,0,5714377.44,0,189689.63,0,85044919.58,273996.13,841788.81,1838904.64,87999609.16
043729,Celina City,2296.382,2339.29,19061377.84,8148.36,5400.75,0.3371979,259081.77,0.0216582615,1.46670942,1133.4546,877.604,1069.492,0.465729,305589.66,75822.6,34749.497580000003,1253141.681008219253,9509688.95,9909998.59,333578.03,9843266.98,0,1253141.68,0,62002.31,0,11158410.97,0,273560.55,34749.5,11466721.02
043737,Centerville City,7722.2059,7766.68,63134419.68,8128.88,9193.33,0.1000002,341076.14,0.025,1.46670942,1983.1929,1403.2917,1838.2176,0.238043,137215.22,2141323.8,981368.697540000081,3446977.399999999907,10547086.12,7664284.94,-2402238.22,8144847.9,2402238.22,3446977.4,0,208499.56,0,14202563.08,501943.38,503509.57,981368.7,16189384.73
043745,Chillicothe City,2400.2155,2477.18,20066222.73,8100.43,3941.92,0.5133691,216798.43,0.0185558535,1.46670942,2367.709,1520.2934,2155.8551,0.898192,2291144.6,343548.45,176367.158582895005,829839.300000000047,11452212.72,17421820.28,4974473.98,16426686.7,0,829839.3,0,64805.82,0,17321331.82,0,353157.76,176367.16,17850856.73
043752,Cincinnati Public Schools,32446.4019,32838.64,266140618.21,8104.5,5520.48,0.3188379,267046.54,0.019595236725,1.46670942,28656.5979,18790.4856,26190.0699,0.807179,22478686.2,18034352.7,8265143.84240999911,12305542.820000000298,113273067.51,130343768.38,14225015.04,127498082.55,0,12305542.82,0,876052.85,0,140679678.22,0,2746701.77,8265143.84,151691523.82
043760,Circleville City,1942.6509,1942.6509,15768786.58,8117.15,4013.69,0.5055285,212905.21,0.020161278675,1.46670942,1919.7208,1059.1823,1704.5862,0.877454,1728869.63,262392.9,132647.089147650026,882328.939999999944,10351605.85,13923694.83,2976621.74,13328227.59,0,882328.94,0,52451.58,0,14263008.11,0,334145.21,132647.09,14729800.41
043778,Claymont City,1435.4131,1498.29,12292911.64,8204.63,3334.29,0.5936077,175100.25,0.019237989825,1.46670942,1415.1878,797.8433,1260.8517,0.878389,1281540.5,95463.9,56668.10611203,650068.234900000039,14179959.19,12760485.09,-1182847.77,12997111.42,1182847.77,650068.23,653607.99,38756.15,0,15522391.56,0,242957.35,56668.11,15822017.02
043786,Cleveland Municipal,31580.9467,32491.79,263878233.97,8121.38,3124.69,0.6152512,203443.33,0.01565021565,1.46670942,31582.9582,22277.0615,29256.4841,0.926397,33075846.81,4753268.1,2924453.902446720283,17173564.14999999851,280787545.42,281812019.17,853693.98,281641239.4,0,17173564.15,4691305.33,852685.56,0,304358794.44,1642209.23,6851943.44,2924453.9,315777401.01
043794,Cleveland Heights-University Heights City,4675.8173,4675.8173,38241459.34,8178.56,7778.76,0.1000005,300802.08,0.022779825132,1.46670942,4665.8552,2561.1075,4139.6683,0.885336,4274411.68,2653081.2,1215907.113959999988,1900194.879999999888,7213654.15,9239013.99,1687732.36,8901386.51,0,1900194.88,0,126247.07,0,10927828.45,212749.69,504081.83,1215907.11,12860567.09
043802,Columbus City School District,43998.9123,43998.9123,357096638.85,8116.03,6640.92,0.1817526,362762.48,0.01905237,1.46670942,43998.3065,27477.7635,39868.1707,0.906117,43121059.72,18502109.85,8479516.94425499998,28905027.920000001788,114524187.89,127921562.95,11164032.64,125688220.53,0,28905027.92,0,1187970.63,0,155781219.08,0,5359584.75,8479516.94,169620320.77
043810,Conneaut Area City,1485.675,1485.675,12089595.84,8137.44,3152.74,0.6125634,182906.46,0.017824306275,1.46670942,1464.8166,907.4287,1325.4696,0.892167,1389813.91,282140.25,172828.79081685,860880.608522033901,9945968.23,13347501.9,2834498.01,12780466.24,0,860880.61,0,40113.22,0,13681460.07,77255.1,190336.51,172828.79,14121880.48
043828,Coshocton City,1416.0602,1457.28,11860441.79,8138.75,2541.31,0.6877528,136216.88,0.0177285447,1.46670942,1389.5865,888.6157,1264.3438,0.89286,1327781.05,77448,53265.078854400002,787574.050000000047,10230637.83,15129748.33,4082428.78,14313066.61,0,787574.05,0,38233.62,0,15138874.29,73635.13,413715.97,53265.08,15679490.46
043836,Cuyahoga Falls City,3741.5148,3843.36,31577192.51,8216.04,6419.57,0.218654,269988.95,0.022016164275,1.46670942,2315.3287,1656.7256,2150.678,0.574815,936108.37,619993.5,284143.021049999981,367545.099999999977,14975271.92,9456760.09,-4598575.91,10376696.01,4598575.91,367545.1,0,101020.9,0,15443837.92,0,308103.41,284143.02,16036084.35
043844,Dayton City,12167.4124,12167.4124,99214012.26,8154.08,2539.58,0.6885513,156096.92,0.015163537725,1.46670942,11831.2028,8281.3523,10943.7401,0.89943,11662591.64,5526605.7,3805351.539322409779,10661989.800000000745,106336110.85,119984400.86,11373120.06,117709230.91,0,10661989.8,0,328520.13,2737667.78,131437408.63,0,1882096.36,3805351.54,137124856.53
043851,Deer Park Community City,1043.6904,1070.19,8894866.63,8311.48,7806.45,0.1000002,328553.1,0.022982302725,1.46670942,513.3471,400.5789,485.1551,0.464846,138099.89,316661.1,145125.782130000007,64860.900000000001,2916516.61,1204821.19,-1426355.79,1490160.82,1426355.79,64860.9,82600.41,28179.64,0,3092157.56,47487.91,74351.52,145125.78,3359122.77
043869,Defiance City,2338.8496,2342.43,19034646.89,8126.03,3103.36,0.6180955,146259.46,0.01957665285,1.46670942,2319.1587,1098.2619,2013.9345,0.861079,1967097.5,229105.8,141609.264003900025,1431889.10999999987,14421161.27,19956607.38,4612687.24,19033848.51,0,1431889.11,0,63148.94,0,20528886.56,106417.66,431475.96,141609.26,21208389.45
043877,Delaware City,5236.0376,5259.53,42814823.07,8140.43,5967.26,0.266959,266810.21,0.023097335008,1.46670942,1904.2933,1495.6385,1802.1296,0.344178,281220.38,1631730.45,747822.065234999987,1487710.5,14296875.69,16688248.82,1992731.23,16289606.92,0,1487710.5,0,141373.02,0,17918690.43,340342.44,639235.93,747822.07,19646090.88
043885,Delphos City,845.4046,845.4046,7455978.51,8819.42,7360.28,0.1654462,320725.28,0.022106459925,1.46670942,578.5646,333.3739,517.267,0.611857,255099.24,56851.2,26054.90496,367029.401728301891,3007659.65,2130183.21,-731201.11,2276458.54,731201.11,367029.4,39314.06,22825.92,0,3436829.03,0,139873.17,26054.9,3602757.11
043893,Dover City,2536.0014,2559.54,20734250.56,8100.77,4489.22,0.4458291,199258.35,0.0223758162,1.46670942,2509.2881,904.1363,2108.0002,0.83123,1918702.41,52362.45,23997.710835000002,706925.359999999986,7671129.86,15398497.66,6439215.59,14110345.45,0,706925.36,0,68472.04,0,14885742.84,131872.07,224056.66,23997.71,15265669.29
043901,East Cleveland City School District,1085.4838,1182.98,9900521.65,8369.14,1830.46,0.7812849,150256.07,0.01252157175,1.46670942,1084.304,874.6237,1031.8839,0.950621,1228401.17,835923.9,653094.720619109925,200223.700000000012,27243966.29,13763423.65,-11233336.18,16010630.11,11233336.18,200223.7,0,29308.06,0,27473498.05,56445.16,231399.42,653094.72,28414437.36
043919,East Liverpool City,1885.7971,1885.7971,15438729.56,8186.85,2091.78,0.7444955,114908.01,0.016685444925,1.46670942,1882.1627,1248.9828,1723.8678,0.914132,1897650.95,370478.85,275819.83667017502,1203273.820000000065,18212450.41,22213576.6,3334138.45,21546588.86,0,1203273.82,0,50916.52,0,22800779.2,0,171389.74,275819.84,23247988.78
043927,East Palestine City,870.2687,880.09,7606748.18,8643.15,3874.07,0.5517758,195927.11,0.019348180875,1.46670942,861.708,439.5873,756.1778,0.868902,752073.15,0,0,349646.396135483868,6539761.23,8577634.6,1698159.88,8237921.11,0,349646.4,0,23497.25,0,8611064.76,0,116896.81,0,8727961.57
043935,Eaton Community City,1742.393,1781.17,14439914.17,8106.98,4807.64,0.4069763,241370.59,0.021329436825,1.46670942,797.5065,622.6359,753.7889,0.432617,185845.24,107984.1,49489.11303,956042.369138461538,8961115.16,8782606.19,-148751.52,8812363.64,148751.52,956042.37,192106.73,47044.61,0,10156308.87,90604.43,211017.02,49489.11,10507419.43
043943,Elyria City Schools,5372.1496,5404.21,44035317.07,8148.34,3625.29,0.5550876,202494.71,0.01786628385,1.46670942,5313.7359,3265.0625,4801.5676,0.893789,5052980.41,1369970.7,760453.747933320003,1975840.300000000047,28824297.57,41175161.38,10291974.81,39116272.38,0,1975840.3,0,145048.04,0,41237160.72,0,1106485.98,760453.75,43104100.44
043950,Euclid City,4079.3777,4180.03,34236527.22,8190.5,3458.34,0.5777622,200396.41,0.0166537431,1.46670942,4060.1577,2853.525,3758.4995,0.921341,4202907.74,2541994.35,1468668.248043569969,2057454.5,22661806.21,34859776.82,10164568.91,32826375.12,0,2057454.5,0,110143.2,0,34993972.82,159095.73,585816.63,1468668.25,37207553.43
043968,Fairborn City,4002.9915,4002.9915,32894238.94,8217.41,4800.22,0.4158474,227179.94,0.020172866175,1.46670942,3950.0564,2169.1379,3504.8268,0.875552,3539362.17,871390.8,399358.403640000033,1792941.899999999907,16658065.3,23512154.69,5711512.69,22369577.99,0,1792941.9,0,108080.77,0,24270600.66,208155.56,620029.76,399358.4,25498144.38
043976,Fairview Park City,1352.2903,1396.82,11339760.7,8118.27,9850.14,0.1000004,382909.4,0.023620809925,1.46670942,374.9544,315.762,360.1563,0.266331,33653.41,403771.2,185048.340960000001,434159,2015881.48,1397802.73,-515045.02,1500836.46,515045.02,434159,0,36511.84,0,2486552.32,79108.98,150245.69,185048.34,2900955.33
043984,Findlay City,4766.6014,4837.92,39699676.91,8205.94,5001.41,0.3905135,239321.81,0.02004321645,1.46670942,2258.0446,2028.4017,2200.6339,0.461678,617903.59,646585.8,296330.272140000015,1304977.880000000121,19905419.58,22391174.16,2071379.29,21976798.87,0,1304977.88,0,128698.24,0,23410474.99,216880.36,823697.41,296330.27,24747383.03
043992,Fostoria City,1600.8733,1651.68,13399449.19,8112.62,2649.58,0.6734004,145861.34,0.0173479041,1.46670942,1586.7833,1056.5663,1454.229,0.908397,1580806.62,155454.6,104683.189821840002,582549.310000000056,10629595.23,16353341.54,4769597.8,15399193.03,0,582549.31,0,43223.58,0,16024965.92,0,328414.48,104683.19,16458063.58
044008,Franklin City,2586.8586,2586.8586,20982919.37,8111.35,5048.28,0.3776276,238094.17,0.0216726912,1.46670942,2534.1195,1228.8009,2207.7898,0.853464,2118471.87,789211.5,361695.630449999997,778164.780000000028,11165738.72,14371437.09,2671308.45,13837047.17,0,778164.78,0,69845.18,0,14685057.14,0,197287.03,361695.63,15244039.8
044016,Fremont City,3123.6268,3168.15,25754228.88,8129.11,4869.03,0.4010367,266873.89,0.019231868025,1.46670942,3083.8334,1582.0074,2708.3769,0.867062,2682279.09,499781.1,229049.678130000015,1436565.853076923173,12882919.89,17476931.81,3828190.13,16711110.02,0,1436565.85,0,84337.92,0,18232013.8,142125.02,611472.74,229049.68,19214661.23
044024,Galion City,1489.1852,1498.9,12205666.42,8143.08,3088.8,0.6206839,153349.1,0.018380946825,1.46670942,1463.9916,811.7236,1300.9246,0.873581,1307835.3,510895.35,317104.518329865008,585467.858648275957,11902830.29,14114055.23,1842613.74,13745444.03,0,585467.86,0,40208,0,14371119.89,0,256697.2,317104.52,14944921.61
044032,Gallipolis City,1733.2998,1778.45,14432271.34,8115.08,3430.82,0.5772288,187853.31,0.0189988047,1.46670942,1705.9506,870.7953,1497.1618,0.863764,1471477.04,9479.4,5471.782686719999,1309224.818662000122,10517142.87,13566329.92,2540887.57,13058030.44,0,1309224.82,0,46799.1,0,14414054.36,67598.69,130691.34,5471.78,14617816.18
044040,Garfield Heights City Schools,2470.8725,2726.77,22032362.93,8080.02,2850.13,0.6472618,162855.83,0.016765246125,1.46670942,2440.7313,1656.3915,2244.6464,0.908443,2440269.87,878728.2,568767.196442760061,710567.459999999963,18052741.08,21691791.87,3032421.02,21085162.1,0,710567.46,0,66713.56,0,21862443.12,128485.37,422750.16,568767.2,22982445.85
044057,Geneva Area City,1909.7765,1964.43,15934583.1,8111.56,4400.97,0.4574449,239292.07,0.019664762175,1.46670942,1867.6854,828.0258,1607.7705,0.841863,1501071.79,571885.65,262095.193395000009,708613.126780645107,10711244.46,11442637.62,609469.92,11320714.38,0,708613.13,0,51563.97,0,12080891.47,74481.28,140864.55,262095.19,12558332.5
044065,Girard City School District,1489.2083,1523.56,12441969.12,8166.38,2294.26,0.7190604,118356.98,0.017554075425,1.46670942,959.0683,784.8499,915.5137,0.614765,455803.52,308950.95,222154.393687380012,856540.890000000014,12378810.99,14968278.04,2157802.89,14536613.88,0,856540.89,0,40208.62,0,15433363.4,0,187888.75,222154.39,15843406.54
044073,Grandview Heights Schools,1125.344,1131.78,9381584.82,8289.23,12325.4,0.1,453792.8,0.025,1.46670942,88.1975,71.4241,84.0042,0.074648,616.64,201849.9,92507.809169999993,0,1339379.85,1093756.27,-204678.13,1134701.72,204678.13,0,57182.73,30384.29,0,1426946.87,73147.36,46295.05,92507.81,1638897.08
044081,Winton Woods City,3883.8619,3883.8619,31659205.12,8151.48,3598.88,0.5585001,179115.07,0.0201160215,1.46670942,3798.9269,2016.9404,3353.4303,0.863427,3293328.8,1714053.6,957299.107005360187,2022652.60999999987,15776683.75,30461899.21,12237190.04,28013873.79,0,2022652.61,0,104864.27,0,30141390.67,0,489973.26,957299.11,31588663.04
044099,Greenville City,2200.5923,2284.07,18738356.49,8203.93,4963.73,0.3949569,282604.9,0.0189137565,1.46670942,1222.6734,1004.9053,1168.2314,0.530871,433712,181925.1,83376.273329999996,965152.746708661434,9434594.18,11063667.68,1357506.95,10792101.13,0,965152.75,0,59415.99,0,11816669.87,0,467496.35,83376.27,12367542.49
044107,Hamilton City,8336.9441,8410.77,68212753.57,8110.17,2661.64,0.6718147,138703.57,0.0181776177,1.46670942,8254.8433,4779.6327,7386.0407,0.885941,7636878.03,1411825.8,948485.326279259985,4839286.529999999329,67846825.36,79261280.13,9511665.16,77358490.52,0,4839286.53,0,225097.49,0,82422874.54,433521.09,1877904.75,948485.33,85682785.71
044115,Heath City,1545.5084,1603.19,12988442.85,8101.62,4742.01,0.4146835,245518.06,0.02173019175,1.46670942,741.6453,535.2866,690.0556,0.446491,181219.14,213278.1,97745.353229999993,451963.890000000014,6509890.09,7227589.96,598059.3,7107949.39,0,451963.89,0,41728.73,0,7601642.01,80366.44,198015.33,97745.35,7977769.13
044123,Hillsboro City,2028.3516,2084.53,16933124.61,8123.23,3714.24,0.5427629,215866.51,0.018907416,1.46670942,2007.5022,1045.3304,1766.9592,0.871131,1766395.82,265810.65,144272.159244885028,1624821.006526315818,13107343.07,14930763.03,1519455.85,14626798.92,0,1624821.01,0,54765.49,0,16306385.42,0,271982.74,144272.16,16722640.32
044131,Huron City Schools,1090.5997,1110.39,9214045.26,8298.03,9608.14,0.1,433819.65,0.023055069737,1.46670942,358.1414,288.5354,340.7399,0.312433,43815.86,106909.95,48996.830085000001,210682.521299999993,2333657.33,1064654.18,-1057460.32,1276197.01,1057460.32,210682.52,128309.04,29446.19,0,2702095.08,63800.08,73826.36,48996.83,2888718.35
044149,Ironton City School District,1206.0795,1257.58,10285885.03,8179.11,2786.39,0.6593285,158101.05,0.017482800825,1.46670942,1187.1447,659.8557,1055.3224,0.875002,1064382.71,142535.4,93977.651478899992,709225.980000000098,9491918.78,12053085.4,2134220.15,11626138.93,0,709225.98,0,32564.15,0,12367929.05,54876.62,150733.66,93977.65,12667516.98
044156,Jackson City,2131.0833,2175.89,17665203.04,8118.61,4054.68,0.5005697,213365.09,0.02058695775,1.46670942,2095.2864,995.2281,1820.2718,0.854153,1749452.47,9049.95,4530.130756515,1561861.338853038615,13259027.49,14292697.13,861356.91,14120384.4,0,1561861.34,0,57539.25,0,15739784.99,0,265685.52,4530.13,16010000.64
044164,Kent City,2771.2084,2792,23404956.26,8382.86,4458.27,0.4681682,268374.53,0.017569161,1.46670942,1311.6747,1179.6797,1278.6759,0.461415,358623.26,553722.75,259235.383166549989,715006.79999999993,13020511.45,15638353.87,2181448.09,15201959.54,0,715006.8,0,74822.63,0,15991788.96,180128.54,254927.53,259235.38,16686080.42
044172,Kenton City,1682.0996,1682.0996,13638924.87,8108.27,3045.73,0.6243684,174626.23,0.0188960472,1.46670942,1009.1733,777.699,951.3048,0.565546,400820.66,168322.35,105095.156353740007,725765.138957983232,10422677.84,14814575.62,3659768.42,14082446.26,0,725765.14,0,45416.69,0,14853628.09,0,397155.34,105095.16,15355878.59
044180,Kettering City School District,7161.5481,7264.64,60684051.67,8353.35,5743.01,0.3124892,251624.12,0.0225677181,1.46670942,3619.8518,2629.8586,3372.3535,0.470897,985098.13,2298757.65,1053520.630995000014,1405001.100000000093,13305004.23,28007218.76,12251355.37,25556359.6,0,1405001.1,0,193361.8,0,27154722.5,372400.5,881633.33,1053520.63,29462276.96
044198,Lakewood City,4070.6355,4070.6355,33585423.67,8250.66,9322.54,0.1000005,369594.03,0.023046845723,1.46670942,1742.6986,1429.5888,1664.4212,0.408885,366572.72,695970.45,318963.257235000026,43756.510000000002,15386390.71,4568092,-9014888.32,6371502.39,9014888.32,43756.51,1414061.18,109907.16,0,16954115.56,211673.04,319418.46,318963.26,17804170.32
044206,Lancaster City,5864.7171,5967.65,48993567.34,8209.86,4422.62,0.4613039,230108.63,0.02037160395,1.46670942,5860.208,3136.2034,5179.2068,0.883113,5320964.6,1084900.95,500469.039348704973,1283606.669999999925,24631269.95,39443498.41,12343029.97,36974299.92,0,1283606.67,0,158347.36,0,38416253.96,266844.63,833685.92,500469.04,40017253.54
044214,Lebanon City,4778.238,4880.88,39714223.53,8136.69,7283.39,0.1048706,300867.05,0.023867166373,1.46670942,1481.5545,1220.5562,1416.3049,0.296407,163918.6,2098609.8,961792.871340000071,2465264.709999999963,17605107.94,5146187.35,-10382018.53,7223089.41,10382018.53,2465264.71,0,129012.43,0,20199385.08,248468.37,274953.81,961792.87,21684600.14
044222,Lima City,3154.0038,3154.0038,25929291.21,8221.07,1880.09,0.7713082,115085.25,0.01503017145,1.46670942,3117.5379,2290.8102,2910.856,0.922908,3266119.69,474508.65,365992.412715930026,846722.800000000047,35262742.65,35276464.85,11434.71,35274177.36,0,846722.8,477676.49,85158.1,0,36683734.75,0,851161.29,365992.41,37900888.46
044230,Lockland Local,415.3032,447.76,4761457.07,10633.95,2960.29,0.721619,190662.48,0.015801509925,1.46670942,408.2416,261.3476,371.5181,0.894571,391655.46,371771.4,268277.30589660001,12112.5,3524711.79,5076270.78,1292914.11,4817625.9,0,12112.5,0,11213.19,0,4840951.58,21595.77,83128.59,268277.31,5213953.25
044248,Logan-Hocking Local,3210.6734,3286.65,26868529.48,8175.05,5126.6,0.3728968,322989.98,0.0197557137,1.46670942,3178.0517,1578.1182,2778.0684,0.86526,2739874.94,670003.95,307062.810285000014,2998317.944294637069,19281667.89,17125879.9,-1796418.14,17485249.75,1796418.14,2998317.94,52068.04,86688.18,0,22418742.06,0,427307.28,307062.81,23153112.14
044255,London City,2051.19,2051.19,16628434.65,8106.73,5098.38,0.3710919,240337.58,0.022517593174,1.46670942,979.6478,808.8923,936.9589,0.456788,257539.88,214668.3,98382.48189000001,822652.68888421054,7197017.79,9292679.62,1746315,8943332.79,0,822652.69,0,55382.13,0,9821367.61,106661.88,368052.16,98382.48,10394464.14
044263,Lorain City,5753.2989,5753.2989,47152931.69,8195.81,2297.33,0.7196948,138613.76,0.015527781,1.46670942,5752.5264,4085.8994,5335.8697,0.927445,6046110.79,2059792.35,1482421.843374779914,1676329.600000000093,59427979.75,61968107.3,2116688.29,61544668.04,0,1676329.6,0,155339.07,0,63376336.71,0,1042315.54,1482421.84,65901074.09
044271,Loveland City,3752.0535,3851.49,31306652.02,8128.45,8870.28,0.1000006,319748.54,0.025,1.46670942,432.4655,570.8967,467.0733,0.124485,9534.85,862987.65,395507.239995000011,1608083,11003971.75,3658208.02,-6121224.91,4882746.84,6121224.91,1608083,0,101305.44,0,12713360.19,219495.13,217713.13,395507.24,13546075.69
044289,Madeira City,1599.0241,1602.71,12947201.44,8078.32,9051.99,0.1,335104.64,0.025,1.46670942,143.55,101.9783,133.1571,0.083274,1216.4,56288.4,25796.973719999998,435327.700000000012,2232246.01,1442678.98,-657946.21,1574299.8,657946.21,435327.7,0,43173.65,0,2710747.36,103936.57,89514.5,25796.97,2929995.4
044297,Mansfield City,2747.6824,2908.95,23899692.99,8215.92,2846.99,0.6534791,170394.72,0.015510727575,1.46670942,2735.6498,2024.3952,2557.8362,0.930907,2919979.98,1067782.8,697773.743139480008,2082282.830000000075,23053995.77,28091515.99,4197765.6,27251761.37,0,2082282.83,0,74187.42,0,29408231.62,107159.61,691263.37,697773.74,30904428.35
044305,Maple Heights City,2811.5187,2915.4,23782137.25,8157.42,2228.86,0.7267692,135241.21,0.016046816625,1.46670942,2805.3188,2022.328,2609.5711,0.928171,2961554.19,1411133.85,1025568.619257420069,704068.699999999953,19599866.89,29873170.8,8560744.14,28160611.03,0,704068.7,0,75911.01,0,28940590.74,109649.23,439108.29,1025568.62,30514916.88
044313,Mariemont City,1501.2921,1505.69,12216523.27,8113.57,9020.09,0.1000004,336165.95,0.025,1.46670942,182.4774,138.4738,171.4765,0.114219,2946.97,114389.1,52424.524530000002,295335.700000000012,2747045.51,1367483.69,-1149588.86,1597456.65,1149588.86,295335.7,0,40534.89,0,3082916.1,97583.99,53108.84,52424.52,3286033.44
044321,Marietta City,2059.4138,2096.27,17018836.45,8118.63,6198.23,0.2365412,322759.43,0.019763803125,1.46670942,1116.6343,999.1362,1087.2598,0.527946,399215.03,264157.95,121063.588485,866999.235684507061,7782600.24,5093500.6,-2240826.73,5541773.51,2240826.73,866999.24,0,55604.17,0,8705203.65,0,426785.77,121063.59,9253053.01
044339,Marion City,3760.3901,3834.77,31537600.28,8224.12,2085.98,0.7463585,119316.94,0.0168454845,1.46670942,3736.0164,2586.5244,3448.6434,0.917097,3820967.97,520751.7,388667.457684450026,1601479.419999999925,37822225.56,41411846.77,2991231.35,40813456.91,0,1601479.42,0,101530.53,0,42516466.87,146655.21,695439.11,388667.46,43747228.65
044347,Martins Ferry City,1233.6211,1260.47,10358536.66,8218,3648.63,0.5560188,216018.18,0.018558258525,1.46670942,804.6207,641.8058,763.917,0.619248,385895.69,109948.65,61133.516434620011,674605.770000000019,10031011.15,9719611.13,-259489.63,9771521.52,259489.63,674605.77,209427.3,33307.77,0,10948351.98,0,141858.44,61133.52,11151343.94
044354,Massillon City,3885.6329,3886.98,32125005.21,8264.77,2706.47,0.6725291,152054.57,0.0176848182,1.46670942,3884.7155,2307.1324,3490.3197,0.898263,3709939.21,214084.5,143978.056108949997,2263089.830000000075,27020514.64,36848469.17,8189634.51,35210149.15,0,2263089.83,0,104912.09,0,37578151.07,0,306718.16,143978.06,38028847.29
044362,Maumee City,2081.3855,2109.23,17128450.27,8120.71,6003.35,0.2607357,265604.8,0.022624401442,1.46670942,918.7757,674.7092,857.759,0.41211,191904.95,282618,129523.829400000002,572645.800000000047,4594428.78,6082411.48,1239935.99,5834364.77,0,572645.8,0,56197.41,0,6463207.98,108232.05,284842.6,129523.83,6985806.46
044370,Mayfield City,3732.4047,3758.66,30711310.6,8170.81,10291.86,0.1,437823.74,0.023546117036,1.46670942,1407.6305,1026.2619,1312.2884,0.351593,213699.88,1853029.5,849243.419849999947,1236447.5,1242594.25,4018406.41,2313084.28,3555678.53,0,1236447.5,0,100774.93,0,4892900.95,242606.31,319028.36,849243.42,6303779.03
044388,Medina City SD,5632.8589,5810.39,47157941.43,8116.14,7887.2,0.1,329437.24,0.023901728082,1.46670942,1402.5314,1153.4565,1340.2627,0.237936,99955.06,1524361.65,698614.944194999989,1803205.729999999981,15831957.31,5550610.33,-8567446.44,7264510.87,8567446.44,1803205.73,0,152087.19,0,17787250.23,329522.24,437334.4,698614.94,19252721.82
044396,Miamisburg City,4505.3688,4572.78,37290301.98,8154.84,6090.85,0.2530999,263382.33,0.022694565871,1.46670942,2188.8466,1863.6299,2107.5424,0.467785,607524.04,1297313.85,594558.937455000007,1715052.949999999953,13497568.84,13505510.66,6617.92,13504186.76,0,1715052.95,98691.83,121644.96,0,15439576.5,234279.18,524433.28,594558.94,16792847.89
044404,Middletown City,5675.9378,5746.76,46804992.35,8144.59,3061.25,0.6241359,180346.31,0.0173004606,1.46670942,5595.4984,3569.0696,5088.8912,0.896573,5388762.42,2209080.3,1378766.321212770185,4048975.209999999963,26327528.68,51559173.29,21025529.45,47353058.13,0,4048975.21,0,153250.32,0,51555283.66,0,779208.89,1378766.32,53713258.87
044412,Mt Healthy City,2550.2769,2685.11,21719324.63,8088.8,3266.59,0.5961587,174781.52,0.01797516315,1.46670942,2516.8992,1784.9219,2333.9049,0.915157,2574950.7,1149792,685458.5039904,1263461.600000000093,22180919.35,22423011.99,201735.8,22382655.15,0,1263461.6,0,68857.48,0,23714974.22,0,478547.46,685458.5,24878980.19
044420,Mount Vernon City,3346.9725,3413.9,27810225.98,8146.17,5159.05,0.3666911,263258.33,0.0205828038,1.46670942,3286.9852,1368.4843,2807.3599,0.838776,2601864.34,218132.25,99970.010175000003,1367026.013759183697,14628133.47,16504305.15,1563413.86,16191547.33,0,1367026.01,0,90368.26,0,17648941.6,174042.57,419244.38,99970.01,18342198.56
044438,Napoleon Area City,1606.9059,1665.36,13507818.87,8111.05,5945.24,0.2670197,283736.77,0.021636398025,1.46670942,662.9954,513.3798,625.5915,0.389314,124906.62,277165.35,127024.879905000009,544558.962790839723,6997985.17,5032357.88,-1637957.22,5360027.95,1637957.22,544558.96,361829.91,43386.46,0,7947760.5,0,275780.61,127024.88,8350565.99
044446,Nelsonville-York City,941.577,985.69,8372835.67,8494.39,2507.27,0.7048322,161464.62,0.01674054045,1.46670942,922.0318,553.7687,829.966,0.881464,849501.25,34851.6,24564.52990152,763779.579768421128,10130388.76,11135191.09,837301.78,10967690.54,0,763779.58,0,25422.58,0,11756892.7,0,124230.26,24564.53,11905687.48
044453,Newark City,5438.8164,5530.31,45122709.93,8159.16,4076.38,0.5003919,225609.81,0.0189281862,1.46670942,5336.879,3182.171,4798.202,0.882214,4919500.18,1752942.45,877158.203146155109,1471222.199999999953,31890392.96,39572011.69,6401092.89,38291485.85,0,1471222.2,0,146848.04,0,39909556.09,0,848595.1,877158.2,41635309.39
044461,New Boston Local,356.7057,357.65,4275325.41,11953.94,1393.73,0.8834077,128125.13,0.013378177575,1.46670942,352.2365,274.2953,332.7512,0.932845,381446.1,27058.5,23903.687250449999,121645.199999999997,3744447.11,5524860.05,1483618.1,5228065.21,0,121645.2,0,9631.06,0,5359341.47,23185.87,49447.22,23903.69,5455878.24
044479,New Lexington School District,1714.6281,1714.6281,14090123.52,8217.6,3240.71,0.6056381,187039.26,0.0196166628,1.46670942,1705.4603,861.5362,1494.4793,0.871606,1495632.48,232069.95,140550.403585094988,1360490.611542268191,14381968.95,15422609.25,867165.56,15249134.51,0,1360490.61,0,46294.96,0,16655920.09,0,208335.42,140550.4,17004805.91
044487,New Philadelphia City,2664.127,2694.61,21903783.14,8128.74,4688.57,0.4232107,232287.94,0.02053098765,1.46670942,2625.3394,1167.852,2260.9676,0.848671,2145199.16,171707.55,78693.570165000012,842605.814174647909,10940652.74,15587736.22,3872414.67,14813067.41,0,842605.81,0,71931.43,0,15727604.65,121217.78,300368.8,78693.57,16227884.8
044495,Niles City,1847.7068,1881.07,15196195.27,8078.48,2830.85,0.649581,155076.79,0.016620073425,1.46670942,1834.3039,1164.9543,1666.9665,0.902181,1787346.6,0,0,936652.089999999967,14840531.31,16808992.48,1640318.69,16480850,0,936652.09,0,49888.08,0,17467390.18,96080.75,330269.99,0,17893740.92
044503,North Canton City,4088.0702,4140.22,34071967.51,8229.51,6178.99,0.2491656,255149.4,0.023241567794,1.46670942,1169.2094,833.0274,1085.1639,0.265446,100726.15,391012.65,179201.097494999995,1329636.600000000093,14375386.07,11421744.41,-2461269.6,11914116.47,2461269.6,1329636.6,0,110377.9,0,15815400.57,239152.11,399163.67,179201.1,16632917.45
044511,North College Hill City,1297.6033,1297.6033,10592621.71,8163.22,2559.68,0.6864374,143239.8,0.017182835775,1.46670942,1247.0766,936.2197,1169.3624,0.901171,1251002.22,253802.85,174219.768466590001,72402.899999999994,10674566.3,14217536.35,2952356.94,13626923.24,0,72402.9,0,35035.29,0,13734361.43,0,121683.08,174219.77,14030264.28
044529,North Olmsted City,3322.7959,3366.35,27348041.74,8123.94,7068.98,0.1298581,308341.72,0.022901936284,1.46670942,3304.0217,1277.1614,2797.3067,0.841853,2611603.05,919131.15,421237.806044999976,1270748.159999999916,7324215.46,6930449.59,-328125.1,6996090.36,328125.1,1270748.16,0,89715.49,0,8684679.11,0,285029.88,421237.81,9390946.8
044537,North Ridgeville City,4162.1101,4196.49,34121534.36,8130.97,7831.54,0.1000004,318422.02,0.024047990825,1.46670942,1203.7503,863.2903,1118.6353,0.268766,106446.59,1184223.6,542729.675879999995,1328471.800000000047,9741508.73,4105606.91,-4696396.98,5045111.75,4696396.98,1328471.8,0,112376.97,0,11182357.5,270537.16,351951.73,542729.68,12347576.06
044545,North Royalton City,3861.1258,3861.79,31374383.24,8124.31,9479.81,0.1,386546.79,0.023870809914,1.46670942,1215.9251,1055.5243,1175.8249,0.304529,143646.33,722842.05,331278.51151500002,2010822.090000000084,4059909.84,3831851.04,-190041.4,3869868.44,190041.4,2010822.09,0,104250.4,0,6174982.32,225875.86,236056.93,331278.51,6968193.62
044552,Norton City,2004.1296,2070,16838770.27,8134.67,4872.37,0.4010365,209209.99,0.023096710369,1.46670942,1947.3331,650.5828,1623.1455,0.8099,1402538.56,563743.95,258363.85228500003,718247.429999999935,10046072.91,10816542.09,642031.96,10688104.87,0,718247.43,0,54111.5,0,11460463.8,104214.74,210936.63,258363.85,12033979.02
044560,Norwalk City,2313.1584,2370,19268510.94,8130.17,3826.47,0.5293491,180127.75,0.019764896175,1.46670942,2283.1082,998.1941,1961.8797,0.848139,1859092.5,573946.8,303818.222027880023,758732.819999999949,13110281.11,16695438.74,2987511.85,16097792.96,0,758732.82,0,62455.28,0,16918981.06,0,346082.57,303818.22,17568881.85
044578,Norwood City,1579.8731,1579.8731,12928243.84,8183.09,7311.22,0.1065453,354497.35,0.02159420175,1.46670942,1396.5546,813.0867,1250.6876,0.791638,1032515.73,617975.4,283218.125820000016,59168.710400000004,6291654.35,2760031.04,-2942901.7,3348752.65,2942901.7,59168.71,395259.3,42656.57,0,6788738.93,82153.4,156407.31,283218.13,7310517.76
044586,Oakwood City,1916.3076,1941.04,15680133.21,8078.21,6712.97,0.1690027,226405.72,0.025,1.46670942,119.6388,111.8781,117.6986,0.061419,584.89,188311.2,86303.022960000002,17212.5,6261474.85,3183574.77,-2564814.14,3696660.71,2564814.14,17212.5,2147,51740.31,0,6332574.66,124559.99,132022.2,86303.02,6675459.88
044594,Oberlin City Schools,719.9241,747.58,6740036.93,9015.81,8657.73,0.1,405449.12,0.022356139275,1.46670942,488.8604,299.9903,441.6429,0.613458,218945.23,2877,1318.5291,145564.482799999998,3253950.12,1397210.25,-1547221.33,1706728.79,1547221.33,145564.48,0,19437.95,0,3418952.55,46795.07,52414.04,1318.53,3519480.19
044602,Oregon City,3320.4538,3320.4538,27331176.56,8231.16,5019.99,0.3901238,222793.94,0.02274963563,1.46670942,1682.6514,1184.9602,1558.2286,0.469282,452057.33,709272.9,325059.770070000028,1184142.377131147543,12419276.27,15936948.94,2931276.63,15350552.9,0,1184142.38,0,89652.25,0,16624347.53,172663.6,420818.78,325059.77,17542889.68
044610,Orrville City,1393.901,1434.33,11661390.07,8130.2,4886.14,0.3990135,234692.13,0.021762330975,1.46670942,663.9937,518.2088,627.5474,0.450209,167559.66,139498.8,63932.300040000009,314291.90280000004,5956670.62,6838925.85,735183.29,6691853.91,0,314291.9,0,37635.33,0,7043781.13,63422.49,131732.19,63932.3,7302868.12
044628,Painesville City Local,2557.7854,2557.7854,20793421.88,8129.46,1676.06,0.7938286,91084.93,0.016281628875,1.46670942,2544.3658,1273.4565,2226.6385,0.870534,2222878.61,535647,425211.908104199974,1291713.610000000102,24768330.34,30008272.73,4366444,29134774.34,0,1291713.61,0,69060.21,0,30495548.15,99753.63,413979.85,425211.91,31434493.54
044636,Parma City,8621.0463,8751.93,71660867.46,8188.01,7331.26,0.1046347,328950.54,0.021347364825,1.46670942,8620.2158,4105.0385,7491.4215,0.868969,7451905.83,4194498,1922338.43339999998,1837274.5,16927165.97,16971576.26,37007.09,16964173.06,0,1837274.5,0,232768.25,0,19034215.82,448294.41,959822.57,1922338.43,22364671.23
044644,Piqua City,2914.0758,2974.72,24161290.71,8122.21,3606.89,0.5559228,177752.21,0.0195547896,1.46670942,2859.3208,1473.5076,2512.8675,0.862321,2461512.63,153196.05,85165.177064940013,1443942.790000000037,16218395.4,22676702.71,5381707.48,21600102.88,0,1443942.79,0,78680.05,0,23122725.72,151531.94,477470.16,85165.18,23836893
044651,Port Clinton City,1290.9987,1331.49,10870509.94,8164.17,11860.29,0.1000004,712219.83,0.020980935225,1.46670942,1268.9276,594.9353,1100.4295,0.852386,1053245.02,196956.9,90265.347269999998,516521.107000000018,2352183.65,2323126.11,-24213.65,2327970,24213.65,516521.11,48369.69,34856.97,0,2951931.41,67131.93,72040.15,90265.35,3181368.85
044669,Portsmouth City,1501.9032,1509.33,12252553.24,8117.88,3195.36,0.6063803,204286.91,0.0154836171,1.46670942,1487.9344,1092.7955,1389.1497,0.924926,1565516.24,10332,6265.1212596,413668.382837500016,13317845.4,13895203.14,481112.2,13798957.6,0,413668.38,302113.53,40551.39,0,14555290.9,58574.23,295658.81,6265.12,14915789.06
044677,Princeton City,5581.7471,5581.7471,45365563.18,8127.48,7249.82,0.1079867,360022,0.022543306283,1.46670942,3909.0515,2536.1412,3565.8239,0.638837,1917055.01,1058898.75,485293.297124999983,2663034.60999999987,4439718.27,7889024.28,2874306.7,7314024.97,0,2663034.61,0,150707.17,0,10127766.75,362813.56,381801.45,485293.3,11357675.06
044685,Ravenna City,1758.2414,1820.31,14808705.02,8135.27,4398.89,0.4592819,230910.12,0.01849813425,1.46670942,1742.1871,1117.9924,1586.1385,0.902116,1700436.53,379951.95,174505.053504705022,557165.140000000014,12193603.71,12105649.52,-73292.23,12120311.48,73292.23,557165.14,112340.72,47472.52,0,12910582.09,0,261257.42,174505.05,13346344.57
044693,Reading Community City,1358.3331,1396,11335168.6,8119.75,3825.2,0.5289019,183585,0.0201335121,1.46670942,787.2787,609.5093,742.8364,0.546874,292659.26,93359.7,49378.122713429999,54227.341800000002,6294902.67,8730147.7,2029289.68,8324192.35,0,54227.34,0,36674.99,0,8415094.69,70633.32,130416.74,49378.12,8665522.87
044701,Rocky River City,2451.0353,2466.2,19899172.48,8068.76,12510.81,0.1000005,484462.85,0.025,1.46670942,322.776,268.4608,309.1972,0.12615,6481.93,1110391.8,508892.561939999985,693018.300000000047,869484.65,2369395.43,1249875.65,2119360.3,0,693018.3,0,66177.95,0,2878556.55,159317.29,196463.93,508892.56,3743230.34
044719,St Bernard-Elmwood Place City,720.9069,720.9069,6496333.86,9011.34,3664.09,0.5933915,212157.36,0.018302676075,1.46670942,708.8882,472.0984,649.6908,0.901213,695114.2,62011.95,36797.364028425,173582.649999999994,5048705.55,7450446.71,2001370.91,7050076.46,0,173582.65,0,19464.49,0,7243123.6,37487.16,63230.91,36797.36,7380639.02
044727,St Marys City,1975.2391,1975.2391,16100522.02,8151.18,4431.47,0.456339,191891.82,0.022680824505,1.46670942,928.9491,661.6725,862.13,0.436469,216358.57,226354.8,103738.404840000003,955472.083400000003,9571007.05,11666673.2,1746318.6,11317325.65,0,955472.08,0,53331.46,0,12326129.19,0,308160.52,103738.4,12738028.11
044735,Salem City,1898.3758,1916.74,15559927.39,8117.91,3927.94,0.5161389,213999.24,0.018667575225,1.46670942,1893.4952,960.7972,1660.3207,0.874601,1673040.61,168822.15,87135.678796634995,566416.180000000051,7289501.26,13487855.27,5165088.4,12454589.66,0,566416.18,0,51256.15,0,13072261.99,0,211829.46,87135.68,13371227.13
044743,Sandusky City,2904.5212,2953.05,24242321.2,8209.25,2814.71,0.6571296,201501.01,0.015017271975,1.46670942,2887.0868,2041.5815,2675.7104,0.921223,2991322.36,808124.1,531042.266583359917,1219137.909999999916,15679502.62,27368407.04,9740364.05,25419866.67,0,1219137.91,0,78422.07,0,26717426.65,113276.33,553728.51,531042.27,27915473.75
044750,Shaker Heights City,4282.9854,4337.22,35394057.69,8160.54,7691.52,0.1,242068.52,0.024208411414,1.46670942,1705.0741,1349.2701,1616.1231,0.377336,303127.6,2274862.8,1042569.621240000124,853686.5,15228195.09,4571601.48,-8880139.46,6348055.63,8880139.46,853686.5,0,115640.61,0,16197522.2,222715.24,191560.71,1042569.62,17654367.77
044768,Sheffield-Sheffield Lake City,1381.3242,1446.89,11824806.25,8172.57,6940.11,0.1508045,312901.15,0.022645742237,1.46670942,665.4531,532.7188,632.2695,0.457727,174505.8,259258.65,118818.239295000007,670090.5,4301535.64,2281632.52,-1683185.27,2618350.37,1683185.27,670090.5,36015.44,37295.75,0,5044937.34,0,175999.42,118818.24,5339754.99
044776,Shelby City,1688.9543,1739.33,14095234.59,8103.83,4132.19,0.4900942,219351.86,0.02004081165,1.46670942,900.9259,745.3113,862.0222,0.510388,295810.73,270926.25,132779.38375275,606116.44335593225,9492164.55,10096732.63,503786.58,9995951.13,0,606116.44,0,45601.77,0,10647669.35,98803.83,182506.34,132779.38,11061758.9
044784,Sidney City,2697.6905,2722.95,22113193.91,8121.04,4937.52,0.39201,243720.28,0.02045971305,1.46670942,1751.0897,1380.1577,1658.3567,0.614732,825551.44,509473.65,233491.773795000016,712119.010412307689,14762365.57,14605283.6,-130896.41,14631469.16,130896.41,712119.01,159406.37,72837.64,0,15706728.59,105209.93,789981.89,233491.77,16835412.19
044792,South Euclid-Lyndhurst City,3055.4659,3096.84,25223418.66,8144.89,7793.57,0.1000001,325044.56,0.022899646047,1.46670942,2988.7741,1513.4317,2619.9385,0.85746,2537542.93,893867.1,409659.291930000007,684911.300000000047,5250369.94,5657389.81,339169.66,5589539.6,0,684911.3,0,82497.58,0,6356948.48,158884.23,370625.55,409659.29,7296117.55
044800,South-Western City,21175.328,21175.328,172959055.67,8167.95,4178.53,0.4884248,210511.16,0.021217059225,1.46670942,14242.9873,9503.0647,13058.0067,0.616661,6541305.18,9856545.3,4814181.166843440384,8249590.870000000112,116578802.4,141779629.18,20999848.96,137578651.36,0,8249590.87,0,571733.86,0,146399976.09,1101117.06,2654111.35,4814181.17,154969385.66
044818,Springfield City School District,6847.8732,6847.8732,55811210.24,8150.15,1936.06,0.7624508,118227.3,0.015510946275,1.46670942,6814.9247,4692.1625,6284.2341,0.917691,6971718.81,1181001.15,900455.271618420142,1322579.100000000093,64428584.85,74442399.27,8344511.55,72773096.4,0,1322579.1,0,184892.58,0,74280568.08,0,1100642.01,900455.27,76281665.36
044826,Steubenville City,2492.1884,2495.93,20518594.88,8220.82,1402.07,0.8294487,84439.71,0.0156163275,1.46670942,2478.4914,1347.9286,2195.8507,0.881093,2245643.83,93222.15,77322.991128705005,859390.020000000019,17738228.38,29842160.56,10086206.68,27824435.06,0,859390.02,0,67289.09,0,28751114.17,129593.8,241742.85,77322.99,29199773.81
044834,Stow-Munroe Falls City School District,4752.7512,4929.18,40773337.25,8271.83,6742.65,0.184866,275984.41,0.023447636915,1.46670942,1810.1974,1135.2245,1641.4542,0.345369,257922.97,795805.5,364717.660649999976,1290365.600000000093,14044387.94,9248176.75,-3996682.78,10047705.16,3996682.78,1290365.6,0,128324.28,0,15463077.82,247143.06,294179.49,364717.66,16369118.03
044842,Strongsville City,5210.7821,5210.7821,42320395.06,8121.7,9631.76,0.1,388645.98,0.024417291277,1.46670942,1319.3038,1050.5388,1252.1126,0.240293,95240.17,1358946.75,622805.295524999965,2362517.630000000354,6346838.43,5075352.24,-1059529.45,5287308.98,1059529.45,2362517.63,0,140691.12,0,8850047.18,304830.76,443055.66,622805.3,10220738.89
044859,Struthers City,1583.092,1617.34,13146227.89,8128.3,2365.62,0.7089648,120317.36,0.01783654965,1.46670942,1564.9766,1042.1156,1434.2613,0.905987,1550839.25,109518.15,77644.513311119998,393661.5,13103008.16,16020485.08,2431133.52,15534141.68,0,393661.5,0,42743.49,0,15970546.66,82320.79,99088.64,77644.51,16229600.6
044867,Sycamore Community City,5633.5634,5633.5634,45641208.16,8101.66,10744.16,0.1000005,430401.25,0.025,1.46670942,992.9955,775.2747,938.5653,0.166602,34317.8,1005790.8,460953.923639999994,2762696.280000000261,1746970.1,5532157.04,3154196.28,4901166.38,0,2762696.28,0,152106.21,1267551.77,9083520.64,329563.46,230130.13,460953.92,10104168.16
044875,Sylvania Schools,7497.3606,7553.39,61810045.92,8183.09,6896.17,0.1572646,262862.65,0.024045128069,1.46670942,2381.8401,1665.2337,2202.6885,0.293795,250458.89,1484927.85,680542.433655000059,2456281.259999999776,14586595.66,12259861.33,-1938867.71,12647727.95,1938867.71,2456281.26,0,202428.74,0,17245305.65,389862.75,605152.47,680542.43,18920863.31
044883,Tallmadge City,2483.8341,2483.8341,20458113.05,8236.51,5747.46,0.3021961,244341.03,0.023181553203,1.46670942,840.0126,663.7165,795.9385,0.320448,107668.64,797877.15,365667.097844999982,810469.099999999977,7259325.23,9578408.68,1932492.24,9191817.47,0,810469.1,0,67063.52,0,10069350.09,129159.37,139817.1,365667.1,10703993.66
044891,Tiffin City,2202.6983,2285.66,18468874.81,8080.32,4118.61,0.4902909,218942.02,0.018478457325,1.46670942,2175.7225,1017.729,1886.2242,0.856324,1822065.95,488878.95,239692.900386555004,727648.606995121925,10679604.89,14857278.93,3481255.78,14160860.67,0,727648.61,0,59472.85,0,14947982.13,0,502984.87,239692.9,15690659.9
044909,Toledo City,19851.7716,19851.7716,163807703.86,8251.54,2571.81,0.6883236,145374.83,0.0161423595,1.46670942,19746.4645,14547.0194,18446.6032,0.929217,20981921.54,5357562,3687736.363063200377,10448112.5,173787983.37,200567048.38,22314994.87,196102978.24,0,10448112.5,0,535997.83,0,207087088.57,0,2372502.95,3687736.36,213147327.89
044917,Toronto City,754.7767,754.7767,6764947.36,8962.85,2922.53,0.6739277,150486.96,0.018919878075,1.46670942,746.0243,364.3244,650.5993,0.861976,636793.35,0,0,231583.700000000012,6141128.94,9493758.34,2793746.08,8934875.02,0,231583.7,0,20378.97,0,9186837.69,0,111743.34,0,9298581.03
044925,Troy City,3877.328,3949.26,32244204.76,8164.62,5858.21,0.2824884,256463.58,0.022864147407,1.46670942,1592.681,1334.254,1528.0742,0.394105,312653.22,635058.9,291047.493870000006,1266400.129999999888,13482976.34,12814945.48,-556670.12,12926306.22,556670.12,1266400.13,971815.54,104687.85,0,15825879.87,252026.32,417368.28,291047.49,16786321.96
044933,Upper Arlington City,6427.013,6427.013,52331986.25,8142.51,11259.9,0.1,427695.07,0.025,1.46670942,454.1416,374.9908,434.3539,0.067583,2613.44,1006414.5,461239.765350000001,719548.800000000047,2096287.22,6500371.53,3669923.45,5766210.67,0,719548.8,0,173529.35,0,6659288.83,417755.85,431345.97,461239.77,7969630.41
044941,Urbana City,1664.0035,1707.42,13875810.48,8126.77,4485.5,0.4480587,224905.13,0.020261193975,1.46670942,957.3679,866.589,934.6732,0.561701,388476.48,383393.85,175709.401455000014,676979.857379245339,8891866.8,9815826.75,769935.83,9661802.63,0,676979.86,0,44928.09,0,10383710.58,64896.14,266315.85,175709.4,10890631.97
044958,Vandalia-Butler City,2738.3595,2738.3595,22178686.76,8099.26,7029.99,0.1320207,305260.91,0.0229810535,1.46670942,1283.9828,894.8478,1186.6991,0.433361,293585.65,697576.95,319699.516185000015,793045.5,4021907.41,3783908.65,-198324.37,3823583.04,198324.37,793045.5,0,73935.71,0,4888888.62,124595.36,288060.14,319699.52,5621243.63
044966,Van Wert City,1719.6414,1771.45,14406747.81,8132.74,3739.61,0.5401781,196237.52,0.0189607626,1.46670942,850.4869,737.8948,822.3389,0.478204,247726.11,206341.8,111461.321474580007,735617.695656338008,10755569.48,11899436.36,953184.27,11708753.75,0,735617.7,0,46430.32,0,12490801.76,78243.69,432817.52,111461.32,13113324.29
044974,Wadsworth City,3978.1882,4109.27,33751607.37,8213.53,5834.28,0.2896745,257567.71,0.023226421003,1.46670942,1078.5643,995.787,1057.8699,0.265918,98542.21,441068.25,202141.578974999982,883590.579999999958,16971303.45,13434674.58,-2947072.83,14024230.62,2947072.83,883590.58,136197.35,107411.08,0,18098502.46,232724.01,403787.74,202141.58,18937155.79
044982,Wapakoneta City,2629.2502,2740.88,22263187.15,8122.64,4656.79,0.42669,205834.84,0.022610920249,1.46670942,988.2239,867.5755,958.0618,0.364386,167575.85,104779.5,48020.44485,1160461.144241891801,15150673.15,13988078.67,-968789.98,14181883.17,968789.98,1160461.14,339720.14,70989.76,0,16721844.19,0,251896.99,48020.44,17021761.63
044990,Warren City,4348.1152,4348.1152,35659196.97,8201.07,1452.66,0.8228695,87810.54,0.014347160775,1.46670942,4292.5203,3583.7499,4115.3277,0.946462,4856298.2,1614054.75,1328156.425105124945,2877639.5,43809000.03,51919891.6,6758805.95,50567805.98,0,2877639.5,0,117399.11,0,53562844.59,0,987056.62,1328156.43,55878057.64
045005,Warrensville Heights City,1773.0184,1773.0184,14402962.95,8123.41,3091.21,0.6194686,254942.31,0.01502098875,1.46670942,1768.2021,1286.1365,1647.6857,0.929311,1874524.32,655244.1,405903.14528525999,474681,6597495.9,15233524.9,7196402.97,13793898.87,0,474681,0,47871.5,398929.15,14715380.52,92196.96,159562.26,405903.15,15373042.88
045013,Washington Court House City,1664.1351,1805.6,14598929.52,8085.36,2850.88,0.6474021,158998.91,0.017800256475,1.46670942,1642.7743,899.5466,1456.9674,0.87551,1471182.68,359982,233053.102762199997,756243.050000000047,14893884,15662885.65,640809.07,15534693.07,0,756243.05,0,44931.65,0,16335867.77,0,299186.56,233053.1,16868107.43
045021,Wellston City,1147.4226,1168.93,9725373.2,8319.89,3175.43,0.6183324,198228.76,0.018277751925,1.46670942,1124.6173,658.9172,1008.1923,0.878658,1025363.08,111922.65,69205.400788860003,944079.764141176478,12084853.43,11502229.85,-485500.23,11599353.2,485500.23,944079.76,212331.63,30980.41,0,13272245.23,0,106833.57,69205.4,13448284.21
045039,Wellsville Local,603.158,617.21,5947262.02,9635.72,1895.21,0.8033142,108936.15,0.016402751775,1.46670942,599.4278,429.8758,557.0398,0.923539,625880.3,0,0,288412.981380000012,8134900,9735047.93,1333403.27,9468303.27,0,288412.98,0,16285.27,0,9773001.52,0,41150.59,0,9814152.11
045047,Westerville City,13701.3284,13701.3284,110780229.08,8085.36,6635.55,0.1793129,285109.37,0.023675827617,1.46670942,5886.8912,4433.2497,5523.4808,0.403135,1182519.79,4077507,1868721.458099999931,4002969.700000000186,32538282.87,29201176.78,-2780810.51,29757472.36,2780810.51,4002969.7,685539.9,369935.87,0,37596728.34,712469.08,1047562.46,1868721.46,41225481.34
045054,West Carrollton City,3008.8614,3106.26,25294130.68,8142.95,3761.19,0.5381057,177288.93,0.019613164725,1.46670942,2986.9551,1630.8811,2647.9366,0.880046,2701549.24,758654.4,408236.256970080023,1343208.199999999953,18420921.32,23215467.35,3995295.21,22416216.53,0,1343208.2,0,81239.26,0,23840663.99,117345.59,368870.11,408236.26,24735115.95
045062,Westlake City,2983.9733,3058.12,24717148.83,8082.47,15811.77,0.1000004,628614.59,0.024953778895,1.46670942,674.8914,534.2418,639.729,0.214388,38733.93,999402.6,458026.211580000003,1154331.899999999907,1299737.21,2978392.84,1398823.74,2698560.95,0,1154331.9,0,80567.28,0,3933460.13,174562.44,282787.34,458026.21,4848836.11
045070,Whitehall City,3316.5876,3316.5876,26989153.41,8137.63,1640.95,0.7983494,106961.3,0.01554089895,1.46670942,3296.5563,1860.4986,2937.5419,0.885712,3035733.8,1369575.9,1093400.098019459983,904478.199999999953,22770425.69,38906834.72,13446469.65,36216895.34,0,904478.2,0,89547.87,746232.21,37957153.61,172462.56,649991.14,1093400.1,39873007.41
045088,Wickliffe City,1177.6432,1231.26,10124641.98,8222.99,6440.32,0.2167909,292447.38,0.021840601725,1.46670942,593.2786,485.5798,566.3539,0.480921,172555.94,904896.3,414713.974289999984,387996.700000000012,1759232.3,2692728.66,777882.52,2537114.82,0,387996.7,0,31796.37,0,2956907.88,0,148083.01,414713.97,3519704.86
045096,Willard City,1158.0605,1192.14,9882166.54,8289.43,4221.97,0.4906812,225704.86,0.0190762011,1.46670942,777.5554,591.286,730.9881,0.631218,383675.08,169460.55,83151.106026660011,557456.251465882408,7588677.29,7963675.89,312486.34,7901163.63,0,557456.25,0,31267.63,0,8489887.51,52691.75,139958.86,83151.11,8765689.23
045104,Willoughby-Eastlake City,6410.5973,6563.02,53362136.99,8130.73,7409.86,0.1,326623.51,0.022570476775,1.46670942,3248.8526,2455.9959,3050.6384,0.475874,910058.37,3746962.8,1717233.051240000175,2449521.799999999814,13219960.99,7463536.91,-4796828.19,8423132.8,4796828.19,2449521.8,0,173086.13,0,15842568.92,291682.18,663828.78,1717233.05,18515312.93
045112,Wilmington City,1998.9845,2056.34,16650820.15,8097.31,6556.61,0.1902731,343084.8,0.020445720525,1.46670942,1967.1402,1003.752,1726.2932,0.863585,1695974.42,501788.7,229969.761209999997,1418338.571408695774,8825322.49,5326646.93,-2915446.35,5909876.14,2915446.35,1418338.57,402051.34,53972.58,0,10699684.99,77960.39,353511.6,229969.76,11361126.74
045120,Wooster City,3057.0358,3102.47,25263795.18,8143.12,6165.27,0.2428872,307840.92,0.020948140125,1.46670942,1428.4705,1242.4667,1381.9695,0.452062,372039.48,594428.1,272426.398229999992,885895.150000000023,8396481.96,8163516.07,-194130.47,8202351.49,194130.47,885895.15,293654.18,82539.97,0,9658571.25,158965.86,257128.45,272426.4,10347091.96
045138,Worthington City,10110.1212,10110.1212,81779735.24,8088.9,7046.35,0.1288865,293318.36,0.024420882805,1.46670942,3388.1732,1929.1607,3023.4201,0.299049,356186.75,2880008.25,1319907.780975000001,2676297,16468613.3,14039348.95,-2024305.99,14444307.31,2024305.99,2676297,0,272973.27,0,19417883.58,525726.3,929348.92,1319907.78,22192866.58
045146,Wyoming City,1827.214,1833.79,14770051.69,8054.39,6566.08,0.1847826,230010.02,0.025,1.46670942,205.6502,154.5772,192.882,0.105561,2831.35,40999.35,18790.002105,156777.799999999988,5405262.63,3442015.01,-1635974.24,3769288.39,1635974.24,156777.8,103341.77,49334.78,0,5714716.98,118768.91,40381.91,18790,5892657.8
045153,Xenia Community City,3321.0834,3446.62,28178731.02,8175.76,5629.65,0.3114219,279691.71,0.020656046025,1.46670942,3260.5259,1814.2911,2898.9672,0.872898,2909811.52,915952.8,419781.168240000028,1810802.141142857028,15908604.62,14522826.32,-1154769.05,14753835.57,1154769.05,1810802.14,1641750.89,89669.25,0,19450826.9,0,754445.94,419781.17,20625054
045161,Youngstown City,4214.9748,4323.62,35675239.38,8251.24,2153.75,0.7389784,159222.08,0.0129809205,1.46670942,4210.6623,3527.6692,4039.914,0.958467,4889010.98,1878756.6,1388360.546257440234,3829021.160000000149,53335189.75,45033698.04,-6917633.04,46417556.71,6917633.04,3829021.16,937980.42,113804.32,0,58215995.65,164384.02,383746.33,1388360.55,60152486.54
045179,Zanesville City,2868.2988,2868.2988,23372121.13,8148.43,2735.34,0.6643111,178374.41,0.015825559725,1.46670942,2840.7084,2056.1287,2644.5635,0.921997,2961471.56,693543.9,460728.911107290071,1218967.820000000065,23176536.91,28943040.1,4805227.11,27981764.02,0,1218967.82,0,77444.07,0,29278175.91,0,591399.63,460728.91,30330304.45
045187,Ada Exempted Village,815.8758,834.81,7293246.87,8736.42,3408.75,0.6098222,163047.54,0.020304046125,1.46670942,424.453,247.1116,380.1176,0.465901,108692.56,23438.1,14293.073705820001,362274.11339534889,5052128.05,7792176.12,2283282.06,7335410.11,0,362274.11,0,22028.65,0,7719712.87,42425.54,131325.16,14293.07,7907756.65
045195,Amherst Exempted Village,3442.2071,3473.21,28232067.25,8128.52,5564.34,0.3154546,230906.81,0.023222308969,1.46670942,1048.1235,768.3271,978.1744,0.284171,104056.77,458339.7,210057.084509999986,819790.429999999935,12695838.25,13124772.29,357430.73,13053268.98,0,819790.43,0,92939.59,0,13965999,178994.77,257167.9,210057.08,14612218.76
045203,Barnesville Exempted Village,1205.7582,1236.67,10168495.99,8222.48,3995.12,0.5141222,217204.79,0.0206385552,1.46670942,1193.4612,472.7604,1013.286,0.840372,942691.87,0,0,694122.740254400065,6236340.2,8737456.2,2084179.96,8320520.16,0,694122.74,0,32555.47,0,9047198.38,54862,109232.12,0,9211292.5
045211,Bluffton Exempted Village,1136.4486,1144.18,9463053.14,8270.6,4351.45,0.4738654,188905.69,0.023414428511,1.46670942,268.173,212.7351,254.3135,0.223779,16776.55,5000.1,2369.37438654,303361.922283018881,5416300.52,6847388.32,1192525.46,6608825.98,0,303361.92,0,30684.11,0,6942872.01,66482.24,71804.61,2369.37,7083528.24
045229,Bradford Exempted Village,492.2946,492.2946,5085686.52,10330.58,3461.21,0.6649543,149835.28,0.0219088152,1.46670942,275.3358,193.351,254.8396,0.517657,89959.22,63722.4,42372.483886319998,179686.079599999997,4012767.76,5889813.14,1564141.92,5576909.68,0,179686.08,0,13291.95,0,5769887.71,22399.4,28557.88,42372.48,5863217.48
045237,Bridgeport Exempted Village,704.6364,704.6364,6515300.12,9246.33,3162.99,0.6579195,176611.06,0.01744344675,1.46670942,696.2095,412.5604,625.2972,0.887404,648670,22538.25,14828.354170875,354996.828887499985,5336092.75,8272371.43,2446801.03,7782893.78,0,354996.83,0,19025.18,0,8156915.79,0,93922.41,14828.35,8265666.55
045245,Harrison Hills City,1266.4967,1294.84,10583757.59,8173.8,10901.01,0.1000001,697616.21,0.021100746375,1.46670942,654.1756,536.5601,624.7717,0.493307,200285.94,419793.15,192391.200645000004,1303006.737124804175,7480716.34,1437736.04,-5035615.49,2445100.85,5035615.49,1303006.74,74389.59,34195.41,0,8892308.08,0,145147.63,192391.2,9229846.91
045252,Caldwell Exempted Village,744.6438,744.6438,6752567.37,9068.18,4573.12,0.4956957,260495.61,0.020011733325,1.46670942,677.5035,294.0075,581.6295,0.781084,467451.43,62204.1,30834.304892370004,757116.221620382159,4661790.94,6862060.22,1833484.39,6495275.33,0,757116.22,0,20105.38,0,7272496.94,0,117287.06,30834.3,7420618.3
045260,Carey Exempted Village Schools,808.9387,808.9387,7100137.08,8777.1,3560.78,0.5943101,162410.22,0.021003235875,1.46670942,798.4534,245.7735,660.2834,0.816234,579501.14,56750.4,33727.335899040001,354171.633047999989,5433429.69,8396970.72,2469518.74,7902948.43,0,354171.63,0,21841.34,0,8278961.41,0,89725.77,33727.34,8402414.51
045278,Carrollton Exempted Village,1664.9785,1712.8,13861314.2,8092.78,7606.37,0.1000002,420966.88,0.021663071325,1.46670942,943.8591,640.8289,868.1015,0.521389,310877.16,1816.5,832.50195,2036133.237008996774,9005933.54,1869758.68,-5946574.51,3059359.03,5946574.51,2036133.24,0,44954.42,0,11087021.2,86578.88,189534.93,832.5,11363967.51
045286,Chagrin Falls Exempted Village,1500.8046,1528.85,12345060.37,8074.74,13269.11,0.1,468738.08,0.025,1.46670942,94.8617,76.6942,90.3198,0.060181,430.92,331578.45,151962.403634999995,555034.400000000023,1471913.36,1430218.72,-34744.14,1437169.22,34744.14,555034.4,0,40521.73,0,2067469.48,97552.3,125592.61,151962.4,2442576.8
045294,Chesapeake Union Exempted Village,1064.9766,1082.92,9048355.55,8355.52,3539,0.5764467,191088.46,0.0198230526,1.46670942,1031.5771,442.2822,884.2534,0.830303,803053.53,206986.5,119316.684869549994,536167.520400000038,8811078.08,9337195.38,438413.54,9249491.62,0,536167.52,0,28754.37,0,9814413.51,0,120811.21,119316.68,10054541.4
045302,Clyde-Green Springs Exempted Village,1811.0591,1858.14,15036621.38,8092.3,3394.27,0.5805558,165826.46,0.0202544163,1.46670942,866.892,655.6134,814.0724,0.449501,216680.04,329603.4,191353.165569720004,1117621.138391044922,11803910.85,13165905.42,1134950.07,12938860.92,0,1117621.14,0,48898.6,0,14105380.66,94175.07,380638.63,191353.17,14771547.52
045310,Coldwater Exempted Village,1478.1455,1478.1455,12126072.52,8203.57,3827.36,0.5334518,163902.51,0.023346866558,1.46670942,273.8132,198.6383,255.0194,0.172527,9999.59,0,0,410277.042499999981,7565547.57,10125319.75,2133058.16,9698605.73,0,410277.04,0,39909.93,0,10148792.7,86471.51,119712.79,0,10354977.01
045328,Columbiana Exempted Village,909.704,937.73,7972358.7,8501.76,6224.03,0.2679127,285582.32,0.022323781575,1.46670942,330.8928,246.6011,309.8198,0.340572,47339.28,0,0,339363.869999999995,3406602.15,3060203.68,-288653.84,3117948.31,288653.84,339363.87,28805.18,24562.01,0,3799333.2,53217.68,52304.69,0,3904855.58
045336,Covington Exempted Village,748.0038,748.0038,6778293.09,9061.84,4432.55,0.5108563,195371.53,0.022697584827,1.46670942,295.2488,219.9504,276.4242,0.369549,49729.57,124786.2,63747.816423060009,228134.698662857147,4466308.06,6384175.15,1598158.65,6064466.71,0,228134.7,0,20196.1,0,6312797.51,38896.2,79335.25,63747.82,6494776.78
045344,Crestline Exempted Village,493.141,515.4,5226106.16,10139.9,3434.16,0.6613219,181867.81,0.017925752025,1.46670942,480.1678,322.8426,440.8365,0.893936,464071.53,21649.95,14317.586068905001,480310.563150000002,4965951.44,6362238.54,1163526.04,6129477.48,0,480310.56,0,13314.81,0,6623102.85,0,109597.28,14317.59,6747017.72
045351,Crooksville Exempted Village,1014.1528,1019.13,8594173.77,8432.85,2618.56,0.6894807,149289.84,0.019964289825,1.46670942,1001.7168,537.1117,885.5655,0.873207,889507.63,39578.7,27288.749781090002,737607.912199999904,9884286.43,11873702.38,1657780.31,11542066.74,0,737607.91,0,27382.13,0,12307056.78,32959.97,124028.64,27288.75,12491334.14
045369,Fairport Harbor Exempted Village,515.511,553.97,5446842.76,9832.38,2677.19,0.7277171,140771,0.0193503672,1.46670942,506.4702,212.4243,432.9587,0.839863,402307.33,53004,38571.917168400003,18848.5,3897614.51,6199488.17,1918151.32,5815765.83,0,18848.5,0,13918.8,0,5848533.12,0,17038.75,38571.92,5904143.79
045377,Georgetown Exempted Village,918.0493,931.97,7988836.97,8571.99,3189.07,0.6279662,169753.41,0.019550635425,1.46670942,901.0086,429.0289,783.0137,0.85291,750361.11,28051.8,17615.582249160001,585714.740639999975,6998319.27,9633822.47,2196164.82,9194484.09,0,585714.74,0,24787.33,0,9804986.16,53705.88,85781.12,17615.58,9962088.75
045385,Gibsonburg Exempted Village,669.8867,693.5,6403522.08,9233.63,5031.27,0.4551146,228137.21,0.022625442454,1.46670942,302.829,189.8325,274.5799,0.40989,60771.22,44471.7,20381.380110000002,244661.638047457644,5359652.83,5334295.72,-21130.08,5338522.75,21130.08,244661.64,125795.59,18086.94,0,5748197,0,79319.86,20381.38,5847898.24
045393,Granville Exempted Village,2420.4905,2451.71,19785416.58,8070.05,7624.48,0.1,299808.36,0.025,1.46670942,196.2215,137.4717,181.5341,0.074999,1345.13,291445.35,133569.403905000014,716646.910000000033,5544346.04,2277038.72,-2722647.19,2821698.85,2722647.19,716646.91,0,65353.24,0,6326346.19,157331.88,77839.21,133569.4,6695086.69
045401,Greenfield Exempted Village,1791.0088,1791.0088,14586140.55,8144.09,2704.17,0.667959,153752.4,0.0187333839,1.46670942,1779.1845,1009.6808,1586.8085,0.885986,1640864.84,134460.9,89814.368303099996,1903990.505492683034,13872179.87,17287727.77,2846176.06,16718355.93,0,1903990.51,0,48357.24,0,18670703.68,0,268196.52,89814.37,19028714.57
045419,Hicksville Exempted Village,877.9321,877.9321,7670056.99,8736.5,3453.93,0.6046561,162816.03,0.0212474493,1.46670942,860.8185,256.4005,709.714,0.808393,610974.41,42442.05,25662.844429005003,465919.363600000041,6373026.26,9022151.71,2207516.24,8580542.5,0,465919.36,0,23704.17,0,9070166.02,51359.03,138415.77,25662.84,9285603.66
045427,Hubbard Exempted Village,1725.3338,1744.03,14127586.64,8100.54,3816.17,0.5288992,167143.69,0.020622157875,1.46670942,886.2429,669.9592,832.172,0.482325,255027.61,526946.7,278701.688072640041,591796.729999999981,9231988.45,10460876.25,1024032.21,10256020.66,0,591796.73,0,46584.01,0,10894401.4,0,111869.65,278701.69,11284972.74
045435,Indian Hill Exempted Village,2132.7488,2132.7488,17199900.66,8064.66,21852.9,0.1000005,789811.39,0.025,1.46670942,179.8857,152.2685,172.9814,0.081107,1499.03,261226.35,119720.036204999997,796733.599999999977,624326.34,1958526.29,1111788.82,1736115.16,0,796733.6,0,57584.22,479868.48,3070301.45,138628.67,61944.82,119720.04,3390594.98
045443,Leetonia Exempted Village School District,484.4968,490.56,5055717.83,10306.01,4135.3,0.5987485,222274.56,0.018697090725,1.46670942,478.681,277.7193,428.4406,0.8843,441351.3,28166.25,16864.499938125002,290601.123699999996,5225564.51,5313757.79,73491.46,5299055.97,0,290601.12,54778.07,13081.41,0,5657516.57,25193.83,38456.2,16864.5,5738031.11
045450,Lisbon Exempted Village,660.6618,684.82,6286074.28,9179.16,3301.31,0.6403482,184887.46,0.01818548865,1.46670942,648.392,386.586,582.9405,0.882358,597872.32,0,0,281998.033264000027,5968269.3,7932523.79,1636813.26,7605082.56,0,281998.03,0,17837.87,0,7904918.46,25765.81,33481.85,0,7964166.12
045468,Loudonville-Perrysville Exempted Village,826.9785,850.29,7458379.55,8771.57,5691.82,0.3511058,315878.39,0.020300110875,1.46670942,339.4832,289.6571,327.0266,0.395448,67368.43,99369.9,45541.225170000005,469994.709474576288,4737172.22,4060617.18,-563773.32,4173398.9,563773.32,469994.71,270927.86,22328.42,0,5500423.21,43002.88,116423.07,45541.23,5705390.39
045476,Marysville Exempted Village,5302.4354,5310.21,43408941.86,8174.62,5478.2,0.3298515,224110.07,0.023799812633,1.46670942,1307.2132,1072.1184,1248.4395,0.235446,91168.48,823513.95,377416.443285000045,2296756.163342857268,18850425.35,22899965.43,3374481.75,22224907.1,0,2296756.16,0,143165.76,0,24664829.02,275726.64,291515.43,377416.44,25609487.53
045484,Mechanicsburg Exempted Village,797.2244,816.08,7213325.74,8838.99,3913.31,0.5572671,173348.43,0.022797105959,1.46670942,296.4176,234.3452,280.8995,0.352347,45939.55,180157.95,100396.098338445008,498539.630390163918,5072538.61,7260032.63,1822838.77,6895377.38,0,498539.63,0,21525.06,0,7415442.07,41455.67,106100.5,100396.1,7663394.34
045492,Mentor Exempted Village,6557.3167,6752.66,55095838.25,8159.13,8269.02,0.1,357970.3,0.023441234644,1.46670942,2346.5819,1539.9679,2144.9284,0.327105,302330.33,2010366.75,921351.081524999929,2269422.770000000019,13207103.23,6874189.48,-5277217.03,7929886.2,5277217.03,2269422.77,0,177047.55,0,15653573.56,383603.03,339769.91,921351.08,17298297.58
045500,Milford Exempted Village,5502.7777,5716.28,46251334.06,8091.16,6587.14,0.1858844,257213,0.02397740997,1.46670942,1348.9243,1075.1775,1280.4876,0.232698,91338.78,1692040.35,775462.092405000003,3039003,20716101.08,10289678.43,-8688338,12027763.08,8688338,3039003,0,148575,0,23903679.08,321912.49,495851.59,775462.09,25496905.26
045518,Milton-Union Exempted Village,1285.1512,1295.07,10599042.82,8184.15,4742.85,0.4204837,205817.47,0.0226035811,1.46670942,643.2974,530.9082,615.2001,0.478699,185710.3,197331.75,90437.14102499999,488776.349999999977,6017953.9,7145171.23,939310.2,6957264.1,0,488776.35,0,34699.08,0,7480739.54,0,129237.52,90437.14,7700414.2
045526,Montpelier Exempted Village,771.7921,771.7921,6863597.15,8893.06,2887.13,0.675351,153282.02,0.0181277694,1.46670942,347.9017,355.3257,349.7577,0.453176,94622.78,34429.5,23251.997254500002,454814.359999999986,6843359.52,8924854.62,1734509.87,8577869.39,0,454814.36,0,20838.39,0,9053522.13,30099.89,137114.2,23252,9243988.22
045534,Mount Gilead Exempted Village,914.4544,934.67,8031748.09,8593.14,5368.72,0.375232,269352.77,0.0215100279,1.46670942,455.4265,365.3218,432.9003,0.473397,127800.77,203970.9,93479.863469999997,445456.401228571427,6128573.16,5350563.1,-648315.78,5480257.38,648315.78,445456.4,14507.64,24690.27,0,6613227.47,59439.54,174952.18,93479.86,6941099.05
045542,Newcomerstown Exempted Village,813.3105,832.11,7351227.41,8834.44,3435.35,0.6111422,200800.44,0.018959888025,1.46670942,792.3762,381.0095,689.5346,0.847812,652904.57,3087,1886.5959714,459074.200248101261,7084805.95,9156238.93,1726125.1,8810931.05,0,459074.2,0,21959.38,0,9291964.63,37005.63,91765.78,1886.6,9422622.64
045559,New Richmond Exempted Village,1775.8179,1856.4,14984196.59,8071.64,6253.6,0.2252379,273810.35,0.023244742896,1.46670942,879.1223,630.9771,817.086,0.460118,227877.15,298028.85,136586.62195500001,809117.843499999959,4854016.48,4117181.22,-614004.82,4240011.66,614004.82,809117.84,0,47947.08,0,5711081.41,0,116776.05,136586.62,5964444.08
045567,Newton Falls Exempted Village,808.9122,851.28,7536151,8852.73,4018.82,0.5460362,191687.85,0.0190259154,1.46670942,799.57,419.4883,704.5496,0.870984,704087.21,0,0,323472.767999999982,6264747.89,7682909,1181753.66,7446501.55,0,323472.77,0,21840.63,0,7791814.94,42063.43,89626.64,0,7923505.01
045575,Paulding Exempted Village,1194.1744,1220.15,10137749.19,8308.61,4319.09,0.480167,218804.25,0.020301422625,1.46670942,744.26,522.172,688.738,0.576748,301801.07,0,0,868207.847316854051,6773591.05,8356291.5,1318864.28,8092455.33,0,868207.85,0,32242.71,0,8992905.89,0,175325.67,0,9168231.56
045583,Perrysburg Exempted Village,5305.0566,5305.0566,43153337.86,8134.38,6739.5,0.1714796,246272.22,0.025,1.46670942,741.877,559.7095,696.3351,0.131259,15804.15,468165.6,214560.294480000011,1632759.850000000093,9757963.09,10146944.29,324138.04,10082101.13,0,1632759.85,0,143236.53,1193637.74,13051735.24,344828.68,352709.55,214560.29,13963833.76
045591,Rittman Exempted Village,746.8454,790.57,7045600.06,8912.05,4182.28,0.5307162,195752.54,0.020510873325,1.46670942,365.4711,319.4488,353.9655,0.473947,104740.6,189201.6,100412.35418591999,197667.420000000013,6705792.07,6697856.67,-6612.57,6699179.5,6612.57,197667.42,224411.69,20164.83,0,7148036,43690.46,92729.98,100412.35,7384868.79
045609,Rossford Exempted Village,1486.7526,1530.02,12407262.08,8109.22,6554.07,0.1917744,301555.56,0.0220299381,1.46670942,694.892,554.1313,659.7018,0.44372,171104.03,90386.1,41423.949630000003,620833.459999999963,3108092.94,2875036.5,-194205.93,2913887.01,194205.93,620833.46,115686.18,40142.32,0,3884754.9,67647.24,145872.42,41423.95,4139698.51
045617,Tipp City Exempted Village,2299.7546,2344.98,18999836.82,8102.34,6348.79,0.216425,256650.03,0.02382885699,1.46670942,454.2055,381.2258,435.9605,0.189568,20638.2,157015.95,71960.409885000001,757173.890000000014,7506240.14,5194476.49,-1926392.65,5579847.49,1926392.65,757173.89,0,62093.37,0,8325507.41,134535.65,140680.8,71960.41,8672684.27
045625,Upper Sandusky Exempted Village,1459.1237,1483.29,12105846.42,8161.48,4987.71,0.3888717,245607.31,0.021288333825,1.46670942,646.7381,477.9221,604.5341,0.414313,136701.25,92954.4,42601.001520000005,807570.144002803834,6309039.39,6953930.05,537387.39,6846426.78,0,807570.14,0,39396.34,0,7693393.26,75874.43,255802.53,42601,8067671.23
045633,Versailles Exempted Village,1227.3997,1239,10206340.45,8237.56,4550,0.4476518,200863.74,0.023217364136,1.46670942,168.5866,119.9101,156.4175,0.127438,3346.4,133361.55,61119.598365000005,508524.724842105235,7815248.83,7341234.51,-394996.13,7420252.7,394996.13,508524.72,0,33139.79,0,8356913.35,79780.98,79378.69,61119.6,8577192.61
045641,Wauseon Exempted Village,1676.957,1686.91,13710937.46,8127.84,3434.04,0.5774965,161926.65,0.0209608209,1.46670942,681.5355,562.4462,651.7632,0.388658,129693.92,301889.7,174340.245136049984,773953.827600000077,9716866.33,12757048.35,2533383.68,12250250.01,0,773953.83,0,45277.84,0,13069481.67,0,256065.22,174340.25,13499887.14
045658,Wellington Exempted Village,870.9686,895.66,7767457.06,8672.33,6903.29,0.2039868,329338.85,0.022505465339,1.46670942,375.8553,279.186,351.6879,0.403789,75537.22,105378,48294.737399999998,248272.294894117658,4254956.78,2544198.07,-1425575.23,2829381.55,1425575.23,248272.29,159598.01,23516.15,0,4686343.23,0,101692.38,48294.74,4836330.34
045666,Windham Exempted Village,426.3502,433.43,4750125.82,10959.38,3078.47,0.7191025,144364.9,0.019342496475,1.46670942,420.426,258.811,380.0223,0.891338,397730.09,132127.8,95013.431299500007,255000.049199999979,5143319.86,5724790.14,484539.19,5627859.05,0,255000.05,0,11511.45,0,5894370.55,16627.66,57753.94,95013.43,6063765.58
045674,Yellow Springs Exempted Village,585.5408,607.67,5773994.48,9501.86,7693.08,0.1903607,336109.24,0.023533156348,1.46670942,204.9741,183.4482,199.5926,0.340869,30550.19,46151.7,21151.324110000001,117663.536317647056,2218888.73,2360079.53,117654.29,2336543.02,0,117663.54,0,15809.6,0,2470016.16,38060.15,14972.34,21151.32,2544199.98
045757,Allen East Local,982.5338,992.84,8431232.96,8492.04,4230.98,0.5017713,179938.52,0.022949042254,1.46670942,332.7502,229.1372,306.847,0.312302,39424.48,14943.6,7498.269598680001,450915.978441095911,6539204.93,7566007.98,855634.98,7394839.91,0,450915.98,0,26528.41,0,7872284.3,51091.76,96326.96,7498.27,8027201.29
045765,Bath Local,1570.2491,1611.18,13029990,8087.23,4726.58,0.4155512,219249.74,0.022663855917,1.46670942,784.1432,561.5188,728.4871,0.463931,206549.04,54815.25,25121.829074999998,718402.469021739089,5749590.24,7735229.84,1654633.48,7404223.72,0,718402.47,0,42396.72,0,8165022.92,0,198241.75,25121.83,8388386.49
045773,Elida Local,1979.1124,2042.96,16542177.77,8097.16,5279.48,0.3479849,248553.36,0.021338182125,1.46670942,1109.9864,883.4533,1053.3531,0.532235,393074.98,100069.2,45861.714359999998,934004.294152941089,7827213.97,8321894.91,412217.63,8239431.6,0,934004.29,0,53436.03,0,9226871.93,90049.61,367352.26,45861.71,9730135.51
045781,Perry Local,671.2957,681.19,6283425.95,9224.19,3893.07,0.5779499,244766.9,0.0199446129,1.46670942,647.0475,425.383,591.6314,0.881328,605369.99,17809.05,10292.738666595,243749.928764705866,3204932.8,6495090.61,2741688.5,5946621.3,0,243749.93,0,18124.98,0,6208496.21,34907.38,44246.72,10292.74,6297943.04
045799,Shawnee Local,2177.2046,2223.36,17975733.05,8084.94,6608.7,0.1825913,266574.8,0.023484540927,1.46670942,735.5968,564.1356,692.7315,0.318175,92382.9,178156.65,81649.192694999991,915097.040000000037,4903122.37,4146940.48,-630126.37,4272996,630126.37,915097.04,0,58784.53,0,5877003.93,113214.64,274419.39,81649.19,6346287.16
045807,Spencerville Local,936.4723,945.91,8071288.03,8532.83,3765.63,0.5586893,178611.69,0.02263283367,1.46670942,380.2546,293.2513,358.5038,0.382824,69212.82,55746.6,31145.028931380006,581829.347723595565,5882287.28,8251850.34,1974556.9,7856844.18,0,581829.35,0,25284.75,0,8463958.28,54783.63,77331.77,31145.03,8627218.71
045823,Hillsdale Local,834.4734,834.4734,7312214.91,8762.67,10328.66,0.1000003,595703.05,0.022774099514,1.46670942,322.2472,221.7977,297.1348,0.356075,49628.49,183001.35,83869.518704999995,607273.78655624995,3061900.59,896079.9,-1804778.38,1257122.21,1804778.38,607273.79,0,22530.78,187756.51,3879461.67,43392.62,90163.24,83869.52,4096887.04
045831,Mapleton Local,731.1899,773.86,6956411.59,8989.24,5424.33,0.3965753,262959.15,0.021819612825,1.46670942,716.7293,258.8416,602.2573,0.823667,538244.99,61649.7,28254.057510000002,463988.962095049559,4137314.15,5395629.72,1048554.36,5185868.51,0,463988.96,0,19742.13,0,5669599.6,38021.88,32723.95,28254.06,5768599.48
045856,Buckeye Local,1636.4446,1653.92,13381856.17,8090.99,3780.72,0.5327244,196630.58,0.020125641375,1.46670942,1615.8403,813.173,1415.1735,0.864785,1394185.44,352839.9,187966.424023560015,1036512.686722857179,7437143.81,11279953.76,3202213.53,10639357.34,0,1036512.69,0,44184,0,11720054.03,85095.12,125333.21,187966.42,12118448.78
045864,Grand Valley Local,786.8172,819.55,7263872.48,8863.25,6744.41,0.239058,327742.61,0.0217024254,1.46670942,414.5385,350.548,398.5408,0.506523,134699.42,238830.9,109456.20147,788672.875645901659,5489594.17,2905836.2,-2153045.52,3336548.65,2153045.52,788672.88,434558.97,21244.06,0,6734070.09,35800.18,27583.77,109456.2,6906910.24
045872,Jefferson Area Local,1662.5749,1671.47,13572206.87,8119.92,4125.29,0.4919542,201158.24,0.02127871395,1.46670942,816.1539,707.9602,789.1055,0.474629,234173.71,264509.7,130126.657855740006,1147249.150993749965,7595692.82,10272806.11,2230838.51,9826531.33,0,1147249.15,0,44889.52,0,11018670,86453.89,94319.6,130126.66,11329570.15
045880,Pymatuning Valley Local,1038.0773,1041.31,8782858.96,8434.43,3516.26,0.5831062,223759.35,0.018180241425,1.46670942,1023.8815,513.2569,896.2254,0.863351,880007.92,257322.45,150046.315994190023,1582419.198379660957,6913020.52,9496340.68,2152680.69,9065701.21,0,1582419.2,0,28028.09,0,10676148.49,0,112379.37,150046.32,10938574.18
045906,Alexander Local,1345.8277,1386.72,11353496.79,8187.3,4613.12,0.4365528,243444.24,0.020815211025,1.46670942,1330.0292,511.4895,1125.3942,0.83621,1036644.77,0,0,1138325.765634482726,8327703.23,8035060.65,-243859.06,8083844.17,243859.06,1138325.77,200708.92,36337.35,0,9703075.27,69983.04,127123.52,0,9900181.83
045914,Federal Hocking Local,793.4786,823.39,7340737.41,8915.26,4818.79,0.4594896,279708.62,0.019112056875,1.46670942,782.7162,393.893,685.5104,0.86393,674009.01,28694.4,13184.77837824,1829345.864913043566,6272701.43,6431951.23,132702.86,6405404.29,0,1829345.86,36717.54,21423.92,0,8292891.61,30945.67,83970.01,13184.78,8420992.06
045922,Trimble Local,647.6694,684.51,6401403.25,9351.8,1712.43,0.8168884,90795.4,0.01733172525,1.46670942,640.1323,397.4219,579.4547,0.894677,611007.6,0,0,530862.279030769248,9648559.36,10770916.04,935259.82,10583819.18,0,530862.28,0,17487.07,0,11132168.54,0,70590.08,0,11202758.62
045948,Minster Local,881.7428,881.7428,7633455.68,8657.24,5737.49,0.3372601,241955.59,0.024350405976,1.46670942,114.9471,87.7758,108.1543,0.12266,2143.6,46057.2,21108.014760000002,226982.821120000008,3253088.11,4620820.67,1139731.54,4392819.65,0,226982.82,0,23807.06,198392.14,4842001.66,57313.28,60310.16,21108.01,4980733.12
045955,New Bremen Local,819.1246,819.1246,7189155.94,8776.63,4974.62,0.4331969,204057.1,0.023716427236,1.46670942,121.6526,102.4544,116.8531,0.142656,3132.67,63370.65,29042.768895000001,228976.943999999989,3351743.86,5381064.04,1691032.51,5042776.37,0,228976.94,0,22116.36,0,5293869.67,53243.1,62885.01,29042.77,5439040.55
045963,New Knoxville Local,405.9793,405.9793,4549916.86,11207.26,4750.09,0.5761602,204238.84,0.023146575068,1.46670942,78.1721,66.6906,75.3018,0.185482,3412.74,12204.15,7031.54550483,155459.382400000002,2354078.51,3526938.43,977344.17,3331422.68,0,155459.38,0,10961.44,91345.33,3589188.84,23749.79,52618.83,7031.55,3672589
045971,Waynesfield-Goshen Local,421.2174,426.55,4664889.95,10936.33,4671.53,0.5728423,207523.42,0.02301244016,1.46670942,135.537,113.8881,130.1248,0.308926,16359.26,64837.5,37141.662626249999,349473.855085714313,3587294.74,3803074.7,179809.44,3767104.18,0,349473.86,0,11372.87,0,4127950.91,19165.39,32587.91,37141.66,4216845.87
045997,St Clairsville-Richland City,1511.9246,1537.02,12439389.84,8093.19,9209.73,0.1000002,466098.55,0.022975015642,1.46670942,495.8616,439.963,481.8869,0.318724,64486.56,0,0,503015.913900000043,3422240.91,1508630.72,-1594611.37,1827629.54,1594611.37,503015.91,0,40821.96,0,3966078.79,0,95965.31,0,4062044.1
046003,Shadyside Local,635.5866,643.01,6094458.09,9478.01,4397.13,0.5360701,226039.96,0.020401994025,1.46670942,265.714,198.3265,248.8671,0.391555,50262.91,0,0,298566.565600000031,4038138.35,5878594.54,1533652.14,5571790.49,0,298566.57,0,17160.84,0,5887517.9,0,114220.03,0,6001737.93
046011,Union Local,1188.09,1261.62,10373627.83,8222.47,6048.86,0.2643489,332359.64,0.02152095975,1.46670942,538.362,454.6969,517.4457,0.435527,129297.32,0,0,1073535.826297297375,7150763.49,3248449.9,-3251797.91,3898965.58,3251797.91,1073535.83,84447.39,32078.43,0,8340825.14,0,67015.25,0,8407840.39
046037,Eastern Local School District,1088.3767,1088.3767,9188771.34,8442.64,5517.91,0.3464237,280765.19,0.02217620385,1.46670942,602.6517,445.0296,563.2462,0.51751,198714.83,16338,7487.7054,830475.672538461513,6367541.05,5332587.56,-862426.75,5505114.3,862426.75,830475.67,290688.73,29386.17,0,7518091.62,56595.59,66949,7487.71,7649123.91
046045,Fayetteville-Perry Local,704.936,725.76,6641215.6,9150.7,4632.71,0.4937314,212741.85,0.02297418279,1.46670942,329.4062,245.6935,308.478,0.437597,77815.75,9160.2,4522.67837028,502016.408957894717,4914057.57,5786304.75,726843.57,5640901.14,0,502016.41,0,19033.27,0,6161950.82,0,38939.78,4522.68,6205413.28
046060,Western Brown Local,2590.0067,2683.57,21820152.51,8131.02,2982.53,0.6331914,141555.99,0.020636368875,1.46670942,1605.2291,1254.8795,1517.6417,0.585961,686437.86,397918.5,251958.572100899997,1924494.361156834522,22106474.67,21123456.43,-819149.1,21287325.57,819149.1,1924494.36,1047572.95,69930.18,0,25148472.16,117845.31,281353.17,251958.57,25799629.21
046078,Ripley-Union-Lewis-Huntington Local,694.248,698.24,6477382.2,9276.73,3479.62,0.6249079,204943.75,0.017985220425,1.46670942,669.7782,434.8343,611.0422,0.88015,623561.31,181422.15,113372.134769984987,621912.45960000006,6332671.37,8068196.77,1446213.32,7778884.69,0,621912.46,0,18744.69,0,8419541.84,0,58304.07,113372.13,8591218.04
046094,Edgewood City,3058.9843,3232.25,26216746.32,8110.99,4205.07,0.481559,193978,0.022685561125,1.46670942,1617.7058,1173.2988,1506.6041,0.492518,481435.27,234036.6,112702.431059400013,1244375.381000000052,16223351.27,18815813.04,2160298.39,18383649.66,0,1244375.38,0,82592.58,0,19710617.62,0,322984.11,112702.43,20146304.16
046102,Fairfield City,8492.8826,8648.95,69783731.85,8068.46,5492.18,0.3193025,248817.08,0.022507911722,1.46670942,4090.8291,3389.4894,3915.4942,0.461032,1096335,2432547.6,1114836.565080000088,4303822.5,28664364.11,32966424.12,3584906.6,32249270.71,0,4303822.5,0,229307.83,0,36782401.04,441629.9,1046166.88,1114836.57,39385034.39
046110,Lakota Local,16736.1123,16808.15,135821981.43,8080.72,7131.79,0.1174313,282137.08,0.0249192692,1.46670942,5205.2691,3904.3854,4880.0481,0.291588,546585.32,6741161.7,3089474.407110000029,7036019.400000000373,41778843.18,20365701.9,-17843570.63,23935272.55,17843570.63,7036019.4,0,451875.03,0,49266737.62,979062.57,857615.86,3089474.41,54192890.45
046128,Madison Local,1404.5524,1404.5524,11418634.84,8129.73,4161.65,0.4880948,176974.82,0.023118051217,1.46670942,657.6954,519.806,623.223,0.443716,161639.77,344673,168233.09900039999,760627.150000000023,8464539.5,9388741.22,770137.29,9234676.79,0,760627.15,0,37922.91,0,10033226.85,0,135317.94,168233.1,10336777.89
046136,New Miami Local,551.876,551.876,5503407.01,9972.18,2052.49,0.7941783,122138.55,0.017109375075,1.46670942,545.2091,378.0187,503.4115,0.912182,551798.75,208253.85,165390.688561454997,272889.5,6058466.78,8729847.83,2226061.83,8284528.61,0,272889.5,0,14900.65,0,8572318.76,0,65214.47,165390.69,8802923.92
046144,Ross Local,2239.2832,2340.83,18830155.28,8044.22,5955.13,0.2597007,249817.09,0.023710597538,1.46670942,757.8061,493.9527,691.8427,0.308957,86995.75,174728.4,80078.025719999991,1528412.330000000075,8843614.57,6444155.16,-1999469.53,6844145.04,1999469.53,1528412.33,0,60460.65,0,10432487.55,130998.07,123826.3,80078.03,10767389.94
046151,Talawanda City,2712.0093,2758.34,22341114.17,8099.48,7708.2,0.1000003,377696.96,0.022762023745,1.46670942,1052.2496,888.2824,1011.2578,0.372881,185223.87,556391.85,254994.384854999982,1559046.91347826086,7037830.15,2767249.57,-3558674.8,3479155.35,3558674.8,1559046.91,0,73224.25,0,8670101.31,141024.48,182713.6,254994.38,9248833.78
046177,Brown Local,569.1364,581.13,5681313.95,9776.32,7038.55,0.2800409,367096.25,0.021713575725,1.46670942,556.9359,239.5489,477.5892,0.839147,443021.82,109355.4,50117.579819999999,301884.358000000007,2431516.33,3377452.22,788248.37,3219764.7,0,301884.36,0,15366.68,0,3537015.75,0,93491.24,50117.58,3680624.57
046193,Graham Local,1371.3122,1429.56,11606764.8,8119.12,5663.22,0.3024836,261817.08,0.022781959169,1.46670942,598.6669,504.7833,575.196,0.419449,133311.84,306273.45,140365.122135000012,1582836.168571428396,8668364.33,5161930.9,-2921910.98,5746453.35,2921910.98,1582836.17,0,37025.43,0,10288225.93,89135.29,212094.57,140365.12,10729820.92
046201,Triad Local,736.9181,745.1,6746633.26,9054.67,5373.06,0.406598,237040.77,0.022864876126,1.46670942,329.7485,265.7232,313.7422,0.425749,74916.04,106579.2,48845.247360000001,723405.398240963812,4696585.85,5329475.05,527386.57,5223972.42,0,723405.4,0,19896.79,0,5967274.6,0,94902.15,48845.25,6111022.01
046219,West Liberty-Salem Local,1122.2256,1144.4,9494002.31,8296.05,3909.13,0.5287973,174011.55,0.023044555486,1.46670942,291.8036,217.2349,273.1614,0.24341,21320.18,89043.15,47085.777303495008,631653.754319999949,6574653.73,7941187.09,1138732.25,7713385.98,0,631653.75,0,30300.09,0,8375339.82,65650.2,66802.43,47085.78,8554878.22
046235,Greenon Local,1537.1653,1563.13,12730266.67,8144.09,5732.07,0.2961683,240676.6,0.023265407038,1.46670942,793.6065,524.7921,726.4029,0.47256,213690.91,240123.45,110048.577135,796578.207279999973,4236988.16,5724879.32,1239859.7,5476847.86,0,796578.21,0,41503.46,0,6314929.53,0,261213.22,110048.58,6686191.34
046243,Tecumseh Local,2577.1855,2620.13,21339771.03,8144.55,3363.42,0.5870345,153655.71,0.020738689425,1.46670942,2540.8376,1179.7769,2200.5725,0.853867,2113541.08,191783.55,112583.560382475014,1573954.530000000028,17626157.7,21314400.97,3073413.11,20699570.81,0,1573954.53,0,69584.01,0,22343109.35,134013.64,581912.19,112583.56,23171618.74
046250,Northeastern Local,2851.9629,2864.91,23321947.29,8140.55,5682.21,0.3019869,240327.12,0.023019779309,1.46670942,1231.6964,956.4467,1162.884,0.407749,254692.85,470281.35,215529.942705000023,1662249.079411864514,10382503.75,10204368,-148440.52,10234063.23,148440.52,1662249.08,34020.05,77003,0,12155775.88,0,302662.19,215529.94,12673968.01
046268,Northwestern Local,1481.3346,1494.83,12120123.77,8108.03,4820.55,0.4054599,210010.23,0.022675619393,1.46670942,654.2338,534.4612,624.2906,0.421438,146065.88,242229.75,111013.894424999991,815622.630000000005,6398645.4,7157909.86,632695.07,7031340.47,0,815622.63,0,39996.03,0,7886959.14,67400.72,203836.59,111013.89,8269210.35
046276,Southeastern Local,664.5736,671.36,6291358.43,9371.07,5026.38,0.4636271,246702.8,0.022763793476,1.46670942,238.5235,218.1145,233.4212,0.351235,37934.16,47562.9,22051.449394590003,442215.770113924053,3732748.2,5595937.67,1552595.79,5285343.99,0,442215.77,0,17943.49,0,5745503.25,34557.83,89514.71,22051.45,5891627.23
046284,Clark-Shawnee Local,1572.135,1627.29,13207226.69,8116.09,5852.78,0.2788672,279853,0.022605194684,1.46670942,796.3424,628.9789,754.5015,0.479922,228926.47,208203.45,95419.641134999998,881906.180278947344,5265066.36,5515813.02,208947.19,5474013.55,0,881906.18,0,42447.65,0,6398367.37,91969.9,216138.91,95419.64,6801895.83
046300,Batavia Local,2347.824,2347.824,19032020.48,8106.24,3969.04,0.5103724,157072.37,0.022953883007,1.46670942,1029.7452,939.0108,1007.0616,0.428934,244079.64,195806.1,99934.029191639987,1273542.449999999953,9868997.6,15445067.75,4646539.25,14515536.85,0,1273542.45,0,63391.25,0,15852470.55,122086.85,388502.13,99934.03,16462993.55
046318,Bethel-Tate Local,1252.3294,1306.91,10704021.22,8190.33,4098.76,0.4995612,190467.13,0.021965659875,1.46670942,635.1332,517.441,605.7102,0.483667,186660.47,351924.3,175807.725617160002,407420.488299999968,9299332.01,8616214.28,-569242.01,8730090,569242.01,407420.49,0,33812.89,0,9740565.39,81401.41,147029.07,175807.73,10144803.6
046326,Clermont Northeastern Local,1189.5828,1261.47,10301496.26,8166.26,7456.32,0.1000004,327070.2,0.022957058109,1.46670942,587.4866,454.837,554.3242,0.465982,158561.11,371283.15,170159.067645000003,1203831.811015384737,3700461.14,1298354.2,-2001675.71,1698785.43,2001675.71,1203831.81,106338.87,32118.74,0,5042750.55,0,110458.95,170159.07,5323368.57
046334,Felicity-Franklin Local,637.6424,659.67,6243315.5,9464.3,3703.85,0.6086503,169054.39,0.0213508629,1.46670942,621.9119,303.7125,542.3621,0.850574,516901.82,223112.4,135797.429193720018,524684.60631250008,7118231.41,7799161.97,567419.43,7685650.84,0,524684.61,0,17216.34,0,8227551.79,0,54053.75,135797.43,8417402.97
046342,Goshen Local,2526.2892,2592.17,20958525.66,8085.32,3623.43,0.5518507,166280.3,0.02189001285,1.46670942,2486.277,960.363,2104.7985,0.833158,1924685.72,314629.35,173628.427038045018,1390661.699999999953,17010811.18,19146035.73,1779282.62,18790093.8,0,1390661.7,0,68209.81,0,20248965.31,147787.92,288150.66,173628.43,20858532.31
046359,West Clermont Local,7300.5716,7429.26,60395554.71,8129.42,6416.7,0.2106805,274345.81,0.022616333521,1.46670942,3314.9181,2527.0098,3117.941,0.427082,749177.95,2123569.35,973231.833104999969,3076442.399999999907,24179205.16,18023547.08,-5129509.88,19049695.28,5129509.88,3076442.4,0,197115.43,0,27452762.99,379629.72,890914.26,973231.83,29696538.81
046367,Williamsburg Local,889.0791,924.78,7844656.8,8482.73,4129.21,0.5132217,189273.24,0.0219711258,1.46670942,341.2124,273.1173,324.1886,0.364634,56781.47,54497.1,27969.094307070001,500943.202142857132,5456513.15,6793996.97,1114525.27,6571038.42,0,500943.2,0,24005.14,0,7095986.76,52011.13,124306.93,27969.09,7300273.91
046383,Blanchester Local,1068.6045,1101.64,9167861.87,8322.01,4445.78,0.4657804,227760.46,0.02087074395,1.46670942,576.8553,440.7279,542.8235,0.507974,184516.9,295901.55,137825.142319619976,796637.280000000028,10317096.14,7240297.32,-2563896.46,7753199.68,2563896.46,796637.28,31073.04,28852.32,0,11173658.78,62513.37,161191.82,137825.14,11535189.11
046391,Clinton-Massie Local,1499.599,1597.54,12920273.06,8087.61,5940.48,0.2654828,263141.86,0.023685404936,1.46670942,469.7453,366.9927,444.0571,0.296117,51293.24,156965.55,71937.311565000011,1473900.751464566682,8005429.41,4148199.57,-3214229.62,4791199.79,3214229.62,1473900.75,0,40489.17,0,9519819.33,87726.54,137243.55,71937.31,9816726.74
046409,East Clinton Local,1071.648,1090.36,9183131.13,8422.11,3918.15,0.5347781,206278.82,0.0203169456,1.46670942,1050.6611,486.3505,909.5835,0.848771,863213.43,269127.6,143923.54658556002,1082222.610595348757,7786722.35,9012293.46,1021268.4,8807990.75,0,1082222.61,0,28934.5,0,9919147.86,0,177660.66,143923.55,10240732.07
046425,Beaver Local,1683.4541,1683.4541,13594499.86,8075.36,4704.13,0.4174711,224854.27,0.021968939475,1.46670942,907.0907,616.8678,834.535,0.495728,270163.09,0,0,1137828.307491071522,8567404.71,8205403.76,-301655.4,8265749.31,301655.4,1137828.31,415207.85,45453.26,0,10165894.13,98482.06,58988.78,0,10323364.98
046433,Crestview Local,1111.1591,1129.58,9362126.13,8288.15,3206.49,0.6131225,150634.01,0.02195604,1.46670942,455.9582,301.7892,417.416,0.375658,77597.71,0,0,694433.676731579006,7290211.42,9244265.65,1628313.39,8918524.81,0,694433.68,0,30001.3,0,9642959.78,0,51389.64,0,9694349.42
046441,Southern Local,731.5164,750.59,6792543.13,9049.61,4125.81,0.5440889,237096.89,0.0200862873,1.46670942,726.4231,374.8332,638.5256,0.872879,640886.28,0,0,3451700.509999999776,4251041.87,7258461.35,2506082.65,6757124.52,0,3451700.51,0,19750.94,0,10228575.98,28529.14,36314.43,0,10293419.55
046458,United Local,955.8988,1001.51,8458487.41,8445.73,5745.38,0.3197306,324665.82,0.021306699,1.46670942,365.8816,282.8083,345.1133,0.361035,59259.07,0,0,590367.300000000047,6716165.32,3663091.97,-2544126.02,4172039.3,2544126.02,590367.3,302013.33,25809.27,0,7634355.21,0,36992.3,0,7671347.51
046474,Ridgewood Local,1161.4789,1176.88,9773877.63,8304.91,3889.77,0.5316291,184080.97,0.0214632405,1.46670942,1143.5053,494.0863,981.1505,0.844742,922313.11,42654.15,22676.187375764999,801082.395670588245,7558483.51,9761370.66,1835665.86,9394149.37,0,801082.4,0,31359.93,0,10226591.69,60396.9,198193.25,22676.19,10507858.04
046482,River View Local,1439.8841,1500.88,12186801.24,8119.77,6312.24,0.2226085,315468.29,0.022078474875,1.46670942,869.3258,676.0832,821.0152,0.570195,351635.36,143553.9,65790.752370000002,2521076.104135106318,6755537.88,3700048.6,-2546139.21,4209398.67,2546139.21,2521076.1,0,38876.87,0,9315490.85,0,139561.56,65790.75,9520843.17
046508,Buckeye Central Local,582.9645,587.4,5744498.11,9779.53,11963.45,0.1,716972.58,0.0224967204,1.46670942,291.5311,222.9872,274.3951,0.470689,80082.75,30941.4,14180.44362,598271.536541353329,3557345.77,1050407.36,-2089031.78,1468313.99,2089031.78,598271.54,18311.73,15740.04,0,4189669.08,30314.15,53523,14180.44,4287686.68
046516,Colonel Crawford Local,880.4705,880.4705,7670454.8,8711.77,4539.5,0.4789234,209253.44,0.022707994998,1.46670942,312.4871,241.9903,294.8629,0.334892,43563.65,30560.25,14636.01883485,830727.154700917425,4457799.61,6084141.41,1355230.62,5813030.23,0,830727.15,0,23772.7,0,6667530.09,57230.58,55695.46,14636.02,6795092.14
046524,Wynford Local,940.0931,983.32,8356972.03,8498.73,4752.41,0.4408093,244243.36,0.02184256935,1.46670942,470.9164,372.1881,446.2343,0.47467,132446.68,9152.85,4194.751155,1129464.948749999981,5744483.88,5835153.84,75555.28,5820039.16,0,1129464.95,51447.65,25382.51,0,7026334.27,42774.23,102243.44,4194.75,7175546.7
046557,Cuyahoga Heights Local,710.058,730.3,6626122.76,9073.15,11642.11,0.1000005,669327.15,0.023203206344,1.46670942,275.5224,186.741,253.3271,0.35677,42476.9,126502.95,57976.301985000006,223062.100000000006,355066.01,792038.55,364129.22,719195.23,0,223062.1,0,19171.57,0,961428.9,46153.77,35392.1,57976.3,1100951.06
046565,Independence Local,956.2577,973.9,8249476.3,8470.56,13035.05,0.1000005,563969.93,0.024948781996,1.46670942,121.2879,111.2962,118.7899,0.124224,2414.82,239342.25,109690.553174999994,378092.700000000012,295171.11,935513.31,533597.16,828768.27,0,378092.7,0,25818.96,0,1232679.92,62156.75,69254.13,109690.55,1473781.35
046573,Olmsted Falls City,3175.8833,3236.39,26262541.07,8114.76,6010.72,0.2592854,237667.86,0.023447636915,1.46670942,790.4711,584.1373,738.8876,0.232656,52686.76,702749.25,322069.981274999969,1098664.459999999963,11889482.82,9609278.14,-1900094.56,9989388.26,1900094.56,1098664.46,101238.99,85748.85,0,13175135.12,185789.17,376090.23,322069.98,14059084.51
046581,Orange City,1970.0609,1970.0609,15932402.71,8087.26,19076.67,0.1000004,687151.7,0.025,1.46670942,249.5094,196.1309,236.1648,0.119877,4470.76,847444.5,388383.814350000001,1093289.300000000047,660193.21,1970108.67,1091552.55,1751745.76,0,1093289.3,0,53191.64,0,2898226.7,128053.96,82054.35,388383.81,3496718.83
046599,Richmond Heights Local,751.4087,774.69,6906037.23,8914.58,7607.06,0.1466732,350989.76,0.021633993225,1.46670942,507.9177,409.4946,483.3119,0.643208,263405.58,613470.9,281153.713470000017,246003.899999999994,-40179.23,2010967.67,1709220.71,1669041.48,0,246003.9,0,20288.03,0,1935333.41,39073.25,37567.11,281153.71,2293127.48
046607,Solon City,4392.1432,4425.8,35931949.68,8118.75,8442.68,0.1,345597.84,0.025,1.46670942,785.1919,576.9359,733.1279,0.166918,26907.95,663166.35,303929.138204999967,1485639,2387025.04,4237831.13,1542276.72,3929301.76,0,1485639,0,118587.87,0,5533528.62,285489.31,177880.34,303929.14,6300827.4
046623,Ansonia Local,692.1837,695.15,6465043.77,9300.21,3039.76,0.6731523,154649.21,0.021185794575,1.46670942,259.8194,226.9132,251.5928,0.363477,43787.15,137338.95,92450.030072085006,762242.236363076954,4804474.72,8111952.74,2756121.43,7560596.15,0,762242.24,0,18688.96,0,8341527.35,35993.55,125205.42,92450.03,8595176.35
046631,Arcanum-Butler Local,1040.3085,1040.75,8762992.86,8419.88,3906.24,0.5360704,175593.08,0.02273391632,1.46670942,384.7103,271.3071,356.3595,0.342552,55085.32,177058.35,94915.74050783999,595319.385080000036,6003322.26,8291079.82,1906388.37,7909710.63,0,595319.39,0,28088.33,0,8533118.35,54096.04,80917.79,94915.74,8763047.93
046649,Franklin Monroe Local,478.8849,478.8849,4972915.62,10384.37,5479,0.4723794,241139.45,0.023298979802,1.46670942,141.9357,133.2375,139.7612,0.291847,15681.64,48732.6,23020.276348439998,541407.284714285634,3389885.48,3591510.66,168014.26,3557899.74,0,541407.28,0,12929.89,0,4112236.92,28014.77,34508.31,23020.28,4197780.27
046672,Mississinawa Valley Local,540.5684,548.07,5414918.19,9879.98,3440.45,0.6517749,209118.2,0.018654457275,1.46670942,531.607,267.3012,465.5306,0.861187,454818.05,84856.8,55307.532334320007,405209.130759999971,4141075.01,6838634.98,2247876.73,6388951.74,0,405209.13,0,14595.35,0,6808756.22,0,50977.25,55307.53,6915041
046680,Tri-Village Local,739.6981,741.59,6653726.32,8972.24,4137.81,0.5388217,210410.6,0.022268685825,1.46670942,323.9127,261.4157,308.2885,0.416776,70543.54,27827.1,14993.84532807,559083.145293023204,4526905.68,6510648.43,1653052.84,6179958.52,0,559083.15,0,19971.85,0,6759013.51,48080.37,85652.44,14993.85,6907740.16
046706,Ayersville Local,634.0226,658.68,6112498.29,9279.92,4211.64,0.5461555,185065.97,0.023056527175,1.46670942,173.3264,146.5628,166.6355,0.262823,15163.13,14278.95,7798.527076725,250979.061715384625,3723478.72,6118666.88,1995910.29,5719389.01,0,250979.06,0,17118.61,0,5987486.68,0,90443,7798.53,6085728.21
046714,Central Local,874.3316,903.83,7801384.29,8631.47,4734.3,0.4515081,236579.89,0.0221930388,1.46670942,355.7199,263.8899,332.7624,0.380591,63495.93,76977.6,35278.834080000001,665480.202633540379,5737122.16,6203827.92,388905.91,6126028.07,0,665480.2,0,23606.95,0,6815115.23,51148.4,121310.92,35278.83,7022853.38
046722,Northeastern Local,924.8262,962.65,8180436.91,8497.83,8808.33,0.1,480712.18,0.02306204458,1.46670942,224.8636,198.8166,218.3518,0.2361,16034.06,33240.9,15234.304470000001,469004.400800000003,2874500.74,924410.19,-1625010.46,1249490.28,1625010.46,469004.4,0,24970.31,0,3368475.45,54102.33,104778.82,15234.3,3542590.91
046748,Big Walnut Local,3884.3914,3884.3914,31577199.77,8129.25,9431.25,0.1000006,404325.6,0.025,1.46670942,661.0718,594.6029,644.4546,0.165909,23368.28,418780.95,191927.309385,1872882.466642201878,4829879.42,3677765.32,-960056.68,3869822.74,960056.68,1872882.47,0,104878.57,0,6807640.45,201988.35,282270.02,191927.31,7483826.13
046755,Buckeye Valley Local,2164.7351,2164.7351,17533853.07,8099.77,11407.75,0.1000004,488267.81,0.025,1.46670942,483.4341,392.5827,460.7212,0.21283,27491.5,214300.8,98214.05664000001,2433522.632636893075,2777221.48,2095691.03,-567919.33,2209302.15,567919.33,2433522.63,0,58447.85,487065.41,5756257.37,140707.78,204017.68,98214.06,6199196.89
046763,Olentangy Local,22581.9373,22581.9373,181734415.48,8047.78,7213.04,0.103723,278168.32,0.025,1.46670942,2722.9161,2052.5106,2555.3147,0.113157,43102.43,2587796.4,1185987.090119999833,7023077.720000000671,6192541.15,23492977.67,14416453.75,20608994.9,0,7023077.72,0,609712.31,5080935.89,33322720.82,1467825.92,1805678.22,1185987.09,37782212.06
046789,Edison Local (formerly Berlin-Milan),1284.7723,1310.32,10771609.92,8220.59,6005.35,0.2694744,295015.77,0.022588382242,1.46670942,1263.7112,414.8138,1051.4868,0.818423,927799.32,331331.7,151849.318109999993,870362.945199999958,5012571.58,4362889.76,-541379.86,4471191.72,541379.86,870362.95,0,34688.85,0,5917623.37,66808.16,136522.17,151849.32,6272803.02
046797,Kelleys Island Local,5,5.8,1948230.84,335901.87,304843.23,0.1,19929214.94,0.02369154698,1.46670942,0,0,0,0,0,0,0,0,10248.43,177363.56,139257.04,149505.47,0,0,0,135,0,149640.47,0,0,0,149640.47
046805,Margaretta Local,930.4355,951.47,8103727.85,8517.06,6961.68,0.1826193,377493.2,0.021946638825,1.46670942,408.2005,290.3192,378.7302,0.407046,82663.05,443272.2,203151.649260000006,590660.482623999938,3939275.26,2171856.41,-1472790.13,2466485.13,1472790.13,590660.48,0,25121.76,0,4555057.51,48382.65,211015.3,203151.65,5017607.1
046813,Perkins Local,1730.064,1749.98,14145005.63,8082.95,7193.72,0.110013,362963.08,0.022551426217,1.46670942,587.1233,460.1834,555.3883,0.321022,75398.18,129127.95,59179.339485000004,712183.212228571298,3793078.68,1863318.11,-1608069.48,2185009.2,1608069.48,712183.21,0,46711.73,0,4551973.62,89963.33,123786.63,59179.34,4824902.91
046821,Vermilion Local,1515.0657,1578.26,12757671.59,8083.38,7841.04,0.1000003,379502.41,0.0225,1.46670942,686.3693,523.1437,645.5629,0.426096,154400.27,147264.6,67491.366179999997,622799.536229999969,3825657.96,1597750.79,-1856515.05,1969142.91,1856515.05,622799.54,0,40906.77,0,4489364.27,68935.49,129118.65,67491.37,4754909.78
046847,Amanda-Clearcreek Local,1423.9471,1441.84,11781501.82,8171.16,4645.56,0.4314676,214578.04,0.023158026251,1.46670942,605.9163,493.2176,577.7416,0.405733,125287.83,233245.95,106896.618885000004,963632.154142857064,8711330.5,8222889.81,-407017.63,8304312.87,407017.63,963632.15,234705.08,38446.57,0,9948114.3,55533.94,144365.01,106896.62,10254909.87
046854,Berne Union Local,773.9501,785,6932683.53,8831.44,7335.72,0.1693641,419585.94,0.022560691243,1.46670942,307.3732,281.1791,300.8247,0.388687,59869.84,418591.95,191840.690685000009,553440.147200000007,4029887.3,2145849.49,-1569968.71,2459918.59,1569968.71,553440.15,0,20896.65,0,4604224.1,35214.73,39105.8,191840.69,4870385.32
046862,Bloom-Carroll Local,2287.0748,2287.0748,18529639.43,8101.89,6093.08,0.2479432,258179.73,0.024857589011,1.46670942,502.141,404.6198,477.7607,0.208896,27464.09,427390.95,195873.272384999989,1270674.976000000257,4327402.24,6704149.65,1980543.62,6307945.86,0,1270674.98,0,61751.02,0,7640371.85,118927.89,194212.34,195873.27,8149385.35
046870,Fairfield Union Local,1873.0001,1901.28,15492192.35,8148.3,4377.63,0.4627556,208217.54,0.022963980832,1.46670942,1862.5403,649.2236,1559.2112,0.832467,1423421.58,209468.7,96932.813949720003,1171285.086403960362,9293054.41,11856416,2136049.21,11429103.62,0,1171285.09,0,50571,0,12650959.71,97396.01,238973.43,96932.81,13084261.96
046888,Liberty Union-Thurston Local,1146.4291,1171.61,9735010.46,8309.09,5630.94,0.3223146,258200.82,0.023362898214,1.46670942,434.9553,370.5798,418.8614,0.365362,73656.6,245529.9,112526.353170000002,651201.720515384688,6186638.82,5102955.1,-903033.64,5283605.18,903033.64,651201.72,0,30953.59,0,6868794.13,67066.1,143214.32,112526.35,7191600.9
046896,Pickerington Local,11185.5985,11185.5985,90406438.94,8082.4,4470.51,0.4468836,186575.4,0.023795856745,1.46670942,11123.8193,3420.5874,9198.0113,0.822308,8193274.98,3367263.9,1543217.045370000182,3861269.25,49987267.69,73452680.66,19553728.63,69540996.32,0,3861269.25,0,302011.16,2516759.66,76221036.39,581651.12,1621552.41,1543217.05,79967456.97
046904,Walnut Township Local,475.7485,483.1,4997860.4,10345.4,10261.08,0.1,538471.72,0.023067457852,1.46670942,467.3385,215.6455,404.4153,0.850061,384965.94,106061.55,48608.008365000002,152345.782584615343,1117106.2,1422006.45,254073.37,1371179.57,0,152345.78,0,12845.21,0,1536370.57,0,46240.84,48608.01,1631219.41
046920,Miami Trace Local,2330.1542,2360.66,19096574.04,8089.51,5413.31,0.3308236,305249.32,0.021431101275,1.46670942,1134.8908,894.5841,1074.8142,0.461263,301248.69,526026.9,241078.128270000016,2654197.162378055044,9731606.98,8073837.63,-1381419.2,8350187.78,1381419.2,2654197.16,0,62914.16,0,12448718.3,0,186806.89,241078.13,12876603.32
046946,Canal Winchester Local,3634.1368,3634.1368,29751250.79,8186.61,5013.37,0.3876136,219177.73,0.023542993947,1.46670942,3603.0344,1272.7076,3020.4527,0.831133,2748575.36,1811796,830346.10679999995,1426928.060000000056,17104954.17,21001686.44,3247147,20352101.17,0,1426928.06,0,98121.69,0,21877150.93,188975.12,538341.89,830346.11,23434814.04
046953,Hamilton Local,3063.5195,3063.5195,24963222.96,8148.54,2762.2,0.6610187,159542.13,0.019675256625,1.46670942,3041.2892,1558.5661,2670.6084,0.871745,2673521.6,488780.25,323092.88544067496,1772902.870000000112,21215811.65,28631415.52,6179422.7,27395234.35,0,1772902.87,0,82715.03,689291.9,29940144.15,0,341909.65,323092.89,30605146.68
046961,Gahanna-Jefferson City,7985.9656,7985.9656,64860307.06,8121.79,7121.97,0.1231035,297786.9,0.024180095776,1.46670942,2573.7557,2060.6747,2445.4854,0.306223,302089.24,2077143.6,951954.911880000029,2301952.5,10985749.16,10310649.66,-562560.42,10423188.74,562560.42,2301952.5,0,215621.07,0,13503322.73,415270.21,609995.66,951954.91,15480543.52
046979,Groveport Madison Local,6224.782,6224.782,50777274.76,8157.28,4151.87,0.4910229,248789.73,0.01895311035,1.46670942,6140.0076,3448.2796,5467.0756,0.878276,5555353.1,2195372.55,1077978.196081395028,2584182.379999999888,27130063.96,43874503.73,13953141.66,41083205.62,0,2584182.38,0,168069.11,1400575.94,45236033.06,323688.66,833853.94,1077978.2,47471553.85
046995,New Albany-Plain Local,4676.0703,4676.0703,37926365.2,8110.73,8965.45,0.1,314986.52,0.025,1.46670942,745.8383,496.2659,683.4452,0.146158,19232.84,514762.5,235915.653749999998,1592339.530000000028,2011069.89,4673567.13,2218658.95,4229728.84,0,1592339.53,0,126253.9,0,5948322.27,303944.57,367579.53,235915.65,6855762.03
047001,Reynoldsburg City,7056.3387,7128.04,57898447.62,8122.63,3234.87,0.6017458,162859.06,0.02032153695,1.46670942,4859.1576,3685.1111,4565.646,0.647028,2517925.89,2055103.05,1236649.628904690035,3304782.35999999987,35513886.69,58371180.81,19046983.19,54560869.88,0,3304782.36,0,190521.14,0,58056173.38,275197.21,1308681.12,1236649.63,60876701.34
047019,Hilliard City,15618.4993,15618.4993,126510099.54,8100.02,6435.56,0.2054872,273481.86,0.024190193654,1.46670942,6001.0651,3921.7463,5481.2354,0.350945,889305.81,5510191.05,2525320.558214999735,5507933.359999999404,42722462.37,38257742.77,-3720450.84,39002011.53,3720450.84,5507933.36,0,421699.48,0,48652095.21,1015202.46,1158787,2525320.56,53351405.22
047027,Dublin City,15950.019,15950.019,128349081.99,8046.95,8109.97,0.1000006,320314.99,0.025,1.46670942,3578.9728,2486.977,3305.9738,0.207271,187098.82,2689317.75,1232514.324825000018,5593284.299999999814,16090297.98,16482998.77,327237.57,16417535.55,0,5593284.3,0,430650.51,0,22441470.36,933076.11,918356.55,1232514.32,25525417.34
047043,Archbold-Area Local,1114.2826,1138.31,9443690.08,8296.24,6058.59,0.2697187,285984.43,0.022811576098,1.46670942,297.1031,251.025,285.5836,0.256294,24711.82,111141.45,50936.126535000003,341013.969876923074,3432852.31,3241018.51,-159855.11,3272997.2,159855.11,341013.97,90429.26,30085.63,0,3894381.17,57942.69,144977.67,50936.13,4148237.66
047050,Evergreen Local,1060.3467,1078.45,9063447.45,8404.14,6903.14,0.1786024,328892.83,0.023251457406,1.46670942,329.3528,249.324,309.3456,0.29174,34684.11,154533.75,70822.817624999996,1022828.443251908408,4290074.41,2075838.49,-1845122.79,2444951.62,1845122.79,1022828.44,0,28629.36,0,5341532.22,62030.28,112416.61,70822.82,5586801.92
047068,Fayette Local,292.0626,305.92,3916402.55,12802.05,4548.22,0.6447265,246929.24,0.02029486365,1.46670942,153.8618,119.5724,145.2894,0.49746,47363.62,62870.85,40534.503072525004,216077.829078571434,3070798.99,3484947.29,345109.77,3415908.76,0,216077.83,0,7885.69,0,3639872.28,0,57098.09,40534.5,3737504.88
047076,Pettisville Local,468.4446,480.79,5024774.78,10451.08,3768.02,0.6394612,185644.36,0.022840152016,1.46670942,109.4816,81,102.3612,0.218513,6438.5,136671.15,87395.897584379985,198714.959999999992,3430691.56,4442444.41,843093.65,4273785.21,0,198714.96,0,12648,0,4485148.17,24359.12,36511.6,87395.9,4633414.78
047084,Pike-Delta-York Local,1068.8076,1102.86,9180275.35,8324.06,4610.92,0.4460731,218340.42,0.021670942275,1.46670942,448.5075,371.1522,429.1687,0.40154,91154.94,175887.6,80609.287079999995,549385.156689189142,5958972.65,6938658.48,816372.2,6775344.85,0,549385.16,0,28857.8,0,7353587.81,55577.99,192325.73,80609.29,7682100.83
047092,Swanton Local,1087.5796,1110.26,9224586.99,8308.49,5945.12,0.2844523,268647.71,0.022771184691,1.46670942,480.938,370.1861,453.25,0.416751,103701.65,217902.3,99864.624089999998,529804.055269767414,4655062.2,4180958.51,-395070.61,4259991.59,395070.61,529804.06,0,29364.65,0,5214230.91,0,144533.04,99864.62,5458628.57
047167,Berkshire Local,1274.6774,1298.42,10615621.62,8175.8,8020.07,0.1,362353.51,0.023136164897,1.46670942,434.0411,336.9009,409.7561,0.321459,55779.05,599373.6,274692.920879999991,987450.542311864439,4134492.95,1213809.62,-2433805.42,1700687.53,2433805.42,987450.54,114667.59,34416.29,0,5271027.37,66283.23,73048.36,274692.92,5685051.87
047175,Cardinal Local,684.1459,724.47,6596179.9,9104.84,11823.21,0.1,588940.44,0.021609724725,1.46670942,316.5136,260.3625,302.4758,0.442122,77887.81,435517.95,199597.876484999986,765589.320881012711,1617826.22,808268.11,-674604.78,943221.44,674604.78,765589.32,28584.6,18471.94,0,2430472.09,0,70375.11,199597.88,2700445.07
047183,Chardon Local,2307.1801,2424.08,19564483.33,8070.89,8974.39,0.1000001,369829.11,0.02384421194,1.46670942,519.9922,433.3158,498.3231,0.215988,30624.2,636631.8,291768.353940000001,1517494.017296000151,4122699.05,2132650.24,-1658307.67,2464391.38,1658307.67,1517494.02,0,62293.86,0,5702486.93,134970.03,195499.62,291768.35,6324724.93
047191,Kenston Local,2354.222,2394.44,19297335.52,8059.23,12399.37,0.1,465303.72,0.025,1.46670942,301.2723,225.2136,282.2576,0.119894,5344.85,903250.95,413959.910384999996,1138360.355999999912,2753729.21,2142660.62,-509203.45,2244525.76,509203.45,1138360.36,0,63563.99,0,3955653.56,137721.99,164011.81,413959.91,4671347.27
047225,West Geauga Local,1952.0891,2030.14,16426690.7,8091.41,14263.3,0.1,566044.44,0.024715386235,1.46670942,343.6405,275.2266,326.537,0.167276,12036.34,774083.1,354762.284729999956,1606337.832810526248,3490590.29,1836124.55,-1378666.3,2111923.99,1378666.3,1606337.83,0,52706.41,0,5149634.53,126885.79,89288.08,354762.28,5720570.68
047241,Beavercreek City,7574.1591,7574.1591,61455816.72,8113.88,8580.44,0.1000002,334759.24,0.025,1.46670942,1564.9893,1178.9436,1468.4779,0.19388,72715.67,1954099.35,895563.732105000061,3156116.229999999981,9274782.5,7581334,-1411150.63,7863631.87,1411150.63,3156116.23,0,204502.29,0,12635401.02,443088.31,780662.17,895563.73,14754715.24
047258,Cedar Cliff Local,554.4289,554.97,5452865.41,9825.51,5821.92,0.4074698,271435.48,0.022925879662,1.46670942,121.271,106.975,117.697,0.212285,6987.12,99640.8,45665.378640000003,178311.850612244918,2789673.78,4063462.19,1061447.88,3851121.66,0,178311.85,0,14969.58,0,4044403.09,28830.3,50571.06,45665.38,4169469.84
047266,Greeneview Local,1259.8471,1265.93,10403242.35,8217.87,5226.84,0.3639668,241684.21,0.023194774117,1.46670942,509.2054,372.5171,475.0333,0.377056,88967.29,193628.4,88739.89572,941296.199189285748,5315494.6,5883362.97,473204.71,5788699.31,0,941296.2,0,34015.87,0,6764011.38,0,190680.99,88739.9,7043432.27
047274,Bellbrook-Sugarcreek Local,2577.9482,2577.9482,20777201.08,8059.59,8515.13,0.1000001,320343.32,0.025,1.46670942,471.6297,396.3465,452.8089,0.175647,18403.1,582108.45,266780.302635000029,823524.400000000023,5173420.74,2437733.1,-2279648.51,2893772.23,2279648.51,823524.4,0,69604.6,0,6066549.74,167566.63,249738.18,266780.3,6750634.85
047308,Rolling Hills Local,1435.8561,1447.89,11896901.74,8216.72,4563.65,0.44459,267930.92,0.019367420625,1.46670942,1414.2081,746.0377,1247.1655,0.868587,1239496.44,116666.55,53468.279864999997,689186.167382812477,8001537.82,8892601.23,742523.14,8744060.96,0,689186.17,0,38768.11,0,9472015.24,55998.39,202684.89,53468.28,9784166.81
047332,Finneytown Local,1151.4876,1164.75,9593308.84,8236.37,6203.44,0.2468224,253501.1,0.022945346646,1.46670942,1135.1537,579.855,996.329,0.865254,982617.69,278456.85,127616.774355000016,268261.700000000012,6047585.39,4694657.75,-1127394.61,4920190.78,1127394.61,268261.7,0,31090.16,0,6346937.26,0,115467.45,127616.77,6590021.48
047340,Forest Hills Local,6370.0563,6510.77,52653281.53,8087.11,8255.49,0.1,280343.11,0.025,1.46670942,1146.695,926.6678,1091.6882,0.171378,42238,932144.85,427201.984755000041,2592296.399999999907,15348847.31,6041277.67,-7755997.78,7592849.53,7755997.78,2592296.4,0,171991.52,0,18113135.23,372648.3,411778.14,427201.98,19324763.66
047365,Northwest Local,7487.3042,7746.99,62816926.65,8108.56,6571.71,0.1895343,277504.42,0.022604622112,1.46670942,6563.3752,3579.4101,5817.3839,0.776966,4626220.32,1888240.2,865380.483660000027,3115101.430000000168,23586210.22,19727524.72,-3215442.63,20370767.59,3215442.63,3115101.43,0,202157.21,0,26903468.86,389339.82,687864.71,865380.48,28846053.87
047373,Oak Hills Local,6962.8717,7077.24,57203430.49,8082.73,6263.36,0.2250935,216512.9,0.023391161785,1.46670942,2541.1931,2345.8869,2492.3666,0.357951,420681.71,1654897.65,758439.592995000072,1176068.670000000158,24347395.42,17877592.98,-5391286.37,18956109.05,5391286.37,1176068.67,0,187997.53,0,25711461.62,362069.33,652418.02,758439.59,27484388.56
047381,Southwest Local,4100.7482,4108.75,33511139.14,8156.04,5381.62,0.3401674,241785.97,0.023090099938,1.46670942,1221.2433,1280.3176,1236.0118,0.301411,147922.89,153228.6,70224.667379999999,1500829.270000000019,12587063.71,16790027.54,3502329.76,16089393.47,0,1500829.27,0,110720.2,0,17700942.94,213238.9,114883.98,70224.67,18099290.49
047399,Three Rivers Local,1804.2147,1864.91,15045257.56,8067.55,7457.74,0.1000006,258522.51,0.0242132001,1.46670942,739.6065,600.4778,704.8243,0.390654,141696.78,319361.7,146363.467109999998,809546.599999999977,5461794.15,1906373.91,-2962731.68,2499062.47,2962731.68,809546.6,0,48713.8,0,6320054.54,105546.56,155226.88,146363.47,6727191.45
047415,Arcadia Local,555.0299,566.12,5623533.75,9933.47,6612.58,0.3343133,356288.22,0.022846866526,1.46670942,251.5378,172.4502,231.7659,0.417574,53236.69,124085.85,56868.545055000002,284018.51429836062,2614808.3,3311896.63,580883.7,3195692,0,284018.51,0,14985.81,0,3494696.32,28861.56,55370.77,56868.55,3635797.19
047423,Arlington Local,605.4648,605.4648,5829365.45,9627.92,4491.12,0.5335318,198182.16,0.023312929435,1.46670942,168.9733,137.1274,161.0118,0.265931,14999.97,86931.6,46380.77302488,230783.532368421031,3260486.42,6106400.62,2371500.3,5631986.72,0,230783.53,0,16347.55,136229.59,6015347.4,31484.17,46604.63,46380.77,6139816.98
047431,Cory-Rawson Local,504.3331,504.3331,5156926.01,10225.24,6700.75,0.3446844,317731.07,0.023189569004,1.46670942,225.9439,180.1111,214.4857,0.425286,51104.02,0,0,330539.988023762358,2196626.34,3605825.31,1174285.51,3370911.85,0,330539.99,0,13616.99,0,3715068.83,0,68901.7,0,3783970.53
047449,Liberty-Benton Local,1547.5285,1547.5285,12607022.36,8146.55,4522.61,0.4448446,189086.02,0.023828752857,1.46670942,377.611,290.9255,355.9396,0.230005,24805.36,73251.15,33571.002045000001,544595.787346938741,5939577.03,7587599.88,1373297.44,7312874.47,0,544595.79,0,41783.27,0,7899253.53,90530.42,198444.74,33571,8221799.68
047456,McComb Local,594.5856,602.37,5849425.01,9710.68,5009.77,0.4840967,253025.52,0.022640953551,1.46670942,257.7484,186.4791,239.9311,0.403527,51466.69,228984,110850.3987528,333560.963458823506,3931555.52,5792526.86,1550747.42,5482302.94,0,333560.96,0,16053.81,0,5831917.71,27053.64,62860.24,110850.4,6032681.99
047464,Van Buren Local,1023.0246,1031.08,8698208.63,8436.02,8146.16,0.1,382651.76,0.023842806569,1.46670942,219.7146,178.2655,209.3523,0.204641,11549.35,51530.85,23616.588554999998,390416.032999999996,1008115.54,1054298.01,38483.85,1046599.39,0,390416.03,0,27621.66,0,1464637.09,53197.28,91979.91,23616.59,1633430.86
047472,Vanlue Local,129.7438,141.69,2854409.05,20145.45,9767.9,0.5151312,450954.03,0.023238548838,1.46670942,53.614,38.8753,49.9293,0.38483,9740.65,11695.95,6024.948758640001,132335.609999999986,1049983.04,1578183.61,440149.54,1490132.58,0,132335.61,0,3503.08,0,1625971.27,5903.34,46102.71,6024.95,1684002.26
047498,Hardin Northern Local,382.6972,382.6972,4389235.87,11469.21,5483.42,0.5219007,277744.31,0.022530189449,1.46670942,145.1253,137.4353,143.2028,0.374193,26414.19,28954.8,15111.530388360001,262030.463797752804,2476604.62,2980960.16,420279.47,2896884.09,0,262030.46,0,10332.82,0,3169247.38,0,68707.8,15111.53,3253066.71
047506,Ridgemont Local,460.0968,472.86,4971890.12,10514.51,4757.94,0.5474883,244563.21,0.022563501986,1.46670942,453.0279,154.8463,378.4825,0.822615,337391.09,102336.15,56027.844792045005,461272.753540816309,2748062.28,4517250.86,1474264.84,4222327.12,0,461272.75,0,12422.61,0,4696022.49,0,22190.83,56027.84,4774241.17
047514,Riverdale Local,901.381,939.24,8094509.57,8618.15,4336.01,0.4968736,198355.35,0.022558453073,1.46670942,402.6802,333.366,385.3517,0.427513,92779.17,334253.85,166081.913763360033,602988.596338461619,5659407.42,7255121.4,1329708.46,6989115.88,0,602988.6,0,24337.29,0,7616441.76,0,110347.23,166081.91,7892870.91
047522,Upper Scioto Valley Local,411.0969,411.0969,4627746.1,11257.07,5958.6,0.4706793,317547.34,0.02098006065,1.46670942,398.1688,224.7035,354.8025,0.863063,348149.81,87282.3,41081.971866390006,368634.195311224496,3109530.7,3436344.01,272333.53,3381864.23,0,368634.2,0,11099.62,0,3761598.04,18704.91,63688.24,41081.97,3885073.16
047548,Conotton Valley Union Local,464.801,464.801,4905967.83,10554.99,13047.81,0.1000001,843669.33,0.02251124297,1.46670942,258.618,195.915,242.9422,0.52268,87431.78,4403.7,2018.21571,347209.508600000059,2356251.08,893441.65,-1218959.1,1137291.98,1218959.1,347209.51,37278.78,12549.63,104580.23,2857869.23,30212.07,32241.63,2018.22,2922341.14
047571,Holgate Local,386.2392,394.24,4470794.93,11340.29,4837.37,0.5734343,239354.33,0.022779096413,1.46670942,117.3952,80.8239,108.2524,0.280273,11201.97,0,0,258045.165533333318,2910070.44,3353208.18,369266.68,3279337.12,0,258045.17,0,10428.46,0,3547810.74,0,45542.47,0,3593353.21
047589,Liberty Center Local,1012.1469,1012.1469,8628524.66,8524.97,4420.91,0.4814162,210659.34,0.0229810535,1.46670942,280.6718,218.3925,265.102,0.26192,23957.68,67481.4,32486.639158680005,375827.593400000012,6054774.17,7248855.63,995028.08,7049802.25,0,375827.59,0,27327.97,0,7452957.81,59210.59,146371.08,32486.64,7691026.12
047597,Patrick Henry Local,848.3324,848.3324,7414929.01,8740.59,6456.52,0.2613186,358508.38,0.022691911329,1.46670942,372.3893,237.9571,338.7813,0.39935,71173.99,57232.35,26229.586005000001,725636.310286301421,4183445.06,3203225.9,-816816.63,3366628.43,816816.63,725636.31,0,22904.98,0,4931986.35,44113.29,112903.51,26229.59,5115232.74
047613,Bright Local,655.0856,660.13,6223628.77,9427.88,3580.57,0.6202156,204983.64,0.0193451202,1.46670942,401.1369,312.3138,378.9311,0.578445,167024.05,76517.7,47457.471216119993,1628814.588680000044,4871449.53,7321057.63,2041258.43,6912707.96,0,1628814.59,0,17687.31,0,8559209.86,0,53440.01,47457.47,8660107.35
047621,Fairfield Local,816.8519,847.88,7472984.07,8813.73,3226.04,0.6339746,142423.59,0.0220362786,1.46670942,351.4311,282.7938,334.2717,0.40922,73740.81,128248.05,81306.006199530006,678349.279399999999,7684829.5,8613864.59,774164.94,8458994.44,0,678349.28,0,22055,0,9159398.72,47785.83,107747.27,81306.01,9396237.83
047639,Lynchburg-Clay Local,966.8124,1004.89,8494122.91,8452.79,3755.88,0.555664,180296.23,0.021877332075,1.46670942,474.2978,403.4951,456.5971,0.472271,134156.06,99349.95,55205.190616800006,1469558.351684210589,9357046.98,8370954.51,-821710.86,8535336.12,821710.86,1469558.35,84312.24,26103.93,0,10937021.51,50274.24,106166.04,55205.19,11148666.98
047688,East Holmes Local,1459.766,1473.3,12300799.7,8349.15,12036.39,0.1,589024.76,0.022680408079,1.46670942,297.3449,113.834,251.4672,0.172265,9830.37,0,0,1450214.422766442876,4323763.2,1448069.9,-2396315.23,1927447.97,2396315.23,1450214.42,0,39413.68,0,5813391.31,66419.35,85071.66,0,5964882.32
047696,West Holmes Local,1650.5471,1739.08,14273907.16,8207.73,6680.55,0.186066,355103.3,0.0206597628,1.46670942,622.4616,539.6249,601.7524,0.364578,105364.26,189312.9,86762.102069999994,1646561.747600000119,8696512.83,3088300,-4673323.75,4023189.08,4673323.75,1646561.75,512621.91,44564.77,0,10900261.26,0,167165.82,86762.1,11154189.18
047712,Monroeville Local,499.2071,519.58,5242699.1,10090.26,5697.02,0.435395,248973.28,0.022920778683,1.46670942,486.6409,158.1955,404.5295,0.810344,349931.99,68427.45,31360.300334999996,277207.352000000014,3021331.15,3812672.37,659424.64,3680755.79,0,277207.35,0,13478.59,0,3971441.73,0,49227.68,31360.3,4052029.71
047720,New London Local,818.512,818.512,7257757.51,8867.01,3759.01,0.5760687,180135.05,0.0209872755,1.46670942,454.6953,367.6846,432.9426,0.528939,159564.42,84745.5,48819.23001585,487628.522964285745,6192530.2,7931838.04,1449365.22,7641895.42,0,487628.52,0,22099.82,0,8151623.77,31921.97,114396.44,48819.23,8346761.4
047738,South Central Local,690.8586,698.61,6471274.34,9263.07,3382.79,0.63481,166948.7,0.020435663475,1.46670942,394.026,279.5074,365.3964,0.528902,134650.88,88385.85,56108.221438500004,418559.480995348888,5569986.23,7836385.6,1888590.6,7458576.83,0,418559.48,0,18653.18,0,7895789.49,31434.07,49521.33,56108.22,8032853.11
047746,Western Reserve Local,865.2203,917.96,7898123.38,8604,4620.01,0.4630395,215313.49,0.02186487,1.46670942,502.7226,385.6882,473.464,0.547218,186767.93,118450.5,54847.260294749998,824326.012769230758,5751742.69,6335051.42,486071.17,6237813.86,0,824326.01,0,23360.95,0,7085500.82,39367.53,59860.81,54847.26,7239576.42
047761,Oak Hill Union Local,1014.5787,1048.75,8770145.18,8362.47,4119.99,0.5073235,275643.29,0.0186651702,1.46670942,995.8219,523.6943,877.79,0.865177,865555.9,118780.2,60259.986794700009,1172850.138821118046,8818403.89,7930067.87,-740250.4,8078153.49,740250.4,1172850.14,570099.61,27393.62,0,10588747.26,0,95400.28,60259.99,10744407.53
047787,Buckeye Local,1245.2754,1268.33,10545714.69,8314.65,8443.57,0.1,487569.02,0.0208926072,1.46670942,1214.6679,682.6311,1081.6587,0.86861,1075064.36,0,0,1483649.505706249969,6546281.93,2356595.89,-3491265.38,3055016.55,3491265.38,1483649.51,0,33622.43,0,8063553.87,0,122726.62,0,8186280.49
047795,Edison Local,1242.8112,1269.09,10466633.3,8247.35,8896.34,0.1000006,475014.48,0.022257098325,1.46670942,604.0226,512.3929,581.1152,0.467581,167367.25,6225.45,2853.123735,1678272.758239423158,4442665.92,1421356.39,-2517657.23,1925008.69,2517657.23,1678272.76,0,33555.9,0,6154494.58,0,106667.23,2853.12,6264014.94
047803,Indian Creek Local,1743.2618,1779.99,14549387.93,8173.86,5726.59,0.299402,278062.51,0.0206800956,1.46670942,1721.1486,924.7197,1522.0414,0.8731,1528442.11,0,0,888926.667545945966,6252475.9,7903685.84,1375953.25,7628429.15,0,888926.67,0,47068.07,0,8564423.88,90649.62,198321,0,8853394.5
047829,Centerburg Local,992.7983,1027.45,8678712.51,8446.85,5774.39,0.3163843,256330.19,0.023892202776,1.46670942,268.7292,265.064,267.8129,0.269756,25672.51,57702.75,26445.170324999999,389892.609999999986,5475012.85,4503492.24,-809568.12,4665444.73,809568.12,389892.61,150490.23,26805.55,0,6042201.24,0,89716.75,26445.17,6158363.16
047837,Danville Local,539.7817,557.24,5496922.22,9864.55,3932.58,0.6013421,208617.05,0.020719449675,1.46670942,228.7578,202.3006,222.1435,0.411543,49563.12,0,0,325982.56341538456,3989304.66,5826458.81,1530900.55,5520205.21,0,325982.56,0,14574.11,0,5860761.88,28068.65,98122.33,0,5986952.86
047845,East Knox Local,893.3193,911.35,7809668.58,8569.34,10259.16,0.1,523441.36,0.023132781582,1.46670942,875.5527,362.7619,747.355,0.836605,689068.53,91031.85,41719.896854999999,843873.015280373744,2039928.38,1613793.22,-355098.43,1684829.95,355098.43,843873.02,225373.7,24119.62,0,3133294.72,40646.03,54558.74,41719.9,3270219.39
047852,Fredericktown Local,1116.5243,1145.62,9508487.57,8299.86,4641.49,0.4407748,219598.32,0.02251811368,1.46670942,418.7598,359.0595,403.8347,0.361689,69593.52,1227.45,562.540335,576703.149609638611,6176605.15,6400053.94,186199.87,6362805.02,0,576703.15,0,30146.16,0,6969654.33,58059.27,57787.03,562.54,7086063.16
047878,Kirtland Local,1015.4016,1058.31,8819006.87,8333.1,11058.2,0.1,430753.61,0.025,1.46670942,140.8733,112.7452,133.8413,0.131811,3063.29,250314.75,114719.249924999996,545082.873527999967,635519.75,957697.89,268471.04,903990.79,0,545082.87,0,27415.84,0,1476489.51,66001.1,30729.39,114719.25,1687939.25
047886,Madison Local,2430.3569,2506.92,20296986.86,8096.38,4578.02,0.4345594,205413.51,0.022243761675,1.46670942,1172.167,880.9498,1099.3627,0.452346,296330.98,581755.65,266618.614394999982,856918.099999999977,12536271.3,12756139.36,183216.05,12719487.35,0,856918.1,159740.42,65619.64,0,13801765.51,0,311134.15,266618.61,14379518.28
047894,Riverside Local,3899.6539,3974.92,32443858.88,8162.14,9177.1,0.1,370612.48,0.023860816169,1.46670942,1205.9425,797.1356,1103.7408,0.283036,116478.3,935176.2,428591.252460000047,1943622.639999999898,5734915.13,3746424.48,-1657009.26,4077905.87,1657009.26,1943622.64,0,105290.66,0,7783828.43,0,259040.57,428591.25,8471460.24
047902,Perry Local,1417.1733,1417.1733,11489472.73,8107.32,6467.31,0.2022876,313531.57,0.023228815319,1.46670942,427.1116,281.0461,390.5952,0.275616,39086.82,338913.75,155324.171624999988,419288.960000000021,3066245.67,3225398.04,132621.67,3198867.34,0,419288.96,0,38263.68,0,3656419.98,92116.26,87007.89,155324.17,3990868.3
047928,Dawson-Bryant Local,1043.8945,1079.54,9029367.91,8364.09,2645.88,0.6836621,162146.73,0.01883789055,1.46670942,1021.2708,550.8011,903.6534,0.865656,892045.74,67445.7,46110.068897969999,754635.016500000027,11331519.16,11488431.7,130755.22,11462274.38,0,754635.02,30589.74,28185.15,0,12275684.29,54282.51,111576.14,46110.07,12487653.02
047936,Fairland Local,1243.8947,1317.38,10767856.73,8173.69,4762.78,0.4173035,206959.97,0.022532687898,1.46670942,1210.7368,421.5893,1013.4499,0.814739,886204.35,164054.1,75185.994030000002,447549.305681081081,7798550.3,7725435.75,-60926.35,7737623.95,60926.35,447549.31,8698.8,33585.16,0,8288383.56,0,106521.83,75185.99,8470091.39
047944,Rock Hill Local,1192.5437,1192.5437,9845655.02,8256.01,5451.23,0.3397258,370192.13,0.0193892841,1.46670942,1168.1542,699.4676,1050.9826,0.881295,1075307.53,114992.85,52701.223155,892456.880000000005,10434886.76,6100767.75,-3611621.37,6823265.39,3611621.37,892456.88,974880.53,32198.68,0,12334422.85,0,118691.92,52701.22,12505815.99
047951,South Point Local,1264.8725,1295.14,10643499.31,8218.03,4227.96,0.4855263,264775.68,0.018079670025,1.46670942,1234.8579,657.195,1090.4422,0.862097,1067602.21,97944,47554.387927200005,650894.130000000005,9906002.7,8838008.77,-889959.34,9016043.36,889959.34,650894.13,554197.45,34151.56,0,11145245.83,0,277725,47554.39,11470525.22
047969,Symmes Valley Local,671.0638,683.62,6325843.44,9253.45,4446.04,0.5195262,275614.95,0.020652547725,1.46670942,655.9611,301.9622,567.4614,0.845615,534535.12,76858.95,39930.238229490002,747138.097519999952,7620989.82,6799571.74,-684487.68,6936502.14,684487.68,747138.1,378341.94,18118.72,0,8764588.58,0,42401.81,39930.24,8846920.62
047985,Johnstown-Monroe Local,1602.7704,1624.74,13239088.48,8148.44,7986.82,0.1,379955.99,0.024088902791,1.46670942,380.9158,310.6001,363.3369,0.226693,24596.9,588414.75,269670.479924999992,619185.141507692286,4252727.72,1563447.9,-2240976.87,2011750.85,2240976.87,619185.14,0,43274.8,0,4915187.66,0,53042.38,269670.48,5237900.52
047993,Lakewood Local,1567.645,1581.17,12860273.59,8133.39,9589.16,0.1000001,482005.04,0.02295195713,1.46670942,826.1319,597.72,769.0289,0.490563,243796.13,564516.75,258718.026524999994,950099.489985882305,3918657.29,1805687.56,-1760737.67,2157919.62,1760737.67,950099.49,0,42326.42,0,4911083.19,71327.85,130665.47,258718.03,5371794.53
048009,Licking Heights Local,5019.6806,5019.6806,40887836.45,8145.51,4629.45,0.4316552,223260,0.022831355429,1.46670942,2853.8468,2234.884,2699.1061,0.537705,1028022.59,1415165.85,648570.509055000031,3049145.569999999832,8798703.88,28758802.14,16632749.88,25431453.76,0,3049145.57,0,135531.38,1129428.13,29745558.84,326279.24,536042.44,648570.51,31256451.02
048017,Licking Valley Local,2015.0755,2030.55,16442715.25,8097.67,4067.64,0.497678,189147.94,0.022921299189,1.46670942,763.0978,588.473,719.4416,0.35703,120809.07,177464.7,88320.276966600009,1470942.607333333232,10074661.36,12302386.03,1856362.96,11931024.32,0,1470942.61,0,54407.04,0,13456373.97,0,117569.21,88320.28,13662263.46
048025,North Fork Local,1455.3735,1473.48,12036584.53,8168.81,5881.83,0.279966,279760.11,0.022782011235,1.46670942,690.0084,543.6156,653.4102,0.448964,173501.61,298336.5,136727.617949999985,1365373.546893333318,6601398.86,5035331.85,-1305003.64,5296395.22,1305003.64,1365373.55,251644.35,39295.09,0,8257711.85,0,136949.36,136727.62,8531388.82
048033,Northridge Local,1105.8944,1106.85,9228142.74,8337.3,9273.31,0.1,425750.55,0.024118571734,1.46670942,388.5101,289.0651,363.6488,0.328828,51798.16,532726.95,244148.76118500001,1233282.216010218952,3533875.89,1121188.65,-2010492.28,1523383.61,2010492.28,1233282.22,0,29859.15,0,4797017.26,57506.51,46580.62,244148.76,5145253.15
048041,Southwest Licking Local,4739.2704,4739.2704,38743379.55,8174.97,5993.43,0.2668561,275785.94,0.023685977508,1.46670942,1958.1405,1496.3274,1842.6872,0.388812,366965.73,1075600.05,492947.502915000019,1706486.059999999823,13587660.33,16323712.73,2279952.46,15867612.79,0,1706486.06,0,127960.3,1066335.84,18768394.99,246442.06,578234.39,492947.5,20086018.95
048074,Benjamin Logan Local,1554.973,1599.21,13036312.22,8151.72,6628.22,0.1868931,318344.39,0.023312929435,1.46670942,609.1337,418.3189,561.43,0.361054,96412.75,258273.75,118366.859624999997,1366140.312159999972,5887523.94,2848895.27,-2532089.27,3355434.67,2532089.27,1366140.31,0,41984.27,0,7295648.52,80858.6,107195.88,118366.86,7602069.86
048082,Indian Lake Local,1291.868,1327.72,10823771.23,8152.15,8520.05,0.1,462836.9,0.022516968535,1.46670942,667.0328,614.2334,653.833,0.506114,220626.7,261129.75,119675.764425000001,606401.850428571459,4360582.07,1522859.37,-2364674.32,1995907.75,2364674.32,606401.85,496789.91,34880.44,0,5498654.26,67177.13,109746.22,119675.76,5795253.38
048090,Riverside Local,503.7689,517.29,5212351.66,10076.27,4320.52,0.5712185,201287.34,0.022450151475,1.46670942,487.5832,202.8219,416.3929,0.826555,374749.76,121201.5,69232.539027749997,381286.427499999991,4865721.9,5460969.87,496020.14,5361742.04,0,381286.43,0,13601.76,0,5756630.22,0,61589.08,69232.54,5887451.84
048116,Avon Local,3961.0641,4114.62,33387947.67,8114.47,7698.29,0.1000004,297485.3,0.025,1.46670942,613.5336,451.2865,572.9718,0.144651,15793.22,1394915.55,639289.796564999968,1372450.020000000019,3704309.22,3802073.33,81466.83,3785776.05,0,1372450.02,0,106948.73,0,5265174.8,257469.16,288638.9,639289.8,6450572.66
048124,Avon Lake City,3213.7267,3293.57,26614245.26,8080.67,10092.34,0.1000004,393103.79,0.025,1.46670942,460.7643,350.0268,433.0799,0.134759,10360.44,606380.25,277904.068574999983,1094399,2265765.85,2969780.95,586655.78,2852421.63,0,1094399,0,86770.62,0,4033591.25,188003.01,175740.64,277904.07,4675238.97
048132,Clearview Local,1235.9955,1284.16,10512903.92,8186.6,1339.33,0.8363998,88622.98,0.01566508275,1.46670942,1218.2915,765.3479,1105.0556,0.894061,1163624.86,52944.15,44282.476471170005,412935.400000000023,13669682.5,15107740.69,1198333.89,14868016.39,0,412935.4,0,33371.88,0,15314323.67,0,141674.04,44282.48,15500280.18
048140,Columbia Local,977.7106,977.7106,8293964.04,8483.05,8696.72,0.1,372209.14,0.024064699133,1.46670942,277.5873,215.9178,262.1699,0.268147,24832.66,96502.35,44227.027005000004,386634.661143999954,2156906.33,970232.92,-988854.95,1168051.38,988854.95,386634.66,0,26398.19,219984.88,2789924.05,50840.95,96550.63,44227.03,2981542.66
048157,Firelands Local,1657.3883,1676.31,13596744.06,8111.12,6251.99,0.2292077,276269.17,0.023204143223,1.46670942,636.4039,460.4309,592.4106,0.357436,99704.32,248322.9,113806.385070000004,1147934.983467415674,7406232.15,3811788.34,-2995250.03,4410982.12,2995250.03,1147934.98,0,44749.49,0,8598916.62,86184.19,131336.89,113806.39,8930244.09
048165,Keystone Local,1389.0737,1438.4,11683549.5,8122.6,6525.51,0.196623,296103.05,0.023182177788,1.46670942,441.0256,362.4497,421.3817,0.303354,51082.2,331519.65,151935.455595000007,724398.764457142795,5948061.66,2607788.87,-2783449.32,3164612.34,2783449.32,724398.76,0,37504.99,0,6709965.42,72231.83,157136.7,151935.46,7091269.41
048173,Midview Local,2479.5597,2575.16,20990624.82,8151.19,6808.17,0.1647648,310558.64,0.022903497802,1.46670942,1079.1062,843.1365,1020.1138,0.411409,227452.52,835478.7,382899.888210000005,878897.216399999917,11522939.92,4295395.49,-6022712.77,5500227.15,6022712.77,878897.22,0,66948.11,0,12468785.25,128937.1,197472.51,382899.89,13178094.75
048207,Anthony Wayne Local,3846.974,3918.08,31784695.35,8112.31,9979.38,0.1,377374.08,0.025,1.46670942,599.9968,424.4359,556.1066,0.144557,15308.44,385129.5,176504.849849999999,1754255.330000000075,5824730.81,3653584.66,-1809216.08,4015514.73,1809216.08,1754255.33,0,103868.3,0,7682854.43,225047.98,199864.83,176504.85,8284272.08
048215,Ottawa Hills Local,1022.2956,1043.12,8699583.46,8339.96,6393.02,0.233447,192733.69,0.025,1.46670942,32.8792,32.2293,32.7167,0.032003,44.14,73270.05,33579.663914999997,0,2353935.75,2714761.25,300675.89,2654611.64,0,0,0,27601.98,0,2682213.62,66449.21,37629.75,33579.66,2819872.25
048223,Springfield Local,3015.7265,3115.87,25340237.65,8132.64,7060.18,0.1318711,299902.58,0.022552363096,1.46670942,1603.5785,1269.0703,1519.9514,0.504008,508626.67,414281.7,189865.303110000008,1270574.479999999981,4742947.9,4493356.26,-207984.71,4534963.19,207984.71,1270574.48,0,81424.62,0,6094946.99,117613.33,398061.7,189865.3,6800487.33
048231,Washington Local,6549.3978,6678.01,54976806.42,8232.51,3002.12,0.6353333,154724.94,0.019007112825,1.46670942,4348.2085,3262.7413,4076.8417,0.622476,2080959.5,1492312.5,948115.825256249984,1767423.600000000093,24643075.66,56500535.19,26546821.03,51189896.69,0,1767423.6,0,176833.74,0,53134154.03,340568.69,635886.28,948115.83,55058724.82
048256,Jefferson Local,945.8362,952.36,8100646.13,8505.87,6414.61,0.2458598,319383.19,0.022689673105,1.46670942,405.8842,373.5098,397.7906,0.42057,92688.46,137634,63077.662199999999,357002.048360000015,4204325.21,3126970.38,-897759.78,3306565.43,897759.78,357002.05,0,25537.58,0,4586864.84,0,107088.36,63077.66,4757030.86
048264,Jonathan Alder Local,2209.4942,2209.4942,17889429.13,8096.62,6449.14,0.2034776,286208.95,0.024583281285,1.46670942,652.6733,431.5834,597.4009,0.270379,57531.58,98402.85,45098.026155,1156488.433587156003,7450695.83,5245194.14,-1837844.55,5612851.28,1837844.55,1156488.43,0,59656.34,0,8666840.6,129255.41,123965.53,45098.03,8965159.57
048272,Madison-Plains Local,1071.8981,1076.64,9091018.92,8443.88,7797.91,0.1000002,397987.87,0.02294742867,1.46670942,544.8658,419.5551,513.5381,0.479092,155276.28,153600.3,70395.017490000013,903131.633511290187,4066806.79,1258964.21,-2339775.22,1727031.57,2339775.22,903131.63,0,28941.25,0,4998879.67,48771.36,141654.13,70395.02,5259700.19
048298,Austintown Local Schools,4077.0465,4088.79,33474172.37,8186.82,4237.15,0.4824427,207638.47,0.019839231675,1.46670942,4053.1882,2066.0408,3556.4014,0.872298,3564799.27,637507.5,307560.839570250013,1264029.219999999972,19358588.73,26732211.3,6144439.69,25503028.42,0,1264029.22,0,110080.25,0,26877137.89,212006.42,406029.74,307560.84,27802734.88
048306,Boardman Local,3526.4243,3633.03,29599816,8147.42,6353.28,0.2202096,313081.12,0.020618878275,1.46670942,1712.2603,1538.6758,1668.8642,0.473245,492365.51,520247.7,238429.520909999992,1480771.399999999907,5482365.6,8049678.92,2139342.19,7621707.79,0,1480771.4,0,95213.46,0,9197692.65,0,292930.77,238429.52,9729052.94
048314,Canfield Local,2410.2781,2434.68,19708999.1,8095.11,9464.2,0.1,360812.72,0.024521757242,1.46670942,442.0488,349.5867,418.9333,0.173811,16672.24,293249.25,134396.131274999992,1061729.100000000093,4278898.9,2248306.98,-1692092.24,2586806.66,1692092.24,1061729.1,0,65077.51,0,5405705.5,141001.27,127995.34,134396.13,5809098.24
048322,Jackson-Milton Local,768.5496,768.98,6915705.03,8993.35,7950.46,0.1159624,417965.02,0.022639704326,1.46670942,368.6446,311.4482,354.3455,0.461057,99227.19,55093.5,25249.351049999997,493557.412123076909,2249752.22,1626554.55,-519310.62,1730441.6,519310.62,493557.41,0,20750.84,0,2764060.47,39964.58,40769.88,25249.35,2870044.29
048330,Lowellville Local,453.1511,455.31,4822520.95,10591.73,2932.53,0.7231302,136083.72,0.0219179979,1.46670942,252.5144,182.7031,235.0616,0.518727,83320.9,10112.55,7312.690304010001,141250.850800000015,3250651.58,4933265.84,1402122.47,4652774.05,0,141250.85,0,12235.08,0,4806259.98,0,7970.3,7312.69,4821542.96
048348,Poland Local,1666.0852,1682.17,13646942.65,8112.7,8511.35,0.1,329360.03,0.023815688143,1.46670942,407.8181,294.629,379.5208,0.227792,25942.22,148555.05,68082.779415000012,576151.800000000047,4313356.43,1577702.06,-2279620.78,2033735.65,2279620.78,576151.8,0,44984.3,0,4934492.53,86636.43,115251.32,68082.78,5204463.06
048355,Sebring Local,364.1525,364.1525,4270309.95,11726.71,3542.84,0.6978831,184882.92,0.0176548653,1.46670942,360.0834,234.3788,328.6572,0.902526,352660.82,30018.45,20949.368943195001,102490.119999999995,4611140.11,4594316.84,-14018.83,4597121.28,14018.83,102490.12,289853.47,9832.12,0,5013315.81,0,54554.67,20949.37,5088819.85
048363,South Range Local,1228.3524,1228.3524,10096419.58,8219.48,5227.34,0.3640303,233558.69,0.023252758697,1.46670942,324.9592,262.9696,309.4618,0.251932,25874.28,173575.5,79549.65165,435613.674928301945,5446308.12,4711738.97,-612116.47,4834191.65,612116.47,435613.67,16796.01,33165.52,0,5931883.31,71858.62,74237.07,79549.65,6157528.66
048371,Springfield Local,864.9044,889.29,7674346.4,8629.75,6561.14,0.2397058,296032.79,0.022535290428,1.46670942,351.0993,275.3724,332.1676,0.384051,64540.09,63749.7,29216.487510000003,401230.781771428534,3717486.08,2939242.93,-648510.01,3068976.07,648510.01,401230.78,0,23352.42,0,4142069.28,0,55766.62,29216.49,4227052.38
048389,West Branch Local,1642.6444,1657.77,13496902.66,8141.6,4624.42,0.432001,224211.18,0.02061057015,1.46670942,713.71,548.9524,672.5206,0.409413,148498.95,132664.35,60800.071604999997,1205341.042935135076,10802636.38,8119457.99,-2235892.56,8566743.82,2235892.56,1205341.04,103390.58,44351.4,0,12155719.4,96094.7,138012.89,60800.07,12450627.06
048397,Western Reserve Local,544.7063,554.58,5544456.7,9997.58,6316.51,0.3681962,274086.68,0.023230272757,1.46670942,176.398,138.8405,167.0086,0.306603,20681.7,24181.5,11082.381449999999,368460.259681632684,3052095.27,3406583.79,295395.28,3347490.55,0,368460.26,0,14707.07,0,3730657.88,28324.73,16651.17,11082.38,3786716.16
048413,Elgin Local,1014.9628,1014.9628,8604996.63,8478.14,4651.09,0.4514021,232745.03,0.0220865643,1.46670942,580.6551,473.9012,553.9666,0.5458,217392.82,194525.1,89150.853329999998,974166.057399999932,5692948.64,6647081.89,795079.24,6488027.88,0,974166.06,0,27404,0,7489597.93,46180.81,93515.55,89150.85,7718445.14
048421,Pleasant Local,1257.433,1257.433,10280656.36,8175.91,5293.54,0.3525443,229973.24,0.023173485335,1.46670942,532.8885,402.948,500.4033,0.397956,104396.24,187237.05,85810.740015000003,458045.369999999937,4580652.55,5242927.76,551873.93,5132526.48,0,458045.37,0,33950.69,0,5624522.54,65386.51,125639.68,85810.74,5901359.47
048439,Ridgedale Local,597.7981,597.81,5779006.68,9666.96,6294.43,0.3488717,315646.76,0.022843066838,1.46670942,352.1506,290.4008,336.7131,0.563256,140723.38,15210.3,6970.88049,479432.061839344271,2733316.04,4163945.44,1192143.48,3925459.52,0,479432.06,0,16140.55,0,4421032.13,27199.81,76656.25,6970.88,4531859.07
048447,River Valley Local,1765.067,1812.33,14731231.66,8128.34,4645.49,0.4284824,217652.16,0.022578128271,1.46670942,1737.4872,600.2651,1453.1816,0.823301,1297572.85,183533.7,84113.494709999999,1241868.433309090789,7291001.51,9637427.7,1955276.94,9246278.45,0,1241868.43,0,47656.81,0,10535803.7,0,114595.45,84113.49,10734512.64
048462,Black River Local,880.9434,935.61,8023942,8576.16,7092.84,0.1729585,341443.58,0.02266406413,1.46670942,400.2521,316.2603,379.2542,0.430509,92595.4,233601.9,107059.750770000013,999932.43447368429,5269540.51,2227595.34,-2534852.91,2734687.6,2534852.91,999932.43,76412.91,23785.47,0,6369671.32,45809.05,29144.1,107059.75,6551684.23
048470,Buckeye Local,1927.8391,2010.55,16289186.83,8101.86,9048.67,0.1000005,412352.37,0.024097439098,1.46670942,419.4735,373.8318,408.0631,0.211669,24084.43,318195.15,145828.837245000002,920828.167802816955,4854310.52,1800838.48,-2544458.25,2309852.27,2544458.25,920828.17,0,52051.66,0,5827190.34,100247.63,169215.22,145828.84,6242482.04
048488,Cloverleaf Local,2274.3912,2274.3912,18398108.13,8089.25,8476.13,0.1,403780.91,0.023193524892,1.46670942,2240.3597,658.8535,1844.9831,0.811199,1599343.58,420424.2,192680.410860000004,1638279.282861538464,7310960.78,3747008.96,-2969841.05,4341119.73,2969841.05,1638279.28,0,61408.56,0,9010648.62,133051.89,173837.86,192680.41,9510218.78
048496,Highland Local,3208.9381,3264.36,26473111.38,8109.74,10026.3,0.1,401995.81,0.025,1.46670942,319.5191,269.5219,307.0198,0.095676,3702.26,947382.45,434185.376835000003,1774960.604153846158,3633284.3,2996406.95,-530709.89,3102574.41,530709.89,1774960.6,0,86641.33,0,5494886.23,208580.98,177391.94,434185.38,6315044.52
048512,Eastern Local,714.9449,714.9449,6501517.81,9093.73,3650.52,0.5985683,178472.93,0.0208748979,1.46670942,710.5339,254.6519,596.5634,0.834419,547166.52,36008.7,21553.666344210003,526526.656668965472,6351137.31,7902743.85,1292953.73,7644091.04,0,526526.66,0,19303.51,0,8189921.21,0,28539.08,21553.67,8240013.96
048520,Meigs Local,1476.5779,1512.68,12457289.23,8235.24,2421.09,0.7060094,142063.9,0.017573315175,1.46670942,1475.4656,950.1572,1344.1385,0.910306,1467281.3,244039.95,172294.49867553002,1873640.542737688171,15020091.73,16618153.59,1331664.95,16351756.68,0,1873640.54,0,39867.6,0,18265264.83,0,126195.82,172294.5,18563755.14
048538,Southern Local,646.0441,646.33,6073901.93,9397.52,3600.98,0.6168156,195210.11,0.020112086025,1.46670942,641.5139,356.6225,570.2911,0.882743,585409.4,0,0,371375.900000000023,5123900.87,7968497.09,2370402.03,7494302.9,0,371375.9,0,17443.19,0,7883121.99,0,66255.09,0,7949377.08
048553,Marion Local,979.6256,979.6256,8366971.48,8540.99,4367.38,0.4886565,187484.52,0.024417759717,1.46670942,45.3348,45.8148,45.4548,0.0464,128.92,91009.8,44472.5303337,465553.581554716977,5089658.55,7297030.12,1839402.73,6929061.28,0,465553.58,0,26449.89,220415.76,7641480.51,63675.66,33626.47,44472.53,7783255.18
048579,Parkway Local,925.9456,932.55,7996786.06,8575.18,4500.88,0.4751269,237138.66,0.02165673105,1.46670942,312.0069,227.6362,290.9142,0.314181,37828.52,33593.7,15961.270540530002,591577.605681987596,5555183.62,6617241,885012.41,6440196.03,0,591577.61,0,25000.53,0,7056774.17,48149.17,120714.88,15961.27,7241599.5
048587,St Henry Consolidated Local,984.5506,984.5506,8434301.52,8566.65,5016.75,0.4143871,205526.36,0.024280241547,1.46670942,93.5417,62.4126,85.7594,0.087105,857.16,34635.3,15873.35799,285246.418639999989,5305297.32,5980901.82,562981.23,5868278.55,0,285246.42,0,26582.86,221523.87,6401631.7,57596.21,56490.5,15873.36,6531591.77
048595,Fort Recovery Local,912.0138,921.72,7954235.69,8629.77,4284.96,0.5034674,191112.08,0.023288257338,1.46670942,107.6459,60.79,95.9319,0.105187,1398.24,62224.05,31327.780670970002,359683.7938229508,5742214.85,6939623.08,997800.28,6740015.13,0,359683.79,0,24624.37,0,7124323.3,59280.9,82745.43,31327.78,7297677.41
048611,Bethel Local,1987.2782,1987.2782,16079221.15,8091.08,3358.79,0.5848764,104989.44,0.023876951905,1.46670942,811.9275,640.9022,769.1711,0.387048,151791.41,82272.75,48119.389838099996,1170819.09999999986,3607739.27,15407314.81,9832586.3,13440325.57,0,1170819.1,0,53656.51,447137.59,15111938.77,103338.47,134387.69,48119.39,15397784.31
048629,Miami East Local,1292.3981,1301.57,10623295.68,8161.91,6397.57,0.2161676,260746.64,0.024197272523,1.46670942,289.3019,232.5314,275.1093,0.212867,16421.64,85738.8,39294.092040000003,835830.170399999944,4647896.27,3152420.1,-1246180.29,3401715.98,1246180.29,835830.17,0,34894.75,0,5518621.19,84005.88,87543.05,39294.09,5729464.21
048637,Newton Local,599.9063,599.9063,5758807.26,9599.51,4234.11,0.5589243,174938.06,0.023530814098,1.46670942,129.715,115.3211,126.1166,0.210227,7342.49,0,0,238926.570015000005,3577260.27,5825276.64,1873272.04,5450532.31,0,238926.57,0,16197.47,0,5705656.35,31195.13,28278.87,0,5765130.34
048652,Switzerland of Ohio Local,1846.283,1899.3,15757259.6,8296.35,11067.42,0.1000006,763264.63,0.020254197825,1.46670942,1048.2349,892.6746,1009.3448,0.54669,397389.49,622139.7,285126.624509999994,2634228.488724175841,10851462.41,2282019.72,-7140916.59,3710545.82,7140916.59,2634228.49,0,49849.64,0,13535540.54,0,96846.85,285126.62,13917514.02
048678,Brookville Local,1479.7086,1479.7086,12051759.04,8144.68,4813.21,0.4090361,206183.04,0.023036956057,1.46670942,474.7775,398.9815,455.8285,0.308053,56983.21,48599.25,22273.036274999999,465679.162518918863,5705312.62,7662606.2,1631012.74,7336325.36,0,465679.16,0,39952.13,0,7841956.66,86562.95,185375.56,22273.04,8136168.21
048686,Jefferson Township Local,264.9935,264.9935,3687708.87,13916.23,8316.71,0.4023735,452837.98,0.018438228675,1.46670942,261.5786,178.3047,240.7601,0.908551,261804.85,19138.35,8771.105805000001,449825.762800000026,1662413.82,2099821.25,364491.61,2026905.43,0,449825.76,0,7154.82,59623.53,2543509.54,10334.74,8182.88,8771.11,2570798.27
048694,Trotwood-Madison City,2377.2248,2418.02,19578493.74,8096.91,2026.92,0.7496673,118594.97,0.01599019065,1.46670942,2336.6356,1852.5208,2215.6069,0.932014,2535316.23,672462,504122.771892600053,1283969.770000000019,22208617.71,24789970.25,2151041.07,24359658.78,0,1283969.77,0,64185.07,0,25707813.62,123615.69,127167.03,504122.77,26462719.11
048702,Mad River Local,3555.9107,3589.04,29900303.48,8331,1917.65,0.7698173,89063.45,0.018691187625,1.46670942,3555.477,1864.4055,3132.7091,0.880986,3202968.33,426205.5,328100.367255149991,1971916.729999999981,27379547.6,38784238.43,9503528.87,36883076.47,0,1971916.73,0,96009.59,0,38951002.79,0,523284.77,328100.37,39802387.93
048710,New Lebanon Local School District,962.5927,1005.38,8473571.11,8428.23,3129.24,0.6287182,148418.95,0.02034449325,1.46670942,949.6098,507.1809,839.0025,0.871607,839651.86,251272.35,157979.499601770018,411667.96693103452,7503290.45,9754780.54,1876166.69,9379457.14,0,411667.97,0,25990,0,9817115.12,0,80328.77,157979.5,10055423.38
048728,Northmont City,4495.6602,4503.27,36716256.68,8153.24,5000.48,0.3866878,205071.91,0.02293181344,1.46670942,2187.3378,1527.4682,2022.3704,0.449849,539124.13,1154149.5,528946.715850000037,1749982.85999999987,20820326.94,22459861.71,1366224.32,22186551.26,0,1749982.86,0,121382.83,0,24057916.95,233774.33,519428.02,528946.72,25340066.01
048736,Northridge Local,1546.3609,1550.54,12589123.62,8119.19,1562.39,0.8075686,113818.68,0.01462263885,1.46670942,1532.6523,1176.6169,1443.6435,0.933575,1657497.71,355731.6,287277.670187760028,779029.290000000037,11599731.25,18558418.86,5798674.38,17398405.63,0,779029.29,0,41751.75,0,18219186.67,50256.73,160815.52,287277.67,18717536.59
048744,Valley View Local,1615.5341,1636.19,13283864.11,8118.78,4886.82,0.3980845,212685.31,0.023154903162,1.46670942,618.0709,478.4705,583.1708,0.360977,100103.53,335354.25,153692.852775000007,990982.547045901651,7602382.54,8080658.35,398547.24,8000929.78,0,990982.55,0,43619.42,0,9035531.74,84007.77,123996.87,153692.85,9397229.24
048751,Huber Heights City,5503.1016,5613.75,45758498.7,8151.15,4187.05,0.4863242,185083.15,0.021759488775,1.46670942,3633.5817,2892.3798,3448.2813,0.626607,1783560.01,1662637.2,808580.706180240028,1093791.699999999953,29951543.45,36096918.75,5120941.23,35072484.68,0,1093791.7,0,148583.74,0,36314860.13,214620.96,679600.22,808580.71,38017662.01
048777,Morgan Local,1485.0448,1523.75,12545317.49,8233.19,4612.62,0.439752,280640.48,0.019224215775,1.46670942,1479.8448,782.2862,1305.4552,0.879068,1328928.04,252448.35,115697.078804999997,2259274.932762790471,11470393.83,9626718.06,-1536335.02,9934058.81,1536335.02,2259274.93,638197.18,40096.21,0,14407962.15,57916.75,314689.06,115697.08,14896265.04
048793,Cardington-Lincoln Local,873.3329,908.57,7862551.69,8653.77,4850.42,0.4395012,229495.93,0.022507963788,1.46670942,862.0214,349.739,733.9508,0.840402,682866.28,229971,105395.709300000002,345513.738907042309,6310657.1,7064723.01,628363.12,6939020.22,0,345513.74,0,23579.99,0,7308113.95,0,147910.24,105395.71,7561419.9
048801,Highland Local,1602.1993,1618.14,13153480.16,8128.77,5209.25,0.3591579,250296.63,0.022966166989,1.46670942,618.4556,452.1062,576.8682,0.360048,98512.65,230058.15,105435.650145000007,1348752.339870000025,8857917.65,6759253.51,-1748816.82,7109100.83,1748816.82,1348752.34,268809.94,43259.38,0,10518739.31,0,138107.25,105435.65,10762282.2
048819,Northmor Local,965.8008,991.31,8377687.94,8451.13,5908.88,0.3008178,301800.27,0.022562460974,1.46670942,392.7656,345.4808,380.9444,0.394434,78073.72,125082.3,57325.218090000002,867099.637972277123,4482275.74,4013961.87,-390245.94,4092029.8,390245.94,867099.64,83880.35,26076.62,0,5459332.35,56499.34,51875.95,57325.22,5625032.86
048835,East Muskingum Local,2018.8139,2041.68,16594727.74,8127.98,4567.37,0.4380672,215298.65,0.022758484283,1.46670942,1962.2036,567.2881,1613.4748,0.799219,1357651.6,83604.15,38315.781945000002,1587394.050150000025,8632699.78,11635177.59,2501964.76,11134664.54,0,1587394.05,0,54507.97,0,12776566.57,104978.32,137011.33,38315.78,13056872
048843,Franklin Local,1694.6593,1738.47,14059873.77,8087.5,5347.81,0.3387549,304747.98,0.020914033275,1.46670942,1657.2356,732.634,1426.0852,0.841517,1330349.69,263667.6,120838.861080000017,1688770.601050261874,10557783.33,8044693.62,-2094157.66,8463625.67,2094157.66,1688770.6,309934.13,45755.8,0,12602243.87,0,170008.51,120838.86,12893091.24
048850,Maysville Local,1711.7354,1724.51,14030246.25,8135.79,2892.11,0.6445203,151730.99,0.019263132675,1.46670942,1666.6663,810.4034,1452.6006,0.848613,1378034.63,166500.6,107313.016662180016,1224935.369633333292,13742347.27,15472836.54,1442016.71,15184363.98,0,1224935.37,0,46216.86,0,16455516.21,0,166383.02,107313.02,16729212.25
048876,Tri-Valley Local,2718.0772,2785.63,22612793.13,8117.66,5022.14,0.3813304,251975.09,0.022602800314,1.46670942,1054.4154,920.2162,1020.8656,0.375584,189704.35,315812.7,144736.96041,2430457.928800434805,15874085.46,12136203.59,-3114776.96,12759308.5,3114776.96,2430457.93,0,73388.08,0,18377931.47,141340.01,206138.55,144736.96,18870147
048884,West Muskingum Local,1609.4386,1609.4386,13085659.37,8130.57,6013.19,0.2604232,286133.16,0.022145814,1.46670942,778.9363,681.3461,754.5387,0.468821,218469.2,0,0,1175537.978666666895,3805405.42,4434137.32,523922.29,4329327.71,0,1175537.98,0,43454.84,362123.69,5910444.23,73229.46,254901.46,0,6238575.14
048900,Noble Local,910.4069,938.7,8041595.46,8566.74,11852.45,0.1,757410.89,0.022595461165,1.46670942,396.4626,292.1564,370.3861,0.406836,80758.45,103272.75,47329.901324999999,1181864.379256302491,5137550.87,982429.18,-3462462.9,1675087.97,3462462.9,1181864.38,0,24580.99,0,6343996.23,0,54254.16,47329.9,6445580.29
048926,Benton Carroll Salem Local,1249.7031,1274.48,10387805.73,8150.62,7103.51,0.1284699,350144.23,0.022910889017,1.46670942,427.2868,300.6827,395.6358,0.316584,52235.78,201218.85,92218.598954999994,765867.229558620718,3227287.99,1550779.35,-1397034.65,1830253.34,1397034.65,765867.23,100113.05,33741.98,0,4127010.26,73107.63,110125.62,92218.6,4402462.11
048934,Danbury Local,476.4734,476.4734,5016319.1,10528.01,24702.33,0.1,1477726.34,0.023163751816,1.46670942,155.3592,123.8838,147.4904,0.309546,18616.95,39896.85,18284.726354999999,243434.455542857148,460341.49,591578.99,109360.21,569701.7,0,243434.46,97618.3,12864.78,0,923619.24,24776.62,24854.86,18284.73,991535.44
048942,Genoa Area Local,1182.4735,1206.27,9912565.77,8217.53,4939.64,0.3988909,201314.16,0.023250052035,1.46670942,401.3357,284.1013,372.0271,0.314618,48510.56,143002.65,65538.114495000002,565034.195625000051,5643550.38,6033162.49,324663.77,5968214.15,0,565034.2,0,31926.78,0,6565175.13,61488.62,138439.76,65538.11,6830641.63
048959,Middle Bass Local,0,,,0,0,0,0,0,1.46670942,,,,,,0,0,0,0,0,0,0,0,0,0,0,0,0,0,0,0,0
048967,North Bass Local,0,,,0,0,0,0,0,1.46670942,,,,,,0,0,0,19672.64,0,-16393.21,3279.43,16393.21,0,0,0,0,19672.64,0,0,0,19672.64
048975,Put-In-Bay Local,62.9878,62.9878,2362001.93,37499.35,38440.86,0.1000001,2936221.62,0.01947608145,1.46670942,0,0,0,0,0,0,0,892.5,35006.39,250733.05,179765.02,214771.41,0,892.5,0,1700.67,14172.26,231536.84,2047.1,0,0,233583.94
048991,Antwerp Local,601.7712,604.31,5833815.91,9653.68,3672.49,0.6195761,174411.39,0.0212861475,1.46670942,244.9714,193.8776,232.198,0.385858,45541.57,21774.9,13491.207619889999,480847.074880000029,4578396.6,6959637.77,1984288.27,6562684.87,0,480847.07,0,16247.82,0,7059779.77,0,95278.04,13491.21,7168549.02
049031,Wayne Trace Local,857.36,869.42,7571467.48,8708.64,5203.83,0.402452,259682.26,0.022319408925,1.46670942,407.4709,306.2172,382.1574,0.445737,100021.71,0,0,823901.233000000007,4686372.15,5367384.29,567487.41,5253859.56,0,823901.23,0,23148.72,0,6100909.52,44582.72,110897.71,0,6256389.95
049056,Northern Local,2143.173,2176.5,17664991.73,8116.24,5550.22,0.3161588,259596.1,0.023213356236,1.46670942,2123.9692,713.9068,1771.4536,0.826556,1594295.8,454390.65,208247.234895000001,1786532.376468604431,10252524.35,9431108.67,-684485.69,9568038.66,684485.69,1786532.38,0,57865.67,0,12096922.4,0,125371.7,208247.23,12430541.34
049064,Southern Local,557.3332,568.26,5572966.91,9807.07,2757.29,0.7188476,142957,0.019138730175,1.46670942,547.6005,369.3178,503.0298,0.902566,539816.6,0,0,772385.875931034563,7324107.3,8397252.84,894252.18,8218359.48,0,772385.88,0,15048,0,9005793.35,0,57898.19,0,9063691.54
049080,Logan Elm Local,1570.0071,1596.64,12959690.96,8116.85,6794.76,0.1628821,332275.18,0.023034249448,1.46670942,686.4327,602.9954,665.5734,0.42393,157571.91,265941.9,121881.172770000005,2116319.232199999969,6502784.58,3047740.77,-2879088,3623696.58,2879088,2116319.23,0,42390.19,0,8661494,81640.37,108786.72,121881.17,8973802.26
049098,Teays Valley Local,4334.3064,4334.3064,35489738.69,8188.1,4786.11,0.4154809,216974.84,0.023652196532,1.46670942,4306.9279,1213.5453,3533.5823,0.815259,3093862.24,558131.7,255791.758110000024,2358348.342611841857,18939983.97,26705867.69,6471310.9,25411294.87,0,2358348.34,0,117026.27,0,27886669.49,225383.93,650081.6,255791.76,29017926.78
049106,Westfall Local,1233.1306,1262.95,10316251.99,8168.38,6969.31,0.1467942,360700.48,0.023270924444,1.46670942,585.0646,427.3381,545.633,0.442478,140727.35,184632,84616.845600000001,1616601.053343999898,6658981.11,1889579.22,-3974342.59,2684638.52,3974342.59,1616601.05,0,33294.52,0,8308876.69,48092.09,80712.95,84616.85,8522298.57
049122,Eastern Local School District,725.2648,725.2648,6685382.87,9217.85,2697.84,0.7073243,140141.76,0.019763365725,1.46670942,708.7425,400.1424,631.5924,0.870844,630975.09,155683.5,110118.722659050007,971252.97920000006,9011106.01,9560972.25,458203.53,9469309.54,0,971252.98,0,19582.15,0,10460144.67,0,50160.45,110118.72,10620423.85
049130,Scioto Valley Local,1133.5695,1169.6,9676042.59,8272.95,3330.06,0.5974761,200633.98,0.018884896875,1.46670942,1101.104,640.3494,985.9154,0.869744,982464.97,71793.75,42895.049754374995,1086064.148749999935,9276476.5,10792121,1262986.56,10539463.06,0,1086064.15,0,30606.38,0,11656133.59,44209.21,113238.25,42895.05,11856476.1
049148,Waverly City,1594.1873,1641.78,13314272.65,8109.66,3548.23,0.5624689,171894.49,0.020903976225,1.46670942,1566.8751,880.284,1395.2273,0.875197,1407833.07,96338.55,54187.438246095007,904125.535699159605,13290598.51,13103181,-156175.01,13134423.5,156175.01,904125.54,520797.16,43043.06,0,14758564.27,0,147597.61,54187.44,14960349.32
049155,Western Local,663.6682,663.6682,6229072.16,9385.82,1995.49,0.7873929,123799.76,0.016853355225,1.46670942,650.2438,451.4506,600.5455,0.904888,647783.88,12422.55,9781.427669895,922270.867872881354,8951109.92,9994267.83,869263.48,9820373.4,0,922270.87,0,17919.04,0,10760563.31,0,62004.49,9781.43,10832349.23
049171,Aurora City,2821.4147,2828.36,22834471.98,8073.4,9016.61,0.1,350215.28,0.025,1.46670942,286.3125,249.3436,277.0703,0.098203,3519.93,388186.05,177905.666714999999,1053029.25,4070280,2726419.72,-1119838.77,2950441.23,1119838.77,1053029.25,0,76178.2,0,5199487.44,183391.96,279115.91,177905.67,5839900.98
049189,Crestwood Local,1232.8832,1284.49,10528251.44,8196.44,7868.43,0.1,344048.41,0.023031438705,1.46670942,450.3561,368.1758,429.811,0.348623,68815.17,533589,244543.838699999993,796354.130756756756,8753589.19,1301798.85,-6209576.89,2544012.3,6209576.89,796354.13,0,33287.85,0,9583231.17,64109.92,96240.95,244543.84,9988125.88
049197,Field Local,1932.9807,1932.9807,15652591.34,8097.64,7196.23,0.1113188,320245.42,0.022973558205,1.46670942,735.4603,599.3696,701.4376,0.362879,121676.66,272678.7,124968.648209999999,577397.635791304405,5416523.83,2192874.31,-2686267.15,2730256.68,2686267.15,577397.64,0,52190.48,0,6046111.95,100515,101470.43,124968.65,6373066.03
049205,James A Garfield Local,1116.9494,1151.7,9494865.67,8244.22,4728.3,0.426471,215290.48,0.0222284574,1.46670942,468.645,373.9621,444.9742,0.398384,93032.18,180026.7,82506.236610000007,560910.33600000001,6810251.62,6003922.51,-671914.05,6138337.57,671914.05,560910.34,66317.32,30157.63,0,7467636.92,72601.71,103266.04,82506.24,7726010.9
049213,Rootstown Local,914.4148,950.31,8085492.95,8508.27,6948.31,0.1833463,309012.58,0.02292744118,1.46670942,291.4585,248.0934,280.6172,0.306882,34813.82,249749.85,114460.356255000006,525396.239510714309,3834798.09,2138305.62,-1413687.17,2421110.92,1413687.17,525396.24,0,24689.2,0,4384883.53,47549.57,84589.95,114460.36,4631483.41
049221,Southeast Local,1384.206,1398.22,11451720.49,8190.21,5131.05,0.3735141,233213.27,0.02226781125,1.46670942,689.4941,575.0104,660.8732,0.477438,198447.96,409357.2,187608.404760000005,913159.00299999991,8681574.48,6201200.1,-2066895.97,6614678.51,2066895.97,913159,246696.35,37373.56,0,9878803.39,0,124163.97,187608.4,10190575.77
049239,Streetsboro City,1858.157,1880.05,15191861.1,8080.56,7490.72,0.1000005,343300.79,0.022764626274,1.46670942,751.6683,680.1372,733.7855,0.3949,150743.28,227316.6,104179.197780000002,743605.140000000014,4525991.37,1939472.99,-2155345.76,2370645.61,2155345.76,743605.14,0,50170.24,0,5319766.75,120780.21,131387.39,104179.2,5676113.55
049247,Waterloo Local,717.2011,736.71,6669056.26,9052.49,7296.71,0.1939545,323576.11,0.022624765748,1.46670942,382.734,287.4483,358.9126,0.500435,118407.32,139314,63847.606199999995,362611.499542857113,4313813.59,2548751.15,-1470826.53,2842987.06,1470826.53,362611.5,0,19364.43,0,4695789.52,37294.46,83482.47,63847.61,4880414.05
049270,National Trail Local,877.3141,884.77,7667732.7,8666.36,4347.75,0.498319,226344.43,0.020890420875,1.46670942,802.0425,357.7221,690.9624,0.787588,564608.15,175698.6,87553.95065340001,747659.086499999976,5640598,7448243.04,1506310.61,7146908.61,0,747659.09,0,23687.48,0,7918255.18,0,71966.19,87553.95,8077775.32
049288,Preble Shawnee Local,1181.0001,1245.21,10203670.65,8194.34,4222.3,0.4847286,189176.82,0.022539558608,1.46670942,619.8884,498.4394,589.5261,0.499175,193509.94,92937.6,45049.512735360004,1000183.563631707337,6988510.09,8309475.77,1100760.7,8089270.79,0,1000183.56,0,31887,0,9121341.35,46059.01,123546.57,45049.51,9335996.44
049296,Twin Valley Community Local,689.0145,702.96,6486255.35,9227.06,4907.28,0.4681642,235684.34,0.02207628855,1.46670942,677.7198,258.8406,573,0.831623,522038.1,93660,43848.258971999996,555172.104359999998,4640066.97,6299211.29,1382564.96,6022631.93,0,555172.1,0,18603.39,0,6596407.43,0,39209.87,43848.26,6679465.56
049312,Columbus Grove Local,687.5202,713.39,6539530.05,9166.84,5319.7,0.4196791,239580.62,0.022961222156,1.46670942,231.9175,190.442,221.5486,0.322243,30306.13,107662.8,49341.861239999998,417078.948246575368,5336185.82,5226170.52,-91675.75,5244510.07,91675.75,417078.95,0,18563.05,0,5771827.82,44688.81,69912.83,49341.86,5935771.32
049320,Continental Local,483.8294,483.8294,5052319.24,10442.36,4726.47,0.5473755,221390.36,0.022579117216,1.46670942,166.4342,128.9414,157.061,0.324621,21803,12821.55,7018.202342025001,331101.256952499971,3036010.42,4851703.97,1513017.43,4549027.85,0,331101.26,0,13063.4,108861.63,5002054.13,25159.13,47244.03,7018.2,5081475.49
049338,Jennings Local,326.7425,342.02,4114891.06,12031.14,5433.56,0.5483752,226988.55,0.024090516375,1.46670942,47.2018,42.9148,46.1301,0.141182,1211.26,27402.9,15027.070768079999,184130.613199999993,2411524.24,2727339.48,263168.84,2674693.08,0,184130.61,0,8822.05,0,2867645.74,16990.61,22912.37,15027.07,2922575.79
049346,Kalida Local,597.2632,601.99,5791624.29,9620.8,6222.32,0.353243,236547.56,0.024873880894,1.46670942,55.8204,38.6559,51.5293,0.086276,505.28,58900.8,26994.236639999999,225239.867200000008,2927051.21,4014272.05,905981.12,3833032.33,0,225239.87,0,16126.11,0,4074398.31,34939.9,29353.56,26994.24,4165686.01
049353,Leipsic Local,641.9585,650.47,6202489.59,9535.4,3838.89,0.5974067,192402.98,0.022085689725,1.46670942,302.4696,205.0869,278.1239,0.433243,68769.52,68775,41086.6457925,224587.440679310326,4164730.78,7381735.68,2680730.18,6845460.96,0,224587.44,0,17332.88,0,7087381.28,37554.57,82845.33,41086.65,7248867.83
049361,Miller City-New Cleveland Local,518.9232,520.54,5429468.47,10430.45,3725.63,0.6428129,158776.6,0.024383198008,1.46670942,68.9524,31.983,59.71,0.115065,1041.43,71859.9,46192.470712710005,306751.497317391331,3376083.99,6191075.21,2345732.18,5721816.17,0,306751.5,0,14010.93,0,6042578.59,30357,12889.52,46192.47,6132017.59
049379,Ottawa-Glandorf Local,1421.6631,1427.79,11832538.31,8287.31,5350.59,0.3543635,223356.07,0.023637205941,1.46670942,354.6595,257.7977,330.4441,0.232435,23517.74,58750.65,26925.422895,604062.672078688513,5767481.69,6493979.87,605390.94,6372872.63,0,604062.67,0,38384.9,0,7015320.2,73926.48,128867.22,26925.42,7245039.33
049387,Ottoville Local,483.4615,485.03,5038015.16,10387.02,5356.62,0.4842969,236453.19,0.023754944833,1.46670942,61.9414,37.271,55.7738,0.115363,977.82,42918.75,20785.417576874999,201454.112930232543,2505803.4,3995115.87,1241044.09,3746847.49,0,201454.11,0,13053.46,0,3961355.06,28282.5,36674.06,20785.42,4047097.03
049395,Pandora-Gilboa Local,499.9459,510.09,5243617.26,10279.79,5628.44,0.4524753,258959.41,0.023148657092,1.46670942,169.7497,124.4507,158.4249,0.316884,20956.5,0,0,501940.304552941176,2793184.45,4162696.83,1141214.66,3934399.11,0,501940.3,0,13498.54,0,4449837.96,0,22677.61,0,4472515.56
049411,Clear Fork Valley Local,1428.7458,1470.5,12048826.16,8193.69,4946.14,0.3963475,221829.36,0.022654642957,1.46670942,511.6861,422.4237,489.3705,0.342518,75630.87,355713.75,163023.61162499999,716228.461699999869,7967245.85,7064764.49,-752037.72,7215208.13,752037.72,716228.46,0,38576.14,0,8722050.45,0,162652.9,163023.61,9047726.96
049429,Crestview Local,834.2079,853.38,7452089.66,8732.44,6522.34,0.2530908,352245.3,0.022082628825,1.46670942,394.7157,314.3683,374.6289,0.449083,99528.86,5932.5,2718.86475,538671.161028846167,6503680.95,3113004.51,-2825450.67,3678230.28,2825450.67,538671.16,285648.06,22523.61,0,7350523.78,0,93490.74,2718.86,7446733.38
049437,Lexington Local,2146.1435,2198.62,17738739.91,8068.12,5635.58,0.3015001,238313.51,0.022920362257,1.46670942,735.4365,549.8266,689.034,0.321057,93562,230330.1,105560.284830000004,871948.589501886745,8014901.68,7924780.48,-75098,7939803.68,75098,871948.59,0,57945.87,0,8944796.14,111599.46,154167.18,105560.28,9316123.07
049445,Lucas Local,393.1689,405.1,4572739.78,11287.93,7941.09,0.2964973,405889.77,0.022220367975,1.46670942,119.464,99.3842,114.444,0.291081,12773.66,79343.25,36363.011474999999,247471.559500000003,2724793.21,1506528.37,-1015180.09,1709613.12,1015180.09,247471.56,0,10615.56,0,2982880.33,20444.78,33717.32,36363.01,3073405.44
049452,Madison Local,2444.1618,2516.86,20702471.8,8225.52,3483.76,0.5764684,185189.2,0.01834771455,1.46670942,1637.714,1376.7851,1572.4818,0.643362,857414.82,220013.85,126831.032087340005,999448.560000000056,15349133.58,19116844.73,3139633.7,18488767.28,0,999448.56,0,65992.37,0,19554208.21,111209.36,334474.2,126831.03,20126722.81
049460,Plymouth-Shiloh Local,595.9164,618.8,5982001.33,9667.1,3954.79,0.5909021,182985.5,0.02105942445,1.46670942,368.3991,277.6856,345.7208,0.58015,153285.34,136433.85,80619.048476085009,285719.289999999979,5133185.53,6633401.96,1250130.35,6383315.88,0,285719.29,0,16089.74,0,6685124.91,30987.65,78956.03,80619.05,6875687.65
049478,Ontario Local,1855.2168,1860.11,15110738.56,8123.57,4843.19,0.4038113,210798.32,0.022792317327,1.46670942,738.1988,604.8721,704.8671,0.379938,134037.79,82061.7,37608.877109999994,583663.681280000019,4252800.17,7830484.21,2981284.11,7234084.28,0,583663.68,0,50090.85,0,7867838.81,96471.27,175539.44,37608.88,8177458.4
049494,Adena Local,1015.367,1060.87,8921804.42,8409.89,4285.47,0.4904247,197588.06,0.022656724981,1.46670942,538.3849,407.176,505.5827,0.497931,165129.66,152180.7,74633.174143290002,590470.505570312496,7912066.99,7527462.09,-320491.26,7591575.73,320491.26,590470.51,187448.62,27414.91,0,8717401.02,0,140949.86,74633.17,8932984.06
049502,Huntington Local,982.4522,1005.17,8497711.46,8454,2316.52,0.725985,104149.53,0.020295300825,1.46670942,959.0779,567.898,861.2829,0.876667,871986.42,91186.2,66199.813406999994,928695.320960000041,12706966.41,12079106.8,-523195.41,12183771,523195.41,928695.32,350532.76,26526.21,0,14012720.7,0,137667.38,66199.81,14216587.9
049510,Paint Valley Local,678.2347,724.47,6595196.57,9103.48,3860.04,0.5759821,186207.27,0.021036905325,1.46670942,661.8059,356.9974,585.6038,0.863423,575103.01,201112.8,115837.372880880022,561097.104275229387,6929705.41,7365417.09,363078.54,7292783.95,0,561097.1,0,18312.34,0,7872193.39,26451.15,69247.39,115837.37,8083729.31
049528,Southeastern Local,891.8021,906.26,7781964.1,8586.9,3659.95,0.5737752,164083.89,0.02239811685,1.46670942,823.7383,401.9928,718.3019,0.80545,613873.32,71143.8,40820.548073760001,701174.27154117648,8943767.97,8709782.59,-194980.02,8748787.95,194980.02,701174.27,5533.43,24078.66,0,9674554.33,40576.99,100790.57,40820.55,9856742.44
049536,Union-Scioto Local,1968.9701,1981.72,16077615.58,8112.96,3541.61,0.5634626,158820.28,0.0222223356,1.46670942,1937.6572,876.4285,1672.3501,0.849353,1589271.87,95628.75,53883.224109750001,715152.182800000068,11619385.16,15050929.79,2859506.14,14478891.3,0,715152.18,0,53162.19,0,15247205.68,89588.14,257302.13,53883.22,15647979.18
049544,Zane Trace Local,1161.4303,1195.62,9835571.32,8226.34,5805.19,0.294317,261350,0.02306402247,1.46670942,1136.9401,490.9493,975.4424,0.839863,906385.8,167214.6,76634.451180000004,990650.651834615506,5326761.02,5043891.67,-235715.03,5091045.99,235715.03,990650.65,0,31358.62,0,6348770.29,0,89800.25,76634.45,6515204.99
049569,Lakota Local,860.4428,880.36,7630916.56,8667.95,5500.01,0.3654774,267624.76,0.022547053903,1.46670942,398.1486,294.4997,372.2364,0.43261,91771.22,89031.6,40803.182280000001,767969.753225196851,4993927.56,4902708.41,-76012.92,4917914.64,76012.92,767969.75,141702.41,23231.96,0,5926831.68,44743.03,77495.11,40803.18,6089873
049577,Woodmore Local,866.134,874.57,7563618.7,8648.39,6349.42,0.2658265,282667.63,0.023313658154,1.46670942,283.0063,180.4484,257.3668,0.297144,29935.12,75891.9,34781.257770000004,860688.904540000018,4095653.14,3641375.33,-378549.7,3717103.44,378549.7,860688.9,0,23385.62,0,4979727.66,39409.09,109409.36,34781.26,5163327.37
049593,Bloom-Vernon Local,734.1928,752.19,6766428.3,8995.64,2829.78,0.6854267,138420.24,0.021143598525,1.46670942,722.5131,346.0032,628.3857,0.855886,606390.89,92894.55,63672.404854485008,1100097.717699999921,7650213.25,9403194.87,1460759.59,9110972.84,0,1100097.72,0,19823.21,0,10230893.76,38178.03,82529.33,63672.4,10415273.52
049601,Clay Local,568.6172,574.34,5660252.64,9855.23,2924.8,0.7032236,147044.33,0.020083007925,1.46670942,387.3031,294.154,364.0158,0.640177,196523.72,20281.8,14262.640410479999,419431.199100000027,4462164.93,7461586.93,2499418.35,6961583.28,0,419431.2,0,15352.67,0,7396367.15,25872.08,67719.18,14262.64,7504221.05
049619,Green Local,466.0509,473.01,4942685.55,10449.43,4632.55,0.5566695,218358.77,0.021766703625,1.46670942,451.2124,261.1805,403.7044,0.866224,399041.89,23269.05,12953.170428975001,342079.109999999986,3852647.14,4809543.28,797381.56,4650028.7,0,342079.11,0,12583.38,0,5004691.18,24234.65,49422.19,12953.17,5091301.2
049627,Minford Local,1112.2199,1148.88,9517355.4,8284.03,3065.59,0.6299398,127691.26,0.022274370225,1.46670942,1095.6121,518.9934,951.4575,0.855458,917236.47,66214.05,41710.865414190004,1059121.095960000064,10505583.33,11667100.21,967892.02,11473475.35,0,1059121.1,0,30029.94,0,12562626.38,0,161661.98,41710.87,12765999.22
049635,Northwest Local,1075.5149,1139.7,9473182.18,8312,2856.29,0.6563658,134930.5,0.0197080515,1.46670942,1053.5014,574.4155,933.73,0.86817,927097.47,206942.4,135829.913929920003,2094096.426108695567,13019901.57,11498929.67,-1267425.88,11752475.69,1267425.88,2094096.43,150404.39,29038.9,0,15293441.29,69908.47,209832.25,135829.91,15709011.91
049643,Valley Local,954.3827,956.83,8168149.79,8536.68,2830.18,0.6684673,118527.47,0.022617010227,1.46670942,442.7056,385.1217,428.3096,0.448782,113637.91,75592.65,50531.214645345004,882300.969999999972,9455388.37,9731984.97,230487.95,9685876.32,0,882300.97,347081.48,25768.33,0,10941027.1,49627.9,73663.09,50531.21,11114849.31
049650,Washington-Nile Local,1062.3765,1121.16,9321542.25,8314.19,2305.7,0.7226798,108845.26,0.019256792175,1.46670942,1036.1828,615.6984,931.0617,0.876395,942047.5,89792.85,64891.478879430004,1241428.073803571519,13835885.49,13010814,-687532.07,13148353.42,687532.07,1241428.07,387677.75,28684.17,0,15493675.47,0,154516.52,64891.48,15713083.47
049668,Wheelersburg Local,1489.2291,1495.42,12130161.99,8111.54,3371.89,0.5843094,145588.84,0.022618884037,1.46670942,607.6732,542.2738,591.3233,0.397067,122813.8,106539.3,62251.914459419997,507110.410000000033,8199185.63,11450244.27,2709107.16,10908292.79,0,507110.41,0,40209.19,0,11455612.39,77439.92,282513.36,62251.91,11877817.59
049684,Seneca East Local,766.0137,775.79,6946744.61,8954.41,5187.83,0.4206406,250297.36,0.022731730163,1.46670942,251.5243,185.3292,234.9755,0.306751,29126.55,0,0,627863.741000000038,4590955.9,5133485.41,452089.84,5043045.74,0,627863.74,0,20682.37,0,5691591.85,49790.89,38649.92,0,5780032.67
049700,Hopewell-Loudon Local,726.0753,729.81,6573989.11,9007.81,7079.47,0.2140743,397699.15,0.022858838215,1.46670942,264.8514,203.7399,249.5735,0.343729,38844.13,0,0,356920.067199999932,3662544.9,2633392.09,-857593.03,2804951.87,857593.03,356920.07,0,19604.03,0,4039069,37755.92,56514.92,0,4133339.84
049718,New Riegel Local,377.4226,385.58,4390952.45,11387.92,3989.08,0.6497089,190291.17,0.022919217165,1.46670942,81.5326,67.1573,77.9388,0.206503,4378.25,0,0,251652.169692307682,2863556.27,3497668.6,528405.81,3391962.08,0,251652.17,0,10190.41,0,3653804.66,22079.22,17091.68,0,3692975.56
049726,Old Fort Local,579.6737,619.18,5883506.96,9502.09,3964.72,0.5827526,197129.63,0.022249883475,1.46670942,254.5207,177.1751,235.1843,0.405719,50998.06,29865.15,17403.993811889999,475394.7763142857,3498011.77,5931904.36,2028162.69,5526174.46,0,475394.78,0,15651.19,0,6017220.43,0,29796.81,17403.99,6064421.23
049759,Anna Local,1072.441,1084.24,9119979.76,8411.4,4774.05,0.4324308,210753.21,0.023781074314,1.46670942,210.8939,185.8369,204.6297,0.190807,9814.13,117614.7,53902.817010000006,365951.70654117642,6055037.74,6382301.36,272708.77,6327746.51,0,365951.71,0,28955.91,0,6722654.13,69708.66,139234.34,53902.82,6985499.95
049767,Botkins Local,588.7034,608.65,5839961.5,9594.94,3238.75,0.6624521,140896.31,0.023355819291,1.46670942,110.655,78.5694,102.6336,0.174338,4109.3,7767.9,5145.86166759,352493.553925000015,3873446.54,6909620.21,2530043.52,6403490.06,0,352493.55,0,15894.99,0,6771878.61,34439.15,48508.92,5145.86,6859972.54
049775,Fairlawn Local,485.5527,501.88,5128206.25,10217.99,3311.2,0.6759449,165402.47,0.022746200302,1.46670942,156.2928,139.8868,152.1913,0.313439,19696.57,33399.45,22576.187890305002,431523.450335714268,3644130.97,5176140.1,1276623.21,4920754.18,0,431523.45,0,13109.92,0,5365387.55,0,83305.09,22576.19,5471268.83
049783,Fort Loramie Local,665.4261,674.18,6243167.09,9260.39,5739.49,0.3802098,246608.04,0.023739850108,1.46670942,48.7921,41.3266,46.9257,0.07052,307.42,84581.7,38763.793109999999,431861.911240000045,4170531.99,4565942.35,329495.45,4500027.44,0,431861.91,0,17966.5,0,4949855.86,43252.69,124295.41,38763.79,5156167.76
049791,Hardin-Houston Local,670.674,695.51,6394987.47,9194.67,4942.73,0.4624351,228949.65,0.022782583808,1.46670942,272.1677,231.9433,262.1116,0.390818,52738.76,92225.7,42648.400802069998,547384.135326315765,4973741.74,5515661.42,451581.67,5425323.41,0,547384.14,0,18108.2,0,5990815.75,43593.81,120578.05,42648.4,6197636.01
049809,Jackson Center Local,476.8539,476.8539,4973829.84,10430.51,4531.52,0.5655514,216865.65,0.023018530085,1.46670942,125.8909,136.6752,128.587,0.269657,12317.28,22902.6,12952.597493640002,223650.841365957458,3096014.12,4653280.77,1297670.3,4393684.42,0,223650.84,0,12875.06,0,4630210.32,30995.51,98484.71,12952.6,4772643.14
049817,Russia Local,401.699,405.37,4519216,11148.37,4468.25,0.5992013,182272.68,0.023918228177,1.46670942,32.8052,30.78,32.2989,0.080406,275.08,18410.7,11031.715373910001,140032.671200000012,2632058.28,3356325.1,603531.54,3235589.82,0,140032.67,0,10845.87,0,3386468.37,26110.44,61788.1,11031.72,3485398.62
049833,Canton Local,1610.4474,1632.19,13502132.5,8272.4,5424.04,0.3443208,318293.21,0.0199857159,1.46670942,1591.085,848.3752,1405.4076,0.872681,1409963.58,171977.4,78817.242419999995,766466.423499999917,8179158.8,7825867.96,-294397.25,7884761.55,294397.25,766466.42,23317.63,43482.08,0,9012424.92,83743.26,173658.99,78817.24,9348644.41
049841,Fairless Local,1229.4131,1247.74,10222406.33,8192.74,6552.74,0.2001773,357469.67,0.020871837,1.46670942,552.8834,400.1009,514.6877,0.418645,118831.12,232929.9,106751.77317,676088.096153846011,7554963.07,2546032.8,-4173941.59,3381021.48,4173941.59,676088.1,180497.37,33194.15,0,8444742.69,0,112379.97,106751.77,8663874.44
049858,Jackson Local,5721.0423,5807.24,47381125.92,8158.97,8239.04,0.1000003,354165.89,0.023812304828,1.46670942,914.4782,991.0051,933.6099,0.163189,32752.3,959501.55,439739.560364999983,1810607.399999999907,5470126.69,5595375.38,104369.74,5574496.43,0,1810607.4,0,154468.14,0,7539571.97,334680.97,449455.19,439739.56,8763447.69
049866,Lake Local,3285.7336,3286.49,26911153.41,8188.42,5207.21,0.3640764,214406.57,0.023575473686,1.46670942,736.6934,586.2158,699.074,0.21276,41686.72,691258.05,316803.564315000025,1060933.439999999944,15009705.04,14774867.59,-195690.05,14814014.99,195690.05,1060933.44,213070.84,88714.81,0,16372424.13,192215.42,270170.51,316803.56,17151613.62
049874,Louisville City,2663.2618,2663.2618,21602185.94,8111.18,4676.77,0.4234158,201096.66,0.022724963587,1.46670942,2625.7228,784.9938,2165.5405,0.813116,1886105.11,349363.35,160113.223305000021,812719.510000000009,13383716.49,15618926.29,1862600.33,15246316.82,0,812719.51,0,71908.07,0,16130944.4,138489.61,315639.08,160113.22,16745186.31
049882,Marlington Local,1837.5575,1859.13,15183183.36,8166.82,6236.49,0.2363624,307667.09,0.02229754545,1.46670942,1825.8351,602.3141,1519.9549,0.82716,1369948.68,497347.2,227934.221759999986,1037545.734846153879,9101753.68,5554706.38,-2955754.52,6145999.16,2955754.52,1037545.73,261529.76,49614.05,0,10450443.23,0,208439.97,227934.22,10886817.42
049890,Minerva Local,1623.9406,1661.21,13422666.11,8080.05,3911.85,0.5158629,196978.39,0.020741312925,1.46670942,1589.8148,613.2083,1345.6632,0.828641,1217205.09,172651.5,89064.503479350009,950832.278600000078,10617336.86,11533138.59,763137.58,11380474.44,0,950832.28,0,43846.39,0,12375153.12,84444.91,179587.65,89064.5,12728250.18
049908,Northwest Local,1627.8269,1676.73,13549299.88,8080.79,6099.63,0.2451692,269755.84,0.023063918391,1.46670942,550.3838,434.6286,521.445,0.320332,70486.14,335953.8,153967.626539999997,680405.280000000028,8279286.29,4232627.51,-3372080.76,4907205.53,3372080.76,680405.28,0,43951.33,0,9003642.9,84647,122684.83,153967.63,9364942.35
049916,Osnaburg Local,844.6498,852.54,7503428.44,8801.26,4117.49,0.5321702,183105.84,0.022518269826,1.46670942,832.0762,320.535,704.1909,0.833708,644782.04,210594.3,112072.010749860012,444480.957000000053,5551084.66,7832389.84,1901011.6,7452096.26,0,444480.96,0,22805.54,0,7919382.77,38431.57,123367.05,112072.01,8193253.39
049924,Perry Local,3966.9372,4063.04,33686760.8,8291.02,4821.09,0.4185165,229094.63,0.021651483825,1.46670942,1635.9814,1363.807,1567.9378,0.395251,322677.99,461550.6,211528.639980000007,1566207.35999999987,18993782.44,19912844.55,765854.46,19759636.9,0,1566207.36,0,107107.3,0,21432951.56,206280.73,541874.98,211528.64,22392635.92
049932,Plain Local,5671.9408,5761.09,47276372.49,8206.15,5756.96,0.2984591,255679.17,0.022250757825,1.46670942,2831.0032,2119.3929,2653.1006,0.467759,764702.63,611258.55,280139.793464999995,1965896.639999999898,19414083.67,20474960.45,884028.62,20298112.29,0,1965896.64,277469.35,153142.4,0,22694620.68,258073.31,632531.37,280139.79,23865365.16
049940,Sandy Valley Local,1208.2733,1233.74,10195800.28,8264.14,4108.2,0.5028884,220569.34,0.02056378275,1.46670942,1187.4275,486.646,1012.2322,0.837751,935846.46,366364.95,184240.683521580009,913387.876493150718,9363127.07,9205333.66,-131489.25,9231637.82,131489.25,913387.88,63391.45,32623.38,0,10372529.78,54976.43,142771.38,184240.68,10754518.28
049957,Tuslaw Local,1270.6874,1270.6874,10393882.07,8179.73,6170.53,0.2456315,268724.68,0.023212263157,1.46670942,370.0845,294.7045,351.2395,0.276417,35353.09,99379.35,45545.556105000003,533578.643039999995,5357952.41,3377967.64,-1649921.31,3708031.1,1649921.31,533578.64,0,34308.56,0,5925839.61,74335.21,100061.54,45545.56,6145781.92
049973,Woodridge Local,1839.7713,1848.22,15003427.44,8117.77,9073.81,0.1000004,376749.17,0.022815844278,1.46670942,1014.5886,843.8495,971.9038,0.528274,357302.72,486071.25,222766.453875000007,753259.965575609822,1584251.7,2197832.51,511296.89,2095548.59,0,753259.97,0,49673.83,0,2898482.38,95668.11,92797.6,222766.45,3309714.54
049981,Copley-Fairlawn City,2620.7966,2653.77,21569605.28,8127.91,10032.49,0.1,425736.72,0.0244153654,1.46670942,620.4883,514.5625,594.0069,0.226651,40197.71,444729.6,203819.575680000009,871927.869999999995,983525.34,2604889.29,1351082.58,2334607.92,0,871927.87,0,70761.51,0,3277297.3,136281.42,148979.29,203819.58,3766377.58
049999,Coventry Local,1398.1158,1419.22,11520907.2,8117.77,6681.24,0.1769623,325291.6,0.022046117175,1.46670942,823.3155,633.8252,775.9429,0.554992,314845.72,388440.15,178022.120744999993,476230.900000000023,5980745.57,2740062.97,-2700460.81,3280284.76,2700460.81,476230.9,0,37749.13,0,6494725.6,0,47543.78,178022.12,6720291.5
050005,Manchester Local,1173.8298,1210.08,9937939.05,8212.63,5975.16,0.2724426,262453.36,0.023324588777,1.46670942,416.9387,299.6224,387.6097,0.330209,55675.86,325559.85,149204.079255000019,409032.700000000012,4993015.36,3565042.08,-1189930.13,3803085.23,1189930.13,409032.7,0,31693.4,0,5433741.46,61039.15,82699.6,149204.08,5726684.29
050013,Green Local,3742.4045,3772.21,30712256.45,8141.71,6936.36,0.1480462,300380.89,0.023598896504,1.46670942,931.2718,821.1502,903.7414,0.241487,69426.65,427552.65,195947.379495000001,1490632.199999999953,10492647.67,5417424.49,-4229183.47,6263464.2,4229183.47,1490632.2,0,101044.92,0,12084324.79,243256.29,237097.67,195947.38,12760626.13
050021,Hudson City,4225.0696,4278.88,34810716.62,8135.47,9943.9,0.1000003,356368.13,0.025,1.46670942,336.073,263.216,317.8587,0.075232,2369.92,981012.9,449598.212070000009,1714123.069999999832,9428296.36,4111531.92,-4430459.81,4997836.55,4430459.81,1714123.07,0,114076.88,0,11256496.31,274629.52,200259.8,449598.21,12180983.84
050039,Mogadore Local,661.2018,720.38,6581735.07,9136.48,3734.36,0.5912684,170825.6,0.022302792675,1.46670942,241.247,204.8625,232.1508,0.351104,37699.57,119940.45,70916.997966780007,86243.331200000001,4947197.84,6829378.11,1568420.82,6515618.66,0,86243.33,0,17852.45,0,6619714.44,0,57411.89,70917,6748043.33
050047,Nordonia Hills City,3155.1313,3203.21,25882591.66,8080.2,10262.05,0.1,428825.86,0.02402852384,1.46670942,448.0095,738.0113,520.51,0.164973,18661.62,934795.05,428416.571415000013,1476657,3323457.27,3041249.49,-235163.74,3088293.53,235163.74,1476657,0,85188.54,0,4885302.81,164066.83,133377.4,428416.57,5611163.61
050054,Revere Local,2711.3419,2711.3419,21900298.5,8077.29,13328.41,0.1000001,513610.87,0.025,1.46670942,244.0091,218.3456,237.5932,0.087629,2403.39,554392.65,254078.151494999998,1204591.310000000056,1118606.71,2529833.89,1175975.61,2294582.32,0,1204591.31,0,73206.23,0,3572379.86,176237.22,137131.57,254078.15,4139826.8
050062,Springfield Local,1597.4238,1642.53,13291719.81,8092.22,6538.81,0.1919633,328851.44,0.02082373785,1.46670942,971.6314,882.1019,949.249,0.594237,441564.44,645734.25,295940.006775000016,580353.400000000023,7630771.08,3505447.48,-3437632.16,4193138.92,3437632.16,580353.4,189665.78,43130.44,0,8443920.71,83066.04,155887.77,295940.01,8978814.53
050070,Twinsburg City,3605.6141,3693.99,30061791.13,8138.03,7820.33,0.1,337682.75,0.024179054764,1.46670942,931.0951,747.3218,885.1518,0.245493,70273.33,337145.55,154513.805564999988,1698099.429999999935,4502560.4,3509018.47,-827918.49,3674641.91,827918.49,1698099.43,0,97351.58,0,6298011.41,210928.42,333168.32,154513.81,6996621.95
050096,Bloomfield-Mespo Local,191.8797,196.82,3214048.78,16329.89,8581.99,0.4744613,434365.09,0.020206535625,1.46670942,128.514,96.9662,120.627,0.62866,62801.62,0,0,261192.425964705879,1422521.23,1715712.78,244316.52,1666837.75,0,261192.43,0,5180.75,0,1933210.93,7483.31,1937.03,0,1942631.27
050112,Bristol Local,423.3769,450.92,4801118.22,10647.38,6758.36,0.3652559,301420.42,0.0216875583,1.46670942,226.6657,198.9351,219.733,0.519001,77969.78,0,0,346398.009100000025,3186394.57,2268089.07,-765223.98,2421170.59,765223.98,346398.01,200037.98,11431.18,0,3744261.74,19263.65,35860.48,0,3799385.87
050120,Brookfield Local,962.1874,972.89,8272913.27,8503.44,3498.48,0.5885805,177444.89,0.018703212525,1.46670942,955.2185,489.0534,838.6772,0.871636,839382.11,282849,166479.405844499997,465017.549919999961,5265273.04,9011474.05,3121709.3,8386982.34,0,465017.55,0,25979.06,0,8877978.95,43779.53,111488.09,166479.41,9199725.97
050138,Champion Local,1147.2856,1201.4,9867555,8213.38,4465.12,0.4563602,196990.51,0.021723632775,1.46670942,476.5194,383.6089,453.2918,0.395099,93214.66,0,0,459587.330000000016,6591657.75,7005855.66,345151.11,6936808.86,0,459587.33,0,30976.71,0,7427372.91,67116.21,95903.77,0,7590392.89
050153,Mathews Local,581.5661,595.19,5830564.56,9796.14,8434.18,0.1390303,362685.49,0.022836352275,1.46670942,238.7083,232.2916,237.1042,0.407699,51917.41,0,0,431313.019453061162,1752718.81,1890161.22,114530.76,1867249.57,0,431313.02,0,15702.28,0,2314264.88,26461.26,33680.61,0,2374406.75
050161,Howland Local,2209.3547,2279.89,18492576.69,8111.17,7231.03,0.1085096,319640.2,0.022522277727,1.46670942,983.4553,771.0051,930.3427,0.421093,217316.94,153148.8,70188.09504,974340.599999999977,5366365.8,2490440.84,-2396508.27,2969857.53,2396508.27,974340.6,0,59652.58,0,6400358.98,114886.44,162249.47,70188.1,6747682.99
050179,Joseph Badger Local,551.538,588.13,5725374.39,9734.88,6204.59,0.3626434,294940.63,0.02159463915,1.46670942,538.932,224.9255,460.4304,0.834812,422703.58,77775.6,35644.557480000003,799842.679101886926,3807577.53,3973921.16,138614.15,3946191.68,0,799842.68,0,14891.53,0,4760925.89,28679.98,37729.32,35644.56,4862979.74
050187,Lakeview Local,1451.626,1489.76,12085335.68,8112.27,5984.95,0.2622349,253360.7,0.02277415158,1.46670942,416.3004,349.6899,399.6478,0.27531,39903.96,214039.35,98094.234104999996,472724.900000000023,5552138.74,4277136.03,-1062459.76,4489678.98,1062459.76,472724.9,0,39193.9,0,6064057.54,75484.55,125446.45,98094.23,6363082.78
050195,Liberty Local,1061.8418,1130.07,9405446.61,8322.89,5693.55,0.3159168,264816.26,0.020386908225,1.46670942,801.2702,691.7083,773.8797,0.728809,541496.29,62103.3,28461.94239,379832.820000000007,3660440.9,4685605.97,854270.05,4514710.95,0,379832.82,0,28669.73,0,4923213.5,0,125374.96,28461.94,5077050.4
050203,Lordstown Local,382.0627,398.2,4469795.79,11225,8480.32,0.2445149,479175.31,0.022039995375,1.46670942,288.6273,168.1273,258.5023,0.676597,155890.32,0,0,142204.576000000001,1084076.89,1459731.28,313032.8,1397109.69,0,142204.58,0,10315.69,0,1549629.96,17383.85,26098.53,0,1593112.35
050211,Maplewood Local,604.6585,609.42,5815022.01,9541.9,4716.5,0.5057066,222585.17,0.021747026475,1.46670942,593.7212,206.5539,496.9294,0.821835,442138.67,0,0,554161.412200000021,4344648.33,6101284.37,1463804.82,5808453.15,0,554161.41,0,16325.78,0,6378940.34,35372.52,33657.37,0,6447970.22
050229,McDonald Local,698.4062,709.05,6444942.36,9089.55,2493.5,0.7256743,102355.48,0.020980935225,1.46670942,296.7392,248.9245,284.7855,0.407765,62378.13,0,0,91598.199999999997,6418281.28,8672411.25,1878366.5,8296647.78,0,91598.2,0,18856.97,0,8407102.95,40856.76,24928.05,0,8472887.76
050237,Southington Local,414.8786,414.8786,4633153.23,11167.49,4970.18,0.5549419,222388.85,0.022029719625,1.46670942,209.9479,180.1766,202.5051,0.488107,63556.59,0,0,279024.784576923063,3543263.39,3622493.63,66022.56,3609285.95,0,279024.78,0,11201.72,0,3899512.46,18876.97,25111.74,0,3943501.17
050245,LaBrae Local,991.5504,997.74,8501598.73,8520.86,2829.82,0.6678953,147044.6,0.018918785025,1.46670942,680.5662,515.1151,639.2034,0.64465,349930.38,0,0,602124.051399999997,7838892.79,9945787.89,1755675.69,9594568.48,0,602124.05,0,26771.86,0,10223464.39,0,150113.37,0,10373577.77
050252,Weathersfield Local,866.8328,882.75,7582061.74,8589.14,3039.73,0.6460963,147813.9,0.020117770425,1.46670942,414.2974,366.51,402.3506,0.464162,114192.7,133152.6,86029.402195379997,303148.299999999988,5790765,8529453.43,2282149.07,8072914.07,0,303148.3,0,23404.49,0,8399466.85,50709.72,114523.44,86029.4,8650729.42
050278,Garaway Local,1059.3624,1066.04,9057644.02,8496.53,7648.84,0.1,339639.64,0.022880387276,1.46670942,342.7121,186.0493,303.5464,0.286537,32830.77,80139.15,36727.772445000002,965642.590282568824,4076174.71,1049737.99,-2521929.72,1554244.99,2521929.72,965642.59,0,28602.78,0,5070420.09,55086.84,83202.44,36727.77,5245437.14
050286,Indian Valley Local,1576.5639,1652.81,13475696.85,8153.2,3552.11,0.5643291,180350.58,0.021155404725,1.46670942,1544.8598,497.4684,1283.012,0.813803,1119344.68,164353.35,92749.378087485005,1287979.470419199904,11620586.2,11917636.9,247532.35,11868118.55,0,1287979.47,449439.34,42567.23,0,13648104.58,92228.99,173754.86,92749.38,14006837.81
050294,Strasburg-Franklin Local,482.9648,513.48,5202460.75,10131.77,6834.59,0.3254298,311062.94,0.022627003972,1.46670942,155.2927,109.9451,143.9558,0.298067,16848.12,34197.45,15672.691335000001,210664.6201,2596457.42,2540820.18,-46362.51,2550094.91,46362.51,210664.62,141467.4,13040.05,0,2961629.49,0,34887.25,15672.69,3012189.43
050302,Tuscarawas Valley Local,1205.0904,1223.85,10054714.24,8215.64,7894.09,0.1,390976,0.023053612353,1.46670942,1185.5344,337.2438,973.4618,0.807791,836780.36,141790.95,64982.792385000001,600729.810000000056,5103036.11,1949155.79,-2628128.47,2474907.64,2628128.47,600729.81,0,32537.44,0,5736303.36,70497.79,88095.65,64982.79,5959879.6
050328,Fairbanks Local,1037.9943,1043.3,8758579.5,8395.07,8238.16,0.1000003,374235.26,0.024467416203,1.46670942,176.7914,143.1879,168.3906,0.162227,5837.93,116409.3,53350.382189999997,905732.152389473747,2385996.16,1020074.42,-1138222.59,1247773.57,1138222.59,905732.15,0,28025.85,0,3319754.16,60722.67,45791.53,53350.38,3479618.74
050336,North Union Local School District,1312.7802,1345.6,11072097.34,8228.37,4997.65,0.3926317,243509.51,0.022962211101,1.46670942,539.5936,408.4047,506.7963,0.386048,99497.15,104208.3,47758.663889999996,792898.753342499956,7931814.36,6331439.63,-1333592.26,6598222.1,1333592.26,792898.75,324405.85,35445.07,0,9084564.02,0,125226.57,47758.66,9257549.26
050351,Crestview Local,840.1601,840.1601,7416366.41,8827.33,4805.98,0.455557,238497.84,0.022916614636,1.46670942,302.6364,202.223,277.5331,0.330334,39894.76,101910.9,46705.765470000006,489836.143018750008,4403952.54,6110499.2,1422065.33,5826017.87,0,489836.14,0,22684.32,0,6338538.34,43688.32,78364.49,46705.77,6507296.92
050369,Lincolnview Local,811.3036,819.82,7165050.67,8739.79,5040.93,0.4232209,260949,0.022807620264,1.46670942,293.6368,223.173,276.0209,0.340219,42087.55,106844.85,48966.994755,482444.539005517261,4449858.73,5360674.88,758983.1,5208841.83,0,482444.54,0,21905.2,0,5713191.57,42187.79,82140.02,48966.99,5886486.37
050393,Vinton County Local,1549.5534,1593.87,13017758.64,8167.39,4989.25,0.3891255,321013.11,0.01947651885,1.46670942,1524.9742,874.2083,1362.2827,0.879145,1387020.36,349169.1,160024.198530000023,1906250.360000000102,14689207.14,8389036.23,-5249932.42,9439274.72,5249932.42,1906250.36,810821.85,41837.94,0,17448117.3,0,136891.11,160024.2,17745032.61
050419,Carlisle Local,1447.421,1469.16,11912170.27,8108.15,4210.32,0.4807299,171588.84,0.022712159045,1.46670942,589.3501,469.2572,559.3269,0.38643,110027.67,627701.55,301754.903361345001,591413.839999999967,8169753.23,9251894.94,901748.69,9071501.92,0,591413.84,0,39080.37,0,9701996.13,0,189673.68,301754.9,10193424.71
050427,Springboro Community City,5670.8723,5674.89,45883901.08,8085.43,8214.19,0.1,318083.62,0.025,1.46670942,798.8517,610.2443,751.6999,0.132555,17399.28,968746.8,443976.658440000028,2686315.439999999944,12979783.5,5362222.45,-6347713.62,6632069.88,6347713.62,2686315.44,0,153113.55,0,15819212.49,331746.03,303113.44,443976.66,16898048.62
050435,Kings Local,4750.0436,4750.0436,38742267.98,8156.19,6869.06,0.1578114,279497.93,0.024215282124,1.46670942,1181.6334,850.9797,1098.97,0.23136,77492.01,2649871.35,1214436.039705000119,1885047.280000000028,7930429.93,7597100.93,-277763.06,7652666.87,277763.06,1885047.28,0,128251.18,1068759.82,11012488.21,247002.27,361215.93,1214436.04,12835142.45
050443,Little Miami Local,5279.8694,5279.8694,42806345.07,8107.46,7532.96,0.1000005,297208.75,0.024962731629,1.46670942,1372.2247,1015.4409,1283.0288,0.243004,99806.26,1442524.65,661109.047095000045,4163950.529999999795,9487421.66,5481814.14,-3337872.74,6149548.92,3337872.74,4163950.53,0,142556.47,1187970.62,14981899.28,274553.21,236040.33,661109.05,16153601.86
050450,Mason City,9648.6057,9697.22,77345818.74,7976.08,7721.16,0.1000002,298692.15,0.025,1.46670942,1711.682,1180.7488,1578.9487,0.163645,55701.65,1699019.7,778660.728510000044,4361405.099999999627,31359922.81,9227197.84,-18443199.72,12916723.09,18443199.72,4361405.1,0,260512.35,0,35981840.27,627159.37,526636.17,778660.73,37914296.53
050468,Wayne Local,1406.6808,1454.3,11758375.79,8085.25,7050.1,0.1280295,295949.76,0.024297314162,1.46670942,260.1965,207.8436,247.1083,0.175668,10045.4,133884.45,61359.243435000004,642841.451456000097,4088138.45,1649648.21,-2031993.92,2056144.53,2031993.92,642841.45,0,37980.38,0,4768960.29,91434.25,119956.63,61359.24,5041710.41
050484,Fort Frye Local,882.2054,904.17,7945612.21,8787.74,4779.3,0.4561411,304334.75,0.019065050775,1.46670942,429.0665,382.2892,417.3722,0.473101,123062.52,169873.2,77852.887560000003,1016493.424658823526,3919846.22,5522107.05,1335163.95,5255010.17,0,1016493.42,0,23819.55,0,6295323.14,51609.02,127845.34,77852.89,6552630.38
050492,Frontier Local,538.2361,538.2361,5504548.28,10227.01,4120.35,0.5971117,196853.64,0.0204293232,1.46670942,522.004,251.4651,454.3693,0.844182,426555.63,0,0,673322.138343558414,4814801.24,6411586.13,1330600.85,6145402.09,0,673322.14,0,14532.37,0,6833256.6,0,98809.75,0,6932066.36
050500,Warren Local,2002.7411,2006.23,16379672.62,8164.4,4784.31,0.4140033,210144.29,0.022692379768,1.46670942,1977.3073,620.6626,1638.1461,0.817952,1443786.03,327808.95,150234.841784999997,2082386.180489795748,10428575.73,11517055.83,907030.47,11335606.2,0,2082386.18,0,54074.01,0,13472066.39,104142.53,190122.59,150234.84,13916566.36
050518,Wolf Creek Local,597.4913,597.4913,5808795.87,9721.98,6961.99,0.2838909,400487.72,0.022592754502,1.46670942,224.1207,166.7824,209.7861,0.351112,34069.26,111167.7,50948.156910000005,339531.508962162188,2098806.68,3285220.74,988638.84,3087445.52,0,339531.51,0,16132.26,0,3443109.29,0,74149.31,50948.16,3568206.75
050534,Chippewa Local,1097.2094,1144.79,9532166.98,8326.56,6424.87,0.2283895,300576.02,0.022937226712,1.46670942,426.9828,312.0925,398.2602,0.362976,69122.16,198289.35,90876.009105000005,346585.575200000021,4812593.1,2660976.04,-1792942.5,3019650.6,1792942.5,346585.58,0,29624.65,0,5188803.33,64186.75,41788.63,90876.01,5385654.72
050542,Dalton Local,856.3974,876.26,7580004.5,8650.41,6072.35,0.2980276,280976.62,0.022862898182,1.46670942,258.6415,166.8058,235.6826,0.275202,23513.93,97587,44724.122100000001,395309.881525581412,3173686.3,3541864.09,306802.55,3480488.85,0,395309.88,0,23122.73,0,3898921.46,44532.66,47227.19,44724.12,4035405.43
050559,Green Local,1018.2944,1024.15,8652031.89,8448.01,4954.51,0.4135292,219617.67,0.022857797203,1.46670942,361.7239,273.4146,339.6466,0.333545,49777.23,69246.45,31735.648034999998,570293.284773584921,5119801.33,5670238.27,458679.1,5578480.43,0,570293.28,54488.84,27493.95,0,6230756.5,66189.13,59471.3,31735.65,6388152.59
050567,Norwayne Local,1223.9704,1261.82,10315096.14,8174.78,4375.31,0.4647785,200934.54,0.022572871145,1.46670942,396.5054,319.655,377.2928,0.308253,47226.71,106977.15,49720.679311275002,831922.634263013722,6068485.9,7643316.5,1312306.34,7380792.24,0,831922.63,0,33047.2,0,8245762.08,71602.27,36350.66,49720.68,8403435.69
050575,Northwestern Local,1172.1558,1191.12,9907538.66,8317.83,3977.31,0.521833,199802.09,0.02129598585,1.46670942,499.311,392.4908,472.6059,0.403194,101209.63,50605.8,26407.776431400001,919000.280999999959,7498908.12,8111406.36,510394.78,8009302.9,0,919000.28,0,31648.21,0,8959951.39,0,80025.8,26407.78,9066384.96
050583,Southeast Local,976.3671,1104.16,9209574.77,8340.8,11377.9,0.1,586115.39,0.022301480925,1.46670942,382.3409,313.0119,365.0086,0.373844,67201.43,303497.25,139092.789675000007,1081663.136981355958,4762372.85,1042962.88,-3099384.33,1662988.52,3099384.33,1081663.14,110388.8,26361.91,0,5980786.7,44424.7,90175.77,139092.79,6254479.97
050591,Triway Local,1376.915,1402.26,11476266.71,8184.12,7530.33,0.1,385609.35,0.022576254407,1.46670942,1239.9951,434.0564,1038.5104,0.75423,778239.06,115359.3,52869.16719,932067.535222680424,6021881.48,2104905.5,-3264016.08,2757865.4,3264016.08,932067.54,413988.1,37176.7,0,7405113.82,71599.58,96398.38,52869.17,7625980.95
050617,Edgerton Local,504.4816,506.15,5149948.72,10174.75,4732.19,0.5349086,221993.03,0.021601416825,1.46670942,497.2093,166.6088,414.5592,0.821753,368776.87,51776.55,27695.72187333,177559.820000000007,3666068.96,5095412.62,1191072.08,4857141.04,0,177559.82,0,13621,0,5048321.86,26233.04,74985.53,27695.72,5177236.15
050625,Edon Northwest Local,484.1507,490.14,5076523.57,10357.29,4052.96,0.6086851,207831.23,0.021168303975,1.46670942,195.062,156.5928,185.4447,0.383031,35840.73,0,0,466069.316822784836,3465847.73,5088384.17,1352059.61,4817907.34,0,466069.32,0,13072.07,0,5297048.73,22028.86,64190.33,0,5383267.91
050633,Millcreek-West Unity Local,502.3391,505.86,5193593.78,10266.86,3496.23,0.6594645,179446.74,0.0199087569,1.46670942,249.0066,189.3255,234.0863,0.465993,66962.14,103077.45,67975.919025525,236088.580799999996,3902591.06,5923770.55,1684248.87,5586839.93,0,236088.58,0,13563.16,0,5836491.67,26121.63,70825.97,67975.92,6001415.19
050641,North Central Local,482.326,517.4,5254864.86,10156.29,5002.31,0.5074668,263554.23,0.020710266975,1.46670942,191.9235,193.0962,192.2166,0.39852,40214.79,78927.45,40053.060483659996,365425.586085714283,3269042.67,4128147.23,715891.83,3984934.5,0,365425.59,0,13022.8,0,4363382.88,0,44661.1,40053.06,4448097.04
050658,Stryker Local,335.0987,344.48,4150143.62,12047.56,5530.86,0.5409145,278475.44,0.021454932375,1.46670942,186.8672,110.9287,167.8826,0.500994,55509.23,139245.75,75320.045238374994,161882.770352941181,2817648.27,2964943.68,122741.27,2940389.54,0,161882.77,53545.75,9047.67,0,3164865.72,15246.99,56698.41,75320.05,3312131.17
050674,Eastwood Local,1412.1194,1412.1194,11504065.01,8146.67,6188.5,0.2403646,302942.32,0.023238392692,1.46670942,428.0097,289.7151,393.436,0.278614,40232.27,183725.85,84201.557054999997,1098738.745885714423,5855741.57,3449341.93,-2005252.82,3850488.75,2005252.82,1098738.75,0,38127.22,0,6992607.54,82608.99,96073.26,84201.56,7255491.34
050682,Elmwood Local,1051.4539,1082.47,9078871.11,8387.18,5606.76,0.3315083,304700.13,0.022416700725,1.46670942,399.645,291.5484,372.6208,0.354386,61647.41,142091.25,65120.419875,1113670.763255357044,6403845.11,4780318.07,-1352885.09,5050960.02,1352885.09,1113670.76,0,28389.25,0,7545905.13,0,151962.23,65120.42,7762987.78
050690,Lake Local,1492.3906,1492.82,12100471.96,8105.78,5190.4,0.3596668,230125.5,0.022593170928,1.46670942,639.9525,501.3975,605.3138,0.4056,131181.02,146583.15,67179.057644999993,520118.247102702677,5528855.25,6224026.01,579285.8,6108141.05,0,520118.25,0,40294.55,0,6668553.84,67903.77,135497.8,67179.06,6939134.47
050708,North Baltimore Local,589.394,589.394,5755550.81,9765.2,4714.36,0.5172285,288850.23,0.019735599375,1.46670942,580.379,232.4819,493.4047,0.837139,455504.84,172427.85,89184.598213724996,226211.424086486455,3809337.64,6078923.55,1891245.94,5700583.58,0,226211.42,0,15913.64,0,5942708.64,22986.37,132467.82,89184.6,6187347.43
050716,Northwood Local Schools,823.8391,837.9,7323149.72,8739.89,4046.64,0.5369922,184803.01,0.022505517405,1.46670942,488.9742,346.9702,453.4732,0.550439,180994.16,27484.8,14759.123218560002,306729.900000000023,4470993.61,7325654.47,2378788.9,6849782.51,0,306729.9,0,22243.65,0,7178756.06,53549.54,91118.11,14759.12,7338182.83
050724,Otsego Local,1455.5384,1455.9,11813161.75,8113.99,5714.92,0.2956707,245958.84,0.023558609231,1.46670942,431.1826,315.177,402.1812,0.276311,40449.46,95671.8,43846.38594,1202486.339717647061,4964792.08,4729004.23,-196482.02,4768310.06,196482.02,1202486.34,0,39299.54,0,6206577.96,75688,161028.59,43846.39,6487140.93
050740,Mohawk Local,742.2344,745.22,6709545.91,9003.44,7095.03,0.2119645,359031.8,0.022785238404,1.46670942,228.5462,200.6983,221.5842,0.298537,26015.35,28747.95,13175.185485,582636.362787401536,4391883.03,2615084.07,-1480606.58,2911276.45,1480606.58,582636.36,0,20040.33,0,4994559.73,38596.19,88920.69,13175.19,5135251.79
061903,Adams County Ohio Valley Local,3212.5597,3272.74,26870719.85,8210.47,2942.25,0.6416469,161847.11,0.018736663275,1.46670942,3208.8856,1793.0439,2854.9252,0.888676,2970134.99,588234.15,377438.618821635027,3055230.531732238363,26996271.26,29047295.05,1709118.13,28705389.39,0,3055230.53,0,86739.11,0,31847359.03,125289.83,365601.99,377438.62,32715689.47
064964,College Corner Local,115.432,123.02,2681180.24,21794.67,2593.75,0.8809916,135658.54,0.01949991255,1.46670942,47.975,47.975,47.975,0.415612,10916.55,0,0,0,625737.3,2644486.15,1682223.41,2307960.71,0,0,0,3116.66,0,2311077.38,0,0,0,2311077.38
065680,Gallia County Local,1876.8158,1959.25,16149486.75,8242.69,4913.4,0.4039083,321436.31,0.019098938925,1.46670942,1844.5675,999.8277,1633.3825,0.870295,1629729.18,48021.75,22008.368025,3247389.281702618115,9660903.38,9957330.98,247013.12,9907916.5,0,3247389.28,0,50674.03,0,13205979.81,0,100815.25,22008.37,13328803.42
069682,East Guernsey Local,914.2444,944.32,8075756.16,8551.93,6936.89,0.188851,360638.82,0.022554028747,1.46670942,465.5506,369.2145,441.4666,0.482876,135601.23,0,0,1105239.008095397381,6143131.23,2342684.44,-3166912.31,2976218.92,3166912.31,1105239.01,0,24684.6,0,7273054.84,47540.71,49290.44,0,7369885.98
091397,Tri-County North Local,666.2155,693.33,6416932.54,9255.24,5741.13,0.3796889,264828.76,0.022676296045,1.46670942,328.0236,244.7961,307.2168,0.461137,86059.62,7800.45,3574.946235,450853.763244827569,3907238.59,4583733.13,563722.9,4470961.49,0,450853.76,0,17987.82,0,4939803.07,30312.81,60739.12,3574.95,5034429.94
139303,Monroe Local,2694.5528,2694.5528,21819297.58,8097.56,4471.51,0.4477955,190382.89,0.023622839882,1.46670942,1011.2948,758.3425,948.0567,0.351842,154605.25,162382.5,74419.899749999997,1135936.070000000065,6168404.54,15197859.71,7524245,13692649.54,0,1135936.07,0,72752.93,0,14901338.53,157631.34,196361.26,74419.9,15329751.03
